type	phastCons
high	0.09526439358281942
high	0.2060480790384192
high	0.1255410016742752
high	0.13456703
high	0.16155463452211744
high	0.23033295332953327
high	0.10766797316348876
high	0.10194748530782849
high	0.09410433912216606
high	0.08459874135280554
high	0.06325347086478415
high	0.04690851602023608
high	0.16018317999999995
high	0.11778134054193956
high	0.17887307
high	0.14302431816347938
high	0.13461830000000002
high	0.08575875
high	0.17755557752359463
high	0.07085296764388273
high	0.07607665
high	0.08936351256592921
high	0.12174863001731338
high	0.1480463423510858
high	0.13370368160210377
high	0.07612921325595973
high	0.07423054769452306
high	0.08402377026103044
high	0.1008597958090763
high	0.09903236586981393
high	0.2748336116471847
high	0.15471859311558694
high	0.12251379175580054
high	0.11423858
high	0.09066151707863371
high	0.12427500521019406
high	0.12748886978064267
high	0.12609797637923753
high	0.10430287930237699
high	0.18812895900442167
high	0.10662222000000002
high	0.15499254007459923
high	0.05033826999999999
high	0.07043412000000002
high	0.11827117724482313
high	0.06861408999999999
high	0.13250203738478342
high	0.10947205472054718
high	0.18400757264631937
high	0.13991952053078366
high	0.18940301999999995
high	0.08680396980150991
high	0.07651544849330749
high	0.32105675178099735
high	0.13295610840805
high	0.07858668999999999
high	0.07981994620484156
high	0.07610088397231904
high	0.06261078414662267
high	0.12298890385024246
high	0.13477204605130277
high	0.10551990837732901
high	0.14858959225658494
high	0.08715115093094415
high	0.11059625752177187
high	0.10851196861740453
high	0.10163451776649747
high	0.12402588970823981
high	0.14541212999999997
high	0.14029378074526005
high	0.10368353018252456
high	0.1535347151721532
high	0.11430484228132581
high	0.08743528105279258
high	0.1042908816728662
high	0.1574626634423123
high	0.11949828574865667
high	0.17101578169482112
high	0.2175667973281069
high	0.18882361372839898
high	0.16175080279863044
high	0.04522427884615385
high	0.047574375100466165
high	0.11270617926128478
high	0.14234357656423435
high	0.14771335146594136
high	0.09711497
high	0.12142695573044268
high	0.09733208
high	0.06978767835684496
high	0.08791267088962833
high	0.15370371000000002
high	0.08898979265070851
high	0.07619633447651805
high	0.059987020519179236
high	0.10985854457995446
high	0.10006994000000001
high	0.0878759192004082
high	0.05179115400818814
high	0.10635330786245725
high	0.20634056659433408
high	0.10426068478630425
high	0.08263246623209432
high	0.08643816628997739
high	0.05058755593907406
high	0.06413872404303227
high	0.056007719691212356
high	0.10200049319495891
high	0.07059041999999999
high	0.11946032999999999
high	0.0885734964161401
high	0.10828508270773043
high	0.14382649308844953
high	0.11486553999999999
high	0.09990887000000001
high	0.1027673779157662
high	0.07232789363868197
high	0.06095560281269121
high	0.07067627294908203
high	0.0760382376241272
high	0.09599212834718375
high	0.07096270630455508
high	0.11700309721651449
high	0.0572699100501063
high	0.06903291226518674
high	0.09865172517109785
high	0.08373550604287502
high	0.08636752888420707
high	0.07545003549335767
high	0.10621516333760048
high	0.11282544025202595
high	0.13496270988056283
high	0.11983386114269767
high	0.11390683702983997
high	0.13750188962494184
high	0.13410535788407205
high	0.09686018531620497
high	0.09820374189962115
high	0.1009193650028729
high	0.11997549218001789
high	0.10321234177424585
high	0.13918637111664126
high	0.06537208337549326
high	0.07911269247647056
high	0.08992712554535999
high	0.08321478909392994
high	0.07556104122082441
high	0.08735278647213528
high	0.1150382630610449
high	0.1296145031298122
high	0.10797371515097536
high	0.10773574193283436
high	0.1289167071017829
high	0.0948202511706004
high	0.07028084056131444
moderate	0.13357829945605498
moderate	0.07212860602012273
moderate	0.08687100194027164
moderate	0.08058503884261992
moderate	0.08254065735816436
moderate	0.08223507529849404
moderate	0.07324754776204992
moderate	0.17874468575402053
moderate	0.1269322913541729
moderate	0.0854735876599299
moderate	0.10025734742652573
moderate	0.07664446320356001
moderate	0.07102182434661204
moderate	0.08393745312734364
moderate	0.07265409916969917
moderate	0.08465441419100662
moderate	0.1286693699189024
moderate	0.14329303522953796
moderate	0.1750169837530027
moderate	0.13986823736912551
moderate	0.2137445
moderate	0.13466809327626894
moderate	0.15258761824763503
moderate	0.1515136224117418
moderate	0.15652459723531895
moderate	0.1084331576473412
moderate	0.12809378968313487
moderate	0.17716603109416257
moderate	0.1479758789603586
moderate	0.16230970167911754
moderate	0.16285760987748013
moderate	0.1133917012418296
moderate	0.09781932266371132
moderate	0.08780813190787068
moderate	0.06315211687895539
moderate	0.10137234368060012
moderate	0.11693218256687596
moderate	0.09009636710898672
moderate	0.09566667610402994
moderate	0.11520915758878611
moderate	0.12164635414583418
moderate	0.14234087
moderate	0.09869181584398172
moderate	0.12350736999999999
moderate	0.10251927989661286
moderate	0.07789423999999999
moderate	0.1015024674022066
moderate	0.07099976000719979
moderate	0.13765721399502034
moderate	0.06884773152268478
moderate	0.13990815645336965
moderate	0.18693391008651297
moderate	0.09614479687812688
moderate	0.10933685065510862
moderate	0.18291724629383743
moderate	0.1247760044064707
moderate	0.13193596672637672
moderate	0.13752160021507154
moderate	0.14181292211047866
moderate	0.13839576984099805
moderate	0.1415459916367217
moderate	0.1327915653709343
moderate	0.05689832
moderate	0.13146662734198478
moderate	0.11871126575364635
moderate	0.09964143000000002
moderate	0.1629422133774578
moderate	0.13631792555801445
moderate	0.13282602173978258
moderate	0.08649442663481886
moderate	0.07245764399781143
moderate	0.20312230089840635
moderate	0.14477012936799205
moderate	0.13848561126980163
moderate	0.15167864750532536
moderate	0.12667510595696674
moderate	0.13969397809081016
moderate	0.09265858726387395
moderate	0.07729131065116135
moderate	0.05367033991005954
moderate	0.0694980399352173
moderate	0.09727054656279013
moderate	0.11705115612673808
moderate	0.12358412550151783
moderate	0.145494702054098
moderate	0.13985180921875784
moderate	0.08161602575675513
moderate	0.10658194000000001
moderate	0.09671748484562956
moderate	0.11907069717211313
moderate	0.11420425887802367
moderate	0.08577318766292726
moderate	0.04854694176412767
moderate	0.04824544807752046
moderate	0.059385009999999995
moderate	0.07664713831054532
moderate	0.05649829
moderate	0.053114251332777425
moderate	0.062897666104485
moderate	0.06354563
moderate	0.11235145340196415
moderate	0.08986988644663299
moderate	0.111580909690178
moderate	0.0879178518458903
moderate	0.10686794552570307
moderate	0.07522257996985428
moderate	0.05695806288545144
moderate	0.09672491029350128
moderate	0.07432317642352312
moderate	0.09590641999999999
moderate	0.11126904883341834
moderate	0.12925658920929492
moderate	0.12573960603939602
moderate	0.06390821176856253
moderate	0.2443189835635373
moderate	0.10553045455934416
moderate	0.09185248262413119
moderate	0.08529774595491911
moderate	0.11484441999999999
moderate	0.0927205557612915
moderate	0.1245213331975612
moderate	0.07987573970431887
moderate	0.11507583988493791
moderate	0.07713370732585348
moderate	0.058131568676507386
moderate	0.06463649485741
moderate	0.059331192970598176
moderate	0.06615487464623938
moderate	0.09182948170518296
moderate	0.09772208384599228
moderate	0.08647603792809083
moderate	0.09391007000256553
moderate	0.08085357146428536
moderate	0.06287782999999998
moderate	0.0900311503115031
moderate	0.0681769638747123
moderate	0.05480319069181634
moderate	0.052776620231375845
moderate	0.25070191520334817
moderate	0.11701972980270198
moderate	0.08124629062233162
moderate	0.10815413705937384
moderate	0.04351731965360693
moderate	0.0702934252581544
moderate	0.30051781
moderate	0.12983443975460615
moderate	0.11141084875941316
moderate	0.11303533575970882
moderate	0.13766097814892758
moderate	0.06604037040370406
moderate	0.06759890164952999
moderate	0.07752168175911843
moderate	0.09303750924981502
moderate	0.15356690544412607
moderate	0.12684695831049783
moderate	0.12687566600235894
moderate	0.1403633882796745
moderate	0.10220395059258888
moderate	0.08731739952198565
moderate	0.0941641376369375
moderate	0.06954874451255488
moderate	0.19663332992431987
moderate	0.15260018
moderate	0.1690358366905177
moderate	0.08151929
moderate	0.07411509309441432
moderate	0.09252878000000002
moderate	0.08003931425367006
moderate	0.06426084950141449
moderate	0.10958337178741245
moderate	0.1678252811579095
moderate	0.13670650237232487
moderate	0.16912246376811596
moderate	0.10897167387310228
moderate	0.12714945255849305
moderate	0.10957583424165755
moderate	0.09735072833834307
moderate	0.1548405017379477
moderate	0.12472369684362121
moderate	0.15505182694238107
moderate	0.1484545354248576
moderate	0.1048112773728024
moderate	0.06914793840969718
moderate	0.09195858538390007
moderate	0.13974826636179624
moderate	0.16616769901085662
moderate	0.0729077627125433
moderate	0.07605727639387905
moderate	0.16307614771556853
moderate	0.08695401043314925
moderate	0.0978636618828731
moderate	0.0577936849695064
moderate	0.06381966879888516
moderate	0.1098141446211657
moderate	0.13169504511412725
moderate	0.11297170084897454
moderate	0.10328416908496865
moderate	0.09356258156484026
moderate	0.06842705642542751
moderate	0.07920586306731632
moderate	0.07515410796939084
moderate	0.08319758603456492
moderate	0.05669465181516645
moderate	0.06284432632535471
moderate	0.058097613660296255
moderate	0.12380585582432527
moderate	0.1576690133098669
moderate	0.08881527059012315
moderate	0.10151733813735124
moderate	0.24199219999999996
moderate	0.22927814000000002
moderate	0.13356321436785637
moderate	0.17517823900857257
moderate	0.1250393029414027
moderate	0.08123709969305219
moderate	0.05681483999999999
moderate	0.13534777
moderate	0.11445479731554364
moderate	0.12300294406280667
moderate	0.093475672055104
moderate	0.11527210632637959
moderate	0.127223674829869
moderate	0.12592151114421318
moderate	0.08902836395731366
moderate	0.06353932067472577
moderate	0.07366277372262774
moderate	0.09993291080847992
moderate	0.06011686166965259
moderate	0.12302442520095414
moderate	0.09410323999999999
moderate	0.12311862154182143
moderate	0.059758907815631264
moderate	0.09024709369466472
moderate	0.1270492928161322
moderate	0.16833999699985003
moderate	0.1140364161411402
moderate	0.11071870421784877
moderate	0.06742882
moderate	0.05758414030809632
moderate	0.0664390427517177
moderate	0.1251024540196947
moderate	0.09774152999999998
moderate	0.10735218232443769
moderate	0.10144398999999997
moderate	0.09027892355898562
moderate	0.1522623909072458
moderate	0.06940882999999998
moderate	0.11082034886784832
moderate	0.08871527200216438
moderate	0.1351622671091484
moderate	0.09999047040158242
moderate	0.19904609907801843
moderate	0.1368028377012121
moderate	0.15056926707801233
moderate	0.07769985101042927
moderate	0.040050756241997436
moderate	0.11579572247052826
moderate	0.081945581632551
moderate	0.0686785671426857
moderate	0.09364414281022349
moderate	0.17661533766272752
moderate	0.09604661672993167
moderate	0.1045180391743892
moderate	0.19204904901901962
moderate	0.10899250890955167
moderate	0.07557787607077095
moderate	0.12268707228071897
moderate	0.14753207778750288
moderate	0.1234919136783902
moderate	0.12044387739479244
moderate	0.12783760974341538
moderate	0.09114047880429856
moderate	0.08989333000000002
moderate	0.10279663919283785
moderate	0.20451432451196602
moderate	0.17897504527671323
moderate	0.16386154755109603
moderate	0.3462719224254394
moderate	0.20514796822241832
moderate	0.151212606271994
moderate	0.1248374226678619
moderate	0.223109635602419
moderate	0.17866645171041368
moderate	0.21959591581253424
moderate	0.06639890666532926
moderate	0.12710193014773882
moderate	0.16447140937443594
moderate	0.115716873975123
moderate	0.09455128205128205
moderate	0.06378213048063883
moderate	0.08554283229018775
moderate	0.12211546346390392
moderate	0.15470873669893592
moderate	0.13174225835158132
moderate	0.08070576999999998
moderate	0.10496519791488805
moderate	0.06465293016770027
moderate	0.08491450987465056
moderate	0.06630315336102138
moderate	0.11559009635168363
moderate	0.09738407555846519
moderate	0.1621350836877487
moderate	0.08679232340735311
moderate	0.058148732152141745
moderate	0.0843947202639868
moderate	0.06490263
moderate	0.1348075572847384
moderate	0.08472925528238703
moderate	0.09412718416499133
moderate	0.12206575350695381
moderate	0.10432649603208531
moderate	0.07786852298545706
moderate	0.07714127154416116
moderate	0.07835216067166023
moderate	0.07650271186758217
moderate	0.12523765
moderate	0.05833542664573356
moderate	0.10736210999869457
moderate	0.10014703822993978
moderate	0.05432922775358439
moderate	0.12417476738369186
moderate	0.13064083922517677
moderate	0.06597844057193923
moderate	0.06521302216649222
moderate	0.08997088970889709
moderate	0.09683940160598395
moderate	0.08424774264669041
moderate	0.10910635
moderate	0.11087521064034665
moderate	0.11717175881216803
moderate	0.15008777429467082
moderate	0.11923795728649197
moderate	0.13358249
moderate	0.14253341008637935
moderate	0.15923096616763174
moderate	0.11548844884488446
moderate	0.11606504040646504
moderate	0.13184157452872877
moderate	0.09181184188158119
moderate	0.08169504526647822
moderate	0.13299171
moderate	0.10061066946652666
moderate	0.1361402186559889
moderate	0.10603596934942654
moderate	0.10749479190907481
moderate	0.11373555546660798
moderate	0.15010110139228824
moderate	0.10057094000000001
moderate	0.09913439637857734
moderate	0.20043748
moderate	0.19271731782483348
moderate	0.17199793022767496
moderate	0.10654648163330602
moderate	0.19999240000000004
moderate	0.056563579073722114
moderate	0.09877162705507192
moderate	0.19761786583107246
moderate	0.1717974702529747
moderate	0.1885677389347542
moderate	0.15396486789758235
moderate	0.08891057999999999
moderate	0.1079083135899674
moderate	0.08243001139977202
moderate	0.09962851699882767
moderate	0.09263872445102195
moderate	0.03990483
moderate	0.061524592584637675
moderate	0.060540012999350044
moderate	0.09324466950465114
moderate	0.08607169354758071
moderate	0.10867259982200533
moderate	0.08682962621428683
moderate	0.11948587028259434
moderate	0.04685335940277285
moderate	0.04300124116506008
moderate	0.0829762536729599
moderate	0.10435829842480551
moderate	0.177730973721015
moderate	0.052487798655929334
moderate	0.12298979259741413
moderate	0.1266302073958521
moderate	0.12288489444222721
moderate	0.11927691561340399
moderate	0.13505591733437364
moderate	0.12481883175076278
moderate	0.15168206888878294
moderate	0.12119164862356945
moderate	0.0729483820647174
moderate	0.06432661346773064
moderate	0.14987230079222957
moderate	0.11670462095400339
moderate	0.08462297995407982
moderate	0.16113708000000002
moderate	0.1169732905341893
moderate	0.13369819207231715
moderate	0.084780032199678
moderate	0.07947664638226018
moderate	0.19008380907957048
moderate	0.11665379014709011
moderate	0.07726585202443925
moderate	0.09078018
moderate	0.10909761707148788
moderate	0.07564483327500872
moderate	0.09619431352798018
moderate	0.04255333506878392
moderate	0.10870480832462961
moderate	0.0842246166049709
moderate	0.08646569431390529
moderate	0.09508793992513193
moderate	0.1114240557594424
moderate	0.0851049246929303
moderate	0.08425962721733649
moderate	0.15305827793319896
moderate	0.12576099188117568
moderate	0.06271449388821283
moderate	0.08060700557467447
moderate	0.06405974165198378
moderate	0.09687305
moderate	0.07655014934679635
moderate	0.06306216937830622
moderate	0.08898274773827058
moderate	0.07824326513469729
moderate	0.06705981119622392
moderate	0.06047019529804703
moderate	0.11129112197922755
moderate	0.0659131260811743
moderate	0.05792344633878065
moderate	0.06258481615660215
moderate	0.14117101856413586
moderate	0.16101242887268358
moderate	0.114187585971465
moderate	0.17687551380527297
moderate	0.1329180546904824
moderate	0.0780364880958338
moderate	0.13372511173979276
moderate	0.1117247155056899
moderate	0.13426847536950737
moderate	0.1887591990398326
moderate	0.11490714952025584
moderate	0.12718244775596416
moderate	0.17105064407559592
moderate	0.09485363146368535
moderate	0.06452322
moderate	0.10634829651703483
moderate	0.1004661425209074
moderate	0.13810342999469846
moderate	0.18049183517977022
moderate	0.10481447193862835
moderate	0.1562648714589979
moderate	0.15269049006019456
moderate	0.1820277760527519
moderate	0.09264946313752419
moderate	0.04492747913976521
moderate	0.036424790000000005
moderate	0.04836038740428985
moderate	0.08138207800040206
moderate	0.07657296153591275
moderate	0.07962702872656859
moderate	0.09217936874345493
moderate	0.12322983538681084
moderate	0.18914264143922374
moderate	0.10976276673582502
moderate	0.08799235551415495
moderate	0.169947802532262
moderate	0.10604244872653819
moderate	0.21236169147252656
moderate	0.2014868657940074
moderate	0.07777618566700331
moderate	0.1048172931733291
moderate	0.22536896737934758
moderate	0.13027764159721458
moderate	0.17457231681383523
moderate	0.08351794482055178
moderate	0.13186810383634273
moderate	0.14523637054517818
moderate	0.12920617800980372
moderate	0.17441312514243285
moderate	0.17800839
moderate	0.17693664678883406
moderate	0.10791910440593862
moderate	0.14316817988762248
moderate	0.11297031029689704
moderate	0.1482794186826275
moderate	0.16096606768009966
moderate	0.06410698000000001
moderate	0.061311859999999996
moderate	0.08801943883366997
moderate	0.09395119224668674
moderate	0.11738552373715151
moderate	0.2024535352573261
moderate	0.14656176182235703
moderate	0.22046679558440543
moderate	0.13094565
moderate	0.1376606019135846
moderate	0.132209504107674
moderate	0.10820241116751268
moderate	0.08551645483545164
moderate	0.16999274
moderate	0.18422764507253625
moderate	0.1506410471790564
moderate	0.11917827840693228
moderate	0.12455212
moderate	0.09559206
moderate	0.1267396325143596
moderate	0.07305123380781166
moderate	0.07320900850312852
moderate	0.03388805505324493
moderate	0.06753779046474359
moderate	0.08904867550334894
moderate	0.13806420785727996
moderate	0.09523355517410988
moderate	0.09231481228335693
moderate	0.10359238894998166
moderate	0.0917434989017218
moderate	0.10360776844631074
moderate	0.17656918490656634
moderate	0.08060672035991885
moderate	0.083456987253058
moderate	0.11897484298982751
moderate	0.06371026847051035
moderate	0.0753398109369391
moderate	0.09113579158316633
moderate	0.06725476783374836
moderate	0.06935113483309216
moderate	0.0878584622144802
moderate	0.049704167460325424
moderate	0.06212391361218498
moderate	0.09184586549062844
moderate	0.07355921536575397
moderate	0.07349159689358087
moderate	0.07350686958782474
moderate	0.09053037998969998
moderate	0.08250546117838384
moderate	0.1465643771780119
moderate	0.11819991996557008
moderate	0.0691535104172249
moderate	0.13509817511668434
moderate	0.1269877080332853
moderate	0.1258009781075918
moderate	0.11795865369432398
moderate	0.11688405434358201
moderate	0.1327841137877498
moderate	0.09508754279536308
moderate	0.09182355859161044
moderate	0.11258787046726638
moderate	0.16191360152796466
moderate	0.15721326023746063
moderate	0.05861278146557334
moderate	0.13205239396578478
moderate	0.07849515514534564
moderate	0.09890489579453712
moderate	0.08241288458269588
moderate	0.1020640694481797
moderate	0.1677296483536604
moderate	0.12737890398351373
moderate	0.12458184135461554
moderate	0.09259891802163958
moderate	0.16590688405071405
moderate	0.0653026850609695
moderate	0.0971868
moderate	0.08870880236205941
moderate	0.11631182300991166
moderate	0.16887539124608753
moderate	0.1118687854356307
moderate	0.10447073191601908
moderate	0.0876461266899346
moderate	0.12674960418143397
moderate	0.13448588050791724
moderate	0.10443832744716612
moderate	0.14591888323454208
moderate	0.08699140392503821
moderate	0.12029238655208804
moderate	0.12010926125909928
moderate	0.15086684818326918
moderate	0.14692964
moderate	0.13326526436159009
moderate	0.1194117877639633
moderate	0.11849329925949775
moderate	0.08684366309098134
moderate	0.06795416412522873
moderate	0.0903643211040459
moderate	0.0574391681935406
moderate	0.051423023131797925
moderate	0.05522282440229183
moderate	0.07320895044111314
moderate	0.06533178204972219
moderate	0.10341123969919393
moderate	0.10010492160627152
moderate	0.1342605247895042
moderate	0.09475488490230197
moderate	0.05970424871091277
moderate	0.11421243772427966
moderate	0.12677381940347754
moderate	0.1168860940084892
moderate	0.11086335441011685
moderate	0.1285130411239132
moderate	0.07780741
moderate	0.10759520168146204
moderate	0.08715287599220423
moderate	0.08655400742564268
moderate	0.1264723491933306
moderate	0.15571701876963784
moderate	0.0970597
moderate	0.07737223627763723
moderate	0.0919025101445729
moderate	0.08338971888818697
moderate	0.13261464533596923
moderate	0.12285019861421441
moderate	0.11875013586412442
moderate	0.12363659950023924
moderate	0.15249951500484993
moderate	0.11921408337921023
moderate	0.0921859806726556
moderate	0.12647936
moderate	0.0898793394877129
moderate	0.142588943296848
moderate	0.1630542819623477
moderate	0.12547227443609024
moderate	0.14586993731316425
moderate	0.146760838281225
moderate	0.23276100310484832
moderate	0.21292509667656787
moderate	0.2028903436988543
moderate	0.1304678113317816
moderate	0.16537620901766667
moderate	0.14727847746991324
moderate	0.09526314263142632
moderate	0.13822121375334812
moderate	0.09355594888102237
moderate	0.11491866081339186
moderate	0.1449968670286519
moderate	0.20487426754394736
moderate	0.13539579
moderate	0.28539810417062467
moderate	0.1453643154532628
moderate	0.14871760764014286
moderate	0.1023525254390284
moderate	0.08775609243907562
moderate	0.0592535512982179
moderate	0.08065185214937692
moderate	0.058788324309414594
moderate	0.11979631202838438
moderate	0.048744751808639644
moderate	0.07650757401307555
moderate	0.07481827787182312
moderate	0.09610666999999998
moderate	0.059707482925170766
moderate	0.11972380360827319
moderate	0.11685734584825984
moderate	0.09818387264509418
moderate	0.0979336285031553
moderate	0.20522126451148417
moderate	0.09998941809565882
moderate	0.1457413822414672
moderate	0.23258214330269888
moderate	0.10998506999999998
moderate	0.1442108664334225
moderate	0.10736958218897256
moderate	0.09860245397546023
moderate	0.10267243411184915
moderate	0.53397476
moderate	0.09228801801801802
moderate	0.11492988999999998
moderate	0.09623970547288307
moderate	0.07889219894233723
moderate	0.12356098634081955
moderate	0.10184078412381325
moderate	0.13151092978140436
moderate	0.1477264436778161
moderate	0.13328047999999998
moderate	0.11040347596524033
moderate	0.14288519615484543
moderate	0.1497142457150857
moderate	0.13530235052529288
moderate	0.09674831318186661
moderate	0.1558034878604856
moderate	0.14608129747690585
moderate	0.09638822691621031
moderate	0.12997933735301778
moderate	0.12864754
moderate	0.0785700557966522
moderate	0.09902742293880387
moderate	0.06980478526379016
moderate	0.07254843464832235
moderate	0.08436043067208257
moderate	0.077459230170785
moderate	0.08537598117741291
moderate	0.08920632910119926
moderate	0.08944298
moderate	0.12376700515231853
moderate	0.10192861755802222
moderate	0.07319313046405582
moderate	0.10771001575283295
moderate	0.07954373799286435
moderate	0.08023074
moderate	0.08622489594424548
moderate	0.11639404652115998
moderate	0.11277997660070198
moderate	0.13075638512770255
moderate	0.15042609441110588
moderate	0.14787472432787288
moderate	0.21653476
moderate	0.14912986570113235
moderate	0.15154174848268473
moderate	0.17326472882169422
moderate	0.1261223589126823
moderate	0.12239492000000002
moderate	0.07543127418930598
moderate	0.12125798528261784
moderate	0.09196611648522385
moderate	0.09079086450863769
moderate	0.0864388311071503
moderate	0.05997108208955224
moderate	0.058031389999999995
moderate	0.08565311000000002
moderate	0.11546101420121897
moderate	0.05310595470226489
moderate	0.07983012682506753
moderate	0.07873110475166561
moderate	0.11448231886311942
moderate	0.07740886
moderate	0.06438033296212765
moderate	0.10408661457315883
moderate	0.0744460055399446
moderate	0.10415593966396482
moderate	0.09064237284910603
moderate	0.09598585014149859
moderate	0.07627948999999999
moderate	0.05716157
moderate	0.03464422048950152
moderate	0.04446733321001957
moderate	0.05803617999999999
moderate	0.04620273047823237
moderate	0.047696078235305875
moderate	0.09325290000000001
moderate	0.09503130000000001
moderate	0.1228847223055539
moderate	0.15452710282256035
moderate	0.1124029314233849
moderate	0.13548434504356366
moderate	0.11028766424671506
moderate	0.11844954201831927
moderate	0.1215520074423272
moderate	0.11207757363662872
moderate	0.10402646
moderate	0.15271384003236552
moderate	0.09289784854819515
moderate	0.06931891681083188
moderate	0.10853032605508012
moderate	0.09016430342786286
moderate	0.15311982760344792
moderate	0.10833945395435246
moderate	0.12168280572941745
moderate	0.10329872709148073
moderate	0.0528379385046367
moderate	0.08663710555682537
moderate	0.1261672458166014
moderate	0.143008192790892
moderate	0.12239528149727756
moderate	0.09825723257232574
moderate	0.1213141992730817
moderate	0.15525599999999998
moderate	0.12811330278232405
moderate	0.09571002029857908
moderate	0.07960217
moderate	0.11065315346846533
moderate	0.11875089999999998
moderate	0.09386683538078505
moderate	0.10158086911055599
moderate	0.07116835273907235
moderate	0.09494370999999999
moderate	0.09350908467949168
moderate	0.08070785635719233
moderate	0.1196922030779692
moderate	0.10605643416787006
moderate	0.10808777667756876
moderate	0.08574678309293969
moderate	0.07271565280260278
moderate	0.09735527219426193
moderate	0.07908781347962382
moderate	0.0862104570567554
moderate	0.09092634
moderate	0.08890453845076342
moderate	0.14113358866411335
moderate	0.10320387313205247
moderate	0.09790266694231961
moderate	0.15650875626880642
moderate	0.185659903076564
moderate	0.10792443742835883
moderate	0.23733508331840172
moderate	0.15958154417554601
moderate	0.16436620577267227
moderate	0.19020103
moderate	0.17319325295384552
moderate	0.14774958082250245
moderate	0.19253204828581297
moderate	0.09433464
moderate	0.10924941999999999
moderate	0.11824789999999998
moderate	0.14394507177608265
moderate	0.1495549728788455
moderate	0.08437805621943782
moderate	0.08614662869458127
moderate	0.13959041819163615
moderate	0.07226729
moderate	0.11387888059029963
moderate	0.08291128716843002
moderate	0.08758752712255898
moderate	0.06944461458395884
moderate	0.09817318632902726
moderate	0.08579746455779728
moderate	0.11530738307383072
moderate	0.07625763742362576
moderate	0.08194487507089582
moderate	0.07127489170993266
moderate	0.10380882871803145
moderate	0.07059669900970292
moderate	0.09308478953787497
moderate	0.11677771222287778
moderate	0.14677540122993848
moderate	0.1436066904015661
moderate	0.06696351287688442
moderate	0.1616364036359636
moderate	0.10527552808966255
moderate	0.07451139999999999
moderate	0.17307060674697827
moderate	0.06430990565565818
moderate	0.142471758504456
moderate	0.1242881467779833
moderate	0.07866774332256676
moderate	0.21282229177708226
moderate	0.10233346231280341
moderate	0.15089148401649372
moderate	0.06694827188256319
moderate	0.09885139247138483
moderate	0.08008065132959961
moderate	0.0781589659949989
moderate	0.12445475513428121
moderate	0.10979238398016515
moderate	0.07936275000000001
moderate	0.04997817146472636
moderate	0.08019528421516917
moderate	0.05193602865170994
moderate	0.047404144041440416
moderate	0.03692315153696926
moderate	0.060596544786651586
moderate	0.05780220335556902
moderate	0.04791214702823775
moderate	0.07972289277107228
moderate	0.09451468455946321
moderate	0.12028526711602698
moderate	0.11093766892041577
moderate	0.06946184093482127
moderate	0.1584349552035837
moderate	0.08218438815611845
moderate	0.09628779153174571
moderate	0.04911582031445973
moderate	0.060009303992355066
moderate	0.048232179119109306
moderate	0.10998357999999998
moderate	0.13620764775898456
moderate	0.10551173718429102
moderate	0.12048978363576177
moderate	0.07777153228467715
moderate	0.06847029529704703
moderate	0.09988403969137685
moderate	0.17384536855577332
moderate	0.06666113
moderate	0.08157648043205416
moderate	0.09675410011332779
moderate	0.0955520203154203
moderate	0.07180518
moderate	0.08519373282510415
moderate	0.0604379680429298
moderate	0.08862188910057153
moderate	0.10873260069597215
moderate	0.1101889674915357
moderate	0.11506013999999999
moderate	0.07693590747141961
moderate	0.12178852685510333
moderate	0.11875713095314405
moderate	0.0910555485343424
moderate	0.0982444714762484
moderate	0.11417459065735613
moderate	0.1488136616907148
moderate	0.09395202170397035
moderate	0.09093790810157194
moderate	0.12577414258574143
moderate	0.10656686866262677
moderate	0.11371744803383421
moderate	0.0920927366397227
moderate	0.09494656549600614
moderate	0.11591001089989102
moderate	0.0822761672383276
moderate	0.09561151669100146
moderate	0.08033359304643466
moderate	0.06286131145901065
moderate	0.07816597
moderate	0.07515509673548967
moderate	0.06009010583112285
moderate	0.07988838401128713
moderate	0.037890116186535094
moderate	0.061842529086300356
moderate	0.07341009485982722
moderate	0.13293035085292268
moderate	0.1263893013363297
moderate	0.13231932998151316
moderate	0.07372104187127938
moderate	0.08485658112206905
moderate	0.07628317248766621
moderate	0.10909572201606371
moderate	0.13435149930637075
moderate	0.13172400379981003
moderate	0.12670875242456356
moderate	0.08056818368015731
moderate	0.1293404801283015
moderate	0.09888255002778572
moderate	0.0887636211031175
moderate	0.0697595841520632
moderate	0.0953690136901369
moderate	0.1339025
moderate	0.20895793999999998
moderate	0.18767319915792896
moderate	0.22096286222826625
moderate	0.10375786263574639
moderate	0.07803692574106144
moderate	0.10689080890808907
moderate	0.08107034767697228
moderate	0.07786845
moderate	0.08477046264017252
moderate	0.1348176902045058
moderate	0.12160266490606805
moderate	0.20069242845429272
moderate	0.11363713291189885
moderate	0.11667261309547618
moderate	0.10153152
moderate	0.09159221516254396
moderate	0.09366308916721787
moderate	0.16871333702268954
moderate	0.10067232006739951
moderate	0.09872637233898555
moderate	0.12942476810203513
moderate	0.11924028574827639
moderate	0.10836172154208805
moderate	0.12664428424978733
moderate	0.09033003369669741
moderate	0.15309605996922107
moderate	0.09898355093235017
moderate	0.13897569242984084
moderate	0.09240816939179859
moderate	0.13737679142335582
moderate	0.101348402579871
moderate	0.10994187174384769
moderate	0.07073260278355463
moderate	0.06115394874111359
moderate	0.1399124051088685
moderate	0.1547993240473167
moderate	0.1792658398759814
moderate	0.10058576229878732
moderate	0.1093923591633945
moderate	0.10033356998580086
moderate	0.11322321052947894
moderate	0.06270186275709018
moderate	0.08504431660263223
moderate	0.04579191416171677
moderate	0.09919006058424806
moderate	0.14608162000000002
moderate	0.09262514903330558
moderate	0.11775027517060577
moderate	0.08976223342701271
moderate	0.0360110782274836
moderate	0.10066742451519985
moderate	0.1271311162808436
moderate	0.09645534309973908
moderate	0.09032956574064788
moderate	0.09191297204091398
moderate	0.08116349476758335
moderate	0.09683349581815381
moderate	0.08795742400721117
moderate	0.07150176912870411
moderate	0.07518529074515563
moderate	0.07808577681753134
moderate	0.07767776206436655
moderate	0.07150690291879126
moderate	0.12111083303180152
moderate	0.07928945039559364
moderate	0.07377735946686176
moderate	0.09434379795728931
moderate	0.11765523458022073
moderate	0.12697166651400832
moderate	0.13871112079307196
moderate	0.10438344429124813
moderate	0.127682347717223
moderate	0.13383213356417498
moderate	0.12171182012033357
moderate	0.1191972039473684
moderate	0.10126828361388476
moderate	0.0871178351006659
moderate	0.0766718655310334
moderate	0.08247823167431699
moderate	0.13501514057674566
moderate	0.09839758
moderate	0.05244086489761528
moderate	0.0674215996705809
moderate	0.13000238263136524
moderate	0.11408020991253645
moderate	0.11500637000000001
moderate	0.09109717465753424
moderate	0.09634062796365603
moderate	0.06729919299192992
moderate	0.09245224502854402
moderate	0.09872310585599103
moderate	0.1161993534947202
moderate	0.23900129779977664
moderate	0.11519411029448527
moderate	0.11249805557825514
moderate	0.11817305826941729
moderate	0.1291417671359919
moderate	0.08444088944164167
moderate	0.05415001275705465
moderate	0.13895005904149194
moderate	0.10890784415864352
moderate	0.09052286705803522
moderate	0.14208618186166486
moderate	0.09037277
moderate	0.12593604476264966
moderate	0.09269353000000001
moderate	0.18208218
moderate	0.13741313
moderate	0.08548828946051444
moderate	0.12507595924040757
moderate	0.10773190144788418
moderate	0.11076667537761982
moderate	0.06897927228004919
moderate	0.13130501864869457
moderate	0.1438930310696893
moderate	0.1238565172565152
moderate	0.12576662833761423
moderate	0.12488455115448843
moderate	0.11390740092599075
moderate	0.11562269776003681
moderate	0.09405782000000001
moderate	0.07640268832259871
moderate	0.10250376368271105
moderate	0.11985213805253042
moderate	0.0860005599776009
moderate	0.07430484689070943
moderate	0.08332241736381718
moderate	0.08655663773449063
moderate	0.10205857156235622
moderate	0.07266944149840915
moderate	0.07442476683161758
moderate	0.08100686647464812
moderate	0.07659478372731846
moderate	0.07435129649363169
moderate	0.07753609187569523
moderate	0.07759080406654345
moderate	0.038822501774982254
moderate	0.0534571
moderate	0.07772351764823518
moderate	0.064572040042803
moderate	0.09649073509264905
moderate	0.09041983385503932
moderate	0.07564648547251512
moderate	0.08682198168862625
moderate	0.09473827908282148
moderate	0.10174114879034321
moderate	0.15056439447130335
moderate	0.09180009502661715
moderate	0.05743915423484121
moderate	0.046667389999999996
moderate	0.14936442999999996
moderate	0.1311725720341525
moderate	0.14780872322125096
moderate	0.12257445549717219
moderate	0.06563968360316397
moderate	0.10700158315046941
moderate	0.24988317602819038
moderate	0.16517366637932762
moderate	0.18933557
moderate	0.10824054999999999
moderate	0.05875303975681944
moderate	0.07723499
moderate	0.09211733765324694
moderate	0.15277389452210954
moderate	0.1199043296859799
moderate	0.10367968999999999
moderate	0.08307791142974273
moderate	0.06942411621597269
moderate	0.09923187565015602
moderate	0.10638066380663809
moderate	0.10854323827046918
moderate	0.10422506532766306
moderate	0.07595313906278126
moderate	0.08496393620360068
moderate	0.1312725566731722
moderate	0.07616667645849245
moderate	0.11418954444537627
moderate	0.09371208311275807
moderate	0.10623777099083763
moderate	0.16421980170085848
moderate	0.12029754471462172
moderate	0.14115173942579282
moderate	0.08886707797532148
moderate	0.09592426999999999
moderate	0.10488817804738422
moderate	0.09956229111213401
moderate	0.09580620956011435
moderate	0.0709312882943412
moderate	0.1250685246974909
moderate	0.08773927303364022
moderate	0.10397808197262245
moderate	0.062265898283227206
moderate	0.07369556825140891
moderate	0.13502539635452718
moderate	0.09685575875136233
moderate	0.15257705360167187
moderate	0.13059293846231007
moderate	0.09785306972380496
moderate	0.13587567
moderate	0.12134240054403263
moderate	0.1614028619427611
moderate	0.08567493729845933
moderate	0.08452349067069087
moderate	0.15184426155738445
moderate	0.13536321
moderate	0.09334414
moderate	0.10053393692349293
moderate	0.1482691912865767
moderate	0.132413743450262
moderate	0.11212291977621412
moderate	0.14898883456329437
moderate	0.13532837234979037
moderate	0.1104916572739715
moderate	0.10946832399388691
moderate	0.0471335500975439
moderate	0.06968602
moderate	0.10039497
moderate	0.10772182536433601
moderate	0.06439850664906971
moderate	0.06556720259181882
moderate	0.09025792710364484
moderate	0.1295462044860914
moderate	0.06883934
moderate	0.05524756833441841
moderate	0.07380681909346169
moderate	0.0757138058448102
moderate	0.10945710233273984
moderate	0.13155971254269413
moderate	0.06827839164825054
moderate	0.039683263347330536
moderate	0.08442972138122903
moderate	0.09792089284782267
moderate	0.08601313459710896
moderate	0.07936949847492374
moderate	0.15984572
moderate	0.061837041968373245
moderate	0.10315129782445613
moderate	0.09646909105472894
moderate	0.08307415074150742
moderate	0.11129521271656978
moderate	0.10424226122498045
moderate	0.05705293947060529
moderate	0.07935622413147536
moderate	0.07124766912171654
moderate	0.16501386667767198
moderate	0.15040102484908047
moderate	0.10357555057708079
moderate	0.06727463306063522
moderate	0.12437487502499503
moderate	0.14144853
moderate	0.12447443678942477
moderate	0.12267803834030391
moderate	0.09676201066373862
moderate	0.12620412068386483
moderate	0.08286185915718475
moderate	0.07283387893761581
moderate	0.053848445622054576
moderate	0.08864691167981528
moderate	0.06511312613280607
moderate	0.037072426378681064
moderate	0.06589743720616341
moderate	0.0626530398008458
moderate	0.10166523902184597
moderate	0.10864092177513728
moderate	0.09894162175134746
moderate	0.11898062619074543
moderate	0.13385051395459938
moderate	0.07993393589334838
moderate	0.12459259049421256
moderate	0.10823150536989261
moderate	0.1330323541969089
moderate	0.11852850608553928
moderate	0.14286247
moderate	0.1313351165953362
moderate	0.09097510077301194
moderate	0.07233965271295985
moderate	0.21952981470185295
moderate	0.11734505999999997
moderate	0.10141813000000004
moderate	0.1631032795963574
moderate	0.09415624999999998
moderate	0.12972091711326914
moderate	0.06429846261281755
moderate	0.10904900591672487
moderate	0.10085773456938561
moderate	0.08068261443397924
moderate	0.1364743767027161
moderate	0.12306746
moderate	0.10297593192544593
moderate	0.12813153082908238
moderate	0.09414438
moderate	0.07095706128816136
moderate	0.07152783682906041
moderate	0.07230427900818487
moderate	0.10050957490425097
moderate	0.08704774000000001
moderate	0.138696931918864
moderate	0.24268933
moderate	0.15645895721639574
moderate	0.08926903634598253
moderate	0.13129269030618418
moderate	0.1235219573898162
moderate	0.11642096999999998
moderate	0.12714195449648266
moderate	0.10188508447567876
moderate	0.06921165140328979
moderate	0.08377340456060574
moderate	0.037150020000000006
moderate	0.08699077503323338
none	0.13122760249367074
none	0.09633900260323616
none	0.11392025517610904
none	0.047311786349911004
none	0.07925873392105978
none	0.05643935787977865
none	0.08834685964100007
none	0.08728510291033659
none	0.06405262842114735
none	0.1017371999320129
none	0.11624730483829031
none	0.12271440427978601
none	0.07511394658160256
none	0.07938428147700836
none	0.08512282422005177
none	0.0854863172634527
none	0.12259127773833216
none	0.06631715698600288
none	0.09691967000000003
none	0.11955798099605736
none	0.17873423675984557
none	0.13302800332395548
none	0.07617110262358022
none	0.08867558276278696
none	0.06125371406270327
none	0.11317334106983863
none	0.1366159815888061
none	0.12277670137560172
none	0.08593541837136708
none	0.18730215745017265
none	0.08172544373917237
none	0.07915390874332479
none	0.0900692118374452
none	0.09230535876274977
none	0.07696862104458023
none	0.14567557
none	0.06809390043384378
none	0.09379207415851683
none	0.10828796825982652
none	0.11587559481959261
none	0.08398189
none	0.10568236521075418
none	0.10668440086812415
none	0.06043153694146537
none	0.10575486525447483
none	0.1281437336798617
none	0.09219977911320447
none	0.14415994999999998
none	0.12019779954150618
none	0.10125827933765295
none	0.07641343117500225
none	0.10974284663648273
none	0.088932306136387
none	0.09339252817977203
none	0.0860849144166367
none	0.13648917675302594
none	0.0915050423344421
none	0.12773310106619615
none	0.15176424691761076
none	0.2266556837785943
none	0.12719229035844126
none	0.11763887511510944
none	0.1382608840012476
none	0.0535635187296254
none	0.1299716518372137
none	0.14254006202837674
none	0.14586142042020508
none	0.12171641622415548
none	0.13414755492416663
none	0.1459007223528063
none	0.15284681401363745
none	0.12217918000000001
none	0.14140550061222568
none	0.1617162574386158
none	0.10540473172528768
none	0.13988846388769288
none	0.11729284435957167
none	0.10621485390386604
none	0.1326712292417575
none	0.09588199501146556
none	0.06049852504424867
none	0.07907561320814326
none	0.1277470022901603
none	0.08114253980755055
none	0.16608635803858732
none	0.14122130937537364
none	0.16748092519074811
none	0.13594074177774668
none	0.12506986650667465
none	0.12432940999999999
none	0.09651567000000003
none	0.1366216361679225
none	0.11957975994920839
none	0.1282698873735884
none	0.16019940035315167
none	0.17577960967705486
none	0.15604584999999999
none	0.18822307999999996
none	0.14968723657106636
none	0.1209109586347908
none	0.13854707264636767
none	0.19391263636271214
none	0.1320783464924222
none	0.14111254913594895
none	0.09708431894518689
none	0.06676105477890441
none	0.09761390068588235
none	0.11486011817495223
none	0.09943459480988581
none	0.10731384801184536
none	0.09268919300317269
none	0.08575228512035671
none	0.09256615926777936
none	0.09976597503326813
none	0.05809697827644663
none	0.11066740321548553
none	0.11492093474391536
none	0.09881468
none	0.09112989603374932
none	0.08839281258067293
none	0.07320633457540694
none	0.2138414935901024
none	0.2056539823185855
none	0.08163955537752854
none	0.09262349371764009
none	0.1378256634772783
none	0.11191294781269379
none	0.08898077742493066
none	0.0848541758329667
none	0.09796766225713105
none	0.08982974088579129
none	0.09861782007267764
none	0.13666059999999997
none	0.09880847271553118
none	0.09606494094934154
none	0.08261315773684526
none	0.10296598800845445
none	0.07709958913936653
none	0.07659179926560589
none	0.06945365185392584
none	0.07569685606287874
none	0.08622132332276065
none	0.09276893535408096
none	0.1256278617160001
none	0.08080342196578033
none	0.18015860365585376
none	0.09515876116551641
none	0.13006322
none	0.11999082009179911
none	0.11219581588293225
none	0.10954050079531015
none	0.11741334484124405
none	0.13941439949899762
none	0.104538610577866
none	0.09054870999999999
none	0.17607196661952476
none	0.19350650000000003
none	0.20565601889893173
none	0.19401448985510142
none	0.12024636000000002
none	0.10494220128531834
none	0.12862687253789737
none	0.12935685554652784
none	0.16824561
none	0.1457051929480705
none	0.13143367624386829
none	0.06842922502642705
none	0.13565378615144602
none	0.13037645870623882
none	0.15434039361651833
none	0.11305002807698199
none	0.10887335379938604
none	0.17738486536211742
none	0.0864965837140338
none	0.07559028168247692
none	0.09037365626343738
none	0.09992761969505684
none	0.058260982170534874
none	0.0945838462485844
none	0.07889476209036668
none	0.06316357672846543
none	0.08341281587184128
none	0.08223481665894618
none	0.15110972418778446
none	0.1376212434731575
none	0.13337301941583338
none	0.1406303501164378
none	0.053615988585684254
none	0.1699438670901343
none	0.11540804876321623
none	0.1512986216090567
none	0.1405009292425894
none	0.1396371623171727
none	0.14453790378769898
none	0.1636297176997364
none	0.15913248736975055
none	0.11754696508917178
none	0.08769833396667932
none	0.11368675686756864
none	0.10602770212814856
none	0.07340635305649469
none	0.07485417912797103
none	0.09472445173355201
none	0.10674713441896395
none	0.07922369102817894
none	0.10337957239085947
none	0.11054696311289407
none	0.1037705504184069
none	0.12031654676258992
none	0.12930922880416681
none	0.08056351389335047
none	0.07987347620428613
none	0.0850079205935432
none	0.06226569922691496
none	0.05766101694915254
none	0.11240297319525634
none	0.11520467819180003
none	0.13599985634089204
none	0.08718672469831415
none	0.08644879118599363
none	0.13872125265528815
none	0.09683399014120254
none	0.10397120913587196
none	0.07795802622236
none	0.12063395419104302
none	0.10754507060958872
none	0.15174324869722114
none	0.1188202435951281
none	0.15090163639705
none	0.12719401349010898
none	0.14780865946461252
none	0.13385483625864295
none	0.13146245155260722
none	0.09850311183322778
none	0.11351840978418089
none	0.08057345883019912
none	0.09715649731681629
none	0.07528717712822873
none	0.130948822177391
none	0.20214075852527058
none	0.07494127672150527
none	0.11910498784443374
none	0.08545556126333892
none	0.20467385232525923
none	0.19805955000000003
none	0.14385610751477623
none	0.1369611299243958
none	0.15302903463742099
none	0.13299176130354493
none	0.10411198590418415
none	0.12692415999999998
none	0.15579155416891663
none	0.09408032999999999
none	0.06135017599296028
none	0.08054752497091743
none	0.1056701279487109
none	0.09712125493742267
none	0.10805370564939785
none	0.08435853326638579
none	0.07053358932821344
none	0.09045930244185349
none	0.08130699622037858
none	0.08986500842956022
none	0.11597695291920111
none	0.14449329834859406
none	0.09839682000000001
none	0.11250636129768468
none	0.06722349614595034
none	0.10220014809478067
none	0.04757778844423111
none	0.10954905596427217
none	0.1024238348421708
none	0.07294879945836735
none	0.09566463084512955
none	0.15509960999999997
none	0.11921707912449317
none	0.12803216184629612
none	0.11402921258796977
none	0.07238296
none	0.1345913855536497
none	0.11588394726560543
none	0.10487789828481339
none	0.09545251193463458
none	0.14877511616806133
none	0.15449776028089587
none	0.12294137763085629
none	0.12468740764030811
none	0.10822946422814898
none	0.10441233509560752
none	0.08336514579200521
none	0.08375199903805687
none	0.1394090695392666
none	0.1032368289551573
none	0.12362993440787104
none	0.11582197216786262
none	0.10746215147480126
none	0.11267285801114646
none	0.13826641733582665
none	0.08437201883943479
none	0.11691485286435661
none	0.0881358530573536
none	0.08136088052599902
none	0.08582172085821721
none	0.14060977682678077
none	0.09083506999999999
none	0.0938300275685977
none	0.05915926244769665
none	0.08264625
none	0.11265244856214655
none	0.056833470229986374
none	0.05958039731640687
none	0.04749371569127396
none	0.07664983433607718
none	0.052166851683097246
none	0.05759482846291692
none	0.05987406572769953
none	0.09855914525566012
none	0.1010645084124073
none	0.10893273360987704
none	0.08180170688931158
none	0.05922944215905372
none	0.07557034958439565
none	0.11033032077720516
none	0.09527701045566024
none	0.09593349729151945
none	0.09564175941288315
none	0.09315131284959242
none	0.07321580837855776
none	0.10118860619030633
none	0.06087308157613207
none	0.09595282529808191
none	0.15622573999999997
none	0.080402709569683
none	0.09585739452479855
none	0.081380718922205
none	0.13221811150669074
none	0.11345440246754707
none	0.15821107635975287
none	0.13937236815920398
none	0.12042836
none	0.0804149359597009
none	0.07626458704033214
none	0.0921033306832922
none	0.08389611494943426
none	0.13962114167441583
none	0.10274330000000004
none	0.08598765441559632
none	0.09536634157579481
none	0.12701030092832966
none	0.08841497072236164
none	0.08596049387726115
none	0.12598471920944807
none	0.0738518669731692
none	0.09358200587712222
none	0.14673320397283426
none	0.13622380952380952
none	0.1823965854675832
none	0.108340279584439
none	0.08616380295788247
none	0.14134637690638938
none	0.09017511672782172
none	0.10957298531113233
none	0.10712757000000002
none	0.11406389331948515
none	0.09556228857805198
none	0.12977718205868446
none	0.09729987375393494
none	0.06350871406015869
none	0.09651870038135293
none	0.09455581704299557
none	0.0615647696368581
none	0.05825541004335261
none	0.09163339211503126
none	0.06555856702804337
none	0.16189686999999997
none	0.09110849665295588
none	0.08028891110888911
none	0.08884478603074276
none	0.08740703633500818
none	0.10294931
none	0.09201184
none	0.0902284066470048
none	0.12693655222983774
none	0.12207602430589476
none	0.21561949555405288
none	0.148866535550297
none	0.12882144914962382
none	0.10778078413078311
none	0.07016369658028185
none	0.0540319396806032
none	0.034209609999999994
none	0.06656517145268731
none	0.0540999128841359
none	0.06134892830598019
none	0.07385292807727709
none	0.10955142533451727
none	0.07186707707707707
none	0.08071926
none	0.09375444201838905
none	0.10653566012831137
none	0.10291725413729313
none	0.08712743125419184
none	0.043457231523234684
none	0.08165247575879282
none	0.0868402245545521
none	0.04937381776009278
none	0.059991106647397735
none	0.06441773211464984
none	0.049790720000000004
none	0.1359714965397924
none	0.09176439826028072
none	0.09298174826412509
none	0.06928682939112096
none	0.11076237321671274
none	0.13835778926632203
none	0.06884201522624275
none	0.07903274868632748
none	0.05135278014752991
none	0.09402911792505567
none	0.10123241085364389
none	0.0510470090598188
none	0.09166503
none	0.08349494686934641
none	0.06748661971125428
none	0.06537648333722636
none	0.06060357545617571
none	0.053870166575974404
none	0.09700908919871026
none	0.15641088097283723
none	0.13344190839318285
none	0.10056883965030747
none	0.1454323159359699
none	0.09789310427582897
none	0.08763777362226377
none	0.0861773377337734
none	0.10381674968493068
none	0.08115386081600305
none	0.09171761083867343
none	0.08122867544583179
none	0.11679920339510197
none	0.11219464583937519
none	0.09567123520643465
none	0.08725197244082676
none	0.08508221125449249
none	0.10776568193907445
none	0.08034478276086196
none	0.06199613916987652
none	0.15815408
none	0.07832354547234156
none	0.11326203117144296
none	0.10065538344616555
none	0.08502590958654702
none	0.08829908102756916
none	0.160881591231987
none	0.08385098999999999
none	0.1098195762159996
none	0.11586626209940318
none	0.07776948371131223
none	0.07236370163377254
none	0.1292279936970589
none	0.10362256545390507
none	0.09156531308042644
none	0.05049355851756686
none	0.04527017378957263
none	0.07703526635268414
none	0.12177772699382662
none	0.07965389583729708
none	0.05729025174896594
none	0.10920318
none	0.06271868
none	0.057914259999999995
none	0.10455886000241435
none	0.11139685237256537
none	0.07880797660794799
none	0.08737964994590441
none	0.10652543423697286
none	0.1976994350588405
none	0.23713044833427444
none	0.138915321368486
none	0.12070592885206144
none	0.136764582244741
none	0.10637622611230288
none	0.09723346000000001
none	0.11867130405127535
none	0.07680792728654423
none	0.054102957940841176
none	0.07069512963578248
none	0.09316679697043735
none	0.09774319243006489
none	0.1432814955407253
none	0.1510735264019648
none	0.145700699860028
none	0.13386276389574864
none	0.11369107503893668
none	0.10016326998295724
none	0.07205005604782747
none	0.10234970784892475
none	0.09018354518427683
none	0.13375412429703568
none	0.20119013629739693
none	0.1797965903409659
none	0.12129786109696916
none	0.1500672393276067
none	0.14623525000000004
none	0.20127234736010718
none	0.13080172491510653
none	0.14601803222877893
none	0.19374576525821594
none	0.19754362496625774
none	0.0937877979436902
none	0.0731794158434488
none	0.09290259558190303
none	0.06734265669013058
none	0.09879944799447996
none	0.10647291020895402
none	0.1072355899345477
none	0.13644613
none	0.07880748385032299
none	0.1084392832013074
none	0.11994315056849433
none	0.11405238725367477
none	0.07996511991250684
none	0.09843297313084112
none	0.10046494572547077
none	0.09076785803649173
none	0.10717960770950058
none	0.1435586934609482
none	0.1416586609324207
none	0.15366256815113316
none	0.14685660117562366
none	0.13364944242585952
none	0.10142863999520034
none	0.1159556609138354
none	0.09380917671525987
none	0.11317340826591733
none	0.14904088000000001
none	0.1545039362971729
none	0.12484377118208892
none	0.1483765723427657
none	0.15208347630129154
none	0.12524527727722945
none	0.12400223688738642
none	0.10088222508172777
none	0.15528013485529066
none	0.1073042523053797
none	0.1571656472327451
none	0.20623953098827472
none	0.19051565484345157
none	0.1330546494937721
none	0.24767260078830308
none	0.1845927226204425
none	0.19576437528750582
none	0.16323944999999998
none	0.18635877903661383
none	0.16488610092919734
none	0.1350976101330569
none	0.13415954437704938
none	0.10356711277514608
none	0.12026995139483311
none	0.09493711535524561
none	0.08773623929196837
none	0.07050170185977529
none	0.08639291228363005
none	0.09028775134182492
none	0.05737169165094806
none	0.08147139752255618
none	0.09521115653657895
none	0.08645707306776033
none	0.21136621
none	0.17120234058033565
none	0.11884829771981234
none	0.09804295449089265
none	0.12685689
none	0.11379327515444035
none	0.1410173879134504
none	0.14563620546561742
none	0.09531783237405682
none	0.07649547274593049
none	0.09615085013078935
none	0.11903811945389006
none	0.11239461726319161
none	0.10291170768840394
none	0.0824014421096412
none	0.06261296041490262
none	0.06830589753853948
none	0.04885584221477624
none	0.06555577681194552
none	0.1423874390019805
none	0.09469278477744827
none	0.048047799574758285
none	0.047874976325151634
none	0.09859907018141877
none	0.13915684937687361
none	0.08557347824348105
none	0.058422639886370455
none	0.10545752735833974
none	0.09018566742669706
none	0.07309996566361063
none	0.07627226396052927
none	0.06989593191468427
none	0.06762436324254943
none	0.08612486932305054
none	0.07885799543089479
none	0.06756575341250765
none	0.16792896999999998
none	0.07904142113682845
none	0.13246662725302044
none	0.07765834375781837
none	0.1362015063308647
none	0.12997786839257802
none	0.12460820943529258
none	0.15065995689156345
none	0.12080629319570717
none	0.12873862882572737
none	0.14141902874132806
none	0.13663340327524873
none	0.1364775083776858
none	0.08844454999050086
none	0.12613552
none	0.120632695644988
none	0.13371829382466394
none	0.08893515158313936
none	0.1269553462393145
none	0.11893856384541554
none	0.16010568991891538
none	0.12832943727125395
none	0.11062690138437872
none	0.10448473612656037
none	0.21319743000000005
none	0.1611339631915242
none	0.14567586750788641
none	0.1446619897155105
none	0.11450287155376353
none	0.06421036789632104
none	0.09055452454754527
none	0.08729589469977649
none	0.10964150895690322
none	0.14073706771022934
none	0.16406113348097442
none	0.1181305047798088
none	0.12202648214205082
none	0.08997406988228002
none	0.0936926052160555
none	0.08616905863302277
none	0.10382187534373968
none	0.08387271109110625
none	0.11360105801864408
none	0.11020718300545543
none	0.11575414919770277
none	0.11605943496268431
none	0.13222401541173692
none	0.11802878389767489
none	0.11985873062450379
none	0.14833461470725767
none	0.17100829891807862
none	0.10712711999999999
none	0.10014823
none	0.11016901021892467
none	0.07756272802549369
none	0.09755889215095367
none	0.10137278591788768
none	0.06038324414794558
none	0.08549026387260356
none	0.0765594388001935
none	0.1008182809031458
none	0.08484442642815425
none	0.10758015561010392
none	0.06267739515717673
none	0.078053821926711
none	0.08500362996370037
none	0.1838533489226658
none	0.1267373005079797
none	0.1586501469970601
none	0.161850305611333
none	0.12804519652502572
none	0.09750969935118343
none	0.08666052642105683
none	0.1277944
none	0.13398639820592825
none	0.10314310954063605
none	0.07989992307195413
none	0.06925390277984528
none	0.05744108516000614
none	0.08592222408668138
none	0.1581698342663598
none	0.10329921583539736
none	0.13531426043949416
none	0.1388520850933108
none	0.08952955068784318
none	0.03119961921499707
none	0.06836603789967224
none	0.092554037355639
none	0.0901078310213077
none	0.08872658498478744
none	0.07522836459720918
none	0.07987064865818515
none	0.05855352
none	0.10787744360902253
none	0.07919274777189575
none	0.08801192113027774
none	0.12534450568629202
none	0.1768882315783141
none	0.11035235896027194
none	0.10078197606962189
none	0.06597115869658782
none	0.09528687639478799
none	0.09874037838275805
none	0.06608959349593495
none	0.11343887539717354
none	0.1296794415083104
none	0.05206775074046111
none	0.04338643227135458
none	0.09683341515415043
none	0.1001375366427988
none	0.10824449825157471
none	0.12543353912563368
none	0.13354838519123163
none	0.14055503444965547
none	0.10633575158618108
none	0.13701928851762504
none	0.14796491088617822
none	0.15184823065813793
none	0.19061960591039626
none	0.1531453899992318
none	0.10223980601338122
none	0.07388104529267192
none	0.17891787328506856
none	0.15498878022439552
none	0.10952485162437704
none	0.08641010346994656
none	0.0829698316006185
none	0.07325630056186323
none	0.05720565122411133
none	0.07741280449074651
none	0.05326308230476082
none	0.04471853480138504
none	0.10046118206118204
none	0.09950011380592295
none	0.14771990267911295
none	0.12993948060519397
none	0.15443246324800702
none	0.14419613124266623
none	0.1553101792655483
none	0.08181151155747099
none	0.07640433435873417
none	0.13323387201942077
none	0.11143885120381045
none	0.11986620857739731
none	0.12628175591220436
none	0.15760785514387546
none	0.12826154979018725
none	0.10424165370953267
none	0.07494757104857903
none	0.09723726999999999
none	0.12207984977487568
none	0.16810473930327333
none	0.12632364269616883
none	0.11053595470777108
none	0.0980600122289827
none	0.10574506731248663
none	0.09709901460042306
none	0.06837189612273473
none	0.07646400000000002
none	0.0641238207798292
none	0.06998974
none	0.06555397546239906
none	0.11103692528586143
none	0.07878601555011185
none	0.11265895063272142
none	0.10589957100428994
none	0.10098254122211445
none	0.10332814679333666
none	0.10121924170730094
none	0.11838462027489224
none	0.10099705999999999
none	0.1146979175624158
none	0.12206282560220785
none	0.05069872082473405
none	0.08178157805957412
none	0.059291216871929786
none	0.07866701265322262
none	0.06846187000000002
none	0.06891149973502916
none	0.1013018869811302
none	0.07135294306386666
none	0.09472103000000001
none	0.11695717138549698
none	0.13187281289453096
none	0.11961004718856058
none	0.1119798571800052
none	0.09531722103058318
none	0.12189625831569018
none	0.08064827406903724
none	0.08616895101374668
none	0.08882236683052623
none	0.10782312321663941
none	0.10000420945277112
none	0.06505060949390505
none	0.1400317506350127
none	0.12981925745002454
none	0.22003913092297323
none	0.19295421137365878
none	0.10378786816450052
none	0.13241538810232548
none	0.1113254
none	0.07947267418022541
none	0.19586437901668938
none	0.15068394677062866
none	0.2035600862278358
none	0.14833686326273476
none	0.15577264545835076
none	0.09181327351327044
none	0.1065558610897237
none	0.09328144885683397
none	0.10940007601341321
none	0.10857415390882243
none	0.07497848
none	0.11078725063746811
none	0.06543364171572749
none	0.11001708000000002
none	0.12200456236400647
none	0.07667642276422765
none	0.08253374420462815
none	0.09353568986436424
none	0.09105189660691423
none	0.10352393808495321
none	0.1059191196119555
none	0.08787074714309995
none	0.07423241302760918
none	0.09333345764868481
none	0.06075299272122075
none	0.0837098497112316
none	0.1720004914717565
none	0.08577202342225114
none	0.0656311145620103
none	0.0742771057483841
none	0.09613686447667565
none	0.09156674700993771
none	0.08602297060541171
none	0.057780738503994476
none	0.08645908081838363
none	0.08538105553549774
none	0.14989053594086726
none	0.07649341776203909
none	0.1007621048562593
none	0.12864683824782686
none	0.10456435435645643
none	0.09173963520729585
none	0.08686879533863663
none	0.18456873779611688
none	0.10182508000928817
none	0.08924628611416574
none	0.09221535550901348
none	0.08317850977142462
none	0.07913051078220387
none	0.09335257630733752
none	0.09002419280466437
none	0.09824772644598039
none	0.13130862000000001
none	0.12627055729442704
none	0.13454916526365843
none	0.13693394132117356
none	0.12487666123338766
none	0.12793418801236048
none	0.08374616534414094
none	0.09964167892235626
none	0.07458260095783716
none	0.08597727000000001
none	0.11657930559437768
none	0.10339589934060693
none	0.103884412459101
none	0.06821291753898073
none	0.0866715004022526
none	0.0648810010252726
none	0.1139948
none	0.06450174491275434
none	0.11507320453084832
none	0.09927487473741858
none	0.07787552599565244
none	0.08838523486243575
none	0.07368865000000002
none	0.09252518295307792
none	0.12363681999999997
none	0.11172838543229131
none	0.13269101009739756
none	0.0785346516355572
none	0.113840086406179
none	0.11939081947625209
none	0.11299230788400355
none	0.10847568019539461
none	0.135576716073278
none	0.1504607507849843
none	0.16102700349335017
none	0.21611354799717958
none	0.14989891051005474
none	0.12003865722852464
none	0.15917363344051447
none	0.12732050063588002
none	0.16336743693050057
none	0.13307873849827914
none	0.1616544710445712
none	0.13638458153744612
none	0.09020466008521524
none	0.10290365244237461
none	0.08394035045607298
none	0.18278570447764914
none	0.20386471299879022
none	0.19295758365110907
none	0.25059542464137735
none	0.1576399460053995
none	0.1500984540656672
none	0.17877860221397784
none	0.22038488788517846
none	0.18821270888233158
none	0.16836739934682154
none	0.1601544047994948
none	0.20661564169013297
none	0.21905377104890764
none	0.12997430077097688
none	0.15532815360808913
none	0.14834520068061255
none	0.06938699724517906
none	0.09093615555821195
none	0.07724597000000001
none	0.07662851600387972
none	0.09846309536904631
none	0.11935274103987886
none	0.16703163613442856
none	0.12779425872785607
none	0.13792901336686078
none	0.11057603963971192
none	0.12818356031429723
none	0.09647346526534732
none	0.08237834864954052
none	0.10746003410270821
none	0.08169799444003178
none	0.08487735308602269
none	0.15745559017183236
none	0.13660688487904368
none	0.10096510526053297
none	0.09107010500642126
none	0.12611055487305486
none	0.10919007093623777
none	0.08173694738543605
none	0.1153165407476096
none	0.13731395744170233
none	0.11198594999999999
none	0.09798151905122382
none	0.07702431999999998
none	0.07667871165437587
none	0.07862290131296062
none	0.0782471701726623
none	0.06189629310690111
none	0.07445645851786241
none	0.1183064904995061
none	0.1050515803051896
none	0.1204848330676837
none	0.1182015966527348
none	0.0930949534325299
none	0.07635124766424686
none	0.06503452252035455
none	0.070526
none	0.08786762
none	0.07140488951104888
none	0.08874626774761384
none	0.11131845177365138
none	0.14475115595367902
none	0.05719841254229286
none	0.07830065973059565
none	0.11960089555086516
none	0.10609728812642794
none	0.1373403239202658
none	0.0783844841575301
none	0.1409760340876691
none	0.12879791254153103
none	0.08391955539974842
none	0.12124531999999999
none	0.13098610941506897
none	0.14830347719267462
none	0.11069636706250881
none	0.10105267879096959
none	0.110117211040135
none	0.06048623649174594
none	0.10496178676780447
none	0.11410696317973182
none	0.12062636000000002
none	0.09045938081238376
none	0.08629234368023606
none	0.06332183459819421
none	0.08526755284944938
none	0.09376868231317688
none	0.1390494300471707
none	0.1332620619094429
none	0.06382818171818282
none	0.11727811399040054
none	0.057398376375721906
none	0.07579798301298486
none	0.07937234062014087
none	0.07740934589959912
none	0.12352157501073506
none	0.12158344999999998
none	0.15014376372221722
none	0.08775267231328923
none	0.07306329019920911
none	0.1241535027953593
none	0.1083500395381939
none	0.12590009357170656
none	0.12016489548524349
none	0.11710322174770436
none	0.11260943559243704
none	0.08866006487286372
none	0.06647547867819827
none	0.07929103
none	0.07460840914333858
none	0.06854457304631412
none	0.07996767169714797
none	0.10003680683648929
none	0.09231325192952193
none	0.07083497330967808
none	0.06589559628331823
none	0.07808397
none	0.059683716080914835
none	0.0879989900100999
none	0.06710401208024161
none	0.09476656429135945
none	0.07116472670546589
none	0.1395093898122038
none	0.14167611077159864
none	0.09184326047281885
none	0.09440635127025403
none	0.11107417016622716
none	0.11979908222624006
none	0.09458746675426234
none	0.09227813710451933
none	0.10730990320025509
none	0.1026354526453516
none	0.09404055702157953
none	0.062237871724153855
none	0.06777611254832429
none	0.06542174465897715
none	0.1366342051713165
none	0.13761105165381043
none	0.07506522934770651
none	0.06406322114903913
none	0.11065850496034738
none	0.10260322793544127
none	0.08920494833444603
none	0.07000574999003469
none	0.07668831636637849
none	0.09182519067040776
none	0.053441724124108074
none	0.06371418009758982
none	0.06291373252015094
none	0.09382331935723312
none	0.06876284948602056
none	0.08409206
none	0.06732015
none	0.09239331213375732
none	0.08332133493445411
none	0.11446840251746664
none	0.06367463099569633
none	0.09694300399696963
none	0.07968266415045228
none	0.08916378690311633
none	0.0787197574061115
none	0.10511542197048482
none	0.11542385121824573
none	0.1179812101878981
none	0.1715420197625464
none	0.11220929859397878
none	0.1056726129149814
none	0.060128494413938645
none	0.11186701070996717
none	0.10380523805238052
none	0.08875929744617647
none	0.13663793255088977
none	0.10565064361669049
none	0.1371992568143394
none	0.12260943272341805
none	0.1097724247085971
none	0.09335255733589617
none	0.12777428544692707
none	0.13664949544505695
none	0.1382955563519083
none	0.10597802252916455
none	0.09054858033311072
none	0.08533796175532235
none	0.05558800411995881
none	0.1255928108996038
none	0.07766479184323395
none	0.11276222861626993
none	0.1137055646553632
none	0.10760945141771264
none	0.11573781672341402
none	0.05991842244732658
none	0.06994416
none	0.07838460644448965
none	0.09648706025879482
none	0.12181900864623643
none	0.05185039188334822
none	0.22251393575179185
none	0.15460862550978488
none	0.17207266088910286
none	0.1138013835279964
none	0.14022388999999996
none	0.09389166775784556
none	0.10512128000000001
none	0.10189825828589723
none	0.08634765057927714
none	0.1054353047520661
none	0.12547193481373914
none	0.11781383566224528
none	0.13574629835475613
none	0.14808259930698536
none	0.1412266385782294
none	0.100899400403297
none	0.09814039283177073
none	0.11686813824571235
none	0.09988325
none	0.09608203769434585
none	0.11923370130733785
none	0.0520551277948882
none	0.09557908
none	0.088593945192522
none	0.06826626798307475
none	0.1281809558153279
none	0.11272571822845316
none	0.09807079238506018
none	0.08500567028999483
none	0.07197680440716264
none	0.033019533048997816
none	0.03427610680926421
none	0.04202776888924443
none	0.04209378531073446
none	0.052056950439957186
none	0.09736922461630756
none	0.05806972620262576
none	0.08548064215229025
none	0.09032489778391799
none	0.09317110751554916
none	0.21128671234994073
none	0.17651394569728485
none	0.10593496457232711
none	0.16141773911304436
none	0.2171429171710704
none	0.20840864513237595
none	0.21967154888319293
none	0.16619638622963287
none	0.09754073590734376
none	0.13076123956326266
none	0.09994063
none	0.1874747942188043
none	0.1273991431035602
none	0.1683215148327372
none	0.09952502594329835
none	0.20031968026503935
none	0.14607615978812627
none	0.17245262133341951
none	0.18841112463815166
none	0.19286899717177877
none	0.17911071889281108
none	0.16875968573583058
none	0.12222568746127818
none	0.11879052688038949
none	0.1270141881555398
none	0.14466700389023893
none	0.09337177488306592
none	0.10470827795585437
none	0.15337807446966328
none	0.12408076519882015
none	0.13770017698407147
none	0.11445903464621274
none	0.13891226
none	0.0944805203895922
none	0.09898060343305819
none	0.07879852284545301
none	0.14966559
none	0.1543511441832684
none	0.120203162732281
none	0.12963851361486384
none	0.10255495778994826
none	0.09703951
none	0.11828052650017518
none	0.19007760546964894
none	0.18361725393902192
none	0.17167698222304237
none	0.1390802893272839
none	0.08546550118165093
none	0.12087177586569571
none	0.09672761992863751
none	0.11128929710702894
none	0.11201262501205904
none	0.11752116000000004
none	0.11251101000000001
none	0.08540782592174079
none	0.1822724914168619
none	0.18272401742301458
none	0.13907750563454
none	0.13783626697284349
none	0.10817516312773409
none	0.12397390234992053
none	0.1307974000028953
none	0.1168960688206462
none	0.09091638
none	0.11140408933449746
none	0.11764998522714538
none	0.11182009602312812
none	0.15182883342333153
none	0.1445179514207975
none	0.12042094723831488
none	0.07426086
none	0.13091651
none	0.10692620114925237
none	0.07835856697196338
none	0.15106593054513626
none	0.10612960416462038
none	0.09722332916290843
none	0.11178895493253914
none	0.09481042981271293
none	0.053263147536228884
none	0.09747289344807433
none	0.07689694515274237
none	0.055617410870543525
none	0.07656321873562529
none	0.05275348493030138
none	0.13219121714025223
none	0.11864566270563787
none	0.10296504759039006
none	0.0820396811089077
none	0.052767927679276794
none	0.057765157552059215
none	0.05798204448887778
none	0.09313147860986958
none	0.1366901735831018
none	0.061650971453679176
none	0.07085551000863374
none	0.08387442251154975
none	0.11118241843992914
none	0.058034815113560824
none	0.09846507725924766
none	0.07474003905058271
none	0.08376799040240754
none	0.07445453766316132
none	0.09810572998034571
none	0.0813378393839384
none	0.06331321249507452
none	0.08093925299506695
none	0.07493710704417123
none	0.09653611909952324
none	0.08373709805894436
none	0.08757692373504904
none	0.08023264923257707
none	0.06404678820272978
none	0.06487770849571318
none	0.10887975999999996
none	0.08534890875202919
none	0.04696748256500873
none	0.052406757963953846
none	0.037993530949964875
none	0.044385829999999994
none	0.09300560410825882
none	0.1767078779498796
none	0.04534700766072712
none	0.08690110054877499
none	0.11844006174200661
none	0.08443207839608019
none	0.11478826566345826
none	0.11565766
none	0.10021558000000001
none	0.10947976364254434
none	0.09550652999999998
none	0.06954264458169568
none	0.09562629322720206
none	0.07507336
none	0.13521791940554442
none	0.1749256025675084
none	0.11769786254192317
none	0.12459286172824799
none	0.13415808541370666
none	0.14512614460209503
none	0.18293992847184334
none	0.22737344
none	0.21477610999999996
none	0.06769066607887143
none	0.11106138639936135
none	0.1374460143776886
none	0.09815828208589568
none	0.11570372784054711
none	0.13219850179426532
none	0.128616393855452
none	0.15020079172115966
none	0.15385301516136765
none	0.12510020842925737
none	0.10763772999999999
none	0.13656196737160123
none	0.11994852307392499
none	0.16842638131906593
none	0.09006447095079757
none	0.16277707389334264
none	0.08193787874235003
none	0.08761612766472869
none	0.13686325925402903
none	0.07505613367001995
none	0.12165090331061046
none	0.15308188734514533
none	0.12023068086778649
none	0.10563467501550401
none	0.17175044750447507
none	0.06926868537370746
none	0.09665640343596563
none	0.11363331576531391
none	0.06275631553454358
none	0.15196599068018643
none	0.13943619673617405
none	0.12546199236086153
none	0.0783513
none	0.1095797790210351
none	0.08787566543789158
none	0.07770362481875906
none	0.06707861096929837
none	0.05919306000000001
none	0.12190924363025478
none	0.137101531088005
none	0.12162034712149254
none	0.09255224827143158
none	0.08592317948791078
none	0.09161216098234148
none	0.18946172
none	0.15234348942297113
none	0.09994236287461382
none	0.07878618680167329
none	0.08845788892236615
none	0.08122922434504061
none	0.08637021
none	0.12915531
none	0.06052066338771594
none	0.08160768677299436
none	0.07664003843112922
none	0.09114133627359233
none	0.1288836593439663
none	0.14026923668742244
none	0.12447542822333846
none	0.10501559920353006
none	0.12221904789922251
none	0.09782903216928782
none	0.1309027266249862
none	0.1170496959230707
none	0.10870396783118243
none	0.1307755782067089
none	0.13839362896712043
none	0.13818747557486985
none	0.10730572000000001
none	0.14297075428973985
none	0.07219174223480854
none	0.12525396238112857
none	0.12348236003533086
none	0.1482371876281237
none	0.13685962935369714
none	0.12211427323701386
none	0.11931346918892588
none	0.13696701939349143
none	0.05193876489880808
none	0.07024254945263708
none	0.08916255241585433
none	0.08057238
none	0.050894448761594636
none	0.054208291557699455
none	0.06647946958939178
none	0.07864398538006988
none	0.06195078799312176
none	0.08688626937641503
none	0.10092786442223163
none	0.1684658608066037
none	0.0873024680199483
none	0.09814290484724492
none	0.19208014728737774
none	0.10058390235996308
none	0.09903491029194325
none	0.15622719456962722
none	0.06765797402061081
none	0.0699339019829405
none	0.07410822710541887
none	0.07007373571614402
none	0.09988511919046476
none	0.08243625601840947
none	0.09644845616716129
none	0.10913696295118454
none	0.09457329672122237
none	0.0959153868472921
none	0.1098027417821584
none	0.10147409156873347
none	0.11173942208355926
none	0.07645740201814126
none	0.09724389761422612
none	0.06834822971506652
none	0.13366808999999996
none	0.1513412963481461
none	0.1335035921355697
none	0.0807548958533001
none	0.07166631
none	0.09870817918208181
none	0.07119942203984204
none	0.10169086444476232
none	0.0879566031908376
none	0.07093682330566534
none	0.1253052404031503
none	0.09405578053981864
none	0.1603321292985883
none	0.06690560245856966
none	0.077252121436505
none	0.09081472691478683
none	0.06548329171126174
none	0.13141626169040047
none	0.08463997157937475
none	0.126524795680386
none	0.09472777196185551
none	0.11113091601723557
none	0.10353513755339427
none	0.07072051167912283
none	0.0758862630034676
none	0.09895931475934208
none	0.09094612348018319
none	0.07863263607556857
none	0.08550393829493794
none	0.08213432880663384
none	0.08480129192248465
none	0.08804137829480194
none	0.068330410050386
none	0.04791666416318683
none	0.07603625329710646
none	0.09038918
none	0.10663285080446377
none	0.06877010229897701
none	0.08461278622436541
none	0.09596296004102403
none	0.06940892505290812
none	0.06060815250456297
none	0.10171506854794359
none	0.0876427271454571
none	0.09333672504752127
none	0.05938412190029386
none	0.05202253864768114
none	0.10908531566797146
none	0.13141750961993448
none	0.15026152727669903
none	0.18068715067857974
none	0.16962025508041897
none	0.10430163957399105
none	0.14844574252253348
none	0.1662078513451427
none	0.11858691422085293
none	0.10280636419092572
none	0.08489221538923053
none	0.10991574000000001
none	0.08154490375341313
none	0.13500185852920227
none	0.12385523144768554
none	0.1271979238546698
none	0.09354903622295262
none	0.09014710100594744
none	0.13061258456028652
none	0.11384041142226417
none	0.13462179133522584
none	0.11325994327286713
none	0.16828318996585942
none	0.13390975729271876
none	0.14693139990886142
none	0.14888720990473112
none	0.2213930435153038
none	0.10142324000000001
none	0.14195581096802665
none	0.1258536814502808
none	0.13095247807872662
none	0.07494398770237921
none	0.08801074096668701
none	0.06941629751107467
none	0.11648404580995493
none	0.11519869602607946
none	0.10188212912447406
none	0.10321666717912453
none	0.09234016833361756
none	0.07976414707558772
none	0.11705904848034625
none	0.10903359566216063
none	0.17072179
none	0.143292
none	0.1663531035316397
none	0.12791173109787546
none	0.15241533752530342
none	0.16268070999999998
none	0.133023
none	0.10641365192496346
none	0.12826654529983872
none	0.1431322686773132
none	0.149838205899574
none	0.12768092107158702
none	0.09915569563512075
none	0.10187962623671673
none	0.11576168703271966
none	0.0873953077398441
none	0.08614186019031468
none	0.11705330626856118
none	0.1651110388896111
none	0.17137083509603182
none	0.15623093669548532
none	0.17533395851149297
none	0.19578106316667399
none	0.12785046299074018
none	0.1439569841442286
none	0.09639082162214455
none	0.06303397932041359
none	0.11420861417228344
none	0.10926547077041282
none	0.08280927572172835
none	0.08081291812918129
none	0.056699350551276236
none	0.044285720614667984
none	0.08566935299351723
none	0.06112909117521653
none	0.07598709935496774
none	0.050866951430356404
none	0.04322864265085879
none	0.056175516588183504
none	0.06146957254241271
none	0.05937383794818426
none	0.057685277564840876
none	0.044011037062260484
none	0.04495006381620931
none	0.07887650574840492
none	0.12837473100521474
none	0.17163439292242857
none	0.1920809651626831
none	0.10701047130515272
none	0.08532578259012416
none	0.09989659815452853
none	0.13392290854252129
none	0.15539374847820794
none	0.11440724276374413
none	0.08081176000000001
none	0.07258596460233843
none	0.10920305068460247
none	0.14210805415131522
none	0.18365874702012625
none	0.10547991118312476
none	0.07052816999999999
none	0.07328843325421211
none	0.054904818325434444
none	0.05060670660318452
none	0.054288622814488256
none	0.07915570031234588
none	0.09135190205585388
none	0.08778820754204215
none	0.06704193641994458
none	0.0701744430222791
none	0.05695788
none	0.07690776
none	0.12288252134605726
none	0.08450190779386464
none	0.0485836302137539
none	0.1247967728984975
none	0.055236006194140715
none	0.09365985582013943
none	0.11494753434144023
none	0.06408673653053877
none	0.09618616824406492
none	0.11379562204377956
none	0.153817691994976
none	0.17609334514701794
none	0.1597332653346933
none	0.21344638000000007
none	0.14220017879384467
none	0.24077634384287375
none	0.16262370311870913
none	0.12958139378033223
none	0.14895997266628014
none	0.1271511791709212
none	0.0984384152589997
none	0.0981382783228349
none	0.17041611754676295
none	0.14850151465163014
none	0.10006246812595622
none	0.11678958231932651
none	0.08201403
none	0.04935061599082249
none	0.1179522433409054
none	0.14424714752043982
none	0.15079023175330328
none	0.0993737139500972
none	0.07203713851445942
none	0.12914644920734702
none	0.16816661865627386
none	0.16058207164087468
none	0.17219636482661688
none	0.11737594325669796
none	0.10553506020112736
none	0.10413561730744827
none	0.13760120631181333
none	0.15272532703861308
none	0.12718684802659583
none	0.15514071086089856
none	0.14205599351345694
none	0.16179534790455183
none	0.1093841867111217
none	0.10490367738721953
none	0.15922409993119482
none	0.1832096107958533
none	0.12643079671177535
none	0.0797993586848119
none	0.0804818080102297
none	0.11918316979743021
none	0.09650800999999999
none	0.13182430926418515
none	0.1589674657097289
none	0.22703980604023125
none	0.13183129453407544
none	0.12173575523516994
none	0.12223883477669555
none	0.13801371154598435
none	0.13062035593859195
none	0.10855513262655937
none	0.10227648201836342
none	0.15656612406388853
none	0.10395240795090716
none	0.12455915408459155
none	0.1492247229326513
none	0.12452272431827048
none	0.19293365008462768
none	0.1235840685739966
none	0.1808550968141853
none	0.1302884103526072
none	0.11820374024733667
none	0.19174438042483744
none	0.14334969087747093
none	0.17773246870888662
none	0.17826203000000004
none	0.1830800745065444
none	0.1465177715732287
none	0.11062722006174076
none	0.10068579571021448
none	0.11063638566195051
none	0.16332950022998619
none	0.14601075613704004
none	0.13279047
none	0.11032087552548034
none	0.10856787126058731
none	0.1288804755126939
none	0.06064705703895
none	0.10965776218490716
none	0.11293481718830463
none	0.06878020384449995
none	0.119095527474233
none	0.07207197959834237
none	0.07268097406165544
none	0.07948441595221543
none	0.10234445566343042
none	0.07390988726069951
none	0.08783693000000001
none	0.09973801000648956
none	0.09886112138878612
none	0.10995882370631754
none	0.08360461836946956
none	0.10248010074340848
none	0.0852192
none	0.06307578772636822
none	0.09432389999999999
none	0.14888719210139728
none	0.10313776671624125
none	0.08392192163984387
none	0.08244720713811263
none	0.07783518916326705
none	0.0550087126462902
none	0.04257796999999999
none	0.05828660091991884
none	0.0827742546067648
none	0.08886154157585989
none	0.11802533965052947
none	0.08455211478852113
none	0.08582064970582595
none	0.08432377606981303
none	0.12846674626629376
none	0.11667730573804146
none	0.10309390459719264
none	0.14498996258782737
none	0.09029307412958268
none	0.09409082270023064
none	0.1287931284981908
none	0.07428578714212858
none	0.06039945443444351
none	0.12062501749685058
none	0.046817939999999995
none	0.09675519992562479
none	0.0988862322753545
none	0.10935358131031982
none	0.14928857043872634
none	0.11837210999999999
none	0.06800931109048154
none	0.09531499702832993
none	0.07797415999999999
none	0.2538021817600064
none	0.24846334856205707
none	0.12810837241393103
none	0.13238581554587256
none	0.13498009119452833
none	0.15574742
none	0.14078327216727832
none	0.15783784378572344
none	0.089870021299787
none	0.11940139
none	0.09740262597374023
none	0.09084774218062555
none	0.11463878806059696
none	0.09607692528529392
none	0.15282866
none	0.07113902748752611
none	0.12668336583170842
none	0.1787646123220663
none	0.17339286778794977
none	0.0811153653853846
none	0.08486669602533589
none	0.10326764321634524
none	0.09514977
none	0.1261318586814132
none	0.18263031739365213
none	0.07670256594868102
none	0.11241250699792711
none	0.09653493460792777
none	0.08972108000000001
none	0.06267467284755422
none	0.07725865164955326
none	0.07764231472366756
none	0.07029980100596983
none	0.12305651522773002
none	0.09066226510208082
none	0.060162014192245095
none	0.07459483569014141
none	0.1338958408289559
none	0.1811305786451739
none	0.13789508858444416
none	0.1262677533876694
none	0.11006998656803191
none	0.10490290174104462
none	0.12261685535348667
none	0.09292541825940752
none	0.05807886776952089
none	0.06257771489706339
none	0.09144410922949525
none	0.05133202789445561
none	0.0753484676869216
none	0.055012392976639325
none	0.0936059215262779
none	0.07157235182708446
none	0.06702596
none	0.10174681502452514
none	0.08283954550495529
none	0.06482963900105718
none	0.05086178592572523
none	0.15073165000000002
none	0.08040409965502984
none	0.08208020077136853
none	0.10048589617825468
none	0.09129677625789938
none	0.12739756196927696
none	0.13431411429428528
none	0.08221906796143005
none	0.09272932097299312
none	0.08869923638146898
none	0.06473216706474728
none	0.08156410966669674
none	0.09748099491724531
none	0.07100856715134805
none	0.05399550038674361
none	0.13639324396891497
none	0.0915823185135904
none	0.12207443041249613
none	0.07633254033015896
none	0.12367015391411731
none	0.1272258349648501
none	0.1117748159233024
none	0.10546131852087565
none	0.06044764482507877
none	0.08684283612040136
none	0.16044822907596043
none	0.11350181625779669
none	0.11564281428142816
none	0.1123929106870517
none	0.10192438999172869
none	0.1315154083386303
none	0.1601646900409136
none	0.13363736842105262
none	0.14264825481430538
none	0.15342015966067107
none	0.15029592467678474
none	0.07042455360717433
none	0.12049602531066252
none	0.15670145896717574
none	0.13505509966019172
none	0.08350550604614877
none	0.08382716494182091
none	0.10153087963194479
none	0.10029221815262655
none	0.11650730492695073
none	0.09813059139772809
none	0.08860112246742033
none	0.09149453518484534
none	0.09443903829747097
none	0.10439325341557934
none	0.08814243514122666
none	0.10400943445163466
none	0.10365648318960291
none	0.1606649611537966
none	0.14857385199106413
none	0.13536276516041015
none	0.1628078692703158
none	0.17263216526065328
none	0.15740372353224252
none	0.06792774216773496
none	0.07375976003823409
none	0.16345920861087826
none	0.1598519841150757
none	0.14519988800112002
none	0.1310460215478897
none	0.08734285886144792
none	0.10541325666875102
none	0.09975986922126322
none	0.06941221083806931
none	0.14374677299121155
none	0.09914356832341686
none	0.10254307948316368
none	0.16931682746122279
none	0.12470931817265432
none	0.08447627335653982
none	0.1569867259300879
none	0.12341105880853308
none	0.12238482290739978
none	0.15634992396654526
none	0.14450561
none	0.0950658178011966
none	0.10601354895954096
none	0.12765428769087317
none	0.11647064896016038
none	0.09175149248507515
none	0.13515368000000003
none	0.12696269419665226
none	0.14313226848897762
none	0.10042961352965828
none	0.10135839995824163
none	0.11549583744159131
none	0.10638885745463364
none	0.1402921621682226
none	0.14730441
none	0.13560791238359501
none	0.04458981598589165
none	0.09500968777108472
none	0.12555987292551463
none	0.1118712617354542
none	0.15365052923892647
none	0.09754836867538683
none	0.11210108758708864
none	0.12571169206721375
none	0.10195250504110435
none	0.0767541285726052
none	0.1232346600591279
none	0.15221176776568504
none	0.13168665053119358
none	0.14461822527098916
none	0.06602995164835165
none	0.06792142092574252
none	0.08536487153212645
none	0.08395599025571457
none	0.0763984361686131
none	0.09559669670580856
none	0.04886931784092955
none	0.09830247790088396
none	0.11943738437455527
none	0.09656133316000519
none	0.07126541121223255
none	0.06524507093406895
none	0.07559092386628001
none	0.06367458053896365
none	0.07980451150373459
none	0.04904487102579485
none	0.059963053130363396
none	0.037739761744626364
none	0.056533207975947464
none	0.06500650286891274
none	0.05502074886097398
none	0.06824188758112419
none	0.07857980183095781
none	0.07304943140866502
none	0.049983853606027986
none	0.06535722640101635
none	0.061698244335711416
none	0.07141834767562043
none	0.06085009465533793
none	0.09551309708448874
none	0.08445263271471731
none	0.059733270000000005
none	0.10213466000000002
none	0.07733527363692672
none	0.056496779999999996
none	0.08510195343053689
none	0.12026845630004405
none	0.09853595000000001
none	0.10366779196375184
none	0.1080372938435398
none	0.07679053972953509
none	0.10792096390594907
none	0.08430697997124054
none	0.11872569440059752
none	0.10122107053526766
none	0.11292171817144452
none	0.09916213837861619
none	0.0939570629306665
none	0.09517384182015169
none	0.09825827999999999
none	0.11704062242911892
none	0.12057334279971603
none	0.11987858183040215
none	0.1383397590361446
none	0.12829573363594657
none	0.12122207521449763
none	0.13285835763934237
none	0.10776685021915963
none	0.09036312539426496
none	0.10774686656161939
none	0.07355580721843949
none	0.0910910787806387
none	0.12717792722264615
none	0.1428489630207396
none	0.15035233910600782
none	0.11448704465723376
none	0.14987538
none	0.11937807074152605
none	0.09651575578370616
none	0.09560144455686566
none	0.11214075026383957
none	0.09737212518984595
none	0.09061658458199424
none	0.13342591977040194
none	0.12733314949259955
none	0.1403377
none	0.12260919172424825
none	0.10242880565612145
none	0.10299651874489599
none	0.09342772070715964
none	0.14554832968373482
none	0.06996609535035601
none	0.056273828756058165
none	0.110556825872706
none	0.10872155592843864
none	0.09579240690659455
none	0.12391575738611701
none	0.10803471019499805
none	0.12419579477866986
none	0.10094126419973076
none	0.09977324730521717
none	0.14248683999999998
none	0.08990411426049627
none	0.08014492775003504
none	0.09089298954298591
none	0.13160412093363275
none	0.13201203616899024
none	0.12409891828696856
none	0.15184211599098685
none	0.08734885782732535
none	0.08139885421769864
none	0.09447624105657655
none	0.09557464402847773
none	0.12240307852334897
none	0.0749890401095989
none	0.13858487415125847
none	0.0971621569872318
none	0.1028916981584788
none	0.10467290598692564
none	0.12582052738941307
none	0.08767278946813742
none	0.0952533143469993
none	0.12487583824136606
none	0.0948306093725565
none	0.16339492064652963
none	0.13330008970823642
none	0.07852503949921004
none	0.07529916039796165
none	0.1473561578525352
none	0.1540080485477732
none	0.24924370268891932
none	0.22478923483472835
none	0.1606538847017319
none	0.1270913203820886
none	0.19799044398584412
none	0.16233086350410966
none	0.2371385937125333
none	0.10546814936298725
none	0.14174381257865368
none	0.11204484
none	0.12724369409456743
none	0.129598524166898
none	0.10401305645473971
none	0.12076336625313894
none	0.1525152945659307
none	0.17891892372078333
none	0.19309239859244395
none	0.17343389924059305
none	0.14845529544704553
none	0.1465075282372437
none	0.14785780666352882
none	0.09207683348431346
none	0.10849710330528113
none	0.08878324294568585
none	0.13616095893843272
none	0.14725114854517612
none	0.24737577074828773
none	0.1603606649598751
none	0.16505297841064767
none	0.11677856550041497
none	0.14504094263032655
none	0.14999791566458232
none	0.14725881740662158
none	0.10922872901678658
none	0.0845109038737446
none	0.09960826824670076
none	0.12979007415300842
none	0.11258731888767787
none	0.08951873647826113
none	0.11965965417543228
none	0.11627269938488065
none	0.10414181665143757
none	0.12991648701400269
none	0.10917717064367354
none	0.14421593094055443
none	0.1906008
none	0.05898743663213578
none	0.1540127309610177
none	0.09103252999999999
none	0.15110710752145382
none	0.08249682845557829
none	0.08384286685733715
none	0.0822419551794713
none	0.10090134
none	0.08547847000000001
none	0.15677701081741255
none	0.09585212186169727
none	0.07388028
none	0.09547091279355556
none	0.07720988691243963
none	0.12361559895999831
none	0.13372430551388972
none	0.10110719497137728
none	0.08743229967095029
none	0.08852514000000002
none	0.11956831
none	0.06342407151856963
none	0.0857041289933695
none	0.04819290999999999
none	0.051551881052911086
none	0.06747223749862513
none	0.11883493024374596
none	0.08384647
none	0.0993198603219409
none	0.12091686000000001
none	0.04627178522483386
none	0.09347685161290323
none	0.04525661188052729
none	0.0745595463995776
none	0.070922553311112
none	0.09153404397868062
none	0.08932039947343616
none	0.07425091850554844
none	0.07529371212995067
none	0.08811158
none	0.0921051435569465
none	0.09159167185835729
none	0.1518072445108475
none	0.1069434449399447
none	0.1057668769936902
none	0.06820197010545402
none	0.06971775278795184
none	0.047862054414660606
none	0.09391206758648271
none	0.07700091996320149
none	0.072452133555719
none	0.06771450604809373
none	0.12846544995998563
none	0.11922886
none	0.12343505071508681
none	0.13420601599157328
none	0.10740118592884428
none	0.10228486079470077
none	0.09991912933434574
none	0.08313894444222232
none	0.09391216939688386
none	0.10697730284956924
none	0.1562516
none	0.23502442000000004
none	0.2189657262941461
none	0.4135294612625969
none	0.16311196455659624
none	0.1315440614731083
none	0.1337143214271429
none	0.12381795870939306
none	0.12395028049719503
none	0.09952687138192816
none	0.07473673706801452
none	0.07831212301569675
none	0.10141739940312859
none	0.17251993880367178
none	0.1660524184274472
none	0.12354662395926372
none	0.12496871269648606
none	0.11434363689116163
none	0.1231308457960286
none	0.14198058000000002
none	0.20586948
none	0.24720950452693713
none	0.12202963070907258
none	0.14920580000933226
none	0.15150366474346796
none	0.14182374294971797
none	0.12685477371873854
none	0.10001548
none	0.11117162992350056
none	0.10760433194423008
none	0.10212462750744984
none	0.16785017020547105
none	0.12069334535031469
none	0.16536604024103768
none	0.2496939969399694
none	0.10002477880698478
none	0.11968668939931802
none	0.11522853000000001
none	0.13811367772644548
none	0.15161956663033585
none	0.09138594575608562
none	0.31993897
none	0.15249319407413345
none	0.17434569498221353
none	0.20592491873781069
none	0.1817113242264845
none	0.14339417271589489
none	0.1668462915370846
none	0.14912669239845608
none	0.11699188352105802
none	0.11297014867334637
none	0.23774335268618102
none	0.20905264911330124
none	0.09862607303233892
none	0.12548280034399312
none	0.11093449215163967
none	0.11186513490995319
none	0.10065644818875631
none	0.10490872468217016
none	0.15256691732330707
none	0.11198136074557015
none	0.08898197018029817
none	0.09227802612126353
none	0.12729656009550275
none	0.1299296317042431
none	0.10405294642738186
none	0.10679118748932835
none	0.13360676738493638
none	0.09734806976799297
none	0.06358754232364314
none	0.07078507289562627
none	0.11090984335766667
none	0.09291277835954367
none	0.11608199062619434
none	0.11321348521189734
none	0.09590147187436036
none	0.0995104165823246
none	0.10758912160475619
none	0.1212570674293257
none	0.1226734336748572
none	0.10036339364874668
none	0.17533505539414967
none	0.14288023757565488
none	0.14191237546961735
none	0.11687169380487673
none	0.13747319095250968
none	0.06353563653089385
none	0.14618565443036707
none	0.11675287494250114
none	0.12941305013649373
none	0.18193651422006954
none	0.11798149455270832
none	0.15215969999999995
none	0.12132834755122249
none	0.12982018119708896
none	0.15335581489602712
none	0.1706480736626303
none	0.14775013415797056
none	0.11194502413004824
none	0.12022008418831708
none	0.09619268110119213
none	0.1573970958838354
none	0.12354120085041326
none	0.12792908539575473
none	0.12221403327894899
none	0.12807504778616866
none	0.08857441
none	0.15787157590124068
none	0.12915922674168326
none	0.13279818343226626
none	0.11984470080754375
none	0.13876911455727864
none	0.09417506602222332
none	0.10272463861002515
none	0.0923618488976601
none	0.08257720959532834
none	0.1342327367777989
none	0.11134194
none	0.156956449917405
none	0.12700852220860176
none	0.09107919
none	0.09165450194735629
none	0.08371437428128593
none	0.09134184298953815
none	0.0837449414632939
none	0.10053395726151333
none	0.13235298469262538
none	0.17548451577421126
none	0.14880100582989608
none	0.159320625563596
none	0.1787798471420637
none	0.16029939
none	0.226051766025042
none	0.1279240968312852
none	0.15761493525149234
none	0.07178825133872165
none	0.07684343999999999
none	0.05882377176228237
none	0.07809985640852378
none	0.07624864254072378
none	0.07660499
none	0.08167554764791878
none	0.07592726100613587
none	0.07129520507100737
none	0.0838965590445632
none	0.06102571106861837
none	0.07566679671478448
none	0.050130289999999994
none	0.07657469588367806
none	0.05873293967859326
none	0.09695044020526844
none	0.10184672705472395
none	0.10727216089918681
none	0.11454436590103531
none	0.06838685575925288
none	0.09771662306317883
none	0.07508641728145428
none	0.029959401623935043
none	0.04818490418144729
none	0.07303722702183824
none	0.06397943133080002
none	0.07288501816194995
none	0.06504968900621988
none	0.06646757891366228
none	0.08135925817794082
none	0.07865006749662518
none	0.09573954834416909
none	0.1264621359811715
none	0.0642623769273639
none	0.10740616907463882
none	0.09482676935993764
none	0.08257752398261066
none	0.09311209999999999
none	0.1713568308786186
none	0.10945937396270332
none	0.12577428176769972
none	0.10534141678709058
none	0.07888756664706956
none	0.14664730399503056
none	0.056706293496520274
none	0.0945769223954642
none	0.0799755336699495
none	0.06095875248463812
none	0.0814720001937703
none	0.08066743665126697
none	0.055655901915217555
none	0.08565138266367855
none	0.0596520865808112
none	0.04859244527286098
none	0.11950206969623504
none	0.12221968435816433
none	0.13430317105240688
none	0.09584191612151109
none	0.048682506349873
none	0.07452932226388433
none	0.02741210818377243
none	0.0422952244677281
none	0.065233302806306
none	0.03143012430124301
none	0.03979613
none	0.09318562967012939
none	0.0901235593386166
none	0.09381623183768163
none	0.14918721818229208
none	0.11315972702806613
none	0.09029595816167352
none	0.16382647
none	0.08606770671572261
none	0.09999447022119116
none	0.08583037
none	0.08513021509650635
none	0.12349329881461041
none	0.1251888703594914
none	0.15942119945826433
none	0.16613443649335938
none	0.14245679432658004
none	0.16948156256475397
none	0.11312232877671223
none	0.12458434879412125
none	0.09385856458360475
none	0.10098951832293168
none	0.10353495309198005
none	0.09909618089557554
none	0.08239468229858869
none	0.06756867431325686
none	0.11253648009899786
none	0.11279031675298086
none	0.10688188318829606
none	0.10334770740645453
none	0.0756762623029527
none	0.1090738278061339
none	0.11183231462787288
none	0.15646813659317033
none	0.12295897800990567
none	0.10616759059226348
none	0.11386968571906991
none	0.10099744409586145
none	0.08131500684993151
none	0.12196572517130026
none	0.09421368995107868
none	0.0937509746986183
none	0.09026359743576899
none	0.11292075918453365
none	0.10408497934772826
none	0.15998942452506146
none	0.08267818558070968
none	0.05674241196379806
none	0.10272913391720936
none	0.10826010769654229
none	0.10905685443268262
none	0.07714502984791065
none	0.07399739841559244
none	0.08575629354574675
none	0.0717588931914976
none	0.06181766188057433
none	0.07708058
none	0.11050416904685792
none	0.1189925153586571
none	0.11309029458232507
none	0.048406747078581835
none	0.06656533464330112
none	0.07854087334948816
none	0.04651462397632165
none	0.05748210000000001
none	0.07564801138454745
none	0.07443925181618281
none	0.05793498603841188
none	0.08957291868359743
none	0.04683322333553328
none	0.0729473721219914
none	0.09758298599443782
none	0.10843720481640201
none	0.07620679999999999
none	0.06500512599741698
none	0.06358787015365827
none	0.09177688983895382
none	0.09219955648990806
none	0.12063462433283155
none	0.11563664270215682
none	0.10101831798502164
none	0.09931321832650901
none	0.08567985
none	0.06905838175145253
none	0.11803368
none	0.09878862634120975
none	0.06126432732425412
none	0.06945853
none	0.057775241624518005
none	0.20570855000000005
none	0.06905160289228797
none	0.07507424699439524
none	0.06700089131142764
none	0.11371146474515306
none	0.0690434681812913
none	0.05866224759755671
none	0.060926566461427016
none	0.04803084251530328
none	0.046009133744835375
none	0.04613389607372416
none	0.11156311954961919
none	0.07515075
none	0.048790449814535244
none	0.06746258012976639
none	0.03627489192401095
none	0.03472762544749105
none	0.04508543856368057
none	0.07585160224314039
none	0.04558375399840064
none	0.06594884330051863
none	0.050346602340176363
none	0.0665037675231527
none	0.03043840325591963
none	0.10061788141394165
none	0.07559554404455955
none	0.04840862774116776
none	0.11049846394511666
none	0.1188054349782961
none	0.08856645620364803
none	0.03495168560662849
none	0.053695466090678184
none	0.08040441012142732
none	0.059233360000000006
none	0.06271616646658663
none	0.12055561999999997
none	0.17985509649486436
none	0.12255780187281078
none	0.13095936803001706
none	0.13848605
none	0.12867872115563347
none	0.10413531652457826
none	0.0993461125044787
none	0.07789525209495811
none	0.09407430817389914
none	0.06830828714559795
none	0.06865279988786434
none	0.08523832041989504
none	0.056618204193136866
none	0.06613552457054123
none	0.10349143432299729
none	0.10547520930465734
none	0.0933403743967429
none	0.12700148683741536
none	0.15719006619867604
none	0.10917098743771492
none	0.07037638823517631
none	0.0864081772154531
none	0.07613318200536344
none	0.08966074374793764
none	0.13055917763289465
none	0.11895605190809244
none	0.10510232612117729
none	0.11644877805016414
none	0.08606941263910652
none	0.09563282284876568
none	0.12897609264101606
none	0.10375215
none	0.06558907
none	0.06877875667799903
none	0.05063342349530056
none	0.052466376089663765
none	0.08480404304453325
none	0.06831652513103896
none	0.06302771294550542
none	0.06525018
none	0.039707188168501155
none	0.08157114726428806
none	0.1195990764318338
none	0.12611496743986345
none	0.06552619367058637
none	0.12921093529931718
none	0.0811335705661816
none	0.06800301021071474
none	0.11248463999999998
none	0.13745940999999998
none	0.15307775488668912
none	0.1359834207929527
none	0.11614758066129256
none	0.05533587999999999
none	0.07510749000000001
none	0.0846728324388282
none	0.1405813853698406
none	0.16478151
none	0.10053892570325186
none	0.04658446477061597
none	0.07379647255176146
none	0.09516441069659953
none	0.05688285064946217
none	0.08304259863188038
none	0.08828874978751487
none	0.07516527657845277
none	0.16261043389566104
none	0.28885467019740013
none	0.12877156828397868
none	0.09138651453941841
none	0.08116502374585945
none	0.12249627920970813
none	0.12329932121742936
none	0.09445042041599055
none	0.08010848201751027
none	0.08134819343522927
none	0.07648870628319471
none	0.08264800720108016
none	0.10607214102254013
none	0.09123262573153089
none	0.11648511665325824
none	0.06442389728308151
none	0.06995003324401103
none	0.08785999389375126
none	0.10261415867287757
none	0.10826713572923133
none	0.09973876696937524
none	0.09769033
none	0.07933240839059964
none	0.08318487764861242
none	0.06202128999999999
none	0.07539096626391902
none	0.08447820941447971
none	0.08931414351661034
none	0.09579661644356402
none	0.1282401477238759
none	0.16318472186908495
none	0.11794617918247621
none	0.08695844544406237
none	0.0827531365979792
none	0.08485426
none	0.08911499625107405
none	0.09349214
none	0.08685737139429085
none	0.10867843583217507
none	0.11257872
none	0.06638317979734892
none	0.06810002799944
none	0.07488580706507114
none	0.07535219193719583
none	0.12277408670541173
none	0.10647564572657975
none	0.11759031271278596
none	0.07872732040911015
none	0.08093338172837033
none	0.0846446484196536
none	0.13082101346811478
none	0.09993556080836474
none	0.06974877982564628
none	0.08990708093501694
none	0.09328189123116382
none	0.14072472941325398
none	0.10650373752224714
none	0.068441695865452
none	0.054738189999999985
none	0.06612540668121066
none	0.14575267415865506
none	0.09909301131937125
none	0.07901851456880128
none	0.12784518504252643
none	0.1517122071220712
none	0.10809878099614678
none	0.106900129902264
none	0.11773783428781588
none	0.12491750186556455
none	0.1485865005146981
none	0.1522832573903352
none	0.17214502233567325
none	0.12819821136960183
none	0.16549634714915093
none	0.11548178922856381
none	0.18805036401517852
none	0.150018317680686
none	0.16914904200614084
none	0.14422402256205089
none	0.11381773859695561
none	0.10774340139362566
none	0.1040597702081918
none	0.08369097927062187
none	0.10393182873849012
none	0.10072591999999998
none	0.14528237835743585
none	0.1415178914195674
none	0.1152623590712414
none	0.1346183923460299
none	0.09156620467193649
none	0.1313382303228351
none	0.15506721332838797
none	0.07839485514232077
none	0.12862852634059865
none	0.0930542789144217
none	0.08446553
none	0.1133969240018035
none	0.10574793346976444
none	0.14900550144856067
none	0.11467631279025592
none	0.09731690272992712
none	0.10536807857367153
none	0.27378900883858975
none	0.05817050205512268
none	0.10439032275222959
none	0.0956162235083311
none	0.08603888494495715
none	0.07185971140288595
none	0.18620979
none	0.14896912009825422
none	0.12165139308324387
none	0.17104847254065028
none	0.1414504364869054
none	0.10156765
none	0.07027720785164593
none	0.11066560697397754
none	0.12785912889827666
none	0.1585798951538677
none	0.09932685279836441
none	0.1182100977688644
none	0.08458825062280455
none	0.07728303999999998
none	0.0765592788144237
none	0.1104197800824691
none	0.08756614924191254
none	0.08667424695032534
none	0.09081939848804528
none	0.0940945844415047
none	0.11757879000000003
none	0.12721531784682155
none	0.08272879000000001
none	0.09751592139840201
none	0.10863954116934789
none	0.0931208291160235
none	0.060023663356404855
none	0.08273849416970276
none	0.07956088815642956
none	0.08831623426407673
none	0.07742821283016739
none	0.12433685390163277
none	0.14241608489528118
none	0.10660505973295856
none	0.12455166406085116
none	0.13769691594252678
none	0.09861701700697335
none	0.0792627993517796
none	0.15715650999999997
none	0.08935473148852667
none	0.11762363280078382
none	0.050554596724196536
none	0.08899841001589982
none	0.07317752797573258
none	0.08979134460587758
none	0.09858927001810924
none	0.07837125
none	0.08205023173869085
none	0.10824295303427854
none	0.08453991999999999
none	0.0979956135911192
none	0.11894333588804902
none	0.08159309
none	0.19825590050835146
none	0.1446006662439741
none	0.2365586198790417
none	0.22794445388822784
none	0.11205984362962841
none	0.12963801515682
none	0.11522327040988752
none	0.13298006841139118
none	0.06578495491331292
none	0.09172834665359647
none	0.07637888277486989
none	0.06265303464735045
none	0.12502674311220563
none	0.12107290607648394
none	0.07723656869967233
none	0.05546065402611463
none	0.0711160788392116
none	0.06499799349893656
none	0.0921948524843736
none	0.13250219972941824
none	0.14266095952439298
none	0.09450110961857568
none	0.11753959019420182
none	0.0949061177396953
none	0.10283288334233315
none	0.08334340455326644
none	0.10256996010279279
none	0.1008436804204361
none	0.08346046255506609
none	0.07347541640784133
none	0.13227850000000002
none	0.11244425557444254
none	0.0989449063314674
none	0.08705779835039378
none	0.11536540785016391
none	0.1437377545817211
none	0.16597800043999117
none	0.1297377462238915
none	0.07087089180715408
none	0.12934316091631456
none	0.14988951
none	0.15751840603342848
none	0.09055168372529104
none	0.11382992622967296
none	0.13072735313853476
none	0.09061073626667686
none	0.08233255674432556
none	0.1147766374087584
none	0.11837888583300588
none	0.08704559581996142
none	0.11803231444241315
none	0.1340063997662186
none	0.18056455830939905
none	0.11565526039321627
none	0.08843704377737337
none	0.18907576
none	0.13216354546817977
none	0.13336251450058004
none	0.10910794892051077
none	0.12047055050560729
none	0.09430692974254518
none	0.09799966487760178
none	0.08726601464540071
none	0.0742779372206278
none	0.07921318823970873
none	0.09942502149957
none	0.08668688661567595
none	0.08702174527788857
none	0.07818178909265443
none	0.12864851933548588
none	0.12904863000000003
none	0.11206663493366636
none	0.18288865657606468
none	0.21567941944108474
none	0.13629409101931933
none	0.16371905968183204
none	0.1203326222479962
none	0.09286418169316187
none	0.09909956
none	0.13524859464713368
none	0.23812812430661595
none	0.21090174139760295
none	0.11754514293925715
none	0.10677875778757788
none	0.1454549400740283
none	0.08091370742636843
none	0.1429396436570016
none	0.09570840285225263
none	0.11342403639257605
none	0.07452222656367408
none	0.06923990829656544
none	0.08388555114448856
none	0.14195204095918082
none	0.19660065303990074
none	0.12950365755627008
none	0.07459464777646595
none	0.14427191178093737
none	0.11261902500024233
none	0.20604278759159844
none	0.12472586280013732
none	0.08347689527951788
none	0.11526900256329083
none	0.13345976986204924
none	0.06928713455975243
none	0.048267661234364156
none	0.11588060733227708
none	0.09435874973476036
none	0.100938580673599
none	0.086638719481714
none	0.10426796207866577
none	0.08844038150002188
none	0.07734508269672921
none	0.06006930852347374
none	0.06832478193945613
none	0.06526278232546177
none	0.1687295880599404
none	0.08323677645281637
none	0.09080030778315604
none	0.09966221999999998
none	0.0808967099682844
none	0.11608779699621363
none	0.07186954901477995
none	0.09108485985791326
none	0.07765692
none	0.07058336709227944
none	0.058963631089686046
none	0.07103407013534892
none	0.03460226865167828
none	0.041585673146148305
none	0.05651244764959446
none	0.048646695414725764
none	0.12253058292046484
none	0.10290163737057549
none	0.05227221562148045
none	0.03887702080832333
none	0.04853276348405847
none	0.049050688103280636
none	0.05281823226157928
none	0.08854308351985471
none	0.11199407885406325
none	0.06920154097356873
none	0.05824147208223744
none	0.06836334163765652
none	0.07403800542824537
none	0.08558038165053174
none	0.08489614415423383
none	0.1042024634546993
none	0.11819666130202909
none	0.07558896874714892
none	0.21669781266289745
none	0.1694267871963841
none	0.10355692000000001
none	0.1220398888688291
none	0.07476433688129831
none	0.08863656163190164
none	0.06448369309596004
none	0.07142044558621606
none	0.07105055847140405
none	0.0905579483207615
none	0.09281902638052762
none	0.0998071790466943
none	0.10542039000000003
none	0.12173778048878044
none	0.1421650390326037
none	0.079034365331102
none	0.1100609007062401
none	0.13884801063925525
none	0.06963289516709177
none	0.07566152030878147
none	0.07573179831812615
none	0.04761232778690424
none	0.0664460155398446
none	0.07586036000000002
none	0.06990352234740621
none	0.08616825611638577
none	0.14865418001515415
none	0.10740201406139246
none	0.10961021243422336
none	0.19135011189158949
none	0.10430633269107259
none	0.07555553
none	0.08112408448063275
none	0.12702013492979095
none	0.0979593910664355
none	0.1139036305118796
none	0.1274835384938802
none	0.06685901524618847
none	0.07778050517614957
none	0.10880496145424003
none	0.06580543544816542
none	0.08405996810527265
none	0.10612986784140968
none	0.110302248084135
none	0.07308465396188563
none	0.11260616453743505
none	0.058204012400938546
none	0.05094094900507533
none	0.056664371703909776
none	0.11986098139018611
none	0.09690760999999999
none	0.11712974708871904
none	0.12005663000120875
none	0.07586662488318346
none	0.07450295598059851
none	0.10258379384724406
none	0.0925456863450924
none	0.08533082338353233
none	0.05817037221070138
none	0.06298378351340536
none	0.08231140549776234
none	0.0800135681884694
none	0.0641678637675904
none	0.06209105385810462
none	0.09736557216397466
none	0.0917115257694846
none	0.11551472568651562
none	0.13460292614101094
none	0.11827868768092634
none	0.10197538393636336
none	0.0903634344208071
none	0.10028528062148637
none	0.09177844180162952
none	0.14983209589945767
none	0.07061154388456116
none	0.13882512283229764
none	0.11882176665847062
none	0.16891031000000004
none	0.07043516
none	0.11254273302293775
none	0.11005717542596591
none	0.09846101636874187
none	0.09022038791433369
none	0.09971027837089129
none	0.09780661392197423
none	0.0906920667331833
none	0.07676883697165814
none	0.06140865097272478
none	0.13859066000375458
none	0.10106069287141904
none	0.08758727781756624
none	0.08668753943059715
none	0.13463977369448757
none	0.11714115290228876
none	0.0838630730367557
none	0.1228650446825975
none	0.07728925106634227
none	0.07883108648752672
none	0.12141620149813302
none	0.13476049402585855
none	0.13665192644019292
none	0.0807344663612555
none	0.08576679089537066
none	0.11392829919926085
none	0.0780659654389225
none	0.08715192502374318
none	0.08701276151276668
none	0.12776154703556103
none	0.11233870322593548
none	0.1122453643004308
none	0.11635452319691994
none	0.1113712914175901
none	0.09683046432604754
none	0.1252977901391298
none	0.12563262756982552
none	0.11645194914127308
none	0.09512263000000001
none	0.09785367988319302
none	0.08825826190162206
none	0.09108094772163827
none	0.09957416999999999
none	0.08901751029280656
none	0.12050743785084202
none	0.10270307273872757
none	0.11679400584210316
none	0.08105087342374784
none	0.08222599999999998
none	0.07482221898942877
none	0.09713867481778926
none	0.12498484366355053
none	0.1188290331302451
none	0.12010930602154334
none	0.1299635903370461
none	0.07717175484735457
none	0.07351016427724047
none	0.09536028251936546
none	0.08406452000000002
none	0.12854320738942554
none	0.11857143860212248
none	0.1384609902813504
none	0.10588012000000001
none	0.1344285542313711
none	0.12201289692232536
none	0.09936160142616818
none	0.11117567803931751
none	0.13811689176336311
none	0.13137893157262903
none	0.08845883354192742
none	0.11104675280895304
none	0.1401560478939221
none	0.14843081578075634
none	0.10034576764069893
none	0.14259695702727082
none	0.08810676640872235
none	0.10172537581780951
none	0.1522783446196933
none	0.12298424047278582
none	0.10068175401807397
none	0.09563574613785038
none	0.08230376999999998
none	0.09115894927427504
none	0.09153777046944873
none	0.07363265999999999
none	0.10965338598316467
none	0.10653823933561347
none	0.15104639445262025
none	0.16673353
none	0.11927488032755626
none	0.10662778475372651
none	0.08199076999999999
none	0.07667035000000001
none	0.08735369778071082
none	0.08501105646872338
none	0.12133423754201375
none	0.060909780631114296
none	0.05916470597124312
none	0.08352497054291672
none	0.09190832999999998
none	0.09633518000000002
none	0.08758008156327776
none	0.07093237367366625
none	0.16887476559315126
none	0.13324932744747975
none	0.07132261022323151
none	0.09247857033484314
none	0.06116469670606588
none	0.07318667439976799
none	0.07857536299364729
none	0.11801084740670799
none	0.0617880301190187
none	0.13978208195313457
none	0.06917723048714422
none	0.04607015576822969
none	0.06058606
none	0.043405642912380187
none	0.051358858134824964
none	0.05312225669105164
none	0.06373283849706003
none	0.06291448588709678
none	0.07461235165462869
none	0.08109134776419359
none	0.13122840176233955
none	0.18666334029937304
none	0.09472868123949074
none	0.0779177362304194
none	0.09828546652792229
none	0.09437719455055228
none	0.11761868552174531
none	0.10536661625558416
none	0.09842684721352535
none	0.06552554999999999
none	0.09360366786585618
none	0.08161972359889091
none	0.13778396135845433
none	0.10731566999999999
none	0.14972084558308835
none	0.1934725526745696
none	0.15747910206488475
none	0.14833923116999867
none	0.13964730430789465
none	0.0850282
none	0.10377521848062755
none	0.06141209587904121
none	0.08513896364854165
none	0.0839483695723697
none	0.08468623914226406
none	0.0954348339577116
none	0.08997841397783402
none	0.09006825392059728
none	0.08570082624370613
none	0.13790490647040782
none	0.10580711173279929
none	0.07126655
none	0.08602358008020296
none	0.11387837026962157
none	0.10526269944023459
none	0.09260364396356037
none	0.0898599033816425
none	0.0956026312364208
none	0.1160200483961283
none	0.13137823
none	0.0995954705858764
none	0.09774738559148177
none	0.12754362909150274
none	0.0760262872871487
none	0.11796006658776209
none	0.1116502142553971
none	0.09728643272093053
none	0.10307007334887172
none	0.12453026787422136
none	0.06994347402115618
none	0.09978109999999998
none	0.07355918574044085
none	0.0721718047142086
none	0.1728443464169968
none	0.08134727117770225
none	0.16074220762298413
none	0.1579385015944779
none	0.10864394689208108
none	0.09835377830226419
none	0.12191972671208029
none	0.06879462182028527
none	0.08410211285210034
none	0.1033312996034853
none	0.11181625858569699
none	0.1106674175436237
none	0.11881745634912697
none	0.07317693015219276
none	0.11773048879287064
none	0.10284322810565875
none	0.1317886351602931
none	0.1008125413830907
none	0.127895772671622
none	0.1198125851552183
none	0.0962522195714457
none	0.1416869605395903
none	0.12848143250824878
none	0.11151603988946292
none	0.08715471809525817
none	0.08775587911538074
none	0.11902759020837708
none	0.10949221271222112
none	0.12208061701402122
none	0.0968944163350199
none	0.082017427712568
none	0.08216540559206181
none	0.09517421651566968
none	0.11139630085210117
none	0.13981341812828468
none	0.15855177099095208
none	0.14418967871294217
none	0.24524968655505566
none	0.17701164999999996
none	0.11866641574985522
none	0.1481635167296654
none	0.09818467
none	0.08956750014616749
none	0.13527777722222775
none	0.16570604247681722
none	0.23998974999999997
none	0.06337819
none	0.11574910172221532
none	0.10991578269824924
none	0.08378035201715923
none	0.08230215365731183
none	0.10273107890499193
none	0.09356402280456091
none	0.07707299744309846
none	0.09601686018768886
none	0.08157618619820912
none	0.07748915494645563
none	0.1758089276428943
none	0.14172206555868883
none	0.12945534999999997
none	0.12370240075050103
none	0.10360879782404352
none	0.1192580694964799
none	0.11667440108482746
none	0.09808029130632681
none	0.08087460600246675
none	0.09078375
none	0.10063011362489656
none	0.0840440749372347
none	0.09498253718931902
none	0.07892902792498765
none	0.09400657490541836
none	0.07946802572746096
none	0.1310129117218078
none	0.06808761902944488
none	0.08543877708327494
none	0.09448169997592103
none	0.112532489350213
none	0.06926556819454771
none	0.10035096999999998
none	0.05535665384284468
none	0.08403241708068285
none	0.11353236187831894
none	0.12175924919783902
none	0.12627929159943618
none	0.1542343922445936
none	0.12505178371734554
none	0.11257576848823136
none	0.06267843078310537
none	0.13276803307713136
none	0.1796293966572363
none	0.09406261419978965
none	0.10494774296312365
none	0.11880793013179272
none	0.08643773535380049
none	0.09698209962689754
none	0.08634582795634384
none	0.08388543609937643
none	0.07752112902694934
none	0.106244912430872
none	0.107286593489873
none	0.15775457211518878
none	0.09460653243185443
none	0.1256260814647217
none	0.13724703166791666
none	0.12356248717039577
none	0.11322393876549149
none	0.0981882105822089
none	0.1431090444960309
none	0.15276275
none	0.1541060143001901
none	0.1042795355907118
none	0.11983656999999999
none	0.07454666
none	0.09077286589938703
none	0.11624850695772411
none	0.1526123512856595
none	0.1782282413388575
none	0.14508952532057443
none	0.18063425190064922
none	0.11427247678643519
none	0.18854938014737757
none	0.11089346834674933
none	0.0916852099386696
none	0.09874321256787434
none	0.0994595548396544
none	0.09742623868806559
none	0.09593451519207481
none	0.08044965569088519
none	0.1068768814148641
none	0.04672408706875047
none	0.09714040526113274
none	0.08870416591668166
none	0.0878602014465467
none	0.1589505896539743
none	0.07153393490526161
none	0.10022916206057926
none	0.0741046946481737
none	0.08078127593360994
none	0.06328939944970534
none	0.1012195175374551
none	0.10678802478631237
none	0.12099567034637229
none	0.09042610824553513
none	0.06808933540487894
none	0.09116314999999998
none	0.10684936073927975
none	0.13402926389736103
none	0.17074747515618427
none	0.13471365586444187
none	0.15690604496719474
none	0.2119939642369986
none	0.10359919064409241
none	0.08427536724632753
none	0.08106851903695408
none	0.11861040363269422
none	0.13313872729957185
none	0.20301050232925674
none	0.17335228590856364
none	0.12333946981590553
none	0.10182719999999999
none	0.09075330768604463
none	0.1477429887067099
none	0.19843740933268858
none	0.13135939235398805
none	0.11074646570137246
none	0.08504642767861607
none	0.068934710975567
none	0.10315497268973449
none	0.05599820679900994
none	0.14816159373047566
none	0.12015617259411025
none	0.09404614074547156
none	0.14220550375335353
none	0.11856019337342294
none	0.14815028643312142
none	0.1589112378756157
none	0.1229404127374607
none	0.10883435653886253
none	0.0780614481565553
none	0.0905450769508598
none	0.06430886563826597
none	0.08170137294620752
none	0.05386271888381819
none	0.0869554318405512
none	0.09620743733336437
none	0.11359046790216808
none	0.08377160836283847
none	0.11817343843225572
none	0.07862573974901281
none	0.051196405148222046
none	0.04597227262829352
none	0.10732786475075147
none	0.08147166686383533
none	0.0822902448846827
none	0.11073596000000001
none	0.10496077273409739
none	0.10179184624461265
none	0.0818627639895175
none	0.07067740967770966
none	0.05845629600813933
none	0.08614247957952267
none	0.07852005424254163
none	0.09564219612566495
none	0.07973009261091542
none	0.15312312
none	0.09185212455433342
none	0.11776607464298575
none	0.09337512600660451
none	0.09595953
none	0.10287789140359821
none	0.08956617029176683
none	0.11801507641166693
none	0.09836707632923672
none	0.0929822834499779
none	0.08713534862702982
none	0.08498161944858346
none	0.10517844500790799
none	0.11234582476303567
none	0.07793695910579108
none	0.09866779463043442
none	0.09542610691719716
none	0.08761281845885201
none	0.07618808947629686
none	0.07732718246363321
none	0.11026495770611107
none	0.10834318727044352
none	0.09043790206001938
none	0.1087201355062945
none	0.11262871
none	0.16519706231909606
none	0.09396666570919744
none	0.054941620583794155
none	0.09109727618198415
none	0.11567449968761964
none	0.08793866146436372
none	0.07339919979349509
none	0.0788878894120004
none	0.10953856655015223
none	0.10285603731667528
none	0.17024843473512644
none	0.11243425474154758
none	0.14170910076927712
none	0.13038129475957713
none	0.12925219714574046
none	0.14026151590249905
none	0.1117205235929308
none	0.08501318999999999
none	0.09177578119182944
none	0.10991518117700001
none	0.08080282698537594
none	0.08095730099617328
none	0.09112103916752448
none	0.09943198652128302
none	0.09570851425195685
none	0.11603110688931105
none	0.11786745229964839
none	0.20241391316272656
none	0.12182082182052222
none	0.10262461379310348
none	0.12009149349187889
none	0.1262935631315112
none	0.08789338772221382
none	0.11448305135589153
none	0.08732800000000002
none	0.07323284522344445
none	0.07039583688277329
none	0.07017771556550953
none	0.10362537324057111
none	0.1054737752622474
none	0.15522695416286028
none	0.08220869451932616
none	0.07606910447164225
none	0.06356348
none	0.051625250000000004
none	0.09613632529104098
none	0.07758908635794744
none	0.109175248752052
none	0.09134726269134484
none	0.13576340917011
none	0.10927440470102558
none	0.10265378226335554
none	0.08331379000000001
none	0.0876217475650487
none	0.11877121368257536
none	0.12562755460675326
none	0.11523437
none	0.12593615801090383
none	0.110163850057016
none	0.1082661380898898
none	0.07312060792949543
none	0.0884133261215659
none	0.10879216940783754
none	0.10805729088526822
none	0.13467356110381076
none	0.09334238648750523
none	0.12713909088678213
none	0.1363993946963874
none	0.17447594283485515
none	0.1574587287144157
none	0.14755061537739148
none	0.059812621873781266
none	0.09261493999999999
none	0.15820222202222023
none	0.14316173353065878
none	0.11052705775810022
none	0.13881116938597457
none	0.16085611010127238
none	0.15325073738046027
none	0.1359898418292083
none	0.1388860739483493
none	0.13430487182821077
none	0.10182269122561026
none	0.09869160308396918
none	0.12427832402336456
none	0.12633263997919936
none	0.09977252274772523
none	0.13148502483319122
none	0.12571703775511256
none	0.11162437878958459
none	0.1671652136559533
none	0.12679579665306187
none	0.10784625000000002
none	0.10351173387306035
none	0.11194117959241441
none	0.12468914000000003
none	0.11135535055841753
none	0.11216582126907285
none	0.1114647775050086
none	0.10138464076796161
none	0.10030688999999998
none	0.13131845270886128
none	0.11258151058257239
none	0.0712838426219126
none	0.10544323897327185
none	0.12161600532699438
none	0.08899381999999997
none	0.13326912252031417
none	0.14118770702750763
none	0.12339320636508992
none	0.11688869704287494
none	0.07092235313369333
none	0.07692426353403428
none	0.07160060399396005
none	0.10294534009204034
none	0.08628565245681544
none	0.09758075788965004
none	0.0829615930802995
none	0.11163549846064359
none	0.10438581771635434
none	0.09473444979191166
none	0.07781229187708123
none	0.08258310945926838
none	0.14012811078086634
none	0.10739636998913403
none	0.06170306196863259
none	0.08602963881444742
none	0.10826863578037954
none	0.12410534666988028
none	0.12527642243920967
none	0.10826463931796709
none	0.07393674797531817
none	0.09247609417589332
none	0.15195264877037304
none	0.16761960380396196
none	0.13110051637131792
none	0.09542116332901197
none	0.07782130178698213
none	0.09312081887229012
none	0.07645613863237662
none	0.07588295400758048
none	0.06494642247181981
none	0.08762993731640789
none	0.09111055952095616
none	0.13113894055586894
none	0.10376647064196333
none	0.09203486551089375
none	0.09711802161721025
none	0.07615319238815577
none	0.08135665316922583
none	0.10918462482302972
none	0.06997670690923928
none	0.0626906124597066
none	0.08521280521011923
none	0.07563531042835289
none	0.08893281137444466
none	0.07559672724726688
none	0.05993951744214733
none	0.06353884452031132
none	0.05161706389146101
none	0.0645202404048081
none	0.09430345056804447
none	0.09960052404716425
none	0.10850858491415084
none	0.1082107389261074
none	0.08195948837953518
none	0.07746386331143837
none	0.06067981561475082
none	0.08312490058891629
none	0.07377313705769407
none	0.09264301112961178
none	0.059440303148076204
none	0.06478683200472395
none	0.06993252863526632
none	0.07441968357468597
none	0.073094601006249
none	0.08084726982506461
none	0.06747889597728941
none	0.055438345170739534
none	0.06282592233362205
none	0.04974947999999999
none	0.05526384984412285
none	0.050883345671355114
none	0.03511477490746304
none	0.031734862651373485
none	0.02497100332353933
none	0.05907929006450263
none	0.06845135912374285
none	0.051403537587592384
none	0.04161534426229508
none	0.054231
none	0.07626930772063335
none	0.04597780834591226
none	0.056216701965814506
none	0.06400386909808396
none	0.06441042784321963
none	0.08114121387167297
none	0.07024480488668287
none	0.05188648469917955
none	0.0680424395059662
none	0.06506446637321403
none	0.07059825323211139
none	0.055698036125339585
none	0.06770509361458588
none	0.0777203114843263
none	0.08435153648180559
none	0.08341190407439492
none	0.0918581519685091
none	0.06700464113022765
none	0.11003201914496633
none	0.13566867050713619
none	0.1189699951847839
none	0.148216715368351
none	0.09475963648668244
none	0.0922922775029639
none	0.09756824973594043
none	0.1305447303484574
none	0.12330566463408145
none	0.04662844087150413
none	0.09426092959482506
none	0.10277708668739934
none	0.10837200000000002
none	0.08083329
none	0.07072933270667295
none	0.10961949619496195
none	0.13345884933584284
none	0.11934695209905731
none	0.08059478009572835
none	0.0657945554130271
none	0.08791149699540475
none	0.09628598813760378
none	0.11482448171134295
none	0.14606709468617096
none	0.12704247017844286
none	0.11263380190998978
none	0.10480764436600297
none	0.14517530444354895
none	0.14618516387547517
none	0.14700772984540308
none	0.08801648115536605
none	0.11635563206597874
none	0.14347805
none	0.12351613006686332
none	0.11899990884506702
none	0.14067241278145098
none	0.19658100486029165
none	0.19992984605627306
none	0.19669039514222567
none	0.1144269816602935
none	0.1438153077810093
none	0.16966586913651782
none	0.07276934894315833
none	0.08610702571897125
none	0.08890988506208253
none	0.11241368383345733
none	0.10088879111208887
none	0.06576542445135278
none	0.09609660874131426
none	0.04163823447062116
none	0.07138829333841418
none	0.12923179653308162
none	0.12221527062564368
none	0.13160753232822833
none	0.09383936330003327
none	0.0849172499300084
none	0.12136830895073147
none	0.11053218660933047
none	0.1484204665865541
none	0.09035594403804886
none	0.123500105402251
none	0.12681158016952182
none	0.10975559143883015
none	0.07615211287428308
none	0.09488905688089244
none	0.05471619383936986
none	0.05446483703249295
none	0.06367928109810289
none	0.06913628591142267
none	0.055441201768247544
none	0.031026176854361136
none	0.08864901966665664
none	0.07591180058392993
none	0.08027920934699104
none	0.05949722866675137
none	0.04768993541704477
none	0.05117787884846062
none	0.04413186076974612
none	0.17010363031024106
none	0.14145245686610838
none	0.09580085657390452
none	0.22671264206397773
none	0.1359715005699886
none	0.1163859656161608
none	0.18207995511291902
none	0.12187566497340106
none	0.09154261025239817
none	0.1451695130518118
none	0.1513914671396197
none	0.07184473621055158
none	0.05281048219727265
none	0.09791496914969149
none	0.10495414101275369
none	0.09726448085930524
none	0.09872473973011506
none	0.07743588694185057
none	0.08505195
none	0.14942798275785055
none	0.09032049
none	0.10271138523761376
none	0.09484673785233165
none	0.12696608384022415
none	0.10569037476960882
none	0.10506787107935166
none	0.11135486336398596
none	0.12555715885682286
none	0.06175882482350353
none	0.06893706985286698
none	0.0839728732088712
none	0.08113337277394514
none	0.1039559041374691
none	0.11618659997391903
none	0.1041678154602781
none	0.09152283954320914
none	0.10437170532551485
none	0.11615796536971264
none	0.17882795401319992
none	0.15445158080099308
none	0.14392600533442756
none	0.15930866368016233
none	0.1359785822732566
none	0.12972411827645172
none	0.12882364290436144
none	0.12302773552897132
none	0.13108507668338723
none	0.14479390824367028
none	0.15100518344359998
none	0.11273492049203328
none	0.0955597792363069
none	0.20186063999999998
none	0.10220080598388034
none	0.15717432871985987
none	0.13755401197022044
none	0.14984544148398937
none	0.15906260532862532
none	0.23378227225465883
none	0.10621241140777912
none	0.11052813294352036
none	0.14664874740093262
none	0.1760915529087489
none	0.1582225670363674
none	0.03885336453607708
none	0.14469922906025104
none	0.08404002226399256
none	0.13338986
none	0.09719199584649332
none	0.12571744881889763
none	0.12273188909867833
none	0.1271551638960776
none	0.1128131400918473
none	0.09056206439058907
none	0.08665437032878344
none	0.10555147713434913
none	0.081116773844582
none	0.10612705127051271
none	0.10897401184380039
none	0.07632066889632107
none	0.12723552089108092
none	0.1763548192801071
none	0.20172799647307899
none	0.14129576372829017
none	0.15618973509933776
none	0.17500507100407883
none	0.11918914121264827
none	0.0959325803324644
none	0.10283902808867067
none	0.15482896975268567
none	0.14410150615752637
none	0.09092623114052974
none	0.0923645427091458
none	0.09328987000000001
none	0.10297075087747366
none	0.10061690048870912
none	0.09788782861124015
none	0.15331629440863437
none	0.11552136957260856
none	0.08827467633455192
none	0.09463966
none	0.09225541999999999
none	0.11303017698230176
none	0.08606053363201792
none	0.13904694666448472
none	0.10416310878090841
none	0.10529087504153202
none	0.10724003158310304
none	0.05719179550461363
none	0.12958394197198925
none	0.11328007999999999
none	0.10805567548051068
none	0.09597340413931477
none	0.08562617471602518
none	0.08128771395052692
none	0.05770075628397762
none	0.08453090334390287
none	0.07437944687389196
none	0.10574756179461425
none	0.08203268073669101
none	0.08396265149394024
none	0.07646429214067217
none	0.05301367582352241
none	0.09048869429062775
none	0.10285790519526805
none	0.13283891950706056
none	0.047306640000000004
none	0.06676887784745457
none	0.11427304006881515
none	0.08319895999999999
none	0.1097837087555342
none	0.0861438703140831
none	0.11018587582370006
none	0.12759237777133312
none	0.03387059299502948
none	0.06574778327036819
none	0.039394612145502515
none	0.08453544505017603
none	0.03803629600743918
none	0.063935011299774
none	0.11473308025921732
none	0.08717445
none	0.044066793988541034
none	0.037049849501504986
none	0.08179241773100342
none	0.0446238741215399
none	0.06489696057311234
none	0.06863057632948907
none	0.09043666865522915
none	0.09008466321243523
none	0.1293664572754546
none	0.1116695568400771
none	0.07825297235353101
none	0.07931929282111519
none	0.07427750960659493
none	0.06969206472535641
none	0.08647528623434189
none	0.11557459473824076
none	0.09799882005899703
none	0.06813835032831524
none	0.0882519680104292
none	0.043150366410809375
none	0.04909296613056498
none	0.07325345999999999
none	0.08831059552977649
none	0.05112612399939911
none	0.04280164595062149
none	0.06804385956140438
none	0.0662106187387732
none	0.07955892016427928
none	0.07116249237629604
none	0.12425108280609826
none	0.1552782091805444
none	0.13358245077155398
none	0.07519523804761953
none	0.0832218206211578
none	0.07352783091573234
none	0.13029893040501997
none	0.06312104686724296
none	0.08228521692998891
none	0.06194450833525006
none	0.07698237602497064
none	0.1028941235815052
none	0.1430073462515436
none	0.08404889509460466
none	0.12927390384226814
none	0.06241509306195101
none	0.08401593099971798
none	0.10173976880348296
none	0.10000593994060059
none	0.15870320625650053
none	0.08081002151182268
none	0.07725399706537688
none	0.09136551634483653
none	0.09687068427740766
none	0.13404566943451118
none	0.08078048976395344
none	0.11134058208791973
none	0.10414859100956357
none	0.1027835316468353
none	0.07719107999999998
none	0.05341840995824093
none	0.07239393817136518
none	0.05986647000000001
none	0.06674033557986522
none	0.10664905071694107
none	0.06721650333218882
none	0.0897532728792735
none	0.05435970280594389
none	0.14681735934407691
none	0.0905521074371229
none	0.0546858476982762
none	0.06134892201448543
none	0.1520759671155495
none	0.08965119303975837
none	0.09159216214851447
none	0.08457248004879785
none	0.15420782827627377
none	0.10461479003433402
none	0.08861243477998612
none	0.09188112054733905
none	0.0979917435884946
none	0.1477652999766614
none	0.08060392188234353
none	0.1290759042390005
none	0.10736344583218158
none	0.16636628930560107
none	0.08031285122892626
none	0.09983188909384699
none	0.1257409891789694
none	0.12067622230749032
none	0.11776903362732631
none	0.09630087999999999
none	0.13298611250952924
none	0.14701125943702814
none	0.1322779983396678
none	0.102799977877155
none	0.1451716526924539
none	0.12262527999999999
none	0.1473455
none	0.10638680203045683
none	0.11333684185665699
none	0.10052748095918844
none	0.08635714377555481
none	0.10062381460191955
none	0.09955481323042431
none	0.10314417435037718
none	0.16857350494941506
none	0.22168833450675707
none	0.11450029483751627
none	0.05882603783394657
none	0.08968420578881044
none	0.10684520030839784
none	0.09476701350675337
none	0.07345438853278152
none	0.09729018353865738
none	0.09390143318530479
none	0.07928063173898257
none	0.08692968070319297
none	0.11301966491622906
none	0.137166790022204
none	0.1370647
none	0.1394786289827805
none	0.11800778175044317
none	0.11654593706235572
none	0.12157309335863047
none	0.18015689335935545
none	0.14506612933870663
none	0.13052861710947064
none	0.12693322552807731
none	0.10069927688640506
none	0.13593820286519373
none	0.10336896849945848
none	0.1062524423501795
none	0.12662313943868578
none	0.11347808043839121
none	0.16514587750530066
none	0.09056712350805926
none	0.1622869311925687
none	0.17869675632659557
none	0.11932848999999998
none	0.11450462325939786
none	0.13062901193832863
none	0.11974731954815239
none	0.08791013683777243
none	0.10168122685455376
none	0.110232233033009
none	0.11953086778100291
none	0.09263738546882466
none	0.08775585330462989
none	0.10907158841367773
none	0.11840822089508223
none	0.08272290814840116
none	0.09987643987910301
none	0.07317843974774847
none	0.07524416732501976
none	0.09333323988848916
none	0.09323374584410789
none	0.09171919526977455
none	0.06469094201666908
none	0.05454302284885754
none	0.06949340218697572
none	0.06931376365806628
none	0.04206637287922188
none	0.049290511162987945
none	0.0711150810205645
none	0.07480552341539633
none	0.08375292671100029
none	0.09355912887261295
none	0.10193878
none	0.05429865714771375
none	0.08444572979443572
none	0.057367869017632245
none	0.06603039814675637
none	0.03532663169757767
none	0.032860905563777444
none	0.04913649012821077
none	0.05507428041583831
none	0.08599287999999998
none	0.03210556316689501
none	0.07483834510841407
none	0.05522311999999999
none	0.05630872057122479
none	0.041317898927458574
none	0.03763571729830693
none	0.09550268415031243
none	0.10042821992043212
none	0.05245973
none	0.13609202639704548
none	0.158184410049159
none	0.09239047667705512
none	0.12135977888842746
none	0.08173371299063127
none	0.08758078253469735
none	0.11296945464204065
none	0.06410785503377422
none	0.11648887704643751
none	0.09982363454541587
none	0.1781956599820413
none	0.13343633170328534
none	0.1391087905822021
none	0.11768072582983996
none	0.09317966323650424
none	0.07574115456238362
none	0.08642686573134267
none	0.10389790138406572
none	0.10151649681464962
none	0.11466490999999998
none	0.06910067577463021
none	0.13262590166236946
none	0.14693366668333419
none	0.14242473
none	0.12892047614284283
none	0.1860494948471515
none	0.17535087477043312
none	0.12559085065827386
none	0.12822945611310885
none	0.12750030179872038
none	0.08506564999999999
none	0.12515028664618955
none	0.07179905317268423
none	0.09825611137387667
none	0.1164160145817649
none	0.09263626956991182
none	0.1086447533758727
none	0.10283667979921204
none	0.0788155699442855
none	0.08370246064863457
none	0.14692244672345553
none	0.10082226000000001
none	0.10124676235916764
none	0.07818614344817305
none	0.07401712567236177
none	0.09287623782223468
none	0.08122222
none	0.10131645050648477
none	0.12994540109197816
none	0.13729583754479466
none	0.16587771873748786
none	0.19501514744948614
none	0.21743117550595947
none	0.1231652815082338
none	0.1338710847114682
none	0.0880679886402272
none	0.1432756975935593
none	0.1590370192942419
none	0.05775958596858307
none	0.08592230692540861
none	0.11947732999999998
none	0.09901355896783774
none	0.11312145310766808
none	0.09851053999999998
none	0.1626023976536221
none	0.17608872389884173
none	0.13645472
none	0.09923486
none	0.11087948744339235
none	0.180813478282752
none	0.10847177424449829
none	0.1281464270714586
none	0.07219300427204717
none	0.08569648629360649
none	0.15207288249515957
none	0.0933348999117486
none	0.036870134957788965
none	0.06244127895883753
none	0.08848446458985026
none	0.06384655
none	0.1361485572311899
none	0.11785562866228025
none	0.13312504423615534
none	0.08039493021828228
none	0.05228358208955223
none	0.1036454922662942
none	0.1216895164187684
none	0.11063003243185898
none	0.15664444216651044
none	0.13023077846227699
none	0.16838021827359761
none	0.06926297919624669
none	0.13959949377537956
none	0.08234005388832108
none	0.11751462795814811
none	0.0803799451978079
none	0.07159564492132905
none	0.09467256380604912
none	0.16735992118588694
none	0.17814844147173584
none	0.11955877702161728
none	0.13854560045799807
none	0.11246943394036696
none	0.10046486388117286
none	0.10094744210231592
none	0.09355537323476637
none	0.11115882437821388
none	0.13803061551337553
none	0.15523297600504943
none	0.1535461886585602
none	0.12430405792602851
none	0.08780497003080633
none	0.12341565999999998
none	0.08815866438700594
none	0.11945541258611635
none	0.08560412111096823
none	0.18772257025931458
none	0.1159261067370214
none	0.10308200999999999
none	0.13861427999999998
none	0.13787850323375425
none	0.29266451
none	0.0831660192039874
none	0.08980614449990801
none	0.0908502567002748
none	0.09420474302130681
none	0.09615080184703771
none	0.08418196019497148
none	0.0994017285122849
none	0.09850491485255443
none	0.0935448800890681
none	0.08735792845056801
none	0.0927795201095052
none	0.07928257402399279
none	0.09810533401089445
none	0.09183042130575596
none	0.09938183067783056
none	0.07073652263477365
none	0.11243235
none	0.13013916614858945
none	0.11865842341576584
none	0.10730618566377773
none	0.07778976512561318
none	0.08653009259259258
none	0.06468406995051733
none	0.09149535708637402
none	0.08890552703785752
none	0.0859957788979784
none	0.11208693110503604
none	0.08787699829039322
none	0.11444324360058171
none	0.10069492214143701
none	0.06933978735000415
none	0.07228014435673913
none	0.0818938464622169
none	0.10105637593457431
none	0.1019405571215387
none	0.07243267240603533
none	0.09256867332553467
none	0.09197650057593834
none	0.08379472821087157
none	0.10627783401385306
none	0.11238147786003629
none	0.12591001278283676
none	0.07703083281279507
none	0.09791256350953458
none	0.11851668930302928
none	0.11039170677898115
none	0.12844961727581486
none	0.16704069090472387
none	0.14129357061402806
none	0.13834726125351282
none	0.16529800940282086
none	0.23612555874441257
none	0.10551803474453386
none	0.13095384041384747
none	0.128908290408285
none	0.11599151418978415
none	0.31489973100269003
none	0.09646215300601711
none	0.12209696717656315
none	0.13429012651947406
none	0.0875922073009268
none	0.08338260617393826
none	0.12049462779862165
none	0.1181171339121977
none	0.11156019000000002
none	0.07845819008173588
none	0.10832370795343636
none	0.1186292298620893
none	0.09459911322800496
none	0.0798068082600662
none	0.10075730242697573
none	0.08324896495307438
none	0.0330015635386531
none	0.09134047488052471
none	0.06549655503444965
none	0.07273315112890157
none	0.1075824286173591
none	0.12059038219447099
none	0.12349521012803792
none	0.07328618974863026
none	0.0906069237129553
