0	0
0	7
0	13
0	16
0	18
1	0
1	5
1	7
1	9
1	12
1	13
1	14
1	16
1	18
1	19
2	0
2	3
2	5
2	7
2	8
2	9
2	10
2	12
2	13
2	14
2	18
2	19
3	0
3	2
3	3
3	7
3	8
3	9
3	10
3	12
3	13
3	14
3	16
3	18
3	19
3	20
4	0
4	2
4	3
4	6
4	7
4	8
4	9
4	10
4	12
4	13
4	14
4	16
4	17
4	18
4	19
4	20
5	0
5	1
5	2
5	3
5	7
5	8
5	10
5	12
5	13
5	14
5	16
5	17
5	18
5	19
5	20
6	0
6	3
6	6
6	7
6	9
6	10
6	12
6	13
6	14
6	16
6	17
6	18
6	19
6	20
7	0
7	1
7	2
7	3
7	5
7	6
7	7
7	9
7	10
7	12
7	13
7	14
7	16
7	17
7	18
7	19
7	20
8	0
8	1
8	2
8	3
8	5
8	6
8	7
8	9
8	10
8	12
8	13
8	14
8	16
8	17
8	18
8	19
8	20
9	0
9	2
9	3
9	5
9	6
9	7
9	8
9	9
9	10
9	12
9	13
9	14
9	16
9	17
9	18
9	19
9	20
10	0
10	2
10	3
10	5
10	7
10	8
10	9
10	10
10	12
10	13
10	14
10	16
10	17
10	18
10	19
10	20
11	0
11	3
11	6
11	7
11	8
11	9
11	12
11	13
11	14
11	16
11	17
11	18
11	19
11	20
12	0
12	6
12	7
12	8
12	13
12	14
12	18
12	19
12	20
13	0
13	1
13	2
13	3
13	5
13	6
13	7
13	8
13	9
13	10
13	12
13	13
13	14
13	16
13	17
13	18
13	19
13	20
14	0
14	3
14	7
14	8
14	12
14	13
14	14
14	16
14	18
14	19
14	20
15	0
15	1
15	2
15	3
15	6
15	7
15	8
15	9
15	10
15	12
15	13
15	14
15	16
15	17
15	18
15	19
15	20
16	0
16	1
16	2
16	3
16	7
16	8
16	9
16	10
16	12
16	13
16	14
16	16
16	17
16	18
16	19
16	20
17	0
17	1
17	3
17	6
17	7
17	10
17	13
17	14
17	16
17	17
17	18
17	19
18	0
18	1
18	2
18	3
18	5
18	6
18	7
18	8
18	9
18	10
18	12
18	13
18	14
18	16
18	17
18	18
18	19
18	20
19	0
19	1
19	2
19	3
19	5
19	6
19	7
19	8
19	9
19	10
19	12
19	13
19	14
19	15
19	16
19	17
19	18
19	19
19	20
20	0
20	1
20	2
20	3
20	5
20	6
20	7
20	8
20	9
20	10
20	12
20	13
20	14
20	16
20	17
20	18
20	19
20	20
21	0
21	1
21	2
21	3
21	6
21	7
21	8
21	9
21	10
21	12
21	13
21	14
21	15
21	16
21	17
21	18
21	19
21	20
22	0
22	1
22	2
22	3
22	5
22	6
22	7
22	8
22	9
22	10
22	12
22	13
22	14
22	16
22	17
22	18
22	19
22	20
23	0
23	1
23	2
23	3
23	6
23	7
23	8
23	9
23	10
23	12
23	13
23	14
23	15
23	16
23	17
23	18
23	19
23	20
24	0
24	1
24	2
24	3
24	5
24	6
24	7
24	8
24	9
24	10
24	12
24	13
24	14
24	16
24	17
24	18
24	19
24	20
25	0
25	1
25	2
25	3
25	5
25	6
25	7
25	8
25	9
25	10
25	12
25	13
25	14
25	15
25	16
25	17
25	18
25	19
25	20
26	0
26	2
26	3
26	5
26	6
26	7
26	8
26	9
26	10
26	12
26	13
26	14
26	15
26	16
26	18
26	19
26	20
27	0
27	1
27	2
27	3
27	5
27	6
27	7
27	8
27	9
27	10
27	12
27	13
27	14
27	16
27	17
27	18
27	19
27	20
28	0
28	2
28	3
28	8
28	10
28	12
28	13
28	14
28	16
28	17
28	18
28	19
28	20
29	0
29	2
29	3
29	7
29	8
29	9
29	10
29	12
29	13
29	14
29	18
29	19
29	20
30	0
30	2
30	3
30	6
30	7
30	8
30	9
30	12
30	13
30	14
30	18
30	19
30	20
31	0
31	2
31	3
31	6
31	7
31	8
31	9
31	10
31	12
31	13
31	14
31	16
31	17
31	18
31	19
31	20
32	0
32	3
32	7
32	9
32	10
32	12
32	13
32	14
32	16
32	17
32	18
32	19
33	0
33	5
33	7
33	8
33	13
33	14
33	16
33	18
33	19
33	20
34	8
34	12
34	16
34	18
34	20
35	0
35	7
35	12
35	16
35	18
35	19
35	20
36	0
36	7
36	14
36	16
36	18
37	8
37	14
37	16
37	18
37	20
38	19
39	12
39	13
39	19
39	20
40	0
40	7
40	8
40	12
40	13
40	14
40	16
40	17
40	18
40	19
40	20
41	14
41	19
42	19
43	0
43	12
43	13
43	16
43	18
43	19
43	20
44	12
44	19
44	20
45	12
45	19
45	20
46	2
46	19
47	6
47	7
47	8
47	12
47	13
47	16
47	19
47	20
48	0
48	5
48	6
48	7
48	12
48	13
48	16
48	18
48	19
48	20
49	13
50	8
50	13
50	14
51	13
52	13
53	13
54	13
55	13
56	13
57	13
58	13
59	3
59	13
60	3
60	7
60	13
60	14
60	18
61	0
61	3
61	5
61	6
61	7
61	8
61	9
61	10
61	12
61	13
61	14
61	16
61	17
61	18
61	19
61	20
62	13
63	13
63	16
64	13
65	7
65	8
65	13
65	17
65	20
66	13
67	0
67	13
68	0
68	3
68	7
68	13
68	20
69	13
69	20
70	0
70	3
70	7
70	13
70	14
70	18
71	13
72	13
73	7
73	13
73	14
73	20
74	13
75	7
75	13
76	7
76	13
77	13
78	7
78	13
79	13
80	13
80	14
81	13
82	13
83	13
84	13
85	13
86	6
86	8
86	13
86	20
87	13
88	13
89	13
89	14
90	13
90	14
91	13
91	14
92	13
93	13
94	13
94	14
95	7
95	13
95	14
96	13
97	13
98	0
98	3
98	7
98	13
98	14
98	16
98	18
99	13
99	14
100	13
101	0
101	12
101	13
101	16
101	18
101	19
101	20
102	0
102	5
102	8
102	13
102	16
102	18
102	20
103	0
103	8
103	13
103	18
103	20
104	13
104	14
104	19
105	13
106	7
106	13
107	7
107	13
107	14
108	13
109	5
109	7
109	13
109	14
109	18
110	13
111	13
112	13
113	0
113	1
113	7
113	13
113	14
114	13
114	18
115	13
116	8
116	13
116	20
117	1
117	13
118	13
119	13
120	7
120	13
120	14
120	18
121	7
121	13
121	14
121	18
122	13
123	13
124	13
125	7
125	13
126	7
126	13
126	16
127	13
128	13
129	13
130	13
131	13
132	13
133	0
133	6
133	13
134	0
134	8
134	13
134	20
135	0
135	7
135	13
136	0
136	6
136	8
136	14
137	0
138	0
138	14
138	19
139	0
139	2
139	14
140	0
140	7
140	13
140	14
140	18
140	19
141	0
141	14
142	0
143	0
143	5
143	8
143	9
143	13
143	14
144	0
144	14
144	16
144	20
145	0
146	0
147	0
147	5
147	6
147	8
147	9
147	10
147	14
147	18
147	20
148	0
149	0
149	6
150	0
150	6
150	13
151	0
151	5
151	10
152	0
152	13
152	14
153	0
153	5
153	8
153	13
153	14
153	16
154	0
154	3
154	6
154	8
154	10
154	13
154	18
154	19
154	20
155	0
155	7
155	8
155	13
155	14
155	16
155	18
155	19
155	20
156	0
157	0
157	14
158	0
158	14
159	0
159	14
160	0
160	14
161	0
162	0
162	8
162	10
162	14
162	20
163	0
164	0
164	5
164	6
164	8
164	9
164	14
164	19
165	0
166	0
166	14
166	16
166	19
167	0
168	0
168	8
168	14
169	0
170	0
170	7
170	16
170	19
171	0
171	7
171	14
172	0
173	0
173	14
173	20
174	0
175	0
175	7
175	14
176	0
177	0
178	0
179	0
180	0
181	0
181	8
182	0
182	13
183	0
184	0
184	7
184	8
184	12
184	13
184	14
184	20
185	0
185	7
185	9
185	10
185	13
185	14
185	18
185	19
186	0
186	7
186	9
186	10
186	12
186	13
186	14
186	18
186	19
187	0
187	5
187	7
187	8
187	12
187	13
187	14
187	20
188	0
188	12
188	14
189	0
189	3
189	8
189	14
189	19
190	0
190	2
190	12
190	13
190	14
190	17
190	18
190	19
190	20
191	0
191	2
191	3
191	5
191	6
191	7
191	8
191	9
191	12
191	13
191	14
191	16
191	17
191	18
191	19
191	20
192	0
192	3
192	5
192	7
192	8
192	9
192	10
192	13
192	14
192	18
192	19
192	20
193	0
193	2
193	7
193	12
193	13
193	14
193	19
193	20
194	0
194	3
194	5
194	7
194	8
194	12
194	13
194	14
194	16
194	19
194	20
195	0
195	8
195	12
195	13
195	14
195	19
195	20
196	0
196	2
196	7
196	8
196	12
196	13
196	14
196	19
196	20
197	0
197	2
197	7
197	8
197	12
197	13
197	14
197	17
197	18
197	19
197	20
198	0
198	2
198	7
198	8
198	12
198	13
198	14
198	16
198	18
199	0
199	2
199	7
199	8
199	12
199	13
199	14
199	17
199	18
199	19
199	20
200	0
200	2
200	3
200	5
200	6
200	7
200	8
200	12
200	13
200	14
200	16
200	17
200	18
200	19
201	0
201	8
201	12
201	13
201	16
201	17
201	18
201	19
201	20
202	0
202	2
202	5
202	7
202	8
202	13
202	14
202	16
202	17
202	19
203	0
203	2
203	8
203	12
203	13
203	14
203	18
203	19
203	20
204	0
204	12
204	16
205	0
205	2
205	7
205	8
205	12
205	13
205	14
205	17
205	18
205	19
205	20
206	0
206	2
206	5
206	6
206	7
206	8
206	9
206	10
206	13
206	14
206	16
206	18
206	19
206	20
207	0
207	3
207	7
207	9
207	13
207	14
207	19
208	0
208	2
208	3
208	5
208	6
208	7
208	8
208	9
208	10
208	12
208	13
208	14
208	16
208	17
208	18
208	19
208	20
209	0
209	3
209	6
209	7
209	8
209	9
209	12
209	13
209	14
209	18
209	19
209	20
210	0
210	2
210	3
210	7
210	8
210	9
210	10
210	12
210	13
210	14
210	16
210	17
210	18
210	19
210	20
211	0
211	2
211	12
211	13
211	14
211	19
211	20
212	0
212	3
212	6
212	7
212	8
212	9
212	13
212	14
212	17
212	18
212	19
213	0
213	7
213	8
213	9
213	12
213	13
213	14
213	16
213	18
213	19
213	20
214	0
214	7
214	8
214	9
214	14
214	18
214	19
215	0
215	2
215	7
215	8
215	10
215	12
215	13
215	14
215	18
215	19
215	20
216	0
216	1
216	2
216	3
216	6
216	7
216	8
216	9
216	10
216	12
216	13
216	14
216	16
216	17
216	18
216	19
216	20
217	0
217	1
217	2
217	3
217	6
217	7
217	8
217	9
217	10
217	12
217	13
217	14
217	16
217	17
217	18
217	19
217	20
218	0
218	1
218	2
218	3
218	5
218	6
218	7
218	8
218	10
218	12
218	13
218	14
218	16
218	17
218	18
218	19
218	20
219	0
219	2
219	7
219	8
219	10
219	12
219	13
219	14
219	16
219	17
219	18
219	19
219	20
220	0
220	2
220	8
220	12
220	13
220	14
220	16
220	18
220	19
220	20
221	0
221	3
221	7
221	8
221	9
221	10
221	12
221	13
221	14
221	16
221	17
221	18
221	19
221	20
222	0
222	1
222	2
222	3
222	6
222	7
222	8
222	9
222	10
222	12
222	13
222	14
222	16
222	18
222	19
223	0
223	2
223	3
223	6
223	7
223	8
223	9
223	10
223	12
223	13
223	14
223	16
223	17
223	18
223	19
223	20
224	0
224	3
224	7
224	9
224	10
224	12
224	13
224	14
224	16
224	18
224	19
224	20
225	0
225	1
225	2
225	3
225	5
225	6
225	7
225	8
225	9
225	10
225	12
225	13
225	14
225	16
225	17
225	18
225	19
225	20
226	0
226	2
226	3
226	7
226	8
226	10
226	12
226	13
226	14
226	16
226	17
226	18
226	19
226	20
227	0
227	1
227	2
227	3
227	7
227	8
227	9
227	10
227	12
227	13
227	14
227	16
227	18
227	19
227	20
228	0
228	3
228	5
228	7
228	8
228	10
228	13
228	14
228	16
228	17
228	19
228	20
229	0
229	3
229	6
229	7
229	8
229	9
229	10
229	12
229	13
229	14
229	16
229	18
229	19
229	20
230	0
230	1
230	3
230	6
230	7
230	8
230	9
230	10
230	12
230	13
230	14
230	16
230	17
230	18
230	19
230	20
231	0
231	7
231	8
231	9
231	13
231	14
231	16
231	17
231	18
231	19
231	20
232	0
232	7
232	8
232	9
232	12
232	13
232	14
232	18
232	19
232	20
233	0
233	2
233	3
233	5
233	6
233	7
233	8
233	10
233	12
233	13
233	14
233	16
233	17
233	18
233	19
233	20
234	0
234	2
234	3
234	5
234	6
234	7
234	8
234	9
234	10
234	12
234	13
234	14
234	16
234	17
234	18
234	19
234	20
235	0
235	7
235	8
235	9
235	12
235	13
235	14
235	16
235	18
235	19
235	20
236	0
236	1
236	2
236	3
236	6
236	7
236	8
236	10
236	12
236	13
236	14
236	16
236	17
236	18
236	19
236	20
237	0
237	2
237	6
237	7
237	8
237	9
237	13
237	14
237	16
237	18
237	19
237	20
238	0
238	2
238	3
238	6
238	7
238	8
238	9
238	10
238	12
238	13
238	14
238	16
238	17
238	18
238	19
238	20
239	0
239	1
239	2
239	3
239	5
239	6
239	7
239	8
239	9
239	10
239	12
239	13
239	14
239	15
239	16
239	17
239	18
239	19
239	20
240	0
240	1
240	2
240	3
240	5
240	6
240	7
240	8
240	9
240	10
240	12
240	13
240	14
240	16
240	17
240	18
240	19
240	20
241	0
241	1
241	2
241	3
241	6
241	7
241	8
241	9
241	10
241	12
241	13
241	14
241	16
241	17
241	18
241	19
241	20
242	0
242	13
243	0
243	2
243	3
243	7
243	8
243	9
243	10
243	12
243	13
243	14
243	16
243	17
243	18
243	19
243	20
244	0
244	3
244	7
244	8
244	9
244	10
244	12
244	13
244	14
244	18
244	19
244	20
245	0
245	1
245	2
245	3
245	7
245	8
245	9
245	10
245	12
245	13
245	14
245	16
245	17
245	18
245	19
245	20
246	0
246	1
246	2
246	3
246	7
246	9
246	12
246	13
246	14
246	16
246	17
246	18
246	19
246	20
247	0
247	6
248	0
249	0
249	6
249	13
250	0
250	6
251	0
251	6
251	7
252	0
253	0
254	13
255	12
255	13
255	14
255	20
256	13
257	13
257	14
257	20
258	13
259	0
259	5
259	13
259	18
260	8
260	13
261	7
261	8
261	13
261	20
262	7
262	8
262	13
262	20
263	0
263	7
263	8
263	13
263	20
264	0
264	7
264	8
264	13
264	20
265	0
265	7
265	8
265	13
265	18
265	20
266	0
266	7
266	13
266	18
267	0
267	5
267	6
267	7
267	8
267	10
267	12
267	13
267	16
267	20
268	8
268	16
269	16
269	20
270	7
270	12
270	16
270	18
270	20
271	16
272	16
272	20
273	0
273	16
273	20
274	16
274	19
274	20
275	0
275	13
275	16
275	20
276	0
276	13
276	14
276	16
276	20
277	16
278	16
279	16
280	0
280	7
280	8
280	12
280	14
280	16
280	18
280	19
281	8
281	12
281	16
281	19
282	8
282	14
282	16
283	14
283	16
284	7
284	8
284	16
285	16
286	0
286	13
286	14
286	16
286	19
286	20
287	16
288	8
288	14
288	16
289	11
289	16
290	16
290	20
291	16
291	20
292	14
292	16
293	5
293	16
293	19
293	20
294	14
294	16
294	19
294	20
295	16
296	8
296	14
296	16
297	16
298	8
298	16
298	20
299	8
299	14
299	16
300	14
300	16
301	16
302	0
302	12
302	16
302	19
302	20
303	16
304	16
305	14
305	16
306	16
307	0
307	3
307	5
307	7
307	8
307	13
307	14
307	16
307	17
307	18
308	0
308	3
308	7
308	8
308	9
308	10
308	12
308	13
308	14
308	16
308	17
308	18
308	19
308	20
309	0
309	7
309	9
309	12
309	13
309	14
309	16
309	18
309	19
310	0
310	3
310	7
310	12
310	13
310	14
310	16
310	20
311	0
311	12
311	13
311	14
311	16
311	18
311	19
311	20
312	0
312	9
312	10
312	12
312	13
312	14
312	16
313	7
313	16
313	17
313	19
314	0
314	1
314	2
314	6
314	7
314	8
314	9
314	10
314	12
314	13
314	14
314	16
314	17
314	18
314	19
314	20
315	0
315	6
315	7
315	8
315	9
315	13
315	14
315	16
315	17
315	18
315	19
316	0
316	7
316	10
316	14
316	16
317	0
317	5
317	6
317	7
317	8
317	9
317	10
317	12
317	13
317	14
317	16
317	17
317	18
317	19
318	0
318	2
318	3
318	7
318	8
318	9
318	13
318	14
318	16
318	17
318	18
318	19
318	20
319	0
319	6
319	7
319	8
319	13
319	14
319	16
319	18
319	19
319	20
320	0
320	1
320	6
320	7
320	8
320	13
320	14
320	16
320	18
320	20
321	7
321	14
321	16
322	16
322	20
323	5
323	7
323	16
324	0
324	7
324	13
324	14
324	16
324	19
324	20
325	14
325	16
325	20
326	16
327	16
328	7
328	12
328	16
328	20
329	13
330	0
330	2
330	5
330	6
330	13
330	14
330	16
330	18
331	13
331	14
332	13
332	14
333	0
333	7
333	8
333	13
333	14
333	16
333	18
333	19
333	20
334	7
334	13
334	14
334	18
334	19
335	0
335	7
335	13
335	14
336	0
336	7
336	13
336	14
336	19
337	0
337	7
337	9
337	13
337	14
337	16
338	0
338	2
338	7
338	13
338	14
339	0
339	13
339	14
339	16
340	13
341	5
341	6
341	8
341	9
341	10
341	12
341	13
341	14
341	20
342	5
342	7
342	13
342	14
343	7
343	12
343	13
343	14
343	16
344	0
344	13
344	14
345	13
345	14
346	13
346	14
347	2
347	13
347	14
347	20
348	0
348	13
348	14
349	13
350	0
350	8
350	13
350	14
350	16
350	19
351	13
352	13
352	14
352	18
352	20
353	13
353	14
354	7
354	9
354	13
354	14
355	7
355	13
355	14
356	9
356	13
356	14
357	5
357	6
357	7
357	8
357	9
357	13
357	14
357	16
358	13
358	14
359	8
359	13
359	14
359	20
360	8
360	12
360	13
360	14
360	18
360	19
361	7
361	8
361	13
361	14
361	16
361	19
362	13
362	14
363	13
363	14
363	16
364	13
364	14
365	0
365	13
365	14
366	0
366	13
366	14
367	7
367	13
367	14
368	13
368	14
369	13
369	14
369	16
370	13
371	13
372	2
372	7
372	13
372	14
373	13
373	14
374	13
374	14
375	13
375	14
376	7
376	8
376	10
376	12
376	14
376	17
377	0
377	3
377	7
377	8
377	10
377	12
377	13
377	14
377	16
377	17
377	18
377	19
378	0
378	5
378	7
378	8
378	10
378	12
378	13
378	14
378	16
378	18
378	20
379	0
379	2
379	3
379	5
379	7
379	8
379	10
379	12
379	13
379	14
379	16
379	18
379	20
380	0
380	2
380	3
380	5
380	7
380	8
380	10
380	13
380	14
380	16
380	18
380	19
380	20
381	2
381	7
381	8
381	12
381	13
381	14
381	16
381	18
381	20
382	8
382	13
382	17
383	2
383	8
383	14
384	7
384	8
384	19
384	20
385	2
385	8
386	3
386	6
386	8
386	9
386	13
386	14
386	16
387	7
387	8
387	13
388	8
388	10
388	18
389	2
389	8
390	7
390	8
390	14
390	16
390	20
391	7
391	8
391	10
391	12
391	16
391	18
391	20
392	8
392	12
392	20
393	8
393	19
394	7
394	8
394	19
395	0
395	3
395	6
395	7
395	8
395	9
395	12
395	13
395	14
395	16
395	17
395	18
395	19
396	0
396	1
396	2
396	3
396	6
396	7
396	8
396	10
396	12
396	13
396	14
396	16
396	19
396	20
397	0
397	6
397	7
397	8
397	10
397	13
397	14
397	18
397	19
397	20
398	0
398	2
398	7
398	8
398	9
398	12
398	13
398	14
398	16
398	18
398	20
399	0
399	2
399	3
399	5
399	7
399	8
399	9
399	12
399	13
399	14
399	16
399	18
399	20
400	0
400	2
400	3
400	7
400	8
400	10
400	12
400	13
400	14
400	16
400	17
400	18
400	19
400	20
401	2
401	8
401	20
402	8
402	18
402	20
403	7
403	8
403	12
403	16
403	18
403	20
404	0
404	6
404	7
404	8
404	14
404	18
405	7
405	14
405	18
406	7
406	13
406	14
406	18
407	7
407	13
407	18
408	7
409	7
409	13
409	18
410	5
410	7
410	13
410	14
410	18
411	7
411	13
411	18
412	7
412	13
413	7
414	7
415	7
416	7
417	2
417	7
417	8
418	7
419	7
419	13
419	18
420	0
420	7
420	14
420	19
421	0
421	5
421	7
421	8
421	13
421	14
421	18
422	0
422	3
422	5
422	7
422	8
422	13
422	14
422	18
422	19
423	0
423	7
423	13
423	14
424	0
424	7
424	13
424	14
425	0
425	3
425	7
425	8
425	14
425	19
426	0
426	3
426	5
426	7
426	8
426	14
426	19
427	7
427	13
428	2
428	7
429	7
430	7
431	7
431	14
432	7
432	14
433	7
433	14
434	7
434	8
434	18
435	7
435	8
435	18
435	20
436	7
437	7
437	14
438	7
438	14
439	7
439	8
439	14
440	7
440	14
441	7
441	14
442	7
442	14
443	7
444	7
444	14
445	7
446	7
447	7
447	13
447	14
447	18
448	7
448	18
448	20
449	7
450	7
450	8
451	7
452	7
453	0
453	5
453	7
453	8
453	14
453	18
453	20
454	7
454	8
454	13
454	16
454	19
454	20
455	7
456	7
456	8
456	14
456	18
457	0
457	7
457	13
457	14
457	18
458	0
458	1
458	7
458	13
458	18
459	1
459	7
459	13
459	18
460	7
461	6
461	7
461	9
462	6
462	7
462	8
462	9
462	13
462	14
463	0
463	3
463	5
463	6
463	7
463	8
463	9
463	13
463	14
463	16
463	18
464	0
464	3
464	5
464	6
464	7
464	8
464	9
464	10
464	12
464	13
464	14
464	15
464	16
464	18
464	19
464	20
465	7
466	7
467	7
468	7
468	18
469	7
470	7
470	14
471	7
471	13
471	14
471	20
472	7
472	8
472	20
473	0
473	7
473	16
473	20
474	7
475	0
475	7
475	8
475	14
475	19
475	20
476	0
476	7
476	14
477	0
477	7
478	7
478	8
478	13
478	20
479	7
480	7
481	7
482	7
483	7
484	7
485	7
485	14
486	7
487	7
488	7
489	5
489	7
489	13
489	18
490	7
490	13
490	18
491	7
492	7
493	6
493	7
493	8
494	0
494	7
494	12
494	13
494	14
494	18
494	19
495	7
495	14
496	7
496	13
496	18
496	20
497	7
497	8
497	13
497	18
498	7
498	8
498	13
498	14
498	18
498	20
499	7
499	13
499	18
500	5
500	7
500	13
500	18
501	7
501	13
502	7
503	2
503	6
503	7
503	14
503	19
504	7
505	7
506	7
506	13
507	7
507	13
507	18
508	7
509	5
509	7
509	8
509	13
509	14
509	18
509	19
509	20
510	7
511	7
512	7
512	8
512	12
512	16
512	19
512	20
513	7
513	13
514	7
514	13
515	7
515	13
515	14
516	7
516	8
516	18
516	20
517	7
517	13
518	7
518	8
518	14
518	18
519	0
519	3
519	5
519	7
519	14
519	18
520	0
520	3
520	7
520	8
520	13
520	14
520	17
520	18
520	19
521	0
521	3
521	7
521	8
521	9
521	13
521	14
521	17
521	18
521	19
521	20
522	0
522	1
522	2
522	3
522	7
522	8
522	9
522	13
522	14
522	16
522	17
522	18
522	19
522	20
523	0
523	3
523	7
523	8
523	9
523	13
523	14
523	17
523	18
523	19
524	7
524	18
525	7
525	8
525	14
525	19
526	0
526	7
526	8
526	13
526	14
526	18
526	19
527	0
527	3
527	7
527	9
527	13
527	14
527	18
528	7
528	14
528	18
528	19
529	0
529	7
529	12
529	13
529	14
529	19
530	0
530	7
530	8
530	9
530	12
530	13
530	14
530	16
530	18
530	19
530	20
531	0
531	5
531	6
531	7
531	9
531	13
531	14
531	18
531	19
532	0
532	2
532	5
532	7
532	12
532	13
532	14
532	16
532	17
532	18
532	19
532	20
533	0
533	3
533	7
533	8
533	12
533	13
533	14
533	18
533	19
533	20
534	7
534	14
534	19
535	0
535	7
535	12
535	13
535	14
535	19
536	0
536	2
536	7
536	8
536	12
536	13
536	14
536	16
537	7
538	0
538	7
538	10
538	13
538	14
538	19
539	0
539	3
539	6
539	7
539	10
539	13
539	14
539	19
539	20
540	0
540	6
540	7
540	12
540	13
540	14
540	18
540	19
540	20
541	0
541	7
541	8
541	13
541	14
541	16
541	17
541	19
541	20
542	0
542	7
542	8
542	9
542	13
542	14
542	18
542	19
543	7
543	14
543	18
543	19
544	0
544	2
544	7
544	8
544	12
544	13
544	14
544	18
545	0
545	1
545	7
545	8
545	9
545	12
545	13
545	14
545	16
545	17
545	18
545	19
545	20
546	0
546	1
546	2
546	3
546	6
546	7
546	8
546	9
546	10
546	12
546	13
546	14
546	16
546	17
546	18
546	19
546	20
547	0
547	3
547	6
547	7
547	8
547	9
547	10
547	12
547	13
547	14
547	16
547	18
547	19
548	0
548	2
548	3
548	5
548	6
548	7
548	8
548	12
548	13
548	14
548	16
548	17
548	18
548	19
548	20
549	0
549	2
549	3
549	7
549	8
549	9
549	10
549	12
549	13
549	14
549	16
549	17
549	18
549	19
550	0
550	2
550	7
550	9
550	12
550	13
550	14
550	16
550	17
550	18
550	19
550	20
551	0
551	3
551	7
551	9
551	12
551	13
551	16
551	18
551	19
552	0
552	2
552	3
552	7
552	8
552	9
552	10
552	12
552	13
552	14
552	16
552	17
552	18
552	19
552	20
553	0
553	2
553	7
553	9
553	12
553	13
553	14
553	18
553	19
553	20
554	0
554	2
554	7
554	9
554	10
554	12
554	13
554	14
554	18
554	19
554	20
555	7
555	13
555	18
555	19
555	20
556	0
556	7
556	9
556	10
556	13
556	14
556	16
556	18
556	19
556	20
557	0
557	2
557	3
557	7
557	8
557	10
557	12
557	13
557	14
557	16
557	18
557	19
557	20
558	0
558	1
558	3
558	7
558	8
558	12
558	13
558	14
558	17
558	18
558	19
559	7
560	0
560	7
561	0
561	1
561	2
561	3
561	7
561	8
561	10
561	12
561	13
561	14
561	16
561	17
561	18
561	19
561	20
562	0
562	1
562	2
562	3
562	7
562	8
562	9
562	12
562	13
562	14
562	15
562	16
562	17
562	18
562	19
562	20
563	0
563	1
563	2
563	3
563	7
563	8
563	12
563	13
563	14
563	16
563	17
563	18
563	19
564	0
564	3
564	6
564	7
564	13
564	14
564	18
564	20
565	0
565	1
565	2
565	3
565	6
565	7
565	8
565	9
565	10
565	12
565	13
565	14
565	16
565	17
565	18
565	19
565	20
566	0
566	7
566	14
566	18
566	19
567	0
567	1
567	2
567	3
567	5
567	6
567	7
567	8
567	9
567	10
567	12
567	13
567	14
567	16
567	17
567	18
567	19
568	7
568	12
568	13
568	14
569	0
569	7
569	8
569	12
569	13
569	14
569	16
569	18
569	19
569	20
570	0
570	3
570	7
570	9
570	10
570	12
570	13
570	14
570	17
570	18
570	19
571	0
571	2
571	7
571	12
571	13
571	14
571	16
571	19
571	20
572	0
572	2
572	7
572	8
572	9
572	12
572	13
572	14
572	16
572	17
572	18
572	19
572	20
573	0
573	3
573	6
573	7
573	8
573	9
573	13
573	14
573	16
573	17
573	18
573	19
573	20
574	0
574	3
574	7
574	10
574	12
574	13
574	14
574	16
574	18
574	19
575	0
575	7
575	9
575	12
575	13
575	14
575	17
575	18
575	19
576	0
576	3
576	7
576	8
576	9
576	10
576	12
576	13
576	14
576	16
576	17
576	18
576	19
577	7
577	8
577	14
578	0
578	7
578	12
578	13
578	14
578	19
579	7
579	14
579	19
580	0
580	7
580	14
580	18
580	19
580	20
581	0
581	7
581	14
581	19
582	2
582	7
583	6
584	1
584	7
584	14
584	20
585	1
586	8
586	13
586	18
586	20
587	7
587	13
587	18
588	7
588	13
588	18
589	7
589	13
589	18
590	13
590	18
591	7
591	13
591	18
592	3
592	7
592	8
592	12
592	13
592	14
592	16
592	18
592	20
593	7
593	9
593	13
593	18
594	3
594	6
594	8
594	9
594	13
594	14
594	16
594	18
594	19
595	13
595	14
595	18
596	7
596	13
596	18
597	5
597	13
597	14
597	18
598	8
598	18
599	0
599	1
599	2
599	3
599	6
599	7
599	8
599	10
599	12
599	13
599	14
599	16
599	17
599	18
599	19
599	20
600	0
600	2
600	5
600	7
600	8
600	10
600	12
600	13
600	14
600	16
600	18
600	19
600	20
601	0
601	1
601	2
601	3
601	7
601	8
601	9
601	10
601	13
601	14
601	16
601	17
601	18
601	19
601	20
602	0
602	1
602	2
602	3
602	7
602	8
602	9
602	10
602	13
602	14
602	16
602	17
602	18
602	19
602	20
603	3
603	14
604	3
605	0
605	2
605	3
605	5
605	7
605	8
605	13
605	14
605	17
605	18
605	19
606	0
606	3
606	5
606	7
606	8
606	13
606	14
606	18
606	19
607	0
607	3
607	5
607	7
607	13
607	14
607	18
607	19
608	3
608	6
608	7
608	8
608	12
608	13
608	16
608	18
608	19
608	20
609	3
609	7
609	18
610	3
611	0
611	3
611	7
611	13
611	14
611	18
611	19
612	0
612	2
612	3
612	5
612	6
612	7
612	8
612	10
612	12
612	13
612	14
612	16
612	18
612	19
612	20
613	0
613	2
613	3
613	5
613	8
613	10
613	12
613	18
613	19
613	20
614	0
614	1
614	2
614	3
614	5
614	6
614	7
614	8
614	9
614	12
614	13
614	14
614	16
614	17
614	18
614	19
614	20
615	0
615	3
615	6
615	7
615	8
615	9
615	10
615	12
615	13
615	14
615	16
615	18
615	19
616	0
616	3
616	6
616	12
616	13
616	16
616	18
616	19
617	3
618	3
618	7
619	3
619	7
620	3
620	7
620	14
621	3
621	7
621	13
622	3
622	7
623	0
623	3
623	7
623	12
623	16
623	18
624	3
624	7
625	3
625	7
625	12
626	0
626	3
626	7
626	12
626	16
626	18
627	7
628	7
629	7
630	7
631	7
632	7
633	7
634	7
634	13
635	7
636	7
637	7
638	7
639	7
639	10
639	16
640	0
640	7
640	19
641	7
642	7
643	7
644	7
644	8
645	0
645	3
645	7
645	13
645	14
646	0
646	5
646	7
646	8
646	13
646	14
646	16
646	18
646	19
646	20
647	5
647	7
647	8
647	14
647	19
647	20
648	0
648	5
648	7
648	8
648	13
648	14
648	18
648	19
648	20
649	0
649	5
649	7
649	8
649	14
649	19
649	20
650	5
650	7
650	8
650	14
650	19
651	5
651	7
651	13
651	14
651	19
652	7
652	19
653	19
654	19
655	19
656	19
656	20
657	2
657	19
657	20
658	12
658	13
658	19
659	12
659	13
659	19
660	13
660	19
660	20
661	19
662	19
662	20
663	19
663	20
664	12
664	13
664	19
664	20
665	12
665	19
665	20
666	19
666	20
667	19
667	20
668	19
668	20
669	12
669	19
669	20
670	19
670	20
671	19
671	20
672	19
672	20
673	19
673	20
674	0
674	13
674	14
674	18
674	19
675	7
675	19
675	20
676	19
676	20
677	6
677	7
677	14
677	19
677	20
678	7
678	14
678	19
678	20
679	7
679	19
679	20
680	7
680	14
680	19
680	20
681	7
681	19
681	20
682	7
682	14
682	19
682	20
683	0
683	19
683	20
684	7
684	14
684	19
684	20
685	7
685	19
685	20
686	6
686	12
686	14
686	19
686	20
687	19
687	20
688	7
688	19
689	7
689	14
689	16
689	19
689	20
690	8
690	19
690	20
691	14
691	19
691	20
692	12
692	19
692	20
693	12
693	19
693	20
694	19
694	20
695	19
695	20
696	12
696	19
696	20
697	14
697	19
698	7
698	8
698	14
698	16
698	19
698	20
699	19
700	8
700	14
700	19
701	8
701	14
701	19
701	20
702	8
702	14
702	19
702	20
703	19
703	20
704	14
704	19
704	20
705	0
705	8
705	14
705	19
705	20
706	0
706	8
706	14
706	19
706	20
707	0
707	8
707	14
707	19
707	20
708	19
708	20
709	19
709	20
710	0
710	16
710	19
710	20
711	8
711	12
711	14
711	16
711	19
711	20
712	19
713	0
713	7
713	8
713	9
713	12
713	13
713	14
713	18
713	19
713	20
714	19
714	20
715	7
715	12
715	18
715	19
715	20
716	0
716	2
716	7
716	8
716	9
716	12
716	13
716	14
716	16
716	18
716	19
716	20
717	0
717	2
717	7
717	8
717	9
717	12
717	13
717	14
717	16
717	18
717	19
717	20
718	19
719	0
719	8
719	13
719	14
719	16
719	19
719	20
720	19
720	20
721	19
722	8
722	13
722	14
722	18
722	19
722	20
723	3
723	7
724	3
724	7
724	14
725	7
726	7
726	16
726	17
727	7
728	7
728	17
729	7
729	16
730	7
731	7
732	7
732	8
732	20
733	7
734	7
735	7
736	7
737	7
738	7
739	7
740	7
740	14
740	18
740	20
741	7
741	14
742	7
743	0
743	7
743	14
743	18
744	7
745	7
745	14
746	7
747	0
747	7
747	8
747	14
747	19
748	7
749	7
750	7
751	7
751	13
751	14
751	16
751	18
751	19
752	7
752	18
753	7
754	0
754	7
754	14
755	0
755	3
755	6
755	7
755	8
755	10
755	18
755	20
756	7
757	7
757	17
758	7
759	7
760	0
760	7
760	14
761	0
761	7
761	8
761	9
761	20
762	7
763	0
763	5
763	7
763	13
764	7
764	14
764	20
765	0
765	1
765	5
765	7
765	14
766	0
766	1
766	5
766	7
766	14
767	0
767	1
767	5
767	7
767	14
768	0
768	1
768	5
768	7
768	14
768	18
769	1
769	5
769	7
769	13
769	14
769	18
770	7
771	7
772	7
773	6
773	7
773	8
773	18
774	5
774	7
774	8
774	13
774	14
774	16
774	18
774	19
774	20
775	5
775	7
775	14
776	2
776	5
776	7
776	13
776	14
776	18
776	19
777	7
777	13
777	18
778	7
779	5
779	18
780	0
780	7
780	12
780	14
780	16
780	20
781	0
781	12
781	20
782	0
782	12
782	20
783	0
783	7
783	8
783	12
783	13
783	14
783	18
783	19
784	8
784	12
785	8
785	12
785	18
785	20
786	5
786	8
786	12
786	14
786	18
786	20
787	5
787	7
787	8
787	12
787	14
787	20
788	7
788	8
788	12
788	14
788	19
788	20
789	8
789	12
789	14
790	2
790	7
790	8
790	12
790	13
790	14
790	16
790	19
790	20
791	2
791	7
791	8
791	12
791	13
791	14
791	16
791	19
791	20
792	6
792	7
792	8
792	12
792	13
792	14
792	16
792	18
792	19
792	20
793	12
794	7
794	8
794	10
794	12
794	13
794	14
794	16
794	18
794	20
795	7
795	8
795	12
795	13
795	14
795	16
795	18
795	19
795	20
796	7
796	8
796	12
796	16
796	18
796	19
797	7
797	8
797	12
797	13
797	14
797	16
797	18
797	19
797	20
798	7
798	8
798	12
798	13
798	14
798	16
798	18
798	19
799	7
799	8
799	12
799	13
799	14
799	19
800	7
800	8
800	9
800	12
800	13
800	14
800	16
800	18
800	19
800	20
801	2
801	7
801	8
801	12
801	19
802	0
802	7
802	8
802	9
802	10
802	12
802	13
802	16
802	18
802	19
802	20
803	0
803	7
803	8
803	10
803	12
803	13
803	16
803	18
803	19
803	20
804	7
804	8
804	12
805	0
805	3
805	5
805	7
805	9
805	12
805	13
805	14
805	16
805	18
805	19
806	12
807	0
807	7
807	8
807	12
807	13
807	14
807	19
808	0
808	2
808	7
808	8
808	12
808	13
808	14
808	16
808	19
808	20
809	0
809	2
809	3
809	6
809	7
809	8
809	9
809	12
809	13
809	14
809	16
809	17
809	18
809	19
809	20
810	12
810	14
810	18
811	7
811	8
811	10
811	12
811	13
811	16
811	20
812	0
812	2
812	3
812	7
812	8
812	10
812	12
812	13
812	14
812	16
812	17
812	18
812	19
812	20
813	0
813	2
813	3
813	7
813	8
813	10
813	12
813	13
813	14
813	16
813	17
813	18
813	19
814	0
814	1
814	2
814	3
814	6
814	7
814	8
814	13
814	14
814	16
814	17
814	18
814	19
814	20
815	0
815	7
815	8
815	12
815	13
815	14
815	16
815	18
815	19
815	20
816	15
816	20
817	0
817	7
817	8
817	9
817	10
817	12
817	13
817	14
817	16
817	17
817	18
817	19
817	20
818	0
818	6
818	7
818	8
818	12
818	13
818	14
818	17
818	18
818	19
819	0
819	7
819	8
819	12
819	13
819	14
819	18
819	19
819	20
820	0
820	7
820	8
820	12
820	13
820	14
820	17
820	19
821	0
821	7
821	12
821	13
821	14
821	17
821	18
821	19
821	20
822	0
822	12
822	14
822	19
823	0
823	1
823	2
823	3
823	7
823	8
823	10
823	12
823	13
823	14
823	16
823	17
823	18
823	19
823	20
824	0
824	1
824	2
824	6
824	7
824	8
824	12
824	13
824	14
824	16
824	17
824	18
824	19
824	20
825	0
825	2
825	7
825	8
825	12
825	13
825	14
825	17
825	18
825	19
825	20
826	0
826	8
826	12
826	13
826	14
826	20
827	0
827	12
827	13
827	14
827	20
828	16
829	14
829	16
830	3
830	7
830	8
830	12
830	14
830	16
830	19
830	20
831	14
831	16
832	14
832	16
833	16
833	20
834	14
834	16
834	20
835	14
835	16
836	14
836	16
837	12
837	14
837	16
837	20
838	5
838	7
838	16
838	18
839	0
839	16
840	16
841	16
842	16
843	16
844	16
845	7
845	12
845	14
845	16
845	20
846	0
846	8
846	13
846	16
846	19
846	20
847	13
847	16
848	16
849	7
849	14
849	16
850	13
850	16
850	17
850	20
851	16
852	0
852	13
852	16
852	19
853	16
854	16
855	16
856	0
856	5
856	8
856	9
856	10
856	12
856	13
856	14
856	16
856	17
856	18
856	20
857	18
858	18
859	0
859	1
859	13
859	14
859	18
860	1
860	13
860	18
861	3
861	7
861	8
861	10
861	13
861	14
861	18
861	19
861	20
862	8
862	10
862	18
863	8
863	18
863	19
863	20
864	18
865	18
866	7
866	8
866	13
866	14
866	18
866	20
867	8
867	13
867	18
867	20
868	7
868	8
868	13
868	16
868	18
868	19
868	20
869	18
870	0
870	6
870	7
870	8
870	10
870	14
870	16
870	18
870	19
870	20
871	18
871	19
872	0
872	3
872	7
872	8
872	13
872	14
872	18
872	19
872	20
873	0
873	3
873	7
873	8
873	9
873	13
873	14
873	18
873	19
873	20
874	7
874	8
874	14
874	18
874	20
875	7
875	8
875	13
875	14
875	18
875	19
875	20
876	0
876	3
876	7
876	9
876	12
876	13
876	14
876	18
876	19
876	20
877	0
877	3
877	5
877	7
877	8
877	9
877	12
877	13
877	14
877	18
877	19
877	20
878	0
878	3
878	7
878	8
878	9
878	12
878	13
878	14
878	18
878	19
878	20
879	0
879	3
879	5
879	7
879	8
879	9
879	12
879	13
879	14
879	18
879	19
879	20
880	0
880	3
880	5
880	7
880	8
880	9
880	12
880	13
880	14
880	18
880	19
880	20
881	0
881	3
881	5
881	6
881	7
881	8
881	9
881	12
881	13
881	14
881	18
881	19
881	20
882	0
882	3
882	7
882	8
882	9
882	12
882	13
882	14
882	18
882	19
882	20
883	0
883	3
883	5
883	7
883	8
883	9
883	12
883	13
883	14
883	18
883	19
883	20
884	0
884	3
884	7
884	8
884	9
884	12
884	13
884	14
884	18
884	19
884	20
885	0
885	12
885	13
885	14
885	18
885	19
886	7
886	8
886	13
886	14
886	18
887	8
887	10
887	13
887	19
887	20
888	3
888	8
888	9
888	13
888	14
888	18
888	19
889	3
889	8
889	14
889	19
890	3
890	8
890	14
890	19
891	3
891	7
891	13
891	14
891	19
892	3
892	7
892	13
892	19
893	0
893	7
893	12
893	14
893	19
894	7
894	8
894	13
894	14
894	18
894	19
894	20
895	7
895	8
895	9
895	14
895	16
895	18
895	19
895	20
896	7
896	13
896	14
896	18
896	19
897	0
897	7
897	13
897	14
897	19
898	0
898	7
898	8
898	13
898	14
898	19
898	20
899	7
899	14
899	18
899	19
900	7
900	13
900	14
900	18
900	19
900	20
901	0
901	7
901	9
901	10
901	12
901	13
901	14
901	18
901	19
901	20
902	0
902	8
902	14
902	18
902	19
902	20
903	0
903	2
903	3
903	8
903	10
903	12
903	13
903	14
903	17
903	18
903	19
903	20
904	0
904	7
904	12
904	13
904	14
904	16
904	17
904	19
905	0
905	2
905	13
905	14
905	19
906	19
907	0
907	3
907	5
907	7
907	8
907	12
907	13
907	14
907	16
907	17
907	18
907	19
908	0
908	8
908	13
908	14
908	18
908	19
908	20
909	1
909	2
909	7
909	13
909	14
909	17
909	18
909	19
910	0
910	2
910	3
910	5
910	7
910	9
910	10
910	12
910	13
910	14
910	16
910	17
910	18
910	19
911	19
912	0
912	7
912	8
912	12
912	13
912	14
912	16
912	17
912	18
912	19
913	2
913	7
913	9
913	13
913	14
913	18
913	19
914	0
914	3
914	7
914	8
914	19
914	20
915	0
915	7
915	14
915	19
916	0
916	6
916	8
916	12
916	13
916	14
916	18
916	19
916	20
917	12
917	14
917	18
917	19
918	0
918	14
918	19
919	0
919	2
919	7
919	8
919	10
919	13
919	14
919	16
919	17
919	18
919	19
920	0
920	1
920	2
920	3
920	7
920	8
920	9
920	13
920	14
920	16
920	17
920	18
920	19
920	20
921	0
921	7
921	13
921	14
921	18
921	19
921	20
922	0
922	7
922	13
922	14
922	18
922	19
923	0
923	7
923	13
923	14
923	18
923	19
924	19
925	3
925	13
925	14
925	19
926	14
926	19
927	3
927	9
927	14
927	19
928	19
929	19
930	0
930	3
930	13
930	14
930	19
931	14
931	19
932	3
932	5
932	7
932	9
932	13
932	14
932	18
932	19
933	19
934	14
934	19
935	8
935	13
935	14
935	19
936	3
936	19
937	19
938	3
938	14
938	19
939	7
939	13
939	14
939	19
940	2
940	8
940	12
940	13
940	14
940	19
940	20
941	14
941	19
942	19
943	3
943	7
943	14
943	18
943	19
944	9
944	13
944	14
944	19
945	14
945	19
945	20
946	3
946	9
946	14
946	19
947	0
947	8
947	14
947	19
948	3
948	7
948	14
948	19
949	3
949	8
949	14
949	19
950	8
950	14
950	19
951	13
951	14
951	19
952	2
952	7
952	8
952	9
952	13
952	14
952	19
953	0
953	12
953	13
953	14
953	16
953	18
953	19
953	20
954	0
954	12
954	13
954	14
954	19
954	20
955	0
955	1
955	6
955	13
955	14
955	16
955	19
955	20
956	14
956	19
957	3
957	14
957	19
958	0
958	3
958	9
958	12
958	13
958	14
958	19
959	3
959	7
959	13
959	14
959	19
960	0
960	3
960	7
960	8
960	9
960	12
960	13
960	14
960	19
960	20
961	0
961	3
961	7
961	9
961	12
961	13
961	14
961	19
962	3
962	9
962	19
963	14
963	19
964	0
964	3
964	13
964	14
964	19
965	14
965	20
966	8
966	14
966	20
967	14
968	14
969	14
970	14
970	18
971	1
971	6
971	7
971	13
971	14
971	18
972	0
972	8
972	10
972	14
973	14
974	7
974	13
974	14
975	7
975	14
976	14
977	1
978	1
979	1
980	1
980	7
981	13
982	0
982	13
983	13
984	8
985	8
986	2
986	8
986	14
986	18
987	8
987	14
988	8
989	0
989	7
989	8
989	12
989	13
989	14
989	18
989	19
989	20
990	0
990	7
990	8
990	12
990	13
990	14
990	18
990	19
990	20
991	8
991	14
992	8
993	8
994	6
994	8
994	14
995	6
995	8
995	17
995	20
996	6
996	8
997	7
997	14
997	19
998	7
998	14
998	18
999	7
999	18
999	19
1000	7
1000	12
1000	13
1000	14
1000	20
1001	0
1001	12
1001	19
1002	0
1002	12
1002	13
1003	0
1003	12
1003	13
1004	0
1004	3
1004	12
1004	13
1004	14
1005	12
1006	0
1006	12
1006	13
1007	0
1007	12
1007	13
1007	14
1008	0
1008	7
1008	12
1008	13
1008	14
1009	0
1009	8
1009	12
1009	13
1009	14
1010	12
1010	14
1011	0
1011	12
1011	13
1012	0
1012	12
1012	14
1013	0
1013	12
1013	13
1013	14
1014	0
1014	7
1014	12
1014	13
1014	14
1014	17
1014	18
1014	19
1015	0
1015	7
1015	12
1015	13
1015	14
1016	0
1016	7
1016	12
1016	13
1016	14
1016	18
1017	0
1017	12
1017	18
1018	0
1018	12
1018	13
1018	14
1019	0
1019	7
1019	12
1019	13
1019	14
1019	16
1019	17
1019	18
1019	19
1020	0
1020	7
1020	9
1020	12
1020	13
1020	14
1020	18
1021	0
1021	8
1021	12
1021	13
1021	14
1021	18
1021	19
1022	0
1022	6
1022	12
1022	13
1022	14
1022	17
1022	18
1022	19
1023	0
1023	12
1023	13
1024	0
1024	6
1024	7
1024	8
1024	9
1024	12
1024	13
1024	14
1024	18
1024	19
1025	0
1025	12
1025	13
1025	14
1026	0
1026	9
1026	12
1026	13
1026	14
1026	18
1027	0
1027	12
1027	13
1027	20
1028	0
1028	7
1028	12
1028	13
1028	14
1028	17
1028	19
1028	20
1029	0
1029	7
1029	12
1029	13
1029	14
1029	17
1029	20
1030	0
1030	6
1030	7
1030	12
1030	13
1031	0
1031	12
1031	13
1031	14
1031	16
1031	18
1031	19
1032	0
1032	12
1032	13
1032	18
1033	0
1033	3
1033	7
1033	8
1033	9
1033	10
1033	12
1033	13
1033	14
1033	17
1033	19
1033	20
1034	0
1034	12
1034	13
1034	17
1034	20
1035	0
1035	8
1035	12
1035	13
1035	18
1035	19
1036	0
1036	2
1036	7
1036	12
1036	13
1036	14
1036	17
1036	18
1036	19
1036	20
1037	0
1037	10
1037	12
1037	13
1038	0
1038	7
1038	8
1038	10
1038	12
1038	13
1038	14
1038	16
1038	17
1038	18
1038	19
1039	0
1039	1
1039	2
1039	3
1039	7
1039	10
1039	12
1039	13
1039	14
1039	16
1039	17
1039	19
1039	20
1040	0
1040	2
1040	8
1040	12
1040	13
1040	14
1040	19
1040	20
1041	0
1041	7
1041	12
1041	13
1041	14
1041	16
1041	20
1042	12
1042	13
1042	14
1043	0
1043	7
1043	8
1043	12
1043	13
1043	14
1043	16
1043	17
1043	18
1043	19
1044	7
1044	12
1044	13
1044	14
1044	19
1045	6
1045	12
1045	13
1045	14
1046	0
1046	7
1046	9
1046	12
1046	13
1046	14
1046	18
1046	19
1047	0
1047	8
1047	12
1047	14
1047	18
1048	0
1048	9
1048	12
1048	13
1048	14
1048	18
1048	19
1049	12
1050	0
1050	12
1050	13
1050	14
1050	20
1051	0
1051	8
1051	12
1051	13
1051	14
1051	18
1052	0
1052	12
1052	13
1052	14
1052	18
1052	20
1053	0
1053	7
1053	12
1053	13
1053	14
1054	0
1054	12
1054	14
1055	0
1055	7
1055	12
1055	13
1055	14
1056	0
1056	8
1056	12
1056	13
1056	14
1056	20
1057	0
1057	12
1057	14
1058	12
1058	14
1059	0
1059	8
1059	12
1059	13
1059	14
1059	16
1059	18
1059	20
1060	8
1060	12
1060	13
1060	14
1060	20
1061	0
1061	12
1061	14
1061	19
1062	7
1062	8
1062	14
1063	8
1063	14
1064	8
1065	8
1066	8
1067	0
1067	6
1067	7
1067	8
1067	13
1067	14
1067	20
1068	0
1068	6
1068	7
1068	8
1069	7
1069	8
1070	8
1070	14
1070	19
1071	8
1071	18
1072	8
1073	8
1074	2
1074	8
1075	7
1075	8
1076	8
1077	8
1077	20
1078	8
1079	8
1079	14
1080	3
1080	8
1080	12
1080	14
1080	20
1081	8
1081	18
1082	0
1082	8
1082	18
1083	0
1083	8
1083	18
1084	0
1084	7
1084	8
1084	17
1084	18
1084	19
1085	7
1085	8
1085	17
1085	18
1085	19
1086	8
1086	14
1087	8
1088	8
1089	8
1090	7
1090	8
1090	13
1090	18
1090	19
1091	7
1091	8
1091	18
1092	0
1092	8
1092	19
1093	8
1093	14
1093	19
1094	8
1095	8
1096	8
1097	8
1097	20
1098	8
1099	7
1099	8
1099	13
1100	7
1101	7
1102	7
1103	7
1103	13
1104	7
1104	8
1104	14
1105	7
1106	0
1106	4
1106	8
1106	16
1106	19
1107	16
1108	16
1108	19
1109	3
1109	6
1109	8
1109	10
1109	12
1109	13
1109	14
1109	16
1109	17
1109	18
1109	19
1110	13
1110	16
1111	0
1111	2
1111	3
1111	7
1111	8
1111	9
1111	10
1111	13
1111	14
1111	16
1111	17
1111	18
1111	19
1111	20
1112	0
1112	14
1112	16
1112	20
1113	0
1113	13
1113	14
1113	16
1113	18
1114	0
1114	2
1114	3
1114	6
1114	7
1114	8
1114	9
1114	13
1114	14
1114	16
1114	18
1114	19
1115	0
1115	2
1115	3
1115	7
1115	8
1115	12
1115	13
1115	16
1115	17
1115	19
1116	0
1116	1
1116	2
1116	7
1116	8
1116	9
1116	13
1116	14
1116	16
1116	17
1116	18
1116	19
1117	20
1118	20
1119	20
1120	20
1121	8
1121	20
1122	14
1122	20
1123	20
1124	20
1125	20
1126	20
1127	18
1127	20
1128	7
1128	20
1129	20
1130	20
1131	20
1132	7
1132	8
1132	14
1132	20
1133	20
1134	7
1134	12
1134	13
1134	14
1134	18
1134	19
1134	20
1135	7
1135	12
1135	14
1135	18
1135	19
1135	20
1136	0
1136	13
1136	14
1136	16
1136	19
1136	20
1137	20
1138	20
1139	20
1140	20
1141	20
1142	20
1143	13
1143	20
1144	13
1144	20
1145	13
1145	20
1146	20
1147	5
1147	7
1147	14
1147	20
1148	6
1148	14
1148	20
1149	7
1149	13
1149	14
1149	16
1149	20
1150	7
1150	20
1151	7
1151	8
1151	12
1151	14
1151	20
1152	0
1152	12
1152	14
1152	20
1153	12
1153	14
1153	20
1154	12
1154	20
1155	12
1155	14
1155	20
1156	20
1157	0
1157	18
1157	20
1158	20
1159	20
1160	20
1161	20
1162	7
1162	20
1163	20
1164	20
1165	20
1166	20
1167	20
1168	20
1169	20
1170	20
1171	20
1172	0
1172	14
1172	20
1173	20
1174	20
1175	20
1176	20
1177	6
1177	8
1177	12
1177	16
1177	20
1178	20
1179	18
1179	20
1180	0
1180	5
1180	7
1180	8
1180	13
1180	16
1180	19
1180	20
1181	16
1181	20
1182	20
1183	19
1183	20
1184	0
1184	7
1184	8
1184	13
1184	16
1184	18
1184	19
1184	20
1185	7
1185	18
1185	20
1186	0
1186	5
1186	7
1186	13
1186	14
1186	18
1186	20
1187	7
1187	20
1188	20
1189	14
1189	20
1190	0
1190	14
1190	16
1190	19
1190	20
1191	6
1191	8
1191	9
1191	13
1191	14
1191	16
1191	18
1191	19
1191	20
1192	14
1192	20
1193	14
1193	20
1194	14
1194	20
1195	20
1196	20
1197	12
1197	20
1198	20
1199	20
1200	20
1201	20
1202	20
1203	20
1204	14
1204	20
1205	0
1205	8
1205	14
1205	16
1205	19
1205	20
1206	8
1206	20
1207	8
1207	20
1208	8
1208	13
1208	14
1208	18
1208	20
1209	8
1209	20
1210	8
1210	20
1211	0
1211	8
1211	18
1211	20
1212	8
1212	20
1213	6
1213	8
1213	20
1214	8
1214	20
1215	8
1215	20
1216	8
1216	20
1217	8
1217	20
1218	8
1218	20
1219	8
1219	20
1220	20
1221	20
1222	8
1222	20
1223	20
1224	20
1225	20
1226	20
1227	8
1227	20
1228	0
1228	7
1228	18
1228	20
1229	8
1229	13
1229	20
1230	20
1231	8
1231	13
1231	18
1231	20
1232	20
1233	8
1233	20
1234	20
1235	8
1235	13
1235	20
1236	8
1236	20
1237	20
1238	20
1239	20
1240	20
1241	8
1241	20
1242	8
1242	20
1243	20
1244	7
1244	20
1245	19
1245	20
1246	20
1247	20
1248	5
1248	7
1248	8
1248	10
1248	14
1248	18
1248	20
1249	7
1249	8
1249	12
1249	18
1249	20
1250	7
1250	8
1250	20
1251	20
1252	7
1252	8
1252	20
1253	20
1254	7
1254	8
1254	14
1254	20
1255	7
1255	8
1255	14
1255	20
1256	8
1256	20
1257	14
1257	20
1258	20
1259	8
1259	20
1260	8
1260	20
1261	8
1261	12
1261	20
1262	7
1262	14
1262	20
1263	20
1264	8
1264	18
1264	20
1265	8
1265	20
1266	8
1266	20
1267	20
1268	8
1268	14
1268	20
1269	5
1269	7
1269	8
1269	14
1269	20
1270	8
1270	14
1270	20
1271	20
1272	0
1272	7
1272	8
1272	14
1272	16
1272	18
1272	19
1272	20
1273	20
1274	8
1274	20
1275	8
1275	20
1276	8
1276	20
1277	8
1277	20
1278	6
1278	8
1278	14
1278	20
1279	20
1280	12
1280	20
1281	7
1281	8
1281	20
1282	7
1282	8
1282	20
1283	8
1283	12
1283	20
1284	0
1284	5
1284	8
1284	13
1284	16
1284	19
1284	20
1285	8
1285	20
1286	20
1287	8
1287	20
1288	6
1288	7
1288	8
1288	20
1289	8
1289	14
1289	18
1289	20
1290	6
1290	7
1290	8
1290	10
1290	18
1290	20
1291	8
1291	10
1291	20
1292	6
1292	8
1292	18
1292	20
1293	20
1294	6
1294	20
1295	0
1295	8
1295	14
1295	16
1295	20
1296	8
1296	20
1297	20
1298	8
1298	20
1299	8
1299	20
1300	16
1300	20
1301	13
1301	20
1302	20
1303	14
1303	20
1304	20
1305	8
1305	20
1306	20
1307	0
1307	8
1307	20
1308	20
1309	20
1310	8
1310	20
1311	8
1311	13
1311	20
1312	20
1313	20
1314	8
1314	12
1314	13
1314	14
1314	20
1315	14
1315	20
1316	8
1316	20
1317	8
1317	20
1318	5
1318	8
1318	20
1319	8
1319	18
1319	20
1320	14
1320	20
1321	14
1321	20
1322	7
1322	20
1323	8
1323	20
1324	8
1324	13
1324	20
1325	8
1325	20
1326	20
1327	8
1327	12
1327	20
1328	8
1328	20
1329	20
1330	8
1330	18
1330	20
1331	20
1332	20
1333	8
1333	20
1334	0
1334	14
1334	16
1334	19
1334	20
1335	7
1335	8
1335	20
1336	7
1336	8
1336	20
1337	8
1337	20
1338	8
1338	14
1338	20
1339	8
1339	20
1340	14
1340	20
1341	8
1341	20
1342	8
1342	14
1342	20
1343	20
1344	20
1345	20
1346	8
1346	20
1347	8
1347	20
1348	8
1348	14
1348	20
1349	8
1349	20
1350	8
1350	12
1350	20
1351	14
1351	20
1352	0
1352	5
1352	6
1352	8
1352	9
1352	16
1352	18
1352	19
1352	20
1353	20
1354	20
1355	8
1355	18
1355	20
1356	8
1356	18
1356	20
1357	8
1357	20
1358	8
1358	20
1359	8
1359	20
1360	5
1360	20
1361	8
1361	20
1362	8
1362	20
1363	8
1363	20
1364	8
1364	20
1365	20
1366	8
1366	20
1367	8
1367	20
1368	20
1369	8
1369	20
1370	20
1371	8
1371	20
1372	8
1372	9
1372	20
1373	20
1374	8
1374	20
1375	8
1375	20
1376	8
1376	20
1377	8
1377	16
1377	20
1378	8
1378	20
1379	20
1380	8
1380	20
1381	0
1381	8
1381	18
1381	19
1381	20
1382	8
1382	20
1383	20
1384	8
1384	20
1385	18
1385	20
1386	20
1387	0
1387	8
1387	16
1387	19
1387	20
1388	8
1388	20
1389	20
1390	20
1391	8
1391	14
1391	20
1392	8
1392	18
1392	20
1393	8
1393	20
1394	0
1394	7
1394	8
1394	14
1394	16
1394	17
1394	19
1394	20
1395	20
1396	20
1397	8
1397	19
1397	20
1398	8
1398	20
1399	20
1400	20
1401	0
1401	8
1401	16
1401	19
1401	20
1402	8
1402	14
1402	18
1402	20
1403	8
1403	20
1404	8
1404	20
1405	0
1405	6
1405	7
1405	8
1405	16
1405	18
1405	19
1405	20
1406	8
1406	14
1406	20
1407	20
1408	8
1408	13
1408	20
1409	7
1409	8
1409	20
1410	20
1411	8
1411	20
1412	14
1412	20
1413	8
1413	14
1413	20
1414	7
1414	8
1414	14
1414	18
1414	20
1415	20
1416	8
1416	20
1417	8
1417	20
1418	8
1418	14
1418	20
1419	8
1419	14
1419	20
1420	8
1420	20
1421	0
1421	8
1421	20
1422	8
1422	20
1423	8
1423	20
1424	8
1424	20
1425	18
1425	20
1426	20
1427	18
1427	20
1428	8
1428	20
1429	8
1429	20
1430	8
1430	20
1431	0
1431	20
1432	8
1432	20
1433	8
1433	20
1434	20
1435	8
1435	20
1436	8
1436	16
1436	20
1437	6
1437	8
1437	12
1437	20
1438	8
1438	20
1439	8
1439	14
1439	20
1440	8
1440	20
1441	8
1441	20
1442	20
1443	8
1443	18
1443	20
1444	0
1444	2
1444	5
1444	6
1444	7
1444	8
1444	10
1444	13
1444	14
1444	16
1444	18
1444	19
1444	20
1445	8
1445	20
1446	20
1447	20
1448	20
1449	8
1449	20
1450	8
1450	20
1451	8
1451	20
1452	7
1452	13
1452	14
1452	20
1453	0
1453	14
1453	20
1454	0
1454	7
1454	13
1454	14
1454	20
1455	0
1455	8
1455	9
1455	18
1455	20
1456	7
1456	8
1456	9
1456	18
1456	20
1457	20
1458	8
1458	9
1458	18
1458	20
1459	5
1459	7
1459	9
1459	18
1459	19
1459	20
1460	6
1460	20
1461	0
1461	7
1461	8
1461	14
1461	16
1461	19
1461	20
1462	20
1463	20
1464	8
1464	20
1465	8
1465	13
1465	20
1466	14
1466	20
1467	0
1467	8
1467	14
1467	20
1468	8
1468	20
1469	0
1469	6
1469	8
1469	9
1469	14
1469	20
1470	8
1470	14
1470	20
1471	7
1471	13
1471	14
1471	18
1471	20
1472	14
1472	16
1472	19
1472	20
1473	8
1473	13
1473	14
1473	18
1473	20
1474	0
1474	6
1474	8
1474	14
1474	20
1475	0
1475	8
1475	9
1475	16
1475	20
1476	8
1476	20
1477	8
1477	20
1478	8
1478	20
1479	8
1479	20
1480	8
1480	20
1481	8
1481	16
1481	18
1481	19
1481	20
1482	0
1482	8
1482	16
1482	18
1482	19
1482	20
1483	7
1483	8
1483	14
1483	20
1484	14
1484	20
1485	8
1485	20
1486	8
1486	20
1487	8
1487	16
1487	18
1487	19
1487	20
1488	8
1488	20
1489	5
1489	8
1489	9
1489	13
1489	20
1490	8
1490	13
1490	20
1491	13
1491	20
1492	0
1492	8
1492	14
1492	16
1492	19
1492	20
1493	8
1493	20
1494	0
1494	8
1494	20
1495	8
1495	14
1495	16
1495	18
1495	19
1495	20
1496	8
1496	18
1496	20
1497	8
1497	18
1497	20
1498	8
1498	20
1499	8
1499	20
1500	20
1501	7
1501	20
1502	20
1503	8
1503	20
1504	5
1504	8
1504	18
1504	20
1505	5
1505	20
1506	8
1506	20
1507	8
1507	20
1508	0
1508	7
1508	8
1508	16
1508	19
1508	20
1509	20
1510	8
1510	20
1511	14
1511	20
1512	8
1512	20
1513	3
1513	6
1513	8
1513	9
1513	13
1513	14
1513	16
1513	18
1513	19
1513	20
1514	8
1514	19
1514	20
1515	20
1516	8
1516	20
1517	20
1518	8
1518	20
1519	20
1520	8
1520	20
1521	8
1521	18
1521	20
1522	8
1522	10
1522	16
1522	18
1522	19
1522	20
1523	0
1523	8
1523	18
1523	20
1524	8
1524	20
1525	20
1526	8
1526	20
1527	20
1528	7
1528	14
1528	20
1529	7
1529	8
1529	14
1529	18
1529	20
1530	14
1530	20
1531	20
1532	7
1532	14
1532	20
1533	7
1533	8
1533	20
1534	20
1535	20
1536	20
1537	8
1537	14
1537	20
1538	8
1538	20
1539	8
1539	9
1539	16
1539	20
1540	0
1540	7
1540	8
1540	9
1540	13
1540	16
1540	18
1540	19
1540	20
1541	0
1541	7
1541	8
1541	9
1541	14
1541	16
1541	19
1541	20
1542	7
1542	8
1542	14
1542	20
1543	16
1543	19
1543	20
1544	20
1545	20
1546	8
1546	20
1547	8
1547	20
1548	0
1548	7
1548	8
1548	13
1548	16
1548	19
1548	20
1549	20
1550	8
1550	20
1551	6
1551	8
1551	20
1552	8
1552	16
1552	20
1553	20
1554	20
1555	20
1556	20
1557	20
1558	8
1558	20
1559	2
1559	3
1559	6
1559	7
1559	8
1559	13
1559	14
1559	20
1560	20
1561	8
1561	14
1561	18
1561	20
1562	8
1562	14
1562	18
1562	20
1563	8
1563	14
1563	18
1563	20
1564	6
1564	18
1564	20
1565	18
1565	20
1566	8
1566	18
1566	20
1567	0
1567	8
1567	20
1568	7
1568	14
1568	18
1568	20
1569	7
1569	18
1569	20
1570	8
1570	20
1571	6
1571	20
1572	7
1572	8
1572	20
1573	7
1573	20
1574	8
1574	14
1574	20
1575	20
1576	7
1576	14
1576	18
1576	20
1577	20
1578	20
1579	20
1580	0
1580	8
1580	18
1580	20
1581	8
1581	14
1581	20
1582	8
1582	20
1583	8
1583	20
1584	20
1585	20
1586	8
1586	20
1587	8
1587	20
1588	7
1588	8
1588	20
1589	7
1589	20
1590	7
1590	20
1591	7
1591	20
1592	0
1592	6
1592	7
1592	8
1592	16
1592	18
1592	19
1592	20
1593	8
1593	20
1594	7
1594	8
1594	20
1595	8
1595	16
1595	20
1596	7
1596	20
1597	7
1597	8
1597	20
1598	7
1598	20
1599	7
1599	8
1599	20
1600	7
1600	8
1600	13
1600	14
1600	20
1601	7
1601	8
1601	20
1602	8
1602	20
1603	0
1603	8
1603	17
1603	20
1604	0
1604	16
1604	19
1604	20
1605	8
1605	20
1606	20
1607	8
1607	20
1608	20
1609	8
1609	20
1610	20
1611	8
1611	12
1611	20
1612	8
1612	12
1612	14
1612	18
1612	20
1613	8
1613	20
1614	6
1614	8
1614	20
1615	6
1615	8
1615	14
1615	18
1615	20
1616	8
1616	20
1617	20
1618	7
1618	8
1618	19
1618	20
1619	5
1619	7
1619	8
1619	9
1619	10
1619	18
1619	19
1619	20
1620	8
1620	10
1620	20
1621	8
1621	13
1621	18
1621	20
1622	20
1623	8
1623	18
1623	20
1624	8
1624	16
1624	20
1625	7
1625	13
1625	16
1625	18
1625	20
1626	7
1626	18
1626	19
1626	20
1627	8
1627	20
1628	5
1628	8
1628	20
1629	8
1629	20
1630	5
1630	8
1630	20
1631	0
1631	5
1631	8
1631	20
1632	5
1632	8
1632	9
1632	10
1632	20
1633	8
1633	16
1633	20
1634	16
1634	19
1634	20
1635	16
1635	20
1636	20
1637	0
1637	14
1637	18
1637	20
1638	20
1639	8
1639	14
1639	20
1640	9
1640	20
1641	8
1641	9
1641	14
1641	16
1641	20
1642	14
1642	20
1643	7
1643	8
1643	14
1643	20
1644	2
1644	8
1644	14
1644	20
1645	8
1645	20
1646	8
1646	20
1647	8
1647	20
1648	20
1649	20
1650	8
1650	20
1651	8
1651	20
1652	7
1652	8
1652	20
1653	20
1654	20
1655	20
1656	6
1656	8
1656	18
1656	19
1656	20
1657	0
1657	14
1657	20
1658	0
1658	14
1658	20
1659	20
1660	20
1661	5
1661	8
1661	20
1662	8
1662	16
1662	20
1663	20
1664	8
1664	20
1665	8
1665	16
1665	20
1666	8
1666	20
1667	20
1668	9
1668	20
1669	8
1669	20
1670	8
1670	14
1670	19
1670	20
1671	8
1671	14
1671	19
1671	20
1672	8
1672	14
1672	20
1673	8
1673	14
1673	20
1674	8
1674	20
1675	0
1675	8
1675	16
1675	19
1675	20
1676	20
1677	7
1677	8
1677	14
1677	20
1678	20
1679	8
1679	20
1680	8
1680	20
1681	8
1681	20
1682	8
1682	20
1683	0
1683	8
1683	14
1683	16
1683	18
1683	19
1683	20
1684	20
1685	8
1685	18
1685	20
1686	8
1686	20
1687	8
1687	20
1688	20
1689	8
1689	20
1690	20
1691	20
1692	20
1693	8
1693	20
1694	20
1695	20
1696	8
1696	20
1697	0
1697	14
1697	18
1697	20
1698	14
1698	20
1699	20
1700	8
1700	20
1701	8
1701	20
1702	20
1703	20
1704	20
1705	7
1705	8
1705	20
1706	8
1706	20
1707	13
1707	20
1708	13
1708	18
1708	20
1709	8
1709	19
1709	20
1710	8
1710	20
1711	20
1712	8
1712	20
1713	8
1713	20
1714	20
1715	14
1715	20
1716	8
1716	20
1717	8
1717	20
1718	0
1718	13
1718	20
1719	8
1719	20
1720	0
1720	8
1720	20
1721	0
1721	8
1721	20
1722	14
1722	20
1723	8
1723	20
1724	5
1724	8
1724	14
1724	16
1724	20
1725	8
1725	14
1725	20
1726	0
1726	7
1726	8
1726	20
1727	5
1727	8
1727	9
1727	19
1727	20
1728	20
1729	20
1730	8
1730	20
1731	8
1731	20
1732	7
1732	8
1732	20
1733	6
1733	7
1733	8
1733	13
1733	14
1733	20
1734	8
1734	20
1735	8
1735	20
1736	8
1736	20
1737	20
1738	8
1738	9
1738	19
1738	20
1739	8
1739	20
1740	7
1740	14
1740	20
1741	20
1742	8
1742	20
1743	0
1743	18
1743	20
1744	20
1745	20
1746	13
1746	14
1746	16
1746	20
1747	8
1747	20
1748	8
1748	16
1748	20
1749	20
1750	0
1750	7
1750	8
1750	10
1750	16
1750	17
1750	18
1750	20
1751	0
1751	8
1751	20
1752	8
1752	16
1752	19
1752	20
1753	8
1753	20
1754	8
1754	18
1754	20
1755	14
1755	20
1756	8
1756	20
1757	8
1757	20
1758	20
1759	8
1759	20
1760	8
1760	20
1761	8
1761	20
1762	7
1762	8
1762	18
1762	20
1763	0
1763	8
1763	20
1764	8
1764	20
1765	0
1765	8
1765	20
1766	6
1766	8
1766	13
1766	20
1767	7
1767	8
1767	20
1768	8
1768	20
1769	20
1770	8
1770	20
1771	8
1771	20
1772	8
1772	20
1773	8
1773	20
1774	0
1774	12
1774	20
1775	20
1776	8
1776	20
1777	8
1777	20
1778	8
1778	20
1779	8
1779	20
1780	20
1781	8
1781	14
1781	20
1782	7
1782	8
1782	14
1782	20
1783	8
1783	19
1783	20
1784	8
1784	20
1785	7
1785	8
1785	14
1785	20
1786	8
1786	12
1786	16
1786	20
1787	12
1787	14
1787	16
1787	19
1787	20
1788	8
1788	16
1788	20
1789	7
1789	14
1789	18
1789	20
1790	14
1790	20
1791	14
1791	20
1792	0
1792	5
1792	6
1792	8
1792	14
1792	20
1793	20
1794	0
1794	7
1794	8
1794	18
1794	20
1795	14
1795	20
1796	14
1796	20
1797	20
1798	20
1799	20
1800	8
1800	20
1801	0
1801	7
1801	8
1801	13
1801	20
1802	0
1802	8
1802	16
1802	19
1802	20
1803	8
1803	18
1803	20
1804	6
1804	8
1804	18
1804	20
1805	7
1805	8
1805	20
1806	8
1806	20
1807	18
1807	20
1808	7
1808	18
1808	20
1809	8
1809	20
1810	8
1810	20
1811	3
1811	8
1811	20
1812	0
1812	7
1812	8
1812	13
1812	18
1812	20
1813	8
1813	20
1814	0
1814	7
1814	8
1814	13
1814	18
1814	20
1815	0
1815	7
1815	8
1815	13
1815	18
1815	20
1816	0
1816	6
1816	8
1816	20
1817	0
1817	8
1817	20
1818	0
1818	6
1818	8
1818	20
1819	8
1819	20
1820	7
1820	8
1820	20
1821	8
1821	20
1822	8
1822	20
1823	8
1823	20
1824	0
1824	2
1824	8
1824	14
1824	16
1824	19
1824	20
1825	18
1825	20
1826	8
1826	20
1827	20
1828	8
1828	14
1828	20
1829	20
1830	20
1831	18
1831	20
1832	6
1832	8
1832	16
1832	18
1832	20
1833	6
1833	7
1833	10
1833	16
1833	17
1833	18
1833	20
1834	19
1834	20
1835	8
1835	20
1836	20
1837	20
1838	0
1838	7
1838	8
1838	14
1838	16
1838	20
1839	8
1839	20
1840	8
1840	20
1841	8
1841	20
1842	7
1842	8
1842	20
1843	20
1844	8
1844	20
1845	20
1846	20
1847	20
1848	20
1849	20
1850	2
1850	8
1850	14
1850	19
1850	20
1851	2
1851	12
1851	14
1851	20
1852	20
1853	7
1853	8
1853	20
1854	20
1855	20
1856	20
1857	8
1857	20
1858	8
1858	20
1859	8
1859	18
1859	20
1860	0
1860	6
1860	8
1860	16
1860	19
1860	20
1861	20
1862	20
1863	20
1864	20
1865	8
1865	20
1866	8
1866	20
1867	8
1867	20
1868	5
1868	14
1868	18
1868	20
1869	20
1870	18
1870	20
1871	8
1871	20
1872	14
1872	20
1873	20
1874	8
1874	14
1874	20
1875	20
1876	8
1876	13
1876	20
1877	0
1877	14
1877	16
1877	19
1877	20
1878	20
1879	8
1879	14
1879	20
1880	0
1880	7
1880	8
1880	14
1880	20
1881	8
1881	20
1882	8
1882	20
1883	8
1883	18
1883	20
1884	13
1884	18
1884	20
1885	0
1885	8
1885	18
1885	20
1886	8
1886	20
1887	7
1887	8
1887	13
1887	18
1887	20
1888	5
1888	7
1888	8
1888	20
1889	8
1889	20
1890	8
1890	20
1891	8
1891	20
1892	0
1892	5
1892	7
1892	8
1892	20
1893	7
1893	20
1894	16
1895	16
1896	12
1896	16
1897	7
1897	12
1897	16
1897	18
1898	12
1898	16
1899	12
1899	16
1899	18
1900	16
1901	16
1902	12
1902	14
1902	16
1903	0
1903	16
1903	18
1903	20
1904	6
1905	6
1905	7
1905	14
1906	6
1906	7
1907	6
1907	14
1908	6
1908	14
1909	7
1910	7
1910	14
1910	20
1911	7
1912	7
1913	7
1914	7
1915	7
1916	7
1917	7
1917	14
1917	18
1918	7
1918	14
1919	7
1920	7
1921	7
1921	14
1922	7
1923	7
1924	0
1924	7
1924	14
1924	18
1925	7
1926	7
1927	0
1927	7
1927	14
1927	18
1928	0
1928	7
1929	3
1929	7
1930	7
1930	14
1931	7
1932	7
1933	7
1934	7
1935	7
1935	14
1936	0
1936	7
1936	19
1936	20
1937	0
1937	7
1938	7
1938	14
1939	7
1940	7
1941	7
1941	18
1942	7
1942	8
1942	14
1943	7
1943	12
1944	7
1944	12
1944	18
1945	7
1945	12
1945	13
1945	14
1945	18
1945	20
1946	7
1947	7
1947	12
1947	16
1948	5
1948	7
1948	8
1948	9
1948	12
1949	7
1950	7
1951	5
1951	7
1951	14
1952	7
1953	7
1953	14
1953	20
1954	7
1955	7
1955	14
1956	7
1956	14
1956	16
1956	17
1957	7
1957	12
1958	7
1959	7
1959	16
1960	0
1960	7
1960	18
1961	7
1962	7
1963	6
1963	7
1963	9
1963	18
1964	0
1964	7
1964	18
1965	7
1966	7
1967	7
1967	13
1967	14
1968	7
1969	7
1970	7
1970	16
1971	7
1971	8
1972	7
1973	0
1973	7
1973	8
1973	13
1973	14
1973	19
1973	20
1974	0
1974	7
1974	14
1974	19
1975	7
1976	5
1976	7
1977	7
1977	13
1977	18
1978	7
1978	13
1978	18
1979	7
1980	7
1980	14
1981	7
1981	16
1982	7
1983	7
1984	7
1985	7
1986	7
1987	7
1987	14
1988	7
1989	7
1990	7
1991	7
1992	7
1993	7
1994	7
1995	7
1995	14
1996	7
1997	7
1998	7
1999	7
2000	7
2001	5
2001	7
2001	8
2001	14
2002	0
2002	2
2002	7
2002	14
2003	7
2004	0
2004	3
2004	5
2004	7
2004	8
2004	18
2005	0
2005	7
2005	13
2005	14
2005	18
2006	7
2006	20
2007	7
2008	7
2009	7
2010	7
2011	7
2012	7
2013	2
2013	7
2013	14
2014	7
2015	7
2016	7
2017	7
2018	7
2019	7
2020	7
2021	7
2022	7
2022	14
2023	7
2023	14
2024	7
2025	7
2025	19
2026	7
2026	14
2027	7
2028	7
2029	7
2029	14
2030	0
2030	7
2030	8
2031	7
2031	13
2031	14
2031	20
2032	7
2032	13
2032	14
2032	20
2033	7
2033	13
2033	14
2033	20
2034	7
2034	13
2035	3
2035	7
2035	18
2036	7
2037	3
2037	7
2038	7
2039	7
2040	7
2040	8
2040	9
2041	6
2041	7
2041	14
2041	16
2041	19
2042	7
2043	7
2044	7
2045	7
2045	14
2046	0
2046	7
2046	8
2046	9
2046	14
2046	16
2046	18
2046	19
2047	1
2047	7
2047	13
2048	7
2048	13
2048	14
2049	5
2049	7
2049	14
2050	0
2050	7
2050	14
2051	0
2051	7
2051	14
2052	0
2052	7
2052	14
2053	5
2053	7
2054	7
2054	14
2055	7
2055	12
2056	7
2057	7
2058	7
2059	7
2060	7
2060	8
2060	14
2061	7
2061	14
2062	7
2062	14
2063	7
2063	13
2063	14
2063	19
2063	20
2064	7
2064	13
2064	14
2065	7
2066	7
2066	13
2066	14
2067	6
2067	7
2068	7
2069	7
2070	7
2071	7
2072	0
2072	7
2072	13
2072	16
2072	19
2073	7
2073	14
2074	7
2075	7
2075	14
2076	7
2077	0
2077	5
2077	7
2077	14
2077	16
2077	19
2078	0
2078	7
2078	14
2079	7
2079	8
2079	14
2080	5
2080	7
2080	13
2081	7
2081	13
2081	19
2081	20
2082	7
2082	20
2083	7
2083	18
2084	7
2084	19
2085	0
2085	7
2085	12
2086	7
2086	12
2087	7
2088	7
2089	7
2090	7
2090	20
2091	7
2092	7
2093	7
2094	7
2094	14
2095	7
2096	5
2096	7
2096	14
2097	7
2098	7
2099	7
2100	7
2100	14
2101	7
2101	8
2102	5
2102	7
2102	18
2103	7
2103	13
2103	14
2104	7
2105	5
2105	7
2105	14
2106	7
2107	7
2108	7
2109	7
2110	5
2110	7
2110	8
2110	14
2111	5
2111	7
2111	14
2112	7
2113	7
2114	7
2114	14
2115	7
2115	14
2116	7
2117	7
2117	8
2117	18
2118	7
2119	5
2119	7
2120	7
2120	13
2120	14
2120	17
2121	2
2121	7
2121	13
2122	7
2123	0
2123	7
2123	13
2123	16
2123	18
2123	19
2124	7
2125	7
2126	7
2127	7
2127	14
2128	7
2129	7
2129	8
2129	10
2129	14
2130	0
2130	7
2130	12
2130	13
2130	14
2130	16
2130	17
2131	0
2131	7
2131	14
2131	16
2131	18
2131	19
2132	7
2132	14
2133	0
2133	7
2134	7
2134	14
2135	7
2136	7
2136	18
2137	7
2137	14
2138	7
2139	7
2140	7
2141	7
2142	7
2143	7
2144	7
2144	14
2144	20
2145	7
2145	20
2146	0
2146	7
2146	14
2146	16
2146	20
2147	6
2147	7
2147	16
2147	18
2148	7
2148	13
2148	18
2149	0
2149	5
2149	7
2149	10
2149	16
2150	7
2151	7
2152	7
2153	0
2153	7
2153	13
2153	14
2153	16
2153	19
2154	7
2154	14
2154	18
2155	7
2156	7
2157	6
2157	7
2157	10
2157	18
2158	7
2158	8
2158	18
2159	7
2159	17
2160	7
2160	8
2160	17
2160	18
2161	7
2161	8
2162	6
2162	7
2162	14
2163	7
2163	8
2163	17
2164	7
2164	17
2165	7
2166	0
2166	7
2166	16
2166	19
2167	7
2168	0
2168	7
2169	7
2170	0
2170	7
2170	8
2170	13
2170	16
2170	18
2170	19
2171	7
2172	7
2172	14
2173	7
2173	13
2174	7
2174	13
2175	7
2176	0
2176	7
2177	7
2178	7
2178	13
2179	7
2179	13
2179	18
2180	0
2180	1
2180	8
2180	13
2180	14
2180	16
2180	18
2180	19
2181	5
2181	6
2181	7
2181	13
2181	18
2182	5
2183	5
2184	5
2184	8
2184	14
2184	19
2185	5
2185	14
2185	18
2186	5
2186	14
2186	18
2187	5
2188	5
2189	5
2189	14
2190	5
2190	14
2191	5
2192	0
2192	5
2192	7
2192	13
2192	14
2192	16
2192	18
2192	19
2193	0
2193	5
2193	8
2193	13
2193	16
2194	5
2195	5
2195	14
2196	5
2196	13
2196	14
2196	16
2197	5
2197	7
2197	13
2197	14
2197	18
2198	0
2198	5
2198	13
2198	14
2199	5
2199	13
2199	14
2200	5
2200	14
2201	5
2201	14
2202	5
2203	5
2204	0
2204	5
2204	14
2204	16
2204	19
2205	5
2206	5
2207	2
2207	5
2208	5
2208	14
2209	5
2209	14
2210	5
2211	0
2211	5
2211	13
2211	14
2212	5
2212	14
2213	5
2213	14
2214	5
2214	14
2215	5
2215	14
2216	5
2216	14
2217	5
2217	14
2218	5
2218	14
2219	5
2219	14
2220	5
2220	13
2220	14
2221	5
2222	18
2223	18
2224	18
2225	2
2225	13
2225	14
2225	18
2226	14
2226	18
2227	2
2227	5
2227	7
2227	14
2227	18
2228	7
2228	14
2228	18
2229	7
2229	14
2229	18
2230	0
2231	14
2231	16
2232	0
2232	13
2232	19
2232	20
2233	0
2233	7
2233	10
2233	13
2233	14
2233	17
2234	5
2234	13
2235	0
2235	2
2235	13
2235	14
2235	16
2235	18
2235	20
2236	0
2236	13
2237	0
2237	13
2238	0
2238	7
2238	13
2238	14
2238	16
2238	17
2238	19
2239	0
2239	13
2239	14
2239	18
2239	19
2240	0
2240	13
2240	19
2240	20
2241	0
2241	7
2241	13
2241	14
2241	17
2241	18
2241	19
2242	0
2242	7
2242	13
2242	18
2242	20
2243	0
2243	7
2243	13
2243	14
2243	16
2243	17
2243	19
2244	13
2244	14
2245	7
2245	13
2246	13
2246	14
2246	20
2247	2
2247	13
2247	14
2248	7
2248	14
2249	14
2249	18
2250	0
2250	7
2250	14
2250	18
2251	14
2252	14
2253	1
2253	13
2253	14
2254	0
2254	7
2254	9
2254	13
2254	14
2254	18
2255	14
2255	18
2256	7
2256	14
2256	18
2257	0
2257	9
2257	14
2257	19
2258	0
2258	7
2258	13
2258	14
2259	7
2259	14
2259	17
2260	0
2260	7
2260	8
2260	9
2260	14
2260	19
2261	0
2261	5
2261	7
2261	8
2261	14
2261	17
2262	0
2262	2
2262	3
2262	7
2262	8
2262	13
2262	14
2262	16
2262	17
2262	18
2262	19
2263	0
2263	3
2263	7
2263	8
2263	13
2263	14
2263	18
2263	19
2264	0
2264	3
2264	8
2264	10
2264	12
2264	13
2264	14
2264	16
2264	18
2264	19
2264	20
2265	2
2265	6
2265	14
2265	16
2265	17
2265	19
2265	20
2266	0
2266	14
2267	0
2268	12
2268	20
2269	7
2269	12
2269	13
2269	20
2270	0
2271	0
2272	13
2273	13
2274	13
2275	13
2276	13
2277	13
2277	16
2278	13
2279	13
2280	13
2281	13
2281	14
2282	7
2282	13
2282	14
2283	13
2284	13
2285	13
2286	13
2287	13
2288	0
2288	5
2288	13
2288	18
2289	7
2289	13
2289	18
2290	8
2290	13
2290	19
2291	8
2291	13
2291	14
2291	19
2292	3
2292	8
2292	14
2292	19
2293	3
2294	8
2294	9
2294	13
2294	14
2295	7
2295	13
2295	18
2296	13
2296	18
2297	13
2297	18
2298	13
2298	18
2299	13
2299	18
2300	13
2300	18
2301	13
2301	18
2302	13
2302	18
2303	18
2304	13
2304	18
2304	20
2305	13
2305	14
2305	18
2306	0
2306	8
2306	13
2306	14
2306	16
2306	18
2306	19
2307	13
2307	14
2307	18
2308	13
2308	18
2309	7
2309	18
2310	7
2310	13
2310	14
2310	18
2311	13
2311	14
2311	18
2312	3
2312	6
2312	8
2312	9
2312	13
2312	14
2312	18
2313	3
2313	6
2313	8
2313	9
2313	13
2313	14
2313	18
2314	6
2314	8
2314	9
2314	13
2314	14
2314	18
2315	3
2315	5
2315	6
2315	7
2315	8
2315	9
2315	13
2315	14
2315	16
2315	18
2316	3
2316	6
2316	8
2316	9
2316	13
2316	14
2316	18
2317	13
2317	18
2318	0
2318	8
2318	18
2319	13
2319	18
2320	7
2320	13
2320	16
2320	18
2321	13
2321	18
2322	13
2322	18
2323	13
2323	18
2324	13
2324	18
2325	13
2325	18
2326	13
2326	18
2327	7
2327	13
2327	18
2327	20
2328	13
2328	14
2328	18
2329	0
2329	3
2329	13
2330	3
2331	7
2332	0
2332	3
2332	7
2332	13
2332	14
2332	18
2333	0
2333	5
2333	7
2333	10
2333	13
2333	14
2333	17
2333	18
2333	19
2334	0
2334	6
2334	7
2334	8
2334	9
2334	13
2335	7
2336	14
2336	16
2337	14
2337	16
2338	7
2338	14
2339	7
2339	13
2340	7
2340	14
2341	7
2342	7
2343	7
2344	7
2344	10
2344	16
2344	19
2345	7
2346	7
2346	14
2347	7
2348	7
2348	12
2349	7
2350	7
2350	12
2350	16
2350	20
2351	7
2352	7
2352	14
2353	7
2354	7
2355	7
2356	0
2356	7
2356	14
2357	7
2357	12
2357	14
2358	7
2359	7
2360	7
2361	7
2362	2
2362	7
2362	16
2363	0
2363	7
2363	17
2364	7
2365	7
2366	7
2367	7
2368	7
2369	7
2370	7
2371	7
2372	7
2373	7
2374	7
2375	7
2375	13
2375	18
2375	19
2376	7
2377	7
2378	7
2379	0
2379	7
2380	7
2380	8
2380	16
2381	7
2382	7
2383	7
2383	16
2384	7
2384	14
2384	17
2385	0
2385	1
2385	7
2386	7
2386	8
2386	13
2386	18
2387	7
2387	8
2387	14
2388	3
2388	7
2389	0
2389	7
2389	14
2389	16
2390	7
2391	0
2391	7
2391	13
2392	7
2392	14
2393	7
2394	7
2395	7
2396	3
2396	6
2396	7
2396	8
2396	9
2396	14
2397	7
2398	7
2398	13
2399	7
2400	7
2401	7
2402	7
2403	6
2403	7
2403	13
2404	7
2405	7
2405	12
2405	13
2405	14
2405	20
2406	5
2406	7
2406	14
2407	7
2408	7
2409	7
2409	13
2409	16
2409	19
2410	7
2411	7
2411	18
2412	0
2412	7
2412	8
2412	13
2412	16
2412	18
2413	7
2414	7
2414	20
2415	7
2415	14
2416	7
2417	7
2417	16
2417	19
2418	7
2418	8
2419	7
2420	7
2420	14
2421	7
2422	7
2423	7
2424	5
2424	7
2425	7
2425	14
2425	16
2425	18
2426	7
2427	7
2428	7
2429	7
2430	7
2431	7
2432	7
2433	7
2434	7
2434	8
2435	7
2435	14
2436	7
2436	14
2437	7
2437	14
2438	7
2438	14
2439	7
2439	13
2439	16
2440	7
2441	7
2441	14
2442	7
2443	7
2443	14
2444	7
2444	14
2445	7
2445	8
2445	20
2446	6
2446	7
2446	8
2446	14
2446	17
2446	18
2447	7
2448	7
2449	7
2450	7
2450	8
2450	14
2450	20
2451	7
2451	8
2451	13
2451	14
2451	18
2452	0
2452	7
2452	13
2453	16
2454	12
2454	16
2455	16
2456	13
2457	13
2458	14
2458	19
2459	19
2460	19
2461	14
2461	16
2461	19
2462	19
2463	19
2464	19
2465	19
2466	10
2466	19
2467	19
2468	19
2469	19
2470	0
2470	9
2470	13
2470	19
2470	20
2471	9
2471	13
2471	20
2472	16
2472	20
2473	12
2473	14
2473	20
2474	14
2474	20
2475	8
2475	18
2475	19
2476	14
2476	18
2476	19
2477	0
2477	14
2477	18
2478	18
2479	0
2479	18
2480	0
2480	14
2480	18
2481	0
2481	18
2482	18
2483	18
2484	0
2484	18
2485	0
2485	18
2486	14
2486	18
2487	0
2487	18
2487	20
2488	18
2488	20
2489	0
2489	18
2490	14
2490	18
2491	18
2492	0
2492	9
2492	14
2492	18
2493	7
2493	14
2493	18
2494	13
2494	18
2494	20
2495	18
2495	20
2496	18
2497	18
2498	6
2498	18
2499	9
2499	18
2500	9
2500	18
2501	18
2502	9
2502	18
2503	0
2503	18
2504	0
2504	18
2505	0
2505	6
2505	9
2505	10
2505	16
2505	18
2505	19
2506	0
2506	7
2506	18
2506	20
2507	7
2507	14
2507	18
2507	19
2508	0
2508	7
2508	9
2508	14
2508	18
2508	19
2509	18
2510	0
2510	18
2511	18
2512	18
2513	8
2513	18
2514	18
2515	7
2515	18
2516	0
2516	7
2516	18
2517	14
2517	16
2518	0
2518	12
2518	16
2519	14
2519	16
2520	16
2521	16
2522	16
2523	7
2523	16
2524	16
2525	13
2525	16
2525	18
2525	19
2526	16
2527	16
2528	6
2528	8
2528	16
2528	20
2529	2
2529	12
2529	16
2530	16
2531	12
2531	14
2531	16
2532	12
2532	16
2533	12
2533	14
2533	16
2534	12
2534	16
2535	1
2535	14
2535	16
2536	14
2536	16
2537	16
2538	7
2538	13
2538	14
2538	16
2539	20
2540	2
2540	12
2540	20
2541	5
2541	7
2542	5
2542	7
2542	13
2542	14
2543	5
2543	7
2544	7
2544	18
2545	18
2546	18
2547	18
2548	18
2549	7
2549	9
2549	14
2549	18
2550	7
2550	9
2550	18
2551	9
2551	14
2551	18
2552	9
2552	18
2553	8
2553	9
2553	14
2553	16
2553	18
2553	19
2554	13
2554	18
2555	7
2555	9
2555	13
2555	18
2556	7
2556	18
2557	18
2558	18
2559	7
2559	18
2560	7
2560	18
2561	0
2561	7
2561	18
2562	7
2562	18
2563	7
2563	13
2563	18
2564	0
2564	18
2565	0
2565	18
2566	7
2566	14
2566	18
2567	7
2567	18
2568	7
2568	18
2569	18
2570	7
2570	18
2571	7
2571	13
2571	18
2572	18
2573	7
2573	18
2574	18
2575	18
2576	7
2576	18
2576	19
2577	7
2577	18
2578	7
2578	18
2578	19
2579	7
2579	18
2580	0
2580	7
2580	9
2580	18
2581	7
2581	18
2582	14
2582	18
2583	7
2583	13
2583	14
2583	18
2584	18
2585	7
2585	18
2586	18
2587	0
2587	7
2587	18
2588	9
2588	18
2589	18
2590	7
2590	18
2591	7
2591	18
2592	0
2592	7
2592	13
2592	18
2593	18
2594	18
2595	7
2595	18
2596	7
2596	18
2597	7
2597	18
2598	7
2598	18
2599	7
2599	18
2600	7
2600	18
2601	0
2601	18
2602	13
2602	18
2603	18
2604	18
2605	18
2606	18
2607	7
2607	13
2607	18
2608	7
2608	18
2609	7
2609	18
2610	0
2610	7
2610	8
2610	13
2610	18
2611	18
2612	18
2613	0
2613	12
2613	14
2613	18
2614	18
2615	18
2615	19
2616	18
2617	7
2617	8
2617	13
2617	14
2617	18
2617	20
2618	18
2619	0
2619	9
2619	18
2620	0
2620	9
2620	18
2621	8
2621	9
2621	18
2622	18
2623	7
2623	18
2624	7
2624	18
2625	18
2626	14
2626	18
2627	14
2627	18
2628	18
2628	20
2629	14
2629	18
2630	18
2631	0
2631	7
2631	9
2631	18
2632	9
2632	18
2633	7
2633	14
2633	18
2634	18
2635	8
2635	14
2635	18
2635	20
2636	7
2636	18
2637	7
2637	18
2638	18
2639	18
2640	7
2640	14
2640	18
2641	6
2641	8
2641	14
2641	18
2642	18
2643	18
2644	7
2644	14
2644	18
2645	0
2645	13
2645	14
2645	17
2645	18
2646	6
2646	18
2647	6
2647	18
2648	18
2649	18
2650	18
2651	18
2652	7
2652	18
2653	7
2653	18
2654	0
2654	7
2654	12
2654	14
2654	18
2655	7
2655	18
2656	7
2656	18
2657	18
2658	18
2659	18
2660	8
2660	18
2661	18
2662	7
2662	14
2662	18
2663	14
2663	18
2664	14
2664	18
2665	14
2665	18
2666	7
2666	18
2667	18
2668	18
2669	7
2669	18
2670	7
2670	13
2670	18
2671	3
2671	7
2671	18
2672	7
2672	18
2673	7
2673	9
2673	13
2673	18
2674	7
2674	9
2674	18
2675	18
2676	18
2677	7
2677	9
2677	14
2677	18
2677	20
2678	7
2678	14
2678	18
2678	20
2679	18
2680	18
2681	8
2681	12
2681	13
2681	18
2681	19
2682	18
2683	18
2684	0
2684	7
2684	14
2684	18
2685	18
2686	18
2687	18
2688	0
2688	7
2688	16
2688	18
2688	19
2689	7
2689	13
2689	14
2689	18
2690	18
2691	14
2691	18
2692	18
2693	7
2693	18
2694	18
2695	0
2695	14
2695	16
2695	18
2695	19
2696	18
2696	19
2697	7
2697	18
2698	7
2698	18
2699	18
2700	18
2701	7
2701	18
2702	7
2702	18
2703	7
2703	18
2704	16
2704	18
2705	18
2706	0
2706	7
2706	9
2706	16
2706	18
2706	19
2707	7
2707	9
2707	18
2708	18
2709	18
2710	14
2710	18
2711	0
2711	5
2711	7
2711	9
2711	14
2711	16
2711	17
2711	18
2711	20
2712	0
2712	2
2712	7
2712	10
2712	13
2712	18
2712	19
2713	18
2714	0
2714	8
2714	14
2714	18
2714	19
2715	0
2715	1
2715	2
2715	7
2715	8
2715	13
2715	18
2715	20
2716	0
2716	9
2716	13
2716	16
2716	18
2716	19
2716	20
2717	13
2717	18
2718	0
2718	18
2718	19
2719	0
2719	9
2719	13
2719	14
2719	18
2719	19
2719	20
2720	0
2720	7
2720	10
2720	18
2720	19
2721	1
2721	13
2721	14
2721	18
2722	13
2722	18
2722	19
2723	13
2723	18
2723	19
2724	13
2724	18
2725	0
2725	1
2725	7
2725	8
2725	13
2725	14
2725	16
2725	17
2725	18
2725	20
2726	0
2726	7
2726	8
2726	9
2726	13
2726	14
2726	16
2726	17
2726	18
2726	19
2727	7
2727	13
2727	14
2727	16
2727	17
2727	18
2727	19
2728	18
2729	14
2729	18
2730	0
2730	7
2730	13
2730	14
2730	18
2730	19
2731	9
2731	18
2732	18
2732	19
2733	0
2733	16
2733	18
2733	19
2734	7
2734	18
2735	12
2735	18
2736	18
2737	18
2738	18
2738	19
2739	7
2739	18
2740	7
2740	14
2740	18
2741	18
2742	9
2742	18
2742	20
2743	7
2743	18
2743	19
2744	18
2745	14
2745	18
2746	18
2747	0
2747	18
2747	20
2748	7
2748	8
2748	14
2748	18
2748	20
2749	18
2750	18
2751	18
2752	0
2752	7
2752	18
2753	7
2753	18
2754	14
2754	18
2755	14
2755	18
2756	18
2757	18
2758	18
2759	14
2759	18
2759	20
2760	14
2760	18
2760	20
2761	14
2761	18
2761	20
2762	18
2762	20
2763	7
2763	14
2763	18
2763	20
2764	18
2765	14
2765	18
2766	18
2766	19
2766	20
2767	0
2767	7
2767	12
2767	14
2767	18
2767	20
2768	7
2768	18
2768	20
2769	7
2769	18
2770	5
2770	14
2770	18
2770	20
2771	18
2772	0
2772	14
2772	18
2773	18
2774	7
2774	18
2775	18
2776	8
2776	18
2777	14
2778	9
2778	14
2779	9
2779	14
2779	18
2780	14
2781	14
2782	12
2782	14
2782	16
2783	14
2783	20
2784	14
2785	7
2785	14
2786	14
2787	14
2788	14
2789	14
2790	14
2791	14
2792	3
2792	7
2792	14
2793	14
2794	14
2794	20
2795	8
2795	14
2795	18
2796	3
2796	14
2797	14
2797	19
2798	14
2799	14
2800	3
2800	7
2800	13
2800	14
2801	14
2802	14
2803	14
2804	14
2805	14
2806	14
2807	9
2807	14
2808	14
2809	14
2810	14
2811	3
2811	7
2811	9
2811	14
2812	0
2812	3
2812	8
2812	9
2812	14
2813	8
2813	14
2814	14
2815	0
2815	9
2815	14
2815	19
2816	0
2816	14
2817	14
2818	9
2818	14
2819	7
2819	14
2819	18
2820	14
2821	12
2821	14
2821	16
2822	18
2823	18
2824	18
2825	18
2826	0
2826	3
2826	7
2826	8
2826	14
2826	16
2826	18
2827	18
2828	0
2828	5
2828	7
2828	10
2828	14
2828	17
2828	18
2828	19
2829	0
2829	7
2829	10
2829	14
2829	18
2829	19
2830	7
2830	18
2830	19
2831	14
2831	18
2832	18
2832	19
2833	18
2834	18
2835	18
2836	13
2836	14
2836	18
2837	18
2838	7
2838	18
2839	7
2839	18
2840	7
2840	18
2841	18
2842	14
2842	18
2843	14
2843	18
2844	18
2845	18
2846	0
2846	18
2847	18
2848	0
2848	6
2848	7
2848	18
2849	12
2849	18
2850	18
2851	14
2851	18
2852	18
2853	16
2854	7
2854	18
2855	7
2856	7
2856	18
2857	7
2857	18
2858	7
2859	3
2859	7
2859	18
2860	7
2860	18
2861	3
2861	7
2861	18
2862	3
2862	7
2863	3
2863	7
2864	3
2864	7
2864	18
2865	5
2865	7
2865	18
2866	7
2867	7
2867	18
2868	7
2869	7
2870	7
2871	7
2871	18
2872	7
2873	7
2874	5
2874	7
2874	18
2875	0
2875	5
2875	7
2875	14
2876	7
2877	7
2877	14
2877	18
2878	7
2878	14
2878	18
2879	5
2879	7
2879	18
2880	7
2881	7
2881	18
2882	7
2882	18
2883	7
2884	7
2884	18
2885	7
2885	14
2886	7
2887	7
2888	7
2889	7
2889	9
2889	13
2889	14
2890	7
2890	9
2890	14
2891	7
2891	9
2892	7
2893	7
2893	8
2893	14
2894	7
2894	16
2894	18
2895	7
2895	18
2896	7
2896	18
2897	6
2897	7
2897	13
2897	18
2898	6
2898	7
2898	13
2898	18
2899	6
2899	7
2899	18
2900	7
2900	18
2901	7
2901	12
2902	7
2902	14
2902	18
2903	7
2903	18
2904	7
2905	7
2906	7
2906	18
2907	7
2907	13
2907	14
2907	18
2908	5
2908	7
2908	18
2909	7
2909	18
2910	7
2911	7
2911	18
2912	7
2912	18
2913	7
2914	7
2914	18
2915	7
2915	18
2916	5
2916	7
2916	18
2917	7
2917	14
2917	18
2918	5
2918	7
2918	18
2919	7
2919	18
2920	7
2921	7
2922	7
2922	8
2923	7
2923	14
2924	7
2925	7
2925	8
2925	14
2926	7
2927	7
2928	7
2928	19
2929	7
2929	19
2930	7
2931	7
2931	18
2932	7
2933	7
2934	7
2935	7
2935	14
2936	7
2936	14
2937	7
2937	14
2938	7
2938	14
2939	7
2939	14
2940	7
2940	14
2941	7
2941	14
2942	7
2942	14
2943	7
2943	14
2944	7
2944	14
2945	7
2945	14
2946	7
2946	14
2947	7
2947	14
2948	7
2948	14
2949	7
2949	14
2950	7
2950	14
2951	7
2952	7
2952	14
2953	7
2954	7
2954	14
2955	7
2955	14
2956	7
2956	14
2956	16
2956	18
2957	7
2957	18
2958	7
2958	14
2958	18
2959	7
2960	7
2961	7
2961	8
2961	9
2961	14
2961	18
2961	19
2962	7
2963	5
2963	7
2963	18
2964	7
2965	7
2965	18
2966	7
2966	18
2967	5
2967	7
2967	13
2967	18
2968	7
2968	18
2969	7
2969	18
2970	2
2971	2
2971	6
2972	2
2973	2
2974	2
2975	0
2975	2
2976	0
2976	2
2977	2
2978	2
2979	2
2980	2
2981	2
2982	2
2983	2
2984	2
2985	2
2985	13
2986	2
2987	2
2988	2
2988	13
2989	2
2990	0
2990	2
2990	7
2991	0
2991	2
2992	0
2992	2
2992	14
2993	2
2994	2
2994	14
2995	2
2996	2
2997	0
2997	1
2997	2
2997	7
2997	13
2997	14
2997	16
2997	17
2998	0
2998	1
2998	2
2998	7
2998	13
2998	16
2998	17
2999	2
2999	3
2999	7
2999	9
2999	12
2999	13
2999	14
2999	16
2999	18
3000	0
3000	2
3000	3
3000	7
3000	13
3000	14
3000	16
3000	17
3000	18
3000	19
3001	2
3001	7
3001	13
3001	19
3002	14
3003	14
3004	14
3005	7
3005	14
3006	14
3007	7
3007	13
3007	14
3007	19
3008	7
3008	13
3008	14
3008	17
3008	19
3009	10
3009	13
3009	14
3009	19
3010	7
3010	13
3010	14
3010	17
3011	14
3012	7
3012	14
3012	17
3013	14
3014	14
3015	14
3015	19
3016	14
3017	7
3017	14
3017	18
3018	14
3018	19
3019	0
3019	14
3020	0
3020	13
3020	14
3021	0
3021	5
3021	7
3021	14
3021	18
3022	13
3022	14
3022	19
3023	14
3023	16
3024	14
3025	12
3025	14
3026	0
3026	3
3026	7
3026	8
3026	13
3026	14
3026	16
3026	19
3026	20
3027	0
3027	14
3027	19
3028	0
3028	14
3028	19
3029	0
3029	3
3029	7
3029	9
3029	14
3029	16
3029	17
3029	18
3029	19
3029	20
3030	14
3031	6
3031	8
3031	10
3031	14
3031	20
3032	0
3032	8
3032	9
3032	10
3032	13
3032	14
3032	18
3032	19
3033	0
3033	1
3033	3
3033	7
3033	8
3033	9
3033	10
3033	14
3033	16
3033	18
3033	19
3034	0
3034	3
3034	14
3034	18
3034	19
3035	14
3036	14
3037	14
3037	19
3038	8
3038	14
3038	19
3039	8
3039	14
3040	13
3040	14
3040	19
3041	0
3041	14
3041	16
3042	14
3043	14
3044	14
3045	14
3046	14
3047	7
3047	14
3047	17
3048	0
3048	8
3048	14
3049	14
3050	7
3050	13
3050	14
3051	0
3051	12
3051	14
3052	14
3053	14
3054	9
3054	14
3055	14
3056	14
3057	14
3058	14
3059	14
3060	6
3060	14
3061	14
3062	13
3062	14
3063	14
3064	19
3065	7
3066	7
3066	14
3067	7
3067	14
3067	19
3068	8
3068	14
3068	19
3068	20
3069	12
3069	20
3070	20
3071	0
3071	8
3071	12
3071	13
3071	14
3071	16
3071	19
3071	20
3072	0
3072	12
3072	13
3072	14
3072	16
3072	19
3072	20
3073	12
3073	20
3074	12
3074	20
3075	20
3076	12
3076	14
3076	20
3077	7
3077	14
3077	20
3078	12
3078	20
3079	8
3079	16
3079	18
3079	20
3080	0
3080	12
3080	14
3080	18
3080	20
3081	0
3081	1
3081	5
3081	7
3082	5
3083	5
3083	7
3083	18
3084	5
3084	7
3085	5
3086	5
3086	14
3086	16
3086	20
3087	5
3087	7
3088	5
3088	7
3089	5
3090	5
3091	0
3091	5
3091	7
3091	18
3092	12
3093	1
3093	12
3093	14
3094	12
3094	14
3095	6
3096	8
3096	14
3096	16
3097	8
3097	10
3097	14
3097	16
3098	14
3099	14
3100	14
3101	14
3102	14
3103	14
3104	14
3105	14
3106	14
3107	14
3108	14
3109	14
3110	14
3111	14
3112	14
3113	14
3114	14
3114	16
3115	14
3116	14
3116	16
3117	14
3118	14
3119	14
3120	14
3120	18
3121	14
3122	14
3123	6
3123	9
3123	10
3123	13
3123	14
3124	8
3124	13
3124	14
3125	14
3125	20
3126	7
3126	8
3126	14
3127	6
3127	9
3127	14
3127	20
3128	14
3129	6
3129	9
3129	14
3129	20
3130	14
3131	14
3132	14
3133	13
3133	14
3134	14
3135	14
3136	0
3136	14
3137	14
3138	14
3139	0
3139	14
3140	14
3141	0
3141	7
3141	14
3141	16
3141	19
3142	14
3143	14
3144	14
3145	14
3146	14
3147	8
3147	14
3148	14
3149	14
3150	14
3150	19
3151	14
3152	14
3153	14
3154	14
3155	0
3155	14
3155	16
3155	19
3156	14
3156	16
3156	19
3157	14
3157	16
3157	19
3158	14
3159	14
3160	14
3161	14
3162	14
3163	14
3164	14
3165	14
3166	14
3167	7
3167	8
3167	13
3167	14
3168	2
3168	7
3168	8
3168	14
3168	16
3168	18
3168	20
3169	6
3169	8
3169	13
3169	19
3170	8
3171	8
3172	8
3173	8
3173	20
3174	7
3174	8
3174	10
3174	16
3174	20
3175	8
3175	14
3175	18
3175	20
3176	7
3176	8
3176	13
3176	16
3176	19
3176	20
3177	8
3178	8
3179	8
3179	19
3180	8
3181	7
3181	8
3181	14
3181	16
3181	18
3181	19
3182	7
3182	8
3182	14
3182	19
3183	8
3184	8
3185	7
3185	8
3185	14
3186	7
3186	8
3186	16
3186	18
3186	20
3187	8
3187	14
3188	8
3189	7
3189	18
3190	18
3191	18
3192	18
3193	18
3194	18
3195	0
3195	7
3195	14
3195	16
3195	18
3195	19
3195	20
3196	18
3197	18
3197	19
3198	13
3198	18
3199	18
3200	0
3200	14
3201	0
3201	12
3201	14
3202	0
3203	0
3203	14
3204	0
3204	8
3205	13
3206	13
3207	13
3208	13
3208	14
3209	0
3209	13
3209	17
3210	0
3210	13
3210	17
3211	13
3211	14
3212	0
3212	6
3212	13
3212	14
3213	13
3213	14
3213	17
3214	0
3214	13
3214	14
3215	13
3215	17
3216	13
3217	14
3218	14
3219	14
3220	14
3221	14
3222	13
3223	13
3224	8
3224	13
3224	14
3225	13
3226	13
3226	14
3226	18
3227	7
3227	16
3227	20
3228	9
3228	18
3229	9
3229	18
3230	9
3230	18
3230	19
3231	7
3231	13
3231	18
3232	7
3232	13
3232	18
3233	7
3234	7
3235	7
3236	7
3236	13
3236	18
3237	7
3238	7
3239	7
3240	7
3241	7
3241	12
3241	18
3241	20
3242	7
3243	7
3244	0
3244	7
3244	14
3245	7
3246	7
3246	13
3246	14
3247	7
3247	14
3248	7
3249	7
3250	7
3250	14
3251	0
3251	7
3251	8
3251	14
3252	7
3252	8
3252	14
3253	7
3253	14
3254	7
3254	13
3255	7
3255	8
3255	14
3256	7
3256	13
3256	14
3257	7
3258	7
3259	7
3259	13
3260	7
3261	7
3262	6
3262	7
3262	8
3262	9
3262	13
3262	14
3263	3
3263	5
3263	6
3263	7
3263	8
3263	9
3263	13
3263	14
3263	16
3264	6
3264	7
3264	13
3264	14
3265	7
3266	7
3267	7
3268	7
3269	7
3270	7
3270	18
3271	7
3272	7
3272	14
3273	7
3274	0
3274	7
3274	14
3274	16
3274	19
3275	7
3275	13
3275	18
3276	1
3276	7
3276	13
3276	14
3276	19
3277	7
3278	7
3279	7
3280	7
3281	0
3282	0
3282	7
3282	8
3282	13
3282	14
3283	0
3283	7
3283	16
3283	18
3283	19
3284	6
3285	6
3286	0
3286	6
3286	14
3286	16
3286	19
3287	6
3287	18
3288	6
3288	8
3289	6
3289	18
3290	6
3291	0
3291	6
3291	8
3291	14
3292	6
3292	18
3293	0
3294	0
3294	13
3295	0
3295	10
3295	16
3296	0
3296	5
3297	0
3297	8
3297	14
3298	13
3298	20
3299	13
3299	20
3300	13
3301	13
3302	13
3303	13
3304	13
3305	13
3306	0
3306	19
3306	20
3307	12
3307	20
3308	12
3308	14
3309	12
3309	20
3310	14
3311	5
3311	8
3311	13
3311	14
3311	19
3311	20
3312	8
3312	13
3312	14
3312	18
3312	19
3312	20
3313	13
3313	14
3313	19
3314	5
3314	14
3314	19
3315	0
3315	14
3316	3
3316	5
3316	6
3316	8
3316	9
3316	13
3316	16
3317	3
3317	5
3317	6
3317	8
3317	9
3317	13
3317	16
3318	3
3318	5
3318	6
3318	8
3318	9
3318	13
3318	14
3318	16
3319	3
3319	5
3319	6
3319	8
3319	9
3319	13
3319	14
3319	16
3319	18
3319	19
3320	3
3320	5
3320	6
3320	8
3320	9
3320	13
3320	14
3320	16
3320	18
3321	3
3321	5
3321	6
3321	8
3321	9
3321	13
3321	14
3321	16
3321	18
3321	19
3322	9
3323	14
3323	18
3323	20
3324	14
3324	18
3324	20
3325	14
3325	18
3325	20
3326	14
3326	18
3326	20
3327	8
3327	14
3327	18
3328	7
3328	18
3329	18
3330	18
3331	18
3332	18
3333	8
3333	18
3334	18
3335	9
3336	9
3337	9
3338	9
3339	9
3340	9
3341	5
3341	9
3342	9
3343	8
3343	9
3343	19
3344	5
3344	8
3344	9
3344	10
3344	20
3345	9
3346	9
3346	20
3347	18
3348	18
3349	18
3350	7
3351	7
3352	1
3353	1
3353	14
3354	1
3354	8
3355	1
3356	1
3357	1
3358	1
3359	1
3360	1
3361	14
3361	18
3361	20
3362	20
3363	12
3363	20
3364	14
3364	20
3365	8
3366	8
3367	8
3368	8
3369	8
3370	0
3370	8
3371	8
3371	14
3372	6
3372	7
3372	8
3373	8
3374	8
3375	7
3375	8
3376	7
3376	8
3377	0
3377	7
3377	8
3377	13
3377	14
3377	16
3377	19
3378	8
3379	8
3380	8
3381	8
3381	16
3382	8
3383	8
3384	8
3385	8
3385	14
3386	8
3386	13
3387	8
3387	14
3388	8
3388	14
3389	7
3389	8
3389	13
3390	7
3390	8
3390	14
3390	16
3390	20
3391	7
3391	8
3392	8
3393	8
3394	8
3395	8
3396	7
3396	8
3396	16
3396	20
3397	8
3397	20
3398	7
3398	8
3398	14
3398	16
3398	19
3399	8
3400	8
3401	8
3401	20
3402	6
3402	8
3402	9
3402	14
3403	6
3403	8
3403	13
3403	16
3403	18
3403	19
3404	8
3405	8
3406	8
3407	7
3407	8
3408	8
3409	7
3409	8
3409	19
3410	8
3410	10
3410	13
3410	19
3410	20
3411	8
3411	14
3411	20
3412	8
3413	8
3414	6
3414	8
3414	14
3414	19
3415	6
3415	7
3415	8
3415	14
3415	19
3416	8
3417	7
3417	8
3417	14
3417	16
3417	18
3417	19
3418	7
3418	8
3418	19
3419	8
3419	14
3419	19
3420	2
3420	8
3420	20
3421	7
3421	8
3421	9
3421	18
3421	19
3422	2
3422	7
3422	8
3422	16
3422	18
3422	19
3422	20
3423	8
3424	8
3425	8
3426	7
3426	8
3426	14
3426	18
3427	8
3428	8
3429	2
3429	8
3430	8
3430	18
3431	7
3431	8
3431	14
3432	8
3433	6
3433	8
3434	8
3434	19
3435	10
3435	14
3436	10
3436	13
3437	10
3438	10
3439	10
3440	10
3441	10
3442	10
3443	10
3444	7
3444	10
3445	10
3446	10
3447	6
3447	8
3447	10
3448	0
3448	8
3448	10
3449	0
3449	10
3449	14
3450	0
3450	10
3450	14
3451	0
3451	5
3451	9
3451	10
3452	10
3452	19
3453	10
3454	5
3454	8
3454	9
3454	10
3455	9
3455	18
3455	20
3456	9
3456	18
3456	19
3457	18
3458	9
3458	18
3459	0
3459	18
3460	0
3460	7
3460	9
3460	17
3460	18
3461	9
3461	18
3462	18
3463	18
3464	2
3464	14
3464	18
3465	7
3465	14
3466	7
3467	7
3468	7
3469	7
3470	7
3471	7
3472	5
3473	7
3473	13
3473	14
3474	7
3474	13
3474	14
3475	7
3475	13
3475	14
3476	0
3476	7
3476	13
3476	14
3477	0
3477	7
3477	13
3477	14
3478	7
3478	13
3478	14
3479	7
3479	13
3479	14
3480	7
3480	13
3480	14
3481	7
3481	13
3481	14
3482	7
3482	13
3482	14
3482	19
3483	7
3483	13
3483	14
3483	19
3484	7
3484	13
3484	14
3485	0
3485	7
3485	13
3485	14
3486	0
3486	5
3486	7
3486	13
3486	14
3487	7
3487	8
3487	13
3487	14
3488	7
3488	13
3488	14
3488	20
3489	7
3489	13
3489	14
3490	7
3490	13
3490	14
3491	0
3491	7
3491	13
3491	14
3491	20
3492	0
3492	7
3492	13
3492	14
3492	20
3493	7
3493	13
3493	14
3494	7
3494	13
3494	14
3495	13
3495	14
3496	13
3496	14
3497	7
3497	13
3497	14
3498	7
3498	13
3498	14
3499	7
3499	13
3499	14
3500	0
3500	7
3500	13
3500	14
3501	13
3501	14
3502	7
3502	13
3502	14
3503	14
3504	13
3504	14
3504	16
3504	19
3505	13
3505	14
3506	13
3506	14
3507	7
3507	13
3507	14
3508	6
3508	7
3509	13
3510	6
3511	6
3511	18
3512	6
3513	6
3514	6
3515	0
3515	5
3515	6
3515	14
3515	18
3515	19
3516	6
3517	3
3517	10
3517	13
3517	19
3518	19
3519	7
3520	7
3521	7
3522	7
3523	7
3524	7
3525	7
3526	7
3527	7
3528	7
3528	13
3529	6
3529	7
3529	13
3529	14
3530	7
3530	13
3530	14
3531	7
3532	7
3532	14
3533	7
3533	13
3534	7
3534	13
3534	14
3535	7
3536	7
3536	14
3537	12
3538	7
3539	17
3540	1
3541	1
3542	1
3543	1
3544	1
3545	1
3546	1
3547	1
3548	1
3549	1
3550	1
3551	1
3552	1
3552	14
3553	1
3553	9
3554	1
3554	9
3555	1
3556	1
3557	1
3558	0
3558	8
3558	9
3559	6
3560	6
3560	7
3561	6
3562	6
3562	8
3563	6
3564	6
3564	7
3565	16
3566	0
3566	10
3567	0
3567	7
3567	10
3567	13
3568	0
3569	0
3569	13
3570	0
3570	20
3571	0
3572	0
3572	14
3573	0
3574	0
3574	13
3574	18
3575	0
3576	0
3576	14
3577	0
3577	6
3578	0
3578	14
3579	0
3580	0
3580	1
3580	6
3580	7
3580	13
3580	16
3580	20
3581	7
3582	7
3583	7
3584	7
3584	14
3585	6
3585	7
3585	14
3586	6
3586	7
3586	14
3587	7
3588	7
3588	14
3588	16
3589	7
3590	7
3590	13
3591	7
3592	7
3592	14
3593	7
3594	7
3595	7
3596	7
3596	14
3597	7
3598	7
3599	7
3600	7
3601	7
3602	7
3603	7
3604	0
3604	7
3604	16
3604	19
3605	7
3605	16
3606	7
3607	0
3607	6
3607	7
3607	14
3607	18
3607	20
3608	7
3609	7
3610	7
3611	7
3612	7
3612	14
3613	7
3614	7
3614	14
3614	20
3615	7
3616	7
3617	7
3617	16
3617	19
3618	7
3619	7
3620	7
3620	8
3620	12
3620	14
3621	7
3622	7
3622	14
3623	7
3624	7
3625	7
3626	7
3627	7
3627	12
3628	7
3629	7
3630	7
3630	13
3631	7
3632	7
3633	7
3634	7
3635	7
3636	7
3636	13
3637	7
3638	7
3639	7
3639	14
3640	7
3641	7
3642	7
3643	7
3644	7
3645	7
3646	7
3647	7
3648	7
3649	7
3650	7
3651	7
3652	7
3653	7
3654	7
3655	7
3656	7
3656	8
3656	13
3656	14
3657	7
3658	7
3658	8
3658	14
3659	7
3659	14
3660	7
3660	14
3660	18
3661	7
3662	7
3663	7
3664	7
3665	7
3666	7
3667	7
3667	14
3668	7
3668	14
3669	7
3670	7
3671	7
3672	7
3673	7
3674	0
3674	7
3674	13
3675	7
3675	19
3676	6
3676	7
3676	12
3676	13
3676	16
3676	19
3677	0
3677	7
3678	7
3678	8
3679	7
3680	7
3681	0
3681	7
3681	8
3681	14
3682	7
3683	7
3684	7
3685	7
3685	8
3685	14
3686	7
3687	7
3687	13
3687	14
3687	18
3688	7
3688	14
3689	7
3690	0
3690	7
3690	8
3690	13
3690	14
3691	7
3692	7
3693	7
3694	7
3694	14
3695	7
3696	7
3696	8
3696	14
3696	19
3697	7
3697	8
3698	7
3699	7
3700	7
3700	14
3701	7
3702	7
3702	14
3703	7
3704	7
3705	7
3706	7
3707	0
3707	7
3708	7
3708	14
3709	7
3710	7
3711	7
3712	7
3712	14
3713	7
3713	14
3714	7
3715	7
3716	0
3716	7
3716	14
3717	0
3717	7
3717	14
3718	7
3718	14
3719	0
3719	3
3719	13
3719	19
3720	20
3721	20
3722	20
3723	20
3724	20
3725	20
3726	0
3726	7
3726	8
3726	14
3726	16
3726	17
3726	20
3727	14
3727	20
3728	7
3728	14
3728	20
3729	20
3730	20
3731	20
3732	20
3733	13
3733	16
3733	20
3734	0
3734	13
3734	14
3734	20
3735	20
3736	20
3737	20
3738	20
3739	0
3739	7
3739	8
3739	14
3739	20
3740	20
3741	18
3741	20
3742	20
3743	20
3744	16
3744	20
3745	0
3745	20
3746	14
3746	20
3747	20
3748	20
3749	20
3750	20
3751	20
3752	20
3753	20
3754	20
3755	14
3755	20
3756	14
3756	20
3757	14
3757	20
3758	20
3759	12
3759	19
3759	20
3760	20
3761	8
3761	20
3762	20
3763	20
3764	20
3765	6
3765	16
3765	20
3766	6
3766	8
3766	16
3766	20
3767	20
3768	20
3769	20
3770	20
3771	14
3771	20
3772	12
3772	20
3773	20
3774	8
3774	14
3774	20
3775	20
3776	20
3777	20
3778	14
3778	20
3779	20
3780	20
3781	20
3782	20
3783	0
3783	8
3783	20
3784	20
3785	20
3786	20
3787	20
3788	20
3789	20
3790	14
3790	20
3791	20
3792	20
3793	20
3794	20
3795	20
3796	7
3797	7
3798	7
3798	14
3799	7
3800	7
3801	7
3802	7
3803	6
3804	6
3805	6
3805	19
3806	6
3807	0
3807	6
3807	8
3807	14
3808	6
3808	14
3809	0
3809	6
3809	14
3810	0
3810	6
3810	13
3810	14
3811	0
3811	6
3811	14
3812	0
3812	6
3813	0
3813	6
3813	14
3814	0
3814	6
3815	0
3815	6
3816	0
3816	6
3816	14
3817	0
3817	6
3817	14
3818	0
3818	2
3818	6
3818	14
3819	14
3819	20
3820	16
3821	12
3821	13
3822	12
3822	13
3823	12
3823	16
3824	16
3825	6
3825	8
3825	9
3825	14
3826	6
3826	8
3826	14
3827	6
3827	8
3827	9
3827	14
3828	3
3828	6
3828	8
3828	9
3829	6
3829	8
3829	9
3829	14
3830	0
3830	6
3830	8
3830	9
3830	14
3831	0
3831	6
3831	8
3831	9
3831	14
3832	6
3832	8
3832	9
3833	6
3833	8
3833	9
3833	14
3834	3
3834	6
3834	8
3834	9
3834	13
3834	14
3835	3
3835	6
3835	8
3835	9
3836	3
3836	6
3836	8
3836	9
3836	13
3836	14
3837	3
3837	6
3837	8
3837	9
3837	14
3838	6
3838	8
3839	8
3839	16
3840	3
3840	6
3840	8
3840	9
3841	6
3841	8
3841	9
3842	6
3842	8
3842	9
3842	13
3843	6
3843	8
3843	9
3844	6
3844	8
3844	9
3845	3
3845	6
3845	8
3845	9
3845	14
3846	3
3846	6
3846	8
3846	9
3846	13
3847	3
3847	6
3847	8
3847	9
3847	13
3847	14
3848	3
3848	6
3848	8
3848	9
3848	13
3848	14
3848	16
3849	6
3849	8
3849	9
3849	13
3850	6
3850	8
3850	9
3851	3
3851	6
3851	8
3851	9
3851	13
3851	14
3852	3
3852	6
3852	8
3852	9
3852	13
3852	14
3852	18
3853	3
3853	5
3853	6
3853	8
3853	9
3853	13
3853	14
3853	16
3854	3
3854	6
3854	8
3854	9
3854	13
3854	14
3854	16
3855	3
3855	6
3855	8
3855	9
3855	14
3856	3
3856	5
3856	6
3856	8
3856	9
3856	13
3856	14
3856	16
3856	19
3857	6
3857	8
3858	3
3858	6
3858	8
3858	9
3858	14
3858	16
3859	6
3859	8
3859	9
3860	3
3860	6
3860	8
3860	9
3860	14
3861	3
3861	5
3861	6
3861	8
3861	9
3861	13
3861	14
3861	16
3862	3
3862	6
3862	8
3862	9
3862	14
3863	3
3863	6
3863	8
3863	9
3863	13
3863	14
3863	16
3864	3
3864	6
3864	8
3864	9
3864	13
3864	14
3865	0
3865	3
3865	6
3865	8
3865	9
3865	13
3865	14
3865	16
3865	19
3866	8
3866	9
3866	14
3866	16
3867	3
3867	6
3867	8
3867	9
3867	13
3867	14
3868	3
3868	6
3868	8
3868	9
3868	13
3868	14
3869	3
3869	6
3869	8
3869	9
3869	13
3869	14
3870	6
3870	8
3870	9
3870	14
3870	16
3871	3
3871	6
3871	8
3871	9
3871	13
3871	14
3872	6
3872	8
3872	9
3872	14
3873	8
3874	6
3874	8
3874	9
3875	6
3875	8
3875	9
3875	13
3875	14
3876	6
3876	8
3876	9
3876	14
3877	3
3877	6
3877	8
3877	9
3877	14
3878	3
3878	6
3878	8
3878	9
3878	14
3878	16
3879	6
3879	8
3879	9
3880	0
3880	8
3881	6
3881	9
3881	14
3882	6
3882	9
3883	9
3884	6
3884	9
3885	6
3885	9
3885	13
3885	14
3885	16
3886	6
3886	9
3887	3
3887	6
3887	9
3887	13
3887	14
3888	9
3888	13
3889	6
3889	9
3890	6
3890	7
3890	9
3890	13
3890	14
3891	6
3891	9
3891	13
3892	6
3892	9
3892	13
3892	14
3893	6
3893	9
3894	9
3895	9
3896	0
3896	6
3896	8
3896	9
3896	16
3896	19
3897	9
3897	19
3898	9
3899	12
3899	14
3899	20
3900	6
3901	13
3901	14
3901	19
3901	20
3902	13
3902	20
3903	13
3903	20
3904	13
3904	20
3905	13
3905	14
3905	16
3906	13
3907	8
3907	18
3908	8
3909	8
3909	14
3910	8
3910	20
3911	8
3911	19
3911	20
3912	8
3913	8
3914	8
3915	8
3916	8
3917	8
3918	8
3918	18
3919	8
3920	8
3921	8
3922	8
3923	8
3924	8
3925	8
3926	8
3927	8
3927	13
3927	14
3928	8
3928	13
3929	7
3929	8
3929	17
3930	8
3930	9
3931	8
3932	8
3933	8
3933	14
3934	6
3934	8
3934	16
3935	8
3936	8
3937	7
3937	8
3938	0
3938	8
3939	0
3939	8
3940	0
3940	8
3941	8
3941	16
3941	19
3942	8
3943	8
3944	8
3945	8
3946	8
3947	8
3947	20
3948	8
3949	8
3950	8
3951	8
3952	8
3953	6
3953	8
3954	16
3954	20
3955	14
3955	16
3956	14
3956	16
3956	20
3957	14
3957	16
3958	13
3959	7
3959	13
3960	13
3961	13
3962	7
3962	13
3963	13
3964	13
3964	14
3965	13
3966	13
3967	13
3968	0
3968	8
3968	12
3968	13
3968	14
3969	13
3970	13
3971	13
3972	7
3972	13
3973	13
3974	13
3974	18
3975	13
3976	13
3977	13
3977	14
3978	13
3979	13
3980	13
3981	13
3981	14
3982	13
3983	13
3983	14
3984	13
3985	13
3986	13
3987	8
3987	13
3987	14
3988	13
3989	13
3990	13
3991	13
3992	13
3992	16
3993	13
3993	14
3994	13
3995	5
3995	13
3996	13
3997	0
3997	13
3998	0
3998	7
3998	8
3998	9
3998	10
3998	13
3998	16
3998	18
3999	13
4000	13
4001	0
4001	7
4002	0
4002	7
4003	0
4004	0
4004	14
4005	9
4005	20
4006	20
4007	14
4007	20
4008	7
4008	14
4008	20
4009	20
4010	20
4011	20
4012	20
4013	20
4014	20
4015	12
4015	20
4016	20
4017	20
4018	14
4018	20
4019	20
4020	20
4021	20
4022	20
4023	20
4024	20
4025	20
4026	7
4026	18
4026	20
4027	20
4028	13
4028	16
4028	19
4028	20
4029	0
4029	13
4029	14
4029	19
4029	20
4030	20
4031	18
4031	20
4032	12
4033	0
4034	0
4034	7
4034	14
4035	0
4036	0
4037	0
4038	0
4038	16
4038	20
4039	0
4039	14
4040	0
4040	14
4041	0
4041	8
4041	14
4042	0
4043	0
4043	13
4044	0
4045	0
4045	14
4046	0
4046	7
4046	16
4046	18
4047	0
4047	7
4047	16
4047	18
4048	0
4048	7
4048	14
4049	0
4049	14
4050	0
4051	0
4051	8
4051	14
4052	0
4053	0
4053	8
4053	14
4054	0
4054	14
4055	0
4056	0
4057	0
4058	0
4059	0
4060	0
4060	8
4060	14
4061	0
4062	8
4063	8
4063	18
4064	7
4064	8
4064	18
4065	8
4066	8
4067	7
4067	8
4067	16
4067	20
4068	8
4069	8
4069	18
4070	8
4071	7
4071	8
4072	8
4072	14
4073	8
4074	8
4075	8
4076	8
4076	13
4076	20
4077	8
4078	14
4079	7
4079	14
4079	16
4079	19
4080	14
4081	14
4082	14
4083	14
4084	14
4084	16
4085	14
4086	12
4086	20
4087	20
4088	14
4088	20
4089	12
4089	20
4090	7
4091	7
4091	14
4092	7
4093	7
4094	7
4094	14
4094	19
4095	7
4095	14
4096	7
4097	6
4097	7
4098	7
4099	7
4100	7
4100	13
4100	18
4101	7
4101	16
4102	7
4102	14
4103	0
4103	5
4104	5
4105	0
4105	5
4105	8
4105	13
4105	14
4105	16
4105	18
4105	19
4106	5
4107	5
4108	5
4108	14
4109	5
4110	5
4111	5
4111	13
4111	18
4112	5
4112	13
4113	5
4114	5
4115	5
4116	5
4116	9
4117	5
4118	5
4118	9
4118	13
4118	19
4118	20
4119	5
4120	0
4120	6
4120	14
4121	6
4122	6
4122	14
4123	6
4124	0
4124	7
4124	13
4125	0
4125	1
4125	9
4125	13
4125	14
4125	19
4125	20
4126	19
4127	19
4128	19
4129	0
4129	9
4129	14
4129	19
4130	9
4131	0
4131	9
4131	19
4132	7
4132	9
4132	10
4132	19
4133	0
4133	9
4133	13
4133	19
4134	0
4134	9
4134	13
4134	19
4135	0
4135	14
4136	0
4136	8
4137	0
4137	14
4138	0
4139	0
4140	0
4141	0
4141	14
4142	0
4142	8
4142	13
4142	14
4143	0
4143	13
4143	14
4144	0
4145	0
4145	14
4146	0
4146	7
4146	8
4147	0
4147	13
4147	14
4148	0
4149	0
4149	14
4150	0
4150	13
4150	14
4151	0
4151	8
4151	13
4151	14
4152	0
4152	8
4153	0
4154	0
4155	0
4156	0
4157	0
4157	7
4157	14
4158	0
4158	13
4158	14
4159	0
4159	13
4159	14
4160	0
4160	14
4161	0
4162	0
4162	14
4163	0
4164	0
4165	0
4166	0
4167	0
4168	7
4168	10
4168	14
4168	19
4169	14
4170	6
4170	14
4171	14
4172	7
4172	14
4172	18
4173	7
4174	6
4174	14
4175	6
4175	14
4176	6
4177	6
4177	7
4177	8
4178	6
4179	0
4179	6
4180	0
4180	6
4180	16
4180	18
4181	14
4181	16
4182	0
4182	13
4182	14
4182	16
4182	19
4183	16
4184	13
4184	16
4185	5
4185	13
4185	16
4186	0
4186	5
4186	16
4186	19
4187	16
4188	16
4189	16
4189	19
4190	16
4191	16
4192	0
4192	8
4192	13
4192	16
4193	14
4193	16
4194	16
4194	18
4195	5
4195	16
4196	0
4196	16
4196	19
4197	0
4197	16
4197	19
4198	7
4198	14
4198	16
4199	16
4200	7
4200	16
4201	0
4201	13
4201	14
4202	0
4202	7
4202	14
4203	14
4204	0
4204	10
4204	14
4205	0
4205	7
4205	13
4205	14
4205	17
4205	19
4206	0
4206	14
4207	14
4208	0
4208	6
4208	7
4208	14
4208	20
4209	0
4209	14
4210	14
4211	14
4211	19
4212	13
4212	19
4213	13
4214	13
4215	13
4216	7
4217	7
4218	7
4219	7
4220	7
4221	7
4221	14
4222	7
4223	7
4224	3
4224	7
4225	7
4226	7
4227	7
4227	13
4227	14
4228	7
4229	7
4229	14
4230	7
4231	7
4231	14
4232	0
4232	7
4232	14
4233	7
4234	0
4234	7
4235	0
4235	10
4235	13
4236	10
4237	10
4238	10
4239	10
4239	14
4240	10
4241	10
4242	16
4243	16
4244	16
4245	16
4246	16
4247	16
4248	16
4249	16
4249	19
4250	16
4251	16
4252	16
4253	16
4254	5
4254	16
4255	0
4255	6
4255	16
4256	16
4257	0
4257	14
4257	16
4258	14
4258	16
4259	16
4260	16
4261	14
4261	16
4261	19
4262	8
4262	13
4262	14
4262	16
4263	16
4264	7
4264	18
4265	18
4266	18
4267	7
4268	7
4268	16
4268	19
4269	0
4269	7
4269	16
4269	19
4270	7
4271	16
4272	16
4273	8
4273	14
4274	8
4274	14
4275	8
4276	7
4276	8
4277	8
4277	9
4278	0
4278	8
4278	16
4278	18
4279	8
4279	14
4280	8
4280	19
4281	8
4282	8
4282	19
4283	8
4283	9
4284	8
4285	8
4285	9
4286	8
4287	8
4287	9
4288	8
4288	9
4289	0
4289	7
4289	8
4289	16
4289	19
4290	8
4291	8
4291	9
4292	0
4292	5
4292	18
4293	0
4293	5
4293	18
4294	13
4295	13
4296	13
4297	7
4297	13
4297	14
4298	7
4298	13
4299	7
4299	13
4300	13
4301	13
4302	13
4302	14
4303	7
4303	13
4303	14
4304	13
4305	13
4306	9
4306	13
4307	7
4307	13
4308	12
4308	13
4308	14
4309	13
4310	13
4310	14
4311	13
4312	13
4313	13
4314	13
4314	14
4315	13
4316	13
4317	0
4318	0
4318	13
4318	19
4319	0
4319	14
4319	19
4320	0
4321	0
4321	19
4322	0
4322	13
4322	19
4323	0
4323	19
4324	0
4324	19
4325	14
4326	7
4327	3
4327	7
4327	14
4327	18
4328	0
4328	7
4328	13
4328	14
4328	16
4328	19
4329	7
4329	14
4330	7
4331	0
4331	7
4331	17
4332	7
4332	14
4333	7
4334	7
4335	7
4336	7
4337	7
4337	12
4337	14
4337	16
4338	7
4339	7
4340	7
4341	2
4341	7
4342	7
4343	7
4344	7
4345	7
4346	7
4347	7
4348	7
4348	13
4349	7
4349	13
4349	14
4349	18
4350	0
4351	0
4351	13
4352	0
4353	0
4353	14
4353	17
4354	0
4354	14
4354	17
4355	19
4356	14
4356	19
4357	14
4357	19
4358	16
4358	19
4359	19
4360	19
4361	19
4362	19
4363	6
4364	6
4365	6
4366	7
4366	18
4367	7
4367	14
4367	19
4368	12
4368	20
4369	12
4370	12
4371	12
4372	12
4373	7
4373	12
4373	13
4374	20
4375	12
4375	20
4376	0
4376	8
4376	14
4376	16
4376	19
4376	20
4377	12
4378	12
4378	14
4379	12
4380	12
4381	12
4381	14
4382	12
4383	12
4383	14
4384	12
4384	14
4385	12
4386	12
4386	20
4387	7
4387	14
4388	14
4389	14
4390	7
4390	14
4391	14
4392	14
4392	16
4392	19
4393	5
4394	6
4395	6
4396	6
4397	6
4398	6
4399	6
4400	6
4401	6
4402	6
4403	6
4403	8
4404	6
4405	6
4406	6
4406	7
4407	2
4407	14
4408	13
4408	18
4409	7
4409	13
4409	18
4410	13
4410	18
4411	13
4411	18
4412	13
4412	18
4413	18
4414	13
4414	18
4415	18
4416	13
4416	18
4416	19
4417	0
4417	14
4417	18
4418	13
4418	18
4419	13
4419	14
4419	18
4420	13
4420	18
4421	18
4422	13
4422	18
4423	0
4423	13
4423	14
4423	16
4423	18
4423	19
4424	13
4424	18
4425	18
4426	0
4426	16
4427	5
4428	0
4428	14
4429	0
4430	0
4431	0
4432	0
4433	0
4434	0
4434	8
4434	14
4434	19
4435	0
4436	7
4437	7
4438	7
4439	7
4440	7
4440	20
4441	7
4442	7
4443	7
4443	19
4444	7
4445	7
4446	7
4447	7
4448	7
4449	7
4450	7
4451	7
4451	10
4451	14
4452	7
4452	12
4453	7
4454	7
4455	7
4456	7
4457	7
4458	7
4459	7
4460	7
4461	0
4461	7
4461	8
4462	7
4463	7
4464	7
4464	14
4465	7
4466	7
4467	7
4468	7
4468	8
4468	16
4468	19
4469	7
4470	7
4471	7
4472	7
4472	13
4473	7
4473	14
4474	7
4474	8
4474	14
4475	7
4476	7
4477	7
4477	16
4477	19
4478	7
4479	7
4480	7
4480	14
4481	7
4481	13
4482	7
4483	7
4484	7
4485	7
4486	7
4487	7
4488	7
4489	7
4490	7
4491	7
4492	7
4493	7
4493	12
4494	7
4495	7
4496	7
4497	7
4498	7
4499	7
4500	7
4501	7
4502	7
4503	7
4504	7
4505	7
4505	14
4506	7
4506	14
4507	7
4508	7
4508	18
4509	7
4510	7
4510	14
4511	7
4512	0
4512	3
4512	5
4512	14
4512	16
4513	8
4513	13
4514	8
4514	13
4515	18
4515	20
4516	7
4516	20
4517	20
4518	19
4518	20
4519	20
4520	20
4521	20
4522	13
4523	13
4524	7
4524	13
4524	14
4525	13
4525	17
4526	13
4527	13
4527	19
4528	13
4529	9
4529	13
4530	7
4530	13
4531	0
4531	7
4531	13
4532	2
4532	13
4533	7
4533	13
4534	7
4534	13
4535	13
4536	13
4537	0
4537	13
4538	0
4538	7
4538	13
4538	19
4539	7
4539	13
4539	18
4540	7
4541	7
4542	7
4542	14
4543	1
4543	14
4544	1
4544	14
4545	1
4546	1
4546	13
4547	1
4548	1
4549	1
4550	6
4551	6
4552	6
4553	14
4554	6
4554	8
4554	20
4555	6
4556	6
4557	6
4557	14
4558	6
4559	6
4559	13
4560	6
4560	14
4561	6
4561	14
4562	0
4562	6
4562	14
4563	6
4564	6
4564	18
4565	6
4565	14
4566	6
4567	6
4568	6
4569	6
4570	6
4570	8
4570	14
4571	6
4571	14
4572	6
4572	14
4573	6
4574	6
4574	14
4575	6
4576	6
4577	6
4578	6
4579	6
4580	6
4580	14
4581	6
4581	14
4582	6
4582	14
4583	6
4583	9
4583	13
4583	14
4584	6
4584	13
4585	6
4585	14
4586	14
4586	18
4587	14
4587	18
4588	14
4588	18
4589	14
4589	18
4590	14
4590	18
4591	18
4592	14
4592	18
4593	14
4593	18
4594	7
4594	14
4594	18
4594	19
4595	7
4595	18
4596	7
4596	14
4596	18
4597	7
4597	18
4598	7
4598	8
4598	18
4599	18
4600	18
4601	18
4601	19
4602	18
4602	19
4603	7
4603	18
4604	7
4604	18
4605	7
4605	18
4606	13
4606	18
4607	18
4608	7
4608	18
4609	18
4610	7
4610	18
4611	7
4611	14
4611	18
4612	18
4613	1
4613	13
4613	14
4613	16
4613	18
4613	19
4614	14
4614	18
4615	7
4615	18
4616	7
4616	14
4616	18
4617	20
4618	20
4619	20
4620	20
4621	13
4622	0
4622	2
4622	8
4623	0
4624	2
4624	3
4625	0
4626	0
4626	14
4627	0
4627	14
4628	0
4629	0
4629	12
4629	14
4630	0
4630	18
4631	0
4632	0
4633	0
4633	14
4633	16
4633	19
4634	0
4634	14
4635	0
4636	0
4636	8
4636	9
4636	14
4637	0
4638	0
4639	0
4639	13
4640	0
4641	0
4641	13
4641	14
4642	0
4642	13
4643	0
4643	14
4644	0
4644	14
4645	0
4646	0
4647	0
4647	7
4647	13
4647	14
4647	19
4648	0
4649	0
4649	14
4650	0
4651	0
4652	0
4653	19
4654	0
4655	0
4655	14
4656	7
4657	7
4658	7
4659	7
4659	8
4659	14
4659	16
4660	7
4661	7
4662	7
4663	0
4663	7
4663	13
4664	7
4665	7
4666	7
4666	13
4667	7
4668	7
4669	7
4670	7
4671	7
4671	8
4672	7
4673	7
4674	7
4675	7
4676	7
4677	0
4677	7
4677	14
4678	0
4678	7
4678	18
4679	7
4679	17
4680	7
4680	18
4681	7
4682	7
4683	7
4684	7
4684	12
4685	7
4686	7
4687	7
4688	9
4689	5
4689	9
4689	20
4690	13
4691	7
4691	14
4691	18
4692	18
4693	0
4694	0
4695	0
4696	0
4696	18
4697	0
4697	18
4698	8
4698	18
4699	18
4700	18
4701	18
4702	18
4703	18
4704	18
4705	0
4705	8
4705	16
4705	18
4705	19
4706	18
4707	9
4707	18
4708	18
4709	0
4709	14
4710	0
4710	7
4711	0
4711	7
4711	13
4712	0
4712	7
4712	13
4713	0
4714	0
4714	7
4714	13
4715	0
4715	7
4716	0
4716	14
4717	0
4717	14
4718	0
4719	0
4719	14
4720	0
4721	0
4721	14
4722	0
4723	0
4724	0
4725	0
4725	14
4726	0
4727	0
4727	7
4728	0
4729	0
4729	6
4729	14
4730	0
4731	0
4731	8
4732	8
4732	14
4733	14
4734	14
4734	20
4735	8
4735	20
4736	20
4737	20
4738	14
4738	20
4739	0
4740	0
4741	18
4742	18
4743	18
4744	8
4744	18
4745	18
4746	18
4747	18
4748	18
4749	18
4750	18
4751	18
4752	18
4753	18
4754	18
4755	18
4756	18
4757	18
4758	3
4759	3
4760	3
4761	3
4762	3
4762	12
4763	3
4763	14
4764	3
4764	14
4765	3
4766	6
4767	0
4767	19
4768	19
4769	0
4769	5
4769	14
4769	19
4770	7
4770	14
4770	17
4770	18
4770	19
4771	1
4771	19
4772	14
4772	19
4773	20
4774	20
4775	20
4776	8
4776	20
4777	16
4777	20
4778	16
4779	0
4779	20
4780	8
4781	8
4782	7
4783	20
4784	14
4784	20
4785	8
4785	19
4785	20
4786	7
4787	7
4788	16
4788	18
4789	16
4790	16
4791	16
4792	0
4793	0
4794	2
4794	14
4795	2
4796	2
4796	14
4797	2
4798	0
4798	2
4798	14
4799	2
4800	2
4801	2
4802	2
4803	2
4804	2
4804	14
4805	2
4805	14
4806	0
4806	2
4806	14
4807	0
4807	2
4807	14
4808	2
4809	2
4810	20
4811	12
4811	20
4812	8
4812	10
4813	8
4814	8
4815	7
4816	7
4817	0
4818	0
4819	0
4820	0
4820	16
4820	19
4821	0
4822	0
4823	0
4824	0
4825	0
4826	0
4826	5
4826	14
4826	16
4826	19
4827	0
4828	0
4829	0
4830	0
4831	0
4832	0
4832	8
4833	0
4834	0
4835	0
4836	2
4837	2
4838	9
4838	14
4839	9
4839	14
4840	9
4840	14
4841	9
4842	9
4842	19
4843	9
4844	9
4845	9
4846	9
4847	9
4847	14
4848	9
4849	9
4850	9
4851	9
4852	9
4853	9
4854	9
4854	14
4855	6
4856	6
4856	14
4857	6
4857	16
4858	6
4859	20
4860	12
4860	20
4861	16
4862	16
4863	0
4863	14
4864	0
4865	0
4866	0
4866	5
4867	0
4868	0
4869	0
4870	0
4870	17
4871	0
4871	14
4871	17
4872	0
4872	19
4873	3
4873	13
4874	3
4875	7
4876	7
4877	7
4878	7
4879	7
4880	7
4881	7
4882	0
4883	0
4884	0
4884	14
4885	0
4885	14
4886	0
4887	0
4888	0
4889	0
4890	0
4891	0
4892	0
4893	0
4894	0
4895	0
4895	14
4896	0
4896	14
4897	0
4897	8
4897	12
4897	14
4898	0
4898	14
4899	0
4900	0
4901	1
4901	7
4901	14
4902	14
4903	14
4904	14
4905	14
4906	14
4907	14
4907	19
4908	12
4908	14
4909	14
4910	14
4911	14
4912	14
4913	0
4913	14
4913	19
4914	14
4915	14
4916	14
4916	16
4917	14
4918	8
4918	14
4919	14
4920	14
4921	12
4921	14
4922	14
4923	14
4924	14
4925	14
4926	8
4926	14
4927	14
4928	14
4929	14
4930	14
4931	14
4932	7
4932	14
4933	14
4934	14
4935	14
4936	14
4937	14
4938	14
4939	14
4940	14
4941	14
4942	13
4942	14
4943	14
4944	14
4945	14
4946	14
4947	14
4948	14
4949	14
4950	14
4951	14
4952	14
4953	14
4954	14
4955	14
4956	14
4957	8
4957	14
4958	14
4959	14
4960	14
4961	14
4962	14
4963	14
4964	14
4965	14
4966	14
4967	14
4968	14
4969	14
4970	14
4971	14
4972	14
4973	14
4974	14
4974	19
4975	13
4975	14
4976	14
4977	13
4977	14
4978	14
4979	14
4980	14
4981	14
4982	14
4983	14
4984	14
4985	13
4985	14
4986	13
4986	14
4987	14
4988	14
4989	14
4990	14
4991	14
4992	14
4993	14
4994	14
4995	14
4996	14
4997	14
4998	14
4999	8
4999	14
5000	8
5000	14
5001	14
5002	8
5002	14
5003	14
5004	0
5004	14
5004	16
5004	19
5005	14
5006	14
5007	14
5008	14
5009	14
5010	14
5011	14
5012	13
5012	14
5013	14
5014	14
5015	14
5016	8
5016	14
5017	14
5018	14
5019	14
5020	14
5021	14
5022	14
5023	14
5024	14
5025	14
5026	0
5026	14
5027	0
5027	7
5027	14
5028	14
5029	14
5030	14
5031	14
5032	14
5033	14
5034	14
5035	14
5036	14
5037	14
5038	14
5039	14
5040	14
5041	14
5042	14
5043	14
5044	14
5045	14
5046	14
5047	14
5048	14
5049	14
5050	14
5050	16
5051	14
5052	14
5053	14
5054	14
5055	14
5056	0
5056	14
5056	16
5056	19
5057	14
5058	14
5059	14
5060	14
5061	14
5062	14
5063	8
5063	14
5064	14
5065	14
5066	14
5067	14
5068	14
5069	14
5070	14
5070	19
5071	14
5072	7
5072	14
5073	14
5074	14
5075	14
5076	3
5076	14
5077	14
5078	14
5079	3
5079	14
5080	3
5080	14
5081	13
5081	14
5082	14
5083	14
5084	14
5085	14
5086	8
5086	14
5087	14
5088	14
5089	14
5090	14
5091	14
5092	14
5093	14
5094	14
5095	14
5096	0
5096	14
5097	14
5098	14
5099	14
5100	14
5101	14
5102	14
5103	14
5104	14
5105	14
5106	14
5107	14
5108	14
5109	14
5110	14
5111	14
5112	13
5112	14
5113	14
5114	14
5115	14
5116	14
5117	14
5118	14
5119	14
5120	14
5121	14
5122	14
5123	14
5124	14
5125	14
5126	14
5127	14
5128	14
5129	14
5130	14
5130	16
5130	19
5131	14
5132	14
5133	14
5134	14
5135	14
5136	14
5137	14
5138	14
5139	14
5140	14
5141	14
5142	14
5143	14
5144	0
5144	14
5145	14
5146	14
5147	8
5147	14
5148	14
5149	14
5150	14
5151	0
5151	14
5151	19
5152	14
5153	0
5153	14
5153	16
5153	19
5154	14
5155	8
5155	14
5156	0
5156	14
5156	19
5157	14
5158	14
5159	0
5159	14
5159	16
5159	19
5160	0
5160	14
5160	16
5160	19
5161	14
5162	14
5163	14
5164	14
5165	14
5166	0
5166	14
5167	8
5167	14
5168	14
5169	14
5170	14
5171	14
5172	14
5173	14
5174	14
5175	14
5176	14
5177	14
5178	14
5179	14
5180	14
5181	2
5181	14
5181	16
5182	14
5183	13
5183	14
5184	14
5185	14
5186	14
5187	14
5188	14
5189	14
5190	14
5191	14
5192	14
5193	14
5194	14
5195	14
5196	14
5197	14
5198	14
5199	14
5200	14
5201	14
5202	0
5202	14
5202	20
5203	14
5204	14
5205	14
5206	14
5207	7
5207	14
5208	7
5208	14
5208	16
5208	17
5209	14
5209	18
5210	14
5211	0
5211	14
5211	16
5211	19
5212	0
5212	14
5212	16
5212	19
5213	0
5213	14
5213	16
5213	19
5214	14
5215	8
5215	14
5216	14
5217	14
5218	14
5219	7
5219	8
5219	14
5220	14
5221	14
5222	14
5223	14
5224	14
5225	14
5226	12
5226	14
5227	14
5228	14
5229	14
5230	14
5230	16
5231	14
5232	14
5233	14
5234	14
5235	14
5236	14
5237	14
5238	14
5239	14
5240	14
5241	14
5242	14
5243	13
5243	14
5244	14
5245	14
5246	14
5247	14
5248	14
5249	14
5250	14
5251	14
5252	14
5253	14
5254	14
5255	14
5256	0
5256	14
5257	14
5258	14
5259	14
5260	14
5261	14
5262	14
5263	14
5264	14
5265	14
5266	8
5266	14
5267	14
5268	14
5269	14
5270	8
5270	14
5271	14
5272	14
5273	14
5274	14
5274	16
5275	7
5275	14
5275	20
5276	14
5277	8
5277	14
5277	20
5278	14
5279	8
5279	14
5280	14
5281	8
5281	14
5282	14
5283	14
5284	14
5285	8
5285	14
5286	14
5287	14
5288	14
5288	19
5289	8
5289	14
5290	14
5291	8
5291	14
5292	8
5292	14
5293	13
5293	14
5294	14
5295	8
5295	14
5296	14
5297	14
5298	14
5299	14
5300	12
5300	14
5301	14
5302	14
5303	14
5304	14
5305	14
5306	14
5307	14
5308	14
5309	14
5310	0
5310	14
5310	16
5310	19
5311	14
5312	14
5313	14
5314	0
5314	8
5314	14
5314	16
5314	19
5315	0
5315	8
5315	13
5315	14
5315	16
5315	19
5316	14
5317	14
5318	14
5319	14
5320	14
5321	14
5322	14
5323	14
5324	14
5325	14
5326	8
5326	14
5327	14
5328	14
5329	14
5330	14
5331	12
5331	14
5331	18
5332	12
5332	14
5333	8
5333	14
5334	14
5335	14
5336	14
5337	14
5338	14
5339	14
5340	14
5341	14
5342	14
5343	14
5344	14
5345	14
5346	14
5347	14
5348	14
5349	14
5350	14
5351	14
5352	14
5353	14
5354	14
5355	14
5356	14
5357	14
5358	14
5359	0
5359	8
5359	14
5359	16
5359	19
5360	14
5361	14
5362	14
5363	14
5364	14
5365	14
5366	14
5367	8
5367	14
5368	14
5369	14
5370	14
5371	14
5372	8
5372	14
5373	14
5374	14
5375	14
5376	14
5377	8
5377	14
5378	14
5379	14
5380	14
5381	14
5382	14
5383	14
5384	8
5384	14
5385	14
5386	14
5387	14
5387	19
5388	14
5389	14
5390	8
5390	14
5391	14
5392	14
5393	14
5394	14
5394	16
5394	19
5395	14
5396	14
5397	14
5398	12
5398	14
5399	14
5400	14
5401	14
5402	14
5403	14
5404	8
5404	14
5405	8
5405	14
5406	14
5407	14
5408	8
5408	14
5409	14
5410	14
5411	14
5412	14
5413	14
5414	14
5415	14
5415	16
5416	0
5416	14
5416	16
5416	19
5417	14
5417	16
5418	14
5419	0
5419	8
5419	14
5419	16
5419	19
5420	14
5421	14
5422	8
5422	14
5423	14
5424	14
5425	14
5426	14
5427	14
5428	0
5428	8
5428	14
5428	19
5429	14
5430	8
5430	14
5431	13
5431	14
5431	16
5431	19
5432	14
5433	14
5434	14
5435	12
5435	14
5436	14
5437	14
5437	19
5438	14
5439	14
5440	14
5441	14
5442	8
5442	14
5443	14
5444	8
5444	14
5445	14
5446	14
5447	14
5448	14
5449	14
5450	12
5450	14
5451	14
5452	8
5452	14
5453	14
5454	14
5455	8
5455	12
5455	14
5456	14
5457	14
5458	14
5459	0
5459	14
5459	16
5459	19
5460	0
5460	8
5460	14
5460	16
5460	19
5461	14
5462	14
5463	14
5464	14
5465	14
5466	14
5467	14
5468	14
5469	14
5470	14
5471	14
5472	14
5473	13
5473	14
5474	7
5474	14
5475	14
5476	14
5477	14
5478	14
5479	14
5480	14
5481	14
5482	14
5483	14
5484	14
5485	14
5486	14
5487	14
5488	14
5489	14
5490	14
5491	14
5492	14
5493	14
5494	14
5495	14
5496	14
5497	14
5498	14
5499	14
5500	14
5501	8
5501	14
5502	14
5503	14
5504	14
5505	14
5506	14
5507	14
5508	14
5509	14
5510	14
5511	14
5512	14
5513	14
5514	14
5515	7
5515	14
5515	17
5515	19
5516	14
5517	14
5518	14
5519	14
5520	14
5521	14
5521	17
5522	14
5523	14
5524	14
5525	14
5526	14
5527	0
5527	14
5528	14
5529	14
5530	14
5531	14
5532	0
5532	14
5532	16
5532	19
5533	14
5534	14
5535	14
5536	12
5536	14
5537	14
5538	14
5539	14
5540	14
5541	14
5542	14
5543	0
5543	14
5544	14
5545	14
5546	0
5546	14
5547	14
5547	16
5547	19
5548	0
5548	14
5548	16
5548	19
5549	0
5549	14
5550	14
5551	14
5552	14
5553	14
5554	14
5555	14
5556	14
5557	14
5558	14
5559	14
5560	14
5561	14
5562	8
5562	14
5563	8
5563	14
5564	14
5565	14
5566	14
5566	18
5567	14
5568	14
5569	14
5570	5
5570	14
5571	14
5572	14
5573	14
5574	14
5575	14
5576	0
5576	14
5576	16
5576	19
5577	14
5578	14
5579	14
5580	14
5581	14
5582	14
5583	14
5584	14
5585	14
5586	14
5587	14
5588	14
5589	14
5590	14
5591	14
5592	14
5593	14
5594	0
5594	14
5595	14
5596	8
5596	14
5597	14
5598	14
5599	14
5600	14
5601	14
5602	14
5603	14
5604	14
5605	14
5606	14
5607	8
5607	14
5608	14
5609	14
5610	14
5611	14
5612	14
5613	14
5614	14
5615	14
5616	14
5616	16
5617	14
5618	14
5619	14
5620	14
5621	14
5622	14
5623	14
5624	14
5625	14
5626	8
5626	14
5627	14
5628	14
5629	14
5630	14
5631	8
5631	14
5632	8
5632	14
5633	14
5634	14
5635	14
5636	14
5637	8
5637	14
5638	14
5639	14
5640	14
5641	14
5642	14
5643	8
5643	14
5644	14
5644	19
5645	8
5645	14
5646	2
5646	7
5646	8
5646	14
5646	19
5647	14
5648	14
5649	14
5650	14
5651	14
5652	14
5652	18
5653	14
5654	14
5655	14
5656	14
5657	14
5658	14
5659	14
5660	9
5660	14
5661	14
5662	14
5663	14
5664	14
5665	14
5666	14
5667	14
5668	14
5669	14
5670	14
5671	7
5671	14
5672	14
5673	14
5674	14
5675	14
5676	14
5677	14
5678	14
5679	14
5680	14
5681	14
5682	14
5683	14
5684	14
5685	14
5686	14
5687	8
5687	12
5687	14
5688	14
5689	14
5690	14
5691	14
5692	14
5693	14
5694	14
5695	14
5696	14
5697	14
5698	14
5699	14
5700	8
5700	14
5701	14
5702	14
5703	14
5704	0
5704	14
5704	19
5705	14
5706	14
5707	14
5708	14
5709	14
5710	14
5711	8
5711	14
5712	14
5713	14
5714	14
5715	14
5716	13
5716	14
5717	14
5718	13
5718	14
5719	14
5720	14
5721	14
5722	14
5723	14
5724	14
5725	14
5726	13
5726	14
5727	14
5728	8
5728	14
5729	14
5730	14
5731	14
5732	14
5733	14
5734	14
5735	14
5736	14
5737	14
5738	14
5739	14
5740	14
5740	20
5741	14
5742	14
5742	20
5743	14
5743	20
5744	14
5745	14
5746	14
5747	14
5748	8
5748	14
5749	8
5749	14
5750	13
5750	14
5751	14
5752	14
5753	14
5753	17
5754	9
5754	14
5755	9
5755	14
5756	14
5757	14
5758	14
5759	14
5760	14
5761	14
5762	14
5763	14
5764	14
5765	14
5766	14
5766	18
5767	13
5767	14
5767	18
5768	14
5769	8
5769	14
5770	14
5771	14
5772	14
5773	14
5774	14
5775	14
5776	14
5777	14
5778	14
5779	0
5779	14
5780	14
5781	14
5782	6
5782	14
5783	14
5784	14
5785	14
5786	14
5787	14
5788	14
5789	14
5790	14
5791	14
5792	14
5793	14
5794	14
5795	8
5795	14
5796	14
5797	14
5798	14
5799	14
5800	14
5801	14
5802	14
5803	14
5804	14
5805	14
5806	14
5807	14
5808	14
5809	14
5810	14
5811	14
5812	14
5813	14
5814	14
5815	14
5816	14
5817	14
5818	14
5819	14
5820	14
5821	13
5821	14
5822	14
5823	14
5824	14
5825	14
5826	7
5826	14
5827	13
5827	14
5828	14
5829	14
5830	14
5831	14
5832	14
5833	14
5834	14
5835	14
5836	8
5836	14
5837	8
5837	14
5838	14
5839	14
5840	14
5841	14
5842	14
5843	14
5844	14
5845	14
5846	14
5847	14
5848	14
5849	14
5850	14
5851	14
5852	14
5853	14
5854	14
5855	14
5856	14
5857	14
5858	14
5858	18
5859	14
5860	0
5860	7
5860	8
5860	14
5861	14
5862	14
5863	14
5864	8
5864	14
5865	14
5865	20
5866	14
5866	20
5867	14
5868	14
5869	8
5869	14
5870	14
5871	14
5872	14
5873	14
5874	14
5875	14
5876	14
5877	14
5878	14
5879	14
5880	14
5881	14
5882	14
5883	14
5884	14
5885	13
5885	14
5886	13
5886	14
5887	13
5887	14
5888	13
5888	14
5889	13
5889	14
5890	14
5891	14
5892	13
5892	14
5893	14
5894	14
5895	13
5895	14
5896	14
5897	14
5898	14
5899	14
5900	14
5901	14
5902	14
5903	14
5904	14
5905	14
5906	14
5907	14
5908	14
5909	14
5910	7
5910	14
5911	14
5912	14
5913	14
5914	14
5915	14
5916	14
5917	14
5918	14
5919	14
5920	14
5921	14
5922	14
5923	14
5924	14
5925	14
5926	14
5927	14
5928	14
5929	14
5930	14
5931	14
5932	14
5933	14
5934	14
5935	14
5936	14
5937	14
5938	14
5939	14
5940	14
5941	14
5942	14
5943	14
5944	14
5945	13
5945	14
5946	14
5947	14
5948	14
5949	13
5949	14
5950	14
5951	13
5951	14
5952	9
5952	13
5952	14
5953	14
5954	14
5955	13
5955	14
5956	14
5957	14
5958	14
5959	14
5960	14
5961	14
5962	14
5963	8
5963	14
5964	14
5965	8
5965	14
5966	8
5966	14
5967	14
5968	8
5968	14
5969	14
5970	14
5971	14
5972	14
5973	14
5974	14
5975	14
5976	14
5977	14
5978	14
5979	7
5979	14
5980	7
5980	14
5981	14
5982	14
5983	14
5984	12
5984	14
5985	14
5985	20
5986	14
5987	14
5988	14
5989	14
5990	14
5991	14
5992	12
5992	14
5993	14
5994	14
5995	14
5996	8
5996	14
5997	7
5997	14
5998	14
5999	14
6000	14
6001	14
6002	14
6003	14
6004	14
6005	14
6006	14
6007	14
6008	14
6009	14
6010	13
6010	14
6011	14
6012	14
6013	14
6014	14
6015	14
6016	14
6017	14
6018	14
6019	14
6020	14
6021	14
6022	7
6022	14
6023	14
6024	14
6025	14
6026	14
6027	14
6028	14
6029	14
6030	14
6031	14
6032	14
6033	14
6034	14
6035	14
6036	14
6037	14
6038	14
6039	14
6040	14
6041	14
6042	8
6042	14
6043	14
6044	14
6045	14
6046	14
6047	14
6048	14
6049	14
6050	14
6051	14
6052	14
6053	14
6054	14
6055	14
6055	20
6056	14
6057	14
6058	14
6059	14
6060	14
6061	14
6062	14
6063	14
6064	13
6064	14
6065	13
6065	14
6066	14
6067	14
6068	14
6069	14
6070	14
6071	14
6072	14
6073	14
6074	14
6075	14
6076	14
6077	14
6078	14
6079	14
6080	14
6081	14
6082	14
6083	14
6084	14
6085	14
6086	14
6087	14
6088	14
6089	14
6090	14
6091	13
6091	14
6092	14
6093	14
6094	14
6095	14
6096	14
6097	14
6098	14
6099	7
6099	14
6100	14
6101	14
6102	14
6103	14
6104	14
6105	14
6106	14
6107	14
6108	14
6109	14
6110	14
6111	14
6112	14
6113	14
6114	14
6115	14
6116	8
6116	14
6117	14
6118	8
6118	14
6119	14
6120	14
6121	14
6122	8
6122	14
6123	14
6124	14
6125	8
6125	14
6126	14
6127	14
6128	8
6128	14
6129	14
6130	14
6131	14
6132	14
6133	14
6134	14
6135	14
6136	14
6137	14
6138	8
6138	14
6139	14
6140	14
6141	14
6142	14
6143	8
6143	14
6144	14
6145	14
6146	14
6147	14
6148	13
6148	14
6149	14
6149	17
6150	14
6151	14
6152	14
6153	14
6154	14
6155	14
6156	14
6157	14
6158	14
6159	14
6160	14
6161	14
6162	14
6163	14
6164	14
6165	14
6165	19
6166	14
6167	14
6168	14
6169	14
6170	14
6171	14
6172	14
6173	14
6174	14
6175	14
6176	14
6177	13
6177	14
6178	14
6179	14
6180	14
6181	14
6181	16
6182	14
6183	14
6184	14
6185	14
6186	14
6187	14
6188	12
6188	14
6189	14
6190	14
6191	12
6191	14
6192	14
6193	14
6194	14
6195	0
6195	14
6196	14
6197	14
6198	14
6199	14
6200	14
6201	14
6202	14
6203	8
6203	14
6204	14
6205	14
6206	14
6207	14
6208	14
6209	14
6210	14
6211	14
6212	14
6213	14
6214	14
6215	14
6216	7
6216	14
6217	14
6218	8
6218	14
6219	14
6220	14
6221	14
6221	19
6222	14
6223	14
6224	14
6224	19
6225	14
6225	17
6226	8
6226	14
6227	14
6228	14
6229	14
6230	14
6231	14
6232	14
6233	14
6234	14
6235	14
6236	14
6237	8
6237	14
6238	14
6239	14
6240	14
6241	14
6242	14
6243	14
6244	14
6245	14
6246	0
6246	14
6247	14
6248	14
6249	14
6250	14
6251	14
6252	14
6253	14
6254	14
6255	14
6256	14
6257	14
6258	14
6259	8
6259	14
6260	14
6261	14
6262	14
6263	14
6264	14
6265	14
6266	14
6267	14
6268	14
6269	14
6270	14
6271	14
6272	14
6273	14
6274	14
6275	14
6276	14
6277	14
6278	14
6279	14
6280	14
6281	14
6282	6
6282	14
6283	6
6283	14
6284	14
6285	14
6286	14
6287	14
6288	14
6289	14
6290	14
6291	14
6292	14
6293	14
6294	14
6295	14
6296	14
6297	8
6297	14
6298	14
6299	14
6300	14
6301	14
6302	6
6302	14
6303	14
6303	16
6304	14
6305	14
6306	14
6307	14
6308	14
6309	14
6310	14
6311	8
6311	14
6312	14
6313	14
6314	8
6314	14
6315	14
6315	19
6316	14
6317	8
6317	14
6318	14
6319	14
6320	14
6321	14
6322	14
6323	8
6323	14
6324	14
6325	14
6326	14
6327	14
6328	14
6329	14
6330	0
6330	14
6331	14
6332	14
6333	14
6334	14
6335	0
6335	14
6336	14
6337	0
6337	14
6338	14
6339	14
6340	13
6340	14
6341	14
6342	14
6342	16
6343	14
6344	14
6345	14
6346	14
6347	14
6348	0
6348	14
6349	14
6350	14
6351	14
6352	14
6353	14
6354	8
6354	14
6355	14
6356	14
6357	14
6358	8
6358	14
6359	14
6360	14
6361	14
6362	8
6362	14
6363	8
6363	14
6364	8
6364	14
6365	14
6366	14
6367	12
6367	14
6368	12
6368	14
6369	14
6370	14
6371	14
6372	13
6372	14
6373	14
6374	14
6375	14
6376	14
6377	0
6377	8
6377	14
6378	14
6379	14
6380	14
6381	14
6382	0
6382	14
6382	16
6382	19
6383	14
6384	14
6385	0
6385	14
6386	14
6387	9
6387	13
6387	14
6388	14
6389	14
6390	14
6391	14
6392	14
6393	14
6393	19
6394	14
6395	14
6396	14
6397	14
6398	14
6399	14
6400	8
6400	14
6401	14
6402	14
6403	14
6404	14
6405	14
6406	14
6407	14
6408	14
6409	14
6410	14
6411	14
6412	14
6413	14
6414	14
6415	14
6416	8
6416	14
6417	14
6418	8
6418	14
6419	8
6419	14
6420	14
6421	8
6421	14
6422	14
6423	14
6424	14
6425	5
6425	14
6426	14
6427	14
6427	20
6428	14
6429	14
6430	14
6431	14
6432	14
6433	14
6434	14
6435	14
6436	14
6437	14
6438	14
6439	14
6440	14
6441	8
6441	14
6442	14
6443	14
6444	14
6445	8
6445	14
6446	14
6447	14
6448	8
6448	14
6449	14
6450	14
6451	14
6452	8
6452	14
6453	14
6454	14
6455	14
6456	13
6456	14
6456	16
6456	19
6457	14
6457	16
6457	20
6458	14
6459	14
6460	14
6461	14
6462	14
6463	14
6464	14
6465	14
6466	14
6467	14
6468	14
6469	8
6469	14
6470	14
6471	14
6472	14
6473	14
6474	14
6475	14
6476	14
6477	14
6478	14
6479	8
6479	14
6480	14
6481	14
6482	14
6483	14
6484	8
6484	14
6485	14
6486	14
6487	14
6488	14
6488	19
6489	0
6489	14
6489	19
6490	14
6491	14
6492	0
6492	14
6492	16
6492	18
6492	19
6493	14
6494	14
6495	14
6496	14
6497	14
6498	14
6499	14
6500	8
6500	14
6501	8
6501	14
6501	19
6502	14
6503	14
6504	14
6505	14
6506	14
6507	14
6508	14
6509	14
6510	14
6511	14
6512	14
6513	14
6514	14
6515	14
6516	14
6517	14
6518	14
6519	14
6520	14
6521	14
6522	14
6523	14
6524	14
6525	14
6526	14
6527	14
6528	14
6529	14
6530	14
6531	14
6532	14
6533	14
6534	8
6534	14
6535	14
6536	14
6537	14
6538	13
6538	14
6539	8
6539	13
6539	14
6540	9
6540	14
6541	8
6541	14
6542	14
6543	14
6544	8
6544	14
6545	7
6545	14
6546	8
6546	14
6547	14
6548	8
6548	14
6549	8
6549	14
6550	14
6551	14
6552	14
6553	14
6554	8
6554	14
6555	14
6556	14
6557	14
6558	14
6559	14
6560	14
6561	14
6562	14
6563	14
6564	14
6565	14
6566	14
6566	17
6567	8
6567	14
6568	14
6569	14
6570	14
6571	8
6571	14
6572	14
6573	14
6574	14
6575	14
6576	14
6577	14
6578	14
6579	14
6580	14
6581	14
6582	14
6583	14
6584	8
6584	9
6584	12
6584	14
6584	19
6585	14
6586	13
6586	14
6587	13
6587	14
6588	14
6589	14
6590	14
6591	14
6592	14
6593	14
6594	14
6595	14
6596	14
6597	14
6598	14
6599	14
6600	8
6600	14
6600	18
6601	14
6602	8
6602	14
6602	18
6603	8
6603	14
6604	7
6604	14
6605	14
6606	14
6607	14
6608	14
6609	14
6610	8
6610	14
6611	14
6612	14
6613	14
6613	16
6614	14
6615	14
6616	14
6617	14
6618	14
6619	14
6620	14
6621	14
6622	14
6623	14
6624	14
6625	14
6626	14
6627	14
6628	14
6629	14
6630	14
6631	14
6632	14
6633	14
6634	14
6635	14
6636	14
6637	14
6638	14
6639	14
6640	14
6641	14
6642	14
6643	14
6644	14
6645	14
6646	14
6646	16
6646	19
6647	14
6648	14
6649	14
6650	14
6651	14
6652	14
6652	18
6653	14
6654	14
6655	14
6656	14
6657	14
6658	14
6659	14
6660	14
6661	13
6661	14
6661	16
6661	19
6662	0
6662	14
6662	16
6662	19
6663	13
6663	14
6664	14
6665	14
6666	14
6667	14
6668	13
6668	14
6669	14
6670	14
6671	14
6671	19
6672	14
6673	14
6674	14
6675	14
6676	14
6677	14
6678	14
6679	14
6680	14
6681	14
6682	14
6683	14
6684	14
6685	14
6686	8
6686	14
6687	14
6688	14
6689	14
6690	14
6691	14
6692	14
6693	14
6694	14
6695	14
6696	14
6697	8
6697	14
6698	8
6698	14
6699	14
6700	14
6701	8
6701	14
6702	14
6703	8
6703	14
6704	14
6705	14
6706	14
6707	14
6708	14
6709	14
6710	14
6711	14
6712	14
6713	14
6713	17
6714	14
6715	14
6716	14
6716	19
6717	9
6717	14
6718	14
6719	14
6720	14
6721	14
6722	14
6723	14
6724	14
6725	14
6726	14
6727	14
6728	14
6729	14
6730	13
6730	14
6731	14
6732	14
6733	14
6734	14
6735	8
6735	14
6736	14
6737	14
6738	14
6739	14
6740	14
6741	14
6742	14
6743	14
6744	14
6745	14
6746	14
6747	14
6748	14
6749	13
6749	14
6750	8
6750	14
6751	14
6752	14
6753	8
6753	14
6754	8
6754	14
6755	14
6756	14
6757	14
6758	14
6759	14
6760	14
6761	14
6762	14
6763	14
6764	14
6765	14
6766	14
6767	14
6767	16
6768	14
6769	14
6770	14
6771	14
6772	14
6772	20
6773	14
6774	14
6775	8
6775	14
6776	14
6777	14
6778	14
6779	14
6780	14
6781	14
6782	14
6783	14
6784	14
6785	14
6786	14
6787	8
6787	14
6788	14
6789	14
6790	14
6791	14
6792	14
6793	14
6794	14
6795	14
6796	14
6797	14
6798	14
6799	14
6800	8
6800	13
6800	14
6801	14
6802	14
6803	14
6804	14
6805	14
6806	14
6807	14
6808	14
6809	14
6810	14
6811	14
6812	14
6813	14
6814	14
6815	14
6816	14
6817	14
6818	14
6819	14
6820	7
6820	14
6821	14
6822	14
6823	14
6824	14
6825	14
6826	14
6827	14
6828	14
6829	14
6830	14
6831	14
6832	14
6833	14
6834	14
6835	14
6836	7
6836	14
6837	14
6838	14
6839	14
6840	14
6841	14
6842	14
6843	14
6844	14
6845	14
6845	18
6846	14
6847	14
6848	8
6848	14
6849	14
6850	14
6851	14
6852	14
6852	20
6853	14
6854	14
6855	14
6856	14
6857	14
6858	14
6859	14
6860	14
6861	14
6862	14
6863	14
6864	14
6865	14
6866	14
6867	14
6867	16
6867	19
6868	14
6869	14
6869	18
6870	14
6871	14
6872	14
6873	14
6874	14
6875	14
6876	14
6877	14
6878	14
6879	7
6879	13
6880	0
6880	7
6880	8
6880	17
6881	0
6881	7
6882	7
6883	0
6883	7
6884	0
6884	7
6885	0
6885	7
6886	0
6886	7
6886	13
6887	0
6887	7
6888	0
6888	7
6889	0
6889	7
6890	7
6891	0
6891	7
6892	7
6893	0
6893	7
6893	13
6894	0
6894	7
6894	13
6895	0
6895	7
6895	13
6896	0
6896	7
6897	0
6897	7
6898	7
6898	13
6899	14
6900	8
6900	14
6901	13
6901	14
6902	18
6903	12
6903	18
6904	18
6905	18
6906	18
6907	18
6908	18
6909	18
6910	18
6911	18
6912	18
6913	18
6914	18
6915	18
6916	9
6916	18
6917	18
6918	18
6919	18
6920	18
6921	18
6922	12
6922	16
6922	18
6923	18
6924	12
6924	18
6925	18
6926	18
6927	18
6928	9
6928	18
6929	18
6930	18
6931	18
6932	8
6932	18
6933	18
6934	13
6934	18
6935	14
6935	20
6936	0
6936	7
6936	14
6936	16
6936	17
6937	14
6937	19
6938	14
6938	20
6939	19
6940	19
6941	19
6942	16
6942	19
6943	19
6944	19
6945	19
6946	19
6947	19
6948	0
6948	13
6948	19
6948	20
6949	19
6950	0
6950	19
6951	19
6952	8
6952	19
6953	19
6954	14
6955	12
6956	12
6957	12
6958	13
6959	18
6960	7
6960	8
6960	16
6961	14
6962	14
6963	8
6964	8
6964	13
6965	8
6966	8
6967	8
6968	8
6969	8
6970	8
6971	0
6972	19
6973	19
6974	19
6975	19
6976	19
6977	19
6978	19
6979	19
6980	3
6980	19
6981	18
6982	18
6983	18
6984	8
6984	18
6985	18
6986	18
6987	18
6988	18
6989	18
6990	18
6991	19
6992	14
6993	14
6994	14
6995	14
6996	14
6997	6
6998	6
6999	6
7000	6
7001	6
7002	6
7003	19
7004	18
7005	13
7006	12
7006	20
7007	18
7008	18
7009	18
7010	18
7011	8
7011	13
7012	13
7012	19
7013	13
7014	14
7015	0
7016	0
7017	0
7018	0
7019	0
7019	13
7020	0
7020	13
7021	7
7021	10
7021	17
7022	14
7023	14
7024	14
7025	14
7026	14
7027	14
7028	13
7028	14
7029	7
7029	14
7030	14
7031	14
7032	14
7033	14
7034	14
7035	14
7036	14
7036	16
7037	14
7038	14
7039	14
7040	14
7041	14
7042	14
7043	10
7043	14
7044	14
7045	14
7046	14
7047	14
7048	14
7049	14
7049	17
7050	14
7051	14
7052	14
7053	14
7054	14
7055	13
7055	14
7056	14
7057	13
7057	14
7058	14
7059	14
7060	14
7061	14
7062	14
7062	19
7063	14
7064	14
7065	14
7066	14
7067	0
7067	14
7067	16
7067	19
7068	5
7068	14
7069	14
7070	14
7071	14
7072	14
7073	14
7074	14
7075	14
7076	14
7077	14
7078	14
7079	14
7080	14
7081	14
7082	14
7083	14
7083	19
7084	14
7085	14
7086	14
7086	19
7087	14
7087	19
7088	14
7089	9
7089	14
7090	14
7091	14
7092	14
7093	14
7094	13
7094	14
7095	14
7096	14
7097	14
7098	14
7099	0
7099	5
7100	10
7100	19
7101	10
7101	20
7102	20
7103	0
7103	20
7104	20
7105	20
7106	20
7107	20
7108	20
7109	20
7110	20
7111	20
7112	20
7113	20
7114	20
7115	20
7116	20
7117	20
7118	20
7119	20
7120	20
7121	7
7122	6
7123	6
7124	6
7125	10
7126	0
7127	0
7127	17
7128	14
7129	14
7130	14
7131	14
7132	0
7132	14
7133	14
7134	14
7135	14
7136	19
7137	19
7138	19
7139	0
7139	19
7140	0
7141	0
7142	0
7143	7
7144	7
7145	7
7146	7
7147	7
7148	7
7149	0
7149	13
7150	0
7151	20
7152	8
7153	8
7154	8
7155	8
7155	19
7156	8
7156	14
7156	19
7157	8
7157	19
7158	8
7159	17
7160	17
7161	17
7162	17
7163	17
7164	17
7165	17
7166	17
7167	12
7167	17
7168	17
7169	17
7170	17
7171	17
7172	16
7172	17
7173	17
7174	17
7175	0
7176	0
7176	16
7176	19
7177	0
7178	0
7179	0
7179	16
7179	19
7180	0
7180	16
7180	19
7181	0
7182	0
7182	16
7182	19
7183	0
7183	16
7183	19
7184	0
7184	19
7185	0
7185	16
7186	0
7186	16
7186	19
7187	0
7187	16
7187	19
7188	0
7189	0
7189	16
7189	19
7190	0
7190	16
7190	19
7191	0
7191	16
7191	19
7192	0
7193	0
7193	16
7193	19
7194	0
7194	16
7194	19
7195	0
7195	16
7195	19
7196	0
7196	16
7196	19
7197	0
7197	16
7197	19
7198	0
7198	20
7199	0
7199	8
7199	16
7199	19
7200	0
7200	16
7200	19
7201	0
7201	19
7202	0
7203	0
7203	16
7203	19
7204	0
7204	16
7204	19
7205	0
7205	16
7205	19
7206	0
7207	0
7208	0
7208	19
7209	0
7209	19
7210	0
7211	0
7211	13
7211	16
7211	19
7212	0
7212	16
7213	0
7213	19
7214	0
7214	16
7214	19
7215	0
7215	16
7215	19
7216	0
7216	16
7216	19
7217	0
7217	19
7218	0
7218	16
7218	19
7219	0
7219	16
7220	0
7220	7
7220	16
7220	17
7220	19
7221	0
7221	16
7221	19
7222	0
7222	16
7222	19
7223	0
7223	16
7223	19
7224	0
7225	0
7226	0
7226	16
7226	19
7227	0
7227	13
7227	16
7227	19
7228	0
7228	16
7229	0
7229	16
7229	19
7230	0
7230	19
7231	0
7231	16
7231	19
7232	0
7232	16
7232	19
7233	0
7233	19
7234	0
7235	0
7235	16
7235	19
7236	0
7237	0
7237	16
7237	19
7238	0
7238	16
7239	0
7239	2
7239	19
7240	0
7240	16
7240	19
7241	0
7241	16
7241	19
7242	0
7242	16
7242	19
7243	0
7243	16
7243	19
7244	0
7244	16
7244	19
7245	0
7246	0
7246	16
7246	19
7247	0
7247	16
7247	19
7248	0
7248	16
7248	19
7249	0
7249	16
7249	19
7250	0
7250	16
7250	19
7251	0
7251	16
7251	19
7252	0
7252	16
7252	19
7253	0
7254	0
7254	16
7254	19
7255	0
7256	0
7256	16
7256	19
7257	0
7257	16
7257	19
7258	0
7258	16
7258	19
7259	0
7259	16
7259	19
7260	0
7260	16
7261	0
7262	20
7263	20
7264	20
7265	20
7266	12
7266	20
7267	20
7268	20
7269	20
7270	13
7271	12
7272	13
7273	13
7274	13
7275	13
7276	13
7277	13
7277	16
7278	13
7279	13
7280	13
7281	13
7282	13
7283	7
7283	13
7284	13
7285	13
7286	13
7287	13
7288	13
7289	13
7290	13
7291	13
7292	14
7293	14
7294	3
7295	0
7296	7
7297	7
7298	7
7299	7
7300	7
7301	7
7302	7
7303	0
7304	0
7305	0
7306	3
7307	3
7308	3
7308	12
7309	3
7309	12
7310	3
7311	13
7312	3
7313	3
7314	3
7315	3
7316	3
7317	3
7318	3
7319	3
7320	3
7321	3
7322	3
7323	3
7324	3
7325	3
7326	3
7327	3
7328	3
7329	3
7330	3
7331	3
7332	3
7333	6
7334	6
7335	6
7336	6
7337	3
7338	3
7339	3
7340	3
7341	3
7342	3
7342	7
7342	17
7343	19
7344	19
7345	19
7346	19
7347	19
7348	19
7349	19
7350	7
7350	17
7350	19
7351	19
7352	0
7353	0
7354	0
7355	0
7356	0
7357	0
7358	0
7359	0
7360	0
7361	0
7362	0
7362	14
7363	0
7364	0
7365	0
7366	0
7367	0
7368	0
7369	5
7370	5
7371	0
7372	0
7373	7
7374	7
7375	7
7376	7
7376	17
7377	7
7377	17
7378	6
7379	6
7380	6
7381	6
7382	6
7383	6
7384	6
7385	6
7386	6
7387	6
7388	6
7389	6
7390	6
7391	6
7392	6
7393	6
7394	6
7395	6
7396	6
7397	6
7398	6
7399	6
7400	6
7401	6
7402	6
7403	6
7404	6
7405	6
7406	5
7406	16
7407	5
7407	13
7408	5
7408	13
7409	14
7410	14
7411	14
7412	14
7413	14
7414	0
7415	13
7416	0
7417	0
7418	0
7419	0
7420	3
7421	3
7421	13
7422	6
7423	0
7423	8
7424	20
7425	20
7426	12
7426	20
7427	20
7428	20
7429	20
7430	20
7431	20
7432	20
7433	20
7434	20
7435	20
7436	20
7437	20
7438	20
7439	20
7440	20
7441	20
7442	20
7443	12
7443	13
7444	12
7445	7
7446	19
7447	19
7448	19
7449	19
7450	19
7451	19
7452	7
7453	7
7454	7
7455	7
7456	7
7457	7
7458	7
7459	7
7460	7
7461	7
7462	7
7463	7
7464	7
7465	7
7466	7
7467	7
7468	1
7469	20
7470	0
7471	0
7472	0
7473	0
7473	12
7474	0
7475	0
7476	0
7477	0
7478	0
7479	0
7480	0
7481	0
7482	0
7483	0
7484	0
7485	0
7486	0
7487	0
7488	0
7489	0
7490	0
7491	0
7492	0
7493	0
7493	5
7493	19
7494	0
7495	0
7496	0
7497	0
7498	0
7499	0
7500	5
7501	5
7501	12
7502	5
7503	5
7504	5
7505	5
7506	5
7507	5
7508	5
7509	5
7510	5
7511	8
7512	8
7513	8
7514	8
7515	8
7516	8
7517	8
7518	8
7519	8
7520	8
7521	8
7522	8
7523	8
7524	8
7525	8
7526	8
7527	8
7528	8
7529	8
7530	8
7531	8
7532	8
7533	8
7534	8
7535	8
7535	19
7536	8
7537	8
7538	8
7538	16
7539	8
7540	8
7541	8
7542	8
7543	8
7544	8
7545	8
7546	8
7547	8
7548	8
7549	8
7550	8
7551	8
7552	8
7553	7
7553	8
7554	8
7555	8
7556	8
7557	8
7558	8
7559	8
7560	8
7561	8
7562	8
7563	8
7564	8
7565	8
7566	8
7567	8
7568	8
7569	8
7570	8
7571	8
7572	8
7573	8
7574	8
7575	8
7576	8
7577	8
7578	8
7579	8
7580	8
7580	16
7581	8
7582	8
7583	8
7584	8
7585	8
7586	8
7587	8
7588	8
7589	8
7590	8
7591	8
7592	8
7593	8
7594	8
7595	8
7596	8
7597	8
7598	8
7599	8
7600	8
7601	8
7602	8
7603	8
7604	8
7605	8
7606	8
7606	16
7606	19
7607	8
7608	8
7609	8
7610	8
7611	8
7612	8
7613	8
7614	7
7614	8
7615	8
7616	8
7617	8
7618	8
7619	8
7620	8
7621	8
7622	8
7623	8
7624	8
7625	8
7626	8
7627	8
7628	8
7629	8
7630	8
7631	8
7632	8
7633	8
7634	8
7635	8
7636	8
7637	8
7638	8
7639	8
7640	8
7641	8
7642	8
7643	8
7644	8
7645	8
7646	8
7647	8
7648	8
7649	8
7650	8
7651	8
7652	8
7653	8
7654	8
7655	8
7656	8
7657	8
7658	8
7659	8
7660	8
7661	8
7662	8
7663	8
7664	8
7665	8
7666	8
7667	8
7668	8
7669	8
7670	8
7671	8
7672	8
7673	8
7674	8
7675	8
7676	8
7677	8
7678	8
7679	8
7680	8
7681	8
7682	8
7683	8
7684	8
7685	8
7686	8
7687	8
7687	13
7688	8
7689	16
7689	19
7690	19
7691	0
7692	0
7692	19
7693	16
7694	16
7695	12
7696	13
7697	13
7698	13
7699	8
7699	19
7700	8
7701	8
7702	8
7703	8
7704	2
7705	2
7706	2
7707	2
7708	0
7708	2
7708	14
7709	19
7710	19
7711	19
7712	19
7713	19
7714	19
7715	19
7716	19
7717	19
7718	19
7719	19
7720	19
7721	19
7722	19
7723	19
7724	19
7725	19
7726	19
7727	19
7728	19
7729	19
7730	19
7731	19
7732	19
7733	19
7734	19
7735	19
7736	19
7737	3
7738	3
7739	3
7740	10
7741	10
7742	2
7743	19
7744	19
7745	19
7745	20
7746	0
7747	0
7748	0
7749	0
7750	0
7751	8
7752	8
7753	8
7754	8
7755	8
7756	18
7757	12
7757	16
7758	16
7758	19
7759	16
7759	19
7760	16
7761	16
7762	16
7763	16
7763	19
7764	16
7764	19
7765	16
7765	19
7766	16
7766	19
7767	16
7767	19
7768	16
7768	19
7769	16
7769	19
7770	16
7770	19
7771	16
7772	16
7772	19
7773	16
7774	16
7775	16
7775	19
7776	16
7777	16
7778	16
7779	16
7779	19
7780	16
7780	19
7781	16
7781	19
7782	16
7783	13
7783	16
7783	19
7784	16
7784	19
7785	16
7785	19
7786	16
7786	19
7787	16
7788	16
7789	16
7790	16
7791	16
7791	19
7792	16
7792	19
7793	16
7794	16
7795	16
7796	16
7797	16
7798	16
7799	16
7800	16
7801	16
7801	19
7802	16
7803	16
7804	16
7804	19
7805	16
7805	19
7806	16
7807	16
7808	16
7808	19
7809	16
7809	19
7810	16
7810	19
7811	13
7811	16
7811	19
7812	16
7813	16
7814	16
7815	16
7816	16
7817	16
7818	16
7818	19
7819	16
7819	19
7820	16
7820	19
7821	16
7822	16
7822	19
7823	16
7824	16
7824	19
7825	16
7826	16
7827	16
7828	16
7828	19
7829	14
7829	16
7830	16
7831	16
7832	13
7832	16
7833	13
7833	16
7834	16
7834	19
7835	16
7835	19
7836	13
7836	16
7836	19
7837	16
7838	16
7839	16
7840	16
7841	16
7842	16
7842	19
7843	16
7843	19
7844	16
7845	16
7846	16
7847	1
7848	1
7849	19
7850	16
7851	12
7851	16
7852	16
7853	18
7854	18
7855	18
7856	13
7856	18
7857	18
7858	20
7859	13
7860	13
7861	13
7862	13
7863	13
7864	13
7865	13
7866	13
7867	13
7868	9
7869	9
7870	0
7871	0
7872	0
7873	0
7874	0
7874	19
7875	0
7876	14
7877	14
7878	7
7879	14
7880	14
7881	14
7882	7
7882	14
7883	14
7884	14
7885	14
7886	14
7887	14
7888	14
7889	14
7890	14
7890	16
7891	14
7892	14
7893	14
7894	14
7895	14
7896	14
7897	18
7898	18
7899	18
7900	18
7901	18
7902	18
7903	18
7904	18
7905	18
7906	18
7907	18
7908	18
7909	18
7910	18
7911	19
7912	19
7913	19
7914	19
7915	19
7916	19
7917	19
7918	19
7919	19
7920	19
7921	19
7922	19
7923	19
7924	19
7925	19
7926	19
7927	19
7928	19
7929	19
7930	19
7931	19
7932	19
7933	19
7934	19
7935	19
7936	19
7937	19
7938	19
7939	19
7940	19
7941	19
7942	19
7943	19
7944	19
7945	19
7946	19
7947	19
7948	7
7948	13
7949	13
7950	7
7951	7
7952	7
7953	9
7954	9
7955	9
7956	12
7957	12
7958	12
7959	12
7960	12
7961	12
7962	12
7963	12
7964	12
7965	12
7966	12
7967	12
7968	12
7969	12
7970	12
7971	12
7972	12
7973	12
7974	12
7975	12
7976	12
7977	12
7978	12
7979	12
7980	12
7981	12
7982	12
7983	12
7984	12
7985	12
7986	12
7987	12
7988	12
7989	12
7989	13
7990	12
7991	12
7992	12
7993	12
7994	12
7994	13
7995	12
7996	12
7997	12
7997	13
7998	12
7999	12
8000	12
8001	12
8002	12
8003	12
8004	12
8005	12
8006	12
8007	12
8008	12
8009	12
8010	16
8011	16
8012	13
8013	0
8014	0
8015	0
8016	0
8017	0
8018	0
8019	0
8020	0
8021	0
8022	0
8023	0
8024	0
8025	0
8026	0
8027	7
8028	7
8029	7
8030	7
8031	7
8032	7
8033	7
8034	7
8035	7
8036	7
8037	7
8038	7
8039	7
8040	7
8041	7
8042	7
8043	7
8044	7
8045	7
8046	7
8047	7
8048	7
8049	7
8050	7
8051	7
8052	7
8053	7
8054	7
8055	7
8056	7
8057	7
8058	7
8059	7
8060	7
8061	7
8062	7
8063	7
8064	7
8065	7
8065	13
8066	7
8067	18
8068	20
8069	2
8070	2
8071	2
8072	19
8073	16
8074	16
8075	16
8076	16
8077	16
8078	16
8079	13
8080	13
8081	0
8082	14
8083	19
8084	19
8085	19
8086	19
8087	19
8088	19
8089	19
8090	19
8091	19
8092	19
8093	19
8094	19
8095	19
8096	19
8097	19
8098	19
8099	19
8100	19
8101	19
8102	19
8103	19
8104	0
8104	13
8105	16
8106	16
8107	16
8108	0
8109	0
8110	14
8111	14
8112	14
8113	14
8114	14
8115	14
8116	14
8117	14
8118	14
8119	1
8120	5
8121	13
8122	13
8123	13
8124	13
8125	13
8126	13
8127	13
8128	13
8129	13
8130	13
8131	13
8132	13
8133	13
8134	13
8135	13
8136	13
8137	13
8138	13
8139	13
8140	13
8141	13
8142	13
8143	13
8144	13
8145	13
8146	13
8147	13
8148	13
8149	13
8150	13
8151	13
8152	13
8153	13
8154	13
8155	13
8156	13
8157	13
8158	13
8159	13
8160	13
8161	13
8162	13
8163	13
8164	13
8165	13
8166	13
8167	13
8168	13
8169	13
8170	13
8171	13
8172	13
8173	13
8174	13
8175	13
8176	13
8177	13
8178	13
8179	13
8180	13
8181	13
8182	13
8183	13
8184	13
8185	13
8186	13
8187	13
8188	13
8189	13
8190	13
8191	13
8192	13
8193	13
8194	13
8195	13
8196	13
8197	13
8198	13
8199	13
8200	13
8201	13
8202	13
8203	13
8204	13
8205	13
8206	13
8207	13
8208	13
8209	13
8210	13
8211	13
8212	13
8213	13
8214	13
8215	13
8216	13
8217	13
8218	13
8219	13
8220	13
8221	13
8222	13
8223	13
8224	13
8225	13
8226	13
8227	13
8228	13
8229	13
8230	13
8231	13
8232	13
8233	13
8234	13
8235	13
8236	13
8237	13
8238	13
8239	13
8240	13
8241	13
8242	13
8243	13
8244	13
8245	13
8246	13
8247	13
8248	13
8249	13
8250	13
8251	13
8252	13
8253	13
8253	18
8254	13
8255	13
8255	18
8256	13
8257	13
8258	13
8259	13
8260	13
8261	13
8262	13
8263	13
8264	13
8265	13
8266	13
8267	13
8268	13
8269	9
8270	9
8271	16
8272	9
8273	9
8274	9
8275	9
8276	18
8277	18
8278	7
8279	7
8280	12
8281	13
8282	18
8283	18
8284	18
8285	18
8286	13
8287	13
8288	17
