type	phastCons
high	0.11273845572490239
high	0.11241919644457186
high	0.1316933715883175
high	0.10943069384188021
high	0.17458471814267895
high	0.20266345398729202
high	0.11876151029582364
high	0.16683851237040356
high	0.19144750288706433
high	0.13161273334028573
high	0.2346881343752807
high	0.2070905170090032
high	0.11422258763871536
high	0.15590423579503743
high	0.10962812929323766
high	0.08272185192576333
high	0.10534936797752809
high	0.1279435651393114
high	0.1090496445834518
high	0.17580152563699278
high	0.13129748757131895
high	0.1753019858983863
high	0.0896813575791227
high	0.12073252690235328
high	0.14486876103590346
high	0.10306972015267428
high	0.16334619728397104
high	0.08776522859408033
high	0.10814615604458418
high	0.13342244218264596
high	0.13558136348064403
high	0.14389268766548607
high	0.13536502945626355
high	0.11101646912535054
high	0.09833430527185692
high	0.13272722413134785
high	0.1239293437468303
high	0.14972034383113547
high	0.1780115392137688
high	0.1986123355439494
high	0.16852861787980886
high	0.12562212320680566
high	0.14574686136445977
high	0.09333415534248465
high	0.2229753774388626
high	0.15890014002141503
high	0.14669653667054716
high	0.18798141738695887
high	0.13298370887063463
high	0.10938650579457056
high	0.11751397832877027
high	0.10404237578732697
high	0.11150297831784609
high	0.08891335552126135
high	0.12494034708932396
high	0.12827100943232267
high	0.08305556765231023
high	0.04817537403140199
high	0.09236415392524609
high	0.09222080301615544
high	0.10029681063336766
high	0.09863949800404657
high	0.11834604709418838
high	0.16341584664101602
high	0.17103973244742382
high	0.15042300771387518
high	0.16816616551868813
high	0.1746085273557109
high	0.09744013189902158
high	0.12347102431707384
high	0.1437467563671312
high	0.09703115017324433
high	0.12621589267285865
high	0.10119989195971145
high	0.12135930061162599
high	0.10676679677970234
high	0.08630075583102773
high	0.09903949059300866
high	0.13248166266885494
high	0.1427537961129092
high	0.11598812395620708
high	0.10718133533956162
high	0.1405103803651744
high	0.07898256057378988
high	0.17961847880549153
high	0.13600678565165192
high	0.09437528346728107
high	0.11257726854184402
high	0.15001229323646842
high	0.17476060957561698
high	0.1433458730527784
high	0.15107432869870827
high	0.18553410782568083
high	0.08358985476660974
high	0.1505314155706539
high	0.16492051025340052
high	0.15341241456048324
high	0.11103748050352118
high	0.13500852941176472
high	0.12740366505101672
high	0.1430036850921273
high	0.14143700074555332
high	0.20383968376706482
high	0.16628814307281384
high	0.1691735703400205
high	0.15707188054364374
high	0.1642461131706757
high	0.14408594359287044
high	0.12008086332340445
high	0.1744521694097846
high	0.16939159460947067
high	0.07254206356781523
high	0.1437044955286873
high	0.09890632359237851
high	0.07873965563869106
high	0.11737631918927537
high	0.12194589742484957
high	0.0894074005129478
high	0.15668016194331985
high	0.1741413440841846
high	0.11524048226796282
high	0.11395542451102482
high	0.13805685354904407
high	0.08914802217962195
high	0.1170549945804096
high	0.12246051333560524
high	0.1362344096900205
high	0.08670603201185147
high	0.0972345532164505
high	0.12404839716902581
high	0.06647038374630641
high	0.10588583010871568
high	0.1258572194903889
high	0.12271453399712952
high	0.11907515247205967
high	0.11306848053703236
high	0.19595992726070424
high	0.10007931806213796
high	0.0850829953356317
high	0.09045116284073061
high	0.1055446243814665
high	0.11696955085525791
high	0.12281387458706586
high	0.06408271612924092
high	0.13175900769470872
high	0.12441177503681389
high	0.12054938357326914
high	0.15159604332129967
high	0.18509180627308788
high	0.12206994300613984
high	0.15113973074879822
high	0.13273793122489266
high	0.15579594790159187
high	0.12711771322906232
high	0.08278834423690781
high	0.10678692650928646
high	0.17899773081444623
high	0.16307143189809747
high	0.10995256675150084
high	0.13542455502325418
high	0.1379854263012231
high	0.18656182083413575
high	0.1120792514964151
high	0.16435431489279315
high	0.1282965052901571
high	0.16860628039790537
high	0.1527336393442623
high	0.13553141065263602
high	0.1625891755679254
high	0.13860815785851913
high	0.12100142560042934
high	0.1582442207660609
high	0.1266616362631288
high	0.11585298678047921
high	0.10400602853134419
high	0.09348471212832424
high	0.1439079777147309
high	0.08949702952198155
high	0.12143598548170906
high	0.1482638376383764
high	0.1760729300729301
high	0.1915375456421654
high	0.05899458384462405
high	0.08955783264412552
high	0.08631659963002562
high	0.12101276010993328
high	0.15248574216075583
high	0.09687283055211589
high	0.09060622780314562
high	0.08910556034217489
high	0.08363020730503454
high	0.09888307330747231
high	0.10525753985351144
high	0.10852532578926775
high	0.16894372206420155
high	0.10273739340629826
high	0.08581515340397533
high	0.11398746569516444
high	0.13315819346468827
high	0.13540849355262138
high	0.10475253520724429
high	0.11288775342285413
high	0.1174666907698282
moderate	0.1032135315705279
moderate	0.09761780978123152
moderate	0.09791375145960299
moderate	0.11797111371087711
moderate	0.197957831578064
moderate	0.1357257728818722
moderate	0.11116282645116782
moderate	0.15373422928264954
moderate	0.12792371938654556
moderate	0.12545625928232645
moderate	0.1438961178456345
moderate	0.10158801566675207
moderate	0.11273434239142373
moderate	0.1067386343900712
moderate	0.12110820528639454
moderate	0.15706446352701814
moderate	0.1327636816741484
moderate	0.174820537883654
moderate	0.15687512376237622
moderate	0.12356859251717996
moderate	0.19132585453806694
moderate	0.15091279851695685
moderate	0.14269621990880715
moderate	0.14173635905052828
moderate	0.16444538331540942
moderate	0.15145531141582683
moderate	0.16744085364363068
moderate	0.1351793525034172
moderate	0.18135445293307773
moderate	0.15691311613537423
moderate	0.16479534522497244
moderate	0.12798791488477587
moderate	0.10626920537920369
moderate	0.10276152160300564
moderate	0.14336892121697128
moderate	0.1377191439785856
moderate	0.1670783126161096
moderate	0.1469728611640272
moderate	0.13274493759921532
moderate	0.12870571938324074
moderate	0.09391944140741477
moderate	0.1594522137236155
moderate	0.11759084646340628
moderate	0.08929835766423358
moderate	0.1286263685405609
moderate	0.16990037270860273
moderate	0.14845442090258654
moderate	0.1254089093701997
moderate	0.15377138514046432
moderate	0.13129707585254435
moderate	0.1428079724084863
moderate	0.11748015510176436
moderate	0.20208060816681145
moderate	0.20218593292087267
moderate	0.1403491445117136
moderate	0.14948108276904873
moderate	0.16271062837269
moderate	0.11274478688524589
moderate	0.12285991532014169
moderate	0.1872903926742201
moderate	0.15564156362574239
moderate	0.1693581153348184
moderate	0.1451482465886727
moderate	0.17574670172381604
moderate	0.16096668032407713
moderate	0.12355179894584065
moderate	0.23957321747226318
moderate	0.20244108343560402
moderate	0.13209296841404375
moderate	0.16722245698325638
moderate	0.12950410822849576
moderate	0.17980099693251533
moderate	0.10737414363335696
moderate	0.11571159264101706
moderate	0.16931937082968831
moderate	0.1540642451885638
moderate	0.17837319134711807
moderate	0.1290840440945823
moderate	0.1355371143156368
moderate	0.12512828063649514
moderate	0.12840566286147986
moderate	0.11615966012209204
moderate	0.1342626830875272
moderate	0.1514838021140663
moderate	0.12246984429406742
moderate	0.1542867438867439
moderate	0.11126329714597843
moderate	0.11856719883424874
moderate	0.10384374786936659
moderate	0.08273582336131452
moderate	0.1099633233388142
moderate	0.1289001421215722
moderate	0.1498222282120395
moderate	0.11603642435239159
moderate	0.14517909647916258
moderate	0.13954225145207586
moderate	0.220480271270037
moderate	0.13361350286935975
moderate	0.15731204258150364
moderate	0.14024834960320245
moderate	0.2166303035660168
moderate	0.0638493135853796
moderate	0.0751889930681536
moderate	0.0990674802230153
moderate	0.1033713623651618
moderate	0.11007894628500177
moderate	0.13081772209223336
moderate	0.15346778644101375
moderate	0.11246196220448344
moderate	0.12839469513575644
moderate	0.08687579444876632
moderate	0.09419558095645052
moderate	0.07501715592832635
moderate	0.22933784551720118
moderate	0.14994459842774938
moderate	0.1027651683633516
moderate	0.1400858805321587
moderate	0.12319357331997423
moderate	0.09148534141051529
moderate	0.06519758194735992
moderate	0.156119202482007
moderate	0.10820439591013423
moderate	0.0913369948257783
moderate	0.09242395389626659
moderate	0.10580807260742069
moderate	0.09788094177537383
moderate	0.2005444711882862
moderate	0.149519611070872
moderate	0.11837143902048777
moderate	0.14469603593617827
moderate	0.1428825220448046
moderate	0.1219920360544786
moderate	0.1314877456020639
moderate	0.12258366557321894
moderate	0.18309440751099806
moderate	0.1758733524175029
moderate	0.12375654467969965
moderate	0.1249655581350941
moderate	0.16542557115908615
moderate	0.1500615675313939
moderate	0.1668953474566209
moderate	0.14765415229583423
moderate	0.16107839841561453
moderate	0.12042546936855719
moderate	0.18852994291645042
moderate	0.12744253193701724
moderate	0.12904009804132355
moderate	0.12699071322436847
moderate	0.13643050611482907
moderate	0.12326912958090933
moderate	0.11829556102769727
moderate	0.11600029124269619
moderate	0.09651032736641052
moderate	0.12581452701590332
moderate	0.11549061881471546
moderate	0.1048534784107134
moderate	0.13184681593265968
moderate	0.1421852283388312
moderate	0.13425142642047708
moderate	0.18920837454139416
moderate	0.1428829796524321
moderate	0.1394357822191592
moderate	0.18431940094846094
moderate	0.13286743688427016
moderate	0.13484832968869448
moderate	0.1253523984913144
moderate	0.15944108765178833
moderate	0.12653597608381772
moderate	0.12504192894588115
moderate	0.15677545196370435
moderate	0.11225031581421309
moderate	0.1937936271265947
moderate	0.08492643839775034
moderate	0.19348568036800712
moderate	0.133707147750628
moderate	0.09074377896001373
moderate	0.10572035529499021
moderate	0.11325749130223334
moderate	0.1509060224477495
moderate	0.12075034570340061
moderate	0.10093480078744273
moderate	0.10036022518623969
moderate	0.08819296944103631
moderate	0.09119852230878536
moderate	0.10495888216980004
moderate	0.12389285384117592
moderate	0.1014085099302688
moderate	0.10937175839876591
moderate	0.13273868683701728
moderate	0.1689544884496727
moderate	0.15683155574395932
moderate	0.2536157964655207
moderate	0.12403491884321534
moderate	0.14693589254577158
moderate	0.14449181780341322
moderate	0.1407834914950761
moderate	0.1437863166886697
moderate	0.09536649254976451
moderate	0.09868988155414936
moderate	0.16433359374999998
moderate	0.131500079614665
moderate	0.12761460596328833
moderate	0.17158153935985493
moderate	0.11615152129817444
moderate	0.1362725931521239
moderate	0.11436499766806582
moderate	0.07199885471544885
moderate	0.10878884180790961
moderate	0.1256391469970451
moderate	0.13421324046714508
moderate	0.11693168964420536
moderate	0.15602052016669146
moderate	0.11706731599654543
moderate	0.13011190147425972
moderate	0.118774930362117
moderate	0.09931542588148987
moderate	0.15428734391232607
moderate	0.18718677302734987
moderate	0.18673550391317678
moderate	0.16348521484347217
moderate	0.15149991445094615
moderate	0.15709321383544372
moderate	0.1807418463284163
moderate	0.16976101570367141
moderate	0.182677470145096
moderate	0.19758481617884602
moderate	0.18967829118211582
moderate	0.17378441519429805
moderate	0.148083053092836
moderate	0.10705013870973443
moderate	0.173995434218932
moderate	0.1740047296183332
moderate	0.14199571721825943
moderate	0.1296277118804803
moderate	0.11848895076531843
moderate	0.15480096803534305
moderate	0.12292901113933945
moderate	0.1475682277604218
moderate	0.15533090244793568
moderate	0.1303708252052212
moderate	0.14058489008153574
moderate	0.1154436022791221
moderate	0.09795717884130983
moderate	0.14164418269487397
moderate	0.10388026437134952
moderate	0.15321924959830618
moderate	0.12157705944875821
moderate	0.11726103006510605
moderate	0.10177009723036638
moderate	0.09122442212035502
moderate	0.1099868229214727
moderate	0.1395891439197535
moderate	0.1317652464329473
moderate	0.1413194342035964
moderate	0.14298758815997178
moderate	0.1112850479129446
moderate	0.11845920322064082
moderate	0.131559335937206
moderate	0.11534830927695332
moderate	0.12220933499430145
moderate	0.11162790040456926
moderate	0.10865741230943174
moderate	0.12215700521472836
moderate	0.11749254927341932
moderate	0.12121512331386403
moderate	0.12885532604699354
moderate	0.12012376969391064
moderate	0.13412014561401042
moderate	0.10674087687660092
moderate	0.15859051551704267
moderate	0.16115447539922637
moderate	0.15412641967319202
moderate	0.1441913214770628
moderate	0.1315279133694294
moderate	0.17661452195984925
moderate	0.08826151427571105
moderate	0.11213381567955595
moderate	0.12852073327351735
moderate	0.19857146346626714
moderate	0.2189185724241884
moderate	0.1935919095434013
moderate	0.22825242776886037
moderate	0.10714940885622508
moderate	0.1617459446010947
moderate	0.13520057031225383
moderate	0.15548908731511143
moderate	0.15700761877636754
moderate	0.17785814658996593
moderate	0.19248515086366672
moderate	0.15307257948107247
moderate	0.13408761759800508
moderate	0.16050858361945394
moderate	0.16524109413911123
moderate	0.13067069339581705
moderate	0.1372218681506583
moderate	0.12934133455840127
moderate	0.15691901670841524
moderate	0.13159302133078635
moderate	0.0997668431221627
moderate	0.08287853008934092
moderate	0.09528953862493361
moderate	0.11042634125559174
moderate	0.10949564187913938
moderate	0.11615762488059783
moderate	0.10295929611835582
moderate	0.1294418631897836
moderate	0.06742199709729817
moderate	0.10983292066243203
moderate	0.12532852211177906
moderate	0.12823203754964496
moderate	0.14777824016125624
moderate	0.11776597011693374
moderate	0.16718936752801758
moderate	0.14298152750226759
moderate	0.10481045786401053
moderate	0.14534711949514825
moderate	0.15058997101958374
moderate	0.10140441034802865
moderate	0.1818671083727212
moderate	0.07777510390835109
moderate	0.09355211868901145
moderate	0.14122911459378593
moderate	0.16660942643186308
moderate	0.12485706614324862
moderate	0.13256198555218054
moderate	0.18088935234237735
moderate	0.11534712106861753
moderate	0.1409719977535802
moderate	0.12839492081609358
moderate	0.1208539332900605
moderate	0.17740449946395068
moderate	0.17097637961564077
moderate	0.11007962868185589
moderate	0.11807597697138869
moderate	0.1323601866883117
moderate	0.11732353577682032
moderate	0.14988187660297972
moderate	0.1632273643239662
moderate	0.12602288253262983
moderate	0.12488767493129
moderate	0.1446273265465936
moderate	0.09928933171324422
moderate	0.11798736634368075
moderate	0.07584865019419094
moderate	0.1121728045325779
moderate	0.11680613036525703
moderate	0.1985121435958044
moderate	0.13516989806278684
moderate	0.11394411856015424
moderate	0.1425845938168671
moderate	0.11611522045416872
moderate	0.13652420956163128
moderate	0.1064596641760407
moderate	0.12347989573150862
moderate	0.08513608603802574
moderate	0.1031269913851444
moderate	0.09758156516300522
moderate	0.14233289522323078
moderate	0.14034249482055738
moderate	0.19430564632074238
moderate	0.16521290663328184
moderate	0.0852211607601438
moderate	0.14721151661997425
moderate	0.12426652761403827
moderate	0.08079858898877529
moderate	0.10554740436252735
moderate	0.0874634143669409
moderate	0.11947243548237907
moderate	0.08675469562893921
moderate	0.12544729422776196
moderate	0.15278946992631523
moderate	0.15691245617984756
moderate	0.17057557182775035
moderate	0.1992856241387748
moderate	0.1743912756411218
moderate	0.17459586256562748
moderate	0.1260916015077412
moderate	0.14079049077947325
moderate	0.14429849939549105
moderate	0.13867719765501826
moderate	0.13669865846113768
moderate	0.10144364403770252
moderate	0.11386448605937088
moderate	0.16093050009215454
moderate	0.09988055916372857
moderate	0.1433394949346645
moderate	0.1727543193468768
moderate	0.10873026697177728
moderate	0.15339219371476026
moderate	0.11305904190903496
moderate	0.08563744504784071
moderate	0.06807739562873501
moderate	0.05369746498304239
moderate	0.06704852682448835
moderate	0.07000604303195501
moderate	0.07569164105598718
moderate	0.10261953843626807
moderate	0.09458261052981445
moderate	0.10155078309563392
moderate	0.14881049528102072
moderate	0.16894824109343493
moderate	0.21383068583387657
moderate	0.18178097575177804
moderate	0.1588972665363516
moderate	0.22832237793799398
moderate	0.19331603640595976
moderate	0.12517025017737607
moderate	0.11745076343717906
moderate	0.13840746638856788
moderate	0.15815506526460657
moderate	0.11462903422026798
moderate	0.10182849557259607
moderate	0.15215900462618687
moderate	0.08913305439330545
moderate	0.19885625188764725
moderate	0.15111208185522879
moderate	0.17610219872962288
moderate	0.12425935082408342
moderate	0.18898738757102454
moderate	0.1302703807084688
moderate	0.19331891737734477
moderate	0.13835299586914077
moderate	0.14152186625305307
moderate	0.14472852115782353
moderate	0.19297482825528345
moderate	0.19010407593903103
moderate	0.13458401301126438
moderate	0.22238737949167398
moderate	0.15710447280441614
moderate	0.12299379519685742
moderate	0.12502761194029852
moderate	0.121755201416556
moderate	0.13828091342514506
moderate	0.18773023650542026
moderate	0.10553924540251984
moderate	0.09619462114786541
moderate	0.10107944903581267
moderate	0.085405387784133
moderate	0.155989389284205
moderate	0.12346103691372504
moderate	0.15332581431597456
moderate	0.23631387432376197
moderate	0.15487236264497944
moderate	0.12777771258972942
moderate	0.17976985701226345
moderate	0.13977943485086342
moderate	0.15202246924559062
moderate	0.18437951146051357
moderate	0.16343478482952367
moderate	0.15780103562977948
moderate	0.13826456863082603
moderate	0.15192535486092512
moderate	0.11442368160991825
moderate	0.1421555862804218
moderate	0.11186557039391937
moderate	0.10471367421328963
moderate	0.059301326944342064
moderate	0.126158024047947
moderate	0.09945868197733071
moderate	0.11515421374400246
moderate	0.09455148172354975
moderate	0.12445489749074841
moderate	0.09268351782532976
moderate	0.12983392006333855
moderate	0.15371367438241587
moderate	0.1098792986586758
moderate	0.13416580361766334
moderate	0.14540153457145347
moderate	0.14106162620423893
moderate	0.09774598912442148
moderate	0.1724836759756934
moderate	0.08454944781875265
moderate	0.1341078194574522
moderate	0.09536991101159054
moderate	0.10203148106232082
moderate	0.10296970555870488
moderate	0.12715677288875088
moderate	0.0818545504536706
moderate	0.08388153145059864
moderate	0.09287885638924216
moderate	0.13151731287580343
moderate	0.10025691542288558
moderate	0.08342460565781239
moderate	0.10120578834706624
moderate	0.08323678382997696
moderate	0.11999786352360879
moderate	0.10374124742346744
moderate	0.13894743809757296
moderate	0.11714305581895187
moderate	0.1446131653283397
moderate	0.1662865859981335
moderate	0.11634324159951345
moderate	0.09808800616798109
moderate	0.08940091752005422
moderate	0.11539417296254618
moderate	0.11067157951193347
moderate	0.12260459834897057
moderate	0.09367637760809298
moderate	0.10470051713648347
moderate	0.13646992628915394
moderate	0.1450966243063081
moderate	0.18187305573047857
moderate	0.08450469806691005
moderate	0.11140083618778965
moderate	0.1320394901239594
moderate	0.11199970665125149
moderate	0.10098207841270328
moderate	0.12023479388023646
moderate	0.13151067511897818
moderate	0.1252000256937307
moderate	0.12937036573733834
moderate	0.16862183006378914
moderate	0.17971119896661059
moderate	0.16901878575231752
moderate	0.12260730808564518
moderate	0.12274316891916318
moderate	0.1277299800680033
moderate	0.1303716845383282
moderate	0.12990522497980644
moderate	0.14719886916546424
moderate	0.0942330519690597
moderate	0.13406252374620062
moderate	0.1281406314608069
moderate	0.16924841697699747
moderate	0.1440507193405397
moderate	0.14077649378893434
moderate	0.1201917415287628
moderate	0.11693801869028524
moderate	0.09173217406835665
moderate	0.11334807472359894
moderate	0.08551901973709722
moderate	0.07875920453489452
moderate	0.10353128617144414
moderate	0.08390171301206119
moderate	0.0960559862187769
moderate	0.08048872540146362
moderate	0.10879786678450908
moderate	0.1298243766666018
moderate	0.1773060521379627
moderate	0.17105585708838897
moderate	0.1380310295612531
moderate	0.1698493891521212
moderate	0.1276004755048053
moderate	0.11181123685261617
moderate	0.11613573889080263
moderate	0.14289086543708393
moderate	0.1660319090530461
moderate	0.17774264082516955
moderate	0.16363169425145926
moderate	0.10091833368323186
moderate	0.12251897278650824
moderate	0.10898512557912704
moderate	0.1303603797335571
moderate	0.1156516536307036
moderate	0.12053222394584684
moderate	0.1367160412371134
moderate	0.12884306656337524
moderate	0.1732080293044604
moderate	0.14256301331533813
moderate	0.12068621570966093
moderate	0.12270158248489833
moderate	0.13097647297434337
moderate	0.12878295452792055
moderate	0.17154814665592263
moderate	0.1659087694725335
moderate	0.26344095662694533
moderate	0.18619542713255408
moderate	0.1656772609353107
moderate	0.12845877261574135
moderate	0.12182047949656281
moderate	0.10426035590070112
moderate	0.07588868626861181
moderate	0.08549000232258609
moderate	0.10823309460070228
moderate	0.10679111472360743
moderate	0.10376563724721743
moderate	0.1066282555660564
moderate	0.11170476052296431
moderate	0.11988198157717367
moderate	0.12075305419392045
moderate	0.11545408786941827
moderate	0.09873042437329828
moderate	0.06993534624220545
moderate	0.14959303424457465
moderate	0.17294938379005365
moderate	0.16380439948156683
moderate	0.12573253897832426
moderate	0.12965004897605864
moderate	0.1496030793379654
moderate	0.10609345512949207
moderate	0.1439110596382114
moderate	0.1361152391636212
moderate	0.1730626768636898
moderate	0.24906928833754247
moderate	0.16466521058022535
moderate	0.14398662902279255
moderate	0.12264515905348011
moderate	0.20912600321027286
moderate	0.1500913136102807
moderate	0.12609746550221212
moderate	0.10172403855151117
moderate	0.13816263697350042
moderate	0.15135526620638523
moderate	0.14143288634917583
moderate	0.16840808733972581
moderate	0.23933740693096323
moderate	0.10121539148811874
moderate	0.10229341528540481
moderate	0.16236151479577382
moderate	0.08009942890330074
moderate	0.09865210794988043
moderate	0.09105737862886976
moderate	0.0651270815074496
moderate	0.09378830345497013
moderate	0.08948912635719568
moderate	0.14695788429875767
moderate	0.12454190874825596
moderate	0.12243147995540259
moderate	0.12447049554281599
moderate	0.12518720018892712
moderate	0.1277370921477232
moderate	0.13341872157689078
moderate	0.10828180458285169
moderate	0.22484158321229264
moderate	0.1389383497633475
moderate	0.14459893072775037
moderate	0.14032278281683042
moderate	0.11479713859632772
moderate	0.1598199439359116
moderate	0.09818843848899064
moderate	0.15573201406553944
moderate	0.11344081265318627
moderate	0.1196634454479969
moderate	0.1275895172482157
moderate	0.15826875359815773
moderate	0.18015723519990767
moderate	0.13645880660814863
moderate	0.1362249478000931
moderate	0.1822008536874555
moderate	0.15852954006197562
moderate	0.15809319371727748
moderate	0.14861184410909598
moderate	0.14798515170263
moderate	0.1158540099148236
moderate	0.12479363640227227
moderate	0.12602423231305437
moderate	0.13432914105732846
moderate	0.12396511837175439
moderate	0.10141070671078307
moderate	0.1590228682946357
moderate	0.1110688892216067
moderate	0.10252889576069293
moderate	0.14771666528056648
moderate	0.15285634775479312
moderate	0.07138462204238838
moderate	0.07203785665692904
moderate	0.12464428557438055
moderate	0.15194005566744356
moderate	0.13358128350283052
moderate	0.08450368658151816
moderate	0.11463364790250555
moderate	0.08757169495660659
moderate	0.09517056035212458
moderate	0.0528759974359541
moderate	0.09850856532892587
moderate	0.12623180227042233
moderate	0.0756908759319852
moderate	0.1450380725443474
moderate	0.1159763842089141
moderate	0.1331444536030181
moderate	0.1527169551496605
moderate	0.1957226137001684
moderate	0.11737147746559873
moderate	0.12264009296920396
moderate	0.12738235968802566
moderate	0.19628035505182656
moderate	0.11135333252271186
moderate	0.09391487912575668
moderate	0.10135069198908983
moderate	0.1364518495924627
moderate	0.14535889179868058
moderate	0.11750478204450426
moderate	0.07650798140255716
moderate	0.14155685328828926
moderate	0.14395815554462826
moderate	0.1454244667496655
moderate	0.11570787590159622
moderate	0.12916647893669747
moderate	0.15319156465841482
moderate	0.11951404932322301
moderate	0.17980346837871744
moderate	0.13399341731687311
moderate	0.10960406622684597
moderate	0.12849022843215913
moderate	0.15720692331208988
moderate	0.1236672331350694
moderate	0.13224216473650738
moderate	0.17605871412629828
moderate	0.13214968944099378
moderate	0.128686930226353
moderate	0.12362374002887945
moderate	0.18398855198339342
moderate	0.16188616957510094
moderate	0.1844986407211332
moderate	0.1951825076987416
moderate	0.15847078227495642
moderate	0.1767514219998135
moderate	0.11764562767814632
moderate	0.1334785966484261
moderate	0.14186497467106382
moderate	0.12082951379861084
moderate	0.20295441065183153
moderate	0.10606367509048396
moderate	0.188923337622791
moderate	0.1272169077969813
moderate	0.14361566018423746
moderate	0.10879881416504224
moderate	0.09623669682564023
moderate	0.11698940001686362
moderate	0.09287607976561763
moderate	0.10677204383839621
moderate	0.1389925141443273
moderate	0.12284683528052383
moderate	0.09883157011777594
moderate	0.10870943500770523
moderate	0.15905036003465892
moderate	0.16721022856421264
moderate	0.12801770204950963
moderate	0.0995703155712805
moderate	0.1574031884021239
moderate	0.16065539665336118
moderate	0.16588915832380688
moderate	0.11047104038107611
moderate	0.13149690652225762
moderate	0.18965604854000756
moderate	0.15646721465408894
moderate	0.1124891576389777
moderate	0.21094137866489696
moderate	0.15757318950822075
moderate	0.11176576354212156
moderate	0.12257835022700397
moderate	0.16439639955351348
moderate	0.10098015711660133
moderate	0.12450266798579236
moderate	0.14014060251589844
moderate	0.1647376347737499
moderate	0.10244985817838008
moderate	0.14749864901119114
moderate	0.11817686540245284
moderate	0.13565389334384997
moderate	0.11380182461041512
moderate	0.10257875338567558
moderate	0.06914520510992504
moderate	0.09259397351417056
moderate	0.09636780837250952
moderate	0.13771672557938347
moderate	0.10417365121674317
moderate	0.10635648702594809
moderate	0.11090860044988049
moderate	0.10826007625717977
moderate	0.13858130432932972
moderate	0.07012088394113111
moderate	0.1217701255207585
moderate	0.1377004221656967
moderate	0.11443107385501325
moderate	0.11206553023195394
moderate	0.13548392629282546
moderate	0.0908198038206835
moderate	0.1357190359740999
moderate	0.13005170300655175
moderate	0.12026597594765077
moderate	0.11745124871707151
moderate	0.12043914921900964
moderate	0.10995870071957028
moderate	0.12694133169026348
moderate	0.11429951857885204
moderate	0.1362096006095625
moderate	0.10340154108145473
moderate	0.1634687550420116
moderate	0.10045556008223826
moderate	0.10660109582614233
moderate	0.1384130982732646
moderate	0.1449569744822062
moderate	0.1308487089437938
moderate	0.10131454057330909
moderate	0.12739384643012136
moderate	0.13871005638426948
moderate	0.10261532145623548
moderate	0.11317877598301049
moderate	0.12477950500084757
moderate	0.13786823823838218
moderate	0.14959316850389417
moderate	0.08390754889476605
moderate	0.14314543412184488
moderate	0.07955948161941374
moderate	0.10429228100607112
moderate	0.14903094861091118
moderate	0.1443990134994808
moderate	0.1585376066369257
moderate	0.17489576168188048
moderate	0.12798126758528647
moderate	0.18992302370462075
moderate	0.14718661508851497
moderate	0.14930468212415857
moderate	0.05688330320396938
moderate	0.06664430996481187
moderate	0.14942656529883913
moderate	0.14868144619909213
moderate	0.12169087393948494
moderate	0.09664803028937168
moderate	0.10727253973208833
moderate	0.13265124624000152
moderate	0.11507210751813565
moderate	0.14278852795044894
moderate	0.14288858133422802
moderate	0.11460509499136443
moderate	0.15639254880609785
moderate	0.12017935958459541
moderate	0.1577125072698408
moderate	0.12919231985543256
moderate	0.15551369809247192
moderate	0.13550151090136403
moderate	0.10153349855431638
moderate	0.13728857113556117
moderate	0.12998644973959533
moderate	0.13730872838348124
moderate	0.20922962919225316
moderate	0.195065908564751
moderate	0.1751834227892653
moderate	0.11422931155681186
moderate	0.14668176049924603
moderate	0.11829825414482402
moderate	0.12424809661328429
moderate	0.12953106733408687
moderate	0.14208177420193857
moderate	0.12340409686262567
moderate	0.11262447074338862
moderate	0.12042117359231938
moderate	0.11694705966724038
moderate	0.0901268199175427
moderate	0.19666680710086365
moderate	0.12423645349618502
moderate	0.09115752247163418
moderate	0.15136129525752168
moderate	0.13751132243684994
moderate	0.13941287922202728
moderate	0.11960959627216133
moderate	0.1420847473125927
moderate	0.12229405248944873
moderate	0.15333320488756855
moderate	0.14567494005169568
moderate	0.13803083178353936
moderate	0.09316175813537864
moderate	0.12727945194682358
moderate	0.1069408126181899
moderate	0.11748588327389753
moderate	0.07316446279382266
moderate	0.13472075918212797
moderate	0.12016583805641178
moderate	0.10771504388045539
moderate	0.11513514568412014
moderate	0.11972552059583522
moderate	0.11283384354307388
moderate	0.11161733260824469
moderate	0.09986250560878399
moderate	0.10170508317206046
moderate	0.12873348574964763
moderate	0.1252863075037003
moderate	0.14315128664482907
moderate	0.1454053151022926
moderate	0.13708284378635022
moderate	0.15613673518022045
moderate	0.16094245739118088
moderate	0.1401066299586353
moderate	0.20388203404409436
moderate	0.12671627524298149
moderate	0.17533891009502156
moderate	0.12586404266344245
moderate	0.1679457749581461
moderate	0.1647303145309497
moderate	0.09778645541020879
moderate	0.13530266649152764
moderate	0.1193266442702501
moderate	0.11803519362411474
moderate	0.11706749017240618
moderate	0.13520692950769977
moderate	0.191219367616304
moderate	0.1253050011785967
moderate	0.12079864470552099
moderate	0.13354283284366786
moderate	0.11885562995746637
moderate	0.18799963573746606
moderate	0.12032085612691465
moderate	0.18200973127183487
moderate	0.08554622226566319
moderate	0.12655623998810958
moderate	0.1603326774464844
moderate	0.1318761595391983
moderate	0.167929921615918
moderate	0.16308031470867798
moderate	0.14041497228715502
moderate	0.15713489481423162
moderate	0.1449341586389499
moderate	0.14529894318660624
moderate	0.1680691125663154
moderate	0.13843479210316642
moderate	0.1280433344562521
moderate	0.12147544554455446
moderate	0.12476431914593865
moderate	0.13813580883616983
moderate	0.15857498659517427
moderate	0.14513464143021607
moderate	0.12806104811831107
moderate	0.14930439560439562
moderate	0.13764812234436016
moderate	0.09704838470291395
moderate	0.10177886276700908
moderate	0.1254068659549229
moderate	0.12043153568564556
moderate	0.12423548442022815
moderate	0.17643690614847055
moderate	0.13704471074783856
moderate	0.11078338778018564
moderate	0.115504500223869
moderate	0.13011591258413865
moderate	0.0890948322406479
moderate	0.10176814042135533
moderate	0.13747936422333082
moderate	0.08873363375157617
moderate	0.12814200578550142
moderate	0.1010078427419355
moderate	0.13679901231506736
moderate	0.07563200827800293
moderate	0.07746808941506349
moderate	0.10693526559151911
moderate	0.0919408343284157
moderate	0.11107478689086629
moderate	0.09498728280842011
moderate	0.0926968691316454
moderate	0.11751737915749716
moderate	0.13211771760755153
moderate	0.14146036543291654
moderate	0.14137009959919491
moderate	0.17950312319367528
moderate	0.1256822189090202
moderate	0.26781794327377617
moderate	0.13135774935000993
moderate	0.17995178326724148
moderate	0.14639648980537534
moderate	0.13359758689148002
moderate	0.10305245742598272
moderate	0.11232839328537171
moderate	0.14219349839292122
moderate	0.14912435576286315
moderate	0.08579184886903451
moderate	0.08083885353686696
moderate	0.08979470320984007
moderate	0.10703995129858222
moderate	0.1258403771491958
moderate	0.11312428732606243
moderate	0.0969793258722411
moderate	0.10313426347602882
moderate	0.13437355402324888
moderate	0.11418071812575291
moderate	0.14021439797071877
moderate	0.15081707192703858
moderate	0.13011328298533983
moderate	0.15097983636434137
moderate	0.11340255262049273
moderate	0.1273964361590712
moderate	0.1206996628672339
moderate	0.1346341500100274
moderate	0.13164711828509082
moderate	0.11807714422006678
moderate	0.10790252653406454
moderate	0.1393846721448935
moderate	0.1183768998802867
moderate	0.12482507320846455
moderate	0.13866722996761016
moderate	0.11889264787360855
moderate	0.08933576210853668
moderate	0.12515725715994916
moderate	0.05881337706691915
moderate	0.10899127158154684
moderate	0.08361128513975061
moderate	0.05718125028088626
moderate	0.08824026189685438
moderate	0.0992994132817537
moderate	0.0798885739736011
moderate	0.0937501303720973
moderate	0.0942433314975829
moderate	0.1079902570357589
moderate	0.09406659728041955
moderate	0.15407317908330484
moderate	0.13620476732553727
moderate	0.11844478270536522
moderate	0.09667322368109209
moderate	0.07991995576555745
moderate	0.11148066313775333
moderate	0.09408440719185678
moderate	0.1095977410283059
moderate	0.06538967621201193
moderate	0.08192294859968992
moderate	0.10795621360711
moderate	0.0833406841634842
moderate	0.11805810839760068
moderate	0.11574444120121563
moderate	0.10392669552669553
moderate	0.0814186100921406
moderate	0.1339996116570425
moderate	0.09381086122733612
moderate	0.1387721869590306
moderate	0.09435447478957787
moderate	0.1097620215458353
moderate	0.1199632751628924
moderate	0.13579086835097745
moderate	0.08614326710816775
moderate	0.10937630118316313
moderate	0.14287963378771854
moderate	0.11412372628051266
moderate	0.15687326532673468
moderate	0.20789271673908546
moderate	0.15303552348956326
moderate	0.12007399201759386
moderate	0.09540854259338978
moderate	0.06756180646304459
moderate	0.1130217678364211
moderate	0.08943592962504847
moderate	0.09462508580955183
moderate	0.18048698157867654
moderate	0.11416019206989031
moderate	0.17007823668871105
moderate	0.13360335110201463
moderate	0.12067883399013148
moderate	0.15742864287126526
moderate	0.09585224152191894
moderate	0.09817071188015329
moderate	0.1623236675146043
moderate	0.14507119368166616
moderate	0.14016564998573885
moderate	0.09857828501553982
moderate	0.09565500042848574
moderate	0.11227260046139814
moderate	0.13029292355026417
moderate	0.16655280168433495
moderate	0.12837260296472713
moderate	0.08525919551446973
moderate	0.10388526988636364
moderate	0.14049275370693537
moderate	0.12046000867912666
moderate	0.1743984058639602
moderate	0.129421250842396
moderate	0.138534076900499
moderate	0.1204084483052291
moderate	0.14080166383648288
moderate	0.11667535223722218
moderate	0.11126955720379922
moderate	0.10824949428800114
moderate	0.11093141297271365
moderate	0.11507607009123447
moderate	0.10227740262282245
moderate	0.12724599349421803
moderate	0.0973495366992558
moderate	0.09128910811828969
none	0.10899608098133633
none	0.18749971361418896
none	0.1347879040260845
none	0.08104093793010843
none	0.1031530132889428
none	0.11146113541560687
none	0.0807383432819011
none	0.12771437135011793
none	0.13134511651215233
none	0.11943395650182151
none	0.0952400869905415
none	0.09167453932001036
none	0.11990139463811252
none	0.1286260094263156
none	0.13150266834647453
none	0.095499874503242
none	0.09533756284794363
none	0.09625803550611199
none	0.12682385960166367
none	0.20298482792648326
none	0.1306103166996784
none	0.11615202702702707
none	0.09785099063652292
none	0.08801693486051579
none	0.12046602571664504
none	0.14437875085256383
none	0.10547115876262302
none	0.10574943396647297
none	0.08751063066863529
none	0.11107102706617751
none	0.08796985804769761
none	0.12320048681192042
none	0.10794892534163314
none	0.1261940779351273
none	0.10416345015797246
none	0.1087095287663525
none	0.15048950341586392
none	0.1161290628107784
none	0.13462585395243395
none	0.11498024305408869
none	0.10012555823476536
none	0.11481412932418622
none	0.11573191179529853
none	0.14885704232931263
none	0.14420178850214907
none	0.17274081367338354
none	0.10614072664305882
none	0.12209361752411337
none	0.1314699012451696
none	0.16626993343221258
none	0.13647376629163419
none	0.1598604566669461
none	0.14262820981115534
none	0.13430724723538703
none	0.11741693089826936
none	0.13125950605111242
none	0.13784806819482054
none	0.15564169191861657
none	0.13383771846435102
none	0.17108529439235257
none	0.13799484761357103
none	0.16434995435738756
none	0.15849460364719015
none	0.11410038589248854
none	0.147897408247848
none	0.10716627444194496
none	0.12462823563136016
none	0.1461643372554118
none	0.17155329730075478
none	0.17775904084980085
none	0.12941305862354047
none	0.1465187792581923
none	0.19360413615140154
none	0.16921136040205187
none	0.1327592384758568
none	0.129063043427856
none	0.147694416881241
none	0.16732966670333296
none	0.18139895520251895
none	0.17827857765273403
none	0.17696490297409218
none	0.16061024125259626
none	0.1458624056693084
none	0.12324596674985061
none	0.12498061273764598
none	0.13527187443024546
none	0.1058988381852719
none	0.11085418619627149
none	0.10276975863312891
none	0.11661308700252299
none	0.1272199315256673
none	0.10755084561619527
none	0.08979230625583567
none	0.19633364570192824
none	0.14793786940868708
none	0.11216733665683719
none	0.12140342052578544
none	0.11761375919631527
none	0.11051403745462722
none	0.13423176044670798
none	0.12893455314144922
none	0.10108575105509189
none	0.12294525514970857
none	0.11853781721799998
none	0.14262877090017897
none	0.1326494774206271
none	0.14604999317033193
none	0.12953742032189197
none	0.12064966114195855
none	0.1763803121591904
none	0.1448410427760955
none	0.18952629025999224
none	0.14150292935650996
none	0.13886417700995954
none	0.21038240185361662
none	0.18332759652556493
none	0.1578043159438508
none	0.14232232206975526
none	0.14204959573226641
none	0.13372998899411662
none	0.0959570925392251
none	0.19963202369544383
none	0.13486398513028003
none	0.15007321305303975
none	0.18517296485834464
none	0.1584282294393896
none	0.13321015844654072
none	0.12328027607185903
none	0.1511037386361217
none	0.10236380704041718
none	0.11617646365091398
none	0.11659871076859256
none	0.13159499191752824
none	0.11668137298681196
none	0.11096637738965144
none	0.09095239492677198
none	0.10421543230538619
none	0.09944845093507307
none	0.12239510651247718
none	0.10301999490766396
none	0.15375070398989524
none	0.15699480200049193
none	0.14024576875292774
none	0.18214002830725273
none	0.13115024717764212
none	0.12533956339712918
none	0.16968934756069992
none	0.17466334248417278
none	0.12289746374273103
none	0.11378838908394218
none	0.13026945700146092
none	0.12027111316744502
none	0.14525258065178132
none	0.08299079170194751
none	0.16192618115285307
none	0.1654790442949973
none	0.12794660903934832
none	0.1291051028292915
none	0.1601574212790992
none	0.13691282549042508
none	0.1588361142130153
none	0.1708336303659217
none	0.15310086071210807
none	0.14175404883518125
none	0.13037742990371223
none	0.09795316159250585
none	0.10294264543411176
none	0.15773618918102145
none	0.14637541482721875
none	0.14660451390129572
none	0.11559064167464769
none	0.2012475458740938
none	0.16844079417749833
none	0.1417768295555435
none	0.1425496667362944
none	0.145690503086695
none	0.1030193016253016
none	0.10262068816926292
none	0.15479533998559816
none	0.1381274666586205
none	0.11469374505524213
none	0.12352568170322342
none	0.2001653781185031
none	0.13052003796846132
none	0.1418301491561683
none	0.13716460945985978
none	0.10058133743752919
none	0.1489515129682997
none	0.09928693460007917
none	0.12349652111324376
none	0.12132607957199269
none	0.13177267673220974
none	0.09159456818181819
none	0.13381242202675175
none	0.14596939583783394
none	0.12231141582428554
none	0.156375103961072
none	0.17068088275485105
none	0.12810304817818835
none	0.1333938295017245
none	0.14137707005235225
none	0.1373361414118864
none	0.13078762770994268
none	0.12207814770998815
none	0.1429823742938214
none	0.16426273433061922
none	0.12309483697146315
none	0.14584617808057335
none	0.10682907212450143
none	0.11631093791614687
none	0.11719151887292334
none	0.1101159953588596
none	0.13702646589094225
none	0.1409443970777538
none	0.11655212448277248
none	0.10686460935813206
none	0.1029442642513999
none	0.1392177822177822
none	0.0725851445886798
none	0.0849425952045134
none	0.09369581689254874
none	0.10285008667895766
none	0.15677979619700955
none	0.12922711585020347
none	0.11064987892587372
none	0.10103267887621271
none	0.09073592465689304
none	0.12927885673677733
none	0.14424237226794226
none	0.13089533770268547
none	0.13713232508002873
none	0.15607731890943646
none	0.1058624686773269
none	0.13180826665683418
none	0.1399449005281449
none	0.16262418282236246
none	0.14898657819333436
none	0.11916189503967332
none	0.12398895672344844
none	0.1197075555717116
none	0.12884211951738053
none	0.13240588311394286
none	0.10251078639172292
none	0.13998339875349963
none	0.13113991032883587
none	0.13028341717063244
none	0.20314173110024314
none	0.10496000680976632
none	0.09252231635788102
none	0.15477661223297917
none	0.1108240021841885
none	0.12979750626157027
none	0.11102725934699496
none	0.13119177310143915
none	0.09898351174653353
none	0.11760920212977535
none	0.13142230041942132
none	0.10121103786910608
none	0.10424699871905628
none	0.14884454514092846
none	0.12796411921719125
none	0.11810071685198112
none	0.11678663556073987
none	0.10937158928597723
none	0.1501041717116125
none	0.18305499935823388
none	0.15562493058600027
none	0.10580227787546136
none	0.10451589659588928
none	0.06414917556374036
none	0.07955505517214488
none	0.14471779834334114
none	0.1061029334891301
none	0.08284753047827448
none	0.09769284043224777
none	0.11471844589073903
none	0.10172822469228836
none	0.13656837910138123
none	0.1465201262327416
none	0.10612377409164457
none	0.08542663358809172
none	0.09943988393316795
none	0.11647729110132049
none	0.1341202203499676
none	0.13227427898763977
none	0.0909788521046821
none	0.11975072821356363
none	0.1438728492512846
none	0.12385959548801972
none	0.09504550345697642
none	0.1207893201705183
none	0.05197885122792774
none	0.08031169264801019
none	0.11010145276548962
none	0.14661865745575284
none	0.0792038144148029
none	0.08715677880663224
none	0.1587746029160218
none	0.1008259802594778
none	0.117295438891865
none	0.1088901618185115
none	0.10023013409421083
none	0.15478916808687723
none	0.08137842695305017
none	0.09268063816302653
none	0.08283801408702919
none	0.09020210125390506
none	0.07377497821392034
none	0.09253246753246754
none	0.10423389723787432
none	0.09604115400037988
none	0.09606697423792662
none	0.08177752168073359
none	0.09178353601496725
none	0.20773547813808552
none	0.14328459655381284
none	0.1275479871443216
none	0.11321232809909294
none	0.12159263939116668
none	0.11868639245651115
none	0.11047933653426449
none	0.11499329980772076
none	0.1314949285013831
none	0.11280398448519041
none	0.07944697823379397
none	0.1232104901413291
none	0.1285859444149407
none	0.12074249477767829
none	0.10950673917007908
none	0.11296359203706993
none	0.1174956492903568
none	0.06697282404079816
none	0.1095503939518149
none	0.12025698758949152
none	0.08998133505727121
none	0.11434089674136767
none	0.06982304298965095
none	0.1338409569719693
none	0.12817019209480154
none	0.090735278897777
none	0.11521202669951129
none	0.13853724062061376
none	0.10065125298558471
none	0.09938179830932913
none	0.12967963419426284
none	0.0983276544606249
none	0.1544009609049861
none	0.1412673815008273
none	0.14033869582827055
none	0.21483434877664534
none	0.14010686410955853
none	0.15894522566651792
none	0.1399995162810438
none	0.14496115806753587
none	0.0967491691604385
none	0.14973277049902223
none	0.13473302922529767
none	0.13287278612520673
none	0.12707939315200537
none	0.12211167697719766
none	0.1449804694663488
none	0.13176550233747905
none	0.1609398431720669
none	0.16534189567533775
none	0.15492445240430402
none	0.17021328418417025
none	0.1476624552691156
none	0.13630514815660513
none	0.13760222977424838
none	0.15161936989863858
none	0.11831024842239797
none	0.10292909915472567
none	0.12662603166839886
none	0.12192886763626264
none	0.0929935260631767
none	0.10961656354886976
none	0.1075882645674991
none	0.13011205314495447
none	0.16044911559156408
none	0.08109093625184766
none	0.10381718896846744
none	0.1255767400904216
none	0.1542630789236771
none	0.14307496217129925
none	0.15880736020751243
none	0.1725422207054067
none	0.1706242875747434
none	0.14755399973101008
none	0.12191687494068146
none	0.11591805869353185
none	0.14426740779869382
none	0.14839484593159852
none	0.12701181382614649
none	0.13686830425803048
none	0.17307588153801917
none	0.11934257158721344
none	0.13760882800608829
none	0.13388200379580045
none	0.19793843533477748
none	0.182610057900635
none	0.18203475685585713
none	0.14846510894277104
none	0.14835707924221267
none	0.10710001845358923
none	0.14242504393087504
none	0.13769130180684752
none	0.17253655524019765
none	0.1375643634466309
none	0.18223384317253785
none	0.17592924035931135
none	0.196581905462214
none	0.16165837178757805
none	0.14481698944152008
none	0.14013669113191032
none	0.17504343575418993
none	0.0930858680848304
none	0.12805421496673294
none	0.12615587926649235
none	0.12374654438472789
none	0.1065077499230307
none	0.1824899000764078
none	0.15171283729841928
none	0.12551465228167372
none	0.17921268948273167
none	0.10646698979750698
none	0.1454561874381256
none	0.12426294723878661
none	0.11194172431634823
none	0.11894410401881707
none	0.11149373091857606
none	0.1248595198432141
none	0.10387744873672647
none	0.10251092680480352
none	0.152291023305484
none	0.10741702517561849
none	0.11152743299286332
none	0.14336451553762947
none	0.09195767940507191
none	0.11661560092920895
none	0.12827286807315927
none	0.1408564798700545
none	0.11715231676828367
none	0.12179871723071176
none	0.1737893332962865
none	0.160119827568882
none	0.08970712542619291
none	0.10884817872352155
none	0.15464339427685775
none	0.10829883125327074
none	0.15379910388377868
none	0.14715619090468124
none	0.15753245043471462
none	0.15503855301653674
none	0.11353371943200985
none	0.11124578190349892
none	0.11160247110402548
none	0.1510379794025817
none	0.125862310086469
none	0.1548853872806104
none	0.12534295464240014
none	0.1387092320723889
none	0.17427329456520613
none	0.15516266502204365
none	0.12710787040716312
none	0.16493067513306564
none	0.19386274654680538
none	0.2134801886996602
none	0.14972603858527306
none	0.15886924939467315
none	0.12303668718768111
none	0.1601326707531843
none	0.14125502546234253
none	0.0653783672205594
none	0.12445574330037976
none	0.1376524940687727
none	0.13369177237776986
none	0.17219109423937817
none	0.09896367350563993
none	0.14459508913267055
none	0.1380715507254372
none	0.13847538466170847
none	0.13643634546007738
none	0.14310232057783928
none	0.10655707673758313
none	0.1349740402337163
none	0.1115997214439568
none	0.16391146325944522
none	0.14571501760619227
none	0.1047556615303506
none	0.09966386057096338
none	0.09431113570447261
none	0.07396968007248902
none	0.2013185534499372
none	0.1354679005205321
none	0.16850440105220557
none	0.1453739317591948
none	0.1496337879458321
none	0.16353768858325732
none	0.14710569966928483
none	0.09161965039180228
none	0.12193177796612689
none	0.0903757536809874
none	0.09922378289055547
none	0.07980845557572486
none	0.09902066783028564
none	0.10025103219346256
none	0.1571870103954589
none	0.15057948399356821
none	0.0823573140180808
none	0.08391450686167433
none	0.11867246423927179
none	0.10838148349327058
none	0.1027768181671974
none	0.11397531222770842
none	0.099076993071741
none	0.111963523890785
none	0.08185304226816226
none	0.10101284711271931
none	0.1433888956329095
none	0.1270955326092772
none	0.14924699441896838
none	0.15434958049256542
none	0.1345342364745684
none	0.11476465794727622
none	0.10268552623350635
none	0.14699151333082988
none	0.1268628539626592
none	0.0802599948372108
none	0.20363818382728882
none	0.1451748658501618
none	0.1557559967245202
none	0.11157384314372598
none	0.1902975673749676
none	0.17495749880067166
none	0.1736342836562156
none	0.13318718909710392
none	0.16002440675879473
none	0.08124363408768982
none	0.17120726125283214
none	0.1507560755430733
none	0.09959286546562697
none	0.09412654509729225
none	0.07706134014447061
none	0.10449384372034166
none	0.0898191355711798
none	0.09880526868020686
none	0.1333219827087113
none	0.1534767187805521
none	0.12249288684265025
none	0.13738814076751632
none	0.17266074907288154
none	0.09440311588595916
none	0.11510239480752014
none	0.1069281075434852
none	0.14691902632060258
none	0.18376193845556202
none	0.11140993369535868
none	0.18555114406238016
none	0.13961306283199018
none	0.13150431016661843
none	0.11271771704611531
none	0.13459994361680572
none	0.10418967454593742
none	0.10943254980014146
none	0.10401830954489827
none	0.09301501685137561
none	0.0939568103182488
none	0.1479724928366762
none	0.08300262663818057
none	0.10958725884786616
none	0.17132936380013275
none	0.09958213942417724
none	0.11326256453115341
none	0.13074277206800497
none	0.11949432327896821
none	0.1351421475875118
none	0.12854468751359108
none	0.11081991511589945
none	0.11191344501520847
none	0.10192913733783657
none	0.10920801812004531
none	0.13271981431572083
none	0.1602090428601526
none	0.11207255296680087
none	0.11061173292165187
none	0.15527752410780515
none	0.18375223198643287
none	0.1674793911007026
none	0.1285310664875087
none	0.13513720256943815
none	0.09103220300920728
none	0.15324243610232324
none	0.1579355022972805
none	0.14468696667049327
none	0.13266739464644609
none	0.12977309925994757
none	0.1723567032368349
none	0.15399800445216094
none	0.09370354273389053
none	0.12146761413141759
none	0.16934495839796923
none	0.14403939905174673
none	0.13277043039664732
none	0.12075584684858814
none	0.10204007364982694
none	0.10734270635145528
none	0.12752828864805485
none	0.12993583871075598
none	0.1368985986648223
none	0.1886589769743267
none	0.10900769155875766
none	0.1302705002284148
none	0.11057805441669773
none	0.16122132914510962
none	0.10987708019693211
none	0.09350514002732241
none	0.12603583833280707
none	0.09072611710323573
none	0.11772657504772871
none	0.09649833179393413
none	0.12004057796150878
none	0.1208659032838081
none	0.10364612350900758
none	0.16689307921059746
none	0.09106648313341317
none	0.10884011250540891
none	0.13041977532178103
none	0.0918090623270492
none	0.15412243699714684
none	0.10733551356964613
none	0.12600573800512757
none	0.15390141702687465
none	0.11899150724886333
none	0.10918660538633743
none	0.10783875732744547
none	0.110112699290388
none	0.13642577722593283
none	0.12225961082349343
none	0.14564086879805063
none	0.12748232038536436
none	0.15706549636624675
none	0.13353631783118564
none	0.11239817471759914
none	0.13237135971271374
none	0.14123277021041553
none	0.1286147128728369
none	0.12310686164229472
none	0.1065714152434758
none	0.1310422044577678
none	0.14361039594540825
none	0.10190874431102764
none	0.1365657056864576
none	0.13144853650893135
none	0.10319929104711711
none	0.0860227860064681
none	0.13473420555905102
none	0.15290026890597727
none	0.1469035101283439
none	0.008441476510067115
none	0.10164748975869389
none	0.09557158107561665
none	0.10434121686362184
none	0.11794275349751417
none	0.14096850741805034
none	0.13166464528745395
none	0.1538196359686485
none	0.1763654848890754
none	0.17500160797018813
none	0.20273358496206884
none	0.16619397470727884
none	0.17409150389112013
none	0.1810724683307098
none	0.16083130116507632
none	0.16575514831534127
none	0.1503661246122882
none	0.12343470487386722
none	0.16760612310996711
none	0.13355118279956174
none	0.11051915308093953
none	0.17519809301759087
none	0.2206672370447396
none	0.21270681188387489
none	0.2064600532623169
none	0.1866292415413994
none	0.21687500101033777
none	0.1850572247204425
none	0.17467277746023338
none	0.1832321071752952
none	0.17580894417931256
none	0.2139815338573355
none	0.1879633429375614
none	0.16657384013729848
none	0.16805181297968702
none	0.14726892070231812
none	0.09508608451763527
none	0.13241525827562106
none	0.1170608769578211
none	0.16545429210179766
none	0.18062306201550388
none	0.16577633490812776
none	0.15731506780428114
none	0.1694618260844114
none	0.1296952746629434
none	0.1288813859341452
none	0.1595930909739796
none	0.1267571902099307
none	0.12692584553255928
none	0.12533406113537118
none	0.13821704877489355
none	0.09177679430721222
none	0.12568756285279686
none	0.1172061192898212
none	0.1361047382345867
none	0.13262789866108676
none	0.13834689394046423
none	0.14989128739218208
none	0.08093513094275483
none	0.12403926531788782
none	0.13571410951120477
none	0.1098767482787366
none	0.13204396432692758
none	0.12605716286571217
none	0.10862403229708481
none	0.13609343697110263
none	0.14545063843518077
none	0.12005310896288339
none	0.11600619654389946
none	0.14648848545762921
none	0.1052802071586685
none	0.15141237080353087
none	0.1307219144972053
none	0.10061254849155206
none	0.12440241065764433
none	0.11976501282700125
none	0.10879199969767399
none	0.17475096110071323
none	0.11759581788474834
none	0.08683493899449074
none	0.09365474071096307
none	0.0962528609212559
none	0.1189284988462434
none	0.09298468370208789
none	0.095928809923099
none	0.12921350010111854
none	0.12292013895270826
none	0.1036449637147378
none	0.13346264719296788
none	0.16294455227613808
none	0.11877565388634513
none	0.11262535675523576
none	0.12497226805711391
none	0.1252277206130177
none	0.09442270343013565
none	0.10996813241562563
none	0.11534028763656565
none	0.10867170562642874
none	0.1325293137970396
none	0.12195821258319357
none	0.10687471575741996
none	0.12909384107559777
none	0.12167192381639028
none	0.11454425909383635
none	0.11146327096454346
none	0.09981877274609027
none	0.09363169086462923
none	0.07264599157637064
none	0.08075158560225869
none	0.051645983619894774
none	0.07638508833053242
none	0.10848293536917718
none	0.0944327956193577
none	0.10418874862982215
none	0.13489055470129277
none	0.11952679464876766
none	0.11638984443680005
none	0.10349245015433385
none	0.08185126444299107
none	0.08816838378947017
none	0.11877613925514689
none	0.11837098878903413
none	0.1223156582382047
none	0.11695327660123132
none	0.10183336187703375
none	0.12400766326612579
none	0.10318552297592998
none	0.11235992324561402
none	0.14482870281663154
none	0.1148696747322491
none	0.09378557630392786
none	0.11354124336729474
none	0.1334954081408463
none	0.1363468006013075
none	0.10996146702859357
none	0.10791108613029281
none	0.14898122624285406
none	0.12783446242629534
none	0.12670871103742723
none	0.11867444662737393
none	0.10905558919308123
none	0.10201576530262527
none	0.1368623200374377
none	0.15421061646239592
none	0.17136521028860632
none	0.12179213119802894
none	0.10842543318753271
none	0.14440233102146346
none	0.1582002372786106
none	0.1409361700487857
none	0.12325308548687722
none	0.150218332471845
none	0.10574672584971062
none	0.13576851113326685
none	0.10632815857327031
none	0.17261837595170926
none	0.1307291503180672
none	0.1532664355207508
none	0.13119599057785794
none	0.09351988809583588
none	0.15009426388910493
none	0.11869121201729661
none	0.13046028189374775
none	0.122509570537789
none	0.10850384983999611
none	0.07169608303512154
none	0.11144827117607592
none	0.07328044018459354
none	0.10603319430506773
none	0.09385362368822978
none	0.1775155169973984
none	0.09715705914759354
none	0.08964397905759162
none	0.09421840488184112
none	0.08908354658361788
none	0.07266404782061077
none	0.09942738941338707
none	0.10482472357012172
none	0.11836873426046228
none	0.1312805551008955
none	0.13619760346166648
none	0.12103855966753461
none	0.13240118096561307
none	0.19914720982312883
none	0.17454311346855914
none	0.17344365679639892
none	0.19815786435062
none	0.21337579615024962
none	0.18547863761975747
none	0.11027355216391387
none	0.15298125255164532
none	0.12363366498124287
none	0.15165504728244006
none	0.13087611413043476
none	0.1324744155984057
none	0.17035182058361972
none	0.12888282165696777
none	0.16335663963844207
none	0.20358378666134316
none	0.13655684991700026
none	0.18227108451435345
none	0.12562189461804332
none	0.13580776650693885
none	0.11468850658857978
none	0.1302687252295189
none	0.15741316682551418
none	0.12934804152584592
none	0.15441035530222877
none	0.1604172527516192
none	0.177094354227221
none	0.13521592183549716
none	0.1205831577179158
none	0.11669648556697415
none	0.16178193186533316
none	0.11583390441232183
none	0.12918248473694974
none	0.17828306054256102
none	0.18167632563722375
none	0.13655659535405562
none	0.13355462346663735
none	0.17628081201534176
none	0.13000871797688024
none	0.12268030413803187
none	0.17259795889585497
none	0.16064385971981573
none	0.12355819564731073
none	0.15071247925757483
none	0.1981873615883925
none	0.14240323515464462
none	0.14725313758728478
none	0.13720932010494674
none	0.15901462044801687
none	0.20724350510041661
none	0.09778488697471834
none	0.12447880861772648
none	0.14329451053704964
none	0.16206596475845683
none	0.15398627522976616
none	0.13888457978007182
none	0.13502353109393034
none	0.14769780113885236
none	0.12154983982465015
none	0.10168000512360702
none	0.13815366532735365
none	0.13082308000534257
none	0.10203044947426046
none	0.11465478409780627
none	0.12492532340565314
none	0.10665648545525908
none	0.1490907165196191
none	0.1308980210942185
none	0.10968545985271674
none	0.08792533461376868
none	0.08601078163692932
none	0.08344717515283304
none	0.07499806778942644
none	0.1748009689110941
none	0.09307000923198662
none	0.12481850051213987
none	0.09821221973193482
none	0.08189296955266719
none	0.0683911658163749
none	0.1028231557833742
none	0.08299440713641375
none	0.10783334349581102
none	0.13483102251040444
none	0.11234651845164202
none	0.10562207701325965
none	0.10726043067979851
none	0.10557818691838461
none	0.11646100483179594
none	0.09358305101683906
none	0.12607189951267816
none	0.1024634956767573
none	0.11536497017838378
none	0.1140981566513609
none	0.15380469773766844
none	0.07743947660537008
none	0.10645756909390774
none	0.11313434871084817
none	0.1873782215048476
none	0.06581909446166286
none	0.08322131950446557
none	0.08583222467362275
none	0.10346540694045687
none	0.08114635291172513
none	0.14077287102524294
none	0.13131131679240882
none	0.15322601923337395
none	0.13379372747391716
none	0.12462171945701356
none	0.0934901575139813
none	0.12341459856082497
none	0.14654263346616858
none	0.14975768788028285
none	0.15604684653916207
none	0.1450172359289009
none	0.14762012384518686
none	0.11784682561504119
none	0.14069102438287914
none	0.14872396443093971
none	0.12250676674297967
none	0.1601892525075042
none	0.156911662817552
none	0.16580072667551576
none	0.1575708706265256
none	0.1528469532095079
none	0.18261496949152545
none	0.18075214927272457
none	0.16341298631245363
none	0.16600319364777194
none	0.13986861351864868
none	0.11259023355673846
none	0.11119120415264389
none	0.14540728689409635
none	0.11690579088778368
none	0.1422570011543888
none	0.15860784684174067
none	0.1662648464828628
none	0.15218263772503648
none	0.1593670940440851
none	0.15034733366766967
none	0.09989525882059148
none	0.08701926960033421
none	0.08755439659230771
none	0.1537720908408408
none	0.19390467772470255
none	0.17055716791580292
none	0.11286306029708064
none	0.0916039308689663
none	0.12195503691084611
none	0.14134794152914978
none	0.1236998081228014
none	0.13138437408994463
none	0.10772682134570764
none	0.1086487609069634
none	0.14519680665558074
none	0.13039901761329503
none	0.14304469544059503
none	0.16807423651813003
none	0.13265742196951366
none	0.12463326321157647
none	0.170631169658016
none	0.15970161238620334
none	0.14717057368438888
none	0.10038615157414243
none	0.12117908745247148
none	0.139633247394604
none	0.08308659650382604
none	0.12330967645154668
none	0.13014554183461272
none	0.148672101948644
none	0.1313480281318925
none	0.13382480352877724
none	0.14972695730202645
none	0.14070394799054373
none	0.12638557572814144
none	0.1215856380267711
none	0.16514727107887578
none	0.14452231236074006
none	0.14281588568691628
none	0.12683004532700193
none	0.1494660769941129
none	0.1360193592722523
none	0.13533168401562182
none	0.1496912974595586
none	0.13842209393565744
none	0.11940241624994469
none	0.14231972641588123
none	0.07336858643884715
none	0.09511506580009096
none	0.09563476718175508
none	0.11851003435695817
none	0.13447341427155599
none	0.06931284102603935
none	0.10299750304580162
none	0.08504379649772244
none	0.09205342682437379
none	0.104193434209362
none	0.12343801551971047
none	0.12539653400222492
none	0.1667791873821361
none	0.08724027133166724
none	0.0900306443722482
none	0.11513268184565786
none	0.11737608027268959
none	0.10861081601430214
none	0.1364285822904153
none	0.10388929111531191
none	0.13574913447885256
none	0.11341364501827582
none	0.10512205853536884
none	0.13704662936317613
none	0.0932092038495188
none	0.14262782199924945
none	0.11729415579311428
none	0.12954312179046215
none	0.10443461977227232
none	0.1152035241072758
none	0.09312173580239642
none	0.08588124178960242
none	0.08903666852147014
none	0.09857228563590606
none	0.11291351674824023
none	0.12331601848333681
none	0.07218217578583888
none	0.12065892586058344
none	0.1120860131691837
none	0.1212706460600326
none	0.15522281628609888
none	0.11925589490761888
none	0.07376466684882314
none	0.17042943925233642
none	0.08176157148086115
none	0.12077183548902776
none	0.10799878217974411
none	0.08831009100397341
none	0.11382703298826334
none	0.08795672026609459
none	0.09015033754428181
none	0.0751283233947221
none	0.09364109552696002
none	0.0934026656049748
none	0.08033895017168194
none	0.12280275474329118
none	0.1182482387475538
none	0.09133681123521988
none	0.11257655037544971
none	0.07271558790399445
none	0.08215887550773177
none	0.10710173857928561
none	0.0903638380818836
none	0.15073790877448598
none	0.12818621898806845
none	0.14273965428510885
none	0.09955260256202368
none	0.08477223663291775
none	0.14313371036247255
none	0.15232582094003586
none	0.10653762226304554
none	0.1778292997005129
none	0.162597366945125
none	0.1481218014041184
none	0.1629262128682106
none	0.18154265007640255
none	0.13624766210919417
none	0.15987674514263592
none	0.1384759608905925
none	0.10739918259140617
none	0.1497797943543381
none	0.11068801264203479
none	0.11990640288950911
none	0.13318661074180607
none	0.1683299183909437
none	0.14017577339142628
none	0.1336743778716059
none	0.13264170193624894
none	0.10698437986830897
none	0.11265347817695553
none	0.11905829400998544
none	0.12236912322748154
none	0.12710065510443838
none	0.19327297040503924
none	0.15736430070237606
none	0.17243665356495527
none	0.14096352515962202
none	0.09922096961261889
none	0.1487449317625102
none	0.13997357906946772
none	0.14269311111244962
none	0.1396280276650647
none	0.15325641198552387
none	0.16923959563928787
none	0.15023327284366061
none	0.21068048045386048
none	0.12043938632456025
none	0.11465683000830547
none	0.11223325517464423
none	0.09448739674143729
none	0.10516475140712947
none	0.12769121587863924
none	0.11629703888277221
none	0.09025816255960398
none	0.08802582884756545
none	0.08684588295766485
none	0.07641856464597813
none	0.08299499650179151
none	0.07930051734299623
none	0.07616961713384915
none	0.06989557503014161
none	0.07096268859263989
none	0.11989015475376197
none	0.0746066808525011
none	0.0822133051629094
none	0.05999324803289148
none	0.05877193411810773
none	0.07749104725954255
none	0.0998259151611478
none	0.15551909517222762
none	0.09891049812057891
none	0.14080535238225442
none	0.1509735734551657
none	0.1576170420825465
none	0.17456227434887361
none	0.13753448631854245
none	0.1025621037764617
none	0.11934104857854205
none	0.12518803653910074
none	0.1278804295880508
none	0.15712808677032836
none	0.13080559572204187
none	0.12465820843267031
none	0.17581663040446302
none	0.08411152685779778
none	0.07597300715057595
none	0.0807444134841283
none	0.10622290142057683
none	0.09077436829734095
none	0.09690471226660943
none	0.11180164476917531
none	0.1310170725786876
none	0.13894028646575696
none	0.08515861550767141
none	0.14061519450402288
none	0.10868659822870708
none	0.14491218388241633
none	0.1326459669072678
none	0.11647859614645191
none	0.11256396279276427
none	0.14620641382682456
none	0.08473427332877025
none	0.15476050126015123
none	0.1897617903251484
none	0.18972340241555324
none	0.16433311554031751
none	0.21438859668559834
none	0.1867541429721128
none	0.16771779390814734
none	0.17829014113507036
none	0.12575186584755532
none	0.14659436165530376
none	0.15124940013947497
none	0.1201235839227943
none	0.13056094308841062
none	0.17194672444301454
none	0.14651143800938504
none	0.13047894660685863
none	0.16671124119207167
none	0.15198561634153238
none	0.12975219609360442
none	0.1712545764536971
none	0.16709019837103375
none	0.16225111877032547
none	0.14806261536453638
none	0.14940439214939025
none	0.1609981063688143
none	0.15370226160310993
none	0.1719207746695358
none	0.13532760345936673
none	0.15487698614346274
none	0.19081258955163807
none	0.13747776611611334
none	0.17734368023240174
none	0.13462620312968349
none	0.12028054700078557
none	0.13909088120896124
none	0.13589100614130745
none	0.1505486145337057
none	0.16990875444435363
none	0.1595697243346008
none	0.15887387500589
none	0.22281093408815203
none	0.1635119979990308
none	0.12066934494100703
none	0.1507033016535506
none	0.15057428479069015
none	0.16579464285714288
none	0.12338225643418085
none	0.10231026133801431
none	0.15148314852640793
none	0.13097183304946614
none	0.19902688563212417
none	0.11756964153688375
none	0.16817438324282388
none	0.16011354003270697
none	0.17435685017513713
none	0.16584600024576063
none	0.1494566800030387
none	0.22158344776083452
none	0.14582931593921925
none	0.15527566550312452
none	0.14143913819747636
none	0.1498957642772197
none	0.14919301569545915
none	0.1823327179007343
none	0.16594101448801388
none	0.15110853141444414
none	0.12033495213717173
none	0.16983547947925232
none	0.14503844147157188
none	0.1372575322567833
none	0.09625293657008614
none	0.14297872095129868
none	0.1325593286145208
none	0.08487947660871123
none	0.11128272683724542
none	0.12718419544205722
none	0.1403339297936834
none	0.10249462087514223
none	0.13010103233901785
none	0.10287378057011032
none	0.10069679080385788
none	0.13744289695938833
none	0.10970756913002329
none	0.10871402136722295
none	0.11449918571635644
none	0.08570276347712881
none	0.12376451501420782
none	0.12268679407343783
none	0.11889756412660707
none	0.15438099389712293
none	0.10805693522545202
none	0.1086389587911775
none	0.13351345294993341
none	0.10724423463639345
none	0.11542003818655666
none	0.14989024368083445
none	0.11474441894835095
none	0.10776562470380832
none	0.07506815122495289
none	0.07072385633714555
none	0.10815432563189273
none	0.07801101993391672
none	0.10148530735054272
none	0.10203257641921397
none	0.1097405100736612
none	0.1416655465037339
none	0.10277504377476732
none	0.087682257409663
none	0.08694694772684644
none	0.09045997863679668
none	0.09484394784829839
none	0.13861522983805005
none	0.09894927253730876
none	0.123183604661005
none	0.1486706172405973
none	0.11679014244633183
none	0.12018268903073678
none	0.10249459498509189
none	0.07732532772356299
none	0.10037897052618891
none	0.12386629065450072
none	0.13101253357882345
none	0.16906135615874973
none	0.1252138650266823
none	0.12843487030348516
none	0.15413652037143463
none	0.09406804279210076
none	0.12350401146921781
none	0.19677346151586944
none	0.1375832130266913
none	0.1025865446239298
none	0.09694237252263826
none	0.1435105074026161
none	0.10909793442149357
none	0.12240668659630284
none	0.12992084880805
none	0.1258482309440619
none	0.11316473769533325
none	0.1266761985642441
none	0.1640413272910676
none	0.10856837281856294
none	0.12367874911035713
none	0.07698686900456045
none	0.0997434628975265
none	0.0968945996088853
none	0.11232534478457645
none	0.18849129860271582
none	0.18379888419456178
none	0.13919879594827037
none	0.16934669244435158
none	0.11281560621489341
none	0.0773178794091803
none	0.1034086432679322
none	0.07931276036659615
none	0.10181190950741595
none	0.08281600024102798
none	0.08231712812208473
none	0.1050720598352414
none	0.12896639595145765
none	0.08894453701888519
none	0.10565523326605837
none	0.08808336096175746
none	0.08506226190018086
none	0.11953805521695432
none	0.07380431118886732
none	0.07750069909118147
none	0.12079825437491858
none	0.10922376970989284
none	0.09952474249888042
none	0.12356349384098544
none	0.0984057055027759
none	0.08043695872052593
none	0.07990034709273973
none	0.09241448824831613
none	0.08949085681524518
none	0.10904108844593678
none	0.11458190197421683
none	0.10441116555137207
none	0.0883182490938381
none	0.10356699740497632
none	0.12075558232354106
none	0.07747493587870523
none	0.09102243571736242
none	0.12175845784855571
none	0.10630778562137357
none	0.08925185322461081
none	0.1161251353333566
none	0.138842534780004
none	0.14326765605449743
none	0.1198024317844503
none	0.11047002318648559
none	0.1186456940453498
none	0.13080956393149462
none	0.10974118881550521
none	0.1417092860039303
none	0.15076953925943795
none	0.16855229932527382
none	0.1305379962307739
none	0.10971293202037755
none	0.10605171452924207
none	0.12730456867696283
none	0.09898404195682234
none	0.09713973191599258
none	0.13268340953519556
none	0.104440511553735
none	0.12242502886196403
none	0.10711767744601718
none	0.1131982351922234
none	0.1350947947917707
none	0.08558896479906593
none	0.15192187658031236
none	0.17658615384615384
none	0.11048743013475269
none	0.11445174494262396
none	0.1511669659902425
none	0.12248860948411804
none	0.1540449445679226
none	0.1318142144450851
none	0.13657938994229185
none	0.1514429185110408
none	0.11748479624216077
none	0.17393545964467602
none	0.15434349125730762
none	0.11708323628322058
none	0.12615965635397527
none	0.15879648005166894
none	0.15382845991175625
none	0.10092093153569244
none	0.1345303400718248
none	0.14195811431081756
none	0.12715157612063627
none	0.12230346665023947
none	0.12809345108944778
none	0.24101146942849197
none	0.13477860457799104
none	0.13127837549933422
none	0.1609690458549436
none	0.1220112144119168
none	0.14001619786476188
none	0.14329508353482778
none	0.13057360753380554
none	0.12770834057753402
none	0.09525502865997684
none	0.12312948966017656
none	0.1750800961768016
none	0.1469185504936468
none	0.11229262833962791
none	0.10497918066973444
none	0.10614214528978592
none	0.12177472880893978
none	0.10776528738720584
none	0.11727390902003076
none	0.052499846916906505
none	0.10128407343405676
none	0.11534851816682495
none	0.11486933410568102
none	0.14018708010335917
none	0.13164789426808318
none	0.10063883530946843
none	0.11894835758286405
none	0.09739831248976025
none	0.06468465197156446
none	0.09239959344403961
none	0.1000357142857143
none	0.10610556748719642
none	0.08395646554045563
none	0.07740650360041147
none	0.08555752939458118
none	0.09612005339534083
none	0.07922436210092114
none	0.08003572296476306
none	0.09063509297391739
none	0.09899450799479045
none	0.0856437086338271
none	0.11843318006526253
none	0.09879425913199767
none	0.1038372912075464
none	0.08780365940523535
none	0.13267404964067575
none	0.11642029068545999
none	0.10494748848168325
none	0.1237791551217017
none	0.14375392823973157
none	0.14408254612788915
none	0.1501643865882966
none	0.15764469438447432
none	0.11215265473019019
none	0.11216165399078723
none	0.13061703162201135
none	0.1275600371500597
none	0.1537668307778872
none	0.11686764684753717
none	0.16501469658357124
none	0.18607291166997877
none	0.16225675168112813
none	0.11989807907951833
none	0.1081348340944212
none	0.13810737522690653
none	0.10664663433274543
none	0.13571696998345545
none	0.12281125101797909
none	0.11543530494598653
none	0.1422166334368086
none	0.12741214145203347
none	0.11660838319659492
none	0.1346397707010615
none	0.12988961733149576
none	0.11802615586478366
none	0.1506799307958477
none	0.13774565862732358
none	0.12861315329182116
none	0.144824304011998
none	0.13092957007543532
none	0.1267267179216174
none	0.12361789843427808
none	0.19277081199815957
none	0.14701524154962187
none	0.11482543440901277
none	0.12250936138523878
none	0.1501725393654339
none	0.15959027595597697
none	0.12802642252353605
none	0.1398679050987087
none	0.13047506589836322
none	0.10428762250200535
none	0.1121171151967315
none	0.1552229862316662
none	0.10513470538913025
none	0.1151179879942041
none	0.15167282040748206
none	0.1747312938897409
none	0.14829514650832584
none	0.19279866239487387
none	0.14799330591820709
none	0.17594017203543225
none	0.20484958850993115
none	0.1675195435827042
none	0.2138061275047313
none	0.13875113489602267
none	0.11281035310250256
none	0.1554232822963684
none	0.12283001324357135
none	0.17014266333452338
none	0.21085246456321824
none	0.16578527805082421
none	0.12691929539586091
none	0.16333311316931115
none	0.22064773490822928
none	0.15314042468256284
none	0.16592483342506179
none	0.14363975784853444
none	0.11098245882194693
none	0.09676250297487506
none	0.12276818450008799
none	0.13238994117647057
none	0.15084674945650556
none	0.14610784429820853
none	0.1542270509857975
none	0.11320715153797431
none	0.16385893170137547
none	0.1456827155494248
none	0.12782672751521212
none	0.15254575335261633
none	0.17077324035072095
none	0.12901367304742214
none	0.08902943760984182
none	0.10851775142332935
none	0.10101760557396551
none	0.14601694588869635
none	0.08861095322961322
none	0.10999255793072489
none	0.1211435490764044
none	0.10384513738900887
none	0.10692909667194928
none	0.11238026203148846
none	0.12432967570992455
none	0.1526870824557828
none	0.1183273958671108
none	0.15006358426572064
none	0.13742647455548745
none	0.10613338994244739
none	0.12156926580182169
none	0.10629182520465814
none	0.1182420813185556
none	0.11125620841254753
none	0.10529129760424545
none	0.08350684103614417
none	0.07986629944335043
none	0.07636395992383392
none	0.1002074130203463
none	0.13420663457513604
none	0.08027946127946128
none	0.05718755845613451
none	0.18149930103396597
none	0.1301534784231531
none	0.11753728342664077
none	0.10508838972311622
none	0.1142038220460268
none	0.13823284829918947
none	0.118780645363605
none	0.09919783627503553
none	0.08474715717878777
none	0.17812122947689957
none	0.12455065543573508
none	0.10771314584695878
none	0.1211474775095649
none	0.1435342877878208
none	0.13560312624370427
none	0.11604037201028636
none	0.10552150764612066
none	0.07650327634479061
none	0.11452923615400452
none	0.09722694727329602
none	0.10962483576783368
none	0.1576269103745203
none	0.16444773091943932
none	0.09744219815881847
none	0.1420924286756631
none	0.18493086728846728
none	0.19538919665199758
none	0.16879622990287788
none	0.1546510583826503
none	0.1307787964139099
none	0.11624644535925957
none	0.19006861692869986
none	0.11275117132014671
none	0.16117775759035088
none	0.12492676231418655
none	0.16615259675475488
none	0.18407988206019701
none	0.12404320632420644
none	0.12977868465748255
none	0.1521390580936266
none	0.15134544033704808
none	0.15983796197241357
none	0.1469549601660147
none	0.12724076362042167
none	0.14919889037043846
none	0.147278321812596
none	0.14887775821376392
none	0.13480556718292172
none	0.1254730816973932
none	0.12675332845870274
none	0.12890560311114296
none	0.12284299939815066
none	0.14488683362306243
none	0.15742772306626418
none	0.1289681350064907
none	0.19262245384197213
none	0.11878458561285066
none	0.28501602457985137
none	0.16750134806865805
none	0.2074121539571637
none	0.15987355173366782
none	0.16474616848921061
none	0.3956591329972019
none	0.18524606597603155
none	0.12101361384421098
none	0.12591465053763437
none	0.12031816974012857
none	0.12590427011159575
none	0.14215834831414417
none	0.11230710271299736
none	0.13780910596242354
none	0.12794455610642128
none	0.10376394806757232
none	0.21244138228011628
none	0.12114947320548773
none	0.1735714713258135
none	0.13533436866511803
none	0.1534878275670968
none	0.13303485655970065
none	0.12257789216795424
none	0.15594870881567227
none	0.14738190855152294
none	0.15351463676703386
none	0.1518708258831489
none	0.15956768209802508
none	0.1362430310168826
none	0.17175553121298193
none	0.16950811529052368
none	0.16047999632116253
none	0.13341046407210996
none	0.14325756651091823
none	0.16207538889941828
none	0.12406009572770785
none	0.14389196891968922
none	0.16959086646094268
none	0.11485913226558386
none	0.13519729416459234
none	0.15246934791097227
none	0.14147126171307906
none	0.1268804152655806
none	0.10837667250967882
none	0.10229571722461193
none	0.12844375575713102
none	0.12885447399897476
none	0.14165151296681563
none	0.15114063263643768
none	0.14561767545375093
none	0.16295192084602547
none	0.17384888367697796
none	0.2176859362308229
none	0.1348238150143225
none	0.093628425057571
none	0.10723871494938184
none	0.09370820283227331
none	0.11145968074858949
none	0.10461082007810268
none	0.09552127122333477
none	0.09744829730831973
none	0.13471349098470595
none	0.08570330421445718
none	0.07788372779523868
none	0.10574303808449727
none	0.10800667233141567
none	0.10408722024066161
none	0.13207349213007716
none	0.11777901625933122
none	0.1445442378669242
none	0.10984162593886762
none	0.05817465394584459
none	0.0684395134603345
none	0.060904027513410626
none	0.08928555957229366
none	0.07321013128498631
none	0.12813581203689703
none	0.0735576529867095
none	0.10407597640742561
none	0.07477030935978904
none	0.1259497666547002
none	0.09150048843030709
none	0.11478750460744563
none	0.08653732621357654
none	0.08970012502486291
none	0.10197847088377976
none	0.10482408529197966
none	0.13480622439114226
none	0.09149351364020829
none	0.1349252587625894
none	0.13696692664074683
none	0.1186902195956997
none	0.11845342814371257
none	0.1337203483195243
none	0.15587163120567374
none	0.12332124269705272
none	0.14160953689778555
none	0.10761934956600158
none	0.18212520335052437
none	0.13664445101483558
none	0.14728548267774785
none	0.11074593380260596
none	0.07659996586311109
none	0.08949247668066812
none	0.08352062180671813
none	0.07657608845888043
none	0.14353898492642664
none	0.14351428624611431
none	0.12972677114838238
none	0.1218446443705587
none	0.11151367516514299
none	0.11489438536200249
none	0.07371573657208669
none	0.1079880169260919
none	0.07739815119703601
none	0.057077692605497485
none	0.06782679058663028
none	0.10208133085164503
none	0.11751865177539064
none	0.13402827445499382
none	0.14361905720381626
none	0.1462498289890553
none	0.11981094206306671
none	0.10252693887895846
none	0.10440511847259183
none	0.162876021217754
none	0.13855442140148724
none	0.1383246202899141
none	0.1433141489347633
none	0.11782192679836734
none	0.09329103604901445
none	0.13695440596572053
none	0.14704834280449472
none	0.17309663859300725
none	0.1543241985625274
none	0.16701554869583682
none	0.1454362783828306
none	0.11548812025214159
none	0.11954765412838736
none	0.12798103813170547
none	0.13409793538659823
none	0.09507194566202674
none	0.14022443826857756
none	0.12255919925013388
none	0.12141735073182064
none	0.14932969343041577
none	0.09876871636963082
none	0.10425084775236935
none	0.11385226849678702
none	0.1002997992866735
none	0.1332603154723623
none	0.13790743556462082
none	0.14338956413590367
none	0.16837011853803094
none	0.09862268198583965
none	0.1314007747368421
none	0.07966297108830213
none	0.1112760800059484
none	0.13139763389311046
none	0.10484847992014043
none	0.10421542142941898
none	0.14202052739220816
none	0.10512622589220066
none	0.09146327782306586
none	0.07852826735294938
none	0.1083040274687219
none	0.09153412989240604
none	0.06517645048602673
none	0.09590340615435779
none	0.13508772801335295
none	0.1262645004797953
none	0.1258831868443436
none	0.0855715689577718
none	0.15009685489635452
none	0.11443215495517256
none	0.1523940333684798
none	0.12781651146071923
none	0.1335065784893839
none	0.13844300103859278
none	0.12180796775491842
none	0.14015417539792233
none	0.11643152060251859
none	0.09923298309730472
none	0.1238991685307897
none	0.09618681610356694
none	0.09660615547300022
none	0.10914302661721391
none	0.12314566432202323
none	0.1045257738896366
none	0.13023240414553214
none	0.1331805549817531
none	0.08729114650346001
none	0.08921333678055765
none	0.10839948057856723
none	0.09764051959732936
none	0.09477912513491207
none	0.09927066192969335
none	0.08056243622448979
none	0.07128350553779826
none	0.11517794181632685
none	0.09039325694718818
none	0.07166800694121134
none	0.06249889185229705
none	0.0654512197675636
none	0.12223801440492431
none	0.09462428292554403
none	0.1367428896291077
none	0.11990758616058687
none	0.0922395985920112
none	0.079295083137087
none	0.12114121194919464
none	0.11252806342585933
none	0.14248403939346568
none	0.12864023591087811
none	0.11601672537705289
none	0.12165256418428981
none	0.12833093623858605
none	0.12536432820538593
none	0.12304163244903059
none	0.1431581977178514
none	0.11984278323548218
none	0.15103694889779556
none	0.15244847783244442
none	0.1387078948084088
none	0.12787805679996708
none	0.1690175299960126
none	0.11361311480517862
none	0.11274737942490547
none	0.1621844509490864
none	0.10524528435808711
none	0.1514674062303829
none	0.10438042628774423
none	0.09720399725759872
none	0.13621703653123934
none	0.11771904167316996
none	0.11555417071052766
none	0.10136232577806498
none	0.09259550281204315
none	0.11686301949310868
none	0.129247554539057
none	0.11642330830434848
none	0.10388425350078241
none	0.15518997378661328
none	0.11382768513389499
none	0.12436623109164481
none	0.11525006258063275
none	0.08830146007957047
none	0.13121686102568073
none	0.1251501758949951
none	0.11237062259081881
none	0.12182173658821807
none	0.1322864267280463
none	0.15720678310513328
none	0.0933293046768844
none	0.0757375265993571
none	0.10222419748289185
none	0.10634063901858463
none	0.1046336297493937
none	0.12809913800431846
none	0.1259769777056614
none	0.14214701530023488
none	0.09434071774452076
none	0.08685532025239864
none	0.10232305638286947
none	0.12114239545414188
none	0.11061158295040405
none	0.10876839399916326
none	0.1700561558231689
none	0.12999361624513617
none	0.10979593284821403
none	0.07915069935130724
none	0.12680551671758758
none	0.07190080166212587
none	0.11040282825308907
none	0.139572936642226
none	0.1271215343070028
none	0.12917478161378781
none	0.15239795767897957
none	0.14229211912514275
none	0.10839930873723978
none	0.13894796658548722
none	0.1150266702191434
none	0.12635999633183165
none	0.13664130251391934
none	0.14545147242410458
none	0.1198005518373676
none	0.11339876105386525
none	0.12564122391537913
none	0.10851388529910111
none	0.15300371437497828
none	0.13444139095876798
none	0.117584085857878
none	0.120614697911685
none	0.1189576162761527
none	0.149975719038817
none	0.1389322422525451
none	0.12381854754222017
none	0.13200838462127093
none	0.15514593297051657
none	0.13207848298139618
none	0.15022374342806766
none	0.1381051056045235
none	0.13257422043537948
none	0.10146469267955802
none	0.10089974214145382
none	0.11280470227166854
none	0.11804515559986963
none	0.14818548728202563
none	0.10002252946022422
none	0.1151564329120531
none	0.15144684111141082
none	0.11662644563424647
none	0.12615069145962593
none	0.159085991547717
none	0.10916001982847015
none	0.13607818094292506
none	0.14156221178510273
none	0.15976331284911977
none	0.16131819261700522
none	0.17664168472475664
none	0.1374487120492662
none	0.17845110033173167
none	0.1818542466945394
none	0.19452540526849038
none	0.20077696993515426
none	0.1623663120604987
none	0.12833591171065076
none	0.14978433079434167
none	0.12642042432595066
none	0.12765419561731695
none	0.17751695314580726
none	0.17329671418257525
none	0.14711073600026223
none	0.13876583830765005
none	0.14725387997043832
none	0.16771991550597398
none	0.14898547365807224
none	0.11635459553850316
none	0.12726980386194314
none	0.13885607440438805
none	0.11898876893463887
none	0.15756088577195643
none	0.12039288250611535
none	0.11784055916847311
none	0.15689669086337643
none	0.11421227824077894
none	0.11515875759304627
none	0.09969303911942534
none	0.13497563292721546
none	0.14765221441124782
none	0.1830148871964363
none	0.14616981672941312
none	0.09316850035430575
none	0.1116939022309273
none	0.10065533501131042
none	0.11713791444318081
none	0.14719040776305112
none	0.11683419462444973
none	0.1548220944967415
none	0.16186211418903362
none	0.19635611082946614
none	0.17243918606902922
none	0.13923053867697396
none	0.11514215671730356
none	0.12909192045015247
none	0.10699294124947642
none	0.20579328286132662
none	0.19349723253239565
none	0.13574350000000002
none	0.13893063698244223
none	0.18727767801023615
none	0.14473183774618495
none	0.19334505472233482
none	0.14028337631249288
none	0.13988176058598845
none	0.10164597844112767
none	0.14179314159292034
none	0.13800070097452555
none	0.1344238288960983
none	0.10578731538608722
none	0.11544809098579666
none	0.10554853417190131
none	0.1165270559388447
none	0.12339120406264538
none	0.11853944823070744
none	0.142152337470977
none	0.1229490631428137
none	0.1361734609439648
none	0.12098989228372059
none	0.10845692111381078
none	0.12242525239386452
none	0.15655582708459273
none	0.12255857688215782
none	0.1363608843225392
none	0.17826452224382713
none	0.13536552242828231
none	0.09745801751799497
none	0.16007568361423874
none	0.15451244253299717
none	0.11864339421485282
none	0.131496814164959
none	0.15458400370139194
none	0.11252678895856531
none	0.1576894243172923
none	0.15818682343861726
none	0.09380022978347327
none	0.21273248673712353
none	0.12529591646755828
none	0.10813634170376159
none	0.10471319357824006
none	0.09741185075634576
none	0.14568639237396405
none	0.09773723087114937
none	0.11022170710953318
none	0.1099855614671655
none	0.10845600241911099
none	0.1722603205041725
none	0.11447140495280082
none	0.13308115260217585
none	0.2038856362832975
none	0.16503150009385187
none	0.19036358213406898
none	0.13239833988704836
none	0.15661274664423652
none	0.1617205766192733
none	0.1271136896835965
none	0.1648190836583804
none	0.20360913592260793
none	0.15991541854067506
none	0.16417028747829443
none	0.11198032678295428
none	0.11853010906013979
none	0.14650451062599393
none	0.11113560860175527
none	0.12301887599229097
none	0.14168669417615137
none	0.09651939233340359
none	0.15022479936326855
none	0.13022597343496686
none	0.13716710006741792
none	0.13192531386861311
none	0.12412873415919122
none	0.10666017728717174
none	0.16635082133613033
none	0.11602946575990945
none	0.12891453118745985
none	0.11905608529168857
none	0.1580874995989691
none	0.10306819061075508
none	0.0879107658315812
none	0.10973900700652332
none	0.09517069840493123
none	0.1448946584523729
none	0.13503980777725313
none	0.1109881301122313
none	0.12578775111834076
none	0.1383161031403632
none	0.13099561579043115
none	0.13106985488479286
none	0.13779190232516383
none	0.09484346564476194
none	0.12288263236021772
none	0.10478660726160394
none	0.1296849181556916
none	0.1519974328772915
none	0.11432959944143405
none	0.11339158333333335
none	0.09955093718971933
none	0.10447193844975099
none	0.09640621240051661
none	0.07155281209628996
none	0.06873988127361036
none	0.07776871536107204
none	0.09208531811688364
none	0.08057281941584533
none	0.05276739837879415
none	0.07726952912551882
none	0.10005513409035999
none	0.16646071618743344
none	0.08525353623892688
none	0.08876211590218214
none	0.08956522399095124
none	0.13654855550394798
none	0.12498188867450581
none	0.1279221215084168
none	0.11000264964859843
none	0.10519619859391527
none	0.13957656492197243
none	0.1556338157224929
none	0.14937531125028294
none	0.18864501489434016
none	0.11966503814750365
none	0.09554205777156448
none	0.08140227327886093
none	0.12085376843812323
none	0.13195882564745418
none	0.14152198624523388
none	0.12360748157381313
none	0.15918037927243653
none	0.08673586529006883
none	0.10592604363379546
none	0.08736079016026835
none	0.1014255147779801
none	0.10349489641741934
none	0.1444801038062284
none	0.13538062405841558
none	0.12593430068520756
none	0.13886699049193882
none	0.11972877668137305
none	0.13014604708931848
none	0.1271993702296608
none	0.115879275597993
none	0.1340897893030794
none	0.0844526768852387
none	0.10819140222930736
none	0.08299223109969085
none	0.1036479986526694
none	0.12735200032872263
none	0.139193336461755
none	0.10155265561790423
none	0.1040962426708149
none	0.11060798118615417
none	0.08242994293645897
none	0.1295212674093517
none	0.11960961933411164
none	0.13726224062543455
none	0.1302643061516452
none	0.1339318827033779
none	0.13700220191757548
none	0.11600419597679872
none	0.09725460417713343
none	0.14183611493765672
none	0.1100351916996318
none	0.13884623655913977
none	0.15799649385718123
none	0.12033612910790506
none	0.12474268958683779
none	0.1235102222076021
none	0.1197622536952863
none	0.12992617069258694
none	0.14639738420181966
none	0.12058974461772845
none	0.1631716178449436
none	0.11189734400895375
none	0.15205614329971656
none	0.10746098672692637
none	0.10483534732219463
none	0.11451830218546379
none	0.15990258148714034
none	0.13476131158157387
none	0.12253303714051052
none	0.1305661649561191
none	0.1177550200803213
none	0.11405928594824762
none	0.13794467384892423
none	0.1314126940818362
none	0.0847505119453925
none	0.14003810370558537
none	0.11901770696930017
none	0.12258421550907996
none	0.15090614425645593
none	0.10418595547114064
none	0.13746686881227516
none	0.1315106127058329
none	0.1574728975421972
none	0.12408294813948616
none	0.16178821192230766
none	0.14170075936728152
none	0.1385886312132767
none	0.11230349639967338
none	0.1342567947234784
none	0.1437859129073189
none	0.13629722746105524
none	0.08972514084618177
none	0.08563653798393994
none	0.14424236569527182
none	0.11179823823342548
none	0.13024314621867594
none	0.13052660797558757
none	0.16539443725555766
none	0.13924040037461952
none	0.12064302102082891
none	0.15429012603850623
none	0.14805122258192172
none	0.1410627240143369
none	0.1545166374055916
none	0.12025120199911432
none	0.12196026953258274
none	0.1356239665386368
none	0.1533355697376316
none	0.1332750865051903
none	0.15083934945168534
none	0.10468083681705487
none	0.1250788463229475
none	0.07502858943585479
none	0.11074928821546619
none	0.13039471751141768
none	0.08914680679062247
none	0.1249772570226829
none	0.08388735130230118
none	0.10717576743925024
none	0.09719699449486684
none	0.14245204706886563
none	0.09035787874047421
none	0.06528237156739641
none	0.08404791321934178
none	0.09155359539594093
none	0.06583321737786023
none	0.08484917377939365
none	0.1025787953726909
none	0.1694753756458264
none	0.12281554059283338
none	0.14168297122243173
none	0.1332963078482592
none	0.12451784112925547
none	0.08719910680443631
none	0.1070069154988533
none	0.09488772183991308
none	0.11189845525020835
none	0.14929345901929542
none	0.14934078362008898
none	0.1367478393248864
none	0.172179471419791
none	0.12362806651045931
none	0.15453703971915883
none	0.12187774449556865
none	0.1307207637565841
none	0.10093249289772728
none	0.1161952718212866
none	0.1170906371766046
none	0.10779157093624353
none	0.1219827931660033
none	0.14199146964946477
none	0.12492107958922781
none	0.13605843112556393
none	0.11079625127942683
none	0.1318153388928318
none	0.09066221015897635
none	0.1421572117593018
none	0.12432183310631587
none	0.10303796474482334
none	0.10738976704756185
none	0.11487665231837013
none	0.13293932663493743
none	0.1400018163677761
none	0.14510464908124046
none	0.14597157253515833
none	0.11223886214982105
none	0.1442040616310343
none	0.13400140252454418
none	0.12216521308139788
none	0.12834852560027385
none	0.0751597273915273
none	0.11208023392216396
none	0.12992368977965896
none	0.19009542277808866
none	0.16849801156103544
none	0.16711129396627816
none	0.13950712629630294
none	0.13263997453298412
none	0.1192182671587231
none	0.15072272423025435
none	0.17376583481513272
none	0.17354467181161795
none	0.13297324307212777
none	0.11667693559046312
none	0.09766417897281181
none	0.15552364523729384
none	0.12702951351899763
none	0.1453395394168358
none	0.13754897515123352
none	0.10415712039985489
none	0.14117045908183634
none	0.14086073286016979
none	0.1020682567178163
none	0.12127537829353462
none	0.14559875591472168
none	0.137225150610703
none	0.13626943842333009
none	0.10962768766503204
none	0.13968244952508233
none	0.1656480693629167
none	0.12728629491871138
none	0.20055395206998522
none	0.17626938192811556
none	0.18996960070635768
none	0.17473628138613173
none	0.13845444959932518
none	0.15152205203324523
none	0.12249639351131329
none	0.13549084668192218
none	0.15583797697921695
none	0.13633964443693122
none	0.11248831879343485
none	0.11754392164155972
none	0.13449455432045296
none	0.10015153320960958
none	0.18661405334165712
none	0.20234858123310506
none	0.1495746332020106
none	0.15149548376917918
none	0.13922742317723846
none	0.11573828745454785
none	0.1110837938938812
none	0.14122840757978722
none	0.12637198369960703
none	0.10199517846661262
none	0.09928228472235046
none	0.07972125866032749
none	0.14077417152887256
none	0.11646498769632713
none	0.15736824001908697
none	0.13559789440457512
none	0.13380958620508923
none	0.16263669233475353
none	0.11645682011584177
none	0.13754129800800752
none	0.11394230607260171
none	0.12574902663313536
none	0.12776515024981983
none	0.10479943708148398
none	0.13019537123582722
none	0.12026003661074752
none	0.13649992776654146
none	0.1281065290580573
none	0.1798037668922595
none	0.11361706784382318
none	0.13993692294660753
none	0.16179416528057428
none	0.14123709617077168
none	0.13926686250417034
none	0.11840593864386191
none	0.1547513171664682
none	0.15073399060907253
none	0.12799966319334807
none	0.17322540084388188
none	0.16712510676701425
none	0.14691992483919925
none	0.19640083069219527
none	0.14225304957697796
none	0.19907496707769665
none	0.18301221521072505
none	0.12955762239379265
none	0.11653667165874303
none	0.11303165730174361
none	0.13086869040857513
none	0.11490571617437288
none	0.12036117858077051
none	0.10410253638420114
none	0.12823666627130037
none	0.14966607862435238
none	0.09631598103379191
none	0.0995066685635025
none	0.15757023781767313
none	0.14479925370794267
none	0.1390711553727358
none	0.1256200164728492
none	0.1496411017657537
none	0.08558761933868904
none	0.10682179020241574
none	0.12934708309868254
none	0.12462112431964038
none	0.14700615507063738
none	0.21527024853163076
none	0.21978054549114331
none	0.12815361513542695
none	0.13901554360845705
none	0.1020737897026287
none	0.1606516330414922
none	0.14983049409575414
none	0.1557438338036702
none	0.13714261599490524
none	0.1347012264443449
none	0.13290698380874263
none	0.10504230077160025
none	0.1165579637998926
none	0.08745567348891836
none	0.11895940271217428
none	0.10960794635708566
none	0.1428239601915313
none	0.14131448880893419
none	0.13422232887709867
none	0.13182953995157384
none	0.11037672182821119
none	0.10953327410188925
none	0.11799779996615332
none	0.13589759549103883
none	0.12504423424401898
none	0.10978642233966042
none	0.11447223901375683
none	0.07125965281195472
none	0.07972622183866278
none	0.07378402179336759
none	0.11863174921139281
none	0.11141038153621728
none	0.11491235101852158
none	0.0759960655851359
none	0.09809489519853523
none	0.10700679438627755
none	0.137422296754857
none	0.08226199451404372
none	0.10222666288173071
none	0.11517352806937474
none	0.06263513406784346
none	0.07774092726499363
none	0.13145441579996497
none	0.11127889712281441
none	0.18415005303148854
none	0.1203609809502956
none	0.1341070077150383
none	0.11302835210005796
none	0.11581371625440745
none	0.13290424633848658
none	0.10806430827769402
none	0.11131721234385558
none	0.14630452996159393
none	0.14227505614061633
none	0.10335772032947173
none	0.14161963383188483
none	0.13722311827956987
none	0.12727678765485764
none	0.12335695753881054
none	0.10736500583471835
none	0.12024662907162696
none	0.11166009474473451
none	0.14107587865073187
none	0.11392372805526225
none	0.11912573007103394
none	0.09273652808852352
none	0.13364731043421904
none	0.12276602047860101
none	0.13970216495748966
none	0.1643828085106383
none	0.19483038978238584
none	0.1483853877185119
none	0.17345733802300473
none	0.14849295118633124
none	0.13856084867255222
none	0.17214818247890704
none	0.09121545926322402
none	0.1131590665882287
none	0.11922950729575993
none	0.15841919870750512
none	0.14786137352336226
none	0.11702071698113206
none	0.07789017219655607
none	0.09517707514321014
none	0.10611188073611133
none	0.10465791769667006
none	0.09146890285306539
none	0.11673047161995279
none	0.1258793399448432
none	0.09605258013148973
none	0.11501140168744974
none	0.11103166443356759
none	0.1247069901691815
none	0.11849839188328337
none	0.15579802176063304
none	0.12608126622975144
none	0.10399447688180526
none	0.15026613108495065
none	0.1228549666203683
none	0.13999551281101347
none	0.12425554285007884
none	0.09720007948981986
none	0.10271787811525386
none	0.08165505348776878
none	0.12579832076887348
none	0.11335337503046056
none	0.1394779994804488
none	0.16677054803522143
none	0.13515301406958263
none	0.16455106275474113
none	0.1506572694421068
none	0.18060783060791774
none	0.15056267914639862
none	0.145258075970307
none	0.15056784591530464
none	0.14927356465505529
none	0.22133639354991178
none	0.1260494176524113
none	0.15500767294249979
none	0.10747959921322058
none	0.1451938211454795
none	0.15008626216662183
none	0.14449126895624248
none	0.12474026765814117
none	0.13686698716309517
none	0.18841045113709579
none	0.08948408385093166
none	0.12512969800917098
none	0.13974743273524526
none	0.12387992183683438
none	0.1277682863250091
none	0.12395879197038633
none	0.11975396468543792
none	0.12828780678040042
none	0.14747801744180528
none	0.13407322955175602
none	0.13390945475361352
none	0.1255543088466163
none	0.12050277106081314
none	0.1427668411912599
none	0.10120949087673949
none	0.09667466557563682
none	0.13531835390560223
none	0.14711681553474468
none	0.12778526486304959
none	0.11959818500238813
none	0.12320590777526665
none	0.12207812428493704
none	0.12136427315442044
none	0.136958053475686
none	0.12331610759328063
none	0.15194704961194952
none	0.13501540914713203
none	0.10613608336121601
none	0.10886360497628451
none	0.11814258139558208
none	0.134091829479851
none	0.11459535179385406
none	0.12044165623202138
none	0.10107998813698295
none	0.12674808484784447
none	0.10751289758611171
none	0.16845797779138533
none	0.14759267634510725
none	0.1216777408839913
none	0.09711611571596397
none	0.1149574043325111
none	0.11572638327676311
none	0.12651814393062366
none	0.1357455398892166
none	0.0993708168542744
none	0.10698130972703754
none	0.09008459523353139
none	0.1161551752819705
none	0.12018651214596374
none	0.09983171929345973
none	0.11360892271193751
none	0.0918379705400982
none	0.08957813840757523
none	0.10175264687564875
none	0.07873851458542427
none	0.0894230360388163
none	0.11529879694226583
none	0.11757610698607124
none	0.08028950452440874
none	0.10295491157263863
none	0.08714987165383206
none	0.10951043515476505
none	0.1148735544217687
none	0.08615747330960852
none	0.09101450113695297
none	0.07789660662319642
none	0.08745478758822746
none	0.06805522909472748
none	0.08816245088408645
none	0.08131027118743234
none	0.08094293630284785
none	0.09039816639789762
none	0.10300533138255719
none	0.08034250419065665
none	0.0936805027857454
none	0.08298089861242622
none	0.08856545738116227
none	0.11666033777777778
none	0.10964060502052628
none	0.09997222751101124
none	0.10753589676689931
none	0.09416999360309677
none	0.1806338412818315
none	0.17268518440581906
none	0.13707091051395773
none	0.06991569694850923
none	0.11415522950736155
none	0.09723477278651489
none	0.10647911345610969
none	0.08011118101892478
none	0.11429103614457833
none	0.10246451358931881
none	0.1135486548343913
none	0.14363037895185438
none	0.161296490410122
none	0.13902818950930623
none	0.12857175361612222
none	0.1552188249856687
none	0.12905969596959696
none	0.1317225146062164
none	0.1281723250087935
none	0.13489398526129098
none	0.13969974768713206
none	0.14522190476821806
none	0.15816287900370354
none	0.14253527294732146
none	0.22567943707799334
none	0.17777990779800998
none	0.1475488904408009
none	0.13973732254527133
none	0.18687091156415434
none	0.11115629508694662
none	0.1226950922082923
none	0.14834413507980893
none	0.14360408599059607
none	0.1822184597024641
none	0.1742666685788862
none	0.16356642600292168
none	0.10783209267702615
none	0.08438124254036058
none	0.0965818238634527
none	0.12106489695712983
none	0.14343794535685708
none	0.1070495587331732
none	0.11177598730741296
none	0.11939419934640522
none	0.1547032229120537
none	0.12938631403435044
none	0.13839386733624892
none	0.15972870512641427
none	0.1430305780877049
none	0.14070909059852416
none	0.11716938932549545
none	0.11799314458122748
none	0.08506026411328846
none	0.08563885725410035
none	0.07293096040751651
none	0.059343625083943585
none	0.08360195474503122
none	0.09311787177544822
none	0.07719248525262888
none	0.14888435884279905
none	0.14419813404678603
none	0.1480718302018093
none	0.12651919749080684
none	0.11362261960384545
none	0.10218372833173683
none	0.10801001855847428
none	0.13175166130972335
none	0.12957742425338056
none	0.12612690388021253
none	0.1190956172042864
none	0.11618223616363012
none	0.10380861598327332
none	0.08415820037807183
none	0.10331248945147681
none	0.12844052147040388
none	0.12713895022441585
none	0.15155986050153886
none	0.11278990054778494
none	0.12725801197927183
none	0.18397199471218784
none	0.15143980886422403
none	0.14934958521321498
none	0.16322403665351307
none	0.13438282999984114
none	0.1046666993303936
none	0.20609764489325466
none	0.16687993582511612
none	0.16567866587181487
none	0.12148872782605213
none	0.0933546747750251
none	0.10178623063021494
none	0.09406751694612914
none	0.12320506993724109
none	0.1740137242171503
none	0.15901986412570787
none	0.1482572366538339
none	0.1011387962740178
none	0.13457227510344477
none	0.1102466995696676
none	0.16482754660541638
none	0.12596986800665275
none	0.11055168225281074
none	0.12035435645877131
none	0.14969434783559726
none	0.15985848756791113
none	0.11900424427480917
none	0.1324153402173423
none	0.12335263527758258
none	0.1316425558697265
none	0.15433943810305573
none	0.12929198077572213
none	0.1287898768891406
none	0.13033166709578559
none	0.1345767063939187
none	0.12055801770896112
none	0.1508929153456399
none	0.1632010431449957
none	0.1643820473416212
none	0.14037832211272097
none	0.1494237962132799
none	0.13231201354689368
none	0.12552270182062522
none	0.1411662423408169
none	0.09720362752667484
none	0.0957962295194351
none	0.15070519059537976
none	0.10128384107618825
none	0.11918539313710669
none	0.1423971267041185
none	0.12100359525020186
none	0.10979902674788135
none	0.09022993224464589
none	0.1043367751441234
none	0.13241146214165048
none	0.11499118864314005
none	0.1035750759316076
none	0.08968050022394568
none	0.12495653691236129
none	0.14844457617071724
none	0.08930540447128589
none	0.11268249682337994
none	0.1344089412633457
none	0.11348189785591319
none	0.10406305906236121
none	0.1007216994340311
none	0.12739443155452437
none	0.17256586469492483
none	0.14492390206023922
none	0.13740314085990615
none	0.05720671985092879
none	0.10995746628179466
none	0.0887435402111868
none	0.09865909819914769
none	0.11552385544381687
none	0.1202544545268687
none	0.05565554639314459
none	0.09604754881903571
none	0.10437267464976988
none	0.10445400923710423
none	0.09323637290430045
none	0.08810839791071876
none	0.09801892544756782
none	0.11435855492134206
none	0.10400634850837537
none	0.07587798196004293
none	0.06594551347384729
none	0.08153243698890668
none	0.1515924867258138
none	0.17186911939963892
none	0.10552778325045511
none	0.110450134066929
none	0.1072465694518034
none	0.1298970644657178
none	0.07213696817534097
none	0.09840948531652471
none	0.153660129198504
none	0.11786870459753304
none	0.11380828567527797
none	0.1235382301328654
none	0.07976269504109262
none	0.13377769008571025
none	0.11226509641016154
none	0.10629753324002798
none	0.1166336902612993
none	0.1344016973488539
none	0.09303404492296269
none	0.11768345680974038
none	0.11604940371720446
none	0.10317712781992663
none	0.11610542191649735
none	0.20557894145409594
none	0.1588561829861603
none	0.14977147625461146
none	0.11755243067081082
none	0.08354951225420035
none	0.13771905001799206
none	0.13147806171917664
none	0.08721201977809116
none	0.1328107944470873
none	0.1055164644473443
none	0.1098745342285745
none	0.13091114829165199
none	0.09842469164945412
none	0.14808389428627247
none	0.13475905708921493
none	0.11936440463306236
none	0.1289665935777047
none	0.15106296128251662
none	0.13820898632388331
none	0.14554786559701416
none	0.1224435149745492
none	0.1594763930465837
none	0.14251856876630636
none	0.12769752695923378
none	0.14633156348543241
none	0.11092269919345489
none	0.12296793584077632
none	0.13387159859296116
none	0.09266579659862845
none	0.13540441445283938
none	0.11683568205576066
none	0.10792324175512287
none	0.12032265052750196
none	0.093664936650893
none	0.12324875574521124
none	0.09292120652508465
none	0.12591056649037674
none	0.13680875461516617
none	0.10821338034080416
none	0.11725097044666427
none	0.13946914008321773
none	0.08888178718515892
none	0.1093369687154702
none	0.09046529183504945
none	0.12784629629629632
none	0.1382748651382333
none	0.1464570103212339
none	0.1277488443322651
none	0.11835311995441161
none	0.13168424155185413
none	0.1430945675449213
none	0.12875257944980922
none	0.13080770501782765
none	0.15711040195770432
none	0.1268199734533703
none	0.1485114512951746
none	0.1355277899608294
none	0.17209308757116168
none	0.14757149558690666
none	0.1466577194117544
none	0.13704201992369647
none	0.1293352767215885
none	0.12225720890860217
none	0.12983029172289495
none	0.12649278904008143
none	0.13178003312601408
none	0.1064860895756474
none	0.12768907342926694
none	0.09319963409529725
none	0.09060862578320293
none	0.12201737005606912
none	0.06809566111838415
none	0.07430269643374893
none	0.08950729333029127
none	0.1141156865450403
none	0.10882180956858206
none	0.09580945181049857
none	0.05611126235426408
none	0.08646897023218993
none	0.07473355541649795
none	0.07890779937143223
none	0.08329226283243678
none	0.15733322068266306
none	0.15629679820311815
none	0.15559719531912855
none	0.12227791931465046
none	0.14520066076549057
none	0.11066775669136548
none	0.09185850405806427
none	0.1231112117668374
none	0.11430571325583491
none	0.1338638238218658
none	0.14785578954671308
none	0.1460548773398442
none	0.13566005463427905
none	0.12071056201948774
none	0.15004780803442277
none	0.16761378383858863
none	0.1111184573652553
none	0.14671384838974008
none	0.10484299663218086
none	0.14292081474426455
none	0.15356740668367438
none	0.19420997948640023
none	0.16528989380196893
none	0.09564672377723822
none	0.13609159282020927
none	0.15121686794184472
none	0.19564367012963133
none	0.16634536858233376
none	0.12636412791851315
none	0.13469927073043178
none	0.15762361665553834
none	0.12318588944785464
none	0.14201658865459174
none	0.127541025138359
none	0.11869064161584589
none	0.12574610067352004
none	0.13326324431860045
none	0.20016527958652122
none	0.12433080332570468
none	0.1185175905511811
none	0.10279616025075912
none	0.10694124482436224
none	0.13915005138746142
none	0.1294836515119729
none	0.1263777568075026
none	0.12894100865836264
none	0.1104127276592729
none	0.1375389206491201
none	0.12603922444745871
none	0.12873000013686817
none	0.14727414468500657
none	0.15870565069571238
none	0.11668476246570224
none	0.10095941172520313
none	0.09533557489195946
none	0.1333619015757708
none	0.08626201993441192
none	0.06345161778332482
none	0.11495273485366901
none	0.09283975135222411
none	0.11268999982495755
none	0.15185395357734982
none	0.1463935526606315
none	0.15669422293971033
none	0.1836062709224902
none	0.07129255279595478
none	0.08148097032809028
none	0.096921463551702
none	0.17082091895245433
none	0.14845302044580902
none	0.11458795678226583
none	0.14156623148689848
none	0.11487764821901846
none	0.1339446901071853
none	0.13415369256878693
none	0.12722422887437076
none	0.12351789751318763
none	0.12153264190758949
none	0.14823586963393814
none	0.1329199224530871
none	0.12863488304658804
none	0.1912413973537986
none	0.1064212896779648
none	0.12352026355256727
none	0.12399914288595341
none	0.0985732490240991
none	0.12601863299526628
none	0.13024855554493178
none	0.12574340282645413
none	0.10091031471114541
none	0.14454799353454975
none	0.13974895236260293
none	0.12560696407538277
none	0.10251071003169603
none	0.11151592605567381
none	0.14619661859962985
none	0.1115062033477
none	0.12833206943040107
none	0.10558388216132002
none	0.12603791008880116
none	0.15156068497713715
none	0.14411991275623906
none	0.13250198287358742
none	0.09769646493952737
none	0.12264556581414268
none	0.1303457982499587
none	0.10766417081646543
none	0.16056096026624458
none	0.1283167855297158
none	0.11862662277275601
none	0.1367735644125425
none	0.12012508314929622
none	0.08376642634160844
none	0.11432457762809187
none	0.11029680573478917
none	0.11638466847424206
none	0.07462889891971394
none	0.08115861916475497
none	0.09141816838521089
none	0.1254880875325355
