0	377
1	9
1	54
1	70
1	99
1	267
1	276
1	278
1	333
1	367
1	377
1	656
2	221
2	602
3	213
3	272
3	320
4	213
4	272
4	320
5	9
5	44
5	50
5	54
5	57
5	70
5	93
5	100
5	150
5	165
5	186
5	213
5	267
5	272
5	276
5	299
5	320
5	331
5	367
5	452
5	473
5	489
5	581
5	656
5	661
6	9
6	86
6	116
6	137
6	327
6	331
6	497
6	678
7	86
7	106
7	116
7	137
8	50
8	54
8	276
8	581
8	661
9	581
10	581
11	581
12	54
12	100
12	165
12	327
12	343
12	581
13	100
13	165
13	327
13	452
13	581
13	725
14	327
14	452
14	581
15	581
16	6
16	39
16	44
16	93
16	100
16	313
16	581
17	6
17	497
17	581
18	9
18	581
19	581
20	100
20	276
20	343
20	581
20	684
21	57
21	100
21	165
21	267
21	299
21	581
21	684
22	581
23	100
23	165
23	299
23	581
24	57
24	100
24	165
24	299
24	581
25	100
25	128
25	150
25	267
25	276
25	299
25	327
25	331
25	343
25	489
25	581
25	661
25	684
26	100
26	150
26	267
26	276
26	299
26	331
26	343
26	489
26	581
26	661
26	684
27	100
27	327
27	452
27	581
28	39
28	50
28	54
28	57
28	100
28	165
28	186
28	276
28	313
28	343
28	452
28	489
28	581
28	650
28	725
29	100
29	327
29	581
30	100
30	327
30	452
30	581
31	100
31	186
31	276
31	327
31	343
31	581
32	54
32	327
32	581
32	725
33	57
33	70
33	100
33	150
33	267
33	343
33	367
33	581
33	661
34	27
34	100
34	276
34	299
34	343
34	452
34	581
35	581
36	9
36	276
36	367
36	489
36	581
36	661
36	684
37	15
37	33
37	44
37	50
37	54
37	57
37	70
37	93
37	100
37	150
37	165
37	186
37	267
37	276
37	278
37	300
37	331
37	333
37	367
37	437
37	452
37	489
37	581
38	9
38	33
38	44
38	50
38	70
38	93
38	100
38	150
38	165
38	186
38	276
38	278
38	331
38	333
38	367
38	581
39	9
39	15
39	44
39	50
39	54
39	70
39	93
39	100
39	165
39	267
39	331
39	367
39	452
39	581
40	9
40	15
40	44
40	50
40	54
40	70
40	93
40	100
40	165
40	186
40	267
40	276
40	278
40	331
40	333
40	367
40	581
40	661
41	44
41	54
41	57
41	93
41	299
41	497
41	581
41	656
41	678
41	684
42	100
42	267
42	581
43	327
43	331
43	489
43	497
43	581
43	661
44	100
44	299
44	327
44	331
44	581
44	725
45	100
45	299
45	327
45	331
45	581
45	725
46	100
46	327
46	581
47	581
48	581
49	27
49	57
49	150
49	299
49	327
49	331
49	581
50	57
50	327
50	581
51	299
51	581
52	57
52	299
52	581
53	299
53	581
53	684
54	150
54	581
55	581
56	27
56	54
56	79
56	581
57	50
57	54
57	57
57	100
57	150
57	327
57	581
58	9
58	100
58	581
59	100
59	581
60	276
60	489
60	581
61	50
61	581
62	581
63	581
64	39
64	313
64	581
65	9
65	100
65	581
66	50
66	100
66	581
67	581
68	57
68	299
68	327
68	581
69	57
69	299
69	327
69	581
70	57
70	165
70	299
70	327
70	581
70	725
71	57
71	165
71	299
71	327
71	581
71	725
72	57
72	165
72	299
72	327
72	581
72	656
72	725
73	299
73	327
73	581
74	581
75	581
76	276
76	343
76	581
77	581
78	186
78	581
79	100
79	327
79	581
79	656
80	100
80	489
80	581
80	656
81	100
81	327
81	581
81	656
82	9
82	66
82	100
82	299
82	313
82	327
82	343
82	489
82	581
82	656
83	165
83	299
83	313
83	327
83	489
83	581
84	6
84	9
84	39
84	44
84	50
84	54
84	57
84	93
84	100
84	128
84	165
84	168
84	241
84	266
84	276
84	313
84	327
84	389
84	489
84	581
84	656
85	57
85	100
85	165
85	299
85	313
85	327
85	452
85	489
85	581
85	656
86	100
86	581
87	100
87	581
88	100
88	581
89	299
89	581
89	656
90	581
90	656
91	581
92	70
92	186
92	267
92	276
92	331
92	343
92	367
92	452
92	581
92	656
93	276
93	331
93	343
93	452
93	581
94	581
95	57
95	150
95	299
95	581
95	656
96	100
96	581
97	581
98	100
98	327
98	581
99	581
100	581
101	581
102	327
102	581
103	100
103	299
103	313
103	327
103	581
104	327
104	581
105	581
106	9
106	27
106	44
106	50
106	54
106	57
106	70
106	93
106	100
106	128
106	150
106	267
106	276
106	299
106	327
106	331
106	367
106	473
106	489
106	497
106	581
106	621
106	656
106	661
106	678
106	684
106	699
106	725
107	9
107	27
107	44
107	57
107	93
107	276
107	299
107	327
107	497
107	581
107	656
107	684
108	9
108	27
108	44
108	57
108	93
108	276
108	299
108	327
108	497
108	581
108	656
108	684
109	9
109	27
109	44
109	57
109	93
109	299
109	327
109	497
109	581
109	684
110	9
110	27
110	44
110	93
110	276
110	327
110	497
110	581
110	656
111	57
111	61
111	118
111	313
111	318
111	581
112	581
113	57
113	299
113	473
113	581
113	656
113	661
114	100
114	581
115	9
115	418
115	513
115	570
115	581
115	621
115	710
116	70
116	367
116	581
117	57
117	116
117	217
117	299
117	300
117	581
118	44
118	100
118	581
118	656
118	684
119	9
119	50
119	54
119	70
119	100
119	150
119	489
119	581
120	9
120	27
120	29
120	38
120	44
120	50
120	54
120	57
120	66
120	70
120	93
120	100
120	114
120	116
120	150
120	165
120	179
120	186
120	217
120	242
120	259
120	267
120	276
120	299
120	300
120	313
120	327
120	331
120	343
120	452
120	487
120	489
120	497
120	517
120	581
120	603
120	621
120	656
120	661
120	678
120	683
120	684
120	694
120	708
120	740
121	57
121	150
121	186
121	276
121	581
121	661
122	9
122	27
122	57
122	114
122	150
122	276
122	327
122	497
122	581
122	621
122	684
123	581
124	9
124	27
124	33
124	57
124	66
124	100
124	150
124	331
124	343
124	452
124	581
125	581
126	9
126	66
126	581
127	581
128	581
129	581
130	9
130	66
130	100
130	276
130	581
131	581
132	581
133	581
134	33
134	581
135	54
135	276
135	327
135	581
135	661
136	327
136	581
137	581
138	9
138	44
138	50
138	54
138	70
138	165
138	267
138	276
138	299
138	331
138	343
138	367
138	452
138	489
138	581
138	650
138	661
139	9
139	50
139	54
139	70
139	150
139	331
139	367
139	581
139	672
140	9
140	44
140	50
140	54
140	57
140	70
140	93
140	100
140	150
140	186
140	267
140	276
140	331
140	343
140	367
140	489
140	581
140	661
140	672
141	9
141	44
141	50
141	54
141	57
141	70
141	93
141	100
141	150
141	186
141	267
141	276
141	331
141	367
141	489
141	581
141	672
142	9
142	50
142	267
142	581
143	70
143	150
143	331
143	343
143	581
144	9
144	50
144	54
144	70
144	93
144	100
144	150
144	186
144	242
144	267
144	276
144	331
144	333
144	343
144	367
144	452
144	489
144	497
144	581
144	659
145	9
145	50
145	70
145	100
145	114
145	150
145	267
145	276
145	278
145	331
145	343
145	367
145	452
145	581
145	650
146	9
146	44
146	50
146	54
146	57
146	70
146	93
146	114
146	150
146	165
146	186
146	267
146	276
146	278
146	327
146	331
146	333
146	343
146	452
146	489
146	497
146	564
146	581
146	656
146	661
146	672
146	684
147	9
147	44
147	50
147	54
147	57
147	70
147	93
147	150
147	162
147	179
147	267
147	276
147	327
147	331
147	333
147	343
147	357
147	367
147	452
147	497
147	564
147	581
148	9
148	27
148	44
148	50
148	54
148	66
148	70
148	93
148	99
148	100
148	114
148	150
148	165
148	186
148	242
148	267
148	276
148	278
148	299
148	327
148	331
148	333
148	343
148	357
148	367
148	449
148	452
148	489
148	581
148	650
148	656
148	661
148	685
148	740
149	9
149	50
149	54
149	57
149	70
149	93
149	100
149	114
149	123
149	150
149	186
149	267
149	276
149	278
149	327
149	331
149	333
149	343
149	359
149	367
149	452
149	489
149	564
149	581
149	650
149	656
149	661
149	672
149	686
149	740
150	9
150	44
150	50
150	54
150	57
150	70
150	93
150	114
150	150
150	256
150	276
150	327
150	331
150	581
150	621
150	672
150	740
151	9
151	66
151	581
152	9
152	54
152	66
152	150
152	165
152	186
152	267
152	278
152	327
152	333
152	343
152	367
152	581
152	661
152	672
153	9
153	276
153	581
153	672
153	708
154	9
154	27
154	33
154	44
154	50
154	54
154	57
154	66
154	70
154	93
154	100
154	123
154	150
154	162
154	165
154	186
154	267
154	276
154	278
154	327
154	331
154	343
154	357
154	367
154	452
154	489
154	564
154	581
154	621
154	650
154	656
154	661
154	672
154	708
154	740
155	9
155	27
155	50
155	93
155	99
155	100
155	114
155	150
155	267
155	331
155	581
155	621
155	656
155	672
156	9
156	54
156	57
156	186
156	331
156	452
156	489
156	581
156	650
157	9
157	33
157	42
157	50
157	54
157	57
157	66
157	70
157	80
157	93
157	99
157	100
157	114
157	123
157	131
157	142
157	150
157	162
157	165
157	179
157	186
157	190
157	267
157	276
157	278
157	307
157	327
157	331
157	333
157	343
157	357
157	364
157	367
157	380
157	448
157	452
157	489
157	497
157	498
157	564
157	581
157	589
157	604
157	621
157	638
157	650
157	656
157	659
157	661
157	672
157	684
157	685
157	686
157	702
157	740
158	9
158	42
158	50
158	54
158	57
158	66
158	70
158	80
158	93
158	99
158	100
158	114
158	123
158	150
158	162
158	165
158	179
158	186
158	257
158	267
158	276
158	278
158	299
158	307
158	327
158	331
158	333
158	343
158	357
158	367
158	380
158	433
158	448
158	452
158	475
158	489
158	497
158	498
158	564
158	581
158	621
158	638
158	650
158	656
158	659
158	661
158	672
158	702
158	708
158	740
159	9
159	27
159	50
159	66
159	93
159	99
159	100
159	114
159	142
159	150
159	186
159	267
159	278
159	327
159	367
159	581
159	621
159	656
159	672
159	684
159	708
160	9
160	50
160	57
160	70
160	93
160	114
160	150
160	267
160	276
160	343
160	367
160	452
160	497
160	581
160	661
160	686
161	9
161	57
161	66
161	93
161	100
161	114
161	276
161	581
161	621
161	708
162	93
162	150
162	581
163	44
163	93
163	497
163	581
164	581
165	44
165	93
165	165
165	497
165	581
166	6
166	44
166	93
166	313
166	327
166	581
167	6
167	581
168	6
168	147
168	313
168	327
168	581
168	669
169	6
169	27
169	313
169	327
169	581
170	581
171	581
172	581
173	9
173	27
173	44
173	57
173	66
173	70
173	93
173	100
173	116
173	150
173	299
173	343
173	452
173	473
173	489
173	581
173	656
173	684
174	327
174	497
174	581
175	57
175	581
176	57
176	118
176	327
176	497
176	581
176	684
177	9
177	50
177	66
177	86
177	100
177	116
177	267
177	497
177	513
177	570
177	581
177	656
177	661
177	710
178	299
178	327
178	489
178	581
179	9
179	27
179	39
179	44
179	50
179	54
179	57
179	70
179	93
179	100
179	165
179	299
179	313
179	327
179	331
179	367
179	452
179	489
179	581
179	621
179	650
179	656
179	661
180	100
180	581
181	6
181	63
181	70
181	147
181	179
181	267
181	276
181	313
181	367
181	473
181	581
181	661
181	669
182	44
182	100
182	327
182	581
183	50
183	54
183	331
183	489
183	650
183	661
184	661
185	217
185	489
185	661
186	50
186	661
187	50
187	54
187	276
187	452
187	489
187	650
187	661
188	9
188	27
188	54
188	66
188	100
188	299
188	327
188	489
188	656
188	661
188	684
189	27
189	54
189	299
189	327
189	656
189	661
189	672
189	684
190	27
190	656
190	661
190	672
191	661
192	9
192	93
192	276
192	331
192	452
192	661
193	9
193	44
193	114
193	217
193	621
193	661
193	708
193	740
194	661
195	661
195	740
196	50
196	267
196	661
197	9
197	621
197	661
198	27
198	44
198	57
198	70
198	93
198	100
198	150
198	267
198	661
199	44
199	93
199	100
199	661
200	661
201	54
201	650
201	661
202	50
202	54
202	70
202	165
202	489
202	650
202	661
203	50
203	54
203	661
204	50
204	54
204	661
205	473
205	661
205	684
206	57
206	299
206	331
206	473
206	497
206	661
206	684
207	661
208	50
208	54
208	276
208	331
208	343
208	367
208	452
208	489
208	650
208	661
209	50
209	54
209	276
209	331
209	343
209	367
209	452
209	489
209	650
209	661
210	473
210	661
211	54
211	70
211	276
211	661
212	661
213	9
213	661
214	661
215	661
216	165
216	661
217	57
217	331
217	437
217	661
218	50
218	54
218	165
218	331
218	489
218	581
218	661
219	661
220	57
220	661
221	661
222	661
223	661
224	9
224	27
224	38
224	44
224	54
224	57
224	70
224	116
224	150
224	179
224	186
224	267
224	276
224	299
224	331
224	343
224	367
224	452
224	497
224	621
224	656
224	661
224	678
224	684
224	710
225	9
225	66
225	77
225	116
225	162
225	168
225	179
225	380
225	473
225	661
225	730
226	54
226	276
226	661
227	489
227	661
228	661
229	9
229	44
229	65
229	93
229	357
229	473
229	497
229	564
229	661
229	678
229	684
230	9
230	44
230	93
230	179
230	621
230	661
230	708
231	9
231	661
232	661
233	50
233	54
233	452
233	661
234	9
234	100
234	661
235	661
235	725
236	661
237	100
237	473
237	497
237	661
238	9
238	15
238	33
238	66
238	70
238	100
238	140
238	367
238	497
238	661
239	57
239	343
239	661
240	343
240	661
241	517
241	661
242	50
242	54
242	70
242	276
242	452
242	489
242	661
243	9
243	54
243	65
243	186
243	267
243	331
243	367
243	661
244	9
244	65
244	661
245	128
245	661
246	331
246	661
247	661
248	54
248	331
248	661
249	331
249	661
250	661
251	331
251	661
252	661
253	331
253	661
254	331
254	661
255	661
256	661
257	9
257	276
257	489
257	581
257	661
257	684
258	54
258	276
258	452
258	489
258	661
259	9
259	65
259	114
259	256
259	437
259	621
259	661
259	708
259	740
260	33
260	50
260	57
260	70
260	93
260	150
260	186
260	267
260	276
260	331
260	333
260	367
260	497
260	661
260	684
261	9
261	661
262	93
262	276
262	661
263	9
263	33
263	50
263	54
263	57
263	70
263	93
263	165
263	186
263	276
263	278
263	299
263	331
263	333
263	367
263	489
263	581
263	661
264	489
264	661
265	57
265	267
265	473
265	661
266	661
267	661
268	50
268	54
268	489
268	513
268	570
268	661
268	710
269	661
270	57
270	661
271	661
272	50
272	54
272	489
272	650
272	661
273	473
273	661
274	473
274	661
275	661
275	684
276	9
276	54
276	276
276	452
276	497
276	661
277	661
278	661
279	50
279	54
279	267
279	331
279	650
279	661
280	50
280	54
280	331
280	650
280	661
281	9
281	661
282	661
283	661
284	50
284	54
284	331
284	473
284	650
284	661
285	50
285	54
285	186
285	276
285	452
285	661
286	276
286	343
286	661
286	699
287	150
287	661
288	50
288	276
288	489
288	661
289	9
289	15
289	44
289	50
289	57
289	66
289	77
289	93
289	129
289	178
289	179
289	206
289	242
289	256
289	489
289	603
289	656
289	661
289	684
289	694
289	740
290	661
291	50
291	54
291	489
291	661
292	70
292	267
292	367
292	661
293	9
293	50
293	114
293	280
293	331
293	570
293	650
293	661
293	710
294	9
294	513
294	570
294	661
294	710
295	9
295	70
295	86
295	116
295	150
295	267
295	276
295	367
295	661
295	740
296	9
296	150
296	661
296	684
297	661
298	267
298	497
298	661
299	661
300	661
301	661
302	54
302	343
302	489
302	661
303	489
303	661
304	661
305	9
305	35
305	50
305	54
305	122
305	217
305	300
305	339
305	343
305	489
305	661
306	9
306	35
306	50
306	54
306	122
306	217
306	300
306	339
306	343
306	489
306	661
307	661
308	54
308	93
308	267
308	276
308	367
308	661
309	661
310	50
310	54
310	276
310	331
310	489
310	661
311	50
311	54
311	331
311	489
311	661
312	489
312	661
313	661
314	661
315	661
316	661
317	50
317	54
317	267
317	331
317	343
317	489
317	661
318	54
318	331
318	489
318	650
318	661
319	9
319	50
319	54
319	165
319	276
319	343
319	452
319	489
319	650
319	661
319	684
320	54
320	276
320	343
320	489
320	661
321	57
321	165
321	299
321	327
321	452
321	581
321	656
321	661
322	661
323	70
323	267
323	276
323	367
323	661
324	9
324	50
324	54
324	267
324	276
324	331
324	343
324	367
324	621
324	661
325	9
325	50
325	54
325	70
325	114
325	267
325	276
325	331
325	343
325	367
325	661
326	9
326	50
326	54
326	70
326	276
326	331
326	343
326	367
326	661
327	9
327	44
327	54
327	70
327	93
327	276
327	331
327	473
327	621
327	661
328	70
328	661
329	473
329	661
330	57
330	661
331	54
331	193
331	331
331	489
331	661
332	54
332	489
332	661
333	473
333	489
333	661
333	672
334	9
334	267
334	367
334	473
334	661
335	9
335	267
335	367
335	473
335	661
336	473
336	661
337	661
338	661
339	661
340	9
340	27
340	57
340	66
340	100
340	327
340	661
340	684
341	15
341	54
341	70
341	267
341	276
341	343
341	367
341	452
341	661
342	9
342	66
342	114
342	116
342	661
342	740
343	50
343	54
343	331
343	343
343	489
343	661
344	54
344	331
344	489
344	661
345	54
345	331
345	489
345	661
346	661
347	150
347	661
348	54
348	70
348	661
348	672
349	54
349	114
349	150
349	661
350	661
351	661
352	54
352	331
352	489
352	661
353	50
353	54
353	331
353	489
353	650
353	661
354	50
354	54
354	165
354	276
354	331
354	452
354	489
354	650
354	661
355	276
355	331
355	343
355	452
355	661
356	54
356	70
356	100
356	150
356	267
356	276
356	367
356	489
356	661
357	9
357	27
357	57
357	66
357	100
357	150
357	186
357	276
357	327
357	331
357	452
357	581
357	661
357	684
358	9
358	581
358	661
359	70
359	343
359	367
359	452
359	661
360	343
360	661
361	9
361	44
361	50
361	54
361	93
361	128
361	656
361	661
361	683
362	50
362	661
363	661
364	50
364	54
364	66
364	128
364	186
364	489
364	661
365	9
365	44
365	50
365	93
365	119
365	150
365	628
365	661
365	683
366	9
366	50
366	66
366	100
366	128
366	193
366	311
366	661
366	683
367	661
368	92
368	128
368	656
368	661
369	54
369	186
369	661
370	267
370	276
370	437
370	473
370	661
371	661
372	661
373	661
374	165
374	473
374	661
375	497
375	661
376	489
376	661
377	661
378	9
378	79
378	128
378	140
378	489
378	621
378	661
378	708
378	740
379	9
379	114
379	179
379	256
379	276
379	621
379	661
379	708
379	730
379	740
380	661
380	678
381	50
381	54
381	331
381	489
381	661
382	54
382	70
382	267
382	276
382	367
382	661
383	179
383	661
384	44
384	194
384	554
384	661
385	54
385	70
385	276
385	452
385	661
386	50
386	489
386	661
387	50
387	54
387	489
387	661
388	50
388	54
388	489
388	661
389	9
389	50
389	54
389	661
389	672
390	259
390	473
390	661
391	54
391	331
391	343
391	452
391	489
391	650
391	661
392	661
393	276
393	343
393	581
393	661
394	661
395	473
395	661
396	9
396	70
396	114
396	116
396	217
396	280
396	299
396	343
396	661
396	740
397	9
397	70
397	452
397	661
398	9
398	44
398	70
398	93
398	114
398	116
398	267
398	276
398	331
398	367
398	473
398	661
398	672
399	179
399	437
399	473
399	661
400	44
400	50
400	54
400	165
400	276
400	331
400	343
400	367
400	452
400	489
400	581
400	650
400	661
401	661
402	44
402	50
402	54
402	93
402	331
402	489
402	661
403	9
403	44
403	50
403	54
403	70
403	165
403	299
403	331
403	489
403	497
403	650
403	661
403	684
404	9
404	54
404	489
404	650
404	661
405	50
405	165
405	331
405	452
405	581
405	661
406	15
406	44
406	50
406	54
406	66
406	276
406	331
406	489
406	650
406	661
407	9
407	54
407	331
407	661
407	708
408	50
408	54
408	66
408	193
408	276
408	331
408	343
408	452
408	489
408	581
408	650
408	661
409	50
409	54
409	331
409	489
409	650
409	661
410	9
410	50
410	54
410	70
410	114
410	165
410	331
410	367
410	656
410	661
411	50
411	54
411	165
411	267
411	331
411	650
411	661
412	9
412	50
412	54
412	57
412	70
412	150
412	267
412	331
412	367
412	489
412	621
412	650
412	661
413	9
413	50
413	54
413	57
413	70
413	165
413	267
413	331
413	367
413	489
413	650
413	661
414	54
414	70
414	165
414	186
414	267
414	331
414	367
414	661
415	9
415	661
416	33
416	50
416	54
416	267
416	331
416	489
416	650
416	661
417	661
417	672
418	44
418	50
418	54
418	57
418	70
418	100
418	114
418	150
418	219
418	307
418	331
418	367
418	497
418	661
419	9
419	50
419	54
419	150
419	267
419	331
419	489
419	581
419	621
419	650
419	661
420	9
420	44
420	50
420	54
420	57
420	92
420	93
420	100
420	114
420	150
420	186
420	219
420	276
420	282
420	331
420	343
420	489
420	650
420	661
420	672
421	50
421	54
421	93
421	114
421	165
421	331
421	489
421	650
421	661
422	9
422	44
422	50
422	54
422	57
422	70
422	150
422	331
422	367
422	489
422	661
423	9
423	54
423	70
423	93
423	100
423	114
423	186
423	219
423	267
423	276
423	331
423	343
423	367
423	489
423	650
423	661
423	708
424	9
424	44
424	54
424	100
424	150
424	276
424	282
424	331
424	343
424	489
424	661
425	9
425	54
425	489
425	581
425	650
425	661
425	672
426	50
426	276
426	367
426	661
427	57
427	150
427	276
427	343
427	661
427	672
428	9
428	44
428	50
428	54
428	57
428	282
428	331
428	343
428	367
428	581
428	661
429	50
429	186
429	267
429	276
429	331
429	343
429	661
430	44
430	50
430	54
430	186
430	276
430	661
431	276
431	661
432	9
432	50
432	54
432	57
432	93
432	150
432	276
432	278
432	282
432	327
432	331
432	333
432	343
432	489
432	581
432	661
433	9
433	44
433	50
433	54
433	70
433	93
433	150
433	162
433	186
433	267
433	357
433	367
433	452
433	497
433	564
433	650
433	656
433	661
434	50
434	186
434	276
434	343
434	661
435	9
435	44
435	50
435	54
435	57
435	66
435	70
435	100
435	150
435	186
435	267
435	276
435	327
435	331
435	333
435	343
435	367
435	452
435	621
435	661
435	672
435	740
436	9
436	50
436	54
436	57
436	70
436	93
436	150
436	186
436	267
436	276
436	357
436	489
436	564
436	661
436	672
436	686
437	9
437	50
437	54
437	57
437	70
437	150
437	186
437	267
437	278
437	327
437	331
437	333
437	343
437	367
437	489
437	564
437	581
437	661
438	9
438	50
438	54
438	70
438	93
438	150
438	267
438	276
438	282
438	343
438	367
438	661
438	684
439	9
439	50
439	93
439	114
439	150
439	165
439	267
439	276
439	331
439	367
439	564
439	661
440	9
440	50
440	54
440	56
440	57
440	70
440	93
440	99
440	100
440	150
440	186
440	267
440	276
440	278
440	327
440	331
440	333
440	343
440	357
440	367
440	564
440	656
440	661
440	684
440	740
441	9
441	54
441	57
441	93
441	150
441	165
441	293
441	367
441	656
441	661
442	9
442	50
442	54
442	57
442	70
442	93
442	123
442	150
442	165
442	186
442	267
442	276
442	282
442	331
442	333
442	343
442	357
442	367
442	452
442	489
442	564
442	661
442	672
442	684
443	9
443	50
443	54
443	93
443	267
443	343
443	621
443	661
444	9
444	54
444	186
444	267
444	661
445	70
445	93
445	99
445	186
445	267
445	276
445	278
445	331
445	333
445	343
445	367
445	489
445	661
446	9
446	564
446	661
447	44
447	54
447	57
447	93
447	114
447	150
447	661
447	684
448	9
448	15
448	33
448	50
448	54
448	57
448	93
448	114
448	186
448	276
448	278
448	331
448	333
448	343
448	357
448	452
448	581
448	621
448	661
448	672
448	708
449	150
449	331
449	343
449	452
449	661
450	9
450	33
450	54
450	66
450	70
450	93
450	100
450	114
450	123
450	150
450	162
450	179
450	186
450	267
450	276
450	327
450	331
450	343
450	357
450	367
450	564
450	581
450	661
450	672
450	684
450	686
450	702
451	9
451	54
451	66
451	93
451	114
451	123
451	186
451	267
451	276
451	327
451	343
451	661
451	672
451	684
452	9
452	50
452	54
452	57
452	66
452	70
452	93
452	99
452	114
452	150
452	186
452	267
452	278
452	327
452	333
452	367
452	452
452	497
452	656
452	661
452	740
453	9
453	42
453	44
453	50
453	54
453	57
453	70
453	123
453	150
453	165
453	179
453	186
453	267
453	278
453	331
453	343
453	367
453	377
453	489
453	621
453	661
453	708
453	740
454	9
454	42
454	44
454	50
454	54
454	57
454	70
454	80
454	93
454	99
454	100
454	114
454	123
454	150
454	162
454	186
454	267
454	276
454	278
454	299
454	327
454	331
454	333
454	357
454	367
454	452
454	489
454	564
454	581
454	638
454	656
454	661
454	672
455	54
455	93
455	100
455	656
455	661
456	9
456	33
456	42
456	50
456	54
456	57
456	70
456	80
456	93
456	99
456	100
456	114
456	123
456	142
456	150
456	162
456	179
456	186
456	190
456	221
456	267
456	278
456	299
456	327
456	331
456	343
456	357
456	364
456	367
456	380
456	452
456	483
456	489
456	498
456	564
456	581
456	638
456	656
456	661
456	672
456	702
456	740
457	9
457	42
457	54
457	57
457	70
457	99
457	100
457	123
457	150
457	162
457	186
457	267
457	276
457	278
457	327
457	331
457	333
457	343
457	357
457	367
457	452
457	564
457	661
457	672
457	740
458	9
458	50
458	57
458	93
458	331
458	656
458	661
458	672
459	9
459	50
459	57
459	70
459	99
459	150
459	162
459	165
459	186
459	267
459	276
459	278
459	327
459	331
459	343
459	357
459	367
459	564
459	581
459	661
459	672
459	702
460	42
460	70
460	123
460	186
460	343
460	357
460	367
460	452
460	564
460	661
461	9
461	70
461	331
461	357
461	564
461	661
461	672
462	9
462	57
462	66
462	100
462	327
462	331
462	497
462	661
462	740
463	54
463	100
463	331
463	661
464	9
464	50
464	54
464	70
464	331
464	661
465	50
465	661
466	9
466	114
466	165
466	497
466	603
466	656
466	661
466	708
467	50
467	54
467	57
467	70
467	186
467	267
467	276
467	331
467	367
467	489
467	581
467	650
467	661
468	9
468	50
468	54
468	100
468	327
468	331
468	343
468	661
469	473
469	497
469	661
470	473
470	661
471	9
471	70
471	86
471	116
471	256
471	621
471	661
471	708
471	740
472	661
473	473
473	661
474	327
474	473
474	661
475	661
476	473
476	661
477	50
477	661
478	50
478	661
479	50
479	54
479	276
479	343
479	661
480	9
480	57
480	86
480	116
480	150
480	299
480	327
480	452
480	489
480	660
480	661
481	9
481	15
481	33
481	35
481	44
481	57
481	66
481	86
481	93
481	116
481	186
481	299
481	327
481	452
481	489
481	513
481	656
481	660
481	661
481	683
482	50
482	54
482	165
482	489
482	650
482	661
483	165
483	331
483	650
483	661
484	54
484	661
485	179
485	473
485	661
486	661
487	50
487	54
487	70
487	276
487	331
487	489
487	497
487	661
488	6
488	54
488	70
488	150
488	267
488	276
488	367
488	661
489	6
489	54
489	70
489	267
489	276
489	367
489	661
490	50
490	54
490	661
491	70
491	165
491	267
491	276
491	452
491	489
491	661
492	54
492	661
493	661
494	50
494	54
494	186
494	276
494	299
494	343
494	452
494	489
494	661
495	299
495	331
495	581
495	661
496	9
496	437
496	473
496	661
497	9
497	661
498	54
498	276
498	331
498	343
499	276
499	331
500	50
500	276
500	331
501	331
502	50
502	54
502	267
502	276
502	331
502	343
502	452
502	473
503	9
503	331
504	331
505	9
505	27
505	44
505	66
505	93
505	331
505	678
506	27
506	93
506	331
506	678
507	54
507	331
508	54
508	331
509	27
509	50
509	54
509	186
509	276
509	331
509	343
510	186
510	331
511	54
511	70
511	331
511	489
511	650
512	50
512	54
512	267
512	276
512	331
512	343
512	710
513	331
513	343
514	27
514	331
515	331
516	50
516	54
516	331
517	50
517	331
518	50
518	54
518	100
518	118
518	331
518	489
519	50
519	54
519	100
519	331
519	489
520	9
520	33
520	331
521	331
522	54
522	331
523	54
523	331
524	44
524	93
524	331
524	678
525	44
525	93
525	331
526	54
526	331
527	54
527	276
527	331
528	54
528	331
529	9
529	276
529	331
530	128
530	276
530	331
531	331
532	9
532	331
533	54
533	299
533	331
534	27
534	33
534	57
534	70
534	93
534	150
534	165
534	186
534	267
534	276
534	299
534	331
534	343
534	367
534	517
534	581
535	54
535	93
535	186
535	276
535	299
535	331
536	15
536	50
536	54
536	70
536	165
536	267
536	278
536	331
536	581
537	15
537	50
537	54
537	70
537	165
537	267
537	278
537	331
537	581
538	50
538	54
538	70
538	93
538	150
538	186
538	276
538	299
538	331
539	50
539	150
539	331
539	452
540	50
540	57
540	331
540	656
541	50
541	57
541	331
541	489
541	656
542	54
542	331
543	331
544	9
544	54
544	70
544	186
544	267
544	276
544	331
545	54
545	331
545	343
546	331
547	9
547	50
547	54
547	276
547	331
547	343
547	650
548	9
548	50
548	54
548	276
548	331
548	343
548	650
549	9
549	50
549	54
549	276
549	331
549	343
549	650
550	276
550	331
550	343
551	27
551	54
551	331
551	452
551	489
552	54
552	267
552	331
552	650
553	9
553	57
553	93
553	331
554	331
555	33
555	331
555	452
556	44
556	93
556	331
556	678
557	44
557	93
557	331
557	678
558	44
558	93
558	331
558	678
559	50
559	54
559	331
560	331
560	650
561	331
562	50
562	54
562	331
562	650
563	54
563	331
563	650
564	9
564	50
564	54
564	116
564	331
564	650
565	54
565	331
566	54
566	150
566	331
567	331
568	331
569	9
569	331
570	100
570	186
570	299
570	331
571	27
571	50
571	54
571	186
571	276
571	331
571	452
571	570
571	710
572	9
572	150
572	186
572	331
572	684
573	331
574	50
574	54
574	331
574	343
575	54
575	331
576	27
576	44
576	54
576	93
576	100
576	299
576	331
577	331
578	44
578	93
578	331
578	367
579	9
579	50
579	54
579	331
580	9
580	27
580	35
580	38
580	50
580	54
580	57
580	70
580	114
580	150
580	186
580	217
580	300
580	307
580	331
580	339
580	343
580	489
580	630
581	9
581	27
581	35
581	38
581	50
581	54
581	57
581	70
581	114
581	150
581	186
581	217
581	300
581	307
581	331
581	339
581	343
581	489
581	630
582	9
582	27
582	35
582	38
582	50
582	54
582	70
582	122
582	150
582	186
582	217
582	299
582	307
582	331
583	9
583	27
583	38
583	54
583	114
583	122
583	217
583	331
584	9
584	50
584	54
584	217
584	331
584	343
584	489
585	331
586	331
587	9
587	66
587	269
587	331
588	44
588	86
588	93
588	116
588	300
588	331
588	672
588	678
589	27
589	44
589	93
589	331
590	41
590	331
590	345
591	9
591	331
591	621
592	9
592	54
592	150
592	331
593	50
593	54
593	331
593	489
594	54
594	331
595	54
595	331
596	54
596	331
597	9
597	27
597	54
597	70
597	267
597	331
598	29
598	54
598	70
598	267
598	276
598	331
599	9
599	27
599	54
599	57
599	66
599	100
599	327
599	331
600	153
600	299
600	331
600	655
600	720
601	331
602	267
602	331
602	650
603	276
603	331
603	343
603	581
603	656
604	27
604	150
604	331
605	276
605	331
606	9
606	54
606	66
606	331
607	54
607	331
608	150
608	276
608	331
608	343
609	54
609	70
609	150
609	267
609	331
610	54
610	70
610	186
610	267
610	331
611	54
611	70
611	150
611	186
611	267
611	276
611	331
612	54
612	331
613	9
613	54
613	331
614	54
614	331
615	44
615	93
615	331
616	44
616	93
616	331
616	678
617	44
617	93
617	331
618	44
618	93
618	331
619	70
619	267
619	331
620	9
620	93
620	327
620	331
620	678
620	708
621	9
621	93
621	331
622	267
622	331
623	50
623	54
623	267
623	331
623	489
623	570
623	710
624	54
624	331
625	54
625	267
625	331
626	44
626	93
626	331
626	678
627	44
627	93
627	276
627	331
627	343
628	44
628	93
628	276
628	331
628	672
629	186
629	217
629	276
629	331
630	44
630	93
630	331
630	678
631	44
631	93
631	331
631	678
632	44
632	93
632	331
632	678
633	331
634	54
634	331
634	489
635	331
636	65
636	161
636	331
637	50
637	54
637	331
638	54
638	331
639	54
639	331
640	50
640	54
640	331
641	29
641	54
641	186
641	331
642	50
642	54
642	128
642	331
642	684
643	150
643	331
644	276
644	331
644	343
645	331
646	54
646	114
646	221
646	331
647	9
647	54
647	66
647	70
647	114
647	217
647	256
647	331
647	497
647	621
647	708
647	740
648	50
648	54
648	331
648	489
649	50
649	54
649	331
649	489
650	9
650	33
650	44
650	93
650	114
650	276
650	331
650	678
651	50
651	54
651	331
651	489
651	650
652	331
653	331
654	54
654	331
655	54
655	331
656	50
656	54
656	70
656	276
656	331
656	367
657	44
657	57
657	93
657	331
657	678
658	70
658	331
659	54
659	100
659	165
659	327
659	331
659	343
659	684
660	29
660	57
660	327
660	331
660	684
661	54
661	70
661	150
661	186
661	221
661	276
661	331
661	367
662	331
663	9
663	54
663	276
663	331
663	343
663	452
664	9
664	54
664	276
664	299
664	331
664	343
664	452
664	497
664	621
665	93
665	186
665	300
665	331
665	678
666	54
666	331
667	50
667	54
667	331
667	650
668	54
668	57
668	65
668	114
668	116
668	331
668	672
669	50
669	57
669	70
669	150
669	267
669	331
669	367
669	489
669	650
670	93
670	150
670	267
670	276
670	331
670	367
671	9
671	50
671	54
671	57
671	70
671	150
671	186
671	276
671	331
671	343
671	367
671	581
671	621
672	331
673	50
673	54
673	93
673	99
673	150
673	186
673	242
673	267
673	276
673	331
673	367
674	50
674	54
674	331
674	489
674	650
675	9
675	50
675	54
675	70
675	93
675	150
675	186
675	267
675	282
675	327
675	331
675	367
675	489
675	581
675	672
676	9
676	50
676	54
676	57
676	70
676	150
676	186
676	276
676	331
676	343
676	367
677	150
677	331
677	343
677	367
678	9
678	54
678	93
678	276
678	331
678	489
678	672
679	9
679	54
679	57
679	150
679	267
679	331
679	489
679	708
680	9
680	50
680	54
680	57
680	70
680	99
680	114
680	150
680	165
680	267
680	327
680	331
680	367
680	581
680	656
681	9
681	54
681	114
681	150
681	165
681	179
681	267
681	276
681	331
681	343
681	452
681	581
681	672
681	702
682	9
682	50
682	54
682	57
682	66
682	93
682	100
682	150
682	162
682	165
682	186
682	256
682	267
682	278
682	327
682	331
682	343
682	367
682	489
682	497
682	650
682	656
682	659
682	672
682	740
683	9
683	50
683	150
683	186
683	267
683	331
683	672
684	9
684	42
684	50
684	54
684	57
684	70
684	80
684	93
684	99
684	100
684	114
684	123
684	142
684	150
684	162
684	179
684	186
684	267
684	276
684	299
684	327
684	331
684	333
684	343
684	357
684	364
684	367
684	452
684	489
684	497
684	564
684	581
684	638
684	659
684	672
684	684
684	685
684	686
684	702
685	9
685	50
685	66
685	93
685	186
685	327
685	331
685	333
685	659
685	740
686	9
686	50
686	54
686	66
686	93
686	100
686	186
686	267
686	276
686	278
686	327
686	331
686	333
686	343
686	448
686	452
686	564
686	659
686	740
687	9
687	50
687	54
687	57
687	150
687	276
687	331
687	367
687	659
688	9
688	44
688	54
688	276
688	300
688	331
688	708
689	44
689	50
689	54
689	93
689	150
689	331
689	489
689	684
690	9
690	50
690	54
690	331
690	489
691	9
691	54
691	331
692	9
692	50
692	54
692	66
692	100
692	150
692	267
692	331
692	452
692	489
692	740
693	54
693	70
693	331
694	44
694	93
694	331
695	44
695	93
695	331
696	9
696	54
696	331
696	489
697	331
698	54
698	276
698	331
698	452
699	50
699	54
699	276
699	331
699	489
699	650
700	29
700	54
700	186
700	267
700	276
700	331
700	489
700	650
701	54
701	267
701	276
701	331
701	367
702	54
702	276
702	331
703	54
703	276
703	331
704	54
704	331
705	54
705	276
705	331
706	331
706	678
707	44
707	93
707	331
707	678
708	54
708	276
708	331
708	343
709	50
709	54
709	70
709	267
709	276
709	331
710	54
710	276
710	331
710	489
711	331
712	54
712	331
713	331
714	54
714	331
714	452
715	331
716	331
716	452
717	54
717	128
717	331
717	343
718	54
718	331
719	331
720	331
721	331
722	331
723	44
723	93
723	331
723	678
724	9
724	54
724	331
725	331
726	331
726	684
727	54
727	70
727	186
727	267
727	331
727	367
728	70
728	79
728	140
728	331
728	672
729	276
729	331
730	54
730	276
730	331
731	54
731	276
731	331
732	331
733	331
734	50
734	54
734	331
735	331
736	276
736	299
736	331
736	343
737	299
737	331
738	27
738	44
738	497
738	506
738	678
739	9
739	54
739	65
739	256
739	740
740	9
740	497
741	9
742	9
743	9
743	114
743	621
743	708
743	740
744	9
744	621
745	9
745	44
745	50
745	93
746	9
746	66
746	93
746	621
746	721
747	9
748	9
749	9
749	44
749	93
750	9
750	66
750	93
750	570
751	9
751	114
751	116
751	276
751	331
751	343
751	452
751	621
751	708
752	9
752	497
752	621
752	740
753	9
753	66
753	242
753	603
753	621
753	740
754	9
755	9
755	66
756	9
757	9
758	9
758	740
759	9
759	114
759	621
759	672
759	708
760	9
760	50
760	70
760	267
760	276
760	367
760	489
761	9
762	9
763	9
763	50
763	276
763	621
764	9
764	15
764	33
764	66
764	267
764	276
764	343
764	497
765	9
766	9
767	9
767	33
767	66
768	9
768	33
768	54
768	153
769	9
769	33
769	54
769	153
770	9
770	621
771	9
772	9
772	497
773	9
773	44
773	65
773	93
773	497
774	9
774	65
774	93
774	497
775	9
775	66
775	740
776	9
777	9
777	66
777	242
777	740
778	9
778	66
779	9
780	9
780	27
780	33
780	57
780	66
780	100
780	276
780	367
781	9
781	86
781	116
782	9
782	66
783	9
783	44
783	93
783	452
784	9
784	57
784	497
784	621
785	9
785	70
786	9
787	9
787	66
787	93
787	242
788	9
788	54
788	259
788	410
789	9
789	54
789	259
789	410
790	9
790	267
790	621
791	9
791	114
791	621
791	708
792	9
792	621
793	9
793	497
794	9
794	497
794	621
795	9
795	497
795	621
796	9
796	114
796	497
796	621
797	9
797	66
798	9
798	66
799	9
799	70
799	100
799	276
799	621
800	9
800	100
800	276
801	9
801	57
801	100
802	9
803	9
803	44
803	93
803	299
803	621
804	9
804	114
804	621
805	9
806	9
806	708
806	740
807	9
807	44
807	70
807	93
807	116
807	256
807	621
807	708
807	740
808	9
809	9
810	9
811	9
812	9
812	299
813	9
813	708
814	9
814	50
814	581
814	708
815	9
815	66
816	9
816	93
816	276
817	9
818	9
819	9
819	54
819	331
820	9
821	9
821	66
821	114
821	621
821	708
822	9
822	437
822	497
823	9
823	44
823	93
823	114
823	276
823	621
823	678
823	708
824	9
824	621
824	708
825	9
825	621
825	708
826	9
827	9
827	621
828	9
828	621
829	9
829	66
829	621
830	9
830	66
830	242
830	267
831	9
831	66
832	9
832	100
832	327
832	684
833	9
834	9
834	33
834	66
835	9
836	9
836	66
837	9
837	621
838	9
839	9
839	114
839	331
840	9
840	150
840	684
841	9
841	150
841	186
841	684
842	9
842	621
843	9
843	343
843	621
843	708
843	740
844	9
844	276
844	684
845	9
846	9
847	9
848	9
848	114
848	497
848	621
848	708
849	9
849	114
849	497
850	9
850	114
850	497
850	621
850	708
851	9
852	9
853	9
853	276
853	343
853	452
853	621
853	708
853	740
854	9
854	66
854	699
855	9
855	66
855	699
856	9
856	100
856	621
856	708
857	9
857	100
858	9
858	66
858	740
859	9
859	44
859	66
859	256
860	9
860	66
860	242
861	9
861	497
862	9
862	331
863	9
863	116
863	276
863	621
864	9
864	70
864	114
864	256
864	267
864	621
864	708
865	9
865	15
865	33
865	44
865	327
865	621
865	684
866	9
866	50
866	452
866	581
867	9
867	33
867	66
868	9
868	66
868	242
869	9
869	66
870	9
870	242
871	9
871	66
871	242
872	9
872	66
872	242
872	256
872	603
872	621
872	740
873	9
873	621
873	708
874	9
874	66
874	114
874	325
874	373
874	487
874	621
874	672
874	708
875	9
875	54
875	621
876	9
876	66
876	570
877	9
877	33
878	9
879	9
879	740
880	9
880	343
880	452
881	9
881	497
882	9
882	740
883	9
883	684
883	740
884	9
884	221
884	269
884	418
884	513
884	570
884	710
885	9
885	221
885	269
885	418
885	570
885	621
885	710
886	9
886	93
886	221
886	269
886	497
886	621
886	708
887	9
887	513
887	570
887	621
887	708
887	710
888	9
888	44
888	93
888	269
888	418
888	513
888	570
888	621
888	708
888	710
889	9
889	269
889	418
889	513
889	570
889	621
889	708
889	710
890	9
890	269
890	418
890	513
890	570
890	621
890	708
890	710
891	9
891	710
892	9
892	570
892	621
892	708
893	9
893	513
893	570
893	710
894	9
894	66
894	114
894	621
894	708
894	740
895	9
895	570
895	581
895	621
896	9
896	570
896	708
897	9
897	66
897	621
897	708
898	9
898	570
898	710
899	9
899	221
899	269
899	418
899	513
899	570
899	708
899	710
900	9
900	570
900	710
901	9
901	570
901	710
902	9
902	269
902	418
902	513
902	570
902	710
903	9
904	9
904	66
905	9
905	621
906	9
906	621
906	740
907	9
908	9
908	66
908	311
909	9
909	66
909	128
909	656
910	9
910	44
911	9
911	44
911	621
911	708
912	9
912	343
913	9
913	66
913	153
913	257
913	374
913	431
913	660
913	683
914	9
914	114
914	621
915	9
916	9
917	9
917	276
918	9
919	9
919	66
919	100
920	9
920	65
920	114
920	437
920	621
920	708
920	740
921	9
921	66
921	242
921	497
922	9
922	65
923	9
923	621
923	708
924	9
924	116
925	9
925	70
926	9
926	54
927	9
927	740
928	9
928	114
928	307
928	672
929	9
929	54
929	66
929	114
929	621
929	708
930	9
930	66
930	114
930	621
930	672
930	740
931	9
931	114
932	9
932	50
932	54
932	114
932	708
933	9
934	9
935	9
936	9
936	497
936	740
937	9
937	54
937	489
937	621
938	9
938	66
938	276
938	343
939	9
939	66
939	114
939	621
940	9
940	66
941	9
941	50
941	473
942	9
943	9
943	66
943	114
943	740
944	9
945	9
945	66
945	70
945	100
945	280
945	489
946	9
946	186
946	276
946	708
947	9
947	740
948	9
948	497
948	621
948	708
949	9
949	114
949	621
949	672
950	9
950	621
951	9
952	9
952	114
953	9
953	621
954	9
954	621
954	708
954	740
955	9
955	54
955	66
955	489
955	621
955	708
955	740
956	9
956	66
956	621
957	9
957	54
957	489
958	9
958	114
958	165
958	186
959	9
959	44
959	50
959	54
959	165
959	331
959	367
960	9
960	54
960	70
960	93
960	99
960	100
960	150
960	186
960	267
960	276
960	278
960	331
960	333
960	367
960	489
960	497
960	564
960	650
961	9
961	50
961	54
961	267
961	276
961	672
962	9
962	50
962	54
962	57
962	66
962	70
962	150
962	256
962	276
962	278
962	343
962	367
962	621
962	656
962	740
963	9
963	54
963	57
963	70
963	93
963	100
963	186
963	276
963	278
963	333
963	367
963	650
963	656
963	740
964	9
964	54
964	150
964	452
964	564
965	9
965	15
965	50
965	54
965	66
965	70
965	93
965	99
965	123
965	150
965	186
965	259
965	267
965	278
965	331
965	333
965	357
965	621
965	708
966	9
966	54
966	70
966	93
966	100
966	150
966	186
966	267
966	686
967	9
967	70
967	93
967	100
967	150
967	186
967	267
967	686
968	9
968	54
968	57
968	70
968	150
968	186
968	278
968	331
968	367
968	452
968	672
969	9
969	50
969	54
969	57
969	70
969	123
969	150
969	267
969	276
969	331
969	343
969	367
969	489
970	9
971	9
971	66
971	70
971	114
971	621
972	9
972	66
972	70
972	276
972	621
973	9
973	66
974	9
974	621
975	9
975	66
975	70
975	114
975	621
975	708
976	9
976	66
976	114
976	621
976	708
977	9
977	66
977	70
977	114
977	276
977	343
977	621
977	708
978	9
978	621
979	9
980	9
980	186
980	267
980	621
981	9
981	70
981	114
981	186
981	267
981	621
982	9
982	66
982	242
983	9
983	66
983	242
984	9
984	114
985	9
985	44
985	50
985	66
985	93
985	300
985	452
985	497
985	740
986	9
986	489
987	9
987	621
988	9
988	217
988	300
988	331
988	621
988	740
989	9
990	9
990	27
990	44
990	57
990	66
990	70
990	93
990	114
990	116
990	256
990	331
990	497
990	621
990	656
990	684
990	708
990	740
991	9
992	9
993	9
993	114
994	9
994	114
994	621
994	672
994	708
995	9
995	66
995	86
995	114
995	116
995	300
995	437
995	497
995	621
995	683
996	6
996	9
996	100
996	147
996	313
996	497
996	581
996	684
997	9
997	66
997	114
997	276
997	621
997	672
997	708
998	9
998	114
998	437
998	621
998	708
999	9
999	114
999	497
999	621
1000	9
1000	54
1000	267
1001	9
1001	44
1001	50
1001	57
1001	100
1001	267
1001	299
1001	327
1001	452
1001	497
1001	581
1001	656
1002	9
1002	29
1002	33
1002	54
1002	57
1002	66
1002	70
1002	114
1002	186
1002	256
1002	267
1002	367
1002	621
1002	708
1002	740
1003	9
1004	9
1004	621
1004	708
1005	9
1006	9
1006	114
1007	9
1007	740
1008	9
1008	452
1008	621
1009	9
1009	276
1009	343
1010	9
1010	114
1010	621
1010	708
1010	740
1011	9
1011	621
1012	9
1012	621
1012	708
1013	9
1014	9
1014	114
1014	708
1015	9
1015	54
1015	621
1015	708
1015	740
1016	9
1017	9
1017	66
1018	9
1018	114
1018	116
1018	437
1018	621
1018	672
1018	708
1018	740
1019	9
1019	621
1020	9
1021	9
1021	621
1021	708
1022	9
1023	331
1024	44
1024	331
1024	678
1025	150
1025	331
1025	452
1026	29
1026	150
1026	267
1026	331
1026	452
1027	331
1028	331
1029	331
1030	331
1031	54
1031	70
1031	165
1031	186
1031	276
1031	331
1032	50
1032	54
1032	70
1032	93
1032	165
1032	186
1032	276
1032	299
1032	331
1032	367
1033	54
1033	57
1033	299
1033	331
1033	656
1034	331
1035	331
1036	27
1036	100
1036	150
1036	276
1036	327
1036	331
1036	497
1036	656
1036	684
1037	331
1038	50
1038	54
1038	331
1038	489
1038	650
1039	50
1039	331
1039	650
1040	331
1041	331
1042	9
1042	44
1042	93
1042	331
1042	418
1042	513
1042	570
1042	710
1043	331
1044	331
1045	50
1045	54
1045	331
1045	489
1045	650
1046	50
1046	54
1046	331
1046	650
1047	150
1047	267
1047	300
1047	331
1047	367
1047	452
1047	489
1048	9
1048	28
1048	44
1048	93
1048	256
1048	331
1048	740
1049	57
1049	331
1050	331
1051	54
1051	331
1052	50
1052	54
1052	331
1052	650
1053	44
1053	93
1053	331
1054	114
1054	299
1054	331
1055	27
1055	150
1055	331
1056	27
1056	44
1056	331
1056	497
1056	678
1057	33
1057	217
1057	331
1057	487
1057	627
1057	740
1058	50
1058	331
1058	621
1059	331
1060	9
1060	331
1061	54
1061	331
1062	54
1062	331
1062	489
1063	54
1063	186
1063	331
1063	489
1064	57
1064	276
1064	331
1064	684
1065	9
1065	93
1065	331
1066	54
1066	299
1066	331
1066	489
1067	331
1068	331
1069	44
1069	54
1069	114
1069	165
1069	331
1070	54
1070	331
1071	9
1071	54
1071	114
1071	165
1071	331
1071	489
1071	581
1072	331
1072	343
1073	54
1073	331
1074	9
1074	50
1074	70
1074	331
1074	367
1075	44
1075	50
1075	54
1075	114
1075	219
1075	307
1075	331
1075	367
1075	489
1075	650
1075	672
1076	54
1076	150
1076	331
1076	343
1077	150
1077	282
1077	331
1078	50
1078	331
1079	54
1079	282
1079	331
1080	50
1080	114
1080	331
1081	9
1081	50
1081	331
1082	54
1082	331
1082	343
1083	186
1083	331
1084	9
1084	54
1084	186
1084	331
1085	50
1085	70
1085	93
1085	100
1085	150
1085	165
1085	276
1085	331
1085	367
1085	581
1086	50
1086	54
1086	57
1086	331
1086	489
1086	650
1087	50
1087	57
1087	93
1087	99
1087	267
1087	331
1087	367
1087	489
1087	672
1087	686
1088	27
1088	54
1088	150
1088	331
1088	449
1089	9
1089	54
1089	70
1089	186
1089	331
1089	564
1089	581
1090	9
1090	33
1090	54
1090	57
1090	70
1090	100
1090	162
1090	267
1090	278
1090	331
1090	367
1090	564
1090	672
1091	50
1091	54
1091	150
1091	186
1091	267
1091	276
1091	278
1091	331
1091	357
1091	489
1091	708
1091	740
1092	9
1092	44
1092	57
1092	93
1092	331
1092	367
1092	489
1092	621
1093	331
1094	93
1094	276
1094	331
1095	331
1095	452
1096	276
1096	331
1096	581
1097	276
1097	331
1097	581
1098	299
1098	331
1098	581
1099	54
1099	276
1099	299
1099	331
1100	299
1100	331
1100	581
1101	99
1101	475
1101	604
1101	725
1102	100
1102	604
1103	100
1103	267
1103	367
1103	604
1103	685
1104	9
1104	27
1104	66
1104	679
1105	9
1105	66
1105	241
1105	679
1106	679
1107	679
1108	57
1108	299
1108	343
1108	497
1108	679
1109	256
1110	9
1110	256
1110	740
1111	256
1111	299
1111	343
1111	740
1112	114
1112	256
1112	740
1113	86
1113	116
1113	256
1113	345
1113	672
1113	740
1114	256
1114	740
1115	9
1115	256
1115	740
1116	256
1116	740
1117	44
1117	93
1117	256
1117	740
1118	128
1118	256
1118	683
1118	740
1119	256
1119	740
1120	9
1120	66
1120	256
1120	678
1120	740
1121	9
1121	256
1121	621
1121	708
1121	740
1122	33
1122	50
1122	54
1122	256
1122	489
1123	9
1123	66
1123	70
1123	100
1123	162
1123	186
1123	256
1123	267
1123	357
1123	564
1123	621
1123	708
1123	740
1124	242
1124	256
1124	740
1125	9
1125	116
1125	256
1125	740
1126	9
1126	93
1126	116
1126	256
1126	740
1127	256
1128	256
1128	740
1129	256
1129	740
1130	9
1130	256
1130	740
1131	50
1131	57
1131	114
1131	276
1131	452
1132	50
1132	299
1132	300
1133	50
1133	299
1133	300
1134	9
1134	50
1134	86
1134	116
1134	489
1135	50
1135	186
1136	50
1136	54
1136	343
1136	489
1137	50
1138	50
1139	50
1140	50
1140	70
1140	367
1141	50
1142	50
1142	54
1143	27
1143	50
1143	116
1143	672
1144	50
1144	54
1144	276
1144	343
1144	452
1145	50
1145	276
1145	343
1145	452
1146	50
1146	276
1146	343
1147	50
1147	343
1148	50
1149	50
1149	489
1150	50
1151	50
1151	343
1152	9
1152	50
1153	9
1153	50
1153	299
1154	50
1154	116
1154	276
1154	299
1155	15
1155	50
1155	54
1155	299
1155	489
1155	684
1155	710
1156	50
1156	54
1157	50
1157	276
1158	50
1159	50
1159	333
1160	15
1160	33
1160	50
1161	50
1161	57
1161	656
1162	50
1162	54
1162	150
1162	186
1162	276
1162	452
1163	50
1163	57
1163	70
1163	186
1163	367
1163	489
1164	9
1164	50
1164	656
1165	50
1166	50
1166	57
1166	497
1166	656
1167	9
1167	50
1167	54
1168	50
1169	50
1169	54
1170	50
1170	54
1171	50
1172	50
1172	54
1172	489
1173	50
1173	65
1173	70
1173	267
1173	276
1173	367
1174	50
1174	267
1175	50
1176	50
1176	54
1176	100
1176	489
1176	497
1176	581
1176	684
1177	50
1177	70
1177	86
1177	267
1178	50
1179	50
1180	50
1181	50
1181	489
1182	50
1183	50
1184	50
1184	54
1185	50
1185	186
1186	50
1186	269
1186	418
1186	513
1186	570
1186	710
1187	50
1187	269
1187	418
1187	513
1187	570
1187	710
1188	50
1188	54
1189	9
1189	50
1189	66
1189	708
1190	50
1190	489
1191	50
1191	186
1191	276
1191	343
1191	452
1192	50
1192	276
1192	343
1192	452
1193	50
1193	452
1194	50
1194	276
1194	343
1194	452
1194	489
1195	50
1196	50
1197	50
1197	66
1198	50
1198	54
1198	57
1198	300
1198	343
1198	489
1198	630
1199	9
1199	50
1199	54
1199	57
1199	114
1199	186
1199	339
1199	343
1199	489
1199	630
1200	9
1200	38
1200	50
1200	54
1200	70
1200	114
1200	150
1200	186
1200	307
1200	630
1201	50
1202	50
1202	79
1203	50
1204	50
1205	50
1205	54
1205	650
1206	50
1207	50
1208	50
1209	50
1209	70
1209	86
1209	116
1209	150
1210	9
1210	50
1210	57
1210	299
1210	367
1210	497
1211	50
1211	489
1211	581
1212	50
1213	9
1213	50
1214	50
1215	9
1215	50
1215	66
1215	100
1215	678
1216	50
1217	50
1217	276
1217	343
1217	452
1218	50
1218	276
1218	343
1218	452
1219	50
1219	54
1219	489
1220	50
1220	54
1220	489
1221	50
1221	54
1221	489
1222	50
1222	70
1222	367
1223	9
1223	27
1223	44
1223	50
1223	57
1223	66
1223	100
1223	327
1223	684
1224	50
1224	54
1224	70
1224	267
1224	367
1225	50
1225	343
1226	50
1226	114
1226	672
1227	50
1227	276
1227	343
1227	452
1228	9
1228	50
1228	54
1228	489
1228	621
1229	50
1230	50
1231	50
1232	50
1232	86
1232	116
1233	50
1234	50
1235	50
1236	50
1237	50
1238	50
1238	57
1239	50
1239	54
1239	70
1239	114
1239	150
1240	50
1240	54
1240	70
1240	114
1240	150
1241	50
1242	50
1243	50
1244	9
1244	50
1244	276
1244	621
1245	9
1245	50
1245	621
1246	50
1247	50
1248	50
1249	50
1250	50
1251	50
1252	50
1253	50
1253	54
1254	50
1254	193
1255	44
1255	50
1255	93
1255	100
1255	489
1255	628
1256	9
1256	50
1256	54
1256	66
1256	119
1256	656
1257	50
1258	9
1258	44
1258	50
1258	54
1258	93
1258	100
1258	116
1258	186
1258	628
1258	684
1259	50
1260	50
1261	9
1261	50
1262	50
1262	54
1263	9
1263	50
1263	54
1263	186
1264	9
1264	44
1264	50
1264	186
1265	50
1265	186
1266	50
1266	186
1267	50
1267	186
1268	50
1268	186
1269	50
1270	50
1271	50
1272	50
1273	9
1273	50
1273	57
1274	50
1274	54
1275	50
1276	50
1276	54
1277	50
1278	50
1279	50
1279	57
1279	299
1279	581
1279	672
1280	50
1281	9
1281	44
1281	50
1281	57
1281	93
1281	497
1281	684
1282	9
1282	27
1282	44
1282	50
1282	57
1282	100
1282	299
1282	327
1282	581
1282	684
1283	9
1283	35
1283	44
1283	50
1283	54
1283	57
1283	66
1283	86
1283	100
1283	116
1283	150
1283	186
1283	242
1283	267
1283	276
1283	299
1283	327
1283	343
1283	452
1283	489
1283	656
1283	684
1284	50
1285	50
1286	50
1287	50
1287	54
1288	50
1289	50
1290	50
1290	54
1290	57
1290	186
1290	267
1290	367
1290	650
1291	50
1291	114
1291	165
1292	50
1292	367
1293	50
1293	54
1293	57
1294	50
1294	186
1294	267
1295	50
1296	50
1296	150
1296	186
1297	50
1297	186
1298	50
1298	70
1298	489
1299	9
1299	50
1299	54
1299	93
1300	50
1300	54
1300	93
1300	150
1300	267
1300	581
1301	9
1301	50
1301	54
1301	70
1301	150
1301	186
1301	267
1301	276
1301	278
1301	343
1301	489
1302	50
1302	54
1302	672
1303	9
1303	50
1303	150
1303	267
1303	327
1303	367
1303	672
1304	9
1304	50
1304	70
1304	367
1304	489
1304	621
1304	656
1305	9
1305	50
1305	70
1305	367
1305	489
1305	564
1305	621
1305	656
1306	50
1306	57
1306	70
1306	99
1306	114
1306	162
1306	165
1306	186
1306	327
1306	357
1306	489
1306	497
1306	498
1306	564
1306	581
1306	650
1306	672
1307	9
1307	50
1307	54
1307	70
1307	150
1307	276
1307	278
1307	343
1307	357
1307	367
1307	581
1308	50
1309	50
1310	50
1310	489
1311	50
1311	54
1312	50
1312	54
1313	9
1313	50
1314	50
1315	50
1315	343
1316	50
1317	50
1317	276
1318	9
1318	50
1319	50
1319	57
1319	150
1319	343
1319	452
1319	672
1320	50
1320	299
1320	452
1320	656
1321	50
1322	50
1323	50
1323	54
1323	267
1323	276
1323	650
1324	50
1325	28
1325	283
1325	452
1326	683
1327	683
1328	683
1329	683
1330	150
1330	683
1331	193
1331	683
1332	193
1332	683
1333	9
1333	150
1333	193
1333	311
1333	683
1334	9
1334	66
1334	343
1334	683
1335	683
1336	44
1336	452
1336	683
1337	9
1337	44
1337	66
1337	86
1337	93
1337	100
1337	116
1337	150
1337	299
1337	489
1337	656
1337	683
1338	66
1338	119
1338	266
1338	408
1338	628
1338	698
1339	628
1340	54
1340	299
1341	54
1341	186
1341	489
1342	54
1342	276
1342	343
1343	54
1343	70
1344	54
1345	50
1345	54
1346	54
1347	54
1348	54
1349	27
1349	54
1349	489
1350	54
1351	54
1351	165
1351	327
1351	343
1351	452
1351	581
1352	54
1353	50
1353	54
1354	54
1355	50
1355	54
1356	50
1356	54
1357	50
1357	54
1357	343
1357	452
1357	489
1358	54
1358	70
1358	186
1358	367
1359	54
1360	54
1360	489
1361	54
1362	54
1363	29
1363	54
1363	267
1364	54
1365	54
1366	54
1366	489
1367	54
1368	54
1368	100
1368	150
1369	54
1370	54
1371	54
1372	54
1372	57
1372	93
1372	165
1372	327
1372	684
1373	54
1374	54
1374	489
1375	54
1375	656
1376	54
1376	57
1376	656
1377	9
1377	50
1377	54
1377	57
1377	656
1378	54
1378	267
1379	54
1379	186
1380	54
1381	54
1381	93
1382	54
1382	489
1383	54
1383	489
1384	54
1384	489
1385	54
1386	54
1387	50
1387	54
1388	54
1389	54
1390	54
1391	54
1391	276
1392	9
1392	38
1392	54
1392	93
1392	513
1392	570
1392	710
1393	54
1393	452
1393	513
1393	570
1394	54
1395	27
1395	44
1395	54
1395	93
1395	300
1395	343
1395	367
1396	50
1396	54
1396	650
1397	50
1397	54
1397	650
1398	9
1398	35
1398	38
1398	54
1398	57
1398	70
1398	114
1398	186
1398	339
1398	343
1399	27
1399	54
1399	299
1400	54
1400	267
1401	54
1401	267
1402	54
1402	489
1403	54
1403	70
1403	343
1403	489
1404	54
1405	54
1406	54
1407	54
1407	452
1408	9
1408	54
1408	70
1408	114
1408	276
1408	621
1409	27
1409	50
1409	54
1410	50
1410	54
1410	367
1411	54
1412	54
1412	276
1412	343
1412	452
1413	54
1414	9
1414	54
1414	276
1415	54
1416	54
1416	100
1416	299
1416	327
1416	581
1416	656
1417	54
1417	65
1418	54
1419	54
1419	57
1419	100
1419	489
1420	9
1420	54
1421	54
1422	54
1423	54
1424	54
1425	54
1426	54
1427	54
1428	54
1429	54
1430	54
1431	9
1431	50
1431	54
1432	44
1432	54
1432	93
1433	54
1434	54
1435	54
1436	54
1437	54
1437	581
1438	54
1439	54
1439	276
1439	343
1440	54
1440	489
1440	650
1441	54
1442	54
1443	54
1444	9
1444	54
1444	66
1445	9
1445	33
1445	44
1445	54
1445	66
1445	114
1445	276
1445	621
1446	9
1446	54
1447	44
1447	50
1447	54
1447	497
1448	54
1449	50
1449	54
1449	70
1449	165
1449	343
1449	367
1450	54
1451	54
1451	114
1451	165
1452	54
1452	343
1452	650
1453	54
1454	9
1454	50
1454	54
1454	99
1454	150
1454	162
1454	276
1454	278
1454	327
1454	333
1454	343
1454	564
1454	672
1455	50
1455	54
1455	70
1455	93
1455	267
1455	564
1456	33
1456	50
1456	54
1456	70
1456	93
1456	267
1456	327
1456	497
1456	564
1456	659
1457	54
1457	57
1457	70
1458	54
1458	70
1458	100
1458	186
1459	54
1460	54
1460	70
1460	150
1460	186
1460	267
1460	276
1460	357
1460	367
1460	564
1460	656
1461	54
1461	70
1461	150
1461	186
1461	267
1461	276
1461	343
1461	367
1461	452
1462	9
1462	54
1462	57
1462	70
1462	150
1462	186
1462	267
1462	276
1462	278
1462	333
1462	367
1463	9
1463	54
1463	57
1463	278
1464	54
1465	54
1466	54
1467	54
1468	54
1469	54
1469	70
1469	150
1469	186
1469	267
1469	278
1469	333
1470	54
1470	437
1470	489
1471	54
1471	65
1472	54
1472	128
1473	9
1473	54
1473	116
1473	621
1474	9
1474	50
1474	54
1475	54
1476	9
1476	54
1476	66
1477	9
1477	54
1477	267
1478	54
1479	54
1479	128
1479	276
1479	489
1479	581
1479	650
1480	50
1480	54
1480	100
1480	327
1480	343
1480	452
1480	489
1480	581
1481	50
1481	54
1481	100
1481	327
1481	452
1482	9
1482	54
1482	57
1482	276
1483	54
1483	79
1484	54
1485	54
1486	54
1487	54
1488	54
1488	343
1489	54
1489	343
1490	54
1490	276
1490	343
1490	452
1491	54
1491	70
1491	276
1491	367
1491	489
1492	54
1493	54
1494	44
1494	194
1494	554
1495	194
1496	44
1496	194
1496	554
1497	213
1498	213
1499	213
1500	11
1500	44
1500	93
1500	206
1500	257
1500	516
1500	590
1500	678
1501	11
1502	11
1502	44
1502	93
1502	165
1502	206
1502	516
1502	590
1503	621
1504	9
1504	114
1504	621
1504	672
1504	708
1505	9
1505	114
1505	621
1505	672
1505	708
1506	9
1506	299
1506	621
1507	9
1507	621
1508	9
1508	217
1508	621
1508	708
1509	9
1509	66
1509	267
1509	621
1509	708
1510	9
1510	621
1511	9
1511	343
1511	452
1511	621
1512	242
1512	621
1513	9
1513	621
1513	708
1514	9
1514	621
1515	9
1515	621
1516	9
1516	621
1517	9
1517	621
1518	9
1518	621
1519	9
1519	44
1519	93
1519	621
1520	9
1520	27
1520	70
1520	452
1520	621
1520	684
1521	9
1521	621
1522	9
1522	621
1523	9
1523	114
1523	621
1524	9
1524	621
1524	708
1525	9
1525	621
1525	708
1526	9
1526	65
1526	186
1526	276
1526	621
1527	9
1527	116
1527	299
1527	621
1528	9
1528	57
1528	100
1528	165
1528	621
1528	684
1529	9
1529	114
1529	621
1529	708
1530	9
1530	621
1531	9
1531	621
1532	9
1532	621
1532	708
1533	9
1533	70
1533	100
1533	276
1533	621
1534	9
1534	70
1534	100
1534	276
1534	621
1535	9
1535	621
1536	9
1536	66
1536	100
1536	327
1536	343
1536	621
1537	114
1537	621
1538	621
1539	621
1540	621
1541	54
1541	621
1542	9
1542	54
1542	489
1542	621
1543	9
1543	621
1544	9
1544	54
1544	86
1544	116
1544	267
1544	343
1544	452
1544	621
1545	9
1545	621
1546	9
1546	27
1546	57
1546	99
1546	150
1546	165
1546	603
1546	621
1546	656
1547	621
1548	9
1548	621
1549	9
1549	621
1550	9
1550	621
1551	9
1551	114
1551	621
1552	621
1553	9
1553	66
1553	114
1553	621
1553	672
1553	708
1554	9
1554	66
1554	114
1554	621
1554	672
1554	708
1555	9
1555	66
1555	621
1556	9
1556	621
1557	9
1557	621
1558	9
1558	621
1559	9
1559	621
1559	708
1560	9
1560	497
1560	621
1561	621
1562	581
1562	621
1563	9
1563	621
1564	9
1564	343
1564	621
1565	9
1565	621
1566	621
1566	708
1567	9
1567	621
1568	9
1568	116
1568	621
1569	9
1569	116
1569	621
1570	9
1570	116
1570	621
1571	9
1571	114
1571	621
1571	708
1572	9
1572	621
1573	93
1573	621
1574	621
1575	621
1576	621
1577	621
1578	9
1578	621
1578	678
1579	621
1580	9
1580	66
1580	70
1580	114
1580	621
1580	708
1581	621
1582	9
1582	70
1582	114
1582	621
1582	708
1583	9
1583	621
1583	708
1584	9
1584	621
1585	9
1585	621
1585	708
1586	9
1586	621
1587	9
1587	57
1587	276
1587	489
1587	621
1588	57
1588	489
1588	621
1589	9
1589	621
1590	9
1590	621
1591	9
1591	621
1591	708
1592	9
1592	621
1592	708
1593	27
1593	44
1593	186
1593	621
1593	656
1594	9
1594	66
1594	86
1594	116
1594	621
1595	9
1595	513
1595	570
1595	621
1595	710
1596	9
1596	221
1596	269
1596	418
1596	513
1596	570
1596	621
1596	710
1597	9
1597	269
1597	513
1597	570
1597	621
1597	710
1598	9
1598	66
1598	621
1599	570
1599	621
1600	9
1600	621
1601	9
1601	114
1601	621
1601	708
1602	9
1602	621
1602	708
1603	621
1604	621
1605	65
1605	621
1606	9
1606	621
1607	9
1607	621
1608	9
1608	114
1608	267
1608	276
1608	621
1608	708
1609	603
1609	621
1610	9
1610	65
1610	114
1610	497
1610	621
1610	708
1611	9
1611	497
1611	621
1611	684
1612	9
1612	621
1612	740
1613	9
1613	621
1614	9
1614	621
1615	9
1615	621
1616	9
1616	54
1616	114
1616	276
1616	343
1616	367
1616	621
1617	9
1617	65
1617	66
1617	621
1617	708
1617	725
1618	9
1618	54
1618	66
1618	114
1618	621
1618	672
1618	708
1618	740
1619	9
1619	86
1619	116
1619	621
1619	708
1620	9
1620	621
1621	9
1621	15
1621	33
1621	621
1621	708
1622	9
1622	15
1622	33
1622	621
1622	708
1623	9
1623	621
1623	708
1624	9
1624	621
1625	9
1625	621
1625	708
1626	9
1626	621
1627	9
1627	621
1628	9
1628	621
1629	9
1629	114
1629	621
1630	9
1630	343
1630	367
1630	621
1631	621
1632	9
1632	57
1632	621
1633	9
1633	621
1634	9
1634	93
1634	300
1634	621
1634	708
1635	9
1635	44
1635	621
1636	9
1636	621
1637	9
1637	621
1638	54
1638	114
1638	219
1638	489
1638	621
1639	50
1639	621
1640	9
1640	44
1640	50
1640	54
1640	66
1640	114
1640	165
1640	186
1640	489
1640	497
1640	621
1641	9
1641	54
1641	66
1641	489
1641	621
1642	9
1642	54
1642	621
1643	9
1643	621
1644	9
1644	621
1644	740
1645	9
1645	54
1645	497
1645	621
1646	9
1646	57
1646	70
1646	123
1646	150
1646	367
1646	621
1647	564
1647	621
1647	656
1648	9
1648	57
1648	93
1648	367
1648	489
1648	621
1649	9
1649	114
1649	437
1649	621
1650	9
1650	66
1650	70
1650	100
1650	621
1651	621
1652	9
1652	186
1652	621
1653	9
1653	621
1654	9
1654	276
1654	343
1654	452
1654	489
1654	621
1655	9
1655	621
1656	9
1656	621
1657	621
1658	9
1658	621
1659	9
1659	621
1660	9
1660	15
1660	33
1660	217
1660	497
1660	621
1660	656
1661	9
1661	621
1661	672
1662	9
1662	621
1663	9
1663	114
1663	621
1663	708
1664	9
1664	186
1664	621
1665	9
1665	56
1665	621
1666	621
1667	9
1667	621
1668	9
1668	70
1668	267
1668	367
1668	487
1668	621
1669	9
1669	276
1669	343
1669	452
1669	581
1669	621
1669	740
1670	9
1670	581
1670	621
1670	708
1671	9
1671	621
1671	708
1672	9
1672	114
1672	621
1672	708
1673	9
1673	621
1674	9
1674	116
1674	299
1674	621
1675	621
1676	54
1677	9
1677	54
1677	114
1678	54
1679	27
1679	54
1679	57
1679	70
1679	150
1679	299
1679	367
1679	656
1680	54
1681	54
1681	343
1682	54
1682	150
1682	267
1682	299
1682	656
1683	54
1684	54
1685	54
1686	54
1687	54
1687	299
1688	54
1689	9
1689	50
1689	54
1689	165
1689	367
1689	684
1690	9
1690	27
1690	54
1690	165
1690	276
1690	299
1690	327
1690	343
1690	452
1690	684
1691	54
1691	267
1692	54
1693	9
1693	33
1693	54
1693	437
1694	54
1695	54
1696	54
1696	343
1697	54
1698	54
1699	54
1700	54
1701	54
1702	54
1703	54
1703	57
1703	299
1703	656
1704	54
1705	54
1705	70
1705	186
1705	267
1705	276
1706	54
1706	276
1707	54
1708	54
1709	54
1710	54
1711	54
1711	489
1712	54
1713	54
1714	54
1715	54
1716	54
1716	267
1717	54
1717	267
1718	54
1719	54
1720	54
1721	54
1721	489
1721	650
1722	54
1723	54
1723	276
1723	343
1723	452
1724	54
1725	54
1726	54
1726	66
1726	276
1726	343
1727	54
1728	54
1729	9
1729	54
1729	66
1729	497
1730	54
1731	54
1732	54
1732	452
1733	54
1733	269
1733	418
1733	513
1733	570
1733	710
1734	54
1734	513
1734	570
1734	710
1735	54
1736	54
1736	489
1737	54
1737	650
1738	54
1739	54
1740	54
1740	114
1741	54
1742	54
1742	489
1743	54
1744	50
1744	54
1744	489
1745	54
1746	54
1747	54
1748	54
1748	100
1749	54
1750	54
1751	54
1752	54
1753	54
1754	54
1755	54
1755	452
1756	54
1757	54
1757	267
1758	54
1758	343
1759	54
1760	54
1761	54
1761	267
1762	54
1762	70
1763	54
1763	70
1763	276
1763	343
1763	367
1764	54
1764	70
1764	276
1764	343
1764	367
1765	54
1765	489
1766	54
1766	710
1767	54
1767	267
1767	489
1767	570
1767	710
1768	54
1769	54
1770	54
1771	54
1772	50
1772	54
1773	9
1773	54
1774	54
1775	54
1776	54
1777	54
1778	9
1778	54
1779	54
1779	186
1780	54
1781	54
1782	54
1782	150
1783	54
1784	54
1785	54
1785	66
1785	267
1786	54
1786	489
1787	54
1787	489
1788	54
1788	150
1789	54
1790	9
1790	54
1790	70
1790	186
1791	9
1791	54
1791	70
1791	186
1792	54
1792	327
1792	684
1793	54
1794	54
1794	650
1795	54
1796	54
1797	9
1797	54
1798	54
1799	54
1799	299
1800	54
1800	70
1800	299
1800	343
1800	489
1801	54
1801	489
1802	54
1803	54
1804	54
1804	489
1805	9
1805	54
1805	150
1805	267
1805	656
1806	54
1807	54
1807	276
1808	54
1809	9
1809	54
1809	66
1810	54
1810	150
1810	367
1810	672
1811	33
1811	54
1811	114
1811	165
1812	54
1813	54
1813	165
1813	650
1814	54
1814	70
1814	150
1815	9
1815	50
1815	54
1815	70
1815	150
1815	267
1815	327
1815	367
1815	497
1816	54
1816	489
1817	54
1817	489
1818	54
1818	70
1818	150
1818	186
1819	50
1819	54
1819	116
1819	267
1819	489
1819	650
1820	54
1820	343
1820	489
1820	497
1821	9
1821	54
1821	70
1821	93
1821	165
1821	267
1822	54
1823	9
1823	54
1823	489
1824	9
1824	54
1824	66
1824	150
1824	276
1824	327
1824	343
1824	367
1825	54
1825	276
1825	327
1825	343
1826	54
1826	186
1826	276
1826	327
1826	343
1827	54
1828	54
1829	9
1829	50
1829	54
1829	70
1829	276
1829	367
1829	489
1829	650
1830	54
1831	54
1832	54
1833	50
1833	54
1834	54
1834	57
1834	100
1834	343
1834	489
1835	54
1835	452
1836	54
1836	489
1837	54
1837	128
1837	331
1837	489
1837	650
1838	54
1839	9
1839	54
1839	66
1839	186
1839	299
1839	452
1839	489
1840	9
1840	54
1840	489
1841	54
1842	54
1843	54
1843	140
1844	54
1844	70
1844	150
1844	186
1844	276
1845	54
1846	54
1846	489
1847	54
1848	54
1849	9
1849	54
1850	9
1850	54
1851	9
1851	186
1852	9
1853	9
1853	44
1853	93
1854	9
1854	116
1854	740
1855	9
1855	44
1855	93
1856	9
1857	9
1858	9
1858	116
1859	9
1859	44
1859	93
1860	9
1860	27
1860	66
1860	108
1860	325
1861	9
1862	9
1862	684
1863	9
1863	66
1864	9
1864	66
1864	100
1864	242
1865	9
1865	66
1866	9
1866	57
1867	9
1867	57
1867	269
1867	710
1868	9
1868	33
1868	79
1869	9
1870	9
1870	66
1870	100
1870	327
1871	9
1871	66
1871	70
1871	100
1871	327
1872	9
1872	79
1872	99
1872	186
1873	9
1874	9
1875	9
1875	66
1875	242
1876	9
1877	9
1877	66
1878	9
1878	100
1878	116
1878	327
1878	367
1878	497
1879	9
1879	79
1880	9
1880	684
1881	9
1882	9
1882	603
1883	9
1883	66
1884	9
1885	9
1885	44
1885	93
1886	9
1887	9
1888	9
1888	299
1889	9
1889	44
1889	65
1889	93
1890	9
1890	44
1890	93
1890	128
1890	452
1891	9
1891	44
1891	93
1892	9
1892	44
1892	57
1892	66
1892	93
1892	100
1892	300
1892	327
1892	570
1893	9
1893	57
1893	66
1893	100
1893	300
1893	327
1893	710
1894	9
1894	44
1894	50
1894	93
1895	9
1896	9
1897	9
1898	9
1899	9
1899	66
1900	9
1900	66
1900	100
1900	343
1900	497
1900	672
1901	9
1902	9
1903	9
1904	9
1905	9
1905	66
1905	343
1905	452
1906	9
1906	276
1906	343
1906	452
1907	9
1908	9
1908	327
1909	9
1909	603
1910	9
1910	33
1910	217
1910	276
1911	9
1911	15
1911	33
1911	116
1911	740
1912	9
1913	9
1913	44
1913	57
1913	93
1913	299
1914	9
1914	57
1914	66
1914	489
1915	9
1915	86
1915	116
1915	327
1915	452
1916	9
1916	15
1916	33
1916	35
1916	44
1916	57
1916	66
1916	86
1916	93
1916	116
1916	150
1916	186
1916	299
1916	324
1916	327
1916	452
1916	489
1916	656
1916	660
1917	9
1917	15
1917	19
1917	33
1917	44
1917	66
1917	70
1917	100
1917	150
1917	299
1917	327
1917	489
1918	9
1918	15
1918	19
1918	44
1918	70
1918	150
1918	299
1919	9
1920	9
1920	35
1920	57
1920	66
1920	86
1920	116
1920	186
1920	299
1920	452
1920	489
1920	660
1921	9
1922	9
1922	684
1923	9
1923	684
1924	9
1925	9
1926	9
1926	267
1927	6
1928	278
1928	333
1929	70
1929	278
1930	70
1930	80
1930	278
1930	333
1930	367
1930	564
1930	702
1931	278
1932	278
1932	333
1933	150
1933	278
1933	333
1934	9
1934	186
1934	267
1934	278
1934	300
1934	333
1935	278
1936	57
1936	278
1936	489
1937	276
1937	278
1937	343
1938	9
1938	57
1938	70
1938	150
1938	186
1938	276
1938	278
1938	333
1938	343
1938	367
1939	9
1939	150
1939	278
1939	333
1940	141
1940	278
1940	333
1941	79
1942	60
1942	79
1943	65
1943	79
1944	79
1945	79
1946	79
1947	79
1947	581
1948	9
1948	79
1949	79
1949	140
1950	79
1951	79
1951	489
1952	79
1952	140
1953	79
1954	79
1955	50
1956	50
1957	50
1957	489
1958	9
1958	50
1958	489
1959	50
1959	54
1959	57
1959	299
1959	497
1959	656
1960	50
1960	54
1961	50
1961	452
1962	50
1963	50
1963	489
1964	50
1965	50
1965	70
1966	50
1966	70
1967	9
1967	50
1968	50
1969	50
1969	93
1969	116
1970	50
1970	54
1971	50
1971	650
1972	50
1972	327
1973	50
1974	50
1975	145
1976	9
1976	145
1977	145
1977	152
1978	145
1979	145
1980	145
1981	33
1981	44
1981	46
1981	54
1981	150
1981	295
1981	299
1981	314
1981	497
1981	518
1981	525
1981	581
1981	620
1981	641
1981	678
1981	699
1982	70
1982	267
1982	367
1983	70
1984	70
1984	186
1985	70
1986	9
1986	70
1987	29
1987	70
1987	267
1987	367
1987	656
1988	29
1988	70
1988	267
1988	367
1989	70
1990	70
1991	70
1991	367
1992	29
1992	70
1992	267
1992	367
1993	27
1993	70
1993	186
1994	70
1994	186
1994	367
1995	9
1995	70
1995	79
1996	70
1997	70
1998	70
1999	70
1999	267
1999	367
2000	70
2000	186
2000	267
2000	276
2000	299
2000	343
2000	367
2001	70
2001	150
2001	267
2001	276
2001	367
2002	70
2002	150
2003	70
2003	186
2003	276
2004	70
2005	9
2005	70
2006	70
2006	242
2006	267
2006	367
2007	9
2007	70
2007	86
2007	116
2007	299
2008	70
2008	299
2009	70
2010	70
2010	186
2011	70
2011	150
2012	70
2012	267
2012	276
2012	367
2013	70
2014	29
2014	70
2014	99
2014	217
2015	70
2015	100
2015	186
2016	70
2016	267
2016	367
2017	70
2017	343
2017	367
2018	70
2018	437
2019	70
2019	367
2020	70
2020	367
2021	70
2021	259
2021	299
2021	367
2022	70
2023	70
2023	186
2023	267
2023	367
2024	70
2025	70
2025	267
2025	367
2026	70
2026	267
2026	367
2027	70
2027	367
2028	70
2028	99
2028	186
2029	9
2029	70
2029	186
2029	300
2029	307
2029	367
2030	54
2030	70
2030	276
2030	343
2031	9
2031	70
2031	497
2031	740
2032	70
2032	367
2033	70
2034	70
2034	186
2034	367
2035	70
2035	186
2035	367
2036	70
2036	150
2037	70
2038	70
2039	70
2040	70
2040	656
2041	70
2041	276
2041	581
2042	70
2042	267
2042	367
2043	70
2043	267
2043	367
2044	70
2044	299
2045	57
2045	70
2045	299
2046	70
2046	186
2047	70
2048	70
2049	9
2049	70
2050	70
2050	267
2050	367
2051	70
2051	276
2052	15
2052	33
2052	70
2052	343
2052	452
2053	57
2053	70
2053	93
2053	114
2053	276
2053	656
2054	57
2054	70
2054	93
2054	114
2054	656
2055	70
2055	186
2055	497
2056	70
2056	186
2057	70
2058	70
2059	70
2059	186
2059	267
2059	367
2060	70
2060	186
2060	267
2060	367
2061	70
2061	186
2061	267
2061	367
2062	70
2062	186
2062	267
2062	367
2063	70
2063	367
2063	684
2064	70
2064	186
2064	267
2064	367
2065	29
2065	70
2065	186
2065	267
2065	367
2066	29
2066	70
2066	186
2066	267
2066	367
2067	70
2067	267
2067	343
2068	70
2069	70
2070	70
2070	116
2071	70
2071	186
2072	70
2072	186
2073	70
2073	267
2073	367
2074	70
2074	267
2074	367
2075	70
2076	70
2076	150
2077	9
2077	70
2077	114
2077	150
2077	276
2077	672
2078	9
2078	70
2078	114
2078	150
2079	70
2080	70
2081	70
2082	70
2082	99
2082	150
2082	186
2083	70
2083	150
2083	267
2083	367
2084	70
2084	186
2084	343
2084	367
2084	672
2085	70
2086	70
2086	186
2086	276
2086	367
2087	70
2087	186
2087	267
2087	367
2088	66
2088	70
2088	327
2089	9
2089	70
2090	70
2090	282
2090	489
2091	50
2091	70
2091	267
2091	367
2092	9
2092	54
2092	70
2092	100
2092	150
2092	267
2092	367
2092	708
2093	70
2094	70
2094	367
2094	497
2095	70
2096	70
2097	70
2097	100
2097	267
2097	343
2097	489
2098	70
2098	267
2098	343
2098	489
2099	70
2099	186
2099	367
2100	9
2100	70
2100	116
2100	267
2100	367
2101	70
2101	581
2101	684
2102	70
2103	29
2103	70
2103	186
2103	267
2103	367
2104	70
2105	9
2105	66
2106	9
2106	66
2107	33
2107	66
2107	100
2108	66
2108	100
2109	66
2109	100
2110	9
2110	66
2110	100
2110	276
2110	327
2110	343
2111	66
2111	100
2111	343
2112	9
2112	66
2113	9
2113	66
2113	128
2113	740
2114	9
2114	66
2114	242
2115	9
2115	15
2115	44
2115	66
2115	93
2115	678
2116	9
2116	66
2116	242
2116	343
2116	699
2117	66
2118	9
2118	57
2118	66
2118	186
2118	327
2119	66
2120	9
2120	66
2120	242
2121	9
2121	66
2122	66
2123	9
2123	66
2124	9
2124	66
2125	66
2126	9
2126	66
2126	150
2127	9
2127	66
2128	66
2129	66
2129	276
2129	300
2130	66
2130	100
2131	9
2131	66
2131	70
2131	93
2131	276
2131	489
2131	708
2132	9
2132	66
2133	66
2134	9
2134	66
2134	242
2135	14
2135	41
2135	269
2135	450
2135	570
2135	710
2136	54
2136	489
2137	15
2137	33
2137	54
2138	54
2138	276
2139	54
2140	54
2141	54
2142	54
2143	54
2143	343
2143	489
2144	54
2145	54
2146	54
2147	54
2147	165
2148	54
2148	57
2148	276
2149	54
2150	54
2151	54
2152	54
2152	276
2152	343
2152	452
2153	9
2153	54
2153	276
2153	452
2154	54
2155	54
2156	9
2156	54
2156	150
2156	269
2156	418
2156	570
2156	710
2157	54
2157	150
2157	570
2157	710
2158	54
2158	93
2158	418
2158	570
2158	710
2159	54
2159	221
2159	269
2159	418
2159	570
2159	710
2160	54
2160	269
2160	570
2160	710
2161	54
2162	54
2162	114
2163	9
2163	50
2163	54
2164	54
2165	54
2166	54
2167	54
2168	27
2168	54
2169	54
2169	276
2170	54
2171	54
2171	343
2172	54
2173	54
2173	276
2174	54
2175	54
2176	54
2177	44
2177	54
2177	114
2177	186
2177	497
2178	54
2178	186
2178	276
2178	327
2178	343
2179	9
2179	54
2179	93
2179	343
2179	489
2180	54
2181	54
2181	186
2181	267
2182	44
2182	54
2182	93
2182	489
2183	54
2184	9
2184	54
2184	93
2185	54
2186	54
2187	54
2188	54
2189	54
2190	54
2191	54
2192	54
2193	9
2193	27
2193	150
2193	306
2193	327
2193	684
2194	678
2195	9
2195	57
2195	678
2196	57
2196	678
2197	44
2197	678
2198	44
2198	331
2198	678
2199	29
2199	44
2199	93
2199	678
2200	678
2200	740
2201	678
2202	93
2202	678
2203	678
2204	9
2204	678
2205	27
2205	678
2206	44
2206	678
2207	44
2207	93
2207	276
2207	678
2208	57
2208	656
2208	678
2209	678
2210	678
2211	678
2212	678
2213	217
2213	678
2214	678
2215	678
2216	9
2216	44
2216	93
2216	299
2216	343
2216	678
2217	11
2217	266
2217	299
2217	327
2217	556
2217	678
2217	717
2218	678
2219	44
2219	93
2219	150
2219	276
2219	343
2219	678
2220	27
2220	44
2220	93
2220	678
2220	725
2221	452
2221	678
2222	452
2222	678
2223	266
2223	678
2224	678
2225	678
2226	44
2226	93
2226	678
2227	678
2228	100
2228	678
2229	9
2229	27
2229	57
2229	93
2229	327
2229	678
2230	9
2230	27
2230	57
2230	93
2230	100
2230	150
2230	165
2230	299
2230	327
2230	497
2230	656
2230	678
2230	684
2231	678
2232	678
2233	678
2234	678
2235	44
2235	93
2235	678
2236	678
2237	99
2237	678
2238	150
2238	678
2239	150
2239	678
2240	57
2240	150
2240	678
2241	343
2241	678
2242	44
2242	343
2242	678
2243	343
2243	678
2244	93
2244	678
2245	276
2245	489
2245	678
2246	497
2246	678
2247	678
2248	678
2249	44
2249	93
2249	678
2250	678
2251	655
2252	655
2253	655
2254	33
2254	65
2254	655
2255	153
2255	299
2255	655
2255	720
2256	497
2256	581
2256	684
2257	497
2257	581
2257	684
2258	497
2258	684
2259	684
2260	684
2261	9
2261	150
2261	267
2261	684
2262	9
2262	93
2262	684
2263	27
2263	57
2263	267
2263	684
2264	299
2264	497
2264	656
2264	684
2265	684
2266	684
2267	684
2268	150
2268	267
2268	497
2268	656
2268	684
2269	497
2269	684
2270	186
2270	684
2271	9
2271	276
2271	299
2271	327
2271	343
2271	684
2272	9
2272	27
2272	50
2272	165
2272	267
2272	276
2272	299
2272	327
2272	343
2272	367
2272	452
2272	684
2273	9
2273	276
2273	299
2273	343
2273	684
2274	276
2274	343
2274	684
2275	684
2276	44
2276	57
2276	93
2276	100
2276	165
2276	276
2276	327
2276	497
2276	581
2276	684
2277	57
2277	100
2277	684
2278	165
2278	684
2279	9
2279	165
2279	198
2279	603
2279	656
2279	684
2280	44
2280	93
2280	99
2280	684
2281	9
2281	570
2281	684
2281	710
2282	684
2283	9
2283	165
2283	656
2283	684
2284	57
2284	684
2285	9
2285	276
2285	684
2286	684
2287	27
2287	44
2287	57
2287	93
2287	100
2287	327
2287	581
2287	684
2288	684
2289	9
2289	497
2289	684
2290	684
2291	50
2291	656
2291	684
2292	684
2293	27
2293	57
2293	299
2293	497
2293	581
2293	684
2294	128
2294	299
2294	656
2294	684
2295	9
2295	27
2295	150
2295	684
2296	9
2296	27
2296	150
2296	684
2297	100
2297	684
2298	684
2299	44
2299	93
2299	684
2300	165
2300	327
2300	684
2301	684
2302	9
2302	57
2302	684
2303	9
2303	684
2304	327
2304	684
2305	57
2305	299
2305	497
2305	581
2305	684
2306	684
2307	27
2307	150
2307	299
2307	300
2307	684
2308	27
2308	684
2309	684
2310	299
2310	684
2311	684
2312	684
2313	299
2313	684
2314	684
2315	684
2316	299
2316	684
2317	9
2317	684
2318	684
2319	684
2320	9
2320	684
2321	9
2321	150
2321	684
2322	684
2323	9
2323	27
2323	100
2323	150
2323	276
2323	684
2324	9
2324	100
2324	150
2324	276
2324	684
2325	100
2325	150
2325	684
2326	267
2326	684
2327	9
2327	150
2327	684
2328	9
2328	684
2329	684
2330	9
2330	684
2331	684
2332	299
2332	684
2333	684
2334	70
2334	367
2334	684
2335	497
2335	684
2336	684
2337	343
2337	581
2337	684
2338	684
2339	684
2340	345
2340	684
2341	9
2341	684
2342	9
2342	15
2342	186
2342	684
2343	684
2344	684
2345	684
2346	684
2347	57
2347	656
2347	684
2348	66
2348	242
2348	684
2349	684
2350	684
2351	684
2352	9
2352	684
2353	684
2354	44
2354	57
2354	66
2354	684
2355	27
2355	150
2355	327
2355	684
2356	27
2356	150
2356	327
2356	684
2357	100
2357	581
2357	684
2358	27
2358	150
2358	684
2359	44
2359	57
2359	93
2359	327
2359	497
2359	656
2359	684
2360	327
2360	684
2361	9
2361	27
2361	44
2361	57
2361	93
2361	150
2361	327
2361	497
2361	656
2361	684
2362	54
2362	57
2362	489
2362	672
2362	684
2363	684
2364	684
2365	684
2366	57
2366	489
2366	684
2367	57
2367	489
2367	684
2368	684
2369	684
2370	9
2370	44
2370	128
2370	186
2370	684
2371	66
2371	684
2372	9
2372	33
2372	684
2373	57
2373	93
2373	150
2373	684
2374	27
2374	57
2374	165
2374	299
2374	497
2374	656
2374	684
2375	497
2375	684
2376	27
2376	57
2376	299
2376	684
2377	684
2378	684
2379	684
2380	57
2380	299
2380	497
2380	581
2380	684
2381	9
2381	57
2381	497
2381	684
2382	93
2382	299
2382	684
2383	57
2383	276
2383	684
2384	684
2385	327
2385	684
2386	276
2386	299
2386	343
2386	497
2386	684
2387	299
2387	497
2387	684
2388	128
2388	299
2388	497
2388	684
2389	684
2390	684
2391	50
2391	93
2391	276
2391	282
2391	367
2391	684
2392	684
2393	684
2394	684
2395	9
2395	93
2395	343
2395	684
2396	150
2396	497
2396	684
2397	150
2397	497
2397	684
2398	684
2399	684
2400	684
2401	684
2402	684
2403	150
2403	684
2404	684
2405	684
2406	9
2406	114
2406	684
2407	9
2407	15
2407	217
2407	280
2408	9
2408	489
2409	9
2409	242
2409	603
2410	9
2410	242
2410	603
2411	9
2412	9
2413	9
2413	116
2414	9
2415	9
2415	343
2416	9
2417	9
2418	9
2418	86
2419	9
2420	9
2421	9
2422	9
2422	276
2422	581
2423	9
2423	66
2424	9
2424	27
2424	114
2424	186
2424	276
2424	299
2424	367
2425	9
2426	9
2426	242
2427	9
2428	9
2429	9
2430	9
2431	9
2431	708
2432	9
2433	9
2434	9
2435	9
2436	9
2437	9
2438	9
2439	9
2440	9
2441	9
2441	114
2441	672
2442	9
2443	9
2444	9
2445	9
2445	57
2445	100
2445	150
2445	564
2445	581
2446	9
2446	66
2446	93
2447	9
2448	9
2448	86
2448	116
2448	217
2448	300
2449	9
2449	497
2450	9
2451	9
2451	33
2452	9
2452	35
2452	86
2452	116
2452	452
2452	489
2452	660
2453	9
2453	33
2453	35
2453	44
2453	57
2453	86
2453	116
2453	150
2453	299
2453	327
2453	452
2453	660
2454	9
2454	57
2454	66
2454	86
2454	116
2454	150
2454	186
2454	299
2454	327
2454	452
2454	489
2455	9
2455	740
2456	79
2456	140
2456	731
2457	497
2458	497
2459	299
2459	497
2460	276
2460	497
2460	656
2461	497
2462	497
2463	497
2464	27
2464	44
2464	93
2464	267
2464	497
2465	267
2465	497
2466	497
2467	497
2468	497
2469	165
2469	327
2469	497
2469	581
2470	66
2470	276
2470	497
2471	497
2472	497
2473	497
2474	497
2475	497
2476	86
2476	100
2476	116
2476	327
2476	497
2477	70
2477	497
2478	9
2478	27
2478	140
2478	497
2479	9
2479	15
2479	70
2479	100
2479	140
2479	343
2479	367
2479	497
2480	100
2480	497
2481	497
2482	497
2483	9
2483	70
2483	100
2483	497
2484	497
2485	497
2486	100
2486	497
2487	100
2487	497
2488	100
2488	497
2489	497
2490	100
2490	497
2491	497
2492	497
2493	497
2494	497
2495	497
2496	497
2497	497
2498	497
2499	497
2500	497
2501	497
2502	497
2503	497
2504	497
2505	497
2506	9
2506	497
2507	9
2507	497
2508	9
2508	497
2509	9
2509	497
2510	50
2510	57
2510	497
2510	656
2511	44
2511	54
2511	57
2511	276
2511	299
2511	497
2511	581
2511	656
2512	57
2512	497
2512	656
2513	57
2513	497
2513	656
2514	9
2514	497
2515	497
2516	66
2516	497
2517	27
2517	276
2517	327
2517	497
2518	9
2518	497
2519	497
2520	9
2520	114
2520	497
2521	497
2522	497
2523	497
2524	497
2525	497
2526	497
2527	497
2528	497
2529	497
2530	497
2531	9
2531	66
2531	93
2531	114
2531	327
2531	497
2531	603
2532	9
2532	114
2532	497
2533	9
2533	497
2534	497
2535	497
2536	57
2536	497
2537	497
2538	497
2539	497
2540	497
2541	497
2542	70
2542	497
2543	70
2543	497
2544	497
2545	497
2545	581
2546	9
2546	497
2546	581
2547	57
2547	100
2547	497
2548	44
2548	93
2548	497
2549	497
2550	497
2551	9
2551	497
2552	497
2553	497
2554	276
2554	497
2555	497
2556	497
2557	497
2558	497
2559	57
2559	128
2559	497
2559	656
2560	497
2561	497
2562	497
2563	497
2564	497
2565	497
2566	497
2567	217
2567	497
2568	497
2569	9
2569	497
2570	497
2571	497
2572	497
2572	581
2573	299
2573	497
2574	276
2574	299
2574	343
2574	497
2575	497
2576	497
2577	497
2577	570
2577	710
2578	497
2579	267
2579	497
2580	27
2580	452
2580	497
2580	603
2581	9
2581	100
2581	219
2581	497
2582	497
2583	497
2584	50
2584	54
2584	114
2584	267
2584	331
2584	489
2584	497
2584	650
2585	497
2586	497
2587	33
2587	267
2587	327
2587	497
2587	659
2588	9
2588	27
2588	114
2588	497
2588	740
2589	497
2590	497
2591	497
2592	497
2593	497
2594	497
2595	497
2596	497
2597	497
2598	497
2599	497
2600	497
2601	497
2602	44
2602	93
2602	497
2603	497
2604	327
2604	497
2605	9
2605	497
2606	497
2606	656
2606	725
2607	497
2608	242
2608	497
2609	9
2609	27
2609	497
2610	9
2610	114
2610	497
2610	672
2610	740
2611	9
2611	497
2611	672
2612	128
2612	497
2613	725
2614	725
2615	9
2615	725
2616	725
2617	725
2618	725
2619	725
2620	725
2621	725
2622	725
2623	725
2624	725
2625	513
2625	725
2626	725
2627	725
2628	725
2629	118
2629	725
2630	725
2631	725
2632	725
2633	9
2633	165
2633	725
2634	9
2634	165
2634	725
2635	9
2635	165
2635	725
2636	9
2636	165
2636	725
2637	9
2637	165
2637	725
2638	9
2638	165
2638	725
2639	27
2639	343
2639	489
2639	725
2640	9
2640	725
2641	725
2642	367
2642	725
2643	725
2644	725
2645	345
2645	450
2646	345
2646	450
2647	450
2648	65
2648	345
2648	450
2649	345
2649	450
2650	206
2650	516
2650	590
2651	278
2652	278
2653	278
2654	44
2654	93
2655	44
2655	93
2656	44
2656	93
2656	452
2657	9
2657	44
2657	93
2658	44
2658	93
2659	44
2659	93
2660	44
2660	93
2660	581
2661	44
2661	93
2662	44
2662	93
2663	9
2663	44
2663	93
2664	33
2664	44
2664	452
2665	44
2665	93
2666	44
2666	57
2666	93
2667	44
2667	93
2667	299
2668	44
2668	93
2669	44
2669	93
2669	489
2670	44
2670	93
2671	44
2671	93
2672	9
2672	44
2672	93
2673	44
2673	93
2674	44
2674	93
2675	44
2675	93
2675	276
2676	44
2676	93
2677	9
2677	44
2677	93
2678	9
2678	44
2678	93
2679	44
2679	93
2680	44
2680	93
2681	44
2681	93
2682	44
2682	93
2683	44
2683	93
2684	44
2684	93
2685	44
2685	93
2686	44
2686	93
2687	44
2687	93
2688	9
2688	44
2688	93
2689	44
2689	93
2689	114
2689	206
2690	44
2690	93
2690	128
2690	276
2690	299
2690	581
2691	44
2691	93
2692	15
2692	44
2692	93
2693	44
2693	93
2694	44
2694	86
2694	93
2694	116
2695	44
2695	93
2695	276
2695	343
2696	44
2696	93
2697	44
2697	93
2698	44
2698	93
2699	44
2700	44
2701	44
2701	93
2702	27
2702	44
2702	93
2703	9
2703	44
2703	93
2703	708
2704	44
2704	93
2705	44
2705	93
2706	44
2706	93
2707	44
2707	93
2708	44
2708	93
2709	44
2709	93
2710	9
2710	44
2710	93
2711	9
2711	44
2711	93
2712	44
2712	93
2713	44
2713	93
2714	44
2714	93
2715	44
2715	93
2716	44
2716	93
2717	9
2717	44
2717	93
2718	9
2718	44
2718	93
2719	44
2719	86
2719	93
2719	116
2720	44
2720	93
2721	44
2721	93
2722	44
2722	93
2722	581
2723	44
2723	93
2724	44
2724	93
2725	44
2725	93
2726	44
2726	93
2727	44
2727	93
2728	9
2728	44
2728	93
2729	44
2729	93
2730	44
2730	93
2731	44
2731	93
2732	44
2732	93
2732	570
2732	710
2733	44
2733	93
2734	9
2734	44
2734	93
2735	44
2735	93
2736	9
2736	44
2736	93
2737	44
2737	93
2738	44
2738	93
2739	44
2739	93
2740	44
2740	93
2741	9
2741	44
2741	57
2741	93
2741	116
2741	150
2742	9
2742	44
2742	57
2742	93
2742	116
2742	150
2743	44
2743	93
2744	44
2744	93
2745	44
2745	93
2746	44
2746	57
2746	70
2746	93
2746	100
2746	150
2746	343
2747	44
2747	93
2748	44
2748	93
2749	44
2749	93
2749	186
2749	206
2750	44
2750	93
2751	27
2751	44
2751	93
2752	44
2752	93
2753	44
2753	93
2753	276
2753	343
2754	44
2754	93
2754	276
2755	44
2755	93
2756	44
2756	93
2757	44
2757	93
2758	9
2758	44
2758	93
2758	116
2759	44
2759	93
2760	44
2760	66
2760	93
2760	150
2761	15
2761	33
2761	44
2761	66
2761	93
2761	299
2761	327
2762	44
2762	93
2763	44
2763	93
2764	44
2765	44
2765	93
2766	27
2766	44
2766	93
2767	708
2768	9
2768	708
2769	9
2769	66
2769	114
2769	242
2769	708
2770	9
2770	327
2770	708
2771	9
2771	221
2771	418
2771	570
2771	708
2771	710
2772	9
2772	221
2772	708
2773	9
2773	513
2773	708
2774	9
2774	221
2774	269
2774	513
2774	570
2774	708
2774	710
2775	9
2775	708
2776	708
2777	9
2777	93
2777	114
2777	708
2778	9
2778	343
2778	489
2778	581
2778	708
2779	9
2779	38
2779	66
2779	603
2779	708
2780	708
2781	57
2781	165
2782	165
2783	165
2784	57
2784	165
2785	57
2785	165
2786	57
2786	165
2787	57
2787	165
2788	165
2789	165
2790	165
2791	9
2791	57
2791	165
2792	9
2792	27
2792	131
2792	165
2793	9
2793	165
2794	165
2794	186
2795	27
2795	165
2796	27
2796	165
2797	27
2797	165
2797	276
2797	300
2798	27
2798	165
2798	276
2798	300
2799	165
2800	165
2801	165
2802	165
2803	9
2803	165
2804	165
2805	165
2806	165
2807	165
2808	165
2809	165
2810	9
2810	57
2810	93
2810	150
2810	165
2810	327
2811	50
2811	70
2811	114
2811	128
2811	150
2811	165
2811	367
2812	165
2812	186
2813	9
2813	133
2814	133
2815	128
2815	133
2815	403
2816	150
2816	217
2817	57
2817	150
2817	267
2818	150
2818	267
2819	150
2820	150
2821	150
2822	150
2823	29
2823	150
2824	29
2824	57
2824	150
2824	267
2824	367
2825	29
2825	150
2825	267
2826	150
2827	57
2827	150
2828	57
2828	150
2828	299
2829	150
2830	150
2831	27
2831	57
2831	150
2832	150
2833	150
2834	150
2835	150
2835	276
2835	299
2836	27
2836	150
2837	50
2837	150
2837	276
2837	343
2838	150
2838	276
2839	150
2840	9
2840	27
2840	57
2840	150
2840	165
2840	603
2840	656
2841	9
2841	150
2841	186
2842	27
2842	150
2843	150
2844	150
2845	27
2845	150
2846	150
2847	150
2848	150
2848	186
2849	150
2849	300
2849	489
2850	35
2850	50
2850	150
2851	150
2852	93
2852	150
2853	150
2854	150
2855	150
2855	186
2855	267
2856	70
2856	150
2856	186
2856	343
2857	27
2857	150
2858	150
2859	27
2859	150
2860	150
2861	27
2861	150
2862	27
2862	150
2863	150
2864	150
2865	9
2865	66
2865	150
2866	150
2867	150
2867	276
2867	581
2868	9
2868	27
2868	100
2868	116
2868	150
2868	437
2869	50
2869	150
2870	150
2870	343
2871	27
2871	150
2872	27
2872	66
2872	100
2872	150
2872	242
2872	343
2873	150
2873	343
2874	150
2874	267
2875	150
2876	150
2876	186
2876	269
2876	513
2876	570
2876	710
2877	150
2877	186
2877	269
2877	570
2878	38
2878	70
2878	150
2878	186
2878	217
2878	221
2878	229
2878	269
2878	418
2878	487
2878	513
2878	570
2878	710
2879	54
2879	150
2879	165
2880	150
2881	57
2881	70
2881	150
2881	186
2882	150
2883	9
2883	70
2883	150
2883	327
2883	367
2883	672
2884	150
2884	186
2884	276
2885	57
2885	93
2885	150
2885	327
2886	150
2886	276
2887	150
2887	186
2888	150
2888	276
2889	50
2889	70
2889	150
2889	186
2890	150
2890	672
2891	9
2891	70
2891	150
2891	186
2891	267
2891	276
2892	57
2892	150
2892	276
2892	327
2892	331
2893	57
2893	150
2893	276
2893	343
2893	672
2894	150
2894	276
2894	343
2894	367
2895	33
2895	80
2895	99
2895	150
2895	564
2896	9
2896	99
2896	150
2896	267
2896	564
2897	9
2897	57
2897	70
2897	150
2897	186
2897	357
2897	367
2897	452
2897	489
2897	564
2898	150
2899	150
2900	150
2900	186
2900	267
2900	367
2901	150
2902	57
2902	150
2903	9
2903	150
2903	299
2904	66
2905	9
2905	66
2905	630
2906	66
2907	66
2908	9
2908	27
2908	57
2908	66
2908	100
2908	656
2909	9
2909	66
2909	100
2910	66
2911	66
2912	66
2913	66
2914	9
2914	66
2915	66
2915	581
2916	66
2916	581
2917	9
2917	66
2917	267
2918	66
2919	66
2920	9
2920	66
2921	66
2921	100
2922	66
2923	9
2923	66
2924	66
2925	66
2926	57
2926	66
2926	267
2926	299
2927	9
2927	66
2928	9
2928	33
2928	66
2928	100
2928	150
2928	299
2928	327
2929	9
2929	66
2929	688
2930	66
2931	9
2931	66
2931	345
2932	66
2933	66
2934	66
2935	9
2935	66
2936	9
2936	66
2937	66
2938	66
2939	66
2940	66
2940	114
2941	9
2941	66
2942	384
2943	650
2944	650
2945	54
2945	650
2946	9
2946	165
2946	331
2946	489
2946	650
2947	489
2947	650
2948	650
2949	54
2949	276
2949	452
2949	650
2950	128
2951	128
2952	128
2953	128
2953	276
2954	128
2954	367
2955	128
2956	128
2957	128
2957	627
2958	128
2959	128
2960	128
2961	100
2961	128
2961	327
2962	128
2963	128
2964	128
2965	128
2965	694
2966	128
2967	128
2968	128
2969	128
2970	128
2970	276
2970	331
2971	9
2971	128
2971	343
2972	128
2973	9
2973	128
2973	296
2974	128
2975	128
2976	128
2977	66
2977	128
2978	128
2979	128
2980	33
2980	128
2981	128
2982	128
2983	128
2984	128
2985	128
2986	128
2987	128
2987	276
2988	128
2989	128
2990	128
2990	343
2991	128
2992	57
2992	128
2993	57
2993	128
2994	128
2995	128
2996	9
2996	128
2997	128
2998	128
2998	361
2999	128
2999	276
3000	128
3000	403
3001	128
3002	128
3003	128
3004	128
3005	128
3006	128
3007	128
3008	128
3009	128
3010	128
3011	128
3012	128
3013	128
3013	403
3014	128
3015	128
3016	128
3017	128
3018	128
3019	128
3019	361
3020	128
3021	70
3021	128
3021	367
3022	128
3023	128
3024	128
3025	38
3025	128
3025	217
3026	128
3027	128
3028	128
3029	128
3030	603
3031	603
3032	603
3033	603
3034	603
3035	603
3036	9
3036	38
3036	217
3036	603
3037	9
3037	66
3037	93
3037	114
3037	603
3038	603
3039	603
3039	630
3040	603
3041	603
3042	603
3043	9
3043	38
3043	603
3044	299
3044	603
3045	114
3045	603
3046	603
3047	603
3048	603
3049	603
3050	603
3051	603
3052	603
3053	603
3054	38
3054	603
3055	267
3055	603
3056	267
3056	603
3057	9
3057	570
3057	710
3058	367
3058	513
3058	570
3058	656
3058	710
3059	710
3060	513
3060	570
3060	710
3061	9
3061	710
3062	116
3062	269
3062	570
3062	710
3063	9
3063	93
3063	269
3063	570
3063	710
3064	56
3064	269
3064	570
3064	710
3065	570
3065	710
3066	570
3066	710
3067	570
3067	710
3068	269
3068	513
3068	570
3068	710
3069	570
3069	710
3070	55
3070	221
3070	269
3070	418
3070	513
3070	570
3070	710
3071	9
3071	269
3071	513
3071	570
3071	710
3072	570
3072	710
3073	570
3073	710
3074	710
3075	710
3076	570
3076	710
3077	710
3078	570
3078	710
3079	269
3079	710
3080	299
3080	570
3080	710
3081	269
3081	452
3081	570
3081	710
3082	710
3083	710
3084	269
3084	513
3084	570
3084	710
3085	38
3085	269
3085	418
3085	513
3085	570
3085	710
3086	570
3086	710
3087	710
3088	710
3089	710
3090	570
3090	710
3091	570
3091	710
3092	570
3092	710
3093	570
3093	710
3094	570
3094	710
3095	570
3095	710
3096	570
3096	710
3097	570
3097	710
3098	570
3098	710
3099	570
3099	710
3100	570
3100	710
3101	710
3102	513
3102	570
3102	710
3103	710
3104	570
3104	710
3105	9
3105	150
3105	343
3105	513
3105	570
3105	710
3106	570
3106	710
3107	93
3107	513
3107	570
3107	710
3108	570
3108	710
3109	513
3109	570
3109	710
3110	9
3110	93
3110	221
3110	269
3110	418
3110	513
3110	570
3110	710
3111	513
3111	570
3111	710
3112	513
3112	570
3112	710
3113	93
3113	221
3113	269
3113	418
3113	513
3113	570
3113	710
3114	269
3114	418
3114	513
3114	570
3114	710
3115	513
3115	570
3115	710
3116	513
3116	570
3116	710
3117	710
3118	221
3118	269
3118	418
3118	513
3118	570
3118	710
3119	9
3119	221
3119	269
3119	418
3119	513
3119	570
3119	710
3120	221
3120	269
3120	418
3120	513
3120	570
3120	710
3121	269
3121	418
3121	513
3121	570
3121	710
3122	570
3122	710
3123	269
3123	418
3123	513
3123	570
3123	710
3124	269
3124	418
3124	513
3124	570
3124	710
3125	710
3126	710
3127	710
3128	570
3128	710
3129	570
3129	710
3130	269
3130	710
3131	93
3131	299
3131	710
3132	93
3132	452
3132	710
3133	93
3133	710
3134	710
3135	570
3135	710
3136	710
3137	513
3137	570
3137	710
3138	570
3138	710
3139	570
3139	710
3140	513
3140	570
3140	710
3141	570
3141	710
3142	221
3142	269
3142	513
3142	570
3142	710
3143	570
3143	710
3144	570
3144	710
3145	9
3145	513
3145	570
3145	710
3146	9
3146	570
3146	710
3147	9
3147	418
3147	570
3147	710
3148	513
3148	570
3148	710
3149	513
3149	710
3150	418
3150	570
3150	710
3151	418
3151	513
3151	570
3151	710
3152	9
3152	221
3152	269
3152	418
3152	513
3152	570
3152	710
3153	570
3153	710
3154	9
3154	513
3154	570
3154	710
3155	9
3155	513
3155	570
3155	710
3156	9
3156	489
3156	513
3156	570
3156	710
3157	570
3157	710
3158	710
3159	29
3159	513
3159	570
3159	710
3160	570
3160	710
3161	269
3161	570
3161	710
3162	269
3162	513
3162	570
3162	710
3163	221
3163	269
3163	418
3163	513
3163	570
3163	710
3164	710
3165	710
3166	710
3167	710
3168	513
3168	570
3168	710
3169	150
3169	186
3169	217
3169	221
3169	269
3169	418
3169	487
3169	513
3169	570
3169	710
3170	186
3170	570
3170	710
3171	570
3171	710
3172	570
3172	710
3173	570
3173	710
3174	9
3174	66
3174	269
3174	418
3174	487
3174	513
3174	570
3174	710
3175	570
3175	710
3176	57
3177	57
3178	57
3179	27
3179	57
3180	57
3181	57
3182	57
3183	57
3184	9
3184	57
3185	57
3186	57
3187	57
3188	57
3189	57
3189	93
3189	186
3190	57
3190	99
3191	27
3191	44
3191	57
3192	9
3192	57
3193	57
3193	398
3194	27
3194	57
3195	57
3196	57
3197	57
3198	57
3199	44
3199	57
3199	65
3200	57
3200	299
3201	57
3202	57
3203	57
3204	57
3205	57
3206	57
3206	299
3207	57
3208	57
3209	57
3210	27
3210	57
3210	581
3211	15
3211	57
3211	276
3211	343
3212	57
3213	57
3213	343
3213	656
3214	57
3214	343
3215	57
3215	343
3215	656
3216	57
3216	276
3216	343
3216	452
3216	656
3217	57
3218	57
3219	57
3219	343
3220	57
3220	276
3220	343
3220	452
3221	57
3221	343
3222	57
3222	343
3223	57
3224	9
3224	50
3224	57
3224	116
3224	267
3225	9
3225	57
3226	9
3226	50
3226	57
3226	116
3227	57
3228	57
3229	57
3229	581
3230	57
3231	57
3232	57
3233	57
3233	672
3234	57
3235	57
3236	57
3237	57
3238	57
3239	57
3240	57
3241	57
3242	57
3243	57
3244	57
3245	57
3246	57
3247	57
3248	57
3248	86
3248	93
3248	116
3248	299
3249	57
3250	57
3251	57
3251	100
3251	299
3252	57
3253	57
3254	57
3254	299
3255	57
3255	299
3256	57
3256	165
3257	57
3258	57
3259	57
3260	57
3260	70
3261	57
3261	116
3262	9
3262	57
3263	57
3264	57
3265	57
3266	57
3267	57
3267	672
3268	57
3269	57
3270	57
3271	57
3272	57
3273	57
3274	57
3274	186
3274	267
3275	57
3276	57
3277	57
3277	590
3278	57
3278	186
3279	57
3280	57
3281	57
3282	57
3283	57
3284	57
3285	57
3286	57
3287	57
3288	57
3289	27
3289	57
3290	57
3291	57
3291	672
3292	57
3293	57
3294	57
3294	276
3295	57
3295	452
3296	57
3296	276
3296	343
3296	452
3297	57
3298	57
3299	57
3299	327
3299	473
3300	57
3301	57
3301	299
3302	57
3303	57
3304	57
3305	57
3306	57
3306	70
3307	57
3308	57
3309	57
3310	57
3311	57
3311	269
3312	57
3313	9
3313	57
3314	57
3314	327
3314	581
3315	57
3315	276
3315	327
3316	57
3317	9
3317	57
3318	57
3319	57
3320	57
3321	57
3322	44
3322	57
3322	79
3323	57
3324	57
3325	35
3325	66
3325	116
3325	299
3325	327
3325	452
3325	489
3325	660
3326	35
3326	86
3326	150
3326	452
3326	656
3326	660
3327	60
3327	656
3328	60
3329	9
3329	60
3330	60
3331	27
3331	60
3332	60
3332	723
3333	60
3333	272
3333	321
3334	60
3335	60
3336	60
3337	50
3337	276
3338	50
3338	276
3338	343
3339	50
3340	50
3340	489
3341	50
3341	489
3342	50
3343	50
3344	50
3345	50
3346	50
3346	343
3346	452
3347	50
3347	217
3348	50
3349	50
3349	54
3350	50
3350	54
3351	50
3352	50
3352	267
3352	331
3352	367
3353	50
3354	50
3354	267
3355	9
3355	50
3356	50
3357	56
3357	343
3358	99
3358	186
3359	7
3359	99
3359	186
3360	99
3360	186
3360	475
3360	589
3360	638
3360	685
3361	99
3361	186
3361	475
3361	589
3361	638
3361	685
3362	99
3362	186
3362	589
3362	638
3363	99
3363	131
3363	186
3363	638
3363	685
3364	99
3364	186
3365	99
3365	186
3365	638
3365	685
3366	280
3367	280
3368	9
3368	66
3369	28
3369	283
3370	28
3370	283
3371	66
3371	100
3372	66
3373	66
3374	66
3374	150
3375	66
3376	66
3376	93
3377	66
3378	9
3378	27
3378	57
3378	66
3378	150
3378	452
3379	79
3380	79
3381	79
3382	79
3382	186
3383	79
3383	140
3384	79
3385	79
3386	79
3387	9
3387	79
3388	79
3389	65
3389	79
3390	79
3391	79
3392	65
3392	79
3393	79
3394	378
3394	472
3395	93
3396	70
3396	93
3397	44
3397	70
3397	93
3397	217
3397	343
3398	44
3398	70
3398	93
3398	217
3398	343
3399	93
3400	93
3401	44
3401	93
3402	93
3403	93
3403	300
3404	93
3405	93
3406	93
3407	93
3408	93
3409	93
3410	93
3411	93
3412	93
3413	93
3414	44
3414	93
3415	44
3415	93
3415	300
3416	93
3417	93
3418	93
3418	150
3419	93
3419	150
3420	93
3421	93
3421	276
3421	489
3422	93
3423	9
3423	93
3424	93
3425	93
3426	93
3427	93
3428	93
3429	86
3429	93
3429	116
3429	299
3430	93
3430	367
3431	93
3431	343
3432	93
3433	93
3434	93
3435	93
3436	93
3437	93
3438	93
3439	93
3440	93
3441	93
3442	93
3443	93
3444	93
3445	93
3446	93
3447	93
3448	93
3449	93
3450	93
3451	93
3451	672
3452	93
3453	93
3454	93
3454	367
3455	93
3456	9
3456	93
3457	93
3458	93
3459	93
3460	93
3460	299
3461	93
3462	93
3463	93
3464	9
3464	93
3465	93
3466	93
3466	150
3467	93
3468	93
3469	93
3470	581
3471	581
3472	581
3473	581
3474	581
3475	581
3476	581
3477	100
3477	276
3477	327
3477	452
3477	489
3477	581
3478	100
3478	327
3478	452
3478	581
3479	70
3479	186
3479	299
3479	581
3480	581
3481	581
3482	100
3482	327
3482	581
3483	581
3484	581
3485	581
3486	581
3487	581
3488	9
3488	66
3488	581
3488	656
3489	581
3490	581
3491	343
3491	581
3492	581
3493	276
3493	343
3493	452
3493	581
3494	581
3495	581
3496	581
3497	581
3498	581
3499	581
3500	581
3501	6
3501	100
3501	327
3501	581
3502	63
3502	140
3503	140
3504	9
3504	140
3504	242
3504	276
3505	9
3505	140
3505	276
3506	140
3507	9
3507	140
3508	140
3509	140
3510	100
3510	140
3511	325
3511	373
3512	93
3512	373
3513	28
3514	28
3515	9
3515	28
3516	9
3516	116
3516	150
3516	186
3517	9
3517	186
3518	186
3518	267
3519	186
3520	150
3520	186
3520	217
3520	570
3521	186
3522	186
3522	656
3523	186
3524	186
3525	186
3526	186
3526	267
3527	186
3528	9
3528	57
3528	70
3528	114
3528	150
3528	186
3528	267
3529	186
3530	29
3530	186
3531	70
3531	186
3532	186
3533	27
3533	186
3533	300
3534	186
3535	186
3535	367
3536	186
3537	186
3538	150
3538	186
3538	343
3539	186
3539	299
3540	186
3541	186
3542	186
3543	9
3543	186
3544	186
3545	186
3546	186
3547	186
3548	186
3549	186
3549	276
3550	186
3551	99
3551	186
3552	186
3553	186
3554	70
3554	93
3554	186
3554	276
3555	186
3556	186
3557	186
3558	29
3558	70
3558	186
3558	267
3559	70
3559	186
3560	186
3560	343
3561	186
3562	186
3563	186
3563	267
3564	186
3564	267
3565	186
3566	150
3566	186
3567	99
3567	186
3567	638
3568	186
3569	186
3570	186
3571	186
3572	186
3573	186
3574	100
3574	186
3575	70
3575	186
3575	267
3576	186
3577	186
3578	186
3579	186
3579	267
3580	70
3580	186
3581	186
3582	186
3583	186
3584	186
3585	99
3585	150
3585	186
3586	186
3587	186
3588	186
3589	186
3590	186
3591	186
3592	186
3593	27
3593	186
3594	186
3595	186
3596	186
3597	186
3597	656
3598	186
3599	186
3600	99
3600	186
3601	186
3602	186
3603	186
3604	150
3604	186
3605	186
3606	186
3607	186
3608	186
3609	186
3610	186
3611	186
3612	186
3613	186
3614	186
3615	186
3616	186
3617	57
3617	186
3618	186
3619	186
3620	186
3621	186
3621	267
3622	29
3622	70
3622	186
3623	29
3623	70
3623	186
3624	186
3625	186
3626	186
3627	70
3627	186
3627	267
3627	367
3628	99
3628	150
3628	186
3629	186
3630	186
3631	186
3632	186
3633	186
3634	186
3635	9
3635	186
3635	343
3636	9
3636	186
3636	343
3637	9
3637	186
3637	343
3638	186
3638	343
3639	186
3640	186
3641	186
3642	186
3643	186
3644	186
3645	186
3646	150
3646	186
3647	44
3647	186
3647	219
3648	93
3648	186
3648	672
3649	9
3649	186
3649	331
3650	186
3651	9
3651	27
3651	57
3651	70
3651	150
3651	186
3651	293
3651	452
3652	54
3652	150
3652	165
3652	186
3652	267
3652	327
3652	343
3652	672
3653	186
3653	276
3654	9
3654	186
3654	276
3655	186
3655	276
3656	186
3656	276
3656	300
3657	186
3658	186
3659	186
3660	186
3661	99
3661	186
3662	186
3663	186
3663	343
3663	452
3664	186
3665	186
3666	186
3667	186
3668	186
3669	186
3670	186
3671	186
3671	267
3671	367
3672	186
3672	276
3673	186
3673	299
3674	186
3674	299
3675	186
3676	186
3677	99
3677	131
3677	186
3678	186
3679	186
3680	9
3680	186
3680	267
3681	186
3682	186
3683	57
3683	398
3684	153
3685	153
3686	153
3687	153
3688	153
3689	29
3689	343
3689	489
3690	29
3690	343
3690	570
3691	29
3692	29
3693	29
3693	267
3694	29
3694	452
3695	29
3696	29
3697	29
3698	29
3699	29
3700	29
3700	57
3700	267
3701	29
3702	29
3702	267
3703	29
3703	54
3703	327
3704	29
3705	29
3706	9
3706	29
3706	70
3706	93
3706	267
3707	29
3708	29
3709	29
3709	267
3710	29
3711	29
3712	29
3712	267
3713	57
3713	437
3714	15
3714	33
3714	100
3714	437
3715	437
3716	437
3717	437
3718	9
3718	66
3719	9
3719	66
3720	9
3720	66
3720	242
3720	472
3721	9
3721	66
3722	66
3723	66
3723	242
3724	66
3724	242
3725	9
3725	66
3726	66
3727	66
3728	9
3728	66
3729	9
3729	66
3730	9
3730	86
3730	116
3730	299
3731	86
3731	116
3732	86
3732	116
3733	86
3733	116
3733	452
3734	86
3734	116
3735	86
3735	116
3736	86
3736	116
3737	86
3737	116
3737	267
3738	86
3739	86
3739	116
3740	86
3740	116
3741	86
3741	116
3742	86
3742	116
3743	86
3743	116
3744	86
3744	116
3745	86
3745	116
3746	86
3746	116
3747	86
3747	116
3748	86
3748	116
3749	86
3749	116
3750	86
3750	116
3750	150
3751	86
3751	116
3752	86
3752	116
3753	86
3753	116
3754	86
3754	116
3755	86
3755	116
3756	86
3756	116
3756	343
3757	86
3757	116
3757	276
3757	343
3757	452
3758	86
3758	116
3759	9
3759	86
3759	116
3760	86
3760	116
3761	86
3762	86
3762	116
3763	44
3763	86
3763	116
3764	9
3764	86
3764	116
3764	300
3765	86
3765	116
3765	256
3765	740
3766	86
3766	116
3767	86
3767	116
3768	9
3768	86
3768	116
3768	161
3769	9
3769	86
3769	116
3769	161
3770	86
3770	116
3771	86
3771	116
3771	299
3772	86
3772	116
3773	9
3773	86
3773	116
3774	86
3774	116
3775	86
3775	116
3776	86
3776	116
3777	57
3777	86
3777	150
3777	186
3777	300
3778	86
3779	9
3780	9
3781	9
3782	9
3782	116
3783	9
3784	9
3785	9
3786	9
3787	9
3788	9
3789	9
3790	9
3790	38
3791	9
3792	694
3792	721
3793	721
3794	630
3794	694
3794	721
3795	66
3796	66
3797	66
3797	150
3797	276
3798	66
3799	66
3799	100
3799	327
3799	581
3800	9
3800	66
3801	9
3801	66
3801	276
3801	343
3802	9
3802	66
3802	217
3803	44
3803	66
3804	66
3805	66
3805	267
3805	276
3806	66
3807	66
3807	116
3807	299
3807	327
3807	452
3808	276
3809	276
3809	367
3810	276
3811	276
3812	276
3813	276
3814	276
3815	276
3816	9
3816	276
3817	9
3817	276
3818	9
3818	86
3818	276
3819	267
3819	276
3820	276
3821	276
3822	276
3823	276
3824	276
3825	276
3826	150
3826	276
3826	299
3826	343
3826	367
3826	452
3826	656
3827	150
3827	276
3828	276
3828	452
3829	276
3830	276
3831	276
3832	9
3832	276
3833	276
3833	489
3834	276
3834	343
3834	452
3834	489
3835	50
3835	276
3835	343
3835	489
3836	276
3837	54
3837	70
3837	267
3837	276
3837	343
3837	367
3838	276
3839	276
3840	276
3841	276
3842	276
3843	9
3843	70
3843	267
3843	276
3843	343
3843	452
3844	276
3844	343
3844	452
3845	70
3845	267
3845	276
3846	267
3846	276
3846	367
3847	276
3848	57
3848	70
3848	150
3848	267
3848	276
3849	57
3849	70
3849	150
3849	267
3849	276
3850	9
3850	276
3851	276
3852	54
3852	276
3852	343
3853	276
3854	276
3854	489
3855	276
3856	276
3856	489
3857	276
3857	343
3857	452
3857	489
3858	276
3858	343
3858	452
3858	489
3859	276
3860	276
3861	276
3862	276
3863	276
3864	276
3864	343
3864	452
3865	276
3865	343
3866	276
3866	343
3866	452
3867	276
3867	452
3868	276
3869	276
3869	343
3869	452
3870	276
3871	276
3872	276
3873	276
3874	276
3875	9
3875	276
3876	276
3877	9
3877	54
3877	276
3878	276
3878	343
3878	452
3879	276
3880	276
3881	276
3882	33
3882	276
3882	672
3883	276
3883	452
3884	276
3885	276
3886	276
3886	343
3886	452
3887	276
3887	452
3888	276
3889	27
3889	276
3889	343
3890	267
3890	276
3891	267
3891	276
3892	70
3892	150
3892	267
3892	276
3892	367
3892	656
3893	70
3893	150
3893	267
3893	276
3893	367
3893	656
3894	276
3895	50
3895	276
3895	343
3895	452
3896	9
3896	276
3897	27
3897	276
3898	276
3898	343
3899	276
3900	267
3900	276
3901	276
3901	343
3901	452
3902	276
3903	70
3903	276
3904	276
3905	221
3905	276
3906	267
3906	276
3906	452
3907	70
3907	276
3907	343
3907	452
3908	276
3908	343
3909	276
3909	343
3909	452
3910	276
3910	343
3911	276
3911	343
3911	452
3912	276
3912	343
3913	276
3914	276
3915	276
3916	276
3917	276
3917	343
3917	452
3918	116
3918	276
3919	70
3919	267
3919	276
3920	276
3921	276
3922	276
3923	276
3924	276
3924	343
3925	276
3926	276
3927	276
3928	276
3929	276
3930	276
3931	276
3932	276
3933	267
3933	276
3933	343
3934	267
3934	276
3935	276
3936	276
3937	276
3938	93
3938	276
3939	276
3940	276
3940	343
3940	452
3941	276
3941	452
3942	276
3943	276
3944	276
3945	276
3946	9
3946	276
3947	276
3947	343
3947	452
3948	276
3948	343
3949	186
3949	276
3949	343
3950	276
3950	327
3950	343
3951	57
3951	267
3951	276
3951	367
3952	276
3953	57
3953	150
3953	276
3954	276
3954	367
3955	9
3955	276
3955	452
3956	9
3956	186
3956	276
3956	300
3957	186
3957	276
3957	300
3958	186
3958	276
3959	276
3959	300
3960	150
3960	276
3961	276
3962	276
3962	452
3963	276
3964	276
3965	9
3965	269
3965	276
3965	367
3966	276
3966	343
3967	276
3968	276
3969	276
3970	276
3971	27
3971	276
3971	343
3971	452
3972	276
3972	656
3973	57
3973	70
3973	276
3974	276
3975	276
3976	276
3977	276
3978	9
3978	276
3978	343
3978	452
3979	9
3979	276
3980	276
3980	452
3981	276
3982	9
3983	9
3984	9
3984	242
3985	9
3986	9
3987	9
3988	9
3989	9
3990	9
3991	221
3992	221
3993	221
3994	221
3994	269
3994	418
3994	513
3994	570
3995	740
3996	740
3997	740
3998	299
3998	343
3998	740
3999	217
3999	299
3999	740
4000	9
4000	217
4000	299
4000	740
4001	9
4001	217
4001	299
4001	740
4002	740
4003	9
4003	256
4003	740
4004	740
4005	740
4006	740
4007	740
4008	740
4009	740
4010	116
4010	740
4011	116
4011	256
4011	740
4012	740
4013	740
4014	740
4015	740
4016	9
4016	740
4017	740
4018	740
4019	740
4020	740
4021	9
4021	452
4021	740
4022	740
4023	740
4024	9
4024	740
4025	740
4026	740
4027	740
4028	256
4028	740
4029	256
4029	740
4030	740
4031	740
4032	740
4033	740
4034	740
4035	740
4036	740
4037	93
4037	740
4038	93
4038	740
4039	9
4039	740
4040	9
4040	740
4041	114
4041	307
4041	372
4042	307
4043	114
4043	307
4043	672
4044	307
4045	70
4045	93
4046	93
4047	57
4047	93
4047	100
4048	93
4049	93
4050	93
4051	70
4051	93
4051	267
4051	343
4052	93
4053	93
4054	93
4055	44
4055	93
4056	93
4056	656
4057	93
4058	93
4059	44
4059	93
4059	299
4059	300
4060	93
4061	93
4062	93
4062	489
4063	93
4063	343
4064	9
4064	27
4064	93
4065	93
4066	93
4066	116
4067	93
4068	93
4069	93
4070	93
4071	93
4072	93
4073	93
4074	93
4075	93
4076	93
4077	93
4078	93
4079	93
4080	93
4081	93
4082	93
4083	93
4084	93
4085	93
4086	93
4087	93
4088	93
4089	93
4090	93
4091	93
4092	93
4093	93
4094	93
4095	93
4096	93
4096	299
4097	70
4097	93
4098	93
4099	70
4099	93
4099	99
4099	150
4099	489
4100	93
4101	93
4101	299
4102	159
4103	9
4103	276
4104	9
4105	9
4106	9
4107	9
4108	9
4109	9
4109	116
4110	9
4111	9
4112	9
4113	9
4114	9
4115	9
4116	9
4117	9
4118	9
4119	9
4120	9
4121	9
4122	9
4122	343
4123	9
4124	9
4124	65
4125	9
4125	267
4126	9
4126	150
4127	9
4128	9
4128	217
4129	9
4129	217
4130	9
4131	9
4131	217
4132	9
4132	343
4133	9
4134	9
4135	9
4136	9
4136	55
4137	55
4138	15
4138	33
4138	57
4139	15
4139	33
4140	33
4141	33
4142	33
4143	9
4143	33
4144	33
4145	33
4146	33
4147	6
4147	15
4147	33
4148	15
4148	33
4149	15
4149	33
4150	15
4150	33
4150	116
4151	33
4151	116
4152	33
4153	33
4154	15
4154	33
4154	217
4155	9
4155	33
4155	489
4156	9
4156	33
4156	116
4156	452
4157	33
4157	452
4158	33
4158	489
4159	33
4160	9
4161	9
4162	9
4163	9
4164	9
4164	114
4165	219
4166	44
4166	554
4167	554
4168	44
4168	554
4169	86
4170	86
4170	452
4171	86
4171	116
4172	86
4172	116
4173	57
4173	86
4173	116
4173	299
4173	327
4173	452
4174	57
4174	86
4174	116
4174	299
4174	489
4175	57
4175	86
4175	116
4175	299
4175	327
4175	452
4175	489
4176	86
4177	672
4178	672
4179	672
4180	672
4181	267
4181	672
4182	267
4182	672
4183	267
4183	672
4184	672
4185	276
4185	343
4185	672
4186	672
4187	9
4187	672
4188	672
4189	672
4190	114
4190	672
4191	672
4192	672
4193	672
4194	672
4195	9
4195	672
4196	15
4196	672
4197	672
4198	9
4198	44
4198	162
4198	672
4199	672
4200	672
4201	672
4202	9
4202	672
4203	672
4204	672
4205	343
4205	672
4206	141
4206	672
4207	141
4207	672
4208	141
4208	672
4209	114
4209	672
4210	672
4211	672
4212	672
4213	672
4214	9
4214	267
4214	343
4214	367
4214	672
4215	672
4216	672
4217	672
4218	672
4219	9
4219	672
4220	114
4220	672
4221	672
4222	276
4222	672
4223	672
4224	672
4225	114
4225	672
4226	9
4226	114
4226	672
4227	672
4228	672
4229	114
4229	672
4230	9
4230	672
4231	9
4231	672
4232	9
4232	672
4233	15
4233	672
4234	672
4235	672
4236	186
4236	672
4237	672
4238	672
4239	114
4239	672
4240	672
4241	672
4242	672
4243	672
4244	672
4245	114
4245	672
4246	672
4247	114
4247	672
4248	672
4249	9
4249	672
4250	70
4250	672
4251	9
4251	267
4251	276
4251	672
4252	9
4252	343
4252	672
4253	345
4253	672
4254	114
4254	672
4255	9
4255	672
4256	672
4257	114
4257	672
4258	9
4258	672
4259	581
4260	581
4261	489
4261	581
4262	299
4262	343
4262	581
4263	581
4264	581
4265	581
4266	581
4267	299
4267	581
4268	299
4268	581
4269	150
4269	343
4269	581
4270	581
4271	150
4271	581
4272	150
4272	581
4273	581
4274	581
4275	581
4276	581
4277	118
4277	581
4278	581
4279	581
4280	581
4281	581
4282	581
4283	581
4284	276
4284	581
4285	581
4286	299
4286	581
4287	299
4287	581
4288	581
4289	70
4289	186
4289	367
4289	581
4290	581
4291	581
4292	581
4293	581
4294	277
4295	70
4295	277
4295	343
4295	367
4295	452
4296	277
4297	277
4298	277
4299	403
4300	403
4301	300
4302	299
4302	300
4303	300
4304	27
4304	299
4304	300
4305	299
4305	300
4306	300
4306	656
4307	300
4308	300
4309	300
4310	300
4311	300
4312	300
4313	299
4313	300
4314	300
4315	9
4315	300
4316	300
4317	300
4318	299
4318	300
4319	300
4320	300
4321	300
4321	367
4322	9
4322	116
4322	300
4323	15
4323	150
4323	300
4324	44
4324	299
4324	300
4325	300
4326	300
4327	300
4328	27
4328	300
4329	300
4330	27
4330	300
4331	116
4331	300
4332	300
4333	300
4334	300
4335	300
4336	300
4337	300
4338	300
4339	300
4340	300
4341	300
4342	118
4343	118
4344	118
4344	299
4345	9
4345	150
4346	9
4347	9
4348	9
4349	9
4350	86
4350	116
4351	86
4351	116
4352	86
4353	63
4353	140
4354	9
4355	9
4356	9
4357	9
4358	9
4359	9
4360	9
4361	9
4362	9
4362	114
4363	9
4364	9
4365	9
4366	9
4367	9
4368	9
4369	9
4370	9
4370	267
4371	9
4372	9
4373	9
4373	276
4373	343
4373	452
4374	9
4375	9
4375	116
4376	9
4377	9
4378	9
4379	9
4379	299
4380	9
4381	9
4382	9
4383	9
4384	9
4385	9
4385	44
4386	9
4387	9
4387	114
4388	9
4388	299
4389	9
4389	57
4390	9
4391	9
4392	9
4392	473
4393	9
4394	9
4395	9
4396	9
4396	116
4397	9
4398	9
4399	9
4400	9
4400	299
4401	9
4402	9
4403	9
4404	9
4405	9
4406	9
4407	9
4408	9
4409	9
4409	452
4410	9
4411	9
4412	9
4412	276
4413	9
4414	9
4415	9
4416	9
4417	9
4418	9
4419	9
4419	70
4420	9
4421	9
4422	9
4423	9
4423	27
4423	276
4423	343
4424	9
4425	9
4426	9
4427	9
4427	114
4428	9
4429	9
4430	9
4431	9
4432	9
4433	9
4434	9
4434	327
4435	9
4436	9
4437	9
4438	9
4439	9
4440	9
4441	9
4442	9
4443	9
4443	570
4444	9
4444	50
4445	9
4446	9
4447	9
4448	9
4449	9
4450	9
4451	9
4452	9
4453	9
4454	9
4454	114
4455	9
4456	9
4457	9
4458	9
4459	9
4460	9
4461	9
4462	9
4463	9
4464	9
4465	9
4465	70
4465	267
4466	9
4467	9
4468	9
4469	9
4470	9
4471	9
4472	9
4473	9
4473	66
4473	114
4473	242
4474	9
4474	114
4474	242
4474	570
4475	9
4476	9
4477	9
4478	9
4479	9
4480	9
4481	9
4482	9
4483	9
4484	9
4485	9
4485	114
4486	9
4487	9
4488	9
4489	9
4490	9
4491	9
4492	9
4492	114
4493	9
4494	9
4495	9
4496	9
4497	9
4498	9
4499	9
4500	9
4501	9
4502	9
4503	9
4504	9
4505	9
4506	9
4507	9
4508	9
4509	9
4509	114
4510	9
4511	9
4511	267
4512	9
4512	99
4513	9
4514	9
4515	9
4516	9
4517	9
4518	9
4519	9
4520	9
4521	9
4522	9
4523	9
4524	9
4525	9
4526	9
4527	9
4528	9
4528	65
4529	9
4529	65
4530	9
4531	9
4532	9
4533	9
4534	9
4535	9
4535	150
4536	9
4536	150
4536	367
4537	9
4537	150
4537	267
4537	276
4538	9
4538	70
4538	452
4539	9
4539	343
4539	367
4540	9
4540	276
4541	9
4542	9
4543	9
4543	267
4544	9
4545	9
4546	9
4547	9
4548	9
4548	299
4549	9
4550	9
4551	9
4552	9
4553	9
4553	57
4554	9
4555	9
4556	9
4557	9
4558	9
4559	9
4560	9
4560	116
4561	9
4562	9
4563	9
4564	9
4565	9
4566	9
4567	9
4568	9
4569	9
4569	452
4570	9
4571	9
4572	9
4572	100
4572	327
4573	9
4574	9
4574	27
4574	93
4574	150
4575	9
4575	114
4576	9
4577	9
4578	9
4579	9
4580	9
4581	9
4581	452
4582	9
4583	9
4583	93
4584	9
4585	9
4586	9
4587	9
4588	9
4588	70
4588	267
4588	367
4589	9
4589	343
4590	9
4591	9
4592	9
4592	299
4593	9
4594	116
4595	116
4596	116
4596	267
4597	116
4598	116
4599	116
4600	116
4601	116
4602	116
4603	116
4604	116
4605	116
4606	116
4607	116
4608	116
4609	116
4610	116
4611	116
4612	9
4612	116
4613	116
4614	116
4615	116
4616	116
4617	116
4618	116
4619	9
4619	116
4620	116
4621	116
4622	116
4623	116
4623	343
4624	116
4625	116
4626	116
4627	116
4628	9
4628	116
4629	116
4629	343
4630	116
4631	116
4632	9
4632	44
4632	116
4633	116
4634	116
4635	27
4635	116
4636	116
4637	116
4638	116
4639	116
4640	116
4641	116
4642	116
4642	327
4643	116
4643	299
4643	452
4644	100
4644	116
4644	452
4644	656
4645	116
4646	116
4647	116
4648	116
4649	140
4650	140
4651	276
4651	343
4651	452
4652	343
4653	9
4653	276
4653	343
4654	343
4655	343
4656	343
4657	343
4658	343
4659	343
4660	343
4661	343
4662	343
4663	343
4663	452
4664	276
4664	343
4665	276
4665	343
4665	452
4666	343
4667	343
4668	343
4669	343
4669	452
4670	343
4670	452
4671	343
4672	343
4672	452
4673	343
4673	452
4674	343
4674	452
4675	343
4675	452
4676	343
4677	276
4677	343
4678	276
4678	343
4679	57
4679	276
4679	343
4680	276
4680	343
4681	343
4682	343
4683	343
4684	343
4685	276
4685	343
4686	50
4686	343
4686	452
4687	343
4688	343
4689	9
4689	343
4690	9
4690	343
4691	343
4692	343
4693	343
4694	343
4695	299
4695	343
4696	343
4697	276
4697	343
4698	343
4699	9
4699	276
4699	343
4699	452
4700	276
4700	343
4701	276
4701	299
4701	343
4702	343
4703	343
4704	343
4705	343
4706	343
4707	343
4708	343
4709	343
4709	489
4710	343
4711	343
4712	276
4712	343
4713	343
4714	343
4715	343
4716	343
4717	343
4718	343
4719	343
4720	9
4720	217
4720	276
4720	343
4721	276
4721	343
4721	452
4722	276
4722	343
4722	452
4723	276
4723	343
4724	343
4725	343
4725	452
4726	276
4726	343
4726	452
4727	343
4727	452
4728	343
4728	452
4729	343
4730	276
4730	343
4731	343
4732	343
4732	489
4733	343
4734	276
4734	343
4734	452
4735	343
4735	452
4736	276
4736	343
4736	452
4737	343
4738	276
4738	343
4739	343
4740	276
4740	343
4741	343
4742	343
4743	343
4744	343
4745	343
4746	343
4747	276
4747	343
4747	452
4748	276
4748	343
4749	57
4749	343
4750	343
4751	343
4752	343
4753	100
4753	343
4754	343
4755	343
4756	343
4757	343
4758	343
4758	452
4759	343
4760	343
4761	343
4762	276
4762	343
4762	452
4763	343
4763	452
4764	276
4764	343
4764	452
4765	276
4765	343
4766	343
4767	343
4768	343
4769	343
4770	343
4771	343
4772	343
4773	343
4774	343
4775	276
4775	343
4776	343
4777	276
4777	343
4778	343
4779	276
4779	343
4780	343
4781	343
4782	150
4782	276
4782	343
4783	27
4783	141
4783	343
4784	276
4784	343
4785	276
4785	343
4786	93
4786	276
4786	343
4786	452
4787	343
4787	452
4788	54
4788	343
4789	343
4789	452
4790	343
4791	343
4792	70
4792	343
4793	343
4793	489
4794	343
4794	489
4795	343
4796	343
4796	452
4797	9
4797	343
4797	452
4798	343
4799	100
4799	343
4800	276
4800	343
4800	452
4801	343
4801	570
4802	343
4803	343
4804	343
4805	343
4806	343
4807	343
4808	343
4809	343
4810	150
4810	343
4811	276
4811	343
4812	343
4813	343
4814	50
4814	343
4815	276
4815	343
4816	343
4817	343
4817	489
4818	343
4819	343
4820	343
4821	276
4821	343
4822	343
4823	9
4823	343
4824	9
4824	267
4824	343
4825	9
4825	343
4826	9
4826	343
4827	343
4827	452
4828	343
4828	452
4829	276
4829	343
4829	452
4830	343
4830	452
4831	343
4832	276
4832	343
4832	452
4833	343
4834	343
4835	343
4836	343
4837	343
4838	343
4839	343
4840	343
4841	343
4842	343
4843	276
4843	343
4843	452
4844	343
4845	343
4845	452
4846	343
4846	452
4847	343
4848	186
4848	267
4848	343
4848	367
4848	489
4849	27
4849	343
4850	343
4851	343
4851	452
4852	343
4853	343
4854	276
4854	343
4854	452
4855	276
4855	343
4856	276
4856	343
4856	452
4857	343
4857	452
4858	276
4858	343
4859	343
4860	343
4861	343
4862	343
4863	343
4864	343
4865	276
4865	343
4866	276
4866	343
4866	452
4867	276
4867	343
4868	343
4869	343
4870	343
4870	452
4871	343
4872	343
4873	276
4873	343
4874	276
4874	343
4875	9
4875	343
4875	452
4876	276
4876	343
4877	276
4877	343
4878	343
4879	343
4880	343
4881	343
4882	343
4883	343
4884	267
4884	343
4885	9
4885	114
4885	343
4886	343
4887	343
4888	343
4889	9
4889	343
4890	343
4891	100
4891	343
4892	343
4893	343
4894	276
4894	343
4894	452
4895	15
4895	343
4895	452
4896	343
4897	276
4897	343
4897	452
4898	343
4898	452
4899	276
4899	343
4899	452
4900	343
4900	452
4901	343
4901	452
4902	343
4903	343
4903	452
4904	343
4905	276
4905	343
4906	276
4906	343
4907	27
4907	343
4908	276
4908	343
4908	452
4909	343
4910	276
4910	343
4910	452
4911	343
4912	343
4913	343
4913	452
4914	343
4914	452
4915	343
4916	343
4917	343
4918	343
4919	276
4919	343
4919	452
4920	70
4920	186
4920	343
4921	343
4922	343
4923	343
4924	343
4924	489
4925	276
4925	343
4926	343
4927	343
4928	343
4929	343
4930	343
4931	276
4931	343
4931	452
4932	343
4933	276
4933	343
4934	150
4934	343
4935	27
4935	276
4935	343
4935	489
4936	343
4937	343
4938	343
4939	276
4939	343
4940	276
4940	343
4941	276
4941	343
4942	276
4942	343
4943	343
4944	343
4944	452
4945	343
4946	9
4946	343
4946	367
4947	343
4948	343
4949	343
4950	343
4951	186
4951	343
4952	276
4952	343
4952	452
4953	343
4954	343
4955	343
4956	343
4957	343
4958	343
4959	343
4960	44
4960	165
4960	186
4960	267
4960	343
4960	367
4961	343
4962	70
4962	165
4962	343
4963	70
4963	186
4963	343
4964	186
4964	343
4965	343
4966	343
4966	367
4967	343
4968	162
4968	276
4968	343
4968	357
4968	564
4969	9
4969	343
4970	276
4970	343
4970	452
4971	343
4972	267
4972	343
4972	452
4973	276
4973	343
4973	452
4974	343
4974	452
4975	343
4976	343
4976	452
4977	343
4978	343
4979	343
4979	452
4980	343
4981	343
4982	343
4983	276
4983	343
4983	452
4984	343
4985	276
4985	343
4985	452
4986	33
4986	343
4987	276
4987	343
4987	452
4988	276
4988	343
4988	452
4989	343
4990	276
4990	343
4990	452
4991	343
4992	343
4993	343
4994	343
4994	452
4995	343
4996	343
4997	343
4998	343
4999	343
4999	452
4999	487
5000	267
5000	276
5000	343
5000	367
5000	452
5000	489
5001	343
5001	452
5002	343
5003	276
5003	343
5003	452
5004	343
5005	276
5005	299
5005	343
5006	186
5006	276
5006	343
5006	489
5007	276
5007	343
5007	489
5008	9
5009	9
5010	9
5011	9
5012	9
5013	9
5013	114
5013	242
5014	9
5015	9
5016	9
5017	9
5018	9
5018	276
5019	9
5020	9
5021	9
5022	9
5023	9
5024	9
5025	9
5026	9
5027	9
5028	9
5029	9
5030	9
5031	9
5032	118
5033	452
5034	452
5035	452
5036	452
5037	452
5038	452
5039	452
5040	452
5041	452
5042	452
5043	452
5044	452
5045	299
5045	452
5046	452
5047	452
5048	452
5049	452
5050	452
5051	452
5052	452
5053	452
5054	452
5055	452
5056	100
5056	327
5056	452
5057	452
5058	452
5059	452
5060	452
5061	452
5062	452
5063	452
5064	452
5065	452
5066	452
5067	452
5068	452
5069	452
5070	452
5071	452
5072	452
5073	452
5074	9
5074	452
5075	150
5075	206
5075	267
5075	452
5075	590
5076	452
5077	452
5078	452
5079	267
5079	276
5079	452
5080	70
5080	452
5081	452
5082	452
5083	452
5084	452
5085	276
5085	452
5086	452
5087	452
5088	452
5089	452
5090	452
5091	452
5092	452
5093	452
5094	452
5095	452
5096	452
5097	452
5098	452
5099	452
5100	452
5101	452
5101	489
5102	452
5103	452
5104	452
5105	452
5106	452
5107	452
5108	452
5109	452
5110	452
5111	452
5112	452
5113	299
5113	452
5114	452
5115	452
5116	452
5117	452
5118	452
5119	452
5120	267
5120	276
5120	452
5121	452
5122	452
5123	452
5124	452
5125	452
5126	452
5127	452
5128	452
5129	452
5130	452
5131	276
5131	452
5132	452
5133	452
5134	452
5135	452
5136	452
5137	452
5138	452
5139	452
5140	452
5141	452
5142	452
5143	452
5144	452
5145	452
5146	9
5146	128
5146	452
5147	324
5147	452
5148	452
5149	116
5149	299
5149	452
5149	489
5150	9
5150	299
5150	327
5150	452
5150	489
5150	656
5151	452
5151	489
5152	452
5153	150
5153	276
5153	452
5154	276
5154	452
5155	276
5155	452
5156	9
5156	257
5157	65
5158	65
5159	65
5160	65
5161	65
5162	65
5163	65
5164	65
5164	694
5165	9
5165	65
5166	65
5167	65
5168	38
5168	65
5169	65
5170	65
5171	65
5172	65
5173	65
5173	217
5174	65
5175	299
5176	299
5177	9
5177	299
5178	299
5179	299
5180	299
5181	299
5182	299
5183	299
5184	299
5185	299
5186	100
5186	186
5186	299
5187	299
5188	299
5188	656
5189	299
5189	489
5190	299
5191	299
5192	299
5193	299
5194	299
5195	299
5196	299
5197	299
5198	299
5199	186
5199	299
5200	299
5201	299
5202	299
5203	299
5204	299
5205	299
5206	299
5207	186
5207	299
5208	299
5209	299
5210	299
5211	299
5212	299
5213	299
5214	299
5215	299
5216	299
5217	299
5218	9
5218	299
5219	299
5220	299
5221	299
5222	299
5223	299
5224	299
5225	299
5226	299
5227	299
5228	299
5228	489
5229	299
5229	489
5230	299
5231	299
5232	299
5233	299
5234	299
5235	299
5236	299
5237	299
5238	299
5239	299
5240	299
5241	299
5242	299
5243	299
5244	299
5245	299
5246	299
5247	299
5248	299
5248	327
5248	656
5249	299
5250	54
5250	57
5250	165
5250	299
5250	367
5250	656
5251	299
5252	299
5253	299
5254	299
5255	299
5256	299
5257	299
5258	299
5259	299
5260	299
5261	299
5262	299
5263	299
5264	57
5264	299
5265	299
5266	54
5266	299
5266	489
5267	299
5268	299
5268	699
5269	299
5270	299
5271	299
5272	299
5273	299
5274	299
5275	299
5276	299
5277	299
5278	299
5279	54
5279	299
5280	299
5281	299
5282	299
5283	299
5284	150
5284	299
5285	100
5285	299
5286	299
5286	327
5287	299
5288	299
5289	299
5290	299
5291	299
5292	299
5293	299
5294	299
5295	299
5296	299
5297	299
5298	299
5299	299
5300	153
5300	299
5300	720
5301	161
5302	161
5303	161
5304	161
5304	217
5305	161
5306	5
5306	259
5306	410
5307	15
5308	9
5308	15
5308	33
5308	267
5309	15
5309	33
5310	15
5310	276
5311	15
5311	100
5311	276
5311	367
5312	15
5313	15
5314	15
5314	33
5315	15
5316	15
5317	15
5317	33
5318	367
5319	70
5319	367
5320	367
5321	367
5322	367
5323	367
5324	367
5325	70
5325	367
5326	367
5327	367
5328	367
5329	29
5329	367
5330	70
5330	367
5331	367
5332	57
5332	367
5333	367
5334	367
5335	367
5336	367
5337	367
5338	367
5339	367
5340	367
5341	367
5342	367
5343	367
5344	367
5345	367
5346	70
5346	100
5346	114
5346	150
5346	367
5347	367
5348	186
5348	367
5349	367
5350	367
5351	367
5352	70
5352	267
5352	367
5353	367
5354	65
5354	367
5355	367
5356	367
5357	367
5358	9
5358	44
5358	66
5359	66
5359	100
5359	276
5359	327
5359	367
5359	656
5360	66
5361	28
5362	367
5363	367
5364	267
5364	367
5365	267
5365	367
5366	367
5367	9
5367	70
5367	267
5367	367
5368	367
5369	367
5370	367
5371	70
5371	267
5371	367
5372	367
5373	267
5373	367
5374	367
5375	267
5375	367
5376	367
5376	656
5377	367
5378	367
5379	267
5379	367
5380	27
5380	367
5381	70
5381	367
5382	367
5383	367
5384	367
5385	367
5386	54
5386	367
5387	367
5388	70
5388	186
5388	267
5388	367
5389	367
5390	367
5391	367
5392	367
5393	367
5394	699
5395	699
5396	15
5396	646
5397	656
5398	656
5399	656
5400	656
5401	656
5402	656
5403	656
5404	656
5405	656
5406	656
5407	656
5408	656
5409	656
5410	656
5411	267
5411	656
5412	656
5413	656
5414	656
5415	656
5416	57
5416	656
5417	656
5418	656
5419	656
5420	656
5421	656
5422	27
5422	656
5423	656
5424	70
5424	150
5424	656
5425	656
5426	656
5427	70
5427	150
5427	656
5428	656
5429	656
5430	656
5431	656
5432	656
5433	473
5434	357
5434	473
5434	564
5435	473
5436	473
5437	9
5438	9
5438	150
5439	9
5440	9
5441	9
5442	9
5443	9
5444	9
5445	65
5446	65
5447	65
5448	9
5448	65
5448	489
5449	65
5449	489
5450	65
5450	489
5451	150
5451	267
5452	57
5452	150
5453	150
5454	150
5455	150
5456	150
5457	27
5457	150
5458	150
5459	150
5460	9
5460	150
5460	217
5461	150
5462	66
5462	150
5463	150
5464	150
5465	150
5466	150
5467	33
5467	150
5468	150
5469	150
5470	150
5471	150
5472	150
5473	150
5474	150
5475	150
5476	150
5477	150
5478	150
5479	150
5480	100
5480	150
5481	150
5482	150
5483	70
5483	150
5484	70
5484	150
5485	150
5486	150
5486	186
5487	57
5487	150
5488	150
5489	9
5489	70
5489	150
5489	165
5489	276
5489	331
5490	150
5490	165
5491	150
5492	9
5492	150
5493	150
5494	150
5495	150
5496	150
5497	150
5498	150
5499	150
5500	57
5500	150
5501	114
5501	217
5502	114
5503	114
5504	114
5505	114
5506	114
5507	114
5508	114
5509	114
5510	9
5510	114
5511	221
5512	221
5513	221
5514	66
5515	66
5516	410
5517	259
5517	410
5518	410
5519	259
5519	410
5520	410
5521	259
5521	410
5522	259
5522	410
5523	259
5523	410
5524	259
5524	410
5525	100
5525	327
5526	327
5527	327
5528	100
5528	327
5529	100
5529	327
5530	327
5531	100
5531	327
5532	327
5533	9
5533	93
5533	327
5534	327
5535	327
5536	100
5536	327
5537	327
5538	327
5539	100
5539	276
5539	327
5540	100
5540	327
5541	100
5541	327
5542	100
5542	327
5543	100
5543	327
5544	327
5545	100
5545	327
5546	327
5547	9
5547	100
5547	327
5548	327
5549	327
5550	327
5551	327
5552	327
5553	327
5554	327
5555	44
5555	100
5555	327
5556	327
5557	100
5557	327
5558	327
5559	327
5560	54
5560	327
5561	327
5562	327
5563	327
5564	327
5565	57
5565	186
5565	327
5566	57
5566	186
5566	327
5567	100
5567	327
5568	327
5569	418
5570	9
5570	66
5571	66
5572	66
5573	581
5574	513
5575	513
5576	627
5577	627
5578	70
5578	627
5579	627
5580	627
5581	627
5582	627
5583	627
5584	116
5585	116
5586	116
5587	116
5588	116
5589	116
5590	116
5591	116
5592	116
5593	116
5594	44
5595	44
5596	44
5596	100
5596	186
5596	267
5597	44
5597	100
5598	44
5599	44
5600	44
5600	57
5601	44
5602	44
5603	44
5604	44
5605	44
5606	44
5607	44
5608	44
5609	44
5610	44
5611	44
5612	44
5613	44
5614	44
5615	44
5616	44
5617	44
5618	44
5619	44
5620	44
5621	44
5622	44
5623	44
5624	44
5625	44
5626	44
5627	44
5628	44
5629	44
5630	44
5631	44
5632	44
5633	44
5634	44
5635	44
5636	44
5637	44
5638	44
5639	44
5640	44
5641	44
5642	44
5642	93
5643	44
5644	44
5644	331
5645	44
5646	44
5647	733
5648	723
5649	723
5650	723
5651	723
5652	723
5653	723
5654	723
5655	723
5656	345
5657	345
5658	345
5659	345
5660	345
5661	345
5662	345
5663	345
5664	9
5664	345
5665	345
5666	345
5667	345
5668	9
5668	345
5669	267
5669	345
5670	345
5671	517
5672	517
5673	517
5674	256
5675	715
5676	79
5677	475
5678	475
5679	475
5680	99
5680	475
5680	589
5681	339
5682	57
5683	57
5683	267
5684	57
5685	57
5686	57
5687	57
5688	57
5689	57
5690	57
5691	57
5692	57
5693	57
5694	57
5695	57
5696	57
5697	57
5698	57
5699	57
5700	57
5701	57
5702	57
5703	57
5704	57
5705	57
5705	276
5706	9
5706	57
5707	57
5708	57
5709	57
5710	57
5711	57
5712	57
5713	57
5714	57
5715	57
5716	57
5717	57
5718	57
5719	57
5720	57
5721	57
5722	57
5723	57
5724	57
5724	267
5725	57
5726	57
5727	57
5727	267
5728	57
5728	267
5729	57
5730	57
5731	57
5732	57
5733	57
5734	57
5735	57
5736	57
5737	79
5738	9
5739	9
5740	9
5741	9
5742	9
5743	161
5744	161
5745	9
5746	9
5747	9
5748	9
5749	9
5750	66
5751	66
5752	6
5753	9
5753	93
5754	93
5755	27
5755	93
5755	150
5756	93
5757	93
5758	93
5759	93
5760	93
5761	93
5762	93
5763	93
5764	93
5765	93
5766	93
5767	93
5768	93
5769	9
5770	9
5771	9
5772	9
5773	9
5774	9
5775	9
5776	9
5777	9
5778	9
5779	9
5780	9
5781	9
5782	9
5783	9
5784	9
5785	9
5786	9
5787	9
5788	9
5789	9
5790	9
5791	9
5792	9
5793	9
5794	9
5795	9
5796	9
5797	9
5798	9
5799	9
5800	9
5801	9
5801	259
5802	9
5803	9
5804	9
5805	9
5806	9
5807	9
5808	9
5809	9
5810	9
5810	276
5811	9
5812	9
5812	100
5813	9
5814	9
5815	9
5816	9
5817	9
5818	9
5819	9
5820	9
5821	9
5822	9
5823	9
5824	9
5825	9
5826	9
5827	9
5828	9
5829	9
5830	9
5831	9
5832	9
5833	9
5834	9
5835	9
5836	9
5837	9
5838	9
5839	9
5839	267
5840	9
5841	9
5842	9
5843	9
5844	9
5845	9
5846	9
5847	9
5848	9
5849	9
5850	9
5851	9
5852	9
5853	9
5854	9
5855	9
5856	9
5856	128
5857	9
5858	9
5859	9
5860	9
5861	9
5862	9
5863	9
5864	9
5865	9
5866	9
5867	9
5868	9
5869	9
5870	9
5871	9
5872	9
5873	9
5874	9
5875	9
5876	9
5877	9
5878	9
5879	9
5880	9
5881	9
5882	9
5883	9
5884	9
5885	9
5886	9
5887	9
5888	9
5889	9
5889	186
5889	267
5890	9
5891	9
5892	9
5893	9
5894	9
5895	9
5896	9
5896	54
5897	9
5898	9
5899	9
5900	9
5901	9
5901	33
5902	9
5903	9
5904	9
5905	9
5905	570
5906	9
5907	9
5908	9
5909	9
5910	9
5911	9
5912	9
5913	9
5914	9
5915	9
5916	9
5917	9
5918	9
5919	9
5920	9
5921	9
5922	9
5923	9
5924	9
5925	9
5926	9
5927	9
5928	9
5929	9
5930	9
5931	9
5932	9
5933	9
5934	9
5935	9
5936	9
5937	9
5938	9
5939	9
5940	9
5941	9
5942	9
5943	9
5943	114
5944	9
5945	9
5946	9
5947	9
5948	9
5949	9
5950	9
5951	9
5951	70
5951	267
5952	9
5953	9
5954	9
5955	9
5956	9
5957	9
5958	9
5959	9
5960	9
5961	9
5961	267
5962	9
5963	9
5964	9
5965	9
5966	9
5967	9
5968	9
5969	9
5970	9
5971	9
5972	9
5973	9
5974	9
5975	9
5976	9
5977	9
5978	9
5979	9
5980	9
5981	9
5981	570
5982	9
5983	9
5984	9
5985	9
5986	9
5986	267
5987	9
5988	9
5989	9
5990	9
5991	9
5992	9
5993	9
5994	9
5995	9
5996	9
5997	9
5997	489
5998	9
5999	9
6000	9
6001	9
6002	9
6003	9
6004	9
6005	9
6006	9
6007	9
6008	9
6009	9
6010	9
6011	9
6012	9
6013	9
6014	9
6015	9
6016	9
6017	9
6018	9
6019	9
6020	9
6021	9
6022	9
6022	489
6023	9
6024	9
6025	9
6026	9
6027	9
6028	9
6029	9
6030	9
6031	9
6032	9
6033	9
6034	9
6035	9
6036	9
6036	54
6037	9
6038	9
6038	70
6038	267
6039	9
6039	50
6040	9
6041	9
6042	9
6043	9
6044	9
6045	9
6046	9
6047	9
6048	9
6049	9
6050	9
6051	9
6052	9
6053	9
6054	9
6055	9
6056	9
6057	9
6058	9
6059	9
6060	9
6061	9
6062	9
6063	9
6064	9
6065	9
6066	9
6067	9
6067	267
6068	9
6069	9
6070	9
6071	9
6072	9
6073	9
6074	9
6075	9
6076	9
6077	9
6078	9
6079	9
6080	9
6081	9
6082	9
6083	9
6084	9
6085	9
6086	9
6087	9
6088	9
6089	9
6090	9
6091	9
6092	9
6093	9
6094	9
6095	9
6096	9
6097	9
6098	9
6099	9
6100	9
6100	267
6101	9
6102	9
6103	9
6104	9
6104	276
6105	9
6106	9
6107	165
6108	54
6108	165
6109	9
6110	9
6111	9
6112	9
6113	9
6114	9
6114	93
6115	9
6115	186
6116	267
6117	267
6118	267
6119	267
6120	267
6121	267
6122	267
6123	186
6123	267
6124	267
6125	267
6126	267
6127	70
6127	267
6127	570
6128	27
6128	267
6129	267
6130	267
6131	267
6132	267
6133	267
6134	267
6135	267
6136	267
6137	267
6138	267
6139	267
6140	267
6141	267
6142	267
6143	267
6144	267
6145	267
6146	267
6147	267
6148	267
6149	267
6150	267
6151	267
6152	267
6153	267
6154	267
6155	267
6156	267
6157	267
6158	267
6159	70
6159	267
6160	70
6160	267
6161	267
6162	267
6163	267
6164	267
6165	267
6166	267
6167	267
6168	267
6169	267
6170	267
6171	267
6172	267
6173	267
6174	267
6175	267
6176	267
6177	267
6178	70
6178	267
6179	70
6179	267
6180	267
6181	267
6181	489
6182	267
6182	489
6183	267
6184	267
6185	267
6186	267
6187	267
6188	267
6189	267
6190	267
6191	267
6192	267
6193	267
6194	267
6195	267
6196	267
6197	267
6198	267
6199	267
6200	70
6200	267
6201	267
6202	267
6203	267
6204	267
6205	267
6206	267
6207	70
6207	267
6208	267
6209	267
6210	186
6210	267
6211	267
6212	267
6213	267
6214	267
6215	267
6216	267
6217	267
6218	267
6219	267
6220	267
6221	267
6222	267
6223	267
6224	267
6225	267
6226	267
6227	267
6228	489
6229	489
6230	489
6231	489
6232	489
6233	489
6234	489
6235	489
6236	489
6237	489
6238	489
6239	54
6239	489
6240	54
6240	489
6241	489
6242	489
6243	489
6244	489
6245	489
6246	489
6247	489
6248	489
6249	489
6250	489
6251	489
6252	489
6253	489
6254	489
6255	489
6256	489
6257	489
6258	489
6259	50
6259	489
6260	489
6261	489
6262	489
6263	489
6264	489
6265	54
6265	489
6266	489
6267	50
6267	489
6268	489
6269	489
6270	489
6271	489
6272	489
6273	489
6274	489
6275	54
6275	489
6276	489
6277	489
6278	489
6279	54
6279	489
6280	489
6281	489
6282	489
6283	489
6284	489
6285	489
6286	489
6287	489
6288	489
6289	489
6290	489
6291	489
6292	489
6293	489
6294	489
6295	489
6296	489
6297	489
6298	489
6299	489
6300	489
6301	489
6302	489
6303	489
6304	489
6305	54
6305	489
6306	489
6307	50
6307	54
6307	489
6308	489
6309	489
6310	489
6311	489
6312	65
6313	100
6314	100
6314	165
6315	100
6315	165
6316	100
6317	100
6318	100
6319	100
6320	100
6321	100
6322	100
6323	100
6324	70
6324	100
6325	70
6325	100
6326	100
6327	100
6328	100
6329	100
6330	100
6331	100
6332	100
6333	100
6334	100
6335	100
6336	100
6337	100
6337	165
6338	100
6339	100
6340	100
6341	100
6342	100
6342	276
6343	100
6344	100
6345	100
6346	100
6347	100
6348	100
6349	100
6350	100
6351	100
6352	100
6353	100
6354	100
6355	100
6356	100
6357	100
6358	100
6359	100
6360	100
6361	100
6362	100
6363	27
6363	100
6364	100
6365	100
6366	100
6367	100
6368	100
6369	100
6370	100
6371	100
6372	100
6373	100
6374	100
6375	100
6376	100
6377	27
6377	100
6378	100
6379	100
6380	100
6381	100
6382	100
6383	694
6384	694
6385	694
6386	694
6387	694
6388	694
6389	694
6390	694
6391	694
6392	694
6393	161
6394	161
6395	114
6396	114
6397	114
6398	114
6399	114
6400	114
6401	114
6402	114
6403	114
6404	114
6405	9
6406	35
6407	114
6408	114
6409	50
6410	50
6411	50
6412	50
6413	50
6414	50
6415	50
6416	50
6417	50
6418	50
6419	50
6420	50
6421	50
6422	50
6423	50
6424	50
6425	50
6426	217
6426	487
6427	487
6428	487
6429	27
6429	331
6430	331
6431	331
6432	331
6433	114
6433	331
6434	331
6435	331
6436	331
6437	331
6438	162
6439	206
6439	590
6440	206
6440	590
6441	590
6442	590
6443	140
6444	165
6445	165
6446	165
6447	165
6448	165
6449	165
6450	165
6451	165
6451	206
6452	66
6453	66
6454	276
6455	276
6456	276
6457	276
6458	276
6459	276
6460	276
6461	276
6462	276
6463	276
6464	276
6465	276
6466	276
6467	276
6468	276
6469	276
6470	276
6471	276
6472	276
6473	54
6473	276
6474	276
6475	276
6476	276
6477	276
6478	276
6479	54
6479	276
6480	276
6481	276
6482	276
6483	276
6484	276
6485	276
6486	276
6487	276
6488	276
6489	276
6490	276
6491	276
6492	276
6493	276
6494	276
6495	276
6496	276
6497	269
6498	269
6499	269
6500	269
6501	269
6502	269
6503	269
6504	269
6505	269
6506	269
6507	269
6508	269
6509	269
6510	269
6511	269
6512	9
6513	9
6514	9
6515	630
6516	530
6516	630
6517	217
6517	630
6518	630
6519	630
6520	54
6521	54
6522	54
6523	54
6524	54
6525	54
6526	54
6527	54
6528	54
6529	54
6530	54
6531	54
6532	54
6533	54
6534	54
6535	54
6536	54
6537	54
6538	54
6539	54
6540	54
6541	54
6542	54
6543	54
6544	54
6545	54
6546	54
6547	54
6548	54
6549	54
6550	54
6551	54
6552	54
6553	54
6554	27
6555	27
6556	27
6557	27
6558	27
6559	27
6560	27
6561	27
6562	27
6562	150
6563	27
6564	27
6565	27
6566	27
6567	27
6567	150
6568	27
6569	27
6570	27
6571	27
6572	27
6573	27
6574	27
6575	27
6576	27
6577	27
6578	27
6579	93
6580	93
6581	93
6582	93
6583	93
6584	93
6585	93
6586	93
6587	93
6588	93
6589	570
6590	570
6591	570
6592	570
6593	570
6594	570
6595	570
6596	570
6597	570
6598	570
6599	158
6600	242
6601	242
6602	242
6603	242
6604	242
6605	242
6606	4
6606	9
6606	242
6607	242
6608	242
6609	78
6610	459
6611	57
6612	57
6613	57
6614	57
6615	57
6616	57
6617	57
6618	57
6619	57
6620	57
6621	57
6622	57
6623	57
6624	57
6625	57
6626	57
6627	99
6628	99
6629	99
6630	99
6631	99
6632	99
6633	99
6634	99
6635	66
6636	66
6637	213
6638	206
6639	70
6640	70
6641	70
6642	70
6643	70
6644	70
6645	70
6646	70
6647	70
6648	70
6649	70
6650	70
6651	70
6652	70
6653	70
6654	70
6655	70
6656	70
6657	70
6658	70
6659	70
6660	70
6661	70
6662	70
6663	70
6664	70
6665	70
6666	70
6667	70
6668	70
6669	70
6670	70
6671	70
6672	70
6673	70
6674	70
6675	70
6676	70
6677	70
6678	70
6679	70
6680	70
6681	70
6682	70
6683	70
6683	186
6684	70
6685	70
6686	70
6687	70
6688	70
6689	70
6690	70
6691	70
6692	259
6693	259
6694	259
6695	259
6696	259
6697	259
6698	259
6699	259
6700	259
6701	259
6702	259
6703	259
6704	259
6705	259
6706	259
6707	27
6708	27
6709	27
6710	27
6711	27
6712	27
6713	27
6714	27
6715	27
6716	27
6717	27
6718	27
6719	27
6720	27
6721	27
6722	27
6723	27
6723	100
6724	27
6725	27
6726	27
6727	27
6728	27
6729	27
6730	27
6731	27
6732	27
6733	27
6734	27
6735	27
6736	27
6737	27
6738	27
6739	27
6740	27
6741	27
6742	27
6743	27
6744	27
6745	27
6746	27
6747	27
6748	27
6749	27
6750	186
6751	186
6752	186
6753	186
6754	186
6755	186
6756	186
6757	186
6758	186
6759	186
6760	186
6761	186
6762	186
6763	186
6764	186
6765	186
6766	186
6767	186
6768	186
6769	186
6770	186
6771	186
6772	186
6773	186
6774	186
6775	186
6776	186
6777	186
6778	186
6779	186
6780	38
6780	217
6781	217
6782	217
6783	217
6784	217
6785	217
6786	217
6787	217
6788	217
6789	9
6789	217
6790	217
6791	217
6792	217
6793	217
6794	38
6794	217
6795	217
6796	217
6797	217
6798	217
6799	217
6800	217
6801	217
6802	217
6803	217
6804	217
6805	217
6806	217
6807	217
6808	217
6809	217
6810	217
6811	217
6812	217
6813	217
6814	217
6815	217
6816	217
6817	33
6817	217
6818	217
6819	38
6819	217
6820	38
6820	217
6821	38
6821	217
6822	217
6823	217
6824	217
6825	38
6825	217
6826	217
6827	9
6828	9
6829	9
6830	266
6831	150
6832	150
6833	150
6834	150
6835	150
6836	150
6837	150
6838	150
6839	150
6840	150
6841	150
6842	150
6843	150
6844	150
6845	150
6846	150
6847	107
6848	70
6848	267
6849	70
6850	70
6851	70
6852	70
6853	70
6854	70
6855	70
6856	70
6857	70
6858	33
6859	33
6860	33
6861	33
6862	33
6863	33
6864	9
6865	9
6866	9
6867	9
6868	9
6869	9
6870	9
6871	9
6872	9
6873	9
6874	9
6875	50
6876	50
6877	50
6878	267
6879	267
6880	267
6881	267
6882	267
6883	267
6884	267
6885	267
6886	267
6887	267
6888	267
6889	267
6890	267
6891	267
6892	267
6893	267
6894	267
6895	267
6896	267
6897	267
6898	267
6899	267
6900	267
6901	267
6902	267
6903	267
6904	267
6905	267
6906	267
6907	267
6908	267
6909	267
6910	267
6911	267
6912	267
6913	267
6914	267
6915	267
6916	267
6917	267
6918	267
6919	267
6920	267
6921	66
6922	66
6923	66
6924	564
6925	128
6926	100
6927	100
6928	100
6929	100
6930	100
6931	100
6932	100
6933	100
6934	100
6935	100
6936	100
6937	100
6938	100
6939	65
6940	114
6941	114
6942	114
6943	114
6944	114
6945	114
6946	38
6947	38
6948	38
