type	phastCons
high	0.08199139094699583
high	0.08482004758477288
high	0.08514082281645634
high	0.22632413324133244
high	0.07437442497597678
high	0.0630330586776529
high	0.08092434865666788
high	0.09576512116693911
high	0.08574872708757637
high	0.16478865999999998
high	0.10775000514477394
high	0.09678590101866041
high	0.1336070014398848
high	0.07098201574770983
high	0.06630315336102138
high	0.104879419914541
high	0.1278124914207275
high	0.12150778162055337
high	0.12748886978064267
high	0.13417209338561822
high	0.09908665739912696
high	0.06736665700086991
high	0.11358829408142458
high	0.1288929610703893
high	0.16631102862459854
high	0.18066136728147555
high	0.13261381613816137
high	0.10644838902774569
high	0.06528173000000001
high	0.22737344
high	0.12742868571794297
high	0.15153549000000002
high	0.1086245423687098
high	0.10065778645442257
high	0.09096446252831172
high	0.11716139681816887
high	0.055539130956667876
high	0.06662858485660575
high	0.18298906630186196
high	0.19430856868261137
high	0.16572763798435844
high	0.06358583
high	0.09638376
high	0.0698832790499574
high	0.11680148312723516
high	0.09706565070343612
high	0.0769290112640801
high	0.08241288458269588
high	0.11663058703297366
high	0.12358543243702685
high	0.0873147200679091
high	0.12542627069445278
high	0.04760715970807024
high	0.15578720890650966
high	0.11852127999999999
high	0.12588600533834512
high	0.15881679080254366
high	0.11949828574865667
high	0.12080654
high	0.05274267315158853
high	0.12308683214726636
high	0.14074733619473542
high	0.13075638512770255
high	0.12809145000000002
high	0.10092410151796966
high	0.07327282255528772
high	0.05606319873602528
high	0.11830866866866871
high	0.0754998600111991
high	0.14994455672528734
high	0.07378629213707863
high	0.06097963719592934
high	0.08473124787758933
high	0.11953650260121176
high	0.06413872404303227
high	0.06904195237435082
high	0.09339307000000001
high	0.07404834
high	0.0964727339121967
high	0.06768857040051963
high	0.05313875076288907
high	0.06906362833891581
high	0.09816833618615266
high	0.10933748312584371
high	0.09771092999999999
high	0.11748560079443893
high	0.10979346125505948
high	0.14975108240258378
high	0.10355083770218979
high	0.12547108430119142
high	0.1360715844744957
high	0.11239104032653387
high	0.057830665222275715
high	0.14817099885235668
high	0.15088776704439902
high	0.08765367458017244
high	0.10853752717845794
high	0.12866436794757616
high	0.16663743677040438
high	0.1969148473055867
high	0.1858814533239038
high	0.0973105275717382
high	0.07215671773199504
high	0.12199421521178506
high	0.12844861020684128
high	0.13993258269669212
high	0.11024203014130012
high	0.13424624
high	0.12184820187760571
high	0.10461893999999998
high	0.09490736685770863
high	0.07012047335617948
high	0.06335066439017147
high	0.10388433999999999
high	0.12926318736812634
high	0.07220767999999998
high	0.055735661464871834
high	0.0999780536712748
high	0.1306144
high	0.06612429479185222
high	0.07340813903172892
high	0.06931403304022374
high	0.05542198890055497
high	0.08442972138122903
high	0.07895436602076257
high	0.08242225
high	0.061697537287547684
high	0.07721122788772111
high	0.09892104710155804
high	0.10276150350410451
moderate	0.07552639
moderate	0.09688064
moderate	0.0794118653105162
moderate	0.10393099246787774
moderate	0.12107927433646039
moderate	0.09256699031067826
moderate	0.12933438810522305
moderate	0.11809526767732431
moderate	0.10605741080789881
moderate	0.11418354037888336
moderate	0.07387421200853886
moderate	0.08527538552069089
moderate	0.09743651829572039
moderate	0.1038320498459815
moderate	0.15778926447509706
moderate	0.1433346095102332
moderate	0.11232801881599362
moderate	0.15258761824763503
moderate	0.13576838316168383
moderate	0.11219222462203021
moderate	0.13537375727630974
moderate	0.14260390458582856
moderate	0.13027521125901215
moderate	0.14755801000000004
moderate	0.11880206643839732
moderate	0.18305588
moderate	0.15492345808322924
moderate	0.09908763649454022
moderate	0.07054020022602937
moderate	0.08495500089998198
moderate	0.12650116552448604
moderate	0.11158549854985497
moderate	0.1713424465755342
moderate	0.15059951930452567
moderate	0.11082269454021734
moderate	0.07098816456688797
moderate	0.14094815155545337
moderate	0.09903972782555118
moderate	0.06051070209123497
moderate	0.12851534999999997
moderate	0.18124191724621003
moderate	0.12251285307203919
moderate	0.10901653999999997
moderate	0.13544896
moderate	0.12215284541463758
moderate	0.14893842
moderate	0.09722638831570153
moderate	0.18895187457802134
moderate	0.19207049634467105
moderate	0.08606233740244144
moderate	0.10097915145939784
moderate	0.13780537312829633
moderate	0.07756833252144868
moderate	0.1827200758882373
moderate	0.15455464673166713
moderate	0.15400574806631176
moderate	0.13331221526337203
moderate	0.16794977
moderate	0.08649442663481886
moderate	0.15058492605119378
moderate	0.1030912703629175
moderate	0.23374575399308978
moderate	0.20165262463481293
moderate	0.13277104674378704
moderate	0.15374013764761765
moderate	0.1146192719271927
moderate	0.14029980100596984
moderate	0.08481593656570909
moderate	0.08978483084522292
moderate	0.13582634838374036
moderate	0.10132764183467885
moderate	0.10064178933539933
moderate	0.11727824903606258
moderate	0.08644857757112145
moderate	0.11901063141443603
moderate	0.08437201883943479
moderate	0.07023390596564207
moderate	0.07369474233022216
moderate	0.10677131829453639
moderate	0.13589333666583353
moderate	0.08422368776312238
moderate	0.12029304
moderate	0.10642197138600895
moderate	0.2443189835635373
moderate	0.1116466
moderate	0.11436708164591772
moderate	0.1987770373607166
moderate	0.03389776
moderate	0.08137231255374892
moderate	0.08281833071978062
moderate	0.10352938923671241
moderate	0.13342518989206134
moderate	0.08313513324333785
moderate	0.09910954045904005
moderate	0.0681769638747123
moderate	0.29148859
moderate	0.14544020582075962
moderate	0.07486250787168673
moderate	0.11807220216606498
moderate	0.10188751428831544
moderate	0.06336514319439027
moderate	0.037613312789522645
moderate	0.12502681527256676
moderate	0.09031507411439578
moderate	0.06487045
moderate	0.06082481871106118
moderate	0.08661469803323538
moderate	0.14133222906314136
moderate	0.1067289265262051
moderate	0.12013269830907876
moderate	0.12083063764075924
moderate	0.10211763419878811
moderate	0.09093604255829768
moderate	0.1858336413293175
moderate	0.16483015000000004
moderate	0.11468567314326858
moderate	0.11390483404150503
moderate	0.15327352214407905
moderate	0.16893860061399388
moderate	0.17744122000000004
moderate	0.13171205090388777
moderate	0.14302431816347938
moderate	0.08758839651875108
moderate	0.17708298130164768
moderate	0.1128828336716367
moderate	0.09531783237405682
moderate	0.12438411333970076
moderate	0.10164175494040303
moderate	0.07332172405577055
moderate	0.06269757302426976
moderate	0.09664886351136487
moderate	0.07904142113682845
moderate	0.0811385755042795
moderate	0.1414984301883774
moderate	0.11428273
moderate	0.1205323220910118
moderate	0.2153556186628802
moderate	0.11609046467039423
moderate	0.12619746009420385
moderate	0.17753994328142028
moderate	0.11381148200155838
moderate	0.1219371018869434
moderate	0.11208496490210587
moderate	0.16196421442708553
moderate	0.12328894047800273
moderate	0.108650045898356
moderate	0.1330067083020382
moderate	0.10296262775635506
moderate	0.17373894242648877
moderate	0.058709927044025154
moderate	0.17891787328506856
moderate	0.11419707531020283
moderate	0.06572603276440482
moderate	0.06852213254335317
moderate	0.08686729928904977
moderate	0.13370368160210377
moderate	0.1002804709427109
moderate	0.06233975563909774
moderate	0.04920023637389665
moderate	0.0694393471421269
moderate	0.07219264580973953
moderate	0.07612921325595973
moderate	0.0823966572437876
moderate	0.12199675265609082
moderate	0.1515033737512085
moderate	0.14442469095772706
moderate	0.24969870000000002
moderate	0.11107264361248219
moderate	0.1252790363799913
moderate	0.1273763173155758
moderate	0.07275375809900479
moderate	0.0723672826701867
moderate	0.12542699303076663
moderate	0.1026287910720379
moderate	0.09864023762935469
moderate	0.18647927479274795
moderate	0.07205851134305948
moderate	0.11006176078112284
moderate	0.09723465540483613
moderate	0.0433783989895379
moderate	0.07621721909943789
moderate	0.09789281806775407
moderate	0.11454959667716384
moderate	0.0948034552366509
moderate	0.15992159940434866
moderate	0.09844408999999998
moderate	0.10749212507874922
moderate	0.09276535234647652
moderate	0.07430341519338683
moderate	0.12027249727502724
moderate	0.1602516720982703
moderate	0.1589606103878506
moderate	0.14784433952807682
moderate	0.11712811649178623
moderate	0.13837995759915198
moderate	0.1876007700602164
moderate	0.16543557519834906
moderate	0.19533678663213364
moderate	0.16858353466789386
moderate	0.12615781842181578
moderate	0.08299609113368105
moderate	0.154493673700594
moderate	0.16269945496059515
moderate	0.11591631832636652
moderate	0.10500192558419419
moderate	0.1233624025149628
moderate	0.09896850118213338
moderate	0.12211546346390392
moderate	0.11797197943958883
moderate	0.11883690000000001
moderate	0.08465555377784888
moderate	0.06901207377417903
moderate	0.12947586399888064
moderate	0.09849607263582472
moderate	0.13823181184865344
moderate	0.1186898914935263
moderate	0.10153754797718575
moderate	0.07731173653372939
moderate	0.08439388636681798
moderate	0.11666874630129292
moderate	0.1339778959680886
moderate	0.14224761257162283
moderate	0.13322455054020582
moderate	0.09545612923519367
moderate	0.10274531055224675
moderate	0.12361814933168402
moderate	0.09424032511314306
moderate	0.10944607923086827
moderate	0.09944256909038095
moderate	0.0840997138672975
moderate	0.11079453861019407
moderate	0.09947743703066725
moderate	0.10612110302889538
moderate	0.10930110114928697
moderate	0.0893269662201141
moderate	0.11184917283368524
moderate	0.1082085557747974
moderate	0.13808293000000002
moderate	0.12567977
moderate	0.1208008655184412
moderate	0.20567242829337837
moderate	0.059540957676447376
moderate	0.08776529294715896
moderate	0.0873759487596345
moderate	0.18233011592666312
moderate	0.23319153710530538
moderate	0.2031006430192906
moderate	0.20743186000000002
moderate	0.07339419817405476
moderate	0.20047374731729925
moderate	0.13618538000000002
moderate	0.14953072037212792
moderate	0.1516512127065894
moderate	0.12221992975840204
moderate	0.11660852034537611
moderate	0.14104509774511276
moderate	0.13965840000000002
moderate	0.09907786766397007
moderate	0.12361064513521162
moderate	0.09301210000000001
moderate	0.1382890669855043
moderate	0.09949277880780205
moderate	0.07319298000000002
moderate	0.060436927177825145
moderate	0.06880253015187039
moderate	0.08457140848182897
moderate	0.08194737924453804
moderate	0.0904615569221539
moderate	0.0985627815160939
moderate	0.10373401028484192
moderate	0.11837499249234218
moderate	0.15107601
moderate	0.08635713142948565
moderate	0.1532501836601902
moderate	0.125836768609072
moderate	0.07884470378543541
moderate	0.12966314
moderate	0.08879718707197906
moderate	0.18843431401413194
moderate	0.051157111146662396
moderate	0.06330551274278493
moderate	0.15788695085908933
moderate	0.13349383
moderate	0.09894902608782737
moderate	0.08863848078462772
moderate	0.1338299120234604
moderate	0.10960366378017318
moderate	0.19668609748512847
moderate	0.17943268567314327
moderate	0.07868928
moderate	0.08873452265477344
moderate	0.10909761707148788
moderate	0.12460958197747185
moderate	0.10940379193684803
moderate	0.10872101437486578
moderate	0.12332458957704698
moderate	0.07720604677493544
moderate	0.09767534926822388
moderate	0.04471665333866454
moderate	0.08415367095144126
moderate	0.0921696019372786
moderate	0.19208014728737774
moderate	0.11182526832229525
moderate	0.11226301343631317
moderate	0.11999151000000002
moderate	0.07421148884752293
moderate	0.09305561777528897
moderate	0.05385143693133993
moderate	0.0828254432167111
moderate	0.1146091537305959
moderate	0.10291279202931745
moderate	0.15667750384899926
moderate	0.15595012301049352
moderate	0.0684726657992272
moderate	0.1288959031229063
moderate	0.11834217791565019
moderate	0.05616804371407427
moderate	0.05895495656739214
moderate	0.10490906387778119
moderate	0.06659994676078834
moderate	0.12081572449035231
moderate	0.14181696566815993
moderate	0.1395893846801634
moderate	0.18297273867658256
moderate	0.19860452724089164
moderate	0.17134651514090493
moderate	0.16855817790530847
moderate	0.12691518924840683
moderate	0.1278772275445509
moderate	0.12701290999999998
moderate	0.1292703524947902
moderate	0.07176747609790482
moderate	0.0895248360262358
moderate	0.15185492999999997
moderate	0.07555556111672788
moderate	0.12465513241059284
moderate	0.1960773563147382
moderate	0.14246452665007295
moderate	0.08274642709665725
moderate	0.047583222503324904
moderate	0.05725512234632961
moderate	0.03397122201445899
moderate	0.030202587585986245
moderate	0.04572595288565372
moderate	0.04299128336480373
moderate	0.05516638321995465
moderate	0.07365120561951534
moderate	0.06129846210652635
moderate	0.07350529943265394
moderate	0.0878112921479123
moderate	0.07983924747738783
moderate	0.09979743607118877
moderate	0.17140578342286258
moderate	0.2231995894711422
moderate	0.16340315738925126
moderate	0.2322358274554283
moderate	0.1992525634209327
moderate	0.10251244999999999
moderate	0.12573138880278378
moderate	0.09778015
moderate	0.080099333506795
moderate	0.13792667824350663
moderate	0.05502824
moderate	0.20730860074197774
moderate	0.17271254132024438
moderate	0.18900356786595104
moderate	0.10506334999999999
moderate	0.18099022736138753
moderate	0.11725862585948404
moderate	0.13867190907817595
moderate	0.18908788780220864
moderate	0.1264052342367514
moderate	0.13053678
moderate	0.13234683202692663
moderate	0.21082425999999999
moderate	0.16231895493201143
moderate	0.12370300421446442
moderate	0.13824090913638046
moderate	0.09695760211989402
moderate	0.11297031029689704
moderate	0.13100005612520235
moderate	0.1757767144657107
moderate	0.08234813258827209
moderate	0.06234216840968627
moderate	0.0635730942690573
moderate	0.15990813071307333
moderate	0.09644187243279659
moderate	0.14477449630325975
moderate	0.2688717125978349
moderate	0.13522208781635472
moderate	0.15866729665406695
moderate	0.12772828913156528
moderate	0.14278336286586535
moderate	0.21465608049130244
moderate	0.14561781550202108
moderate	0.14617543649127016
moderate	0.1136980770466177
moderate	0.14175008
moderate	0.10673152492080677
moderate	0.1030814080416604
moderate	0.10114346085272036
moderate	0.08865072
moderate	0.03388805505324493
moderate	0.09084904675374221
moderate	0.08957968937643175
moderate	0.0728662647108818
moderate	0.07188826111738883
moderate	0.10244226577342266
moderate	0.06467968137106996
moderate	0.11694149020789898
moderate	0.13449832842872297
moderate	0.08316534910385612
moderate	0.11884087467711768
moderate	0.14654820325154477
moderate	0.112473870835888
moderate	0.07320213745637845
moderate	0.15626210447388153
moderate	0.06784686456093422
moderate	0.10014068598096106
moderate	0.0637089023368752
moderate	0.07316711903450349
moderate	0.09476055699873134
moderate	0.1103723193760263
moderate	0.08250620951688037
moderate	0.07185736935056594
moderate	0.07463522364776351
moderate	0.11315183744662081
moderate	0.08625435868627492
moderate	0.07896198002237656
moderate	0.11988375872970511
moderate	0.08597031391033998
moderate	0.12235922123678776
moderate	0.10872653261500871
moderate	0.16493295660124108
moderate	0.10173363365072653
moderate	0.07845315808769214
moderate	0.10425384131734973
moderate	0.09330293415306673
moderate	0.07754692635423006
moderate	0.08530287365516136
moderate	0.12000522888911148
moderate	0.1251650850474486
moderate	0.1753608783783784
moderate	0.07807143156290049
moderate	0.0966283561520509
moderate	0.11124562669794391
moderate	0.08802804747094271
moderate	0.08669384775391015
moderate	0.09876532100234083
moderate	0.10149411991331567
moderate	0.09968995804929208
moderate	0.15031339
moderate	0.15864118023476714
moderate	0.1484353691651222
moderate	0.08870880236205941
moderate	0.1043935491635576
moderate	0.10239257716451158
moderate	0.1162811896333631
moderate	0.12126445277009301
moderate	0.14258005695712114
moderate	0.11769972645564672
moderate	0.11086220606839495
moderate	0.08752570489290468
moderate	0.089902831149707
moderate	0.07474832556985748
moderate	0.057649187740076824
moderate	0.04764792085546519
moderate	0.066867871938856
moderate	0.06651353490745852
moderate	0.053429050942756046
moderate	0.09072202784572352
moderate	0.10168111999999999
moderate	0.16290689822438376
moderate	0.11999281970220031
moderate	0.14974491800324385
moderate	0.07620323210480459
moderate	0.11015339680175867
moderate	0.13127692723072767
moderate	0.14323091012781378
moderate	0.15121175274534643
moderate	0.14454279935027123
moderate	0.07323441
moderate	0.10274942749427493
moderate	0.09127372617264963
moderate	0.103583032397587
moderate	0.10594722316661001
moderate	0.10727408266379523
moderate	0.15241096033700705
moderate	0.12350020985317905
moderate	0.1093145
moderate	0.1329270838540677
moderate	0.09410179204298617
moderate	0.1557760411980093
moderate	0.1818626972539451
moderate	0.3108604280472213
moderate	0.17132497
moderate	0.15035316999999998
moderate	0.10676729000000001
moderate	0.09897014669383966
moderate	0.07241856034015924
moderate	0.07822500650741847
moderate	0.07261392144018246
moderate	0.07214282016250809
moderate	0.08460480508703346
moderate	0.10308974717977437
moderate	0.10665743288824167
moderate	0.0913612227755445
moderate	0.08738032196780321
moderate	0.06683085
moderate	0.04718411263549458
moderate	0.15400122998770008
moderate	0.16102280000000002
moderate	0.15755379231038447
moderate	0.15688560771215423
moderate	0.11115064974657977
moderate	0.12378099793250051
moderate	0.08009732899022802
moderate	0.11488041727391272
moderate	0.12500100255704444
moderate	0.1721612183878161
moderate	0.28833612010691817
moderate	0.14709214276428292
moderate	0.12299900006999509
moderate	0.097817880075376
moderate	0.16854191832326706
moderate	0.1220970970870874
moderate	0.07025030749692503
moderate	0.1018007
moderate	0.14505134000000003
moderate	0.22056043758249674
moderate	0.07494324916453805
moderate	0.13504163572503763
moderate	0.062077609999999984
moderate	0.06669968102232843
moderate	0.06393165033304489
moderate	0.12240999698950626
moderate	0.0550386512744773
moderate	0.06499511012244734
moderate	0.08292404
moderate	0.10096259646582814
moderate	0.1037058866441654
moderate	0.10596299222046676
moderate	0.11245333360182035
moderate	0.07731446970146595
moderate	0.22119629214831407
moderate	0.10978145999999998
moderate	0.1272847
moderate	0.12249261232588356
moderate	0.08495933000000001
moderate	0.1333992565588711
moderate	0.15800203621044184
moderate	0.13494974351795372
moderate	0.08023074
moderate	0.11582457906230662
moderate	0.10773867359620382
moderate	0.12976126866419482
moderate	0.14995312325229046
moderate	0.11927659617019148
moderate	0.1196849811350967
moderate	0.1930740912171656
moderate	0.15960804850005225
moderate	0.1528187323856682
moderate	0.13270662132746297
moderate	0.1353349866501335
moderate	0.08470472154004596
moderate	0.10582172147543609
moderate	0.11184558080934336
moderate	0.12360777789944492
moderate	0.15646813659317033
moderate	0.0844946812236688
moderate	0.16217844889175054
moderate	0.14815578591458045
moderate	0.13870805352335394
moderate	0.047637619602463495
moderate	0.04837849931841081
moderate	0.09344955550444495
moderate	0.13896176
moderate	0.11101970980290196
moderate	0.05762391632585719
moderate	0.07494526985142674
moderate	0.06532953427188559
moderate	0.059765387038388844
moderate	0.027361440707716067
moderate	0.06894643312726915
moderate	0.09296628886659977
moderate	0.047740649999999996
moderate	0.10639816169246555
moderate	0.09798867767482282
moderate	0.11190235251683232
moderate	0.13909296558094703
moderate	0.18410967999999997
moderate	0.10281343021799048
moderate	0.10661563858914479
moderate	0.10360691315979481
moderate	0.16923691
moderate	0.08025073020445726
moderate	0.06468129712900776
moderate	0.08024510235737949
moderate	0.12399837
moderate	0.13054638072385522
moderate	0.09364190394194699
moderate	0.0613050124422325
moderate	0.12551929304099643
moderate	0.1261672458166014
moderate	0.11781868228165823
moderate	0.10201280355854773
moderate	0.08647150533007096
moderate	0.13638757612423874
moderate	0.0807057505750575
moderate	0.16809225077492249
moderate	0.10784255259579233
moderate	0.0756294406440268
moderate	0.15144193994145702
moderate	0.10260315005228303
moderate	0.11490121525439535
moderate	0.18469344695386092
moderate	0.12575361487030773
moderate	0.11552820342329817
moderate	0.12094320515260486
moderate	0.17471120501286405
moderate	0.15300080147890976
moderate	0.17378672000000003
moderate	0.16929980810594236
moderate	0.13768993399008847
moderate	0.16987046518139273
moderate	0.09433854338543386
moderate	0.10020265277814827
moderate	0.1175883882062408
moderate	0.08432841088604051
moderate	0.22670979090872742
moderate	0.08611349319040858
moderate	0.16710937999999997
moderate	0.11013669999999998
moderate	0.11269911
moderate	0.07610408750949887
moderate	0.07009288014873392
moderate	0.09612561156308534
moderate	0.06536928568571772
moderate	0.07623628291151265
moderate	0.10971266656133145
moderate	0.10775756000000002
moderate	0.06915118402568733
moderate	0.07312631969812533
moderate	0.1290380466798026
moderate	0.1485873341266587
moderate	0.11272033753996934
moderate	0.08473381909482702
moderate	0.14107816138406173
moderate	0.14639756201659326
moderate	0.13807156306243945
moderate	0.09571890351080664
moderate	0.10766859994200174
moderate	0.17158121851335922
moderate	0.14013536462036028
moderate	0.07093154273829046
moderate	0.13799081401360005
moderate	0.07935174717994048
moderate	0.11385823156956182
moderate	0.14666459094487394
moderate	0.08137521270872901
moderate	0.11166317053642914
moderate	0.10843805896117469
moderate	0.14500621
moderate	0.07582254611660197
moderate	0.13348779162221464
moderate	0.10329575343840978
moderate	0.08796614222275806
moderate	0.07441244255779263
moderate	0.06955900896185774
moderate	0.08304214704970653
moderate	0.07482980936568583
moderate	0.17915049999999996
moderate	0.09150605467333768
moderate	0.08643816628997739
moderate	0.07989842999999999
moderate	0.04905937545388526
moderate	0.08969051250683255
moderate	0.13177099313079527
moderate	0.09181094890510949
moderate	0.08800031215071846
moderate	0.11266559334406656
moderate	0.06019214380026408
moderate	0.09600596262355436
moderate	0.08961344489435606
moderate	0.08767642999999999
moderate	0.08183814161858383
moderate	0.10215938182328081
moderate	0.0763702437154501
moderate	0.07254462009178989
moderate	0.14602530108965783
moderate	0.0751818175873614
moderate	0.07455363840960241
moderate	0.10621199535637797
moderate	0.14256101418375824
moderate	0.1001215075698486
moderate	0.10469220073315634
moderate	0.12752532
moderate	0.08620522211124228
moderate	0.08756805000000001
moderate	0.05961929
moderate	0.12983072116010536
moderate	0.055518370000000004
moderate	0.07793034061671979
moderate	0.12627516
moderate	0.1333577282227869
moderate	0.15262055000000002
moderate	0.1686650808040698
moderate	0.1372355976440236
moderate	0.10676638700838974
moderate	0.17130941358796184
moderate	0.1286540558538311
moderate	0.03772649046674236
moderate	0.0489009719805604
moderate	0.12956493473920763
moderate	0.12834764944863608
moderate	0.10613164304787095
moderate	0.07118940336235605
moderate	0.08535072373634531
moderate	0.10815312485285514
moderate	0.08646865822295483
moderate	0.12398620381201399
moderate	0.12375917269314567
moderate	0.09394023687285809
moderate	0.08405073
moderate	0.13185431609189585
moderate	0.08415685431456853
moderate	0.13149983999999998
moderate	0.11354448188626796
moderate	0.12936710632893672
moderate	0.12939731852439507
moderate	0.07925642241517412
moderate	0.11481369972039249
moderate	0.1022908270917291
moderate	0.13936115379790504
moderate	0.22140995770126895
moderate	0.22663051477940885
moderate	0.19966656058930324
moderate	0.16615732741380687
moderate	0.09159478483442648
moderate	0.13923838
moderate	0.0922138960591981
moderate	0.1119446499485531
moderate	0.09612046138415246
moderate	0.10627669468979462
moderate	0.16179119417611648
moderate	0.10360772000000001
moderate	0.09406378701657181
moderate	0.08848944719619663
moderate	0.09004275914481709
moderate	0.06582642998027614
moderate	0.18548107152542712
moderate	0.10624160630677498
moderate	0.07068440000000001
moderate	0.12768810353860383
moderate	0.1274855538638904
moderate	0.11890547388850953
moderate	0.13467128435155157
moderate	0.11856019337342294
moderate	0.1374074816299265
moderate	0.14180246663766327
moderate	0.10883435653886253
moderate	0.07636698036784047
moderate	0.08897939807897547
moderate	0.06460331474345425
moderate	0.06542473776826996
moderate	0.09205330952552974
moderate	0.04340082388465615
moderate	0.10951194792932692
moderate	0.0912728721644731
moderate	0.11374991212290388
moderate	0.09697243027569724
moderate	0.08881196068432473
moderate	0.0842690243604201
moderate	0.07566993506848887
moderate	0.07848499134901997
moderate	0.10548356063816157
moderate	0.1070273315606733
moderate	0.10917157292255514
moderate	0.11002257924446374
moderate	0.11414542070112382
moderate	0.13597915544060063
moderate	0.1440386033130296
moderate	0.12311784265934934
moderate	0.20234805697120523
moderate	0.11334247977629086
moderate	0.14790289430044196
moderate	0.10475959340520885
moderate	0.15534862609770547
moderate	0.15816868181954785
moderate	0.06841891730757765
moderate	0.11814290185969435
moderate	0.11940793
moderate	0.08170030801232048
moderate	0.09143440304475316
moderate	0.11237636566408966
moderate	0.18650945838727187
moderate	0.08746983616062057
moderate	0.08246121538784613
moderate	0.10225711171771104
moderate	0.10869210615787686
moderate	0.17943887
moderate	0.10094711641316638
moderate	0.1961248856685531
moderate	0.05498439736470781
moderate	0.11086918776191952
moderate	0.13895005904149194
moderate	0.10537240456176045
moderate	0.1303241402757917
moderate	0.14189136782735656
moderate	0.14772319
moderate	0.1366143145952144
moderate	0.1176586425475409
moderate	0.14346462018730488
moderate	0.11096611405266729
moderate	0.10496836126554936
moderate	0.10790950090499096
moderate	0.09802862008514904
moderate	0.13675267658259682
moderate	0.14279263792637925
moderate	0.12878616924476796
moderate	0.11007617385373096
moderate	0.13257609215349472
moderate	0.11359624403755962
moderate	0.07177266
moderate	0.07278783029342618
moderate	0.10818700541916487
moderate	0.09525760000000003
moderate	0.09531791745216797
moderate	0.15216595163870072
moderate	0.07950632016176426
moderate	0.08531799970237074
moderate	0.09593868782854831
moderate	0.07266309811147734
moderate	0.07045511796294708
moderate	0.05623219247915875
moderate	0.1061817226049343
moderate	0.17977182917778267
moderate	0.05305522198053346
moderate	0.06375181255437663
moderate	0.09995734036473737
moderate	0.05743915423484121
moderate	0.06950643806928064
moderate	0.08955562600006038
moderate	0.12230985000000001
moderate	0.12206299519807923
moderate	0.14729996191468891
moderate	0.1495663069892097
moderate	0.09373422064777327
moderate	0.2924213731450742
moderate	0.09931150529122576
moderate	0.1614497025446183
moderate	0.1004857191431486
moderate	0.12840435660992539
moderate	0.07743684784457316
moderate	0.0819405936279287
moderate	0.13462738050362882
moderate	0.12643566584648624
moderate	0.059064904807615386
moderate	0.04871837000000001
moderate	0.061919477392167396
moderate	0.09887323603674936
moderate	0.11275565
moderate	0.10198250007573538
moderate	0.08399669532073635
moderate	0.09584891
moderate	0.11480758999999999
moderate	0.08365775764665886
moderate	0.11761984999999998
moderate	0.1292753889844406
moderate	0.11444783667596943
moderate	0.14852859247207809
moderate	0.19649806671134712
moderate	0.09590014029930517
moderate	0.11214591999999998
moderate	0.10598978622090172
moderate	0.09882877000000001
moderate	0.10359821607536583
moderate	0.07372594560939272
moderate	0.08269290831595175
moderate	0.11492582480773653
moderate	0.09208533405539844
moderate	0.10529087504153202
moderate	0.10989601999999998
moderate	0.11002158892055398
moderate	0.06879229116512646
moderate	0.035116818348961215
moderate	0.09424019955809282
moderate	0.05737225649691527
moderate	0.04683395166048339
moderate	0.06962699373006269
moderate	0.0704952015426816
moderate	0.05685318153833933
moderate	0.07597054153094461
moderate	0.06623109331734474
moderate	0.08867540000000002
moderate	0.0813812978678318
moderate	0.1326391835782145
moderate	0.11849577983119323
moderate	0.0853399950225869
moderate	0.05144021000000001
moderate	0.08102429902803887
moderate	0.05707325926740733
moderate	0.07273923308187467
moderate	0.09261050984351338
moderate	0.037415865048097116
moderate	0.05688560641726724
moderate	0.0834009259907401
moderate	0.0659387
moderate	0.10535252849740932
moderate	0.0948166295100323
moderate	0.08823845192259615
moderate	0.06614364649348128
moderate	0.1045038848834535
moderate	0.0688212038454228
moderate	0.130587389692739
moderate	0.07567228327716724
moderate	0.08816638259839327
moderate	0.09754738814194402
moderate	0.16752868480277963
moderate	0.055340080000000014
moderate	0.08133437917493219
moderate	0.09174177496220023
moderate	0.11461148123983421
moderate	0.10760074
moderate	0.15362057
moderate	0.20735214486315828
moderate	0.12447443678942477
moderate	0.07260311493870042
moderate	0.03680198
moderate	0.06331386489080873
moderate	0.06560941952902355
moderate	0.08674247396782948
moderate	0.14324225000000002
moderate	0.11733457968283245
moderate	0.09896736030146568
moderate	0.1585254775185709
moderate	0.11402231452859349
moderate	0.11858244860492909
moderate	0.07266970358754318
moderate	0.07414135061241249
moderate	0.08522402551948961
moderate	0.0980064998700026
moderate	0.16374315850629056
moderate	0.1101061363728388
moderate	0.05248519236922091
moderate	0.07695445000000001
moderate	0.18919502219911205
moderate	0.0863260780200153
moderate	0.10808762829598802
moderate	0.15914524016129858
moderate	0.11049159439559222
moderate	0.11721354138905177
moderate	0.10175722392120837
moderate	0.11933770090845564
moderate	0.09263012219266843
moderate	0.1067776523606243
moderate	0.09257860895000562
moderate	0.0937111289468741
moderate	0.08435230045830606
moderate	0.11041948573642461
moderate	0.06473867261327387
none	0.07476400235997639
none	0.14510982919507823
none	0.13259314
none	0.056218630682046536
none	0.0745157056730475
none	0.08251053788072638
none	0.03915280166380035
none	0.1103933616595851
none	0.11236385184322406
none	0.09559914618739045
none	0.07119206937476791
none	0.07415313234338282
none	0.10622404267127088
none	0.10642359184899614
none	0.11953370797255193
none	0.06433144086021506
none	0.0711185562369324
none	0.091086600138963
none	0.11981126355073751
none	0.20529754941659917
none	0.1268437207317835
none	0.102910267154348
none	0.08408615169538596
none	0.06428819163638225
none	0.09990385864760952
none	0.12725203240295815
none	0.08968098300873607
none	0.08998903959119343
none	0.05968449000000001
none	0.05709060436261757
none	0.10540679044518302
none	0.0940342678624765
none	0.10549147448327341
none	0.08191089362766553
none	0.08075378246672278
none	0.1330660880173595
none	0.09454057652822671
none	0.11991808146746688
none	0.10029581222429834
none	0.08465910987482615
none	0.08765365119466767
none	0.0894250244584593
none	0.09161173422157572
none	0.1312520345906393
none	0.13183584376713695
none	0.1752456987164588
none	0.08840423624918868
none	0.10469181332212148
none	0.11358434212561883
none	0.1592904351009826
none	0.11080028110515386
none	0.15052276135183976
none	0.12184597305536433
none	0.08594702291604123
none	0.10353194177847656
none	0.12257003302418477
none	0.15729405703504826
none	0.1234026580279083
none	0.15762933614924324
none	0.12120218470073864
none	0.15527997210011515
none	0.1400948166244481
none	0.132163307759508
none	0.12463368139223563
none	0.07761125674169153
none	0.09987301160067825
none	0.11501541
none	0.16238419231615367
none	0.14396360915725934
none	0.10497143449732256
none	0.16004866
none	0.17977501556898318
none	0.15706209705326482
none	0.10805139714302431
none	0.11161506223571026
none	0.12617221095520825
none	0.14745832000000003
none	0.15862310565140897
none	0.17669378296073826
none	0.16377859026779606
none	0.13888276000000002
none	0.1314922389345946
none	0.09547385526144739
none	0.09273385460299731
none	0.12121219
none	0.08484026947973404
none	0.09049227152717818
none	0.07946144541227677
none	0.08800680238083329
none	0.09905386770092654
none	0.07188267604823713
none	0.07430580821407505
none	0.1969337092807007
none	0.1426404796365008
none	0.08584970645021474
none	0.09414832763656919
none	0.08574414969233753
none	0.08204699765011748
none	0.11206602573643833
none	0.06209333880344617
none	0.10417700502073785
none	0.1013631852391357
none	0.11000000000000003
none	0.1043241185334003
none	0.11553120846992114
none	0.09244498806921858
none	0.11326115740697047
none	0.17784014030612244
none	0.11717688448323048
none	0.19336115277694443
none	0.11986314364453897
none	0.12108158631726346
none	0.23216362562680784
none	0.1728957503786245
none	0.1637409125253417
none	0.12324692631520257
none	0.13448677470988393
none	0.10043882197591132
none	0.07087133160956689
none	0.23334368135450415
none	0.11935663050590067
none	0.12516879534100261
none	0.17532541252940229
none	0.14511487497835207
none	0.11140898763949358
none	0.09435132000000002
none	0.15172065897858317
none	0.09691536000000002
none	0.08221177491217546
none	0.09107411602269541
none	0.10499053999999998
none	0.09505632887342251
none	0.08665083154181906
none	0.06951966670527067
none	0.08516797835379145
none	0.07935427675680136
none	0.10132416717044766
none	0.13366160669152122
none	0.12235482999999998
none	0.11478369081545922
none	0.15718095304947757
none	0.11084335239672558
none	0.0979842001579984
none	0.16313534356229267
none	0.13456703
none	0.15132600082252515
none	0.1683897644094236
none	0.11149650325469616
none	0.07806351661584097
none	0.10794236228426131
none	0.10532373338178738
none	0.1267220032161104
none	0.061205553472362444
none	0.13659593999999994
none	0.15202080963263498
none	0.09788865
none	0.11311062761845007
none	0.14695242718881024
none	0.12968651856577915
none	0.14406560838985627
none	0.16783678415280961
none	0.1289944769598549
none	0.08805963073617147
none	0.06234272327187193
none	0.06412109214880576
none	0.16094848845465365
none	0.135909666432936
none	0.12625787389363266
none	0.1976794184675073
none	0.16959067227983157
none	0.1213899476504407
none	0.13500757
none	0.11798885311602429
none	0.07538082910869016
none	0.07700404430165164
none	0.1236954163213946
none	0.09991776563205136
none	0.08403494360282207
none	0.11572925021752392
none	0.08890170999999998
none	0.1760020181938671
none	0.10774527629576841
none	0.10832239065656062
none	0.09424893602106928
none	0.06518922212701134
none	0.12364339713205735
none	0.06925054494550545
none	0.10422752626618731
none	0.10597772686259997
none	0.06509451140580501
none	0.09397992100394982
none	0.13347282364118207
none	0.14635550855213653
none	0.10758865532768519
none	0.11015687185166663
none	0.11398205697954936
none	0.10236260792085292
none	0.09418934109678567
none	0.12423048219287715
none	0.1333922623056279
none	0.0889240689457859
none	0.11672413130292135
none	0.07062326699392417
none	0.09651423914565123
none	0.09334189000000002
none	0.07932447821450335
none	0.11253667073341468
none	0.10636710178585729
none	0.08179663299107033
none	0.07748714
none	0.07120294822113606
none	0.12216347999999998
none	0.05001407859214079
none	0.060498399999999994
none	0.0719589804101959
none	0.07957585
none	0.13536450926169782
none	0.09875168297097763
none	0.1072966596988183
none	0.07059161105815061
none	0.08055303446965531
none	0.1098653863828758
none	0.13033637617981123
none	0.09621276047577279
none	0.10922607636742715
none	0.15622573999999997
none	0.07277110288971103
none	0.10758521300473345
none	0.12756703553681045
none	0.13586156773084562
none	0.11558935918561275
none	0.08961621373695677
none	0.09202645549656813
none	0.0877255619550436
none	0.11382300176998231
none	0.10063871868373099
none	0.07585739901594898
none	0.1281316076376039
none	0.10258394475259486
none	0.11992441040112879
none	0.2304037672108642
none	0.08465002929897564
none	0.06856156355010871
none	0.16229551704482956
none	0.09315374928108204
none	0.10603755801089096
none	0.08776299869702796
none	0.10130947679826081
none	0.07770676767961249
none	0.09181710683353227
none	0.10864481906990231
none	0.08085015000000001
none	0.10043951362918223
none	0.1402872510886436
none	0.09617585179966698
none	0.10215734707479877
none	0.09521753976952366
none	0.09035604132814179
none	0.1322986505351326
none	0.1560676637957077
none	0.11959559393663179
none	0.08454961882362481
none	0.043639853733213815
none	0.12512449408891246
none	0.08430902722017022
none	0.053857430402563584
none	0.08213261567125556
none	0.10632972599585541
none	0.1248322769629607
none	0.12590176294711156
none	0.07458962876871537
none	0.05137096258074838
none	0.07820689413788275
none	0.102877371397663
none	0.11976522999999999
none	0.10787643
none	0.06611687649370518
none	0.09950435529506871
none	0.11672624228418221
none	0.09604882659823298
none	0.08785393047877824
none	0.09858704429105265
none	0.032009436700057035
none	0.05106503260130405
none	0.08817515186143021
none	0.12881851513325995
none	0.05226237262372623
none	0.06945971918410081
none	0.15134275996356372
none	0.07681462284407427
none	0.10043997680069597
none	0.08975112814445918
none	0.08175219591314578
none	0.12106431302676623
none	0.05740756354839283
none	0.07666639998098876
none	0.0579143085081421
none	0.06247028059438812
none	0.0485294182926091
none	0.06705849600074787
none	0.08074458762886598
none	0.07398879516967688
none	0.07245856671823596
none	0.056078204302119274
none	0.052776620231375845
none	0.06287457531995069
none	0.2551120080232871
none	0.13504848889726798
none	0.11029532244672018
none	0.09157371640593664
none	0.09903448137685081
none	0.11874224102579489
none	0.08554991592126801
none	0.09043938000000001
none	0.10160966780664385
none	0.08718363999999999
none	0.05684349401307865
none	0.11473408000000002
none	0.10675929602811832
none	0.10530490125385569
none	0.09366272349106035
none	0.10142013575370498
none	0.09178507296494075
none	0.04331442685573144
none	0.07723359774541125
none	0.09953479999999999
none	0.060779230000000004
none	0.07726977397607589
none	0.04009387465350551
none	0.1103128801225245
none	0.1076606334841629
none	0.0587951393395972
none	0.07697799515913586
none	0.12253352666534441
none	0.0731902352720728
none	0.07793611547442156
none	0.1071872463977205
none	0.07455043621744321
none	0.13800561425674782
none	0.12381898267121301
none	0.11432393
none	0.1888984819561858
none	0.23870440454839265
none	0.10930636673338724
none	0.1423504146276414
none	0.12539150113317485
none	0.12012634747305054
none	0.07408418915931425
none	0.13904827943835765
none	0.12943535459583244
none	0.11720409842646112
none	0.11376816239922387
none	0.09810672192938481
none	0.10722611285518795
none	0.09990968409006497
none	0.15606728396300232
none	0.14616705580551742
none	0.15912956
none	0.15886158138418616
none	0.150386573818947
none	0.13206078365354265
none	0.07996648985771727
none	0.08177863190528854
none	0.09344583137531329
none	0.09186686708806967
none	0.05993010188267995
none	0.08003210694577798
none	0.08968232948882243
none	0.11127612468591255
none	0.12947548098076075
none	0.06253605
none	0.07440902594657703
none	0.09917665824428669
none	0.1432589974100259
none	0.13558036876138613
none	0.1524676177626096
none	0.16386152383811098
none	0.1652853579827142
none	0.12918329183291832
none	0.11214276326906109
none	0.08968929062742988
none	0.1253533456771483
none	0.13424649632197036
none	0.10908752103871124
none	0.11511218750259636
none	0.15348114092175055
none	0.09316041763154184
none	0.12143904929146077
none	0.12419808254540929
none	0.16787876842313976
none	0.14728956560335013
none	0.177716332722521
none	0.12287496140677087
none	0.12474526659333131
none	0.08194386575811245
none	0.12664552048852193
none	0.13396476362587983
none	0.1875390097794234
none	0.12353714148565942
none	0.16274658
none	0.18107719579369055
none	0.19828974358974358
none	0.15483253812201794
none	0.12793746416156437
none	0.12865046537751748
none	0.06186759231905466
none	0.09149453513572509
none	0.09287100435979347
none	0.07948815185351585
none	0.19405419274798405
none	0.12360223397766024
none	0.09088942864313876
none	0.15136485270294595
none	0.10571558069639113
none	0.09967084284782254
none	0.0764089555542142
none	0.09594448630026721
none	0.0957698198198198
none	0.0862462262397402
none	0.0618678147125885
none	0.07315719771217193
none	0.12324863669362328
none	0.07111059246118175
none	0.09520652640432142
none	0.13934521745231482
none	0.09232404815229563
none	0.09139215034595279
none	0.10908547209707185
none	0.11197679437377815
none	0.07239357987619066
none	0.08113082630934372
none	0.14681651
none	0.14673200333550562
none	0.05978940842366306
none	0.0749992312542648
none	0.11960838712956845
none	0.08444003643862497
none	0.1275125385035771
none	0.1268436985192591
none	0.14404603772828417
none	0.13329711344640796
none	0.08207804040670803
none	0.07580042401272039
none	0.08875411805766138
none	0.12562573243313904
none	0.09087934138924456
none	0.10226442764812786
none	0.13515009368357908
none	0.09468296143428352
none	0.11948474464112686
none	0.15845480239005882
none	0.13476950515538774
none	0.09586811060752222
none	0.17953493889072403
none	0.19670620251729223
none	0.22072894798437187
none	0.21141792323945452
none	0.14619565093519848
none	0.13307104857902843
none	0.11576376000000002
none	0.15632895530459015
none	0.11104726176519845
none	0.0445626644904621
none	0.0955131692098474
none	0.1142390148193478
none	0.12527472175834722
none	0.16089644424373917
none	0.07050336238652509
none	0.12403271472162473
none	0.11925197948759123
none	0.10985765665802587
none	0.13267216166711707
none	0.07562407759224077
none	0.10271467000000001
none	0.07754100917981639
none	0.1403453706791153
none	0.12517949
none	0.08117903851537817
none	0.06232278085720978
none	0.04557944999999999
none	0.18749297145437216
none	0.11874199064074874
none	0.1586501469970601
none	0.13878664257639153
none	0.13954845207611444
none	0.14330636484202872
none	0.12924686586678974
none	0.08351878955372766
none	0.10716668504686952
none	0.06680102869518137
none	0.07976768212716115
none	0.0575781492181076
none	0.07731803021385131
none	0.08988758309466187
none	0.14846439342152884
none	0.13804781082791553
none	0.0761684541747917
none	0.0638811945731731
none	0.09579060600384819
none	0.08470037584952289
none	0.07522836459720918
none	0.07853972535828865
none	0.06759325067493252
none	0.08647550808288548
none	0.060480145198548024
none	0.07215594961529445
none	0.10968353681762595
none	0.09810603382583294
none	0.13976721337564713
none	0.12491355999999998
none	0.10368634313656863
none	0.09678635667814772
none	0.07121942073170734
none	0.12302442520095414
none	0.10778476181552145
none	0.05627063343532465
none	0.21463166450913695
none	0.11106614961220916
none	0.14461846532494238
none	0.09243986322004917
none	0.19391030181158134
none	0.17443664
none	0.1586869390195062
none	0.10527476000000001
none	0.17019546481551528
none	0.05446150440251573
none	0.15979409458835014
none	0.13265659343406566
none	0.08396735661530044
none	0.07185825642709594
none	0.05276058768417739
none	0.08468857298634289
none	0.06091751969291055
none	0.0749672538699972
none	0.09944259691295021
none	0.13560833848013334
none	0.08946057999999998
none	0.11917533999999999
none	0.14741637581150807
none	0.07276503312195425
none	0.08792875
none	0.07433834261404904
none	0.11829974501274937
none	0.17618106991769092
none	0.1116132207103321
none	0.15814306838809683
none	0.12287595248095036
none	0.10700155082172011
none	0.07614674282443566
none	0.112373334105549
none	0.07954906318741674
none	0.06889720539551476
none	0.07937089104935618
none	0.1282022449261063
none	0.06663117856703946
none	0.09177068879978528
none	0.07398397419744998
none	0.09029311986309627
none	0.1068823159420908
none	0.09110998722735313
none	0.1152803678232578
none	0.10050495070909721
none	0.09727986959087134
none	0.08626767164323332
none	0.07391325487208275
none	0.08461716
none	0.12391399127250059
none	0.13898448983587758
none	0.08084349624558078
none	0.08605686925049012
none	0.13834564654353457
none	0.18085537504251614
none	0.14604084449289426
none	0.10290748823762823
none	0.10455543026661318
none	0.06321023159073637
none	0.14929497749631573
none	0.1374661027942817
none	0.12439196040197992
none	0.11437864217559873
none	0.1244549601446221
none	0.1696146325092852
none	0.1348388698622511
none	0.07032527998070948
none	0.12315755771270084
none	0.1548226455251676
none	0.11393360978293064
none	0.10103785999999998
none	0.09805019915534118
none	0.07707961053837344
none	0.07547395575238781
none	0.0935603255734821
none	0.09550161970845247
none	0.10731870086351335
none	0.13063932442702292
none	0.06898909141811564
none	0.10496677835070777
none	0.0826385559575665
none	0.17661533766272752
none	0.09272803520543524
none	0.06431694318557563
none	0.09109251683089681
none	0.05230348291973487
none	0.07776551186282805
none	0.07639719999999998
none	0.09658613609108399
none	0.10476817253638575
none	0.07837305788582782
none	0.18377054541090818
none	0.058252210671612834
none	0.08131864780820543
none	0.09633859124431869
none	0.0664092672539525
none	0.1383646893067711
none	0.08750687965366231
none	0.09371950402479876
none	0.1368544085636587
none	0.08871535819386109
none	0.08025115506930416
none	0.08082445282113325
none	0.08533049827040552
none	0.11443145525480225
none	0.10050385051102302
none	0.14610024613602635
none	0.11441628583714163
none	0.14025979209571443
none	0.09971285143320194
none	0.09365273364148491
none	0.11265591794789932
none	0.11689271802677552
none	0.1035553256954725
none	0.09334532368466394
none	0.0814822627199416
none	0.11413830925361196
none	0.13092069974909396
none	0.07913731893837156
none	0.1317190142817138
none	0.11198272
none	0.08555786957661818
none	0.06302968
none	0.11450030394691549
none	0.1477931849735407
none	0.14456944569625957
none	0.0071371670296532085
none	0.0751697797294994
none	0.07217989567178908
none	0.07866968734023677
none	0.0883119915743016
none	0.12363451153446603
none	0.10358688588764926
none	0.12565925167497555
none	0.15322356445321506
none	0.1617669734655972
none	0.21378348045935572
none	0.15760110650069156
none	0.15327676627359782
none	0.16055941879093916
none	0.13409144748942428
none	0.15509363791966801
none	0.13335601808398062
none	0.10103971362888575
none	0.14336397632284129
none	0.08324296715249076
none	0.18240410437571533
none	0.23012792397660817
none	0.21940647685248604
none	0.2172038575359535
none	0.17877860221397784
none	0.22471820096510167
none	0.18731249656196708
none	0.1755718935843221
none	0.18830297612129776
none	0.16523879893910162
none	0.19889541549165857
none	0.1931827299995239
none	0.13995218911665905
none	0.15034677
none	0.14680487
none	0.06966369363063693
none	0.11523746653817324
none	0.09319213407896058
none	0.13447819521804782
none	0.17246824444870026
none	0.14578429864778594
none	0.12994673368850895
none	0.1601776325100842
none	0.11064657539738217
none	0.14296283788692973
none	0.10463373
none	0.09832414010831113
none	0.09547925019193039
none	0.12662282605434488
none	0.10504960450296313
none	0.09096140115796525
none	0.09065706999999998
none	0.11582632204215909
none	0.13078356763585866
none	0.11984296352986196
none	0.05711054302187758
none	0.10105854717292158
none	0.10729463999999998
none	0.09915231695366093
none	0.1070148274396736
none	0.09211841783849305
none	0.08987736010553132
none	0.12702858038411124
none	0.1218744772454044
none	0.09966752998489195
none	0.0997188207711877
none	0.12875768242261706
none	0.08861959009464114
none	0.1322001042262732
none	0.10115765079298347
none	0.08995001999999999
none	0.11445748542514576
none	0.09529248415031699
none	0.08689860974582223
none	0.162920644194376
none	0.10557680796756919
none	0.05694661401654128
none	0.06578313180713492
none	0.07542165715466671
none	0.09316289630175781
none	0.07702265486435
none	0.07803083002325628
none	0.11838084497187416
none	0.11772402561938335
none	0.09829348232393527
none	0.12378306493361128
none	0.14537140829467565
none	0.10471755837191066
none	0.11175294570658455
none	0.0918912221755565
none	0.06861535405468568
none	0.08437301182657031
none	0.09306446972525421
none	0.07778366035941466
none	0.13470317161697357
none	0.1095645155543265
none	0.08689061350103701
none	0.11704504587343426
none	0.12491149436948364
none	0.09899237876437768
none	0.09484570586771424
none	0.08027772435788917
none	0.0681301536973345
none	0.046679509999999994
none	0.06159711295561168
none	0.04897364643997745
none	0.09709858568629244
none	0.06352545778843983
none	0.09167468500577282
none	0.12940634357726372
none	0.11066314837153195
none	0.08913806682577566
none	0.0733768432124978
none	0.05752877019928626
none	0.09831296748130075
none	0.10083639545362462
none	0.10983900999999999
none	0.08601846944591662
none	0.11928309018368716
none	0.06924269000000001
none	0.09497633224918689
none	0.12228810505110245
none	0.09481875589963487
none	0.06473561662511687
none	0.09931801
none	0.12623808
none	0.10744211135258525
none	0.07598128827284845
none	0.07182332913744531
none	0.12496033737710711
none	0.09752692526925269
none	0.10592034503818444
none	0.09069997782034481
none	0.07885589055385048
none	0.06950229982280562
none	0.11606494331809517
none	0.13218350690710984
none	0.17700917558145723
none	0.09444683011899876
none	0.09905046028161928
none	0.12251142668307857
none	0.1361413224141841
none	0.1118346673626106
none	0.10916862000000001
none	0.13061858699883222
none	0.08263233
none	0.12684076279853215
none	0.10566170427618753
none	0.20227183520243297
none	0.12354307701557145
none	0.15564650831544527
none	0.10500599000289171
none	0.07159149698962244
none	0.15105139789890348
none	0.097526951658137
none	0.09646127313264213
none	0.09086730009771192
none	0.04901578547159096
none	0.08689273598557636
none	0.05199422011559768
none	0.08276257343921492
none	0.06711717288345788
none	0.19041634943172076
none	0.0635670016499175
none	0.05456464728131069
none	0.0602118678587095
none	0.04891437118474202
none	0.04514591590732644
none	0.07142690414292827
none	0.08083573655122298
none	0.08966584377007066
none	0.08810362312471688
none	0.11422053607416363
none	0.09280854233191649
none	0.11748014654107948
none	0.1896095728785615
none	0.18542604687525455
none	0.16141773911304436
none	0.19646429996631334
none	0.21079583681072814
none	0.16581668616278628
none	0.0763801516588853
none	0.1341622083779162
none	0.10646941
none	0.1541895715358542
none	0.12503523812368691
none	0.12100223
none	0.16555405395022937
none	0.10922382938958049
none	0.16087801609919503
none	0.19999240000000004
none	0.13700247957371223
none	0.17429339656535175
none	0.09725261331032685
none	0.1391441180171112
none	0.07857703383729302
none	0.11097249141136444
none	0.146078537749429
none	0.1111551165349605
none	0.15066431363922692
none	0.14916065986675764
none	0.16742878496252916
none	0.10369002079206946
none	0.09824156578763343
none	0.09666779928299145
none	0.14916833000000002
none	0.10848304560882953
none	0.10670634
none	0.16803563439114685
none	0.1955941732050333
none	0.13011650983230788
none	0.10480340437332289
none	0.1717065641206346
none	0.10472865551032917
none	0.09672508348757725
none	0.15046076757777196
none	0.15415969999999998
none	0.09805169948300517
none	0.13933044394425553
none	0.17379564536273004
none	0.1184647842615805
none	0.11709239108693043
none	0.10742131203428627
none	0.134935510319766
none	0.18960823300427732
none	0.06846585978202503
none	0.1122538674613254
none	0.12226178
none	0.14359488139223042
none	0.1516034556540106
none	0.13268581118258485
none	0.10604805490709796
none	0.1176863128719328
none	0.10315839841601583
none	0.07607360754006773
none	0.1193806630793265
none	0.09951574433969691
none	0.07529819298192983
none	0.0827490883466925
none	0.1012005923163408
none	0.07932925488676519
none	0.1200013416718963
none	0.11053220000000001
none	0.09741167000000002
none	0.05502163840574434
none	0.055527361054423456
none	0.046127905877012126
none	0.1615920171827456
none	0.0607208442690281
none	0.1007660018250554
none	0.0661232554863508
none	0.053924102085117054
none	0.0425894569488746
none	0.0629792125817656
none	0.07482947457760934
none	0.06733768882773065
none	0.0831418772310492
none	0.0924392661900757
none	0.08342874722263502
none	0.07866425705692776
none	0.09343012580677464
none	0.09217739831714988
none	0.067294618358518
none	0.08262905443879798
none	0.0636078840672795
none	0.08557740663939174
none	0.09614885025800311
none	0.13993011
none	0.07799961259453828
none	0.18119136705685623
none	0.040845012480354985
none	0.05782725569217343
none	0.058983270501884934
none	0.07705884618423132
none	0.05225002231943577
none	0.11314249354549283
none	0.12761300451191304
none	0.113479877787567
none	0.11938222
none	0.10233795650626627
none	0.1326918212284786
none	0.1330879988774631
none	0.15826965280513197
none	0.13398591026861836
none	0.14636164091203807
none	0.0842616535974301
none	0.13906026
none	0.1350009810758738
none	0.09864417011258338
none	0.12461290774184518
none	0.12273849814785374
none	0.14539099515645712
none	0.12383841999999996
none	0.13122590786564498
none	0.17725036
none	0.14464915568410977
none	0.13382764037702408
none	0.13994669684080782
none	0.11720712594650648
none	0.08170653077818638
none	0.08761612766472869
none	0.13199640782251834
none	0.10528572976252383
none	0.12490991400032048
none	0.13951530201049905
none	0.14886672433751136
none	0.14497432000000002
none	0.14107426022608197
none	0.16240670339205357
none	0.07077183422486627
none	0.05693915173501043
none	0.05766490457927084
none	0.16220312359122827
none	0.16062944661370673
none	0.08716391734291162
none	0.05672173620708976
none	0.09839845114860109
none	0.11372245429086004
none	0.10235209943701688
none	0.11026022622648952
none	0.07734735999999999
none	0.08168415263389463
none	0.12736018872324778
none	0.17235861701164226
none	0.11330738835362487
none	0.1331033584684402
none	0.15867208263495144
none	0.11485223641509591
none	0.09020033572077409
none	0.1766888957844685
none	0.17094915066618366
none	0.1464939625590892
none	0.07732309507383746
none	0.08787660277652588
none	0.11877291671744378
none	0.057206589670516464
none	0.08942110414100618
none	0.11576003947801296
none	0.13183796388228552
none	0.13708248
none	0.10730560722827533
none	0.12480732302522352
none	0.12097201370969848
none	0.0979859449090632
none	0.09396867709077573
none	0.1052929893475366
none	0.11486790943275461
none	0.12270060268066822
none	0.10780740465974253
none	0.11963338697193138
none	0.13569336165028867
none	0.1106512982494383
none	0.12847008179509228
none	0.1235794776474067
none	0.090759245560162
none	0.11350238185887136
none	0.052582991439585926
none	0.07158946208664124
none	0.07204571314102565
none	0.0929745120049574
none	0.10942458112923573
none	0.047158381050261836
none	0.07358296863120387
none	0.06948435647379653
none	0.062074780278563786
none	0.06711273225464509
none	0.09333544583951042
none	0.0982633939736633
none	0.1479751028158341
none	0.05887897726136432
none	0.06932520543109477
none	0.09402595094564437
none	0.08915456330265313
none	0.0823036227657181
none	0.12236475000000001
none	0.08075747240586784
none	0.10537210784118513
none	0.10416135833683252
none	0.07514868028735516
none	0.12394881213910998
none	0.06834822971506652
none	0.13366808999999996
none	0.11499063000000002
none	0.11165448023901263
none	0.07348622129108699
none	0.09359356895256102
none	0.06850196873679762
none	0.05428742215302492
none	0.06798211458333334
none	0.06371717228394369
none	0.09687939267872919
none	0.09271436652383577
none	0.039771281746899506
none	0.10031167783881861
none	0.09962322897562124
none	0.10731383951810815
none	0.13463484923319308
none	0.10019001477904291
none	0.06315230476952306
none	0.150299915289699
none	0.06301618330078639
none	0.10142480259337663
none	0.08770846417069243
none	0.07440185344490496
none	0.10238433049848471
none	0.07269066332916145
none	0.08351076772172282
none	0.055583310000000004
none	0.06818489071653212
none	0.0687630703413894
none	0.06023010487602805
none	0.12624156700826406
none	0.09616917096376239
none	0.07166074845915484
none	0.10151984717995208
none	0.056475757181853624
none	0.06306216937830622
none	0.08172128744062813
none	0.0612477750444991
none	0.14449893847113307
none	0.11153443043166204
none	0.15475875660664698
none	0.09988562779299409
none	0.05496005864067984
none	0.13397901632511752
none	0.15084130115489866
none	0.09204607774228848
none	0.17534988809964
none	0.1697406816782568
none	0.14205004903874227
none	0.14889000275994696
none	0.1731332502435546
none	0.1029079770646816
none	0.13489302506796064
none	0.12970169403388068
none	0.10528367432651346
none	0.1490175285511231
none	0.10281099976929171
none	0.11864926966073307
none	0.11299761181068171
none	0.18803150228240242
none	0.1320963127582321
none	0.12143833531050004
none	0.12455174550103257
none	0.09009188
none	0.08681924058710912
none	0.0975002125518981
none	0.11048641031945679
none	0.10063211132971436
none	0.19352751121458173
none	0.15054568144757002
none	0.16922526244263683
none	0.12027893905611298
none	0.07559180039217255
none	0.14189096287784084
none	0.13039601999999997
none	0.1328791699039051
none	0.12023499430784731
none	0.15478004399013942
none	0.16539988275570147
none	0.14253182861413416
none	0.1516505307558523
none	0.104708908393967
none	0.09529204123876282
none	0.09042476261053749
none	0.0685642596259626
none	0.07930016000000001
none	0.09373213160972976
none	0.08898958384238927
none	0.08038687338300232
none	0.06323509095095556
none	0.05132014358129074
none	0.05353240251560719
none	0.05720817662183124
none	0.05240181241685586
none	0.05587620361760206
none	0.049015956060697176
none	0.049319818962108006
none	0.09694225032581937
none	0.048046325731205076
none	0.0544911195094635
none	0.04797638631199835
none	0.041394723297176736
none	0.047988524343711286
none	0.07895778785156189
none	0.12713847876899106
none	0.12501205390529913
none	0.15993910898482358
none	0.15716191514254568
none	0.18897083737676967
none	0.12831478890626286
none	0.07788728716912426
none	0.09028143111239714
none	0.10496839747328711
none	0.10843380030510731
none	0.16309231419712486
none	0.1049183242067966
none	0.11356221000000004
none	0.1752597854834173
none	0.0648882732604403
none	0.05156068635881847
none	0.05151607000000001
none	0.08290354770486431
none	0.05851258803610607
none	0.07380058
none	0.09259350191997771
none	0.0928278018470528
none	0.10736811417370083
none	0.11235502612126258
none	0.058893017520491135
none	0.10601875402279758
none	0.08904206940706252
none	0.1399171933122675
none	0.11596054372669312
none	0.10017485423513199
none	0.09229025201581564
none	0.125944270874964
none	0.05720484560866714
none	0.14522293885305732
none	0.18687056322362336
none	0.19468042742791827
none	0.16086658573977466
none	0.2320229651184536
none	0.16748910078930815
none	0.1492581809975175
none	0.17087197860570755
none	0.1151883013155147
none	0.12786338646247114
none	0.1395676423599224
none	0.10726846121173508
none	0.10754625453745466
none	0.16207176811940568
none	0.13482589550592103
none	0.09797428930111167
none	0.16827849405363232
none	0.14398558384293775
none	0.11513357317548648
none	0.16249952165560735
none	0.16787911306595577
none	0.1515388641481111
none	0.12905361796098638
none	0.1491602847558419
none	0.15340063927252837
none	0.14974535647040862
none	0.16254976470115035
none	0.11756298223117788
none	0.14308750303944479
none	0.17946951999999997
none	0.13569911151960784
none	0.16795977741013682
none	0.12227068620125202
none	0.09659235919987849
none	0.11511773771872925
none	0.15705460552663195
none	0.14817784236585602
none	0.15490899152242338
none	0.16481640973867118
none	0.14922545999999998
none	0.09398470453069585
none	0.13587112280391297
none	0.1329404303394444
none	0.13871070289297108
none	0.09804312
none	0.08554082999999998
none	0.11983350332993341
none	0.11067506056289704
none	0.2008872711272887
none	0.10184136032506266
none	0.12794129472789614
none	0.13679774720550303
none	0.19308738883831664
none	0.13944390300067966
none	0.13507950962894255
none	0.20983288731194435
none	0.13671868701332354
none	0.1507834910095463
none	0.125517092392935
none	0.13648364
none	0.13977889977703056
none	0.20452391061279798
none	0.15184426822708041
none	0.14519634524882347
none	0.11266003372865353
none	0.14482876
none	0.13817824867559986
none	0.11706552608647626
none	0.07190139974201251
none	0.13382870274967973
none	0.10855332999999999
none	0.05795776176948051
none	0.0804643772014089
none	0.12114652634428619
none	0.14150717700095874
none	0.08146272998107815
none	0.09889746581963817
none	0.06845781780688985
none	0.07387174417378467
none	0.1043550929869785
none	0.09174137320026043
none	0.09024605000000001
none	0.08920026876442534
none	0.057782965131754065
none	0.10838835999999999
none	0.11008341242348028
none	0.09890446176527733
none	0.12125419858795254
none	0.0914027219455611
none	0.07858424580182657
none	0.11888094187492479
none	0.1047712849386688
none	0.09401556984430158
none	0.15579043271059853
none	0.10393830692930144
none	0.06777489601663735
none	0.05508697611536728
none	0.04431938999999999
none	0.0913790093796792
none	0.058640638389031705
none	0.08537018900933037
none	0.066797219735168
none	0.09116992546677917
none	0.12338953820947592
none	0.08080477000000001
none	0.06521861221866244
none	0.07376715116856297
none	0.07095155727497866
none	0.06531855691786162
none	0.11207992
none	0.07268920133807234
none	0.09525557351214077
none	0.12850849867844133
none	0.08391591684148779
none	0.10350697792923343
none	0.07902116446730469
none	0.08415039767895552
none	0.10178531938483819
none	0.10909458175401227
none	0.15234699365818416
none	0.1248477
none	0.10238714354277487
none	0.12911343886561136
none	0.06621607306769138
none	0.10713216380912195
none	0.24861038389616105
none	0.10298985020299595
none	0.07727753321594365
none	0.11216966999999997
none	0.08036790160491974
none	0.1009087360692717
none	0.10492437707960892
none	0.07779231995205077
none	0.10731013471170985
none	0.16469631529932705
none	0.07602563948721025
none	0.10181281233344562
none	0.051168671336887406
none	0.07187517616267365
none	0.07517839643207136
none	0.08896094188376755
none	0.1917395038719371
none	0.18964491000000003
none	0.11349938999999999
none	0.16724728260869565
none	0.10018571413966894
none	0.05474012168068703
none	0.07697424763585677
none	0.05082650571465262
none	0.07985205118687806
none	0.06488382265526063
none	0.056795637388262724
none	0.0860181
none	0.09258884021283892
none	0.059917803151495766
none	0.07553088771971879
none	0.05833822618026844
none	0.0593460650115485
none	0.0815653199734945
none	0.049237449339486636
none	0.04965196870951869
none	0.08493029465095195
none	0.08234912263476077
none	0.06773044808655741
none	0.10500622266212252
none	0.09929519676274146
none	0.06636160843849764
none	0.065312637754172
none	0.07857407112178103
none	0.07299024995289834
none	0.10235041247937603
none	0.09970680329346712
none	0.08530536026898602
none	0.06874349322466759
none	0.0978124219585156
none	0.09607424375274003
none	0.05825741652654336
none	0.06881879624075185
none	0.10056917755572635
none	0.09245200577200575
none	0.0763807781035525
none	0.10283954555910031
none	0.12302057821609111
none	0.13186935096153848
none	0.11305378305792933
none	0.08922099721589472
none	0.09988983643355229
none	0.11611148337223658
none	0.10054891537063218
none	0.13208964677896717
none	0.14741688150801885
none	0.16543317417206937
none	0.12288500815154876
none	0.09499485621465528
none	0.08747643051192801
none	0.11191317637499755
none	0.08541237482612676
none	0.08577508262271002
none	0.126286668206328
none	0.0892850838924492
none	0.11138819955645839
none	0.09001885061283886
none	0.09333646261824113
none	0.11699758117638526
none	0.07921825498380648
none	0.15037998432874802
none	0.1929377649788017
none	0.09651038094379925
none	0.0921118055957077
none	0.14638515422492893
none	0.10583328238363086
none	0.12797356700732643
none	0.10695040220089112
none	0.10993112644064944
none	0.127756593689289
none	0.09735018052856713
none	0.1544102629633348
none	0.13119655
none	0.08596505866366165
none	0.11033994503162704
none	0.15060927368486057
none	0.12800669943913387
none	0.08334975844784935
none	0.10274233030678773
none	0.12876231332063748
none	0.11024567837232525
none	0.09212222806420688
none	0.11239395224705716
none	0.2549401
none	0.11044733550162622
none	0.10411780973909299
none	0.12843656626019545
none	0.10323323723195449
none	0.13383396024282826
none	0.13007278563286204
none	0.12547634521832948
none	0.11759650754598099
none	0.07889415886425748
none	0.10815697653978093
none	0.16529484852435344
none	0.15375252550535137
none	0.1335179411780781
none	0.11915864730821532
none	0.08088599553825992
none	0.07065135402807093
none	0.0850281212691068
none	0.09451250803304127
none	0.10570762866528775
none	0.09915442472478239
none	0.03447918298032926
none	0.08718517304704056
none	0.09818235635561293
none	0.08386507823540773
none	0.08575306582130642
none	0.07961126605167182
none	0.08229197160458081
none	0.06489947685824311
none	0.04005635951689233
none	0.05739060017976564
none	0.07755918176139913
none	0.09139692102397048
none	0.06661191604603926
none	0.06422659603341342
none	0.06538842281879194
none	0.05300005960146487
none	0.052793115865918436
none	0.06436718005317815
none	0.07228840719916475
none	0.05142954255201472
none	0.08879433566133939
none	0.07516909878700553
none	0.07782597174028259
none	0.05670670845743575
none	0.10971188636625719
none	0.08636212762932041
none	0.0752303702684561
none	0.12309680956222377
none	0.10981179505217491
none	0.1193771266739059
none	0.1350244096593907
none	0.13258566921647436
none	0.09266854171745434
none	0.10022351866968499
none	0.09265129348706512
none	0.11643240232515746
none	0.15023971280861576
none	0.0915036032809511
none	0.15086434397866264
none	0.19750418346158544
none	0.13988019167898244
none	0.09269852764012165
none	0.0788879706720048
none	0.10067561324386756
none	0.12184710171681741
none	0.10088147296372348
none	0.10693067999999999
none	0.09636556855803584
none	0.08661076503114719
none	0.11172386823570078
none	0.11389227112501239
none	0.09323011877769226
none	0.10084153253459195
none	0.09744901636882415
none	0.08777446617517858
none	0.13329714724846298
none	0.12292298409311517
none	0.11175368139223563
none	0.12215139716083168
none	0.11102350548427571
none	0.11464307996961803
none	0.10970563588728224
none	0.20238618584043502
none	0.15698726000000002
none	0.0769624032288756
none	0.08979312026929676
none	0.12511685914675946
none	0.13265422024398285
none	0.1091485158443642
none	0.123748347681755
none	0.1047525273930414
none	0.08132470675293246
none	0.09784990945744498
none	0.14172382305380193
none	0.07853545999999999
none	0.08837686406257834
none	0.1552567991589828
none	0.19673269009648553
none	0.15243352166920604
none	0.20978074061881313
none	0.17196334413690764
none	0.18244225741453096
none	0.22479947757683721
none	0.17218978706866575
none	0.2308854636964047
none	0.1348927078222658
none	0.11739099036254114
none	0.12454687265636717
none	0.09185773698976567
none	0.15445222550666693
none	0.19617362063402435
none	0.14848332313341495
none	0.10211470776223279
none	0.1540934040497565
none	0.2621080648420752
none	0.14282285885705717
none	0.16030156797860207
none	0.10168587342402861
none	0.07143300999999999
none	0.06402834396815554
none	0.08629721508640821
none	0.11684000127854076
none	0.12298739987399875
none	0.11557982478691636
none	0.16381391924513936
none	0.0774430488398043
none	0.13562120987706566
none	0.12408205342012535
none	0.10693557070158152
none	0.12362920999999999
none	0.15269458226233887
none	0.10716844991240487
none	0.06396504
none	0.08092581296748132
none	0.07443487565124349
none	0.05920722585548289
none	0.08042416115441962
none	0.09914387989861573
none	0.08055144
none	0.09168066000000002
none	0.08500737985240295
none	0.09677120902387386
none	0.14577003005462585
none	0.09537393505810068
none	0.11400123007430858
none	0.12766283
none	0.09795713
none	0.09946277528644494
none	0.08184283414492695
none	0.08876973435307525
none	0.0886628525642873
none	0.0806273302588353
none	0.05423663234237624
none	0.04941511837881219
none	0.052873271944415705
none	0.07983056769438347
none	0.12435451645483546
none	0.060149782359183133
none	0.03245313612815735
none	0.16238891562399743
none	0.1173715644606355
none	0.09648746999999999
none	0.07304336503442632
none	0.09315873325167946
none	0.102627809932692
none	0.096791816397403
none	0.07234916225192199
none	0.06961069290623648
none	0.17999932590466655
none	0.11330399962990186
none	0.10457515179345883
none	0.10462919707215369
none	0.13343661703705187
none	0.11827140576843921
none	0.09658769391004775
none	0.07216359509214725
none	0.05258211808231849
none	0.0860633082300699
none	0.06771667267948255
none	0.07154181558255897
none	0.13334318656813432
none	0.14770777857656361
none	0.07217862188673152
none	0.1332451660203694
none	0.17132279662272254
none	0.15467641000000004
none	0.13190109141884448
none	0.09500809178019164
none	0.17495117999999998
none	0.09072188019925646
none	0.14490849498490307
none	0.1521484009657573
none	0.16708963498493598
none	0.18742953852307387
none	0.11884373574462477
none	0.10967449513388079
none	0.12544107999999998
none	0.11550583976640931
none	0.16428069719302807
none	0.13836499366084173
none	0.10908103232091793
none	0.12937119069114253
none	0.12015295581443744
none	0.1545429948414411
none	0.10914591434597608
none	0.09175092750927509
none	0.08974716505669887
none	0.10592643698637569
none	0.11038012139963306
none	0.12692245351243084
none	0.15952462007927898
none	0.20279305355936073
none	0.33400869832906177
none	0.1478671302403187
none	0.13741470155105476
none	0.4798149922697704
none	0.1691832517149482
none	0.10221755404708192
none	0.10356333448104366
none	0.09949257001253116
none	0.09538919241244824
none	0.12514720852791472
none	0.08518088971142643
none	0.11367749491621405
none	0.06713385930309007
none	0.17191064072311324
none	0.14121578784212158
none	0.15367316823387023
none	0.0997599308076225
none	0.14976007959681614
none	0.11999695955302418
none	0.10782685801677659
none	0.1578406376134571
none	0.13848693445586402
none	0.1228012485838093
none	0.13064127265005665
none	0.13038021239282932
none	0.12187063194555957
none	0.16387727511607608
none	0.1520362186533517
none	0.14885794253213802
none	0.11983786969430534
none	0.11988577741582336
none	0.13424328000000002
none	0.09739844
none	0.15974591999999999
none	0.16076225608071465
none	0.09472637169203688
none	0.11454186352542887
none	0.1384491619486717
none	0.12125910123184915
none	0.09355024000000003
none	0.07414552568644514
none	0.0953310850888774
none	0.10132221465971394
none	0.102579179882193
none	0.11811115803303304
none	0.13080853529282707
none	0.14976643141100857
none	0.16621382396245515
none	0.20227346015649225
none	0.09211828398985392
none	0.0674184549356223
none	0.08046864422627396
none	0.06721059894010599
none	0.07624864254072378
none	0.08356329051301922
none	0.07755496445035548
none	0.07007254312243476
none	0.10714511121812276
none	0.056433647169944035
none	0.048080658386832266
none	0.11050614542400049
none	0.08853705000000002
none	0.06917477908420361
none	0.10891165320283935
none	0.09348663229828555
none	0.11634901037496083
none	0.08367253492530978
none	0.03782143999999999
none	0.04562968259365187
none	0.03375777361627127
none	0.05673411455363791
none	0.04137355941715271
none	0.10474154910566992
none	0.04661991800478305
none	0.03948932115198451
none	0.09096757856889691
none	0.06945032730217526
none	0.07576609193103172
none	0.0642843846504546
none	0.07105394380259591
none	0.07723786081732366
none	0.0760067452834928
none	0.0946334978960798
none	0.1230354201575814
none	0.11204592542134141
none	0.09358973065729824
none	0.09868780312196879
none	0.11455929338325652
none	0.15749276305904744
none	0.10317243322223599
none	0.12446945809406537
none	0.07655741552846627
none	0.17713962384289966
none	0.10934057549468429
none	0.12079641881809737
none	0.07783000351031809
none	0.04862903382943728
none	0.053867000500751126
none	0.054912590874091255
none	0.12516932168550876
none	0.12940038227354234
none	0.12236733061355091
none	0.09510705045606274
none	0.08714219199761465
none	0.05108801538421981
none	0.032139220931034905
none	0.04217718645627087
none	0.07165878583136139
none	0.09047269018902467
none	0.09862174121272699
none	0.11827335791704019
none	0.12671388343531909
none	0.109005976005976
none	0.08375993819356652
none	0.09626958371170483
none	0.143594197041383
none	0.12193219135060848
none	0.12530768658935473
none	0.12309227710784844
none	0.08955734027522001
none	0.0903922998897464
none	0.11432168546418536
none	0.14384478332295741
none	0.15344766052144293
none	0.13647385646523533
none	0.09261787181727005
none	0.10261173505615503
none	0.11278185489662632
none	0.10716172138146596
none	0.06342584907200784
none	0.11817674939503629
none	0.09156353404225935
none	0.11354666906661867
none	0.12970817606647303
none	0.08602223917798463
none	0.09583644091583465
none	0.09297576273198527
none	0.08454527169866226
none	0.11931942676755024
none	0.1095880776624695
none	0.1206403630312713
none	0.15758815574534504
none	0.0761381643085846
none	0.12310298886931453
none	0.05857086390782931
none	0.09083552088548502
none	0.11958431470927922
none	0.07843047319337401
none	0.09303366790544657
none	0.1327379158484183
none	0.09223208000000001
none	0.05113542677133857
none	0.05273621992095651
none	0.0791550524218179
none	0.06805971782779138
none	0.06994707571790341
none	0.09965431053596986
none	0.08345760615233579
none	0.09598213099816215
none	0.053749283301255744
none	0.11589679
none	0.09215102801685343
none	0.1010665577786852
none	0.13051392124126487
none	0.10929761677946304
none	0.11279139301918152
none	0.0909173627379065
none	0.13587023692103303
none	0.09579235791585199
none	0.07763266999999999
none	0.11373281205651031
none	0.0746848206599713
none	0.06789359290787286
none	0.073492864495775
none	0.07604503892379134
none	0.06964648060558182
none	0.11130034798608057
none	0.1232786631363341
none	0.06556970829544206
none	0.06392864784873664
none	0.08888859000000002
none	0.07321264574708504
none	0.05948516089034658
none	0.06545868794681299
none	0.05796780898255902
none	0.044652303047047676
none	0.09441277021617293
none	0.05612395008399328
none	0.04543707871930669
none	0.03778261
none	0.0875985080298394
none	0.06532391128703939
none	0.0998828815129187
none	0.09530875821637945
none	0.07275573442655733
none	0.056088110000000004
none	0.09102839207048458
none	0.08045469571605321
none	0.12723816865400753
none	0.1201309929789368
none	0.09798696238754678
none	0.09668465726944754
none	0.10780074579870845
none	0.10374458761542073
none	0.0920960065920373
none	0.12449969
none	0.10798798666478222
none	0.13580296486373683
none	0.14825350985320251
none	0.12333086514203485
none	0.10341343866608908
none	0.1418989906285549
none	0.09447680373322022
none	0.09352483524835248
none	0.15277366678999632
none	0.08339374478732278
none	0.13552824388573434
none	0.07786099999999999
none	0.0666497829827972
none	0.143923923483272
none	0.09014393
none	0.08427477441427743
none	0.08432992845098279
none	0.06310529854228791
none	0.09835460779511582
none	0.11672761947045528
none	0.10913285596401097
none	0.08410538321689517
none	0.15719006619867604
none	0.09527812548973515
none	0.10450065091127582
none	0.09642201240824308
none	0.07016515
none	0.13145477297569272
none	0.10875117746467605
none	0.09293315073700945
none	0.11497209627826291
none	0.11828935631741856
none	0.12711101929944535
none	0.070930022378308
none	0.052470278059185894
none	0.07753822752203941
none	0.07191862348987918
none	0.06859371867452904
none	0.10953160113065957
none	0.10478920988190077
none	0.12048484145114854
none	0.07392962451249584
none	0.05785863235205827
none	0.083774821707154
none	0.0945817541302235
none	0.08416661667066636
none	0.08211572090969307
none	0.14188745040977999
none	0.10440417578257653
none	0.09858578105140958
none	0.05189362023924102
none	0.09178992680585552
none	0.04515586999999999
none	0.0803041641033916
none	0.12502411519125411
none	0.10730838015829859
none	0.08732891198960467
none	0.13492320639596045
none	0.12294809844295329
none	0.08318049331839641
none	0.11980480425503212
none	0.07745334205907725
none	0.09036329219060864
none	0.11048661424919203
none	0.1274308852918177
none	0.10342377564102564
none	0.11889293559485242
none	0.09496200188720332
none	0.125092815106415
none	0.10240602157848948
none	0.08258753999999997
none	0.09637626098694448
none	0.09684627519790086
none	0.14242911445867945
none	0.1145375570553057
none	0.108791823199992
none	0.10696047016754781
none	0.11695987261146497
none	0.12438708121464932
none	0.11660928890580856
none	0.10600458565163497
none	0.08105361674067642
none	0.07427245077637265
none	0.09483507214652222
none	0.07951936000000001
none	0.12121372622392479
none	0.09482147116449444
none	0.07435608787638749
none	0.11034881961355299
none	0.08278752938472957
none	0.09378742386945417
none	0.13738685851851143
none	0.09091991416082995
none	0.13309877152848462
none	0.12106083604194938
none	0.13795395827593976
none	0.1544480449707775
none	0.16589221447170463
none	0.112321608015252
none	0.16495740065792158
none	0.1681072502247967
none	0.17614073630649502
none	0.18287254010253018
none	0.1286331776126747
none	0.10504009118829749
none	0.13928210461058502
none	0.09685367
none	0.10352550434116445
none	0.17016920000000002
none	0.16240563808913627
none	0.12586573671316437
none	0.11255642630173301
none	0.12110482926694736
none	0.16417141223212137
none	0.1369825
none	0.0929884147713605
none	0.09782333353332934
none	0.11352200982848917
none	0.09627271998557144
none	0.12852929620943332
none	0.08620387
none	0.08577711896963079
none	0.11719699075231194
none	0.0918672099185122
none	0.08593665965653685
none	0.06949871002579949
none	0.09893289240801119
none	0.15057377
none	0.17452173130567805
none	0.12279182416351672
none	0.07411306199684842
none	0.09359046913013061
none	0.07961022556113068
none	0.09163659438632014
none	0.14034418180713373
none	0.09712604368183474
none	0.13117090735155387
none	0.143431372847783
none	0.20080012203421652
none	0.14775532755327553
none	0.1066744888013164
none	0.0906397945913159
none	0.10284332793084817
none	0.08058101609676414
none	0.2264909754512274
none	0.20009306006330893
none	0.10153039999999999
none	0.12925932222033337
none	0.16364665969723166
none	0.1245950287571893
none	0.17069653999999998
none	0.11194414862118467
none	0.11746494208897905
none	0.06505825456144207
none	0.11340704185916282
none	0.1023497130057399
none	0.10521899178883817
none	0.08195074378605867
none	0.12663919888700945
none	0.08496017628365281
none	0.09912192512299506
none	0.09800840570857253
none	0.11268296741111608
none	0.10658614201391177
none	0.11383894676295776
none	0.09801770929162834
none	0.07282761596981072
none	0.1179466825452944
none	0.12891234253085845
none	0.10181194376112478
none	0.10778526190236198
none	0.15647592481392
none	0.12150113700705463
none	0.06913440731185376
none	0.12877584399680356
none	0.09522561090323796
none	0.13295838285380418
none	0.09473615191742679
none	0.13501185690650686
none	0.14101638137629519
none	0.06469624303756963
none	0.24811702000000002
none	0.11780607354828361
none	0.07444480497980265
none	0.07759319711562501
none	0.15470243429211505
none	0.06461699298042117
none	0.08272535957910739
none	0.07675224730000646
none	0.08301704761333413
none	0.14386574975615887
none	0.07295516330921181
none	0.10295618613394122
none	0.16587497498098555
none	0.20120005609704794
none	0.1304004262469773
none	0.1438715225332025
none	0.1426618
none	0.10328092719072811
none	0.16600151964342652
none	0.21892964615374552
none	0.1442438109527382
none	0.15137952346829095
none	0.0826747079786843
none	0.08686475754908339
none	0.11674049148105539
none	0.08076416077241165
none	0.10779952193149621
none	0.11402058
none	0.07407745464727883
none	0.12820290023671274
none	0.10723647876881148
none	0.1425489176019491
none	0.12675720242797572
none	0.09695780464148941
none	0.09808472915270847
none	0.16924000102068376
none	0.1008075150515202
none	0.10462082482645982
none	0.10756090756369747
none	0.13446490993705845
none	0.06997760409891023
none	0.06469323494735131
none	0.08957594157955286
none	0.06724824170284412
none	0.12904948092104127
none	0.10265138056110741
none	0.08520211803774401
none	0.09463375050768541
none	0.11797146252084396
none	0.10822412711687224
none	0.11237410126375606
none	0.12102162289668186
none	0.07151928061890886
none	0.11393907064722425
none	0.07878283952898164
none	0.09422050894076461
none	0.1286466269327114
none	0.08244432910686915
none	0.09684770761461926
none	0.07667753657195725
none	0.08087709843523472
none	0.06537800401845345
none	0.045900583679087
none	0.055664269999999995
none	0.06617260091367316
none	0.04787959
none	0.03226292369260147
none	0.05733807669751076
none	0.09469734697252474
none	0.15107320343851008
none	0.07021201227919749
none	0.05110235153740837
none	0.05420163441291487
none	0.0726423711425957
none	0.11540638632001396
none	0.1077592444453333
none	0.10672689726381003
none	0.08922430439524157
none	0.08947916145744778
none	0.13583083881083036
none	0.12832579481806822
none	0.12833756269065716
none	0.16297772155949083
none	0.07552057479425206
none	0.0784759798673164
none	0.06520540535135783
none	0.05251349
none	0.09584853650612887
none	0.11613741881378915
none	0.12493185592872877
none	0.12552046085814275
none	0.14766237305929616
none	0.06411692
none	0.07876598843048248
none	0.06355785552712814
none	0.07100784021858815
none	0.07789044
none	0.13529994700053002
none	0.11388288708271684
none	0.11392128850634224
none	0.12005362679131909
none	0.08773626786143497
none	0.10963274203547786
none	0.11451834318326962
none	0.09500753992460073
none	0.11361819269513311
none	0.07136487733701337
none	0.08681572277517437
none	0.06450049278512043
none	0.08250912154880174
none	0.10283846112933252
none	0.15030278519280868
none	0.0761279211684674
none	0.10213610542374245
none	0.08060350959820703
none	0.08578598212580298
none	0.05227950912148497
none	0.09761107581043922
none	0.0871741082684663
none	0.10521086000000002
none	0.11116498696481375
none	0.095143124275029
none	0.10642735257214556
none	0.08389093719871006
none	0.06752193220877623
none	0.12545887835345132
none	0.08949675067210801
none	0.1307936
none	0.12655683670510112
none	0.09879486850524387
none	0.09727697502928945
none	0.10091230460446554
none	0.08963169065238115
none	0.1096002637797439
none	0.10778555000000001
none	0.10685945676072701
none	0.14574909229503927
none	0.08434633371698307
none	0.12587075
none	0.08034787381281916
none	0.07575196907783677
none	0.08609530417571952
none	0.15108299764779315
none	0.10506983147493605
none	0.0976876293870093
none	0.1119517817351085
none	0.0839652786526218
none	0.08749282315881494
none	0.10745414637560873
none	0.0980774367570696
none	0.0653070615763054
none	0.09227035105315945
none	0.08981493340708906
none	0.14618798812011882
none	0.07495981459672899
none	0.11864849011183229
none	0.11755701148686985
none	0.14860120797858334
none	0.0985395175665574
none	0.13688502902443686
none	0.12055834995466906
none	0.12600247965274008
none	0.09165247857088675
none	0.10674944988997799
none	0.12396345734355298
none	0.11212263267261705
none	0.06498206129807693
none	0.06586877807726865
none	0.11462086412222901
none	0.07791949999999999
none	0.10238710000000001
none	0.11064375460808991
none	0.1593071107866764
none	0.1258992284707666
none	0.10039629375055828
none	0.14468744902014094
none	0.1354991617520072
none	0.11559257887572068
none	0.1314390250762978
none	0.09516181
none	0.0932730684088332
none	0.14321724773228361
none	0.12270235309203986
none	0.09201135816342913
none	0.14826242737572626
none	0.07603870967741935
none	0.05111849158825207
none	0.08726141999999998
none	0.11594352514688962
none	0.06637018897236271
none	0.09960142688471878
none	0.058557127402845965
none	0.07402781999999998
none	0.11451827333380485
none	0.06270048560700876
none	0.04271377551644427
none	0.05995709139116174
none	0.07353892971778367
none	0.04797535
none	0.05886091066086903
none	0.07566817663646727
none	0.15242023999999998
none	0.10337610495580174
none	0.12176308497245966
none	0.11735755204168977
none	0.09987233587737909
none	0.06422258109675613
none	0.08537456451736984
none	0.06479833629909672
none	0.08232576329287167
none	0.12929870429910859
none	0.11508976461412315
none	0.11035987484999144
none	0.1844423998022311
none	0.12452149777854593
none	0.14140258176746065
none	0.08672906383721049
none	0.10562713819914724
none	0.06773029897457056
none	0.09042806533442542
none	0.09373133007324141
none	0.0807931
none	0.09327691
none	0.1184673483709273
none	0.09691703023163578
none	0.11367924121384218
none	0.09493824930833077
none	0.06485879423617293
none	0.11882114425113692
none	0.1030586788264235
none	0.10235566865164203
none	0.10098304050878473
none	0.08868336244778696
none	0.11692451949190495
none	0.12164711009475253
none	0.13035770070016384
none	0.1269772990239036
none	0.0818520192288592
none	0.12410482622136997
none	0.11174219442806983
none	0.09460604023056353
none	0.05054390280485976
none	0.08189147217055659
none	0.10586577356130111
none	0.16220539
none	0.14679079627611166
none	0.1465898433592734
none	0.13724435511289776
none	0.10488495751083522
none	0.10604634584360635
none	0.13286156160262547
none	0.15649365531723414
none	0.1769982664131529
none	0.09731429287508378
none	0.08801481094267294
none	0.06887916543265352
none	0.12850180761278074
none	0.09345616376873261
none	0.13069812726111935
none	0.1161521741026539
none	0.06387662792326006
none	0.11965978811073599
none	0.11811565040596526
none	0.07623932187526587
none	0.10049041335914238
none	0.16004909821404972
none	0.14004656610137728
none	0.10646513267958714
none	0.08610409613275474
none	0.1057553492778601
none	0.13288768999999997
none	0.10336514000000001
none	0.21368944310556898
none	0.18766013999999995
none	0.20325463252931317
none	0.16834863583822934
none	0.131480126341121
none	0.14003554369634072
none	0.0938397464101436
none	0.10996025747508305
none	0.12245377092458153
none	0.10942890250240699
none	0.08541841727434164
none	0.08949751
none	0.10656959088782021
none	0.08107034767697228
none	0.16176051113355264
none	0.18653904231706875
none	0.13324212578742126
none	0.12763138257860687
none	0.11803914533964481
none	0.09166434222444036
none	0.11379896690374401
none	0.11389455
none	0.07845000763864134
none	0.06592219077809222
none	0.058059998800024
none	0.11612551874481257
none	0.10356408010012517
none	0.1477286101136163
none	0.11680340118056004
none	0.1189607990441882
none	0.15827834443311137
none	0.09640211544637123
none	0.10098547230031917
none	0.08314899345285444
none	0.10681910427363227
none	0.10333151178286204
none	0.08621542593471392
none	0.10682357790062477
none	0.0966164951548297
none	0.10828508270773043
none	0.09843256296326423
none	0.16871333702268954
none	0.0991195687253836
none	0.14692041999999997
none	0.12257023159066607
none	0.11628535839466936
none	0.13196867928808967
none	0.11638508925446274
none	0.14639335625836394
none	0.12554749095212833
none	0.10936752632473676
none	0.15286425542978282
none	0.1695019312386525
none	0.1412396958342517
none	0.21773437890464908
none	0.12599161776397985
none	0.21072494938384906
none	0.17175525334794556
none	0.1114543555884929
none	0.09549979424926701
none	0.09149836845502862
none	0.11143494379689771
none	0.09625920220853006
none	0.08787214767113974
none	0.08156044000000001
none	0.10301310690223979
none	0.12524985134679803
none	0.07010854796930746
none	0.06910761923807619
none	0.13104974
none	0.10873831523369532
none	0.12099567034637229
none	0.09671870586724866
none	0.13399643883275023
none	0.061165050007302046
none	0.08591341684718827
none	0.0979273707424651
none	0.10284952999999998
none	0.14390493308035482
none	0.21935679707238454
none	0.23851012785402925
none	0.2361860416067491
none	0.11604568301128114
none	0.10919825603487929
none	0.08135473363774734
none	0.14959855018433368
none	0.13708047999999998
none	0.17218636796421768
none	0.13089991209972354
none	0.11281806419257773
none	0.11905788509108389
none	0.07851491831252429
none	0.10217895480458031
none	0.056810556571727205
none	0.10288218875446031
none	0.09077186928958625
none	0.1259038595058199
none	0.12740672433423406
none	0.10837487100646546
none	0.11646962421924274
none	0.08053736811989921
none	0.07339425742932636
none	0.08400409930311847
none	0.11764087420554023
none	0.09497827759424358
none	0.080197393258427
none	0.08870960401492085
none	0.03928788136355909
none	0.05147397808165562
none	0.04571026800406371
none	0.09719578707986433
none	0.09544287128415874
none	0.08396862558804864
none	0.12333786271763056
none	0.06270420563084463
none	0.08096902707828857
none	0.08648161
none	0.05661429157125286
none	0.12704752151453258
none	0.09603556211387572
none	0.15677015459690805
none	0.09885116591209585
none	0.1204709685345291
none	0.09629492926826767
none	0.09629766404671908
none	0.10599297669165217
none	0.08129650174651999
none	0.08722226599376277
none	0.12249506945800738
none	0.12461749943371216
none	0.07406964279509363
none	0.12034512554568841
none	0.10997993
none	0.10649400405077507
none	0.10589298746478605
none	0.08222288222882229
none	0.08729776239213324
none	0.09037494669726076
none	0.12917938690171774
none	0.08170714
none	0.08334364312713745
none	0.06038889
none	0.11257180583872585
none	0.09823241708881952
none	0.11452279543817745
none	0.1648545629434691
none	0.18525063674041287
none	0.11314154242746126
none	0.15979277271244618
none	0.12617745997806257
none	0.12756224373674005
none	0.1619137773159723
none	0.05928852729489969
none	0.08933674011790857
none	0.09677036342530583
none	0.1624345765808041
none	0.1301138291911794
none	0.1101655497382199
none	0.04918812483451054
none	0.07675083337580917
none	0.08545182644279953
none	0.07058823411765881
none	0.0689811122266807
none	0.09418269858763981
none	0.10975446901943985
none	0.0731259008227344
none	0.09499256120214955
none	0.0837980860538983
none	0.08962554943825253
none	0.08942308590429755
none	0.13245295568919357
none	0.10988774930070726
none	0.07935514247278953
none	0.16191663083369165
none	0.09058558315334775
none	0.11644684602673576
none	0.09939778734074277
none	0.07593826632540385
none	0.07982158402961925
none	0.06372125473877947
none	0.10326161476779008
none	0.08345974727402426
none	0.12713909088678213
none	0.17683984527139468
none	0.11483579424627854
none	0.14066782815497375
none	0.15718019509481884
none	0.19077779782669718
none	0.1366965376169419
none	0.14317779755417123
none	0.13068839596610451
none	0.12490677093229068
none	0.11896842243186581
none	0.22306671399574035
none	0.11073818677832763
none	0.14748579813632667
none	0.08257310310310309
none	0.11692942366915972
none	0.12408463084961925
none	0.11840662378365253
none	0.09726804682636896
none	0.10902615349797733
none	0.1947536698532059
none	0.06467349340452812
none	0.09960527541424091
none	0.11420930697823302
none	0.11010170796584068
none	0.1134564463847408
none	0.10030688999999998
none	0.09033038637851998
none	0.10082145147624018
none	0.1268693841963326
none	0.10699092418019707
none	0.11449522002385047
none	0.09641073887259428
none	0.09251734591447498
none	0.1328481714577309
none	0.07260315443188457
none	0.07501662950575995
none	0.10430420655810412
none	0.1295100313401463
none	0.10011803933132214
none	0.09396501657398024
none	0.09545077967898323
none	0.10749763046553278
none	0.10656970588494365
none	0.12350553034214742
none	0.10154960291563335
none	0.1347565353370444
none	0.11612223378286446
none	0.09435773154630925
none	0.07617637976820306
none	0.09922167391974206
none	0.1070374272537037
none	0.0821771146865594
none	0.09529332879986398
none	0.07640268832259871
none	0.09511583854813921
none	0.07903913686905048
none	0.14885173722687056
none	0.12585367376462525
none	0.09982792404388789
none	0.08219133915613654
none	0.09601616011762446
none	0.0855253852238998
none	0.10427941868761152
none	0.11019856220045841
none	0.06548222142228621
none	0.07151184867308866
none	0.06709355906440936
none	0.08910583560853252
none	0.08856214245740579
none	0.07956573541495478
none	0.08384917
none	0.06478037803780379
none	0.07118921527784836
none	0.07126369736302639
none	0.058398722955036945
none	0.052880759188592086
none	0.061542824571754286
none	0.09379486521494731
none	0.09679350395639755
none	0.059696784578775815
none	0.07111571884281159
none	0.05505621112422248
none	0.07736934014861821
none	0.08164554465358431
none	0.0482308303823083
none	0.059402926053850384
none	0.04921494493580864
none	0.05142104942091
none	0.03426592390161867
none	0.04873733797347052
none	0.05237276496785943
none	0.05623592083312269
none	0.06552958837513691
none	0.10424841105380181
none	0.0534571
none	0.07903163526642679
none	0.06169379662055319
none	0.064098885540501
none	0.11147051294870514
none	0.10187646616164152
none	0.08721505528306593
none	0.10012806373379218
none	0.06975248911332366
none	0.16226453999999998
none	0.15728427
none	0.12992004165123103
none	0.04719286505031566
none	0.09898754102285309
none	0.07775757482943713
none	0.0792073074031034
none	0.0632863720022464
none	0.08791603756100576
none	0.07455080454709202
none	0.09530408340573414
none	0.12143927040626164
none	0.13759852694406202
none	0.11788906778135559
none	0.12787247648399308
none	0.14936442999999996
none	0.13926805819674604
none	0.1167129235019093
none	0.10439482878771969
none	0.11991294490590267
none	0.1201488414929714
none	0.12409644724311508
none	0.11337379020839235
none	0.14095152028218694
none	0.13263126533722375
none	0.13409565696538597
none	0.25900178841925237
none	0.1759987372039591
none	0.12732673875322884
none	0.10850907939489676
none	0.16973856926297556
none	0.07417911
none	0.10192910070899291
none	0.12455599021023914
none	0.12577914043973415
none	0.1568671713282867
none	0.14871985883155037
none	0.13541373144520719
none	0.09348771512284877
none	0.05870880999999999
none	0.06492789923013313
none	0.09493724334823814
none	0.14415887728981686
none	0.09094313682358118
none	0.08534556691133822
none	0.09812035879641205
none	0.1321539834903058
none	0.09801451682270816
none	0.09211733765324694
none	0.13183514458600668
none	0.1321134249757211
none	0.10536811263774726
none	0.11464157831566313
none	0.08817923372583028
none	0.054195708025729344
none	0.057664484019351425
none	0.047691830566440135
none	0.03765036423288662
none	0.05928984702689367
none	0.05781175884443988
none	0.03591269490744296
none	0.13433896
none	0.13428139
none	0.12529575798546558
none	0.12517936
none	0.10036810999999998
none	0.1084377237365758
none	0.11540215804316087
none	0.11594266645972376
none	0.1085730915287133
none	0.10020014095142209
none	0.08735278647213528
none	0.06736480377645318
none	0.08519405760785102
none	0.11400407543914089
none	0.10569037476960882
none	0.13325557404546753
none	0.07854137242314005
none	0.09992156
none	0.16989087218255636
none	0.13708638999999997
none	0.13194248531600414
none	0.1475023374843832
none	0.10147573180902783
none	0.07520075
none	0.19720206999999998
none	0.15924708478100988
none	0.15724172175465698
none	0.10035860000000002
none	0.07558391798770232
none	0.1010837392600298
none	0.07291900566960313
none	0.10679993873800286
none	0.14917670468298377
none	0.14902802943859383
none	0.13417822270057186
none	0.07617376088630251
none	0.11812318
none	0.10705431342521694
none	0.14012392752144956
none	0.09846450141994319
none	0.08473459877571178
none	0.10661971406943536
none	0.1389502258566978
none	0.13488876
none	0.08831300939028171
none	0.10277669776697766
none	0.12673597349705185
none	0.1047072088873077
none	0.1422810984236055
none	0.09920584410387738
none	0.09652862612254981
none	0.10397856586277344
none	0.1415513247511414
none	0.09286814461710878
none	0.14144840448404483
none	0.14152965762677774
none	0.13804422814207654
none	0.1150382630610449
none	0.1348508256811397
none	0.11116844850065188
none	0.10499555187030679
none	0.11100847678767703
none	0.06534975241607759
none	0.07146757579447217
none	0.12955799811780605
none	0.07463925411188321
none	0.09255621746126905
none	0.10952820548712207
none	0.10580433475655288
none	0.08338445485122525
none	0.060862428254304754
none	0.06966368666427583
none	0.1171533212421215
none	0.09127187906664593
none	0.07881990080595164
none	0.07361063533467219
none	0.11361802401856898
none	0.12148004938429281
none	0.06760252794944101
none	0.08161520066871938
none	0.10594774561985343
none	0.083682325923049
none	0.07235101705609581
none	0.08150817690761095
none	0.09913506599918061
none	0.15497008203677512
none	0.11840654587696595
none	0.12735441164706826
none	0.034894732734522434
none	0.0930648635870007
none	0.07166156054226495
none	0.06004501774911254
none	0.09099096620308202
none	0.09299062349252293
none	0.043340624206906
none	0.06832739451549291
none	0.08213429465631789
none	0.08227559476279846
none	0.07061614047546141
none	0.06491040302929965
none	0.07109579566966058
none	0.09029211999999999
none	0.08830586223448939
none	0.056697343215621775
none	0.04087563248735026
none	0.0607923593562974
none	0.13386122635368186
none	0.15104742724435735
none	0.08484094328853838
none	0.08079852748185887
none	0.08017111944344053
none	0.11336965329692712
none	0.0502457289410226
none	0.0824857396608352
none	0.09748959895989599
none	0.0909451254290203
none	0.12451241613230671
none	0.056208970469881755
none	0.10145996741884883
none	0.08310106471508528
none	0.08038542
none	0.08277127228727714
none	0.11276617346938776
none	0.06323049617022977
none	0.07983922460743584
none	0.09073798604400356
none	0.0786512476865148
none	0.0904960284865826
none	0.2126167081054202
none	0.16110384881586473
none	0.13768014691084726
none	0.09606537767982369
none	0.058004869817987414
none	0.11349580830135793
none	0.1082069959532125
none	0.05827939412117577
none	0.10330206999999998
none	0.08388148617738524
none	0.09347472
none	0.12040894182116356
none	0.07814262147329115
none	0.14410763075852656
none	0.10710831148558049
none	0.09279092666149233
none	0.1333928382095524
none	0.12195125783016793
none	0.13512214852508758
none	0.09999886990959278
none	0.14022292
none	0.11836721602684298
none	0.11561770016249724
none	0.12096752442963962
none	0.08817444722602721
none	0.10250241497585025
none	0.12835033846953775
none	0.07947187393764873
none	0.1334295680896852
none	0.10984037317660389
none	0.10309593126554649
none	0.1172240020412792
none	0.06784198
none	0.10211388472188461
none	0.06628731628079927
none	0.11194300648373559
none	0.10427172945413347
none	0.08053460465395347
none	0.08105350858724093
none	0.1079078490784908
none	0.06045980324174396
none	0.07971734902292218
none	0.06745753931188553
none	0.11136453601557429
none	0.11702234900085012
none	0.13179111709887753
none	0.11944645846384522
none	0.11105638999999999
none	0.12306654999999998
none	0.14150781315517288
none	0.09935906426253958
none	0.09737599101606742
none	0.16129194905051925
none	0.12035050017388459
none	0.12184556154438454
none	0.13256632
none	0.09788725077225499
none	0.09333323638628406
none	0.10759476982037053
none	0.10124671658535314
none	0.09957150594796285
none	0.07949935991038745
none	0.09646795094401696
none	0.06746224000057607
none	0.06417564189729644
none	0.0405525578976841
none	0.041547990773720796
none	0.05669421008422102
none	0.08612462854550468
none	0.07760608000000001
none	0.058146315514589965
none	0.031648140000000005
none	0.05622932258153601
none	0.0515520110402208
none	0.05044815565700617
none	0.06004718284165538
none	0.1227709585193359
none	0.13120964335992497
none	0.1292003163836664
none	0.09832109678903211
none	0.12095438304232412
none	0.08572398886580519
none	0.07765828999999999
none	0.09159178750073807
none	0.10194322911965016
none	0.1201907009923473
none	0.127715503693401
none	0.1098298257138226
none	0.10816584577350952
none	0.13755989317894568
none	0.12781772154038612
none	0.14808179109318306
none	0.10529140536571935
none	0.12293410430067726
none	0.06931597901018624
none	0.07880826241399295
none	0.127512478920742
none	0.13007205
none	0.22610377896221037
none	0.14718634650823775
none	0.06902437573695908
none	0.1274237231283946
none	0.15116733744234456
none	0.223396560859785
none	0.17884481874980632
none	0.10249099550778117
none	0.12145392673852327
none	0.15453661861705326
none	0.09481053189468104
none	0.12043033767481905
none	0.1099279282963967
none	0.11228149163865805
none	0.09029310534473277
none	0.09826949393988929
none	0.1240854502956542
none	0.19810484748456503
none	0.10843209
none	0.09371357669556761
none	0.08192940614399695
none	0.08073986583251677
none	0.12670751390207516
none	0.09711693689962819
none	0.09650143133298823
none	0.11816123860793841
none	0.07526142
none	0.11841748850772565
none	0.11329781543916584
none	0.11445688178183896
none	0.13389741321479387
none	0.14617837239634798
none	0.09064566015464794
none	0.07432814644974735
none	0.0662856235594269
none	0.11468255307184026
none	0.05809150656505002
none	0.04082806579013148
none	0.07560562234560778
none	0.07046722508844962
none	0.08326720396776192
none	0.13056036042244543
none	0.12025397238082859
none	0.13924833547184506
none	0.1700819034798682
none	0.04501994880307182
none	0.07129422691960052
none	0.08643474565254347
none	0.14885201938033008
none	0.12677650389242748
none	0.07839341455971778
none	0.1308221013431129
none	0.09506450028408572
none	0.11133581381026918
none	0.10692152411836238
none	0.09934128960327046
none	0.09922656950326111
none	0.1326735709778548
none	0.11274561658633869
none	0.10125640999999998
none	0.19244221189414773
none	0.0805180519026687
none	0.09482033156021277
none	0.09057285298472136
none	0.07148866450560734
none	0.10021656742386173
none	0.11926747516175794
none	0.10513767294171013
none	0.07332674673253269
none	0.12333750324993499
none	0.11515230265230265
none	0.09383857741813433
none	0.06839889694093504
none	0.08008028289614517
none	0.1067750812459377
none	0.0798016926210894
none	0.10617399073559021
none	0.08010551105511055
none	0.1017952680425455
none	0.13395034380410586
none	0.11370768999999999
none	0.07753385073969114
none	0.10302093009288915
none	0.12609568517979255
none	0.10598427047188583
none	0.17024364279471213
none	0.12233259333375024
none	0.09558738520395388
none	0.14924785884539246
none	0.1079407841389739
none	0.0637574445533268
none	0.11345040199996914
none	0.08551849873039062
none	0.09516725535756679
none	0.049525313881636786
none	0.04268434
none	0.0589412421325594
none	0.09404708239203041
