gene_name	ihs
5S_rRNA	2.686
7SK	2.333
A1BG	0.72
A1BG-AS1	0.767
A1CF	1.741
A2M	1.617
A2M-AS1	0.836
A2ML1	4.762
A2ML1-AS1	2.194
A2ML1-AS2	0.714
A2MP1	1.677
A3GALT2	0.809
A4GALT	3.399
A4GNT	1.584
AAAS	1.28
AACS	2.007
AACSP1	2.021
AADAC	2.029
AADACL2	2.02
AADACL3	3.369
AADACL4	1.34
AADAT	4.504
AAED1	1.147
AAGAB	1.691
AAK1	3.856
AAMDC	1.552
AAMP	0.72
AANAT	1.629
AAR2	2.251
AARD	1.457
AARS	1.7
AARS2	1.191
AARSD1	1.324
AASDH	1.461
AASDHPPT	2.315
AASS	2.451
AATF	1.439
AATK	1.976
AATK-AS1	2.036
AB015752.3	4.436
ABAT	3.19
ABC7-42389800N19.1	
ABCA1	4.441
ABCA10	2.361
ABCA11P	2.041
ABCA12	2.451
ABCA13	4.815
ABCA17P	1.615
ABCA2	1.52
ABCA3	6.661
ABCA4	3.052
ABCA5	3.298
ABCA6	2.013
ABCA7	2.57
ABCA8	2.72
ABCA9	3.084
ABCA9-AS1	1.881
ABCB1	3.631
ABCB10	2.902
ABCB11	4.898
ABCB4	1.573
ABCB5	2.606
ABCB6	2.518
ABCB7	1.116
ABCB8	1.192
ABCB9	1.964
ABCC1	4.64
ABCC10	1.615
ABCC11	1.535
ABCC12	2.132
ABCC13	2.311
ABCC2	1.629
ABCC3	2.029
ABCC4	4.995
ABCC5	2.086
ABCC5-AS1	2.086
ABCC6	3.468
ABCC6P1	
ABCC6P2	1.702
ABCC8	2.767
ABCC9	3.832
ABCD1	2.047
ABCD1P2	
ABCD1P3	
ABCD1P4	
ABCD1P5	
ABCD2	2.154
ABCD3	4.264
ABCD4	1.545
ABCE1	0.599
ABCF1	3.044
ABCF2	0.843
ABCF2P1	6.516
ABCF2P2	0.927
ABCF3	1.696
ABCG1	2.684
ABCG2	2.111
ABCG4	1.369
ABCG5	2.423
ABCG8	2.527
ABHD1	1.004
ABHD10	1.234
ABHD11	1.48
ABHD12	1.94
ABHD12B	2.138
ABHD13	1.639
ABHD14A	0.594
ABHD14A-ACY1	0.889
ABHD14B	0.845
ABHD15	0.766
ABHD16A	0.235
ABHD16B	1.384
ABHD17A	0.59
ABHD17AP3	0.96
ABHD17AP4	4.863
ABHD17AP5	1.133
ABHD17AP6	1.814
ABHD17B	2.222
ABHD17C	2.939
ABHD2	1.587
ABHD3	2.755
ABHD4	1.572
ABHD5	1.95
ABHD6	2.546
ABHD8	3.814
ABI1	2.404
ABI2	3.223
ABI3	1.336
ABI3BP	4.634
ABL1	3.02
ABL2	4.108
ABLIM1	3.837
ABLIM2	4.089
ABLIM3	2.454
ABO	3.114
ABR	3.846
ABRA	3.948
ABRACL	2.377
ABT1	2.11
ABT1P1	1.079
ABTB1	1.32
ABTB2	3.498
AC000003.1	-0.029
AC000003.2	1.163
AC000036.4	0.566
AC000041.8	2.311
AC000067.1	2.432
AC000068.10	
AC000068.5	0.576
AC000068.9	0.932
AC000077.2	2.619
AC000078.5	-0.004
AC000081.2	0.175
AC000089.3	
AC000095.9	0.953
AC000099.1	0.87
AC000110.1	1.797
AC000111.3	1.334
AC000111.4	
AC000111.5	
AC000111.6	1.556
AC000120.7	0.697
AC000123.4	0.552
AC000124.1	1.503
AC000362.1	0.329
AC000367.1	0.346
AC000370.2	4.045
AC000374.1	0.393
AC002044.4	-0.34
AC002055.4	1.375
AC002056.3	1.289
AC002059.10	
AC002064.4	1.25
AC002064.5	4.231
AC002066.1	2.937
AC002069.5	2.265
AC002069.6	2.418
AC002075.3	0.63
AC002076.10	1.63
AC002115.5	1.027
AC002115.9	1.811
AC002116.7	1.754
AC002116.8	1.119
AC002117.1	0.952
AC002127.2	-0.377
AC002127.4	1.562
AC002128.4	1.278
AC002128.5	0.345
AC002306.1	0.667
AC002310.10	1.221
AC002310.12	0.38
AC002310.13	1.221
AC002310.7	0.564
AC002314.4	1.832
AC002331.1	4.573
AC002365.1	1.226
AC002366.3	-1.104
AC002368.4	1.461
AC002383.2	2.546
AC002386.1	3.086
AC002395.1	
AC002398.11	1.489
AC002398.12	
AC002398.13	1.438
AC002398.5	1.377
AC002398.9	1.489
AC002400.1	1.149
AC002401.1	0.707
AC002429.4	
AC002429.5	1.029
AC002451.1	2.465
AC002451.3	4.495
AC002454.1	3.072
AC002456.2	0.947
AC002463.3	2.64
AC002465.2	1.911
AC002467.7	2.608
AC002472.1	2.263
AC002472.11	1.459
AC002472.13	1.623
AC002477.1	
AC002480.2	2.314
AC002480.3	2.451
AC002480.4	
AC002480.5	2.451
AC002485.1	3.151
AC002486.2	2.234
AC002486.3	-1.09
AC002511.1	1.936
AC002511.2	1.139
AC002511.3	2.162
AC002523.1	3.107
AC002539.1	4.599
AC002539.2	1.598
AC002542.2	-0.145
AC002543.2	0.941
AC002550.5	1.003
AC002551.1	1.579
AC002553.1	-0.34
AC002553.4	-0.576
AC002985.3	1.777
AC002994.1	0.974
AC003002.4	1.861
AC003002.6	0.65
AC003003.5	2.757
AC003005.2	1.8
AC003005.4	1.177
AC003006.7	1.973
AC003009.1	
AC003009.2	0.92
AC003029.1	1.65
AC003035.1	1.696
AC003045.1	2.299
AC003051.1	2.833
AC003075.4	2.204
AC003079.1	
AC003080.4	
AC003084.2	2.653
AC003087.4	
AC003088.1	3.579
AC003090.1	4.608
AC003092.1	1.62
AC003092.2	2.86
AC003101.1	1.72
AC003102.1	1.19
AC003104.1	0.488
AC003658.1	0.745
AC003664.1	5.206
AC003665.1	3.51
AC003682.16	1.894
AC003956.1	1.222
AC003958.2	1.823
AC003958.6	-0.039
AC003968.1	4.454
AC003973.1	-1.608
AC003973.4	1.503
AC003973.5	1.168
AC003973.6	0.616
AC003984.1	2.562
AC003985.1	2.08
AC003986.5	4.926
AC003986.7	2.472
AC003988.1	3.692
AC003989.3	-0.284
AC003989.4	
AC003991.3	2.851
AC004006.2	3.397
AC004009.3	2.375
AC004012.1	1.53
AC004014.3	1.443
AC004014.4	3.598
AC004016.1	
AC004016.2	0.328
AC004017.1	
AC004019.10	1.774
AC004019.13	2.593
AC004019.18	0.655
AC004022.7	
AC004022.8	
AC004041.2	5.413
AC004051.2	1.214
AC004053.1	1.782
AC004054.1	1.16
AC004057.1	1.608
AC004062.2	3.565
AC004063.1	1.051
AC004066.2	1.8
AC004066.3	2.078
AC004067.5	0.282
AC004069.1	0.154
AC004069.2	0.732
AC004070.1	3.134
AC004074.3	0.962
AC004074.4	1.578
AC004076.7	1.043
AC004076.9	2.009
AC004112.4	1.47
AC004125.3	1.556
AC004129.9	1.262
AC004156.3	1.592
AC004158.2	1.975
AC004158.3	1.337
AC004159.1	2.807
AC004160.4	1.578
AC004166.6	
AC004221.2	0.388
AC004231.2	2.148
AC004237.1	3.502
AC004257.1	1.718
AC004257.3	0.75
AC004381.6	0.831
AC004381.7	0.953
AC004383.3	1.006
AC004386.3	0.911
AC004386.4	0.764
AC004447.2	0.322
AC004448.2	1.239
AC004448.5	1.815
AC004449.6	0.761
AC004453.8	
AC004458.1	1.257
AC004463.6	2.377
AC004466.1	1.887
AC004471.10	2.696
AC004471.9	2.69
AC004485.3	2.07
AC004490.1	0.649
AC004520.1	2.933
AC004528.1	3.069
AC004528.4	3.304
AC004535.2	2.16
AC004538.3	5.702
AC004540.4	1.441
AC004540.5	5.338
AC004543.1	
AC004543.2	3.09
AC004549.6	1.022
AC004562.1	4.631
AC004593.3	2.09
AC004595.1	1.533
AC004609.1	2.664
AC004623.2	1.293
AC004637.1	-0.661
AC004691.5	1.611
AC004692.4	2.479
AC004702.2	3.545
AC004706.1	2.877
AC004744.3	1.626
AC004745.1	2.778
AC004769.1	3.095
AC004771.1	0.766
AC004775.5	0.48
AC004797.1	
AC004817.1	-1.216
AC004824.2	1.015
AC004832.1	1.435
AC004837.3	1.201
AC004837.4	1.239
AC004837.5	-0.473
AC004840.8	2.539
AC004840.9	1.829
AC004854.4	0.774
AC004854.5	1.978
AC004862.6	4.222
AC004866.1	2.874
AC004866.3	1.733
AC004869.2	2.05
AC004869.3	1.026
AC004870.3	1.957
AC004870.4	2.79
AC004870.5	-0.268
AC004875.1	2.208
AC004878.3	2.578
AC004878.5	
AC004893.10	
AC004893.11	
AC004895.4	1.343
AC004899.1	1.809
AC004899.3	1.809
AC004901.1	4.831
AC004906.3	1.166
AC004911.2	2.721
AC004917.1	
AC004920.2	2.787
AC004920.3	2.637
AC004938.5	1.446
AC004941.3	4.86
AC004941.5	2.272
AC004943.1	1.509
AC004945.1	1.145
AC004947.2	2.171
AC004980.7	2.056
AC004987.10	
AC004987.9	0.565
AC004988.1	2.011
AC005000.1	1.667
AC005003.1	4.046
AC005007.3	0.157
AC005008.2	6.081
AC005008.3	
AC005009.1	1.641
AC005009.2	2.113
AC005013.1	2.948
AC005013.5	2.353
AC005014.5	1.963
AC005017.2	1.712
AC005019.2	1.44
AC005019.3	2.384
AC005022.1	3.025
AC005027.3	3.471
AC005029.1	4.838
AC005033.6	0.704
AC005034.2	1.378
AC005034.3	0.424
AC005037.1	0.741
AC005037.2	3.835
AC005037.3	3.083
AC005037.4	1.094
AC005037.6	
AC005040.3	2.467
AC005041.11	1.601
AC005041.17	
AC005042.2	0.237
AC005042.3	1.153
AC005042.4	1.997
AC005042.5	1.997
AC005048.1	0.877
AC005062.2	4.678
AC005076.5	1.334
AC005077.12	1.843
AC005077.14	1.485
AC005077.5	1.943
AC005077.7	2.364
AC005077.8	1.648
AC005082.1	1.611
AC005082.12	1.671
AC005083.1	2.859
AC005086.1	
AC005086.3	1.58
AC005086.4	
AC005094.2	1.953
AC005102.1	0.6
AC005104.3	1.468
AC005105.2	
AC005150.1	2.348
AC005152.2	4.755
AC005152.3	2.897
AC005154.6	2.56
AC005154.7	2.56
AC005154.8	-0.544
AC005160.3	0.775
AC005162.4	0.479
AC005162.5	0.147
AC005178.1	3.576
AC005189.6	
AC005195.1	3.24
AC005197.2	0.552
AC005220.3	-0.151
AC005224.2	1.268
AC005229.1	
AC005229.5	2.125
AC005229.7	2.233
AC005235.1	1.292
AC005237.2	2.6
AC005237.4	3.593
AC005253.2	1.151
AC005253.4	0.381
AC005255.3	1.948
AC005256.1	2.175
AC005262.2	2.168
AC005262.4	1.752
AC005264.2	1.806
AC005276.1	7.704
AC005280.1	0.671
AC005281.1	1.89
AC005281.2	1.221
AC005284.1	2.881
AC005288.1	
AC005300.5	0.379
AC005301.8	2.593
AC005304.1	2.265
AC005306.3	1.498
AC005307.1	1.269
AC005307.3	2.347
AC005329.7	1.533
AC005330.2	0.373
AC005339.2	
AC005351.1	2.85
AC005355.1	1.912
AC005355.2	1.907
AC005356.1	2.516
AC005357.1	
AC005358.1	2.55
AC005358.3	2.122
AC005387.2	1.208
AC005387.3	0.802
AC005391.2	-0.095
AC005394.1	1.654
AC005399.1	-1.29
AC005477.1	0.686
AC005481.5	1.142
AC005484.5	3.827
AC005487.2	2.194
AC005488.11	
AC005493.1	2.222
AC005498.3	0.236
AC005498.4	0.735
AC005513.1	
AC005517.3	1.54
AC005518.2	1.257
AC005519.4	0.652
AC005522.6	1.445
AC005523.2	2.987
AC005523.3	1.31
AC005532.5	1.67
AC005534.6	0.282
AC005534.8	1.094
AC005537.2	2.15
AC005538.5	1.165
AC005539.2	-1.236
AC005540.3	3.499
AC005544.1	0.208
AC005546.2	0.094
AC005549.1	-0.685
AC005549.3	4.528
AC005550.3	1.322
AC005550.4	1.056
AC005550.5	1.056
AC005562.1	1.692
AC005588.2	
AC005592.1	5.939
AC005592.2	4.492
AC005592.3	3.21
AC005594.3	1.377
AC005597.1	3.994
AC005606.1	0.494
AC005606.14	1.696
AC005609.1	1.039
AC005614.3	0.901
AC005614.5	1.545
AC005616.1	1.654
AC005616.2	0.565
AC005618.1	2.1
AC005618.6	2.196
AC005621.1	1.476
AC005624.2	1.629
AC005625.1	1.244
AC005626.3	0.822
AC005682.5	1.234
AC005682.6	2.393
AC005682.7	0.892
AC005682.8	1.864
AC005686.1	2.17
AC005701.1	
AC005702.1	2.632
AC005702.3	1.361
AC005702.4	
AC005703.2	2.144
AC005703.3	1.176
AC005722.4	0.89
AC005730.2	0.116
AC005740.3	1.96
AC005740.4	2.254
AC005740.5	0.87
AC005740.6	-0.506
AC005741.2	2.501
AC005754.7	0.935
AC005754.8	1.05
AC005757.6	-0.349
AC005757.7	1.012
AC005772.2	4.037
AC005775.2	2.945
AC005776.1	0.525
AC005779.1	0.02
AC005779.2	1.638
AC005780.1	2.605
AC005783.1	2.974
AC005785.2	-3.752
AC005786.3	
AC005786.5	
AC005786.7	2.799
AC005789.11	1.88
AC005789.9	0.845
AC005794.1	1.47
AC005795.1	-0.564
AC005808.3	2.361
AC005822.1	1.452
AC005831.1	-1.06
AC005838.2	
AC005841.1	2.426
AC005863.1	1.794
AC005863.2	2.082
AC005884.1	
AC005926.1	1.488
AC005932.1	0.856
AC005943.4	-1.09
AC005943.5	2.013
AC005944.2	0.004
AC005954.3	
AC005954.4	-0.483
AC006000.5	2.526
AC006003.3	1.655
AC006004.1	
AC006007.1	3.879
AC006011.4	
AC006014.7	4.095
AC006014.8	2.036
AC006019.3	2.858
AC006019.4	2.926
AC006022.4	-0.3
AC006023.8	1.032
AC006024.4	3.241
AC006026.1	1.228
AC006026.10	1.585
AC006026.12	0.621
AC006026.13	-0.369
AC006026.9	1.678
AC006028.11	1.044
AC006033.22	1.799
AC006035.1	0.966
AC006037.2	5.256
AC006041.1	3.201
AC006042.6	1.9
AC006042.7	1.544
AC006042.8	0.527
AC006045.3	2.936
AC006070.12	0.135
AC006076.1	2.442
AC006077.4	2.266
AC006080.1	3.332
AC006111.1	1.843
AC006115.1	0.906
AC006115.3	3.924
AC006116.12	1.487
AC006116.13	0.87
AC006116.14	0.971
AC006116.15	-1.432
AC006116.17	2.386
AC006116.19	-0.781
AC006116.20	2.334
AC006116.21	2.573
AC006116.22	0.145
AC006116.24	1.197
AC006116.27	1.081
AC006126.3	1.638
AC006126.4	1.754
AC006129.1	1.069
AC006129.2	1.032
AC006130.3	2.513
AC006130.4	
AC006132.1	0.996
AC006145.1	2.292
AC006150.1	1.692
AC006150.2	-0.988
AC006153.3	1.817
AC006159.3	2.464
AC006159.4	3.791
AC006159.5	1.888
AC006160.4	1.7
AC006160.5	1.25
AC006195.2	
AC006196.1	4.535
AC006227.1	2.873
AC006262.10	2.655
AC006262.4	1.579
AC006262.5	2.073
AC006262.6	2.148
AC006273.4	1.834
AC006273.5	2.766
AC006273.7	2.676
AC006277.2	1.713
AC006296.1	3.589
AC006296.2	0.95
AC006322.1	2.655
AC006326.3	2.343
AC006326.5	1.292
AC006355.3	1.103
AC006369.2	2.792
AC006369.3	1.897
AC006372.1	1.007
AC006372.4	4.599
AC006372.5	0.992
AC006372.6	1.367
AC006373.1	3.968
AC006377.1	1.063
AC006378.2	1.943
AC006380.1	1.962
AC006380.3	2.227
AC006390.4	2.919
AC006427.2	1.167
AC006435.1	1.377
AC006445.6	1.267
AC006445.7	1.6
AC006445.8	1.402
AC006458.3	3.08
AC006460.2	1.292
AC006465.4	1.955
AC006466.5	3.246
AC006480.1	1.897
AC006481.1	2.865
AC006482.1	2.957
AC006483.5	
AC006486.1	1.654
AC006486.9	1.68
AC006487.1	
AC006509.4	-0.886
AC006509.7	2.023
AC006534.1	2.569
AC006538.1	1.233
AC006538.4	2.153
AC006539.2	
AC006539.4	1.041
AC006547.13	1.563
AC006547.14	1.229
AC006547.15	0.788
AC006547.8	0.64
AC006548.26	1.314
AC006552.1	4.626
AC006557.1	
AC006926.1	2.753
AC006942.4	-0.414
AC006946.15	2.004
AC006947.1	0.342
AC006960.5	1.488
AC006960.7	1.935
AC006967.1	3.258
AC006978.6	0.008
AC006988.1	1.197
AC006994.1	
AC006994.2	1.089
AC007003.1	1.312
AC007009.1	0.525
AC007009.2	-1.611
AC007014.1	0.48
AC007016.3	
AC007036.4	
AC007036.5	
AC007036.6	2.28
AC007038.7	1.181
AC007040.1	
AC007040.11	1.95
AC007040.3	
AC007040.5	1.421
AC007040.6	1.272
AC007040.7	0.87
AC007040.8	2.202
AC007041.1	0.834
AC007041.2	1.435
AC007050.1	1.68
AC007050.17	0.717
AC007050.18	2.614
AC007064.22	1.225
AC007091.1	5.748
AC007092.1	4.059
AC007096.1	
AC007098.1	2.95
AC007099.1	1.085
AC007099.2	0.995
AC007106.1	4.81
AC007115.3	1.758
AC007126.1	2.026
AC007128.1	2.942
AC007131.1	2.47
AC007131.2	3.247
AC007161.5	1.687
AC007163.10	
AC007163.11	1.133
AC007163.3	1.74
AC007163.6	2.122
AC007163.8	1.161
AC007163.9	0.18
AC007179.1	1.163
AC007182.6	2.851
AC007192.6	0.603
AC007193.10	2.56
AC007193.6	2.373
AC007193.8	-0.446
AC007193.9	1.386
AC007204.2	1.578
AC007216.2	0.731
AC007228.11	1.709
AC007228.5	2.912
AC007228.9	1.82
AC007229.3	
AC007237.2	-0.312
AC007238.1	0.513
AC007246.3	2.147
AC007248.6	2.314
AC007248.7	3.284
AC007249.3	1.368
AC007250.4	3.518
AC007251.2	1.582
AC007253.1	0.912
AC007255.8	2.142
AC007256.5	-0.292
AC007271.3	1.602
AC007272.1	1.268
AC007272.3	
AC007276.5	1.907
AC007277.3	2.986
AC007278.2	0.417
AC007278.3	3.8
AC007279.2	0.036
AC007282.6	-0.734
AC007283.4	-0.811
AC007283.5	0.367
AC007285.6	0.737
AC007285.7	
AC007292.7	1.645
AC007308.6	1.3
AC007308.7	1.655
AC007312.3	
AC007316.3	2.602
AC007317.1	3.914
AC007318.5	1.66
AC007319.1	3.272
AC007326.9	0.977
AC007327.5	-0.867
AC007327.6	
AC007347.1	0.381
AC007349.4	1.6
AC007349.5	2.311
AC007349.7	2.673
AC007353.1	
AC007358.1	3.458
AC007362.1	-0.343
AC007362.3	1.477
AC007364.1	2.597
AC007365.1	1.591
AC007365.2	1.347
AC007365.3	0.695
AC007365.4	-0.244
AC007375.1	2.258
AC007377.1	1.881
AC007381.2	2.275
AC007381.3	2.61
AC007382.1	2.394
AC007383.3	1.435
AC007383.4	1.259
AC007386.2	2.121
AC007386.3	1.74
AC007386.4	1.108
AC007387.2	3.512
AC007389.1	-0.311
AC007389.2	0.005
AC007389.3	2.236
AC007390.4	
AC007390.5	0.809
AC007391.2	1.975
AC007392.3	2.96
AC007392.4	2.595
AC007394.3	
AC007395.3	0.654
AC007395.4	-0.495
AC007401.1	0.949
AC007401.2	1.213
AC007402.1	
AC007403.1	2.092
AC007403.2	2.55
AC007403.3	1.864
AC007405.2	2.8
AC007405.4	1.367
AC007405.6	2.087
AC007405.8	2.66
AC007421.1	
AC007422.1	2.447
AC007431.1	1.774
AC007435.1	1.533
AC007450.1	
AC007461.1	0.741
AC007461.2	0.857
AC007463.2	2.485
AC007464.1	4.125
AC007486.1	0.926
AC007528.1	
AC007551.2	0.98
AC007551.3	1.585
AC007556.3	2.496
AC007557.1	0.195
AC007557.2	0.82
AC007557.3	0.811
AC007557.4	-0.408
AC007559.1	
AC007560.2	
AC007563.1	1.451
AC007563.3	5.684
AC007563.4	
AC007563.5	5.684
AC007566.10	
AC007566.11	
AC007568.1	2.655
AC007618.3	2.929
AC007620.3	0.522
AC007631.1	1.971
AC007652.1	3.586
AC007677.2	
AC007679.1	1.079
AC007679.3	1.127
AC007679.4	0.751
AC007680.2	2.148
AC007682.1	4.351
AC007682.2	
AC007690.1	2.597
AC007740.1	1.897
AC007743.1	2.749
AC007750.5	1.955
AC007773.1	
AC007773.2	1.057
AC007773.3	1.057
AC007787.2	0.129
AC007790.4	-0.141
AC007795.1	2.276
AC007796.1	2.153
AC007879.1	4.353
AC007879.2	4.353
AC007879.3	1.52
AC007879.4	-0.406
AC007879.5	4.552
AC007879.6	0.844
AC007879.7	1.63
AC007880.1	2.915
AC007881.1	
AC007881.4	2.114
AC007899.3	0.818
AC007919.1	
AC007919.18	-0.828
AC007919.19	0.461
AC007919.2	
AC007948.1	3.784
AC007950.1	1.857
AC007952.5	-1.798
AC007956.1	1.301
AC007966.1	1.093
AC007969.4	1.363
AC007969.5	1.37
AC007970.1	1.76
AC008060.5	1.891
AC008060.7	2.939
AC008060.8	2.876
AC008063.2	1.03
AC008063.3	1.171
AC008065.1	
AC008067.2	2.344
AC008069.1	2.838
AC008069.2	2.583
AC008072.1	2.204
AC008073.7	1.332
AC008073.9	0.553
AC008074.3	2.275
AC008074.4	2.584
AC008074.5	-0.456
AC008079.9	
AC008085.1	2.487
AC008132.1	
AC008132.13	2.77
AC008147.1	0.596
AC008147.2	0.561
AC008154.4	2.247
AC008154.5	1.482
AC008155.1	1.49
AC008155.2	2.788
AC008163.4	2.514
AC008163.6	3.734
AC008166.1	1.882
AC008171.1	0.268
AC008173.1	4.052
AC008174.3	0.72
AC008264.4	
AC008265.2	1.795
AC008268.1	2.234
AC008268.2	1.941
AC008269.2	3.171
AC008271.1	2.886
AC008277.1	0.925
AC008278.2	2.487
AC008278.3	1.827
AC008280.1	
AC008280.3	
AC008281.1	3.041
AC008372.1	0.488
AC008387.1	1.351
AC008391.1	1.605
AC008394.1	3.172
AC008397.1	1.804
AC008410.1	2.274
AC008427.2	1.616
AC008440.10	0.8
AC008440.5	1.061
AC008498.1	0.038
AC008555.2	1.579
AC008565.1	2.928
AC008581.1	
AC008592.3	1.347
AC008592.4	2.344
AC008592.5	1.993
AC008592.7	0.901
AC008592.8	1.836
AC008625.1	
AC008671.1	
AC008674.1	
AC008686.1	1.66
AC008691.1	5.851
AC008694.2	1.41
AC008694.3	3.128
AC008697.1	2.361
AC008703.1	2.513
AC008703.2	2.324
AC008706.1	2.298
AC008731.1	1.115
AC008738.1	1.192
AC008738.2	1.766
AC008746.12	0.918
AC008746.3	0.908
AC008746.5	
AC008746.9	1.775
AC008752.1	1.467
AC008752.2	
AC008752.3	0.372
AC008753.3	1.946
AC008753.4	0.75
AC008753.6	1.642
AC008780.1	1.844
AC008781.7	0.632
AC008834.1	2.342
AC008834.2	2.661
AC008836.1	1.112
AC008850.3	
AC008865.1	0.199
AC008869.1	2.144
AC008914.1	0.514
AC008937.2	1.302
AC008937.3	1.615
AC008938.1	1.609
AC008940.1	3.718
AC008948.1	0.708
AC008964.1	1.361
AC008982.2	1.387
AC008984.2	1.829
AC008984.5	-0.526
AC008984.6	
AC008984.7	3.722
AC008991.1	1.102
AC008992.1	2.018
AC009005.2	2.397
AC009009.1	1.95
AC009014.3	1.562
AC009035.1	3.161
AC009041.1	1.712
AC009052.12	0.718
AC009061.1	-0.935
AC009065.1	0.627
AC009080.1	4.29
AC009081.1	
AC009095.4	1.695
AC009107.1	0.499
AC009110.1	4.713
AC009120.10	1.599
AC009120.4	2.729
AC009120.6	0.949
AC009120.8	-1.506
AC009133.12	0.857
AC009133.14	1.137
AC009133.15	
AC009133.17	1.423
AC009133.20	1.137
AC009133.21	1.234
AC009134.1	1.195
AC009158.1	4.053
AC009159.1	2.159
AC009161.1	3.326
AC009166.5	-1.553
AC009227.2	2.071
AC009227.3	3.573
AC009228.1	1.893
AC009229.4	0.308
AC009229.5	2.448
AC009229.6	2.794
AC009232.2	1.347
AC009234.1	0.549
AC009234.2	
AC009236.1	2.776
AC009236.2	-0.852
AC009237.16	0.496
AC009238.6	
AC009238.8	0.697
AC009262.2	2.415
AC009263.2	-0.676
AC009274.6	
AC009276.4	2.621
AC009297.1	
AC009299.1	0.588
AC009299.2	4.322
AC009299.3	1.351
AC009299.4	2.994
AC009302.2	3.265
AC009302.4	1.818
AC009303.1	1.561
AC009303.3	0.827
AC009305.1	1.615
AC009305.2	0.661
AC009310.1	1.827
AC009312.1	7.114
AC009313.1	1.441
AC009313.2	2.263
AC009336.24	1.165
AC009362.2	0.891
AC009365.3	1.605
AC009365.4	2.241
AC009403.2	1.851
AC009404.2	2.075
AC009410.1	3.123
AC009411.1	1.528
AC009411.2	0.602
AC009413.2	2.944
AC009414.1	3.738
AC009469.1	0.343
AC009473.1	-0.946
AC009474.1	1.41
AC009474.2	1.801
AC009478.1	2.734
AC009478.2	-0.363
AC009480.3	0.199
AC009480.4	1.925
AC009487.4	
AC009487.5	1.428
AC009492.1	2.617
AC009495.2	0.567
AC009495.3	0.909
AC009495.4	0.909
AC009498.1	2.185
AC009499.1	3.595
AC009499.2	2.291
AC009500.2	3.745
AC009501.4	1.187
AC009502.1	1.059
AC009502.4	3.675
AC009505.2	1.377
AC009505.4	2.072
AC009506.1	0.806
AC009506.2	0.94
AC009508.1	2.376
AC009517.2	-0.474
AC009518.2	3.835
AC009518.3	3.846
AC009518.4	3.865
AC009518.8	2.303
AC009531.2	5.212
AC009541.1	2.891
AC009542.2	1.07
AC009677.1	1.783
AC009695.1	2.838
AC009779.1	
AC009784.3	7.289
AC009784.4	-0.165
AC009800.1	2.16
AC009802.1	1.175
AC009835.1	1.193
AC009878.2	3.351
AC009892.10	2.097
AC009892.2	1.236
AC009892.5	1.138
AC009892.9	0.187
AC009941.1	3.341
AC009945.4	1.756
AC009948.5	1.189
AC009948.7	-2.031
AC009950.2	2.259
AC009951.1	0.774
AC009951.2	1.923
AC009955.8	1.104
AC009960.1	1.199
AC009960.2	0.453
AC009960.3	1.391
AC009960.4	
AC009961.2	-0.614
AC009961.3	1.65
AC009961.5	1.13
AC009963.6	2.53
AC009965.1	2.362
AC009965.2	2.488
AC009967.3	1.422
AC009969.1	2.495
AC009970.1	0.571
AC009974.11	1.932
AC009997.1	2.63
AC010082.2	0.37
AC010090.1	1.414
AC010091.1	2.776
AC010091.4	0.741
AC010092.1	1.616
AC010095.6	1.849
AC010095.7	3.36
AC010096.1	2.243
AC010096.2	3.287
AC010105.1	2.416
AC010127.3	5.517
AC010127.5	1.057
AC010132.10	2.351
AC010132.11	0.275
AC010136.2	1.578
AC010145.4	2.897
AC010146.1	2.423
AC010146.2	5.171
AC010148.1	3.979
AC010149.4	2.193
AC010150.1	0.728
AC010150.2	1.769
AC010170.1	0.42
AC010203.1	
AC010207.1	1.378
AC010209.1	1.31
AC010226.4	1.437
AC010235.1	0.923
AC010240.2	-0.055
AC010240.3	1.969
AC010296.1	0.071
AC010311.1	0.923
AC010327.2	1.056
AC010335.1	-0.386
AC010336.1	1.089
AC010368.1	-1.298
AC010368.2	
AC010376.1	2.281
AC010423.1	2.205
AC010441.1	2.173
AC010455.1	4.473
AC010458.1	0.101
AC010468.1	1.696
AC010468.2	1.128
AC010468.3	1.295
AC010492.2	1.295
AC010492.4	0.752
AC010492.5	1.122
AC010504.2	0.71
AC010518.3	1.661
AC010524.2	1.628
AC010524.4	-1.23
AC010525.1	1.803
AC010525.2	1.253
AC010525.4	1.061
AC010525.6	1.803
AC010525.7	1.803
AC010528.1	0.079
AC010536.1	0.825
AC010543.1	3.442
AC010546.1	1.738
AC010547.9	2.515
AC010595.1	1.423
AC010641.1	3.853
AC010642.1	1.645
AC010642.2	1.16
AC010646.3	3.041
AC010649.1	2.248
AC010677.5	2.835
AC010729.1	0.958
AC010729.2	2.245
AC010729.3	4.123
AC010731.2	-0.703
AC010731.3	1.165
AC010731.4	2.205
AC010731.6	0.023
AC010733.4	1.378
AC010733.5	0.771
AC010733.7	1.07
AC010739.1	4.476
AC010740.1	0.415
AC010744.1	5.74
AC010745.1	2.177
AC010745.2	2.152
AC010745.3	1.708
AC010745.4	2.48
AC010746.3	1.839
AC010747.2	0.017
AC010761.10	
AC010761.13	-2.156
AC010761.14	0.577
AC010761.6	1.699
AC010761.8	
AC010761.9	1.591
AC010878.3	2.773
AC010880.1	5.157
AC010883.5	1.702
AC010884.1	1.896
AC010886.2	0.647
AC010887.1	3.224
AC010890.1	2.375
AC010894.3	0.317
AC010894.4	1.732
AC010894.5	0.92
AC010900.2	1.808
AC010904.1	1.212
AC010907.2	-0.304
AC010907.5	1.413
AC010928.1	3.018
AC010930.1	1.699
AC010967.1	
AC010967.2	4.333
AC010967.3	1.612
AC010969.1	1.353
AC010971.1	2.523
AC010974.3	0.829
AC010975.1	1.439
AC010975.2	0.3
AC010976.2	0.851
AC010980.2	0.993
AC010982.1	4.194
AC010982.2	2.201
AC010983.1	3.67
AC010987.5	2.494
AC010987.6	2.66
AC010999.1	-1.029
AC011073.1	2.443
AC011193.1	2.996
AC011196.3	0.363
AC011225.1	1.924
AC011233.2	3.723
AC011239.1	1.652
AC011242.5	0.997
AC011242.6	1.443
AC011243.1	0.304
AC011247.3	
AC011284.3	0.739
AC011286.1	5.848
AC011288.2	4.085
AC011290.4	3.687
AC011290.5	-0.325
AC011294.3	2.82
AC011306.1	1.154
AC011306.2	5.263
AC011308.1	
AC011322.1	1.094
AC011330.6	1.155
AC011343.1	2.261
AC011366.3	3.665
AC011379.1	
AC011385.1	1.748
AC011385.2	0.431
AC011406.2	0.225
AC011407.1	0.306
AC011410.1	2.774
AC011416.1	1.263
AC011431.1	1.328
AC011431.2	0.649
AC011450.1	1.08
AC011453.1	-0.147
AC011475.1	1.447
AC011484.1	0.694
AC011498.1	0.817
AC011499.1	2.443
AC011500.1	1.437
AC011513.4	2.023
AC011515.2	2.229
AC011518.1	1.911
AC011518.2	1.67
AC011523.2	2.059
AC011524.1	1.873
AC011524.2	
AC011524.3	-0.224
AC011525.2	1.515
AC011525.4	0.812
AC011526.1	1.853
AC011530.4	1.436
AC011551.3	1.635
AC011558.5	1.442
AC011591.1	2.358
AC011625.1	2.175
AC011648.1	1.729
AC011718.1	
AC011718.2	
AC011738.1	0.992
AC011738.4	2.417
AC011742.3	1.262
AC011742.5	1.815
AC011747.3	2.666
AC011747.4	2.512
AC011747.6	3.917
AC011747.7	5.479
AC011752.1	3.26
AC011753.5	0.698
AC011753.6	1.295
AC011754.1	2.375
AC011755.1	0.254
AC011816.1	1.447
AC011891.5	1.578
AC011893.3	4.038
AC011897.1	2.35
AC011897.2	5.102
AC011899.10	1.324
AC011899.9	1.885
AC011901.2	2.653
AC011933.1	1.013
AC011933.2	
AC011995.1	3.434
AC011995.3	1.698
AC011997.1	4.151
AC011998.1	2.323
AC011998.2	-0.215
AC011999.1	5.071
AC012003.1	
AC012065.4	2.081
AC012065.5	-1.79
AC012065.7	0.977
AC012066.1	0.23
AC012074.1	0.686
AC012074.2	1.293
AC012075.1	2.565
AC012075.2	2.59
AC012119.1	-0.542
AC012123.1	0.634
AC012146.7	0.713
AC012150.1	2.276
AC012175.1	
AC012181.1	2.008
AC012215.1	
AC012306.2	3.457
AC012307.2	0.743
AC012307.3	1.876
AC012309.5	1.271
AC012313.1	1.545
AC012314.19	-0.652
AC012314.20	1.231
AC012314.8	0.824
AC012317.1	2.749
AC012318.3	0.503
AC012322.1	3.129
AC012354.6	2.723
AC012354.8	2.139
AC012358.4	0.251
AC012358.7	-0.041
AC012358.8	1.628
AC012360.1	0.867
AC012360.2	
AC012360.4	1.594
AC012360.6	2.35
AC012361.1	2.437
AC012362.1	0.307
AC012362.3	-1.083
AC012363.10	-0.058
AC012363.13	2.253
AC012363.4	1.686
AC012363.7	
AC012363.8	0.759
AC012365.3	4.812
AC012368.1	1.668
AC012370.2	0.889
AC012370.3	3.247
AC012379.1	
AC012391.1	1.163
AC012414.1	
AC012441.1	0.427
AC012442.5	1.756
AC012442.6	1.554
AC012445.1	2.903
AC012451.1	3.856
AC012454.4	0.237
AC012456.3	1.585
AC012456.4	1.845
AC012457.2	1.082
AC012462.1	1.873
AC012462.2	2.023
AC012462.3	2.301
AC012467.1	-0.763
AC012485.2	3.066
AC012487.2	-0.597
AC012493.1	4.338
AC012494.1	5.013
AC012497.2	1.863
AC012499.1	3.466
AC012501.1	2.107
AC012501.2	3.873
AC012501.3	1.845
AC012506.1	1.769
AC012506.2	1.419
AC012506.3	1.918
AC012506.4	1.703
AC012507.3	2.987
AC012507.4	0.971
AC012512.1	3.199
AC012513.4	0.429
AC012513.6	1.073
AC012531.23	2.549
AC012531.25	1.089
AC012593.1	5.381
AC012594.1	2.102
AC012603.1	2.459
AC012613.2	2.081
AC012668.1	2.009
AC012668.2	3.961
AC012668.3	1.013
AC012671.1	1.78
AC012671.2	2.139
AC012671.3	2.329
AC012671.4	1.324
AC013248.2	2.827
AC013262.1	2.879
AC013264.2	1.098
AC013267.1	-0.823
AC013268.4	2.521
AC013271.3	2.754
AC013275.1	0.796
AC013275.2	2.376
AC013283.1	1.287
AC013394.2	1.173
AC013399.3	4.205
AC013401.1	2.391
AC013401.2	-0.312
AC013402.1	1.437
AC013402.2	2.682
AC013402.3	1.777
AC013402.4	0.927
AC013402.5	2.431
AC013403.13	2.259
AC013404.1	1.753
AC013406.1	2.679
AC013410.1	4.017
AC013410.2	5.208
AC013429.4	1.768
AC013429.5	-0.531
AC013436.6	0.783
AC013437.4	
AC013437.6	-0.319
AC013437.7	0.045
AC013439.4	2.82
AC013442.1	5.498
AC013444.1	2.369
AC013448.1	2.547
AC013448.2	2.569
AC013449.1	1.954
AC013460.1	2.486
AC013463.2	3.957
AC013467.1	1.087
AC013468.1	-0.642
AC013469.1	1.629
AC013470.6	2.249
AC013470.8	0.021
AC013472.3	1.529
AC013472.4	3.31
AC013474.4	0.12
AC013476.1	1.514
AC013477.1	2.568
AC013480.2	2.025
AC013489.1	2.081
AC013558.1	1.786
AC013717.3	1.424
AC013718.1	3.022
AC013727.1	2.4
AC013727.2	1.689
AC013733.3	1.818
AC013733.4	2.226
AC013733.5	2.22
AC013751.1	
AC013791.2	
AC015600.1	
AC015688.3	1.781
AC015691.13	2.545
AC015726.1	-0.037
AC015815.1	1.197
AC015815.2	-0.212
AC015815.4	1.432
AC015815.5	2.875
AC015815.6	-0.856
AC015815.7	0.56
AC015820.1	2.501
AC015849.12	2.223
AC015849.13	2.32
AC015849.14	0.717
AC015849.16	2.193
AC015849.19	2.32
AC015849.2	2.547
AC015871.1	1.945
AC015884.1	5.884
AC015922.5	2.219
AC015923.1	1.925
AC015933.2	1.555
AC015936.3	0.282
AC015969.3	2.155
AC015971.2	2.384
AC015977.5	1.14
AC015977.6	1.08
AC015987.1	2.221
AC015987.2	-0.262
AC015989.1	
AC015989.2	
AC016113.1	2.037
AC016194.1	2.062
AC016251.1	
AC016292.1	1.213
AC016405.1	1.849
AC016553.1	2.179
AC016559.1	
AC016561.1	1.594
AC016575.1	2.628
AC016582.2	1.679
AC016586.1	0.909
AC016629.8	
AC016644.1	1.681
AC016682.1	2.413
AC016683.5	1.153
AC016683.6	2.79
AC016691.2	0.959
AC016696.1	2.824
AC016697.1	1.322
AC016697.2	0.239
AC016697.3	1.415
AC016697.6	1.999
AC016700.2	0.861
AC016700.3	1.312
AC016700.4	
AC016700.5	1.566
AC016700.6	0.362
AC016706.1	2.58
AC016708.2	0.001
AC016710.1	2.69
AC016712.1	2.088
AC016712.2	1.876
AC016716.1	-0.184
AC016716.2	0.795
AC016717.1	0.405
AC016722.1	1.615
AC016722.2	1.786
AC016722.3	1.34
AC016722.4	1.464
AC016723.4	2.977
AC016724.6	0.79
AC016725.4	4.917
AC016727.1	1.48
AC016727.3	1.143
AC016730.1	2.511
AC016732.2	2.705
AC016734.1	0.6
AC016734.2	0.175
AC016735.1	2.918
AC016735.2	1.985
AC016735.3	1.666
AC016737.1	2.062
AC016738.3	0.859
AC016738.4	1.313
AC016739.1	1.822
AC016739.2	2.229
AC016747.3	1.032
AC016751.2	1.034
AC016751.3	3.939
AC016753.7	1.886
AC016757.3	2.8
AC016764.1	1.399
AC016768.1	4.709
AC016772.4	2.359
AC016773.1	0.887
AC016831.5	1.23
AC016831.6	0.177
AC016831.7	2.865
AC016885.1	-0.513
AC016894.1	0.58
AC016903.1	1.367
AC016903.2	2.313
AC016906.1	2.063
AC016907.2	0.876
AC016907.3	2.863
AC016908.1	3.673
AC016909.1	1.298
AC016910.1	1.708
AC016912.3	3.253
AC016970.1	2.41
AC016994.2	1.525
AC016995.3	4.474
AC016999.2	0.265
AC017002.4	5.899
AC017006.2	-0.449
AC017006.3	-0.289
AC017028.1	0.194
AC017028.5	
AC017028.8	
AC017035.2	0.972
AC017040.1	
AC017048.1	2.012
AC017048.2	2.266
AC017048.3	0.667
AC017048.4	2.035
AC017053.1	5.038
AC017060.1	5.179
AC017074.2	1.715
AC017076.5	2.033
AC017078.1	-0.264
AC017079.3	0.9
AC017079.4	0.851
AC017080.1	3.292
AC017081.1	1.569
AC017081.2	1.56
AC017083.2	0.625
AC017083.3	1.207
AC017099.3	0.803
AC017101.10	2.075
AC017104.1	1.791
AC017104.2	1.604
AC017104.4	0.918
AC017104.6	1.264
AC017116.11	1.565
AC018359.1	3.991
AC018359.3	1.028
AC018442.1	0.675
AC018445.1	-0.018
AC018450.1	1.293
AC018462.2	1.846
AC018462.3	0.2
AC018463.4	0.261
AC018463.5	1.266
AC018464.3	5.786
AC018470.1	-0.091
AC018470.4	1.412
AC018495.3	3.357
AC018512.1	0.479
AC018607.1	-0.867
AC018618.1	2.689
AC018634.9	
AC018635.1	2.275
AC018638.1	-2.906
AC018641.7	2.114
AC018643.4	0.605
AC018647.3	1.249
AC018685.1	3.235
AC018685.2	2.978
AC018690.1	1.306
AC018693.5	1.675
AC018693.6	0.079
AC018696.2	
AC018696.3	
AC018696.5	
AC018705.5	4.795
AC018712.2	2.501
AC018717.1	2.336
AC018717.2	1.922
AC018730.1	1.754
AC018730.3	1.195
AC018730.4	1.195
AC018731.3	2.738
AC018735.1	1.771
AC018737.1	2.915
AC018737.3	2.722
AC018737.6	0.014
AC018742.1	1.657
AC018755.1	2.618
AC018755.16	2.599
AC018755.17	-0.069
AC018755.2	1.429
AC018766.4	-1.494
AC018766.5	2.852
AC018766.6	2.327
AC018767.1	1.653
AC018799.1	3.613
AC018816.3	2.583
AC018832.1	1.629
AC018865.8	1.666
AC018866.1	2.409
AC018867.1	0.689
AC018878.3	0.568
AC018880.1	2.053
AC018880.2	1.712
AC018890.4	1.593
AC018890.6	2.306
AC019046.1	1.196
AC019048.1	1.703
AC019050.1	2.841
AC019055.1	2.244
AC019064.1	0.566
AC019068.2	0.112
AC019070.1	-0.166
AC019080.1	1.515
AC019084.7	1.597
AC019097.7	
AC019100.3	1.826
AC019100.7	1.899
AC019109.1	4.418
AC019117.1	3.384
AC019117.2	2.408
AC019118.2	2.819
AC019118.3	2.103
AC019118.4	1.548
AC019129.1	2.1
AC019129.2	2.751
AC019171.1	1.92
AC019171.4	0.756
AC019172.2	3.699
AC019178.2	
AC019178.3	
AC019181.2	2.094
AC019181.3	0.82
AC019185.2	
AC019185.3	
AC019185.4	2.132
AC019186.1	1.898
AC019198.1	1.113
AC019201.1	0.419
AC019205.1	
AC019206.1	
AC019221.4	2.052
AC019330.1	2.118
AC019330.2	
AC019349.5	1.375
AC020550.7	
AC020571.3	1.529
AC020594.5	1.045
AC020595.1	1.191
AC020601.1	5.823
AC020606.1	
AC020626.1	2.759
AC020629.1	0.22
AC020636.1	
AC020663.1	-0.231
AC020703.1	2.395
AC020743.2	0.558
AC020743.3	2.335
AC020743.4	1.651
AC020892.1	-0.317
AC020895.1	-1.002
AC020900.1	-1.539
AC020907.1	2.074
AC020907.2	0.133
AC020910.1	1.539
AC020910.2	0.083
AC020915.2	1.637
AC020922.1	0.837
AC020952.1	2.745
AC020956.3	1.079
AC020983.5	
AC021016.6	-0.33
AC021016.7	1.065
AC021016.8	1.509
AC021021.1	2.467
AC021021.2	2.18
AC021106.1	-0.543
AC021188.4	0.586
AC021218.2	2.322
AC021224.1	0.931
AC021593.1	
AC021613.1	3.653
AC021654.1	
AC021660.1	1.18
AC021749.1	2.612
AC021760.1	
AC021818.1	1.583
AC021860.1	1.603
AC021876.4	
AC021887.1	5.195
AC022021.1	-0.611
AC022120.1	4.796
AC022142.1	1.278
AC022153.1	0.867
AC022154.7	1.476
AC022173.2	0.527
AC022182.1	2.676
AC022182.2	0.213
AC022182.3	3.076
AC022201.4	1.629
AC022201.5	2.375
AC022210.1	3.081
AC022210.2	1.893
AC022311.1	8.362
AC022400.2	
AC022431.1	1.736
AC022431.2	7.18
AC022431.3	0.611
AC022498.1	1.817
AC022532.1	1.642
AC022537.1	-0.504
AC022558.1	
AC022616.1	0.248
AC022716.1	4.782
AC022816.2	6.048
AC022819.1	-1.159
AC022819.2	-0.127
AC022819.3	1.336
AC022861.1	
AC022909.1	4.297
AC023050.1	3.516
AC023085.1	0.868
AC023115.1	2.431
AC023115.2	2.431
AC023115.4	2.131
AC023128.1	0.464
AC023128.2	0.296
AC023137.2	1.179
AC023158.1	
AC023271.1	0.586
AC023271.2	0.011
AC023347.1	4.488
AC023347.2	-1.113
AC023385.1	-0.766
AC023449.2	1.656
AC023469.1	2.348
AC023469.2	3.191
AC023481.1	0.67
AC023513.1	-0.025
AC023590.1	2.743
AC023593.1	
AC023632.1	0.4
AC023669.1	4.553
AC023669.2	4.804
AC023672.1	3.46
AC023672.2	2.201
AC023798.1	-2.407
AC024028.1	3.083
AC024082.3	1.543
AC024082.4	-0.155
AC024084.1	3.317
AC024132.1	1.757
AC024158.1	2.257
AC024162.2	1.244
AC024198.1	1.407
AC024560.2	3.9
AC024560.3	3.28
AC024568.1	
AC024569.1	
AC024590.1	3.17
AC024592.12	2.754
AC024592.9	2.054
AC024619.2	2.572
AC024704.2	2.403
AC024896.1	-0.809
AC024908.1	1.686
AC024937.2	1.162
AC024937.4	2.586
AC024940.1	
AC025016.1	1.499
AC025166.1	2.711
AC025171.1	0.297
AC025263.3	6.5
AC025284.1	0.445
AC025287.1	0.318
AC025335.1	1.206
AC025442.3	-0.264
AC025458.1	
AC025470.1	0.026
AC025627.4	1.563
AC025627.7	2.818
AC025627.9	1.565
AC025674.1	-1.392
AC025750.5	-0.547
AC025750.6	0.672
AC025750.7	0.3
AC025918.2	0.059
AC026150.5	
AC026167.1	2.663
AC026188.1	4.057
AC026202.1	-0.21
AC026202.3	2.482
AC026202.5	4.624
AC026214.2	0.514
AC026241.1	1.799
AC026310.1	0.818
AC026318.1	-2.046
AC026320.1	1.96
AC026357.1	4.104
AC026407.1	0.615
AC026461.1	0.754
AC026471.6	
AC026700.1	2.389
AC026703.1	1.747
AC026781.1	2.763
AC026797.1	1.682
AC026806.2	1.458
AC026882.1	2.283
AC026904.1	1.22
AC026954.6	1.466
AC026992.1	
AC027119.1	4.981
AC027124.2	2.324
AC027124.3	1.781
AC027228.1	-0.372
AC027238.1	3.808
AC027269.2	2.544
AC027307.2	1.313
AC027307.3	1.06
AC027309.1	2.246
AC027319.1	1.82
AC027319.2	1.97
AC027320.1	1.267
AC027601.1	1.526
AC027612.6	
AC027763.2	3.13
AC027806.1	2.87
AC032027.1	1.283
AC034102.1	-1.024
AC034110.1	2.368
AC034187.2	1.829
AC034187.3	0.197
AC034198.7	
AC034205.1	
AC034220.3	1.864
AC034228.2	0.717
AC034228.3	1.029
AC034228.4	2.594
AC034228.7	2.699
AC034229.1	0.622
AC034236.1	
AC034236.2	
AC034243.1	1.333
AC036178.1	
AC037199.1	0.546
AC037445.1	2.155
AC037459.4	1.039
AC040160.1	3.308
AC040163.1	3.123
AC040173.1	
AC040977.1	-1.617
AC046130.1	
AC046143.1	-0.092
AC046143.3	1.978
AC046143.6	1.693
AC051642.1	1.027
AC051649.6	0.796
AC053503.11	2.212
AC053503.2	2.083
AC053503.4	1.778
AC053503.6	2.585
AC055723.1	
AC055736.1	2.063
AC055764.1	
AC055811.5	1.801
AC055813.1	1.597
AC055873.1	5.084
AC060834.2	1.901
AC060834.3	4.229
AC060835.1	3.964
AC061961.2	2.438
AC061975.1	0.372
AC061975.10	2.244
AC061975.3	
AC061975.4	
AC061975.5	1.311
AC061975.6	1.378
AC061975.7	0.405
AC061975.9	0.461
AC061992.1	1.101
AC061992.2	3.223
AC062016.1	2.448
AC062016.2	3.836
AC062016.3	2.436
AC062017.1	3.554
AC062020.1	2.008
AC062020.2	5.278
AC062021.1	2.082
AC062022.1	0.18
AC062028.1	2.661
AC062029.1	1.251
AC062031.1	2.137
AC062032.1	2.235
AC063932.1	-1.763
AC063944.1	-0.084
AC063976.1	2.742
AC063976.2	2.145
AC063976.3	1.575
AC063976.7	1.333
AC063979.1	0.762
AC064834.1	3.323
AC064834.2	6.667
AC064834.3	2.351
AC064836.3	1.026
AC064837.1	
AC064847.4	2.094
AC064850.4	3.668
AC064852.4	0.902
AC064852.5	0.981
AC064853.2	-0.74
AC064853.3	2.667
AC064865.1	1.72
AC064871.3	4.962
AC064872.1	1.726
AC064874.1	1.61
AC064875.2	2.786
AC066593.1	1.888
AC066612.1	
AC066692.3	0.136
AC067718.1	-0.414
AC067735.1	1.492
AC067742.1	-0.042
AC067805.1	2.312
AC067852.1	
AC067940.1	-0.457
AC067945.2	0.15
AC067945.3	0.563
AC067945.4	2.528
AC067956.1	2.826
AC067957.1	3.294
AC067959.1	4.19
AC067960.1	3.684
AC067961.1	2.788
AC067968.3	1.943
AC067969.1	1.421
AC067969.2	0.594
AC068014.2	
AC068039.1	1.778
AC068039.4	1.449
AC068042.1	5.542
AC068044.1	1.537
AC068057.1	1.359
AC068057.2	1.698
AC068058.1	-0.524
AC068062.1	0.454
AC068134.10	1.633
AC068134.8	0.795
AC068135.1	3.003
AC068137.11	2.011
AC068137.13	1.785
AC068138.1	3.451
AC068196.1	1.569
AC068282.3	1.257
AC068286.1	5.571
AC068287.1	
AC068292.1	3.018
AC068483.1	6.589
AC068489.1	2.337
AC068490.1	1.562
AC068490.2	2.463
AC068491.2	1.273
AC068491.3	1.109
AC068492.1	3.267
AC068499.10	1.048
AC068522.4	0.669
AC068533.1	2.271
AC068533.7	1.437
AC068535.2	2.126
AC068535.3	0.318
AC068535.4	2.065
AC068535.5	1.19
AC068538.2	1.392
AC068538.4	1.473
AC068542.1	1.18
AC068542.2	0.849
AC068570.1	4.575
AC068610.3	1.457
AC068610.5	1.89
AC068620.1	-0.934
AC068657.2	
AC068706.1	3.493
AC068706.2	1.602
AC068718.1	2.272
AC068718.2	-0.507
AC068754.1	
AC068831.10	2.588
AC068831.12	2.588
AC068831.15	2.076
AC068831.3	1.67
AC068831.6	1.92
AC068858.1	1.905
AC068896.1	
AC068946.1	
AC068987.1	2.008
AC069067.1	2.278
AC069082.1	2.393
AC069154.4	2.243
AC069155.1	1.225
AC069157.1	2.177
AC069200.1	
AC069213.4	-0.551
AC069243.1	2.83
AC069257.8	
AC069277.2	4.384
AC069278.4	0.519
AC069280.1	1.469
AC069282.6	-0.288
AC069285.1	1.383
AC069286.1	
AC069287.1	
AC069294.1	1.265
AC069368.3	1.492
AC069394.1	2.387
AC069513.4	1.816
AC069547.1	0.894
AC069547.2	-0.358
AC072052.7	0.925
AC072061.2	3.331
AC072062.1	3.3
AC072062.3	2.451
AC073043.1	1.652
AC073046.25	1.422
AC073052.1	
AC073055.2	4.238
AC073063.1	0.651
AC073063.10	0.651
AC073065.3	2.278
AC073069.2	1.758
AC073071.1	3.119
AC073072.5	2.314
AC073072.6	2.803
AC073072.7	1.894
AC073082.3	
AC073089.1	1.711
AC073091.2	1.517
AC073094.4	2.799
AC073109.2	0.032
AC073115.6	4.171
AC073115.7	1.493
AC073127.1	
AC073128.10	2.493
AC073130.1	1.316
AC073130.3	2.937
AC073133.1	2.697
AC073133.2	2.014
AC073136.1	1.566
AC073143.1	3.469
AC073150.6	1.228
AC073215.1	
AC073218.1	4.134
AC073218.2	2.904
AC073218.3	2.715
AC073236.3	2.892
AC073254.1	2.016
AC073255.1	1.671
AC073257.1	7.226
AC073257.2	4.453
AC073264.10	1.745
AC073271.1	
AC073283.4	2.508
AC073283.7	2.597
AC073284.4	3.267
AC073316.1	2.416
AC073316.2	4.454
AC073320.1	1.031
AC073321.3	1.245
AC073321.4	0.793
AC073325.1	3.92
AC073325.2	-1.148
AC073331.2	2.33
AC073333.1	2.221
AC073333.8	2.104
AC073342.1	
AC073342.12	0.629
AC073343.1	1.289
AC073343.13	2.503
AC073343.2	1.596
AC073387.2	2.264
AC073409.1	2.901
AC073410.1	
AC073415.2	
AC073465.1	2.432
AC073465.2	1.944
AC073465.3	1.548
AC073479.1	4.729
AC073508.1	0.877
AC073528.1	0.452
AC073551.1	1.729
AC073569.1	0.61
AC073587.1	-0.097
AC073597.1	1.669
AC073610.5	2.254
AC073621.2	2.668
AC073626.2	0.524
AC073628.1	2.225
AC073635.5	1.365
AC073636.1	1.771
AC073641.2	0.702
AC073647.1	1.792
AC073657.1	0.846
AC073834.3	3.821
AC073842.18	1.485
AC073842.19	1.485
AC073850.6	0.336
AC073869.19	2.015
AC073900.4	1.119
AC073928.2	5.804
AC073934.6	0.924
AC073940.1	2.026
AC073957.15	2.187
AC073958.2	2.297
AC073973.1	2.401
AC073987.1	1.741
AC073987.2	2.637
AC074008.1	2.617
AC074011.2	1.673
AC074019.1	2.269
AC074019.2	5.41
AC074035.1	3.608
AC074091.13	1.165
AC074117.10	1.722
AC074117.13	-0.045
AC074121.4	3.051
AC074138.3	
AC074183.4	1.339
AC074212.3	1.806
AC074264.1	
AC074286.1	4.894
AC074289.1	2.643
AC074290.1	2.021
AC074323.1	2.07
AC074338.4	-0.821
AC074338.5	5.426
AC074363.1	3.181
AC074366.3	
AC074367.1	-0.548
AC074389.1	3.29
AC074389.5	3.508
AC074389.6	1.397
AC074389.7	-0.386
AC074389.9	1.635
AC074391.1	4.753
AC078828.1	1.311
AC078842.3	1.743
AC078842.4	1.651
AC078851.1	1.904
AC078851.2	4.447
AC078852.1	2.4
AC078852.2	0.854
AC078855.1	
AC078864.1	1.663
AC078864.2	2.832
AC078881.1	
AC078882.1	3.103
AC078883.3	0.458
AC078883.4	1.099
AC078925.1	1.844
AC078941.1	1.992
AC078942.1	1.394
AC078974.2	2.225
AC078988.1	3.927
AC078993.1	2.421
AC078994.2	2.469
AC079005.1	4.02
AC079080.1	1.268
AC079112.1	2.464
AC079117.1	1.36
AC079117.2	
AC079135.1	3.481
AC079140.1	
AC079145.4	2.049
AC079150.2	2.273
AC079150.3	2.304
AC079154.1	4.239
AC079163.1	2.76
AC079210.1	1.302
AC079233.1	-0.022
AC079248.1	4.995
AC079250.1	2.372
AC079298.1	3.936
AC079305.10	0.283
AC079305.11	1.585
AC079305.5	
AC079305.8	1.25
AC079325.5	1.06
AC079325.6	1.36
AC079340.1	1.304
AC079341.1	2.441
AC079354.1	1.776
AC079354.2	1.054
AC079354.3	0.55
AC079354.5	
AC079354.6	1.153
AC079412.1	3.58
AC079448.1	4.07
AC079466.1	1.2
AC079584.2	3.082
AC079586.1	2.821
AC079602.1	0.83
AC079603.1	2.122
AC079610.1	3.835
AC079610.2	2.313
AC079612.1	1.9
AC079612.2	2.516
AC079613.1	1.936
AC079630.2	1.775
AC079630.4	1.405
AC079741.2	-0.117
AC079742.4	-0.285
AC079753.1	0.791
AC079753.4	1.156
AC079753.5	1.28
AC079756.1	7.49
AC079767.3	1.236
AC079767.4	1.596
AC079772.1	3.042
AC079776.1	3.247
AC079776.2	3.049
AC079776.3	1.727
AC079776.4	
AC079779.4	1.232
AC079779.5	3.429
AC079779.6	2.162
AC079779.7	2.631
AC079780.3	0.98
AC079781.5	
AC079790.2	1.913
AC079799.2	1.917
AC079807.1	1.305
AC079807.2	1.053
AC079807.3	
AC079807.4	2.794
AC079809.2	2.718
AC079834.1	1.756
AC079834.2	
AC079896.1	2.54
AC079922.2	1.403
AC079922.3	1.542
AC079949.1	2.561
AC079987.2	0.629
AC079988.3	5.83
AC080002.1	5.627
AC080008.1	
AC080032.1	0.132
AC080037.1	0.124
AC080080.1	4.761
AC080094.1	4.713
AC080125.1	3.821
AC083760.1	1.903
AC083799.1	
AC083810.1	
AC083811.1	
AC083822.2	
AC083843.1	2.191
AC083843.2	2.474
AC083843.3	2.227
AC083862.6	1.573
AC083863.5	
AC083864.3	2.63
AC083867.4	2.887
AC083873.4	1.542
AC083875.2	
AC083884.8	3.441
AC083899.1	
AC083899.3	
AC083900.1	
AC083939.1	2.338
AC083949.1	4.151
AC084010.1	
AC084018.1	0.367
AC084082.3	1.459
AC084117.3	-0.458
AC084125.1	
AC084125.2	-0.511
AC084125.3	-0.393
AC084125.4	1.345
AC084149.1	1.632
AC084149.2	1.621
AC084193.1	3.335
AC084209.1	
AC084219.3	
AC084262.1	1.278
AC084262.2	2.91
AC084262.3	1.171
AC084290.2	
AC084357.1	2.598
AC084368.1	-0.051
AC084809.2	1.038
AC084809.3	1.321
AC084859.1	-0.486
AC084872.1	
AC087069.1	
AC087073.1	1.93
AC087163.2	
AC087163.3	1.778
AC087239.1	2.285
AC087269.1	0.982
AC087269.2	3.336
AC087294.2	1.131
AC087380.14	0.977
AC087392.1	0.754
AC087393.1	1.104
AC087430.1	4.422
AC087431.1	2.762
AC087433.1	1.807
AC087477.1	1.269
AC087491.2	1.643
AC087499.7	1.986
AC087501.1	1.874
AC087645.1	1.061
AC087650.1	0.97
AC087793.1	0.762
AC087897.1	3.817
AC089999.1	2.654
AC090015.1	1.314
AC090018.1	0.863
AC090043.1	4.558
AC090044.1	4.816
AC090044.2	6.25
AC090079.1	2.145
AC090103.1	-0.101
AC090133.1	2.639
AC090150.1	5.348
AC090186.1	-1.572
AC090206.1	0.279
AC090283.3	1.557
AC090286.2	1.153
AC090286.4	1.859
AC090324.1	1.42
AC090349.1	2.869
AC090425.1	0.309
AC090427.1	
AC090453.1	2.033
AC090505.1	3.012
AC090505.4	1.865
AC090505.5	2.405
AC090505.6	4.733
AC090519.1	
AC090519.2	1.83
AC090519.3	
AC090519.5	
AC090519.6	
AC090519.7	1.113
AC090559.2	0.227
AC090571.1	1.297
AC090573.1	1.279
AC090574.1	1.483
AC090587.2	0.762
AC090587.4	1.544
AC090587.5	1.544
AC090616.2	0.9
AC090617.1	-1.317
AC090625.1	1.023
AC090627.1	0.619
AC090644.1	1.542
AC090660.1	
AC090666.1	2.676
AC090673.1	0.413
AC090673.2	1.591
AC090692.1	
AC090696.2	1.785
AC090774.2	1.583
AC090804.1	1.118
AC090825.2	2.492
AC090939.1	1.882
AC090945.1	2.272
AC090952.5	2.172
AC090953.1	0.005
AC090954.5	2.292
AC090955.5	1.507
AC090957.2	0.749
AC091042.1	3.742
AC091069.1	
AC091096.1	
AC091132.1	1.75
AC091133.1	0.485
AC091150.1	0.515
AC091153.4	1.66
AC091167.1	-0.647
AC091167.3	1.381
AC091171.1	0.882
AC091177.1	0.432
AC091199.1	2.191
AC091320.1	1.393
AC091320.2	1.922
AC091321.1	4.72
AC091487.1	3.971
AC091492.2	
AC091493.1	-0.014
AC091493.2	2.319
AC091517.1	1.59
AC091559.1	0.963
AC091633.2	0.584
AC091633.3	0.413
AC091643.1	1.763
AC091652.2	3.01
AC091654.7	
AC091705.1	3.016
AC091705.2	1.904
AC091729.7	0.794
AC091729.8	0.406
AC091729.9	1.859
AC091736.1	1.503
AC091770.3	1.725
AC091801.1	2.41
AC091813.2	1.905
AC091814.2	1.491
AC091814.3	1.567
AC091866.1	1.477
AC091878.1	3.024
AC091948.1	0.981
AC091962.3	1.512
AC091969.1	4.596
AC092013.1	4.986
AC092017.1	2.25
AC092022.1	2.978
AC092038.1	
AC092038.2	0.433
AC092048.1	2.748
AC092066.6	2.506
AC092069.1	0.638
AC092071.1	-0.527
AC092106.1	1.402
AC092106.2	3.419
AC092122.1	1.828
AC092122.2	1.534
AC092143.1	0.863
AC092155.1	1.84
AC092155.4	1.536
AC092156.3	1.751
AC092159.2	0.972
AC092159.3	-0.31
AC092162.1	4.485
AC092162.2	1.48
AC092168.2	2.121
AC092168.3	1.214
AC092168.4	3.401
AC092170.1	4.926
AC092171.2	3.067
AC092171.4	1.63
AC092198.1	2.208
AC092265.1	1.622
AC092289.1	
AC092291.1	0.486
AC092295.4	1.517
AC092295.7	0.845
AC092301.3	0.775
AC092316.1	1.3
AC092316.2	
AC092329.1	2.417
AC092338.5	2.103
AC092364.2	-0.331
AC092377.1	2.248
AC092380.1	0.289
AC092384.1	1.664
AC092415.1	3.537
AC092421.1	2.896
AC092431.2	
AC092431.3	1.029
AC092463.1	0.163
AC092484.1	2.007
AC092535.3	0.737
AC092566.1	1.937
AC092568.1	2.904
AC092569.2	0.536
AC092570.1	1.393
AC092570.2	1.043
AC092570.3	5.337
AC092570.4	2.324
AC092573.2	1.763
AC092574.1	1.403
AC092574.2	0.101
AC092576.1	2.705
AC092578.1	6.153
AC092580.1	2.265
AC092580.2	1.661
AC092580.3	1.612
AC092580.4	2.57
AC092594.1	3.603
AC092597.3	0.779
AC092601.1	-0.603
AC092610.12	
AC092614.2	1.973
AC092619.1	2.972
AC092620.2	0.021
AC092620.3	3.285
AC092625.1	1.423
AC092628.3	3.767
AC092634.2	1.121
AC092635.1	3.561
AC092638.1	1.179
AC092638.2	2.04
AC092641.2	0.11
AC092642.1	0.308
AC092646.1	1.568
AC092646.2	1.553
AC092646.3	2.288
AC092652.1	2.474
AC092653.5	2.189
AC092657.2	1.827
AC092660.1	2.732
AC092661.1	2.569
AC092662.2	1.985
AC092662.6	0.419
AC092664.1	0.357
AC092667.2	-0.452
AC092669.2	5.644
AC092669.3	1.927
AC092669.6	5.644
AC092675.1	1.619
AC092675.3	2.593
AC092675.4	0.971
AC092684.1	4.887
AC092685.1	1.409
AC092687.3	1.417
AC092687.4	3.114
AC092687.5	2.06
AC092724.1	2.487
AC092755.4	1.686
AC092756.1	
AC092765.1	2.554
AC092782.1	1.345
AC092786.1	3.128
AC092796.1	-0.477
AC092798.1	
AC092798.2	
AC092811.1	0.082
AC092812.1	1.794
AC092835.2	1.71
AC092839.1	0.504
AC092839.3	1.472
AC092839.4	1.022
AC092846.1	2.833
AC092846.2	2.077
AC092849.1	0.804
AC092905.1	1.15
AC092925.1	2.563
AC092933.3	2.055
AC092933.4	2.123
AC092958.1	
AC092962.1	2.962
AC092964.1	1.642
AC092964.2	
AC092965.1	3.569
AC092988.1	2.527
AC092989.1	0.922
AC093074.1	1.012
AC093084.1	4.034
AC093106.4	1.231
AC093106.5	2.516
AC093106.6	5.162
AC093106.7	3.383
AC093107.7	0.513
AC093110.3	0.059
AC093142.2	-1.048
AC093157.1	
AC093159.1	1.636
AC093162.3	-0.295
AC093162.5	0.619
AC093166.1	2.411
AC093166.2	2.617
AC093166.3	2.564
AC093166.4	
AC093304.1	-1.116
AC093323.1	0.578
AC093323.3	1.643
AC093326.1	2.595
AC093326.2	2.082
AC093326.3	3.838
AC093334.1	2.246
AC093375.1	2.586
AC093376.1	
AC093381.2	2.388
AC093382.1	3.583
AC093388.3	0.891
AC093390.1	1.874
AC093391.2	4.108
AC093415.2	3.524
AC093430.1	2.008
AC093484.4	0.987
AC093495.4	0.426
AC093510.1	0.669
AC093515.1	3.33
AC093577.1	1.971
AC093585.6	1.097
AC093590.1	1.177
AC093609.1	1.927
AC093611.2	
AC093616.4	
AC093620.5	0.959
AC093627.10	
AC093627.11	2.29
AC093627.12	2.081
AC093639.1	1.372
AC093668.2	1.151
AC093668.3	
AC093673.5	1.956
AC093677.1	-1.367
AC093680.1	1.622
AC093690.1	0.574
AC093698.1	0.766
AC093698.2	2.368
AC093698.4	0.681
AC093700.1	
AC093702.1	4.982
AC093716.1	3.212
AC093732.1	3.164
AC093734.1	
AC093766.1	2.004
AC093786.1	5.153
AC093788.1	-0.791
AC093802.1	2.575
AC093807.1	
AC093816.1	0.884
AC093817.1	1.275
AC093818.1	1.963
AC093822.1	1.265
AC093824.1	2.386
AC093843.1	2.893
AC093844.1	2.749
AC093847.1	2.241
AC093850.1	
AC093850.2	-0.136
AC093874.1	4.708
AC093875.1	5.614
AC093887.1	
AC093899.3	1.944
AC093901.1	2.621
AC093911.1	2.309
AC094019.4	0.784
AC095030.1	0.292
AC095061.1	4.116
AC095064.1	
AC095067.1	1.708
AC096509.1	2.905
AC096546.1	
AC096553.5	2.315
AC096554.1	2.904
AC096558.1	2.724
AC096559.1	3.207
AC096559.2	1.122
AC096568.3	0.438
AC096570.1	2.667
AC096570.2	2.201
AC096574.4	1.671
AC096574.5	1.401
AC096579.13	
AC096579.7	
AC096633.1	
AC096643.1	2.232
AC096644.1	2.843
AC096645.1	2.129
AC096649.1	2.5
AC096649.2	1.472
AC096649.3	3.143
AC096649.4	0.941
AC096655.2	0.986
AC096664.1	-0.055
AC096664.2	1.397
AC096664.3	
AC096669.1	1.797
AC096669.2	2.915
AC096669.3	2.251
AC096670.3	1.584
AC096677.1	2.691
AC096732.2	
AC096763.1	1.203
AC096772.6	1.187
AC096775.2	0.421
AC096887.1	
AC096921.2	
AC096922.1	-0.606
AC096951.1	0.998
AC096971.1	2.172
AC097015.1	
AC097359.1	0.242
AC097359.2	0.494
AC097361.1	3.9
AC097372.1	1.33
AC097374.2	
AC097381.1	1.247
AC097382.1	-0.628
AC097382.5	0.84
AC097452.1	2.447
AC097455.1	
AC097461.4	1.696
AC097463.1	-1.212
AC097463.2	
AC097467.2	2.018
AC097468.4	2.921
AC097468.7	2.776
AC097470.1	4.818
AC097495.2	2.003
AC097495.3	0.899
AC097499.1	2.255
AC097499.2	3.55
AC097500.2	1.823
AC097523.1	1.982
AC097523.2	2.293
AC097523.3	3.073
AC097533.1	2.65
AC097635.5	1.747
AC097639.1	-0.035
AC097639.8	1.985
AC097658.1	1.299
AC097662.2	4.731
AC097713.2	-1.298
AC097713.3	2.272
AC097713.4	1.15
AC097713.5	2.319
AC097721.1	4.834
AC097721.2	4.034
AC097724.3	2.297
AC098592.6	2.963
AC098592.7	2.237
AC098592.8	3.19
AC098612.1	3.511
AC098614.1	1.933
AC098614.2	1.164
AC098614.3	3.149
AC098617.1	3.287
AC098650.1	0.606
AC098680.1	2.676
AC098784.1	0.636
AC098784.2	1.117
AC098789.1	1.122
AC098817.3	1.577
AC098817.5	2.905
AC098820.2	1.334
AC098820.3	0.986
AC098820.4	0.986
AC098823.3	1.805
AC098824.6	2.158
AC098828.2	2.16
AC098828.3	2.379
AC098830.1	0.472
AC098831.4	1.383
AC098847.1	1.929
AC098848.1	6.836
AC098872.3	4.097
AC098973.1	0.355
AC098973.2	3.587
AC099048.1	0.895
AC099326.1	
AC099332.1	1.318
AC099339.1	
AC099342.1	3.236
AC099344.1	1.046
AC099344.2	2.138
AC099344.3	3.023
AC099506.1	-1.719
AC099522.1	1.882
AC099522.2	2.176
AC099535.1	
AC099535.4	1.577
AC099537.1	
AC099540.1	2.779
AC099545.1	-1.022
AC099552.2	4.432
AC099552.3	3.175
AC099552.4	1.005
AC099668.5	
AC099669.1	2.799
AC099684.1	2.113
AC099754.1	2.549
AC099757.1	
AC099759.1	1.955
AC099778.1	1.764
AC099791.1	6.711
AC099796.1	2.33
AC099799.1	
AC099805.1	1.323
AC099850.1	1.864
AC100767.1	1.317
AC100791.1	2.248
AC100791.2	0.556
AC100802.3	2.131
AC100817.1	2.276
AC100830.3	2.4
AC100830.4	1.761
AC100830.5	-1.213
AC100832.1	
AC100848.1	1.97
AC100852.1	
AC102948.2	5.578
AC102953.4	0.642
AC102953.6	1.363
AC103563.2	
AC103563.3	
AC103563.4	
AC103563.5	
AC103563.6	
AC103563.7	
AC103563.8	
AC103563.9	
AC103564.6	
AC103801.1	-0.918
AC103801.2	0.58
AC103809.1	0.869
AC103809.2	1.262
AC103828.1	0.264
AC103863.1	
AC103881.1	2.189
AC103965.1	0.36
AC103974.1	1.429
AC104024.1	1.245
AC104024.2	1.917
AC104037.1	1.846
AC104057.1	0.596
AC104058.1	1.636
AC104076.2	2.903
AC104076.3	0.026
AC104088.1	3.606
AC104113.3	
AC104131.1	0.551
AC104133.1	4.021
AC104134.2	3.883
AC104135.2	0.996
AC104135.3	2.19
AC104135.4	1.672
AC104169.1	2.06
AC104183.1	3.418
AC104297.1	
AC104304.1	1.137
AC104306.1	1.115
AC104306.2	1.195
AC104306.4	2.454
AC104308.2	2.118
AC104331.1	2.431
AC104387.1	
AC104389.16	1.929
AC104389.28	3.096
AC104389.31	1.384
AC104389.32	1.457
AC104395.1	1.859
AC104395.2	0.023
AC104417.1	3.399
AC104434.1	2.26
AC104438.1	0.421
AC104441.1	4.948
AC104458.1	2.444
AC104472.1	0.702
AC104532.2	2.327
AC104532.3	-0.52
AC104532.4	2.327
AC104534.3	2.473
AC104600.1	1.14
AC104623.2	1.826
AC104637.1	2.751
AC104651.1	1.011
AC104651.2	0.024
AC104651.3	-0.531
AC104653.1	1.853
AC104654.1	2.337
AC104654.2	1.871
AC104655.2	1.578
AC104655.3	1.969
AC104667.3	1.346
AC104687.1	1.935
AC104695.3	1.583
AC104695.4	2.079
AC104697.1	5.729
AC104698.1	0.91
AC104698.2	2.237
AC104699.1	1.263
AC104772.1	0.584
AC104777.1	2.536
AC104777.2	4.743
AC104777.3	0.178
AC104777.4	2.521
AC104781.1	0.759
AC104782.3	1.711
AC104794.4	1.364
AC104801.1	3.261
AC104802.1	1.792
AC104809.2	2.031
AC104809.3	2.313
AC104809.4	1.815
AC104820.2	2.67
AC104837.1	1.973
AC104841.1	-2.277
AC104841.2	-0.09
AC104843.3	2.574
AC104843.4	2.804
AC104978.1	
AC104984.4	0.413
AC104986.1	
AC105020.1	1.323
AC105036.1	-0.962
AC105049.1	1.708
AC105053.3	5.072
AC105053.4	0.706
AC105081.1	1.922
AC105105.1	2.243
AC105206.1	0.201
AC105227.1	1.742
AC105242.1	2.13
AC105245.1	5.717
AC105247.1	
AC105252.1	4.566
AC105253.1	3.802
AC105316.1	
AC105339.1	0.926
AC105339.2	-0.18
AC105342.1	2.453
AC105344.2	2.106
AC105393.1	3.687
AC105393.2	2.354
AC105398.1	1.473
AC105398.3	1.602
AC105399.2	2.257
AC105402.2	
AC105402.3	
AC105402.4	
AC105443.2	3.284
AC105461.1	1.586
AC105760.2	2.713
AC105760.3	1.655
AC105761.1	1.989
AC105914.1	-0.471
AC105921.5	
AC105941.1	
AC106053.1	3.331
AC106706.1	1.438
AC106732.1	1.979
AC106736.1	1.599
AC106771.1	0.867
AC106782.20	4.077
AC106786.1	1.528
AC106795.1	0.79
AC106801.1	1.031
AC106827.1	0.479
AC106827.2	1.852
AC106860.1	2.724
AC106869.2	1.92
AC106870.1	0.489
AC106870.2	1.448
AC106873.4	-1.82
AC106874.1	2.464
AC106874.3	
AC106875.1	2.041
AC106876.2	1.335
AC106878.1	1.093
AC106883.1	1.963
AC106900.6	1.161
AC106901.1	2.7
AC107016.1	2.401
AC107021.1	1.062
AC107025.1	1.645
AC107057.1	4.006
AC107057.2	6.669
AC107070.1	2.784
AC107072.2	0.947
AC107079.1	2.469
AC107081.5	1.279
AC107083.1	-0.611
AC107218.3	5.774
AC107399.1	1.948
AC107399.2	1.477
AC107613.1	1.335
AC107622.1	1.575
AC107993.1	0.608
AC108004.2	3.701
AC108004.3	
AC108004.5	
AC108025.2	1.711
AC108039.1	2.68
AC108039.3	1.841
AC108051.1	1.974
AC108051.2	1.154
AC108051.3	1.474
AC108056.1	2.46
AC108057.1	2.187
AC108059.1	1.019
AC108059.2	-0.413
AC108059.4	-0.364
AC108066.1	0.697
AC108078.1	0.718
AC108105.1	3.016
AC108137.1	0.874
AC108142.1	2.862
AC108211.1	2.633
AC108448.2	0.904
AC108448.3	2.055
AC108462.1	0.607
AC108463.1	2.027
AC108463.2	0.951
AC108488.3	1.428
AC108488.4	0.686
AC108676.1	2.125
AC108683.1	3.227
AC108696.1	2.684
AC108697.1	2.805
AC108721.1	2.782
AC108721.2	0.312
AC108739.1	4.67
AC108865.1	5.043
AC108868.1	1.764
AC108868.3	1.508
AC108868.6	1.99
AC109333.10	
AC109351.1	2.527
AC109583.1	2.153
AC109589.1	1.247
AC109631.1	1.093
AC109638.1	2.053
AC109642.1	5.55
AC109815.2	2.524
AC109826.1	1.837
AC109828.1	0.885
AC109829.1	1.635
AC109925.1	1.93
AC109994.1	-0.488
AC110056.1	1.81
AC110084.1	1.282
AC110086.1	1.421
AC110299.5	1.026
AC110611.1	2.262
AC110615.1	0.712
AC110619.1	1.16
AC110619.2	1.16
AC110620.1	
AC110620.2	2.962
AC110754.3	2.377
AC110769.1	-0.042
AC110769.3	1.461
AC110771.1	2.074
AC110781.3	1.62
AC110794.1	1.504
AC110810.1	2.849
AC110926.4	3.209
AC111155.1	
AC111186.1	3.659
AC111194.1	2.593
AC111200.1	
AC111200.2	
AC112198.1	6.141
AC112200.1	1.281
AC112205.1	1.294
AC112211.3	0.122
AC112219.1	2.407
AC112220.2	1.736
AC112229.6	2.222
AC112504.1	-0.57
AC112518.3	2.205
AC112693.1	2.037
AC112693.2	3.031
AC112715.2	2.125
AC112721.1	1.884
AC112721.2	4.105
AC112778.1	1.976
AC113167.1	1.261
AC113167.2	2.052
AC113171.1	
AC113189.5	0.199
AC113195.1	3.208
AC113208.1	5.481
AC113331.9	0.878
AC113342.1	
AC113607.1	3.2
AC113607.2	1.586
AC113607.3	2.37
AC113608.1	4.626
AC113610.1	1.465
AC113617.1	1.593
AC113618.1	3.344
AC114296.1	0.578
AC114494.1	1.5
AC114546.1	1.6
AC114730.11	1.067
AC114730.2	
AC114730.3	1.813
AC114730.5	1.196
AC114730.7	-0.172
AC114730.8	1.33
AC114752.1	1.513
AC114752.2	1.544
AC114752.3	1.007
AC114755.2	1.901
AC114755.3	1.913
AC114755.4	1.005
AC114760.1	-0.336
AC114763.1	1.412
AC114765.1	3.149
AC114765.2	3.149
AC114776.3	2.1
AC114783.1	2.678
AC114788.1	1.609
AC114788.2	2.328
AC114798.1	1.798
AC114803.3	2.389
AC114808.2	2.118
AC114808.3	0.795
AC114812.10	1.16
AC114812.5	-0.137
AC114812.8	1.197
AC114812.9	1.398
AC114813.1	2.508
AC114814.2	5.288
AC114814.3	2.589
AC114814.4	2.285
AC114877.1	5.54
AC114877.3	1.207
AC114969.1	
AC114973.1	2.815
AC115115.2	0.415
AC115115.3	-0.605
AC115115.4	1.037
AC115283.1	2.347
AC115522.3	1.396
AC115617.2	
AC115618.1	0.965
AC116035.1	2.973
AC116035.2	1.776
AC116038.2	0.941
AC116050.1	
AC116345.1	2.21
AC116351.1	1.315
AC116351.2	2.251
AC116366.5	1.098
AC116366.6	0.588
AC116407.1	0.63
AC116407.2	-0.009
AC116533.1	1.545
AC116533.2	1.381
AC116606.1	1.92
AC116609.1	0.745
AC116609.2	1.605
AC116609.3	1.924
AC116614.1	0.884
AC117401.1	2.506
AC117444.1	1.422
AC117479.1	1.665
AC117481.1	1.891
AC117490.2	1.348
AC117834.1	1.228
AC117947.1	0.483
AC118063.1	-0.646
AC118138.2	-0.409
AC118344.1	
AC118345.1	1.794
AC118345.2	1.464
AC118463.1	
AC118653.2	2.789
AC118754.4	0.984
AC119403.1	2.303
AC119673.1	0.056
AC119674.1	1.992
AC120120.1	
AC120194.1	0.709
AC121251.1	1.186
AC121336.1	
AC121757.1	0.506
AC122129.1	0.815
AC122136.1	2.895
AC122136.2	1.833
AC122714.1	1.959
AC122720.1	4.062
AC123023.1	1.554
AC123767.1	0.354
AC123900.2	0.01
AC124057.5	2.899
AC124309.1	-1.29
AC124789.1	0.944
AC124853.1	1.618
AC124861.1	1.666
AC124861.2	5.486
AC124890.1	1.01
AC124914.3	
AC124944.4	2.144
AC124944.5	2.334
AC124997.1	3.546
AC125232.1	
AC125238.2	1.336
AC125238.3	1.189
AC125387.1	
AC125421.1	3.141
AC126177.1	1.308
AC126182.1	2.394
AC126365.1	2.996
AC126614.1	0.109
AC126763.1	2.171
AC127383.1	1.752
AC127391.3	
AC127496.1	1.333
AC127904.2	-0.564
AC128653.1	3.3
AC128709.1	1.659
AC128709.2	2.21
AC128709.3	2.696
AC128709.4	1.409
AC129492.6	0.766
AC130360.8	
AC130462.1	
AC130464.1	2.049
AC130469.2	0.547
AC130689.1	0.364
AC130689.5	0.768
AC130710.1	2.897
AC131012.1	-1.561
AC131025.8	1.785
AC131056.6	2.595
AC131094.1	1.659
AC131213.1	1.971
AC131254.1	
AC131568.1	-0.928
AC131571.1	
AC131571.2	
AC131935.1	5.301
AC131971.1	2.054
AC132008.1	
AC132186.1	0.772
AC132192.1	0.2
AC132216.1	1.088
AC132217.4	0.285
AC132479.4	
AC132660.1	1.275
AC132803.1	1.584
AC132807.1	0.594
AC132872.1	0.377
AC132872.2	-0.103
AC133106.2	2.789
AC133141.1	
AC133528.2	2.337
AC133633.1	2.637
AC133633.2	3.674
AC133644.3	
AC133680.1	3.974
AC133749.1	0.647
AC133785.1	2.265
AC133965.1	
AC134025.1	
AC134300.1	1.981
AC134698.1	
AC134729.1	1.612
AC135048.1	0.798
AC135048.13	1.158
AC135050.5	0.678
AC135178.1	2.047
AC135999.2	
AC136188.1	1.866
AC136289.1	2.167
AC136297.1	-0.029
AC136365.1	
AC136604.1	1.59
AC136896.1	0.645
AC137056.1	1.882
AC137527.2	3.774
AC137674.1	2.22
AC137674.2	1.786
AC137675.1	2.523
AC137723.5	0.825
AC137932.1	1.74
AC137932.5	0.465
AC137932.6	1.165
AC138123.1	0.528
AC138430.4	2.893
AC138472.4	
AC138472.6	1.046
AC138517.1	1.583
AC138517.4	2.073
AC138517.5	1.013
AC138623.1	4.186
AC138647.1	3.553
AC138655.1	3.043
AC138655.4	1.368
AC138655.6	1.64
AC138710.1	
AC138744.2	3.4
AC138761.1	
AC138783.11	2.24
AC138965.1	2.525
AC138969.4	
AC139085.1	3.534
AC139085.2	1.656
AC139099.4	
AC139100.2	1.328
AC139100.3	0.458
AC139451.1	0.72
AC139452.2	2.203
AC139453.1	1.534
AC139530.1	1.089
AC139712.1	2.035
AC139712.2	1.644
AC139712.4	3.969
AC139768.1	1.094
AC139887.4	1.212
AC139931.1	3.561
AC140061.1	0.89
AC140061.10	-0.375
AC140061.11	0.928
AC140061.12	-0.096
AC140061.2	0.924
AC140061.3	-0.397
AC140061.4	-0.325
AC140061.5	0.922
AC140061.6	
AC140061.7	0.989
AC140061.9	
AC140479.1	2.229
AC140481.1	
AC140481.7	
AC140481.9	1.109
AC140542.2	1.476
AC140912.1	2.671
AC141586.5	1.163
AC141928.1	4.086
AC141930.2	3.69
AC142119.1	
AC142293.3	2.579
AC142528.1	2.251
AC143336.1	
AC144449.1	2.122
AC144450.1	4.785
AC144450.2	
AC144521.1	4.716
AC144525.1	
AC144530.1	
AC144568.2	2.078
AC144573.1	0.73
AC144652.1	2.68
AC144833.1	1.369
AC144835.1	1.833
AC144836.1	5.14
AC145110.1	2.518
AC145123.2	1.887
AC145436.1	
AC145676.2	
AC147651.1	
AC147651.2	
AC147651.3	1.966
AC147651.4	2.038
AC147651.5	1.689
AC151960.1	0.753
AC152005.1	0.734
AC152010.1	2.387
AC156455.1	2.323
AC174470.1	1.319
AC195454.1	2.304
AC226150.3	1.195
AC226150.4	0.717
AC231656.1	2.703
AC233263.2	
ACA59	4.63
ACA64	2.119
ACAA1	1.864
ACAA2	1.302
ACACA	3.441
ACACB	3.262
ACAD10	2.295
ACAD11	1.662
ACAD8	1.109
ACAD9	1.029
ACADL	1.074
ACADM	1.704
ACADS	1.417
ACADSB	1.53
ACADVL	1.168
ACAN	3.173
ACAP1	0.776
ACAP2	4.036
ACAP2-IT1	1.139
ACAP3	3.307
ACAT1	1.242
ACAT2	1.86
ACBD3	2.004
ACBD4	0.601
ACBD5	1.326
ACBD6	3.739
ACBD7	2.377
ACCS	2.018
ACCSL	4.193
ACD	2.533
ACE	2.58
ACE2	1.609
ACE3P	1.078
ACER1	2.786
ACER2	3.561
ACER3	3.322
ACHE	1.442
ACIN1	4.562
ACKR2	1.752
ACKR3	4.568
ACKR4	0.713
ACLY	2.946
ACMSD	4.859
ACN9	1.391
ACO1	1.946
ACO2	1.603
ACOT11	1.621
ACOT12	2.011
ACOT13	1.171
ACOT2	2.742
ACOT4	1.887
ACOT6	1.897
ACOT7	5.028
ACOT8	2.125
ACOT9	1.748
ACOX1	2.455
ACOX2	1.655
ACOX3	2.831
ACOXL	2.63
ACP1	1.663
ACP2	1.24
ACP5	
ACP6	2.203
ACPL2	3.186
ACPP	2.283
ACR	1.325
ACRBP	1.276
ACRC	1.703
ACRV1	5.08
ACSBG1	2.231
ACSBG2	2.799
ACSF2	4.3
ACSF3	3.25
ACSL1	3.008
ACSL3	5.628
ACSL4	1.491
ACSL5	1.805
ACSL6	4.663
ACSM1	2.532
ACSM2A	4.964
ACSM2B	4.654
ACSM3	4.018
ACSM4	2.035
ACSM5	4.776
ACSS1	2.062
ACSS2	1.765
ACSS3	2.512
ACTA1	0.617
ACTA2	1.246
ACTA2-AS1	2.174
ACTB	2.663
ACTBL2	0.384
ACTBP1	1.656
ACTBP12	
ACTBP13	1.489
ACTBP14	2.669
ACTBP2	0.903
ACTBP6	1.195
ACTBP7	0.119
ACTBP8	2.397
ACTBP9	1.458
ACTC1	1.332
ACTG1	2.04
ACTG1P1	1.263
ACTG1P10	
ACTG1P13	3.326
ACTG1P3	
ACTG1P4	
ACTG1P9	2.312
ACTG2	2.225
ACTL10	-0.115
ACTL6A	1.612
ACTL6B	3.665
ACTL7A	1.365
ACTL7B	2.053
ACTL8	2.134
ACTL9	1.718
ACTN1	2.669
ACTN1-AS1	1.242
ACTN2	3.154
ACTN3	1.676
ACTN4	2.569
ACTN4P1	4.744
ACTN4P2	0.538
ACTR10	0.867
ACTR1A	2.751
ACTR2	1.99
ACTR3	4.706
ACTR3B	5.022
ACTR3BP2	
ACTR3BP3	
ACTR3BP4	-1.447
ACTR3BP5	
ACTR3BP6	3.149
ACTR3C	3.27
ACTR3P2	0.748
ACTR3P3	2.254
ACTR5	1.633
ACTR6	2.334
ACTR6P1	4.364
ACTR8	1.012
ACTRT1	3.218
ACTRT2	2.97
ACTRT3	0.976
ACVR1	4.298
ACVR1B	1.758
ACVR1C	5.386
ACVR2A	1.836
ACVR2B	2.819
ACVR2B-AS1	1.173
ACVRL1	1.706
ACY1	1.069
ACY3	1.529
ACYP1	1.39
ACYP2	2.566
AD000090.2	-0.032
AD000092.3	-0.139
AD000671.6	2.305
AD000684.2	1.981
ADA	2.922
ADAD1	3.307
ADAD1P2	
ADAD2	2.758
ADAL	2.414
ADAM10	3.105
ADAM11	1.153
ADAM12	5.881
ADAM15	1.248
ADAM17	4.031
ADAM18	2.237
ADAM19	2.653
ADAM1A	1.653
ADAM2	2.184
ADAM20	1.559
ADAM20P1	1.551
ADAM20P2	1.907
ADAM20P3	5.849
ADAM21	1.622
ADAM21P1	1.649
ADAM22	2.558
ADAM23	2.405
ADAM24P	4.691
ADAM28	2.516
ADAM29	3.226
ADAM30	
ADAM32	1.944
ADAM33	2.978
ADAM3A	2.287
ADAM3B	0.403
ADAM5	3.762
ADAM7	2.224
ADAM8	2.381
ADAM9	2.344
ADAMDEC1	3.092
ADAMTS1	3.13
ADAMTS10	2.626
ADAMTS12	4.898
ADAMTS13	1.23
ADAMTS14	3.806
ADAMTS15	
ADAMTS16	3.146
ADAMTS17	3.529
ADAMTS18	3.237
ADAMTS19	3.381
ADAMTS19-AS1	1.411
ADAMTS2	3.063
ADAMTS20	3.275
ADAMTS3	4.9
ADAMTS4	2.149
ADAMTS5	2.745
ADAMTS6	1.715
ADAMTS7	1.866
ADAMTS8	3.951
ADAMTS9	2.666
ADAMTS9-AS1	2.666
ADAMTS9-AS2	2.764
ADAMTSL1	3.266
ADAMTSL2	2.207
ADAMTSL3	2.402
ADAMTSL4	1.888
ADAMTSL4-AS1	0.074
ADAMTSL5	1.436
ADAP1	3.345
ADAP2	1.825
ADAR	1.122
ADARB1	3.987
ADARB2	5.036
ADARB2-AS1	3.421
ADAT1	1.799
ADAT2	1.961
ADC	2.692
ADCK1	4.722
ADCK2	2.28
ADCK3	2.839
ADCK4	2.228
ADCK5	0.978
ADCY1	2.613
ADCY10	4.584
ADCY10P1	1.713
ADCY2	2.719
ADCY3	2.366
ADCY4	2.25
ADCY5	3.779
ADCY6	3.384
ADCY7	2.067
ADCY8	2.697
ADCY9	3.122
ADCYAP1	1.663
ADCYAP1R1	3.268
ADD1	3.734
ADD2	2.177
ADD3	2.761
ADGB	5.016
ADH1A	1.642
ADH1B	2.217
ADH1C	1.931
ADH4	2.049
ADH5	1.9
ADH5P2	3.025
ADH5P3	1.506
ADH5P4	2.018
ADH6	0.673
ADH7	2.257
ADHFE1	1.686
ADI1	2.196
ADIG	2.738
ADIPOQ	1.831
ADIPOQ-AS1	0.562
ADIPOR1	1.627
ADIPOR1P1	2.563
ADIPOR1P2	1.449
ADIPOR2	3.202
ADIRF	1.477
ADIRF-AS1	1.677
ADK	2.37
ADM	1.222
ADM2	1.079
ADM5	1.253
ADNP	2.845
ADNP2	1.031
ADO	2.238
ADORA1	1.856
ADORA2A	0.951
ADORA2A-AS1	1.473
ADORA2B	1.452
ADORA2BP	1.94
ADORA3	2.496
ADPGK	1.386
ADPGK-AS1	1.386
ADPRH	2.073
ADPRHL1	3.303
ADPRHL2	1.591
ADPRM	1.107
ADRA1A	3.927
ADRA1B	2.907
ADRA1D	2.327
ADRA2A	2.54
ADRA2B	1.451
ADRA2C	7.274
ADRB1	2.806
ADRB2	1.954
ADRB3	1.329
ADRBK1	1.995
ADRBK2	5.842
ADRM1	1.837
ADSL	3.003
ADSS	4.134
ADSSL1	1.532
ADTRP	2.493
AE000658.22	0.635
AE000658.25	2.458
AE000658.27	1.669
AE000658.30	1.3
AE000658.31	1.924
AE000659.1	3.019
AE000660.1	2.454
AE000661.36	1.328
AE000661.37	3.9
AE000661.50	0.243
AE000662.92	2.438
AE000662.93	0.779
AEBP1	1.703
AEBP2	3.7
AEN	1.971
AES	2.379
AF001548.5	2.119
AF001548.6	
AF001550.7	0.727
AF003529.2	1.762
AF003625.3	3.528
AF003626.1	4.276
AF011889.2	1.298
AF013593.1	2.141
AF015262.2	0.801
AF015720.3	0.972
AF038458.3	1.564
AF038458.4	
AF038458.5	1.128
AF064858.10	2.042
AF064858.11	2.763
AF064858.6	2.791
AF064858.7	2.707
AF064858.8	3.009
AF064860.5	4.597
AF064860.7	1.178
AF067845.1	3.431
AF096876.1	5.679
AF104455.1	2.75
AF121897.4	1.872
AF121898.1	1.006
AF121898.2	
AF121898.3	3.17
AF124730.4	1.237
AF127577.10	0.638
AF127577.11	1.161
AF127577.12	3.754
AF127577.8	4.055
AF127936.3	3.685
AF127936.5	1.427
AF127936.7	0.876
AF129075.5	0.435
AF129408.17	
AF131215.1	1.762
AF131215.2	1.217
AF131215.3	0.604
AF131215.4	0.878
AF131215.5	0.688
AF131215.6	0.823
AF131215.8	2.293
AF131215.9	1.465
AF131216.5	1.83
AF131216.6	1.94
AF131217.1	3.267
AF146191.4	3.51
AF165138.7	3.189
AF178030.2	1.483
AF186192.1	0.253
AF186192.5	1.971
AF186192.6	1.723
AF196779.1	0.234
AF196779.12	0.208
AF196970.3	1.257
AF196972.9	1.842
AF207550.1	
AF212831.2	2.897
AF213884.1	2.455
AF213884.2	2.848
AF216667.1	1.983
AF224669.3	
AF230666.2	0.661
AF235103.1	0.222
AF238380.8	0.248
AF240627.2	2.126
AF241725.1	2.142
AF241725.4	4.633
AF241725.6	1.683
AF241726.2	
AF241726.4	0.922
AF277315.13	
AF277315.19	1.365
AFAP1	3.153
AFAP1-AS1	2.367
AFAP1L1	1.969
AFAP1L2	5.402
AFF1	1.571
AFF2	3.423
AFF3	2.197
AFF4	2.756
AFG3L1P	1.987
AFG3L2	1.827
AFG3L2P1	2.794
AFM	1.532
AFMID	2.4
AFP	2.086
AFTPH	1.919
AGA	3.351
AGAP1	3.55
AGAP1-IT1	1.13
AGAP11	1.675
AGAP2	2.404
AGAP2-AS1	0.253
AGAP3	2.481
AGAP5	2.574
AGAP6	
AGAP8	
AGBL1	3.482
AGBL1-AS1	1.362
AGBL2	3.092
AGBL3	2.673
AGBL4	3.955
AGBL4-IT1	1.721
AGBL5	1.52
AGBL5-AS1	-0.132
AGBL5-IT1	
AGER	2.918
AGFG1	6.005
AGFG2	1.81
AGGF1	1.229
AGGF1P3	0.701
AGK	4.245
AGL	2.536
AGMAT	1.948
AGMO	3.214
AGO1	2.333
AGO2	3.574
AGO3	2.989
AGO4	2.005
AGPAT1	2.333
AGPAT2	1.504
AGPAT3	1.834
AGPAT4	3.587
AGPAT5	3.853
AGPAT6	1.468
AGPAT9	1.58
AGPS	2.554
AGR2	6.193
AGR3	1.566
AGRN	3.778
AGRP	1.389
AGT	2.649
AGTPBP1	2.461
AGTR1	3.169
AGTR2	2.535
AGTRAP	2.992
AGXT	2.121
AGXT2	2.008
AHCTF1	3.567
AHCTF1P1	
AHCY	2.596
AHCYL1	2.981
AHCYL2	2.537
AHCYP2	2.259
AHCYP3	3.944
AHCYP4	2.674
AHCYP5	1.237
AHCYP7	1.734
AHDC1	1.457
AHI1	2.064
AHNAK	2.662
AHNAK2	2.501
AHR	1.059
AHRR	3.6
AHSA1	2.717
AHSA2	-0.043
AHSG	2.057
AHSP	1.922
AICDA	
AIDA	1.949
AIF1	-0.306
AIF1L	2.33
AIFM1	4.717
AIFM1P1	1.23
AIFM2	2.921
AIFM3	1.382
AIG1	3.116
AIG1P1	
AIM1	2.652
AIM1L	1.613
AIM2	3.2
AIMP1	1.109
AIMP1P1	
AIMP2	2.084
AIP	1.207
AIPL1	2.967
AIRE	2.478
AIRN	1.289
AJ003147.8	1.417
AJ003147.9	5.42
AJ006995.3	
AJ006998.2	2.745
AJ009632.3	2.057
AJ239321.3	
AJ239322.1	
AJ239322.3	
AJAP1	2.573
AJUBA	1.425
AK1	2.187
AK2	2.277
AK2P2	1.713
AK3	2.551
AK3P3	1.077
AK3P4	2.449
AK3P5	0.159
AK4	6.681
AK4P2	1.975
AK4P3	1.143
AK4P4	1.799
AK4P5	1.957
AK4P6	2.894
AK5	3.488
AK7	1.644
AK8	2.463
AK9	4.788
AKAP1	2.32
AKAP10	1.886
AKAP11	2.742
AKAP12	3.447
AKAP13	3.5
AKAP14	1.595
AKAP16BP	1.664
AKAP2	3.37
AKAP3	2.481
AKAP4	1.157
AKAP5	5.131
AKAP6	4.769
AKAP7	2.658
AKAP8	2.357
AKAP8L	4.329
AKAP9	1.068
AKIP1	1.951
AKIRIN1	1.909
AKIRIN2	2.82
AKNA	1.672
AKNAD1	3.662
AKR1A1	1.966
AKR1B1	1.609
AKR1B10	2.059
AKR1B10P1	2.332
AKR1B10P2	2.484
AKR1B15	1.762
AKR1B1P1	1.621
AKR1B1P2	1.102
AKR1B1P4	1.938
AKR1B1P6	2.482
AKR1B1P7	1.791
AKR1B1P8	1.73
AKR1C1	5.368
AKR1C2	3.178
AKR1C3	2.997
AKR1C4	1.736
AKR1C5P	1.751
AKR1C6P	2.189
AKR1C7P	2.528
AKR1CL1	1.397
AKR1D1	2.034
AKR1D1P1	1.244
AKR1E2	2.701
AKR7A2	0.942
AKR7A2P1	
AKR7A3	0.996
AKR7L	1.243
AKT1	2.16
AKT1S1	1.86
AKT2	2.66
AKT3	2.327
AKT3-IT1	1.269
AKTIP	2.529
AL008708.1	0.211
AL008721.1	2.08
AL008733.1	1.302
AL009050.1	2.197
AL009178.1	0.98
AL020993.1	0.638
AL020996.1	-0.3
AL021068.1	1.796
AL021394.1	1.975
AL021398.1	-1.156
AL021546.6	3.804
AL021707.1	
AL021707.2	
AL021977.1	
AL022237.3	1.43
AL022328.1	-0.101
AL022341.1	0.414
AL022341.3	-0.521
AL022344.7	2.004
AL022345.7	2.22
AL022393.7	0.879
AL022400.1	
AL022476.2	2.676
AL023583.1	0.627
AL023807.1	
AL031055.1	2.164
AL031176.1	1.41
AL031320.1	1.547
AL031390.1	4.083
AL031590.1	1.767
AL031601.1	
AL031602.1	1.207
AL031653.1	2.81
AL031655.1	
AL031663.1	4.348
AL031663.2	4.1
AL031666.2	1.921
AL031721.1	-0.623
AL031768.1	
AL033381.1	5.435
AL033528.1	1.985
AL034400.1	0.887
AL034449.1	2.901
AL034548.1	0.817
AL035045.1	2.014
AL035106.1	
AL035250.1	6.224
AL035252.1	1.222
AL035406.1	
AL035457.1	5.943
AL035460.1	
AL035467.1	1.823
AL035588.1	0.387
AL035610.1	3.775
AL035610.2	2.529
AL035681.1	0.356
AL049539.1	
AL049542.1	-0.445
AL049610.1	
AL049747.1	1.472
AL049758.2	-0.951
AL049798.1	1.501
AL049829.1	-0.3
AL049831.1	1.498
AL049840.1	0.593
AL049871.1	1.368
AL050302.1	
AL050303.1	1.928
AL050316.1	-0.282
AL050335.1	1.899
AL078585.1	2.547
AL079339.1	3.383
AL079342.1	1.886
AL080243.1	1.523
AL080272.1	3.18
AL080274.1	0.323
AL080276.1	
AL096677.1	0.917
AL096700.1	2.559
AL096869.1	
AL109618.1	1.617
AL109658.1	0.312
AL109749.1	3.992
AL109750.1	2.012
AL109754.1	1.041
AL109761.5	2.087
AL109763.1	2.691
AL109763.2	3.529
AL109767.1	0.644
AL109805.1	
AL109806.1	-1.371
AL109922.2	0.746
AL109927.1	
AL109947.2	
AL110292.1	0.073
AL117190.2	
AL117190.3	1.239
AL117380.1	3.149
AL117380.2	2.392
AL118506.1	
AL118508.1	-0.231
AL118509.1	
AL118525.1	2.686
AL121578.2	1.622
AL121578.5	0.346
AL121578.7	-0.774
AL121584.1	
AL121588.1	2.768
AL121652.2	1.272
AL121652.3	0.336
AL121656.5	1.381
AL121657.4	1.553
AL121748.1	2.305
AL121761.1	2.132
AL121761.2	1.742
AL121819.1	2.325
AL121865.1	
AL121875.1	1.745
AL121895.1	1.319
AL121898.1	1.824
AL121901.1	0.636
AL121914.1	3.549
AL121931.1	6.467
AL121932.1	1.091
AL121952.1	
AL121963.1	
AL121987.1	0.775
AL121988.1	-0.498
AL132671.1	
AL132709.1	2.602
AL132709.2	0.903
AL132709.3	
AL132709.5	1.298
AL132709.8	1.287
AL132768.1	0.686
AL132796.1	3.695
AL132819.1	1.854
AL132868.1	
AL132875.1	1.574
AL132989.1	0.789
AL133167.1	2.953
AL133168.3	0.91
AL133228.1	
AL133232.1	4.067
AL133244.1	1.897
AL133245.2	1.895
AL133247.2	1.992
AL133247.3	3.038
AL133249.1	1.406
AL133262.1	1.263
AL133269.1	2.311
AL133318.1	5.221
AL133373.1	1.983
AL133376.1	
AL133458.1	2.156
AL133481.1	1.369
AL133493.2	1.958
AL135784.1	1.164
AL135791.1	
AL135901.1	1.87
AL135998.1	0.984
AL136001.1	
AL136090.1	2.375
AL136115.1	
AL136123.1	1.907
AL136137.1	2.556
AL136160.1	1.863
AL136218.1	2.357
AL136302.1	2.11
AL136303.1	
AL136376.1	2.939
AL136380.1	0.465
AL136419.6	0.46
AL136531.1	-0.184
AL136967.1	4.407
AL136985.1	1.907
AL136987.1	1.808
AL137002.1	1.032
AL137019.1	2.679
AL137024.1	
AL137026.1	2.143
AL137059.1	
AL137118.1	1.427
AL137190.1	2.982
AL137798.1	2.169
AL137846.1	
AL138479.3	1.797
AL138498.1	2.643
AL138706.1	
AL138710.1	0.658
AL138764.1	0.713
AL138815.1	0.826
AL138815.2	
AL138834.1	1.063
AL138837.1	1.429
AL138847.1	
AL138919.1	3.156
AL138925.1	-1.337
AL138930.2	-0.952
AL138935.1	-0.28
AL138963.1	1.95
AL138999.1	0.905
AL139022.1	
AL139080.1	3.563
AL139099.1	1.305
AL139147.1	2.276
AL139151.1	3.304
AL139319.1	1.371
AL139333.1	
AL139377.1	0.909
AL139385.1	0.878
AL139429.1	
AL139812.1	1.805
AL139815.1	1.34
AL139819.1	0.764
AL139821.1	2.452
AL157359.3	2.522
AL157359.4	2.2
AL157392.1	-0.184
AL157407.1	
AL157702.1	2.908
AL157775.1	4.938
AL157788.1	1.634
AL157830.1	5.721
AL157871.1	1.294
AL157871.2	0.81
AL157883.1	2.707
AL157884.1	2.361
AL157902.3	2.071
AL157904.1	3.662
AL157931.1	2.888
AL158069.1	0.833
AL158077.1	2.676
AL158091.1	1.517
AL158111.1	2.205
AL158147.1	2.002
AL158147.2	
AL158150.1	-0.866
AL158151.1	2.28
AL158154.1	3.41
AL158155.1	
AL159140.1	1.555
AL159977.1	1.665
AL160037.1	0.066
AL160056.1	2.784
AL160175.1	
AL160269.1	
AL160274.1	-0.831
AL160275.1	
AL160279.1	1.965
AL160286.1	2.043
AL160471.6	1.446
AL161421.1	1.843
AL161450.1	1.428
AL161452.1	2.355
AL161626.1	1.596
AL161645.1	
AL161645.2	2.368
AL161652.1	1.69
AL161668.5	2.078
AL161669.1	0.809
AL161723.1	4.084
AL161731.1	1.544
AL161740.1	
AL161751.1	1.54
AL161784.1	0.652
AL161793.1	
AL161898.1	-0.041
AL161908.1	1.454
AL161915.1	0.957
AL162151.3	6.083
AL162151.4	4.156
AL162389.1	2.766
AL162407.1	0.787
AL162419.1	2.586
AL162424.1	1.267
AL162431.1	0.865
AL162458.1	
AL162497.1	
AL162511.1	2.48
AL162571.1	1.565
AL162574.1	1.264
AL162614.1	-0.946
AL162711.1	
AL162759.1	1.19
AL162853.1	1.524
AL163636.6	
AL163760.1	2.234
AL163952.1	1.999
AL163952.2	1.277
AL163953.2	0.187
AL163953.3	4.137
AL353583.1	
AL353662.2	
AL353662.3	0.884
AL353664.1	3.189
AL353671.1	
AL353671.2	
AL353671.3	1.261
AL353671.4	1.061
AL353698.1	1.228
AL353707.1	3.149
AL353751.1	-0.597
AL353803.1	4.945
AL353805.1	1.52
AL353898.1	
AL353898.2	1.373
AL353898.3	-0.283
AL354720.1	1.96
AL354732.1	-0.714
AL354741.1	2.333
AL354775.1	1.532
AL354806.1	2.895
AL354808.1	
AL354808.2	1.405
AL354896.1	-0.712
AL354898.1	1.894
AL354928.1	
AL354933.1	0.61
AL354936.1	3.013
AL354981.1	0.636
AL354984.1	1.916
AL354984.2	1.427
AL354984.3	2.055
AL354993.1	0.815
AL355149.2	2.212
AL355353.1	1.711
AL355390.1	2.246
AL355490.1	0.257
AL355490.2	0.706
AL355512.1	
AL355512.2	-0.413
AL355531.1	-0.671
AL355531.2	0.313
AL356131.1	1.896
AL356137.1	1.99
AL356140.1	2.537
AL356154.1	3.605
AL356214.1	2.95
AL356215.1	3.342
AL356261.1	
AL356309.1	1.683
AL356310.1	
AL356356.1	0.566
AL356458.1	2.745
AL356475.1	1.07
AL356479.1	2.098
AL356693.1	3.623
AL356739.1	4.94
AL356740.1	0.074
AL356865.1	1.086
AL356865.2	2.439
AL357060.1	1.07
AL357153.1	1.551
AL357514.1	0.872
AL357519.1	4.847
AL357519.2	3.22
AL357673.1	0.444
AL357932.1	3.263
AL357936.1	1.111
AL358113.1	-0.663
AL358133.1	2.757
AL358134.2	3.282
AL358333.1	-1.665
AL358340.1	0.43
AL358354.1	2.339
AL358781.1	
AL358813.2	
AL358813.3	
AL358815.1	-1.22
AL359091.1	
AL359091.2	2.432
AL359538.1	1.14
AL359546.1	2.029
AL359552.1	1.903
AL359693.1	
AL359709.1	3.484
AL359709.2	3.831
AL359753.1	1.22
AL359757.1	3.388
AL359771.1	1.44
AL359815.1	-0.016
AL359832.1	0.057
AL359851.1	0.591
AL359853.1	1.696
AL359878.1	1.737
AL359987.1	3.314
AL360004.1	1.961
AL360007.1	2.185
AL360078.1	1.71
AL360176.1	1.014
AL360181.1	-1.625
AL360297.1	
AL365181.1	2.109
AL365202.1	2.348
AL365331.2	2.183
AL365361.1	1.109
AL365502.1	-0.806
AL390036.1	2.41
AL390119.1	1.815
AL390240.1	0.446
AL390335.1	3.771
AL390778.1	2.737
AL390877.1	1.666
AL390966.1	1.512
AL391005.1	2.59
AL391056.1	1.36
AL391117.1	3.726
AL391152.1	2.437
AL391261.1	1.861
AL391319.1	-0.365
AL391357.1	0.341
AL391375.1	1.999
AL391384.1	
AL391416.1	1.466
AL391417.1	2.934
AL391421.1	-0.196
AL391538.1	3.079
AL391559.1	3.04
AL391650.1	1.211
AL391803.1	1.118
AL391839.1	-0.368
AL391867.1	5.395
AL392086.1	
AL392111.1	0.905
AL441883.1	0.951
AL442639.1	6.258
AL445074.1	2.012
AL445199.1	-0.11
AL445204.1	2.243
AL445258.1	2.292
AL445384.1	2.514
AL445523.1	1.725
AL445665.2	
AL445675.1	3.557
AL445989.1	1.844
AL449083.1	2.919
AL450226.2	0.523
AL450244.1	2.829
AL450307.1	2.277
AL450307.2	5.947
AL450423.1	2.489
AL450992.2	1.744
AL450992.6	0.526
AL451051.1	1.749
AL451105.1	-1.404
AL512359.1	1.73
AL512505.1	2.283
AL512635.1	4.077
AL512638.1	1.232
AL512640.1	3.858
AL512652.1	1.044
AL512655.1	4.06
AL512791.1	1.197
AL513123.1	2.022
AL513327.1	0.601
AL513344.1	2.106
AL513477.1	1.186
AL513478.1	
AL513487.1	3.156
AL583784.1	2.376
AL583828.1	0.993
AL589642.1	1.207
AL589663.1	1.304
AL589685.1	-0.951
AL589736.1	1.265
AL589739.1	
AL589743.1	
AL589765.1	0.888
AL589947.1	2.488
AL589986.2	0.259
AL590084.1	0.511
AL590113.1	
AL590226.1	1.998
AL590285.1	3.074
AL590369.1	1.299
AL590391.1	
AL590403.1	-1.567
AL590452.1	
AL590483.1	1.484
AL590489.1	-1.517
AL590558.1	4.038
AL590560.1	2.292
AL590639.1	0.809
AL590683.1	1.416
AL590683.2	2.049
AL590684.1	2.644
AL590703.1	-0.866
AL590708.2	
AL590710.1	0.504
AL590714.1	0.491
AL590726.1	
AL590726.2	2.063
AL590762.6	0.727
AL590762.7	1.235
AL590763.1	1.602
AL590763.5	0.23
AL590787.1	
AL590812.1	
AL590822.1	1.05
AL590822.2	1.944
AL590867.1	2.64
AL590874.1	4.212
AL591025.1	1.544
AL591034.1	1.997
AL591069.1	
AL591377.1	-0.226
AL591415.1	2.598
AL591471.1	
AL591516.1	
AL591516.2	-1.528
AL591516.3	0.19
AL591516.4	
AL591668.1	0.344
AL591704.5	1.516
AL591708.1	1.563
AL591925.1	3.71
AL592063.1	2.634
AL592205.1	5.69
AL592205.2	1.927
AL592284.1	
AL592294.1	1.607
AL592310.1	
AL592528.1	0.549
AL596092.1	1.611
AL596137.1	-0.472
AL596220.1	
AL596268.1	1.649
AL596329.1	3.948
AL596330.1	
AL603632.1	3.19
AL603650.2	3.104
AL603650.3	2.773
AL603650.4	1.848
AL603766.1	1.088
AL606500.1	-0.531
AL606519.1	4.962
AL606923.1	3.403
AL607076.1	3.061
AL611946.1	0.43
AL626787.1	1.308
AL627171.1	1.953
AL627171.2	
AL645608.1	
AL645728.1	1.042
AL645728.2	1.603
AL645728.3	1.987
AL645730.2	-0.976
AL645819.1	3.831
AL645859.1	
AL645941.1	0.356
AL645944.1	2.011
AL646016.1	1.222
AL662890.1	4.179
AL662890.3	1.738
AL669914.1	2.433
AL671972.1	3.156
AL672294.1	2.669
AL672296.1	
AL691452.1	
AL691479.1	1.849
AL713997.1	0.789
AL731561.2	
AL773604.8	1.018
AL807752.1	0.954
AL844165.1	-0.672
AL845321.1	
AL928654.1	
AL928874.1	
AL929472.1	-1.202
AL953885.1	1.298
AL954742.1	0.769
ALAD	1.425
ALAS1	1.462
ALAS2	2.129
ALB	2.005
ALCAM	5.094
ALDH16A1	2.141
ALDH18A1	4.756
ALDH1A1	2.974
ALDH1A2	5.47
ALDH1A3	2.633
ALDH1B1	2.053
ALDH1L1	2.538
ALDH1L1-AS1	1.239
ALDH1L1-AS2	1.79
ALDH1L2	2.291
ALDH2	2.939
ALDH3A1	1.66
ALDH3A2	1.413
ALDH3B1	0.998
ALDH3B2	1.456
ALDH4A1	4.199
ALDH5A1	5.729
ALDH6A1	3.827
ALDH7A1	2.642
ALDH7A1P1	0.096
ALDH7A1P2	-0.263
ALDH7A1P3	3.008
ALDH7A1P4	1.944
ALDH8A1	1.627
ALDH9A1	1.36
ALDOA	1.367
ALDOAP1	3.248
ALDOAP2	0.617
ALDOB	2.112
ALDOC	2.909
ALG1	3.141
ALG10	1.179
ALG10B	3.502
ALG11	0.631
ALG12	3.43
ALG13	2.64
ALG13-AS1	
ALG14	2.269
ALG1L2	0.518
ALG1L5P	2.911
ALG1L6P	1.928
ALG1L8P	1.378
ALG2	1.68
ALG3	0.937
ALG3P1	1.37
ALG5	2.139
ALG6	3.442
ALG8	0.709
ALG9	3.059
ALG9-IT1	0.696
ALK	5.092
ALKBH1	2.024
ALKBH2	1.278
ALKBH3	2.84
ALKBH3-AS1	2.84
ALKBH4	1.02
ALKBH5	4.488
ALKBH6	1.119
ALKBH7	1.93
ALKBH8	1.656
ALLC	3.111
ALMS1	2.504
ALMS1-IT1	-0.631
ALMS1P	2.897
ALOX12	1.689
ALOX12B	1.381
ALOX12P1	2.211
ALOX12P2	3.13
ALOX15	3.589
ALOX15B	1.837
ALOX15P2	2.21
ALOX5	1.745
ALOX5AP	2.312
ALOXE3	1.94
ALPI	1.509
ALPK1	1.98
ALPK2	5.717
ALPK3	1.751
ALPL	2.589
ALPP	0.795
ALPPL2	0.899
ALS2	3.616
ALS2CL	1.817
ALS2CR11	2.031
ALS2CR12	1.575
ALX1	3.285
ALX3	1.626
ALX4	2.415
ALYREF	1.304
AMACR	2.216
AMBN	2.79
AMBP	2.537
AMBRA1	1.961
AMD1	2.931
AMD1P1	3.318
AMDHD1	1.542
AMDHD2	0.825
AMELX	0.669
AMER1	1.205
AMER2	1.525
AMER2-AS1	2.065
AMER3	
AMFR	2.552
AMH	1.102
AMHR2	0.908
AMICA1	3.594
AMIGO1	2.017
AMIGO2	2.674
AMIGO3	0.023
AMMECR1	2.462
AMMECR1-IT1	0.232
AMMECR1L	1.966
AMMECR1LP1	
AMN	1.597
AMN1	1.817
AMOT	1.939
AMOTL1	3.163
AMOTL2	2.094
AMPD1	1.339
AMPD2	1.758
AMPD3	2.746
AMPH	3.879
AMT	
AMTN	2.461
AMY1C	1.782
AMY2A	
AMY2B	
AMYP1	
AMZ1	2.149
AMZ2	1.663
AMZ2P1	1.452
AMZ2P2	-0.153
ANAPC1	4.428
ANAPC10	1.576
ANAPC10P1	
ANAPC11	2.175
ANAPC13	0.896
ANAPC15	1.47
ANAPC16	3.659
ANAPC1P1	
ANAPC2	2.964
ANAPC4	3.971
ANAPC5	3.962
ANAPC7	1.207
ANG	
ANGEL1	2.747
ANGEL2	2.445
ANGPT1	4.638
ANGPT2	3.0
ANGPT4	2.714
ANGPTL1	0.134
ANGPTL2	1.301
ANGPTL3	
ANGPTL4	1.183
ANGPTL5	1.897
ANGPTL6	3.039
ANGPTL7	2.09
ANHX	2.883
ANK1	3.294
ANK2	6.522
ANK3	4.768
ANKAR	4.05
ANKDD1A	1.326
ANKDD1B	2.469
ANKEF1	2.813
ANKFN1	5.606
ANKFY1	1.022
ANKH	2.458
ANKHD1	4.67
ANKHD1-EIF4EBP3	4.67
ANKIB1	
ANKK1	0.954
ANKLE1	1.062
ANKLE2	2.029
ANKMY1	4.358
ANKMY2	1.641
ANKRA2	2.278
ANKRD1	1.904
ANKRD10	1.88
ANKRD10-IT1	0.439
ANKRD11	2.703
ANKRD12	1.889
ANKRD13A	2.133
ANKRD13B	1.753
ANKRD13C	2.825
ANKRD13D	2.461
ANKRD16	2.574
ANKRD17	2.007
ANKRD18A	3.241
ANKRD18B	1.4
ANKRD18CP	1.609
ANKRD18EP	0.193
ANKRD19P	2.089
ANKRD2	1.652
ANKRD20A10P	0.669
ANKRD20A19P	2.338
ANKRD20A2	
ANKRD20A3	
ANKRD20A4	
ANKRD20A5P	
ANKRD20A7P	
ANKRD20A8P	
ANKRD22	1.985
ANKRD23	1.737
ANKRD24	2.353
ANKRD26	2.08
ANKRD26P1	
ANKRD26P2	1.377
ANKRD26P3	2.368
ANKRD26P4	1.529
ANKRD27	2.538
ANKRD28	1.891
ANKRD29	2.673
ANKRD30A	2.465
ANKRD30B	1.591
ANKRD30BP1	
ANKRD30BP3	1.241
ANKRD31	3.045
ANKRD32	2.011
ANKRD33	2.93
ANKRD33B	2.717
ANKRD33B-AS1	1.069
ANKRD34A	
ANKRD34B	2.25
ANKRD34C	1.745
ANKRD35	1.676
ANKRD36	1.73
ANKRD36BP1	1.829
ANKRD36BP2	
ANKRD36C	2.63
ANKRD37	1.014
ANKRD39	1.737
ANKRD40	0.844
ANKRD42	3.548
ANKRD44	4.521
ANKRD44-IT1	2.05
ANKRD45	1.503
ANKRD46	2.531
ANKRD49	1.097
ANKRD50	2.468
ANKRD52	1.003
ANKRD53	1.637
ANKRD54	1.501
ANKRD54P1	0.715
ANKRD55	2.526
ANKRD6	2.11
ANKRD60	2.824
ANKRD61	0.19
ANKRD62	3.547
ANKRD63	-0.522
ANKRD65	2.58
ANKRD66	2.669
ANKRD7	1.963
ANKRD9	1.521
ANKS1A	5.279
ANKS1B	4.213
ANKS3	2.785
ANKS4B	2.69
ANKS6	1.751
ANKUB1	2.824
ANKZF1	2.938
ANLN	3.071
ANO1	2.403
ANO1-AS1	-0.636
ANO1-AS2	1.606
ANO10	2.275
ANO2	3.939
ANO3	4.944
ANO4	4.241
ANO5	3.383
ANO6	2.707
ANO7	1.993
ANO7P1	1.522
ANO8	2.596
ANO9	2.355
ANP32A	
ANP32AP1	2.027
ANP32B	1.285
ANP32BP1	1.405
ANP32BP2	2.075
ANP32BP3	1.606
ANP32C	-0.508
ANP32D	1.407
ANP32E	3.516
ANPEP	4.327
ANTXR1	4.483
ANTXR2	3.749
ANXA1	2.217
ANXA10	2.118
ANXA11	1.351
ANXA13	3.952
ANXA2	4.953
ANXA2P1	-0.722
ANXA2P2	1.56
ANXA2P3	4.578
ANXA2R	1.146
ANXA3	1.745
ANXA4	2.622
ANXA5	2.792
ANXA6	1.75
ANXA7	1.46
ANXA8L1	
ANXA9	1.471
AOAH	1.701
AOAH-IT1	-0.133
AOC1	2.85
AOC2	1.719
AOC3	1.302
AOC4P	1.961
AOX1	3.806
AOX2P	3.944
AOX3P	2.9
AP000146.2	2.106
AP000221.1	2.232
AP000226.9	0.566
AP000230.1	2.067
AP000233.3	2.078
AP000233.4	2.923
AP000235.2	5.651
AP000235.3	1.762
AP000240.9	-1.12
AP000244.1	1.397
AP000244.11	2.852
AP000251.3	1.406
AP000253.1	2.034
AP000254.8	-0.754
AP000255.6	1.889
AP000261.1	-0.219
AP000265.1	4.184
AP000266.7	1.5
AP000275.64	1.547
AP000275.65	3.57
AP000281.1	
AP000281.2	1.263
AP000282.2	2.804
AP000282.3	0.033
AP000289.6	2.101
AP000290.7	1.576
AP000295.10	1.699
AP000295.9	1.472
AP000301.1	
AP000302.58	0.808
AP000304.1	-0.658
AP000304.12	3.272
AP000318.2	2.701
AP000320.6	4.287
AP000320.7	2.701
AP000322.53	1.53
AP000322.54	0.981
AP000330.8	2.005
AP000344.3	3.254
AP000345.1	2.881
AP000345.2	1.706
AP000345.4	2.993
AP000347.2	1.148
AP000349.1	0.662
AP000350.10	5.016
AP000350.4	1.513
AP000351.13	1.89
AP000354.4	0.411
AP000355.2	0.835
AP000356.2	1.003
AP000357.4	1.422
AP000358.5	1.458
AP000361.2	2.086
AP000362.1	1.833
AP000402.3	3.455
AP000403.3	1.461
AP000431.1	3.378
AP000431.2	2.646
AP000432.2	6.706
AP000436.4	1.056
AP000438.2	1.482
AP000438.4	-1.916
AP000439.1	2.968
AP000439.2	2.132
AP000439.3	2.618
AP000439.5	2.421
AP000442.1	2.176
AP000442.4	1.838
AP000445.1	1.512
AP000445.2	1.493
AP000459.4	2.956
AP000459.7	3.511
AP000462.1	-0.713
AP000462.2	2.211
AP000462.3	1.646
AP000469.2	2.408
AP000470.2	2.685
AP000472.2	1.811
AP000472.3	2.79
AP000473.5	5.17
AP000473.6	1.767
AP000473.8	3.447
AP000474.1	5.083
AP000475.2	2.692
AP000476.1	6.944
AP000477.2	-0.094
AP000477.3	1.575
AP000478.1	1.931
AP000479.1	2.724
AP000487.4	
AP000487.5	4.01
AP000487.6	1.793
AP000525.10	
AP000525.9	
AP000563.2	1.465
AP000567.27	1.61
AP000568.2	-0.204
AP000569.9	
AP000580.1	
AP000593.6	3.569
AP000593.7	-1.778
AP000619.5	1.023
AP000619.6	2.279
AP000620.1	1.86
AP000640.10	0.723
AP000640.2	2.235
AP000641.1	1.077
AP000647.3	0.419
AP000654.4	1.507
AP000654.5	-0.685
AP000662.4	1.146
AP000662.9	
AP000679.2	0.629
AP000688.1	1.852
AP000688.11	1.455
AP000688.14	1.698
AP000688.15	0.776
AP000688.29	1.385
AP000688.8	1.317
AP000692.10	2.001
AP000692.9	0.467
AP000695.1	3.545
AP000695.4	5.032
AP000695.6	3.156
AP000696.2	2.938
AP000697.6	3.766
AP000704.5	1.422
AP000705.6	0.875
AP000705.7	5.676
AP000705.8	1.41
AP000708.1	1.112
AP000721.4	1.752
AP000745.1	0.576
AP000758.1	
AP000765.1	1.513
AP000769.1	1.832
AP000769.7	
AP000769.8	1.475
AP000770.1	2.497
AP000781.1	
AP000783.1	1.703
AP000797.1	2.458
AP000797.2	2.442
AP000797.3	2.496
AP000797.4	5.272
AP000807.1	0.828
AP000807.2	1.439
AP000855.4	2.109
AP000857.2	-1.718
AP000857.3	1.228
AP000859.4	
AP000860.2	1.715
AP000866.1	2.76
AP000868.1	2.115
AP000889.1	1.332
AP000889.2	
AP000889.3	1.129
AP000892.4	1.407
AP000892.8	-1.076
AP000925.2	-0.534
AP000936.1	-0.725
AP000936.2	0.332
AP000936.4	1.813
AP000936.5	1.575
AP000946.2	5.149
AP000949.1	1.887
AP000959.2	2.198
AP000962.2	1.97
AP000974.1	1.824
AP000997.1	0.451
AP000997.2	1.27
AP000998.2	2.806
AP001007.1	1.456
AP001024.1	0.634
AP001024.2	1.173
AP001029.1	
AP001032.1	1.609
AP001042.1	1.5
AP001043.1	1.573
AP001044.2	0.193
AP001046.5	2.328
AP001046.6	2.264
AP001048.4	0.869
AP001053.11	2.47
AP001055.1	2.842
AP001055.6	1.91
AP001056.1	1.616
AP001057.1	2.809
AP001058.3	2.868
AP001059.5	0.016
AP001062.1	
AP001062.7	1.83
AP001062.8	0.338
AP001062.9	1.688
AP001063.1	1.273
AP001065.15	0.765
AP001065.2	1.265
AP001065.7	1.787
AP001069.1	0.917
AP001092.4	0.618
AP001094.1	-0.314
AP001136.2	1.064
AP001137.1	-0.816
AP001171.1	2.994
AP001172.2	2.68
AP001172.3	0.079
AP001178.1	
AP001187.1	0.635
AP001187.11	0.166
AP001189.4	1.589
AP001205.1	
AP001255.2	4.997
AP001257.1	1.405
AP001258.4	0.474
AP001258.5	
AP001266.1	0.487
AP001271.3	
AP001282.1	
AP001324.1	0.235
AP001331.1	1.927
AP001340.1	2.18
AP001342.1	-0.073
AP001347.6	1.651
AP001350.1	
AP001362.1	0.544
AP001372.2	1.897
AP001412.1	1.452
AP001421.1	-0.811
AP001422.3	2.478
AP001425.14	2.23
AP001427.1	-0.23
AP001429.1	0.674
AP001432.14	1.558
AP001434.2	-0.129
AP001437.1	4.37
AP001439.2	1.183
AP001442.2	1.342
AP001462.6	1.747
AP001465.5	2.35
AP001468.1	0.785
AP001468.58	1.01
AP001469.5	0.768
AP001469.7	0.552
AP001469.9	0.297
AP001471.1	1.832
AP001476.2	2.462
AP001476.3	1.849
AP001476.4	2.105
AP001482.1	2.177
AP001505.9	2.633
AP001525.1	1.465
AP001537.1	-0.177
AP001579.1	-0.544
AP001595.1	2.212
AP001596.6	2.924
AP001597.1	2.924
AP001601.2	2.176
AP001604.3	2.347
AP001605.4	2.244
AP001607.1	2.847
AP001610.5	0.999
AP001610.9	1.71
AP001615.9	-0.025
AP001619.2	-0.8
AP001619.3	0.715
AP001623.1	2.22
AP001625.4	-0.059
AP001625.5	0.364
AP001625.6	0.983
AP001626.1	2.35
AP001626.2	1.342
AP001627.1	1.868
AP001628.6	1.762
AP001628.7	3.326
AP001630.5	1.338
AP001631.1	1.745
AP001631.10	1.348
AP001631.9	2.063
AP001634.1	
AP001816.1	1.726
AP001877.1	-0.686
AP001885.1	-0.467
AP001888.1	1.545
AP001891.1	3.112
AP001925.1	-0.575
AP002348.1	0.956
AP002353.1	1.626
AP002364.1	-0.547
AP002381.2	2.18
AP002387.1	2.873
AP002414.1	2.575
AP002498.1	
AP002517.1	-0.549
AP002530.2	3.76
AP002761.1	-0.656
AP002806.1	2.541
AP002833.1	-0.953
AP002856.4	2.976
AP002856.5	5.738
AP002856.6	2.753
AP002856.7	2.069
AP002884.2	0.046
AP002884.3	
AP002954.3	
AP002954.4	1.983
AP002954.6	1.539
AP002956.1	0.068
AP002958.1	2.197
AP003025.2	2.871
AP003026.1	
AP003027.1	1.333
AP003039.3	
AP003041.1	
AP003041.2	4.068
AP003062.1	2.21
AP003068.12	
AP003068.17	1.017
AP003068.18	0.904
AP003068.23	1.403
AP003068.6	0.203
AP003068.9	-0.675
AP003096.1	2.936
AP003356.1	1.578
AP003385.2	1.147
AP003419.11	2.536
AP003419.16	1.921
AP003471.1	
AP003471.2	
AP003550.1	1.815
AP003733.1	2.507
AP003774.1	0.495
AP003774.4	1.585
AP003774.5	0.898
AP003774.6	1.146
AP004242.1	-1.226
AP004289.1	0.156
AP004289.2	
AP004290.1	
AP004372.1	1.663
AP004550.1	2.313
AP005019.3	1.994
AP005019.4	3.856
AP005118.1	-0.616
AP005227.1	-0.2
AP005271.1	2.069
AP005273.1	2.854
AP005482.1	1.686
AP005718.1	0.25
AP006216.10	-0.322
AP006216.11	0.254
AP006216.12	2.62
AP006216.5	2.091
AP006285.1	1.523
AP006285.6	2.009
AP006285.7	2.4
AP006288.1	1.349
AP006547.3	1.92
AP006621.1	0.255
AP006621.5	1.358
AP006621.6	
AP006621.8	1.308
AP006621.9	1.543
AP006748.1	1.779
AP1AR	2.522
AP1B1	2.881
AP1B1P1	1.594
AP1B1P2	1.516
AP1G1	2.661
AP1G2	
AP1M1	3.396
AP1M2	0.632
AP1S1	2.649
AP1S2	0.986
AP1S3	4.051
AP2A1	2.801
AP2A2	4.407
AP2B1	3.581
AP2M1	1.271
AP2S1	1.561
AP3B1	2.717
AP3B2	0.884
AP3D1	3.862
AP3M1	0.969
AP3M2	1.771
AP3S1	1.46
AP3S2	2.886
AP4B1	1.539
AP4B1-AS1	1.749
AP4E1	1.764
AP4M1	3.649
AP4S1	2.123
AP5B1	1.768
AP5M1	1.307
AP5S1	4.534
AP5Z1	2.642
APAF1	2.778
APBA1	3.831
APBA2	4.602
APBA3	0.935
APBB1	
APBB1IP	2.485
APBB2	3.853
APBB3	1.606
APC	2.837
APC2	2.67
APCDD1	2.534
APCDD1L	1.918
APCDD1L-AS1	3.521
APCS	0.983
APEH	0.009
APEX1	0.182
APEX2	1.137
APH1A	0.401
APH1B	1.454
API5	1.959
API5P1	2.016
API5P2	0.589
APIP	1.827
APITD1	1.435
APITD1-CORT	1.435
APLF	1.482
APLN	2.974
APLNR	1.047
APLP1	0.654
APLP2	4.907
APMAP	4.059
APOA1	3.051
APOA1BP	0.809
APOA2	0.615
APOA4	2.322
APOA5	2.8
APOB	2.01
APOBEC1	2.982
APOBEC2	1.723
APOBEC3AP1	0.936
APOBEC4	2.872
APOBR	1.904
APOC1	2.269
APOC1P1	1.479
APOC2	5.934
APOC3	2.591
APOC4	5.934
APOC4-APOC2	5.934
APOD	3.272
APOE	0.681
APOF	1.591
APOH	2.092
APOL1	1.196
APOL2	2.388
APOL3	2.522
APOL4	1.715
APOL5	1.776
APOL6	2.434
APOLD1	4.536
APOM	3.292
APOO	2.02
APOOL	1.816
APOOP1	0.777
APOOP2	3.453
APOOP3	1.119
APOOP4	1.297
APOOP5	3.142
APOPT1	1.36
APP	2.284
APPBP2	4.722
APPL1	1.6
APPL2	2.012
APRT	1.061
APTX	2.418
AQP1	3.829
AQP10	2.168
AQP11	0.839
AQP12A	1.1
AQP12B	1.974
AQP2	1.787
AQP3	3.176
AQP4	2.04
AQP4-AS1	2.785
AQP5	1.037
AQP6	2.812
AQP7	1.346
AQP7P2	
AQP7P3	
AQP8	2.066
AQP9	2.098
AQPEP	5.27
AQR	4.988
AR	2.339
ARAF	1.889
ARAP1	1.276
ARAP1-AS1	1.276
ARAP1-AS2	1.235
ARAP2	4.524
ARAP3	2.429
ARC	1.788
ARCN1	1.116
AREG	2.808
AREGB	1.455
AREL1	1.347
ARF1	0.871
ARF1P1	1.661
ARF1P2	
ARF1P3	
ARF3	1.737
ARF4	2.448
ARF4P2	1.261
ARF4P3	-0.401
ARF4P4	1.9
ARF5	0.828
ARF6	1.91
ARFGAP1	0.814
ARFGAP2	3.122
ARFGAP3	1.42
ARFGEF1	1.701
ARFGEF2	2.175
ARFIP1	2.858
ARFIP2	0.247
ARFRP1	0.586
ARG1	1.914
ARG2	1.338
ARGFX	2.477
ARGFXP1	1.274
ARGFXP2	-0.043
ARGLU1	2.277
ARHGAP1	1.622
ARHGAP10	4.326
ARHGAP11A	
ARHGAP11B	1.009
ARHGAP12	2.256
ARHGAP15	3.946
ARHGAP17	1.696
ARHGAP18	3.899
ARHGAP19	4.176
ARHGAP19-SLIT1	4.176
ARHGAP20	4.797
ARHGAP21	2.466
ARHGAP22	3.608
ARHGAP22-IT1	1.286
ARHGAP23	2.991
ARHGAP23P1	
ARHGAP24	3.675
ARHGAP25	2.59
ARHGAP26	4.69
ARHGAP26-AS1	3.539
ARHGAP26-IT1	0.521
ARHGAP27	2.158
ARHGAP28	6.254
ARHGAP29	1.457
ARHGAP30	1.668
ARHGAP31	4.258
ARHGAP31-AS1	1.049
ARHGAP32	4.226
ARHGAP33	2.769
ARHGAP35	1.985
ARHGAP36	2.131
ARHGAP39	3.45
ARHGAP4	1.921
ARHGAP40	2.593
ARHGAP42	3.343
ARHGAP44	3.062
ARHGAP5	5.004
ARHGAP5-AS1	1.123
ARHGAP6	2.614
ARHGAP8	5.6
ARHGAP9	3.267
ARHGDIA	1.782
ARHGDIB	1.291
ARHGDIG	3.122
ARHGEF1	2.45
ARHGEF10	3.426
ARHGEF10L	2.337
ARHGEF11	2.207
ARHGEF12	1.863
ARHGEF15	1.298
ARHGEF16	4.833
ARHGEF17	1.784
ARHGEF18	2.432
ARHGEF19	1.807
ARHGEF19-AS1	1.807
ARHGEF2	2.917
ARHGEF25	-1.296
ARHGEF26	2.376
ARHGEF26-AS1	1.947
ARHGEF28	6.803
ARHGEF3	2.666
ARHGEF3-AS1	1.202
ARHGEF33	3.058
ARHGEF35	2.773
ARHGEF37	1.77
ARHGEF38	3.034
ARHGEF38-IT1	1.841
ARHGEF39	0.92
ARHGEF4	2.572
ARHGEF40	2.601
ARHGEF5	1.423
ARHGEF6	4.371
ARHGEF7	3.061
ARHGEF7-AS1	1.904
ARHGEF7-AS2	1.114
ARHGEF7-IT1	1.797
ARHGEF9	2.446
ARHGEF9-IT1	
ARID1A	4.012
ARID1B	3.353
ARID2	1.941
ARID3A	3.02
ARID3B	3.293
ARID3C	1.238
ARID4A	1.359
ARID4B	3.042
ARID4B-IT1	0.934
ARID5A	1.84
ARID5B	2.088
ARIH1	2.334
ARIH2	
ARIH2OS	
ARIH2P1	3.087
ARL1	2.069
ARL10	2.067
ARL11	2.093
ARL13A	1.642
ARL13B	0.464
ARL14	2.175
ARL14EP	2.84
ARL14EPL	1.214
ARL15	4.355
ARL16	1.181
ARL17A	5.239
ARL17B	5.376
ARL2	1.817
ARL2BP	0.825
ARL2BPP1	3.446
ARL2BPP10	1.519
ARL2BPP2	1.338
ARL2BPP3	1.455
ARL2BPP4	3.221
ARL2BPP5	2.39
ARL2BPP6	3.362
ARL2BPP7	3.249
ARL2BPP8	1.989
ARL3	1.151
ARL4A	2.081
ARL4C	2.115
ARL4D	0.668
ARL4P	0.647
ARL5A	2.433
ARL5AP1	2.673
ARL5AP2	1.286
ARL5AP3	
ARL5B	2.29
ARL5B-AS1	1.486
ARL5C	2.123
ARL6	1.575
ARL6IP1P1	3.068
ARL6IP1P2	1.842
ARL6IP1P3	2.177
ARL6IP4	-0.235
ARL6IP5	1.488
ARL6IP6	2.261
ARL8A	1.473
ARL8B	2.536
ARL9	2.328
ARMC1	1.984
ARMC10	3.129
ARMC10P1	4.142
ARMC12	3.25
ARMC2	3.482
ARMC2-AS1	1.717
ARMC3	3.794
ARMC4	2.536
ARMC4P1	2.357
ARMC5	0.842
ARMC6	2.554
ARMC7	1.551
ARMC8	2.069
ARMC9	4.615
ARMCX1	0.611
ARMCX2	1.549
ARMCX3	-0.599
ARMCX3-AS1	
ARMCX4	2.251
ARMCX5	0.249
ARMS2	1.257
ARNT	2.768
ARNT2	2.47
ARNTL	5.647
ARNTL2	2.682
ARPC1A	3.13
ARPC1B	3.13
ARPC2	2.441
ARPC3	1.87
ARPC3P1	
ARPC3P2	1.795
ARPC3P5	2.184
ARPC4	2.064
ARPC4-TTLL3	2.064
ARPC5	3.849
ARPC5L	1.063
ARPP19	2.507
ARPP21	2.543
ARPP21-AS1	0.583
ARR3	0.947
ARRB1	1.89
ARRB2	1.741
ARRDC1	
ARRDC2	2.098
ARRDC3	1.674
ARRDC4	1.91
ARRDC5	1.64
ARSA	1.996
ARSB	3.795
ARSD	2.267
ARSE	2.948
ARSF	2.405
ARSG	3.952
ARSH	1.859
ARSI	3.346
ARSJ	2.706
ARSK	1.489
ART1	2.469
ART3	2.642
ART4	1.163
ART5	2.161
ARTN	1.117
ARV1	2.157
ARVCF	2.096
ARX	1.841
AS3MT	2.263
ASAH1	4.628
ASAH2	2.363
ASAH2B	4.158
ASAH2C	
ASAP1	3.083
ASAP2	3.645
ASAP3	1.598
ASB1	2.112
ASB10	1.669
ASB11	1.245
ASB12	-1.123
ASB13	2.456
ASB14	1.566
ASB15	1.203
ASB16	1.834
ASB16-AS1	1.834
ASB17	3.014
ASB18	3.481
ASB2	2.375
ASB3	2.433
ASB4	1.543
ASB5	2.815
ASB6	1.3
ASB7	2.075
ASB8	0.985
ASB9	2.431
ASB9P1	1.398
ASCC1	2.825
ASCC2	2.233
ASCC3	1.372
ASCL1	2.261
ASCL2	3.284
ASCL3	1.556
ASCL4	1.286
ASCL5	1.227
ASF1A	2.185
ASF1B	0.856
ASGR1	1.396
ASGR2	2.618
ASH1L	2.33
ASH1L-AS1	1.246
ASH1L-IT1	
ASH2L	1.567
ASIC1	1.464
ASIC2	4.725
ASIC3	0.369
ASIC4	2.439
ASIC5	2.051
ASIP	1.691
ASL	1.897
ASNA1	1.163
ASNS	2.34
ASNSD1	3.306
ASNSP1	2.95
ASNSP3	1.881
ASNSP4	1.956
ASPDH	3.362
ASPG	2.573
ASPH	3.366
ASPHD1	1.192
ASPHD2	2.466
ASPM	2.109
ASPN	1.588
ASPRV1	0.753
ASPSCR1	2.967
ASRGL1	1.264
ASS1	3.624
ASS1P1	1.822
ASS1P10	1.99
ASS1P11	5.779
ASS1P12	1.396
ASS1P2	1.837
ASS1P4	1.478
ASS1P5	1.729
ASS1P7	0.13
ASS1P9	1.075
ASTE1	0.669
ASTL	1.192
ASTN1	5.721
ASTN2	4.31
ASUN	1.995
ASXL1	1.567
ASXL2	3.067
ASXL3	2.107
ASZ1	2.126
ATAD1	2.919
ATAD2	2.148
ATAD2B	2.065
ATAD5	1.06
ATAT1	2.649
ATCAY	2.929
ATE1	1.737
ATF1	2.224
ATF1P1	2.426
ATF2	3.4
ATF3	1.733
ATF4	1.8
ATF4P3	0.28
ATF4P4	1.464
ATF5	2.405
ATF6	2.756
ATF6B	1.368
ATF7	2.206
ATF7IP	4.109
ATF7IP2	3.617
ATG10	4.083
ATG10-AS1	-1.484
ATG10-IT1	-0.742
ATG12	1.377
ATG13	2.154
ATG14	1.302
ATG16L1	2.871
ATG16L2	1.801
ATG2A	1.454
ATG2B	4.603
ATG3	1.125
ATG3P1	2.592
ATG4A	1.643
ATG4AP1	2.454
ATG4B	1.197
ATG4C	1.938
ATG4D	1.445
ATG5	2.665
ATG7	4.682
ATG9A	2.518
ATG9B	1.54
ATHL1	2.501
ATIC	1.576
ATL1	1.167
ATL2	1.93
ATL3	1.56
ATM	3.164
ATMIN	3.396
ATN1	1.666
ATOH1	3.177
ATOH7	0.929
ATOH8	2.832
ATOX1	1.061
ATP10A	3.038
ATP10B	3.58
ATP10D	1.924
ATP11A	5.129
ATP11A-AS1	1.076
ATP11B	3.215
ATP11C	2.142
ATP12A	3.483
ATP13A1	1.223
ATP13A2	1.61
ATP13A3	2.361
ATP13A4	2.657
ATP13A4-AS1	1.273
ATP13A5	3.616
ATP13A5-AS1	0.663
ATP1A1	3.073
ATP1A1OS	2.222
ATP1A2	4.261
ATP1A3	2.371
ATP1A4	3.043
ATP1B1	1.378
ATP1B1P1	2.193
ATP1B2	1.433
ATP1B3	1.248
ATP1B3-AS1	1.248
ATP1B3P1	1.898
ATP1B4	1.919
ATP2A1	1.613
ATP2A2	2.005
ATP2A3	2.529
ATP2B1	1.445
ATP2B2	4.865
ATP2B2-IT1	1.668
ATP2B2-IT2	0.55
ATP2B3	1.506
ATP2B4	2.938
ATP2C1	2.933
ATP2C2	3.453
ATP4A	1.619
ATP4B	
ATP5A1	1.669
ATP5A1P1	
ATP5A1P2	1.354
ATP5A1P3	1.206
ATP5A1P8	
ATP5B	1.143
ATP5BP1	0.675
ATP5C1	0.888
ATP5C1P1	2.867
ATP5D	0.806
ATP5E	3.573
ATP5EP1	0.858
ATP5EP2	1.465
ATP5F1	2.227
ATP5F1P1	0.891
ATP5F1P2	1.451
ATP5F1P3	1.954
ATP5F1P4	2.774
ATP5F1P5	1.803
ATP5F1P6	3.035
ATP5F1P7	-0.121
ATP5G1	1.058
ATP5G1P3	2.57
ATP5G1P4	0.189
ATP5G1P5	0.582
ATP5G1P6	0.899
ATP5G1P7	1.84
ATP5G1P8	4.59
ATP5G2	2.281
ATP5G2P1	1.969
ATP5G2P3	1.218
ATP5G2P4	1.844
ATP5G3	2.5
ATP5H	1.482
ATP5HP1	1.804
ATP5I	2.742
ATP5J	2.526
ATP5J2	1.151
ATP5J2-PTCD1	3.421
ATP5J2LP	-1.701
ATP5J2P3	1.315
ATP5J2P6	
ATP5L	2.251
ATP5L2	0.49
ATP5LP2	2.819
ATP5LP3	5.497
ATP5LP4	4.139
ATP5LP5	1.545
ATP5LP6	1.107
ATP5LP7	0.825
ATP5O	2.104
ATP5S	1.673
ATP5SL	1.341
ATP6AP1	1.582
ATP6AP1L	2.812
ATP6AP2	2.755
ATP6C	1.512
ATP6V0A1	2.811
ATP6V0A2	2.385
ATP6V0A4	2.216
ATP6V0B	1.071
ATP6V0C	1.512
ATP6V0CP1	
ATP6V0CP2	
ATP6V0CP3	1.514
ATP6V0D1	1.822
ATP6V0D2	4.857
ATP6V0E1	2.178
ATP6V0E1P1	0.692
ATP6V0E1P2	-0.899
ATP6V0E1P3	2.267
ATP6V0E1P4	1.917
ATP6V0E2	1.297
ATP6V0E2-AS1	1.297
ATP6V1A	1.4
ATP6V1B1	1.648
ATP6V1B2	2.611
ATP6V1C1	2.538
ATP6V1C2	2.018
ATP6V1D	2.85
ATP6V1E1	3.603
ATP6V1E1P1	
ATP6V1E2	1.402
ATP6V1F	0.36
ATP6V1G1	1.502
ATP6V1G1P2	
ATP6V1G1P3	1.655
ATP6V1G1P4	
ATP6V1G1P6	-1.688
ATP6V1G1P7	4.527
ATP6V1G2	0.769
ATP6V1G2-DDX39B	3.404
ATP6V1G3	3.724
ATP6V1H	2.511
ATP7A	1.949
ATP7B	2.379
ATP8A1	2.294
ATP8A2	4.201
ATP8A2P1	1.895
ATP8A2P2	1.179
ATP8A2P3	1.67
ATP8B1	2.054
ATP8B2	1.178
ATP8B3	2.247
ATP8B4	2.804
ATP8B5P	1.869
ATP9A	2.277
ATP9B	2.92
ATPAF1	1.579
ATPAF2	1.778
ATPIF1	0.832
ATR	3.236
ATRAID	1.771
ATRIP	0.95
ATRN	2.555
ATRNL1	8.288
ATRX	2.176
ATXN1	4.626
ATXN10	3.306
ATXN1L	1.002
ATXN2	3.782
ATXN2L	0.952
ATXN3	1.797
ATXN3L	1.787
ATXN7	3.298
ATXN7L1	2.301
ATXN7L2	3.193
ATXN7L3	1.02
ATXN7L3B	2.405
ATXN8OS	3.145
AUH	3.951
AUNIP	0.756
AUP1	2.15
AURKA	
AURKAPS1	1.348
AURKB	2.231
AURKC	1.421
AUTS2	3.827
AVEN	3.11
AVIL	1.677
AVL9	3.696
AVP	1.724
AVPI1	1.676
AVPR1A	2.514
AVPR1B	
AVPR2	-2.578
AWAT1	1.338
AWAT2	1.46
AXDND1	2.988
AXIN1	4.379
AXIN2	2.629
AXL	2.602
AY269186.2	1.646
AZGP1	1.841
AZGP1P1	2.684
AZGP1P2	2.194
AZI1	2.243
AZI2	2.649
AZIN1	2.064
AZU1	1.528
AZU1P1	5.176
B2M	1.918
B3GALNT1	2.35
B3GALNT2	2.186
B3GALT1	2.977
B3GALT2	1.217
B3GALT4	0.695
B3GALT5	4.597
B3GALT6	2.995
B3GALTL	4.279
B3GAT1	2.956
B3GAT2	3.748
B3GAT3	1.107
B3GNT1	-0.054
B3GNT2	1.949
B3GNT3	2.533
B3GNT4	0.945
B3GNT5	1.816
B3GNT6	1.411
B3GNT7	1.764
B3GNT8	1.616
B3GNT9	0.605
B3GNTL1	2.318
B4GALNT1	6.286
B4GALNT2	1.831
B4GALNT3	5.406
B4GALNT4	3.136
B4GALT1	3.219
B4GALT2	3.448
B4GALT3	1.658
B4GALT4	1.72
B4GALT4-AS1	2.19
B4GALT5	2.66
B4GALT6	2.44
B4GALT7	2.246
B9D1	2.32
B9D2	0.549
BAALC	3.538
BAAT	1.959
BAATP1	1.852
BABAM1	2.327
BACE1	1.479
BACE2	2.556
BACE2-IT1	
BACH1	4.581
BACH1-AS1	-0.625
BACH1-IT1	1.138
BACH1-IT2	0.253
BACH1-IT3	2.973
BACH2	3.294
BAD	0.905
BAG1	1.731
BAG2	2.054
BAG3	1.406
BAG4	1.907
BAG5	1.329
BAG6	0.739
BAGE2	
BAHD1	1.486
BAI1	2.935
BAI2	4.914
BAI3	3.21
BAIAP2	1.944
BAIAP2-AS1	1.211
BAIAP2L1	5.626
BAIAP2L2	4.323
BAIAP3	2.46
BAK1	1.535
BAK1P1	1.743
BAK1P2	2.648
BAMBI	1.623
BANF1	0.643
BANF1P1	
BANF1P2	1.281
BANF1P3	
BANF1P5	1.566
BANF2	1.923
BANK1	4.557
BANP	2.796
BAP1	1.84
BARD1	2.24
BARHL1	0.88
BARHL2	1.536
BARX1	1.727
BARX2	2.59
BASP1	4.573
BASP1P1	0.036
BATF	2.497
BATF2	0.807
BATF3	1.481
BAX	1.831
BAZ1A	2.758
BAZ1B	2.984
BAZ2A	5.763
BAZ2B	1.984
BBC3	1.454
BBIP1	1.076
BBOX1	3.488
BBS1	0.917
BBS10	1.732
BBS12	2.254
BBS2	4.394
BBS4	1.422
BBS5	2.469
BBS7	4.048
BBS9	5.146
BBX	4.82
BCAM	2.201
BCAN	1.085
BCAP29	2.753
BCAP31	0.642
BCAR1	1.253
BCAR3	3.466
BCAR4	1.069
BCAS1	3.026
BCAS2	4.104
BCAS2P1	2.494
BCAS2P2	1.23
BCAS2P3	2.31
BCAS3	5.848
BCAS4	2.399
BCAT1	3.337
BCAT2	3.672
BCCIP	1.925
BCDIN3D	1.494
BCDIN3D-AS1	1.717
BCHE	5.012
BCKDHA	4.559
BCKDHB	4.159
BCKDK	0.536
BCL10	1.812
BCL11A	1.945
BCL11B	2.715
BCL2	5.56
BCL2A1	1.237
BCL2L1	1.386
BCL2L10	1.935
BCL2L11	3.009
BCL2L12	1.683
BCL2L13	2.297
BCL2L14	3.283
BCL2L15	1.749
BCL2L2	1.962
BCL2L2-PABPN1	1.272
BCL3	2.119
BCL6	3.068
BCL6B	2.859
BCL7A	2.588
BCL7B	1.36
BCL7C	4.077
BCL9	3.297
BCL9L	2.307
BCLAF1	4.161
BCMO1	2.343
BCO2	0.976
BCOR	3.076
BCORL1	1.881
BCR	4.087
BCRP1	0.385
BCRP2	
BCRP3	2.026
BCRP4	
BCRP5	2.675
BCRP8	
BCRP9	6.237
BCS1L	2.009
BCYRN1	1.668
BDH1	1.518
BDH2	1.65
BDH2P1	3.173
BDKRB1	1.302
BDKRB2	2.303
BDNF	3.399
BDNF-AS	3.399
BDP1	2.138
BDP1P	1.896
BEAN1	2.103
BECN1	2.417
BECN1P1	2.428
BEGAIN	4.326
BEND2	2.78
BEND3	1.991
BEND3P2	2.827
BEND4	6.266
BEND5	1.568
BEND6	2.227
BEND7	3.915
BEST1	3.335
BEST2	1.231
BEST3	2.194
BEST4	0.152
BET1	1.588
BET1L	0.852
BEX1	3.311
BEX2	1.437
BEX4	1.214
BEX5	1.477
BFAR	1.165
BFSP1	2.431
BFSP2	2.302
BFSP2-AS1	1.825
BGLAP	0.08
BGN	1.862
BHLHA15	1.613
BHLHA9	2.158
BHLHB9	3.801
BHLHE22	0.507
BHLHE23	1.296
BHLHE40	3.557
BHLHE40-AS1	1.732
BHLHE41	2.887
BHMT	0.95
BHMT2	2.113
BICC1	5.686
BICD1	4.334
BICD2	2.126
BID	2.326
BIK	2.062
BIN1	2.327
BIN2	1.765
BIN2P1	1.842
BIN2P2	3.045
BIN3	3.681
BIRC2	1.556
BIRC3	0.944
BIRC5	1.061
BIRC6	3.137
BIRC6-AS1	0.203
BIRC7	1.509
BIRC8	1.239
BIVM	1.207
BIVM-ERCC5	1.579
BLACE	1.738
BLCAP	2.457
BLID	
BLK	3.828
BLM	2.079
BLMH	1.277
BLNK	5.006
BLOC1S1	-0.092
BLOC1S2	1.044
BLOC1S3	1.103
BLOC1S4	7.264
BLOC1S5	3.2
BLOC1S5-TXNDC5	5.732
BLOC1S6	0.643
BLVRA	1.469
BLVRB	1.413
BLZF1	2.745
BLZF2P	1.046
BMF	1.861
BMI1	0.618
BMP1	3.455
BMP10	2.414
BMP2	2.044
BMP2K	3.94
BMP2KL	
BMP3	2.866
BMP4	1.82
BMP5	2.409
BMP6	2.434
BMP6P1	1.891
BMP7	3.839
BMP8B	1.897
BMPER	2.054
BMPR1A	2.566
BMPR1APS1	-1.323
BMPR1APS2	3.423
BMPR1B	5.236
BMPR2	3.311
BMS1	1.491
BMS1P12	
BMS1P15	
BMS1P16	
BMS1P18	
BMS1P19	1.539
BMS1P3	1.675
BMS1P4	2.212
BMS1P8	
BMX	1.535
BNC1	1.497
BNC2	4.107
BNIP1	1.883
BNIP2	2.803
BNIP3	2.715
BNIP3L	3.007
BNIP3P1	1.941
BNIPL	6.024
BOC	1.983
BOD1	2.555
BOD1L1	2.637
BOD1L2	1.964
BOK	2.452
BOK-AS1	2.762
BOLA1	
BOLA3	1.927
BOLA3-AS1	0.494
BOLL	4.151
BORA	0.986
BPESC1	1.954
BPGM	2.115
BPHL	2.27
BPI	1.823
BPIFA1	0.496
BPIFA2	1.556
BPIFA3	0.604
BPIFA4P	0.979
BPIFB1	2.017
BPIFB2	3.25
BPIFB3	1.853
BPIFB4	2.188
BPIFB5P	1.559
BPIFB6	1.868
BPIFB9P	1.043
BPIFC	3.796
BPNT1	2.053
BPTF	4.227
BRAF	5.523
BRAFP1	1.042
BRAP	1.566
BRAT1	4.154
BRCA1	2.957
BRCA2	1.77
BRCC3	2.153
BRD1	3.002
BRD2	3.942
BRD2-IT1	0.165
BRD3	5.535
BRD4	1.984
BRD7	1.994
BRD7P1	1.531
BRD7P2	1.774
BRD7P3	1.247
BRD7P4	-0.802
BRD7P5	2.822
BRD7P6	2.691
BRD8	1.973
BRD9	
BRDT	1.044
BRE	2.622
BRF1	3.019
BRF2	1.468
BRI3	3.788
BRI3BP	2.752
BRI3P1	
BRICD5	2.746
BRINP1	3.473
BRINP2	2.411
BRINP3	2.477
BRIP1	4.28
BRIX1	0.633
BRK1	2.004
BRK1P2	1.662
BRMS1	1.034
BRMS1L	3.074
BROX	1.949
BRPF1	0.726
BRPF3	1.018
BRS3	0.074
BRSK2	4.371
BRWD1	2.373
BRWD1-AS1	1.916
BRWD1-IT1	-0.257
BRWD1-IT2	0.488
BRWD3	4.016
BSCL2	2.243
BSDC1	1.297
BSG	2.335
BSN	1.939
BSN-AS1	0.212
BSN-AS2	1.305
BSND	1.974
BSPH1	3.509
BSPRY	2.925
BST1	1.486
BST2	3.473
BSX	1.858
BTAF1	2.496
BTBD1	1.479
BTBD10	2.841
BTBD11	2.376
BTBD16	4.339
BTBD17	2.451
BTBD18	
BTBD19	1.948
BTBD2	2.702
BTBD3	2.663
BTBD6	1.104
BTBD7	3.174
BTBD7P1	1.186
BTBD7P2	3.214
BTBD8	2.768
BTBD9	4.024
BTBD9-AS1	
BTC	5.361
BTD	2.253
BTF3	0.741
BTF3L4	2.264
BTF3L4P1	-0.598
BTF3L4P2	-1.893
BTF3L4P3	2.87
BTF3L4P4	0.413
BTF3P11	2.506
BTF3P12	0.008
BTF3P13	5.051
BTF3P14	2.606
BTF3P15	5.199
BTF3P2	2.598
BTF3P4	1.367
BTF3P5	2.081
BTF3P6	0.212
BTF3P7	2.86
BTF3P8	
BTF3P9	1.614
BTG1	0.442
BTG2	0.619
BTG3	1.27
BTG4	1.374
BTK	2.351
BTLA	2.311
BTN1A1	3.354
BTN2A1	3.37
BTN2A3P	6.004
BTN3A3	1.878
BTNL10	2.328
BTNL2	1.727
BTNL3	1.919
BTNL8	1.924
BTNL9	3.76
BTRC	1.655
BUB1	2.494
BUB1B	1.642
BUB3	1.861
BUD13	2.657
BUD31	3.015
BVES	3.27
BVES-AS1	3.126
BX005214.1	
BX088645.3	
BX088651.1	
BX088651.2	
BX119917.1	-0.498
BX322557.10	0.601
BX322557.13	2.628
BX322559.3	1.526
BX323860.1	
BX470102.3	
BX470187.1	2.722
BX649563.4	
BX649597.4	
BX664739.1	-0.047
BX682235.1	1.863
BX842568.1	2.996
BX842568.2	1.135
BX842568.4	1.306
BX936347.1	0.564
BYSL	1.251
BZRAP1	2.772
BZRAP1-AS1	2.772
BZW1	1.602
BZW1P1	2.095
BZW2	1.559
C10orf10	2.19
C10orf105	1.431
C10orf107	1.711
C10orf11	4.001
C10orf111	2.256
C10orf112	5.415
C10orf113	2.819
C10orf115	0.655
C10orf118	2.453
C10orf12	1.578
C10orf120	1.513
C10orf126	2.197
C10orf128	2.86
C10orf129	1.894
C10orf131	0.673
C10orf137	2.199
C10orf2	1.865
C10orf25	1.179
C10orf32	2.334
C10orf32-ASMT	2.334
C10orf35	2.373
C10orf40	1.986
C10orf53	1.326
C10orf54	1.545
C10orf55	1.724
C10orf62	0.567
C10orf67	2.156
C10orf68	1.565
C10orf71	3.21
C10orf71-AS1	3.637
C10orf76	3.395
C10orf82	1.614
C10orf85	2.586
C10orf88	1.482
C10orf90	4.976
C10orf91	2.565
C10orf95	1.263
C10orf99	1.972
C11orf1	
C11orf16	1.601
C11orf21	1.546
C11orf24	2.82
C11orf30	1.929
C11orf31	-0.187
C11orf34	1.064
C11orf35	1.385
C11orf40	2.854
C11orf42	
C11orf44	3.475
C11orf45	1.18
C11orf48	1.169
C11orf49	2.564
C11orf52	
C11orf53	3.949
C11orf54	1.384
C11orf57	
C11orf58	2.4
C11orf63	2.324
C11orf65	3.164
C11orf68	1.657
C11orf70	1.897
C11orf71	1.932
C11orf72	1.792
C11orf73	2.795
C11orf74	1.78
C11orf80	1.777
C11orf82	3.294
C11orf83	1.169
C11orf84	3.911
C11orf85	1.168
C11orf86	1.128
C11orf87	0.239
C11orf88	1.906
C11orf91	1.911
C11orf94	1.341
C11orf95	1.035
C11orf96	2.003
C12orf10	-0.151
C12orf23	1.028
C12orf29	
C12orf36	2.169
C12orf39	1.242
C12orf4	1.629
C12orf40	7.6
C12orf42	4.144
C12orf43	1.274
C12orf44	1.641
C12orf45	1.737
C12orf49	1.993
C12orf5	2.298
C12orf50	
C12orf52	1.834
C12orf54	2.065
C12orf55	4.459
C12orf56	1.679
C12orf57	1.54
C12orf60	1.222
C12orf61	1.387
C12orf65	1.503
C12orf66	2.304
C12orf68	0.751
C12orf71	3.725
C12orf73	1.285
C12orf74	1.934
C12orf75	3.747
C12orf76	1.558
C12orf77	1.875
C12orf79	2.32
C12orf80	2.013
C13orf35	2.219
C13orf45	1.731
C14orf1	2.397
C14orf105	1.519
C14orf119	2.469
C14orf132	2.718
C14orf142	0.618
C14orf159	2.762
C14orf164	2.756
C14orf166	1.152
C14orf166B	2.459
C14orf169	0.671
C14orf177	2.606
C14orf178	2.297
C14orf180	1.957
C14orf182	3.038
C14orf183	0.939
C14orf2	2.027
C14orf23	0.864
C14orf28	1.608
C14orf37	2.352
C14orf39	2.565
C14orf64	3.494
C14orf79	1.889
C14orf80	
C14orf93	1.375
C15ORF37	5.946
C15orf26	2.767
C15orf27	2.083
C15orf32	2.151
C15orf37	5.946
C15orf38	2.685
C15orf38-AP3S2	2.886
C15orf39	1.857
C15orf40	2.0
C15orf41	4.105
C15orf43	4.128
C15orf48	2.63
C15orf52	1.715
C15orf53	2.933
C15orf54	1.492
C15orf56	1.338
C15orf57	1.703
C15orf59	2.739
C15orf60	3.447
C15orf61	1.282
C15orf62	2.609
C15orf65	1.145
C16orf11	2.29
C16orf13	1.129
C16orf3	-0.594
C16orf45	2.474
C16orf46	2.944
C16orf47	2.066
C16orf52	1.977
C16orf54	1.102
C16orf58	1.025
C16orf59	1.182
C16orf62	3.514
C16orf70	2.741
C16orf71	1.734
C16orf72	1.945
C16orf74	2.35
C16orf78	2.039
C16orf80	1.609
C16orf82	2.645
C16orf86	1.301
C16orf87	1.411
C16orf89	3.141
C16orf90	2.395
C16orf91	2.094
C16orf92	0.293
C16orf93	1.184
C16orf95	2.152
C16orf96	3.706
C16orf97	1.737
C16orf98	1.159
C17orf100	2.877
C17orf102	2.069
C17orf103	1.401
C17orf104	2.306
C17orf105	0.758
C17orf107	1.28
C17orf112	1.777
C17orf47	
C17orf49	2.318
C17orf50	2.28
C17orf51	
C17orf53	2.658
C17orf58	1.357
C17orf59	1.136
C17orf61-PLSCR3	1.667
C17orf62	1.622
C17orf64	2.152
C17orf66	3.683
C17orf67	2.783
C17orf70	2.497
C17orf72	1.393
C17orf74	0.577
C17orf75	4.06
C17orf76-AS1	6.164
C17orf77	1.749
C17orf78	2.474
C17orf80	4.629
C17orf82	2.917
C17orf85	2.357
C17orf89	0.772
C17orf96	2.44
C17orf97	
C17orf98	0.814
C17orf99	2.987
C18orf21	1.683
C18orf25	3.937
C18orf32	1.376
C18orf42	6.761
C18orf54	1.34
C18orf56	2.824
C18orf63	2.565
C18orf8	5.427
C19orf10	5.255
C19orf12	2.146
C19orf18	1.861
C19orf24	1.424
C19orf25	1.911
C19orf26	0.663
C19orf33	0.411
C19orf35	2.396
C19orf38	0.967
C19orf40	1.734
C19orf43	1.314
C19orf44	1.903
C19orf45	2.679
C19orf47	1.859
C19orf52	4.68
C19orf53	1.349
C19orf54	0.53
C19orf55	2.168
C19orf57	2.02
C19orf59	1.187
C19orf60	1.054
C19orf66	1.009
C19orf67	1.659
C19orf68	1.18
C19orf69	1.134
C19orf70	-0.724
C19orf71	1.447
C19orf73	-0.097
C19orf77	1.694
C19orf80	1.701
C19orf81	1.552
C19orf82	2.041
C1D	1.69
C1DP1	-0.741
C1DP3	1.514
C1DP4	2.745
C1GALT1	3.948
C1GALT1C1	1.524
C1ORF220	1.315
C1QA	1.96
C1QB	1.941
C1QBP	2.491
C1QBPP	3.494
C1QC	2.094
C1QL1	2.885
C1QL2	2.137
C1QL3	2.416
C1QL4	2.18
C1QTNF1	1.532
C1QTNF1-AS1	1.267
C1QTNF2	1.824
C1QTNF3	1.621
C1QTNF4	-3.416
C1QTNF5	1.313
C1QTNF6	2.54
C1QTNF7	1.688
C1QTNF8	1.657
C1QTNF9	0.901
C1QTNF9B	2.135
C1R	1.823
C1RL	2.26
C1RL-AS1	1.239
C1S	2.152
C1orf100	5.239
C1orf101	2.515
C1orf105	1.799
C1orf106	2.877
C1orf109	1.377
C1orf110	2.412
C1orf111	1.813
C1orf112	3.78
C1orf115	2.897
C1orf116	1.82
C1orf122	0.102
C1orf123	1.087
C1orf127	3.319
C1orf131	1.985
C1orf132	2.113
C1orf134	1.548
C1orf137	2.923
C1orf141	2.087
C1orf143	2.425
C1orf145	4.536
C1orf146	0.991
C1orf147	1.103
C1orf158	2.18
C1orf159	1.881
C1orf162	1.633
C1orf167	3.846
C1orf168	2.333
C1orf170	2.801
C1orf172	1.924
C1orf173	2.673
C1orf174	1.244
C1orf177	2.101
C1orf180	1.593
C1orf185	2.578
C1orf186	
C1orf189	0.703
C1orf192	3.831
C1orf194	1.543
C1orf195	1.643
C1orf198	2.052
C1orf200	0.85
C1orf204	1.605
C1orf21	4.443
C1orf210	3.626
C1orf213	1.536
C1orf216	2.56
C1orf220	1.315
C1orf222	3.187
C1orf226	1.813
C1orf227	2.59
C1orf228	2.163
C1orf229	1.286
C1orf233	2.101
C1orf234	1.023
C1orf27	1.023
C1orf35	0.761
C1orf43	0.823
C1orf50	
C1orf51	1.577
C1orf52	1.044
C1orf53	1.382
C1orf54	0.963
C1orf56	-0.281
C1orf61	2.147
C1orf63	2.705
C1orf64	2.193
C1orf65	2.15
C1orf68	1.33
C1orf74	0.13
C1orf85	1.36
C1orf86	2.035
C1orf87	1.907
C1orf94	1.994
C1orf95	3.872
C2	2.152
C20ORF135	-0.077
C20orf112	3.315
C20orf141	2.045
C20orf144	
C20orf166	1.855
C20orf166-AS1	0.856
C20orf173	2.355
C20orf187	2.646
C20orf194	4.086
C20orf195	1.25
C20orf196	4.341
C20orf197	1.412
C20orf201	-0.347
C20orf202	1.431
C20orf203	1.392
C20orf24	1.98
C20orf26	2.259
C20orf27	1.703
C20orf62	1.44
C20orf78	2.842
C20orf85	1.897
C20orf96	2.485
C21orf119	1.65
C21orf128	1.5
C21orf2	1.83
C21orf33	2.269
C21orf37	3.038
C21orf49	2.477
C21orf54	1.894
C21orf58	2.27
C21orf59	3.57
C21orf62	2.477
C21orf67	3.1
C21orf88	1.251
C21orf90	1.875
C21orf91	2.087
C21orf91-OT1	5.263
C22orf15	1.601
C22orf23	3.078
C22orf24	2.659
C22orf26	1.432
C22orf29	2.798
C22orf31	1.652
C22orf34	5.757
C22orf39	2.523
C22orf42	1.936
C22orf46	2.732
C2CD2	3.179
C2CD2L	1.635
C2CD3	1.737
C2CD4A	0.701
C2CD4B	1.705
C2CD4C	3.038
C2CD4D	1.601
C2CD5	1.192
C2ORF15	0.594
C2orf15	4.031
C2orf16	1.025
C2orf27A	
C2orf40	3.684
C2orf42	3.63
C2orf43	3.321
C2orf44	1.219
C2orf47	3.469
C2orf48	1.743
C2orf49	2.121
C2orf50	2.26
C2orf53	1.979
C2orf54	1.571
C2orf57	1.812
C2orf61	3.321
C2orf62	1.6
C2orf66	2.143
C2orf68	-0.13
C2orf69	1.398
C2orf70	1.158
C2orf71	1.81
C2orf72	2.269
C2orf73	2.402
C2orf74	1.729
C2orf76	2.294
C2orf78	1.673
C2orf80	2.776
C2orf81	1.501
C2orf82	1.761
C2orf83	5.004
C2orf88	3.005
C2orf91	2.085
C3	2.368
C3AR1	1.857
C3P1	2.25
C3orf14	4.163
C3orf17	0.622
C3orf18	1.035
C3orf20	2.134
C3orf22	2.346
C3orf27	1.787
C3orf30	1.472
C3orf33	2.932
C3orf35	2.026
C3orf36	1.727
C3orf38	1.903
C3orf49	0.812
C3orf52	1.703
C3orf55	1.909
C3orf56	2.038
C3orf58	3.023
C3orf62	1.304
C3orf65	1.379
C3orf67	2.637
C3orf70	1.907
C3orf72	2.359
C3orf79	1.476
C3orf80	1.037
C3orf83	1.963
C3orf84	1.364
C4A	
C4B	1.123
C4B-AS1	-0.616
C4BPA	1.881
C4BPAP1	2.693
C4BPAP2	2.048
C4BPB	1.367
C4orf17	2.386
C4orf19	2.515
C4orf21	1.349
C4orf22	5.647
C4orf26	1.387
C4orf27	4.454
C4orf29	2.05
C4orf3	1.237
C4orf32	2.774
C4orf33	5.04
C4orf36	4.257
C4orf40	1.355
C4orf45	5.263
C4orf46	0.989
C4orf47	2.624
C4orf48	2.869
C4orf50	2.575
C4orf51	2.403
C4orf6	2.401
C5	3.316
C5AR1	3.551
C5AR2	2.286
C5orf15	2.714
C5orf17	4.274
C5orf20	2.073
C5orf22	1.77
C5orf24	0.843
C5orf27	2.441
C5orf28	1.083
C5orf30	2.266
C5orf34	1.223
C5orf38	2.73
C5orf42	2.621
C5orf45	2.162
C5orf46	2.601
C5orf47	1.494
C5orf48	1.735
C5orf49	1.683
C5orf50	2.408
C5orf51	2.119
C5orf52	2.41
C5orf54	2.18
C5orf55	2.174
C5orf56	1.743
C5orf58	2.12
C5orf60	0.155
C5orf63	2.649
C5orf64	3.787
C6	4.337
C6ORF165	1.97
C6ORF50	2.095
C6orf1	1.232
C6orf10	1.856
C6orf100	2.907
C6orf106	2.198
C6orf118	2.302
C6orf120	1.499
C6orf123	2.813
C6orf132	2.585
C6orf136	3.184
C6orf141	1.362
C6orf15	2.185
C6orf163	1.541
C6orf164	0.621
C6orf165	1.97
C6orf183	2.241
C6orf195	2.632
C6orf201	2.278
C6orf203	3.32
C6orf211	2.526
C6orf222	2.088
C6orf223	4.108
C6orf226	1.59
C6orf25	1.111
C6orf3	0.728
C6orf47	-0.315
C6orf47-AS1	-1.103
C6orf48	0.515
C6orf52	1.756
C6orf57	1.422
C6orf58	2.763
C6orf62	1.801
C6orf89	1.255
C6orf99	2.446
C7	2.606
C7orf10	4.301
C7orf13	1.732
C7orf25	1.746
C7orf26	1.205
C7orf31	1.286
C7orf33	2.083
C7orf34	0.899
C7orf41	
C7orf43	0.979
C7orf49	2.657
C7orf50	2.504
C7orf55	1.318
C7orf55-LUC7L2	3.384
C7orf57	1.893
C7orf60	3.211
C7orf61	1.562
C7orf62	0.591
C7orf63	1.555
C7orf65	2.533
C7orf66	2.012
C7orf69	2.782
C7orf71	1.97
C7orf72	1.709
C7orf73	1.79
C7orf76	1.167
C8A	2.815
C8B	2.351
C8G	0.807
C8orf12	2.641
C8orf17	0.774
C8orf22	2.462
C8orf34	2.757
C8orf37	2.79
C8orf4	1.316
C8orf44	1.361
C8orf44-SGK3	5.455
C8orf46	1.836
C8orf47	2.716
C8orf48	-0.121
C8orf49	1.283
C8orf56	0.861
C8orf58	0.921
C8orf59	0.902
C8orf74	1.92
C8orf76	1.328
C8orf82	0.528
C8orf86	2.681
C8orf87	2.467
C9	2.388
C9orf106	1.688
C9orf114	1.329
C9orf116	2.275
C9orf117	1.086
C9orf129	2.391
C9orf131	0.993
C9orf135	3.128
C9orf135-AS1	1.82
C9orf139	1.121
C9orf141	1.112
C9orf142	0.941
C9orf147	3.24
C9orf152	3.223
C9orf153	1.892
C9orf156	1.672
C9orf16	
C9orf163	0.81
C9orf169	1.845
C9orf170	2.284
C9orf171	4.366
C9orf173	2.171
C9orf24	0.856
C9orf3	4.412
C9orf37	0.691
C9orf38	1.81
C9orf40	1.847
C9orf41	1.905
C9orf43	1.376
C9orf47	1.196
C9orf50	1.785
C9orf53	-1.428
C9orf57	2.765
C9orf62	2.633
C9orf64	2.81
C9orf66	1.009
C9orf69	2.263
C9orf72	3.762
C9orf78	1.889
C9orf84	3.212
C9orf85	3.055
C9orf89	3.033
C9orf9	2.141
C9orf91	1.833
C9orf92	3.888
C9orf96	4.619
CA1	2.466
CA10	3.696
CA11	2.053
CA12	3.346
CA13	1.626
CA14	2.232
CA15P1	2.367
CA15P2	
CA2	1.034
CA3	2.049
CA4	2.713
CA5A	2.733
CA5B	2.497
CA5BP1	1.356
CA6	2.552
CA7	1.152
CA8	3.693
CA9	0.732
CAAP1	2.598
CAB39	1.112
CAB39L	2.98
CABIN1	2.637
CABLES1	3.675
CABLES2	2.375
CABP1	1.843
CABP2	1.921
CABP4	2.785
CABP5	1.969
CABP7	1.336
CABS1	3.705
CABYR	2.786
CABYRP1	5.674
CACFD1	1.105
CACHD1	2.875
CACNA1A	2.435
CACNA1B	3.383
CACNA1C	6.107
CACNA1C-AS1	6.107
CACNA1C-AS2	2.308
CACNA1C-AS3	2.252
CACNA1C-AS4	1.837
CACNA1C-IT1	0.975
CACNA1C-IT2	1.604
CACNA1C-IT3	2.28
CACNA1D	2.957
CACNA1E	3.021
CACNA1F	0.973
CACNA1G	1.083
CACNA1H	2.124
CACNA1I	1.707
CACNA1S	2.244
CACNA2D1	3.988
CACNA2D2	2.195
CACNA2D3	4.899
CACNA2D3-AS1	2.142
CACNA2D4	3.384
CACNB1	2.449
CACNB2	2.791
CACNB3	1.144
CACNB4	3.05
CACNG1	1.817
CACNG2	4.273
CACNG3	4.087
CACNG4	4.428
CACNG5	2.893
CACNG6	1.881
CACNG7	3.024
CACNG8	1.826
CACTIN	3.49
CACTIN-AS1	1.547
CACUL1	2.474
CACYBP	0.275
CACYBPP1	-0.811
CACYBPP2	2.652
CACYBPP3	1.37
CAD	1.923
CADM1	2.944
CADM2	4.635
CADM2-AS1	0.881
CADM2-AS2	1.018
CADM3	4.535
CADM4	2.348
CADPS	2.768
CADPS2	3.641
CAGE1	2.247
CAHM	3.696
CALB1	2.991
CALB2	1.462
CALCA	0.492
CALCB	2.748
CALCOCO1	3.534
CALCOCO2	1.084
CALCP	
CALCR	3.635
CALCRL	1.506
CALD1	3.031
CALHM1	1.354
CALHM2	1.148
CALHM3	1.181
CALM1	2.415
CALM1P1	1.793
CALM1P2	2.225
CALM2	2.537
CALM2P1	1.99
CALM2P2	1.319
CALM2P3	
CALM2P4	4.057
CALM3	1.244
CALML3	1.968
CALML3-AS1	1.403
CALML4	1.759
CALML5	1.49
CALML6	1.771
CALN1	4.397
CALR	0.707
CALR3	2.474
CALR4P	1.668
CALU	1.542
CALY	2.529
CAMK1	1.074
CAMK1D	4.784
CAMK1G	1.674
CAMK2A	2.852
CAMK2B	2.868
CAMK2D	2.956
CAMK2G	2.017
CAMK2N1	2.224
CAMK2N2	0.27
CAMK4	3.356
CAMKK1	3.188
CAMKK2	3.444
CAMKMT	3.501
CAMKV	0.942
CAMLG	1.361
CAMP	0.101
CAMSAP1	2.223
CAMSAP2	3.208
CAMSAP3	1.807
CAMTA1	6.415
CAMTA1-IT1	1.322
CAMTA2	1.121
CAND1	1.82
CAND2	2.37
CANT1	2.034
CANX	2.286
CAP1	3.052
CAP1P2	1.304
CAP2	3.459
CAP2P1	0.878
CAPG	1.164
CAPN1	1.403
CAPN10	1.859
CAPN10-AS1	2.183
CAPN11	2.396
CAPN12	1.749
CAPN13	2.033
CAPN14	3.207
CAPN15	2.794
CAPN2	1.445
CAPN3	2.042
CAPN5	3.375
CAPN6	2.573
CAPN7	0.505
CAPN8	4.274
CAPN9	2.79
CAPNS1	1.523
CAPNS1P1	0.991
CAPNS2	0.207
CAPRIN1	3.834
CAPRIN2	1.519
CAPS	2.327
CAPS2	2.421
CAPSL	1.918
CAPZA1	5.612
CAPZA2	3.399
CAPZA3	3.085
CAPZB	1.824
CARD10	2.938
CARD11	2.891
CARD14	2.064
CARD6	1.599
CARD8	1.808
CARD9	1.117
CARF	3.086
CARHSP1	2.217
CARKD	2.39
CARM1	0.751
CARM1P1	3.18
CARNS1	2.881
CARS	2.651
CARS-AS1	2.651
CARS2	2.171
CARTPT	3.795
CASC1	2.213
CASC10	2.688
CASC11	5.209
CASC14	2.293
CASC15	4.062
CASC16	1.932
CASC17	3.634
CASC2	
CASC3	1.365
CASC4	2.517
CASC4P1	2.467
CASC5	1.705
CASC6	2.549
CASC7	2.221
CASC8	3.42
CASC9	2.517
CASD1	3.471
CASK	2.884
CASK-AS1	
CASKIN1	1.022
CASKIN2	1.985
CASP10	0.705
CASP12	1.383
CASP14	
CASP16	0.674
CASP2	1.84
CASP3	1.633
CASP3P1	2.429
CASP4	1.984
CASP5	2.112
CASP6	1.016
CASP7	2.981
CASP8	5.597
CASP8AP2	1.81
CASP9	1.797
CASQ1	2.401
CASQ2	2.236
CASR	1.658
CASS4	-4.826
CAST	4.776
CASZ1	4.385
CAT	1.295
CATSPER1	1.126
CATSPER2	2.535
CATSPER2P1	1.143
CATSPER3	1.758
CATSPER4	1.311
CATSPERB	2.2
CATSPERD	1.965
CATSPERG	1.905
CATX-2	2.754
CAV1	2.479
CAV2	2.234
CAV3	3.924
CBFA2T2	5.423
CBFA2T3	2.682
CBFB	2.224
CBL	3.1
CBLB	5.261
CBLC	2.513
CBLL1	0.758
CBLN1	1.597
CBLN2	3.593
CBLN3	2.691
CBLN4	3.046
CBR1	1.05
CBR3	1.479
CBR3-AS1	1.479
CBR4	4.699
CBS	2.152
CBX1	
CBX1P1	1.421
CBX1P2	
CBX1P3	3.496
CBX1P4	1.021
CBX1P5	1.426
CBX2	1.515
CBX3	2.246
CBX3P1	
CBX3P2	1.532
CBX3P3	0.368
CBX3P4	2.248
CBX3P5	
CBX3P6	1.636
CBX3P7	
CBX3P8	0.016
CBX3P9	0.534
CBX4	1.201
CBX5	1.96
CBX5P1	0.383
CBX6	
CBX7	1.41
CBX8	0.586
CBY1	1.999
CBY3	2.235
CC2D1A	1.275
CC2D1B	1.594
CC2D2A	1.621
CC2D2B	1.271
CCAR1	1.983
CCAR2	1.908
CCAT1	1.917
CCBE1	2.429
CCBL1	4.876
CCBL2	5.937
CCDC101	1.571
CCDC102A	1.833
CCDC102B	5.511
CCDC103	0.572
CCDC104	4.35
CCDC105	2.641
CCDC106	1.712
CCDC107	0.881
CCDC108	2.921
CCDC109B	1.493
CCDC11	1.832
CCDC110	2.736
CCDC112	1.677
CCDC113	1.753
CCDC114	1.389
CCDC115	
CCDC116	0.701
CCDC117	3.651
CCDC11P1	1.997
CCDC12	1.454
CCDC120	1.297
CCDC121	0.889
CCDC122	4.364
CCDC124	1.934
CCDC125	1.412
CCDC126	1.215
CCDC127	2.958
CCDC129	3.281
CCDC13	1.693
CCDC13-AS1	1.15
CCDC130	5.297
CCDC132	3.807
CCDC134	3.518
CCDC135	1.855
CCDC136	2.487
CCDC137	1.203
CCDC138	2.25
CCDC14	1.618
CCDC140	1.093
CCDC141	3.258
CCDC142	1.709
CCDC144B	1.587
CCDC146	2.578
CCDC147	1.638
CCDC147-AS1	1.086
CCDC148	3.745
CCDC148-AS1	3.203
CCDC149	4.003
CCDC15	3.255
CCDC150	2.402
CCDC151	1.753
CCDC152	1.958
CCDC153	0.489
CCDC154	2.008
CCDC155	1.426
CCDC157	2.179
CCDC158	1.414
CCDC159	1.626
CCDC160	2.022
CCDC162P	4.074
CCDC163P	1.016
CCDC166	0.873
CCDC167	1.949
CCDC168	1.892
CCDC169	1.59
CCDC169-SOHLH2	1.59
CCDC17	
CCDC170	3.152
CCDC171	5.029
CCDC172	4.742
CCDC173	3.246
CCDC174	2.038
CCDC175	1.96
CCDC176	3.827
CCDC177	2.71
CCDC178	5.744
CCDC179	1.559
CCDC18	3.003
CCDC180	1.698
CCDC181	3.084
CCDC19	2.524
CCDC22	1.623
CCDC23	
CCDC24	2.813
CCDC25	5.054
CCDC26	4.272
CCDC27	1.662
CCDC28A	4.949
CCDC28B	1.241
CCDC3	2.504
CCDC30	2.117
CCDC33	2.535
CCDC34	2.403
CCDC34P1	0.17
CCDC36	2.405
CCDC37	1.907
CCDC38	3.927
CCDC39	3.131
CCDC39-AS1	3.014
CCDC40	3.778
CCDC41	3.371
CCDC42	1.898
CCDC42B	3.29
CCDC43	0.517
CCDC47	
CCDC50	5.268
CCDC51	0.501
CCDC53	
CCDC54	0.477
CCDC57	6.307
CCDC58	1.457
CCDC58P1	
CCDC58P2	1.848
CCDC58P3	1.894
CCDC58P5	0.552
CCDC59	1.902
CCDC6	2.284
CCDC60	3.238
CCDC61	2.704
CCDC62	3.202
CCDC63	2.548
CCDC64	2.91
CCDC64B	1.51
CCDC65	2.228
CCDC66	2.117
CCDC67	4.308
CCDC68	3.179
CCDC69	2.954
CCDC7	3.572
CCDC70	2.539
CCDC71	1.301
CCDC71L	0.877
CCDC73	1.991
CCDC75P1	2.496
CCDC77	2.778
CCDC78	2.489
CCDC79	1.323
CCDC8	5.497
CCDC80	3.05
CCDC81	2.141
CCDC82	1.395
CCDC83	4.025
CCDC84	
CCDC85A	3.331
CCDC85B	0.738
CCDC85C	2.686
CCDC86	3.015
CCDC87	1.352
CCDC88A	3.059
CCDC88B	0.741
CCDC88C	2.252
CCDC89	1.004
CCDC90B	1.558
CCDC91	3.196
CCDC92	1.839
CCDC93	2.541
CCDC94	0.992
CCDC96	-0.639
CCDC97	1.188
CCER1	1.583
CCHCR1	2.426
CCIN	1.294
CCK	1.61
CCKAR	3.309
CCKBR	1.644
CCL1	1.896
CCL11	1.008
CCL13	1.835
CCL14	1.693
CCL15	0.401
CCL15-CCL14	1.693
CCL16	3.14
CCL17	1.308
CCL18	3.862
CCL19	1.488
CCL2	0.709
CCL20	1.971
CCL21	1.786
CCL22	2.5
CCL23	2.434
CCL24	2.111
CCL25	2.525
CCL26	1.613
CCL27	0.749
CCL28	1.702
CCL4L2	
CCL5	2.547
CCL7	2.734
CCL8	1.082
CCM2	1.516
CCM2L	3.09
CCNA1	2.903
CCNA2	0.613
CCNB1	2.122
CCNB1IP1	3.123
CCNB1IP1P2	1.169
CCNB1IP1P3	1.723
CCNB2	1.864
CCNB3	2.031
CCNC	2.148
CCND1	2.806
CCND2	1.701
CCND3	3.443
CCNDBP1	1.104
CCNE1	4.801
CCNE2	1.532
CCNF	1.4
CCNG1	1.294
CCNG1P1	0.853
CCNG2	3.972
CCNH	1.487
CCNI	2.104
CCNI2	1.926
CCNJ	0.534
CCNJL	2.114
CCNJP1	1.589
CCNJP2	-0.781
CCNK	1.586
CCNL1	1.346
CCNL2	2.511
CCNO	1.308
CCNT1	1.692
CCNT2	4.301
CCNT2P1	1.233
CCNY	3.102
CCNYL1	1.691
CCNYL3	
CCP110	1.195
CCPG1	1.63
CCR1	0.331
CCR10	0.708
CCR12P	2.5
CCR2	4.069
CCR3	1.764
CCR4	1.912
CCR5	0.574
CCR6	2.075
CCR7	1.731
CCR8	1.56
CCR9	1.516
CCRL2	2.575
CCRN4L	1.566
CCS	1.011
CCSAP	1.728
CCSER1	6.221
CCSER2	2.939
CCT2	2.009
CCT3	1.883
CCT4	1.279
CCT4P1	2.289
CCT4P2	1.369
CCT5	3.195
CCT5P1	1.809
CCT5P2	2.666
CCT6A	2.153
CCT6B	2.094
CCT6P1	2.796
CCT6P2	1.682
CCT6P4	2.813
CCT7	1.312
CCT7P1	0.759
CCT7P2	1.328
CCT8	1.187
CCT8L1P	3.542
CCZ1	3.64
CCZ1B	4.978
CD101	1.376
CD109	3.489
CD14	1.137
CD151	1.19
CD160	
CD163	1.894
CD163L1	2.626
CD164	1.698
CD164L2	0.681
CD180	6.545
CD19	1.277
CD1A	1.349
CD1B	0.756
CD1C	2.216
CD1D	1.892
CD1E	1.455
CD2	2.724
CD200	2.73
CD200R1	1.847
CD200R1L	1.854
CD207	1.927
CD209	1.684
CD22	1.544
CD226	2.693
CD244	2.487
CD247	1.886
CD248	0.823
CD24P2	1.374
CD27	2.206
CD27-AS1	2.206
CD274	2.565
CD276	1.965
CD28	3.444
CD2AP	2.771
CD2BP2	0.636
CD300A	3.173
CD300C	1.41
CD300E	1.562
CD300LB	2.44
CD300LD	1.805
CD300LF	3.387
CD300LG	1.529
CD302	1.074
CD320	1.899
CD33	1.172
CD34	2.735
CD36	1.828
CD37	1.343
CD38	1.344
CD3D	1.717
CD3E	1.43
CD3EAP	2.137
CD3G	2.214
CD4	2.143
CD40	2.031
CD40LG	0.683
CD44	2.686
CD46	1.726
CD46P1	0.908
CD47	2.329
CD48	3.332
CD5	1.914
CD52	0.932
CD53	1.901
CD55	3.043
CD58	2.161
CD59	1.911
CD5L	2.75
CD6	2.99
CD63	2.702
CD68	0.376
CD69	1.956
CD7	1.743
CD70	3.222
CD72	1.228
CD74	1.919
CD79A	1.821
CD79B	1.465
CD80	2.814
CD81	1.751
CD82	2.049
CD83	2.02
CD84	2.05
CD86	2.18
CD8A	1.479
CD8B	1.233
CD8BP	1.883
CD9	2.952
CD93	1.962
CD96	4.557
CD97	2.323
CD99L2	2.691
CDA	2.912
CDADC1	1.768
CDAN1	2.146
CDC123	2.087
CDC14A	2.294
CDC14B	3.323
CDC16	3.714
CDC20	2.72
CDC20B	2.441
CDC20P1	0.799
CDC23	1.701
CDC25A	2.237
CDC25B	2.274
CDC25C	1.105
CDC26	1.781
CDC27	4.553
CDC34	1.689
CDC37	2.728
CDC37L1	2.049
CDC40	2.417
CDC42	2.974
CDC42BPA	3.465
CDC42BPB	2.745
CDC42BPG	1.566
CDC42EP1	1.631
CDC42EP2	2.456
CDC42EP3	3.883
CDC42EP4	3.079
CDC42EP5	2.394
CDC42P1	-1.168
CDC42P2	2.042
CDC42P5	0.655
CDC42SE1	0.737
CDC42SE2	2.153
CDC45	1.988
CDC5L	2.493
CDC6	1.075
CDC7	2.338
CDC73	1.919
CDCA2	3.071
CDCA3	1.613
CDCA4	1.441
CDCA5	2.038
CDCA7	2.397
CDCA7L	2.419
CDCA8	1.342
CDCP1	1.834
CDCP2	2.535
CDH1	4.001
CDH10	3.641
CDH11	6.984
CDH12	4.527
CDH12P1	0.816
CDH12P2	2.137
CDH12P4	-0.073
CDH13	5.505
CDH15	3.581
CDH16	3.738
CDH17	1.967
CDH18	6.457
CDH19	2.616
CDH2	5.077
CDH20	3.165
CDH22	2.364
CDH23	5.175
CDH23-AS1	1.909
CDH24	2.772
CDH26	5.743
CDH3	4.188
CDH4	6.826
CDH5	2.419
CDH6	2.295
CDH7	3.474
CDH8	3.399
CDH9	3.293
CDHR1	2.037
CDHR2	2.279
CDHR3	3.556
CDHR4	0.892
CDHR5	3.348
CDIP1	2.288
CDIPT	0.819
CDIPT-AS1	0.721
CDK1	1.588
CDK10	4.299
CDK11A	2.317
CDK11B	5.681
CDK12	1.933
CDK13	2.596
CDK14	4.454
CDK15	1.865
CDK16	0.515
CDK17	2.646
CDK18	2.451
CDK19	1.937
CDK2	1.079
CDK20	1.725
CDK2AP1	1.594
CDK2AP2	0.865
CDK3	3.076
CDK4	1.464
CDK5	0.841
CDK5R1	1.612
CDK5R2	2.673
CDK5RAP1	1.093
CDK5RAP2	2.349
CDK5RAP3	0.676
CDK6	2.184
CDK7	1.396
CDK8	3.489
CDK9	3.27
CDKAL1	4.369
CDKL1	2.188
CDKL2	1.614
CDKL3	2.215
CDKL4	3.355
CDKL5	2.055
CDKN1A	2.076
CDKN1B	2.387
CDKN1C	1.933
CDKN2A	1.296
CDKN2AIP	2.712
CDKN2AIPNL	2.346
CDKN2AIPNLP1	1.93
CDKN2AIPNLP2	1.436
CDKN2AIPNLP3	1.471
CDKN2B	1.3
CDKN2B-AS1	2.393
CDKN2C	2.369
CDKN3	2.5
CDNF	3.118
CDO1	1.702
CDON	5.22
CDPF1	2.37
CDR1	2.894
CDR2	2.103
CDR2L	3.173
CDRT1	4.083
CDRT15	1.718
CDRT4	3.337
CDRT7	0.309
CDRT8	2.891
CDS1	2.458
CDS2	2.366
CDSN	2.788
CDT1	2.277
CDV3	2.289
CDV3P1	1.395
CDX1	1.916
CDX2	1.477
CDX4	1.552
CDYL	3.959
CDYL2	3.646
CEA	2.023
CEACAM1	1.726
CEACAM16	3.438
CEACAM19	1.556
CEACAM20	1.697
CEACAM21	2.086
CEACAM22P	2.164
CEACAM3	1.754
CEACAM4	2.286
CEACAM5	1.233
CEACAM6	2.023
CEACAM7	1.283
CEACAMP3	1.376
CEBPA	1.239
CEBPA-AS1	0.909
CEBPB	1.445
CEBPD	1.675
CEBPE	2.576
CEBPG	0.684
CEBPZ	1.565
CECR1	3.05
CECR2	4.778
CECR3	2.789
CECR5	2.442
CECR5-AS1	1.646
CECR6	2.651
CECR9	2.733
CEL	0.613
CELA1	4.656
CELA2A	1.803
CELA2B	1.803
CELA3A	2.839
CELA3B	3.925
CELF1	1.044
CELF2	4.73
CELF2-AS1	1.121
CELF2-AS2	2.365
CELF3	0.888
CELF4	2.755
CELF5	2.606
CELF6	3.221
CELP	2.116
CELSR1	4.192
CELSR2	3.183
CELSR3	2.138
CEMP1	0.825
CEND1	1.427
CEND1P1	5.546
CENPA	2.265
CENPB	1.86
CENPBD1	0.976
CENPC	3.767
CENPCP1	0.766
CENPE	1.389
CENPF	4.871
CENPH	1.327
CENPI	1.264
CENPJ	0.996
CENPK	2.155
CENPL	0.934
CENPM	1.574
CENPN	2.554
CENPO	4.079
CENPP	3.683
CENPQ	0.896
CENPT	2.711
CENPV	1.404
CENPVP1	0.565
CENPVP2	1.497
CENPVP3	1.781
CENPW	1.663
CEP104	2.554
CEP112	2.544
CEP120	2.833
CEP128	3.75
CEP135	1.835
CEP152	1.948
CEP164	2.513
CEP164P1	2.36
CEP170	1.856
CEP170B	3.877
CEP170P1	1.998
CEP19	1.312
CEP192	1.771
CEP250	2.597
CEP290	1.589
CEP350	4.188
CEP41	1.581
CEP44	2.065
CEP55	2.796
CEP57	1.545
CEP57L1	2.228
CEP57L1P1	2.778
CEP63	1.488
CEP68	4.085
CEP70	2.132
CEP72	1.266
CEP76	3.923
CEP78	0.834
CEP85	2.102
CEP85L	2.931
CEP89	1.725
CEP95	3.83
CEP97	1.993
CEPT1	3.08
CER1	1.968
CERCAM	2.023
CERK	2.065
CERKL	1.87
CERS1	1.009
CERS2	1.285
CERS3	2.063
CERS4	2.696
CERS5	0.886
CERS6	4.243
CERS6-AS1	1.05
CES2	2.421
CES3	3.317
CES4A	2.529
CES5A	2.925
CES5AP1	2.008
CETN1	3.48
CETN2	1.019
CETN3	1.097
CETN4P	1.849
CETP	1.92
CFB	0.949
CFD	1.044
CFDP1	3.982
CFH	1.625
CFHR1	3.515
CFHR2	1.583
CFHR3	4.001
CFHR4	1.074
CFHR5	1.423
CFI	4.015
CFL1	2.997
CFL1P1	2.919
CFL1P2	3.014
CFL1P3	0.028
CFL1P4	2.249
CFL1P6	1.679
CFL1P7	-1.572
CFL1P8	3.277
CFL2	1.524
CFLAR	1.841
CFLAR-AS1	1.222
CFP	1.363
CFTR	2.438
CFTRP1	2.414
CGA	1.485
CGB	3.019
CGB1	1.726
CGB5	
CGB7	2.757
CGB8	1.085
CGGBP1	2.045
CGN	2.451
CGNL1	2.83
CGREF1	1.987
CGRRF1	5.929
CH17-12M21.1	2.454
CH17-132F21.1	
CH25H	1.743
CHAC1	2.931
CHAC2	1.202
CHAD	4.3
CHADL	3.508
CHAF1A	2.575
CHAF1B	2.645
CHAMP1	
CHAT	3.959
CHCHD1	1.267
CHCHD10	0.5
CHCHD2	1.273
CHCHD2P1	2.079
CHCHD2P11	0.99
CHCHD2P2	0.764
CHCHD2P3	2.197
CHCHD2P4	1.49
CHCHD2P5	1.524
CHCHD2P6	1.271
CHCHD2P7	1.837
CHCHD2P8	3.698
CHCHD2P9	5.423
CHCHD3	3.817
CHCHD3P1	2.968
CHCHD3P2	1.393
CHCHD3P3	1.216
CHCHD4	1.152
CHCHD4P2	2.406
CHCHD4P3	-0.146
CHCHD4P5	1.458
CHCHD5	0.851
CHCHD6	3.432
CHCHD7	1.095
CHD1	1.768
CHD1L	3.242
CHD2	2.162
CHD3	1.946
CHD4	3.212
CHD5	4.054
CHD6	3.286
CHD7	3.026
CHD8	2.402
CHD9	4.477
CHDC2	1.748
CHDH	2.744
CHEK1	1.439
CHEK2	1.98
CHEK2P2	
CHEK2P3	
CHEK2P5	
CHERP	1.544
CHFR	4.846
CHGA	3.019
CHGB	2.885
CHI3L1	2.653
CHI3L2	2.322
CHIA	1.466
CHIAP1	1.858
CHIAP2	2.704
CHIAP3	1.674
CHIC1	2.733
CHIC2	1.768
CHID1	2.343
CHIT1	2.88
CHKA	2.026
CHKB	1.707
CHKB-AS1	1.176
CHKB-CPT1B	1.756
CHL1	4.515
CHL1-AS1	2.259
CHL1-AS2	5.698
CHM	3.201
CHML	1.51
CHMP1A	1.594
CHMP1AP1	2.674
CHMP1B	0.965
CHMP2A	
CHMP2B	1.635
CHMP3	3.104
CHMP4A	0.46
CHMP4B	4.167
CHMP4BP1	-0.178
CHMP4C	1.277
CHMP5	0.641
CHMP6	2.081
CHMP7	2.421
CHN1	2.074
CHN2	3.26
CHODL	3.798
CHODL-AS1	1.598
CHORDC1	2.179
CHORDC2P	0.762
CHP1	1.715
CHP2	2.086
CHPF	1.032
CHPF2	2.45
CHPT1	2.732
CHRAC1	1.58
CHRD	1.111
CHRDL1	3.035
CHRDL2	2.039
CHRM1	1.482
CHRM2	2.368
CHRM3	3.483
CHRM3-AS1	1.241
CHRM3-AS2	0.847
CHRM4	0.712
CHRM5	3.046
CHRNA1	1.976
CHRNA10	1.495
CHRNA2	2.708
CHRNA3	1.272
CHRNA4	3.237
CHRNA5	1.329
CHRNA6	2.739
CHRNA7	1.699
CHRNA9	1.994
CHRNB1	2.586
CHRNB2	1.669
CHRNB3	3.383
CHRNB4	3.066
CHRND	0.574
CHRNE	2.583
CHRNG	1.185
CHST1	3.677
CHST10	2.068
CHST11	3.704
CHST12	1.883
CHST13	1.301
CHST14	1.794
CHST15	2.217
CHST2	1.651
CHST3	2.004
CHST4	0.738
CHST5	2.877
CHST6	1.545
CHST7	1.371
CHST8	4.609
CHST9	1.927
CHSY1	2.563
CHSY3	3.422
CHTF18	1.57
CHTF8	1.788
CHTF8P1	1.565
CHTOP	2.062
CHUK	0.74
CHURC1	2.516
CHURC1-FNTB	3.161
CIAO1	0.115
CIAPIN1	0.678
CIAPIN1P	-0.39
CIB1	1.583
CIB2	1.143
CIB3	4.034
CIB4	3.437
CIC	1.896
CICP13	3.161
CICP14	3.456
CICP17	1.853
CICP22	2.088
CICP9	
CIDEA	1.652
CIDEB	1.593
CIDEC	2.145
CIDECP	2.325
CIITA	2.954
CILP	1.192
CILP2	1.93
CINP	0.893
CIR1	1.193
CIR1P1	1.847
CIR1P2	2.422
CIR1P3	1.66
CIRBP	3.016
CIRBP-AS1	3.016
CIRH1A	1.709
CISD1	1.675
CISD1P1	4.651
CISD2	1.557
CISD3	1.313
CISH	1.746
CIT	2.086
CITED1	1.093
CITED2	1.757
CITED4	1.701
CITF22-1A6.3	0.807
CITF22-24E5.1	1.743
CITF22-49D8.1	2.596
CITF22-92A6.1	2.136
CIZ1	
CKAP2L	2.158
CKAP4	2.498
CKAP5	3.317
CKB	1.735
CKBP1	1.561
CKLF	0.635
CKLF-CMTM1	0.924
CKM	1.206
CKMT1A	1.202
CKMT1B	2.014
CKMT2	2.572
CKMT2-AS1	4.247
CKS1B	-0.147
CKS1BP5	
CKS1BP6	1.744
CKS1BP7	
CKS2	1.821
CLASP1	5.58
CLASP2	3.68
CLASRP	1.483
CLCA1	2.893
CLCA2	2.759
CLCA3P	0.437
CLCA4	1.848
CLCC1	3.662
CLCF1	2.536
CLCN1	1.725
CLCN2	
CLCN3	1.461
CLCN4	3.951
CLCN5	2.327
CLCN6	2.472
CLCN7	2.684
CLCNKA	1.952
CLCNKB	1.74
CLCP2	
CLDN1	2.61
CLDN10	2.329
CLDN10-AS1	2.329
CLDN11	4.312
CLDN12	1.817
CLDN14	5.032
CLDN15	2.516
CLDN16	2.368
CLDN17	2.439
CLDN18	2.44
CLDN19	1.425
CLDN2	1.495
CLDN20	1.47
CLDN22	-1.615
CLDN23	1.712
CLDN24	1.514
CLDN25	0.867
CLDN3	1.36
CLDN4	1.55
CLDN5	1.8
CLDN6	1.108
CLDN7	1.243
CLDN8	1.827
CLDN9	2.025
CLDND1	1.492
CLDND2	0.645
CLEC10A	2.676
CLEC11A	3.788
CLEC12A	3.356
CLEC12B	2.815
CLEC14A	1.596
CLEC16A	2.469
CLEC17A	2.073
CLEC19A	3.938
CLEC1A	3.194
CLEC1B	3.139
CLEC2A	1.868
CLEC2B	2.733
CLEC2D	1.448
CLEC2L	2.45
CLEC3A	3.353
CLEC3B	0.85
CLEC4A	2.304
CLEC4C	2.85
CLEC4D	1.474
CLEC4E	0.856
CLEC4F	1.033
CLEC4G	1.583
CLEC4GP1	1.955
CLEC4M	2.555
CLEC5A	2.1
CLEC6A	2.118
CLEC7A	2.444
CLEC9A	1.997
CLECL1	1.351
CLGN	2.296
CLHC1	2.475
CLIC1	3.439
CLIC1P1	1.556
CLIC2	1.986
CLIC3	2.571
CLIC4	3.349
CLIC5	2.362
CLIC6	2.14
CLINT1	2.152
CLIP1	2.55
CLIP2	2.257
CLIP3	0.88
CLIP4	1.675
CLK1	1.697
CLK2	1.202
CLK3	2.053
CLK4	2.221
CLLU1	1.758
CLLU1OS	1.758
CLMN	2.784
CLMP	1.921
CLN3	1.334
CLN5	1.668
CLN6	1.788
CLN8	1.618
CLNK	2.92
CLNS1A	2.292
CLNS1AP1	1.915
CLOCK	3.737
CLP1	1.275
CLPB	4.559
CLPP	2.272
CLPS	3.974
CLPSL1	4.057
CLPSL2	1.336
CLPTM1	2.41
CLPTM1L	1.432
CLPX	3.197
CLRN1	2.146
CLRN1-AS1	5.011
CLRN2	1.439
CLRN3	2.167
CLSPN	2.754
CLSTN1	4.866
CLSTN2	4.045
CLSTN2-AS1	1.218
CLSTN3	0.949
CLTA	2.7
CLTB	2.079
CLTC	2.393
CLTCL1	4.367
CLU	1.68
CLUAP1	2.334
CLUH	0.94
CLUHP3	1.431
CLUL1	3.357
CLVS1	5.376
CLVS2	2.228
CLYBL	4.373
CLYBL-AS1	-0.203
CLYBL-AS2	-0.499
CMA1	1.014
CMAHP	4.686
CMAS	2.171
CMBL	3.01
CMC1	3.371
CMC2	5.608
CMC4	1.294
CMIP	4.195
CMKLR1	4.819
CMP21-97G8.1	1.062
CMP21-97G8.2	0.999
CMPK1	1.637
CMPK2	1.615
CMSS1	2.515
CMTM1	0.924
CMTM2	2.339
CMTM3	1.123
CMTM4	1.882
CMTM5	1.217
CMTM6	3.107
CMTM7	2.688
CMTM8	3.208
CMTR1	3.251
CMTR2	1.783
CMYA5	3.343
CNBD1	4.335
CNBD2	2.202
CNBP	1.627
CNDP1	1.607
CNDP2	2.32
CNEP1R1	4.014
CNFN	2.789
CNGA1	1.27
CNGA2	2.43
CNGA3	1.758
CNGA4	0.751
CNGB1	3.031
CNGB3	2.387
CNIH1	2.435
CNIH2	0.71
CNIH3	2.339
CNIH4	1.648
CNKSR1	1.391
CNKSR2	2.338
CNKSR3	3.844
CNN1	1.903
CNN2	2.008
CNN2P1	-0.078
CNN2P10	1.192
CNN2P3	
CNN2P6	2.016
CNN2P9	0.21
CNN3	1.825
CNN3P1	0.616
CNNM1	2.48
CNNM2	2.614
CNNM3	3.91
CNNM4	1.592
CNOT1	2.094
CNOT10	2.595
CNOT10-AS1	0.034
CNOT11	2.227
CNOT2	1.335
CNOT3	1.097
CNOT4	2.602
CNOT4P1	2.136
CNOT6	2.132
CNOT6L	1.928
CNOT6LP1	1.855
CNOT7	1.489
CNOT7P1	
CNOT7P2	1.016
CNOT8	4.451
CNP	1.291
CNPPD1	2.368
CNPY1	2.94
CNPY2	0.836
CNPY3	1.561
CNPY4	0.063
CNR1	1.692
CNR2	2.437
CNRIP1	1.824
CNST	1.979
CNTD1	2.025
CNTD2	0.784
CNTF	1.086
CNTFR	1.336
CNTFR-AS1	1.17
CNTLN	4.5
CNTN1	2.934
CNTN2	2.168
CNTN3	3.819
CNTN4	5.349
CNTN4-AS1	2.692
CNTN4-AS2	1.747
CNTN5	5.243
CNTN6	6.606
CNTNAP1	1.838
CNTNAP2	4.011
CNTNAP3	
CNTNAP3B	
CNTNAP4	3.814
CNTNAP5	4.247
CNTRL	3.001
CNTROB	1.052
COA1	2.889
COA3	0.736
COA4	2.747
COA5	0.999
COA6	1.296
COASY	0.164
COBL	3.027
COBLL1	4.395
COCH	2.121
COG1	1.974
COG2	1.562
COG3	1.504
COG4	1.678
COG5	4.592
COG6	3.309
COG7	2.991
COG8	2.42
COIL	2.268
COL10A1	3.653
COL11A1	3.878
COL11A2	2.938
COL11A2P1	1.752
COL12A1	1.881
COL13A1	3.319
COL14A1	2.967
COL15A1	6.216
COL16A1	3.9
COL17A1	1.608
COL18A1	4.991
COL18A1-AS1	1.591
COL18A1-AS2	4.991
COL19A1	5.269
COL1A1	4.064
COL1A2	2.525
COL20A1	2.38
COL21A1	3.223
COL22A1	5.015
COL23A1	3.804
COL24A1	2.575
COL25A1	7.095
COL26A1	3.054
COL27A1	3.647
COL28A1	3.736
COL2A1	1.132
COL3A1	3.702
COL4A1	4.273
COL4A2	2.487
COL4A2-AS1	0.847
COL4A2-AS2	1.324
COL4A3	4.731
COL4A3BP	1.592
COL4A4	2.996
COL4A5	3.59
COL4A6	1.898
COL5A1	4.175
COL5A2	3.16
COL5A3	1.958
COL6A1	3.246
COL6A2	3.046
COL6A3	6.183
COL6A4P1	1.701
COL6A4P2	2.028
COL6A5	5.139
COL6A6	5.625
COL7A1	1.315
COL8A1	4.11
COL8A2	2.613
COL9A1	2.21
COL9A2	3.074
COL9A3	2.236
COLCA1	2.108
COLCA2	6.622
COLEC10	3.183
COLEC11	2.655
COLEC12	3.283
COLGALT1	2.475
COLGALT2	2.435
COLQ	2.073
COMMD1	2.337
COMMD10	5.536
COMMD2	4.69
COMMD3	2.352
COMMD3-BMI1	0.846
COMMD4	1.313
COMMD5	2.249
COMMD6	1.403
COMMD7	1.623
COMMD8	1.484
COMMD9	1.772
COMP	1.77
COMT	2.276
COMTD1	1.064
COPA	1.694
COPB1	2.899
COPB2	1.933
COPE	1.713
COPG1	2.72
COPG2	
COPRS	1.602
COPS2	1.7
COPS3	1.629
COPS4	3.842
COPS5	
COPS5P1	-0.099
COPS6	1.343
COPS7A	5.17
COPS7B	2.786
COPS8	1.753
COPS8P2	-0.664
COPS8P3	2.219
COPZ1	3.015
COPZ2	1.443
COQ10A	0.713
COQ10B	1.023
COQ10BP2	0.152
COQ2	2.32
COQ3	1.149
COQ4	2.088
COQ5	2.576
COQ6	2.79
COQ7	1.329
COQ9	1.581
CORIN	2.812
CORO1A	1.648
CORO1B	1.639
CORO1C	2.544
CORO2A	3.225
CORO2B	3.029
CORO6	1.954
CORO7	3.371
CORO7-PAM16	2.294
CORT	0.829
COTL1	2.84
COX10	2.236
COX10-AS1	4.582
COX11	1.884
COX11P1	1.293
COX14	0.447
COX15	0.613
COX16	1.557
COX17	2.393
COX17P1	1.586
COX18	2.062
COX19	3.345
COX20	3.191
COX20P2	2.568
COX4I1	1.157
COX4I1P1	1.064
COX4I1P2	0.733
COX4I2	1.483
COX5A	3.265
COX5AP2	-0.475
COX5BP1	
COX5BP2	0.022
COX5BP3	
COX5BP6	
COX5BP8	2.13
COX6A1	2.219
COX6A1P2	1.894
COX6A1P3	3.364
COX6A2	0.306
COX6B1	1.09
COX6B1P1	1.522
COX6B1P2	1.02
COX6B1P3	0.661
COX6B1P4	1.844
COX6B1P5	1.426
COX6B1P6	2.273
COX6B1P7	2.239
COX6C	1.896
COX6CP2	1.43
COX6CP3	2.405
COX6CP5	-0.208
COX6CP6	2.58
COX7A2	1.212
COX7A2L	1.676
COX7A2P1	-0.115
COX7A2P2	2.645
COX7B	-0.36
COX7B2	2.468
COX7BP1	1.813
COX7C	2.845
COX7CP1	0.967
COX8A	1.414
COX8C	2.207
CP	1.919
CPA1	1.519
CPA2	1.652
CPA3	1.534
CPA4	1.946
CPA5	1.769
CPA6	4.561
CPAMD8	2.685
CPB1	1.759
CPB2	5.873
CPB2-AS1	5.873
CPD	2.657
CPE	3.462
CPEB1	2.839
CPEB2	1.762
CPEB2-AS1	2.662
CPEB3	3.32
CPEB3_ribozyme	-1.759
CPEB4	2.077
CPED1	4.734
CPHL1P	2.375
CPLX1	2.745
CPLX2	3.105
CPLX3	2.026
CPLX4	2.099
CPM	2.359
CPN1	1.94
CPN2	3.808
CPNE1	2.225
CPNE2	2.308
CPNE3	4.327
CPNE4	6.116
CPNE5	2.39
CPNE6	1.579
CPNE7	1.929
CPNE8	3.19
CPNE9	1.338
CPO	2.355
CPOX	3.976
CPPED1	4.45
CPQ	2.618
CPS1	3.63
CPSF1	1.256
CPSF1P1	2.766
CPSF2	1.835
CPSF3	2.458
CPSF3L	3.06
CPSF4	1.974
CPSF4L	1.854
CPSF6	1.964
CPSF7	1.874
CPT1A	2.344
CPT1B	1.756
CPT1C	1.924
CPT2	1.55
CPVL	3.497
CPXCR1	2.754
CPXM1	1.943
CPXM2	2.868
CPZ	5.178
CR1	1.698
CR1L	1.866
CR2	3.191
CR381670.1	
CR769776.1	
CR769776.3	
CR786580.2	
CR812485.1	
CRABP1	1.736
CRABP2	0.719
CRADD	2.554
CRAMP1L	2.916
CRAT	1.129
CRB1	2.797
CRB2	1.347
CRB3	1.014
CRBN	2.092
CRCP	1.167
CRCT1	0.88
CREB1	1.892
CREB3	0.497
CREB3L1	1.907
CREB3L2	5.206
CREB3L3	1.399
CREB3L4	1.067
CREB5	3.258
CREBBP	2.669
CREBL2	2.045
CREBRF	2.047
CREBZF	1.724
CREG1	2.429
CREG2	1.737
CRELD1	1.445
CRELD2	3.137
CREM	3.747
CRH	0.654
CRHBP	2.243
CRHR1	2.174
CRHR2	2.982
CRIM1	2.653
CRIP1	0.192
CRIP1P1	1.402
CRIP1P2	
CRIP1P3	2.018
CRIP1P4	1.214
CRIP2	1.921
CRIP3	1.79
CRIPAK	
CRIPT	3.087
CRISP1	2.248
CRISP2	3.871
CRISP3	2.797
CRISPLD1	2.135
CRISPLD2	4.304
CRK	2.051
CRKL	1.766
CRLF1	1.314
CRLF3	1.845
CRLS1	1.928
CRMP1	4.256
CRNDE	1.954
CRNKL1	2.306
CRNN	1.228
CROCC	3.683
CROCCP1	0.401
CROCCP2	2.459
CROCCP3	1.282
CROT	3.589
CRP	1.141
CRPP1	2.006
CRTAC1	5.044
CRTAM	1.9
CRTAP	1.85
CRTC1	1.52
CRTC2	0.667
CRTC3	3.329
CRX	1.385
CRY1	1.974
CRY2	0.984
CRYAA	2.509
CRYAB	
CRYBA1	1.068
CRYBA2	1.718
CRYBA4	1.749
CRYBB1	0.704
CRYBB2	1.302
CRYBB2P1	2.655
CRYBB3	2.275
CRYBG3	1.192
CRYGA	2.108
CRYGB	2.358
CRYGC	1.342
CRYGD	2.053
CRYGEP	1.891
CRYGFP	1.519
CRYGGP	
CRYGN	2.435
CRYGS	2.521
CRYL1	4.807
CRYM	1.025
CRYZ	1.728
CRYZL1	1.037
CRYZP1	-0.38
CS	0.986
CSAD	2.418
CSAG1	1.415
CSAG4	1.133
CSDC2	2.23
CSDE1	1.057
CSE1L	1.403
CSF1	3.453
CSF1R	1.986
CSF2	1.312
CSF2RB	2.666
CSF2RBP1	1.941
CSF3	0.297
CSF3R	3.406
CSGALNACT1	3.122
CSGALNACT2	2.758
CSHL1	2.199
CSK	2.802
CSMD1	4.989
CSMD2	4.866
CSMD3	4.034
CSN1S1	1.54
CSN1S2AP	0.917
CSN2	1.397
CSN3	1.042
CSNK1A1	2.845
CSNK1A1L	4.905
CSNK1A1P1	1.884
CSNK1A1P3	1.462
CSNK1D	1.791
CSNK1E	2.392
CSNK1G1	2.215
CSNK1G2	1.335
CSNK1G3	1.279
CSNK2A1	2.689
CSNK2A2	2.049
CSNK2A3	
CSNK2B	0.641
CSNK2B-LY6G5B-1181	1.1
CSPG4	1.323
CSPG4P11	1.048
CSPG4P12	2.006
CSPG4P13	4.753
CSPG5	1.17
CSPP1	1.701
CSRNP1	1.661
CSRNP2	1.856
CSRNP3	5.229
CSRP1	1.922
CSRP2	1.747
CSRP2BP	2.412
CSRP3	2.166
CST1	4.626
CST11	1.395
CST12P	2.406
CST13P	1.282
CST2	1.596
CST2P1	3.616
CST3	5.164
CST4	1.545
CST5	2.317
CST6	1.174
CST7	4.056
CST8	1.756
CST9	1.431
CST9L	2.361
CST9LP1	1.369
CSTA	1.425
CSTB	1.811
CSTF1	
CSTF2	1.165
CSTF2T	2.107
CSTF3	2.324
CSTF3-AS1	1.511
CSTL1	0.843
CSTP1	2.479
CT45A4	1.61
CT45A5	1.61
CT45A6	1.338
CT47B1	0.891
CT49	5.47
CT60	
CT62	1.671
CT64	5.054
CTA-109P11.1	2.218
CTA-109P11.4	3.125
CTA-125H2.1	2.374
CTA-125H2.2	2.06
CTA-125H2.3	
CTA-126B4.7	1.62
CTA-134P22.2	3.054
CTA-14H9.5	
CTA-150C2.13	1.542
CTA-204B4.2	1.858
CTA-211A9.5	5.244
CTA-212D2.2	0.582
CTA-215D11.4	1.618
CTA-217C2.1	2.101
CTA-217C2.2	1.257
CTA-21C21.1	3.865
CTA-221G9.10	
CTA-221G9.11	2.519
CTA-221G9.7	3.082
CTA-223H9.9	1.152
CTA-228A9.3	0.769
CTA-242H14.1	1.253
CTA-246H3.12	4.917
CTA-249B10.1	2.589
CTA-250D10.19	0.016
CTA-250D10.23	0.819
CTA-253N17.1	0.756
CTA-254O6.1	2.659
CTA-256D12.11	2.338
CTA-268H5.12	-0.137
CTA-268H5.14	1.715
CTA-268H5.9	2.041
CTA-276F8.2	2.915
CTA-277P6.1	4.445
CTA-280A3__B.2	3.408
CTA-292E10.6	2.356
CTA-292E10.8	1.533
CTA-293F17.1	1.943
CTA-298G8.1	
CTA-298G8.2	
CTA-299D3.8	1.82
CTA-29F11.1	1.172
CTA-31J9.2	1.416
CTA-326K9.1	1.519
CTA-331F8.1	
CTA-331P3.1	1.649
CTA-339C12.1	2.262
CTA-342B11.1	2.592
CTA-342B11.2	1.438
CTA-351J1.1	
CTA-357J21.1	-0.689
CTA-360L10.1	1.907
CTA-363E19.2	-1.679
CTA-363E6.1	1.914
CTA-363E6.2	3.104
CTA-363E6.5	2.12
CTA-363E6.6	2.103
CTA-363E6.7	1.461
CTA-369K23.1	2.127
CTA-373H7.7	0.692
CTA-384D8.31	0.59
CTA-384D8.34	0.441
CTA-384D8.35	2.181
CTA-384D8.36	1.015
CTA-390C10.10	1.614
CTA-392C11.1	2.755
CTA-392C11.2	2.829
CTA-392E5.1	
CTA-397C4.2	2.288
CTA-397H3.3	1.999
CTA-398F10.1	1.631
CTA-398F10.2	4.565
CTA-407F11.6	0.604
CTA-407F11.7	1.694
CTA-407F11.8	2.341
CTA-415G2.2	1.22
CTA-440B3.1	2.388
CTA-445C9.14	1.48
CTA-445C9.15	2.512
CTA-481E9.3	1.114
CTA-481E9.4	6.092
CTA-503F6.2	1.681
CTA-520D8.2	2.217
CTA-714B7.4	0.781
CTA-714B7.5	3.009
CTA-714B7.7	1.39
CTA-747E2.10	1.402
CTA-796E4.3	3.473
CTA-796E4.4	1.329
CTA-797E19.1	-1.169
CTA-797E19.2	1.639
CTA-833B7.2	1.637
CTA-85E5.10	1.765
CTA-85E5.6	0.562
CTA-85E5.7	0.709
CTA-929C8.5	3.155
CTA-929C8.6	1.554
CTA-929C8.7	1.974
CTA-929C8.8	2.849
CTA-941F9.9	2.0
CTA-963H5.5	0.445
CTA-984G1.5	0.83
CTA-989H11.1	0.127
CTA-992D9.6	2.626
CTA-992D9.7	1.774
CTAG1A	0.993
CTAG2	1.821
CTAGE1	1.235
CTAGE10P	1.856
CTAGE11P	1.435
CTAGE12P	4.983
CTAGE13P	2.595
CTAGE14P	2.932
CTAGE16P	2.004
CTAGE3P	1.913
CTAGE5	3.465
CTAGE7P	0.328
CTB-102L5.4	0.997
CTB-102L5.7	0.538
CTB-102L5.8	-0.314
CTB-1048E9.7	2.407
CTB-105L4.2	-0.212
CTB-107G13.1	2.072
CTB-107P3.1	2.134
CTB-108O6.2	1.271
CTB-109A12.1	2.653
CTB-10G5.1	
CTB-111F10.1	2.279
CTB-111H14.1	5.02
CTB-113D17.1	2.251
CTB-113I20.1	1.716
CTB-113I20.2	2.232
CTB-113P19.1	1.344
CTB-113P19.3	0.963
CTB-113P19.4	2.809
CTB-113P19.5	1.223
CTB-1144G6.5	2.374
CTB-114C7.3	2.415
CTB-114C7.4	2.791
CTB-118N6.1	1.283
CTB-118N6.2	4.065
CTB-118N6.3	4.39
CTB-118P15.2	1.821
CTB-119C2.1	0.667
CTB-11I22.1	1.384
CTB-11I22.2	1.101
CTB-120L21.1	1.1
CTB-127C13.1	1.777
CTB-129O4.1	2.194
CTB-129P6.11	1.218
CTB-129P6.4	1.745
CTB-12A17.3	1.137
CTB-12O2.1	3.866
CTB-131B5.2	0.876
CTB-131B5.5	1.282
CTB-131K11.1	
CTB-133G6.1	
CTB-133G6.2	1.464
CTB-134F13.1	1.451
CTB-134H23.2	1.438
CTB-135N1.2	1.253
CTB-138E5.1	2.489
CTB-13F3.1	0.545
CTB-13L3.1	1.817
CTB-140J7.2	1.504
CTB-147C13.1	0.285
CTB-147C22.9	5.366
CTB-147N14.4	1.679
CTB-152G17.4	0.731
CTB-152G17.5	
CTB-152G17.6	0.687
CTB-158E9.1	1.185
CTB-158E9.2	2.423
CTB-161C1.1	1.144
CTB-161J7.1	2.135
CTB-161J7.2	1.983
CTB-161K23.1	1.71
CTB-161M19.1	
CTB-161M19.2	
CTB-161M19.4	1.283
CTB-162E12.1	3.664
CTB-164L20.1	0.267
CTB-164N12.1	2.388
CTB-167B5.1	-0.449
CTB-167B5.2	0.826
CTB-167G5.3	1.375
CTB-167G5.5	1.587
CTB-167G5.6	3.132
CTB-171A8.1	3.438
CTB-174D11.1	1.762
CTB-174D11.2	0.49
CTB-174O21.2	-1.004
CTB-175E5.7	1.524
CTB-175P5.1	-0.619
CTB-175P5.2	-0.452
CTB-175P5.4	1.3
CTB-176F20.3	1.409
CTB-178M22.1	1.988
CTB-178M22.2	0.205
CTB-179I1.1	1.437
CTB-179I1.2	1.249
CTB-179I1.3	
CTB-179K24.3	1.774
CTB-17P3.4	1.077
CTB-180A7.3	2.485
CTB-180A7.6	1.544
CTB-180A7.8	1.713
CTB-180C19.1	0.985
CTB-181F24.1	1.594
CTB-181H17.1	0.162
CTB-184G21.3	
CTB-186G2.1	1.494
CTB-186G2.4	1.588
CTB-186H2.1	2.016
CTB-186H2.2	2.965
CTB-186H2.3	1.281
CTB-187L3.1	-0.871
CTB-187M2.1	0.417
CTB-187M2.2	1.196
CTB-187M2.3	2.377
CTB-189B5.3	-0.584
CTB-191D16.1	3.349
CTB-191K22.5	
CTB-191K22.6	0.85
CTB-193M12.1	0.647
CTB-193M12.3	0.72
CTB-1H10.1	2.745
CTB-1I21.1	4.21
CTB-1I21.2	1.533
CTB-20D2.1	1.298
CTB-22K21.2	1.083
CTB-23I7.1	2.799
CTB-23I7.3	2.175
CTB-25B13.12	1.654
CTB-25B13.13	-1.641
CTB-25B13.9	1.436
CTB-25J19.9	1.257
CTB-26E19.1	2.083
CTB-27N1.1	2.739
CTB-2L9.1	
CTB-30L5.1	1.264
CTB-31N19.2	
CTB-31N19.3	
CTB-31N19.4	
CTB-31O20.2	1.903
CTB-31O20.4	1.021
CTB-31O20.6	2.371
CTB-31O20.8	
CTB-31O20.9	
CTB-32H22.1	4.381
CTB-32O4.2	1.504
CTB-32P11.1	-0.349
CTB-33G10.1	1.924
CTB-33G10.11	1.708
CTB-33G10.6	0.982
CTB-33O18.1	1.971
CTB-33O18.2	1.761
CTB-33O18.3	2.597
CTB-35F21.1	2.075
CTB-35F21.2	1.712
CTB-35F21.3	1.994
CTB-35F21.4	1.973
CTB-35F21.5	1.223
CTB-36H16.2	0.867
CTB-37A13.1	1.116
CTB-39G8.2	3.727
CTB-39G8.3	1.191
CTB-3M24.3	-0.484
CTB-40H15.4	1.661
CTB-41I6.1	1.524
CTB-41I6.2	1.669
CTB-43E15.1	1.763
CTB-43E15.2	2.068
CTB-43E15.3	2.399
CTB-43E15.4	4.143
CTB-43P18.1	1.94
CTB-46B19.1	0.633
CTB-46B19.2	1.411
CTB-47B11.1	0.694
CTB-47B11.3	0.988
CTB-47B8.1	1.987
CTB-47B8.4	1.992
CTB-47B8.5	1.295
CTB-49A3.1	
CTB-49A3.2	2.53
CTB-49A3.4	1.127
CTB-49A3.5	1.388
CTB-4E7.1	1.834
CTB-50E14.4	
CTB-50L17.16	1.786
CTB-50L17.2	1.581
CTB-50L17.5	-0.429
CTB-50L17.7	
CTB-50L17.9	0.849
CTB-51A17.1	2.155
CTB-51E13.1	-1.162
CTB-51J22.1	0.84
CTB-52I2.3	1.173
CTB-52I2.4	2.741
CTB-54D4.1	0.95
CTB-54I1.1	4.39
CTB-54O9.9	0.87
CTB-55B8.1	0.956
CTB-55O6.10	
CTB-55O6.12	1.612
CTB-55O6.4	1.143
CTB-56J15.1	-0.113
CTB-57H20.1	2.37
CTB-58E17.1	1.467
CTB-58E17.2	0.496
CTB-58E17.3	1.467
CTB-58E17.9	1.527
CTB-59C6.3	
CTB-5E10.3	0.719
CTB-60B18.10	1.673
CTB-60B18.12	0.477
CTB-60B18.15	3.375
CTB-60B18.18	0.573
CTB-60B18.6	3.355
CTB-60E11.4	2.581
CTB-60E11.9	0.076
CTB-61M7.1	5.689
CTB-61M7.2	2.45
CTB-63M22.1	3.724
CTB-66B24.1	2.184
CTB-70D19.1	0.612
CTB-70G10.1	2.51
CTB-73N10.1	1.802
CTB-75G16.3	2.525
CTB-77H17.1	0.716
CTB-78F1.1	1.884
CTB-78F1.2	4.48
CTB-78H18.1	1.838
CTB-78O21.1	-1.522
CTB-79E8.2	1.845
CTB-79E8.3	
CTB-7E3.1	3.555
CTB-83J4.1	1.856
CTB-83J4.2	0.417
CTB-85P21.1	2.426
CTB-88F18.2	1.033
CTB-88F18.3	1.155
CTB-88F18.4	0.711
CTB-89H12.4	1.941
CTB-95B16.1	
CTB-95D12.1	2.887
CTB-96E2.2	0.727
CTB-96E2.3	3.269
CTB-96E2.7	0.226
CTB-99A3.1	2.779
CTBP1	1.459
CTBP1-AS2	1.458
CTBP2	6.814
CTBP2P3	
CTBP2P4	1.82
CTBP2P5	3.79
CTBP2P6	1.719
CTBP2P7	1.21
CTBP2P8	0.362
CTBS	5.15
CTC-1337H24.1	-1.613
CTC-1337H24.2	1.955
CTC-137K3.1	0.281
CTC-203F4.2	0.887
CTC-207P7.1	4.301
CTC-209H22.3	1.917
CTC-209L16.1	0.789
CTC-210G5.1	1.922
CTC-215O4.4	0.229
CTC-218H9.1	0.601
CTC-224D3.1	
CTC-228N24.1	3.446
CTC-228N24.2	1.119
CTC-228N24.3	2.336
CTC-229L21.1	6.651
CTC-232H10.1	2.559
CTC-232P5.1	1.68
CTC-232P5.3	0.641
CTC-232P5.4	-0.328
CTC-233O10.1	1.132
CTC-235G5.1	2.031
CTC-235G5.2	
CTC-235G5.3	0.558
CTC-236F12.4	1.94
CTC-239J10.1	
CTC-241F20.3	1.253
CTC-241F20.4	0.934
CTC-241N9.1	2.162
CTC-244M17.1	
CTC-246B18.12	1.026
CTC-246B18.8	1.914
CTC-248O19.1	0.271
CTC-250I14.1	2.004
CTC-250I14.3	0.854
CTC-250I14.6	0.768
CTC-250P20.1	-1.157
CTC-251D13.1	0.609
CTC-254B4.1	2.28
CTC-255N20.1	2.054
CTC-258N23.3	3.784
CTC-260E6.2	
CTC-260F20.3	2.081
CTC-261N6.3	0.974
CTC-264K15.6	2.788
CTC-264O10.1	2.793
CTC-264O10.2	2.4
CTC-265F19.1	0.443
CTC-265F19.2	1.105
CTC-265F19.3	0.691
CTC-265N9.1	2.913
CTC-268N12.2	1.39
CTC-268N12.3	1.049
CTC-273B12.10	1.759
CTC-273B12.5	5.689
CTC-273B12.6	0.188
CTC-273B12.7	5.689
CTC-273B12.8	0.559
CTC-276P9.1	0.62
CTC-276P9.2	1.179
CTC-276P9.3	1.171
CTC-277H1.7	0.631
CTC-278L1.1	3.516
CTC-280C13.1	2.025
CTC-281F24.1	2.877
CTC-281F24.2	2.654
CTC-281M20.1	2.905
CTC-281M20.3	-0.757
CTC-281M20.4	1.514
CTC-286N12.1	1.065
CTC-287O8.1	
CTC-293G12.1	1.469
CTC-295J13.3	2.082
CTC-296K1.3	1.024
CTC-296K1.4	0.741
CTC-297N7.1	1.185
CTC-297N7.10	1.688
CTC-297N7.11	2.625
CTC-297N7.5	1.796
CTC-297N7.7	2.625
CTC-297N7.8	7.474
CTC-297N7.9	0.968
CTC-301O7.4	1.495
CTC-303L1.1	-0.37
CTC-303L1.2	1.168
CTC-304I17.2	0.999
CTC-304I17.3	
CTC-304I17.4	0.893
CTC-304I17.5	0.497
CTC-305H11.1	1.077
CTC-308K20.1	1.014
CTC-308K20.2	0.709
CTC-308K20.3	2.002
CTC-308K20.4	1.169
CTC-312O10.2	1.793
CTC-313D10.1	0.187
CTC-321K16.1	2.62
CTC-321K16.4	2.487
CTC-325H20.2	3.479
CTC-325H20.4	1.013
CTC-325H20.7	
CTC-325J23.2	1.315
CTC-325J23.3	1.816
CTC-326K19.6	2.405
CTC-327F10.1	2.842
CTC-327F10.4	1.39
CTC-327F10.5	0.838
CTC-329D1.2	0.109
CTC-329D1.3	1.553
CTC-329H14.1	0.481
CTC-332L22.1	1.091
CTC-338M12.1	5.882
CTC-338M12.5	0.834
CTC-338M12.6	1.856
CTC-338M12.7	2.865
CTC-339D2.1	0.86
CTC-339F2.2	2.202
CTC-339O9.2	1.43
CTC-340A15.1	
CTC-340A15.2	3.572
CTC-340D7.1	2.405
CTC-340I23.2	1.493
CTC-342P15.1	2.391
CTC-344H19.4	0.616
CTC-344H19.6	0.904
CTC-345K18.2	1.846
CTC-347C20.1	1.45
CTC-347C20.2	1.944
CTC-348L5.1	1.453
CTC-349C3.1	2.519
CTC-349C3.2	2.272
CTC-350I8.1	0.649
CTC-353G13.1	1.885
CTC-359D24.3	0.752
CTC-359M8.1	2.646
CTC-359M8.3	1.067
CTC-360G5.1	0.361
CTC-360G5.6	0.814
CTC-360G5.8	1.12
CTC-360G5.9	
CTC-360J11.4	1.742
CTC-360J11.5	1.889
CTC-360J11.6	0.694
CTC-360P9.1	5.407
CTC-360P9.2	1.127
CTC-360P9.3	5.061
CTC-360P9.4	3.881
CTC-360P9.5	2.095
CTC-365E16.1	0.85
CTC-366B18.2	-0.405
CTC-366B18.4	1.601
CTC-367F4.1	1.604
CTC-367J11.1	1.887
CTC-369A16.2	0.694
CTC-369A16.3	0.694
CTC-369M3.1	1.978
CTC-370J7.1	0.265
CTC-378H22.1	1.623
CTC-378H22.2	1.606
CTC-379B2.4	2.42
CTC-384G19.1	2.262
CTC-391G2.1	2.049
CTC-394G3.1	3.856
CTC-394G3.2	3.111
CTC-398G3.1	
CTC-398G3.6	5.204
CTC-400I9.1	2.987
CTC-400I9.2	3.603
CTC-400I9.3	5.106
CTC-412M14.5	1.112
CTC-412M14.6	1.725
CTC-419K13.1	2.98
CTC-420A11.2	2.272
CTC-421K24.1	0.017
CTC-422A18.1	
CTC-422A18.2	0.663
CTC-425F1.2	0.294
CTC-425K20.1	2.693
CTC-425O23.2	1.424
CTC-428G20.1	-0.732
CTC-428G20.2	1.492
CTC-428G20.3	1.414
CTC-428G20.6	-1.16
CTC-428H11.2	1.079
CTC-429C10.2	3.351
CTC-429L19.3	
CTC-429P9.1	1.925
CTC-429P9.2	2.976
CTC-429P9.3	0.528
CTC-429P9.4	2.976
CTC-429P9.5	1.925
CTC-430J12.2	2.821
CTC-431G16.2	1.814
CTC-431G16.3	2.331
CTC-432M15.3	3.09
CTC-435M10.10	-0.075
CTC-435M10.3	4.559
CTC-435M10.6	1.162
CTC-436K13.1	1.58
CTC-436K13.2	1.525
CTC-436K13.3	1.392
CTC-436K13.4	-0.067
CTC-436K13.5	2.442
CTC-436K13.6	1.757
CTC-436P18.1	1.905
CTC-436P18.3	1.925
CTC-438O3.1	2.063
CTC-439O9.3	3.586
CTC-441N14.1	
CTC-441N14.2	4.845
CTC-441N14.4	2.784
CTC-444N24.11	1.229
CTC-444N24.13	1.603
CTC-444N24.6	0.9
CTC-444N24.8	0.925
CTC-444N24.9	1.205
CTC-447K7.1	3.78
CTC-448D22.1	5.617
CTC-448F2.3	2.042
CTC-448F2.4	1.129
CTC-448F2.6	1.838
CTC-450M9.1	-0.457
CTC-451P13.1	0.27
CTC-453G23.4	0.678
CTC-453G23.5	2.545
CTC-453G23.8	1.747
CTC-454I21.3	2.003
CTC-454I21.4	1.044
CTC-457E21.1	3.433
CTC-457E21.10	5.288
CTC-457E21.2	
CTC-457E21.3	3.996
CTC-457L16.2	
CTC-458A3.1	3.295
CTC-458G6.2	0.964
CTC-458G6.4	1.894
CTC-458I2.2	1.023
CTC-459F4.3	0.386
CTC-459F4.5	
CTC-459F4.7	
CTC-459I6.1	2.536
CTC-459M5.1	1.276
CTC-459M5.2	2.094
CTC-461F20.1	0.619
CTC-461H2.2	
CTC-461H2.3	2.665
CTC-462L7.1	3.174
CTC-463N11.1	1.521
CTC-465D4.1	3.347
CTC-467M3.1	1.5
CTC-467M3.3	-0.635
CTC-470C15.1	0.472
CTC-470E21.1	1.356
CTC-471C19.1	6.665
CTC-471C19.2	2.629
CTC-471F3.4	1.424
CTC-471F3.5	-0.067
CTC-471J1.10	1.234
CTC-471J1.2	1.063
CTC-471J1.8	1.743
CTC-471J1.9	1.221
CTC-472C24.1	4.294
CTC-478M6.1	2.387
CTC-479C5.10	1.84
CTC-479C5.11	
CTC-479C5.12	0.878
CTC-479C5.17	
CTC-479C5.6	1.076
CTC-480C2.1	2.689
CTC-482H14.5	0.42
CTC-484M2.1	1.46
CTC-484P3.3	1.936
CTC-487M23.5	1.798
CTC-487M23.7	1.064
CTC-487M23.8	2.086
CTC-490E21.10	1.911
CTC-490E21.12	4.827
CTC-490E21.13	1.417
CTC-492K19.4	-0.844
CTC-493L21.1	1.953
CTC-493L21.2	2.948
CTC-493P15.2	1.136
CTC-496I23.1	
CTC-497E21.3	2.03
CTC-497E21.5	2.608
CTC-498J12.1	1.03
CTC-498J12.3	1.517
CTC-498M16.2	1.153
CTC-498M16.3	-0.752
CTC-498M16.4	2.938
CTC-499J9.1	1.358
CTC-501O10.1	1.977
CTC-503J8.2	2.123
CTC-503J8.4	
CTC-503J8.6	1.495
CTC-503K11.2	1.619
CTC-505O3.1	0.986
CTC-505O3.2	1.72
CTC-505O3.3	4.24
CTC-506B8.1	0.485
CTC-507E12.1	2.073
CTC-507E2.1	2.404
CTC-507E2.2	0.492
CTC-508F8.1	0.766
CTC-510F12.2	1.119
CTC-510F12.4	2.924
CTC-510F12.6	1.673
CTC-512J12.4	2.679
CTC-512J12.6	3.634
CTC-512J12.7	
CTC-512J14.1	2.259
CTC-512J14.5	0.612
CTC-512J14.7	1.179
CTC-513N18.3	0.626
CTC-513N18.5	1.602
CTC-513N18.6	1.463
CTC-518B2.10	1.888
CTC-518P12.6	0.301
CTC-523E23.1	1.312
CTC-523E23.10	1.471
CTC-523E23.11	1.917
CTC-523E23.14	2.481
CTC-523E23.15	-1.57
CTC-523E23.4	1.765
CTC-523E23.5	2.975
CTC-523E23.6	2.395
CTC-523E23.8	1.96
CTC-523E23.9	0.961
CTC-524C5.2	2.746
CTC-524C5.5	2.54
CTC-525D6.1	4.815
CTC-525D6.2	4.815
CTC-525D6.5	0.819
CTC-527H23.1	
CTC-527H23.2	
CTC-527H23.3	0.569
CTC-527H23.4	
CTC-529G1.1	2.309
CTC-529L17.1	2.637
CTC-529L17.2	2.637
CTC-529P8.1	1.155
CTC-534A2.2	1.72
CTC-534B23.1	1.612
CTC-535M15.1	3.21
CTC-535M15.2	3.418
CTC-537E7.1	1.944
CTC-537E7.2	2.011
CTC-537E7.3	2.923
CTC-539A10.7	1.702
CTC-542B22.1	1.588
CTC-542B22.2	0.866
CTC-543D15.1	0.85
CTC-543D15.3	1.101
CTC-546K23.1	2.175
CTC-548H10.2	2.39
CTC-548K16.1	1.641
CTC-548K16.2	2.456
CTC-548K16.5	0.351
CTC-548K16.6	-0.066
CTC-550B14.6	3.056
CTC-550B14.7	3.056
CTC-550B14.8	0.494
CTC-550M4.1	1.532
CTC-551A13.1	2.486
CTC-551A13.2	1.097
CTC-552D5.1	4.569
CTC-554D6.1	2.196
CTC-555I19.1	0.403
CTC-558O19.1	1.62
CTC-558O2.1	0.998
CTC-558O2.2	3.128
CTC-559E9.4	1.241
CTC-559E9.9	3.077
CTC-563A5.2	
CTC-563A5.4	0.039
CTC-564N23.2	0.133
CTC-565M22.1	1.691
CTC-571O20.1	1.1
CTC-573M9.1	1.907
CTC-573N18.1	1.945
CTC-575D19.1	1.564
CTC-575I10.1	1.116
CTC-575N7.1	3.381
CTC-661I16.1	2.197
CTC-661I16.2	1.208
CTC-756D1.1	1.083
CTC-756D1.2	1.124
CTC-756D1.3	1.152
CTC-782O7.1	1.949
CTC-786C10.1	2.151
CTC-786C10.2	4.292
CTC-806A22.1	3.221
CTC-820M8.1	1.69
CTC-830E23.1	0.37
CTC1	2.05
CTCF	2.333
CTCFL	1.095
CTD-2001C12.1	1.863
CTD-2001E22.1	3.002
CTD-2002H8.2	0.241
CTD-2002J20.1	-0.036
CTD-2003C8.2	0.981
CTD-2003D5.1	
CTD-2004A9.1	1.833
CTD-2005H7.1	3.575
CTD-2005H7.2	4.006
CTD-2006C1.10	2.274
CTD-2006C1.2	2.274
CTD-2006H14.2	
CTD-2006K23.1	1.511
CTD-2006K23.2	1.558
CTD-2006O16.2	0.511
CTD-2007A10.1	2.018
CTD-2007H13.1	-0.243
CTD-2007H13.3	3.053
CTD-2007H18.1	0.218
CTD-2007L18.5	1.699
CTD-2008A1.1	0.961
CTD-2008A1.2	2.92
CTD-2008L17.1	1.403
CTD-2008L17.2	2.673
CTD-2008N3.1	4.094
CTD-2008O4.1	4.879
CTD-2008P7.1	1.587
CTD-2008P7.10	-0.513
CTD-2008P7.3	1.785
CTD-2008P7.5	1.601
CTD-2008P7.6	1.682
CTD-2008P7.7	1.659
CTD-2008P7.8	0.373
CTD-2008P7.9	0.855
CTD-2009A10.1	2.389
CTD-2010I16.1	-0.165
CTD-2010I22.2	3.372
CTD-2011F17.2	
CTD-2011G17.1	4.67
CTD-2012I17.1	2.525
CTD-2012K14.2	0.507
CTD-2012K14.3	
CTD-2012K14.6	1.282
CTD-2012K14.7	
CTD-2012M11.3	1.371
CTD-2013M15.1	1.434
CTD-2013N17.1	-0.101
CTD-2013N17.4	0.652
CTD-2013N24.2	1.964
CTD-2014B16.1	1.771
CTD-2014B16.2	2.354
CTD-2014B16.3	2.342
CTD-2014E2.2	1.107
CTD-2014E2.5	0.973
CTD-2014E2.6	1.196
CTD-2014N11.1	4.569
CTD-2014N11.2	2.584
CTD-2014N11.3	2.743
CTD-2015A6.1	2.696
CTD-2015A6.2	3.57
CTD-2015B23.2	0.895
CTD-2015G9.1	2.583
CTD-2015G9.2	3.071
CTD-2015H3.1	1.574
CTD-2015H3.2	2.526
CTD-2015H6.1	
CTD-2015H6.2	0.089
CTD-2015H6.3	0.904
CTD-2016O11.1	1.903
CTD-2017C7.1	3.362
CTD-2017C7.2	1.957
CTD-2017C7.3	-0.695
CTD-2017D11.1	1.031
CTD-2017D11.3	0.46
CTD-2017D15.1	
CTD-2019O4.1	3.415
CTD-2020K17.1	1.901
CTD-2020K17.3	0.719
CTD-2020K17.4	0.85
CTD-2020P22.1	2.205
CTD-2021A8.2	0.463
CTD-2021A8.3	2.285
CTD-2021H9.1	1.277
CTD-2021H9.2	2.287
CTD-2021H9.3	2.287
CTD-2021J15.1	2.541
CTD-2022H16.2	1.729
CTD-2023J5.1	1.066
CTD-2023M8.1	2.502
CTD-2023N9.1	3.196
CTD-2023N9.2	3.01
CTD-2023N9.3	1.323
CTD-2024D23.1	2.251
CTD-2024I7.1	-0.088
CTD-2024I7.13	0.194
CTD-2024P10.1	
CTD-2024P10.2	3.857
CTD-2026C7.1	2.853
CTD-2026D20.2	1.681
CTD-2026D23.1	3.018
CTD-2026G22.1	3.166
CTD-2026K11.1	0.113
CTD-2026K11.2	1.703
CTD-2026K11.3	0.356
CTD-2027G2.1	4.209
CTD-2028E8.1	2.171
CTD-2029E14.1	3.545
CTD-2031P19.3	0.915
CTD-2031P19.5	0.498
CTD-2033A16.1	
CTD-2033A16.2	0.558
CTD-2033A16.3	1.608
CTD-2033C11.1	1.973
CTD-2033D15.1	
CTD-2033D24.1	-0.248
CTD-2033D24.2	4.457
CTD-2034I21.1	2.579
CTD-2034I21.2	1.407
CTD-2034I4.1	3.055
CTD-2034I4.2	2.671
CTD-2035E11.3	-0.073
CTD-2035E11.4	1.297
CTD-2035E11.5	
CTD-2036A18.2	3.66
CTD-2036J7.1	0.167
CTD-2036P10.3	1.921
CTD-2037K23.1	1.602
CTD-2037K23.2	1.88
CTD-2037L6.2	2.258
CTD-2042D5.1	2.423
CTD-2043I16.1	2.588
CTD-2044J15.1	1.651
CTD-2044J15.2	0.918
CTD-2045M21.1	
CTD-2046I8.1	2.966
CTD-2047H16.2	0.597
CTD-2047H16.4	1.912
CTD-2049J23.3	1.323
CTD-2049O17.1	2.854
CTD-2049O4.1	3.12
CTD-2050B12.1	0.746
CTD-2050B12.2	-0.33
CTD-2050E21.1	3.359
CTD-2050E21.2	1.246
CTD-2050I18.1	1.69
CTD-2050I18.2	1.678
CTD-2050N2.1	1.586
CTD-2054N24.2	2.904
CTD-2055G21.1	1.619
CTD-2057D4.2	1.72
CTD-2057J6.1	3.594
CTD-2057J6.2	1.759
CTD-2058B24.2	2.951
CTD-2058B24.3	1.924
CTD-2060C23.1	0.781
CTD-2060F24.1	5.644
CTD-2061E19.1	1.404
CTD-2061E19.6	1.626
CTD-2061E9.1	4.327
CTD-2062F14.2	
CTD-2062F14.3	0.999
CTD-2062O1.1	0.81
CTD-2063L20.1	1.552
CTD-2066L21.1	1.688
CTD-2066L21.2	1.688
CTD-2066L21.3	2.887
CTD-2071N1.1	1.128
CTD-2072I24.1	1.44
CTD-2073O6.1	1.337
CTD-2074D8.1	5.285
CTD-2076M15.1	1.664
CTD-2078B5.2	1.382
CTD-2081C10.1	2.114
CTD-2081C10.7	0.285
CTD-2081K17.2	4.399
CTD-2083E4.4	2.958
CTD-2083E4.7	1.46
CTD-2085J24.3	0.62
CTD-2085J24.4	0.709
CTD-2085J24.5	1.701
CTD-2086L14.1	1.35
CTD-2086O20.3	1.779
CTD-2089N3.1	1.351
CTD-2089N3.2	2.088
CTD-2089N3.3	1.04
CTD-2089O24.1	1.158
CTD-2089O24.2	
CTD-2090I13.1	1.854
CTD-2090I13.2	0.63
CTD-2090I13.3	0.376
CTD-2091N23.1	2.019
CTD-2095E4.1	0.184
CTD-2104P17.1	1.46
CTD-2105E13.13	-0.112
CTD-2105E13.15	1.102
CTD-2108O9.4	1.85
CTD-2110K23.1	-0.526
CTD-2113L7.1	2.092
CTD-2114J12.1	0.275
CTD-2116F7.1	
CTD-2116N17.1	2.215
CTD-2116N20.1	2.106
CTD-2116N24.1	3.145
CTD-2117L12.1	1.688
CTD-2117L12.3	0.522
CTD-2118P12.1	2.581
CTD-2119L1.1	3.205
CTD-2122P11.1	2.002
CTD-2124B20.2	1.77
CTD-2124B20.3	1.819
CTD-2124B8.2	1.68
CTD-2125J1.1	5.173
CTD-2126E3.1	2.317
CTD-2126E3.3	0.966
CTD-2126E3.4	0.196
CTD-2126E3.5	1.236
CTD-2127H9.1	5.43
CTD-2127O16.2	1.711
CTD-2128A3.2	2.25
CTD-2128A3.3	1.143
CTD-2128F4.1	2.27
CTD-2130F23.1	3.393
CTD-2130F23.2	2.71
CTD-2130O13.1	4.537
CTD-2131I18.1	1.974
CTD-2132H18.3	2.629
CTD-2132N18.2	1.611
CTD-2132N18.3	2.611
CTD-2132N18.4	
CTD-2134A5.3	1.364
CTD-2134A5.4	1.955
CTD-2134P3.1	1.688
CTD-2134P3.2	1.314
CTD-2135D7.2	1.076
CTD-2135D7.3	2.171
CTD-2135D7.4	1.467
CTD-2135D7.5	2.011
CTD-2135J3.3	1.642
CTD-2138O14.1	1.947
CTD-2139B15.1	1.924
CTD-2139B15.2	3.842
CTD-2139B15.4	1.979
CTD-2139B15.5	3.842
CTD-2140B24.4	1.396
CTD-2140B24.6	1.264
CTD-2140G10.1	2.128
CTD-2140G10.2	2.021
CTD-2140G10.4	1.147
CTD-2141G3.1	1.931
CTD-2142D14.1	1.895
CTD-2143L24.1	4.665
CTD-2144E22.10	
CTD-2144E22.11	
CTD-2144E22.2	
CTD-2144E22.5	
CTD-2144E22.6	
CTD-2147F2.1	2.236
CTD-2147F2.2	2.117
CTD-2151A2.1	1.943
CTD-2151A2.2	1.194
CTD-2151A2.3	1.719
CTD-2151L9.2	2.013
CTD-2152M20.2	1.897
CTD-2154B17.1	2.531
CTD-2154B17.4	1.872
CTD-2154H6.1	2.007
CTD-2154I11.2	2.172
CTD-2156G10.1	1.143
CTD-2158P22.1	0.519
CTD-2158P22.4	1.406
CTD-2160D9.1	3.638
CTD-2161E19.1	2.235
CTD-2161F6.1	2.343
CTD-2161F6.2	3.746
CTD-2161F6.3	0.778
CTD-2162K18.3	1.045
CTD-2162K18.4	1.467
CTD-2162K18.5	1.424
CTD-2165H16.3	2.243
CTD-2165H16.4	1.384
CTD-2168K21.1	1.725
CTD-2168K21.2	1.297
CTD-2170G1.2	0.483
CTD-2171N6.1	2.454
CTD-2173L22.4	
CTD-2175A23.1	1.952
CTD-2175M1.4	2.112
CTD-2176I21.2	1.908
CTD-2179L22.1	0.368
CTD-2182N23.1	0.485
CTD-2183H9.3	
CTD-2184C24.2	1.672
CTD-2184D3.1	1.193
CTD-2184D3.3	1.486
CTD-2184D3.5	2.064
CTD-2184D3.6	5.332
CTD-2184D3.7	2.767
CTD-2185K10.1	3.749
CTD-2186M15.1	1.438
CTD-2186M15.3	1.555
CTD-2187J20.1	1.94
CTD-2189E23.1	1.735
CTD-2189E23.2	0.038
CTD-2192J16.11	0.954
CTD-2192J16.15	4.046
CTD-2192J16.20	2.845
CTD-2192J16.21	2.496
CTD-2192J16.22	1.718
CTD-2192J16.24	1.535
CTD-2192J16.26	0.565
CTD-2193G5.1	0.89
CTD-2193P3.1	0.373
CTD-2193P3.2	1.847
CTD-2194A8.2	4.338
CTD-2194D22.1	1.946
CTD-2194D22.2	1.771
CTD-2194D22.3	0.899
CTD-2194D22.4	2.551
CTD-2194F12.1	0.777
CTD-2194F4.2	-0.221
CTD-2194L12.2	1.797
CTD-2194L12.3	3.097
CTD-2194M22.1	2.709
CTD-2195B23.3	-0.267
CTD-2195M15.1	1.175
CTD-2195M15.3	0.934
CTD-2196E14.3	2.398
CTD-2196E14.4	2.745
CTD-2196E14.5	1.885
CTD-2196E14.6	
CTD-2196E14.9	2.697
CTD-2196P11.2	2.229
CTD-2197I11.1	0.502
CTD-2197M16.1	0.863
CTD-2199O4.1	3.597
CTD-2199O4.3	2.263
CTD-2199O4.6	2.03
CTD-2199O4.7	-1.553
CTD-2200A16.1	2.526
CTD-2200P10.1	-0.095
CTD-2200P10.3	0.269
CTD-2201E18.1	3.035
CTD-2201E18.2	1.688
CTD-2201E18.3	1.496
CTD-2201E18.4	1.095
CTD-2201E18.5	1.722
CTD-2201E9.1	0.588
CTD-2201E9.2	1.766
CTD-2201E9.4	2.924
CTD-2201G16.1	0.656
CTD-2201G3.1	2.411
CTD-2201I18.1	2.231
CTD-2203A3.1	2.619
CTD-2203K17.1	1.947
CTD-2206G10.1	-0.258
CTD-2206G10.2	
CTD-2206N4.1	
CTD-2206N4.2	0.45
CTD-2206N4.4	2.885
CTD-2207A17.1	1.43
CTD-2207L17.1	
CTD-2207L17.2	1.335
CTD-2207O23.10	0.782
CTD-2207O23.11	
CTD-2207O23.12	1.175
CTD-2207O23.3	2.432
CTD-2207P18.1	1.977
CTD-2207P18.2	2.65
CTD-2210A23.1	2.16
CTD-2210P15.2	0.097
CTD-2210P24.1	2.639
CTD-2210P24.2	
CTD-2210P24.3	1.364
CTD-2210P24.4	2.048
CTD-2210P24.6	1.321
CTD-2213F21.1	1.118
CTD-2213F21.2	4.01
CTD-2213F21.3	0.448
CTD-2213F21.4	1.85
CTD-2215E18.1	1.933
CTD-2215E18.2	1.283
CTD-2215E18.3	0.849
CTD-2215L10.1	2.614
CTD-2216M2.1	1.757
CTD-2218G20.1	1.457
CTD-2218G20.2	1.144
CTD-2218K11.2	3.366
CTD-2218K11.3	4.169
CTD-2223O18.1	1.386
CTD-2224J9.4	
CTD-2224J9.7	1.105
CTD-2224J9.8	2.803
CTD-2227C6.2	1.408
CTD-2227C6.3	2.366
CTD-2227E11.1	3.041
CTD-2227I18.1	1.452
CTD-2228A4.1	-1.904
CTD-2228K2.1	1.42
CTD-2228K2.2	0.864
CTD-2228K2.5	0.71
CTD-2228K2.7	1.602
CTD-2230M5.1	2.753
CTD-2230M5.3	
CTD-2231E14.4	2.536
CTD-2231E14.5	2.499
CTD-2231E14.8	1.872
CTD-2232E5.2	1.916
CTD-2233C11.2	0.788
CTD-2233C11.3	0.847
CTD-2234B20.1	3.546
CTD-2234N14.1	2.176
CTD-2234N14.2	1.947
CTD-2235C13.1	0.045
CTD-2235C13.2	4.993
CTD-2235C13.3	0.777
CTD-2235H24.2	-1.842
CTD-2236F14.1	1.693
CTD-2240E14.4	-0.74
CTD-2240G15.1	
CTD-2240H23.2	-0.12
CTD-2240J17.1	
CTD-2243E23.1	0.375
CTD-2244C20.1	2.835
CTD-2244C20.2	2.213
CTD-2245E15.3	1.506
CTD-2245F17.2	2.804
CTD-2245F17.3	1.634
CTD-2245F17.6	0.657
CTD-2245F17.9	1.477
CTD-2246P4.1	2.577
CTD-2247C11.1	2.376
CTD-2247C11.2	3.503
CTD-2247C11.4	0.888
CTD-2247C11.5	2.247
CTD-2249K22.1	1.47
CTD-2251F13.1	2.936
CTD-2252P21.1	4.529
CTD-2254N19.1	1.084
CTD-2256P15.1	1.136
CTD-2256P15.2	1.32
CTD-2256P15.4	3.21
CTD-2256P15.5	3.323
CTD-2258A20.3	0.097
CTD-2258A20.5	1.351
CTD-2260A17.1	0.115
CTD-2260A17.2	4.268
CTD-2260A17.3	-0.051
CTD-2262B20.1	-0.334
CTD-2263F21.1	2.603
CTD-2265D6.2	0.955
CTD-2265M8.2	1.25
CTD-2265O21.3	0.395
CTD-2265O21.7	1.394
CTD-2266L18.1	
CTD-2267D19.2	
CTD-2267D19.3	0.885
CTD-2267D19.4	0.531
CTD-2267D19.6	1.115
CTD-2269E23.3	3.127
CTD-2269F5.1	2.01
CTD-2270F17.1	2.319
CTD-2270L9.2	0.375
CTD-2270L9.4	0.58
CTD-2270N23.1	
CTD-2272D18.1	2.248
CTD-2272D18.2	1.79
CTD-2272G21.1	2.749
CTD-2272G21.2	2.33
CTD-2272G21.3	3.107
CTD-2275D10.2	-1.668
CTD-2275D24.1	1.701
CTD-2275D24.2	1.037
CTD-2275D24.3	0.995
CTD-2275D24.4	0.702
CTD-2277K2.1	6.002
CTD-2278B20.1	
CTD-2278I10.1	1.237
CTD-2278I10.4	0.716
CTD-2278I10.6	2.327
CTD-2280E9.1	0.952
CTD-2281E23.1	2.602
CTD-2281E23.2	2.955
CTD-2281E23.3	2.137
CTD-2281M20.1	2.736
CTD-2282P23.1	1.851
CTD-2283N19.1	0.691
CTD-2284J15.1	2.047
CTD-2284O10.3	
CTD-2285G11.1	2.278
CTD-2286N8.2	1.597
CTD-2287N17.1	3.47
CTD-2287O16.3	3.495
CTD-2287O16.4	2.671
CTD-2287O16.5	2.857
CTD-2288F12.1	2.345
CTD-2288O8.1	2.345
CTD-2290C23.1	1.422
CTD-2290C23.2	-2.182
CTD-2290P7.1	2.551
CTD-2292M14.1	2.631
CTD-2292M16.7	1.227
CTD-2292M16.8	1.409
CTD-2292P10.4	1.614
CTD-2296D1.1	1.264
CTD-2296D1.2	0.787
CTD-2296D1.3	1.179
CTD-2296D1.4	1.355
CTD-2296D1.5	3.722
CTD-2297D10.1	2.073
CTD-2297D10.2	1.448
CTD-2298J14.1	2.584
CTD-2298J14.2	1.589
CTD-2299E8.1	2.161
CTD-2299I21.1	0.987
CTD-2301A4.1	-1.423
CTD-2301A4.3	
CTD-2301A4.5	-0.499
CTD-2302A16.2	3.237
CTD-2302E22.1	2.582
CTD-2302E22.3	
CTD-2302E22.4	3.664
CTD-2302E22.5	1.295
CTD-2306M10.1	1.894
CTD-2306M5.1	2.849
CTD-2307P3.1	3.656
CTD-2308B18.1	1.528
CTD-2308B18.2	1.388
CTD-2308B18.3	6.782
CTD-2308B18.4	1.528
CTD-2308G16.1	0.608
CTD-2308L22.1	0.681
CTD-2308N23.2	1.823
CTD-2309H9.2	1.07
CTD-2309H9.3	-0.372
CTD-2309H9.4	0.122
CTD-2309O5.3	2.677
CTD-2310F14.1	2.461
CTD-2311A18.1	2.398
CTD-2311B13.7	
CTD-2311M21.2	2.18
CTD-2311M21.3	1.496
CTD-2312P21.1	1.977
CTD-2313D3.1	1.234
CTD-2313F11.1	1.451
CTD-2313F11.2	0.886
CTD-2313F11.3	2.104
CTD-2313J17.1	2.316
CTD-2313J17.3	3.07
CTD-2313J17.5	1.227
CTD-2313J23.1	2.541
CTD-2313P7.1	1.494
CTD-2314B22.1	
CTD-2314B22.2	
CTD-2314B22.3	
CTD-2314G24.2	1.049
CTD-2315A10.1	1.026
CTD-2315A10.2	1.84
CTD-2315E11.1	2.136
CTD-2316B1.1	1.906
CTD-2316B1.2	2.627
CTD-2318B16.1	0.937
CTD-2318B16.2	1.052
CTD-2318B16.3	0.557
CTD-2318B16.4	0.557
CTD-2318H23.1	1.916
CTD-2319I12.1	1.889
CTD-2319I12.2	1.889
CTD-2319I12.3	1.819
CTD-2319I12.4	2.12
CTD-2319I12.5	2.363
CTD-2320B12.1	-0.082
CTD-2320B12.2	3.881
CTD-2320B12.3	2.238
CTD-2320G14.2	0.752
CTD-2320J21.1	1.251
CTD-2323K18.1	1.492
CTD-2324A24.2	1.737
CTD-2324F15.2	1.619
CTD-2325A15.2	1.272
CTD-2325A15.3	1.729
CTD-2325A15.5	0.236
CTD-2325B11.1	2.301
CTD-2325K12.1	1.59
CTD-2325M2.1	3.864
CTD-2325P2.2	-1.157
CTD-2325P2.3	0.346
CTD-2325P2.4	2.017
CTD-2328D6.1	8.139
CTD-2329C7.2	2.12
CTD-2329K10.1	
CTD-2330J20.1	
CTD-2330J20.2	2.243
CTD-2330K9.2	0.968
CTD-2330K9.3	0.529
CTD-2331C18.5	1.223
CTD-2331D11.2	1.275
CTD-2331D11.3	0.711
CTD-2331D11.4	0.918
CTD-2331H12.5	-0.086
CTD-2333K2.1	1.364
CTD-2333M24.1	0.699
CTD-2334D19.1	1.86
CTD-2335O3.2	1.993
CTD-2335O3.3	3.199
CTD-2336H13.1	0.877
CTD-2336H13.2	3.835
CTD-2336O2.1	1.342
CTD-2336O2.2	3.216
CTD-2337A12.1	4.776
CTD-2337I7.1	1.224
CTD-2337J16.1	1.27
CTD-2339F6.1	0.488
CTD-2339L15.3	0.77
CTD-2339M3.1	
CTD-2340D6.1	1.326
CTD-2340D6.2	1.181
CTD-2340E1.2	
CTD-2340F8.1	
CTD-2341M24.1	4.888
CTD-2342I9.1	2.391
CTD-2342J14.6	1.893
CTD-2342N23.2	
CTD-2342N23.3	2.166
CTD-2343P13.1	4.889
CTD-2345M20.2	3.835
CTD-2347I17.1	1.674
CTD-2349B8.1	2.35
CTD-2349P21.1	1.108
CTD-2349P21.11	0.76
CTD-2349P21.5	0.81
CTD-2349P21.6	
CTD-2349P21.9	-0.936
CTD-2350C19.1	0.458
CTD-2350C19.2	0.607
CTD-2350C19.5	1.594
CTD-2350J17.1	1.095
CTD-2351A8.1	1.96
CTD-2353F22.1	1.663
CTD-2354A18.1	3.409
CTD-2355J17.2	1.544
CTD-2357A8.3	4.528
CTD-2358C21.1	1.23
CTD-2358C21.2	1.374
CTD-2358C21.3	-0.053
CTD-2363C16.1	0.285
CTD-2363C16.2	-1.381
CTD-2366F13.1	2.4
CTD-2366F13.2	0.445
CTD-2367A17.1	
CTD-2368P22.1	2.041
CTD-2369P2.10	1.461
CTD-2369P2.12	0.844
CTD-2369P2.2	0.232
CTD-2369P2.5	1.438
CTD-2369P2.8	0.334
CTD-2370N5.3	0.785
CTD-2371O3.2	-0.22
CTD-2372A4.1	0.996
CTD-2373H9.5	0.653
CTD-2373J19.1	1.562
CTD-2373J6.1	0.888
CTD-2373N4.5	-0.56
CTD-2374C24.1	2.933
CTD-2375G15.1	0.294
CTD-2376I20.1	1.597
CTD-2376I4.1	0.504
CTD-2376I4.2	0.952
CTD-2377D24.4	0.856
CTD-2377D24.6	0.894
CTD-2377D24.8	2.972
CTD-2377O17.1	2.198
CTD-2378E21.1	2.288
CTD-2380F24.1	1.225
CTD-2381F24.1	1.329
CTD-2382E5.1	2.666
CTD-2382E5.2	0.914
CTD-2382E5.4	0.654
CTD-2382H12.1	3.175
CTD-2382H12.2	2.756
CTD-2383I20.1	1.594
CTD-2383M3.1	1.374
CTD-2384A14.1	4.309
CTD-2384A14.2	0.585
CTD-2384B11.2	2.782
CTD-2384B9.1	
CTD-2385L22.1	0.981
CTD-2396E7.10	1.944
CTD-2396E7.7	1.969
CTD-2396E7.8	1.956
CTD-2396E7.9	1.944
CTD-2410N18.1	-0.076
CTD-2410N18.3	1.382
CTD-2410N18.4	2.215
CTD-2410N18.5	2.215
CTD-2501B8.5	0.911
CTD-2501E16.1	
CTD-2501E16.2	1.351
CTD-2501M5.1	3.743
CTD-2501O3.2	2.598
CTD-2501O3.3	2.734
CTD-2503I6.1	1.371
CTD-2503O16.4	1.684
CTD-2506J14.1	3.752
CTD-2507G9.1	2.446
CTD-2509G16.1	-0.048
CTD-2509G16.2	2.334
CTD-2509G16.3	2.61
CTD-2509G16.5	2.573
CTD-2510F5.2	1.194
CTD-2510F5.4	0.526
CTD-2510F5.6	1.442
CTD-2514A21.3	0.389
CTD-2514K5.2	1.239
CTD-2514K5.4	1.878
CTD-2515A14.1	0.898
CTD-2515C13.1	1.739
CTD-2515C13.2	1.977
CTD-2515H24.1	2.214
CTD-2515H24.3	1.193
CTD-2515H24.4	0.922
CTD-2516F10.2	2.49
CTD-2516F10.4	1.108
CTD-2516K3.3	1.929
CTD-2517M14.5	0.822
CTD-2517M22.14	0.852
CTD-2517M22.16	0.614
CTD-2517M22.17	0.041
CTD-2517M22.9	
CTD-2517O10.5	1.286
CTD-2517O10.6	0.719
CTD-2520I13.1	2.198
CTD-2521M24.5	1.547
CTD-2521M24.6	2.258
CTD-2521M24.8	0.862
CTD-2521M24.9	2.002
CTD-2523D13.1	1.456
CTD-2523D13.2	5.679
CTD-2524L6.3	2.481
CTD-2525I3.2	1.538
CTD-2525I3.3	1.892
CTD-2525I3.5	1.668
CTD-2525I3.6	2.291
CTD-2526A2.2	1.435
CTD-2526L21.2	1.212
CTD-2526M8.2	1.538
CTD-2526M8.3	1.485
CTD-2527I21.14	1.367
CTD-2527I21.4	1.057
CTD-2527I21.9	-0.727
CTD-2528A14.1	1.263
CTD-2528A14.3	1.72
CTD-2528A14.5	3.288
CTD-2528L19.3	1.142
CTD-2528L19.4	1.273
CTD-2528L19.6	0.892
CTD-2529O21.1	
CTD-2529O21.2	3.272
CTD-2529P6.3	0.125
CTD-2529P6.4	
CTD-2530H12.1	1.702
CTD-2530H12.2	1.673
CTD-2530H12.4	2.188
CTD-2530H12.5	-0.441
CTD-2530H12.7	1.493
CTD-2530H12.8	6.381
CTD-2530N21.4	2.22
CTD-2531D15.4	1.452
CTD-2531D15.5	1.264
CTD-2532D12.4	2.521
CTD-2532D12.5	2.556
CTD-2532K18.1	3.827
CTD-2532K18.2	3.565
CTD-2532N20.1	3.884
CTD-2533G20.1	0.596
CTD-2533K21.1	4.493
CTD-2533K21.3	3.544
CTD-2533K21.4	3.625
CTD-2534I21.8	1.089
CTD-2534I21.9	2.325
CTD-2534J5.1	4.134
CTD-2535I10.1	3.594
CTD-2535L24.2	2.802
CTD-2535L24.3	2.524
CTD-2535P7.1	1.791
CTD-2535P7.2	2.454
CTD-2536I1.1	4.596
CTD-2537I9.12	2.245
CTD-2537I9.13	1.362
CTD-2537I9.5	2.084
CTD-2537L20.1	4.962
CTD-2537O9.1	2.999
CTD-2538A21.1	-0.809
CTD-2538C1.2	1.339
CTD-2538C1.3	0.692
CTD-2538G9.5	1.815
CTD-2538G9.6	-0.664
CTD-2540B15.10	
CTD-2540B15.11	1.239
CTD-2540B15.12	3.201
CTD-2540B15.13	0.928
CTD-2540B15.6	1.233
CTD-2540B15.7	1.017
CTD-2540B15.9	1.207
CTD-2540F13.2	0.846
CTD-2540L5.5	4.136
CTD-2540L5.6	4.136
CTD-2540M10.1	2.652
CTD-2541J13.1	2.215
CTD-2541J13.2	1.787
CTD-2541M15.1	3.392
CTD-2541M15.3	2.071
CTD-2541M15.4	2.102
CTD-2542L18.1	0.974
CTD-2542O7.2	0.938
CTD-2544H17.1	1.037
CTD-2544H17.2	2.857
CTD-2544L4.1	3.906
CTD-2544M6.1	4.589
CTD-2544M6.2	4.366
CTD-2544N14.3	0.348
CTD-2545G14.2	3.221
CTD-2545G14.7	-0.121
CTD-2545H1.1	0.791
CTD-2545H1.2	0.813
CTD-2545M3.2	1.854
CTD-2545M3.6	1.358
CTD-2545M3.8	1.709
CTD-2547E10.2	
CTD-2547G23.2	1.155
CTD-2547H18.1	1.267
CTD-2547L24.3	2.43
CTD-2547L24.4	1.552
CTD-2550O8.7	1.768
CTD-2552B11.2	2.273
CTD-2552B11.3	3.911
CTD-2552K11.2	2.245
CTD-2553C6.1	1.012
CTD-2553L13.4	0.167
CTD-2553L13.7	-0.473
CTD-2554C21.1	1.939
CTD-2554C21.2	0.726
CTD-2554C21.3	
CTD-2555A7.1	1.412
CTD-2555A7.2	1.654
CTD-2555A7.3	1.241
CTD-2555C10.3	1.735
CTD-2555I5.1	3.042
CTD-2555K7.1	1.019
CTD-2555K7.2	1.862
CTD-2555K7.3	-0.409
CTD-2555K7.4	1.251
CTD-2555O16.1	0.849
CTD-2555O16.2	4.483
CTD-2555O16.3	0.255
CTD-2555O16.4	4.483
CTD-2557P19.4	1.883
CTD-2560C21.1	2.047
CTD-2560E9.3	0.73
CTD-2560E9.5	
CTD-2560K21.6	
CTD-2561B21.10	1.41
CTD-2561B21.11	1.423
CTD-2561B21.3	0.551
CTD-2561B21.4	1.274
CTD-2561B21.5	2.145
CTD-2561B21.7	0.412
CTD-2561F5.1	3.297
CTD-2562G15.2	
CTD-2562J15.4	4.019
CTD-2562J15.6	2.698
CTD-2562J17.2	2.185
CTD-2562J17.4	1.499
CTD-2562J17.7	1.418
CTD-2562J17.9	-0.912
CTD-2566J3.1	0.968
CTD-2568A17.1	1.214
CTD-2568P8.1	2.904
CTD-2571E19.1	1.899
CTD-2571E19.3	1.582
CTD-2571L23.6	2.188
CTD-2571L23.8	1.979
CTD-2571L23.9	1.562
CTD-2572N17.1	4.931
CTD-2574D22.2	0.892
CTD-2574D22.4	-0.994
CTD-2575K13.6	
CTD-2576D5.2	1.099
CTD-2576D5.3	2.04
CTD-2576D5.4	0.872
CTD-2576F9.1	1.816
CTD-2576F9.2	1.121
CTD-2582D11.1	1.871
CTD-2582M21.1	1.808
CTD-2583A14.1	1.514
CTD-2583P5.1	1.906
CTD-2583P5.3	3.525
CTD-2586B10.1	2.047
CTD-2587H19.2	0.477
CTD-2587H19.3	-0.286
CTD-2587H24.1	1.037
CTD-2587H24.4	2.603
CTD-2587H24.5	2.136
CTD-2587M2.1	2.983
CTD-2587M23.1	2.015
CTD-2588C8.8	0.614
CTD-2588J1.1	2.136
CTD-2588J6.2	3.107
CTD-2589M5.4	2.057
CTD-2589M5.5	1.21
CTD-2589O24.1	0.819
CTD-2591A6.2	3.506
CTD-2593A12.2	1.422
CTD-2593A12.3	1.422
CTD-2593A12.4	-0.952
CTD-2600O9.1	2.946
CTD-2607J13.1	
CTD-2609K8.3	0.297
CTD-2611O12.6	
CTD-2611O12.7	0.736
CTD-2611O12.8	1.503
CTD-2613O8.1	2.157
CTD-2616J11.10	1.108
CTD-2616J11.11	1.664
CTD-2616J11.16	0.945
CTD-2616J11.4	1.879
CTD-2616J11.9	1.192
CTD-2619J13.1	1.332
CTD-2619J13.13	1.379
CTD-2619J13.14	0.706
CTD-2619J13.16	0.561
CTD-2619J13.17	0.525
CTD-2619J13.19	0.409
CTD-2619J13.23	0.319
CTD-2619J13.3	0.949
CTD-2619J13.8	1.149
CTD-2619J13.9	0.646
CTD-2620I22.1	-0.6
CTD-2620I22.2	2.083
CTD-2620I22.3	1.543
CTD-2620I22.7	0.246
CTD-2621I17.6	2.212
CTD-2622I13.3	0.802
CTD-2623H2.7	0.627
CTD-2623N2.11	0.195
CTD-2623N2.5	1.113
CTD-2630F21.1	-0.389
CTD-2631K10.1	1.733
CTD-2632K10.1	0.794
CTD-2636A23.2	1.151
CTD-2639E6.4	1.556
CTD-2639E6.9	
CTD-2643I7.1	1.419
CTD-2643K12.2	2.519
CTD-2643K12.3	3.356
CTD-2644I21.1	2.029
CTD-2647E9.1	6.141
CTD-2647E9.3	0.393
CTD-2647L4.1	1.526
CTD-2647L4.4	-1.385
CTD-2647L4.5	0.589
CTD-2649C14.1	2.044
CTD-2650P22.1	1.832
CTD-2651B20.1	2.102
CTD-2651B20.2	2.979
CTD-2651B20.3	1.92
CTD-2651B20.4	2.381
CTD-2651B20.5	2.346
CTD-2651B20.6	
CTD-2651B20.7	0.715
CTD-2651C21.3	2.338
CTD-2653B5.1	0.294
CTD-2653D5.1	1.599
CTD-2653M23.3	1.738
CTD-2655K5.1	1.031
CTD-2659N19.10	1.76
CTD-2659N19.2	
CTD-2659N19.4	0.925
CTD-2659N19.9	0.954
CTD-2666L21.1	1.079
CTD-2666L21.2	-1.097
CTD-3001H11.1	1.619
CTD-3006G17.2	4.561
CTD-3007L5.1	3.882
CTD-3010D24.3	3.243
CTD-3012A18.1	3.326
CTD-3018O17.3	2.137
CTD-3020H12.3	2.87
CTD-3020H12.4	1.311
CTD-3023J11.2	0.608
CTD-3023L14.1	0.804
CTD-3023L14.2	1.693
CTD-3023L14.3	1.582
CTD-3025N20.2	4.281
CTD-3025N20.3	1.073
CTD-3028N15.1	1.956
CTD-3032H12.1	0.31
CTD-3032H12.2	3.934
CTD-3032H12.3	2.836
CTD-3032J10.2	0.873
CTD-3032J10.3	-0.146
CTD-3032J10.4	
CTD-3035D6.1	0.771
CTD-3035D6.2	2.203
CTD-3037G24.3	3.285
CTD-3037G24.4	2.694
CTD-3046C4.1	1.562
CTD-3049M7.1	3.356
CTD-3051D23.1	1.684
CTD-3051D23.3	3.352
CTD-3051D23.4	1.564
CTD-3051L14.13	2.199
CTD-3051L14.14	1.071
CTD-3057O21.1	2.255
CTD-3060P21.1	1.462
CTD-3064C13.1	-0.549
CTD-3064H18.1	1.886
CTD-3064H18.2	0.382
CTD-3064H18.4	0.854
CTD-3064M3.1	2.825
CTD-3064M3.3	2.436
CTD-3064M3.4	2.616
CTD-3064M3.7	1.098
CTD-3065B20.1	
CTD-3065B20.2	1.757
CTD-3065B20.3	2.112
CTD-3065J16.6	0.97
CTD-3065J16.9	
CTD-3074O7.11	0.917
CTD-3074O7.12	1.253
CTD-3074O7.2	-0.286
CTD-3074O7.5	1.475
CTD-3074O7.7	
CTD-3076O17.1	2.11
CTD-3076O17.2	1.544
CTD-3080F16.3	1.341
CTD-3080P12.3	2.216
CTD-3088G3.4	-0.296
CTD-3088G3.6	2.556
CTD-3088G3.8	3.201
CTD-3092A11.1	
CTD-3092A11.2	
CTD-3093M3.1	1.889
CTD-3094K11.1	1.473
CTD-3096M3.1	1.91
CTD-3096M3.2	1.55
CTD-3096P4.1	0.566
CTD-3098H1.2	1.532
CTD-3099C6.11	
CTD-3099C6.7	1.104
CTD-3105H18.10	0.753
CTD-3105H18.11	1.112
CTD-3105H18.13	0.891
CTD-3105H18.14	2.037
CTD-3105H18.16	4.765
CTD-3105H18.18	4.765
CTD-3105H18.4	1.564
CTD-3105H18.5	1.259
CTD-3105H18.7	2.597
CTD-3105H18.8	0.756
CTD-3105H18.9	1.63
CTD-3107M8.1	2.498
CTD-3107M8.2	0.718
CTD-3110H11.1	-0.806
CTD-3113P16.5	2.402
CTD-3118D11.2	4.857
CTD-3118D11.3	2.449
CTD-3118D7.1	0.972
CTD-3126B10.1	
CTD-3128G10.6	0.629
CTD-3131K8.1	0.812
CTD-3131K8.2	1.92
CTD-3131K8.3	0.86
CTD-3137H5.1	3.22
CTD-3138B18.4	2.349
CTD-3138B18.5	2.349
CTD-3138B18.6	0.539
CTD-3138F19.1	2.876
CTD-3141N22.1	
CTD-3145H4.1	3.043
CTD-3148I10.1	1.134
CTD-3148I10.13	1.649
CTD-3148I10.15	1.087
CTD-3148I10.9	1.396
CTD-3149D2.3	0.67
CTD-3149D2.4	0.783
CTD-3154N5.1	1.844
CTD-3162L10.1	1.007
CTD-3162L10.3	-1.981
CTD-3162L10.4	1.634
CTD-3162L10.5	1.364
CTD-3179P9.1	4.666
CTD-3179P9.2	2.848
CTD-3184A7.4	1.612
CTD-3185P2.1	-0.711
CTD-3187F8.11	1.383
CTD-3187F8.12	1.035
CTD-3187F8.2	1.5
CTD-3193K9.3	1.838
CTD-3193K9.4	0.7
CTD-3193O13.1	0.368
CTD-3193O13.10	0.981
CTD-3193O13.11	-0.058
CTD-3193O13.13	0.854
CTD-3193O13.14	-0.915
CTD-3193O13.8	-0.724
CTD-3193O13.9	0.941
CTD-3194G12.1	3.177
CTD-3194G12.2	3.547
CTD-3195I5.1	1.082
CTD-3195I5.3	0.676
CTD-3195I5.4	0.725
CTD-3195I5.5	1.609
CTD-3199J23.4	2.308
CTD-3203P2.1	0.161
CTD-3203P2.2	2.045
CTD-3214H19.12	1.399
CTD-3214H19.16	1.838
CTD-3214H19.4	0.778
CTD-3214H19.6	0.555
CTD-3216D2.4	2.133
CTD-3216D2.5	1.864
CTD-3220F14.1	1.147
CTD-3220F14.2	1.034
CTD-3222D19.10	-0.27
CTD-3222D19.11	
CTD-3222D19.2	2.976
CTD-3222D19.5	0.593
CTD-3222D19.7	1.016
CTD-3224I3.3	0.897
CTD-3224K15.2	1.114
CTD-3224K15.3	2.292
CTD-3229J4.1	2.237
CTD-3234P18.2	
CTD-3236F5.1	
CTD-3239E11.2	2.252
CTD-3244O18.5	0.828
CTD-3244O18.6	2.04
CTD-3244O18.7	1.211
CTD-3247F14.2	0.881
CTD-3253I12.1	3.072
CTDNEP1	0.313
CTDP1	3.402
CTDSP1	1.679
CTDSP2	1.541
CTDSPL	2.992
CTDSPL2	
CTF1	0.923
CTF2P	1.154
CTGF	1.901
CTH	1.408
CTHRC1	1.751
CTIF	3.876
CTLA4	2.622
CTNNA1	3.363
CTNNA2	5.998
CTNNA3	5.126
CTNNAL1	2.913
CTNNAP1	2.303
CTNNB1	1.819
CTNNBIP1	2.004
CTNNBL1	4.378
CTNND1	
CTNND2	5.55
CTNS	2.153
CTPS1	2.469
CTPS2	3.555
CTR9	1.997
CTRB1	0.684
CTRB2	1.557
CTRC	0.406
CTRL	0.878
CTSA	1.628
CTSB	1.843
CTSC	2.777
CTSE	
CTSF	1.391
CTSG	2.323
CTSH	3.645
CTSK	3.116
CTSL	1.763
CTSL3P	1.636
CTSLP1	1.115
CTSLP2	
CTSLP4	0.948
CTSLP6	1.726
CTSLP7	
CTSLP8	2.339
CTSO	2.837
CTSS	1.776
CTSV	1.731
CTSW	1.138
CTSZ	1.831
CTTN	2.178
CTTNBP2	3.218
CTTNBP2NL	2.249
CTU2	1.614
CTXN1	0.547
CTXN2	
CTXN3	2.39
CUBN	4.167
CUBNP3	
CUEDC1	2.776
CUEDC2	1.32
CUL1	3.118
CUL2	1.782
CUL3	4.558
CUL4A	1.323
CUL4AP1	0.919
CUL4B	1.488
CUL5	3.929
CUL7	2.46
CUL9	2.101
CUTA	1.139
CUTC	1.361
CUX1	4.545
CUX2	4.319
CUX2P1	2.793
CUZD1	3.699
CWC15	4.615
CWC22	4.936
CWC25	1.373
CWC27	4.462
CWF19L1	0.722
CWF19L2	2.402
CWH43	1.222
CX3CL1	2.404
CX3CR1	1.642
CXADR	3.366
CXADRP2	
CXADRP3	
CXCL1	1.975
CXCL10	2.51
CXCL11	2.215
CXCL12	3.591
CXCL13	2.487
CXCL14	0.607
CXCL16	1.57
CXCL17	1.763
CXCL1P	0.832
CXCL2	1.193
CXCL3	1.008
CXCL5	1.232
CXCL6	2.339
CXCL9	0.295
CXCR1	1.438
CXCR2	1.459
CXCR2P1	1.684
CXCR3	0.59
CXCR4	4.26
CXCR5	2.537
CXCR6	1.114
CXXC1	0.996
CXXC1P1	2.288
CXXC4	1.738
CXXC5	2.438
CXorf21	2.281
CXorf22	2.021
CXorf23	2.462
CXorf24	1.081
CXorf27	-1.512
CXorf28	2.801
CXorf30	2.131
CXorf31	0.584
CXorf36	2.599
CXorf38	1.693
CXorf40A	0.824
CXorf48	0.624
CXorf51A	1.811
CXorf51B	2.665
CXorf56	1.542
CXorf57	0.552
CXorf58	1.955
CXorf61	2.333
CXorf64	2.434
CXorf65	0.285
CXorf66	2.42
CXorf67	0.224
CYB561	1.832
CYB561A3	1.465
CYB561D1	1.021
CYB561D2	1.535
CYB5A	1.901
CYB5AP5	1.947
CYB5B	2.357
CYB5D1	1.088
CYB5D2	1.589
CYB5P4	2.033
CYB5R1	1.689
CYB5R2	5.139
CYB5R3	1.545
CYB5R4	4.92
CYB5RL	1.895
CYBA	1.316
CYBB	1.036
CYBRD1	2.438
CYC1	
CYCS	1.551
CYCSP2	
CYCSP25	
CYCSP26	1.219
CYCSP29	-1.4
CYCSP30	0.6
CYCSP34	0.274
CYCSP35	1.809
CYCSP39	1.964
CYCSP40	-1.21
CYCSP42	3.439
CYCSP52	
CYCSP55	2.347
CYCTP	0.388
CYFIP1	2.368
CYFIP2	2.359
CYGB	3.533
CYHR1	1.805
CYLC1	2.567
CYLC2	1.795
CYLD	2.248
CYMP	1.865
CYP11A1	2.559
CYP11B1	1.438
CYP11B2	1.682
CYP17A1	0.864
CYP17A1-AS1	-0.049
CYP19A1	2.029
CYP1A1	2.412
CYP1A2	2.758
CYP1B1	3.685
CYP1B1-AS1	3.685
CYP1D1P	1.144
CYP20A1	2.502
CYP21A2	1.831
CYP24A1	3.116
CYP26A1	1.945
CYP26B1	3.256
CYP26C1	0.784
CYP27A1	1.738
CYP27B1	1.22
CYP27C1	3.32
CYP2A13	2.502
CYP2A7	3.43
CYP2A7P1	1.278
CYP2AB1P	0.882
CYP2AC1P	4.294
CYP2B6	2.128
CYP2B7P1	2.498
CYP2C19	1.827
CYP2C56P	
CYP2C59P	1.786
CYP2C60P	0.725
CYP2C61P	1.674
CYP2C8	1.504
CYP2C9	1.569
CYP2D6	0.669
CYP2D7P1	4.647
CYP2D8P1	2.165
CYP2E1	4.016
CYP2F1	1.824
CYP2F1P	1.453
CYP2G1P	2.155
CYP2J2	1.906
CYP2R1	2.095
CYP2S1	2.653
CYP2T2P	1.607
CYP2U1	1.827
CYP2W1	2.324
CYP39A1	3.065
CYP3A4	2.554
CYP3A43	2.862
CYP3A5	2.084
CYP3A7	2.659
CYP46A1	1.323
CYP46A4P	1.354
CYP4A11	2.148
CYP4A22-AS1	5.613
CYP4B1	2.641
CYP4F22	3.233
CYP4F23P	3.713
CYP4F25P	
CYP4F44P	-1.344
CYP4F59P	
CYP4V2	1.773
CYP4X1	2.628
CYP4Z1	5.613
CYP4Z2P	1.976
CYP51A1	1.966
CYP51P1	3.341
CYP51P2	1.033
CYP51P3	1.254
CYP7A1	2.044
CYP7B1	1.834
CYP8B1	1.752
CYR61	1.579
CYS1	1.804
CYSLTR1	2.032
CYSLTR2	5.792
CYSTM1	2.366
CYTH1	3.251
CYTH2	1.945
CYTH3	4.4
CYTH4	4.534
CYTIP	2.882
CYTL1	3.114
CYYR1	3.745
CoTC_ribozyme	1.475
D2HGDH	3.847
D86998.1	
DAAM1	2.184
DAAM2	2.205
DAB1	5.412
DAB2	2.579
DAB2IP	4.659
DACH1	2.975
DACH2	2.773
DACT1	2.92
DACT2	2.824
DACT3	4.452
DACT3-AS1	1.539
DAD1	1.618
DAG1	1.705
DAGLA	1.905
DAGLB	2.783
DAK	2.077
DALRD3	
DANCR	1.212
DAND5	1.951
DAO	2.434
DAOA	2.27
DAOA-AS1	6.007
DAP	3.146
DAP3	2.503
DAP3P1	1.542
DAP3P2	1.198
DAPK1	5.384
DAPK1-IT1	0.539
DAPK2	4.2
DAPK3	1.11
DAPL1	2.436
DAPP1	1.741
DARC	0.74
DARS	4.325
DARS2	2.138
DAW1	2.024
DAXX	1.13
DAZAP1	2.394
DAZAP2	1.385
DAZAP2P1	0.572
DAZL	2.317
DBF4	1.335
DBF4B	2.025
DBF4P1	3.718
DBH	2.361
DBH-AS1	0.735
DBI	2.303
DBIL5P	2.019
DBIL5P2	0.708
DBIP1	1.181
DBIP2	1.41
DBN1	2.203
DBNDD1	1.595
DBNDD2	0.399
DBNL	2.182
DBP	1.948
DBR1	1.446
DBT	2.422
DBX1	3.915
DBX2	4.91
DCAF10	1.028
DCAF11	1.229
DCAF12	0.859
DCAF12L1	1.575
DCAF12L2	1.866
DCAF13	2.023
DCAF13P1	2.227
DCAF13P2	0.728
DCAF13P3	1.414
DCAF15	1.609
DCAF16	1.389
DCAF17	1.301
DCAF4	1.726
DCAF4L1	3.518
DCAF4L2	2.763
DCAF5	1.776
DCAF6	3.443
DCAF7	0.908
DCAF8	3.725
DCAF8L1	1.528
DCAF8L2	2.057
DCAKD	2.229
DCBLD1	2.264
DCBLD2	3.348
DCC	4.317
DCD	1.78
DCDC1	3.987
DCDC2	4.528
DCDC2B	1.217
DCDC2C	2.595
DCHS1	1.872
DCHS2	4.091
DCK	5.955
DCLK1	2.485
DCLK2	3.382
DCLK3	2.653
DCLRE1A	1.039
DCLRE1B	2.082
DCLRE1C	2.664
DCLRE1CP1	2.377
DCN	1.597
DCP1A	3.428
DCP1B	1.595
DCP2	2.804
DCPS	1.993
DCST1	0.994
DCST2	1.056
DCSTAMP	2.349
DCT	2.466
DCTD	2.513
DCTN1	1.311
DCTN1-AS1	1.133
DCTN2	3.643
DCTN3	0.934
DCTN4	2.633
DCTN5	2.515
DCTN6	3.33
DCTPP1	1.366
DCUN1D1	1.903
DCUN1D2	2.277
DCUN1D2-AS	1.837
DCUN1D3	1.411
DCUN1D4	
DCUN1D5	1.379
DCX	3.421
DCXR	0.602
DDA1	3.711
DDAH1	2.799
DDAH2	0.814
DDB1	2.234
DDB2	1.67
DDC	4.795
DDC8	2.758
DDHD1	2.555
DDHD2	2.071
DDI1	0.898
DDI2	1.873
DDIT3	2.467
DDIT4	2.554
DDIT4L	4.283
DDN	1.827
DDO	1.399
DDOST	1.255
DDR1	1.477
DDR1-AS1	0.35
DDR2	2.762
DDRGK1	2.636
DDTP1	-0.873
DDX1	2.557
DDX10	3.819
DDX10P1	1.287
DDX10P2	2.141
DDX11	3.435
DDX11-AS1	1.989
DDX12P	2.077
DDX17	3.097
DDX18	1.881
DDX18P1	
DDX18P5	-0.229
DDX18P6	2.968
DDX19A	1.483
DDX19B	1.126
DDX20	1.727
DDX21	1.5
DDX23	0.999
DDX24	2.303
DDX25	0.753
DDX26B	1.526
DDX26B-AS1	1.086
DDX27	2.593
DDX28	0.202
DDX31	4.763
DDX39A	0.854
DDX39AP1	2.272
DDX39B	3.404
DDX39B-AS1	2.765
DDX3X	1.919
DDX3YP1	0.841
DDX3YP2	
DDX3YP3	0.51
DDX4	1.495
DDX41	0.362
DDX42	1.752
DDX43	2.105
DDX46	1.634
DDX47	3.148
DDX49	1.379
DDX5	5.368
DDX50	3.359
DDX50P1	0.427
DDX50P2	-0.257
DDX51	1.941
DDX52	1.429
DDX53	0.78
DDX54	3.29
DDX55	2.085
DDX56	1.733
DDX58	1.948
DDX59	1.389
DDX6	2.814
DDX60	1.995
DDX60L	3.723
DDX6P1	1.798
DDX6P2	3.288
DEAF1	2.005
DEC1	3.209
DECR1	1.926
DECR2	1.856
DEDD	1.952
DEDD2	1.764
DEF6	2.653
DEF8	2.524
DEFB1	1.324
DEFB103A	
DEFB103B	
DEFB104A	
DEFB104B	
DEFB106A	
DEFB106B	
DEFB107B	
DEFB108P1	
DEFB108P2	
DEFB110	1.575
DEFB112	1.445
DEFB113	1.033
DEFB114	0.512
DEFB115	
DEFB116	
DEFB117	
DEFB118	1.204
DEFB119	1.452
DEFB121	1.458
DEFB122	1.241
DEFB123	1.813
DEFB124	2.537
DEFB125	1.245
DEFB126	1.64
DEFB127	2.014
DEFB128	2.089
DEFB129	2.214
DEFB130	
DEFB132	1.249
DEFB133	1.364
DEFB134	1.677
DEFB135	2.511
DEFB136	1.656
DEFB4A	
DEFB4B	
DEGS1	3.634
DEGS2	1.648
DEK	2.655
DENND1A	4.898
DENND1B	2.046
DENND1C	2.318
DENND2A	2.593
DENND2C	1.729
DENND2D	1.655
DENND3	6.746
DENND4A	1.929
DENND4B	0.946
DENND4C	4.148
DENND5A	4.029
DENND5B	4.072
DENND5B-AS1	2.714
DENND6A	0.876
DENND6B	1.273
DENR	1.715
DEPDC1	4.435
DEPDC1B	2.979
DEPDC4	2.334
DEPDC5	5.108
DEPDC7	2.621
DEPTOR	2.522
DERA	2.661
DERL1	2.588
DERL2	2.336
DERL3	1.63
DES	2.585
DESI1	3.095
DESI2	3.468
DET1	2.72
DEXI	2.478
DFFA	1.663
DFFB	1.792
DFNA5	3.453
DFNB31	2.752
DFNB59	-0.307
DGAT1	
DGAT2	1.88
DGAT2L6	2.458
DGCR10	0.605
DGCR11	2.859
DGCR14	9.102
DGCR2	5.737
DGCR5	3.217
DGCR6L	
DGCR8	1.991
DGCR9	0.953
DGKA	1.143
DGKB	4.354
DGKD	3.589
DGKE	1.758
DGKG	2.578
DGKH	2.18
DGKI	4.171
DGKK	2.285
DGKQ	1.967
DGKZ	1.788
DGUOK	6.161
DGUOK-AS1	6.161
DHCR24	2.155
DHCR7	1.552
DHDDS	1.057
DHDH	3.145
DHFR	1.433
DHFRL1	0.537
DHH	1.351
DHODH	1.38
DHPS	0.565
DHRS1	2.698
DHRS11	2.296
DHRS12	1.712
DHRS13	0.614
DHRS2	0.44
DHRS3	2.383
DHRS4	3.326
DHRS4-AS1	3.326
DHRS4L2	2.736
DHRS7	1.35
DHRS7B	2.039
DHRS7C	3.78
DHRS9	3.711
DHTKD1	2.261
DHX15	2.358
DHX16	2.789
DHX29	3.043
DHX30	2.331
DHX32	2.677
DHX33	2.491
DHX34	2.613
DHX35	2.143
DHX36	4.052
DHX37	1.598
DHX38	1.506
DHX40	1.591
DHX40P1	1.971
DHX57	2.735
DHX58	3.611
DHX8	2.382
DHX9	2.72
DHX9P1	1.573
DIABLO	0.734
DIAPH1	1.831
DIAPH2	2.594
DIAPH2-AS1	2.044
DIAPH3	3.199
DIAPH3-AS1	2.358
DIAPH3-AS2	1.145
DICER1	2.996
DICER1-AS1	1.984
DIDO1	2.003
DIEXF	3.766
DIMT1	3.432
DIO1	1.566
DIO2	2.245
DIO2-AS1	2.838
DIO3	2.204
DIO3OS	1.698
DIP2A	1.585
DIP2A-IT1	1.101
DIP2B	3.837
DIP2C	4.952
DIRAS1	1.484
DIRAS2	1.963
DIRAS3	1.35
DIRC1	1.02
DIRC2	4.652
DIRC3	3.711
DIS3	2.24
DIS3L	1.841
DIS3L2	2.667
DISC1	4.661
DISC1-IT1	1.999
DISC1FP1	4.859
DISP1	3.465
DISP2	1.462
DIXDC1	
DKC1	1.53
DKFZP434A062	
DKFZP434E1119	1.231
DKFZP434H0512	1.811
DKFZP434O1614	0.942
DKFZP547L112	
DKFZP667F0711	2.215
DKFZP761J1410	2.034
DKFZP779J2370	1.656
DKFZP779L1853	1.514
DKK1	1.562
DKK2	4.406
DKK3	2.534
DKK4	2.219
DKKL1	2.468
DKKL1P1	
DLAT	
DLC1	4.014
DLD	2.637
DLEC1	3.097
DLEC1P1	2.951
DLEU1	4.881
DLEU2	0.848
DLEU2L	0.806
DLEU7	1.361
DLEU7-AS1	1.154
DLG1	4.842
DLG1-AS1	1.686
DLG2	4.804
DLG3	2.327
DLG3-AS1	0.711
DLG4	1.864
DLG5	2.128
DLG5-AS1	0.869
DLGAP1	5.529
DLGAP1-AS1	1.617
DLGAP1-AS3	4.348
DLGAP1-AS4	3.666
DLGAP1-AS5	1.931
DLGAP2	3.537
DLGAP3	2.72
DLGAP4	2.109
DLGAP5	2.039
DLK1	3.05
DLK2	1.367
DLL1	1.6
DLL3	1.521
DLL4	2.654
DLST	0.795
DLX1	1.375
DLX2	0.413
DLX3	1.977
DLX4	2.516
DLX5	2.071
DLX6	0.608
DLX6-AS1	1.535
DLX6-AS2	-0.37
DMAP1	1.193
DMBT1	3.965
DMBX1	1.655
DMC1	2.449
DMD	4.279
DMD-AS3	0.484
DMGDH	2.113
DMKN	1.83
DMP1	0.942
DMPK	1.323
DMRT1	5.666
DMRT2	5.906
DMRT3	1.476
DMRTA1	2.32
DMRTA2	1.268
DMRTB1	2.502
DMRTC1	0.893
DMRTC1B	0.634
DMRTC2	1.61
DMTF1	1.595
DMTN	1.937
DMWD	1.436
DMXL1	2.739
DMXL2	2.955
DNA2	2.342
DNAAF1	1.97
DNAAF2	0.742
DNAAF3	2.136
DNAH1	1.816
DNAH10	3.381
DNAH10OS	1.839
DNAH11	3.432
DNAH12	2.008
DNAH14	5.123
DNAH17	2.862
DNAH17-AS1	1.709
DNAH2	1.81
DNAH3	6.36
DNAH5	4.602
DNAH6	2.825
DNAH7	4.496
DNAH8	2.687
DNAH9	3.792
DNAI1	1.124
DNAI2	2.347
DNAJA1	2.0
DNAJA1P1	2.479
DNAJA1P2	3.829
DNAJA1P3	5.877
DNAJA1P5	2.002
DNAJA1P6	
DNAJA2	2.092
DNAJA3	3.275
DNAJA4	1.336
DNAJB1	1.216
DNAJB11	1.967
DNAJB12	1.633
DNAJB13	2.996
DNAJB14	0.92
DNAJB1P1	1.857
DNAJB2	1.295
DNAJB3	1.398
DNAJB4	1.156
DNAJB5	0.998
DNAJB6	5.93
DNAJB7	-1.441
DNAJB8	1.956
DNAJB8-AS1	1.84
DNAJB9	1.8
DNAJC1	2.914
DNAJC10	3.414
DNAJC11	3.871
DNAJC12	1.592
DNAJC13	4.241
DNAJC14	0.849
DNAJC15	2.686
DNAJC16	1.95
DNAJC17	2.609
DNAJC18	2.756
DNAJC19	1.479
DNAJC19P1	-1.695
DNAJC19P2	
DNAJC19P3	1.151
DNAJC19P4	-2.206
DNAJC19P5	
DNAJC19P6	-0.261
DNAJC19P7	
DNAJC19P8	0.684
DNAJC19P9	1.265
DNAJC2	1.322
DNAJC21	1.239
DNAJC22	2.983
DNAJC24	3.286
DNAJC25	2.11
DNAJC25-GNG10	2.11
DNAJC27	5.048
DNAJC27-AS1	1.99
DNAJC28	0.701
DNAJC3	0.973
DNAJC3-AS1	1.016
DNAJC30	2.492
DNAJC4	0.471
DNAJC5	3.311
DNAJC5B	4.003
DNAJC5G	1.529
DNAJC6	3.112
DNAJC7	3.355
DNAJC8	1.304
DNAJC8P1	1.13
DNAJC9	2.28
DNAJC9-AS1	1.476
DNAL1	3.495
DNAL4	1.041
DNALI1	1.487
DNASE1	2.621
DNASE1L1	0.87
DNASE1L2	1.577
DNASE1L3	2.318
DNASE2	0.805
DNASE2B	2.275
DND1	1.077
DND1P1	1.413
DNER	3.301
DNHD1	2.28
DNLZ	
DNM1	2.706
DNM1L	2.159
DNM1P33	1.208
DNM1P34	1.566
DNM1P46	1.818
DNM1P49	0.344
DNM2	2.225
DNM3	3.17
DNM3-IT1	0.909
DNM3OS	1.799
DNMBP	2.948
DNMBP-AS1	1.837
DNMT1	1.672
DNMT3A	1.719
DNMT3B	2.053
DNMT3L	2.4
DNPEP	2.34
DNPH1	2.287
DNTT	1.177
DNTTIP1	1.663
DNTTIP2	1.931
DOC2A	0.892
DOC2B	2.266
DOC2GP	0.269
DOCK1	5.195
DOCK10	3.433
DOCK11	2.294
DOCK2	3.892
DOCK3	3.157
DOCK4	3.851
DOCK4-AS1	1.145
DOCK5	4.092
DOCK6	2.774
DOCK7	1.363
DOCK8	4.375
DOCK9	3.668
DOCK9-AS1	0.415
DOCK9-AS2	2.669
DOHH	1.149
DOK1	1.968
DOK2	2.452
DOK3	0.623
DOK4	2.135
DOK5	4.476
DOK6	4.124
DOK7	2.094
DOLK	
DOLPP1	1.089
DONSON	1.293
DOPEY1	1.716
DOPEY2	2.145
DOT1L	1.944
DPAGT1	0.918
DPCD	5.162
DPCR1	1.302
DPEP1	1.236
DPEP2	1.733
DPEP3	1.627
DPF1	2.627
DPF2	1.061
DPF3	3.941
DPH1	1.751
DPH2	1.321
DPH3	2.107
DPH3P1	1.296
DPH5	1.514
DPH6	5.846
DPH6-AS1	5.621
DPH7	1.509
DPM1	1.801
DPM2	2.391
DPM3	0.031
DPP10	5.318
DPP3	1.647
DPP4	2.039
DPP6	6.121
DPP7	1.595
DPP8	3.751
DPP9	1.422
DPPA2	3.111
DPPA2P2	2.303
DPPA2P3	-0.181
DPPA2P4	1.06
DPPA3	2.401
DPPA3P2	2.85
DPPA3P3	2.27
DPPA4	2.184
DPPA5	2.07
DPPA5P1	1.19
DPPA5P2	
DPRX	1.728
DPRXP1	
DPRXP2	0.171
DPRXP4	
DPRXP5	0.959
DPRXP6	1.624
DPRXP7	1.423
DPT	1.852
DPY19L1	3.319
DPY19L1P1	1.418
DPY19L1P2	1.092
DPY19L2	6.366
DPY19L2P1	2.343
DPY19L2P2	2.16
DPY19L3	2.757
DPY19L4	1.776
DPY30	1.568
DPYD	3.349
DPYD-AS1	2.608
DPYD-AS2	-0.853
DPYD-IT1	1.865
DPYS	2.551
DPYSL2	4.254
DPYSL3	2.564
DPYSL4	1.099
DPYSL5	2.441
DQX1	1.977
DR1	1.719
DRAM1	3.391
DRAM2	1.747
DRAP1	1.248
DRAXIN	3.17
DRAXINP1	1.423
DRC1	2.371
DRD1	2.542
DRD2	1.862
DRD3	1.997
DRD4	1.794
DRG1	3.131
DRG2	1.088
DRGX	3.115
DROSHA	3.746
DRP2	1.717
DSC1	2.019
DSC2	1.828
DSC3	2.181
DSCAM	6.194
DSCAM-AS1	0.679
DSCAM-IT1	2.637
DSCAML1	4.524
DSCC1	2.182
DSCR10	0.12
DSCR3	1.558
DSCR4	2.003
DSCR4-IT1	-0.092
DSCR8	1.958
DSCR9	1.512
DSE	2.728
DSEL	2.011
DSG1	2.849
DSG2	1.951
DSG3	1.612
DSG4	1.144
DSN1	2.056
DSP	1.278
DSPP	1.207
DST	3.555
DSTN	3.236
DSTNP2	
DSTNP4	1.257
DSTNP5	3.868
DSTYK	1.749
DTD1	3.435
DTD2	1.108
DTHD1	2.135
DTL	2.703
DTNA	4.495
DTNB	4.136
DTNBP1	3.378
DTWD1	1.797
DTWD2	1.865
DTX1	2.3
DTX2	1.793
DTX3	2.077
DTX3L	2.055
DTX4	2.347
DTYMK	2.251
DUOX1	2.57
DUOX2	2.639
DUOXA1	2.315
DUOXA2	2.749
DUPD1	2.374
DUS1L	1.27
DUS2	2.134
DUS3L	2.563
DUS4L	2.904
DUSP1	1.154
DUSP10	4.514
DUSP11	2.123
DUSP12	1.172
DUSP13	2.973
DUSP14	2.352
DUSP15	1.509
DUSP16	1.844
DUSP18	1.462
DUSP19	2.485
DUSP2	0.233
DUSP21	1.193
DUSP22	3.679
DUSP23	1.871
DUSP26	1.99
DUSP27	2.355
DUSP28	1.38
DUSP3	1.014
DUSP4	1.552
DUSP5	1.302
DUSP5P1	1.577
DUSP5P2	1.913
DUSP6	2.127
DUSP7	2.205
DUSP8	1.555
DUSP8P2	
DUSP8P5	
DUSP9	1.219
DUT	6.081
DUTP1	-0.908
DUTP2	-0.103
DUTP3	
DUTP5	3.721
DUTP6	0.35
DUTP7	
DUTP8	0.591
DUXA	2.703
DUXAP1	
DUXAP2	0.262
DUXAP3	1.998
DUXAP4	
DUXAP5	-0.708
DUXAP6	0.512
DUXAP7	1.254
DVL1	4.033
DVL2	4.556
DVL3	0.945
DXO	1.225
DYDC1	2.836
DYDC2	1.6
DYM	4.053
DYNAP	1.112
DYNC1H1	2.513
DYNC1I1	3.688
DYNC1I2	2.908
DYNC1I2P1	1.897
DYNC1LI1	2.935
DYNC1LI2	2.499
DYNC2H1	2.693
DYNC2LI1	1.906
DYNLL1	3.774
DYNLL1-AS1	3.647
DYNLL1P1	2.845
DYNLRB1	1.342
DYNLRB2	1.418
DYNLT1	0.946
DYNLT3	1.932
DYNLT3P1	1.156
DYNLT3P2	1.068
DYRK1A	4.256
DYRK1B	1.089
DYRK2	3.554
DYRK3	2.068
DYRK4	2.379
DYSF	4.572
DYTN	2.047
DYX1C1	2.796
DYX1C1-CCPG1	2.085
DZANK1	1.333
DZIP1	1.431
DZIP1L	2.82
DZIP3	2.868
E2F1	0.885
E2F2	2.487
E2F3	2.263
E2F3-IT1	0.32
E2F4	1.815
E2F4P1	0.11
E2F5	1.66
E2F6	1.891
E2F7	2.942
E2F8	2.196
E4F1	1.498
EAF1	1.628
EAF1-AS1	1.628
EAF2	0.918
EAPP	1.705
EARS2	2.815
EBAG9	3.607
EBAG9P1	-1.302
EBF1	2.352
EBF2	3.771
EBF3	2.89
EBF4	3.523
EBI3	2.819
EBLN1	1.279
EBLN2	0.772
EBNA1BP2	3.11
EBP	2.365
EBPL	1.87
ECD	1.007
ECE1	2.262
ECE2	1.442
ECEL1	2.863
ECEL1P2	1.049
ECEL1P3	1.66
ECH1	1.376
ECHDC1	2.453
ECHDC2	2.718
ECHDC3	2.365
ECHS1	4.105
ECI1	1.486
ECI2	1.553
ECM1	0.844
ECM2	1.722
ECSCR	1.499
ECSIT	1.631
ECT2	1.906
ECT2L	2.468
EDA	2.48
EDA2R	0.75
EDAR	3.147
EDARADD	2.741
EDC3	2.295
EDC4	1.858
EDDM3A	1.128
EDDM3B	1.888
EDEM1	3.524
EDEM2	2.54
EDEM3	1.89
EDF1	2.544
EDIL3	4.304
EDN1	2.756
EDN2	2.172
EDN3	2.297
EDNRA	2.808
EDNRB	1.668
EDNRB-AS1	1.72
EEA1	3.252
EED	2.335
EEF1A1	1.049
EEF1A1P1	0.933
EEF1A1P10	1.393
EEF1A1P11	2.295
EEF1A1P12	4.566
EEF1A1P13	1.677
EEF1A1P14	0.44
EEF1A1P15	4.293
EEF1A1P16	2.396
EEF1A1P17	1.375
EEF1A1P19	0.782
EEF1A1P20	1.742
EEF1A1P21	1.917
EEF1A1P22	2.518
EEF1A1P24	2.131
EEF1A1P25	-1.288
EEF1A1P26	0.575
EEF1A1P27	4.252
EEF1A1P28	0.914
EEF1A1P29	1.368
EEF1A1P3	0.229
EEF1A1P31	1.377
EEF1A1P32	0.452
EEF1A1P33	0.976
EEF1A1P34	1.828
EEF1A1P36	1.658
EEF1A1P37	0.144
EEF1A1P38	1.837
EEF1A1P39	0.415
EEF1A1P4	1.548
EEF1A1P40	1.042
EEF1A1P42	1.553
EEF1A1P5	4.421
EEF1A1P7	2.048
EEF1A1P8	1.423
EEF1A1P9	0.82
EEF1A2	2.369
EEF1B2	2.808
EEF1B2P1	
EEF1B2P2	1.4
EEF1B2P3	
EEF1B2P4	1.916
EEF1B2P5	1.08
EEF1D	2.035
EEF1DP3	3.849
EEF1DP5	1.03
EEF1E1	2.583
EEF1E1-BLOC1S5	3.2
EEF1G	1.299
EEF1GP1	0.346
EEF1GP2	2.414
EEF1GP3	1.098
EEF1GP4	1.781
EEF1GP5	2.113
EEF1GP6	1.28
EEF1GP7	1.398
EEF1GP8	0.598
EEF2	2.182
EEF2K	2.91
EEFSEC	2.055
EEPD1	2.111
EFCAB1	1.58
EFCAB10	1.802
EFCAB11	4.707
EFCAB12	3.353
EFCAB13	1.818
EFCAB14	1.174
EFCAB14-AS1	0.573
EFCAB14P1	2.966
EFCAB2	4.081
EFCAB3	2.116
EFCAB4A	1.308
EFCAB4B	2.729
EFCAB5	1.219
EFCAB6	3.927
EFCAB6-AS1	2.491
EFCAB7	2.736
EFCAB8	2.251
EFCAB9	1.468
EFCC1	1.298
EFEMP1	2.58
EFEMP2	1.524
EFHB	3.639
EFHC1	2.802
EFHC2	2.929
EFHD1	4.013
EFHD2	2.304
EFNA1	0.819
EFNA2	3.567
EFNA3	1.652
EFNA4	0.802
EFNA5	2.652
EFNB1	2.066
EFNB2	3.077
EFNB3	2.165
EFR3A	3.995
EFR3B	1.804
EFS	1.912
EFTUD1	2.214
EFTUD1P1	1.443
EFTUD1P2	2.876
EFTUD2	1.414
EGF	2.102
EGFEM1P	4.186
EGFL6	4.928
EGFL7	2.153
EGFL8	2.18
EGFLAM	5.027
EGFLAM-AS1	0.641
EGFLAM-AS2	2.036
EGFLAM-AS3	2.205
EGFLAM-AS4	1.58
EGFR	4.048
EGFR-AS1	1.755
EGLN1	2.261
EGLN1P1	1.121
EGLN2	1.89
EGLN3	4.341
EGLN3-AS1	2.013
EGOT	2.121
EGR1	3.156
EGR2	3.098
EGR3	1.735
EGR4	2.769
EHBP1	3.526
EHBP1L1	0.936
EHD1	1.663
EHD2	1.722
EHD3	1.286
EHD4	2.018
EHF	3.275
EHHADH	2.5
EHHADH-AS1	2.558
EHMT1	3.274
EHMT2	2.45
EHMT2-AS1	0.047
EI24	2.923
EI24P1	1.606
EI24P2	0.737
EI24P3	1.245
EI24P4	2.541
EID1	1.268
EID2B	0.79
EID3	-0.325
EIF1	0.554
EIF1AD	0.635
EIF1AX	1.45
EIF1AX-AS1	
EIF1AXP2	
EIF1B	1.222
EIF2A	2.815
EIF2AK1	1.1
EIF2AK2	1.601
EIF2AK3	1.018
EIF2AK4	2.504
EIF2AP4	3.191
EIF2B1	1.889
EIF2B2	1.975
EIF2B3	1.781
EIF2B4	1.54
EIF2B5	6.319
EIF2B5-AS1	2.027
EIF2B5-IT1	0.845
EIF2D	1.886
EIF2S1	3.553
EIF2S2	1.115
EIF2S2P2	
EIF2S2P3	2.514
EIF2S2P5	0.599
EIF2S3	2.456
EIF2S3L	1.906
EIF3A	2.601
EIF3B	3.923
EIF3D	4.158
EIF3E	2.289
EIF3EP1	2.662
EIF3EP2	1.03
EIF3F	2.912
EIF3FP3	1.571
EIF3G	1.085
EIF3H	2.703
EIF3I	1.758
EIF3IP1	1.703
EIF3J	1.335
EIF3J-AS1	1.097
EIF3K	1.403
EIF3KP1	1.307
EIF3KP2	2.174
EIF3KP3	-0.145
EIF3L	1.438
EIF3LP1	0.372
EIF3LP2	1.898
EIF3LP3	1.586
EIF3M	2.013
EIF4A1	0.424
EIF4A1P1	-0.471
EIF4A1P10	0.061
EIF4A1P11	
EIF4A1P12	-1.736
EIF4A1P13	1.685
EIF4A1P3	2.708
EIF4A1P5	3.795
EIF4A1P6	1.31
EIF4A1P7	2.832
EIF4A1P8	0.435
EIF4A1P9	1.744
EIF4A2	0.328
EIF4A2P2	-0.591
EIF4A2P3	1.164
EIF4A3	1.123
EIF4B	2.325
EIF4BP2	2.634
EIF4BP3	2.418
EIF4BP4	1.798
EIF4BP5	
EIF4BP6	2.18
EIF4BP7	
EIF4BP8	2.411
EIF4BP9	1.481
EIF4E	4.738
EIF4E1B	2.385
EIF4E2	2.954
EIF4E3	2.636
EIF4EBP1	1.375
EIF4EBP1P1	-1.821
EIF4EBP2	2.172
EIF4EBP2P	1.797
EIF4EBP3	0.981
EIF4ENIF1	2.265
EIF4G1	1.981
EIF4G2	1.132
EIF4G3	3.37
EIF4H	2.3
EIF4HP1	1.782
EIF4HP2	1.76
EIF5A	0.818
EIF5A2	1.662
EIF5AL1	1.778
EIF5AP2	1.63
EIF5AP4	2.03
EIF5B	2.273
EIF6	1.709
ELAC1	2.831
ELAC2	1.53
ELANE	1.881
ELAVL1	2.364
ELAVL2	2.379
ELAVL3	2.837
ELAVL4	2.125
ELF1	1.731
ELF2	2.469
ELF3	1.39
ELF4	1.608
ELF5	2.703
ELFN1	5.324
ELFN2	1.85
ELK1	1.199
ELK1P1	2.35
ELK3	2.481
ELK4	1.716
ELL	3.608
ELL2	2.896
ELL2P1	0.995
ELL2P2	2.588
ELL2P3	1.128
ELL2P4	1.568
ELL3	0.762
ELMO1	6.649
ELMO1-AS1	2.128
ELMO2	1.222
ELMO2P1	1.756
ELMO3	1.191
ELMOD1	2.627
ELMOD2	1.991
ELMOD3	1.933
ELMSAN1	2.315
ELN	1.785
ELOF1	2.279
ELOVL1	2.324
ELOVL2	3.376
ELOVL2-AS1	4.767
ELOVL3	1.017
ELOVL4	1.519
ELOVL5	3.627
ELOVL6	3.327
ELOVL7	2.184
ELP2	1.433
ELP3	2.457
ELP4	1.473
ELP5	1.626
ELP6	1.491
ELSPBP1	2.055
ELTD1	4.504
EMB	1.831
EMBP1	
EMC1	1.801
EMC10	1.854
EMC2	1.819
EMC3	3.337
EMC4	2.906
EMC6	
EMC7	1.734
EMC8	2.151
EMC9	1.051
EMCN	3.117
EMCN-IT1	0.902
EMCN-IT2	1.939
EMCN-IT3	1.164
EMD	1.095
EME1	1.367
EME2	1.338
EMG1	2.204
EMID1	2.599
EMILIN1	1.283
EMILIN2	2.508
EMILIN3	3.075
EML1	2.683
EML2	1.49
EML3	0.927
EML4	2.605
EML5	1.649
EML6	2.916
EMP1	4.919
EMP2	3.574
EMP3	1.137
EMR1	2.833
EMR2	2.666
EMR3	2.676
EMX1	1.769
EMX2	1.22
EMX2OS	2.081
EN1	2.318
EN2	1.65
ENAH	2.288
ENAM	2.087
ENC1	2.292
ENDOD1	2.581
ENDOG	1.255
ENDOU	1.234
ENDOV	2.101
ENG	3.096
ENGASE	2.396
ENHO	-0.153
ENKD1	1.16
ENKUR	3.244
ENO1	1.784
ENO1-AS1	-0.019
ENO1-IT1	1.784
ENO1P1	0.527
ENO1P2	1.049
ENO1P3	0.272
ENO1P4	
ENO2	0.65
ENO3	0.622
ENO4	2.252
ENOPH1	1.908
ENOSF1	2.165
ENOX1	4.83
ENOX1-AS1	1.419
ENOX1-AS2	1.456
ENOX2	1.461
ENPEP	5.728
ENPP1	3.301
ENPP2	5.965
ENPP3	3.704
ENPP4	1.148
ENPP5	1.936
ENPP6	2.379
ENPP7	2.758
ENPP7P11	3.866
ENPP7P4	1.447
ENSA	1.369
ENSAP1	0.849
ENSAP2	0.606
ENSAP3	2.323
ENTHD1	2.206
ENTHD2	1.526
ENTPD1	2.826
ENTPD1-AS1	2.826
ENTPD2	2.846
ENTPD3	3.226
ENTPD3-AS1	3.389
ENTPD4	1.851
ENTPD5	3.137
ENTPD6	2.059
ENTPD7	1.287
ENTPD8	2.457
ENY2	1.123
EOGT	2.071
EOMES	1.723
EP300	4.267
EP400	2.151
EP400NL	2.415
EPAS1	3.042
EPB41	5.318
EPB41L1	4.194
EPB41L2	2.963
EPB41L3	2.232
EPB41L4A	2.151
EPB41L4A-AS1	0.648
EPB41L4A-AS2	3.045
EPB41L4B	3.571
EPB41L5	2.979
EPB42	2.628
EPC1	2.395
EPC2	2.964
EPCAM	2.496
EPDR1	5.005
EPG5	1.711
EPGN	1.742
EPHA1	0.973
EPHA1-AS1	2.969
EPHA10	2.057
EPHA2	2.16
EPHA3	4.343
EPHA4	3.967
EPHA5	3.281
EPHA6	4.47
EPHA7	3.123
EPHA8	3.108
EPHB1	4.022
EPHB2	2.441
EPHB3	3.519
EPHB4	1.524
EPHB6	2.346
EPHX1	3.29
EPHX2	3.607
EPHX3	1.275
EPHX4	1.398
EPM2A	6.567
EPM2AIP1	
EPN1	3.13
EPN2	3.045
EPN2-AS1	2.465
EPN3	1.35
EPO	1.159
EPOR	0.679
EPPIN	1.289
EPPIN-WFDC6	1.289
EPPK1	2.282
EPRS	4.543
EPS15	3.418
EPS15L1	2.838
EPS15P1	3.466
EPS8	3.76
EPS8L1	2.448
EPS8L2	2.005
EPS8L3	2.677
EPSTI1	3.441
EPT1	2.263
EPX	1.926
EPYC	1.801
EQTN	1.174
ERAL1	2.182
ERAP1	1.906
ERAP2	4.268
ERAS	0.417
ERBB2	3.006
ERBB2IP	2.48
ERBB3	3.714
ERBB4	4.993
ERC1	4.326
ERC2	4.177
ERCC1	3.142
ERCC2	1.866
ERCC3	1.59
ERCC4	2.767
ERCC5	1.579
ERCC6	1.494
ERCC6-PGBD3	1.494
ERCC6L	1.617
ERCC6L2	2.58
ERCC8	4.2
EREG	3.541
ERF	1.751
ERG	4.53
ERGIC1	2.202
ERGIC2	1.928
ERGIC3	1.83
ERH	1.643
ERHP1	1.266
ERHP2	0.48
ERI1	2.239
ERI2	4.018
ERI3	1.855
ERI3-IT1	-2.808
ERICH1	3.855
ERICH1-AS1	4.847
ERICH2	1.102
ERLEC1	1.984
ERLEC1P1	0.828
ERLIN1	1.467
ERLIN2	1.04
ERMAP	
ERMARD	2.641
ERMN	1.955
ERMP1	4.077
ERN1	3.766
ERN2	2.414
ERO1L	2.838
ERO1LB	1.569
ERP27	1.55
ERP29	1.538
ERP29P1	0.317
ERP44	1.182
ERRFI1	1.785
ERVFRD-1	0.984
ERVH48-1	2.052
ERVK3-1	1.458
ERVMER34-1	1.9
ERVMER61-1	2.28
ERVV-1	0.708
ERVV-2	1.486
ERVW-1	
ERVWE2	3.101
ESAM	0.492
ESCO1	3.691
ESCO2	0.861
ESD	1.604
ESF1	2.461
ESM1	2.382
ESPL1	2.245
ESPN	4.699
ESPNL	1.937
ESR1	5.738
ESR2	3.587
ESRG	1.704
ESRP1	1.752
ESRP2	2.387
ESRRA	0.243
ESRRAP1	2.072
ESRRAP2	1.398
ESRRB	3.055
ESRRG	5.429
ESX1	1.548
ESYT1	3.426
ESYT2	4.064
ESYT3	1.426
ETAA1	2.65
ETF1	2.057
ETF1P2	0.36
ETF1P3	1.193
ETFA	1.687
ETFB	1.664
ETFDH	2.149
ETHE1	3.3
ETNK1	1.387
ETNK2	2.535
ETNPPL	
ETS1	2.277
ETS2	1.92
ETV1	3.961
ETV2	1.107
ETV3	6.161
ETV3L	1.818
ETV4	2.507
ETV5	2.478
ETV5-AS1	0.523
ETV6	2.81
ETV7	1.515
EVA1A	1.432
EVA1B	0.368
EVA1C	2.875
EVC	4.256
EVC2	6.15
EVI2A	0.588
EVI2B	0.785
EVI5	3.751
EVI5L	2.951
EVL	4.167
EVPL	3.66
EVPLL	0.624
EVX1	2.018
EVX1-AS	2.018
EVX2	1.885
EWSR1	3.387
EXD1	1.889
EXD2	1.722
EXD3	3.932
EXO1	5.084
EXO5	1.003
EXOC1	3.444
EXOC2	3.658
EXOC3	2.125
EXOC3L1	0.953
EXOC3L2	1.564
EXOC3L4	1.987
EXOC4	2.99
EXOC5	4.348
EXOC5P1	4.086
EXOC6	2.031
EXOC6B	4.169
EXOC7	1.897
EXOC7P1	1.351
EXOC8	1.847
EXOG	2.242
EXOGP1	
EXOSC1	1.057
EXOSC10	2.105
EXOSC2	1.415
EXOSC3	0.581
EXOSC3P1	0.189
EXOSC3P2	2.046
EXOSC4	
EXOSC5	0.793
EXOSC7	0.85
EXOSC8	1.177
EXOSC9	2.042
EXPH5	2.399
EXT1	4.751
EXT2	2.762
EXTL1	1.306
EXTL2	2.944
EXTL2P1	2.382
EXTL3	6.91
EXTL3-AS1	1.215
EYA1	3.337
EYA2	5.372
EYA3	2.527
EYA4	2.846
EYS	5.821
EZH1	2.028
EZH2	1.919
EZH2P1	
EZR	1.823
EZR-AS1	2.256
F10	1.997
F10-AS1	
F11	1.285
F11-AS1	3.796
F11R	2.852
F12	1.795
F13A1	4.306
F13B	2.199
F2	1.147
F2R	1.612
F2RL1	1.225
F2RL2	2.058
F2RL3	0.47
F3	4.545
F5	2.279
F7	1.009
F8	1.401
F8A2	0.754
F8A3	1.993
F9	2.213
FA2H	2.135
FAAH	2.1
FAAH2	2.563
FABP1	2.429
FABP12	2.645
FABP12P1	
FABP2	1.597
FABP3	2.164
FABP3P2	3.07
FABP4	1.232
FABP5	5.524
FABP5P1	1.225
FABP5P10	1.693
FABP5P12	
FABP5P14	-0.466
FABP5P2	
FABP5P3	2.066
FABP5P5	
FABP5P6	
FABP6	2.337
FABP7	1.771
FABP7P1	-1.288
FABP7P2	0.405
FABP9	1.533
FADD	2.499
FADS1	3.043
FADS2	3.043
FADS3	1.917
FADS6	1.179
FAF1	3.147
FAF2	1.795
FAF2P1	0.752
FAH	2.868
FAHD1	1.912
FAHD2A	1.937
FAHD2B	1.654
FAHD2CP	1.367
FAHD2P1	1.23
FAIM	2.683
FAIM2	5.801
FAIM3	4.475
FAM101A	3.724
FAM101B	
FAM102A	2.476
FAM102B	2.541
FAM103A1	0.983
FAM104A	2.052
FAM105A	3.906
FAM105B	2.99
FAM106DP	2.003
FAM107A	1.958
FAM107B	4.105
FAM109A	2.452
FAM109B	0.78
FAM110A	3.038
FAM110B	2.751
FAM110C	3.255
FAM110D	2.184
FAM111A	0.549
FAM111B	1.137
FAM114A1	3.903
FAM114A2	2.82
FAM115A	2.077
FAM115B	1.512
FAM115C	2.365
FAM115D	2.365
FAM117A	1.268
FAM117B	1.173
FAM118A	3.543
FAM118B	2.451
FAM120A	2.53
FAM120AOS	2.005
FAM120B	5.481
FAM120C	1.313
FAM122A	0.6
FAM122B	1.6
FAM122C	1.903
FAM124A	4.223
FAM124B	2.378
FAM126A	3.675
FAM126B	3.957
FAM127A	0.514
FAM127B	0.43
FAM127C	0.598
FAM129A	2.097
FAM129B	2.105
FAM129C	1.556
FAM131A	0.755
FAM131B	1.717
FAM131C	5.156
FAM132A	2.781
FAM132B	1.891
FAM133A	1.597
FAM133B	2.251
FAM133CP	0.746
FAM133DP	4.237
FAM134A	1.792
FAM134B	2.196
FAM134C	1.855
FAM135A	3.276
FAM135B	3.128
FAM136A	2.375
FAM136BP	3.159
FAM138B	0.931
FAM138E	
FAM13A	2.917
FAM13A-AS1	2.917
FAM13B	2.025
FAM13C	2.763
FAM149A	3.026
FAM149B1	2.28
FAM149B1P1	3.76
FAM150A	5.202
FAM150B	1.567
FAM151A	1.483
FAM151B	2.133
FAM153A	2.481
FAM153B	3.072
FAM153C	3.061
FAM154A	5.457
FAM154B	1.228
FAM155A	4.368
FAM155A-IT1	2.788
FAM155B	1.895
FAM156A	2.097
FAM156B	1.116
FAM159A	3.634
FAM159B	2.425
FAM160A1	4.002
FAM160A2	
FAM160B1	1.825
FAM160B2	2.825
FAM161A	1.68
FAM161B	3.373
FAM162A	0.734
FAM162B	1.878
FAM163A	2.429
FAM163B	2.584
FAM166A	1.364
FAM166B	0.639
FAM167A	2.484
FAM167B	1.88
FAM168A	4.89
FAM168B	2.338
FAM169A	1.969
FAM169B	4.915
FAM170A	1.287
FAM170B	1.703
FAM170B-AS1	2.119
FAM171A1	3.198
FAM171A2	1.357
FAM171B	1.879
FAM172A	3.285
FAM172BP	1.165
FAM173A	2.439
FAM173B	2.075
FAM174A	2.395
FAM174B	3.955
FAM175A	1.226
FAM175B	3.936
FAM177A1	1.248
FAM177A1P1	0.908
FAM178A	2.95
FAM178B	2.573
FAM179A	4.453
FAM179B	3.208
FAM180A	1.932
FAM180B	0.551
FAM181A	1.946
FAM181A-AS1	2.184
FAM181B	1.754
FAM183A	3.769
FAM183B	2.428
FAM183CP	3.557
FAM184A	2.226
FAM184B	4.954
FAM185A	3.326
FAM185BP	2.204
FAM186A	3.477
FAM186B	0.725
FAM187A	0.572
FAM187B	1.867
FAM188A	3.397
FAM188B	3.829
FAM188B2	1.939
FAM189A1	5.083
FAM189A2	2.054
FAM189B	1.041
FAM192A	1.14
FAM193A	3.908
FAM193B	0.788
FAM194A	2.888
FAM194B	2.761
FAM195A	1.431
FAM195B	1.978
FAM196A	1.232
FAM196B	2.274
FAM198A	1.38
FAM198B	2.065
FAM199X	0.715
FAM19A1	4.753
FAM19A2	3.506
FAM19A3	1.699
FAM19A4	2.483
FAM19A5	3.013
FAM200A	0.684
FAM200B	0.408
FAM201A	1.798
FAM203A	
FAM204A	1.662
FAM204BP	
FAM204CP	
FAM205A	2.162
FAM205B	3.49
FAM205CP	1.33
FAM206A	2.732
FAM206BP	
FAM207A	3.107
FAM207BP	1.906
FAM207CP	
FAM208A	2.307
FAM208B	2.401
FAM209A	2.755
FAM209B	1.917
FAM20A	2.6
FAM20B	1.911
FAM20C	1.86
FAM210A	4.265
FAM210B	
FAM210CP	2.181
FAM211A	6.164
FAM211B	1.521
FAM212A	0.461
FAM212B	2.139
FAM213A	1.499
FAM213B	0.77
FAM214A	2.269
FAM214B	2.488
FAM215A	1.379
FAM216A	1.559
FAM216B	5.489
FAM217A	2.278
FAM217B	2.216
FAM218BP	2.039
FAM219A	1.295
FAM219B	2.607
FAM21A	
FAM21B	
FAM21C	
FAM21FP	
FAM220A	3.017
FAM220BP	1.4
FAM220CP	1.459
FAM221A	1.754
FAM221B	1.333
FAM222A	1.852
FAM222A-AS1	1.286
FAM222B	2.486
FAM225A	1.279
FAM225B	1.459
FAM227A	2.921
FAM227B	3.823
FAM228A	1.659
FAM228B	2.321
FAM229A	1.124
FAM229B	1.397
FAM230B	
FAM24A	1.579
FAM24B	2.981
FAM25A	1.332
FAM26D	0.922
FAM26E	1.135
FAM26F	1.667
FAM27A	
FAM27E2	
FAM27L	
FAM32A	4.025
FAM32B	0.517
FAM35A	1.532
FAM35BP	
FAM35CP	0.845
FAM35DP	
FAM35EP	
FAM3A	3.066
FAM3B	2.292
FAM3C	1.369
FAM3D	3.078
FAM43A	3.778
FAM43B	1.348
FAM45A	2.215
FAM46A	4.595
FAM46B	2.187
FAM46C	1.331
FAM46D	2.156
FAM47A	3.094
FAM47B	1.901
FAM47C	1.255
FAM47DP	-0.528
FAM47E	1.847
FAM47E-STBD1	1.847
FAM49A	3.509
FAM49B	2.471
FAM50A	1.321
FAM50B	-0.179
FAM53A	3.766
FAM53B	1.944
FAM53C	1.213
FAM57A	2.238
FAM57B	2.099
FAM58A	1.284
FAM58BP	4.168
FAM58DP	1.662
FAM60A	1.54
FAM60BP	-1.261
FAM60CP	0.92
FAM63A	1.389
FAM63B	2.574
FAM64A	2.299
FAM65A	1.4
FAM65B	4.319
FAM65C	3.203
FAM66A	1.759
FAM66B	2.868
FAM66D	4.742
FAM66E	
FAM69A	1.473
FAM69B	1.585
FAM69C	3.769
FAM71A	1.479
FAM71B	1.133
FAM71C	0.867
FAM71D	3.452
FAM71E1	1.57
FAM71F1	1.61
FAM71F2	2.802
FAM72A	
FAM72B	
FAM72D	
FAM73A	1.843
FAM73B	1.884
FAM74A1	
FAM74A2	
FAM74A3	
FAM74A4	
FAM76A	4.83
FAM76B	1.895
FAM78A	1.471
FAM78B	1.865
FAM81A	4.511
FAM81B	2.638
FAM83A	1.574
FAM83A-AS1	0.388
FAM83B	2.617
FAM83C	1.901
FAM83C-AS1	
FAM83D	1.861
FAM83E	2.138
FAM83F	1.699
FAM83G	4.483
FAM83H-AS1	2.541
FAM84A	2.35
FAM84B	1.658
FAM86A	2.063
FAM86B3P	
FAM86GP	5.588
FAM89A	2.436
FAM89B	0.98
FAM8A1	1.184
FAM8A2P	0.942
FAM8A3P	1.904
FAM8A6P	0.626
FAM90A27P	2.737
FAM90A28P	2.812
FAM91A1	1.845
FAM92A1	1.416
FAM92A1P1	1.494
FAM92A1P2	1.346
FAM92B	2.602
FAM96A	1.267
FAM96AP1	0.122
FAM96AP2	1.233
FAM96B	2.064
FAM98A	1.064
FAM98B	2.567
FAM98C	1.799
FAM99A	1.523
FAM99B	1.892
FAM9A	1.362
FAM9B	1.808
FAM9C	1.764
FAN1	2.522
FANCA	3.267
FANCB	0.98
FANCC	2.766
FANCD2	2.643
FANCD2OS	1.791
FANCE	2.7
FANCF	3.934
FANCG	1.6
FANCI	1.491
FANCL	3.951
FANCM	2.175
FANK1	3.657
FANK1-AS1	-0.217
FAP	1.655
FAR1	1.893
FAR1-IT1	-1.628
FAR1P1	1.89
FAR2	2.273
FARP1	2.722
FARP1-AS1	0.56
FARP2	2.452
FARS2	6.194
FARSA	0.294
FARSB	3.142
FARSBP1	2.641
FAS	1.827
FASLG	1.966
FASN	2.324
FASTK	1.101
FASTKD1	1.734
FASTKD2	3.367
FASTKD3	1.076
FASTKD5	0.984
FAT1	3.301
FAT1P1	
FAT2	3.181
FAT3	7.079
FAT4	2.616
FATE1	2.174
FAU	0.303
FAUP1	2.366
FAUP2	
FAXC	3.623
FAXDC2	1.796
FBF1	2.194
FBL	1.598
FBLIM1	2.512
FBLL1	1.015
FBLN1	4.951
FBLN2	2.356
FBLN5	1.646
FBLN7	5.065
FBN1	3.475
FBN2	3.424
FBN3	4.597
FBP1	1.928
FBP2	3.266
FBRS	1.983
FBRSL1	1.56
FBXL12	1.591
FBXL13	4.445
FBXL14	3.537
FBXL15	-0.159
FBXL17	4.158
FBXL18	2.961
FBXL19	1.049
FBXL19-AS1	0.993
FBXL2	2.841
FBXL20	1.505
FBXL21	2.871
FBXL22	1.157
FBXL3	1.988
FBXL4	1.647
FBXL5	3.322
FBXL6	
FBXL7	5.409
FBXL8	0.7
FBXO10	3.043
FBXO11	3.282
FBXO15	2.465
FBXO16	1.987
FBXO17	1.774
FBXO18	2.121
FBXO2	2.339
FBXO21	1.433
FBXO22	3.03
FBXO24	1.555
FBXO25	3.898
FBXO27	2.455
FBXO28	1.351
FBXO3	1.557
FBXO30	1.651
FBXO31	3.409
FBXO32	2.442
FBXO33	1.413
FBXO34	1.798
FBXO36	1.46
FBXO36-IT1	-0.736
FBXO38	2.793
FBXO39	1.972
FBXO4	1.447
FBXO40	1.925
FBXO41	1.87
FBXO42	1.387
FBXO43	1.746
FBXO44	1.711
FBXO45	2.577
FBXO46	1.716
FBXO47	1.044
FBXO48	1.015
FBXO5	1.18
FBXO6	1.968
FBXO7	4.29
FBXO8	1.523
FBXO9	2.567
FBXW10	3.61
FBXW11	2.294
FBXW11P1	1.52
FBXW12	1.672
FBXW2	2.17
FBXW4	2.804
FBXW4P1	1.232
FBXW5	1.114
FBXW7	2.371
FBXW8	3.544
FBXW9	0.565
FCAMR	1.945
FCAR	2.693
FCER1A	1.695
FCER1G	1.343
FCER2	2.027
FCF1	1.462
FCF1P1	1.139
FCF1P10	2.085
FCF1P3	-0.313
FCF1P5	-0.265
FCF1P6	1.422
FCF1P7	-0.485
FCF1P8	-0.621
FCF1P9	
FCGBP	4.611
FCGR1A	
FCGR1B	
FCGR1C	
FCGR2A	2.323
FCGR2B	3.59
FCGR2C	0.871
FCGR3A	2.093
FCGR3B	2.182
FCGRT	2.033
FCHO1	3.738
FCHO2	1.567
FCHSD1	1.256
FCHSD2	2.879
FCN1	2.272
FCN2	1.87
FCN3	1.578
FCRL1	1.301
FCRL2	2.237
FCRL3	2.353
FCRL4	1.833
FCRL5	1.966
FCRL6	3.479
FCRLA	2.569
FCRLB	1.769
FDCSP	1.14
FDFT1	2.018
FDPS	1.88
FDPSP1	1.572
FDPSP2	0.307
FDPSP3	0.25
FDPSP4	1.718
FDPSP5	1.866
FDPSP6	2.27
FDPSP8	0.45
FDX1	2.067
FDX1L	1.461
FDX1P1	1.185
FDXACB1	-0.602
FDXR	1.438
FECH	3.019
FECHP1	3.431
FEM1A	2.987
FEM1AP1	1.72
FEM1AP3	1.667
FEM1AP4	0.884
FEM1B	2.26
FEM1C	2.79
FEN1	1.772
FEN1P1	-1.368
FENDRR	2.754
FER	2.907
FER1L4	2.507
FER1L5	2.391
FER1L6	4.364
FER1L6-AS1	4.364
FER1L6-AS2	1.79
FERD3L	
FERMT1	3.014
FERMT2	1.555
FERMT3	0.669
FERP1	
FES	0.912
FETUB	1.703
FEV	1.454
FEZ1	1.491
FEZ2	2.778
FEZF1	
FEZF1-AS1	
FEZF2	1.63
FFAR1	1.812
FFAR2	1.815
FFAR3	1.829
FFAR4	2.514
FGA	0.744
FGB	1.067
FGD1	1.458
FGD2	2.374
FGD3	3.348
FGD4	3.252
FGD5	4.348
FGD5-AS1	2.251
FGD5P1	0.473
FGD6	1.571
FGF1	2.591
FGF10	4.329
FGF11	2.318
FGF12	4.857
FGF12-AS1	1.143
FGF12-AS2	0.707
FGF12-AS3	0.5
FGF13	5.496
FGF13-AS1	0.73
FGF14	4.567
FGF14-AS1	1.666
FGF14-AS2	2.154
FGF14-IT1	1.964
FGF16	1.164
FGF17	1.464
FGF18	3.556
FGF19	1.73
FGF2	2.481
FGF20	3.211
FGF21	2.629
FGF22	2.661
FGF23	2.376
FGF3	4.186
FGF4	1.403
FGF5	2.121
FGF6	2.302
FGF7	1.593
FGF7P2	
FGF8	1.58
FGF9	2.928
FGFBP1	1.848
FGFBP2	1.662
FGFBP3	2.052
FGFR1	1.802
FGFR1OP	2.114
FGFR1OP2	1.022
FGFR1OP2P1	4.184
FGFR2	2.112
FGFR3	3.402
FGFR3P5	
FGFR3P6	1.308
FGFR4	2.439
FGFRL1	1.62
FGG	0.874
FGGY	4.337
FGL1	3.482
FGL2	0.265
FGR	2.31
FH	1.983
FHAD1	5.201
FHDC1	2.43
FHIT	5.832
FHL1	1.386
FHL2	3.882
FHL3	1.416
FHL5	2.205
FHOD1	1.821
FHOD3	4.858
FHP1	-0.532
FIBCD1	3.403
FIBIN	2.664
FIBP	0.798
FICD	1.574
FIG4	2.984
FIGF	2.768
FIGLA	1.744
FIGN	5.611
FIGNL1	0.685
FILIP1	1.36
FILIP1L	2.515
FIP1L1	5.658
FIS1	2.234
FITM2	1.402
FIZ1	1.172
FJX1	1.428
FKBP10	1.287
FKBP11	
FKBP14	
FKBP15	2.145
FKBP1A	1.856
FKBP1AP2	
FKBP1AP3	2.206
FKBP1B	1.601
FKBP1C	2.155
FKBP2	0.993
FKBP3	1.627
FKBP4	2.921
FKBP4P1	-0.011
FKBP5	3.648
FKBP6	1.768
FKBP7	1.619
FKBP8	1.217
FKBP9	3.696
FKBP9L	2.636
FKBPL	1.18
FKRP	1.69
FKSG48	1.564
FKSG62	1.834
FKTN	1.758
FLAD1	1.158
FLCN	2.526
FLG	3.082
FLG-AS1	3.783
FLG2	1.791
FLI1	2.516
FLI1-AS1	2.364
FLII	1.169
FLJ00104	1.23
FLJ00273	-0.494
FLJ00325	1.603
FLJ00388	-1.656
FLJ00418	1.602
FLJ14816	3.145
FLJ20306	1.337
FLJ20373	1.388
FLJ27365	2.665
FLJ30594	0.528
FLJ45079	2.88
FLNA	1.451
FLNB	4.475
FLNB-AS1	1.181
FLNC	2.734
FLOT1	2.433
FLOT2	1.368
FLRT1	2.129
FLRT2	3.029
FLRT3	0.761
FLT1	5.056
FLT1P1	4.524
FLT3	3.294
FLT3LG	1.087
FLT4	2.161
FLVCR1	2.327
FLVCR1-AS1	1.506
FLVCR2	2.549
FLYWCH1	2.091
FLYWCH1P1	-1.385
FLYWCH2	1.379
FMN1	4.306
FMN2	4.133
FMNL1	1.773
FMNL2	2.246
FMNL3	1.397
FMO1	3.516
FMO10P	2.638
FMO11P	0.928
FMO2	3.064
FMO3	3.21
FMO4	2.861
FMO5	4.502
FMO6P	2.63
FMO7P	1.54
FMO8P	2.38
FMO9P	2.794
FMOD	2.147
FMR1	2.248
FMR1-AS1	0.999
FMR1NB	1.741
FN1	2.521
FN3K	1.188
FN3KRP	1.126
FNBP1	3.379
FNBP1L	2.446
FNBP1P1	3.024
FNBP4	0.685
FNDC1	2.492
FNDC1-IT1	1.334
FNDC3A	1.934
FNDC3B	3.269
FNDC3CP	1.296
FNDC4	0.475
FNDC5	0.637
FNDC7	1.964
FNDC8	1.151
FNDC9	0.875
FNIP1	2.798
FNIP2	2.195
FNTA	1.934
FNTAL1	1.298
FNTAP2	0.635
FNTB	3.161
FOCAD	2.471
FOLH1	2.213
FOLH1B	2.229
FOLR3	2.33
FOLR4	1.822
FOPNL	1.899
FOS	2.211
FOSB	2.613
FOSL1	1.371
FOSL1P1	-2.974
FOSL2	5.245
FOXA1	2.36
FOXA2	0.929
FOXA3	1.598
FOXB1	1.549
FOXB2	2.359
FOXC1	2.043
FOXC2	2.052
FOXD1	1.882
FOXD2	0.923
FOXD2-AS1	0.541
FOXD3	1.319
FOXE1	1.322
FOXE3	1.348
FOXF1	1.527
FOXF2	5.426
FOXG1	1.323
FOXH1	1.583
FOXI1	3.579
FOXI2	3.364
FOXI3	1.493
FOXJ1	2.431
FOXJ2	1.511
FOXJ3	4.834
FOXK1	3.174
FOXK2	4.27
FOXL1	3.084
FOXL2	1.559
FOXM1	1.564
FOXN1	3.126
FOXN2	1.618
FOXN3	3.916
FOXN3-AS1	2.102
FOXN3-AS2	2.569
FOXN3P1	1.104
FOXN4	2.033
FOXO1	3.337
FOXO3	2.474
FOXO4	1.543
FOXO6	1.976
FOXP1	4.418
FOXP1-AS1	1.593
FOXP1-IT1	0.729
FOXP2	3.511
FOXP3	1.481
FOXP4	3.826
FOXQ1	2.788
FOXR1	
FOXR2	1.496
FOXRED1	0.006
FOXRED2	2.035
FOXS1	0.454
FP15737	1.785
FPGS	3.375
FPGT	1.74
FPGT-TNNI3K	2.531
FRA10AC1	3.03
FRAS1	4.502
FRAT1	1.339
FRAT2	1.235
FRDAP	2.851
FREM1	2.943
FREM2	2.498
FREM2-AS1	1.051
FREM3	2.417
FRK	4.28
FRMD1	7.025
FRMD3	3.706
FRMD4A	4.119
FRMD4B	6.028
FRMD5	2.68
FRMD6	3.114
FRMD6-AS2	3.114
FRMD7	1.496
FRMD8	2.204
FRMD8P1	1.113
FRMPD1	2.37
FRMPD2	4.214
FRMPD2P1	
FRMPD2P2	
FRMPD3	1.891
FRMPD3-AS1	1.202
FRMPD4	3.731
FRMPD4-AS1	-0.723
FRRS1	4.151
FRRS1L	2.753
FRS2	1.961
FRS3	1.157
FRY	3.426
FRY-AS1	1.885
FRYL	2.468
FRZB	2.505
FSBP	3.562
FSCB	2.418
FSCN1	2.526
FSCN2	1.039
FSCN3	0.573
FSD1	1.402
FSD1L	3.029
FSD2	4.268
FSHB	2.822
FSHR	2.641
FSIP1	1.815
FSIP2	1.841
FST	2.117
FSTL1	1.809
FSTL3	1.46
FSTL4	3.866
FSTL5	3.227
FTCD	4.277
FTCD-AS1	1.165
FTCDNL1	4.09
FTH1	1.38
FTH1P1	0.365
FTH1P10	4.844
FTH1P11	0.14
FTH1P12	1.205
FTH1P14	1.817
FTH1P16	-0.102
FTH1P18	1.823
FTH1P20	2.197
FTH1P21	5.212
FTH1P22	2.68
FTH1P23	1.615
FTH1P24	-0.084
FTH1P25	-0.963
FTH1P26	1.295
FTH1P27	
FTH1P3	
FTH1P5	3.24
FTH1P6	2.926
FTH1P7	2.581
FTH1P8	2.062
FTH1P9	2.036
FTHL17	1.675
FTL	1.348
FTLP1	1.882
FTLP10	1.473
FTLP12	1.557
FTLP13	
FTLP14	-0.935
FTLP15	1.382
FTLP17	4.989
FTLP18	3.521
FTLP19	2.968
FTLP2	1.289
FTLP3	2.679
FTLP4	2.464
FTLP5	4.955
FTLP6	
FTLP8	
FTMT	2.267
FTO	3.646
FTO-IT1	0.736
FTOP1	3.4
FTSJ1	1.001
FTSJ2	1.451
FTSJ3	1.702
FTX	1.718
FUBP1	3.013
FUBP3	2.316
FUCA1	1.065
FUCA1P1	1.743
FUCA2	1.503
FUK	1.701
FUNDC1	3.347
FUNDC2	2.21
FUNDC2P2	1.78
FUNDC2P3	1.022
FUNDC2P4	1.847
FUOM	2.067
FURIN	1.324
FUS	0.969
FUT1	3.063
FUT10	6.075
FUT11	1.396
FUT2	2.518
FUT3	1.099
FUT5	2.754
FUT6	1.677
FUT7	1.121
FUT8	2.917
FUT9	2.89
FUZ	2.295
FXN	3.532
FXR1	2.414
FXR2	1.325
FXYD1	0.78
FXYD2	3.063
FXYD3	1.965
FXYD4	1.093
FXYD5	3.081
FXYD6	2.413
FXYD6-FXYD2	2.413
FXYD6P1	1.786
FXYD6P2	0.926
FXYD6P3	2.885
FXYD7	1.057
FYB	2.102
FYCO1	2.176
FYN	2.5
FYTTD1	
FYTTD1P1	-1.029
FZD1	1.479
FZD10	2.27
FZD10-AS1	2.934
FZD2	2.341
FZD3	1.1
FZD4	0.488
FZD5	1.453
FZD6	1.529
FZD7	1.649
FZD8	1.836
FZD9	2.015
FZR1	2.217
G0S2	0.556
G2E3	2.534
G3BP1	1.183
G3BP2	1.972
G6PC	2.202
G6PC2	2.135
G6PC3	1.811
G6PD	2.055
GAA	4.178
GAB1	1.933
GAB2	3.779
GAB3	2.651
GAB4	3.366
GABARAP	-0.121
GABARAPL1	2.494
GABARAPL2	2.744
GABARAPL3	1.728
GABBR1	3.635
GABBR2	3.27
GABPA	2.335
GABPB1	1.462
GABPB1-AS1	1.972
GABPB2	2.016
GABRA1	3.249
GABRA2	4.24
GABRA3	2.553
GABRA4	1.946
GABRA5	1.731
GABRA6	1.728
GABRB1	3.104
GABRB2	4.647
GABRB3	5.22
GABRD	3.991
GABRE	1.941
GABRG1	2.379
GABRG2	3.241
GABRG3	4.429
GABRP	4.256
GABRQ	2.037
GABRR1	3.271
GABRR2	4.45
GABRR3	2.398
GACAT1	3.04
GAD1	2.66
GAD2	3.129
GADD45A	1.796
GADD45B	1.92
GADD45G	2.067
GADD45GIP1	0.436
GADL1	5.246
GAGE10	2.08
GAK	3.361
GAL	1.191
GAL3ST1	1.816
GAL3ST2	1.891
GAL3ST3	0.646
GAL3ST4	0.875
GALC	1.646
GALE	-0.136
GALK1	2.596
GALK2	3.573
GALM	
GALNS	3.877
GALNT1	1.391
GALNT10	3.904
GALNT11	4.155
GALNT12	2.079
GALNT13	2.32
GALNT14	3.226
GALNT15	2.697
GALNT16	2.397
GALNT18	3.423
GALNT2	2.592
GALNT3	2.602
GALNT4	0.599
GALNT5	1.926
GALNT6	2.364
GALNT7	2.146
GALNT8	2.862
GALNT9	2.419
GALNTL5	1.972
GALNTL6	6.055
GALP	2.649
GALR1	2.512
GALR2	-0.243
GALR3	1.532
GALT	1.121
GAMT	1.797
GAMTP2	-1.474
GAN	4.614
GANAB	1.43
GANC	1.416
GAP43	3.785
GAPDH	4.11
GAPDHP1	1.311
GAPDHP14	1.242
GAPDHP16	
GAPDHP2	-0.009
GAPDHP20	0.989
GAPDHP21	1.735
GAPDHP22	0.795
GAPDHP23	
GAPDHP24	2.238
GAPDHP25	1.596
GAPDHP26	1.515
GAPDHP27	1.623
GAPDHP28	1.925
GAPDHP29	1.294
GAPDHP31	2.619
GAPDHP32	1.103
GAPDHP33	2.188
GAPDHP34	1.935
GAPDHP36	1.687
GAPDHP37	2.819
GAPDHP38	1.252
GAPDHP39	1.493
GAPDHP40	
GAPDHP41	5.391
GAPDHP44	0.445
GAPDHP45	2.328
GAPDHP46	0.684
GAPDHP47	1.538
GAPDHP48	-0.978
GAPDHP49	1.872
GAPDHP50	5.034
GAPDHP51	1.556
GAPDHP52	1.622
GAPDHP53	2.404
GAPDHP54	0.6
GAPDHP55	1.104
GAPDHP56	2.516
GAPDHP57	1.657
GAPDHP58	1.124
GAPDHP59	
GAPDHP60	0.017
GAPDHP61	0.363
GAPDHP62	0.353
GAPDHP63	1.102
GAPDHP64	2.143
GAPDHP65	1.149
GAPDHP66	3.302
GAPDHP67	1.062
GAPDHP68	1.582
GAPDHP69	0.466
GAPDHP70	2.216
GAPDHP71	0.372
GAPDHP72	2.407
GAPDHP73	0.508
GAPDHS	1.045
GAPT	2.102
GAPVD1	3.004
GAR1	0.862
GAREM	3.378
GAREML	2.775
GARNL3	3.484
GARS	1.814
GART	0.629
GAS1	2.651
GAS2	3.087
GAS2L1	3.475
GAS2L2	1.538
GAS2L3	2.187
GAS5	0.509
GAS5-AS1	0.646
GAS6	4.323
GAS6-AS1	3.815
GAS6-AS2	2.847
GAS7	3.725
GAS8	1.627
GAST	1.209
GATA1	0.635
GATA2	1.523
GATA3	4.433
GATA3-AS1	1.354
GATA4	2.619
GATA5	1.936
GATA6	1.726
GATA6-AS1	3.568
GATAD1	
GATAD2A	1.587
GATAD2B	1.836
GATC	4.171
GATM	1.981
GATS	1.294
GATSL1	3.117
GATSL2	2.968
GATSL3	1.228
GBA	0.796
GBA2	1.081
GBA3	5.971
GBAS	4.178
GBE1	2.951
GBF1	2.54
GBGT1	2.094
GBP1	1.272
GBP1P1	1.121
GBP2	2.311
GBP3	2.35
GBP4	1.563
GBP5	4.696
GBP6	1.795
GBP7	1.974
GBX1	1.057
GBX2	2.292
GC	5.465
GCA	1.943
GCAT	1.336
GCC1	1.199
GCC2	2.81
GCDH	3.472
GCFC2	2.042
GCG	2.171
GCGR	1.884
GCH1	1.566
GCHFR	4.08
GCK	2.926
GCKR	2.75
GCLC	2.609
GCLM	1.79
GCM1	4.111
GCM2	0.873
GCN1L1	1.124
GCNT1	2.689
GCNT1P1	
GCNT1P2	2.562
GCNT1P3	0.956
GCNT1P5	3.927
GCNT2	2.586
GCNT3	4.642
GCNT4	3.332
GCNT6	2.086
GCNT7	2.755
GCOM1	2.41
GCSAM	0.954
GCSAML	1.53
GCSAML-AS1	0.804
GCSH	1.681
GCSHP1	1.619
GCSHP2	1.67
GCSHP4	0.693
GDA	2.256
GDAP1	1.966
GDAP1L1	1.514
GDAP2	3.183
GDE1	1.426
GDF1	1.009
GDF10	6.53
GDF11	0.989
GDF15	1.482
GDF2	2.904
GDF3	2.271
GDF5	1.929
GDF5OS	1.893
GDF6	2.688
GDF7	1.973
GDF9	0.969
GDI1	-0.194
GDI2	2.515
GDI2P1	1.591
GDI2P2	1.096
GDNF	1.766
GDNF-AS1	2.01
GDPD1	1.628
GDPD2	1.528
GDPD3	1.472
GDPD4	2.228
GDPD5	2.151
GDPGP1	1.559
GEM	1.945
GEMIN2	3.785
GEMIN4	2.286
GEMIN5	2.284
GEMIN6	2.612
GEMIN7	1.202
GEMIN8	1.073
GEMIN8P2	1.715
GEMIN8P3	0.943
GEMIN8P4	1.857
GEN1	1.5
GET4	5.369
GFAP	1.563
GFER	2.192
GFI1	1.147
GFI1B	2.14
GFM1	2.091
GFM2	2.574
GFOD1	2.846
GFOD2	2.343
GFPT1	1.817
GFPT2	3.05
GFRA1	3.104
GFRA2	3.342
GFRA3	0.976
GFRA4	2.115
GFRAL	2.355
GGA1	2.496
GGA2	2.344
GGA3	1.708
GGACT	4.164
GGCT	2.56
GGCX	0.696
GGH	1.118
GGN	0.861
GGNBP1	1.572
GGNBP2	2.247
GGPS1	1.707
GGT1	1.54
GGT2	
GGT3P	
GGT5	2.462
GGT6	2.289
GGT7	0.781
GGTA1P	1.386
GGTA2P	4.899
GGTLC2	
GGTLC3	
GHDC	0.678
GHITM	0.99
GHR	4.926
GHRH	1.921
GHRHR	3.82
GHRL	1.524
GHRLOS	1.524
GHSR	1.727
GHc-210E9.2	1.499
GHc-362H12.3	-0.008
GHc-602D8.2	1.075
GID4	3.089
GID8	1.164
GIF	2.271
GIGYF1	0.528
GIGYF2	2.239
GIMAP1	1.731
GIMAP2	4.758
GIMAP4	2.221
GIMAP5	1.694
GIMAP6	2.69
GIMAP7	2.591
GIMAP8	1.84
GIMD1	1.589
GIN1	1.375
GINM1	1.819
GINS1	1.36
GINS2	1.01
GINS3	2.159
GINS4	1.478
GIP	1.937
GIPC1	1.599
GIPC2	2.611
GIPC3	2.427
GIPR	1.053
GIT1	1.206
GIT2	3.492
GJA1	1.981
GJA10	1.962
GJA1P1	0.114
GJA3	2.222
GJA4	1.48
GJA5	1.765
GJA6P	-0.367
GJA8	
GJA9	2.49
GJB1	2.397
GJB2	4.243
GJB3	1.623
GJB4	1.249
GJB5	0.96
GJB6	3.715
GJB7	2.31
GJC1	1.864
GJC2	1.247
GJC3	1.096
GJD2	2.356
GJD3	0.885
GJD4	1.936
GJE1	1.657
GK	2.838
GK-AS1	1.312
GK-IT1	-0.689
GK2	4.363
GK3P	1.68
GK5	2.13
GKAP1	3.488
GKN1	3.553
GKN2	2.274
GLA	1.433
GLB1	1.814
GLB1L	1.658
GLB1L2	2.011
GLB1L3	2.805
GLCCI1	3.053
GLCE	3.892
GLDC	2.489
GLDCP1	2.124
GLDN	1.962
GLE1	1.379
GLG1	3.616
GLI1	1.777
GLI2	5.541
GLI3	3.684
GLI4	0.927
GLIPR1	2.109
GLIPR1L1	1.114
GLIPR1L2	1.153
GLIPR2	1.314
GLIS1	5.727
GLIS2	4.402
GLIS3	3.752
GLIS3-AS1	1.596
GLMN	0.77
GLO1	2.384
GLOD4	0.905
GLOD5	1.396
GLP1R	1.552
GLP2R	2.066
GLRA1	1.424
GLRA2	5.075
GLRA3	3.894
GLRA4	2.046
GLRB	3.004
GLRX	3.571
GLRX2	1.011
GLRX3	2.738
GLRX5	2.247
GLRXP	1.013
GLRXP3	1.944
GLS	1.868
GLS2	1.744
GLT1D1	5.139
GLT6D1	1.499
GLT8D1	1.262
GLT8D2	1.273
GLTP	1.789
GLTPD1	3.684
GLTPD2	1.139
GLTPP1	1.117
GLTSCR1	1.979
GLTSCR1L	1.772
GLTSCR2	2.05
GLUD1	0.867
GLUD1P2	
GLUD1P3	2.211
GLUD1P4	1.776
GLUD1P6	
GLUD1P8	
GLUD1P9	2.048
GLUD2	2.341
GLUDP5	1.787
GLUL	1.143
GLULP3	2.985
GLULP4	1.053
GLULP5	0.258
GLULP6	3.133
GLYAT	4.397
GLYATL1	1.01
GLYATL1P1	0.98
GLYATL1P2	1.632
GLYATL1P3	0.935
GLYATL1P4	0.881
GLYATL2	3.426
GLYATL3	2.606
GLYCAM1	1.699
GLYCTK	1.49
GLYCTK-AS1	1.49
GLYR1	1.957
GM2A	4.229
GM2AP1	1.871
GM2AP2	1.737
GMCL1	1.586
GMCL1P1	1.838
GMDS	3.246
GMDS-AS1	4.23
GMEB1	1.358
GMEB2	2.004
GMFB	1.747
GMFBP1	
GMFG	1.915
GMIP	1.204
GML	1.682
GMNC	2.708
GMNN	1.226
GMPPA	1.513
GMPPB	0.023
GMPR	2.811
GMPR2	0.613
GMPS	1.883
GMPSP1	1.732
GNA11	2.484
GNA12	2.473
GNA13	3.577
GNA14	4.821
GNA15	1.806
GNAI1	4.47
GNAI2	3.742
GNAI2P1	1.911
GNAI2P2	2.938
GNAI3	1.555
GNAL	3.301
GNAO1	1.626
GNAQ	2.533
GNAQP1	1.69
GNAS	2.015
GNAS-AS1	1.145
GNAT1	0.664
GNAT2	1.519
GNAT3	1.52
GNAZ	1.072
GNB1	1.47
GNB1L	2.798
GNB2	1.33
GNB2L1	
GNB3	1.613
GNB4	2.49
GNB5	4.317
GNE	2.7
GNG10	1.3
GNG11	2.046
GNG12	5.685
GNG12-AS1	3.791
GNG13	1.269
GNG2	3.075
GNG3	-0.635
GNG4	1.877
GNG5	0.726
GNG5P1	0.388
GNG5P2	
GNG5P3	
GNG5P5	3.829
GNG7	2.813
GNG8	1.16
GNGT1	5.202
GNGT2	1.41
GNL1	2.584
GNL2	3.001
GNL3	1.386
GNL3L	1.382
GNL3LP1	1.437
GNLY	5.514
GNMT	1.363
GNPAT	2.353
GNPATP	2.623
GNPDA1	1.888
GNPDA2	2.268
GNPNAT1	0.524
GNPTAB	3.502
GNPTG	0.85
GNRH1	0.595
GNRH2	1.028
GNRHR	0.805
GNRHR2	
GNS	1.25
GOLGA1	2.806
GOLGA2	2.66
GOLGA2B	1.455
GOLGA2P1	0.503
GOLGA2P4	1.929
GOLGA3	2.86
GOLGA4	2.077
GOLGA5	2.102
GOLGA5P1	
GOLGA6A	2.72
GOLGA6B	0.356
GOLGA6C	
GOLGA6D	2.179
GOLGA6L6	
GOLGA7	2.197
GOLGA7B	2.491
GOLGA8A	2.507
GOLGA8B	1.639
GOLGA8CP	
GOLGA8DP	
GOLGA8EP	
GOLGA8F	
GOLGA8G	
GOLGA8H	
GOLGA8I	
GOLGA8S	
GOLGA8T	
GOLGB1	2.902
GOLIM4	1.558
GOLM1	2.931
GOLPH3	3.333
GOLPH3L	1.741
GOLT1A	2.569
GOLT1B	1.6
GON4L	2.131
GOPC	2.386
GORAB	2.212
GORASP1	1.079
GORASP2	1.764
GOSR1	1.199
GOSR2	1.942
GOT1	2.108
GOT1L1	1.42
GOT2	1.39
GOT2P1	3.354
GOT2P2	3.015
GOT2P3	-0.13
GP1BA	1.412
GP1BB	
GP2	2.664
GP5	2.043
GP6	1.931
GP9	2.074
GPA33	1.942
GPAA1	
GPAA1P1	
GPALPP1	1.675
GPAM	6.174
GPANK1	0.452
GPAT2	1.734
GPATCH1	2.902
GPATCH11	1.253
GPATCH2	4.784
GPATCH2L	5.113
GPATCH3	1.168
GPATCH4	1.929
GPATCH8	3.537
GPBAR1	1.028
GPBP1	1.968
GPBP1L1	1.238
GPC1	2.169
GPC2	1.274
GPC3	2.51
GPC4	2.287
GPC5	7.692
GPC5-AS1	1.858
GPC5-AS2	0.364
GPC5-IT1	1.605
GPC6	5.774
GPC6-AS1	3.108
GPC6-AS2	0.875
GPCPD1	3.107
GPD1	0.716
GPD1L	3.767
GPD2	3.92
GPER1	1.596
GPHA2	0.766
GPHB5	2.02
GPHN	3.769
GPI	1.892
GPIHBP1	2.58
GPKOW	0.6
GPLD1	2.372
GPM6A	3.131
GPM6B	2.741
GPM6BP3	1.972
GPN1	1.006
GPN2	1.163
GPN3	3.861
GPN3P1	2.54
GPNMB	1.459
GPR1	2.205
GPR101	2.289
GPR107	2.258
GPR108	3.177
GPR110	2.369
GPR111	0.919
GPR112	3.427
GPR113	2.106
GPR114	2.212
GPR115	1.463
GPR116	3.143
GPR119	1.728
GPR12	3.673
GPR123	3.376
GPR124	2.179
GPR125	3.42
GPR126	2.021
GPR128	2.785
GPR132	1.519
GPR133	4.337
GPR135	3.674
GPR137	0.905
GPR137B	1.969
GPR137C	1.66
GPR139	2.53
GPR141	2.506
GPR142	2.349
GPR143	2.036
GPR144	2.067
GPR146	1.379
GPR149	1.748
GPR15	0.019
GPR150	1.373
GPR151	3.41
GPR152	3.096
GPR153	2.111
GPR155	1.554
GPR156	3.904
GPR157	2.437
GPR158	4.675
GPR158-AS1	3.387
GPR160	2.043
GPR161	2.964
GPR162	1.774
GPR171	0.286
GPR173	2.09
GPR174	1.181
GPR176	1.741
GPR179	2.231
GPR18	0.398
GPR180	1.923
GPR182	2.35
GPR183	0.284
GPR19	2.66
GPR20	1.966
GPR21	-0.665
GPR22	2.079
GPR25	1.613
GPR26	1.833
GPR27	0.871
GPR3	1.112
GPR31	-0.146
GPR32	1.228
GPR32P1	1.481
GPR33	2.031
GPR34	1.79
GPR35	3.03
GPR37	1.644
GPR37L1	1.77
GPR39	3.524
GPR4	1.393
GPR42	2.904
GPR45	1.5
GPR50	0.715
GPR50-AS1	0.827
GPR52	1.604
GPR53P	1.92
GPR55	2.701
GPR56	3.403
GPR6	2.335
GPR61	1.77
GPR62	1.39
GPR63	1.254
GPR64	4.941
GPR65	0.923
GPR68	3.115
GPR75	1.914
GPR75-ASB3	3.119
GPR78	5.178
GPR79	2.438
GPR82	2.345
GPR83	2.813
GPR84	
GPR85	2.053
GPR87	1.402
GPR88	1.488
GPR89A	
GPR97	1.523
GPR98	3.118
GPRASP1	0.527
GPRASP2	1.915
GPRC5A	3.181
GPRC5B	3.998
GPRC5C	3.538
GPRC5D	5.978
GPRC6A	3.678
GPRIN1	1.987
GPRIN2	
GPRIN3	2.127
GPS1	0.849
GPS2	0.575
GPSM1	
GPSM2	2.103
GPSM3	2.378
GPT	0.852
GPT2	2.828
GPX1	1.026
GPX1P1	-0.604
GPX1P2	3.44
GPX2	2.368
GPX3	2.344
GPX4	1.614
GPX5	1.336
GPX6	1.567
GPX7	2.111
GPX8	1.515
GRAMD1A	1.503
GRAMD1B	3.262
GRAMD1C	2.746
GRAMD2	1.681
GRAMD3	3.94
GRAMD4	2.961
GRAMD4P1	1.412
GRAMD4P2	
GRAMD4P3	
GRAMD4P4	
GRAMD4P5	
GRAMD4P6	
GRAMD4P7	
GRAMD4P8	0.411
GRAP	2.851
GRAP2	5.203
GRAPL	
GRASP	1.489
GRB10	3.502
GRB14	1.533
GRB2	2.196
GRB7	2.405
GREB1	1.845
GREB1L	2.851
GREM1	2.204
GREM2	2.585
GRHL1	1.671
GRHL2	2.979
GRHL3	3.484
GRHPR	1.623
GRIA1	3.972
GRIA2	2.361
GRIA3	5.645
GRIA4	4.152
GRID1	5.737
GRID2	4.693
GRID2IP	4.102
GRIFIN	3.708
GRIK1	3.261
GRIK1-AS1	1.595
GRIK1-AS2	3.261
GRIK2	4.317
GRIK3	4.384
GRIK4	7.201
GRIK5	1.646
GRIN1	2.514
GRIN2A	2.87
GRIN2B	3.367
GRIN2C	1.595
GRIN2D	3.214
GRIN3A	2.126
GRIN3B	3.304
GRINA	1.27
GRIP1	2.731
GRIP2	3.44
GRIPAP1	0.165
GRK1	
GRK4	1.675
GRK5	2.773
GRK6	1.843
GRK6P1	-0.31
GRK7	2.033
GRM1	2.326
GRM2	1.729
GRM3	3.05
GRM4	2.372
GRM5	4.612
GRM5-AS1	1.979
GRM6	2.75
GRM7	5.864
GRM7-AS1	1.518
GRM7-AS2	0.732
GRM7-AS3	4.384
GRM8	4.193
GRN	1.478
GRP	1.591
GRPEL1	2.053
GRPEL2	-0.104
GRPEL2-AS1	1.111
GRPEL2P1	3.565
GRPEL2P2	1.09
GRPEL2P3	1.139
GRPR	1.82
GRSF1	2.965
GRTP1	2.653
GRTP1-AS1	1.424
GRWD1	3.232
GRXCR1	2.504
GRXCR2	5.882
GS1-103B18.1	2.853
GS1-111G14.1	-0.247
GS1-114I9.1	1.231
GS1-115G20.1	0.729
GS1-115G20.2	1.66
GS1-115M3.4	2.112
GS1-120K12.4	2.762
GS1-122H1.1	2.842
GS1-122H1.2	2.386
GS1-122H1.3	
GS1-124K5.10	1.337
GS1-124K5.11	1.337
GS1-124K5.12	1.972
GS1-164F24.1	3.277
GS1-165B14.2	1.165
GS1-166A23.2	1.553
GS1-174L6.4	-0.848
GS1-179L18.1	4.441
GS1-184P14.2	4.223
GS1-18A18.1	2.15
GS1-18A18.2	1.197
GS1-200K5.1	0.137
GS1-204I12.1	2.253
GS1-204I12.4	5.041
GS1-21A4.1	1.809
GS1-21A4.2	1.809
GS1-24F4.2	2.789
GS1-251I9.2	2.39
GS1-251I9.3	2.063
GS1-251I9.4	2.153
GS1-256O22.1	1.642
GS1-256O22.5	2.899
GS1-257G1.1	1.382
GS1-259H13.10	1.354
GS1-259H13.2	1.202
GS1-259H13.7	2.551
GS1-278J22.1	2.476
GS1-278J22.2	2.168
GS1-279B7.1	1.469
GS1-279B7.2	1.039
GS1-304P7.1	1.923
GS1-304P7.2	2.857
GS1-304P7.3	3.32
GS1-309P15.3	2.13
GS1-309P15.4	1.277
GS1-358P8.4	0.596
GS1-383H3.6	2.789
GS1-393G12.12	
GS1-393G12.14	1.472
GS1-39E22.1	1.934
GS1-39E22.2	1.213
GS1-410F4.4	2.478
GS1-410F4.5	2.057
GS1-421I3.2	2.177
GS1-421I3.4	
GS1-433O24.1	2.355
GS1-44D20.1	2.272
GS1-466O4.3	1.728
GS1-466O4.5	2.158
GS1-519E5.1	2.639
GS1-531I17.2	0.278
GS1-531I17.3	-1.175
GS1-541M1.1	1.648
GS1-541M1.2	4.059
GS1-542M4.3	1.485
GS1-542M4.4	2.26
GS1-57L11.1	3.689
GS1-590J15.1	-0.165
GS1-590J6.2	2.191
GS1-594A7.3	0.282
GS1-594A7.5	-0.129
GS1-5L10.1	
GS1-600G8.3	1.633
GS1-600G8.4	3.165
GS1-600G8.5	2.544
GS1-69O6.1	3.013
GS1-72M22.1	0.342
GSAP	2.66
GSC	1.754
GSC2	2.945
GSDMA	3.052
GSDMB	1.554
GSDMC	1.457
GSDMD	1.944
GSE1	1.848
GSG1	1.405
GSG1L	3.312
GSG2	0.687
GSK3A	1.677
GSK3B	4.154
GSKIP	1.946
GSN	1.506
GSN-AS1	0.12
GSPT1	1.433
GSPT2	0.464
GSR	2.365
GSS	1.388
GSTA1	1.682
GSTA3	3.299
GSTA4	1.711
GSTA5	6.007
GSTA6P	1.657
GSTCD	3.322
GSTK1	0.65
GSTM1	1.103
GSTM2	1.84
GSTM2P1	1.441
GSTM3	2.439
GSTM3P1	1.673
GSTM3P2	-0.06
GSTM4	1.757
GSTM5	2.725
GSTM5P1	3.608
GSTO1	2.268
GSTO2	3.688
GSTO3P	1.118
GSTP1	3.373
GSTP1P1	1.198
GSTZ1	0.173
GSX1	2.129
GSX2	0.966
GTDC1	2.903
GTF2A1	1.845
GTF2A1L	3.108
GTF2A2	1.843
GTF2B	2.903
GTF2E1	1.709
GTF2E2	1.478
GTF2F1	1.768
GTF2F2	2.464
GTF2F2P1	1.723
GTF2F2P2	2.18
GTF2H1	1.648
GTF2H2	1.879
GTF2H2B	3.175
GTF2H2C	1.796
GTF2H3	2.037
GTF2H4	1.156
GTF2H5	2.386
GTF2I	3.441
GTF2IP1	-0.135
GTF2IRD1	4.574
GTF2IRD1P1	1.048
GTF2IRD2	3.017
GTF2IRD2B	3.002
GTF2IRD2P1	1.501
GTF3A	1.556
GTF3C1	5.168
GTF3C2	1.665
GTF3C3	1.582
GTF3C4	2.459
GTF3C5	2.462
GTF3C6	1.001
GTPBP1	1.823
GTPBP10	1.491
GTPBP2	0.492
GTPBP3	1.74
GTPBP4	2.35
GTPBP8	1.228
GTSCR1	3.846
GTSE1	2.738
GTSF1	1.911
GTSF1L	1.593
GUCA1A	1.808
GUCA1B	2.581
GUCA1C	3.376
GUCA2A	1.647
GUCA2B	1.519
GUCD1	1.351
GUCY1A2	5.783
GUCY1A3	3.296
GUCY1B2	2.484
GUCY1B3	2.726
GUCY2C	5.959
GUCY2D	2.199
GUCY2EP	1.516
GUCY2F	1.386
GUCY2GP	2.026
GUF1	1.105
GUK1	0.791
GULOP	4.231
GULP1	1.628
GUSB	0.861
GUSBP1	2.002
GUSBP11	1.148
GUSBP2	1.731
GUSBP3	2.573
GUSBP5	1.106
GUSBP6	1.789
GUSBP8	1.155
GUSBP9	1.319
GVINP1	2.923
GVINP2	1.538
GVQW1	1.418
GXYLT1	1.87
GXYLT1P2	
GXYLT2	2.705
GYG1	1.665
GYG1P1	2.86
GYG1P2	2.701
GYG1P3	2.519
GYG2	2.078
GYG2-AS1	0.855
GYLTL1B	1.603
GYPA	5.455
GYPB	3.207
GYPC	3.134
GYPE	3.667
GYS1	2.331
GYS2	2.938
GZF1	2.574
GZMA	2.191
GZMAP1	2.807
GZMB	1.372
GZMK	0.883
GZMM	2.679
H19	2.571
H1F0	1.041
H1FNT	1.927
H1FOO	1.984
H1FX	1.655
H1FX-AS1	1.654
H2AFJ	1.913
H2AFV	0.71
H2AFX	0.599
H2AFY	2.076
H2AFY2	3.84
H2AFZ	0.682
H2AFZP1	1.138
H2AFZP3	
H2AFZP4	
H2AFZP5	1.379
H2AFZP6	0.103
H3F3A	2.403
H3F3AP1	-0.989
H3F3AP3	1.22
H3F3AP5	1.819
H3F3B	5.63
H3F3BP1	
H3F3BP2	1.187
H3F3C	0.979
H6PD	3.733
HAAO	1.993
HABP2	2.005
HABP4	1.957
HACE1	1.446
HACL1	4.927
HADH	2.021
HADHA	1.746
HADHAP1	1.88
HADHB	3.359
HAGH	2.417
HAGHL	1.745
HAL	2.871
HAMP	1.691
HAND1	1.188
HAND2	1.564
HAND2-AS1	2.819
HAO1	3.858
HAO2	3.122
HAO2-IT1	0.635
HAP1	1.643
HAPLN1	3.161
HAPLN2	1.728
HAPLN3	0.87
HAPLN4	1.512
HAR1A	2.403
HAR1B	3.077
HARBI1	1.893
HARS	0.995
HAS2	4.714
HAS2-AS1	2.038
HAS3	1.598
HAT1	1.814
HAUS1	2.59
HAUS1P1	
HAUS1P2	1.159
HAUS1P3	0.082
HAUS2	1.497
HAUS3	1.628
HAUS4	1.742
HAUS4P1	1.833
HAUS5	2.372
HAUS6	2.527
HAUS6P1	2.014
HAUS6P2	
HAUS7	2.236
HAUS8	2.367
HAUS8P1	-0.599
HAVCR1	2.4
HAVCR1P1	0.739
HAVCR2	1.584
HAX1	1.511
HBA1	1.993
HBA2	2.173
HBB	2.171
HBBP1	1.895
HBCBP	0.383
HBD	1.882
HBE1	3.096
HBEGF	1.721
HBG1	1.839
HBG2	3.528
HBM	4.283
HBP1	1.274
HBQ1	2.874
HBS1L	1.762
HBZ	0.95
HBZP1	4.283
HCAR1	3.352
HCAR2	2.776
HCAR3	1.045
HCCAT3	1.353
HCCAT5	2.232
HCCS	-0.527
HCFC1	1.289
HCFC1-AS1	
HCFC1R1	0.307
HCFC2	1.279
HCFC2P1	3.05
HCG11	
HCG14	2.73
HCG15	2.436
HCG16	1.615
HCG17	1.428
HCG18	1.026
HCG19P	0.416
HCG20	1.669
HCG21	2.734
HCG22	2.315
HCG23	1.26
HCG24	1.342
HCG25	0.302
HCG27	2.714
HCK	4.873
HCLS1	2.557
HCN1	3.753
HCN3	1.709
HCN4	2.304
HCRT	2.23
HCRTR1	2.137
HCRTR2	2.124
HCST	0.391
HDAC1	1.266
HDAC10	1.007
HDAC11	1.952
HDAC11-AS1	1.837
HDAC1P1	0.868
HDAC1P2	-0.008
HDAC2	2.262
HDAC3	1.392
HDAC4	4.574
HDAC5	1.939
HDAC6	1.533
HDAC7	3.075
HDAC8	2.208
HDAC9	4.577
HDC	1.75
HDDC2	1.988
HDDC3	1.713
HDGF	3.715
HDGFL1	3.78
HDGFP1	3.323
HDGFRP2	1.504
HDGFRP3	1.73
HDHD1	1.967
HDHD1P2	0.845
HDHD1P3	1.314
HDHD2	2.709
HDHD3	1.644
HDLBP	2.176
HDX	3.207
HEATR1	2.862
HEATR2	1.882
HEATR3	4.144
HEATR4	2.336
HEATR5A	3.524
HEATR5B	2.344
HEATR6	2.295
HEBP1	2.286
HEBP2	3.19
HECA	3.166
HECTD1	1.861
HECTD2	2.358
HECTD3	1.14
HECTD4	4.294
HECW1	4.711
HECW1-IT1	2.08
HECW2	5.035
HEG1	2.19
HELB	1.46
HELLS	1.567
HELQ	1.17
HELT	4.693
HELZ	2.15
HELZ2	2.543
HEMGN	1.197
HEMK1	1.763
HENMT1	1.579
HEPACAM	2.493
HEPACAM2	2.91
HEPH	1.149
HEPHL1	1.446
HEPN1	-0.11
HERC1	2.623
HERC2	
HERC2P2	
HERC2P3	
HERC2P4	
HERC2P7	
HERC2P9	2.185
HERC3	2.813
HERC4	4.112
HERC5	0.901
HERC6	3.057
HERPUD1	1.161
HERPUD2	2.05
HES1	0.579
HES2	2.878
HES3	1.852
HES4	3.522
HES5	1.19
HES6	1.611
HES7	2.613
HESX1	1.448
HEXA	2.872
HEXA-AS1	1.862
HEXB	3.073
HEXDC	3.168
HEXIM1	1.107
HEXIM2	0.352
HEY1	2.086
HEY2	2.869
HEYL	1.642
HFE	1.605
HFE2	
HFM1	3.052
HGD	3.809
HGF	2.911
HGFAC	1.495
HGS	2.284
HGSNAT	2.665
HHAT	4.734
HHATL-AS1	0.879
HHEX	2.561
HHIP	3.807
HHIP-AS1	1.464
HHIPL1	1.598
HHIPL2	2.509
HHLA1	2.649
HHLA2	2.648
HHLA3	1.779
HIAT1	3.316
HIATL1	1.365
HIATL2	1.713
HIBADH	4.047
HIBCH	2.331
HIC1	0.843
HIC2	
HID1	1.58
HIF1A	2.916
HIF1A-AS1	1.985
HIF1A-AS2	2.916
HIF1AN	2.087
HIF1AP1	-0.954
HIF3A	2.995
HIGD1A	1.418
HIGD1AP1	6.747
HIGD1AP10	0.022
HIGD1AP11	
HIGD1AP12	1.053
HIGD1AP13	0.596
HIGD1AP14	
HIGD1AP15	
HIGD1AP16	
HIGD1AP18	2.723
HIGD1AP2	0.998
HIGD1AP3	2.986
HIGD1AP4	3.223
HIGD1AP5	0.585
HIGD1AP6	
HIGD1AP8	0.554
HIGD1AP9	
HIGD1B	2.088
HIGD1C	1.114
HIGD2A	1.725
HIGD2B	2.029
HILPDA	
HILS1	1.795
HIN1L	1.152
HINFP	1.327
HINT1	2.961
HINT1P1	0.466
HINT2	0.93
HINT3	1.529
HIP1	3.11
HIP1R	2.512
HIPK1	1.775
HIPK2	2.422
HIPK3	6.057
HIPK4	1.881
HIRA	3.836
HIRAP1	2.389
HIRIP3	0.314
HIST1H1B	1.82
HIST1H1C	1.547
HIST1H2AA	1.292
HIST1H2AG	
HIST1H2AH	0.193
HIST1H2AL	-1.594
HIST1H2AM	0.558
HIST1H2APS1	1.831
HIST1H2APS2	2.099
HIST1H2APS6	2.167
HIST1H2BA	0.947
HIST1H2BB	
HIST1H2BJ	1.951
HIST1H2BK	
HIST1H2BO	0.973
HIST1H2BPS1	-0.544
HIST1H2BPS3	1.021
HIST1H3C	1.617
HIST1H3I	2.126
HIST1H3J	2.364
HIST1H4L	2.246
HIST2H2AC	
HIST2H2BB	
HIST2H2BC	
HIST2H2BE	
HIST2H2BF	
HIST2H3D	
HIST3H2A	1.021
HIST3H2BA	1.843
HIST3H3	0.568
HIST4H4	0.687
HIVEP1	2.815
HIVEP2	2.737
HIVEP3	4.444
HJURP	1.525
HK1	4.498
HK2	2.896
HK2P1	1.974
HK3	3.331
HKDC1	2.1
HKR1	1.405
HLA-AS1	4.121
HLA-DMA	1.269
HLA-DMB	2.152
HLA-DOA	3.68
HLA-DOB	2.481
HLA-DPA1	7.518
HLA-DPA2	3.047
HLA-DPA3	2.08
HLA-DPB1	4.071
HLA-DPB2	3.195
HLA-DQB2	2.53
HLA-DRA	1.778
HLA-L	1.428
HLA-N	1.228
HLA-Z	2.55
HLCS	5.183
HLCS-IT1	0.581
HLF	1.984
HLFP1	1.962
HLTF	1.496
HLTF-AS1	0.614
HLX	4.404
HM13	4.212
HM13-AS1	1.669
HM13-IT1	1.063
HMBOX1	2.732
HMBOX1-IT1	2.303
HMBS	
HMCES	1.676
HMCN1	4.916
HMCN2	2.019
HMG20A	1.39
HMG20B	1.676
HMGA1	1.263
HMGA1P1	2.66
HMGA1P2	
HMGA1P3	
HMGA1P4	2.801
HMGA1P5	
HMGA1P6	4.972
HMGA1P7	2.902
HMGA1P8	
HMGA2	3.006
HMGB1	1.685
HMGB1P1	2.529
HMGB1P10	1.124
HMGB1P11	
HMGB1P12	1.838
HMGB1P13	4.752
HMGB1P14	-0.295
HMGB1P16	1.504
HMGB1P18	3.584
HMGB1P19	0.562
HMGB1P20	1.32
HMGB1P21	1.007
HMGB1P22	2.554
HMGB1P23	0.38
HMGB1P24	
HMGB1P25	2.649
HMGB1P26	2.009
HMGB1P27	3.367
HMGB1P28	2.535
HMGB1P29	3.802
HMGB1P3	
HMGB1P30	0.568
HMGB1P31	1.018
HMGB1P32	2.425
HMGB1P35	-0.293
HMGB1P36	1.353
HMGB1P37	1.276
HMGB1P38	5.216
HMGB1P39	-0.598
HMGB1P4	0.509
HMGB1P42	
HMGB1P44	1.319
HMGB1P45	1.646
HMGB1P46	4.284
HMGB1P47	1.557
HMGB1P48	1.628
HMGB1P5	6.531
HMGB1P7	
HMGB1P8	0.22
HMGB1P9	1.831
HMGB2	2.014
HMGB2P1	-1.023
HMGB3	1.9
HMGB3P1	0.23
HMGB3P10	2.253
HMGB3P11	4.472
HMGB3P12	2.771
HMGB3P13	1.429
HMGB3P14	
HMGB3P15	
HMGB3P16	3.285
HMGB3P17	1.736
HMGB3P18	3.178
HMGB3P19	2.708
HMGB3P2	0.207
HMGB3P20	0.06
HMGB3P21	0.475
HMGB3P22	2.235
HMGB3P23	3.311
HMGB3P24	1.188
HMGB3P27	1.333
HMGB3P3	3.96
HMGB3P30	1.939
HMGB3P31	0.614
HMGB3P32	0.887
HMGB3P4	-0.537
HMGB3P5	0.504
HMGB3P6	2.523
HMGB3P7	0.553
HMGB3P8	
HMGB3P9	-0.95
HMGB4	2.768
HMGCL	1.971
HMGCLL1	3.657
HMGCR	2.143
HMGCS1	4.733
HMGCS2	1.421
HMGN1	1.291
HMGN1P10	0.089
HMGN1P11	2.371
HMGN1P12	-0.785
HMGN1P14	0.64
HMGN1P16	0.618
HMGN1P17	3.83
HMGN1P18	1.424
HMGN1P19	1.788
HMGN1P2	0.619
HMGN1P20	0.982
HMGN1P24	
HMGN1P26	4.769
HMGN1P28	2.866
HMGN1P3	0.631
HMGN1P30	1.751
HMGN1P32	2.036
HMGN1P33	
HMGN1P34	1.704
HMGN1P35	0.637
HMGN1P36	
HMGN1P38	1.219
HMGN1P4	
HMGN1P6	1.497
HMGN1P7	
HMGN1P8	
HMGN1P9	1.201
HMGN2	1.858
HMGN2P10	
HMGN2P11	1.69
HMGN2P13	2.293
HMGN2P15	0.948
HMGN2P16	
HMGN2P17	0.985
HMGN2P18	1.402
HMGN2P19	0.948
HMGN2P20	
HMGN2P21	1.965
HMGN2P23	
HMGN2P24	2.007
HMGN2P25	2.223
HMGN2P26	1.525
HMGN2P27	
HMGN2P28	
HMGN2P31	1.32
HMGN2P32	2.322
HMGN2P34	
HMGN2P35	
HMGN2P36	1.854
HMGN2P39	2.386
HMGN2P40	
HMGN2P46	1.428
HMGN2P47	-0.296
HMGN2P5	
HMGN2P6	2.065
HMGN2P7	1.973
HMGN2P8	5.187
HMGN2P9	
HMGN3	2.106
HMGN3-AS1	1.7
HMGN4	-0.352
HMGN5	1.478
HMGXB3	3.439
HMGXB4	2.964
HMHA1	2.39
HMHB1	0.787
HMMR	1.512
HMOX1	1.183
HMOX2	1.551
HMSD	1.83
HMX1	
HMX2	1.265
HMX3	2.091
HN1	0.665
HN1L	2.411
HNF1A	3.707
HNF1A-AS1	3.707
HNF1B	2.502
HNF4A	2.183
HNF4G	2.465
HNF4GP1	2.231
HNMT	1.941
HNRNPA0	3.323
HNRNPA1	0.515
HNRNPA1L2	1.827
HNRNPA1P1	1.954
HNRNPA1P11	1.311
HNRNPA1P12	2.089
HNRNPA1P13	1.098
HNRNPA1P14	0.776
HNRNPA1P15	
HNRNPA1P16	0.291
HNRNPA1P17	1.536
HNRNPA1P18	1.105
HNRNPA1P19	2.683
HNRNPA1P2	-1.3
HNRNPA1P20	2.099
HNRNPA1P21	0.37
HNRNPA1P22	
HNRNPA1P23	0.912
HNRNPA1P25	
HNRNPA1P26	0.955
HNRNPA1P27	0.883
HNRNPA1P28	1.191
HNRNPA1P29	-0.342
HNRNPA1P3	1.918
HNRNPA1P30	2.101
HNRNPA1P31	1.59
HNRNPA1P32	2.651
HNRNPA1P33	
HNRNPA1P34	1.386
HNRNPA1P35	0.299
HNRNPA1P36	0.432
HNRNPA1P37	0.189
HNRNPA1P38	-0.116
HNRNPA1P39	1.608
HNRNPA1P4	3.014
HNRNPA1P40	0.672
HNRNPA1P41	1.763
HNRNPA1P42	-0.03
HNRNPA1P43	2.059
HNRNPA1P44	1.07
HNRNPA1P45	0.13
HNRNPA1P46	1.378
HNRNPA1P47	2.657
HNRNPA1P48	3.884
HNRNPA1P49	0.151
HNRNPA1P5	1.262
HNRNPA1P50	1.984
HNRNPA1P51	1.294
HNRNPA1P52	1.317
HNRNPA1P53	0.73
HNRNPA1P54	1.332
HNRNPA1P55	2.659
HNRNPA1P56	1.44
HNRNPA1P57	5.162
HNRNPA1P58	4.145
HNRNPA1P59	0.659
HNRNPA1P6	0.415
HNRNPA1P60	2.396
HNRNPA1P61	1.93
HNRNPA1P62	0.294
HNRNPA1P63	5.148
HNRNPA1P64	2.411
HNRNPA1P65	2.017
HNRNPA1P66	0.973
HNRNPA1P67	5.983
HNRNPA1P68	1.07
HNRNPA1P69	4.227
HNRNPA1P7	0.931
HNRNPA1P70	1.5
HNRNPA1P71	0.591
HNRNPA1P72	-0.584
HNRNPA1P73	1.753
HNRNPA1P74	1.165
HNRNPA1P8	1.336
HNRNPA1P9	0.507
HNRNPA2B1	2.282
HNRNPA3	0.347
HNRNPA3P1	2.397
HNRNPA3P10	-0.056
HNRNPA3P11	0.32
HNRNPA3P12	1.645
HNRNPA3P13	2.232
HNRNPA3P14	1.352
HNRNPA3P15	1.578
HNRNPA3P16	1.476
HNRNPA3P3	2.557
HNRNPA3P4	1.691
HNRNPA3P5	3.039
HNRNPA3P6	2.326
HNRNPA3P7	2.077
HNRNPA3P8	3.756
HNRNPA3P9	
HNRNPAB	1.929
HNRNPABP1	1.569
HNRNPC	3.16
HNRNPCL1	0.75
HNRNPCP1	-0.472
HNRNPCP10	3.706
HNRNPCP3	-1.226
HNRNPCP4	1.546
HNRNPCP5	
HNRNPCP6	-1.078
HNRNPCP8	2.395
HNRNPCP9	2.302
HNRNPD	1.657
HNRNPDLP1	0.86
HNRNPDLP2	1.067
HNRNPDLP3	0.958
HNRNPDLP4	
HNRNPDP1	1.488
HNRNPDP2	0.463
HNRNPF	3.129
HNRNPFP1	1.446
HNRNPH1	1.113
HNRNPH1P1	0.659
HNRNPH1P2	1.064
HNRNPH2	1.476
HNRNPH3	1.972
HNRNPH3P1	1.88
HNRNPK	1.303
HNRNPKP1	0.347
HNRNPKP2	4.54
HNRNPKP3	2.72
HNRNPKP4	3.484
HNRNPKP5	1.386
HNRNPL	2.717
HNRNPLL	
HNRNPLP1	2.046
HNRNPM	5.268
HNRNPMP1	
HNRNPMP2	1.446
HNRNPR	1.409
HNRNPRP2	1.084
HNRNPU	1.804
HNRNPU-AS1	2.371
HNRNPUL1	1.442
HNRNPUL2	1.256
HNRNPUL2-BSCL2	2.243
HNRNPUP1	2.905
HOGA1	1.443
HOMER1	3.365
HOMER2	3.171
HOMER2P2	
HOMER3	1.777
HOMEZ	1.651
HOOK1	2.434
HOOK2	2.132
HOOK3	3.484
HOPX	2.839
HORMAD1	1.609
HORMAD2	2.212
HOTAIR	2.527
HOTAIRM1	1.438
HOTTIP	2.868
HOXA-AS2	1.414
HOXA-AS3	1.644
HOXA-AS4	0.309
HOXA1	1.573
HOXA10	0.986
HOXA11	1.393
HOXA11-AS	0.303
HOXA13	1.84
HOXA2	1.438
HOXA3	1.644
HOXA4	0.603
HOXA5	1.475
HOXA6	0.779
HOXA7	0.738
HOXA9	1.715
HOXB-AS1	1.234
HOXB-AS2	2.112
HOXB-AS3	2.158
HOXB-AS4	1.569
HOXB1	2.071
HOXB13	0.669
HOXB2	1.308
HOXB3	2.158
HOXB4	1.983
HOXB5	1.228
HOXB6	2.158
HOXB7	1.931
HOXB8	1.896
HOXB9	1.49
HOXC-AS1	-0.09
HOXC-AS2	1.138
HOXC-AS3	1.431
HOXC-AS5	3.433
HOXC10	1.241
HOXC11	1.886
HOXC12	1.655
HOXC13	2.75
HOXC4	1.945
HOXC5	0.907
HOXC6	1.591
HOXC8	0.596
HOXC9	1.138
HOXD-AS1	1.403
HOXD-AS2	1.727
HOXD1	0.65
HOXD10	1.947
HOXD11	1.302
HOXD12	2.215
HOXD13	1.155
HOXD3	1.885
HOXD4	0.806
HOXD8	1.492
HOXD9	1.727
HP	0.503
HP1BP3	1.536
HPCA	3.209
HPCAL1	2.208
HPCAL4	2.29
HPD	1.612
HPDL	1.601
HPGD	3.827
HPGDS	4.998
HPN	1.033
HPN-AS1	1.423
HPR	0.997
HPRT1	3.616
HPRTP3	1.885
HPRTP4	2.031
HPS1	3.13
HPS3	2.048
HPS4	1.317
HPS5	2.076
HPS6	1.58
HPSE	1.825
HPSE2	3.182
HPX	
HPYR1	2.896
HR	1.355
HRAS	1.305
HRASLS	1.579
HRASLS2	1.184
HRASLS5	1.451
HRC	1.162
HRCT1	1.638
HRG	1.561
HRH1	2.45
HRH2	2.396
HRH3	1.743
HRH4	2.167
HRK	1.864
HRNR	3.783
HRSP12	1.292
HS1BP3	4.009
HS1BP3-IT1	2.216
HS2ST1	3.849
HS3ST1	2.27
HS3ST2	2.841
HS3ST3A1	2.883
HS3ST3B1	3.346
HS3ST4	3.598
HS3ST5	2.468
HS3ST6	3.665
HS6ST1	3.459
HS6ST2	2.942
HS6ST2-AS1	0.686
HS6ST3	4.17
HSBP1	2.038
HSBP1L1	1.108
HSBP1P1	
HSBP1P2	2.472
HSCB	2.631
HSD11B1	2.592
HSD11B1L	1.291
HSD11B2	1.389
HSD17B1	1.703
HSD17B10	0.996
HSD17B11	1.389
HSD17B12	3.603
HSD17B13	1.593
HSD17B14	1.346
HSD17B1P1	1.18
HSD17B2	3.412
HSD17B3	2.84
HSD17B4	2.564
HSD17B6	2.478
HSD17B7	4.968
HSD17B7P1	3.678
HSD17B7P2	
HSD17B8	0.932
HSD3B1	1.367
HSD3B2	
HSD3B7	0.798
HSD3BP1	
HSD3BP2	2.64
HSD3BP3	2.006
HSD3BP4	1.653
HSD3BP5	2.237
HSDL1	4.802
HSDL2	1.515
HSF1	
HSF2	2.944
HSF2BP	3.339
HSF4	0.823
HSF5	1.943
HSH2D	2.437
HSP90AA1	2.247
HSP90AA4P	2.889
HSP90AA6P	2.047
HSP90AB1	2.127
HSP90AB2P	2.651
HSP90AB3P	5.162
HSP90AB6P	1.602
HSP90AB7P	2.919
HSP90B1	5.174
HSP90B2P	0.602
HSP90B3P	1.676
HSPA12A	1.665
HSPA12B	1.889
HSPA13	1.785
HSPA14	2.039
HSPA1A	1.738
HSPA1B	1.186
HSPA1L	0.312
HSPA2	5.252
HSPA4	1.631
HSPA4L	2.261
HSPA5	1.162
HSPA8	1.196
HSPA8P1	4.084
HSPA8P11	3.756
HSPA8P13	
HSPA8P14	
HSPA8P15	1.104
HSPA8P16	0.741
HSPA8P17	3.034
HSPA8P18	1.053
HSPA8P19	0.418
HSPA8P20	0.849
HSPA8P3	
HSPA8P4	0.228
HSPA8P5	1.198
HSPA8P6	5.654
HSPA8P7	0.169
HSPA8P8	5.141
HSPA8P9	1.594
HSPA9	1.65
HSPA9P1	1.391
HSPB1	1.21
HSPB11	0.902
HSPB1P1	2.476
HSPB1P2	
HSPB2	
HSPB2-C11orf52	
HSPB3	3.081
HSPB6	0.363
HSPB7	1.199
HSPB8	2.264
HSPB9	2.222
HSPBAP1	1.708
HSPBP1	1.252
HSPD1	2.22
HSPD1P1	
HSPD1P10	1.719
HSPD1P11	-0.226
HSPD1P14	1.125
HSPD1P15	3.018
HSPD1P16	
HSPD1P18	0.598
HSPD1P2	
HSPD1P21	
HSPD1P3	
HSPD1P5	1.418
HSPD1P6	1.716
HSPD1P7	1.532
HSPD1P8	2.666
HSPD1P9	1.954
HSPE1	1.974
HSPE1-MOB4	2.22
HSPEP1	3.568
HSPG2	3.963
HSPH1	6.04
HTATIP2	2.743
HTATSF1	1.876
HTATSF1P	1.449
HTATSF1P2	0.503
HTN1	1.108
HTN3	1.133
HTR1A	-0.836
HTR1B	4.182
HTR1D	2.733
HTR1E	2.026
HTR1F	1.947
HTR2A	3.668
HTR2A-AS1	1.595
HTR2B	1.956
HTR2C	2.432
HTR3A	4.408
HTR3B	3.121
HTR3C	1.172
HTR3D	1.159
HTR4	5.245
HTR4-IT1	1.904
HTR5A	2.854
HTR5A-AS1	2.193
HTR5BP	2.505
HTR6	1.177
HTR7	2.607
HTR7P1	2.117
HTRA1	2.158
HTRA2	0.878
HTRA3	2.897
HTRA4	1.133
HTT	3.265
HTT-AS	2.392
HUG1	-1.452
HULC	2.376
HUNK	4.052
HUNK-AS1	-0.257
HUS1	2.782
HUS1B	1.532
HUWE1	1.214
HVCN1	1.419
HYAL1	0.666
HYAL2	0.933
HYAL3	0.981
HYAL4	1.284
HYALP1	1.492
HYDIN	3.459
HYDIN2	
HYI	0.698
HYI-AS1	2.016
HYKK	1.414
HYLS1	1.102
HYOU1	
HYPK	0.746
IAH1	2.776
IAPP	3.211
IARS	3.279
IARS2	2.009
IBA57	0.611
IBA57-AS1	0.504
IBSP	0.872
IBTK	2.308
ICA1	4.271
ICA1L	1.293
ICAM1	1.438
ICAM2	1.227
ICAM3	1.353
ICAM4	
ICAM5	1.41
ICK	1.188
ICMT	3.221
ICOS	1.991
ICOSLG	2.579
ICT1	2.446
ID1	1.952
ID2	5.479
ID3	1.579
ID4	2.356
IDE	2.663
IDH1	1.759
IDH1-AS1	0.477
IDH2	2.329
IDH3A	1.871
IDH3B	2.483
IDH3G	
IDI1	1.031
IDI2	1.17
IDI2-AS1	1.304
IDNK	2.428
IDO1	1.471
IDO2	2.972
IDS	1.961
IDSP1	0.361
IDUA	1.619
IER2	1.194
IER3	1.448
IER3IP1	2.709
IER5	1.541
IER5L	1.215
IFFO1	1.612
IFFO2	5.279
IFI16	2.121
IFI27	2.881
IFI27L1	3.151
IFI27L2	2.678
IFI30	1.297
IFI35	1.476
IFI44	0.99
IFI44L	2.517
IFI6	1.927
IFIH1	2.923
IFIT1	2.414
IFIT1B	1.147
IFIT1P1	0.495
IFIT2	1.228
IFIT3	0.659
IFIT5	1.526
IFIT6P	-0.11
IFITM1	1.923
IFITM10	3.481
IFITM2	4.071
IFITM3	4.496
IFITM5	1.468
IFITM8P	-0.477
IFITM9P	1.706
IFLTD1	4.783
IFNA1	2.962
IFNA11P	1.989
IFNA12P	2.03
IFNA13	1.574
IFNA17	-0.147
IFNA2	1.19
IFNA20P	1.017
IFNA22P	0.419
IFNA5	3.273
IFNA6	2.903
IFNA7	2.582
IFNA8	1.25
IFNAR1	2.248
IFNAR2	1.558
IFNB1	1.771
IFNE	0.455
IFNG	1.488
IFNG-AS1	3.99
IFNGR1	2.125
IFNGR2	2.942
IFNK	1.888
IFNL1	3.155
IFNL2	2.51
IFNL3	2.593
IFNL3P1	1.702
IFNL4	2.614
IFNLR1	1.854
IFNNP1	1.997
IFNW1	2.694
IFNWP19	0.832
IFNWP2	3.436
IFNWP4	2.702
IFNWP9	1.933
IFRD1	5.598
IFRD2	0.958
IFRG15	
IFT122	1.869
IFT140	3.072
IFT172	0.979
IFT20	0.553
IFT27	2.816
IFT43	3.781
IFT46	1.927
IFT52	3.57
IFT57	2.125
IFT74	4.001
IFT80	4.994
IFT81	1.41
IFT88	5.001
IGBP1	1.905
IGBP1P1	0.687
IGBP1P3	2.125
IGBP1P4	1.737
IGBP1P5	3.543
IGDCC3	2.519
IGDCC4	3.709
IGF1	1.988
IGF1R	2.832
IGF2	1.71
IGF2-AS	1.168
IGF2BP1	1.813
IGF2BP2	2.606
IGF2BP3	3.862
IGF2R	2.388
IGFALS	2.057
IGFBP1	1.649
IGFBP2	2.251
IGFBP3	1.623
IGFBP4	1.501
IGFBP5	2.516
IGFBP6	3.111
IGFBP7	3.676
IGFBP7-AS1	2.997
IGFBPL1	3.166
IGFL1	1.725
IGFL1P1	2.073
IGFL1P2	2.702
IGFL2	1.837
IGFL3	1.265
IGFL4	2.09
IGFLR1	2.305
IGFN1	2.238
IGHD	
IGHEP2	1.051
IGHM	
IGHMBP2	1.912
IGHV1OR16-4	
IGHV2-26	
IGHV3-25	
IGHV3OR16-10	
IGHV3OR16-8	
IGHV3OR16-9	
IGHV4-28	
IGHV7-27	
IGHVII-26-2	
IGHVIII-25-1	
IGHVIII-26-1	
IGIP	1.375
IGJ	1.576
IGJCOR18	1.793
IGJP1	2.08
IGKC	
IGKJ5	
IGKV1OR2-108	1.88
IGKV1OR2-118	
IGKV1OR22-1	
IGKV1OR22-5	
IGKV2OR22-4	
IGKV3OR2-268	
IGKV3OR22-2	
IGLC1	
IGLC2	
IGLC3	
IGLC4	
IGLC5	
IGLC6	
IGLC7	3.516
IGLCOR22-2	0.298
IGLJ1	
IGLJ2	
IGLJ3	
IGLJ4	
IGLJ5	
IGLJ6	
IGLJ7	
IGLL5	
IGLON5	2.118
IGLV10-67	0.791
IGLV11-55	1.443
IGLV2-11	
IGLV2-18	
IGLV2-5	
IGLV3-1	
IGLV3-10	
IGLV3-2	
IGLV3-4	
IGLV3-6	
IGLV4-3	
IGLV4-60	1.597
IGLV6-57	1.841
IGLV8OR8-1	1.713
IGLVI-56	2.132
IGLVIV-59	2.593
IGLVIV-65	1.273
IGLVIV-66-1	1.921
IGLVIVOR22-2	-0.607
IGLVV-58	1.505
IGLVV-66	1.873
IGSF1	2.815
IGSF10	2.648
IGSF11	4.313
IGSF11-AS1	1.293
IGSF21	3.904
IGSF22	1.212
IGSF23	1.668
IGSF3	2.368
IGSF5	3.002
IGSF6	
IGSF8	1.119
IGSF9	2.081
IGSF9B	2.157
IHH	1.868
IK	1.24
IKBIP	2.652
IKBKAP	2.563
IKBKB	1.569
IKBKE	1.307
IKBKG	2.633
IKBKGP1	1.957
IKZF1	3.194
IKZF2	3.888
IKZF3	1.561
IKZF4	1.563
IKZF5	0.884
IL10	2.259
IL10RA	1.666
IL10RB	2.727
IL10RB-AS1	0.744
IL11RA	0.892
IL12A	1.864
IL12A-AS1	2.651
IL12B	1.751
IL12RB1	2.134
IL12RB2	3.0
IL13	3.1
IL13RA1	1.359
IL13RA2	1.636
IL15	3.854
IL15RA	2.33
IL16	3.064
IL17A	1.73
IL17B	1.666
IL17C	2.147
IL17D	2.689
IL17F	1.671
IL17RA	2.091
IL17RB	1.713
IL17RC	1.336
IL17RD	3.775
IL17RE	1.138
IL17REL	4.284
IL18	
IL18BP	2.549
IL18R1	2.179
IL18RAP	3.8
IL19	2.59
IL1A	1.656
IL1B	1.356
IL1F10	2.958
IL1R1	3.788
IL1R2	1.915
IL1RAP	3.013
IL1RAPL1	4.632
IL1RAPL2	4.428
IL1RL1	2.12
IL1RL2	4.542
IL1RN	2.621
IL2	2.537
IL20	2.163
IL20RA	3.247
IL20RB	3.198
IL20RB-AS1	0.83
IL21	4.938
IL21-AS1	2.426
IL21R	2.355
IL21R-AS1	1.658
IL22	1.346
IL22RA1	2.592
IL22RA2	6.197
IL23A	1.08
IL23R	1.632
IL24	1.487
IL25	1.849
IL26	1.054
IL27	1.851
IL27RA	1.659
IL2RA	2.398
IL2RB	1.984
IL2RG	1.405
IL3	1.911
IL31	0.827
IL31RA	1.011
IL32	1.509
IL33	3.467
IL34	3.336
IL36A	1.108
IL36B	2.687
IL36G	1.188
IL36RN	0.548
IL37	1.307
IL4	3.175
IL4I1	2.272
IL4R	2.456
IL5	2.194
IL5RA	3.597
IL6	2.947
IL6R	2.641
IL6RP1	3.385
IL6ST	1.178
IL7	2.144
IL7R	1.641
IL8	1.87
IL9	1.185
IL9RP2	2.426
ILDR1	1.47
ILDR2	3.519
ILF2	1.098
ILF2P1	
ILF2P2	1.23
ILF3	1.66
ILF3-AS1	0.826
ILK	0.718
ILKAP	4.572
ILVBL	1.307
IMMP1L	1.142
IMMP2L	5.827
IMMP2L-IT1	1.701
IMMT	2.351
IMP3	2.641
IMP4	
IMPA1	1.348
IMPA1P	1.9
IMPA2	2.608
IMPACT	2.796
IMPAD1	4.859
IMPDH1	1.837
IMPDH1P10	1.497
IMPDH1P11	1.719
IMPDH1P4	1.571
IMPDH1P6	
IMPDH2	
IMPG1	3.879
IMPG2	1.745
INA	1.977
INADL	3.708
INCA1	0.831
INCENP	4.297
INE1	0.597
INF2	2.109
ING1	1.542
ING2	2.021
ING3	2.636
ING4	1.057
ING5	2.021
INGX	
INHA	0.931
INHBA	1.014
INHBA-AS1	2.624
INHBB	2.523
INHBC	2.091
INHBE	2.431
INIP	1.933
INMT	4.659
INMT-FAM188B	3.829
INO80	1.74
INO80B	1.637
INO80C	1.688
INO80D	1.328
INO80E	0.87
INPP1	2.253
INPP4A	2.286
INPP4B	3.575
INPP5A	2.294
INPP5B	2.713
INPP5D	4.046
INPP5E	1.041
INPP5F	2.467
INPP5J	0.793
INPP5K	2.389
INS	2.3
INS-IGF2	1.815
INSC	3.058
INSIG1	1.547
INSIG2	2.335
INSL3	1.947
INSL4	1.565
INSL5	1.825
INSL6	1.205
INSM1	1.376
INSM2	1.44
INSR	2.976
INSRR	2.259
INTS1	1.193
INTS10	3.199
INTS12	3.322
INTS2	1.944
INTS3	2.008
INTS4	2.044
INTS4L1	2.427
INTS4L2	2.258
INTS5	1.016
INTS6	1.457
INTS6-AS1	3.427
INTS6P1	2.358
INTS7	3.78
INTS8	2.339
INTS9	2.113
INTU	3.312
INVS	2.002
IP6K1	1.668
IP6K2	1.608
IP6K3	3.484
IPCEF1	3.005
IPMK	3.832
IPMKP1	1.81
IPO11	1.753
IPO13	2.438
IPO4	0.55
IPO5	2.646
IPO7	2.344
IPO7P2	1.736
IPO8	2.611
IPO8P1	-0.393
IPO9	1.848
IPO9-AS1	2.81
IPP	4.168
IPPK	0.929
IPPKP1	2.806
IQCA1	3.772
IQCA1P1	2.19
IQCB1	1.814
IQCB2P	1.91
IQCC	1.283
IQCD	3.251
IQCE	3.032
IQCF1	3.282
IQCF2	1.939
IQCF3	1.439
IQCF5	
IQCF5-AS1	2.671
IQCF6	1.04
IQCG	3.392
IQCH	1.506
IQCH-AS1	1.791
IQCJ	1.892
IQCJ-SCHIP1	3.389
IQCJ-SCHIP1-AS1	3.389
IQCK	1.417
IQGAP1	1.746
IQGAP2	6.832
IQGAP3	2.111
IQSEC1	2.484
IQSEC2	2.337
IQSEC3	2.335
IQUB	1.459
IRAK1	0.923
IRAK1BP1	1.49
IRAK2	4.049
IRAK3	2.314
IRAK4	7.085
IREB2	2.152
IRF1	1.559
IRF2	3.345
IRF2BP1	1.471
IRF2BP2	1.213
IRF2BPL	2.535
IRF3	1.683
IRF4	2.959
IRF5	2.322
IRF5P1	2.509
IRF6	1.63
IRF7	1.185
IRF8	1.848
IRF9	0.844
IRG1	3.091
IRGC	2.014
IRGM	2.725
IRGQ	1.643
IRS1	6.049
IRS2	2.718
IRS4	0.574
IRX1	2.118
IRX1P1	1.073
IRX2	1.932
IRX3	2.65
IRX4	2.296
IRX5	2.022
IRX6	2.336
ISCA1	0.879
ISCA1P1	4.824
ISCA1P2	5.49
ISCA1P3	3.187
ISCA1P4	1.209
ISCA1P6	4.637
ISCA2	1.034
ISCA2P1	1.097
ISCU	3.22
ISCUP1	0.871
ISG15	1.907
ISG20	4.972
ISG20L2	1.153
ISL1	1.625
ISL2	1.345
ISLR	2.884
ISLR2	2.586
ISM1	2.416
ISM1-AS1	0.586
ISM2	2.34
ISOC1	3.672
ISOC2	2.125
ISPD	2.029
ISPD-AS1	1.821
IST1	1.056
ISX	1.867
ISY1	2.617
ISY1-RAB43	2.617
ISYNA1	1.863
ITCH	1.987
ITCH-AS1	
ITCH-IT1	
ITFG1	
ITFG2	4.562
ITFG3	3.351
ITGA1	3.0
ITGA10	0.143
ITGA11	2.949
ITGA2	1.84
ITGA2B	2.562
ITGA3	3.078
ITGA4	1.906
ITGA5	1.617
ITGA6	2.584
ITGA7	1.323
ITGA8	2.901
ITGA9	2.9
ITGAD	2.083
ITGAE	2.788
ITGAL	1.461
ITGAM	2.64
ITGAV	2.075
ITGAX	1.707
ITGB1	2.35
ITGB1BP1	1.587
ITGB1BP2	1.909
ITGB2	3.201
ITGB2-AS1	1.918
ITGB3	2.469
ITGB3BP	4.282
ITGB4	2.721
ITGB5	3.902
ITGB5-AS1	3.902
ITGB6	2.474
ITGB7	2.533
ITGB8	5.216
ITGBL1	2.912
ITIH1	1.268
ITIH2	2.47
ITIH3	3.242
ITIH4	4.449
ITIH4-AS1	1.25
ITIH5	2.622
ITIH6	1.588
ITK	1.976
ITLN1	1.857
ITLN2	1.947
ITM2A	3.247
ITM2B	3.621
ITM2BP1	
ITM2C	2.716
ITPA	1.248
ITPK1	4.158
ITPK1-AS1	0.338
ITPKA	1.46
ITPKB	1.902
ITPKB-AS1	0.327
ITPKB-IT1	0.944
ITPKC	0.739
ITPR1	3.968
ITPR1-AS1	1.397
ITPR2	4.411
ITPR3	2.674
ITPRIP	2.006
ITPRIPL1	0.602
ITPRIPL2	2.083
ITSN1	3.272
ITSN2	1.893
IVD	1.422
IVL	1.632
IVNS1ABP	2.891
IWS1	1.78
IYD	3.877
IZUMO1	2.077
IZUMO2	2.318
IZUMO3	3.378
IZUMO4	2.004
JAG1	1.605
JAG2	2.303
JAGN1	1.332
JAK1	4.592
JAK2	1.877
JAK3	1.421
JAKMIP1	5.589
JAKMIP2	6.02
JAKMIP3	2.934
JAM2	2.552
JAM3	2.646
JARID2	4.067
JARID2-AS1	2.333
JAZF1	3.805
JAZF1-AS1	6.292
JDP2	2.728
JHDM1D	3.016
JHDM1D-AS1	1.408
JKAMP	0.986
JMJD1C	3.284
JMJD1C-AS1	0.398
JMJD4	0.07
JMJD6	1.833
JMJD8	2.628
JMY	2.034
JOSD1	1.175
JOSD2	1.209
JPH1	2.776
JPH2	3.084
JPH3	5.445
JPH4	
JPX	2.93
JRK	4.747
JRKL	0.959
JRKL-AS1	0.849
JSRP1	1.96
JTB	0.734
JTBP1	
JUN	1.407
JUNB	0.939
JUND	1.347
JUP	2.848
KAAG1	2.068
KAL1	4.147
KALRN	3.566
KANK1	4.176
KANK2	2.232
KANK3	1.699
KANK4	4.388
KANSL1	1.249
KANSL1-AS1	
KANSL1L	3.813
KANSL2	1.075
KANSL3	1.63
KARS	2.281
KARSP1	0.417
KARSP2	-0.364
KARSP3	1.704
KAT2A	2.133
KAT2B	2.541
KAT5	1.183
KAT6A	2.504
KAT6B	2.197
KAT7	1.634
KAT8	1.003
KATNA1	2.634
KATNAL1	3.048
KATNAL2	2.093
KATNB1	1.89
KATNBL1	2.81
KATNBL1P1	0.855
KATNBL1P2	0.534
KATNBL1P3	0.431
KATNBL1P4	2.266
KATNBL1P5	0.152
KATNBL1P6	-0.314
KAZALD1	2.771
KAZN	6.794
KB-1000E4.2	1.314
KB-1027C11.4	3.231
KB-1042C11.1	7.963
KB-1043D8.6	1.252
KB-1043D8.8	2.919
KB-1047C11.1	0.653
KB-1047C11.2	3.836
KB-1073A2.1	2.325
KB-1083B1.1	0.624
KB-1090H4.2	1.373
KB-1107E3.1	1.019
KB-1125A3.11	1.271
KB-1183D5.13	
KB-1183D5.14	
KB-1184D12.1	2.975
KB-1205A7.2	0.51
KB-1208A12.3	1.7
KB-1247B1.1	0.814
KB-1254G8.1	1.381
KB-1269D1.8	0.854
KB-1299A7.1	2.212
KB-1299A7.2	1.946
KB-1410C5.1	2.614
KB-1410C5.2	1.096
KB-1410C5.3	2.775
KB-1410C5.4	0.951
KB-1410C5.5	0.394
KB-1440D3.13	0.593
KB-1440D3.14	-0.366
KB-1448A5.1	2.725
KB-1458E12.1	1.846
KB-1460A1.1	1.13
KB-1460A1.2	1.706
KB-1460A1.3	1.591
KB-1460A1.5	1.743
KB-1466C5.1	0.767
KB-1471A8.1	1.753
KB-1507C5.2	2.163
KB-1507C5.3	-0.678
KB-1507C5.4	1.76
KB-1517D11.2	0.118
KB-1517D11.4	0.933
KB-1562D12.1	3.199
KB-1562D12.2	
KB-1562D12.3	
KB-1568E2.1	3.348
KB-1572G7.2	
KB-1582A10.1	1.452
KB-1582A10.2	1.933
KB-1589B1.3	1.035
KB-1589B1.4	0.837
KB-1592A4.13	
KB-1592A4.15	
KB-1608C10.2	
KB-1615E4.2	2.358
KB-1615E4.3	0.859
KB-1639H6.2	1.278
KB-1639H6.4	2.488
KB-1639H6.7	1.272
KB-1639H6.8	0.008
KB-1683C8.1	2.759
KB-1732A1.1	2.159
KB-173C10.1	2.167
KB-173C10.2	3.682
KB-1836B5.1	2.516
KB-1836B5.3	1.355
KB-1836B5.4	1.686
KB-1930G5.3	1.16
KB-1930G5.4	2.148
KB-1958F4.1	-0.786
KB-1958F4.2	-1.589
KB-1980E6.2	0.877
KB-1980E6.3	2.087
KB-1980E6.4	1.994
KB-1991G8.1	1.938
KB-318B8.7	-0.662
KB-431C1.3	0.837
KB-431C1.4	2.809
KB-431C1.5	-0.871
KBTBD11	3.064
KBTBD11-OT1	2.126
KBTBD12	2.22
KBTBD13	0.788
KBTBD2	1.868
KBTBD3	2.315
KBTBD4	
KBTBD6	
KBTBD7	
KBTBD8	5.048
KCMF1	3.137
KCNA1	2.566
KCNA10	2.292
KCNA2	2.387
KCNA3	1.877
KCNA4	2.014
KCNA5	3.074
KCNA6	2.403
KCNA7	2.326
KCNAB1	3.063
KCNAB1-AS1	1.67
KCNAB1-AS2	1.175
KCNAB2	1.839
KCNAB3	2.071
KCNB1	2.511
KCNB2	4.261
KCNC1	1.792
KCNC2	2.541
KCNC3	1.729
KCNC4	2.19
KCNC4-AS1	1.151
KCND1	0.899
KCND2	5.555
KCND3	1.963
KCND3-AS1	-0.015
KCND3-IT1	0.504
KCNE1	2.041
KCNE1L	2.015
KCNE2	2.729
KCNE3	1.779
KCNE4	4.882
KCNF1	3.341
KCNG1	2.44
KCNG2	2.116
KCNG3	2.229
KCNG4	2.091
KCNH1	3.007
KCNH1-IT1	0.249
KCNH2	1.826
KCNH3	2.298
KCNH4	1.919
KCNH5	4.455
KCNH6	1.159
KCNH7	4.292
KCNH8	4.194
KCNIP1	3.2
KCNIP2	0.696
KCNIP2-AS1	0.616
KCNIP3	2.127
KCNIP4	6.397
KCNJ1	2.717
KCNJ10	1.664
KCNJ11	2.766
KCNJ12	2.866
KCNJ13	0.545
KCNJ14	5.689
KCNJ15	4.708
KCNJ16	1.677
KCNJ2	1.81
KCNJ2-AS1	1.095
KCNJ3	3.284
KCNJ4	3.768
KCNJ5	1.891
KCNJ6	6.887
KCNJ6-IT1	1.017
KCNJ8	0.5
KCNJ9	1.048
KCNK1	2.846
KCNK10	2.352
KCNK12	2.814
KCNK13	6.375
KCNK15	1.901
KCNK16	2.007
KCNK17	2.751
KCNK18	1.783
KCNK2	3.782
KCNK3	3.575
KCNK4	0.371
KCNK5	4.489
KCNK6	1.67
KCNK7	0.681
KCNK9	3.304
KCNMA1	4.863
KCNMB1	2.127
KCNMB2	4.287
KCNMB3	1.792
KCNMB4	1.773
KCNN1	1.941
KCNN2	2.233
KCNN3	3.496
KCNN4	2.407
KCNQ1	5.2
KCNQ1-AS1	1.662
KCNQ1DN	2.25
KCNQ1OT1	3.646
KCNQ2	2.958
KCNQ3	3.038
KCNQ4	2.705
KCNQ5	2.755
KCNQ5-AS1	2.616
KCNQ5-IT1	1.744
KCNRG	0.782
KCNS1	5.265
KCNS2	0.637
KCNS3	5.543
KCNT1	2.13
KCNT2	4.3
KCNU1	3.258
KCNV1	3.121
KCNV2	2.719
KCP	4.67
KCTD1	2.688
KCTD10	3.109
KCTD11	0.713
KCTD12	6.568
KCTD13	1.281
KCTD14	1.543
KCTD15	3.14
KCTD16	3.464
KCTD17	1.529
KCTD18	1.509
KCTD19	1.377
KCTD2	1.933
KCTD20	2.432
KCTD21	1.82
KCTD21-AS1	2.044
KCTD3	1.351
KCTD4	1.922
KCTD5	2.361
KCTD6	1.168
KCTD7	2.77
KCTD8	2.78
KCTD9	1.489
KCTD9P1	-0.536
KDELC1	1.097
KDELC1P1	2.002
KDELC2	0.902
KDELR1	1.802
KDELR2	1.398
KDELR3	2.416
KDM1A	1.514
KDM1B	4.494
KDM2A	3.114
KDM2B	5.135
KDM3A	1.795
KDM3B	3.295
KDM4A	1.044
KDM4A-AS1	0.85
KDM4B	3.172
KDM4C	5.07
KDM4D	5.135
KDM4E	1.677
KDM5A	3.942
KDM5B	2.81
KDM5C	1.135
KDM5C-IT1	
KDM6A	1.387
KDM6B	1.435
KDM8	1.516
KDR	3.999
KDSR	2.627
KEAP1	1.861
KEL	3.072
KERA	3.119
KHDC1	3.917
KHDC1L	1.322
KHDC1P1	1.449
KHDC3L	0.938
KHDRBS1	3.053
KHDRBS2	3.655
KHDRBS3	3.024
KHK	1.025
KHNYN	3.307
KHSRP	2.305
KHSRPP1	1.903
KIAA0020	2.952
KIAA0040	3.481
KIAA0087	1.559
KIAA0100	1.402
KIAA0101	1.937
KIAA0141	2.744
KIAA0195	1.585
KIAA0196	2.024
KIAA0196-AS1	1.249
KIAA0226	4.298
KIAA0226L	1.246
KIAA0232	3.362
KIAA0247	1.56
KIAA0319	2.904
KIAA0319L	3.943
KIAA0355	2.368
KIAA0368	4.112
KIAA0391	1.707
KIAA0408	0.569
KIAA0430	2.474
KIAA0513	4.514
KIAA0556	4.633
KIAA0586	1.654
KIAA0753	4.484
KIAA0754	-0.003
KIAA0825	4.047
KIAA0895	2.513
KIAA0895L	2.152
KIAA0907	0.659
KIAA0922	3.568
KIAA0930	2.234
KIAA0947	2.656
KIAA1009	3.088
KIAA1024	1.738
KIAA1024L	1.402
KIAA1033	2.338
KIAA1045	1.288
KIAA1107	0.843
KIAA1109	3.529
KIAA1143	1.218
KIAA1147	1.556
KIAA1161	1.041
KIAA1191	1.634
KIAA1199	1.999
KIAA1210	2.682
KIAA1211	4.229
KIAA1211L	2.454
KIAA1217	4.56
KIAA1239	2.484
KIAA1244	3.104
KIAA1257	3.718
KIAA1279	3.388
KIAA1324	2.232
KIAA1324L	2.943
KIAA1328	1.317
KIAA1377	2.015
KIAA1407	2.256
KIAA1429	2.531
KIAA1430	2.198
KIAA1432	2.746
KIAA1456	2.472
KIAA1462	4.894
KIAA1467	1.928
KIAA1468	1.733
KIAA1522	1.703
KIAA1524	1.461
KIAA1549	3.271
KIAA1549L	1.669
KIAA1551	2.002
KIAA1586	0.635
KIAA1598	2.534
KIAA1614	1.76
KIAA1644	2.862
KIAA1658	
KIAA1671	3.909
KIAA1683	1.979
KIAA1715	2.067
KIAA1731	1.607
KIAA1737	0.833
KIAA1755	1.553
KIAA1841	2.891
KIAA1875	
KIAA1919	1.428
KIAA1958	3.115
KIAA1984	0.881
KIAA1984-AS1	0.881
KIAA2013	0.924
KIAA2018	0.766
KIAA2022	2.848
KIAA2026	2.393
KIDINS220	3.815
KIF11	2.536
KIF12	1.908
KIF13A	3.28
KIF13B	1.837
KIF14	1.852
KIF15	0.961
KIF16B	3.761
KIF17	3.284
KIF18A	3.344
KIF18B	1.459
KIF19	2.029
KIF1A	1.953
KIF1B	4.635
KIF1C	1.2
KIF20A	1.616
KIF20B	2.008
KIF21A	3.783
KIF21B	1.363
KIF22	1.58
KIF23	4.943
KIF24	2.324
KIF25	1.557
KIF25-AS1	1.603
KIF26A	2.491
KIF26B	4.028
KIF27	1.74
KIF2A	3.432
KIF2B	1.903
KIF2C	1.118
KIF3A	5.403
KIF3B	2.083
KIF3C	2.748
KIF4A	1.863
KIF4B	1.747
KIF4CP	2.971
KIF5A	2.511
KIF5B	3.162
KIF5C	
KIF6	3.354
KIF7	2.224
KIF9	1.293
KIF9-AS1	1.818
KIFAP3	1.588
KIFC1	0.689
KIFC2	1.358
KIFC3	3.564
KIN	2.835
KIR2DL1	4.354
KIR2DL3	5.689
KIR2DL4	5.689
KIR2DP1	5.689
KIR2DS4	1.972
KIR3DL1	5.689
KIR3DL2	3.346
KIR3DP1	1.063
KIR3DX1	1.52
KIRREL	2.551
KIRREL-IT1	2.425
KIRREL2	0.807
KIRREL3	6.028
KIRREL3-AS1	4.589
KIRREL3-AS2	1.581
KIRREL3-AS3	2.258
KISS1	1.807
KISS1R	1.258
KIT	1.682
KITLG	3.019
KL	1.831
KLB	2.279
KLC1	2.97
KLC2	1.123
KLC3	1.509
KLC4	2.335
KLF1	0.739
KLF10	2.906
KLF11	1.23
KLF12	3.602
KLF13	3.673
KLF14	2.023
KLF15	2.184
KLF16	3.441
KLF17	1.844
KLF17P1	0.194
KLF17P2	1.062
KLF2	2.068
KLF3	2.49
KLF3P1	0.477
KLF3P2	-1.399
KLF4	1.804
KLF5	4.624
KLF6	3.018
KLF7	3.728
KLF7-IT1	1.346
KLF7P1	1.534
KLF8	2.061
KLF8P1	0.866
KLF9	3.231
KLHDC1	1.475
KLHDC10	2.151
KLHDC2	1.712
KLHDC3	1.686
KLHDC4	1.883
KLHDC7A	2.505
KLHDC7B	1.869
KLHDC8A	1.766
KLHDC8B	1.13
KLHDC9	2.052
KLHL1	3.046
KLHL10	1.276
KLHL11	1.473
KLHL12	1.692
KLHL13	2.77
KLHL14	2.364
KLHL15	2.457
KLHL17	1.663
KLHL18	1.228
KLHL2	3.773
KLHL20	1.899
KLHL21	0.695
KLHL22	1.778
KLHL23	1.809
KLHL24	2.673
KLHL25	2.162
KLHL26	1.784
KLHL28	3.208
KLHL29	3.693
KLHL2P1	2.188
KLHL3	2.972
KLHL30	3.076
KLHL31	2.327
KLHL32	3.73
KLHL33	2.276
KLHL34	1.328
KLHL35	1.523
KLHL36	3.206
KLHL38	1.164
KLHL4	1.707
KLHL40	3.928
KLHL41	0.48
KLHL42	1.702
KLHL5	2.436
KLHL6	2.472
KLHL6-AS1	0.865
KLHL7	3.239
KLHL7-AS1	2.156
KLHL8	1.682
KLHL9	0.694
KLK10	0.325
KLK13	2.01
KLK15	1.779
KLK2	2.427
KLK3	2.592
KLK6	1.507
KLK7	2.73
KLK8	0.68
KLK9	5.366
KLKB1	5.034
KLKP1	2.601
KLLN	1.173
KLRAP1	2.415
KLRB1	1.831
KLRC1	1.761
KLRC2	2.444
KLRC3	0.138
KLRC4	1.17
KLRC4-KLRK1	1.588
KLRD1	2.434
KLRF1	2.332
KLRF2	2.006
KLRG1	2.037
KLRG2	2.64
KLRK1	1.176
KMO	3.115
KMT2A	3.89
KMT2B	1.117
KMT2C	4.518
KMT2D	2.551
KMT2E	2.115
KMT2E-AS1	-2.418
KNCN	1.54
KNDC1	3.87
KNG1	2.658
KNOP1	1.229
KNOP1P1	2.045
KNOP1P2	0.337
KNOP1P3	2.527
KNOP1P4	1.328
KNOP1P5	2.821
KNSTRN	1.635
KNTC1	2.421
KPNA1	1.587
KPNA2	2.848
KPNA3	3.397
KPNA4	1.195
KPNA5	2.238
KPNA6	1.908
KPNA7	2.578
KPNB1	1.879
KPRP	0.954
KPTN	2.475
KRAS	2.62
KRASP1	2.37
KRBA1	2.041
KRBA2	0.426
KRBOX1	2.673
KRBOX1-AS1	0.383
KRBOX4	1.555
KRCC1	
KREMEN1	2.601
KREMEN2	1.295
KRI1	1.08
KRIT1	0.971
KRR1	2.406
KRR1P1	1.353
KRT1	2.411
KRT10	1.685
KRT12	1.188
KRT121P	3.327
KRT124P	1.138
KRT126P	2.0
KRT127P	1.61
KRT128P	1.629
KRT13	2.573
KRT14	1.064
KRT15	2.747
KRT16	0.906
KRT16P1	-0.377
KRT16P2	2.12
KRT16P3	1.393
KRT17	0.658
KRT17P1	1.617
KRT17P2	0.85
KRT18	
KRT18P1	1.5
KRT18P11	0.479
KRT18P12	0.445
KRT18P13	2.314
KRT18P14	3.994
KRT18P15	0.673
KRT18P16	3.29
KRT18P17	2.454
KRT18P18	-0.966
KRT18P19	1.057
KRT18P2	1.738
KRT18P20	1.422
KRT18P21	1.869
KRT18P22	0.964
KRT18P23	2.09
KRT18P24	2.132
KRT18P25	1.739
KRT18P26	1.704
KRT18P27	5.155
KRT18P28	2.001
KRT18P29	
KRT18P3	3.215
KRT18P31	
KRT18P32	0.419
KRT18P34	0.373
KRT18P35	1.472
KRT18P36	1.466
KRT18P37	2.413
KRT18P39	0.945
KRT18P4	1.712
KRT18P41	2.635
KRT18P42	3.506
KRT18P43	1.611
KRT18P44	4.22
KRT18P45	2.765
KRT18P46	0.292
KRT18P47	0.836
KRT18P49	2.087
KRT18P5	0.01
KRT18P50	5.359
KRT18P51	2.394
KRT18P52	0.715
KRT18P54	1.745
KRT18P55	2.244
KRT18P56	2.864
KRT18P57	0.743
KRT18P58	1.497
KRT18P59	1.853
KRT18P6	0.982
KRT18P60	0.184
KRT18P61	4.02
KRT18P62	1.019
KRT18P63	1.277
KRT18P64	1.834
KRT18P65	0.517
KRT18P66	1.084
KRT18P67	2.124
KRT18P68	1.403
KRT18P7	0.316
KRT18P8	2.339
KRT18P9	4.028
KRT19	2.03
KRT19P1	2.523
KRT19P2	1.675
KRT19P3	1.669
KRT19P4	0.726
KRT19P6	2.611
KRT2	2.377
KRT20	2.036
KRT222	2.304
KRT223P	1.423
KRT23	1.329
KRT24	1.788
KRT25	2.134
KRT26	1.955
KRT27	1.538
KRT28	1.867
KRT3	1.575
KRT32	1.977
KRT33A	0.646
KRT33B	1.023
KRT35	1.608
KRT36	1.629
KRT37	0.154
KRT38	0.771
KRT39	1.024
KRT4	1.53
KRT40	1.134
KRT41P	0.994
KRT42P	0.984
KRT43P	1.484
KRT5	1.582
KRT6A	1.446
KRT6B	3.386
KRT6C	2.896
KRT7	2.093
KRT71	2.562
KRT72	3.791
KRT73	1.552
KRT74	2.764
KRT75	1.189
KRT76	5.24
KRT77	2.04
KRT78	2.424
KRT79	1.56
KRT8	1.966
KRT80	2.95
KRT81	1.053
KRT82	1.493
KRT83	1.466
KRT84	1.748
KRT85	1.129
KRT86	3.327
KRT8P1	2.191
KRT8P10	3.198
KRT8P11	1.33
KRT8P12	1.081
KRT8P13	0.644
KRT8P14	1.692
KRT8P15	0.619
KRT8P17	
KRT8P18	2.69
KRT8P19	1.427
KRT8P2	3.626
KRT8P20	2.493
KRT8P21	2.095
KRT8P22	1.248
KRT8P23	0.974
KRT8P24	0.643
KRT8P25	4.403
KRT8P26	0.973
KRT8P27	0.023
KRT8P28	1.002
KRT8P29	1.129
KRT8P3	0.813
KRT8P30	
KRT8P31	1.416
KRT8P32	1.118
KRT8P33	1.302
KRT8P34	0.236
KRT8P35	0.621
KRT8P36	0.537
KRT8P37	2.389
KRT8P38	1.777
KRT8P39	0.097
KRT8P4	3.032
KRT8P40	0.143
KRT8P41	2.06
KRT8P42	1.272
KRT8P43	0.804
KRT8P44	1.25
KRT8P45	1.32
KRT8P46	2.005
KRT8P47	1.018
KRT8P48	2.578
KRT8P49	-0.046
KRT8P5	1.942
KRT8P50	
KRT8P51	-0.426
KRT8P6	1.136
KRT8P7	1.713
KRT8P8	2.128
KRT8P9	1.059
KRT9	1.649
KRTAP1-1	1.071
KRTAP1-3	1.465
KRTAP1-4	0.924
KRTAP1-5	1.217
KRTAP11-1	3.415
KRTAP13-1	1.64
KRTAP13-2	2.161
KRTAP13-4	0.868
KRTAP13-5P	0.91
KRTAP13-6P	5.972
KRTAP15-1	2.0
KRTAP16-1	0.628
KRTAP17-1	0.756
KRTAP19-1	2.0
KRTAP19-10P	1.067
KRTAP19-11P	1.803
KRTAP19-3	1.446
KRTAP19-4	1.4
KRTAP19-5	1.234
KRTAP19-6	
KRTAP19-7	1.788
KRTAP19-8	2.108
KRTAP19-9P	1.222
KRTAP2-1	1.142
KRTAP2-2	1.274
KRTAP20-1	1.084
KRTAP20-2	1.435
KRTAP20-3	2.136
KRTAP20-4	1.092
KRTAP21-1	2.715
KRTAP21-2	2.715
KRTAP21-3	3.602
KRTAP21-4P	2.911
KRTAP22-1	1.423
KRTAP22-2	1.875
KRTAP23-1	2.834
KRTAP24-1	2.151
KRTAP25-1	1.79
KRTAP26-1	3.902
KRTAP27-1	3.093
KRTAP29-1	1.069
KRTAP3-1	0.898
KRTAP3-2	1.231
KRTAP3-3	1.234
KRTAP3-4P	0.714
KRTAP4-1	1.515
KRTAP5-1	
KRTAP5-2	-0.215
KRTAP5-3	1.223
KRTAP5-4	1.518
KRTAP5-5	1.463
KRTAP5-6	2.367
KRTAP5-AS1	1.612
KRTAP6-1	1.321
KRTAP6-2	1.456
KRTAP6-3	0.917
KRTAP7-1	2.585
KRTAP8-1	1.91
KRTAP8-2P	2.781
KRTAP8-3P	0.549
KRTAP9-1	1.07
KRTAP9-10P	1.297
KRTAP9-12P	0.255
KRTCAP2	1.527
KRTCAP3	0.935
KRTDAP	2.063
KSR1	2.389
KSR2	4.992
KTI12	2.567
KTN1	2.837
KTN1-AS1	3.744
KXD1	1.516
KY	1.562
KYNU	4.496
L1CAM	1.241
L1TD1	2.091
L29074.3	1.145
L2HGDH	1.354
L34079.2	2.29
L34079.3	0.738
L34079.4	0.931
L3HYPDH	1.353
L3MBTL1	1.569
L3MBTL2	0.676
L3MBTL3	5.667
L3MBTL4	5.465
LA16c-17H1.3	
LA16c-2F2.5	
LA16c-306A4.1	1.698
LA16c-306A4.2	4.032
LA16c-306E5.1	2.236
LA16c-306E5.3	5.481
LA16c-312E8.2	0.049
LA16c-313D11.12	
LA16c-313D11.9	2.383
LA16c-316G12.2	-0.937
LA16c-321D4.1	1.251
LA16c-321D4.2	1.683
LA16c-329F2.1	0.37
LA16c-349E10.1	0.567
LA16c-349E11.1	0.664
LA16c-358B7.3	0.671
LA16c-360H6.3	1.224
LA16c-361A3.3	2.254
LA16c-366D1.3	0.888
LA16c-366D3.1	4.11
LA16c-380H5.2	1.163
LA16c-380H5.3	0.921
LA16c-380H5.4	1.587
LA16c-380H5.5	0.964
LA16c-381G6.1	2.291
LA16c-385E7.1	1.521
LA16c-390E6.3	2.513
LA16c-390E6.4	1.823
LA16c-390E6.5	0.759
LA16c-390H2.4	-0.442
LA16c-395F10.1	2.351
LA16c-395F10.2	2.299
LA16c-3G11.7	
LA16c-425C2.1	0.134
LA16c-429E7.1	1.899
LA16c-431H6.6	2.916
LA16c-444G7.1	2.381
LA16c-444G7.2	2.16
LA16c-83F12.6	
LA16c-OS12.2	3.826
LACC1	1.612
LACE1	3.74
LACRT	0.976
LACTB	2.096
LACTB2	1.496
LACTBL1	2.643
LAD1	2.732
LAG3	0.573
LAGE3	0.933
LAIR2	2.551
LALBA	2.787
LAMA1	4.856
LAMA2	3.766
LAMA3	3.334
LAMA4	3.151
LAMA5	3.155
LAMB1	3.277
LAMB2	1.524
LAMB3	5.677
LAMB4	3.117
LAMC1	3.026
LAMC2	3.481
LAMC3	3.237
LAMP1	2.492
LAMP2	1.293
LAMP3	3.017
LAMP5	3.059
LAMTOR1	1.495
LAMTOR2	0.732
LAMTOR3	1.622
LAMTOR3P1	0.756
LAMTOR3P2	
LAMTOR4	1.471
LAMTOR5	1.064
LAMTOR5-AS1	1.242
LAMTOR5P1	-0.239
LANCL1	1.76
LANCL2	3.752
LANCL3	1.823
LAP3	1.466
LAP3P1	
LAP3P2	0.963
LAPTM4A	1.936
LAPTM4B	2.38
LAPTM5	1.702
LARGE	5.63
LARGE-AS1	1.79
LARGE-IT1	2.1
LARP1	2.677
LARP1B	4.169
LARP1BP1	2.858
LARP1BP2	4.122
LARP1BP3	0.542
LARP4	2.671
LARP4B	4.074
LARP4P	0.546
LARP6	1.099
LARP7	2.525
LARS	2.011
LARS2	1.877
LARS2-AS1	1.32
LAS1L	0.509
LASP1	2.126
LAT	1.13
LAT2	0.998
LATS1	1.617
LATS2	1.905
LATS2-AS1	1.72
LAX1	3.161
LAYN	1.28
LBH	2.757
LBP	2.749
LBR	3.519
LBX1	1.284
LBX1-AS1	2.7
LBX2	1.867
LBX2-AS1	-0.407
LCA10	-2.649
LCA5	2.312
LCA5L	1.788
LCAT	0.885
LCE1A	1.66
LCE1B	1.493
LCE1C	1.874
LCE1D	2.051
LCE1E	1.921
LCE1F	1.484
LCE2A	1.292
LCE2B	1.668
LCE2C	1.556
LCE2D	1.836
LCE3A	1.06
LCE3B	0.92
LCE3C	
LCE3D	1.094
LCE3E	1.302
LCE4A	1.072
LCE5A	1.773
LCE6A	2.104
LCK	0.724
LCLAT1	3.098
LCMT1	2.059
LCMT2	1.604
LCN1	2.185
LCN10	1.245
LCN12	1.101
LCN15	2.141
LCN1P1	2.036
LCN1P2	3.225
LCN2	
LCN6	1.245
LCN8	2.22
LCN9	3.228
LCNL1	0.441
LCOR	4.847
LCORL	3.365
LCP1	3.408
LCP2	1.798
LCT	5.853
LCTL	2.094
LDB1	1.632
LDB2	4.61
LDB3	2.09
LDHA	1.533
LDHAL6A	1.329
LDHAL6B	1.858
LDHAL6CP	2.436
LDHAL6DP	1.089
LDHAL6EP	0.488
LDHAP1	2.647
LDHAP2	
LDHAP3	2.826
LDHAP4	1.669
LDHAP5	2.112
LDHAP7	
LDHB	2.278
LDHBP1	3.036
LDHBP2	1.98
LDHBP3	-0.717
LDHC	4.223
LDHD	1.287
LDLR	4.909
LDLRAD1	1.375
LDLRAD2	1.587
LDLRAD3	4.221
LDLRAD4	6.868
LDLRAD4-AS1	1.476
LDLRAP1	3.653
LDOC1	1.246
LDOC1L	6.184
LEAP2	0.089
LECT1	1.914
LECT2	3.763
LEF1	2.054
LEF1-AS1	3.469
LEFTY1	2.455
LEFTY2	2.083
LEKR1	3.42
LELP1	1.777
LEMD1	2.476
LEMD1-AS1	1.449
LEMD2	2.613
LEMD3	1.254
LENEP	1.3
LENG1	0.149
LENG8	3.355
LENG8-AS1	1.32
LENG9	1.342
LEO1	2.037
LEP	1.763
LEPR	3.038
LEPRE1	1.502
LEPREL1	4.418
LEPREL1-AS1	1.547
LEPREL2	1.41
LEPREL4	2.55
LEPROT	2.026
LEPROTL1	3.33
LETM1	2.95
LETM1P2	0.529
LETM2	1.559
LETMD1	0.924
LEUTX	1.723
LFNG	3.153
LGALS1	1.458
LGALS12	1.189
LGALS2	5.288
LGALS3	1.798
LGALS3BP	2.416
LGALS4	1.715
LGALS7	1.167
LGALS7B	2.194
LGALS8	2.285
LGALS8-AS1	2.042
LGALS9	1.92
LGALS9B	1.314
LGALSL	1.606
LGI1	5.258
LGI2	2.959
LGI3	1.214
LGI4	0.983
LGMN	2.255
LGMNP1	3.815
LGR4	2.028
LGR5	3.497
LGR6	1.979
LGSN	2.011
LHB	1.606
LHCGR	3.108
LHFP	3.972
LHFPL1	1.983
LHFPL2	4.728
LHFPL3	2.61
LHFPL3-AS1	1.828
LHFPL4	2.196
LHFPL5	2.33
LHPP	3.47
LHX1	1.659
LHX2	3.729
LHX3	2.085
LHX4	2.363
LHX5	1.61
LHX6	1.793
LHX8	3.662
LHX9	2.065
LIAS	2.25
LIF	1.304
LIFR	4.895
LIFR-AS1	2.375
LIG1	2.545
LIG3	1.639
LIG4	2.503
LILRA1	1.198
LILRA2	1.694
LILRA3	2.999
LILRA4	1.373
LILRA5	2.507
LILRA6	3.582
LILRB1	2.67
LILRB2	1.295
LILRB3	3.582
LILRB4	4.393
LILRB5	2.623
LILRP1	1.329
LILRP2	2.876
LIM2	2.515
LIMA1	1.574
LIMCH1	3.639
LIMD1	1.606
LIMD1-AS1	1.051
LIMD2	
LIME1	0.121
LIMK1	1.938
LIMK2	3.837
LIMS1	3.458
LIMS2	2.198
LIN28A	1.06
LIN28AP1	4.052
LIN28AP2	1.56
LIN28B	2.301
LIN37	1.489
LIN52	4.568
LIN54	1.819
LIN7A	3.265
LIN7B	1.426
LIN7C	1.303
LIN9	3.768
LINC-ROR	3.252
LINC00028	2.53
LINC00029	1.179
LINC00032	3.264
LINC00035	1.502
LINC00051	2.205
LINC00052	5.406
LINC00083	5.464
LINC00085	1.625
LINC00086	0.53
LINC00087	0.34
LINC00092	1.829
LINC00094	2.871
LINC00111	2.253
LINC00112	2.735
LINC00113	2.561
LINC00114	1.93
LINC00116	1.38
LINC00152	
LINC00158	2.182
LINC00159	2.502
LINC00160	2.245
LINC00161	1.003
LINC00162	2.986
LINC00163	2.299
LINC00167	1.867
LINC00173	1.012
LINC00174	1.583
LINC00176	1.453
LINC00184	1.982
LINC00189	3.961
LINC00200	2.369
LINC00202-1	2.529
LINC00202-2	1.99
LINC00205	1.364
LINC00207	1.602
LINC00208	2.237
LINC00210	2.872
LINC00211	2.319
LINC00222	2.741
LINC00226	
LINC00229	2.406
LINC00237	5.077
LINC00238	2.347
LINC00240	3.268
LINC00242	2.418
LINC00243	2.213
LINC00261	3.496
LINC00263	2.191
LINC00264	1.712
LINC00265	1.833
LINC00269	2.345
LINC00271	1.983
LINC00272	0.963
LINC00276	3.913
LINC00277	3.322
LINC00283	1.499
LINC00284	5.578
LINC00290	5.277
LINC00293	2.516
LINC00297	2.269
LINC00299	5.82
LINC00301	1.58
LINC00302	1.268
LINC00303	1.921
LINC00304	3.838
LINC00305	1.821
LINC00307	1.203
LINC00308	1.429
LINC00309	1.395
LINC00310	1.695
LINC00311	0.987
LINC00312	0.864
LINC00313	2.112
LINC00314	
LINC00315	2.179
LINC00316	1.744
LINC00317	2.004
LINC00319	1.661
LINC00320	3.204
LINC00322	4.24
LINC00323	2.825
LINC00324	2.237
LINC00326	1.381
LINC00327	1.536
LINC00330	2.87
LINC00331	5.461
LINC00332	2.009
LINC00333	5.193
LINC00334	1.668
LINC00336	2.223
LINC00337	2.147
LINC00338	1.206
LINC00339	2.638
LINC00341	2.019
LINC00343	6.109
LINC00346	2.036
LINC00347	2.944
LINC00348	2.635
LINC00349	
LINC00350	2.779
LINC00351	3.245
LINC00352	1.595
LINC00353	2.856
LINC00354	1.374
LINC00355	4.02
LINC00358	2.29
LINC00359	2.178
LINC00362	1.997
LINC00363	4.304
LINC00364	5.697
LINC00365	3.529
LINC00366	2.524
LINC00368	5.516
LINC00370	2.646
LINC00371	1.985
LINC00374	2.356
LINC00375	2.726
LINC00376	4.209
LINC00378	2.294
LINC00379	2.428
LINC00380	2.1
LINC00381	2.686
LINC00382	2.564
LINC00383	1.555
LINC00384	2.906
LINC00385	-0.437
LINC00387	0.668
LINC00388	1.906
LINC00390	1.845
LINC00391	0.435
LINC00392	1.62
LINC00393	3.213
LINC00395	5.825
LINC00396	1.675
LINC00397	1.227
LINC00398	3.116
LINC00399	2.152
LINC00400	2.002
LINC00401	1.316
LINC00402	3.325
LINC00403	
LINC00404	
LINC00407	4.67
LINC00410	1.983
LINC00411	2.242
LINC00412	2.659
LINC00415	1.99
LINC00418	1.361
LINC00421	2.367
LINC00423	2.099
LINC00424	3.691
LINC00426	1.614
LINC00427	1.831
LINC00428	1.642
LINC00430	1.817
LINC00431	2.007
LINC00433	1.811
LINC00434	2.402
LINC00437	2.109
LINC00440	2.268
LINC00441	1.964
LINC00443	2.039
LINC00444	1.587
LINC00445	2.664
LINC00446	1.507
LINC00448	5.636
LINC00449	1.262
LINC00452	1.589
LINC00454	1.495
LINC00456	1.409
LINC00457	2.155
LINC00458	2.765
LINC00459	2.827
LINC00460	3.81
LINC00461	2.356
LINC00462	2.118
LINC00466	2.844
LINC00467	1.327
LINC00469	3.141
LINC00470	4.75
LINC00471	2.109
LINC00472	2.014
LINC00473	2.136
LINC00474	3.245
LINC00475	2.797
LINC00476	3.066
LINC00477	2.482
LINC00478	4.935
LINC00479	2.279
LINC00482	1.214
LINC00483	2.263
LINC00484	1.857
LINC00485	2.277
LINC00486	2.637
LINC00487	6.331
LINC00488	1.456
LINC00489	1.837
LINC00491	2.642
LINC00492	1.381
LINC00493	1.918
LINC00494	3.06
LINC00498	1.446
LINC00499	2.428
LINC00500	1.69
LINC00501	2.522
LINC00502	3.363
LINC00504	5.875
LINC00505	1.605
LINC00507	2.937
LINC00508	2.244
LINC00511	4.218
LINC00514	0.988
LINC00515	1.584
LINC00517	2.3
LINC00518	2.327
LINC00519	1.975
LINC00520	3.49
LINC00521	4.372
LINC00523	2.956
LINC00524	2.382
LINC00525	0.989
LINC00526	0.979
LINC00528	4.459
LINC00529	2.229
LINC00533	1.395
LINC00534	1.963
LINC00535	3.267
LINC00536	6.625
LINC00539	2.216
LINC00543	1.16
LINC00544	2.383
LINC00545	-0.389
LINC00551	1.55
LINC00554	2.227
LINC00555	1.939
LINC00556	2.575
LINC00557	5.696
LINC00558	3.118
LINC00559	1.823
LINC00560	1.869
LINC00561	2.799
LINC00562	1.058
LINC00563	
LINC00564	2.674
LINC00567	7.838
LINC00568	0.767
LINC00570	1.758
LINC00571	4.002
LINC00572	5.208
LINC00574	2.418
LINC00575	1.99
LINC00577	1.638
LINC00578	3.777
LINC00582	1.079
LINC00583	4.595
LINC00587	3.334
LINC00589	3.111
LINC00592	1.427
LINC00593	2.211
LINC00594	1.535
LINC00595	1.841
LINC00596	2.398
LINC00598	2.537
LINC00599	2.237
LINC00601	2.044
LINC00603	1.957
LINC00604	4.255
LINC00605	1.295
LINC00606	3.336
LINC00607	5.692
LINC00608	2.697
LINC00609	2.292
LINC00610	2.692
LINC00612	1.341
LINC00613	2.728
LINC00614	1.481
LINC00615	1.583
LINC00616	1.955
LINC00617	2.317
LINC00618	2.199
LINC00619	1.928
LINC00620	2.464
LINC00621	1.279
LINC00622	0.859
LINC00623	
LINC00624	3.195
LINC00626	1.723
LINC00629	0.595
LINC00630	2.642
LINC00632	1.804
LINC00633	-0.394
LINC00634	0.767
LINC00635	6.78
LINC00636	2.972
LINC00637	1.441
LINC00638	1.971
LINC00639	2.526
LINC00640	2.339
LINC00641	2.085
LINC00642	2.278
LINC00643	2.763
LINC00644	1.395
LINC00645	2.449
LINC00648	2.13
LINC00649	2.557
LINC00652	0.931
LINC00654	2.446
LINC00656	3.804
LINC00657	1.894
LINC00658	3.367
LINC00659	1.657
LINC00661	2.969
LINC00663	5.851
LINC00665	1.752
LINC00667	2.475
LINC00668	1.878
LINC00669	3.611
LINC00670	4.518
LINC00671	1.348
LINC00672	1.588
LINC00675	1.115
LINC00676	4.529
LINC00677	1.387
LINC00678	0.779
LINC00681	2.18
LINC00682	3.536
LINC00683	1.323
LINC00686	1.598
LINC00687	2.182
LINC00689	2.662
LINC00690	2.253
LINC00691	2.595
LINC00692	3.585
LINC00693	2.337
LINC00694	0.996
LINC00696	1.579
LINC00698	3.71
LINC00700	3.932
LINC00701	2.188
LINC00702	2.129
LINC00703	2.064
LINC00704	4.553
LINC00705	0.711
LINC00707	3.271
LINC00708	2.101
LINC00709	2.454
LINC00710	4.972
LINC00837	1.704
LINC00838	2.249
LINC00839	1.814
LINC00840	2.283
LINC00841	2.577
LINC00842	
LINC00843	
LINC00844	4.18
LINC00845	2.355
LINC00846	1.036
LINC00847	1.977
LINC00851	2.21
LINC00852	0.085
LINC00853	0.98
LINC00854	3.171
LINC00856	4.162
LINC00857	0.672
LINC00858	2.163
LINC00861	1.216
LINC00862	1.836
LINC00863	1.248
LINC00864	1.606
LINC00865	1.198
LINC00866	2.931
LINC00867	2.212
LINC00868	3.922
LINC00870	1.985
LINC00871	5.468
LINC00877	2.457
LINC00879	3.789
LINC00880	1.722
LINC00881	1.574
LINC00882	2.258
LINC00883	1.626
LINC00884	2.381
LINC00885	2.01
LINC00886	2.33
LINC00887	1.601
LINC00888	1.827
LINC00890	1.079
LINC00892	1.033
LINC00893	1.668
LINC00894	3.798
LINC00896	1.592
LINC00898	2.472
LINC00899	2.281
LINC00900	1.42
LINC00901	1.04
LINC00903	1.324
LINC00904	2.121
LINC00905	2.554
LINC00906	1.018
LINC00907	4.52
LINC00908	2.424
LINC00909	2.431
LINC00910	4.082
LINC00911	1.489
LINC00917	4.5
LINC00919	0.448
LINC00920	2.237
LINC00922	3.029
LINC00923	2.848
LINC00924	3.342
LINC00925	2.286
LINC00926	4.033
LINC00927	1.853
LINC00928	1.952
LINC00929	3.172
LINC00930	4.52
LINC00935	1.905
LINC00936	0.629
LINC00938	2.529
LINC00939	1.977
LINC00940	2.127
LINC00941	1.841
LINC00942	3.236
LINC00943	2.578
LINC00944	2.171
LINC00945	2.057
LINC00948	2.778
LINC00951	1.269
LINC00954	4.01
LINC00955	4.372
LINC00957	1.038
LINC00958	1.433
LINC00959	1.838
LINC00961	1.408
LINC00963	1.666
LINC00964	2.242
LINC00966	2.592
LINC00967	2.781
LINC00968	1.564
LINC00969	4.675
LINC00970	2.943
LINC00971	3.792
LINC00972	1.63
LINC00973	0.21
LINC00974	1.99
LINC00977	2.851
LINC00982	3.253
LINC00984	1.533
LINC00987	1.677
LINC00989	2.121
LINC00992	5.411
LINC00993	0.566
LINC00994	1.474
LINC00996	1.446
LINC00998	2.733
LINC00999	
LINC01003	2.613
LINC01004	1.62
LINC01005	1.059
LINC01006	2.702
LINC01007	2.056
LINC01010	1.477
LINC01011	1.503
LINC01013	1.858
LINC01014	1.337
LINC01015	2.107
LINC01016	2.966
LINC01018	4.088
LINC01019	2.639
LINC01020	2.185
LINC01021	6.239
LINC01023	3.751
LINC01024	1.791
LINC01028	1.538
LINC01029	2.121
LINC01030	0.86
LINC01031	3.317
LINC01032	0.947
LINC01033	2.329
LINC01034	3.37
LINC01035	4.071
LINC01036	3.819
LINC01037	1.91
LINC01038	4.532
LINC01039	1.525
LINC01040	2.651
LINC01043	2.423
LINC01044	4.921
LINC01046	2.271
LINC01047	3.113
LINC01048	2.586
LINC01049	2.948
LINC01050	1.211
LINC01052	3.415
LINC01053	0.974
LINC01055	1.364
LINC01056	1.611
LINC01057	2.385
LINC01058	1.223
LINC01059	2.226
LINC01060	5.154
LINC01063	2.466
LINC01065	2.397
LINC01066	2.079
LINC01067	2.213
LINC01068	2.229
LINC01069	0.361
LINC01070	3.631
LINC01071	1.001
LINC01072	2.412
LINC01073	1.986
LINC01074	3.603
LINC01075	1.797
LINC01076	3.985
LINC01077	2.045
LINC01078	2.056
LINC01079	3.341
LINC01081	2.695
LINC01082	2.131
LINC01085	3.266
LINC01087	2.124
LINC01088	2.251
LINGO1	2.18
LINGO2	5.233
LINGO3	2.073
LINGO4	0.911
LINS	1.85
LIPA	3.465
LIPC	3.611
LIPE	1.807
LIPE-AS1	2.009
LIPF	2.0
LIPG	1.771
LIPH	2.145
LIPI	1.814
LIPJ	3.231
LIPK	1.89
LIPM	2.271
LIPN	1.316
LIPT1	1.468
LIPT1P1	0.183
LIPT2	1.929
LITAF	2.519
LIX1	1.473
LIX1L	
LL09NC01-139C3.1	
LL09NC01-251B2.3	2.215
LL09NC01-254D11.1	2.608
LL0XNC01-105G4.3	0.187
LL0XNC01-116E7.1	
LL0XNC01-116E7.2	
LL0XNC01-116E7.4	0.826
LL0XNC01-131B10.2	0.959
LL0XNC01-16G2.1	2.106
LL0XNC01-177E8.2	-0.262
LL0XNC01-221F2.2	1.578
LL0XNC01-237H1.2	0.535
LL0XNC01-37G1.2	
LL0XNC01-39B3.1	2.671
LL0XNC01-73E8.1	0.692
LL0XNC01-7P3.1	0.542
LL21NC02-1C16.1	1.311
LL21NC02-1C16.2	1.902
LL22NC01-116C6.1	0.402
LL22NC01-81G9.3	2.673
LL22NC03-104C7.1	1.623
LL22NC03-121E8.3	2.042
LL22NC03-121E8.4	4.294
LL22NC03-13G6.2	3.016
LL22NC03-23C6.15	2.258
LL22NC03-30E12.10	2.13
LL22NC03-30E12.11	1.034
LL22NC03-30E12.13	2.439
LL22NC03-32F9.1	0.406
LL22NC03-75H12.2	1.6
LL22NC03-86D4.1	3.573
LL22NC03-86G7.1	0.053
LL22NC03-N14H11.1	
LL22NC03-N27C7.1	1.143
LLGL1	1.085
LLGL2	3.114
LLNLF-65H9.1	3.018
LLNLR-246C6.1	1.638
LLPH	3.412
LLfos-48D6.1	0.54
LMAN1	1.444
LMAN1L	2.416
LMAN2	2.457
LMAN2L	1.197
LMBR1	4.696
LMBR1L	1.723
LMBRD1	1.815
LMBRD2	1.591
LMCD1	5.021
LMCD1-AS1	5.021
LMF1	5.409
LMF2	2.124
LMLN	2.983
LMLN-AS1	
LMNA	1.742
LMNB1	1.962
LMNB2	1.57
LMO1	5.651
LMO2	3.545
LMO3	1.915
LMO4	3.306
LMO7	2.537
LMOD1	1.891
LMOD2	1.234
LMOD3	1.276
LMTK2	2.521
LMTK3	1.337
LMX1A	5.892
LMX1B	2.757
LNP1	1.32
LNPEP	3.222
LNX1	2.637
LNX1-AS1	2.637
LNX1-AS2	0.908
LNX2	2.45
LOC100421166	0.16
LOC124685	3.906
LOC401913	1.961
LOC440461	2.846
LOC732538	2.853
LOH12CR1	5.328
LOH12CR2	1.077
LONP1	1.495
LONP2	3.16
LONRF1	2.2
LONRF2	2.522
LONRF2P1	
LONRF3	2.626
LOR	2.984
LOX	3.179
LOXHD1	4.928
LOXL1	2.793
LOXL1-AS1	2.372
LOXL2	2.378
LOXL3	2.341
LOXL4	2.075
LPA	2.115
LPAL2	1.717
LPAR1	2.349
LPAR2	0.482
LPAR3	1.94
LPAR4	0.691
LPAR5	2.119
LPAR6	1.125
LPCAT1	2.33
LPCAT2	5.958
LPCAT2BP	2.002
LPCAT3	2.204
LPCAT4	1.33
LPGAT1	2.428
LPHN1	1.469
LPHN2	5.779
LPHN3	4.032
LPIN1	3.611
LPIN2	3.405
LPIN3	3.075
LPL	2.089
LPO	1.975
LPP	6.316
LPP-AS1	1.084
LPP-AS2	1.1
LPPR1	4.429
LPPR3	1.777
LPPR4	5.5
LPPR5	2.158
LPXN	3.563
LRAT	2.757
LRBA	2.819
LRCH1	2.78
LRCH2	1.616
LRCH3	
LRCH4	1.331
LRCOL1	2.193
LRFN1	1.914
LRFN2	4.22
LRFN3	4.421
LRFN4	0.392
LRFN5	4.371
LRGUK	1.76
LRIF1	0.974
LRIG1	3.792
LRIG2	2.512
LRIG3	2.599
LRIT1	0.8
LRIT2	0.861
LRIT3	1.358
LRMP	2.515
LRP1	1.899
LRP10	1.223
LRP11	2.23
LRP12	1.78
LRP1B	5.413
LRP2	5.282
LRP2BP	2.984
LRP3	2.673
LRP4	2.882
LRP4-AS1	0.874
LRP5	2.658
LRP5L	5.47
LRP6	1.871
LRP8	1.989
LRPAP1	3.119
LRPPRC	2.854
LRR1	1.364
LRRC1	2.402
LRRC10	0.966
LRRC10B	1.851
LRRC14	2.291
LRRC14B	1.648
LRRC15	2.149
LRRC16A	2.799
LRRC16B	2.631
LRRC17	1.903
LRRC18	2.745
LRRC19	0.915
LRRC2	2.776
LRRC20	2.281
LRRC23	1.702
LRRC24	2.291
LRRC25	1.644
LRRC26	1.105
LRRC27	2.695
LRRC28	2.813
LRRC29	3.308
LRRC3	1.911
LRRC3-AS1	1.886
LRRC30	3.306
LRRC31	1.456
LRRC32	1.589
LRRC34	1.468
LRRC36	3.311
LRRC37A	0.025
LRRC37A11P	1.898
LRRC37A12P	0.521
LRRC37A13P	1.303
LRRC37A14P	0.41
LRRC37A15P	2.005
LRRC37A17P	1.855
LRRC37A2	3.224
LRRC37A3	2.351
LRRC37A4P	1.247
LRRC37A5P	2.644
LRRC37A6P	0.965
LRRC37A7P	1.932
LRRC37A9P	2.421
LRRC38	3.136
LRRC39	3.113
LRRC3B	2.176
LRRC3C	1.193
LRRC3DN	1.769
LRRC4	1.163
LRRC40	2.803
LRRC41	0.757
LRRC42	1.409
LRRC43	1.825
LRRC45	1.404
LRRC46	0.628
LRRC47	3.547
LRRC48	1.778
LRRC49	1.967
LRRC4B	4.307
LRRC4C	4.608
LRRC52	2.666
LRRC53	2.093
LRRC55	1.959
LRRC56	2.349
LRRC57	0.847
LRRC58	1.751
LRRC59	1.367
LRRC6	6.046
LRRC61	3.27
LRRC63	3.135
LRRC66	0.478
LRRC69	2.119
LRRC7	3.844
LRRC70	
LRRC71	1.208
LRRC72	1.834
LRRC73	0.395
LRRC8A	2.067
LRRC8B	2.632
LRRC8C	2.037
LRRC8D	1.721
LRRC8E	1.178
LRRC9	3.302
LRRCC1	1.587
LRRD1	1.966
LRRFIP1	3.945
LRRFIP1P1	1.308
LRRFIP2	
LRRIQ1	1.915
LRRIQ3	2.111
LRRIQ4	1.208
LRRK1	2.908
LRRK2	2.499
LRRN1	3.029
LRRN2	2.376
LRRN3	2.565
LRRN4	2.716
LRRN4CL	1.505
LRRTM1	5.998
LRRTM2	0.851
LRRTM3	4.284
LRRTM4	4.384
LRSAM1	2.743
LRTM1	2.083
LRTM2	2.512
LRTOMT	1.495
LRWD1	4.436
LSAMP	6.285
LSAMP-AS1	1.448
LSG1	2.036
LSM1	1.471
LSM10	1.339
LSM11	1.485
LSM12	1.862
LSM14A	3.876
LSM14B	2.347
LSM2	1.32
LSM3	2.128
LSM3P2	0.763
LSM3P3	1.364
LSM3P4	
LSM4	1.076
LSM5	0.829
LSM6	1.963
LSM6P2	2.901
LSM7	2.259
LSMD1	1.622
LSMEM1	1.321
LSMEM2	1.239
LSP1	2.46
LSP1P2	0.82
LSP1P3	1.6
LSR	2.01
LSS	1.162
LST1	1.764
LST3	3.669
LTA	1.296
LTA4H	2.289
LTB	1.993
LTB4R	1.431
LTB4R2	1.593
LTBP1	4.088
LTBP2	3.685
LTBP3	1.744
LTBP4	2.247
LTBR	2.042
LTC4S	0.89
LTF	2.371
LTK	2.348
LTN1	1.923
LTV1	1.682
LTV1P1	0.348
LUC7L	2.112
LUC7L2	3.384
LUC7L3	1.226
LUCAT1	2.892
LUM	1.974
LURAP1	1.033
LURAP1L	2.873
LUZP1	2.983
LUZP2	3.708
LUZP4	2.334
LUZP4P1	2.555
LUZP6	
LUZPP1	2.059
LXN	1.047
LY6G5B	1.1
LY6G5C	0.551
LY6G6C	0.617
LY6G6D	1.431
LY6G6E	0.941
LY6G6F	1.431
LY6H	1.519
LY6K	1.904
LY75	2.417
LY75-CD302	2.417
LY86	2.695
LY86-AS1	2.695
LY9	2.674
LY96	1.46
LYAR	1.705
LYG1	0.6
LYG2	2.922
LYL1	1.75
LYN	2.207
LYNX1	1.328
LYPD1	1.19
LYPD2	1.221
LYPD3	2.848
LYPD4	0.758
LYPD5	1.328
LYPD6	2.781
LYPD6B	2.852
LYPD8	2.149
LYPLA1	2.68
LYPLA1P1	2.531
LYPLA1P2	2.67
LYPLA1P3	1.234
LYPLA2	0.57
LYPLA2P1	1.435
LYPLAL1	2.082
LYRM1	1.254
LYRM2	1.678
LYRM4	3.164
LYRM5	1.821
LYRM7	3.252
LYRM9	2.27
LYSMD1	1.427
LYSMD2	1.453
LYSMD3	0.892
LYSMD4	2.202
LYST	2.226
LYST-AS1	0.725
LYVE1	1.409
LYZ	1.895
LYZL1	2.833
LYZL2	2.377
LYZL4	2.128
LYZL6	2.045
LZIC	2.463
LZTFL1	1.981
LZTR1	2.342
LZTS1	2.026
LZTS1-AS1	2.026
LZTS2	0.943
LZTS3	1.546
M1AP	1.442
M6PR	2.09
MAATS1	4.071
MAB21L1	0.337
MAB21L2	1.749
MAB21L3	3.862
MACC1	2.574
MACC1-AS1	2.246
MACF1	2.363
MACROD1	2.622
MACROD2	5.251
MACROD2-AS1	2.068
MACROD2-IT1	3.38
MAD1L1	4.911
MAD2L1	1.469
MAD2L1BP	0.641
MAD2L2	1.66
MADCAM1	2.945
MADD	4.751
MAEA	3.416
MAEL	1.612
MAF	2.583
MAF1	
MAFA	2.839
MAFB	2.014
MAFF	1.512
MAFG	1.778
MAFG-AS1	1.852
MAFK	2.362
MAG	1.518
MAGEA1	0.978
MAGEA10	1.013
MAGEA12	0.903
MAGEA13P	2.1
MAGEA2	0.378
MAGEA3	0.588
MAGEA4	0.998
MAGEA5	4.113
MAGEA9B	
MAGEB1	2.164
MAGEB10	1.216
MAGEB16	2.808
MAGEB17	1.015
MAGEB18	2.379
MAGEB2	1.932
MAGEB3	1.037
MAGEB4	0.627
MAGEB5	1.844
MAGEB6	1.08
MAGEB6P1	1.45
MAGEC1	2.355
MAGEC2	3.727
MAGEC3	2.402
MAGED1	1.516
MAGED2	1.828
MAGED4	-1.041
MAGEE1	1.774
MAGEE2	1.203
MAGEF1	1.879
MAGEL2	3.394
MAGI1	4.129
MAGI1-AS1	1.827
MAGI1-IT1	1.852
MAGI2	6.625
MAGI2-AS1	0.93
MAGI2-AS2	1.257
MAGI2-AS3	1.566
MAGI2-IT1	2.411
MAGI3	2.611
MAGIX	-0.429
MAGOH	1.362
MAGOH2	1.009
MAGOHB	1.073
MAGT1	1.132
MAK	5.059
MAK16	1.16
MAL	
MAL2	2.355
MALAT1	1.999
MALL	2.381
MALSU1	2.133
MALT1	1.977
MAMDC2	2.667
MAMDC2-AS1	1.923
MAML1	3.974
MAML2	3.051
MAML3	3.52
MAMLD1	2.606
MAMSTR	2.845
MAN1A1	4.476
MAN1A2	4.89
MAN1B1	1.95
MAN1C1	4.469
MAN2A1	2.522
MAN2A2	2.337
MAN2B1	1.802
MAN2B2	3.806
MAN2C1	0.731
MANBA	3.091
MANBAL	2.116
MANEA	1.799
MANEA-AS1	2.091
MANEAL	0.76
MANF	
MANSC1	1.726
MANSC4	1.585
MAOA	2.313
MAOB	2.0
MAP10	1.946
MAP1A	2.421
MAP1B	2.697
MAP1LC3A	0.83
MAP1LC3B	2.653
MAP1LC3B2	1.614
MAP1LC3C	1.432
MAP1LC3P	-2.209
MAP1S	3.017
MAP2	2.978
MAP2K1	1.908
MAP2K1P1	2.177
MAP2K2	1.464
MAP2K3	2.879
MAP2K4	2.325
MAP2K4P1	2.666
MAP2K5	3.814
MAP2K6	6.218
MAP2K7	2.236
MAP3K1	1.572
MAP3K10	3.169
MAP3K11	1.136
MAP3K12	1.546
MAP3K13	3.393
MAP3K14	1.604
MAP3K14-AS1	1.844
MAP3K15	1.945
MAP3K19	4.052
MAP3K2	2.185
MAP3K3	1.506
MAP3K4	2.213
MAP3K5	5.304
MAP3K6	5.089
MAP3K7	6.008
MAP3K7CL	2.54
MAP3K8	3.282
MAP3K9	2.436
MAP4	4.954
MAP4K1	1.957
MAP4K2	1.906
MAP4K3	3.242
MAP4K4	3.911
MAP4K5	1.61
MAP6	6.381
MAP6D1	1.41
MAP7	3.234
MAP7D1	1.338
MAP7D2	1.322
MAP7D3	0.726
MAP9	2.018
MAPK1	3.986
MAPK10	2.443
MAPK11	1.315
MAPK12	1.489
MAPK13	1.808
MAPK14	2.32
MAPK1IP1L	1.812
MAPK3	1.035
MAPK4	2.453
MAPK6	3.493
MAPK6PS2	1.291
MAPK6PS4	1.576
MAPK7	1.166
MAPK8	2.62
MAPK8IP1	1.95
MAPK8IP2	1.386
MAPK8IP3	2.38
MAPK9	1.755
MAPKAP1	2.309
MAPKAPK2	2.376
MAPKAPK3	1.427
MAPKAPK5	4.065
MAPKAPK5-AS1	1.65
MAPKAPK5P1	1.695
MAPKBP1	1.465
MAPRE1	1.011
MAPRE1P1	1.673
MAPRE1P3	-0.563
MAPRE2	5.354
MAPRE3	1.529
MAPT	3.422
MAPT-AS1	1.343
MARC1	2.128
MARC2	4.24
MARCH1	4.129
MARCH10	2.265
MARCH11	2.839
MARCH2	1.784
MARCH3	3.259
MARCH4	2.753
MARCH5	1.722
MARCH6	1.662
MARCH7	1.499
MARCH8	2.094
MARCH9	0.657
MARCKS	1.577
MARCKSL1	0.919
MARCKSL1P1	-0.71
MARCKSL1P2	1.505
MARCO	3.413
MARK1	2.073
MARK2	1.563
MARK2P10	3.294
MARK2P11	1.829
MARK2P12	2.369
MARK2P13	1.486
MARK2P14	2.259
MARK2P15	3.148
MARK2P4	2.286
MARK2P5	2.391
MARK2P6	1.381
MARK2P9	1.746
MARK3	2.189
MARK4	1.874
MARS	3.267
MARS2	-0.214
MARVELD1	1.771
MARVELD2	1.971
MARVELD3	0.884
MAS1	1.704
MAS1L	0.394
MAS1LP1	1.083
MASP1	4.051
MASP2	2.118
MAST1	1.449
MAST2	1.933
MAST3	3.162
MAST4	3.109
MAST4-AS1	0.037
MAST4-IT1	-0.756
MASTL	3.107
MAT1A	1.979
MAT2A	1.076
MAT2B	3.912
MATK	1.864
MATN1	2.889
MATN1-AS1	0.854
MATN2	2.844
MATN3	4.024
MATN4	1.59
MATR3	1.563
MAU2	5.778
MAVS	1.809
MAX	1.825
MAZ	1.137
MB	2.838
MB21D1	2.233
MB21D2	3.836
MBD1	0.584
MBD2	4.01
MBD3	1.619
MBD3L1	1.533
MBD4	0.771
MBD5	3.876
MBD6	2.186
MBIP	2.388
MBL1P	2.136
MBL2	4.377
MBLAC1	-0.267
MBLAC2	1.077
MBNL1	2.266
MBNL1-AS1	1.042
MBNL2	3.32
MBNL3	1.943
MBOAT1	2.706
MBOAT2	3.697
MBOAT4	2.781
MBOAT7	3.681
MBP	2.712
MBTD1	1.251
MBTPS1	2.756
MBTPS2	3.194
MC1R	2.266
MC2R	2.624
MC3R	1.98
MC4R	2.337
MC5R	2.214
MCAM	0.617
MCAT	2.912
MCC	3.27
MCCC1	3.512
MCCC1-AS1	0.697
MCCC2	4.024
MCCD1	3.413
MCEE	2.249
MCF2	2.555
MCF2L	5.141
MCF2L-AS1	0.89
MCF2L2	3.675
MCFD2	2.056
MCFD2P1	0.993
MCHR1	1.286
MCHR2	1.937
MCHR2-AS1	1.954
MCIDAS	2.055
MCL1	1.756
MCM10	2.242
MCM2	4.435
MCM3	1.37
MCM3AP	1.316
MCM3AP-AS1	0.928
MCM4	1.37
MCM5	5.051
MCM6	6.605
MCM7	1.945
MCM8	1.728
MCM9	2.257
MCMBP	2.754
MCMDC2	2.321
MCOLN1	1.386
MCOLN2	1.826
MCOLN3	1.746
MCPH1	3.494
MCRS1	0.771
MCTP1	4.437
MCTP2	3.579
MCTS1	0.741
MCU	2.575
MCUR1	2.037
MDC1	5.719
MDC1-AS1	5.719
MDFI	3.036
MDFIC	4.494
MDGA1	2.631
MDGA2	2.92
MDH1	1.42
MDH1B	2.018
MDH2	2.038
MDK	-0.574
MDM1	3.218
MDM2	1.705
MDM4	4.542
MDN1	2.127
MDP1	-0.192
MDS2	2.343
ME1	2.779
ME2	2.469
ME3	2.76
MEA1	2.146
MEAF6	1.345
MEAF6P1	1.683
MECOM	2.91
MECP2	2.909
MECR	1.508
MED1	
MED10	3.011
MED11	0.961
MED12	0.47
MED12L	4.769
MED13	2.599
MED13L	2.841
MED14	1.474
MED14-AS1	0.668
MED15	2.885
MED15P3	2.33
MED16	1.989
MED17	2.557
MED18	2.57
MED19	0.136
MED20	1.325
MED21	1.513
MED22	1.641
MED23	3.757
MED24	2.23
MED25	2.171
MED26	2.976
MED27	2.953
MED28	1.884
MED28P1	0.391
MED28P2	0.266
MED28P3	1.683
MED28P4	1.196
MED28P5	2.048
MED28P6	0.871
MED28P8	-1.436
MED29	2.703
MED30	2.69
MED31	1.511
MED4	2.112
MED4-AS1	-0.82
MED6	2.93
MED6P1	1.973
MED7	1.336
MED8	-0.563
MED9	2.006
MEDAG	2.073
MEF2A	5.127
MEF2AP1	0.743
MEF2B	2.037
MEF2BNB	1.789
MEF2BNB-MEF2B	2.037
MEF2C	2.812
MEF2C-AS1	5.108
MEF2D	1.855
MEFV	1.897
MEG3	2.759
MEG8	2.687
MEG9	4.337
MEGF10	2.008
MEGF11	4.478
MEGF6	4.385
MEGF8	3.075
MEGF9	2.705
MEGT1	1.431
MEI1	3.909
MEI4	1.931
MEIG1	2.393
MEIOB	3.434
MEIS1	2.71
MEIS1-AS1	0.78
MEIS1-AS2	0.78
MEIS1-AS3	1.831
MEIS2	3.13
MEIS3	2.413
MELK	2.374
MEMO1	1.887
MEMO1P1	3.304
MEMO1P3	0.998
MEMO1P4	1.685
MEMO1P5	3.37
MEN1	1.575
MEOX1	3.279
MEOX2	6.695
MEP1A	2.032
MEP1AP1	
MEP1AP2	
MEP1AP3	
MEP1AP4	
MEP1B	2.491
MEPCE	0.656
MEPE	2.334
MERTK	3.603
MESDC1	1.888
MESDC2	2.32
MESP1	1.649
MESP2	1.308
MEST	
MESTP1	0.441
MESTP2	0.495
MESTP3	3.051
MESTP4	2.101
MET	1.9
METAP1	2.549
METAP1D	2.211
METAP2	2.611
METRN	1.476
METRNL	1.825
METTL1	0.655
METTL10	2.807
METTL11B	1.821
METTL12	1.143
METTL13	1.377
METTL14	1.171
METTL15	2.011
METTL15P1	2.032
METTL16	2.237
METTL17	5.032
METTL18	0.678
METTL20	4.076
METTL21A	1.892
METTL21AP1	2.169
METTL21B	1.14
METTL21C	2.22
METTL21EP	3.736
METTL22	1.574
METTL23	0.641
METTL24	1.936
METTL25	2.951
METTL2A	1.518
METTL2B	1.533
METTL3	2.216
METTL4	5.214
METTL5	0.941
METTL6	1.628
METTL7A	1.696
METTL7AP1	1.627
METTL7B	1.061
METTL8	1.817
METTL9	
MEX3A	1.754
MEX3B	2.453
MEX3C	1.245
MEX3D	1.93
MFAP1	0.65
MFAP1P1	
MFAP2	1.698
MFAP3	2.084
MFAP3L	2.914
MFAP4	1.778
MFAP5	
MFF	1.802
MFGE8	1.438
MFHAS1	2.102
MFI2	1.99
MFI2-AS1	1.99
MFN1	0.907
MFN2	1.556
MFNG	2.865
MFRP	1.313
MFSD1	2.152
MFSD10	1.18
MFSD11	2.592
MFSD12	2.799
MFSD2A	2.346
MFSD2B	1.601
MFSD3	0.627
MFSD4	1.937
MFSD5	2.312
MFSD6	1.881
MFSD6L	1.706
MFSD7	2.733
MFSD8	3.209
MFSD9	1.368
MGA	1.866
MGAM	5.676
MGARP	1.582
MGAT1	1.929
MGAT2	0.245
MGAT3	2.347
MGAT4A	6.871
MGAT4B	2.379
MGAT4C	4.044
MGAT5	5.056
MGAT5B	4.547
MGC10955	1.029
MGC4294	2.285
MGC4771	1.39
MGEA5	2.998
MGLL	2.473
MGME1	3.226
MGMT	3.036
MGP	0.389
MGRN1	2.405
MGST1	7.289
MGST2	3.046
MGST3	2.82
MIA	0.936
MIA-RAB4B	4.154
MIA2	1.393
MIA3	2.067
MIAT	2.415
MIB1	2.321
MIB2	1.645
MICAL1	1.065
MICAL2	6.043
MICAL3	3.092
MICALCL	3.039
MICALL1	5.062
MICALL2	3.314
MICC	1.732
MICU1	3.614
MICU2	4.053
MICU3	1.683
MID1	2.574
MID1IP1	5.557
MID1IP1-AS1	0.41
MID2	2.059
MIDN	1.851
MIEF1	3.455
MIEF2	0.854
MIEN1	3.006
MIER1	2.344
MIER2	2.506
MIER3	2.799
MIF	1.513
MIF4GD	1.748
MIIP	1.419
MILR1	3.144
MIMT1	1.869
MINA	1.548
MINK1	2.474
MINOS1	1.102
MINOS1-NBL1	1.44
MINOS1P2	1.47
MINOS1P4	-0.27
MINPP1	2.17
MIOS	3.051
MIOX	1.689
MIP	1.203
MIPEP	3.563
MIPEPP1	3.42
MIPEPP2	3.819
MIPEPP3	1.953
MIPOL1	4.096
MIR1-1	
MIR100	
MIR101-1	1.252
MIR106A	1.357
MIR106B	
MIR10A	0.874
MIR1178	-1.168
MIR1179	0.584
MIR1185-1	1.255
MIR1185-2	0.769
MIR1193	1.776
MIR1202	2.977
MIR1203	
MIR1207	
MIR1208	2.124
MIR122	0.711
MIR1224	
MIR1229	0.9
MIR1236	
MIR1245A	0.25
MIR1252	
MIR1253	
MIR1254-2	5.097
MIR1255A	0.577
MIR1255B1	0.249
MIR1255B2	1.446
MIR1261	
MIR1262	-0.368
MIR1263	4.885
MIR1265	0.54
MIR1269A	4.671
MIR1269B	0.066
MIR1272	
MIR1273C	
MIR1273D	
MIR1275	2.359
MIR1283-1	2.75
MIR1283-2	1.104
MIR1284	
MIR1285-2	1.331
MIR1289-1	
MIR1289-2	
MIR129-1	1.756
MIR129-2	
MIR1290	-0.278
MIR1292	
MIR1293	
MIR1294	
MIR1299	
MIR1302-1	
MIR1302-11	
MIR1302-2	
MIR1302-3	0.923
MIR1302-4	0.256
MIR1303	2.234
MIR1304	
MIR1307	-0.015
MIR130B	
MIR132	1.682
MIR1323	1.507
MIR1324	0.484
MIR133A1	0.825
MIR133BHG	1.418
MIR134	
MIR1343	-0.587
MIR137HG	3.499
MIR138-1	
MIR138-2	0.849
MIR142	-0.134
MIR143	0.997
MIR143HG	2.49
MIR144	2.052
MIR145	2.076
MIR1468	1.969
MIR146A	2.585
MIR146B	1.591
MIR1471	2.136
MIR147A	2.459
MIR148A	2.051
MIR149	0.673
MIR151A	
MIR152	
MIR1538	
MIR1539	1.284
MIR154	0.493
MIR155HG	2.567
MIR1587	1.37
MIR16-1	
MIR17HG	2.015
MIR181A1HG	3.6
MIR181A2HG	2.394
MIR182	2.072
MIR1827	1.206
MIR183	1.496
MIR184	-0.032
MIR187	1.443
MIR1908	-1.312
MIR1912	
MIR192	
MIR193A	1.567
MIR194-2	0.813
MIR196A2	-0.481
MIR197	0.497
MIR1972-2	-0.011
MIR199A1	
MIR199A2	
MIR199B	1.596
MIR200A	
MIR200B	
MIR202	1.619
MIR203	1.455
MIR2053	0.258
MIR205HG	3.386
MIR206	2.346
MIR210HG	2.253
MIR211	
MIR2110	-1.506
MIR2113	-0.559
MIR2114	0.251
MIR2116	
MIR2117	1.433
MIR212	-0.599
MIR216A	-1.715
MIR217	-1.165
MIR219-1	-0.33
MIR219-2	2.301
MIR223	1.346
MIR224	
MIR2277	
MIR22HG	0.45
MIR2392	
MIR23A	1.872
MIR24-2	1.392
MIR2681	
MIR26A1	
MIR27A	1.392
MIR28	
MIR2909	
MIR296	1.802
MIR297	1.637
MIR298	-0.27
MIR299	2.096
MIR29B1	2.865
MIR300	-1.083
MIR302B	1.733
MIR302D	
MIR302E	0.376
MIR30B	2.009
MIR30D	3.641
MIR30E	
MIR3116-1	
MIR3117	-1.099
MIR3118-5	4.082
MIR3118-6	
MIR3121	
MIR3123	
MIR3124	
MIR3127	
MIR3128	
MIR3129	
MIR3135A	0.187
MIR3137	
MIR3141	2.428
MIR3143	2.031
MIR3144	3.173
MIR3145	
MIR3147	1.602
MIR3148	3.219
MIR3150B	1.115
MIR3152	-0.168
MIR3159	2.007
MIR3161	
MIR3166	2.037
MIR3167	1.054
MIR3168	1.481
MIR3169	1.931
MIR3170	
MIR3175	0.527
MIR3176	-0.45
MIR3177	
MIR3178	-0.058
MIR3179-1	0.91
MIR3182	
MIR3184	0.658
MIR3192	0.158
MIR3193	2.619
MIR3196	0.416
MIR3197	0.825
MIR3198-1	
MIR31HG	4.561
MIR3201	4.259
MIR320A	0.717
MIR320B1	0.546
MIR320D1	2.854
MIR320D2	3.169
MIR320E	0.836
MIR323A	-1.759
MIR323B	0.405
MIR324	
MIR325	1.668
MIR326	
MIR328	
MIR329-1	0.054
MIR329-2	1.65
MIR331	0.897
MIR337	0.399
MIR339	0.225
MIR345	1.027
MIR346	-0.606
MIR34A	2.454
MIR34B	0.977
MIR34C	0.005
MIR3605	
MIR3609	0.565
MIR3612	0.563
MIR3615	0.143
MIR3617	
MIR3619	
MIR3620	-0.216
MIR3621	
MIR3622A	2.185
MIR3649	2.12
MIR3652	-1.504
MIR3654	1.299
MIR3655	0.6
MIR3657	
MIR3660	1.792
MIR3663	
MIR3664	
MIR3667	
MIR3668	2.732
MIR3671	2.664
MIR3672	2.316
MIR3676	0.39
MIR3678	1.486
MIR3679	2.3
MIR3682	
MIR3685	1.887
MIR3686	0.197
MIR3689A	-0.147
MIR3689C	2.039
MIR3689F	1.568
MIR369	
MIR3691	
MIR371B	2.174
MIR373	0.674
MIR375	2.928
MIR376A1	
MIR376C	0.987
MIR377	1.322
MIR378C	4.523
MIR378D1	2.9
MIR378D2	1.78
MIR378E	
MIR378H	0.496
MIR378I	0.836
MIR379	2.809
MIR380	-0.017
MIR381HG	1.212
MIR382	0.234
MIR3908	1.812
MIR3909	-2.02
MIR3910-1	1.246
MIR3911	
MIR3912	0.667
MIR3913-2	0.821
MIR3918	
MIR3924	2.85
MIR3925	1.717
MIR3927	1.029
MIR3928	1.59
MIR3929	1.387
MIR3935	
MIR3936	1.864
MIR3937	1.765
MIR3938	
MIR3939	-0.633
MIR3940	
MIR3945	
MIR3972	0.302
MIR3976	0.832
MIR3978	-1.238
MIR409	-0.698
MIR410	1.269
MIR411	2.796
MIR412	-0.331
MIR421	
MIR422A	2.425
MIR423	0.658
MIR4253	
MIR4255	4.762
MIR4257	
MIR4260	
MIR4262	1.329
MIR4267	1.754
MIR4268	2.913
MIR4270	
MIR4274	1.814
MIR4276	2.351
MIR4277	2.711
MIR4280	
MIR4281	
MIR4283-1	2.535
MIR4283-2	1.999
MIR4284	
MIR4286	
MIR4289	3.123
MIR429	
MIR4290	
MIR4291	3.532
MIR4293	0.823
MIR4296	
MIR4297	
MIR4299	4.198
MIR4303	3.021
MIR4305	0.143
MIR4308	0.243
MIR4309	1.903
MIR431	
MIR4312	
MIR4314	2.066
MIR4318	2.429
MIR4322	
MIR4324	
MIR4325	1.156
MIR4327	1.024
MIR4329	
MIR4330	2.642
MIR4417	1.437
MIR4418	1.626
MIR4419B	1.843
MIR4421	2.941
MIR4422	-1.221
MIR4423	1.631
MIR4424	1.178
MIR4425	5.269
MIR4426	1.865
MIR4427	-0.321
MIR4428	
MIR4431	1.384
MIR4432	0.332
MIR4435-1	
MIR4435-1HG	2.639
MIR4441	
MIR4442	
MIR4443	0.695
MIR4444-1	1.094
MIR4445	1.634
MIR4452	
MIR4453	2.004
MIR4454	4.256
MIR4455	1.32
MIR4456	1.862
MIR4457	1.343
MIR4458HG	2.209
MIR4459	0.397
MIR4460	2.677
MIR4462	2.406
MIR4464	1.276
MIR4465	1.502
MIR4467	1.11
MIR4469	
MIR4470	1.524
MIR4472-1	2.518
MIR4472-2	3.13
MIR4473	
MIR4474	
MIR4475	1.782
MIR4478	3.462
MIR4479	
MIR4480	
MIR4482-1	1.22
MIR4488	2.379
MIR4491	1.06
MIR4493	2.392
MIR4494	-1.928
MIR4495	3.492
MIR4497	3.893
MIR449A	
MIR449B	0.699
MIR449C	
MIR4500HG	2.031
MIR4502	1.075
MIR450A2	
MIR450B	1.283
MIR4510	1.145
MIR4511	
MIR4512	
MIR4513	-1.527
MIR4514	1.507
MIR4515	
MIR4517	
MIR4519	4.077
MIR4520A	2.544
MIR4522	0.596
MIR4523	1.627
MIR4524B	
MIR4526	
MIR4530	-0.22
MIR4532	3.613
MIR4540	
MIR4632	-0.936
MIR4634	2.742
MIR4635	
MIR4636	2.066
MIR4637	
MIR4638	
MIR4641	
MIR4642	-1.007
MIR4643	3.398
MIR4644	
MIR4645	1.043
MIR4646	
MIR4648	
MIR4649	
MIR4651	
MIR4652	
MIR4653	-0.813
MIR4655	
MIR4657	
MIR4661	
MIR4662B	1.81
MIR4663	2.345
MIR4665	1.069
MIR4666B	
MIR4669	-0.862
MIR4671	1.346
MIR4672	
MIR4675	2.238
MIR4676	
MIR4679-2	1.688
MIR4680	
MIR4682	1.5
MIR4686	2.084
MIR4689	1.591
MIR4691	
MIR4692	
MIR4694	0.553
MIR4695	
MIR4697	1.971
MIR4698	0.252
MIR4700	-0.442
MIR4703	0.261
MIR4704	2.015
MIR4705	
MIR4706	0.806
MIR4707	-1.248
MIR4708	1.994
MIR4710	1.918
MIR4712	
MIR4714	
MIR4717	0.559
MIR4719	0.445
MIR4724	
MIR4725	1.19
MIR4727	0.736
MIR4729	
MIR4733	-1.438
MIR4734	2.788
MIR4738	
MIR4739	3.743
MIR4741	0.581
MIR4742	0.179
MIR4743	0.525
MIR4744	-0.03
MIR4745	0.575
MIR4748	
MIR4749	-1.033
MIR4751	-1.205
MIR4752	1.238
MIR4754	1.176
MIR4756	
MIR4757	-0.578
MIR4761	
MIR4762	-0.667
MIR4763	
MIR4764	
MIR4768	
MIR4770	1.554
MIR4772	
MIR4778	2.573
MIR4779	
MIR4780	
MIR4781	0.074
MIR4782	
MIR4783	
MIR4786	-1.341
MIR4787	0.614
MIR4789	-1.315
MIR4790	2.572
MIR4791	
MIR4792	1.874
MIR4794	
MIR4795	2.016
MIR4797	
MIR4798	
MIR4800	
MIR4801	2.504
MIR4802	
MIR4803	-0.143
MIR4804	-1.245
MIR485	
MIR487A	1.336
MIR487B	
MIR492	1.025
MIR493	1.255
MIR494	-0.974
MIR495	1.615
MIR496	0.477
MIR497HG	2.034
MIR498	0.081
MIR4999	0.045
MIR499A	0.914
MIR5002	
MIR5007	2.168
MIR500A	
MIR500B	
MIR501	
MIR5011	1.742
MIR503HG	1.328
MIR506	2.213
MIR507	2.213
MIR508	3.328
MIR509-1	0.524
MIR509-2	0.851
MIR509-3	0.67
MIR5090	-0.51
MIR5091	-0.49
MIR5092	0.831
MIR5093	2.405
MIR510	1.494
MIR5100	2.611
MIR511-2	
MIR512-1	0.885
MIR512-2	1.853
MIR513A1	1.756
MIR513A2	1.521
MIR513B	1.26
MIR513C	2.092
MIR514A1	0.976
MIR514A2	0.618
MIR514A3	2.254
MIR514B	2.934
MIR515-1	0.47
MIR515-2	0.611
MIR516A1	0.126
MIR516A2	0.8
MIR516B1	1.094
MIR516B2	0.38
MIR517A	2.337
MIR517B	1.212
MIR517C	1.737
MIR5186	2.492
MIR5188	
MIR5189	-0.611
MIR518A1	0.409
MIR518A2	1.624
MIR518B	0.964
MIR518C	2.377
MIR518D	1.515
MIR518E	1.536
MIR518F	1.289
MIR5191	-0.323
MIR5193	
MIR5194	
MIR5196	-1.244
MIR5197	-0.16
MIR519A1	-0.966
MIR519A2	1.447
MIR519B	0.788
MIR519C	0.436
MIR519D	2.027
MIR519E	0.495
MIR520A	2.604
MIR520B	1.281
MIR520C	0.728
MIR520D	1.599
MIR520E	2.132
MIR520F	2.291
MIR520G	1.114
MIR520H	1.986
MIR521-1	1.482
MIR521-2	2.051
MIR522	0.46
MIR523	0.659
MIR524	0.39
MIR525	1.266
MIR526A1	1.381
MIR526A2	1.488
MIR526B	2.178
MIR527	1.044
MIR541	0.832
MIR543	
MIR544B	0.928
MIR548A1	4.377
MIR548A2	1.763
MIR548A3	0.876
MIR548AB	3.099
MIR548AC	-0.096
MIR548AD	3.091
MIR548AE1	5.53
MIR548AE2	1.038
MIR548AG1	3.13
MIR548AG2	4.777
MIR548AI	2.243
MIR548AJ1	2.178
MIR548AJ2	-0.198
MIR548AK	-0.702
MIR548AL	1.086
MIR548AO	
MIR548AP	2.656
MIR548AQ	
MIR548AR	
MIR548AT	-0.354
MIR548AW	-0.858
MIR548B	
MIR548C	
MIR548F4	
MIR548F5	
MIR548G	2.999
MIR548H1	
MIR548H2	
MIR548H3	1.601
MIR548H4	1.241
MIR548H5	3.091
MIR548I4	1.856
MIR548J	-0.855
MIR548K	
MIR548L	
MIR548T	
MIR548X2	3.293
MIR548Y	1.686
MIR550A3	
MIR551A	
MIR552	3.803
MIR553	
MIR554	
MIR557	2.341
MIR5579	-0.677
MIR5580	1.258
MIR5581	
MIR5585	
MIR5587	
MIR5589	
MIR559	0.985
MIR563	1.019
MIR564	0.542
MIR568	1.47
MIR5680	1.206
MIR5681A	3.792
MIR5682	-2.67
MIR5688	
MIR5689	0.484
MIR569	
MIR5690	
MIR5691	
MIR5692B	1.836
MIR5692C1	-0.24
MIR5694	2.748
MIR5695	0.002
MIR5696	1.615
MIR570	-1.123
MIR5700	0.893
MIR5701-1	
MIR5701-2	
MIR5702	2.794
MIR5703	2.015
MIR5705	1.504
MIR5706	
MIR5707	1.619
MIR5708	4.924
MIR572	3.793
MIR575	
MIR576	0.601
MIR577	-0.375
MIR578	
MIR579	
MIR580	
MIR585	0.18
MIR586	
MIR587	
MIR588	1.793
MIR589	
MIR590	
MIR593	
MIR595	-0.824
MIR596	1.487
MIR597	
MIR600HG	0.873
MIR602	-0.843
MIR603	-0.882
MIR604	1.058
MIR605	0.481
MIR606	1.286
MIR607	4.328
MIR608	1.596
MIR609	
MIR611	
MIR618	1.626
MIR620	-0.193
MIR621	4.6
MIR622	
MIR627	
MIR633	1.426
MIR635	
MIR636	
MIR637	
MIR642A	
MIR645	
MIR646	2.285
MIR651	2.26
MIR654	-1.432
MIR656	1.849
MIR657	
MIR658	-1.537
MIR663A	
MIR665	1.364
MIR670	
MIR7-2	2.571
MIR7-3	
MIR7-3HG	1.363
MIR720	2.53
MIR758	2.4
MIR759	1.515
MIR769	
MIR873	3.224
MIR876	2.709
MIR877	
MIR888	-1.093
MIR890	-0.288
MIR891A	3.529
MIR891B	1.139
MIR892A	0.735
MIR892B	0.599
MIR920	3.281
MIR922	
MIR92B	-0.017
MIR93	
MIR933	0.944
MIR934	
MIR936	
MIR938	-0.405
MIR940	0.771
MIR942	
MIR943	0.538
MIR944	0.746
MIR95	
MIR96	1.923
MIRLET7A2	
MIRLET7DHG	1.712
MIS12	2.052
MIS18A	1.192
MIS18A-AS1	0.872
MIS18BP1	1.573
MISP	2.672
MITD1	1.541
MITF	5.595
MIXL1	1.397
MKI67	1.935
MKI67IP	1.72
MKI67IPP2	-0.23
MKI67IPP3	1.884
MKI67IPP4	1.917
MKI67IPP7	0.768
MKI67IPP9	4.483
MKKS	2.227
MKL1	2.668
MKL2	4.565
MKLN1	3.368
MKLN1-AS1	3.16
MKLN1-AS2	3.142
MKNK1	2.119
MKNK1-AS1	1.894
MKNK2	3.983
MKNK2P1	1.73
MKRN1	1.909
MKRN2	1.501
MKRN3	2.318
MKRN4P	0.935
MKRN5P	1.092
MKRN7P	2.053
MKRN9P	1.82
MKRNP2	2.344
MKS1	1.72
MKX	2.415
MLANA	1.763
MLC1	2.468
MLEC	4.376
MLF1	1.331
MLF1IP	1.414
MLF2	2.386
MLH1	
MLH3	1.941
MLIP	5.067
MLIP-AS1	1.887
MLIP-IT1	0.942
MLK4	1.97
MLK7-AS1	3.075
MLKL	1.656
MLLT1	4.649
MLLT10	2.866
MLLT11	0.737
MLLT3	3.58
MLLT4	2.805
MLLT4-AS1	2.411
MLLT6	1.824
MLN	2.968
MLNR	1.144
MLPH	3.931
MLST8	2.746
MLTK	3.075
MLX	0.91
MLXIP	2.803
MLXIPL	1.477
MLYCD	2.444
MMAA	1.107
MMAB	1.957
MMACHC	0.982
MMADHC	1.59
MMD	1.545
MMD2	2.47
MME	2.481
MME-AS1	2.185
MMEL1	1.067
MMGT1	1.223
MMP1	0.312
MMP10	0.995
MMP11	1.65
MMP12	0.969
MMP13	1.645
MMP14	2.61
MMP15	2.066
MMP16	2.815
MMP17	2.967
MMP19	1.941
MMP2	2.136
MMP20	2.282
MMP21	1.458
MMP23B	1.224
MMP24	1.739
MMP24-AS1	1.739
MMP25	1.668
MMP26	5.735
MMP27	1.215
MMP28	3.308
MMP3	2.251
MMP7	1.95
MMP8	1.791
MMP9	1.374
MMRN1	2.245
MMRN2	1.843
MMS19	1.56
MMS22L	1.631
MN1	2.632
MNAT1	1.874
MND1	2.568
MNDA	2.882
MNS1	1.836
MNT	1.846
MNX1	1.163
MNX1-AS1	3.454
MNX1-AS2	0.906
MOAP1	1.475
MOB1A	1.603
MOB1AP1	2.348
MOB1AP2	1.855
MOB1B	5.955
MOB2	2.295
MOB3A	4.237
MOB3B	4.099
MOB3C	1.768
MOB4	1.379
MOBP	2.022
MOCOS	2.851
MOCS1	2.199
MOCS1P1	3.69
MOCS2	1.226
MOCS3	1.892
MOG	2.994
MOGAT1	2.273
MOGAT2	1.809
MOGAT3	2.497
MOGS	1.342
MOK	2.633
MON1A	1.27
MON1B	4.847
MON2	1.996
MORC1	2.922
MORC1-AS1	0.8
MORC2	2.967
MORC2-AS1	2.797
MORC3	3.396
MORC4	1.727
MORF4L1	2.73
MORF4L1P4	
MORF4L1P5	1.128
MORF4L1P6	2.053
MORF4L1P7	5.613
MORF4L2	0.731
MORF4L2-AS1	1.997
MORF4L2P1	1.108
MORN1	2.983
MORN2	3.058
MORN3	1.964
MORN4	1.401
MORN5	2.354
MOS	0.721
MOSPD1	1.067
MOSPD2	1.213
MOSPD3	1.292
MOV10	1.718
MOV10L1	2.681
MOXD1	2.79
MOXD2P	1.366
MPC1	
MPC1L	3.141
MPC2	1.892
MPDU1	0.976
MPDZ	4.316
MPEG1	0.775
MPG	
MPHOSPH10	1.948
MPHOSPH6	1.987
MPHOSPH8	4.598
MPHOSPH9	1.518
MPI	2.354
MPL	2.488
MPLKIP	2.294
MPO	1.648
MPP1	1.837
MPP2	0.898
MPP3	1.633
MPP4	3.234
MPP5	2.348
MPP6	2.832
MPP7	2.472
MPPE1	2.415
MPPE1P1	5.465
MPPED1	3.416
MPPED2	2.425
MPRIP	2.285
MPRIP-AS1	1.048
MPST	1.105
MPTX1	3.335
MPV17	1.577
MPV17L2	1.013
MPZ	2.136
MPZL1	1.522
MPZL2	1.957
MPZL3	3.744
MR1	2.095
MRAP	2.912
MRAP2	2.937
MRAS	1.798
MRC1	2.873
MRC1L1	2.713
MRC2	2.447
MRE11A	3.986
MREG	2.027
MRFAP1	1.903
MRFAP1L1	1.434
MRGBP	3.695
MRGPRD	2.932
MRGPRF	1.441
MRGPRG	1.345
MRGPRG-AS1	2.622
MRGPRX2	1.969
MRGPRX3	2.1
MRGPRX4	1.572
MRI1	2.057
MRM1	2.061
MRO	4.68
MROH1	
MROH2A	1.931
MROH2B	3.366
MROH3P	2.408
MROH4P	1.547
MROH5	3.103
MROH6	1.963
MROH7	1.92
MROH7-TTC4	2.442
MROH8	3.0
MROH9	3.274
MRP63	1.204
MRP63P6	
MRP63P7	
MRPL1	1.501
MRPL10	0.794
MRPL11	0.55
MRPL12	1.049
MRPL13	2.291
MRPL14	2.815
MRPL15	3.088
MRPL15P1	0.978
MRPL16	0.615
MRPL17	1.164
MRPL18	2.249
MRPL19	2.042
MRPL2	1.88
MRPL20	2.443
MRPL20P1	0.513
MRPL21	0.9
MRPL22	2.345
MRPL22P1	0.795
MRPL23	4.656
MRPL23-AS1	1.865
MRPL24	0.515
MRPL27	1.221
MRPL28	4.713
MRPL2P1	0.831
MRPL3	1.091
MRPL30	1.541
MRPL32	1.611
MRPL32P1	0.267
MRPL33	1.873
MRPL34	3.595
MRPL35	1.702
MRPL35P1	0.307
MRPL35P2	2.126
MRPL35P3	
MRPL35P4	1.51
MRPL36	1.725
MRPL37	1.895
MRPL37P1	0.77
MRPL38	1.974
MRPL39	2.374
MRPL3P1	-1.293
MRPL4	1.484
MRPL40	1.589
MRPL40P1	3.192
MRPL41	0.02
MRPL42	1.427
MRPL42P2	2.111
MRPL42P3	3.822
MRPL42P4	0.557
MRPL42P6	5.744
MRPL43	1.596
MRPL44	1.269
MRPL45	2.634
MRPL45P1	4.183
MRPL45P2	2.024
MRPL46	2.935
MRPL47	1.132
MRPL48	3.272
MRPL48P1	1.778
MRPL49	1.617
MRPL49P1	2.422
MRPL49P2	0.24
MRPL50	1.792
MRPL50P1	4.552
MRPL50P2	3.152
MRPL50P4	2.997
MRPL51	3.658
MRPL51P2	1.693
MRPL52	1.913
MRPL53	1.709
MRPL53P1	
MRPL54	0.176
MRPL55	2.186
MRPL9	1.274
MRPL9P1	
MRPS10	2.513
MRPS10P2	
MRPS11	2.585
MRPS11P1	2.45
MRPS12	-0.699
MRPS14	0.805
MRPS15	1.694
MRPS15P1	
MRPS16	1.128
MRPS16P1	2.551
MRPS16P2	1.449
MRPS16P3	0.955
MRPS17	1.164
MRPS17P1	1.164
MRPS17P3	5.067
MRPS17P9	
MRPS18A	2.014
MRPS18AP1	
MRPS18B	1.17
MRPS18BP1	
MRPS18BP2	1.969
MRPS18C	1.502
MRPS18CP4	1.474
MRPS18CP6	2.963
MRPS2	1.768
MRPS21	1.426
MRPS21P1	1.548
MRPS21P3	
MRPS21P6	5.232
MRPS21P7	2.049
MRPS21P8	-0.111
MRPS21P9	-0.54
MRPS22	2.279
MRPS23	0.965
MRPS24	2.161
MRPS25	1.435
MRPS26	1.363
MRPS27	2.224
MRPS28	2.483
MRPS30	2.524
MRPS31	1.125
MRPS31P2	2.778
MRPS31P4	-0.862
MRPS31P5	1.069
MRPS33	2.438
MRPS33P2	-1.647
MRPS33P3	2.18
MRPS33P4	
MRPS34	1.241
MRPS35	1.883
MRPS35P2	0.915
MRPS35P3	2.78
MRPS36	1.154
MRPS36P1	0.831
MRPS36P2	1.823
MRPS36P3	
MRPS36P5	3.063
MRPS5	1.131
MRPS5P3	2.159
MRPS5P4	1.093
MRPS6	2.168
MRPS6P2	
MRPS6P4	6.746
MRPS7	1.708
MRPS9	2.006
MRRF	1.899
MRRFP1	2.365
MRS2	2.584
MRS2P2	
MRTO4	1.229
MRVI1	2.076
MRVI1-AS1	2.94
MS4A1	1.304
MS4A10	3.14
MS4A12	1.295
MS4A13	0.989
MS4A14	1.318
MS4A15	1.776
MS4A18	2.576
MS4A2	1.582
MS4A3	2.16
MS4A4A	1.686
MS4A4E	1.974
MS4A5	1.317
MS4A6A	2.103
MS4A6E	1.977
MS4A7	1.318
MS4A8	2.518
MSANTD1	1.459
MSANTD2	2.179
MSANTD2P1	1.278
MSANTD3	1.709
MSANTD3-TMEFF1	3.029
MSANTD4	1.511
MSC	0.583
MSGN1	2.402
MSH2	2.814
MSH3	3.537
MSH4	1.091
MSH5	1.943
MSH5-SAPCD1	1.943
MSH6	2.528
MSI1	1.901
MSI2	5.167
MSL1	0.814
MSL2	1.43
MSL3	1.734
MSL3P1	1.385
MSLN	2.153
MSLNL	2.183
MSMB	
MSMO1	2.161
MSMP	1.127
MSN	1.365
MSNP1	2.519
MSR1	4.511
MSRA	2.943
MSRB1	2.972
MSRB1P1	2.169
MSRB2	1.236
MSRB3	2.099
MSS51	0.688
MST1	0.029
MST1R	0.968
MST4	3.697
MSTN	2.08
MSTO1	2.668
MSTO2P	2.668
MSX1	1.812
MSX2	2.612
MSX2P1	2.748
MT1A	1.768
MT1B	1.357
MT1DP	0.894
MT1E	1.235
MT1F	1.584
MT1G	1.415
MT1H	1.648
MT1HL1	2.53
MT1JP	0.867
MT1L	0.548
MT1M	0.794
MT1P1	0.344
MT1X	1.065
MT1XP1	1.854
MT2A	0.766
MT2P1	1.454
MT3	2.206
MT4	3.609
MTA1	2.622
MTA2	0.745
MTA3	2.406
MTAP	4.585
MTAPP1	1.651
MTAPP2	-0.304
MTATP6P9	0.937
MTBP	1.782
MTCH1	1.925
MTCH2	2.301
MTCO1P3	1.151
MTCO2P1	0.531
MTCO2P3	1.672
MTCO3P2	
MTCP1	2.191
MTCYBP3	-0.657
MTCYBP4	1.831
MTDH	2.493
MTERF	5.01
MTERFD1	1.322
MTERFD2	3.584
MTERFD3	0.709
MTF1	1.159
MTF2	5.991
MTFMT	2.484
MTFP1	1.943
MTFR1	2.054
MTFR1L	1.339
MTFR2	2.363
MTG1	2.452
MTG2	1.861
MTHFD1	4.483
MTHFD1L	4.426
MTHFD1P1	1.908
MTHFD2	2.205
MTHFD2L	5.558
MTHFD2P1	3.399
MTHFD2P3	2.016
MTHFD2P4	6.041
MTHFD2P5	2.801
MTHFD2P6	1.308
MTHFD2P7	2.298
MTHFR	3.586
MTHFS	1.875
MTHFSD	3.004
MTIF2	2.663
MTIF3	1.655
MTL5	1.36
MTM1	1.512
MTMR1	2.361
MTMR10	2.454
MTMR11	
MTMR12	1.541
MTMR14	2.309
MTMR2	2.649
MTMR3	2.179
MTMR4	0.265
MTMR6	1.611
MTMR7	3.99
MTMR8	1.287
MTMR9	5.243
MTMR9LP	2.303
MTND1P11	0.614
MTND1P14	0.261
MTND1P16	
MTND1P18	0.615
MTND1P2	0.442
MTND1P21	1.417
MTND1P22	1.133
MTND1P24	1.837
MTND1P26	0.634
MTND1P27	0.713
MTND1P28	2.393
MTND1P32	-1.903
MTND1P33	2.391
MTND1P34	1.861
MTND1P5	1.282
MTND1P6	-0.01
MTND1P7	2.08
MTND1P9	0.284
MTND2P11	0.571
MTND2P12	0.238
MTND2P16	
MTND2P17	1.891
MTND2P19	1.989
MTND2P2	
MTND2P20	1.766
MTND2P21	-1.432
MTND2P29	
MTND2P30	2.426
MTND2P31	
MTND2P32	0.598
MTND2P33	1.218
MTND2P7	1.814
MTND2P8	3.644
MTND2P9	2.594
MTND3P1	2.798
MTND3P10	
MTND3P2	
MTND3P3	
MTND3P4	2.402
MTND3P5	0.704
MTND3P7	-0.047
MTND3P8	0.665
MTND3P9	
MTND4P1	3.921
MTND4P10	
MTND4P11	0.777
MTND4P12	-1.402
MTND4P13	1.675
MTND4P14	0.421
MTND4P15	0.965
MTND4P16	-0.075
MTND4P17	2.839
MTND4P18	0.301
MTND4P19	
MTND4P2	0.477
MTND4P22	-1.315
MTND4P23	0.354
MTND4P24	1.706
MTND4P25	1.622
MTND4P28	1.567
MTND4P29	1.132
MTND4P3	0.612
MTND4P30	0.018
MTND4P31	1.179
MTND4P32	
MTND4P6	-0.204
MTND4P7	-0.11
MTND4P8	1.384
MTND4P9	1.213
MTND5P1	0.707
MTND5P11	2.708
MTND5P14	1.538
MTND5P15	5.993
MTND5P16	-0.198
MTND5P17	3.702
MTND5P18	2.066
MTND5P19	2.643
MTND5P2	
MTND5P20	-1.862
MTND5P21	1.571
MTND5P22	
MTND5P24	0.449
MTND5P25	0.356
MTND5P26	1.558
MTND5P27	1.564
MTND5P28	1.023
MTND5P3	1.57
MTND5P30	-0.695
MTND5P31	1.014
MTND5P4	0.572
MTND5P5	
MTND5P9	0.772
MTND6P11	-1.092
MTND6P12	4.369
MTND6P13	2.098
MTND6P14	2.99
MTND6P15	0.21
MTND6P17	
MTND6P18	
MTND6P21	-1.284
MTND6P5	0.877
MTND6P7	1.571
MTND6P9	
MTNR1A	2.021
MTNR1B	2.121
MTO1	1.897
MTOR	2.389
MTOR-AS1	2.048
MTPAP	1.987
MTPN	2.638
MTR	3.5
MTRF1	
MTRF1L	1.308
MTRNR2L11	1.159
MTRNR2L12	1.744
MTRNR2L13	3.469
MTRNR2L3	4.448
MTRNR2L4	1.561
MTRNR2L6	2.126
MTRNR2L7	1.262
MTRNR2L8	
MTRR	4.605
MTSS1	3.098
MTSS1L	1.822
MTTP	3.005
MTUS1	5.131
MTUS2	2.574
MTUS2-AS1	1.221
MTUS2-AS2	1.495
MTX1	0.098
MTX2	1.332
MTX3	2.707
MUC1	0.712
MUC12	1.766
MUC13	2.601
MUC15	4.944
MUC16	3.016
MUC17	2.466
MUC19	3.636
MUC2	2.632
MUC20	4.675
MUC21	1.612
MUC22	3.421
MUC3A	1.894
MUC4	7.445
MUC5AC	1.622
MUC5B	5.406
MUC6	3.029
MUC7	3.664
MUC8	1.99
MUCL1	2.073
MUL1	2.038
MUM1	3.567
MUM1L1	1.81
MURC	2.16
MUS81	1.154
MUSK	2.123
MUSTN1	1.208
MUT	1.392
MUTYH	2.276
MVB12A	2.258
MVB12B	2.971
MVD	1.995
MVK	2.128
MVP	3.043
MX1	2.465
MX2	5.448
MXD1	1.484
MXD3	3.017
MXD4	2.313
MXI1	2.64
MXRA5	2.187
MXRA7	1.88
MXRA8	2.08
MYADM	1.061
MYADML	1.15
MYADML2	0.825
MYB	5.203
MYB-AS1	
MYBBP1A	3.406
MYBL1	1.719
MYBL2	3.07
MYBPC1	3.148
MYBPC3	1.7
MYBPH	1.658
MYBPHL	2.697
MYC	1.865
MYCBP	2.49
MYCBP2	3.484
MYCBP2-AS1	3.445
MYCBP2-AS2	
MYCBPAP	1.402
MYCL	1.276
MYCLP1	2.249
MYCLP2	1.219
MYCN	0.832
MYCNOS	1.625
MYCNUN	1.625
MYCT1	1.926
MYD88	1.673
MYEF2	2.511
MYEOV	2.42
MYEOV2	1.307
MYF5	0.996
MYF6	0.577
MYH1	1.689
MYH10	1.929
MYH11	2.367
MYH13	2.34
MYH14	2.799
MYH15	2.764
MYH16	3.514
MYH2	2.602
MYH3	1.604
MYH4	1.754
MYH6	1.053
MYH7	2.146
MYH7B	1.462
MYH8	1.23
MYH9	4.296
MYL1	1.543
MYL10	2.645
MYL12A	1.906
MYL12B	2.276
MYL2	1.402
MYL3	2.38
MYL4	2.051
MYL5	2.743
MYL6	2.426
MYL6B	2.426
MYL6P1	2.099
MYL6P2	1.371
MYL6P3	1.638
MYL7	0.691
MYL8P	1.359
MYL9	0.35
MYLIP	2.057
MYLK	3.287
MYLK-AS1	3.287
MYLK-AS2	0.529
MYLK2	1.396
MYLK3	1.547
MYLK4	2.43
MYLKP1	3.583
MYLPF	0.143
MYNN	0.94
MYO10	3.224
MYO15A	1.074
MYO15B	3.442
MYO16	4.578
MYO16-AS1	2.503
MYO16-AS2	-0.733
MYO18A	2.55
MYO18B	5.593
MYO19	2.93
MYO1A	0.962
MYO1B	3.186
MYO1C	2.225
MYO1D	3.287
MYO1E	3.874
MYO1F	3.729
MYO1G	0.818
MYO1H	3.109
MYO3A	2.872
MYO3B	4.954
MYO5A	5.546
MYO5B	2.455
MYO5C	3.974
MYO6	2.651
MYO7A	3.31
MYO7B	3.308
MYO9A	4.398
MYO9B	3.288
MYOC	1.197
MYOCD	2.55
MYOD1	1.55
MYOF	3.28
MYOG	1.26
MYOM1	4.91
MYOM2	3.05
MYOM3	3.837
MYOT	1.218
MYOZ1	2.16
MYOZ2	1.702
MYOZ3	1.855
MYPN	3.601
MYPOP	1.232
MYRF	1.526
MYRFL	6.5
MYRIP	5.631
MYSM1	1.859
MYT1	3.291
MYT1L	5.318
MYZAP	2.211
MZB1	-0.188
MZF1	
MZT1	2.19
Metazoa_SRP	1.935
N4BP1	1.277
N4BP2	3.046
N4BP2L1	1.581
N4BP2L2	2.093
N4BP3	2.784
N6AMT1	2.926
N6AMT2	2.889
NAA10	1.057
NAA11	1.733
NAA15	1.798
NAA16	1.614
NAA20	1.783
NAA25	4.897
NAA30	2.135
NAA35	1.149
NAA38	3.399
NAA40	1.652
NAA60	5.481
NAAA	1.869
NAALAD2	2.561
NAALADL1	0.516
NAALADL2	4.68
NAALADL2-AS1	1.423
NAALADL2-AS2	4.68
NAALADL2-AS3	1.036
NAB1	1.979
NAB2	1.193
NABP1	5.389
NABP2	1.515
NACA	1.638
NACA2	4.904
NACA3P	1.685
NACAD	1.176
NACAP1	1.754
NACC1	1.81
NACC2	1.824
NADK	2.274
NADK2	3.498
NADK2-AS1	
NADSYN1	2.055
NAE1	2.115
NAF1	2.449
NAGA	0.686
NAGK	4.965
NAGLU	0.905
NAGPA	0.618
NAGS	1.812
NAIF1	
NAIP	0.729
NALCN	5.803
NALCN-AS1	4.006
NAMA	1.628
NAMPT	4.21
NAMPTL	3.045
NANOG	5.097
NANOGNB	1.994
NANOGNBP1	4.712
NANOGNBP3	1.141
NANOGP1	1.392
NANOGP10	1.691
NANOGP2	-0.334
NANOGP3	2.314
NANOGP4	1.449
NANOGP5	
NANOGP6	0.998
NANOGP7	1.325
NANOGP8	1.145
NANOGP9	1.934
NANOS1	3.89
NANOS2	1.82
NANOS3	2.095
NANP	1.392
NANS	0.745
NAP1L1	2.556
NAP1L1P1	1.774
NAP1L1P3	2.521
NAP1L2	1.026
NAP1L3	2.309
NAP1L4	3.069
NAP1L4P1	0.866
NAP1L4P2	1.064
NAP1L4P3	3.603
NAP1L5	1.373
NAP1L6	1.468
NAPA	1.685
NAPA-AS1	1.685
NAPB	1.728
NAPEPLD	2.222
NAPG	1.553
NAPRT1	1.415
NAPSA	1.798
NAPSB	2.306
NARF	2.248
NARFL	2.659
NARG2	2.443
NARG2P1	2.337
NARG2P2	3.619
NARS	2.127
NARS2	2.523
NASP	1.433
NAT1	4.276
NAT10	1.091
NAT16	1.656
NAT2	3.968
NAT6	0.301
NAT8	1.33
NAT8L	2.019
NAT9	1.999
NATP	2.703
NAV1	3.638
NAV2	4.488
NAV2-AS1	1.086
NAV2-AS2	2.711
NAV2-AS3	1.498
NAV2-AS4	1.577
NAV2-AS5	1.015
NAV2-IT1	1.436
NAV3	3.573
NBAS	3.353
NBEA	2.171
NBEAL1	3.711
NBEAL2	1.255
NBEAP1	
NBEAP3	
NBL1	1.44
NBN	1.593
NBPF1	3.027
NBPF12	
NBPF13P	2.323
NBPF15	
NBPF18P	1.131
NBPF21P	3.532
NBPF22P	2.418
NBPF4	2.972
NBPF6	2.547
NBPF7	2.327
NBR1	
NCALD	5.87
NCAM1	3.388
NCAM1-AS1	1.77
NCAM2	4.215
NCAN	2.335
NCAPD2	3.459
NCAPD2P1	1.964
NCAPD3	2.247
NCAPG	0.915
NCAPG2	2.028
NCAPH	3.618
NCAPH2	1.375
NCBP1	1.065
NCBP2	1.114
NCBP2-AS1	1.114
NCBP2-AS2	1.877
NCBP2L	2.198
NCCRP1	1.351
NCDN	1.835
NCEH1	3.342
NCF1	1.576
NCF1B	
NCF1C	3.684
NCF2	1.371
NCF4	2.086
NCK1	1.302
NCK2	2.714
NCKAP1	2.613
NCKAP1L	1.976
NCKAP5	3.926
NCKAP5-IT1	1.575
NCKAP5L	3.537
NCKIPSD	2.248
NCL	2.343
NCLN	2.938
NCLP1	0.901
NCLP2	
NCMAP	2.133
NCOA1	2.866
NCOA2	2.595
NCOA3	2.434
NCOA4	
NCOA5	0.925
NCOA6	1.791
NCOA7	3.206
NCOA7-AS1	1.292
NCOR1	2.76
NCOR1P1	
NCOR1P2	
NCOR1P3	
NCOR2	4.046
NCR1	2.566
NCR2	1.62
NCR3	0.989
NCR3LG1	3.217
NCS1	2.519
NCSTN	1.55
NCSTNP1	1.543
NDC1	2.787
NDC80	1.855
NDE1	1.687
NDE1P2	1.156
NDEL1	6.189
NDFIP1	2.28
NDFIP2	1.376
NDFIP2-AS1	4.051
NDN	2.912
NDNF	2.374
NDNL2	-0.253
NDOR1	2.171
NDP	2.788
NDP-AS1	2.551
NDRG1	2.709
NDRG2	3.319
NDRG3	1.446
NDRG4	2.521
NDST1	3.57
NDST2	1.611
NDST3	2.045
NDST4	4.055
NDUFA1	1.18
NDUFA10	5.96
NDUFA11	1.391
NDUFA12	2.353
NDUFA12P1	0.819
NDUFA13	2.081
NDUFA2	1.106
NDUFA3	1.448
NDUFA3P1	
NDUFA3P2	
NDUFA3P3	1.7
NDUFA3P4	1.604
NDUFA3P6	0.767
NDUFA4	1.362
NDUFA4L2	0.784
NDUFA4P2	2.672
NDUFA5	0.876
NDUFA5P10	2.68
NDUFA5P11	
NDUFA5P12	
NDUFA5P2	1.46
NDUFA5P3	1.622
NDUFA5P4	2.927
NDUFA5P5	2.054
NDUFA5P6	2.925
NDUFA5P7	1.393
NDUFA5P9	3.247
NDUFA6	1.026
NDUFA6-AS1	1.15
NDUFA7	1.552
NDUFA8	3.71
NDUFA9	2.953
NDUFA9P1	-0.64
NDUFAB1	2.398
NDUFAF1	0.906
NDUFAF2	1.646
NDUFAF3	
NDUFAF4	1.162
NDUFAF4P1	-0.063
NDUFAF4P2	0.088
NDUFAF4P3	-1.128
NDUFAF5	1.346
NDUFAF6	1.978
NDUFAF7	1.701
NDUFB1	2.579
NDUFB10	0.733
NDUFB11P1	2.513
NDUFB1P1	
NDUFB1P2	
NDUFB2	1.965
NDUFB2-AS1	1.965
NDUFB3	1.255
NDUFB4	2.064
NDUFB4P1	0.297
NDUFB4P2	
NDUFB5	1.528
NDUFB6	2.967
NDUFB7	1.19
NDUFB8	0.454
NDUFB8P1	0.105
NDUFB8P2	
NDUFB9	2.007
NDUFC1	1.93
NDUFC2	0.698
NDUFC2-KCTD14	1.543
NDUFS1	2.934
NDUFS2	1.138
NDUFS3	
NDUFS4	2.867
NDUFS5	1.298
NDUFS5P1	
NDUFS5P2	1.837
NDUFS5P3	1.657
NDUFS5P4	0.198
NDUFS5P6	1.599
NDUFS6	0.986
NDUFS7	1.533
NDUFS8	1.093
NDUFV1	-0.42
NDUFV2	1.274
NDUFV2P1	1.108
NDUFV3	2.563
NEAT1	1.736
NEB	2.731
NEBL	4.953
NEBL-AS1	3.285
NECAB1	5.731
NECAB2	3.873
NECAB3	0.846
NECAP1	2.276
NECAP1P1	1.338
NECAP1P2	1.096
NECAP2	2.114
NEDD1	1.571
NEDD4	2.195
NEDD4L	2.942
NEDD8	1.412
NEDD8-MDP1	1.412
NEDD9	2.741
NEFH	1.702
NEFHP1	1.825
NEFL	1.89
NEFM	1.011
NEGR1	3.999
NEGR1-IT1	1.607
NEIL1	1.028
NEIL2	3.167
NEIL3	2.453
NEK1	3.729
NEK10	4.048
NEK11	3.569
NEK2	1.116
NEK2P2	
NEK2P4	-1.157
NEK3	1.814
NEK4	1.591
NEK4P1	4.45
NEK4P2	2.059
NEK4P3	1.705
NEK5	3.533
NEK6	3.317
NEK7	3.119
NEK8	1.699
NEK9	2.487
NELFA	2.859
NELFB	2.667
NELFCD	2.436
NELFE	0.518
NELL1	4.949
NELL2	3.086
NEMF	2.196
NENF	1.448
NEO1	3.955
NEPNP	1.751
NES	1.784
NET1	1.713
NETO1	5.274
NETO2	3.286
NEU1	0.817
NEU2	2.059
NEU3	3.484
NEU4	3.825
NEURL	1.782
NEURL1B	2.123
NEURL2	1.686
NEURL3	2.498
NEURL4	1.688
NEUROD1	1.232
NEUROD2	1.655
NEUROD4	1.923
NEUROD6	1.774
NEUROG1	2.936
NEUROG2	1.707
NEUROG3	1.542
NEXN	1.555
NEXN-AS1	1.043
NF1	3.897
NF1P1	
NF1P2	
NF1P3	0.944
NF1P4	
NF1P5	
NF1P6	
NF2	2.819
NFAM1	2.931
NFASC	3.44
NFAT5	2.212
NFATC1	2.467
NFATC2	4.346
NFATC2IP	1.71
NFATC3	2.486
NFATC4	2.876
NFE2	1.854
NFE2L1	0.833
NFE2L2	4.894
NFE2L3	1.903
NFE2L3P1	1.515
NFE4	1.986
NFIA	4.619
NFIB	4.908
NFIC	2.584
NFIL3	3.152
NFIX	2.666
NFKB1	1.424
NFKB2	0.002
NFKBIA	2.929
NFKBIB	1.243
NFKBID	1.337
NFKBIE	1.321
NFKBIL1	2.413
NFKBIZ	2.592
NFRKB	1.687
NFS1	2.188
NFU1	1.013
NFU1P1	1.146
NFU1P2	2.409
NFX1	2.653
NFXL1	1.582
NFYA	1.7
NFYAP1	1.788
NFYB	1.176
NFYC	2.996
NGB	1.076
NGDN	2.571
NGEF	2.469
NGF	2.661
NGFR	2.129
NGFRAP1	0.87
NGLY1	
NGRN	0.458
NHEJ1	2.992
NHLH1	1.072
NHLH2	2.294
NHLRC1	2.242
NHLRC2	2.788
NHLRC3	2.843
NHLRC4	-0.638
NHP2	
NHP2L1	4.003
NHP2P1	
NHP2P2	1.172
NHS	2.16
NHS-AS1	0.647
NHSL1	4.079
NHSL2	2.608
NICN1	0.75
NICN1-AS1	
NID1	2.297
NID2	5.013
NIF3L1	1.856
NIM1	1.961
NIN	2.051
NINJ1	3.045
NINJ2	3.035
NINL	2.592
NIP7	0.956
NIP7P1	3.829
NIP7P2	1.223
NIP7P3	
NIPA1	2.227
NIPA2	1.976
NIPA2P1	0.842
NIPA2P2	3.625
NIPA2P4	1.065
NIPA2P5	4.313
NIPAL1	2.1
NIPAL2	3.346
NIPAL3	4.103
NIPAL4	1.604
NIPBL	2.902
NIPSNAP1	1.437
NIPSNAP3A	1.589
NIPSNAP3B	1.414
NISCH	3.105
NIT1	0.714
NIT2	1.355
NKAIN1	3.388
NKAIN2	5.283
NKAIN3	4.008
NKAIN4	1.853
NKAP	2.256
NKAPL	1.785
NKAPP1	2.343
NKD1	2.874
NKD2	2.616
NKG2-E	1.236
NKG7	1.193
NKIRAS1	1.423
NKIRAS2	3.443
NKPD1	1.012
NKRF	0.862
NKTR	3.329
NKX1-1	
NKX1-2	1.785
NKX2-1	1.282
NKX2-1-AS1	1.984
NKX2-2	1.255
NKX2-2-AS1	0.012
NKX2-3	1.61
NKX2-4	0.967
NKX2-5	1.609
NKX2-6	3.065
NKX2-8	1.328
NKX3-1	2.494
NKX3-2	1.818
NKX6-1	3.268
NKX6-2	2.404
NKX6-3	1.678
NLE1	1.119
NLGN1	4.195
NLGN1-AS1	1.024
NLGN2	1.77
NLGN3	2.464
NLGN4X	4.677
NLK	2.127
NLN	2.002
NLRC3	1.514
NLRC4	1.842
NLRC5	3.831
NLRP1	2.566
NLRP10	2.076
NLRP11	2.722
NLRP12	3.41
NLRP13	3.025
NLRP14	2.17
NLRP2	1.113
NLRP3	4.292
NLRP4	3.631
NLRP5	3.19
NLRP6	2.839
NLRP7	2.146
NLRP8	1.682
NLRP9	2.651
NLRP9P	3.399
NLRX1	0.712
NMB	0.735
NMBR	1.962
NMD3	2.191
NMD3P1	0.607
NME1	4.682
NME1-NME2	1.333
NME1P1	3.412
NME2	1.333
NME2P1	0.878
NME3	-0.97
NME4	1.856
NME5	1.032
NME6	1.82
NME7	3.667
NME8	5.005
NME9	2.069
NMI	1.993
NMNAT1	2.557
NMNAT1P1	1.212
NMNAT1P2	1.611
NMNAT1P3	3.169
NMNAT1P4	1.951
NMNAT1P5	2.525
NMNAT2	2.959
NMNAT3	2.204
NMRAL1	1.867
NMRK1	2.107
NMRK2	2.72
NMS	2.111
NMT1	1.224
NMT2	3.579
NMU	2.397
NMUR1	0.776
NMUR2	2.145
NNAT	-0.166
NNMT	2.092
NNT	3.433
NNT-AS1	2.012
NOA1	0.616
NOB1	1.237
NOBOX	1.326
NOC2L	1.622
NOC3L	1.827
NOC4L	2.152
NOD1	1.802
NOD2	1.582
NODAL	2.509
NOG	1.768
NOL10	2.293
NOL11	1.385
NOL12	1.599
NOL3	2.384
NOL4	2.819
NOL5BP	1.493
NOL6	2.946
NOL7	0.951
NOL8	2.183
NOL9	2.234
NOLC1	0.851
NOM1	4.048
NOMO1	2.1
NONO	
NONOP2	1.151
NOP10	1.265
NOP14	1.344
NOP14-AS1	1.479
NOP16	1.725
NOP2	1.778
NOP56	2.355
NOP58	2.297
NOP9	2.457
NOS1	3.839
NOS1AP	3.036
NOS2	1.733
NOS2P1	0.913
NOS2P3	1.985
NOS3	1.474
NOSIP	1.421
NOSTRIN	2.331
NOTCH1	2.242
NOTCH2	
NOTCH2NL	
NOTCH2P1	-1.01
NOTCH3	1.861
NOTCH4	3.038
NOTO	2.191
NOTUM	1.212
NOV	0.75
NOVA1	3.802
NOVA1-AS1	2.473
NOVA2	2.172
NOX1	1.843
NOX3	5.25
NOX4	2.767
NOX5	3.811
NOXA1	1.346
NOXO1	1.873
NOXRED1	2.487
NPAP1P2	2.679
NPAP1P3	1.018
NPAP1P4	3.25
NPAP1P6	1.347
NPAS1	2.481
NPAS2	2.892
NPAS3	3.644
NPAS4	1.111
NPAT	1.568
NPB	0.641
NPBWR1	2.135
NPBWR2	1.807
NPC1	1.809
NPC1L1	1.646
NPC2	0.981
NPCDR1	-0.279
NPDC1	1.428
NPEPL1	1.879
NPEPPS	3.952
NPFF	0.503
NPFFR1	1.822
NPFFR2	2.108
NPHP1	2.325
NPHP3	1.668
NPHP3-AS1	2.511
NPHP4	2.144
NPHS1	2.454
NPHS2	1.649
NPIPA1	0.801
NPIPA5	1.808
NPIPA8	
NPIPB11	3.575
NPIPB15	1.619
NPIPB1P	2.64
NPIPB3	
NPIPB5	0.427
NPIPB8	1.254
NPL	2.486
NPLOC4	2.821
NPM1	0.841
NPM1P10	2.223
NPM1P11	1.841
NPM1P12	2.323
NPM1P13	0.281
NPM1P14	5.394
NPM1P17	5.845
NPM1P18	2.219
NPM1P19	
NPM1P2	2.254
NPM1P21	1.566
NPM1P22	2.48
NPM1P23	-0.443
NPM1P24	1.367
NPM1P25	-0.703
NPM1P26	-1.118
NPM1P27	
NPM1P28	2.499
NPM1P29	
NPM1P30	1.792
NPM1P31	2.4
NPM1P32	1.701
NPM1P33	1.807
NPM1P34	
NPM1P36	2.903
NPM1P37	
NPM1P39	0.938
NPM1P4	1.484
NPM1P40	-0.071
NPM1P41	0.606
NPM1P42	3.739
NPM1P43	1.449
NPM1P45	-0.244
NPM1P46	1.533
NPM1P47	2.084
NPM1P48	2.311
NPM1P49	2.247
NPM1P50	1.465
NPM1P51	3.929
NPM1P52	1.521
NPM1P6	-1.473
NPM1P8	1.245
NPM1P9	0.461
NPM2	2.017
NPM3	0.37
NPNT	2.454
NPPA	3.429
NPPA-AS1	1.905
NPPB	1.666
NPPC	2.553
NPR1	1.664
NPR2	0.918
NPR3	2.59
NPRL2	0.772
NPRL3	2.479
NPS	4.063
NPSR1	4.948
NPSR1-AS1	4.948
NPTN	2.717
NPTX1	2.963
NPTX2	5.51
NPTXR	2.175
NPVF	2.438
NPY	3.644
NPY1R	1.468
NPY2R	0.95
NPY4R	
NPY5R	2.122
NPY6R	0.608
NQO1	2.638
NQO2	1.991
NR0B1	2.363
NR0B2	1.333
NR1D1	1.291
NR1D2	2.537
NR1H2	2.845
NR1H3	1.943
NR1H4	1.857
NR1H5P	1.073
NR1I2	2.462
NR1I3	1.422
NR2C1	2.28
NR2C2	3.925
NR2C2AP	1.408
NR2E1	3.077
NR2E3	2.902
NR2F1	1.21
NR2F1-AS1	2.368
NR2F2	2.101
NR2F2-AS1	3.16
NR2F6	1.689
NR3C1	2.158
NR3C2	2.609
NR4A1	1.648
NR4A2	2.006
NR4A3	2.246
NR5A1	2.81
NR5A2	2.96
NR6A1	2.394
NRADDP	0.788
NRAP	4.753
NRARP	1.809
NRAS	1.2
NRBF2	1.058
NRBF2P1	2.121
NRBF2P3	1.057
NRBF2P4	0.772
NRBF2P5	2.515
NRBP1	1.168
NRBP2	0.989
NRCAM	4.974
NRD1	3.778
NRDE2	2.454
NREP	3.191
NREP-AS1	2.094
NRF1	2.245
NRG1	4.88
NRG1-IT1	3.009
NRG1-IT2	2.667
NRG1-IT3	0.641
NRG2	2.606
NRG3	4.013
NRG3-AS1	1.337
NRG4	2.559
NRGN	1.589
NRIP1	2.089
NRIP2	4.562
NRIP3	1.728
NRK	3.643
NRL	1.672
NRM	1.479
NRN1	2.45
NRN1L	1.84
NRON	
NRP1	3.003
NRP2	2.921
NRROS	1.48
NRSN1	3.675
NRSN2	3.571
NRTN	1.694
NRXN1	4.875
NRXN2	1.754
NRXN3	5.758
NSA2	1.373
NSD1	2.876
NSDHL	2.204
NSF	6.363
NSFL1C	1.816
NSFP1	4.18
NSG1	2.426
NSG2	6.651
NSL1	1.441
NSMAF	1.675
NSMCE1	1.921
NSMCE2	5.873
NSMCE4A	1.139
NSMF	0.786
NSRP1	2.787
NSRP1P1	1.33
NSUN2	2.549
NSUN3	2.49
NSUN4	1.7
NSUN5	1.967
NSUN5P1	1.922
NSUN5P2	1.576
NSUN6	2.468
NSUN7	2.246
NT5C	0.723
NT5C1A	2.485
NT5C1B	1.655
NT5C1B-RDH14	1.283
NT5C2	1.365
NT5C3A	1.942
NT5C3AP1	0.925
NT5C3B	1.342
NT5CP1	-1.519
NT5DC1	3.736
NT5DC2	1.716
NT5DC3	2.147
NT5DC4	1.998
NT5E	1.616
NT5M	2.2
NTAN1	1.31
NTAN1P2	1.808
NTAN1P3	2.667
NTF3	2.271
NTF4	1.754
NTF6A	-0.119
NTF6B	1.562
NTHL1	1.552
NTM	3.381
NTM-IT	
NTMT1	1.966
NTN1	3.342
NTN3	0.383
NTN4	2.286
NTN5	2.277
NTNG1	2.409
NTNG2	4.152
NTPCR	3.591
NTRK1	2.259
NTRK2	4.301
NTRK3	4.777
NTRK3-AS1	3.042
NTS	4.051
NTSR1	2.177
NTSR2	5.398
NUAK1	2.449
NUAK2	1.26
NUB1	1.917
NUBP1	
NUBP2	2.139
NUBPL	3.628
NUCB1	3.472
NUCB1-AS1	3.472
NUCB2	2.566
NUCKS1	2.483
NUDC	2.447
NUDCD1	2.119
NUDCD2	1.39
NUDCD3	3.932
NUDT1	3.54
NUDT10	0.976
NUDT11	1.913
NUDT12	2.127
NUDT13	2.988
NUDT14	1.723
NUDT15	0.859
NUDT16	1.821
NUDT16L1	2.053
NUDT17	
NUDT18	2.041
NUDT19	1.221
NUDT19P3	0.024
NUDT19P4	
NUDT19P5	1.485
NUDT2	1.466
NUDT21	1.588
NUDT22	-0.161
NUDT3	3.975
NUDT4	4.555
NUDT4P1	
NUDT5	2.557
NUDT6	2.176
NUDT7	2.336
NUDT8	2.139
NUDT9	3.76
NUF2	2.754
NUFIP1	2.565
NUFIP1P	4.929
NUFIP2	4.317
NUGGC	1.643
NUMA1	2.549
NUMB	2.254
NUMBL	2.726
NUP107	3.263
NUP133	1.171
NUP153	1.494
NUP155	1.076
NUP160	2.166
NUP188	1.734
NUP205	3.022
NUP210	3.236
NUP210L	2.408
NUP210P1	3.684
NUP210P2	1.557
NUP210P3	0.674
NUP214	2.131
NUP35	2.073
NUP37	
NUP43	3.567
NUP50	1.038
NUP54	1.663
NUP62	2.405
NUP62CL	0.623
NUP85	2.88
NUP88	2.655
NUP93	2.994
NUP98	4.939
NUPL1	2.033
NUPL1P1	0.182
NUPL2	1.611
NUPR1	2.524
NUPR1L	1.147
NUS1	2.476
NUS1P1	1.954
NUS1P2	0.885
NUS1P4	1.793
NUSAP1	1.387
NUTF2	2.274
NUTF2P2	
NUTM1	1.22
NUTM2A-AS1	1.161
NUTM2D	1.161
NUTM2E	2.752
NUTM2F	0.817
NUTM2HP	1.842
NVL	2.459
NWD1	2.29
NXF1	0.894
NXF2	1.125
NXF2B	0.707
NXF3	1.918
NXF4	1.114
NXF5	1.349
NXN	4.575
NXNL2	6.107
NXPE1	2.529
NXPE2	4.389
NXPE2P1	1.912
NXPE3	2.553
NXPE4	2.014
NXPH1	5.408
NXPH2	2.5
NXPH3	1.494
NXPH4	4.821
NXT1	2.225
NXT1P1	2.176
NXT2	1.493
NYAP1	1.633
NYAP2	3.102
NYNRIN	2.676
NYX	2.101
OACYLP	3.465
OAF	2.357
OARD1	1.723
OAS1	2.171
OAS2	2.069
OAS3	2.029
OASL	6.285
OAT	3.937
OAZ1	2.312
OAZ2	2.123
OAZ3	1.194
OBFC1	3.364
OBP2A	0.85
OBP2B	2.505
OBSCN	1.787
OBSL1	1.287
OC90	1.749
OCA2	2.978
OCEL1	2.638
OCIAD1	1.3
OCIAD1-AS1	1.155
OCIAD2	3.25
OCLM	
OCLN	2.573
OCM	1.604
OCM2	1.936
OCRL	1.371
OCSTAMP	2.113
ODAM	0.978
ODC1	2.135
ODCP	0.351
ODF1	2.545
ODF2	2.155
ODF2L	2.265
ODF3	
ODF3B	2.153
ODF3L2	1.865
ODF4	1.999
OFCC1	4.068
OFD1	1.061
OFD1P17	1.21
OGDH	2.169
OGDHL	1.627
OGFOD1	1.82
OGFOD1P1	2.049
OGFOD2	0.26
OGFOD3	1.618
OGFR	1.282
OGFR-AS1	1.044
OGFRL1	1.675
OGG1	1.594
OGN	1.101
OGT	1.593
OIP5	1.524
OIP5-AS1	4.016
OIT3	3.262
OLA1	3.891
OLA1P1	0.645
OLA1P2	0.513
OLA1P3	1.138
OLFM1	4.172
OLFM2	2.274
OLFM3	2.446
OLFM4	3.542
OLFML1	1.638
OLFML2A	2.961
OLFML2B	2.948
OLFML3	1.102
OLIG1	2.22
OLIG2	0.82
OLIG3	3.3
OLR1	2.826
OMA1	2.522
OMD	
OMG	0.972
OMP	-0.639
ONECUT1	2.526
ONECUT2	3.165
ONECUT3	1.673
OOEP	1.396
OOEP-AS1	1.19
OOSP1	1.182
OPA1	2.364
OPA1-AS1	1.131
OPA3	2.877
OPALIN	1.407
OPCML	5.61
OPCML-IT1	1.738
OPCML-IT2	-0.429
OPHN1	2.551
OPLAH	2.277
OPN1LW	3.107
OPN1MW2	
OPN1SW	1.031
OPN3	3.049
OPN4	1.409
OPN5	1.998
OPRD1	2.014
OPRK1	4.035
OPRL1	3.383
OPRM1	3.005
OPTC	2.599
OPTN	1.809
OR10A2	1.249
OR10A3	2.412
OR10A4	0.785
OR10A5	0.365
OR10A6	2.32
OR10AA1P	1.404
OR10AB1P	2.399
OR10AC1P	-0.255
OR10AD1	1.119
OR10AE1P	1.013
OR10AE3P	1.875
OR10AF1P	
OR10AG1	
OR10AH1P	1.857
OR10AK1P	
OR10B1P	0.902
OR10C1	0.912
OR10D1P	1.709
OR10D3	1.553
OR10D4P	2.013
OR10D5P	1.216
OR10G1P	2.944
OR10G2	1.985
OR10G3	2.996
OR10G4	0.53
OR10G5P	0.716
OR10G6	2.303
OR10G7	3.597
OR10G8	1.26
OR10G9	1.716
OR10H4	1.431
OR10J1	-0.268
OR10J2P	0.781
OR10J3	0.873
OR10J4	-0.534
OR10J5	1.055
OR10J6P	1.97
OR10J7P	0.281
OR10J8P	-0.8
OR10J9P	-0.697
OR10K2	1.633
OR10N1P	2.849
OR10P1	3.136
OR10Q1	1.475
OR10Q2P	2.01
OR10S1	4.358
OR10T1P	1.582
OR10T2	1.4
OR10U1P	1.629
OR10V1	1.98
OR10V2P	-0.459
OR10V3P	-0.658
OR10W1	1.274
OR10X1	3.765
OR10Y1P	-1.238
OR10Z1	1.242
OR11A1	3.101
OR11G1P	2.122
OR11G2	1.512
OR11H4	1.318
OR11H6	1.219
OR11H7	1.51
OR11I1P	1.449
OR11L1	2.788
OR11M1P	1.51
OR11N1P	0.568
OR11Q1P	1.295
OR12D1	-0.958
OR12D2	1.701
OR12D3	0.64
OR13C1P	1.709
OR13C2	1.847
OR13C3	1.748
OR13C4	1.747
OR13C5	2.075
OR13C6P	1.88
OR13C7P	1.179
OR13C8	1.335
OR13C9	1.916
OR13D1	1.347
OR13D2P	0.956
OR13D3P	1.177
OR13E1P	0.813
OR13F1	2.567
OR13G1	1.876
OR13H1	0.993
OR13I1P	1.277
OR13J1	1.06
OR13K1P	0.614
OR13Z1P	1.864
OR13Z2P	4.363
OR13Z3P	1.799
OR14A16	3.031
OR14A2	1.193
OR14C36	1.838
OR14J1	2.327
OR14K1	
OR14L1P	-1.18
OR1A1	1.709
OR1A2	2.01
OR1AA1P	0.803
OR1AB1P	2.42
OR1AC1P	1.108
OR1B1	0.009
OR1C1	1.18
OR1D2	1.984
OR1D3P	0.885
OR1D4	4.4
OR1D5	1.647
OR1E1	3.759
OR1E2	2.692
OR1E3	2.119
OR1F1	1.631
OR1F12	1.436
OR1G1	2.106
OR1H1P	1.741
OR1I1	1.115
OR1J1	2.224
OR1J2	2.301
OR1J4	2.291
OR1K1	0.759
OR1L1	1.062
OR1L3	1.289
OR1L6	1.102
OR1L8	2.673
OR1N1	2.448
OR1N2	1.898
OR1P1	1.78
OR1Q1	0.528
OR1R1P	3.838
OR1S1	1.619
OR1S2	1.02
OR1X1P	1.72
OR1X5P	1.764
OR2A1-AS1	2.773
OR2A12	2.14
OR2A13P	2.102
OR2A14	2.257
OR2A15P	2.876
OR2A2	2.876
OR2A25	2.308
OR2A3P	1.952
OR2A41P	3.141
OR2A42	1.871
OR2A5	2.01
OR2A7	
OR2AD1P	3.181
OR2AE1	2.012
OR2AF1P	0.79
OR2AG1	2.547
OR2AG2	3.691
OR2AH1P	0.974
OR2AJ1	1.3
OR2AL1P	
OR2AM1P	1.521
OR2AP1	1.373
OR2AQ1P	1.019
OR2AT1P	2.157
OR2AT2P	1.234
OR2AT4	1.808
OR2B11	1.952
OR2B2	2.182
OR2B3	0.92
OR2B4P	1.643
OR2B8P	1.412
OR2BH1P	
OR2C1	1.823
OR2C3	0.926
OR2D3	1.174
OR2E1P	1.775
OR2F1	1.71
OR2F2	1.382
OR2G1P	1.016
OR2G2	0.644
OR2G3	-0.143
OR2H1	2.621
OR2H2	0.475
OR2H4P	1.213
OR2H5P	1.801
OR2I1P	2.442
OR2J1	0.244
OR2J2	1.194
OR2J3	0.24
OR2J4P	0.902
OR2K2	4.179
OR2L13	8.159
OR2L3	8.159
OR2L8	
OR2M1P	2.393
OR2M2	1.467
OR2M3	1.569
OR2M4	2.436
OR2M5	2.677
OR2M7	2.292
OR2N1P	1.834
OR2P1P	1.621
OR2Q1P	
OR2R1P	-0.357
OR2S1P	1.728
OR2S2	1.546
OR2T1	1.349
OR2T12	2.53
OR2T32P	2.653
OR2T33	0.309
OR2T4	1.803
OR2T6	3.27
OR2T8	2.554
OR2U1P	1.299
OR2U2P	1.299
OR2W1	2.553
OR2W3	2.547
OR2W5	1.265
OR2W6P	2.059
OR2X1P	
OR2Z1	1.253
OR3A1	-0.996
OR3A2	1.07
OR3A3	2.745
OR3A4P	3.455
OR3A5P	1.161
OR3B1P	2.4
OR3D1P	1.876
OR4A15	
OR4A16	
OR4A21P	
OR4B1	2.462
OR4B2P	2.162
OR4C11	1.733
OR4C14P	1.653
OR4C15	0.986
OR4C16	2.499
OR4C1P	1.264
OR4C2P	1.905
OR4C3	1.811
OR4C4P	1.87
OR4C5	2.106
OR4C6	0.325
OR4D10	2.549
OR4D11	1.69
OR4D2	2.48
OR4D5	1.812
OR4D6	2.021
OR4D7P	1.026
OR4D8P	1.7
OR4D9	1.4
OR4E1	1.539
OR4E2	0.736
OR4G11P	2.953
OR4G1P	
OR4G2P	
OR4G3P	
OR4G4P	
OR4K12P	1.352
OR4K7P	1.025
OR4K8P	2.031
OR4N5	0.766
OR4P1P	1.498
OR4P4	0.878
OR4S1	2.589
OR4S2	0.301
OR4V1P	1.704
OR4X1	2.421
OR4X2	3.621
OR51A10P	0.222
OR51A1P	0.688
OR51A3P	1.171
OR51A4	0.691
OR51A5P	
OR51A6P	-1.381
OR51A7	0.02
OR51A8P	0.416
OR51A9P	1.906
OR51AB1P	
OR51B2	1.142
OR51B3P	1.072
OR51B4	0.086
OR51B5	0.644
OR51B6	1.275
OR51B8P	0.266
OR51C1P	0.559
OR51C4P	-0.619
OR51D1	1.729
OR51E1	2.009
OR51E2	2.188
OR51F1	1.229
OR51F2	0.114
OR51F3P	0.826
OR51F4P	-0.072
OR51F5P	0.338
OR51G1	0.871
OR51G2	-0.463
OR51H1P	0.936
OR51H2P	
OR51I1	1.093
OR51I2	0.46
OR51J1	0.295
OR51K1P	0.781
OR51L1	2.396
OR51M1	0.582
OR51N1P	0.729
OR51P1P	2.121
OR51Q1	0.768
OR51R1P	3.482
OR51S1	0.648
OR51T1	
OR51V1	1.274
OR52A1	1.463
OR52A4	2.257
OR52A5	0.894
OR52B1P	
OR52B2	
OR52B3P	5.507
OR52B4	2.453
OR52B5P	0.408
OR52B6	0.509
OR52D1	0.048
OR52E1	1.859
OR52E2	1.709
OR52E3P	1.634
OR52E4	0.728
OR52E6	0.632
OR52E7P	0.976
OR52E8	-0.542
OR52H1	0.461
OR52H2P	0.881
OR52I1	2.587
OR52I2	1.154
OR52J1P	0.453
OR52J2P	2.444
OR52J3	0.732
OR52K1	1.201
OR52K2	1.936
OR52K3P	1.71
OR52L1	1.394
OR52L2P	2.363
OR52M1	2.621
OR52N1	0.478
OR52N2	0.839
OR52N3P	0.624
OR52N4	2.148
OR52N5	-0.5
OR52P1P	2.743
OR52P2P	1.321
OR52R1	1.081
OR52S1P	1.312
OR52T1P	0.434
OR52U1P	1.202
OR52V1P	1.802
OR52W1	
OR52X1P	
OR52Y1P	0.997
OR52Z1	0.215
OR55B1P	1.516
OR56A1	1.539
OR56A3	1.104
OR56A4	2.405
OR56A7P	1.579
OR56B1	0.537
OR56B2P	0.792
OR56B3P	
OR56B4	
OR5A1	0.83
OR5A2	1.095
OR5AC1	1.554
OR5AC2	0.707
OR5AC4P	0.474
OR5AH1P	-0.36
OR5AK1P	0.902
OR5AK2	0.86
OR5AK3P	4.1
OR5AK4P	0.981
OR5AL1	0.757
OR5AL2P	0.912
OR5AM1P	0.02
OR5AN1	4.653
OR5AN2P	1.394
OR5AO1P	0.989
OR5AP1P	
OR5AP2	1.897
OR5AQ1P	0.978
OR5AR1	0.708
OR5AS1	1.349
OR5AU1	5.135
OR5AW1P	-0.303
OR5AZ1P	1.272
OR5B10P	0.718
OR5B12	2.252
OR5B19P	0.597
OR5B2	1.499
OR5B21	1.966
OR5BA1P	1.005
OR5BB1P	1.137
OR5BC1P	1.092
OR5BD1P	1.169
OR5BE1P	0.654
OR5BH1P	0.205
OR5BL1P	0.442
OR5BM1P	1.928
OR5BN1P	1.413
OR5BN2P	1.126
OR5BP1P	1.769
OR5BQ1P	1.092
OR5BR1P	1.464
OR5BS1P	2.067
OR5C1	1.72
OR5D13	1.072
OR5D15P	1.632
OR5D17P	0.819
OR5D2P	0.836
OR5D3P	0.733
OR5E1P	1.202
OR5F1	
OR5F2P	
OR5G1P	3.034
OR5G3	2.136
OR5G4P	2.233
OR5G5P	2.483
OR5H1	0.823
OR5H14	1.169
OR5H2	1.843
OR5H3P	
OR5H8P	1.428
OR5I1	
OR5J1P	0.832
OR5J2	1.975
OR5J7P	1.73
OR5K1	0.747
OR5K2	0.898
OR5K3	0.103
OR5K4	0.607
OR5M1	2.207
OR5M10	3.507
OR5M11	3.041
OR5M12P	-0.076
OR5M13P	2.277
OR5M14P	3.355
OR5M2P	0.883
OR5M3	2.698
OR5M4P	2.008
OR5M5P	1.779
OR5M6P	0.836
OR5M7P	1.482
OR5M8	1.453
OR5M9	1.83
OR5P1P	1.625
OR5P2	1.057
OR5P3	-0.89
OR5P4P	2.084
OR5R1	0.977
OR5S1P	1.982
OR5T1	1.545
OR5T2	2.71
OR5T3	1.458
OR5V1	3.101
OR5W2	2.073
OR6A2	2.341
OR6B1	1.565
OR6B2	0.862
OR6B3	3.025
OR6C2	-1.111
OR6C3	0.912
OR6C4	1.514
OR6C64P	0.98
OR6C65	2.631
OR6C66P	2.176
OR6C68	1.086
OR6C70	0.017
OR6C71P	0.458
OR6C73P	2.704
OR6C75	1.347
OR6C76	0.005
OR6C7P	0.771
OR6E1P	0.915
OR6F1	1.571
OR6J1	1.795
OR6K1P	1.844
OR6K2	1.192
OR6K3	1.23
OR6K4P	2.23
OR6K5P	1.034
OR6K6	2.154
OR6L2P	-0.436
OR6M1	1.606
OR6M2P	1.859
OR6M3P	1.839
OR6N1	1.835
OR6N2	2.497
OR6P1	1.155
OR6Q1	0.639
OR6R1P	1.798
OR6S1	1.593
OR6T1	2.478
OR6U2P	2.817
OR6V1	1.0
OR6W1P	1.503
OR6X1	0.949
OR6Y1	1.604
OR7A19P	0.256
OR7A5	
OR7D1P	2.891
OR7D2	1.65
OR7D4	4.109
OR7E100P	1.697
OR7E101P	
OR7E104P	-1.328
OR7E105P	0.603
OR7E106P	1.095
OR7E108P	1.371
OR7E109P	2.917
OR7E111P	2.116
OR7E116P	2.825
OR7E121P	0.699
OR7E122P	1.153
OR7E13P	
OR7E14P	1.431
OR7E156P	1.374
OR7E158P	1.404
OR7E159P	0.279
OR7E161P	1.423
OR7E163P	3.841
OR7E16P	2.939
OR7E18P	0.585
OR7E19P	0.993
OR7E1P	1.417
OR7E22P	2.305
OR7E24	1.341
OR7E25P	3.83
OR7E28P	1.209
OR7E2P	
OR7E31P	5.074
OR7E33P	2.019
OR7E47P	2.901
OR7E55P	1.686
OR7E5P	
OR7E62P	1.628
OR7E66P	2.405
OR7E83P	
OR7E89P	1.445
OR7E90P	1.713
OR7E94P	0.421
OR7G3	1.406
OR7H1P	1.135
OR7H2P	5.463
OR7K1P	1.717
OR7L1P	0.719
OR7M1P	2.384
OR8A1	1.717
OR8A2P	1.953
OR8A3P	1.137
OR8B10P	1.579
OR8B12	6.248
OR8B8	1.913
OR8B9P	1.611
OR8D4	1.559
OR8F1P	1.254
OR8G2P	1.802
OR8G3P	1.179
OR8G7P	1.261
OR8H1	0.939
OR8H2	
OR8H3	1.128
OR8I1P	0.999
OR8I2	0.81
OR8I4P	1.198
OR8J1	0.81
OR8J2	2.684
OR8J3	1.266
OR8K1	1.151
OR8K2P	1.129
OR8K3	0.878
OR8K4P	1.034
OR8K5	1.42
OR8L1P	0.906
OR8Q1P	1.789
OR8R1P	1.583
OR8S1	2.139
OR8S21P	1.308
OR8T1P	4.749
OR8U1	0.804
OR8V1P	1.533
OR9A2	3.603
OR9A3P	0.981
OR9A4	
OR9G1	1.894
OR9G2P	0.757
OR9G3P	0.492
OR9G4	0.92
OR9H1P	2.195
OR9I1	
OR9I2P	1.157
OR9I3P	0.775
OR9K1P	1.747
OR9K2	1.6
OR9L1P	0.849
OR9P1P	2.285
OR9Q1	1.858
OR9Q2	1.328
OR9R1P	1.152
OR9S24P	2.243
ORAI1	1.397
ORAI2	0.995
ORAI3	1.158
ORAOV1	2.029
ORAOV1P1	0.224
ORC1	2.683
ORC2	1.809
ORC3	2.44
ORC4	1.15
ORC5	3.15
ORC6	
ORM1	1.039
ORM2	0.761
ORMDL1	1.957
ORMDL2	0.83
ORMDL3	1.048
OS9	2.016
OSBP	2.283
OSBP2	2.121
OSBPL10	4.035
OSBPL10-AS1	2.037
OSBPL11	4.376
OSBPL1A	3.793
OSBPL2	3.234
OSBPL3	3.254
OSBPL5	3.175
OSBPL6	2.543
OSBPL7	2.544
OSBPL8	4.07
OSBPL9	2.433
OSBPL9P1	1.68
OSBPL9P2	2.643
OSBPL9P3	1.362
OSBPL9P4	0.942
OSBPL9P5	-0.404
OSCAR	2.465
OSCP1	1.433
OSER1	1.157
OSER1-AS1	1.788
OSGEP	1.788
OSGEPL1	1.654
OSGEPL1-AS1	0.194
OSGIN1	2.739
OSGIN2	2.009
OSM	1.53
OSMR	2.046
OSR1	2.632
OSR2	0.78
OST4	1.527
OSTC	
OSTCP1	2.091
OSTCP2	1.789
OSTCP4	1.269
OSTCP5	0.354
OSTCP6	-0.524
OSTCP8	-0.402
OSTF1	1.849
OSTF1P1	2.041
OSTM1	5.276
OSTM1-AS1	1.968
OSTN	2.059
OSTN-AS1	1.554
OTC	2.465
OTOA	3.512
OTOF	3.168
OTOG	4.785
OTOGL	2.377
OTOL1	2.355
OTOP1	2.004
OTOP2	2.095
OTOP3	2.046
OTOR	3.235
OTOS	1.936
OTP	5.021
OTUB1	1.965
OTUB2	1.997
OTUD1	2.645
OTUD3	1.997
OTUD4	1.903
OTUD5	0.657
OTUD6A	1.289
OTUD6B	1.628
OTUD7A	2.443
OTUD7B	1.566
OTX1	1.075
OTX2	0.825
OTX2-AS1	4.84
OVCA2	0.073
OVCH1	2.107
OVCH1-AS1	2.173
OVCH2	2.408
OVGP1	1.829
OVOL1	2.231
OVOL2	3.226
OVOL3	1.611
OXA1L	1.129
OXCT1	2.059
OXCT1-AS1	0.582
OXER1	0.756
OXGR1	1.334
OXLD1	1.035
OXNAD1	2.421
OXR1	2.617
OXSM	1.105
OXSR1	1.915
OXT	2.819
OXTR	1.541
P2RX1	4.402
P2RX2	2.141
P2RX3	0.932
P2RX4	2.113
P2RX5	1.626
P2RX5-TAX1BP3	1.626
P2RX6	1.801
P2RX6P	1.459
P2RX7	3.166
P2RY1	1.286
P2RY10	2.265
P2RY11	0.803
P2RY12	1.894
P2RY13	1.591
P2RY14	4.769
P2RY2	2.134
P2RY4	1.513
P2RY6	1.927
P4HA1	2.878
P4HA2	2.525
P4HA2-AS1	0.562
P4HA3	1.46
P4HB	1.717
P4HTM	
PA2G4	0.904
PA2G4P1	2.629
PA2G4P2	6.468
PA2G4P3	0.741
PA2G4P4	-0.923
PAAF1	1.849
PABPC1	5.236
PABPC1L	1.624
PABPC1P1	-0.485
PABPC1P10	2.334
PABPC1P11	-0.442
PABPC1P12	
PABPC1P13	
PABPC1P2	4.404
PABPC1P3	2.264
PABPC1P4	2.936
PABPC1P6	
PABPC1P7	1.524
PABPC1P8	1.377
PABPC1P9	
PABPC3	4.033
PABPC4	1.243
PABPC4L	1.679
PABPC5	1.677
PABPC5-AS1	1.716
PABPN1	0.898
PABPN1L	2.86
PACRG	3.141
PACRGL	3.248
PACS1	2.52
PACS2	2.296
PACSIN1	2.629
PACSIN2	2.121
PACSIN3	1.2
PADI1	1.934
PADI2	3.823
PADI3	1.886
PADI4	1.553
PADI6	4.206
PAEP	2.029
PAF1	0.635
PAFAH1B1	1.859
PAFAH1B2	1.702
PAFAH1B3	2.172
PAFAH2	2.376
PAG1	3.763
PAGE1	1.902
PAGE4	1.735
PAGR1	0.857
PAH	4.355
PAICS	1.754
PAICSP1	1.14
PAICSP2	1.387
PAICSP3	1.737
PAICSP4	0.721
PAICSP5	2.76
PAICSP7	2.747
PAIP1	0.878
PAIP1P1	0.459
PAIP2	2.057
PAIP2B	1.568
PAK1	2.263
PAK1IP1	0.59
PAK2	3.122
PAK3	4.436
PAK4	1.469
PAK6	2.235
PAK7	3.577
PALB2	4.282
PALD1	3.435
PALLD	5.077
PALM	2.481
PALM2	4.194
PALM2-AKAP2	3.37
PALMD	2.42
PAM	4.555
PAM16	2.18
PAMR1	3.162
PAN2	1.654
PAN3	2.41
PAN3-AS1	3.128
PANK1	1.74
PANK2	2.151
PANK3	1.845
PANK4	2.355
PANX1	2.461
PANX2	2.252
PANX3	1.47
PAOX	2.512
PAPD4	4.369
PAPD5	1.035
PAPD7	1.731
PAPL	3.613
PAPLN	1.519
PAPOLA	1.465
PAPOLB	1.895
PAPOLG	2.735
PAPPA	5.031
PAPPA-AS1	1.145
PAPPA-AS2	0.908
PAPPA2	5.213
PAPSS1	3.067
PAPSS2	3.622
PAQR3	6.376
PAQR4	1.383
PAQR5	2.651
PAQR6	0.609
PAQR7	1.492
PAQR8	2.24
PAQR9	1.869
PARD3	5.735
PARD3-AS1	2.603
PARD3B	5.467
PARD6A	1.414
PARD6B	4.15
PARD6G	1.391
PARG	
PARGP1	
PARK2	7.168
PARK7	1.054
PARL	1.528
PARM1	2.724
PARN	2.553
PARP1	2.894
PARP10	2.88
PARP11	2.101
PARP12	3.445
PARP14	1.803
PARP15	2.111
PARP16	5.222
PARP1P1	1.869
PARP2	5.304
PARP3	1.331
PARP4	3.15
PARP4P2	3.214
PARP6	2.226
PARP8	2.869
PARP9	1.984
PARPBP	0.91
PARS2	1.318
PART1	3.083
PARVA	5.73
PARVB	2.845
PARVG	2.156
PASD1	2.476
PASK	3.315
PATE1	1.682
PATE2	1.253
PATE3	0.686
PATE4	1.925
PATL1	2.176
PATL2	1.838
PATZ1	1.334
PAWR	5.134
PAWRP1	1.039
PAX1	3.53
PAX2	4.394
PAX3	2.864
PAX4	1.752
PAX5	4.778
PAX6	1.649
PAX7	2.908
PAX8	4.624
PAX9	2.827
PAXBP1	2.004
PAXBP1-AS1	1.46
PAXIP1	2.159
PAXIP1-AS1	3.917
PAXIP1-AS2	1.913
PBDC1	1.672
PBK	1.164
PBLD	1.17
PBOV1	1.464
PBRM1	3.024
PBX1	2.626
PBX2	2.509
PBX2P1	2.093
PBX3	1.771
PBX4	1.41
PBXIP1	0.869
PC	1.306
PCA3	2.032
PCAT1	2.552
PCAT2	2.456
PCAT4	1.867
PCAT6	1.653
PCAT7	0.723
PCBD1	1.681
PCBD2	3.152
PCBP1	0.414
PCBP1-AS1	4.444
PCBP2	1.301
PCBP2P1	2.014
PCBP2P3	2.032
PCBP3	2.664
PCBP4	0.813
PCCA	2.85
PCCA-AS1	1.836
PCCB	2.36
PCDH1	2.663
PCDH10	3.267
PCDH11X	3.603
PCDH12	3.019
PCDH15	3.969
PCDH17	2.562
PCDH18	2.806
PCDH19	2.141
PCDH20	1.923
PCDH7	3.425
PCDH8	3.232
PCDH8P1	1.434
PCDH9	3.16
PCDH9-AS1	1.272
PCDH9-AS2	1.35
PCDH9-AS3	1.059
PCDH9-AS4	1.353
PCDHA1	2.076
PCDHA10	2.076
PCDHA11	2.076
PCDHA12	2.076
PCDHA13	2.076
PCDHA14	0.704
PCDHA2	2.076
PCDHA3	2.076
PCDHA4	2.076
PCDHA5	2.076
PCDHA6	2.076
PCDHA7	2.076
PCDHA8	2.076
PCDHA9	2.076
PCDHAC1	2.076
PCDHAC2	2.385
PCDHB1	2.993
PCDHB10	0.397
PCDHB11	0.917
PCDHB12	0.587
PCDHB13	-0.176
PCDHB15	1.344
PCDHB16	1.245
PCDHB17	1.358
PCDHB18	0.658
PCDHB19P	0.383
PCDHB2	1.442
PCDHB3	1.072
PCDHB4	1.271
PCDHB5	1.301
PCDHB6	1.222
PCDHB7	1.749
PCDHB8	1.755
PCDHB9	0.497
PCDHGA1	3.546
PCDHGA10	3.546
PCDHGA11	3.546
PCDHGA12	3.546
PCDHGA2	3.546
PCDHGA3	3.546
PCDHGA4	3.546
PCDHGA5	3.546
PCDHGA6	3.546
PCDHGA7	3.546
PCDHGA8	3.546
PCDHGA9	3.546
PCDHGB1	3.546
PCDHGB2	3.546
PCDHGB3	3.546
PCDHGB4	3.546
PCDHGB6	3.546
PCDHGB7	3.546
PCDHGC3	1.675
PCDHGC4	1.675
PCDHGC5	1.675
PCDP1	1.902
PCED1A	1.852
PCED1B	2.309
PCED1B-AS1	1.56
PCED1CP	-0.04
PCF11	2.616
PCGEM1	4.996
PCGF1	1.813
PCGF2	1.296
PCGF3	3.798
PCGF5	3.129
PCGF6	2.539
PCGF7P	1.589
PCID2	2.298
PCIF1	2.245
PCK1	1.968
PCK2	1.672
PCLO	6.152
PCM1	4.458
PCMT1	5.169
PCMTD1	2.3
PCMTD1P3	-0.626
PCMTD2	1.991
PCNA	1.461
PCNAP1	0.872
PCNAP3	1.666
PCNAP4	
PCNP	0.781
PCNPP1	
PCNPP2	2.365
PCNPP4	0.992
PCNPP5	0.186
PCNT	3.499
PCNX	3.432
PCNXL2	3.108
PCNXL3	1.273
PCNXL4	2.394
PCOLCE	1.265
PCOLCE-AS1	1.555
PCOLCE2	3.185
PCP2	0.669
PCP4	5.122
PCP4L1	2.216
PCSK1	1.579
PCSK1N	1.098
PCSK2	4.75
PCSK4	1.486
PCSK5	3.689
PCSK6	3.515
PCSK7	1.902
PCSK9	2.804
PCTP	2.647
PCYOX1	0.803
PCYOX1L	1.078
PCYT1A	1.557
PCYT1B	1.715
PCYT1B-AS1	1.035
PCYT2	1.633
PDAP1	3.108
PDC	3.295
PDCD1	
PDCD10	1.712
PDCD11	1.982
PDCD1LG2	2.928
PDCD2	2.7
PDCD2L	1.48
PDCD4	1.081
PDCD4-AS1	1.55
PDCD5	3.893
PDCD6IP	4.264
PDCD7	2.02
PDCL	2.261
PDCL2	1.798
PDCL3P1	-0.099
PDCL3P3	0.885
PDCL3P4	2.69
PDCL3P5	1.156
PDCL3P6	0.444
PDCL3P7	1.321
PDDC1	1.606
PDE10A	3.572
PDE11A	4.001
PDE12	1.1
PDE1A	4.589
PDE1B	3.512
PDE1C	3.529
PDE2A	2.448
PDE3A	3.617
PDE3B	1.518
PDE4A	2.874
PDE4B	5.995
PDE4C	2.159
PDE4D	3.419
PDE4DIP	
PDE5A	3.802
PDE6A	2.623
PDE6B	3.063
PDE6C	3.444
PDE6D	2.76
PDE6G	4.257
PDE6H	2.059
PDE7A	1.55
PDE7B	2.95
PDE8A	4.098
PDE8B	2.112
PDE9A	2.019
PDF	0.504
PDGFA	
PDGFB	1.851
PDGFC	2.726
PDGFD	1.98
PDGFRA	1.807
PDGFRB	2.1
PDGFRL	3.595
PDHA1	2.255
PDHA2	2.063
PDHB	1.787
PDHX	3.231
PDIA2	0.816
PDIA3	1.444
PDIA3P	1.7
PDIA4	1.756
PDIA5	2.885
PDIA6	3.272
PDIK1L	1.795
PDILT	2.549
PDK1	1.792
PDK2	2.126
PDK3	2.027
PDK4	3.056
PDLIM1	2.084
PDLIM1P1	0.683
PDLIM1P2	1.705
PDLIM1P4	1.246
PDLIM2	1.382
PDLIM3	5.515
PDLIM4	2.525
PDLIM5	2.899
PDLIM7	2.172
PDP1	3.484
PDP2	2.823
PDPK1	2.444
PDPK2	0.759
PDPN	4.287
PDPR	3.98
PDRG1	2.149
PDS5A	1.834
PDS5B	2.029
PDSS1	1.843
PDSS2	5.746
PDX1	0.87
PDX1-AS1	2.172
PDXDC1	2.631
PDXDC2P	1.093
PDXK	2.146
PDXP	1.787
PDYN	2.421
PDZD11	0.405
PDZD2	3.437
PDZD3	0.271
PDZD4	3.624
PDZD7	2.765
PDZD8	2.788
PDZD9	2.044
PDZK1	
PDZK1IP1	1.984
PDZRN3	4.126
PDZRN3-AS1	1.481
PDZRN4	3.885
PEA15	2.55
PEAK1	2.311
PEAR1	1.912
PEBP1	1.363
PEBP1P1	-0.038
PEBP1P2	2.858
PEBP1P3	-0.543
PEBP4	4.344
PECR	2.332
PEF1	1.407
PEG10	0.601
PEG3	3.997
PELI1	0.936
PELI2	4.121
PELI3	1.475
PELO	1.164
PELP1	1.66
PEMT	1.75
PENK	2.417
PEPD	1.846
PER1	1.988
PER2	1.772
PER3	2.203
PERP	2.708
PES1	0.963
PES1P1	1.668
PES1P2	3.264
PET100	0.902
PET112	1.374
PET117	1.307
PEX1	1.02
PEX10	1.703
PEX11A	0.911
PEX11B	
PEX11G	2.679
PEX12	1.282
PEX12P1	2.61
PEX13	2.373
PEX14	4.172
PEX16	1.818
PEX19	1.736
PEX2	1.225
PEX26	3.676
PEX3	1.659
PEX5	1.992
PEX5L	2.869
PEX5L-AS1	0.39
PEX5L-AS2	0.8
PEX6	1.571
PEX7	5.162
PF4	1.088
PF4V1	2.092
PFAS	4.085
PFDN1	2.405
PFDN2	1.783
PFDN4	5.163
PFDN5	1.249
PFDN6	1.742
PFKFB1	2.067
PFKFB2	1.53
PFKFB3	3.622
PFKFB4	1.915
PFKL	1.871
PFKM	1.331
PFKP	2.457
PFN1	0.5
PFN1P1	1.696
PFN1P11	0.968
PFN1P9	2.705
PFN2	1.66
PFN3	-0.514
PFN4	0.997
PGA3	2.311
PGA4	1.779
PGA5	1.779
PGAM1	1.061
PGAM1P1	1.832
PGAM1P10	1.92
PGAM1P11	1.833
PGAM1P13	2.342
PGAM1P2	1.265
PGAM1P3	
PGAM1P4	0.865
PGAM1P5	1.271
PGAM1P6	-0.109
PGAM1P7	
PGAM1P8	-1.083
PGAM1P9	0.628
PGAM2	2.182
PGAM3P	2.671
PGAM4	-0.039
PGAM4P1	1.246
PGAM4P2	2.628
PGAM5	1.94
PGAM5P1	2.984
PGAP1	2.671
PGAP2	2.219
PGAP3	1.948
PGBD1	1.921
PGBD2	2.327
PGBD3	1.494
PGBD4	8.066
PGBD4P1	0.939
PGBD4P3	2.002
PGBD4P4	2.195
PGBD4P7	1.243
PGBD4P8	2.606
PGBD5	3.281
PGC	1.695
PGCP1	1.647
PGD	2.465
PGDP1	1.442
PGF	2.975
PGGT1B	1.361
PGGT1BP1	1.504
PGK1	1.882
PGK1P2	
PGK2	2.539
PGLS	1.842
PGLYRP1	0.589
PGLYRP2	1.629
PGLYRP3	1.491
PGLYRP4	3.066
PGM1	2.789
PGM2	2.286
PGM2L1	1.231
PGM3	1.592
PGM5	1.852
PGP	1.727
PGPEP1	3.741
PGPEP1L	2.346
PGR	1.679
PGRMC1	1.211
PGRMC2	1.521
PGS1	2.639
PHACTR1	4.079
PHACTR2	2.324
PHACTR3	3.701
PHACTR4	2.082
PHAX	1.924
PHB	1.3
PHB2	1.186
PHB2P1	3.887
PHBP1	2.548
PHBP10	-3.495
PHBP11	7.988
PHBP12	-0.407
PHBP13	0.359
PHBP14	3.467
PHBP3	5.9
PHBP4	
PHBP7	1.481
PHBP8	1.125
PHBP9	0.488
PHC1	2.723
PHC1P1	2.181
PHC2	2.907
PHC3	2.537
PHEX	2.835
PHEX-AS1	2.116
PHF1	1.094
PHF10	1.997
PHF11	2.182
PHF12	1.806
PHF13	2.069
PHF14	2.907
PHF15	1.879
PHF16	1.882
PHF17	2.27
PHF19	3.716
PHF2	3.607
PHF20	2.02
PHF20L1	1.679
PHF21A	3.737
PHF21B	4.43
PHF23	1.77
PHF3	3.797
PHF5A	0.832
PHF5CP	
PHF6	1.116
PHF7	1.648
PHF8	2.199
PHGDH	2.023
PHGR1	0.926
PHIP	3.016
PHKA1	1.977
PHKA1-AS1	0.523
PHKA1P1	1.386
PHKA2	2.125
PHKA2-AS1	1.083
PHKB	1.98
PHKBP1	3.225
PHKBP2	1.087
PHKG1	1.893
PHKG2	2.298
PHLDA1	2.854
PHLDA2	0.112
PHLDA3	4.201
PHLDB1	1.19
PHLDB2	2.202
PHLDB3	2.353
PHLPP1	2.599
PHLPP2	1.747
PHOSPHO1	1.231
PHOSPHO2	0.668
PHOX2B	2.657
PHRF1	2.338
PHTF1	2.155
PHTF2	3.223
PHYH	2.531
PHYHD1	1.987
PHYHIP	1.58
PHYHIPL	1.571
PHYKPL	1.439
PI15	3.687
PI16	1.065
PI3	1.831
PI4K2A	1.841
PI4K2B	5.355
PI4KA	1.677
PI4KAP1	
PI4KAP2	
PI4KB	0.666
PIANP	1.327
PIAS1	2.198
PIAS2	2.093
PIAS3	
PIAS4	4.072
PIBF1	4.981
PICALM	3.031
PICK1	1.815
PID1	2.88
PIDD	1.296
PIEZO1	2.457
PIEZO1P1	2.521
PIEZO1P2	2.093
PIEZO2	4.775
PIF1	1.587
PIFO	1.117
PIGA	1.345
PIGB	1.435
PIGC	1.903
PIGCP1	0.794
PIGCP2	7.411
PIGF	1.18
PIGFP1	-1.19
PIGFP2	0.328
PIGFP3	2.653
PIGG	4.136
PIGH	1.337
PIGHP1	
PIGK	1.68
PIGL	5.739
PIGM	0.821
PIGN	3.819
PIGO	1.283
PIGP	1.545
PIGPP2	1.535
PIGPP3	1.367
PIGPP4	2.589
PIGQ	2.981
PIGQP1	2.885
PIGR	1.773
PIGS	1.459
PIGT	1.871
PIGU	1.559
PIGUP1	
PIGV	0.789
PIGW	1.575
PIGX	1.901
PIGY	0.623
PIGZ	2.017
PIH1	
PIH1D1	1.291
PIH1D2	
PIH1D3	1.221
PIK3AP1	2.714
PIK3C2A	2.988
PIK3C2B	2.089
PIK3C2G	3.824
PIK3C3	2.564
PIK3CA	1.871
PIK3CB	2.209
PIK3CD	1.939
PIK3CG	2.515
PIK3IP1	1.746
PIK3R1	2.445
PIK3R2	1.575
PIK3R3	1.9
PIK3R4	2.28
PIK3R5	2.174
PIK3R6	2.886
PIKFYVE	2.656
PILRA	1.593
PILRB	1.322
PIM1	0.948
PIM2	0.843
PIM3	2.643
PIN1	1.023
PIN1P1	0.335
PIN4	1.617
PIN4P1	
PINK1	2.047
PINK1-AS	1.576
PINLYP	0.824
PINX1	2.588
PIP	2.039
PIP4K2A	4.373
PIP4K2B	1.406
PIP4K2C	1.647
PIP5K1A	4.46
PIP5K1B	4.097
PIP5K1C	1.792
PIP5K1P1	-0.522
PIP5K1P2	1.997
PIP5KL1	2.51
PIPOX	2.92
PIPSL	1.159
PIR	1.877
PIRT	1.159
PISD	4.426
PITHD1	1.447
PITPNA	2.673
PITPNA-AS1	1.913
PITPNB	3.089
PITPNC1	4.843
PITPNM1	0.934
PITPNM2	3.737
PITPNM3	2.418
PITRM1	4.011
PITRM1-AS1	-1.162
PITX1	0.718
PITX2	1.84
PITX3	1.206
PIWIL1	6.841
PIWIL2	1.597
PIWIL3	2.247
PIWIL4	2.853
PJA1	2.502
PJA2	2.705
PKD1	2.383
PKD1L1	2.782
PKD1L2	5.087
PKD1L3	3.467
PKD1P1	
PKD1P5	
PKD2	1.735
PKD2L1	2.478
PKD2L2	1.287
PKDCC	2.1
PKDREJ	2.445
PKHD1	3.286
PKHD1L1	1.962
PKIA	1.876
PKIB	4.134
PKIG	2.975
PKLR	1.919
PKM	1.876
PKMP1	1.268
PKMP2	0.932
PKMP3	1.047
PKMP4	2.435
PKMP5	1.986
PKMYT1	1.844
PKN1	2.632
PKN2	1.901
PKN3	1.432
PKNOX1	3.383
PKNOX2	3.447
PKP1	2.581
PKP2	3.708
PKP4	3.626
PKP4P1	0.656
PLA1A	2.287
PLA2G10	1.559
PLA2G12A	1.284
PLA2G12AP1	1.127
PLA2G12AP2	2.019
PLA2G12B	2.589
PLA2G15	2.86
PLA2G16	1.858
PLA2G1B	1.769
PLA2G2A	1.492
PLA2G2C	1.688
PLA2G2D	2.556
PLA2G2E	1.765
PLA2G2F	1.873
PLA2G3	2.105
PLA2G4A	3.196
PLA2G4C	2.245
PLA2G4D	1.704
PLA2G4E	2.666
PLA2G4F	2.832
PLA2G5	2.404
PLA2G6	1.984
PLA2G7	1.646
PLA2R1	4.238
PLAA	1.885
PLAC1	2.251
PLAC1L	1.648
PLAC4	1.168
PLAC8	3.428
PLAC8L1	1.367
PLAC9	2.44
PLAG1	5.182
PLAGL1	3.287
PLAGL2	1.468
PLAT	3.577
PLAU	3.729
PLAUR	2.486
PLB1	2.799
PLBD1	2.931
PLBD2	0.837
PLCB1	6.743
PLCB1-IT1	1.046
PLCB2	0.92
PLCB2-AS1	-0.262
PLCB3	1.618
PLCB4	4.937
PLCD1	4.488
PLCD3	1.651
PLCD4	2.168
PLCE1	1.832
PLCE1-AS1	0.958
PLCG1	1.398
PLCG2	3.573
PLCH1	3.491
PLCH1-AS1	1.587
PLCH1-AS2	
PLCH2	4.348
PLCL1	4.03
PLCL2	3.808
PLCL2-AS1	-0.63
PLCXD2	2.194
PLCXD2-AS1	-0.012
PLCXD3	2.111
PLCZ1	3.224
PLD1	3.357
PLD2	2.941
PLD3	2.281
PLD4	2.359
PLD5	3.381
PLD6	1.181
PLEC	1.916
PLEK	1.688
PLEK2	3.62
PLEKHA1	1.382
PLEKHA2	1.816
PLEKHA3	1.729
PLEKHA3P1	0.911
PLEKHA4	2.706
PLEKHA5	2.759
PLEKHA6	2.381
PLEKHA7	1.65
PLEKHA8	
PLEKHA8P1	1.971
PLEKHB1	1.816
PLEKHB2	2.716
PLEKHD1	2.22
PLEKHF1	3.226
PLEKHF2	2.046
PLEKHG1	2.83
PLEKHG2	2.581
PLEKHG3	2.296
PLEKHG4	1.655
PLEKHG4B	1.985
PLEKHG5	3.359
PLEKHG6	3.35
PLEKHG7	1.768
PLEKHH1	2.75
PLEKHH2	2.304
PLEKHH3	1.453
PLEKHJ1	1.56
PLEKHM1	1.75
PLEKHM1P	1.692
PLEKHM2	2.355
PLEKHM3	3.806
PLEKHN1	2.793
PLEKHO1	1.768
PLEKHO2	0.851
PLEKHS1	2.555
PLG	1.87
PLGRKT	2.23
PLIN1	6.172
PLIN2	2.102
PLIN3	2.59
PLIN4	4.248
PLIN5	0.905
PLK1	5.753
PLK1S1	5.358
PLK2	3.942
PLK3	1.365
PLK4	1.518
PLK5	1.627
PLLP	2.235
PLN	2.334
PLOD1	2.687
PLOD2	1.582
PLOD3	1.4
PLP1	1.497
PLP2	-0.282
PLRG1	1.89
PLS1	4.352
PLS1-AS1	-0.194
PLS3	1.614
PLSCR1	2.755
PLSCR2	2.121
PLSCR4	1.88
PLSCR5	2.007
PLSCR5-AS1	0.103
PLTP	1.723
PLVAP	2.545
PLXDC1	2.885
PLXDC2	3.69
PLXNA1	3.128
PLXNA2	4.54
PLXNA3	1.464
PLXNA4	5.918
PLXNB1	0.584
PLXNB2	3.217
PLXNB3	
PLXNC1	2.467
PLXND1	2.313
PM20D1	6.331
PM20D2	1.401
PMAIP1	3.74
PMCH	0.938
PMCHL1	0.728
PMCHL2	1.615
PMEL	1.179
PMEPA1	4.387
PMF1	1.551
PMF1-BGLAP	1.551
PMFBP1	1.625
PML	2.28
PMM1	1.305
PMM2	3.486
PMM2P1	1.515
PMP2	2.198
PMP22	1.97
PMPCA	1.922
PMPCB	1.322
PMS1	2.394
PMS2	2.703
PMS2CL	2.642
PMS2P1	1.946
PMS2P2	2.578
PMS2P3	4.225
PMS2P5	3.418
PMVK	1.205
PNISR	2.219
PNKD	1.797
PNKP	2.462
PNLDC1	2.281
PNLIP	1.675
PNLIPP1	1.751
PNLIPRP1	2.368
PNLIPRP2	1.485
PNLIPRP3	4.661
PNMA1	2.204
PNMA2	1.451
PNMA3	0.934
PNMA5	0.683
PNMAL1	1.928
PNMAL2	1.451
PNMT	0.932
PNN	1.52
PNO1	3.15
PNOC	1.902
PNP	2.473
PNPLA1	2.014
PNPLA2	1.872
PNPLA3	-1.539
PNPLA4	3.32
PNPLA5	1.672
PNPLA6	1.955
PNPLA7	3.538
PNPLA8	1.302
PNPO	1.351
PNPT1	2.706
PNPT1P1	1.565
PNPT1P2	2.555
PNRC1	0.468
PNRC2	1.788
POC1A	1.91
POC1B	2.283
POC1B-GALNT4	0.599
POC5	2.319
PODN	2.658
PODNL1	1.503
PODXL	3.477
PODXL2	1.693
POF1B	1.849
POFUT1	1.52
POFUT2	1.93
POGK	1.178
POGLUT1	1.688
POGZ	2.396
POLA1	2.052
POLA2	0.778
POLB	2.169
POLD1	3.217
POLD2	1.498
POLD2P1	3.213
POLD3	2.033
POLD4	2.541
POLDIP2	0.262
POLDIP3	1.582
POLE	1.788
POLE2	1.64
POLE3	0.898
POLE4	2.117
POLG	1.289
POLG2	3.597
POLH	0.872
POLHP1	
POLI	1.448
POLK	1.723
POLL	0.814
POLM	1.509
POLN	2.281
POLQ	2.498
POLR1A	3.261
POLR1B	2.026
POLR1C	1.794
POLR1D	2.18
POLR1E	1.237
POLR2A	1.676
POLR2B	1.866
POLR2C	0.72
POLR2CP	2.293
POLR2D	0.943
POLR2E	2.163
POLR2F	4.515
POLR2G	1.158
POLR2H	1.056
POLR2I	1.378
POLR2J	1.599
POLR2J4	2.182
POLR2K	1.175
POLR2KP1	-0.322
POLR2KP2	1.784
POLR2L	1.43
POLR2LP	0.252
POLR2M	3.173
POLR3A	3.451
POLR3B	1.927
POLR3C	
POLR3D	0.351
POLR3DP1	-0.613
POLR3E	1.139
POLR3F	1.058
POLR3G	1.789
POLR3GL	
POLR3H	1.793
POLR3KP1	2.123
POLR3KP2	2.521
POLRMT	1.376
POLRMTP1	4.255
POM121	2.119
POM121C	4.095
POM121L10P	3.55
POM121L12	2.234
POM121L13P	2.536
POM121L1P	
POM121L2	1.355
POM121L3P	3.025
POM121L4P	4.225
POM121L7	
POM121L9P	1.006
POMC	1.345
POMGNT1	1.395
POMGNT2	1.754
POMK	3.089
POMP	1.874
POMT1	2.202
POMT2	3.086
PON1	2.072
PON2	1.694
PON3	1.375
POP1	1.582
POP4	1.915
POP5	2.592
POP7	1.711
POPDC2	2.393
POPDC3	3.417
POR	3.252
PORCN	2.0
POSTN	1.683
POT1	1.556
POTEA	2.466
POTEB	
POTEB2	
POTEC	
POTED	3.688
POTEG	
POTEH	
POTEKP	4.545
POTEM	
POU1F1	1.713
POU2AF1	2.615
POU2F1	3.076
POU2F2	1.848
POU2F3	5.514
POU3F1	2.68
POU3F2	1.775
POU3F3	1.442
POU3F4	
POU4F1	0.535
POU4F2	1.855
POU4F3	0.894
POU5F1	1.951
POU5F1B	1.394
POU5F1P2	1.562
POU5F1P3	0.147
POU5F1P4	
POU5F1P5	
POU5F1P6	0.925
POU5F1P7	-0.34
POU5F2	-0.174
POU6F1	1.718
POU6F2	6.581
POU6F2-AS1	0.954
POU6F2-AS2	1.637
PP13004	2.517
PP13439	1.835
PP2D1	2.21
PPA1	1.794
PPA2	2.17
PPAN	0.803
PPAN-P2RY11	2.38
PPAP2A	1.996
PPAP2B	2.556
PPAP2C	1.73
PPAPDC1A	4.151
PPAPDC1B	0.688
PPAPDC2	2.45
PPAPDC3	2.428
PPARA	3.798
PPARD	3.9
PPARG	2.909
PPARGC1A	3.567
PPARGC1B	2.343
PPAT	1.129
PPATP1	2.365
PPATP2	1.104
PPBP	1.007
PPBPP1	2.237
PPBPP2	1.801
PPCDC	3.007
PPCS	0.977
PPDPF	2.027
PPEF1	1.722
PPEF1-AS1	0.347
PPEF2	2.059
PPFIA1	4.01
PPFIA2	5.197
PPFIA3	1.589
PPFIA4	1.471
PPFIBP1	3.67
PPFIBP2	3.483
PPHLN1	1.951
PPIA	1.859
PPIAL4A	
PPIAL4E	
PPIAP1	2.133
PPIAP10	-0.95
PPIAP11	-1.29
PPIAP13	2.492
PPIAP14	-0.237
PPIAP15	
PPIAP16	1.503
PPIAP17	2.696
PPIAP19	1.668
PPIAP2	-3.298
PPIAP20	
PPIAP21	1.52
PPIAP22	2.319
PPIAP23	2.262
PPIAP24	4.522
PPIAP26	1.407
PPIAP27	1.506
PPIAP28	1.934
PPIAP3	1.915
PPIAP31	1.097
PPIAP6	0.388
PPIAP7	2.121
PPIB	1.326
PPIC	1.262
PPID	1.707
PPIE	1.728
PPIEL	1.352
PPIF	2.054
PPIG	2.866
PPIH	1.485
PPIHP1	
PPIL1	1.827
PPIL1P1	1.756
PPIL2	1.317
PPIL3	2.048
PPIL4	3.857
PPIL6	4.351
PPIP5K1	1.976
PPIP5K2	1.311
PPL	3.489
PPM1A	1.416
PPM1AP1	3.72
PPM1B	1.716
PPM1D	5.131
PPM1E	1.545
PPM1F	2.103
PPM1G	0.768
PPM1H	3.41
PPM1J	0.808
PPM1K	1.341
PPM1L	3.469
PPM1M	0.921
PPM1N	1.06
PPME1	1.92
PPOX	2.384
PPP1CA	3.704
PPP1CB	1.08
PPP1CC	3.619
PPP1R10	0.966
PPP1R10P1	2.78
PPP1R11	0.651
PPP1R11P2	1.71
PPP1R12A	4.112
PPP1R12B	2.606
PPP1R12C	1.382
PPP1R13B	1.722
PPP1R13L	1.721
PPP1R14A	1.075
PPP1R14B	0.923
PPP1R14BP2	1.499
PPP1R14BP3	
PPP1R14BP5	1.95
PPP1R14C	3.476
PPP1R14D	1.787
PPP1R15A	2.389
PPP1R15B	2.143
PPP1R16A	1.683
PPP1R16B	2.556
PPP1R17	5.157
PPP1R18	1.633
PPP1R1A	2.83
PPP1R1AP1	0.661
PPP1R1B	1.499
PPP1R1C	3.36
PPP1R2	4.092
PPP1R21	2.75
PPP1R26	1.857
PPP1R26-AS1	2.089
PPP1R26P1	0.811
PPP1R26P2	
PPP1R26P5	
PPP1R27	1.007
PPP1R2P1	1.576
PPP1R2P10	1.626
PPP1R2P2	1.058
PPP1R2P3	1.729
PPP1R2P4	1.246
PPP1R2P5	1.459
PPP1R2P6	1.33
PPP1R2P9	2.181
PPP1R32	1.023
PPP1R35	-1.071
PPP1R36	1.654
PPP1R37	1.874
PPP1R3A	4.3
PPP1R3B	2.168
PPP1R3C	3.085
PPP1R3D	-0.03
PPP1R3E	0.844
PPP1R3F	2.699
PPP1R3G	2.26
PPP1R42	1.079
PPP1R7	2.448
PPP1R8	2.557
PPP1R8P1	-1.573
PPP1R9A	2.873
PPP1R9B	1.857
PPP2CA	2.215
PPP2CB	1.784
PPP2R1A	2.885
PPP2R1B	1.888
PPP2R2A	2.532
PPP2R2B	3.944
PPP2R2B-IT1	1.722
PPP2R2C	4.393
PPP2R2D	
PPP2R2DP1	0.509
PPP2R3A	1.874
PPP2R3C	0.59
PPP2R4	2.217
PPP2R5A	1.501
PPP2R5B	1.266
PPP2R5C	4.625
PPP2R5D	2.393
PPP2R5E	4.089
PPP3CA	3.447
PPP3CB	1.528
PPP3CC	1.501
PPP3R1	3.323
PPP3R2	0.751
PPP4C	1.14
PPP4R1	1.296
PPP4R1L	2.563
PPP4R2	1.648
PPP4R4	3.351
PPP5C	2.658
PPP5D1	2.194
PPP6C	2.587
PPP6R1	2.39
PPP6R2	4.214
PPP6R2P1	1.314
PPP6R3	2.608
PPRC1	0.642
PPT1	3.563
PPT2	2.17
PPT2-EGFL8	2.18
PPTC7	2.696
PPWD1	1.971
PPY	0.418
PPY2	1.593
PQBP1	0.854
PQLC1	1.56
PQLC1P1	1.284
PQLC2	2.991
PQLC3	2.61
PRAC1	1.073
PRAC2	0.284
PRADC1	1.409
PRADC1P1	0.798
PRAM1	1.521
PRAME	
PRAMEF13	
PRAMEF14	
PRAMEF15	
PRAMEF16	
PRAMEF17	
PRAMEF18	
PRAMEF19	
PRAMEF2	
PRAMEF21	
PRAMEF26	
PRAMEF4	
PRAMEF9	
PRAMENP	
PRAP1	2.595
PRB2	2.783
PRC1	2.722
PRC1-AS1	2.722
PRCC	3.715
PRCD	2.954
PRCP	3.912
PRDM1	2.605
PRDM10	2.469
PRDM11	3.918
PRDM12	1.775
PRDM13	2.223
PRDM14	2.604
PRDM15	2.157
PRDM16	5.058
PRDM2	2.529
PRDM4	1.897
PRDM5	1.938
PRDM6	1.756
PRDM7	
PRDM8	3.262
PRDM9	1.978
PRDX1	0.862
PRDX2	1.76
PRDX2P1	
PRDX2P2	2.312
PRDX2P3	-0.689
PRDX2P4	1.569
PRDX3	1.91
PRDX3P1	0.56
PRDX3P2	0.862
PRDX3P3	3.132
PRDX3P4	-1.079
PRDX4	2.974
PRDX4P1	1.398
PRDX5	0.495
PRDX6	1.142
PREB	1.043
PRED57	0.652
PRED58	0.636
PRED60	1.254
PRED62	0.304
PRELID1	1.121
PRELID1P1	1.013
PRELID1P2	-0.146
PRELID1P3	-0.427
PRELID1P4	1.329
PRELID2	6.034
PRELID2P1	0.191
PRELP	2.612
PREP	3.301
PREPL	2.257
PREX1	3.541
PREX2	2.626
PRF1	1.503
PRG2	0.947
PRG3	0.763
PRG4	2.144
PRH1	0.759
PRH2	0.802
PRICKLE1	1.881
PRICKLE2	4.469
PRICKLE2-AS1	-0.036
PRICKLE2-AS2	0.33
PRICKLE2-AS3	0.944
PRICKLE3	0.62
PRICKLE4	1.027
PRIM1	1.28
PRIM2	3.167
PRIMA1	2.273
PRIMPOL	1.754
PRKAA1	1.699
PRKAA2	2.654
PRKAB1	1.527
PRKAB2	2.234
PRKACA	1.121
PRKACB	5.08
PRKACG	2.181
PRKAG1	1.917
PRKAG2	3.16
PRKAG2-AS1	1.272
PRKAG3	1.939
PRKAR1A	1.331
PRKAR1AP	0.249
PRKAR1B	2.692
PRKAR2A	1.405
PRKAR2A-AS1	
PRKAR2B	2.394
PRKCA	3.58
PRKCB	5.336
PRKCD	
PRKCDBP	2.449
PRKCE	3.926
PRKCG	2.45
PRKCH	3.342
PRKCI	1.363
PRKCQ	2.583
PRKCQ-AS1	4.413
PRKCSH	1.569
PRKCZ	3.701
PRKD1	5.619
PRKD2	1.654
PRKD3	2.294
PRKDC	2.518
PRKG1	6.774
PRKG1-AS1	2.092
PRKG2	4.098
PRKRA	1.47
PRKRIP1	2.059
PRKRIR	3.369
PRKRIRP1	0.888
PRKRIRP2	0.609
PRKRIRP3	1.619
PRKRIRP4	2.59
PRKRIRP5	0.836
PRKRIRP6	0.976
PRKRIRP7	0.063
PRKRIRP8	1.137
PRKRIRP9	1.923
PRKX	2.745
PRKX-AS1	1.164
PRKXP1	3.226
PRL	2.01
PRLH	1.465
PRLHR	1.095
PRLR	2.884
PRM1	0.735
PRM2	0.438
PRM3	0.366
PRMT1	1.624
PRMT10	2.304
PRMT2	1.068
PRMT3	2.717
PRMT5	1.913
PRMT5-AS1	1.817
PRMT6	1.954
PRMT7	1.853
PRMT8	3.531
PRND	1.63
PRNP	5.167
PRNT	1.806
PROB1	2.033
PROC	1.78
PROCA1	0.26
PROCR	0.884
PRODH2	1.967
PROK1	1.391
PROK2	3.84
PROKR1	1.887
PROKR2	1.918
PROL1	2.147
PROM1	5.402
PROM2	1.975
PROP1	1.694
PRORSD1P	1.686
PROS1	
PROSC	0.629
PROSER1	1.732
PROSER2	2.908
PROSER2-AS1	2.908
PROSP	
PROX1	3.293
PROX1-AS1	3.197
PROX2	1.358
PROZ	2.472
PRPF18	3.143
PRPF19	3.585
PRPF19P1	4.606
PRPF3	2.393
PRPF31	2.125
PRPF38A	0.349
PRPF38AP1	2.762
PRPF38AP2	2.377
PRPF38B	1.442
PRPF39	1.992
PRPF4	1.587
PRPF40A	0.907
PRPF40B	2.904
PRPF4B	2.035
PRPF6	2.209
PRPF8	1.27
PRPH	0.697
PRPH2	0.841
PRPS1	1.315
PRPS1L1	2.134
PRPS1P1	0.439
PRPS1P2	0.856
PRPS2	2.55
PRPSAP1	3.358
PRPSAP2	3.931
PRR11	2.414
PRR12	5.102
PRR13	0.824
PRR14	3.665
PRR14L	2.981
PRR15	2.621
PRR15L	0.837
PRR16	6.058
PRR18	2.955
PRR19	2.172
PRR20A	3.307
PRR20FP	1.55
PRR21	0.588
PRR22	1.191
PRR23A	3.335
PRR23B	-0.97
PRR23C	0.239
PRR24	2.026
PRR25	3.627
PRR26	2.536
PRR3	2.627
PRR4	4.233
PRR5	2.807
PRR5-ARHGAP8	5.6
PRR5L	2.863
PRR7	0.443
PRR7-AS1	0.561
PRR9	1.447
PRRC1	5.467
PRRC2A	2.919
PRRC2B	2.142
PRRC2C	2.58
PRRG1	2.254
PRRG2	1.421
PRRG3	2.459
PRRG4	2.498
PRRT1	2.085
PRRT2	0.452
PRRT3	0.724
PRRT3-AS1	1.636
PRRT4	2.655
PRRX1	2.246
PRRX2	3.2
PRSS1	0.874
PRSS12	1.602
PRSS16	1.25
PRSS23	3.797
PRSS29P	1.882
PRSS3	0.803
PRSS33	1.877
PRSS35	2.674
PRSS36	0.944
PRSS37	1.702
PRSS38	2.044
PRSS3P1	1.606
PRSS3P2	2.376
PRSS3P3	
PRSS3P4	0.921
PRSS41	1.819
PRSS42	2.127
PRSS44	1.656
PRSS45	3.868
PRSS46	2.279
PRSS48	2.286
PRSS50	3.868
PRSS51	3.094
PRSS53	0.389
PRSS54	1.087
PRSS55	2.274
PRSS56	3.28
PRSS57	3.239
PRSS58	1.035
PRSS8	1.424
PRTFDC1	1.716
PRTG	2.591
PRTN3	2.129
PRUNE	2.161
PRUNE2	5.351
PRUNEP1	0.554
PRX	2.967
PSAP	1.664
PSAPL1	1.937
PSAT1	4.304
PSAT1P1	2.654
PSAT1P2	1.062
PSAT1P3	2.37
PSAT1P4	1.864
PSCA	4.747
PSD	2.47
PSD2	3.017
PSD3	3.111
PSD4	2.1
PSEN1	3.064
PSEN2	1.415
PSENEN	0.29
PSIP1	2.953
PSKH1	1.881
PSKH2	1.044
PSMA1	2.011
PSMA2	3.681
PSMA2P1	1.846
PSMA2P2	1.478
PSMA2P3	
PSMA3	0.678
PSMA3P	5.49
PSMA4	0.781
PSMA5	1.584
PSMA6	1.651
PSMA6P2	1.04
PSMA6P3	2.238
PSMA6P4	5.32
PSMA7	0.729
PSMA8	2.666
PSMB1	2.66
PSMB10	0.696
PSMB11	1.017
PSMB2	2.903
PSMB3	1.864
PSMB3P2	-0.632
PSMB4	1.955
PSMB5	1.932
PSMB6	0.968
PSMB7	1.737
PSMB7P1	1.989
PSMB8	1.046
PSMB9	2.628
PSMC1	3.038
PSMC1P1	1.851
PSMC1P10	2.903
PSMC1P11	2.362
PSMC1P12	3.71
PSMC1P13	1.685
PSMC1P2	1.041
PSMC1P3	1.42
PSMC1P4	2.282
PSMC1P5	1.425
PSMC1P6	4.026
PSMC1P7	1.284
PSMC1P8	3.272
PSMC1P9	1.751
PSMC2	1.72
PSMC3	1.506
PSMC3IP	2.531
PSMC4	1.114
PSMC5	1.702
PSMC6	2.039
PSMD1	2.561
PSMD10	1.584
PSMD10P1	0.382
PSMD10P2	1.28
PSMD10P3	1.482
PSMD11	1.651
PSMD12	1.374
PSMD12P	3.07
PSMD13	3.273
PSMD14	1.93
PSMD2	0.911
PSMD3	0.995
PSMD4	2.615
PSMD4P1	3.545
PSMD5	4.105
PSMD5-AS1	4.105
PSMD6	3.062
PSMD6-AS2	1.298
PSMD7	1.164
PSMD7P1	1.355
PSMD8	2.133
PSMD9	1.231
PSME2	1.183
PSME2P2	2.418
PSME3	0.825
PSME4	2.199
PSMF1	2.598
PSMG1	3.18
PSMG2	3.923
PSMG3	1.787
PSMG3-AS1	1.787
PSMG4	3.713
PSORS1C1	2.788
PSORS1C2	0.463
PSORS1C3	1.348
PSPC1	2.86
PSPC1P1	2.392
PSPH	1.45
PSPHP1	1.947
PSPN	2.094
PSRC1	2.018
PSTK	1.443
PSTPIP1	1.424
PSTPIP2	2.62
PTAFR	1.915
PTAR1	4.443
PTBP1	3.4
PTBP1P	0.829
PTBP2	2.515
PTBP3	3.179
PTCD1	3.421
PTCD2	1.177
PTCD2P1	1.993
PTCD2P2	1.503
PTCD3	1.147
PTCH1	1.943
PTCH2	1.599
PTCHD1	2.228
PTCHD2	2.649
PTCHD3	1.907
PTCHD3P1	3.364
PTCHD3P2	1.117
PTCHD3P3	1.663
PTCHD4	1.832
PTCRA	1.222
PTCSC3	2.433
PTDSS1	2.505
PTDSS2	2.537
PTEN	2.605
PTENP1	0.917
PTER	6.503
PTF1A	1.006
PTGDR	2.661
PTGDR2	1.754
PTGDS	1.445
PTGER1	1.976
PTGER2	2.485
PTGER3	2.517
PTGER4	2.768
PTGES	3.356
PTGES2	
PTGES3	1.649
PTGES3L	1.428
PTGES3L-AARSD1	2.9
PTGES3P1	2.34
PTGES3P2	0.632
PTGES3P3	1.762
PTGES3P4	2.127
PTGES3P5	4.026
PTGFR	5.908
PTGFRN	2.11
PTGIR	1.916
PTGIS	2.276
PTGR1	2.22
PTGR2	3.642
PTGS1	2.15
PTGS2	1.977
PTH	1.046
PTH1R	4.224
PTH2	0.709
PTH2R	6.276
PTHLH	2.404
PTK2	3.425
PTK2B	2.036
PTK6	1.196
PTK7	2.354
PTMA	1.649
PTMAP1	
PTMAP3	-1.29
PTMAP4	1.677
PTMAP5	3.831
PTMAP6	2.939
PTMAP8	1.017
PTMS	2.284
PTN	2.711
PTOV1	2.852
PTOV1-AS1	1.395
PTP4A1	2.365
PTP4A1P3	-0.308
PTP4A1P4	4.269
PTP4A1P5	3.299
PTP4A1P6	0.965
PTP4A2	4.853
PTP4A2P1	0.643
PTP4A2P2	0.113
PTP4A3	2.674
PTPDC1	1.788
PTPLA	1.407
PTPLAD1	1.587
PTPLAD2	1.225
PTPLB	-0.64
PTPMT1	
PTPN1	2.141
PTPN11	4.196
PTPN12	2.716
PTPN13	2.0
PTPN14	3.176
PTPN18	
PTPN2	3.569
PTPN20A	
PTPN20B	1.177
PTPN20CP	
PTPN21	2.175
PTPN22	0.926
PTPN23	0.975
PTPN2P1	0.514
PTPN2P2	
PTPN3	3.265
PTPN4	3.379
PTPN5	2.305
PTPN6	2.588
PTPN7	2.048
PTPN9	1.447
PTPRA	4.561
PTPRB	2.745
PTPRC	2.42
PTPRCAP	1.735
PTPRD	4.736
PTPRE	3.479
PTPRF	1.174
PTPRG	4.485
PTPRG-AS1	4.163
PTPRH	2.071
PTPRJ	2.345
PTPRK	5.515
PTPRM	4.512
PTPRN	2.389
PTPRN2	5.573
PTPRO	4.597
PTPRQ	4.026
PTPRR	3.274
PTPRS	3.491
PTPRT	4.575
PTPRU	3.541
PTPRVP	2.527
PTPRZ1	3.704
PTRF	1.647
PTRH1	1.203
PTRH2	2.393
PTRHD1	1.443
PTS	1.309
PTTG1	1.691
PTTG1IP	1.988
PTTG2	-0.543
PTTG3P	
PTTG4P	
PTX3	1.909
PTX4	2.608
PUF60	2.063
PUM1	3.423
PUM2	2.417
PURA	1.078
PURB	1.094
PURG	1.788
PUS1	1.567
PUS10	1.533
PUS3	1.095
PUS7	3.418
PUS7L	2.446
PUSL1	2.175
PVALB	1.787
PVR	0.804
PVRIG2P	0.798
PVRL1	4.662
PVRL2	2.872
PVRL3	4.229
PVRL3-AS1	6.652
PVRL4	1.222
PVT1	5.868
PWAR6	0.599
PWP1	1.148
PWP2	1.554
PWWP2A	1.602
PWWP2AP1	2.657
PWWP2B	1.619
PXDC1	2.099
PXDN	2.437
PXDNL	4.17
PXK	2.685
PXMP2	1.94
PXMP4	1.779
PXN	2.253
PXN-AS1	0.749
PXT1	2.807
PYCARD	0.003
PYCR1	1.318
PYCRL	4.97
PYDC1	0.341
PYDC2	3.298
PYGB	1.377
PYGL	2.781
PYGM	1.713
PYGO1	3.007
PYGO2	0.959
PYHIN1	2.435
PYROXD1	1.859
PYROXD2	3.123
PYURF	0.871
PYY	2.164
PYY2	0.323
PZP	1.612
QARS	1.122
QDPR	3.039
QKI	4.384
QPCT	3.36
QPCTL	0.972
QPRT	1.505
QRFP	1.228
QRFPR	3.256
QRICH1	1.196
QRICH2	2.129
QRSL1	2.491
QRSL1P1	1.542
QRSL1P2	-0.799
QRSL1P3	0.556
QSER1	2.733
QSOX1	2.939
QSOX2	1.978
QTRT1	2.662
QTRT1P1	
QTRTD1	2.326
R3HCC1	1.385
R3HCC1L	3.509
R3HDM1	5.053
R3HDM2	2.467
R3HDM2P1	0.828
R3HDM2P2	4.124
R3HDM4	1.885
R3HDML	0.995
RAB10	4.787
RAB11A	2.042
RAB11AP1	1.619
RAB11AP2	1.557
RAB11B	1.232
RAB11B-AS1	0.872
RAB11FIP1	1.793
RAB11FIP1P1	-0.089
RAB11FIP2	4.301
RAB11FIP3	2.366
RAB11FIP4	2.341
RAB11FIP5	2.904
RAB12	1.77
RAB13	3.376
RAB14	2.008
RAB15	3.161
RAB17	2.755
RAB18	1.915
RAB19	2.184
RAB1A	1.641
RAB1B	1.299
RAB1C	0.756
RAB20	2.441
RAB21	2.103
RAB22A	2.279
RAB23	2.01
RAB24	1.681
RAB25	1.005
RAB26	2.11
RAB27A	3.961
RAB27B	5.322
RAB28	2.093
RAB2A	2.829
RAB2B	1.902
RAB30	5.259
RAB30-AS1	1.761
RAB31	3.09
RAB32	6.214
RAB33A	0.874
RAB33B	1.68
RAB34	0.725
RAB35	4.441
RAB36	1.856
RAB37	3.387
RAB38	2.121
RAB39A	1.823
RAB39B	2.272
RAB3A	1.031
RAB3B	4.213
RAB3C	5.198
RAB3D	1.97
RAB3GAP1	5.779
RAB3GAP2	2.258
RAB3IL1	1.926
RAB3IP	2.904
RAB40B	3.707
RAB40C	2.461
RAB41	1.199
RAB42	2.685
RAB42P1	
RAB43	1.618
RAB44	2.84
RAB4A	4.346
RAB4B	4.154
RAB4B-EGLN2	4.154
RAB5A	2.178
RAB5B	2.249
RAB5C	2.611
RAB5CP1	0.652
RAB5CP2	2.577
RAB6A	2.947
RAB6B	2.417
RAB7A	1.683
RAB7L1	3.487
RAB8A	1.847
RAB8B	1.774
RAB9A	1.748
RAB9B	2.482
RAB9BP1	-0.175
RABAC1	1.105
RABEP1	2.725
RABEP2	1.113
RABEPK	1.543
RABEPKP1	2.768
RABGAP1	3.522
RABGAP1L	3.76
RABGAP1L-IT1	0.127
RABGEF1	2.77
RABGGTA	1.547
RABGGTB	0.767
RABIF	1.62
RABL2A	2.211
RABL2B	0.198
RABL3	1.974
RABL5	2.568
RABL6	1.901
RAC1	4.36
RAC1P1	0.637
RAC1P2	1.371
RAC1P3	
RAC1P4	2.057
RAC1P5	0.792
RAC1P6	
RAC1P7	
RAC1P8	1.533
RAC2	3.034
RAC3	0.579
RACGAP1	2.079
RAD1	1.213
RAD17	3.106
RAD17P1	0.999
RAD17P2	1.194
RAD18	3.924
RAD21	0.426
RAD21-AS1	2.14
RAD21L1	2.654
RAD23A	0.713
RAD23B	6.736
RAD23BLP	1.834
RAD23BP1	2.128
RAD23BP2	4.254
RAD50	3.536
RAD51	1.827
RAD51-AS1	1.14
RAD51AP1	0.95
RAD51AP2	1.75
RAD51B	4.802
RAD51C	0.9
RAD51D	1.074
RAD51L3-RFFL	2.455
RAD52	4.382
RAD54B	3.562
RAD54L	0.611
RAD54L2	1.379
RAD9A	2.521
RAD9B	2.053
RADIL	2.643
RAE1	4.448
RAET1E	1.945
RAET1E-AS1	1.945
RAET1G	2.957
RAET1M	1.851
RAF1	1.002
RAG1	1.603
RAG2	0.697
RAI1	2.222
RAI1-AS1	0.684
RAI14	2.501
RAI2	0.986
RALA	4.133
RALB	1.869
RALBP1	2.786
RALGAPA1	3.006
RALGAPA2	3.9
RALGAPB	1.885
RALGDS	2.024
RALGPS1	3.293
RALGPS2	4.48
RALY	3.039
RALYL	2.74
RAMP1	3.321
RAMP2	1.107
RAMP2-AS1	1.891
RAMP3	2.861
RAN	2.157
RANBP1	1.189
RANBP10	2.242
RANBP17	2.66
RANBP2	2.726
RANBP20P	-0.737
RANBP3	1.903
RANBP3L	2.076
RANBP6	0.981
RANBP9	2.198
RANGAP1	0.872
RANGRF	0.953
RANP2	
RANP3	-0.434
RANP4	1.135
RANP5	1.98
RANP6	3.1
RANP7	2.862
RANP8	0.685
RANP9	
RAP1A	3.555
RAP1AP	-0.515
RAP1B	2.259
RAP1GAP	1.889
RAP1GAP2	3.946
RAP1GDS1	3.053
RAP2A	1.267
RAP2B	0.669
RAP2C	1.282
RAP2C-AS1	2.914
RAP2CP1	1.537
RAPGEF1	2.952
RAPGEF2	4.396
RAPGEF3	2.365
RAPGEF4	3.525
RAPGEF4-AS1	2.996
RAPGEF5	2.459
RAPGEF6	3.09
RAPGEFL1	1.678
RAPH1	3.223
RAPSN	1.403
RARA	1.34
RARB	3.999
RARG	2.503
RARRES1	2.204
RARRES2	2.439
RARRES2P3	
RARRES2P5	
RARRES2P6	
RARRES2P8	1.306
RARRES2P9	2.131
RARRES3	0.313
RARS	2.316
RARS2	2.136
RASA1	1.714
RASA2	5.675
RASA2-IT1	3.487
RASA3	3.846
RASA3-IT1	1.082
RASA4B	1.771
RASA4CP	4.46
RASA4DP	2.027
RASAL1	2.615
RASAL2	1.881
RASAL2-AS1	1.566
RASAL3	1.606
RASD1	1.271
RASD2	1.52
RASEF	2.292
RASGEF1A	2.306
RASGEF1B	2.769
RASGEF1C	2.371
RASGRF1	2.402
RASGRF2	3.897
RASGRP1	5.889
RASGRP2	2.276
RASGRP3	3.095
RASGRP4	2.428
RASIP1	2.604
RASL10A	2.572
RASL10B	1.388
RASL11A	1.322
RASL11B	1.887
RASL12	1.568
RASSF1	1.684
RASSF10	2.198
RASSF2	3.186
RASSF3	3.083
RASSF4	2.362
RASSF5	1.388
RASSF6	2.772
RASSF7	1.477
RASSF8	2.305
RASSF8-AS1	2.101
RASSF9	1.254
RAVER1	1.459
RAVER2	2.396
RAX	0.775
RAX2	1.045
RB1	2.211
RB1CC1	2.958
RBAK	2.143
RBAK-RBAKDN	2.512
RBAKDN	1.869
RBBP4	2.462
RBBP4P1	0.859
RBBP4P2	
RBBP4P3	2.872
RBBP4P4	2.424
RBBP4P5	2.054
RBBP4P6	2.747
RBBP5	2.775
RBBP6	1.77
RBBP7	0.762
RBBP8	2.992
RBBP8NL	1.836
RBBP8P1	0.613
RBBP9	1.047
RBCK1	2.774
RBFA	1.107
RBFADN	1.437
RBFOX1	6.947
RBFOX2	2.192
RBFOX3	3.632
RBKS	1.696
RBL1	1.346
RBL2	4.26
RBM10	1.3
RBM11	1.695
RBM12	2.225
RBM12B	1.883
RBM12B-AS1	1.749
RBM14	2.288
RBM14-RBM4	2.288
RBM15	1.765
RBM15B	
RBM17	1.351
RBM18	1.527
RBM19	4.163
RBM20	4.271
RBM22	2.027
RBM22P1	0.512
RBM22P2	
RBM22P5	0.774
RBM23	1.713
RBM24	2.164
RBM25	3.003
RBM26	4.02
RBM26-AS1	1.604
RBM27	2.464
RBM28	3.479
RBM3	0.844
RBM33	2.268
RBM34	1.277
RBM38	1.866
RBM39	2.137
RBM4	2.288
RBM41	0.86
RBM42	2.978
RBM43	1.401
RBM43P1	1.565
RBM44	2.503
RBM45	0.419
RBM46	2.25
RBM47	4.006
RBM48	1.77
RBM48P1	4.51
RBM4B	1.995
RBM5	0.658
RBM6	1.761
RBM7	1.771
RBM8A	
RBMS1	2.839
RBMS2	2.608
RBMS2P1	-0.298
RBMS3	4.343
RBMS3-AS1	1.814
RBMS3-AS2	2.719
RBMS3-AS3	2.903
RBMX2	1.961
RBMX2P1	
RBMX2P2	1.791
RBMX2P3	0.461
RBMX2P4	2.683
RBMX2P5	1.081
RBMXL1	1.59
RBMXL2	2.49
RBMXL3	0.517
RBMXP1	5.196
RBMXP2	1.655
RBMXP4	0.991
RBP1	1.921
RBP2	1.542
RBP3	2.113
RBP4	1.769
RBP5	1.143
RBP7	2.403
RBPJ	4.789
RBPJL	2.073
RBPJP5	
RBPJP6	
RBPJP7	
RBPMS	1.294
RBPMS-AS1	1.279
RBPMS2	2.092
RBPMSLP	1.345
RBX1	2.143
RC3H1	2.018
RC3H1-IT1	1.235
RC3H2	4.379
RCAN1	1.757
RCAN2	3.127
RCAN3	2.821
RCBTB1	3.623
RCBTB2	1.841
RCBTB2P1	1.119
RCC1	2.894
RCC2	2.149
RCC2P3	0.999
RCC2P4	-0.308
RCC2P5	1.466
RCC2P7	1.636
RCC2P8	
RCCD1	2.032
RCE1	0.84
RCHY1	1.495
RCL1	2.379
RCN1	1.96
RCN1P1	2.418
RCN2	1.208
RCN3	1.908
RCOR1	2.285
RCOR2	0.039
RCOR3	1.775
RCSD1	2.982
RCVRN	2.016
RD3	2.794
RD3L	-0.449
RDH10	1.304
RDH11	0.891
RDH12	1.901
RDH13	2.513
RDH14	0.953
RDH16	3.008
RDH5	1.506
RDH8	2.517
RDM1	3.551
RDX	1.862
REC8	0.465
RECK	1.669
RECQL	3.48
RECQL4	0.463
RECQL5	2.125
REEP1	2.166
REEP2	1.047
REEP3	1.684
REEP4	1.803
REEP5	2.139
REEP6	1.665
REG1B	1.654
REG1P	
REG3A	1.523
REG3G	3.163
REG4	2.328
REL	1.102
RELA	1.357
RELB	1.546
RELL1	3.163
RELL2	0.915
RELN	3.3
RELT	1.308
REM1	2.532
REM2	1.654
REN	2.152
RENBP	1.136
REP15	-0.088
REPIN1	2.158
REPS1	3.333
REPS2	2.866
RER1	0.788
RERE	3.948
RERG	1.807
RERG-AS1	0.762
RERG-IT1	0.372
RERGL	2.5
RESP18	2.571
REST	2.642
RET	1.974
RETN	1.181
RETNLB	1.602
RETSAT	3.379
REV1	1.396
REV3L	3.868
REV3L-IT1	-1.175
REXO1	2.403
REXO1L1	
REXO1L2P	
REXO1L8P	
REXO1L9P	
REXO2	1.784
REXO4	1.23
RFC1	5.528
RFC2	1.33
RFC3	4.225
RFC3P1	2.354
RFC4	0.708
RFC5	4.315
RFESD	0.701
RFESDP1	1.721
RFFL	2.455
RFK	1.644
RFKP1	
RFKP2	2.005
RFNG	2.196
RFPL1	2.579
RFPL1S	5.631
RFPL2	3.15
RFPL3	2.066
RFPL3S	1.644
RFPL4A	2.817
RFPL4AL1	1.254
RFPL4AP1	1.008
RFPL4AP3	2.328
RFPL4AP5	1.936
RFPL4B	1.38
RFT1	
RFTN1	2.499
RFTN2	1.259
RFWD2	3.582
RFWD2P1	1.931
RFWD3	1.916
RFX1	1.495
RFX2	3.564
RFX3	4.573
RFX4	2.282
RFX5	1.037
RFX6	1.685
RFX7	2.289
RFX8	2.497
RFXANK	0.762
RFXAP	1.531
RGAG1	3.878
RGAG4	1.671
RGCC	2.798
RGL1	7.011
RGL2	1.742
RGL3	3.025
RGMA	3.537
RGMB	1.517
RGMB-AS1	1.46
RGN	2.515
RGP1	1.151
RGPD2	
RGPD8	1.202
RGR	1.683
RGS1	4.199
RGS10	6.303
RGS11	3.122
RGS12	4.024
RGS13	2.057
RGS14	2.814
RGS16	0.991
RGS17	2.627
RGS17P1	1.171
RGS18	4.262
RGS19	1.438
RGS2	2.335
RGS20	2.439
RGS21	4.044
RGS22	2.64
RGS3	2.933
RGS4	2.638
RGS5	3.704
RGS6	3.14
RGS7	3.426
RGS7BP	2.225
RGS8	3.102
RGS9	4.047
RGS9BP	2.339
RGSL1	2.579
RHAG	4.595
RHBDD1	2.921
RHBDD2	1.792
RHBDD3	0.83
RHBDF1	
RHBDF1P1	2.983
RHBDF2	3.525
RHBDL1	1.204
RHBDL2	1.955
RHBDL3	2.3
RHBG	2.755
RHCE	2.23
RHCG	2.033
RHD	2.705
RHEB	2.265
RHEBL1	1.83
RHEBP1	
RHEBP3	-0.105
RHNO1	1.901
RHO	6.192
RHOA	1.65
RHOA-IT1	
RHOB	1.805
RHOBTB1	3.313
RHOBTB2	1.833
RHOBTB3	3.571
RHOC	0.985
RHOD	3.278
RHOF	0.59
RHOG	1.559
RHOH	2.868
RHOJ	2.786
RHOQ	1.245
RHOQP1	-0.264
RHOT1	4.81
RHOT2	1.939
RHOU	2.237
RHOV	1.25
RHOXF1	1.981
RHOXF2	0.566
RHPN1	1.299
RHPN1-AS1	0.89
RHPN2	2.948
RIBC1	0.729
RIBC2	1.725
RIC3	2.263
RIC8A	-0.501
RIC8B	1.877
RICTOR	2.756
RIF1	2.143
RIIAD1	0.888
RILP	0.73
RILPL1	2.243
RILPL2	2.959
RIMBP2	6.569
RIMBP3	
RIMBP3B	
RIMKLA	2.13
RIMKLB	1.79
RIMKLBP1	1.021
RIMKLBP2	
RIMS1	2.111
RIMS2	3.763
RIMS3	2.05
RIMS4	2.432
RIN1	1.289
RIN2	4.843
RIN3	3.307
RING1	1.043
RINL	2.181
RINT1	3.967
RIOK1	2.3
RIOK2	1.259
RIOK3	1.976
RIOK3P1	4.366
RIPK1	3.21
RIPK2	1.799
RIPK3	1.887
RIPK4	2.773
RIPPLY1	1.295
RIPPLY2	2.21
RIPPLY3	1.4
RIT1	1.122
RIT2	4.877
RLBP1	2.06
RLF	0.976
RLIM	2.075
RLIMP1	3.337
RLIMP2	1.656
RLN1	1.75
RLN2	1.879
RLN3	2.441
RLTPR	2.74
RMDN1	4.327
RMDN2	2.726
RMDN2-AS1	2.726
RMDN3	1.186
RMI1	2.422
RMI2	3.215
RMND1	2.499
RMND5A	2.229
RMND5B	1.326
RMRP	0.922
RMRPP1	-0.514
RMRPP2	
RMRPP3	0.48
RMRPP4	0.301
RMRPP5	3.87
RMST	3.816
RN7SK	0.557
RN7SKP1	1.529
RN7SKP10	3.848
RN7SKP100	1.115
RN7SKP101	0.987
RN7SKP102	3.139
RN7SKP103	1.015
RN7SKP104	2.651
RN7SKP105	0.635
RN7SKP106	3.752
RN7SKP107	-0.512
RN7SKP108	2.56
RN7SKP109	
RN7SKP11	0.373
RN7SKP110	
RN7SKP111	0.833
RN7SKP112	6.821
RN7SKP113	2.271
RN7SKP114	0.909
RN7SKP115	
RN7SKP116	0.419
RN7SKP117	2.172
RN7SKP118	
RN7SKP119	1.079
RN7SKP12	
RN7SKP120	5.099
RN7SKP121	3.126
RN7SKP122	2.562
RN7SKP123	5.805
RN7SKP124	
RN7SKP125	
RN7SKP126	1.953
RN7SKP127	1.275
RN7SKP129	2.551
RN7SKP13	1.977
RN7SKP130	
RN7SKP132	
RN7SKP133	3.662
RN7SKP134	
RN7SKP135	0.976
RN7SKP136	2.069
RN7SKP137	
RN7SKP139	-1.893
RN7SKP14	2.009
RN7SKP140	1.191
RN7SKP141	3.583
RN7SKP142	5.06
RN7SKP143	2.285
RN7SKP144	2.076
RN7SKP145	1.181
RN7SKP146	1.967
RN7SKP147	2.072
RN7SKP148	3.864
RN7SKP149	3.793
RN7SKP15	2.623
RN7SKP150	0.612
RN7SKP151	0.87
RN7SKP152	
RN7SKP153	0.942
RN7SKP154	
RN7SKP155	1.428
RN7SKP156	3.12
RN7SKP157	1.998
RN7SKP158	-1.413
RN7SKP159	2.804
RN7SKP16	0.159
RN7SKP160	-0.092
RN7SKP161	1.118
RN7SKP162	0.157
RN7SKP163	
RN7SKP164	3.611
RN7SKP165	1.296
RN7SKP166	1.198
RN7SKP167	3.691
RN7SKP168	2.025
RN7SKP169	
RN7SKP17	1.802
RN7SKP170	
RN7SKP171	-0.384
RN7SKP172	0.875
RN7SKP173	0.064
RN7SKP174	5.603
RN7SKP178	2.882
RN7SKP179	0.107
RN7SKP18	
RN7SKP180	-0.065
RN7SKP181	2.749
RN7SKP182	1.918
RN7SKP183	2.446
RN7SKP184	
RN7SKP185	1.659
RN7SKP186	0.409
RN7SKP187	
RN7SKP188	4.226
RN7SKP189	3.353
RN7SKP19	3.251
RN7SKP190	3.053
RN7SKP191	3.199
RN7SKP192	1.559
RN7SKP193	-0.845
RN7SKP194	2.435
RN7SKP195	0.892
RN7SKP196	2.366
RN7SKP197	-0.083
RN7SKP198	2.041
RN7SKP199	2.332
RN7SKP2	3.458
RN7SKP200	4.201
RN7SKP201	1.441
RN7SKP202	-0.06
RN7SKP203	2.127
RN7SKP204	2.077
RN7SKP205	2.31
RN7SKP206	1.218
RN7SKP207	1.891
RN7SKP208	2.563
RN7SKP209	1.137
RN7SKP21	
RN7SKP210	
RN7SKP211	2.81
RN7SKP212	1.803
RN7SKP213	1.069
RN7SKP214	
RN7SKP216	2.258
RN7SKP217	
RN7SKP218	4.086
RN7SKP22	0.56
RN7SKP220	
RN7SKP222	2.281
RN7SKP224	
RN7SKP225	1.128
RN7SKP226	2.567
RN7SKP227	1.559
RN7SKP228	2.354
RN7SKP229	4.232
RN7SKP230	0.433
RN7SKP231	
RN7SKP232	0.245
RN7SKP233	1.319
RN7SKP234	
RN7SKP235	
RN7SKP237	0.433
RN7SKP238	1.836
RN7SKP239	-2.95
RN7SKP24	
RN7SKP240	0.614
RN7SKP241	
RN7SKP242	2.254
RN7SKP243	-2.484
RN7SKP244	
RN7SKP245	
RN7SKP246	4.294
RN7SKP247	2.638
RN7SKP248	0.91
RN7SKP249	1.121
RN7SKP25	
RN7SKP250	3.177
RN7SKP252	2.744
RN7SKP253	-1.62
RN7SKP254	2.497
RN7SKP256	1.6
RN7SKP257	1.583
RN7SKP258	0.351
RN7SKP259	0.698
RN7SKP26	0.751
RN7SKP260	1.227
RN7SKP261	-1.296
RN7SKP262	2.469
RN7SKP263	2.435
RN7SKP265	-1.052
RN7SKP266	
RN7SKP267	0.266
RN7SKP268	1.295
RN7SKP269	
RN7SKP27	4.011
RN7SKP270	2.579
RN7SKP271	
RN7SKP272	2.883
RN7SKP273	
RN7SKP274	1.969
RN7SKP275	0.02
RN7SKP276	2.016
RN7SKP277	1.608
RN7SKP278	1.868
RN7SKP279	3.714
RN7SKP28	0.474
RN7SKP280	2.741
RN7SKP281	
RN7SKP284	1.436
RN7SKP285	
RN7SKP286	1.304
RN7SKP288	-1.02
RN7SKP289	1.61
RN7SKP29	-0.435
RN7SKP291	1.776
RN7SKP292	
RN7SKP293	2.711
RN7SKP295	-0.561
RN7SKP296	1.836
RN7SKP297	1.202
RN7SKP298	1.859
RN7SKP3	-0.034
RN7SKP30	-1.791
RN7SKP31	2.392
RN7SKP32	1.852
RN7SKP33	2.037
RN7SKP34	1.234
RN7SKP36	1.938
RN7SKP38	-1.142
RN7SKP39	-0.054
RN7SKP40	0.783
RN7SKP41	0.948
RN7SKP42	-0.562
RN7SKP43	2.997
RN7SKP44	1.879
RN7SKP45	-0.514
RN7SKP46	3.052
RN7SKP47	-0.092
RN7SKP48	1.803
RN7SKP49	3.384
RN7SKP5	
RN7SKP50	0.478
RN7SKP51	
RN7SKP52	
RN7SKP53	-0.483
RN7SKP54	0.44
RN7SKP55	2.881
RN7SKP56	
RN7SKP58	
RN7SKP59	1.763
RN7SKP6	2.638
RN7SKP60	
RN7SKP61	3.539
RN7SKP62	1.447
RN7SKP64	0.794
RN7SKP65	0.742
RN7SKP66	2.031
RN7SKP67	-0.414
RN7SKP68	2.348
RN7SKP69	1.918
RN7SKP7	0.468
RN7SKP71	1.011
RN7SKP73	1.359
RN7SKP74	
RN7SKP75	
RN7SKP76	1.14
RN7SKP77	
RN7SKP78	0.02
RN7SKP79	1.707
RN7SKP8	
RN7SKP81	1.521
RN7SKP82	2.7
RN7SKP83	
RN7SKP84	1.793
RN7SKP85	
RN7SKP86	0.274
RN7SKP87	0.6
RN7SKP89	2.958
RN7SKP9	1.485
RN7SKP90	-0.007
RN7SKP91	1.022
RN7SKP92	
RN7SKP93	4.6
RN7SKP94	
RN7SKP96	-0.297
RN7SKP97	1.212
RN7SKP98	0.54
RN7SKP99	0.769
RN7SL1	
RN7SL100P	1.616
RN7SL101P	2.661
RN7SL102P	1.32
RN7SL103P	1.058
RN7SL104P	0.874
RN7SL105P	
RN7SL107P	1.954
RN7SL108P	1.423
RN7SL10P	0.061
RN7SL110P	0.665
RN7SL111P	1.084
RN7SL112P	1.428
RN7SL113P	
RN7SL115P	-1.4
RN7SL116P	0.936
RN7SL117P	
RN7SL118P	-0.088
RN7SL119P	
RN7SL120P	5.766
RN7SL122P	1.627
RN7SL123P	-0.628
RN7SL124P	-0.335
RN7SL125P	1.107
RN7SL128P	0.348
RN7SL129P	1.279
RN7SL130P	0.583
RN7SL131P	1.929
RN7SL132P	-0.878
RN7SL134P	0.203
RN7SL135P	2.628
RN7SL136P	3.249
RN7SL138P	0.357
RN7SL139P	-0.529
RN7SL13P	2.022
RN7SL140P	1.525
RN7SL141P	
RN7SL142P	1.291
RN7SL143P	-0.285
RN7SL144P	2.884
RN7SL145P	-1.315
RN7SL146P	
RN7SL147P	1.892
RN7SL148P	1.35
RN7SL149P	
RN7SL14P	1.735
RN7SL150P	2.58
RN7SL151P	1.219
RN7SL152P	2.386
RN7SL153P	
RN7SL155P	0.914
RN7SL156P	1.209
RN7SL157P	2.174
RN7SL160P	
RN7SL163P	1.994
RN7SL164P	-0.519
RN7SL165P	2.855
RN7SL166P	1.157
RN7SL167P	2.147
RN7SL168P	-0.167
RN7SL169P	
RN7SL16P	
RN7SL170P	2.367
RN7SL171P	0.023
RN7SL172P	-0.889
RN7SL173P	
RN7SL174P	
RN7SL175P	0.769
RN7SL176P	
RN7SL177P	
RN7SL178P	2.131
RN7SL180P	0.25
RN7SL181P	
RN7SL182P	
RN7SL183P	3.926
RN7SL184P	1.313
RN7SL186P	0.614
RN7SL187P	1.05
RN7SL188P	
RN7SL189P	2.572
RN7SL18P	1.337
RN7SL190P	1.406
RN7SL191P	1.445
RN7SL192P	-0.582
RN7SL193P	3.732
RN7SL194P	2.108
RN7SL195P	
RN7SL197P	1.187
RN7SL198P	4.105
RN7SL2	0.432
RN7SL200P	-0.838
RN7SL201P	5.116
RN7SL204P	
RN7SL205P	3.396
RN7SL206P	0.527
RN7SL207P	3.078
RN7SL208P	1.093
RN7SL20P	
RN7SL210P	1.883
RN7SL211P	0.625
RN7SL212P	1.126
RN7SL213P	
RN7SL214P	1.652
RN7SL215P	1.738
RN7SL216P	1.181
RN7SL217P	0.557
RN7SL218P	1.203
RN7SL21P	
RN7SL221P	1.737
RN7SL222P	3.959
RN7SL223P	1.417
RN7SL224P	1.796
RN7SL225P	
RN7SL226P	-0.414
RN7SL228P	-0.504
RN7SL229P	
RN7SL22P	
RN7SL230P	0.766
RN7SL231P	1.946
RN7SL232P	5.135
RN7SL233P	0.848
RN7SL234P	
RN7SL235P	1.2
RN7SL236P	0.117
RN7SL237P	1.779
RN7SL239P	-0.239
RN7SL240P	
RN7SL242P	0.67
RN7SL244P	
RN7SL245P	2.561
RN7SL246P	
RN7SL247P	-0.034
RN7SL250P	2.642
RN7SL251P	1.442
RN7SL252P	3.276
RN7SL253P	
RN7SL255P	1.741
RN7SL259P	1.393
RN7SL25P	-0.214
RN7SL261P	1.897
RN7SL262P	0.714
RN7SL263P	-1.007
RN7SL265P	1.376
RN7SL266P	1.203
RN7SL267P	-0.314
RN7SL268P	1.028
RN7SL26P	4.362
RN7SL271P	4.014
RN7SL272P	2.261
RN7SL273P	-0.807
RN7SL275P	-0.979
RN7SL276P	0.913
RN7SL277P	-0.352
RN7SL278P	1.176
RN7SL279P	0.551
RN7SL280P	-0.455
RN7SL281P	3.681
RN7SL282P	3.144
RN7SL283P	2.516
RN7SL285P	
RN7SL288P	
RN7SL289P	-0.701
RN7SL28P	1.909
RN7SL290P	2.308
RN7SL291P	1.856
RN7SL292P	2.847
RN7SL293P	0.258
RN7SL294P	3.226
RN7SL295P	0.222
RN7SL296P	0.169
RN7SL297P	
RN7SL298P	
RN7SL299P	4.169
RN7SL3	-1.285
RN7SL300P	1.863
RN7SL302P	0.364
RN7SL303P	-0.858
RN7SL304P	1.878
RN7SL305P	2.511
RN7SL306P	-0.951
RN7SL307P	0.921
RN7SL308P	
RN7SL309P	1.22
RN7SL310P	1.388
RN7SL311P	0.848
RN7SL312P	
RN7SL313P	1.278
RN7SL314P	
RN7SL315P	0.589
RN7SL316P	1.009
RN7SL317P	0.948
RN7SL318P	2.74
RN7SL31P	1.171
RN7SL320P	-0.484
RN7SL321P	0.195
RN7SL322P	2.855
RN7SL323P	1.058
RN7SL324P	-1.11
RN7SL325P	1.856
RN7SL326P	1.281
RN7SL328P	2.845
RN7SL329P	-0.956
RN7SL32P	2.499
RN7SL332P	2.608
RN7SL333P	-0.193
RN7SL334P	-0.553
RN7SL335P	1.388
RN7SL336P	1.164
RN7SL338P	0.445
RN7SL339P	0.902
RN7SL33P	2.966
RN7SL340P	2.536
RN7SL341P	2.673
RN7SL342P	2.195
RN7SL344P	
RN7SL345P	2.151
RN7SL346P	0.824
RN7SL347P	
RN7SL348P	
RN7SL349P	2.6
RN7SL34P	
RN7SL350P	
RN7SL352P	2.9
RN7SL353P	1.437
RN7SL354P	0.89
RN7SL356P	2.172
RN7SL357P	2.386
RN7SL358P	2.083
RN7SL359P	-0.012
RN7SL35P	1.317
RN7SL361P	2.115
RN7SL362P	-0.709
RN7SL363P	1.969
RN7SL365P	-0.612
RN7SL366P	3.084
RN7SL367P	2.488
RN7SL368P	
RN7SL369P	-0.916
RN7SL36P	
RN7SL370P	-0.318
RN7SL371P	2.216
RN7SL372P	1.81
RN7SL373P	-0.084
RN7SL374P	1.421
RN7SL375P	
RN7SL376P	
RN7SL378P	
RN7SL379P	2.317
RN7SL37P	0.807
RN7SL380P	1.873
RN7SL381P	0.068
RN7SL382P	0.296
RN7SL383P	3.148
RN7SL384P	1.807
RN7SL385P	1.747
RN7SL386P	0.208
RN7SL388P	-0.972
RN7SL389P	-0.176
RN7SL38P	1.756
RN7SL390P	
RN7SL391P	0.435
RN7SL392P	2.659
RN7SL393P	
RN7SL394P	
RN7SL395P	-0.018
RN7SL396P	1.534
RN7SL397P	-0.978
RN7SL398P	-0.332
RN7SL39P	-1.039
RN7SL400P	
RN7SL401P	2.95
RN7SL402P	1.247
RN7SL403P	0.445
RN7SL404P	
RN7SL407P	
RN7SL408P	2.52
RN7SL409P	
RN7SL40P	1.718
RN7SL411P	
RN7SL412P	
RN7SL414P	0.187
RN7SL415P	1.326
RN7SL416P	1.702
RN7SL418P	
RN7SL419P	0.477
RN7SL41P	0.907
RN7SL420P	4.693
RN7SL421P	0.946
RN7SL422P	
RN7SL423P	2.497
RN7SL424P	
RN7SL425P	0.007
RN7SL426P	0.408
RN7SL42P	0.65
RN7SL430P	-0.496
RN7SL432P	1.21
RN7SL434P	
RN7SL435P	2.476
RN7SL436P	
RN7SL437P	
RN7SL438P	1.047
RN7SL439P	1.714
RN7SL43P	3.505
RN7SL440P	
RN7SL441P	
RN7SL442P	
RN7SL443P	
RN7SL444P	
RN7SL445P	1.287
RN7SL446P	2.97
RN7SL447P	2.236
RN7SL448P	1.513
RN7SL449P	
RN7SL450P	2.336
RN7SL451P	3.203
RN7SL452P	-0.769
RN7SL454P	-0.834
RN7SL455P	1.564
RN7SL456P	-0.867
RN7SL457P	-1.698
RN7SL458P	1.689
RN7SL459P	0.705
RN7SL45P	
RN7SL460P	
RN7SL461P	
RN7SL463P	
RN7SL464P	
RN7SL465P	0.874
RN7SL466P	2.301
RN7SL467P	
RN7SL468P	1.312
RN7SL46P	0.884
RN7SL471P	1.614
RN7SL473P	0.371
RN7SL474P	0.087
RN7SL475P	2.165
RN7SL476P	1.561
RN7SL477P	-0.168
RN7SL478P	1.993
RN7SL479P	0.982
RN7SL47P	
RN7SL480P	1.083
RN7SL481P	
RN7SL482P	0.374
RN7SL483P	4.853
RN7SL486P	0.691
RN7SL488P	0.935
RN7SL48P	
RN7SL490P	-0.119
RN7SL491P	-1.776
RN7SL492P	3.907
RN7SL493P	3.479
RN7SL494P	0.851
RN7SL496P	1.425
RN7SL497P	0.175
RN7SL498P	1.444
RN7SL499P	1.974
RN7SL49P	
RN7SL500P	-0.038
RN7SL501P	
RN7SL502P	1.063
RN7SL503P	-2.698
RN7SL504P	1.939
RN7SL505P	
RN7SL506P	
RN7SL508P	0.153
RN7SL509P	2.253
RN7SL50P	1.883
RN7SL511P	1.34
RN7SL512P	1.236
RN7SL513P	1.91
RN7SL514P	2.497
RN7SL515P	0.392
RN7SL516P	0.175
RN7SL517P	
RN7SL518P	
RN7SL519P	0.645
RN7SL51P	1.624
RN7SL520P	
RN7SL521P	1.937
RN7SL523P	3.134
RN7SL524P	0.219
RN7SL525P	0.767
RN7SL526P	0.216
RN7SL528P	0.836
RN7SL529P	
RN7SL530P	
RN7SL531P	2.228
RN7SL532P	2.004
RN7SL533P	-0.903
RN7SL534P	0.7
RN7SL537P	0.274
RN7SL538P	0.679
RN7SL53P	-1.513
RN7SL540P	2.586
RN7SL541P	1.448
RN7SL542P	2.188
RN7SL543P	1.948
RN7SL546P	4.166
RN7SL547P	4.777
RN7SL548P	-0.281
RN7SL549P	1.516
RN7SL54P	
RN7SL550P	1.683
RN7SL551P	-0.21
RN7SL552P	
RN7SL553P	2.179
RN7SL554P	2.058
RN7SL555P	1.278
RN7SL556P	1.739
RN7SL557P	2.915
RN7SL558P	
RN7SL559P	
RN7SL55P	
RN7SL560P	
RN7SL562P	
RN7SL563P	1.798
RN7SL564P	1.925
RN7SL566P	
RN7SL567P	0.783
RN7SL568P	2.61
RN7SL569P	1.373
RN7SL56P	-0.708
RN7SL570P	
RN7SL571P	3.244
RN7SL572P	5.805
RN7SL573P	1.154
RN7SL574P	0.408
RN7SL575P	
RN7SL576P	0.777
RN7SL577P	-0.394
RN7SL578P	
RN7SL581P	1.908
RN7SL582P	1.731
RN7SL583P	2.028
RN7SL584P	
RN7SL585P	1.991
RN7SL586P	0.915
RN7SL587P	0.862
RN7SL588P	
RN7SL58P	3.07
RN7SL590P	0.942
RN7SL591P	2.339
RN7SL592P	3.395
RN7SL594P	
RN7SL595P	1.463
RN7SL596P	1.913
RN7SL597P	1.627
RN7SL598P	
RN7SL599P	2.325
RN7SL59P	0.88
RN7SL5P	
RN7SL600P	0.293
RN7SL601P	3.147
RN7SL602P	
RN7SL603P	2.943
RN7SL604P	
RN7SL605P	1.389
RN7SL606P	
RN7SL607P	1.84
RN7SL609P	2.694
RN7SL60P	2.985
RN7SL610P	0.327
RN7SL612P	
RN7SL614P	
RN7SL615P	
RN7SL616P	0.23
RN7SL617P	0.348
RN7SL618P	1.238
RN7SL619P	
RN7SL621P	1.323
RN7SL623P	1.852
RN7SL626P	3.637
RN7SL629P	-1.743
RN7SL62P	1.65
RN7SL630P	
RN7SL632P	0.289
RN7SL633P	1.588
RN7SL634P	
RN7SL635P	
RN7SL636P	2.328
RN7SL637P	1.982
RN7SL638P	1.109
RN7SL63P	1.833
RN7SL641P	
RN7SL642P	0.613
RN7SL643P	1.389
RN7SL644P	1.52
RN7SL645P	0.862
RN7SL646P	0.365
RN7SL647P	1.494
RN7SL648P	0.157
RN7SL649P	1.844
RN7SL64P	
RN7SL651P	2.539
RN7SL652P	
RN7SL653P	1.16
RN7SL654P	2.381
RN7SL655P	0.369
RN7SL658P	1.815
RN7SL659P	2.455
RN7SL65P	-0.362
RN7SL660P	-1.109
RN7SL661P	1.653
RN7SL663P	
RN7SL664P	1.253
RN7SL665P	
RN7SL666P	2.767
RN7SL667P	1.494
RN7SL668P	2.182
RN7SL669P	1.588
RN7SL66P	2.918
RN7SL671P	2.29
RN7SL672P	
RN7SL674P	-0.718
RN7SL675P	1.903
RN7SL676P	1.524
RN7SL677P	-0.568
RN7SL678P	-0.156
RN7SL679P	0.827
RN7SL67P	2.315
RN7SL680P	2.03
RN7SL681P	0.813
RN7SL682P	0.914
RN7SL683P	
RN7SL684P	
RN7SL685P	2.726
RN7SL686P	2.061
RN7SL688P	1.112
RN7SL689P	1.164
RN7SL68P	-0.013
RN7SL690P	-1.056
RN7SL691P	2.034
RN7SL692P	1.657
RN7SL693P	
RN7SL695P	1.904
RN7SL696P	1.315
RN7SL697P	0.529
RN7SL699P	1.953
RN7SL69P	0.606
RN7SL700P	2.434
RN7SL701P	
RN7SL703P	
RN7SL704P	
RN7SL705P	1.461
RN7SL706P	-1.551
RN7SL707P	1.474
RN7SL708P	2.338
RN7SL709P	1.466
RN7SL70P	2.662
RN7SL711P	1.277
RN7SL712P	2.892
RN7SL713P	0.542
RN7SL714P	3.28
RN7SL716P	
RN7SL717P	
RN7SL71P	3.603
RN7SL720P	0.513
RN7SL721P	3.044
RN7SL723P	1.835
RN7SL724P	
RN7SL727P	2.817
RN7SL728P	-0.821
RN7SL729P	3.244
RN7SL72P	5.976
RN7SL731P	-0.492
RN7SL732P	1.746
RN7SL734P	0.714
RN7SL735P	1.966
RN7SL736P	
RN7SL737P	1.303
RN7SL73P	-0.084
RN7SL740P	-0.611
RN7SL741P	
RN7SL742P	0.527
RN7SL743P	-0.954
RN7SL744P	
RN7SL745P	
RN7SL746P	0.544
RN7SL747P	
RN7SL748P	1.795
RN7SL749P	
RN7SL750P	0.242
RN7SL751P	
RN7SL752P	0.534
RN7SL753P	0.56
RN7SL754P	
RN7SL755P	-0.487
RN7SL756P	-0.414
RN7SL757P	
RN7SL758P	
RN7SL75P	
RN7SL761P	1.631
RN7SL762P	
RN7SL765P	0.745
RN7SL766P	2.356
RN7SL767P	0.847
RN7SL768P	-0.766
RN7SL769P	1.399
RN7SL76P	4.872
RN7SL770P	0.448
RN7SL771P	
RN7SL772P	0.563
RN7SL776P	4.296
RN7SL77P	
RN7SL781P	
RN7SL782P	3.257
RN7SL783P	1.207
RN7SL784P	
RN7SL786P	1.923
RN7SL788P	
RN7SL789P	1.4
RN7SL78P	-0.366
RN7SL790P	1.01
RN7SL791P	
RN7SL792P	
RN7SL793P	0.938
RN7SL794P	1.847
RN7SL795P	3.011
RN7SL797P	4.395
RN7SL798P	0.317
RN7SL799P	0.031
RN7SL79P	
RN7SL7P	3.838
RN7SL800P	-0.9
RN7SL801P	-0.052
RN7SL802P	4.21
RN7SL804P	1.418
RN7SL806P	
RN7SL807P	3.703
RN7SL808P	2.221
RN7SL809P	0.567
RN7SL80P	
RN7SL810P	1.624
RN7SL811P	1.925
RN7SL812P	
RN7SL813P	0.667
RN7SL814P	0.567
RN7SL815P	
RN7SL816P	2.074
RN7SL817P	0.538
RN7SL819P	
RN7SL81P	0.282
RN7SL820P	1.509
RN7SL822P	3.231
RN7SL824P	0.744
RN7SL825P	0.472
RN7SL826P	2.115
RN7SL830P	2.083
RN7SL831P	1.312
RN7SL832P	1.177
RN7SL833P	
RN7SL834P	
RN7SL836P	1.385
RN7SL837P	0.984
RN7SL838P	-0.537
RN7SL839P	-0.152
RN7SL83P	
RN7SL841P	0.236
RN7SL842P	0.272
RN7SL843P	1.6
RN7SL844P	
RN7SL845P	1.018
RN7SL846P	0.477
RN7SL847P	1.989
RN7SL849P	1.983
RN7SL84P	0.575
RN7SL850P	1.813
RN7SL852P	1.268
RN7SL854P	2.144
RN7SL855P	1.988
RN7SL856P	-0.438
RN7SL857P	
RN7SL859P	
RN7SL85P	0.611
RN7SL861P	
RN7SL862P	
RN7SL863P	
RN7SL864P	0.978
RN7SL865P	1.823
RN7SL866P	0.619
RN7SL867P	
RN7SL868P	1.435
RN7SL869P	0.506
RN7SL870P	1.202
RN7SL871P	-0.192
RN7SL87P	5.719
RN7SL88P	1.992
RN7SL89P	1.971
RN7SL8P	0.569
RN7SL90P	
RN7SL91P	1.69
RN7SL93P	1.832
RN7SL95P	2.064
RN7SL96P	2.398
RN7SL97P	2.475
RN7SL98P	1.943
RN7SL99P	
RNA5-8SP4	2.92
RNA5-8SP7	3.804
RNA5SP100	
RNA5SP102	1.989
RNA5SP103	5.2
RNA5SP104	-2.963
RNA5SP106	5.183
RNA5SP107	3.674
RNA5SP109	0.84
RNA5SP110	1.369
RNA5SP111	1.142
RNA5SP113	1.26
RNA5SP114	-0.345
RNA5SP115	1.674
RNA5SP116	0.772
RNA5SP117	1.618
RNA5SP118	
RNA5SP119	
RNA5SP121	2.415
RNA5SP122	
RNA5SP124	2.192
RNA5SP126	1.989
RNA5SP127	1.96
RNA5SP128	2.227
RNA5SP129	
RNA5SP130	1.335
RNA5SP131	0.078
RNA5SP133	-0.438
RNA5SP134	
RNA5SP136	1.995
RNA5SP137	1.461
RNA5SP138	1.101
RNA5SP139	
RNA5SP142	6.555
RNA5SP143	0.739
RNA5SP144	2.799
RNA5SP145	
RNA5SP146	0.627
RNA5SP147	0.306
RNA5SP149	1.492
RNA5SP150	
RNA5SP152	-0.604
RNA5SP155	-0.148
RNA5SP156	
RNA5SP157	-0.065
RNA5SP158	2.913
RNA5SP160	
RNA5SP161	1.858
RNA5SP162	1.359
RNA5SP163	
RNA5SP164	1.371
RNA5SP165	
RNA5SP166	3.341
RNA5SP167	1.366
RNA5SP169	1.748
RNA5SP171	
RNA5SP172	0.779
RNA5SP173	3.426
RNA5SP176	-0.384
RNA5SP177	0.811
RNA5SP178	3.918
RNA5SP179	
RNA5SP18	1.441
RNA5SP180	
RNA5SP181	3.911
RNA5SP182	5.357
RNA5SP183	
RNA5SP184	-0.526
RNA5SP185	1.111
RNA5SP186	
RNA5SP187	
RNA5SP188	1.126
RNA5SP189	2.613
RNA5SP19	1.475
RNA5SP190	2.11
RNA5SP191	
RNA5SP192	0.633
RNA5SP193	1.129
RNA5SP196	
RNA5SP197	0.189
RNA5SP198	-0.007
RNA5SP199	4.518
RNA5SP200	2.061
RNA5SP201	0.55
RNA5SP202	2.832
RNA5SP203	0.873
RNA5SP204	1.35
RNA5SP205	3.51
RNA5SP206	
RNA5SP208	1.92
RNA5SP21	-1.222
RNA5SP210	
RNA5SP211	2.863
RNA5SP212	
RNA5SP213	
RNA5SP214	1.981
RNA5SP215	3.166
RNA5SP216	1.118
RNA5SP22	1.035
RNA5SP220	1.091
RNA5SP221	
RNA5SP222	
RNA5SP224	2.192
RNA5SP225	1.966
RNA5SP226	
RNA5SP227	-1.286
RNA5SP228	1.822
RNA5SP229	
RNA5SP230	0.854
RNA5SP231	2.995
RNA5SP233	
RNA5SP234	4.302
RNA5SP236	
RNA5SP237	
RNA5SP239	1.879
RNA5SP240	1.409
RNA5SP241	-1.034
RNA5SP242	0.896
RNA5SP243	0.332
RNA5SP244	-1.811
RNA5SP245	0.937
RNA5SP246	
RNA5SP249	
RNA5SP25	1.952
RNA5SP250	1.618
RNA5SP251	2.275
RNA5SP252	
RNA5SP255	1.759
RNA5SP256	
RNA5SP258	2.638
RNA5SP259	
RNA5SP26	-0.714
RNA5SP261	1.656
RNA5SP263	0.426
RNA5SP264	
RNA5SP265	-0.102
RNA5SP266	2.288
RNA5SP267	3.393
RNA5SP269	
RNA5SP27	
RNA5SP270	1.743
RNA5SP271	
RNA5SP273	-0.64
RNA5SP275	2.317
RNA5SP276	-0.986
RNA5SP279	3.087
RNA5SP28	-1.373
RNA5SP281	2.808
RNA5SP282	
RNA5SP285	1.439
RNA5SP286	1.975
RNA5SP287	1.799
RNA5SP288	
RNA5SP29	
RNA5SP291	2.567
RNA5SP292	1.413
RNA5SP293	1.999
RNA5SP294	
RNA5SP295	
RNA5SP297	
RNA5SP299	2.463
RNA5SP30	2.722
RNA5SP300	1.579
RNA5SP301	-0.16
RNA5SP302	0.378
RNA5SP304	
RNA5SP305	-1.292
RNA5SP306	2.483
RNA5SP307	
RNA5SP308	-1.465
RNA5SP309	
RNA5SP31	4.388
RNA5SP318	3.053
RNA5SP32	3.284
RNA5SP322	
RNA5SP323	
RNA5SP324	
RNA5SP325	0.121
RNA5SP326	2.962
RNA5SP329	2.018
RNA5SP33	
RNA5SP331	1.762
RNA5SP333	0.233
RNA5SP335	
RNA5SP336	
RNA5SP337	
RNA5SP338	
RNA5SP339	
RNA5SP34	1.332
RNA5SP340	
RNA5SP341	1.592
RNA5SP343	-0.321
RNA5SP344	0.759
RNA5SP345	
RNA5SP347	3.175
RNA5SP348	2.563
RNA5SP349	2.814
RNA5SP350	2.078
RNA5SP352	
RNA5SP353	2.277
RNA5SP354	
RNA5SP355	1.081
RNA5SP356	1.299
RNA5SP358	0.961
RNA5SP359	1.855
RNA5SP36	1.341
RNA5SP360	1.969
RNA5SP361	1.324
RNA5SP362	3.184
RNA5SP363	
RNA5SP365	0.89
RNA5SP366	0.346
RNA5SP367	1.518
RNA5SP369	1.732
RNA5SP37	
RNA5SP371	-0.278
RNA5SP372	
RNA5SP373	
RNA5SP374	
RNA5SP375	1.467
RNA5SP376	2.019
RNA5SP377	2.84
RNA5SP378	1.891
RNA5SP379	0.716
RNA5SP38	4.205
RNA5SP381	1.706
RNA5SP382	1.044
RNA5SP383	
RNA5SP384	2.801
RNA5SP385	
RNA5SP387	
RNA5SP388	2.664
RNA5SP39	
RNA5SP390	-0.351
RNA5SP392	-0.428
RNA5SP394	-1.409
RNA5SP395	-1.84
RNA5SP396	1.125
RNA5SP398	
RNA5SP40	3.116
RNA5SP400	2.477
RNA5SP401	
RNA5SP402	
RNA5SP403	2.035
RNA5SP404	1.184
RNA5SP405	-1.164
RNA5SP41	1.901
RNA5SP42	0.611
RNA5SP424	
RNA5SP427	0.845
RNA5SP428	5.042
RNA5SP430	5.186
RNA5SP431	4.555
RNA5SP433	2.85
RNA5SP434	
RNA5SP437	
RNA5SP440	0.269
RNA5SP441	0.692
RNA5SP442	
RNA5SP443	1.31
RNA5SP444	1.703
RNA5SP446	1.634
RNA5SP447	1.717
RNA5SP448	4.616
RNA5SP449	0.063
RNA5SP45	5.348
RNA5SP450	0.308
RNA5SP451	2.705
RNA5SP452	
RNA5SP453	
RNA5SP454	-0.564
RNA5SP455	1.362
RNA5SP456	1.883
RNA5SP457	0.222
RNA5SP458	1.992
RNA5SP459	2.087
RNA5SP46	-2.136
RNA5SP460	
RNA5SP461	4.277
RNA5SP463	0.782
RNA5SP466	-2.056
RNA5SP467	
RNA5SP468	
RNA5SP47	
RNA5SP470	1.363
RNA5SP471	5.803
RNA5SP472	3.136
RNA5SP474	1.916
RNA5SP475	
RNA5SP476	
RNA5SP477	
RNA5SP478	1.706
RNA5SP479	-1.215
RNA5SP48	0.364
RNA5SP480	
RNA5SP481	2.555
RNA5SP482	1.764
RNA5SP483	
RNA5SP484	3.527
RNA5SP485	0.419
RNA5SP486	1.545
RNA5SP487	5.177
RNA5SP489	
RNA5SP49	1.402
RNA5SP490	1.656
RNA5SP491	-2.371
RNA5SP492	0.686
RNA5SP494	0.253
RNA5SP495	2.208
RNA5SP497	1.745
RNA5SP499	
RNA5SP50	1.683
RNA5SP501	
RNA5SP502	1.897
RNA5SP505	1.566
RNA5SP507	0.213
RNA5SP509	1.92
RNA5SP51	-1.038
RNA5SP510	2.025
RNA5SP511	1.094
RNA5SP513	1.223
RNA5SP514	3.146
RNA5SP515	-0.132
RNA5SP516	2.675
RNA5SP517	3.337
RNA5SP52	3.411
RNA5SP54	3.963
RNA5SP55	
RNA5SP56	2.405
RNA5SP61	-0.526
RNA5SP62	2.341
RNA5SP63	4.041
RNA5SP64	1.53
RNA5SP65	-0.377
RNA5SP66	-0.05
RNA5SP67	1.54
RNA5SP68	
RNA5SP69	1.469
RNA5SP70	0.771
RNA5SP72	1.042
RNA5SP73	4.184
RNA5SP74	-0.946
RNA5SP75	5.188
RNA5SP77	1.44
RNA5SP78	
RNA5SP79	1.27
RNA5SP80	5.169
RNA5SP84	1.606
RNA5SP85	0.191
RNA5SP86	2.837
RNA5SP87	
RNA5SP88	
RNA5SP89	1.608
RNA5SP90	-0.841
RNA5SP91	-0.283
RNA5SP92	
RNA5SP93	
RNA5SP94	
RNA5SP95	-0.617
RNA5SP96	-0.75
RNA5SP98	
RNA5SP99	2.198
RNASE1	
RNASE10	1.524
RNASE11	3.486
RNASE12	0.216
RNASE13	3.319
RNASE2	1.563
RNASE3	2.187
RNASE4	
RNASE6	1.042
RNASE7	-0.345
RNASE8	-0.668
RNASE9	1.726
RNASEH1	1.894
RNASEH2A	1.154
RNASEH2B	1.5
RNASEH2B-AS1	1.903
RNASEH2C	1.23
RNASEK	1.115
RNASEK-C17orf49	2.318
RNASEL	1.259
RNASET2	2.342
RND1	1.464
RND2	2.308
RND3	1.998
RNF10	2.612
RNF103	2.384
RNF103-CHMP3	3.104
RNF10P1	3.361
RNF11	0.89
RNF111	4.226
RNF112	1.929
RNF113A	0.866
RNF113B	-0.154
RNF114	1.168
RNF115	
RNF11B	-0.269
RNF121	2.776
RNF122	1.795
RNF123	0.779
RNF125	3.256
RNF126	1.415
RNF126P1	1.483
RNF128	0.654
RNF13	2.824
RNF130	3.313
RNF133	0.225
RNF135	1.569
RNF138	2.062
RNF138P1	-1.018
RNF139	1.184
RNF139-AS1	2.121
RNF14	3.019
RNF141	2.205
RNF144A	2.193
RNF144A-AS1	1.716
RNF144B	2.68
RNF145	2.005
RNF146	2.428
RNF148	-0.394
RNF149	2.316
RNF150	3.038
RNF152	1.796
RNF157	2.642
RNF157-AS1	2.642
RNF165	3.999
RNF166	1.635
RNF167	0.561
RNF168	5.746
RNF169	1.614
RNF17	3.106
RNF170	1.976
RNF175	1.785
RNF180	2.679
RNF181	1.046
RNF182	2.151
RNF183	1.741
RNF185	3.015
RNF185-AS1	
RNF186	1.438
RNF187	1.339
RNF19A	1.615
RNF19B	3.032
RNF19BPX	2.673
RNF2	1.642
RNF20	1.417
RNF207	2.985
RNF208	1.551
RNF212	1.977
RNF213	2.036
RNF214	2.834
RNF215	1.443
RNF216	2.804
RNF216-IT1	1.354
RNF216P1	2.512
RNF217	2.099
RNF219	1.905
RNF219-AS1	5.052
RNF220	2.538
RNF222	1.568
RNF223	2.064
RNF224	1.418
RNF24	4.2
RNF25	2.009
RNF26	1.55
RNF2P1	-0.36
RNF31	1.483
RNF32	2.048
RNF34	0.975
RNF38	2.196
RNF39	2.326
RNF4	5.632
RNF40	1.184
RNF41	2.525
RNF43	1.591
RNF44	2.187
RNF5	2.759
RNF5P1	1.653
RNF6	2.276
RNF6P1	1.566
RNF7	1.981
RNF7P1	
RNF8	1.725
RNFT1	2.364
RNFT1P2	2.069
RNFT1P3	3.468
RNFT2	4.67
RNGTT	5.289
RNGTTP1	-1.202
RNH1	2.981
RNLS	3.533
RNMT	2.003
RNMTL1	1.374
RNMTL1P1	2.555
RNMTL1P2	1.85
RNPC3	
RNPEP	1.153
RNPEPL1	2.183
RNPS1	2.431
RNPS1P1	4.315
RNU1-1	1.59
RNU1-100P	-0.275
RNU1-101P	2.032
RNU1-103P	
RNU1-105P	-0.522
RNU1-106P	1.304
RNU1-109P	
RNU1-112P	1.332
RNU1-115P	1.405
RNU1-117P	2.809
RNU1-119P	3.591
RNU1-11P	
RNU1-122P	
RNU1-123P	0.926
RNU1-124P	0.423
RNU1-125P	
RNU1-130P	1.96
RNU1-131P	0.743
RNU1-132P	2.375
RNU1-134P	-1.958
RNU1-136P	1.942
RNU1-138P	1.253
RNU1-139P	1.88
RNU1-140P	-1.961
RNU1-141P	3.299
RNU1-142P	2.133
RNU1-146P	2.399
RNU1-148P	3.35
RNU1-149P	0.554
RNU1-14P	1.482
RNU1-150P	1.719
RNU1-15P	1.596
RNU1-16P	
RNU1-18P	3.205
RNU1-19P	
RNU1-20P	-0.353
RNU1-21P	1.332
RNU1-22P	0.631
RNU1-23P	2.88
RNU1-24P	2.376
RNU1-27P	1.721
RNU1-31P	1.521
RNU1-32P	
RNU1-33P	2.743
RNU1-34P	0.183
RNU1-35P	2.495
RNU1-36P	0.721
RNU1-38P	1.942
RNU1-39P	
RNU1-42P	1.824
RNU1-43P	2.757
RNU1-44P	1.469
RNU1-45P	2.706
RNU1-46P	3.468
RNU1-47P	1.199
RNU1-49P	
RNU1-51P	3.784
RNU1-52P	
RNU1-54P	
RNU1-55P	1.99
RNU1-56P	0.896
RNU1-57P	0.898
RNU1-58P	1.682
RNU1-60P	-0.055
RNU1-62P	3.971
RNU1-63P	-0.276
RNU1-65P	1.942
RNU1-67P	
RNU1-69P	1.142
RNU1-70P	1.026
RNU1-73P	1.235
RNU1-74P	2.174
RNU1-76P	2.225
RNU1-78P	2.856
RNU1-7P	1.353
RNU1-80P	2.974
RNU1-82P	
RNU1-83P	
RNU1-84P	1.5
RNU1-85P	0.307
RNU1-87P	
RNU1-88P	3.915
RNU1-89P	1.234
RNU1-8P	
RNU1-94P	0.19
RNU1-96P	2.687
RNU1-98P	1.929
RNU105B	-1.082
RNU105C	3.975
RNU11	1.418
RNU11-2P	
RNU11-3P	
RNU11-5P	1.799
RNU11-6P	
RNU12	1.255
RNU12-2P	1.099
RNU2-10P	-0.833
RNU2-12P	0.494
RNU2-13P	0.683
RNU2-14P	1.904
RNU2-15P	0.999
RNU2-16P	1.721
RNU2-17P	0.702
RNU2-19P	1.764
RNU2-20P	
RNU2-21P	1.453
RNU2-22P	1.789
RNU2-23P	0.048
RNU2-24P	1.726
RNU2-25P	0.252
RNU2-26P	
RNU2-27P	0.139
RNU2-28P	0.003
RNU2-29P	
RNU2-2P	0.64
RNU2-30P	
RNU2-32P	1.578
RNU2-33P	0.051
RNU2-36P	1.852
RNU2-37P	-0.176
RNU2-39P	-0.566
RNU2-3P	2.787
RNU2-40P	4.658
RNU2-41P	3.365
RNU2-43P	1.646
RNU2-45P	0.959
RNU2-47P	3.22
RNU2-48P	1.838
RNU2-49P	0.982
RNU2-51P	0.092
RNU2-52P	3.256
RNU2-54P	3.355
RNU2-55P	2.219
RNU2-56P	2.079
RNU2-58P	
RNU2-59P	0.28
RNU2-5P	
RNU2-60P	
RNU2-61P	1.594
RNU2-62P	0.639
RNU2-63P	
RNU2-64P	1.57
RNU2-66P	0.47
RNU2-67P	1.653
RNU2-68P	
RNU2-69P	-0.25
RNU2-6P	
RNU2-70P	
RNU2-71P	1.603
RNU2-72P	
RNU2-7P	
RNU2-8P	2.221
RNU2-9P	2.222
RNU3P3	3.012
RNU4-1	1.182
RNU4-10P	2.409
RNU4-11P	1.952
RNU4-12P	2.783
RNU4-13P	2.004
RNU4-14P	
RNU4-15P	1.311
RNU4-16P	
RNU4-17P	2.478
RNU4-19P	1.307
RNU4-2	1.477
RNU4-20P	3.393
RNU4-22P	
RNU4-25P	2.577
RNU4-26P	1.662
RNU4-27P	2.331
RNU4-28P	2.226
RNU4-29P	
RNU4-31P	0.053
RNU4-32P	
RNU4-35P	1.125
RNU4-36P	1.006
RNU4-37P	1.628
RNU4-38P	
RNU4-39P	1.918
RNU4-40P	1.408
RNU4-41P	2.549
RNU4-42P	0.742
RNU4-43P	5.93
RNU4-44P	
RNU4-45P	1.644
RNU4-46P	
RNU4-47P	-1.154
RNU4-48P	-0.172
RNU4-49P	-0.047
RNU4-4P	-1.207
RNU4-50P	
RNU4-53P	0.076
RNU4-54P	
RNU4-56P	
RNU4-57P	1.751
RNU4-58P	2.036
RNU4-59P	3.035
RNU4-61P	
RNU4-62P	-0.813
RNU4-63P	2.898
RNU4-64P	2.231
RNU4-65P	2.086
RNU4-66P	2.611
RNU4-67P	2.929
RNU4-69P	1.48
RNU4-6P	1.504
RNU4-70P	2.16
RNU4-71P	1.551
RNU4-72P	1.561
RNU4-73P	4.054
RNU4-74P	2.704
RNU4-75P	2.204
RNU4-76P	2.707
RNU4-77P	4.487
RNU4-78P	
RNU4-79P	
RNU4-7P	2.581
RNU4-80P	
RNU4-81P	
RNU4-82P	
RNU4-83P	2.101
RNU4-84P	1.241
RNU4-85P	
RNU4-86P	-1.572
RNU4-87P	0.693
RNU4-88P	
RNU4-90P	1.933
RNU4-91P	-0.249
RNU4-92P	0.881
RNU4-9P	-0.967
RNU4ATAC	
RNU4ATAC10P	2.051
RNU4ATAC13P	0.773
RNU4ATAC14P	2.207
RNU4ATAC15P	
RNU4ATAC16P	-0.004
RNU4ATAC17P	-0.88
RNU4ATAC2P	
RNU4ATAC3P	
RNU4ATAC4P	0.397
RNU4ATAC5P	1.825
RNU4ATAC6P	1.104
RNU4ATAC7P	4.181
RNU4ATAC8P	3.334
RNU4ATAC9P	4.326
RNU5A-1	
RNU5A-2P	3.818
RNU5A-3P	0.985
RNU5A-4P	
RNU5A-7P	0.641
RNU5A-8P	-0.529
RNU5B-1	1.093
RNU5B-2P	1.612
RNU5B-4P	-0.352
RNU5B-6P	2.99
RNU5D-1	1.672
RNU5E-1	1.436
RNU5E-10P	
RNU5E-4P	0.706
RNU5E-5P	1.887
RNU5E-6P	-0.102
RNU5E-7P	2.178
RNU5E-8P	
RNU5E-9P	1.52
RNU5F-1	1.685
RNU5F-2P	1.954
RNU5F-3P	
RNU5F-4P	
RNU5F-6P	1.702
RNU5F-7P	0.734
RNU5F-8P	1.758
RNU6-1	-0.045
RNU6-1001P	1.817
RNU6-1002P	
RNU6-1003P	
RNU6-1004P	1.204
RNU6-1005P	
RNU6-1006P	2.011
RNU6-1007P	2.677
RNU6-1010P	
RNU6-1011P	1.255
RNU6-1012P	1.627
RNU6-1013P	2.554
RNU6-1014P	2.421
RNU6-1015P	3.1
RNU6-1016P	
RNU6-1017P	1.52
RNU6-1018P	1.976
RNU6-1019P	-0.62
RNU6-1022P	0.573
RNU6-1023P	2.087
RNU6-1024P	
RNU6-1025P	-1.365
RNU6-1026P	
RNU6-1029P	0.74
RNU6-102P	1.915
RNU6-1031P	1.169
RNU6-1032P	2.012
RNU6-1034P	3.193
RNU6-1036P	3.856
RNU6-1037P	2.984
RNU6-103P	-1.0
RNU6-1040P	
RNU6-1041P	0.136
RNU6-1043P	
RNU6-1044P	1.958
RNU6-1045P	
RNU6-1046P	0.501
RNU6-1047P	0.649
RNU6-1048P	
RNU6-104P	
RNU6-1051P	1.967
RNU6-1055P	0.599
RNU6-1056P	
RNU6-1059P	2.825
RNU6-105P	-0.107
RNU6-1060P	2.804
RNU6-1062P	0.434
RNU6-1063P	5.806
RNU6-1064P	2.282
RNU6-1065P	
RNU6-1066P	3.52
RNU6-1067P	1.03
RNU6-1068P	2.024
RNU6-1069P	1.0
RNU6-106P	
RNU6-1070P	1.166
RNU6-1071P	
RNU6-1073P	1.67
RNU6-1074P	1.146
RNU6-1075P	2.987
RNU6-1077P	2.388
RNU6-107P	
RNU6-1081P	0.877
RNU6-1082P	1.029
RNU6-1084P	
RNU6-1085P	1.168
RNU6-1086P	1.46
RNU6-1087P	2.805
RNU6-1088P	0.995
RNU6-108P	
RNU6-1090P	1.673
RNU6-1091P	0.721
RNU6-1092P	1.704
RNU6-1093P	0.231
RNU6-1094P	2.052
RNU6-1096P	1.758
RNU6-1097P	0.484
RNU6-1099P	
RNU6-10P	
RNU6-1101P	2.462
RNU6-1103P	3.231
RNU6-1104P	1.479
RNU6-1105P	0.507
RNU6-1106P	
RNU6-1109P	1.977
RNU6-110P	0.589
RNU6-1111P	
RNU6-1112P	0.61
RNU6-1113P	2.457
RNU6-1114P	2.363
RNU6-1115P	0.335
RNU6-1116P	3.028
RNU6-1117P	
RNU6-1119P	1.852
RNU6-111P	2.629
RNU6-1120P	5.855
RNU6-1121P	
RNU6-1122P	3.73
RNU6-1124P	1.957
RNU6-1125P	1.436
RNU6-1126P	1.695
RNU6-1127P	-0.817
RNU6-1129P	2.297
RNU6-1130P	1.099
RNU6-1131P	0.132
RNU6-1133P	1.789
RNU6-1134P	1.756
RNU6-1135P	2.897
RNU6-1136P	
RNU6-1137P	1.539
RNU6-1139P	2.784
RNU6-113P	3.403
RNU6-1140P	1.692
RNU6-1141P	
RNU6-1142P	
RNU6-1143P	-1.349
RNU6-1144P	1.481
RNU6-1145P	1.395
RNU6-1146P	2.826
RNU6-1147P	
RNU6-1148P	1.017
RNU6-114P	0.649
RNU6-1150P	2.24
RNU6-1151P	-1.028
RNU6-1153P	
RNU6-1154P	
RNU6-1157P	0.134
RNU6-1158P	3.635
RNU6-1159P	
RNU6-1161P	1.646
RNU6-1163P	3.334
RNU6-1166P	1.447
RNU6-1167P	
RNU6-1168P	2.166
RNU6-116P	
RNU6-1172P	2.004
RNU6-1174P	1.552
RNU6-1175P	0.573
RNU6-1176P	3.427
RNU6-1177P	
RNU6-1179P	0.692
RNU6-117P	
RNU6-1180P	2.208
RNU6-1183P	1.953
RNU6-1185P	
RNU6-1186P	
RNU6-1187P	2.237
RNU6-1188P	-2.804
RNU6-1189P	0.736
RNU6-1190P	
RNU6-1191P	0.464
RNU6-1194P	
RNU6-1195P	
RNU6-1197P	
RNU6-119P	3.194
RNU6-11P	1.748
RNU6-1200P	
RNU6-1203P	
RNU6-1204P	-1.061
RNU6-1205P	
RNU6-1207P	1.033
RNU6-120P	
RNU6-1211P	3.802
RNU6-1212P	3.618
RNU6-1213P	2.471
RNU6-1214P	-1.215
RNU6-1215P	
RNU6-1216P	
RNU6-1218P	2.112
RNU6-1219P	2.882
RNU6-121P	1.118
RNU6-1220P	2.009
RNU6-1221P	1.322
RNU6-1222P	
RNU6-1225P	-0.963
RNU6-1227P	1.768
RNU6-1228P	6.343
RNU6-1230P	3.316
RNU6-1231P	0.431
RNU6-1232P	2.592
RNU6-1233P	
RNU6-1236P	1.952
RNU6-1237P	
RNU6-1241P	
RNU6-1242P	0.345
RNU6-1243P	1.603
RNU6-1244P	1.248
RNU6-1245P	0.587
RNU6-1246P	3.675
RNU6-1247P	
RNU6-1248P	1.154
RNU6-124P	-0.075
RNU6-1250P	
RNU6-1251P	1.035
RNU6-1252P	1.201
RNU6-1256P	1.206
RNU6-1257P	1.523
RNU6-125P	1.553
RNU6-1260P	-0.208
RNU6-1261P	5.042
RNU6-1262P	0.914
RNU6-1263P	
RNU6-1264P	3.031
RNU6-1265P	4.52
RNU6-1266P	2.111
RNU6-1267P	
RNU6-126P	
RNU6-1270P	2.646
RNU6-1271P	2.247
RNU6-1273P	0.997
RNU6-1274P	1.7
RNU6-1276P	-0.698
RNU6-1278P	-0.943
RNU6-1279P	
RNU6-1280P	
RNU6-1281P	
RNU6-1283P	
RNU6-1286P	1.736
RNU6-1289P	
RNU6-1290P	1.215
RNU6-1292P	
RNU6-1294P	
RNU6-1295P	2.96
RNU6-1296P	2.665
RNU6-1298P	
RNU6-1299P	2.096
RNU6-129P	2.526
RNU6-12P	1.724
RNU6-1300P	2.625
RNU6-1301P	
RNU6-1303P	-1.853
RNU6-1305P	
RNU6-1307P	0.475
RNU6-130P	
RNU6-1310P	2.041
RNU6-1312P	2.066
RNU6-1313P	2.024
RNU6-1315P	2.79
RNU6-1317P	
RNU6-1318P	0.208
RNU6-131P	2.444
RNU6-1321P	
RNU6-1323P	1.468
RNU6-1325P	4.656
RNU6-1326P	2.279
RNU6-1327P	
RNU6-1328P	2.226
RNU6-1329P	2.293
RNU6-132P	
RNU6-1331P	
RNU6-1333P	
RNU6-1335P	0.672
RNU6-1336P	-0.448
RNU6-1337P	
RNU6-1338P	1.192
RNU6-133P	2.463
RNU6-1340P	
RNU6-134P	0.716
RNU6-137P	0.044
RNU6-138P	2.546
RNU6-139P	
RNU6-13P	2.024
RNU6-140P	1.455
RNU6-141P	
RNU6-142P	
RNU6-143P	
RNU6-144P	3.133
RNU6-145P	
RNU6-147P	1.653
RNU6-148P	0.879
RNU6-14P	
RNU6-152P	2.433
RNU6-153P	1.487
RNU6-154P	1.603
RNU6-157P	
RNU6-158P	0.772
RNU6-15P	1.954
RNU6-160P	
RNU6-161P	1.719
RNU6-163P	3.662
RNU6-164P	1.404
RNU6-165P	1.307
RNU6-166P	
RNU6-167P	-0.112
RNU6-168P	2.766
RNU6-170P	1.096
RNU6-171P	
RNU6-172P	
RNU6-173P	2.635
RNU6-174P	-1.016
RNU6-175P	
RNU6-176P	3.216
RNU6-177P	
RNU6-178P	
RNU6-17P	
RNU6-180P	1.7
RNU6-181P	0.525
RNU6-183P	0.9
RNU6-185P	
RNU6-187P	1.882
RNU6-188P	
RNU6-189P	3.171
RNU6-18P	
RNU6-190P	
RNU6-191P	-0.492
RNU6-192P	2.26
RNU6-193P	1.053
RNU6-195P	
RNU6-197P	0.32
RNU6-198P	
RNU6-199P	
RNU6-2	0.71
RNU6-200P	0.647
RNU6-202P	
RNU6-203P	2.889
RNU6-204P	1.439
RNU6-205P	3.2
RNU6-206P	1.681
RNU6-208P	
RNU6-209P	
RNU6-20P	-0.409
RNU6-210P	1.936
RNU6-211P	2.094
RNU6-212P	
RNU6-214P	2.453
RNU6-215P	2.654
RNU6-216P	-0.088
RNU6-217P	5.296
RNU6-219P	0.596
RNU6-21P	2.826
RNU6-220P	-0.268
RNU6-221P	1.644
RNU6-222P	1.247
RNU6-223P	-0.417
RNU6-224P	1.909
RNU6-225P	
RNU6-226P	2.287
RNU6-227P	1.442
RNU6-228P	
RNU6-229P	
RNU6-231P	1.54
RNU6-232P	1.332
RNU6-233P	-0.717
RNU6-234P	1.326
RNU6-236P	-0.21
RNU6-239P	1.922
RNU6-23P	-0.471
RNU6-242P	2.907
RNU6-243P	2.287
RNU6-246P	0.745
RNU6-247P	0.752
RNU6-248P	2.131
RNU6-250P	-1.058
RNU6-253P	0.553
RNU6-254P	
RNU6-256P	3.289
RNU6-259P	1.575
RNU6-260P	1.103
RNU6-261P	1.625
RNU6-262P	
RNU6-263P	2.115
RNU6-264P	-1.072
RNU6-265P	
RNU6-266P	0.607
RNU6-268P	
RNU6-269P	
RNU6-26P	0.287
RNU6-270P	1.955
RNU6-271P	2.948
RNU6-273P	0.594
RNU6-274P	2.368
RNU6-275P	1.683
RNU6-276P	2.324
RNU6-277P	0.155
RNU6-278P	-1.372
RNU6-27P	1.949
RNU6-280P	2.29
RNU6-281P	3.248
RNU6-282P	
RNU6-284P	1.504
RNU6-285P	
RNU6-287P	
RNU6-288P	
RNU6-289P	2.084
RNU6-290P	1.931
RNU6-293P	4.569
RNU6-294P	
RNU6-295P	1.599
RNU6-297P	1.546
RNU6-299P	
RNU6-29P	1.147
RNU6-300P	
RNU6-301P	
RNU6-302P	2.015
RNU6-304P	0.72
RNU6-305P	2.099
RNU6-306P	
RNU6-307P	-0.423
RNU6-308P	-0.654
RNU6-309P	6.014
RNU6-30P	0.853
RNU6-311P	2.096
RNU6-313P	
RNU6-315P	
RNU6-317P	2.731
RNU6-318P	
RNU6-319P	
RNU6-31P	1.85
RNU6-320P	1.656
RNU6-322P	1.012
RNU6-324P	
RNU6-325P	2.434
RNU6-327P	
RNU6-328P	0.511
RNU6-329P	2.861
RNU6-330P	1.877
RNU6-332P	1.949
RNU6-333P	3.844
RNU6-335P	-0.183
RNU6-336P	0.705
RNU6-337P	0.401
RNU6-338P	1.885
RNU6-339P	
RNU6-33P	
RNU6-340P	2.207
RNU6-341P	
RNU6-342P	-0.739
RNU6-344P	-1.39
RNU6-346P	
RNU6-347P	2.316
RNU6-348P	1.916
RNU6-349P	2.515
RNU6-34P	2.426
RNU6-350P	
RNU6-351P	0.753
RNU6-352P	
RNU6-353P	
RNU6-356P	4.279
RNU6-357P	
RNU6-358P	
RNU6-35P	
RNU6-360P	
RNU6-361P	
RNU6-362P	1.81
RNU6-363P	1.667
RNU6-364P	3.838
RNU6-365P	1.257
RNU6-366P	1.381
RNU6-367P	0.171
RNU6-369P	1.981
RNU6-36P	0.919
RNU6-370P	0.277
RNU6-372P	0.821
RNU6-374P	2.919
RNU6-375P	0.357
RNU6-376P	1.769
RNU6-379P	-0.451
RNU6-380P	2.432
RNU6-381P	3.275
RNU6-382P	2.102
RNU6-383P	3.848
RNU6-384P	1.945
RNU6-385P	3.124
RNU6-387P	
RNU6-389P	
RNU6-38P	1.891
RNU6-390P	1.337
RNU6-391P	1.731
RNU6-392P	1.885
RNU6-393P	2.822
RNU6-394P	3.149
RNU6-395P	1.323
RNU6-397P	
RNU6-399P	
RNU6-3P	4.035
RNU6-400P	4.434
RNU6-401P	
RNU6-404P	1.419
RNU6-406P	-0.297
RNU6-408P	3.255
RNU6-40P	1.157
RNU6-410P	2.63
RNU6-411P	1.965
RNU6-412P	1.625
RNU6-413P	3.358
RNU6-414P	-0.723
RNU6-415P	2.029
RNU6-416P	0.871
RNU6-417P	
RNU6-418P	1.583
RNU6-41P	1.683
RNU6-420P	
RNU6-421P	
RNU6-424P	2.546
RNU6-426P	2.731
RNU6-427P	1.48
RNU6-428P	1.61
RNU6-429P	
RNU6-430P	
RNU6-432P	
RNU6-435P	-0.56
RNU6-437P	
RNU6-438P	1.991
RNU6-439P	5.525
RNU6-43P	-0.693
RNU6-440P	1.395
RNU6-441P	
RNU6-442P	1.461
RNU6-443P	2.558
RNU6-444P	
RNU6-445P	-1.152
RNU6-446P	0.215
RNU6-449P	2.784
RNU6-44P	0.793
RNU6-450P	2.164
RNU6-452P	1.133
RNU6-454P	-0.388
RNU6-455P	
RNU6-456P	2.531
RNU6-457P	-0.926
RNU6-459P	2.868
RNU6-45P	1.435
RNU6-460P	
RNU6-461P	3.452
RNU6-463P	3.281
RNU6-464P	2.187
RNU6-465P	
RNU6-466P	
RNU6-468P	0.606
RNU6-470P	1.183
RNU6-472P	2.279
RNU6-474P	1.699
RNU6-475P	4.172
RNU6-477P	6.363
RNU6-478P	2.437
RNU6-479P	0.902
RNU6-47P	
RNU6-480P	1.782
RNU6-481P	3.275
RNU6-483P	1.478
RNU6-484P	0.708
RNU6-485P	
RNU6-487P	1.406
RNU6-488P	
RNU6-48P	-0.292
RNU6-490P	-1.255
RNU6-491P	1.461
RNU6-492P	1.843
RNU6-493P	0.697
RNU6-495P	
RNU6-496P	1.023
RNU6-497P	2.287
RNU6-499P	1.925
RNU6-4P	
RNU6-500P	3.944
RNU6-501P	
RNU6-502P	
RNU6-503P	
RNU6-506P	0.668
RNU6-508P	
RNU6-509P	
RNU6-50P	
RNU6-510P	1.62
RNU6-511P	
RNU6-512P	
RNU6-513P	
RNU6-515P	
RNU6-517P	
RNU6-518P	
RNU6-519P	0.851
RNU6-520P	5.128
RNU6-522P	
RNU6-523P	
RNU6-525P	1.735
RNU6-526P	
RNU6-527P	1.301
RNU6-528P	1.88
RNU6-529P	1.432
RNU6-532P	0.968
RNU6-533P	1.104
RNU6-534P	
RNU6-535P	2.808
RNU6-536P	
RNU6-537P	-0.391
RNU6-53P	
RNU6-541P	
RNU6-542P	
RNU6-543P	3.244
RNU6-544P	3.335
RNU6-545P	
RNU6-546P	4.138
RNU6-54P	5.592
RNU6-550P	
RNU6-551P	4.009
RNU6-552P	0.886
RNU6-553P	-0.026
RNU6-555P	2.412
RNU6-556P	0.349
RNU6-557P	1.498
RNU6-558P	0.428
RNU6-560P	2.373
RNU6-561P	0.598
RNU6-562P	1.371
RNU6-563P	2.397
RNU6-564P	
RNU6-565P	
RNU6-566P	2.537
RNU6-567P	2.797
RNU6-568P	1.048
RNU6-569P	2.158
RNU6-56P	
RNU6-570P	
RNU6-573P	3.482
RNU6-575P	
RNU6-576P	5.33
RNU6-577P	
RNU6-578P	5.983
RNU6-57P	
RNU6-580P	0.14
RNU6-582P	2.134
RNU6-586P	-0.856
RNU6-587P	0.895
RNU6-588P	-0.407
RNU6-589P	-1.104
RNU6-58P	-1.058
RNU6-590P	2.775
RNU6-591P	2.481
RNU6-592P	2.231
RNU6-594P	
RNU6-595P	
RNU6-596P	1.961
RNU6-598P	2.606
RNU6-59P	-0.577
RNU6-600P	1.301
RNU6-602P	2.128
RNU6-603P	
RNU6-604P	2.091
RNU6-605P	
RNU6-607P	-2.201
RNU6-609P	1.465
RNU6-60P	
RNU6-612P	1.043
RNU6-613P	
RNU6-616P	1.901
RNU6-618P	0.617
RNU6-619P	
RNU6-61P	3.498
RNU6-620P	
RNU6-622P	2.032
RNU6-623P	
RNU6-625P	1.904
RNU6-626P	0.47
RNU6-627P	3.682
RNU6-62P	1.443
RNU6-630P	1.181
RNU6-632P	2.074
RNU6-633P	3.207
RNU6-634P	3.681
RNU6-635P	1.776
RNU6-636P	1.672
RNU6-637P	3.557
RNU6-638P	
RNU6-639P	1.871
RNU6-63P	5.512
RNU6-641P	1.738
RNU6-642P	
RNU6-643P	4.892
RNU6-644P	
RNU6-645P	0.336
RNU6-646P	
RNU6-648P	1.038
RNU6-649P	1.857
RNU6-64P	-0.915
RNU6-650P	1.801
RNU6-651P	
RNU6-655P	2.39
RNU6-656P	1.655
RNU6-657P	
RNU6-65P	0.997
RNU6-660P	3.01
RNU6-662P	0.55
RNU6-663P	1.944
RNU6-664P	1.155
RNU6-666P	2.372
RNU6-667P	1.875
RNU6-66P	2.576
RNU6-670P	-0.993
RNU6-673P	
RNU6-674P	-1.611
RNU6-675P	1.988
RNU6-676P	
RNU6-677P	1.172
RNU6-678P	0.29
RNU6-679P	3.999
RNU6-67P	6.115
RNU6-680P	
RNU6-682P	1.728
RNU6-684P	2.276
RNU6-686P	2.13
RNU6-687P	
RNU6-688P	-0.283
RNU6-689P	
RNU6-68P	
RNU6-690P	-0.599
RNU6-692P	2.778
RNU6-693P	1.994
RNU6-694P	3.265
RNU6-695P	5.035
RNU6-696P	1.922
RNU6-697P	0.251
RNU6-698P	2.403
RNU6-699P	4.249
RNU6-6P	1.511
RNU6-7	1.874
RNU6-700P	2.049
RNU6-701P	
RNU6-703P	2.795
RNU6-706P	3.599
RNU6-708P	-1.35
RNU6-709P	1.018
RNU6-70P	1.569
RNU6-710P	4.246
RNU6-711P	
RNU6-712P	-0.443
RNU6-715P	2.863
RNU6-716P	2.056
RNU6-718P	1.629
RNU6-71P	
RNU6-720P	0.59
RNU6-722P	
RNU6-723P	
RNU6-725P	5.281
RNU6-727P	1.329
RNU6-728P	1.556
RNU6-729P	0.941
RNU6-72P	2.78
RNU6-730P	
RNU6-731P	-0.798
RNU6-732P	1.173
RNU6-733P	-0.03
RNU6-735P	1.871
RNU6-736P	1.272
RNU6-737P	1.63
RNU6-738P	
RNU6-739P	2.158
RNU6-73P	1.404
RNU6-740P	3.823
RNU6-741P	5.342
RNU6-743P	2.157
RNU6-744P	-0.161
RNU6-745P	2.646
RNU6-746P	2.596
RNU6-748P	
RNU6-750P	
RNU6-751P	0.775
RNU6-753P	1.926
RNU6-755P	3.779
RNU6-756P	1.547
RNU6-757P	
RNU6-758P	1.662
RNU6-75P	1.81
RNU6-760P	-1.069
RNU6-761P	0.213
RNU6-762P	
RNU6-763P	1.188
RNU6-765P	5.145
RNU6-766P	0.321
RNU6-768P	
RNU6-769P	
RNU6-772P	3.159
RNU6-773P	
RNU6-774P	-0.276
RNU6-775P	1.51
RNU6-777P	
RNU6-778P	3.754
RNU6-779P	0.839
RNU6-780P	-1.102
RNU6-781P	1.023
RNU6-782P	0.541
RNU6-783P	2.891
RNU6-784P	0.69
RNU6-787P	
RNU6-788P	2.461
RNU6-789P	
RNU6-791P	3.166
RNU6-792P	1.29
RNU6-793P	3.232
RNU6-794P	2.301
RNU6-795P	
RNU6-796P	-0.221
RNU6-797P	1.102
RNU6-79P	4.84
RNU6-8	1.069
RNU6-802P	2.368
RNU6-803P	1.639
RNU6-804P	1.32
RNU6-805P	
RNU6-806P	
RNU6-808P	
RNU6-80P	0.773
RNU6-810P	
RNU6-812P	3.0
RNU6-814P	
RNU6-815P	3.569
RNU6-819P	
RNU6-81P	1.441
RNU6-820P	-0.966
RNU6-822P	1.628
RNU6-824P	
RNU6-827P	3.084
RNU6-828P	
RNU6-829P	2.609
RNU6-830P	1.961
RNU6-832P	2.433
RNU6-834P	
RNU6-835P	1.706
RNU6-836P	-0.92
RNU6-837P	1.118
RNU6-838P	
RNU6-839P	1.746
RNU6-841P	1.985
RNU6-842P	2.043
RNU6-844P	0.923
RNU6-845P	
RNU6-846P	
RNU6-847P	1.657
RNU6-849P	2.214
RNU6-850P	
RNU6-852P	
RNU6-853P	-1.404
RNU6-855P	
RNU6-857P	0.748
RNU6-858P	
RNU6-861P	-0.719
RNU6-862P	-0.178
RNU6-863P	3.064
RNU6-866P	
RNU6-867P	1.542
RNU6-868P	-0.703
RNU6-869P	2.279
RNU6-870P	2.789
RNU6-871P	1.676
RNU6-872P	2.774
RNU6-873P	2.185
RNU6-874P	-0.442
RNU6-876P	
RNU6-877P	
RNU6-880P	1.673
RNU6-881P	
RNU6-884P	0.81
RNU6-885P	-0.365
RNU6-887P	1.411
RNU6-888P	
RNU6-889P	2.212
RNU6-890P	
RNU6-891P	3.3
RNU6-892P	1.292
RNU6-893P	
RNU6-894P	
RNU6-895P	
RNU6-896P	3.612
RNU6-897P	
RNU6-898P	
RNU6-899P	-0.131
RNU6-9	0.197
RNU6-900P	1.493
RNU6-902P	
RNU6-903P	0.094
RNU6-905P	
RNU6-907P	1.677
RNU6-908P	0.151
RNU6-909P	2.613
RNU6-910P	1.039
RNU6-911P	2.033
RNU6-912P	-1.361
RNU6-913P	
RNU6-916P	1.474
RNU6-917P	
RNU6-918P	2.932
RNU6-919P	1.613
RNU6-920P	
RNU6-921P	3.06
RNU6-922P	1.6
RNU6-923P	
RNU6-925P	2.137
RNU6-926P	-0.937
RNU6-927P	2.255
RNU6-928P	-0.628
RNU6-929P	2.711
RNU6-931P	2.373
RNU6-933P	0.267
RNU6-934P	3.295
RNU6-936P	-0.385
RNU6-937P	
RNU6-938P	1.642
RNU6-939P	2.864
RNU6-940P	1.056
RNU6-942P	
RNU6-943P	1.577
RNU6-945P	0.49
RNU6-947P	1.762
RNU6-949P	3.179
RNU6-951P	0.283
RNU6-952P	1.133
RNU6-953P	1.748
RNU6-955P	0.234
RNU6-956P	1.11
RNU6-957P	
RNU6-958P	0.423
RNU6-961P	1.825
RNU6-962P	4.081
RNU6-967P	1.814
RNU6-968P	2.057
RNU6-969P	
RNU6-970P	1.596
RNU6-971P	0.988
RNU6-973P	2.321
RNU6-974P	2.272
RNU6-976P	4.634
RNU6-977P	0.002
RNU6-97P	
RNU6-980P	0.987
RNU6-982P	2.02
RNU6-983P	3.579
RNU6-985P	2.785
RNU6-987P	1.148
RNU6-989P	-0.931
RNU6-98P	1.613
RNU6-990P	1.146
RNU6-991P	1.761
RNU6-992P	0.726
RNU6-993P	1.613
RNU6-994P	0.982
RNU6-995P	2.68
RNU6-996P	4.123
RNU6-997P	
RNU6-99P	4.311
RNU6ATAC	
RNU6ATAC10P	0.318
RNU6ATAC11P	1.947
RNU6ATAC12P	
RNU6ATAC13P	2.31
RNU6ATAC14P	2.109
RNU6ATAC15P	2.655
RNU6ATAC16P	-0.445
RNU6ATAC17P	0.926
RNU6ATAC19P	5.072
RNU6ATAC20P	3.606
RNU6ATAC21P	7.125
RNU6ATAC23P	-1.985
RNU6ATAC24P	
RNU6ATAC26P	2.717
RNU6ATAC28P	3.024
RNU6ATAC2P	1.682
RNU6ATAC31P	
RNU6ATAC32P	1.983
RNU6ATAC33P	
RNU6ATAC35P	1.5
RNU6ATAC36P	1.369
RNU6ATAC37P	2.247
RNU6ATAC38P	-1.572
RNU6ATAC39P	-0.688
RNU6ATAC3P	0.785
RNU6ATAC40P	1.593
RNU6ATAC41P	1.41
RNU6ATAC42P	0.675
RNU6ATAC4P	0.916
RNU6ATAC5P	1.982
RNU6ATAC6P	3.051
RNU6ATAC7P	1.256
RNU6ATAC8P	1.817
RNU6ATAC9P	-1.301
RNU6V	-0.338
RNU7-1	1.54
RNU7-102P	2.255
RNU7-104P	-0.116
RNU7-105P	
RNU7-106P	4.979
RNU7-109P	2.682
RNU7-113P	1.419
RNU7-114P	2.877
RNU7-116P	1.679
RNU7-122P	2.559
RNU7-123P	-2.294
RNU7-124P	
RNU7-126P	3.933
RNU7-127P	0.882
RNU7-128P	
RNU7-129P	1.211
RNU7-12P	
RNU7-131P	
RNU7-133P	2.1
RNU7-134P	2.386
RNU7-137P	2.303
RNU7-141P	1.023
RNU7-144P	2.519
RNU7-145P	3.713
RNU7-146P	6.54
RNU7-147P	2.399
RNU7-148P	5.18
RNU7-14P	2.275
RNU7-150P	-0.468
RNU7-151P	
RNU7-152P	3.232
RNU7-153P	-1.633
RNU7-155P	2.878
RNU7-156P	3.271
RNU7-157P	2.376
RNU7-158P	
RNU7-159P	2.466
RNU7-160P	2.713
RNU7-162P	
RNU7-163P	
RNU7-164P	2.929
RNU7-165P	4.191
RNU7-167P	1.725
RNU7-168P	3.213
RNU7-170P	0.963
RNU7-173P	1.486
RNU7-174P	
RNU7-176P	
RNU7-177P	0.778
RNU7-179P	1.427
RNU7-182P	2.943
RNU7-183P	1.971
RNU7-185P	
RNU7-187P	-0.061
RNU7-188P	2.271
RNU7-189P	1.856
RNU7-18P	
RNU7-190P	2.172
RNU7-192P	2.276
RNU7-193P	
RNU7-197P	1.814
RNU7-199P	
RNU7-21P	
RNU7-22P	2.301
RNU7-23P	
RNU7-24P	2.893
RNU7-25P	-1.701
RNU7-26P	2.493
RNU7-27P	1.036
RNU7-28P	0.117
RNU7-29P	0.961
RNU7-2P	2.796
RNU7-31P	1.383
RNU7-34P	1.708
RNU7-35P	1.096
RNU7-38P	-0.322
RNU7-41P	0.041
RNU7-43P	
RNU7-45P	-1.1
RNU7-46P	
RNU7-47P	
RNU7-51P	2.226
RNU7-52P	
RNU7-53P	2.787
RNU7-54P	0.755
RNU7-55P	
RNU7-56P	1.302
RNU7-58P	1.549
RNU7-59P	
RNU7-62P	1.355
RNU7-63P	-0.904
RNU7-64P	1.826
RNU7-65P	1.19
RNU7-66P	2.879
RNU7-67P	1.257
RNU7-69P	2.949
RNU7-6P	1.101
RNU7-71P	
RNU7-72P	-0.217
RNU7-74P	1.653
RNU7-7P	
RNU7-80P	
RNU7-85P	-0.303
RNU7-87P	
RNU7-88P	2.581
RNU7-92P	2.415
RNU7-93P	2.933
RNU7-94P	
RNU7-97P	1.427
RNU7-98P	2.25
RNVU1-6	
RNVU1-8	
RNY1	2.611
RNY1P1	1.602
RNY1P3	
RNY1P4	
RNY1P5	4.656
RNY1P7	1.828
RNY1P8	2.191
RNY3	2.561
RNY3P10	0.222
RNY3P4	1.559
RNY3P5	1.588
RNY3P6	0.813
RNY3P7	
RNY3P8	2.078
RNY3P9	2.092
RNY4	2.292
RNY4P13	
RNY4P14	
RNY4P15	2.691
RNY4P16	4.786
RNY4P17	
RNY4P18	2.13
RNY4P2	2.056
RNY4P22	1.868
RNY4P25	
RNY4P26	
RNY4P27	2.81
RNY4P28	2.114
RNY4P29	1.602
RNY4P3	
RNY4P30	1.227
RNY4P31	2.231
RNY4P4	
RNY4P7	-0.373
RNY4P9	1.736
RNY5	3.285
RNY5P1	0.801
RNY5P5	0.562
RNY5P8	
ROBO1	4.215
ROBO2	5.404
ROBO2P1	4.066
ROBO3	2.078
ROBO4	1.086
ROCK1	
ROCK1P1	1.736
ROCK2	3.737
ROGDI	2.18
ROM1	0.504
ROMO1	1.873
ROPN1	3.351
ROPN1B	1.671
ROPN1L	1.618
ROPN1L-AS1	-1.005
ROR1	4.873
ROR2	4.836
RORA	2.994
RORB	2.711
RORC	2.113
ROS1	2.386
RP1	5.573
RP1-100J12.1	0.901
RP1-101G11.2	3.657
RP1-101K10.4	2.258
RP1-101K10.6	0.77
RP1-102D24.5	2.467
RP1-102E24.1	2.227
RP1-102E24.6	1.615
RP1-102E24.8	1.784
RP1-102E24.9	3.831
RP1-102G20.2	
RP1-102G20.4	
RP1-102G20.5	0.897
RP1-102H19.8	1.728
RP1-102K2.6	1.557
RP1-102K2.8	1.64
RP1-104O17.1	5.269
RP1-104O17.2	3.359
RP1-104O17.3	3.154
RP1-105O18.1	1.481
RP1-106C24.1	
RP1-107N3.1	1.956
RP1-107N3.2	4.573
RP1-10C16.1	1.256
RP1-111B22.3	3.825
RP1-111C20.3	2.319
RP1-111C20.4	1.844
RP1-111D6.2	1.169
RP1-111D6.3	1.433
RP1-116K23.1	2.378
RP1-117B12.4	1.071
RP1-117O3.2	1.281
RP1-117P20.3	0.723
RP1-118J21.24	1.429
RP1-118J21.25	1.42
RP1-118J21.5	-1.431
RP1-120G22.11	0.207
RP1-121G13.2	1.812
RP1-121G13.3	-0.083
RP1-122K4.2	2.037
RP1-122K4.3	1.424
RP1-122O8.7	-0.148
RP1-122P22.2	2.757
RP1-124C6.1	1.786
RP1-125I3.2	1.315
RP1-125N5.2	4.528
RP1-127B20.4	-0.308
RP1-127C7.6	2.813
RP1-127D3.4	2.964
RP1-127H14.3	1.285
RP1-127L4.10	
RP1-127L4.7	1.851
RP1-128O3.4	1.891
RP1-128O3.5	
RP1-128O3.6	
RP1-12G14.5	2.021
RP1-12G14.6	1.007
RP1-12G14.7	0.807
RP1-130G2.1	2.612
RP1-130H16.16	-0.441
RP1-130H16.18	0.476
RP1-130L23.1	1.978
RP1-131F15.2	2.179
RP1-134E15.3	0.823
RP1-134O19.3	
RP1-135L22.1	4.528
RP1-136B1.1	1.06
RP1-136J15.1	
RP1-136J15.5	1.822
RP1-137D17.1	1.999
RP1-137D17.2	2.765
RP1-137F1.3	-0.401
RP1-137H15.2	1.585
RP1-137K2.2	0.986
RP1-137K24.1	3.086
RP1-138A5.2	2.695
RP1-138B7.4	
RP1-138B7.5	0.719
RP1-139D8.6	1.728
RP1-13D10.2	1.043
RP1-13D10.3	0.777
RP1-13D10.5	2.627
RP1-13P20.6	2.355
RP1-140A9.1	1.913
RP1-140C12.2	2.414
RP1-140J1.1	1.6
RP1-140J1.4	1.556
RP1-140K8.1	2.168
RP1-140K8.2	1.762
RP1-140K8.3	2.009
RP1-140K8.5	1.709
RP1-142F18.2	1.791
RP1-142L7.5	1.117
RP1-142L7.8	-0.377
RP1-142L7.9	0.966
RP1-142O9.2	1.642
RP1-144C9.2	1.167
RP1-144F13.3	
RP1-144F13.4	0.265
RP1-145M24.1	-0.387
RP1-146A15.1	
RP1-146I3.1	1.08
RP1-148H17.1	2.307
RP1-149A16.12	2.121
RP1-149A16.16	0.552
RP1-149A16.17	1.019
RP1-149A16.3	1.128
RP1-149C7.1	3.079
RP1-149L1.1	1.393
RP1-14D6.2	0.442
RP1-150O5.3	1.723
RP1-151B14.6	1.984
RP1-151B14.9	1.377
RP1-151F17.1	0.858
RP1-151F17.2	2.909
RP1-152L7.3	2.063
RP1-152L7.5	1.767
RP1-152L7.8	-0.467
RP1-152L7.9	1.357
RP1-153G14.4	1.041
RP1-153P14.3	1.75
RP1-153P14.5	0.972
RP1-153P14.8	2.382
RP1-154J13.2	0.871
RP1-154J13.3	0.737
RP1-154K9.2	2.12
RP1-155D22.1	2.541
RP1-155D22.2	3.139
RP1-155G6.4	0.262
RP1-156L9.1	
RP1-158P9.1	1.787
RP1-159A19.3	1.67
RP1-159A19.4	1.347
RP1-159G19.1	2.959
RP1-159M24.1	1.903
RP1-15D23.2	3.199
RP1-161C16.1	1.841
RP1-161N10.1	3.03
RP1-161P9.5	-0.462
RP1-163G9.2	1.982
RP1-164F3.8	0.356
RP1-164L12.1	2.645
RP1-166H1.2	1.738
RP1-166H4.2	1.004
RP1-167A14.2	2.597
RP1-167F1.2	3.244
RP1-167G20.1	2.938
RP1-167G20.2	
RP1-168L15.5	
RP1-168P16.1	0.661
RP1-168P16.2	2.184
RP1-168P16.3	
RP1-169I5.4	
RP1-169K13.3	
RP1-169P22.2	4.037
RP1-16A9.1	1.995
RP1-170B16.1	4.679
RP1-170O19.14	1.652
RP1-170O19.17	2.556
RP1-170O19.20	1.715
RP1-170O19.21	0.966
RP1-170O19.22	1.644
RP1-170O19.23	0.98
RP1-171K16.5	0.993
RP1-172B20.6	
RP1-172I22.1	3.135
RP1-172N19.4	-0.163
RP1-177A13.1	2.318
RP1-177I10.1	4.945
RP1-178F10.1	0.908
RP1-178F10.3	1.286
RP1-178F15.4	1.769
RP1-178F15.5	1.769
RP1-179N16.3	-0.099
RP1-179N16.6	1.754
RP1-17K7.2	0.686
RP1-17K7.3	
RP1-180M12.1	-1.867
RP1-181J22.1	
RP1-182D15.2	2.189
RP1-182O16.1	5.397
RP1-182O16.2	1.494
RP1-184J9.2	1.514
RP1-186E20.1	2.359
RP1-187B23.1	2.145
RP1-18D14.7	1.712
RP1-190J20.2	
RP1-191J18.65	1.595
RP1-191J18.66	1.465
RP1-191L6.2	2.68
RP1-192P9.1	1.287
RP1-193H18.2	1.279
RP1-193H18.3	1.704
RP1-196A12.1	1.417
RP1-197B17.3	1.748
RP1-197J16.1	0.817
RP1-197J16.2	1.939
RP1-197O17.2	
RP1-197O17.3	1.831
RP1-199H16.6	0.943
RP1-199J3.5	1.806
RP1-199J3.7	1.904
RP1-1J6.2	0.78
RP1-200G19.1	
RP1-200K18.1	2.796
RP1-202I21.3	1.481
RP1-202O8.2	4.699
RP1-202O8.3	2.729
RP1-203C2.2	3.901
RP1-203C2.3	2.489
RP1-203C2.4	2.435
RP1-203P18.1	3.458
RP1-206D15.3	2.3
RP1-207H1.2	
RP1-207H1.3	2.687
RP1-209A6.1	5.176
RP1-209B5.2	0.891
RP1-20B11.2	0.396
RP1-20B21.4	2.149
RP1-20C7.6	-0.768
RP1-20I3.3	0.923
RP1-20N18.4	1.024
RP1-20N2.6	1.659
RP1-20N2.7	2.107
RP1-20N4.1	2.603
RP1-212G6.4	0.718
RP1-212G6.7	1.813
RP1-212P9.2	2.897
RP1-212P9.3	2.853
RP1-213J1P__B.1	3.087
RP1-213J1P__B.2	1.649
RP1-214M20.2	2.309
RP1-215K18.4	1.978
RP1-217P22.2	0.637
RP1-218B13.1	1.44
RP1-21O18.3	1.18
RP1-21P18.1	1.882
RP1-223B1.1	2.692
RP1-223D17.1	1.894
RP1-223E5.4	0.915
RP1-223H12.5	1.575
RP1-224A6.3	2.571
RP1-224A6.9	2.023
RP1-225E12.2	3.166
RP1-225E12.3	2.794
RP1-228P16.1	0.772
RP1-228P16.3	0.565
RP1-228P16.4	1.445
RP1-228P16.5	1.445
RP1-228P16.7	
RP1-229K20.5	
RP1-22N22.1	-0.039
RP1-230L10.1	2.387
RP1-231P7P.1	3.247
RP1-232L22__A.1	0.939
RP1-232L22__B.1	2.953
RP1-232L24.2	1.915
RP1-232L24.3	1.291
RP1-232L24.4	2.363
RP1-232N11.2	0.605
RP1-232P20.1	1.776
RP1-234P15.4	0.81
RP1-239B22.5	2.78
RP1-23E21.2	2.588
RP1-23K20.2	1.96
RP1-240B8.3	1.234
RP1-240K6.3	1.456
RP1-241P17.1	1.847
RP1-241P17.4	0.807
RP1-241P17.7	0.948
RP1-244F24.1	-0.021
RP1-249C1.1	1.39
RP1-249F5.3	2.127
RP1-249H1.2	1.813
RP1-249H1.3	0.793
RP1-249H1.4	0.846
RP1-249I4.2	5.006
RP1-251I12.1	1.361
RP1-251M9.2	1.157
RP1-251M9.3	1.636
RP1-253B10.1	3.206
RP1-253B10.2	3.182
RP1-253P7.1	
RP1-256G22.2	1.821
RP1-257A15.1	1.01
RP1-257A7.4	2.088
RP1-257A7.5	
RP1-257I20.14	-0.675
RP1-257I9.2	1.25
RP1-258N20.3	2.015
RP1-261D10.1	
RP1-261D10.2	1.889
RP1-261G23.4	1.778
RP1-261G23.5	3.14
RP1-261G23.7	-0.768
RP1-263J7.1	1.642
RP1-263J7.2	1.918
RP1-265C24.5	1.215
RP1-265C24.8	1.43
RP1-266L20.2	0.87
RP1-266L20.4	1.8
RP1-267D11.1	
RP1-267L14.3	-0.144
RP1-269M15.3	2.397
RP1-269O5.3	-2.104
RP1-272E8.1	0.985
RP1-272J12.1	3.952
RP1-272L16.1	2.392
RP1-273G13.1	-0.093
RP1-273G13.2	
RP1-273G13.3	1.379
RP1-273P12.1	1.798
RP1-274L7.1	1.982
RP1-274L7.3	1.842
RP1-276E15.1	1.716
RP1-276J11.3	0.718
RP1-276N6.2	0.632
RP1-278E11.3	1.589
RP1-278O22.1	0.597
RP1-278O22.2	1.792
RP1-279N11.1	1.663
RP1-27K12.2	2.609
RP1-27K12.4	1.152
RP1-27O5.3	2.818
RP1-281H8.3	2.16
RP1-283E3.8	2.317
RP1-283K11.2	1.352
RP1-283K11.3	1.662
RP1-286D6.5	0.418
RP1-287H17.1	1.763
RP1-288H2.2	2.901
RP1-288H2.4	0.812
RP1-288L1.4	3.68
RP1-288L1.5	3.822
RP1-288M22.1	2.308
RP1-288M22.2	1.121
RP1-28C20.1	2.125
RP1-28H20.3	1.326
RP1-28O10.1	4.684
RP1-28O17.1	2.049
RP1-290F12.3	0.344
RP1-290I10.2	2.137
RP1-290I10.3	1.138
RP1-290I10.5	2.631
RP1-290I10.7	2.282
RP1-292B18.1	0.099
RP1-292B18.3	0.849
RP1-292B18.4	2.565
RP1-292L20.2	1.93
RP1-293L6.1	2.301
RP1-293L8.2	2.018
RP1-296G17.3	1.7
RP1-296L11.1	0.617
RP1-297M16.2	-1.023
RP1-298M8.1	-0.139
RP1-29C18.10	1.393
RP1-29C18.9	0.994
RP1-29G21.1	0.537
RP1-300G12.2	0.446
RP1-300I2.2	1.779
RP1-300I2.3	1.136
RP1-302D9.1	1.751
RP1-302D9.2	4.066
RP1-302D9.3	0.877
RP1-302D9.5	2.138
RP1-302G2.5	2.203
RP1-303A1.1	0.638
RP1-305B16.3	1.341
RP1-305G21.1	1.919
RP1-308E4.1	
RP1-309F20.3	1.729
RP1-309F20.4	
RP1-309H15.2	1.49
RP1-309K20.6	2.225
RP1-30E17.2	5.494
RP1-30G7.2	2.319
RP1-30M3.5	-1.135
RP1-30M3.6	
RP1-310O13.7	0.588
RP1-313I6.12	1.567
RP1-313L4.3	-0.603
RP1-313L4.4	-0.232
RP1-315G1.1	
RP1-315G1.3	0.803
RP1-317E23.3	0.741
RP1-317E23.6	1.569
RP1-317E23.7	
RP1-319M7.2	0.285
RP1-31B8.1	1.055
RP1-32B1.4	2.064
RP1-32I10.10	2.789
RP1-32I10.11	2.38
RP1-34H18.1	4.397
RP1-34L19.1	1.582
RP1-34M23.5	3.084
RP1-35C21.1	1.935
RP1-35C21.2	2.919
RP1-37C10.3	1.065
RP1-37J18.1	2.564
RP1-37J18.2	2.729
RP1-37M3.8	0.714
RP1-38C16.2	0.124
RP1-39G22.4	
RP1-39G22.7	1.243
RP1-39J2.1	2.06
RP1-3J17.3	0.849
RP1-40E16.11	2.27
RP1-40E16.12	1.445
RP1-40E16.2	3.71
RP1-40E16.9	4.704
RP1-40G4P.1	1.591
RP1-41C23.1	3.416
RP1-41P2.7	2.008
RP1-43E13.2	1.801
RP1-43O17.1	1.092
RP1-43O17.2	0.697
RP1-45C12.1	2.981
RP1-45I4.2	2.249
RP1-45I4.3	2.042
RP1-45N11.1	2.207
RP1-46F2.2	8.091
RP1-46F2.3	1.452
RP1-48J14.1	1.37
RP1-4G17.2	1.259
RP1-4G17.5	1.626
RP1-50A13.1	1.223
RP1-50J22.4	1.01
RP1-50O24.6	0.648
RP1-52D1.1	2.81
RP1-52J10.9	1.207
RP1-53C18.3	2.747
RP1-55C23.7	1.501
RP1-55C23.8	1.555
RP1-56J10.8	0.935
RP1-56K13.2	1.159
RP1-56K13.3	1.325
RP1-56K13.5	0.927
RP1-56K13.6	2.287
RP1-57E3.1	1.71
RP1-58B11.1	6.296
RP1-59B16.1	3.728
RP1-59D14.1	1.139
RP1-59D14.5	
RP1-59M18.2	1.42
RP1-5O6.5	1.025
RP1-60G11.1	2.674
RP1-60N8.1	1.128
RP1-60O19.1	2.056
RP1-60O19.2	2.139
RP1-62O9.3	1.883
RP1-63G5.5	2.332
RP1-63G5.7	1.217
RP1-63G5.8	
RP1-63M2.5	0.765
RP1-63M2.6	0.846
RP1-63P18.2	2.691
RP1-64K7.4	-0.42
RP1-65J11.1	1.672
RP1-65J11.5	3.625
RP1-65P5.1	3.256
RP1-65P5.5	2.233
RP1-66C13.1	0.441
RP1-66C13.2	1.294
RP1-66C13.3	5.145
RP1-66C13.4	2.258
RP1-66N13.1	2.863
RP1-67A8.3	1.073
RP1-67K17.3	4.808
RP1-67K17.4	1.466
RP1-68D18.2	-1.355
RP1-68D18.3	0.755
RP1-68D18.4	-0.233
RP1-69B13.2	-0.389
RP1-69D17.3	0.72
RP1-69D17.4	1.585
RP1-69E11.3	1.72
RP1-69M21.2	2.682
RP1-6P5.2	3.612
RP1-71H19.2	0.85
RP1-71H24.1	4.128
RP1-71H24.4	0.669
RP1-71L16.9	0.839
RP1-72A23.1	2.97
RP1-72A23.3	1.831
RP1-72E17.2	2.306
RP1-73A14.1	3.311
RP1-73A14.2	4.088
RP1-74B13.2	2.275
RP1-74M1.3	2.268
RP1-76B20.11	1.289
RP1-76B20.12	1.289
RP1-76C18.1	2.398
RP1-77H15.1	
RP1-78O14.1	3.954
RP1-79C4.1	2.411
RP1-79C4.4	0.901
RP1-7G5.5	-0.398
RP1-7G5.6	0.44
RP1-80N2.2	1.717
RP1-80N2.3	3.635
RP1-81F6.1	1.956
RP1-81P11.1	2.176
RP1-83M4.2	5.736
RP1-84O15.1	
RP1-84O15.2	1.879
RP1-85F18.5	1.052
RP1-85F18.6	4.267
RP1-86C11.7	0.923
RP1-86D1.2	0.941
RP1-86D1.3	1.432
RP1-86D1.4	1.917
RP1-86D1.5	0.752
RP1-89D4.1	3.29
RP1-8B1.4	1.962
RP1-8B22.1	4.879
RP1-8B22.2	2.417
RP1-90G24.10	2.948
RP1-90G24.11	2.541
RP1-90G24.6	1.43
RP1-90G24.8	2.186
RP1-90J20.10	1.075
RP1-90J20.11	3.445
RP1-90J20.12	1.931
RP1-90J20.2	1.832
RP1-90J20.8	1.991
RP1-90J4.1	2.41
RP1-90K10.4	1.836
RP1-90L14.1	3.906
RP1-90L6.2	2.924
RP1-90L6.3	2.795
RP1-91G5.3	2.006
RP1-91J24.1	2.159
RP1-91J24.3	1.365
RP1-91N13.1	
RP1-92C4.1	1.07
RP1-92C4.2	2.592
RP1-92C8.2	-0.629
RP1-92C8.3	0.775
RP1-92O14.3	2.712
RP1-92O14.6	-0.594
RP1-93H18.1	2.728
RP1-93H18.6	1.667
RP1-93H18.7	1.623
RP1-93I3.1	3.358
RP1-93L7.3	1.945
RP1-95L4.2	0.628
RP1-95L4.3	
RP1-95L4.4	3.124
RP1-96H9.5	2.884
RP1-97G4.1	1.363
RP1-97J1.2	2.177
RP1-99E18.2	1.241
RP11-1000B6.2	1.68
RP11-1000B6.3	
RP11-1002K11.1	4.769
RP11-1003J3.1	2.896
RP11-1006G14.4	1.787
RP11-1007G5.2	1.12
RP11-1007I13.2	1.609
RP11-1007I13.4	1.906
RP11-1007J8.1	-0.237
RP11-1007O24.2	0.9
RP11-1007O24.3	2.149
RP11-1007O24.4	1.22
RP11-1008C21.1	2.897
RP11-1008C21.2	1.458
RP11-1008M1.1	
RP11-100E13.1	2.098
RP11-100E13.3	0.741
RP11-100F15.1	1.698
RP11-100F15.2	1.793
RP11-100G15.10	2.413
RP11-100G15.3	0.78
RP11-100G15.4	-0.068
RP11-100G15.5	0.75
RP11-100G15.7	1.946
RP11-100J16.4	
RP11-100K18.1	6.032
RP11-100L22.1	4.075
RP11-100L22.2	3.818
RP11-100L22.3	1.618
RP11-100L22.4	-0.284
RP11-100M12.1	0.714
RP11-100M12.2	1.489
RP11-100M12.3	1.847
RP11-100N20.1	2.92
RP11-100N21.1	-0.715
RP11-100N3.2	0.965
RP11-1012A1.4	0.891
RP11-1012A1.7	0.985
RP11-1012E15.1	3.184
RP11-1016B18.1	2.329
RP11-1017G21.3	-1.949
RP11-1017G21.4	2.513
RP11-1017G21.5	2.388
RP11-1017G21.6	1.658
RP11-1018J11.1	2.04
RP11-1018N14.1	0.817
RP11-1018N14.2	5.951
RP11-1018N14.3	0.694
RP11-1018N14.4	1.151
RP11-1018N14.5	2.218
RP11-101B14.1	1.639
RP11-101B14.4	2.137
RP11-101C11.1	2.522
RP11-101E13.5	
RP11-101E14.2	2.968
RP11-101E14.3	3.7
RP11-101E19.4	2.139
RP11-101E19.8	1.798
RP11-101E3.5	0.532
RP11-101E7.2	0.905
RP11-101K23.1	2.434
RP11-101O21.1	4.303
RP11-101O6.2	1.111
RP11-101P17.11	1.826
RP11-101P17.14	2.561
RP11-1020A11.1	
RP11-1020A11.2	2.101
RP11-1020M18.10	1.436
RP11-1021N1.1	1.526
RP11-1022B3.1	4.176
RP11-1023L17.1	1.869
RP11-1023P17.2	1.11
RP11-1024P17.1	1.659
RP11-1026M7.2	3.326
RP11-1026M7.3	2.133
RP11-1028N23.2	1.606
RP11-1028N23.3	2.477
RP11-1028N23.4	2.293
RP11-1029F8.1	0.484
RP11-1029J19.2	3.014
RP11-1029J19.4	2.103
RP11-1029J19.5	1.437
RP11-1029M24.1	2.926
RP11-102C16.3	1.218
RP11-102D18.1	2.518
RP11-102F4.2	2.287
RP11-102J14.1	2.089
RP11-102L12.2	-0.095
RP11-102M11.1	-0.437
RP11-102M11.2	1.287
RP11-102N11.1	2.692
RP11-102N12.2	0.627
RP11-102N12.3	1.48
RP11-1030E3.1	1.839
RP11-1033A18.1	2.734
RP11-1033H12.1	2.49
RP11-1033H12.3	2.365
RP11-1035H13.2	
RP11-1036E20.10	1.303
RP11-1036E20.7	2.544
RP11-1036E20.9	2.596
RP11-1036F1.1	0.432
RP11-1037D22.1	2.074
RP11-1038A11.1	1.45
RP11-1038A11.2	0.781
RP11-1038A11.3	2.108
RP11-103B5.2	1.514
RP11-103C16.2	2.033
RP11-103C3.1	1.934
RP11-103C3.2	2.879
RP11-103G8.1	2.275
RP11-103G8.2	1.231
RP11-103H7.1	2.541
RP11-103H7.2	2.542
RP11-103H7.3	2.85
RP11-103H7.5	
RP11-103J17.1	3.31
RP11-103J17.2	3.735
RP11-103J8.1	1.794
RP11-103J8.2	2.65
RP11-1041F24.1	3.825
RP11-1042B17.1	1.745
RP11-1042B17.2	2.36
RP11-1042B17.3	1.687
RP11-1042B17.5	2.838
RP11-1046B16.1	0.877
RP11-1049A21.2	0.801
RP11-1049H7.2	2.114
RP11-104D21.3	1.441
RP11-104D3.1	
RP11-104D3.2	1.959
RP11-104E19.1	2.861
RP11-104G3.2	
RP11-104G3.5	
RP11-104H15.10	1.521
RP11-104H15.7	2.318
RP11-104H15.8	0.494
RP11-104H15.9	-0.641
RP11-104J23.1	1.709
RP11-104J23.2	0.979
RP11-104L21.2	0.945
RP11-104L21.3	1.326
RP11-104N10.1	3.323
RP11-104O19.2	2.095
RP11-1053O12.1	0.718
RP11-1055B8.2	1.905
RP11-1055B8.3	1.487
RP11-1055B8.4	1.773
RP11-1055B8.6	0.67
RP11-1055B8.7	2.237
RP11-1055B8.8	0.498
RP11-1057B6.1	1.969
RP11-1057B8.1	2.584
RP11-1057B8.2	2.561
RP11-1057N3.2	1.886
RP11-1058G23.1	3.979
RP11-1058N17.1	2.6
RP11-105C19.1	3.374
RP11-105C19.2	2.188
RP11-105C20.2	2.471
RP11-105C20.3	1.675
RP11-105N13.4	2.174
RP11-105N14.1	1.444
RP11-105N14.2	2.714
RP11-105N14.3	1.514
RP11-1060G2.1	2.045
RP11-1060G2.2	2.305
RP11-1060J15.3	0.777
RP11-1060J15.4	1.219
RP11-1060J15.5	-0.527
RP11-1060J15.7	1.219
RP11-1069G10.1	4.056
RP11-1069G10.2	2.433
RP11-106A1.2	0.613
RP11-106A1.3	1.284
RP11-106E15.1	0.707
RP11-106E7.1	0.246
RP11-106M3.1	1.829
RP11-106M3.2	3.221
RP11-106M3.3	3.221
RP11-106M7.1	1.313
RP11-106M7.4	1.374
RP11-1070A24.1	
RP11-1070A24.2	
RP11-1070N10.3	2.34
RP11-1070N10.4	2.574
RP11-1070N10.5	2.154
RP11-1070N10.6	2.615
RP11-1070N10.7	1.589
RP11-1072C15.1	-0.197
RP11-1072C15.2	2.99
RP11-1072C15.3	3.157
RP11-1072C15.4	0.517
RP11-1072C15.7	2.406
RP11-1072N2.2	1.397
RP11-1072N2.3	1.128
RP11-1072N2.4	1.771
RP11-1074O12.1	0.711
RP11-1078H9.1	2.824
RP11-1078H9.2	0.126
RP11-1078H9.5	0.802
RP11-1078H9.6	1.927
RP11-1079H9.1	1.669
RP11-1079J22.1	1.637
RP11-1079K10.1	-2.157
RP11-1079K10.2	0.92
RP11-1079K10.3	1.337
RP11-1079K10.4	-0.211
RP11-1079K10.5	1.798
RP11-107C10.1	5.25
RP11-107C16.2	1.155
RP11-107F6.3	3.623
RP11-107F6.4	-0.304
RP11-107G24.3	1.451
RP11-107I14.2	1.059
RP11-107I14.4	1.742
RP11-107I14.5	3.391
RP11-107K17.1	2.397
RP11-107K17.2	
RP11-107M16.2	0.651
RP11-107N15.1	1.522
RP11-107N7.1	2.31
RP11-107P7.1	1.396
RP11-107P7.2	1.565
RP11-107P7.4	2.049
RP11-107P7.5	1.42
RP11-107P7.6	1.54
RP11-1080G15.1	4.551
RP11-1080G15.2	3.095
RP11-1081L13.3	1.879
RP11-1081L13.4	1.212
RP11-1081M5.1	3.443
RP11-1081M5.2	2.947
RP11-1082A3.1	2.458
RP11-1082L8.1	1.226
RP11-1082L8.2	1.648
RP11-1082L8.3	1.138
RP11-1082L8.4	1.888
RP11-1084A12.1	0.763
RP11-1084A12.2	1.232
RP11-1084E5.1	6.06
RP11-1084I9.1	2.199
RP11-1084I9.2	1.712
RP11-1084J3.1	2.45
RP11-1084J3.3	
RP11-1084J3.4	2.216
RP11-1085N6.1	2.288
RP11-1085N6.2	2.04
RP11-1085N6.3	4.434
RP11-1085N6.4	1.712
RP11-1085N6.5	1.669
RP11-1085N6.6	1.439
RP11-108B14.1	0.531
RP11-108B14.4	2.847
RP11-108B14.5	1.052
RP11-108E14.1	2.854
RP11-108F13.2	2.735
RP11-108K14.4	4.32
RP11-108K14.8	2.452
RP11-108K3.1	4.137
RP11-108K3.2	1.164
RP11-108K3.3	1.292
RP11-108K3.4	1.029
RP11-108K3.5	-0.629
RP11-108L7.14	
RP11-108L7.15	0.644
RP11-108L7.4	-0.096
RP11-108M12.2	1.944
RP11-108M12.3	2.101
RP11-108N13.1	2.381
RP11-108O10.2	0.982
RP11-108P20.1	-0.455
RP11-108P20.2	1.876
RP11-108P20.3	-0.455
RP11-108P20.4	1.932
RP11-1090M7.1	2.41
RP11-1094H24.3	2.175
RP11-1094H24.4	1.844
RP11-1094M14.1	1.955
RP11-1094M14.10	1.692
RP11-1094M14.11	1.984
RP11-1094M14.12	0.462
RP11-1094M14.14	2.6
RP11-1094M14.4	3.404
RP11-1094M14.5	1.926
RP11-1094M14.7	1.411
RP11-1094M14.8	
RP11-1094M14.9	1.12
RP11-1096D5.1	1.983
RP11-1096D5.2	-0.63
RP11-1096G20.5	0.988
RP11-1099M24.7	0.973
RP11-1099M24.8	1.704
RP11-109A6.2	-0.765
RP11-109A6.3	2.99
RP11-109D20.1	5.429
RP11-109D20.2	2.17
RP11-109D24.1	0.373
RP11-109D9.4	1.628
RP11-109E10.1	1.595
RP11-109E10.2	1.634
RP11-109E24.1	1.923
RP11-109E24.2	1.429
RP11-109G23.1	1.539
RP11-109G23.3	0.753
RP11-109I13.2	2.575
RP11-109J4.1	2.224
RP11-109L13.1	2.461
RP11-109L13.5	1.108
RP11-109M17.1	5.667
RP11-109M17.2	3.197
RP11-109M19.1	1.266
RP11-109M19.2	0.557
RP11-109N23.1	0.965
RP11-109N23.4	0.815
RP11-109N23.5	0.648
RP11-109N23.6	1.106
RP11-109P11.1	1.419
RP11-109P14.10	-0.091
RP11-109P14.2	0.741
RP11-109P14.8	-0.733
RP11-109P14.9	-1.485
RP11-109P6.2	2.037
RP11-10A14.3	2.168
RP11-10A14.4	1.693
RP11-10A14.5	2.891
RP11-10A14.6	3.886
RP11-10A14.7	0.629
RP11-10A14.8	2.663
RP11-10A2.1	2.819
RP11-10A7.1	0.256
RP11-10B2.1	1.726
RP11-10C24.1	0.738
RP11-10C24.2	2.682
RP11-10C24.3	1.738
RP11-10C8.2	1.355
RP11-10D7.2	
RP11-10D7.5	1.781
RP11-10E6.1	3.572
RP11-10F11.2	1.769
RP11-10G12.1	1.616
RP11-10G12.2	1.357
RP11-10G15.4	-0.316
RP11-10H3.1	1.633
RP11-10I6.2	1.571
RP11-10J18.3	-0.395
RP11-10J21.3	0.475
RP11-10J21.4	0.962
RP11-10J21.5	1.591
RP11-10J21.6	1.516
RP11-10J5.1	1.616
RP11-10K16.1	1.669
RP11-10K17.3	
RP11-10K17.6	2.291
RP11-10L12.1	
RP11-10L12.2	-1.227
RP11-10L12.4	1.332
RP11-10L7.1	2.837
RP11-10N16.2	2.557
RP11-10N16.3	4.401
RP11-10N23.2	-0.298
RP11-10N23.4	-0.358
RP11-10N23.5	1.765
RP11-10O17.1	1.284
RP11-10O17.3	1.533
RP11-10O22.1	4.081
RP11-1100L3.4	2.033
RP11-1100L3.7	0.441
RP11-1100L3.8	0.178
RP11-1101K5.1	2.39
RP11-1101K5.2	
RP11-1102P16.1	5.769
RP11-1103G16.1	4.867
RP11-1105G2.3	1.036
RP11-1105G2.4	0.986
RP11-1105O14.1	3.122
RP11-1109F11.3	0.661
RP11-1109F11.5	1.331
RP11-1109M24.11	0.509
RP11-1109M24.12	
RP11-1109M24.13	
RP11-1109M24.14	
RP11-1109M24.15	
RP11-1109M24.16	
RP11-1109M24.5	
RP11-110A12.2	3.354
RP11-110F24.1	3.801
RP11-110G21.1	4.46
RP11-110G21.2	1.294
RP11-110H1.1	1.719
RP11-110H1.4	0.579
RP11-110H1.8	1.204
RP11-110H1.9	0.607
RP11-110I1.11	
RP11-110I1.12	
RP11-110I1.13	
RP11-110I1.14	
RP11-110I1.5	
RP11-110I1.6	
RP11-110J1.2	1.403
RP11-110L15.1	3.327
RP11-110L15.2	5.306
RP11-1112C15.1	4.617
RP11-1112C15.2	-1.112
RP11-1112G13.3	0.709
RP11-1112J20.1	1.446
RP11-1112J20.2	2.358
RP11-1113C11.2	1.519
RP11-1113L8.1	2.818
RP11-1113L8.6	
RP11-1113L8.7	1.643
RP11-1113N2.4	0.572
RP11-1114A5.6	1.201
RP11-1114I9.1	2.937
RP11-111A21.1	4.899
RP11-111A22.1	2.12
RP11-111A24.1	1.672
RP11-111A24.2	1.925
RP11-111D3.1	-0.57
RP11-111D3.2	-0.073
RP11-111E14.1	0.992
RP11-111E2.1	1.071
RP11-111F16.2	0.725
RP11-111G23.1	
RP11-111H3.3	3.246
RP11-111I12.1	2.426
RP11-111J6.2	4.909
RP11-111K18.2	1.426
RP11-111M22.2	1.781
RP11-111M22.3	0.778
RP11-111M22.4	1.577
RP11-111M22.5	0.23
RP11-111N20.4	1.433
RP11-1124B17.1	0.974
RP11-1127D7.1	2.89
RP11-1129I3.1	2.885
RP11-112H10.4	-1.445
RP11-112H10.6	
RP11-112J1.1	2.14
RP11-112J1.2	3.148
RP11-112J1.3	1.596
RP11-112J3.15	0.294
RP11-112J3.16	1.279
RP11-112L18.1	1.215
RP11-112L6.2	0.881
RP11-112L6.3	1.112
RP11-112L6.4	1.132
RP11-112L7.1	1.586
RP11-112N13.1	2.861
RP11-112N19.1	5.478
RP11-112N19.2	3.063
RP11-112N23.1	
RP11-1134I14.2	1.478
RP11-1134I14.4	
RP11-1134I14.6	
RP11-1134I14.8	-0.849
RP11-1136G11.6	2.345
RP11-1136G11.8	2.171
RP11-1136G4.1	2.327
RP11-1136J12.1	1.502
RP11-113A11.1	-0.064
RP11-113C12.2	0.731
RP11-113D6.10	1.281
RP11-113D6.3	-0.495
RP11-113D6.6	1.598
RP11-113D6.9	1.137
RP11-113E21.1	2.108
RP11-113I22.1	1.48
RP11-113I24.1	5.339
RP11-113K21.1	0.819
RP11-113K21.2	2.107
RP11-113K21.3	2.577
RP11-113K21.4	1.416
RP11-113O24.3	2.337
RP11-1140I5.1	-0.224
RP11-1141N12.1	5.563
RP11-1143G9.2	0.473
RP11-1143G9.4	-0.687
RP11-1144P22.1	3.18
RP11-1145L24.1	
RP11-1148L6.5	1.168
RP11-1148O4.1	
RP11-1148O4.2	0.9
RP11-1149M10.1	1.058
RP11-1149M10.2	2.141
RP11-1149M3.2	1.52
RP11-1149O23.1	
RP11-1149O23.2	1.976
RP11-1149O23.3	0.64
RP11-1149O23.4	0.474
RP11-114B7.6	3.286
RP11-114F10.2	2.584
RP11-114F10.3	1.955
RP11-114F3.2	0.305
RP11-114F3.5	-0.503
RP11-114G11.2	1.111
RP11-114G22.1	3.71
RP11-114H21.2	1.696
RP11-114H23.1	4.731
RP11-114H23.2	0.751
RP11-114H23.3	1.45
RP11-114H24.2	4.916
RP11-114H24.3	1.161
RP11-114H24.4	1.395
RP11-114H24.5	2.253
RP11-114H24.7	1.652
RP11-114H7.1	4.148
RP11-114H7.2	1.508
RP11-114H7.3	4.116
RP11-114I8.4	0.994
RP11-114J13.1	4.604
RP11-114L10.2	1.199
RP11-114M1.1	1.018
RP11-114M1.2	1.272
RP11-114M5.1	-0.483
RP11-114M5.3	1.353
RP11-114N19.2	1.127
RP11-114N19.3	4.042
RP11-114N19.5	
RP11-114O13.1	-2.864
RP11-114O18.1	
RP11-114O8.1	-0.578
RP11-1151B14.2	1.985
RP11-1151B14.3	3.514
RP11-1151B14.4	0.921
RP11-1152B5.1	1.819
RP11-1152H14.1	
RP11-1152H15.1	1.646
RP11-115A14.1	0.336
RP11-115A15.1	3.279
RP11-115A15.2	2.352
RP11-115A15.4	1.84
RP11-115C10.1	1.702
RP11-115C21.2	3.69
RP11-115C21.4	-0.037
RP11-115D19.1	3.767
RP11-115D7.3	1.111
RP11-115E19.1	4.229
RP11-115F18.1	2.023
RP11-115H15.2	2.438
RP11-115H18.1	2.225
RP11-115I9.1	1.414
RP11-115J16.1	3.69
RP11-115J16.2	3.69
RP11-115J16.3	0.957
RP11-115J23.1	3.891
RP11-115K3.1	6.234
RP11-115K3.2	2.386
RP11-115L11.1	0.452
RP11-115M14.1	
RP11-115N12.1	1.483
RP11-115N4.1	3.076
RP11-115P21.1	0.944
RP11-1166P10.1	2.454
RP11-1166P10.6	
RP11-1167A19.2	0.758
RP11-1167A19.6	0.758
RP11-116A1.1	2.042
RP11-116B13.1	1.732
RP11-116B19.2	-1.019
RP11-116D17.1	3.089
RP11-116D17.2	2.495
RP11-116D17.3	2.21
RP11-116D2.1	2.166
RP11-116G8.5	-0.008
RP11-116K4.1	0.742
RP11-116N8.1	3.534
RP11-116N8.2	2.44
RP11-116N8.4	1.361
RP11-116O11.1	2.635
RP11-116O18.1	0.85
RP11-116O18.3	4.797
RP11-1174L13.2	-0.083
RP11-117D22.1	1.109
RP11-117D22.2	1.854
RP11-117L5.4	0.851
RP11-117L6.1	3.401
RP11-117O7.2	3.82
RP11-118A3.1	2.83
RP11-118B13.1	2.172
RP11-118B18.1	2.341
RP11-118B18.2	2.847
RP11-118B22.1	0.502
RP11-118B22.4	0.639
RP11-118D22.3	0.375
RP11-118E18.2	1.026
RP11-118E18.4	1.116
RP11-118F19.1	2.181
RP11-118F2.2	1.512
RP11-118F2.3	1.698
RP11-118G23.1	
RP11-118G23.2	0.399
RP11-118H17.1	2.721
RP11-118H4.1	2.503
RP11-118H4.3	1.289
RP11-118K6.2	2.977
RP11-118K6.3	2.951
RP11-118M9.3	1.123
RP11-118N24.2	2.331
RP11-1191J2.2	2.118
RP11-1191J2.4	3.407
RP11-1191J2.5	
RP11-1197K16.2	1.969
RP11-1198D22.1	-0.806
RP11-119B16.2	0.411
RP11-119D18.1	4.122
RP11-119F7.3	1.05
RP11-119F7.5	1.256
RP11-119F7.6	0.793
RP11-119H12.1	1.225
RP11-119H12.3	2.061
RP11-119H12.4	0.386
RP11-119H12.5	
RP11-119H12.6	0.261
RP11-119J18.1	1.115
RP11-119K6.6	1.328
RP11-119N19.1	0.726
RP11-11C20.1	1.043
RP11-11C20.3	0.623
RP11-11D8.3	1.459
RP11-11K13.1	2.569
RP11-11L12.2	5.749
RP11-11M20.2	-0.428
RP11-11N5.1	1.532
RP11-11N5.3	2.098
RP11-11N6.1	-0.38
RP11-11N7.4	2.382
RP11-11N9.4	1.3
RP11-120A1.1	1.167
RP11-120B7.1	2.422
RP11-120C12.3	2.428
RP11-120D5.1	1.884
RP11-120E13.1	1.464
RP11-120I21.2	4.114
RP11-120I21.3	1.292
RP11-120J1.1	2.404
RP11-120J4.1	2.089
RP11-120K18.2	1.75
RP11-120K18.3	
RP11-120K24.3	-0.17
RP11-120K24.4	0.925
RP11-120K24.5	1.501
RP11-120K9.2	0.322
RP11-120M18.2	3.686
RP11-120M18.5	2.501
RP11-1217F2.15	1.278
RP11-121A14.2	1.482
RP11-121A14.3	0.58
RP11-121A8.1	0.234
RP11-121C1.1	4.235
RP11-121C2.2	1.005
RP11-121E16.1	2.143
RP11-121G22.3	2.398
RP11-121J20.1	3.184
RP11-121L10.3	0.869
RP11-121L11.2	1.914
RP11-121L11.3	1.83
RP11-121M22.1	3.388
RP11-121P10.1	0.785
RP11-1220K2.2	2.92
RP11-122A21.2	2.119
RP11-122A3.2	4.262
RP11-122C21.1	4.728
RP11-122C21.4	2.551
RP11-122C5.1	1.982
RP11-122C5.2	0.819
RP11-122C5.3	1.159
RP11-122C9.1	4.459
RP11-122D10.1	2.623
RP11-122F24.1	4.159
RP11-122G11.1	4.207
RP11-122G18.5	0.538
RP11-122G18.7	3.367
RP11-122G18.8	0.416
RP11-122K13.12	2.056
RP11-122K13.14	0.16
RP11-122K13.7	1.626
RP11-122L4.1	1.244
RP11-122M14.3	1.314
RP11-1236K1.11	2.186
RP11-1236K1.8	2.359
RP11-123B3.2	2.63
RP11-123C21.1	
RP11-123C21.2	1.081
RP11-123C5.5	0.968
RP11-123G9.1	2.383
RP11-123H22.1	3.393
RP11-123I22.1	3.105
RP11-123J14.1	1.577
RP11-123J14.2	-1.404
RP11-123J14.4	1.757
RP11-123K19.1	1.682
RP11-123K19.2	
RP11-123K3.4	1.19
RP11-123M21.1	2.863
RP11-123M21.2	2.685
RP11-123M6.2	2.72
RP11-123N4.4	-0.077
RP11-123O1.1	3.451
RP11-123O10.3	1.83
RP11-123O10.4	3.185
RP11-123O22.1	3.094
RP11-1246C19.1	1.219
RP11-124A7.1	
RP11-124B13.1	5.681
RP11-124D2.1	
RP11-124D2.3	-0.492
RP11-124D2.7	1.208
RP11-124D9.1	1.538
RP11-124G5.1	-1.258
RP11-124G5.3	6.462
RP11-124I4.2	0.684
RP11-124K4.1	3.006
RP11-124N14.3	1.807
RP11-124N19.3	3.307
RP11-124N2.1	1.387
RP11-124N3.2	0.887
RP11-124N3.3	2.415
RP11-124O11.1	3.538
RP11-124O11.2	2.698
RP11-1250I15.3	1.475
RP11-1258F18.1	1.756
RP11-1259L22.1	1.492
RP11-1259L22.2	0.935
RP11-125B21.2	2.806
RP11-125D12.1	2.412
RP11-125D12.2	4.322
RP11-125H8.1	2.336
RP11-125M16.1	2.225
RP11-125N22.4	
RP11-125O18.1	4.519
RP11-125O5.2	1.798
RP11-125P18.1	2.111
RP11-1260E13.1	0.61
RP11-1260E13.2	1.958
RP11-1260E13.3	1.683
RP11-1260E13.4	0.873
RP11-1263C18.1	3.233
RP11-126D17.1	1.614
RP11-126F18.2	1.964
RP11-126K1.2	0.708
RP11-126K1.6	1.475
RP11-126K1.8	0.067
RP11-126K1.9	0.785
RP11-126K15.1	5.978
RP11-126L15.4	0.883
RP11-126M14.1	3.059
RP11-126O1.2	2.075
RP11-126O1.4	1.977
RP11-126O1.5	1.033
RP11-126O22.1	3.068
RP11-1275H24.1	1.247
RP11-1275H24.2	-0.63
RP11-1275H24.3	
RP11-1277A3.3	1.779
RP11-127B1.1	-0.065
RP11-127B16.1	1.196
RP11-127B20.2	1.35
RP11-127B20.3	1.756
RP11-127H13.1	4.119
RP11-127H5.1	4.184
RP11-127I20.5	-0.452
RP11-127I20.7	2.028
RP11-127L20.3	0.716
RP11-127L20.5	0.907
RP11-127L21.1	2.533
RP11-127O4.2	3.733
RP11-127O4.3	5.115
RP11-128A17.1	
RP11-128A6.3	1.655
RP11-128B16.3	1.091
RP11-128D14.1	5.344
RP11-128I7.1	2.124
RP11-128L5.1	3.755
RP11-128M1.1	2.582
RP11-128P10.1	0.923
RP11-128P17.1	1.32
RP11-128P17.2	
RP11-128P17.3	2.403
RP11-128P17.4	
RP11-1293J14.1	3.49
RP11-1299A16.1	2.113
RP11-1299A16.3	1.879
RP11-129B22.1	1.474
RP11-129B9.1	0.141
RP11-129B9.2	1.185
RP11-129H15.1	1.691
RP11-129H15.3	1.37
RP11-129H15.4	1.848
RP11-129I19.2	3.428
RP11-129J12.1	1.229
RP11-129J12.2	2.097
RP11-129K12.1	0.281
RP11-129K12.3	
RP11-129K12.4	
RP11-129M6.1	3.329
RP11-129O7.2	-0.707
RP11-12A16.3	-0.061
RP11-12A2.1	2.144
RP11-12A2.3	6.482
RP11-12A20.7	
RP11-12C17.2	1.517
RP11-12D16.2	1.165
RP11-12D24.10	2.068
RP11-12D24.6	1.163
RP11-12D24.7	0.274
RP11-12D5.2	1.636
RP11-12D5.3	0.988
RP11-12D5.4	1.122
RP11-12D5.5	1.536
RP11-12D5.6	1.24
RP11-12J10.3	2.807
RP11-12K11.1	2.467
RP11-12K11.2	1.342
RP11-12K22.1	2.261
RP11-12K6.2	2.625
RP11-12L8.1	1.928
RP11-12L8.2	2.333
RP11-12M5.1	0.8
RP11-12M5.3	2.933
RP11-12M5.4	1.194
RP11-12M9.3	0.0
RP11-12M9.4	0.836
RP11-12N13.1	1.766
RP11-12N13.2	4.026
RP11-12N13.4	1.301
RP11-12N13.6	1.052
RP11-12P19.1	0.791
RP11-12P19.2	3.141
RP11-130C19.1	0.863
RP11-130C19.3	2.069
RP11-130C6.1	1.472
RP11-130F10.1	2.366
RP11-130L8.1	-0.788
RP11-130L8.2	1.248
RP11-130N24.2	
RP11-1319K7.1	1.782
RP11-131H24.4	1.341
RP11-131J3.1	0.789
RP11-131K17.1	
RP11-131K5.1	2.204
RP11-131K5.2	1.338
RP11-131L12.2	0.704
RP11-131L23.1	2.466
RP11-131L23.2	
RP11-131N11.4	4.186
RP11-1324A7.2	
RP11-1325J9.1	5.467
RP11-132A1.3	2.24
RP11-132A1.4	2.256
RP11-132E11.2	2.79
RP11-132E11.4	
RP11-132G19.3	
RP11-132J14.3	1.469
RP11-132M7.2	
RP11-132M7.3	1.427
RP11-132N15.1	2.678
RP11-132N15.2	1.079
RP11-132N15.3	1.93
RP11-1334A24.6	0.968
RP11-1336O20.2	1.287
RP11-1338A24.1	2.086
RP11-133F8.2	1.659
RP11-133G22.1	
RP11-133I21.2	0.592
RP11-133K1.1	2.208
RP11-133K1.2	2.235
RP11-133K1.6	2.208
RP11-133K1.7	1.293
RP11-133L14.2	-0.124
RP11-133L14.5	2.539
RP11-133L19.1	2.214
RP11-133L19.2	2.332
RP11-133N21.10	
RP11-133N21.12	1.753
RP11-133O22.6	3.203
RP11-134C1.1	3.472
RP11-134D3.1	3.904
RP11-134D3.2	1.731
RP11-134E15.1	1.773
RP11-134E15.2	1.289
RP11-134F2.2	1.904
RP11-134G8.2	2.871
RP11-134G8.6	2.065
RP11-134G8.7	2.641
RP11-134G8.8	3.416
RP11-134J21.1	1.479
RP11-134K1.2	0.976
RP11-134K1.3	0.291
RP11-134K13.2	1.958
RP11-134K13.4	1.738
RP11-134L10.1	0.419
RP11-134L4.2	2.027
RP11-134N1.2	1.744
RP11-134N8.2	1.042
RP11-134O21.1	2.348
RP11-134P9.1	1.178
RP11-134P9.3	1.37
RP11-135A1.2	2.542
RP11-135A1.3	4.123
RP11-135A24.2	2.395
RP11-135A24.4	-0.032
RP11-135D11.2	3.335
RP11-135J2.3	2.079
RP11-135J2.4	3.792
RP11-135L13.4	-2.196
RP11-135M8__A.1	3.826
RP11-1365D11.1	0.887
RP11-136B18.1	3.241
RP11-136B18.2	2.144
RP11-136C24.1	
RP11-136C24.2	-0.18
RP11-136F16.1	1.472
RP11-136F16.2	1.766
RP11-136H13.1	2.172
RP11-136H13.2	3.129
RP11-136H19.1	0.054
RP11-136I13.2	1.92
RP11-136I14.2	2.476
RP11-136I14.3	1.119
RP11-136I14.4	1.898
RP11-136I14.5	1.789
RP11-136K14.1	1.837
RP11-136K14.2	-0.849
RP11-136K14.3	0.93
RP11-136K7.1	1.214
RP11-136K7.2	2.132
RP11-136K7.3	-0.787
RP11-136O12.2	2.599
RP11-1376P16.1	5.259
RP11-1376P16.2	0.66
RP11-1379J22.2	1.196
RP11-1379J22.5	1.329
RP11-137D19.1	1.725
RP11-137F15.1	1.389
RP11-137H2.4	1.586
RP11-137H2.6	2.743
RP11-137J7.2	2.449
RP11-137J7.3	-0.485
RP11-137L10.5	-0.175
RP11-137L10.6	2.962
RP11-137N23.1	1.811
RP11-138A23.1	0.899
RP11-138A23.2	1.732
RP11-138A9.1	0.721
RP11-138A9.2	1.442
RP11-138B4.1	4.538
RP11-138C24.2	0.353
RP11-138C9.1	
RP11-138E16.1	2.974
RP11-138E2.1	1.126
RP11-138E9.2	3.066
RP11-138H10.2	2.181
RP11-138H11.1	1.548
RP11-138H8.2	1.063
RP11-138H8.3	1.539
RP11-138H8.4	2.306
RP11-138H8.6	0.43
RP11-138H8.7	1.743
RP11-138I1.2	1.68
RP11-138I1.3	
RP11-138I1.4	
RP11-138I17.1	2.638
RP11-138I18.1	1.763
RP11-138I18.2	2.183
RP11-138J23.1	2.275
RP11-138M12.1	2.663
RP11-138P22.1	1.457
RP11-1391J7.1	1.614
RP11-1394O16.1	0.99
RP11-1396O13.22	1.669
RP11-1398P2.1	1.923
RP11-1399P15.1	
RP11-139B1.1	2.382
RP11-139E19.2	1.55
RP11-139F9.1	0.835
RP11-139G7.1	2.601
RP11-139H15.1	0.96
RP11-139I14.2	1.241
RP11-139J15.5	2.264
RP11-139J15.7	1.531
RP11-139K1.2	0.373
RP11-139K4.1	1.484
RP11-139K4.2	2.323
RP11-139K4.4	0.647
RP11-13A1.1	2.995
RP11-13A1.2	2.082
RP11-13A1.3	2.906
RP11-13E1.5	
RP11-13E5.2	2.063
RP11-13G14.4	2.162
RP11-13J10.1	1.757
RP11-13J8.1	1.049
RP11-13K12.1	2.019
RP11-13K12.2	4.235
RP11-13K12.5	2.818
RP11-13L2.1	2.698
RP11-13N12.1	5.638
RP11-13N12.2	2.897
RP11-13N13.2	1.837
RP11-13N13.5	
RP11-13N13.6	2.124
RP11-13P5.1	1.876
RP11-13P5.2	1.82
RP11-1406H17.1	1.585
RP11-1407O15.2	4.697
RP11-140A10.3	1.258
RP11-140C18.2	1.124
RP11-140C5.3	1.02
RP11-140H17.1	0.682
RP11-140I16.2	1.433
RP11-140I16.3	1.188
RP11-140I24.1	3.235
RP11-140K17.2	2.05
RP11-140K17.3	1.639
RP11-140L24.3	1.96
RP11-140M13.1	1.2
RP11-1415C14.3	1.675
RP11-1415C14.4	1.812
RP11-141A19.1	1.196
RP11-141A19.2	0.984
RP11-141B14.1	4.325
RP11-141C7.3	0.602
RP11-141E13.1	3.232
RP11-141J13.3	1.093
RP11-141J13.4	1.107
RP11-141J13.5	1.248
RP11-141M1.1	-0.199
RP11-141M1.3	3.129
RP11-141M3.5	1.752
RP11-141O11.1	1.717
RP11-141O15.1	0.823
RP11-141P6.1	3.571
RP11-142A12.1	2.825
RP11-142A22.4	2.536
RP11-142A23.1	1.353
RP11-142A5.1	3.076
RP11-142C4.5	0.763
RP11-142C4.6	1.01
RP11-142G1.1	1.194
RP11-142G1.2	1.683
RP11-142G1.3	1.563
RP11-142G7.2	2.648
RP11-142I2.1	1.862
RP11-142I20.1	4.19
RP11-142J21.1	2.976
RP11-142J21.2	1.505
RP11-142L1.1	2.088
RP11-142L1.3	
RP11-142L4.2	1.293
RP11-142L4.3	1.229
RP11-142M10.2	2.062
RP11-142O6.1	1.934
RP11-143A12.3	4.655
RP11-143A22.1	1.465
RP11-143E21.1	2.974
RP11-143E21.6	2.433
RP11-143G3.1	1.305
RP11-143H17.1	2.521
RP11-143I21.1	1.789
RP11-143J12.2	0.453
RP11-143J12.3	0.427
RP11-143J24.1	1.473
RP11-143K11.1	1.803
RP11-143K11.5	2.789
RP11-143N13.1	2.213
RP11-143N13.2	2.58
RP11-143P4.2	3.268
RP11-144C15.1	-2.066
RP11-144C9.1	1.735
RP11-144F15.1	2.282
RP11-144G16.1	0.811
RP11-144G6.10	
RP11-144G7.2	1.82
RP11-144L1.8	1.816
RP11-144N1.1	0.882
RP11-144N1.4	1.107
RP11-144O23.8	-1.422
RP11-145A3.1	1.878
RP11-145A3.2	1.146
RP11-145A3.4	3.381
RP11-145B3.2	1.348
RP11-145E17.2	3.103
RP11-145E5.5	4.585
RP11-145G20.1	3.63
RP11-145H9.3	0.985
RP11-145M4.1	2.544
RP11-145M4.2	2.448
RP11-145M4.3	2.448
RP11-145M9.2	1.601
RP11-145M9.4	0.522
RP11-145M9.5	-0.375
RP11-145M9.6	
RP11-145O15.2	
RP11-145O15.3	3.859
RP11-145P16.3	
RP11-146E13.4	
RP11-146E23.2	1.824
RP11-146F11.1	1.485
RP11-146F11.2	0.986
RP11-146F11.3	0.904
RP11-146F11.4	0.585
RP11-146F11.5	1.026
RP11-146G7.2	2.051
RP11-146I2.1	2.733
RP11-146N18.1	4.702
RP11-146N23.1	2.187
RP11-146N23.4	0.383
RP11-146P2.1	2.17
RP11-147C23.1	1.933
RP11-147G16.1	4.567
RP11-147I11.1	2.179
RP11-147I3.1	2.406
RP11-147K6.1	0.616
RP11-147K6.2	1.014
RP11-147L13.2	2.378
RP11-147L13.7	1.551
RP11-147L13.8	1.46
RP11-147N17.1	2.344
RP11-148B18.1	
RP11-148B18.3	2.484
RP11-148B18.4	1.289
RP11-148B3.1	2.287
RP11-148B3.2	3.715
RP11-148B6.2	0.772
RP11-148E17.1	1.573
RP11-148G20.1	2.248
RP11-148I19.1	2.922
RP11-148K1.10	1.192
RP11-148K1.12	0.064
RP11-148K14.1	2.035
RP11-148L24.1	2.284
RP11-148M9.1	2.154
RP11-148O21.2	0.934
RP11-148O21.3	0.915
RP11-148O21.4	0.822
RP11-148O21.6	0.935
RP11-148O7.2	1.256
RP11-149A7.1	
RP11-149A7.2	2.841
RP11-149B9.2	1.517
RP11-149I2.4	1.674
RP11-149I2.5	1.504
RP11-149I23.3	0.813
RP11-149I9.2	0.322
RP11-149P14.1	2.983
RP11-149P24.1	4.815
RP11-14C10.1	3.093
RP11-14C10.2	1.163
RP11-14C22.3	2.145
RP11-14C22.6	1.676
RP11-14D22.1	4.374
RP11-14D22.2	-0.061
RP11-14H3.3	1.098
RP11-14I17.1	0.447
RP11-14I17.2	1.061
RP11-14I17.3	1.463
RP11-14I2.2	2.632
RP11-14J7.1	5.074
RP11-14J7.6	1.791
RP11-14K2.1	2.267
RP11-14K3.1	
RP11-14K3.2	0.918
RP11-14K3.3	0.827
RP11-14K3.4	1.617
RP11-14K3.7	
RP11-14N4.1	3.056
RP11-14N7.2	
RP11-14N9.2	
RP11-14O19.1	1.853
RP11-14O19.2	1.499
RP11-14P20.1	2.659
RP11-150C16.1	2.942
RP11-150D20.5	1.085
RP11-150D5.2	2.151
RP11-150L8.3	-0.17
RP11-150L8.4	-0.26
RP11-150O12.1	2.531
RP11-150O12.2	2.252
RP11-150O12.3	1.522
RP11-150O12.4	1.615
RP11-150O12.5	0.865
RP11-150O12.6	
RP11-151A6.4	4.164
RP11-151D14.1	1.292
RP11-151E14.1	8.218
RP11-151F5.2	
RP11-151G12.2	0.19
RP11-151H2.1	2.402
RP11-151M7.1	1.238
RP11-151N17.1	1.335
RP11-152C15.1	1.361
RP11-152C17.1	1.431
RP11-152F13.10	2.021
RP11-152H18.3	0.994
RP11-152H18.4	2.804
RP11-152K4.1	
RP11-152K4.2	2.558
RP11-152L20.3	3.402
RP11-152L7.1	2.56
RP11-152L7.2	2.517
RP11-152N13.16	
RP11-152N13.5	1.085
RP11-152O14.1	1.32
RP11-152O14.4	0.51
RP11-152P17.1	1.376
RP11-152P17.2	2.431
RP11-152P17.3	1.478
RP11-152P23.2	1.029
RP11-153F1.1	
RP11-153F1.2	
RP11-153F5.2	0.788
RP11-153F5.3	-0.389
RP11-153K11.3	1.347
RP11-153K16.1	1.505
RP11-153K16.2	4.525
RP11-153M3.1	1.313
RP11-153M7.1	0.908
RP11-153M7.3	5.248
RP11-153M7.5	1.654
RP11-153N17.1	4.221
RP11-154B12.3	1.455
RP11-154D17.1	3.841
RP11-154D3.1	
RP11-154D6.1	2.07
RP11-154D9.1	3.403
RP11-154F14.2	-0.656
RP11-154H12.2	2.119
RP11-154H12.3	2.258
RP11-154H17.1	3.698
RP11-154H23.3	2.63
RP11-154J22.1	4.682
RP11-155D18.12	0.813
RP11-155D18.14	0.813
RP11-155G14.1	3.926
RP11-155G14.5	0.632
RP11-155G14.6	0.632
RP11-155G15.2	4.531
RP11-155G15.3	3.847
RP11-155I9.1	2.139
RP11-155L15.1	2.291
RP11-155O18.6	0.406
RP11-156E6.1	0.673
RP11-156E8.1	0.937
RP11-156F23.2	1.063
RP11-156G14.6	1.067
RP11-156J23.1	3.228
RP11-156K13.1	2.947
RP11-156K13.2	1.674
RP11-156K13.3	2.992
RP11-156L14.1	2.265
RP11-156N15.1	1.96
RP11-156P1.2	1.942
RP11-156P1.3	2.23
RP11-157B13.1	-0.457
RP11-157B13.3	1.638
RP11-157D18.2	-0.307
RP11-157D23.1	1.223
RP11-157D23.2	1.402
RP11-157D6.1	2.223
RP11-157E14.1	1.081
RP11-157E16.1	1.065
RP11-157E21.1	2.636
RP11-157E21.2	3.478
RP11-157F20.1	0.749
RP11-157F20.3	0.675
RP11-157G21.2	2.573
RP11-157I4.4	2.808
RP11-157J24.1	2.877
RP11-157J24.2	2.558
RP11-157L10.1	-0.298
RP11-157N3.1	3.378
RP11-157P1.4	0.884
RP11-157P1.5	1.239
RP11-157P23.2	4.537
RP11-158A14.1	4.644
RP11-158C21.2	2.046
RP11-158C21.3	0.991
RP11-158D1.1	-2.435
RP11-158D2.1	0.012
RP11-158D2.2	2.948
RP11-158G18.1	0.171
RP11-158H5.7	0.9
RP11-158I13.2	1.816
RP11-158I23.1	0.332
RP11-158I3.1	3.946
RP11-158I3.3	1.677
RP11-158I9.1	1.957
RP11-158I9.5	0.928
RP11-158I9.7	-0.23
RP11-158J3.2	5.091
RP11-158K1.3	0.898
RP11-158L12.2	1.423
RP11-158L12.5	1.426
RP11-158M2.2	-2.111
RP11-158M2.3	0.647
RP11-158M2.4	0.858
RP11-158M2.5	-0.06
RP11-158M2.6	-2.154
RP11-158N24.1	2.436
RP11-158O16.1	1.838
RP11-159A18.1	2.545
RP11-159C21.4	
RP11-159D12.10	2.885
RP11-159D12.2	1.035
RP11-159D12.5	1.035
RP11-159D23.2	2.971
RP11-159D8.1	4.587
RP11-159F24.2	1.424
RP11-159F24.3	1.331
RP11-159F24.5	1.405
RP11-159F24.6	1.024
RP11-159G9.5	0.863
RP11-159H10.1	1.766
RP11-159H10.3	1.861
RP11-159H10.4	0.172
RP11-159H20.1	2.025
RP11-159H20.2	2.177
RP11-159H20.3	2.691
RP11-159H22.1	1.226
RP11-159H22.2	1.33
RP11-159H3.1	3.985
RP11-159H3.2	2.325
RP11-159J3.1	3.498
RP11-159K7.1	2.196
RP11-159K7.2	2.091
RP11-159L20.2	3.16
RP11-159L8.2	2.844
RP11-159M11.2	1.252
RP11-159N11.3	0.886
RP11-159N11.4	1.072
RP11-15A1.2	0.985
RP11-15A1.3	1.396
RP11-15A1.7	2.44
RP11-15B17.1	4.283
RP11-15B17.2	-0.654
RP11-15B24.1	
RP11-15B24.2	0.811
RP11-15B24.3	0.079
RP11-15B24.5	4.777
RP11-15D14.1	1.225
RP11-15D14.2	1.578
RP11-15E1.3	
RP11-15E18.1	2.973
RP11-15E18.2	0.828
RP11-15E18.3	1.671
RP11-15E18.4	4.197
RP11-15E18.5	1.004
RP11-15F12.1	3.352
RP11-15F12.3	1.123
RP11-15G16.1	2.207
RP11-15G8.1	2.506
RP11-15H20.2	2.388
RP11-15H20.3	
RP11-15H20.5	2.665
RP11-15H20.6	2.116
RP11-15H20.7	2.065
RP11-15H7.2	2.471
RP11-15I11.2	2.543
RP11-15I11.3	1.936
RP11-15I20.1	
RP11-15J23.1	2.217
RP11-15K2.2	2.29
RP11-15K3.1	3.783
RP11-15L13.4	-0.082
RP11-15M15.1	1.701
RP11-15M15.2	1.732
RP11-15N24.4	0.207
RP11-15P13.1	2.425
RP11-160A9.2	
RP11-160A9.3	
RP11-160C18.2	3.066
RP11-160C18.4	1.359
RP11-160H12.2	1.243
RP11-160H12.3	1.92
RP11-160H22.3	1.795
RP11-160H22.5	0.808
RP11-160N1.9	
RP11-160O5.1	1.649
RP11-161D15.1	1.44
RP11-161D15.2	1.833
RP11-161D15.3	3.586
RP11-161H23.10	1.374
RP11-161H23.5	2.123
RP11-161H23.8	-0.353
RP11-161H23.9	3.045
RP11-161I10.1	2.037
RP11-161I2.1	1.015
RP11-161I6.2	3.196
RP11-161M6.2	2.304
RP11-161M6.3	1.566
RP11-161M6.5	1.712
RP11-162A12.2	1.214
RP11-162A12.3	0.529
RP11-162A23.5	2.95
RP11-162D16.2	2.588
RP11-162D9.1	1.706
RP11-162D9.3	2.803
RP11-162G10.1	0.45
RP11-162G10.5	1.807
RP11-162G9.1	2.532
RP11-162I7.1	1.386
RP11-162I7.2	0.847
RP11-162J8.2	1.419
RP11-162J8.3	0.41
RP11-162K11.4	1.378
RP11-162K6.1	3.601
RP11-162N7.1	2.544
RP11-162O12.1	2.348
RP11-162O12.2	1.919
RP11-162P23.2	0.865
RP11-163F15.1	5.048
RP11-163G10.2	
RP11-163G10.4	-0.374
RP11-163M18.1	1.758
RP11-163N6.2	2.58
RP11-164A6.1	
RP11-164C1.2	3.36
RP11-164C12.1	0.528
RP11-164C12.2	1.149
RP11-164D18.2	2.0
RP11-164H13.1	2.941
RP11-164H5.1	
RP11-164J13.1	2.042
RP11-164N20.2	1.046
RP11-164N3.1	1.723
RP11-164N3.2	1.82
RP11-164N3.3	0.934
RP11-164O23.5	1.707
RP11-164O23.7	1.652
RP11-164P12.3	0.732
RP11-164P12.4	0.458
RP11-165A20.3	1.572
RP11-165E7.1	1.799
RP11-165F24.2	2.11
RP11-165F24.3	4.021
RP11-165F24.5	2.661
RP11-165H23.1	4.662
RP11-165H4.2	1.789
RP11-165J3.5	1.343
RP11-165J3.6	1.632
RP11-165M1.2	0.606
RP11-165M1.3	1.385
RP11-165N19.2	-1.491
RP11-165N19.4	0.023
RP11-165P7.1	3.976
RP11-166A12.1	3.397
RP11-166B14.1	3.511
RP11-166B2.1	2.134
RP11-166B2.3	0.588
RP11-166B2.5	0.132
RP11-166B2.7	0.161
RP11-166B2.8	0.91
RP11-166D18.1	4.01
RP11-166D19.1	2.026
RP11-166J22.1	0.475
RP11-166J5.1	0.607
RP11-166N17.1	0.93
RP11-166N17.3	-0.691
RP11-166N6.2	5.011
RP11-166N6.3	3.552
RP11-166O4.1	1.595
RP11-166O4.5	1.237
RP11-166O4.6	1.526
RP11-166P13.3	1.587
RP11-166P13.4	0.898
RP11-167B3.1	1.466
RP11-167H9.1	2.153
RP11-167H9.4	2.709
RP11-167H9.5	2.375
RP11-167H9.6	1.418
RP11-167N24.3	1.833
RP11-167N24.4	2.016
RP11-167N24.5	1.09
RP11-167N24.6	2.728
RP11-167N4.2	1.581
RP11-167N4.4	1.424
RP11-167N4.5	1.418
RP11-167N5.5	
RP11-167P11.2	1.46
RP11-167P20.1	1.805
RP11-167P22.3	1.094
RP11-167P22.4	
RP11-167P22.5	
RP11-168A11.1	2.407
RP11-168A11.4	
RP11-168C9.1	3.567
RP11-168E14.1	1.927
RP11-168E17.1	4.202
RP11-168F9.2	1.757
RP11-168G16.2	2.052
RP11-168J18.6	0.925
RP11-168J19.2	1.618
RP11-168K11.2	2.225
RP11-168K11.3	2.046
RP11-168K9.1	4.106
RP11-168K9.2	3.215
RP11-168L22.2	1.84
RP11-168L7.1	2.359
RP11-168L7.3	4.247
RP11-168O10.6	2.037
RP11-168O16.1	0.886
RP11-168O16.2	1.303
RP11-168O22.1	2.384
RP11-168P13.1	1.498
RP11-168P6.2	2.353
RP11-168P8.3	2.192
RP11-168P8.5	1.214
RP11-169D4.1	1.964
RP11-169D4.2	2.448
RP11-169E6.1	0.679
RP11-169E6.3	0.012
RP11-169E6.4	1.673
RP11-169F17.1	3.975
RP11-169I9.2	
RP11-169K16.4	1.187
RP11-169K16.6	2.049
RP11-169K16.7	1.455
RP11-169K16.8	0.802
RP11-169K16.9	1.484
RP11-169K17.2	
RP11-169K17.3	0.505
RP11-169K17.4	2.939
RP11-169K19.1	
RP11-169L17.3	2.729
RP11-169L17.5	1.471
RP11-169N13.4	0.585
RP11-16B13.1	2.683
RP11-16B9.1	4.383
RP11-16C1.1	0.761
RP11-16C1.2	1.173
RP11-16C1.3	2.196
RP11-16C18.3	1.289
RP11-16D22.2	3.984
RP11-16E12.1	1.292
RP11-16E12.2	1.502
RP11-16E18.1	1.177
RP11-16E18.3	0.729
RP11-16E23.3	1.296
RP11-16E23.4	1.286
RP11-16F15.1	2.256
RP11-16F15.2	0.99
RP11-16F15.4	1.547
RP11-16K12.1	1.62
RP11-16L14.2	1.87
RP11-16L21.7	1.13
RP11-16L9.1	1.126
RP11-16L9.2	1.515
RP11-16L9.3	2.71
RP11-16L9.4	3.743
RP11-16N11.2	2.154
RP11-16N2.1	2.997
RP11-16O13.1	3.783
RP11-16O9.2	-0.031
RP11-16P20.2	1.491
RP11-16P20.3	2.11
RP11-16P6.1	0.688
RP11-170L9.1	3.515
RP11-170M17.1	4.138
RP11-170M17.2	0.787
RP11-170N11.1	1.695
RP11-170N16.1	2.375
RP11-170N16.2	1.612
RP11-170N16.3	1.699
RP11-171A24.2	3.355
RP11-171A24.3	2.436
RP11-171G2.1	
RP11-171I2.1	1.15
RP11-171I2.2	1.009
RP11-171I2.3	-0.856
RP11-171I2.5	
RP11-171L9.1	3.919
RP11-171N4.1	3.45
RP11-171N4.2	2.19
RP11-171N4.3	4.004
RP11-171N4.4	2.316
RP11-172C16.4	0.339
RP11-172C16.5	1.556
RP11-172E10.1	1.516
RP11-172E9.2	2.025
RP11-172F10.1	3.999
RP11-172F4.2	-0.401
RP11-173A16.1	0.105
RP11-173A16.2	0.394
RP11-173A6.2	0.655
RP11-173A8.2	
RP11-173B14.4	
RP11-173B14.5	1.836
RP11-173D14.3	5.302
RP11-173D3.1	
RP11-173D3.2	
RP11-173D9.1	-0.936
RP11-173D9.5	0.871
RP11-173E2.1	4.083
RP11-173E2.2	3.644
RP11-173G21.1	0.013
RP11-173L6.1	2.492
RP11-173M1.3	4.861
RP11-173M1.4	2.394
RP11-173M1.5	1.369
RP11-173M1.8	2.989
RP11-173M11.2	-0.519
RP11-173P15.3	1.872
RP11-173P15.5	0.332
RP11-173P15.7	1.536
RP11-174B4.2	
RP11-174C7.1	2.118
RP11-174C7.2	2.037
RP11-174C7.3	1.761
RP11-174E22.2	5.255
RP11-174G17	1.626
RP11-174G17.2	1.951
RP11-174G6.1	5.959
RP11-174G6.5	1.666
RP11-174I12.2	2.434
RP11-174J11.1	4.137
RP11-174M13.1	-1.338
RP11-174M13.2	1.668
RP11-174O3.1	1.378
RP11-174O3.3	1.078
RP11-174O3.4	1.455
RP11-175B12.2	0.803
RP11-175B9.2	0.905
RP11-175D17.3	1.309
RP11-175E9.1	3.594
RP11-175E9.2	2.257
RP11-175I6.5	
RP11-175K6.1	1.968
RP11-175M2.1	-1.357
RP11-175O19.4	2.404
RP11-175P13.2	0.695
RP11-175P13.3	2.241
RP11-175P19.2	1.521
RP11-176D17.3	1.684
RP11-176F3.7	0.144
RP11-176H8.1	4.01
RP11-176N18.2	2.743
RP11-177A2.5	0.769
RP11-177B4.1	-0.134
RP11-177B4.2	1.539
RP11-177C12.1	1.488
RP11-177C12.4	0.892
RP11-177F11.1	0.409
RP11-177F15.1	2.066
RP11-177G23.2	2.279
RP11-177H13.2	2.378
RP11-177H2.2	2.521
RP11-177J6.1	-0.928
RP11-177N22.2	
RP11-177N22.3	
RP11-178C3.1	2.364
RP11-178C3.2	2.332
RP11-178C3.6	2.295
RP11-178D12.2	0.115
RP11-178F10.1	2.277
RP11-178F10.2	1.465
RP11-178F10.3	1.105
RP11-178F10.4	1.947
RP11-178G16.4	0.106
RP11-178G16.5	0.005
RP11-178H8.3	1.597
RP11-178L8.1	0.79
RP11-178L8.3	2.537
RP11-178L8.4	2.411
RP11-178L8.5	1.585
RP11-178L8.7	-1.018
RP11-178L8.8	0.565
RP11-178L8.9	1.848
RP11-179A10.1	2.601
RP11-179A10.2	1.457
RP11-179A10.3	1.907
RP11-179A16.1	3.264
RP11-179A16.2	2.499
RP11-179A18.1	2.718
RP11-179A7.2	1.902
RP11-179B15.2	0.281
RP11-179B15.5	1.912
RP11-179B15.6	1.476
RP11-179B2.2	-0.527
RP11-179D22.1	-0.994
RP11-179G5.1	-1.885
RP11-179G8.1	1.891
RP11-179H18.4	1.626
RP11-179H18.5	0.989
RP11-179H18.7	3.971
RP11-179H18.8	2.141
RP11-179K3.2	1.932
RP11-17A1.3	3.514
RP11-17A19.2	1.417
RP11-17A4.1	1.881
RP11-17A4.2	2.286
RP11-17A4.3	-0.062
RP11-17A4.4	2.037
RP11-17E13.2	1.921
RP11-17E2.2	6.45
RP11-17G12.2	0.107
RP11-17G12.3	0.504
RP11-17J14.2	0.929
RP11-17L5.4	2.903
RP11-17M15.4	
RP11-17M16.1	2.234
RP11-17M16.2	1.612
RP11-17M24.1	0.8
RP11-17M24.2	2.125
RP11-180C1.1	2.956
RP11-180C16.1	0.414
RP11-180D15.1	3.177
RP11-180D21.3	1.174
RP11-180I22.2	0.451
RP11-180I4.1	-1.283
RP11-180I4.2	2.864
RP11-180K7.1	1.729
RP11-180M15.3	1.166
RP11-180M15.4	1.461
RP11-180M15.5	1.612
RP11-180N14.1	1.977
RP11-180O5.2	1.336
RP11-180P8.1	2.191
RP11-180P8.2	
RP11-180P8.3	1.274
RP11-180P8.4	1.32
RP11-180P8.5	1.086
RP11-181B11.1	0.279
RP11-181B11.2	1.792
RP11-181B18.1	1.953
RP11-181C21.6	0.217
RP11-181C3.1	2.294
RP11-181D18.4	0.635
RP11-181E10.3	0.318
RP11-181F12.1	2.768
RP11-181G12.2	1.309
RP11-181G12.4	1.551
RP11-181K12.2	0.517
RP11-181K3.4	1.222
RP11-182B22.2	2.553
RP11-182E14.1	2.986
RP11-182I10.1	1.222
RP11-182I10.2	-0.319
RP11-182I10.3	2.571
RP11-182J1.1	1.121
RP11-182J1.5	1.041
RP11-182J23.1	0.745
RP11-182L21.6	2.53
RP11-182L7.1	1.905
RP11-182N22.7	2.236
RP11-182N22.8	0.834
RP11-183C12.1	4.476
RP11-183E24.1	-1.053
RP11-183E24.2	2.196
RP11-183E9.2	0.648
RP11-183G22.1	2.399
RP11-183I6.2	1.795
RP11-183K14.1	2.584
RP11-183M13.1	2.232
RP11-184A2.2	1.669
RP11-184A2.3	3.548
RP11-184B22.2	1.445
RP11-184C23.1	7.206
RP11-184C23.4	1.712
RP11-184D12.1	2.183
RP11-184E9.1	2.457
RP11-184E9.2	2.088
RP11-184I16.4	0.564
RP11-184J23.2	1.364
RP11-184M15.1	2.159
RP11-184M15.2	2.231
RP11-185B14.1	1.027
RP11-185E12.2	0.774
RP11-185E8.1	1.727
RP11-185H22.1	1.778
RP11-185J20.2	-0.991
RP11-185N2.1	2.087
RP11-185O21.1	0.333
RP11-185P18.2	1.283
RP11-186F10.2	1.581
RP11-186N15.3	0.612
RP11-186O14.7	2.019
RP11-187E13.1	2.392
RP11-187E13.2	1.72
RP11-187O7.1	1.116
RP11-187O7.3	3.325
RP11-187O7.4	-0.01
RP11-188C12.2	1.4
RP11-188C12.3	2.786
RP11-188D8.1	2.697
RP11-188I24.1	1.867
RP11-188P17.2	2.232
RP11-188P20.3	-0.414
RP11-189B4.6	1.954
RP11-189E14.3	1.125
RP11-189E14.4	1.228
RP11-189E14.5	0.801
RP11-189G24.2	2.121
RP11-18A15.1	2.29
RP11-18B16.1	2.026
RP11-18B16.2	2.479
RP11-18B3.2	0.482
RP11-18B3.3	-0.169
RP11-18D7.2	1.218
RP11-18D7.3	1.798
RP11-18F14.1	2.521
RP11-18F14.4	2.546
RP11-18H21.1	3.434
RP11-18H21.2	2.886
RP11-18H21.3	1.827
RP11-18H7.1	2.747
RP11-18I14.10	2.541
RP11-18I14.11	-0.981
RP11-18J9.3	2.141
RP11-18M17.1	0.874
RP11-18O11.1	1.631
RP11-18O11.2	1.89
RP11-18O15.1	1.313
RP11-190A12.7	2.037
RP11-190A12.8	1.735
RP11-190C22.1	0.254
RP11-190C22.8	1.002
RP11-190C22.9	2.136
RP11-190D6.2	1.312
RP11-190G13.4	1.616
RP11-190I17.2	6.761
RP11-190I17.4	1.546
RP11-190J1.3	1.678
RP11-190J23.1	1.688
RP11-190P13.1	0.753
RP11-190P13.2	5.259
RP11-191A15.1	0.641
RP11-191A15.2	0.973
RP11-191A15.4	3.344
RP11-191G24.1	3.465
RP11-191L17.1	1.799
RP11-191L9.4	2.939
RP11-191L9.5	0.881
RP11-191N8.2	1.498
RP11-192B18.1	2.178
RP11-192C21.1	1.818
RP11-192C21.2	2.237
RP11-192C21.3	1.954
RP11-192H23.4	3.172
RP11-192H23.5	2.909
RP11-192H23.6	1.494
RP11-192H23.7	
RP11-192H23.8	
RP11-192H6.2	2.457
RP11-192M23.1	0.56
RP11-192P3.4	1.91
RP11-192P3.5	1.774
RP11-192P9.1	5.369
RP11-193F5.1	1.874
RP11-193F5.4	
RP11-193H22.2	0.556
RP11-193H5.1	2.984
RP11-193H5.2	0.262
RP11-193H5.5	0.841
RP11-193I22.2	
RP11-193M21.1	2.047
RP11-193P11.3	1.116
RP11-194G10.3	1.622
RP11-194N12.2	1.097
RP11-195B17.1	-0.53
RP11-195B3.1	5.822
RP11-195C7.1	1.143
RP11-195C7.2	0.74
RP11-195C7.3	1.901
RP11-195E2.4	1.274
RP11-195F19.30	0.749
RP11-195F19.5	0.454
RP11-195F19.9	1.754
RP11-195M16.1	1.458
RP11-195M16.3	1.673
RP11-196D18.1	0.566
RP11-196D18.2	1.042
RP11-196D18.4	1.817
RP11-196D18.5	1.508
RP11-196E1.3	1.674
RP11-196G11.1	0.992
RP11-196G11.2	0.389
RP11-196G11.4	0.966
RP11-196G18.1	
RP11-196G18.21	
RP11-196G18.22	
RP11-196G18.24	
RP11-196G18.3	
RP11-196H14.2	3.187
RP11-196H14.3	1.825
RP11-196H14.4	1.034
RP11-196I18.2	0.771
RP11-196I18.3	0.828
RP11-196I18.4	2.558
RP11-196O16.1	2.006
RP11-196O2.1	1.172
RP11-196P2.1	5.513
RP11-197B12.1	2.246
RP11-197K3.1	3.035
RP11-197K6.1	1.906
RP11-197M22.2	1.388
RP11-197N18.2	0.26
RP11-197N18.7	0.629
RP11-197O8.1	3.643
RP11-197P3.1	7.514
RP11-197P3.4	1.979
RP11-197P3.5	1.905
RP11-198M11.2	2.897
RP11-198M15.1	-0.439
RP11-198M6.2	1.995
RP11-199F11.2	0.819
RP11-199F6.4	3.579
RP11-199O14.1	4.051
RP11-19C24.1	2.037
RP11-19D2.1	1.749
RP11-19D2.2	1.68
RP11-19E11.1	3.135
RP11-19F9.1	4.421
RP11-19G24.1	
RP11-19G24.2	-2.407
RP11-19H6.1	
RP11-19J3.5	-0.255
RP11-19J5.1	3.019
RP11-19J5.2	1.491
RP11-19N8.2	
RP11-19N8.3	
RP11-19N8.4	
RP11-19O2.1	1.765
RP11-19O2.2	2.237
RP11-19O2.4	3.443
RP11-19P22.10	0.601
RP11-19P22.2	1.41
RP11-19P22.3	0.38
RP11-19P22.5	0.526
RP11-19P22.6	0.806
RP11-19P22.7	1.855
RP11-19P22.8	1.714
RP11-1B20.1	0.6
RP11-1C1.4	0.953
RP11-1C1.5	1.4
RP11-1C1.6	0.787
RP11-1C1.7	1.061
RP11-1C8.4	1.342
RP11-1C8.5	1.573
RP11-1C8.6	1.458
RP11-1C8.7	0.809
RP11-1D12.1	0.476
RP11-1D12.2	4.75
RP11-1E1.1	1.651
RP11-1E1.2	1.431
RP11-1E11.1	2.528
RP11-1E11.2	2.961
RP11-1E22.1	1.19
RP11-1E3.1	4.476
RP11-1E4.1	2.2
RP11-1E6.1	1.897
RP11-1G11.2	1.31
RP11-1H15.1	0.334
RP11-1H15.2	2.297
RP11-1J11.1	2.094
RP11-1J7.1	2.36
RP11-1K3.1	1.219
RP11-1L12.3	3.488
RP11-1L9.1	1.709
RP11-1M18.1	2.731
RP11-1O10.1	-1.211
RP11-1O2.1	3.077
RP11-1O7.1	2.228
RP11-200A1.1	6.675
RP11-200A13.1	
RP11-200A13.2	0.23
RP11-200A13.3	
RP11-201A3.1	2.751
RP11-201E8.1	1.694
RP11-201K10.3	1.101
RP11-201M22.1	4.466
RP11-201O14.1	-0.301
RP11-201O14.2	-1.114
RP11-202A13.1	1.879
RP11-202D1.2	1.224
RP11-202D1.3	1.394
RP11-202D18.2	1.425
RP11-202G11.1	
RP11-202G11.2	2.396
RP11-202G18.1	4.888
RP11-202H2.1	4.745
RP11-202I11.2	1.76
RP11-202K23.1	5.367
RP11-203B7.1	1.185
RP11-203B7.2	2.764
RP11-203B9.4	0.864
RP11-203E8.1	2.159
RP11-203F10.1	1.75
RP11-203F10.5	1.584
RP11-203F10.6	0.171
RP11-203F8.1	0.651
RP11-203H2.1	2.358
RP11-203H2.2	2.515
RP11-203I2.1	
RP11-203J24.8	2.391
RP11-203J24.9	2.187
RP11-203L2.3	1.049
RP11-203L2.4	2.012
RP11-203M5.2	1.502
RP11-203M5.6	1.48
RP11-203M5.7	0.5
RP11-203M5.8	1.31
RP11-203P2.2	-0.698
RP11-203P23.2	0.331
RP11-204C16.4	
RP11-204C23.1	2.289
RP11-204E4.3	2.799
RP11-204E9.1	3.573
RP11-204H9.2	1.993
RP11-204K16.1	1.391
RP11-204L24.2	0.455
RP11-204N11.1	1.888
RP11-204N11.2	2.062
RP11-204P2.3	0.601
RP11-205K6.1	1.569
RP11-205K6.2	1.463
RP11-205M20.7	0.015
RP11-205M3.1	2.451
RP11-205M3.3	4.288
RP11-206F17.2	1.728
RP11-206M11.7	2.939
RP11-206P5.1	3.648
RP11-206P5.2	3.066
RP11-207C16.4	1.283
RP11-207F8.1	3.65
RP11-208C17.4	0.936
RP11-208G20.3	2.253
RP11-208K4.1	2.776
RP11-208N14.4	2.786
RP11-208N20.1	1.798
RP11-208P4.1	2.872
RP11-209D14.2	2.26
RP11-209D14.4	
RP11-209E8.1	5.446
RP11-209K10.2	2.484
RP11-209M4.1	2.007
RP11-20A20.2	3.004
RP11-20B24.3	-0.517
RP11-20B24.4	0.614
RP11-20B24.5	1.806
RP11-20B24.6	
RP11-20B24.7	-0.627
RP11-20B7.1	3.955
RP11-20D14.3	1.275
RP11-20D14.4	2.525
RP11-20D14.6	2.194
RP11-20E23.1	2.81
RP11-20E24.1	1.593
RP11-20F24.2	0.488
RP11-20G13.1	3.078
RP11-20G13.2	2.744
RP11-20G13.3	2.694
RP11-20G6.2	2.665
RP11-20G6.3	1.226
RP11-20I20.1	1.328
RP11-20I20.2	2.224
RP11-20I20.4	
RP11-20I23.1	1.75
RP11-20I23.8	
RP11-20J1.1	1.884
RP11-20J15.2	3.755
RP11-20J15.3	5.319
RP11-20L19.1	2.315
RP11-20O24.1	-0.32
RP11-20P5.2	0.915
RP11-210G22.1	1.884
RP11-210H10__A.1	2.505
RP11-210K20.2	-0.881
RP11-210K20.4	
RP11-210L7.1	3.342
RP11-210M15.1	0.964
RP11-210M15.2	2.059
RP11-210N13.1	2.088
RP11-211A18.1	-0.68
RP11-211A18.2	0.031
RP11-211C9.1	2.178
RP11-211F2.1	2.783
RP11-211G23.1	1.303
RP11-211G23.2	1.195
RP11-211G3.2	2.349
RP11-211G3.3	2.253
RP11-211N11.5	1.564
RP11-211N8.2	
RP11-211N8.3	
RP11-211N8.7	
RP11-212D19.4	2.072
RP11-212D19.5	1.598
RP11-212D3.2	
RP11-212D3.4	1.616
RP11-212E8.1	1.595
RP11-212F11.1	1.151
RP11-212I21.2	1.402
RP11-212I21.4	1.056
RP11-212J19.1	3.939
RP11-212P7.1	0.308
RP11-212P7.2	0.894
RP11-212P7.3	1.304
RP11-213G2.1	1.76
RP11-213G2.2	1.687
RP11-213G2.3	1.876
RP11-213G2.5	2.546
RP11-213G21.1	1.85
RP11-213G21.2	2.114
RP11-213G6.2	3.029
RP11-213H15.1	3.278
RP11-213H15.4	1.738
RP11-213L8.1	3.606
RP11-213N20.1	
RP11-214C8.2	1.393
RP11-214D15.2	1.382
RP11-214J9.1	-0.025
RP11-214K3.18	
RP11-214K3.19	-0.278
RP11-214K3.21	
RP11-214K3.22	1.715
RP11-214K3.23	0.13
RP11-214K3.24	0.389
RP11-214K3.5	
RP11-214L13.1	1.765
RP11-214L19.1	2.846
RP11-214N1.1	1.911
RP11-214N16.2	1.439
RP11-214N9.1	1.88
RP11-214O1.1	1.669
RP11-214O1.2	0.715
RP11-214O1.3	0.96
RP11-214O14.1	0.424
RP11-215A19.2	3.796
RP11-215A21.2	2.988
RP11-215C7.3	0.401
RP11-215D10.1	2.691
RP11-215E13.1	2.373
RP11-215E13.2	-0.427
RP11-215G15.4	1.943
RP11-215G15.5	1.192
RP11-215H18.5	0.766
RP11-215H22.1	1.478
RP11-215I16.1	2.198
RP11-215N21.1	4.318
RP11-215P8.1	2.235
RP11-215P8.3	2.116
RP11-215P8.4	1.669
RP11-216B9.6	1.574
RP11-216F5.1	6.003
RP11-216L13.17	1.456
RP11-216L13.18	1.098
RP11-216L13.19	0.881
RP11-216M21.6	
RP11-216M21.7	
RP11-216N14.1	1.253
RP11-216N14.5	1.3
RP11-216N14.7	0.517
RP11-216N14.8	1.066
RP11-216N14.9	
RP11-216N21.1	
RP11-216N21.2	-0.056
RP11-216P16.2	1.808
RP11-216P16.4	1.081
RP11-216P16.6	2.055
RP11-217B1.2	1.775
RP11-217B7.2	2.462
RP11-217B7.3	2.77
RP11-217C7.1	3.702
RP11-217E13.1	4.321
RP11-217E22.5	1.398
RP11-217F16.1	0.965
RP11-217H19.1	2.084
RP11-217L21.1	1.522
RP11-217O12.1	4.624
RP11-218C14.2	1.329
RP11-218C14.5	0.955
RP11-218C14.8	0.365
RP11-218C23.1	1.779
RP11-218D6.3	
RP11-218D6.4	2.068
RP11-218E20.2	2.586
RP11-218E20.3	2.137
RP11-218E20.5	1.522
RP11-218F10.3	0.614
RP11-218F4.1	2.207
RP11-218F4.2	-0.864
RP11-218I7.2	2.241
RP11-218M11.3	1.099
RP11-218M22.1	2.708
RP11-218M22.2	2.554
RP11-219B17.1	2.279
RP11-219B17.2	1.059
RP11-219B4.3	0.951
RP11-219B4.5	1.57
RP11-219B4.6	1.172
RP11-219B4.7	1.527
RP11-219C20.1	2.375
RP11-219C20.3	2.302
RP11-219C24.10	
RP11-219D15.3	0.397
RP11-219E7.1	0.838
RP11-219E7.2	3.058
RP11-219E7.3	2.094
RP11-219E7.4	1.95
RP11-219F10.1	1.903
RP11-219G10.1	2.375
RP11-219G17.4	2.351
RP11-219G17.6	2.548
RP11-219I21.1	6.15
RP11-219J21.1	2.381
RP11-219J21.2	2.398
RP11-219O3.2	0.431
RP11-21A7A.2	1.713
RP11-21A7A.3	-0.294
RP11-21A7A.4	1.713
RP11-21B21.4	1.684
RP11-21B23.1	0.653
RP11-21B23.2	1.703
RP11-21B23.3	2.099
RP11-21C17.1	3.285
RP11-21C4.1	0.641
RP11-21C4.4	1.931
RP11-21C4.5	0.821
RP11-21G15.1	1.977
RP11-21G20.1	
RP11-21G20.3	1.334
RP11-21G20.4	0.919
RP11-21I10.2	1.852
RP11-21J18.1	1.889
RP11-21J7.1	4.07
RP11-21L1.1	2.615
RP11-21L19.1	0.85
RP11-21L23.2	1.721
RP11-21L23.3	0.414
RP11-21L23.4	2.356
RP11-21M24.2	1.079
RP11-21M24.3	-0.062
RP11-21M7.2	0.31
RP11-220C2.1	3.287
RP11-220D10.1	4.222
RP11-220H4.2	2.678
RP11-220I1.1	0.543
RP11-220I1.2	1.437
RP11-220I1.5	1.082
RP11-221E20.4	1.937
RP11-221E20.5	1.622
RP11-221H10.1	3.185
RP11-221J22.1	2.789
RP11-221J22.2	2.789
RP11-221N13.2	-0.543
RP11-221N13.3	0.837
RP11-221N13.4	3.141
RP11-222A11.1	3.632
RP11-222A5.1	1.847
RP11-222G7.2	2.107
RP11-222K16.1	2.207
RP11-222K16.2	0.784
RP11-222N13.1	2.734
RP11-222O23.1	4.001
RP11-223A3.1	1.699
RP11-223C24.1	1.76
RP11-223C24.2	1.314
RP11-223I10.1	1.685
RP11-223J15.2	1.749
RP11-223J6.1	
RP11-223P11.2	2.091
RP11-223P11.3	2.091
RP11-224O19.2	1.135
RP11-224O19.4	
RP11-224O19.5	0.66
RP11-224P11.1	2.351
RP11-225H22.4	1.354
RP11-225H22.5	2.318
RP11-225H22.7	
RP11-225N10.1	2.407
RP11-225N10.3	0.209
RP11-226F19.1	1.928
RP11-226L15.1	1.476
RP11-226L15.5	0.638
RP11-226P1.1	
RP11-226P1.2	1.514
RP11-226P1.3	1.909
RP11-227B21.2	0.205
RP11-227D13.1	1.732
RP11-227D13.2	-0.276
RP11-227D13.4	0.006
RP11-227D2.3	1.821
RP11-227F19.1	3.849
RP11-227F19.2	3.423
RP11-227F19.5	0.742
RP11-227F8.2	2.614
RP11-227G15.2	4.06
RP11-227G15.3	4.06
RP11-227G15.5	0.185
RP11-227G15.6	1.084
RP11-227G15.8	1.148
RP11-227G15.9	0.059
RP11-227H15.4	2.1
RP11-227H15.5	1.646
RP11-227H15.7	-0.651
RP11-227H4.1	1.292
RP11-227H4.5	0.258
RP11-227J5.3	0.817
RP11-227P3.1	1.259
RP11-228B15.4	1.544
RP11-228G3.1	3.531
RP11-228O6.2	2.476
RP11-229A12.2	-0.68
RP11-229C3.2	4.031
RP11-229M1.2	1.837
RP11-229P13.15	0.594
RP11-229P13.19	0.714
RP11-229P13.2	0.872
RP11-229P13.20	0.882
RP11-229P13.22	1.126
RP11-229P13.23	-0.208
RP11-229P13.25	1.531
RP11-22A3.1	2.229
RP11-22A3.2	2.688
RP11-22B10.3	-0.603
RP11-22B23.1	2.707
RP11-22B23.2	1.58
RP11-22C11.1	0.593
RP11-22C11.2	1.396
RP11-22C8.1	1.853
RP11-22D3.1	1.464
RP11-22D3.2	1.844
RP11-22H5.2	3.113
RP11-22K10.1	2.899
RP11-22L13.1	0.842
RP11-22M7.2	1.315
RP11-22N12.2	0.789
RP11-22N19.2	4.21
RP11-22P4.1	3.817
RP11-22P4.2	0.75
RP11-22P6.2	0.357
RP11-22P6.3	
RP11-230B22.1	2.458
RP11-230C9.1	3.761
RP11-230C9.2	0.276
RP11-230C9.4	2.226
RP11-230G5.2	3.469
RP11-230L22.4	-1.4
RP11-231C14.3	-0.018
RP11-231C18.1	4.21
RP11-231C18.2	1.617
RP11-231D20.2	5.348
RP11-231E19.1	1.606
RP11-231E4.2	1.752
RP11-231E4.3	1.444
RP11-231E6.1	2.411
RP11-231G15.1	3.837
RP11-231G15.2	1.692
RP11-231G15.3	1.817
RP11-231G3.1	1.314
RP11-231I13.2	5.238
RP11-231I16.1	1.256
RP11-231K24.2	1.438
RP11-231L11.1	2.172
RP11-231L11.3	
RP11-231N3.1	2.789
RP11-231N9.1	1.363
RP11-231P20.2	0.934
RP11-231P20.5	-1.649
RP11-232A1.2	3.618
RP11-232C2.1	2.591
RP11-232C2.2	1.095
RP11-232C2.3	-0.302
RP11-232D9.1	2.383
RP11-232D9.2	2.48
RP11-232D9.3	2.748
RP11-232D9.4	-1.295
RP11-232L2.1	1.934
RP11-232L2.2	1.048
RP11-232M24.1	1.184
RP11-233E12.1	4.978
RP11-233E12.2	2.96
RP11-233E12.4	2.575
RP11-233G1.4	0.607
RP11-234A1.1	0.32
RP11-234B24.2	1.684
RP11-234B24.4	0.423
RP11-234B24.5	-0.246
RP11-234B24.6	2.953
RP11-234K19.1	2.084
RP11-234K24.3	0.943
RP11-234N17.1	-0.453
RP11-234O6.2	2.052
RP11-234P3.2	0.469
RP11-235C23.5	-1.845
RP11-235D19.2	1.887
RP11-235D19.3	1.294
RP11-235E17.3	
RP11-235E17.4	-0.876
RP11-235E17.5	0.178
RP11-235G24.1	4.18
RP11-235G24.2	1.579
RP11-235G24.3	2.324
RP11-235P11.1	1.06
RP11-236B18.2	2.369
RP11-236B18.5	1.711
RP11-236J17.3	1.365
RP11-236J17.5	0.75
RP11-236J17.6	2.475
RP11-236L14.1	2.343
RP11-236P13.1	2.07
RP11-236P24.3	0.087
RP11-237D3.1	1.853
RP11-237M21.1	
RP11-237P21.1	4.665
RP11-238F2.1	4.071
RP11-238I10.1	2.212
RP11-238K6.1	5.931
RP11-238K6.2	1.805
RP11-239A17.1	4.618
RP11-239E10.2	1.34
RP11-239E10.3	1.646
RP11-239H6.2	2.007
RP11-239L20.3	
RP11-23A22.1	3.266
RP11-23B15.1	1.461
RP11-23B5.1	0.864
RP11-23B7.3	1.378
RP11-23B7.4	0.731
RP11-23D24.2	4.387
RP11-23D5.1	3.677
RP11-23E19.1	2.118
RP11-23E19.2	1.349
RP11-23F23.2	1.659
RP11-23F23.3	1.678
RP11-23I7.1	1.748
RP11-23J18.1	2.165
RP11-23J9.3	1.092
RP11-23J9.4	1.698
RP11-23J9.5	1.698
RP11-23J9.6	1.407
RP11-23J9.7	1.15
RP11-23N2.4	3.143
RP11-23O13.1	0.907
RP11-23P13.6	0.857
RP11-23P13.7	0.857
RP11-240A16.1	5.588
RP11-240D10.4	1.402
RP11-240E2.2	2.336
RP11-240G22.1	2.049
RP11-240L7.4	1.063
RP11-240M16.1	1.335
RP11-241G9.3	2.562
RP11-241I20.1	0.901
RP11-241I20.5	2.328
RP11-241J12.3	0.262
RP11-241K18.2	1.613
RP11-241N4.2	1.055
RP11-242C19.2	1.312
RP11-242C24.2	1.364
RP11-242C24.3	1.555
RP11-242F11.2	3.117
RP11-242F24.1	1.79
RP11-242F4.2	1.078
RP11-242G20.1	2.212
RP11-242J7.1	0.881
RP11-242O24.3	0.93
RP11-242O24.5	-0.832
RP11-242P2.1	5.758
RP11-242P2.2	2.802
RP11-243A14.1	1.905
RP11-243A14.2	1.711
RP11-243A14.3	1.478
RP11-243E13.1	2.21
RP11-243E13.2	1.583
RP11-243J16.7	0.861
RP11-243J16.8	0.959
RP11-243M5.1	2.177
RP11-244B22.1	
RP11-244B22.3	
RP11-244B22.5	
RP11-244B22.6	
RP11-244B22.7	
RP11-244F12.1	2.119
RP11-244F12.2	1.459
RP11-244F12.3	1.082
RP11-244H18.4	0.94
RP11-244H3.1	3.414
RP11-244J10.1	1.418
RP11-244K5.6	2.556
RP11-244K5.8	1.945
RP11-244N20.7	
RP11-244N9.4	1.003
RP11-244N9.6	2.326
RP11-244O19.1	2.173
RP11-245A18.1	0.707
RP11-245C17.2	
RP11-245C23.3	
RP11-245G13.1	3.23
RP11-245G13.2	3.091
RP11-245J24.1	
RP11-245J9.4	1.178
RP11-245J9.5	1.298
RP11-245J9.6	0.928
RP11-245M24.1	1.953
RP11-245P10.4	0.461
RP11-245P10.6	0.684
RP11-245P10.8	0.444
RP11-246A10.1	2.912
RP11-246K15.1	2.852
RP11-247A12.1	0.428
RP11-247A12.2	7.203
RP11-247A12.7	1.792
RP11-247A12.8	1.215
RP11-247C2.1	1.205
RP11-247C2.2	2.067
RP11-247I13.11	1.689
RP11-247I13.3	
RP11-247I13.6	1.122
RP11-247I13.8	0.84
RP11-247L20.3	0.628
RP11-247L20.4	0.024
RP11-248B24.4	
RP11-248C1.3	1.197
RP11-248E9.1	2.692
RP11-248E9.4	1.542
RP11-248E9.5	1.271
RP11-248E9.6	1.176
RP11-248E9.7	1.249
RP11-248G5.8	1.069
RP11-248I9.2	3.773
RP11-248J18.2	0.605
RP11-248J18.3	
RP11-248J23.5	0.201
RP11-248J23.6	1.258
RP11-248J23.7	1.682
RP11-248N22.1	1.718
RP11-248N22.2	1.269
RP11-249C24.10	1.247
RP11-249C24.11	1.286
RP11-249L21.2	
RP11-249M12.2	3.255
RP11-24B19.3	-0.336
RP11-24B19.4	-0.797
RP11-24C14.1	5.125
RP11-24C3.2	0.847
RP11-24D15.1	1.978
RP11-24F11.2	2.504
RP11-24H1.1	1.532
RP11-24I21.1	1.672
RP11-24J19.1	1.332
RP11-24J23.2	1.664
RP11-24N18.1	
RP11-24P14.1	2.514
RP11-24P4.1	4.962
RP11-250B16.1	-0.474
RP11-250B2.2	5.102
RP11-250B2.3	4.368
RP11-250B2.5	0.709
RP11-250B2.6	2.916
RP11-250H24.2	
RP11-250H24.4	
RP11-251G23.2	0.978
RP11-251G23.5	0.996
RP11-251M1.1	1.963
RP11-251P6.1	3.089
RP11-252A24.2	1.951
RP11-252A24.3	1.951
RP11-252A24.5	2.102
RP11-252A24.7	1.771
RP11-252C15.1	1.333
RP11-252C24.2	5.867
RP11-252E2.1	1.655
RP11-252E2.2	2.165
RP11-252I13.1	1.734
RP11-252I13.2	1.863
RP11-252I14.1	2.26
RP11-252I14.2	-1.463
RP11-252K23.1	
RP11-252K23.2	-3.971
RP11-252M18.3	3.752
RP11-252M21.6	0.559
RP11-252O18.2	2.259
RP11-252O18.3	3.37
RP11-252O2.2	0.809
RP11-252P18.1	1.456
RP11-252P19.1	1.317
RP11-252P19.2	0.841
RP11-253A20.1	1.783
RP11-253D19.1	2.343
RP11-253D19.2	2.377
RP11-253E3.1	1.674
RP11-253E3.3	1.986
RP11-253I19.3	0.432
RP11-253I19.4	0.06
RP11-253M7.1	2.457
RP11-253M7.3	
RP11-253M7.4	1.381
RP11-253M7.6	1.603
RP11-254A17.1	2.532
RP11-254B13.1	1.297
RP11-254B13.3	0.505
RP11-254B13.4	
RP11-254F19.2	1.743
RP11-254F19.3	2.797
RP11-254F7.1	2.188
RP11-254F7.2	1.361
RP11-254F7.3	0.928
RP11-254F7.4	1.116
RP11-254G11.1	
RP11-254I22.1	1.613
RP11-254I22.2	0.928
RP11-254I22.3	0.262
RP11-255A11.21	2.018
RP11-255A11.4	2.189
RP11-255B23.1	3.431
RP11-255B23.4	2.653
RP11-255C15.3	1.066
RP11-255C15.4	0.311
RP11-255E6.5	0.65
RP11-255E6.6	0.776
RP11-255G12.2	2.339
RP11-255G12.3	3.267
RP11-255G21.1	-0.045
RP11-255I10.1	1.438
RP11-255I10.2	2.679
RP11-255J3.2	1.259
RP11-255J3.3	1.502
RP11-255L13.1	3.037
RP11-255M2.1	2.173
RP11-255M2.2	3.768
RP11-255M6.1	0.343
RP11-255N24.1	2.46
RP11-255N24.4	2.965
RP11-255P5.2	0.211
RP11-256G5.1	1.989
RP11-256I23.1	-0.331
RP11-256I23.2	-2.053
RP11-256I23.3	1.259
RP11-256I9.2	2.641
RP11-256I9.3	2.197
RP11-256K7.1	1.492
RP11-256L11.1	1.461
RP11-256L11.3	1.027
RP11-256L6.2	1.805
RP11-256L6.3	5.526
RP11-256L6.4	2.176
RP11-256P1.1	0.993
RP11-257A22.1	4.028
RP11-257I14.1	2.396
RP11-257I8.1	1.83
RP11-257I8.2	2.838
RP11-257K9.3	0.481
RP11-257K9.8	2.632
RP11-257P3.3	2.645
RP11-258B16.1	5.087
RP11-258C19.5	1.101
RP11-258C19.7	1.57
RP11-258F1.1	0.751
RP11-258F22.1	1.427
RP11-258F22.2	0.839
RP11-258J10.1	6.577
RP11-258O13.1	4.01
RP11-259A24.1	2.621
RP11-259F16.3	-0.563
RP11-259G18.1	1.341
RP11-259G18.2	1.546
RP11-259G18.3	1.619
RP11-259K15.2	2.243
RP11-259K5.1	0.695
RP11-259K5.2	0.83
RP11-259N19.1	1.664
RP11-259O18.4	1.095
RP11-259O2.1	1.619
RP11-259O2.2	2.624
RP11-259O2.3	2.486
RP11-259P1.1	3.646
RP11-259P15.1	
RP11-259P15.3	2.064
RP11-259P15.4	0.766
RP11-259P20.1	0.87
RP11-259P6.3	2.008
RP11-25B7.1	0.68
RP11-25C15.1	2.112
RP11-25C19.3	1.377
RP11-25D10.1	2.044
RP11-25D10.2	2.213
RP11-25D3.1	-0.761
RP11-25E2.1	5.809
RP11-25G10.2	0.758
RP11-25H11.1	3.932
RP11-25H12.1	3.733
RP11-25I11.1	2.294
RP11-25I15.1	-0.044
RP11-25I15.2	4.248
RP11-25I15.3	2.013
RP11-25I9.2	2.674
RP11-25J3.2	0.836
RP11-25K19.1	3.092
RP11-25K21.1	3.59
RP11-25K21.6	2.093
RP11-25L3.3	2.783
RP11-25L5.2	3.006
RP11-25O10.2	0.965
RP11-25O3.1	4.703
RP11-25P11.2	2.061
RP11-260E18.1	1.507
RP11-260G13.1	2.53
RP11-260M19.1	2.777
RP11-260M19.2	5.412
RP11-260M2.1	
RP11-260O18.1	4.371
RP11-261B23.1	
RP11-261B23.2	
RP11-261C10.3	1.269
RP11-261C10.4	0.365
RP11-261C10.5	0.734
RP11-261C10.7	2.047
RP11-261N11.8	3.237
RP11-261P24.2	0.896
RP11-261P9.4	0.857
RP11-262A12.1	3.108
RP11-262D11.1	0.215
RP11-262D11.2	1.779
RP11-262H14.4	
RP11-262I2.2	2.292
RP11-262K1.1	2.27
RP11-262M14.2	
RP11-263C16.2	2.161
RP11-263C24.1	-0.313
RP11-263C24.3	0.935
RP11-263E1.1	0.629
RP11-263F14.3	1.692
RP11-263I1.1	2.006
RP11-263K19.4	1.283
RP11-263K19.6	
RP11-263K4.1	
RP11-263K4.3	2.684
RP11-263K4.4	2.657
RP11-263K4.5	2.623
RP11-264A11.1	0.801
RP11-264B14.1	3.312
RP11-264B14.2	
RP11-264B17.2	1.411
RP11-264B17.3	0.959
RP11-264B17.4	0.959
RP11-264B17.5	-1.079
RP11-264C15.2	2.698
RP11-264E18.1	2.951
RP11-264E20.1	2.612
RP11-264E20.2	1.214
RP11-264F23.1	-0.431
RP11-264F23.3	2.336
RP11-264F23.4	1.575
RP11-264I13.2	1.075
RP11-264K23.1	1.887
RP11-264L1.3	1.6
RP11-264L1.4	1.01
RP11-264M12.2	1.602
RP11-265B8.5	1.337
RP11-265D17.2	1.159
RP11-265D19.6	1.244
RP11-265D19.7	0.858
RP11-265D20.1	2.603
RP11-265E18.1	0.748
RP11-265F19.1	0.888
RP11-265G8.3	
RP11-265N6.1	0.687
RP11-265N6.2	1.497
RP11-265N6.3	0.762
RP11-265N6.4	1.101
RP11-265N7.1	1.876
RP11-265N7.2	2.966
RP11-265O12.1	1.85
RP11-265P11.1	2.448
RP11-265P11.2	1.089
RP11-266A24.1	2.388
RP11-266E14.1	2.711
RP11-266E6.3	2.235
RP11-266E8.2	1.731
RP11-266J6.2	-0.699
RP11-266K22.2	2.087
RP11-266L9.1	2.207
RP11-266L9.2	1.062
RP11-266L9.3	0.29
RP11-266L9.4	2.9
RP11-266L9.5	1.185
RP11-266L9.6	0.872
RP11-266N13.2	2.426
RP11-266O15.3	1.276
RP11-266O8.1	4.304
RP11-267A15.1	2.271
RP11-267A15.3	2.518
RP11-267C16.1	2.948
RP11-267C16.2	1.105
RP11-267D19.1	2.825
RP11-267D19.2	3.856
RP11-267J23.1	0.159
RP11-267L5.1	1.968
RP11-267M23.3	1.213
RP11-267M23.4	2.287
RP11-267M23.5	1.662
RP11-267M23.6	1.392
RP11-267M23.7	2.225
RP11-267N12.1	3.515
RP11-267N12.2	1.956
RP11-267N12.3	2.754
RP11-268E23.2	1.122
RP11-268F1.3	1.801
RP11-268G12.1	3.071
RP11-268G12.2	0.253
RP11-268G12.3	2.957
RP11-268G13.1	2.547
RP11-268I9.1	
RP11-268I9.3	2.099
RP11-268I9.4	2.853
RP11-268J15.5	2.03
RP11-268P4.2	1.053
RP11-268P4.4	0.695
RP11-268P4.5	0.751
RP11-269C4.1	0.12
RP11-269C4.2	1.629
RP11-269F19.2	1.118
RP11-269F20.1	2.09
RP11-269F21.1	4.62
RP11-269F21.2	1.725
RP11-269F21.3	1.87
RP11-269G24.2	0.337
RP11-269G24.3	1.925
RP11-269G24.4	0.433
RP11-269G24.6	1.455
RP11-269G24.7	
RP11-269G24.8	
RP11-269M20.1	1.346
RP11-269M20.2	2.112
RP11-269M20.3	2.215
RP11-26C10.1	1.991
RP11-26E5.1	1.146
RP11-26H16.1	-0.37
RP11-26J3.1	1.91
RP11-26J3.3	0.877
RP11-26L16.1	3.06
RP11-26L20.3	2.56
RP11-26L20.4	0.405
RP11-26M5.2	2.07
RP11-26M5.3	1.6
RP11-26N15.2	1.041
RP11-26O3.1	2.904
RP11-26P13.2	0.636
RP11-270B14.1	6.142
RP11-270C12.3	2.847
RP11-270F18.2	0.855
RP11-270L13.1	4.741
RP11-270M14.1	0.54
RP11-270M14.4	1.875
RP11-270M14.5	
RP11-271F18.1	1.808
RP11-271F18.4	4.761
RP11-271K11.5	3.698
RP11-271K21.11	0.743
RP11-271M24.2	1.167
RP11-271O3.1	1.759
RP11-272B17.1	3.715
RP11-272B17.2	1.639
RP11-272D12.1	2.166
RP11-272D20.2	1.131
RP11-272G22.1	2.075
RP11-272G22.2	1.091
RP11-272G22.3	1.091
RP11-272J7.4	1.204
RP11-272J7.6	2.309
RP11-272K23.3	1.584
RP11-272K23.4	1.127
RP11-272L13.2	
RP11-272L13.3	1.725
RP11-272L13.4	0.75
RP11-272P10.2	0.089
RP11-272P10.3	3.789
RP11-273B19.1	2.124
RP11-273B19.2	2.314
RP11-273B20.1	-0.913
RP11-273B20.3	1.894
RP11-273P3.1	-0.801
RP11-274B18.2	0.275
RP11-274B18.3	1.305
RP11-274B18.4	1.521
RP11-274B21.1	3.804
RP11-274B21.10	3.341
RP11-274B21.2	3.34
RP11-274B21.3	2.647
RP11-274B21.4	
RP11-274B21.5	2.725
RP11-274B21.7	2.06
RP11-274B21.8	-0.465
RP11-274B21.9	-0.381
RP11-274E7.1	1.257
RP11-274E7.2	1.985
RP11-274H2.2	1.452
RP11-274H2.3	-0.027
RP11-274H2.5	1.544
RP11-274H24.1	2.437
RP11-274J15.2	1.492
RP11-274J16.5	2.532
RP11-274J2.1	0.163
RP11-274J7.2	0.85
RP11-274J7.3	1.229
RP11-274K13.5	1.546
RP11-274M17.1	0.24
RP11-274M17.2	-0.2
RP11-274M17.3	1.342
RP11-274M4.1	3.15
RP11-275F13.1	1.79
RP11-275F13.3	-0.136
RP11-275H4.1	1.264
RP11-275I14.2	1.742
RP11-275I14.4	1.633
RP11-275I4.1	1.961
RP11-275I4.2	2.557
RP11-275N1.1	2.207
RP11-275O18.1	2.83
RP11-275O4.3	0.994
RP11-275O4.4	1.636
RP11-276E15.4	2.37
RP11-276E17.2	1.842
RP11-276H1.2	0.129
RP11-276H1.3	1.073
RP11-276H19.1	2.083
RP11-276H19.2	2.121
RP11-276H19.4	1.981
RP11-276H7.2	0.585
RP11-276H7.3	2.044
RP11-276M12.1	1.817
RP11-277A4.4	3.053
RP11-277B15.1	3.46
RP11-277B15.2	3.14
RP11-277B15.3	0.812
RP11-277E18.2	-1.587
RP11-277I20.2	0.885
RP11-277I20.3	0.563
RP11-277J24.1	0.73
RP11-277J6.2	0.516
RP11-277J6.3	2.632
RP11-277K23.1	2.172
RP11-277P12.10	1.988
RP11-277P12.20	1.588
RP11-277P12.9	1.598
RP11-278A23.2	1.621
RP11-278C7.1	1.258
RP11-278C7.2	1.473
RP11-278H7.1	3.087
RP11-278H7.3	4.764
RP11-278H7.4	1.637
RP11-278I4.1	1.658
RP11-278I4.2	1.976
RP11-278J20.2	2.797
RP11-278L15.2	0.435
RP11-278L15.3	3.087
RP11-278L15.4	2.33
RP11-278L15.6	1.322
RP11-279E1.1	2.737
RP11-279F6.1	3.587
RP11-279F6.2	0.883
RP11-279F6.3	3.04
RP11-279L11.1	0.762
RP11-279N8.1	3.257
RP11-279O17.1	2.366
RP11-279O17.2	2.88
RP11-279O17.3	2.578
RP11-279O9.4	2.765
RP11-27G13.1	0.315
RP11-27G13.3	0.462
RP11-27G13.4	-1.305
RP11-27G13.5	4.651
RP11-27G22.1	5.689
RP11-27G24.1	1.939
RP11-27G24.3	2.429
RP11-27I1.4	4.941
RP11-27I1.6	1.741
RP11-27K13.3	2.352
RP11-27M24.1	2.392
RP11-27M24.2	0.951
RP11-27M24.3	2.697
RP11-27M5.1	-0.141
RP11-27M9.1	2.054
RP11-27N21.3	1.149
RP11-27P7.1	4.668
RP11-280G9.1	1.381
RP11-280H21.1	2.429
RP11-280K24.1	2.4
RP11-280K24.4	2.469
RP11-280K24.6	1.041
RP11-280O1.2	3.164
RP11-280O24.1	2.563
RP11-280O24.3	-0.264
RP11-281A20.1	2.342
RP11-281A20.2	1.7
RP11-281B1.2	-1.109
RP11-281H11.1	5.892
RP11-281J9.1	1.056
RP11-281J9.2	2.308
RP11-281N10.1	1.562
RP11-281O15.2	2.036
RP11-281O15.4	2.75
RP11-281O15.5	2.756
RP11-281O15.7	0.657
RP11-281P11.1	4.64
RP11-281P23.1	2.831
RP11-281P23.2	4.914
RP11-282C5.1	3.849
RP11-282I1.1	2.989
RP11-282I1.2	2.758
RP11-282K24.1	3.335
RP11-282K24.2	2.35
RP11-282K24.3	1.61
RP11-282M16.1	1.067
RP11-282O18.3	1.503
RP11-282O18.6	1.331
RP11-282O18.7	0.39
RP11-283C24.1	0.576
RP11-283C24.2	1.313
RP11-283G6.3	0.885
RP11-283G6.4	2.6
RP11-283G6.5	2.6
RP11-283I3.1	0.92
RP11-283I3.2	1.396
RP11-283I3.4	1.955
RP11-283I3.6	2.446
RP11-284A20.1	1.898
RP11-284A20.2	2.558
RP11-284A20.3	1.095
RP11-284B18.3	
RP11-284F21.10	0.413
RP11-284F21.11	0.785
RP11-284F21.7	1.085
RP11-284F21.8	1.832
RP11-284F21.9	1.87
RP11-284G10.1	4.139
RP11-284H18.1	1.732
RP11-284H19.1	2.755
RP11-284J1.1	2.709
RP11-284L19.1	0.969
RP11-284M14.1	2.419
RP11-284N8.3	1.512
RP11-284P20.3	2.654
RP11-285A1.1	1.203
RP11-285A15.1	2.005
RP11-285A18.2	1.938
RP11-285B24.1	4.585
RP11-285C1.2	2.572
RP11-285E9.5	1.201
RP11-285E9.6	2.055
RP11-285F16.1	1.744
RP11-285F7.2	1.847
RP11-285G1.14	-1.239
RP11-285G1.2	1.575
RP11-285G1.9	1.108
RP11-285J16.1	
RP11-286B14.1	3.603
RP11-286B14.2	0.813
RP11-286B5.1	0.7
RP11-286E11.1	2.328
RP11-286E11.2	1.803
RP11-286H14.1	1.902
RP11-286H14.2	2.321
RP11-286H14.3	1.79
RP11-286H14.4	1.849
RP11-286H14.6	1.882
RP11-286H14.8	1.441
RP11-286M16.1	3.381
RP11-286N22.10	2.159
RP11-286N22.8	1.461
RP11-286N3.1	2.002
RP11-286N3.2	1.061
RP11-286O18.1	0.456
RP11-287D1.3	2.487
RP11-287F9.1	2.754
RP11-287F9.2	5.08
RP11-287J9.1	-1.027
RP11-288C17.1	
RP11-288C17.3	0.69
RP11-288D15.1	2.251
RP11-288E14.2	
RP11-288G11.3	1.178
RP11-288G3.3	1.754
RP11-288G3.4	8.034
RP11-288H12.3	0.137
RP11-288H12.4	0.555
RP11-288I21.1	2.355
RP11-288K12.1	2.969
RP11-288L9.1	2.314
RP11-288L9.4	1.927
RP11-289A15.1	0.774
RP11-289F5.1	3.247
RP11-289I10.2	
RP11-289K10.1	2.965
RP11-28F1.2	1.994
RP11-28G8.1	0.37
RP11-28H5.2	0.628
RP11-28O3.1	
RP11-28O3.2	1.048
RP11-28P17.3	-1.491
RP11-290C10.1	0.957
RP11-290F20.1	2.236
RP11-290F20.2	2.236
RP11-290F20.3	1.565
RP11-290F24.3	
RP11-290F24.6	
RP11-290F5.1	2.311
RP11-290F5.2	2.266
RP11-290H9.4	1.722
RP11-290K4.1	1.555
RP11-290K4.2	2.146
RP11-290L1.2	-0.545
RP11-290L1.3	
RP11-290L1.4	1.748
RP11-290L1.5	1.457
RP11-290L1.6	-0.132
RP11-290L1.7	0.589
RP11-290L7.3	
RP11-290M5.2	2.052
RP11-290M5.4	0.391
RP11-290O12.1	-0.571
RP11-290P14.2	1.081
RP11-291B21.2	1.082
RP11-291C6.1	2.593
RP11-291H24.1	1.824
RP11-291J9.1	1.688
RP11-291J9.2	6.078
RP11-291L19.1	0.097
RP11-291L22.4	
RP11-292B1.2	3.25
RP11-292B8.1	
RP11-292D4.1	1.643
RP11-292D4.2	1.321
RP11-292D4.3	3.191
RP11-292E2.1	2.504
RP11-292E2.2	1.892
RP11-292E2.4	1.784
RP11-292F9.1	
RP11-292I17.1	3.723
RP11-293A10.3	0.27
RP11-293A21.1	-0.114
RP11-293A21.2	-0.316
RP11-293B20.2	
RP11-293D9.2	2.781
RP11-293E1.1	1.416
RP11-293E1.2	1.084
RP11-293G6__A.2	1.544
RP11-293G6__A.3	
RP11-293G6__B.2	2.49
RP11-293G6__B.4	0.692
RP11-293G6__B.8	-0.374
RP11-293I14.2	2.553
RP11-293K19.1	
RP11-293M10.1	2.01
RP11-293M10.2	1.612
RP11-293M10.4	2.313
RP11-293M10.5	4.08
RP11-293M10.6	2.602
RP11-293N14.1	4.141
RP11-293P20.2	2.322
RP11-293P20.4	2.322
RP11-294J22.5	2.246
RP11-294J22.6	-0.147
RP11-294L11.1	1.868
RP11-294L13.1	1.442
RP11-294O2.1	4.111
RP11-294O2.2	7.649
RP11-295B17.6	0.638
RP11-295D22.1	3.901
RP11-295D4.1	1.091
RP11-295G12.1	3.152
RP11-295G20.2	0.719
RP11-295G24.4	1.764
RP11-295G24.5	
RP11-295H24.3	-0.149
RP11-295J3.3	
RP11-295M18.2	0.296
RP11-295M18.6	0.431
RP11-295M3.2	-0.12
RP11-295P9.12	
RP11-295P9.2	-0.469
RP11-295P9.3	3.674
RP11-295P9.6	0.827
RP11-295P9.8	1.713
RP11-296A16.1	2.426
RP11-296A18.3	0.746
RP11-296A18.5	0.452
RP11-296A18.6	-0.218
RP11-296C13.1	5.444
RP11-296E23.1	1.651
RP11-296E23.2	
RP11-296I10.3	2.924
RP11-296K13.4	1.627
RP11-296L20.1	3.317
RP11-296L22.7	1.777
RP11-296L22.8	1.042
RP11-296O14.1	1.764
RP11-296O14.2	1.724
RP11-296O14.3	1.384
RP11-296P7.4	0.547
RP11-297A16.2	3.149
RP11-297B17.2	2.282
RP11-297B17.3	0.874
RP11-297C4.1	-0.779
RP11-297C4.2	1.3
RP11-297C4.3	
RP11-297D21.2	
RP11-297D21.4	1.398
RP11-297H3.3	2.271
RP11-297H3.4	1.476
RP11-297J22.1	0.47
RP11-297K7.1	
RP11-297K8.2	2.542
RP11-297L17.2	1.241
RP11-297L17.3	
RP11-297L17.4	1.619
RP11-297L17.6	2.125
RP11-297L6.1	
RP11-297M9.1	5.298
RP11-297M9.2	2.262
RP11-297N6.4	1.763
RP11-297P16.3	5.612
RP11-297P16.4	0.508
RP11-298A8.2	2.791
RP11-298C3.2	2.577
RP11-298D21.1	2.702
RP11-298D21.2	1.741
RP11-298D21.3	2.65
RP11-298E10.1	4.992
RP11-298E2.2	1.234
RP11-298E9.5	1.527
RP11-298E9.6	2.304
RP11-298H24.1	5.595
RP11-298I3.1	2.042
RP11-298I3.4	1.33
RP11-298I3.5	1.742
RP11-298J20.4	1.638
RP11-298J23.5	1.154
RP11-298J23.8	1.004
RP11-298O21.2	1.31
RP11-298O21.3	0.685
RP11-298O21.5	1.638
RP11-298O21.6	1.541
RP11-298O21.7	0.068
RP11-298P3.4	1.326
RP11-298P6.2	-0.146
RP11-298P6.5	-0.146
RP11-299A16.1	
RP11-299D14.2	1.975
RP11-299G20.2	1.417
RP11-299G20.3	0.944
RP11-299H21.1	0.202
RP11-299H22.1	1.685
RP11-299H22.5	0.051
RP11-299H22.7	1.561
RP11-299J3.6	
RP11-299J3.8	1.587
RP11-299L17.1	0.637
RP11-299L17.3	2.683
RP11-299L17.4	0.657
RP11-299M14.2	
RP11-29B11.5	
RP11-29B2.5	1.275
RP11-29B9.1	2.908
RP11-29B9.2	3.78
RP11-29G8.3	2.537
RP11-29H23.7	1.891
RP11-29O13.1	-0.417
RP11-29O6.2	
RP11-29P20.1	0.691
RP11-2A1.1	1.337
RP11-2A4.3	0.887
RP11-2A4.4	2.261
RP11-2B6.2	0.251
RP11-2B6.3	2.114
RP11-2C15.1	2.202
RP11-2C24.4	2.298
RP11-2C24.5	0.881
RP11-2C24.6	-0.046
RP11-2C7.1	2.32
RP11-2E11.10	
RP11-2E11.5	
RP11-2E11.9	
RP11-2E17.1	2.451
RP11-2E17.2	0.045
RP11-2F20.1	4.394
RP11-2G1.1	1.693
RP11-2G1.2	0.786
RP11-2G1.3	2.609
RP11-2G17.1	1.726
RP11-2H3.2	1.507
RP11-2H3.6	1.479
RP11-2H8.2	3.284
RP11-2H8.3	2.119
RP11-2I17.1	
RP11-2I17.4	1.19
RP11-2J18.1	-1.906
RP11-2K6.2	0.536
RP11-2L13.1	1.638
RP11-2L4.1	2.057
RP11-2L8.1	2.513
RP11-2L8.2	2.595
RP11-2N1.1	1.245
RP11-2N1.2	1.651
RP11-2N5.1	2.302
RP11-2N5.2	1.412
RP11-2O17.2	1.823
RP11-2P2.1	2.607
RP11-300A12.2	2.322
RP11-300E4.2	2.135
RP11-300G22.2	0.218
RP11-300I6.5	5.677
RP11-300J18.1	1.766
RP11-300J18.2	1.627
RP11-300J18.3	1.812
RP11-300M24.1	2.861
RP11-300M6.1	1.914
RP11-301A5.2	-1.885
RP11-301G19.1	2.904
RP11-301G19.2	2.455
RP11-301G21.1	2.434
RP11-301G23.1	1.243
RP11-301G7.1	1.524
RP11-301H24.3	1.119
RP11-301H24.4	1.723
RP11-301L8.2	1.048
RP11-301N24.3	2.655
RP11-301O19.1	1.683
RP11-302B13.1	1.491
RP11-302B13.5	2.254
RP11-302F12.1	1.785
RP11-302F12.10	3.389
RP11-302F12.2	2.149
RP11-302F12.3	2.222
RP11-302F12.4	4.147
RP11-302F12.5	2.278
RP11-302F12.7	0.662
RP11-302I18.1	1.354
RP11-302I18.3	1.466
RP11-302J23.1	2.878
RP11-302K17.3	1.079
RP11-302K17.4	1.146
RP11-302L19.1	2.325
RP11-302L19.3	2.069
RP11-302M6.4	6.07
RP11-302M6.5	1.617
RP11-303E16.2	1.75
RP11-303E16.3	2.887
RP11-303E16.5	0.474
RP11-303E16.6	1.257
RP11-303E16.7	0.322
RP11-303E16.8	1.975
RP11-304C12.3	
RP11-304C12.4	1.373
RP11-304C16.2	2.081
RP11-304C16.3	2.8
RP11-304F15.3	6.168
RP11-304F15.4	2.784
RP11-304F15.5	2.004
RP11-304F15.6	2.492
RP11-304F15.7	2.785
RP11-304L19.1	2.361
RP11-304L19.11	0.417
RP11-304L19.12	1.577
RP11-304L19.3	1.255
RP11-304L19.5	1.752
RP11-304L19.8	-0.059
RP11-304M2.5	0.852
RP11-305A4.3	2.679
RP11-305B6.1	-1.075
RP11-305B6.2	
RP11-305B6.3	3.619
RP11-305E17.4	
RP11-305E17.6	2.006
RP11-305E17.7	-1.38
RP11-305E6.4	1.639
RP11-305F18.1	5.139
RP11-305F5.2	1.174
RP11-305K5.1	-0.66
RP11-305L7.1	2.205
RP11-305L7.3	2.226
RP11-305L7.6	2.226
RP11-305L7.7	1.826
RP11-305O4.1	1.093
RP11-305O4.2	0.741
RP11-305O4.3	
RP11-305O6.3	0.677
RP11-305P14.1	3.336
RP11-305P22.9	2.6
RP11-306G20.1	2.042
RP11-306I1.1	1.69
RP11-306I1.2	3.652
RP11-306K13.1	-0.118
RP11-307A17.2	2.03
RP11-307B6.3	0.833
RP11-307C12.11	
RP11-307C12.12	0.879
RP11-307C12.13	0.453
RP11-307C18.1	3.875
RP11-307C19.1	1.274
RP11-307C19.2	1.74
RP11-307C19.3	0.844
RP11-307F22.2	0.773
RP11-307I14.2	1.72
RP11-307I14.3	0.896
RP11-307I14.4	1.635
RP11-307L14.1	0.832
RP11-307L14.2	1.134
RP11-307L3.2	3.287
RP11-307L3.4	2.942
RP11-307N16.6	4.717
RP11-307O1.1	5.026
RP11-307O10.1	4.036
RP11-307O13.1	2.037
RP11-307P22.1	0.148
RP11-307P5.1	4.048
RP11-307P5.2	-0.37
RP11-308B16.2	1.765
RP11-308B5.2	0.127
RP11-308D13.3	4.337
RP11-308D16.2	1.081
RP11-308D16.4	1.081
RP11-308K19.2	0.913
RP11-308K2.1	2.972
RP11-308N19.1	3.515
RP11-308N19.3	0.921
RP11-308N19.4	4.256
RP11-308N19.5	1.756
RP11-309E23.2	2.205
RP11-309G3.3	3.049
RP11-309H21.2	3.436
RP11-309H21.3	1.185
RP11-309H21.4	2.129
RP11-309I15.1	1.861
RP11-309L24.2	2.734
RP11-309L24.4	2.256
RP11-309L24.6	2.037
RP11-309L24.9	1.416
RP11-309M7.1	4.877
RP11-309N17.4	3.565
RP11-309N24.1	2.774
RP11-309P22.1	4.19
RP11-30B1.1	1.204
RP11-30G8.1	2.047
RP11-30G8.2	2.756
RP11-30H9.1	
RP11-30J20.1	2.414
RP11-30K9.1	
RP11-30K9.4	1.782
RP11-30K9.5	1.458
RP11-30K9.6	2.044
RP11-30K9.7	2.361
RP11-30L15.4	0.309
RP11-30L15.6	0.85
RP11-30L3.2	0.239
RP11-30L8.1	3.179
RP11-30M20.1	1.114
RP11-30O15.1	1.828
RP11-30P21.2	2.041
RP11-30P6.1	1.834
RP11-30P6.3	0.736
RP11-30P6.6	1.822
RP11-310A13.2	1.89
RP11-310E22.4	1.445
RP11-310E22.5	1.693
RP11-310H4.1	1.88
RP11-310H4.2	1.663
RP11-310H4.3	1.449
RP11-310I24.1	1.4
RP11-310I9.1	2.978
RP11-310J24.3	1.318
RP11-310P5.1	2.624
RP11-310P5.2	1.216
RP11-311B14.1	0.779
RP11-311C24.1	0.728
RP11-311D14.1	0.827
RP11-311F12.1	1.428
RP11-311F12.2	1.45
RP11-311H10.4	2.247
RP11-311H10.7	1.047
RP11-311P8.2	0.917
RP11-312A15.1	
RP11-312A15.3	2.373
RP11-312B18.1	2.14
RP11-312B8.1	0.803
RP11-312B8.2	-0.225
RP11-312J18.3	
RP11-312J18.5	1.417
RP11-312J18.6	1.949
RP11-312O7.2	
RP11-312P12.3	-1.282
RP11-312P21.2	1.727
RP11-313A24.1	1.367
RP11-313C15.1	1.01
RP11-313C4.1	4.223
RP11-313D6.3	3.289
RP11-313E19.1	2.095
RP11-313E19.2	1.876
RP11-313E4.1	1.175
RP11-313F23.3	1.001
RP11-313F23.4	0.031
RP11-313H3.1	
RP11-313I2.10	2.926
RP11-313I2.7	2.641
RP11-313M3.1	4.218
RP11-313P13.3	2.11
RP11-313P13.5	
RP11-313P18.1	0.525
RP11-313P18.2	0.742
RP11-313P22.1	
RP11-314A20.1	1.163
RP11-314A20.2	1.306
RP11-314A20.5	-0.825
RP11-314A5.3	2.292
RP11-314B1.2	2.67
RP11-314C16.1	3.243
RP11-314C9.2	1.092
RP11-314D7.1	1.612
RP11-314D7.2	3.458
RP11-314D7.3	1.045
RP11-314M24.1	4.393
RP11-314N13.3	0.26
RP11-314N14.1	3.729
RP11-314N2.2	3.05
RP11-314O13.1	3.955
RP11-314P15.2	6.255
RP11-315A16.1	1.439
RP11-315A17.1	4.742
RP11-315D13.1	-0.205
RP11-315D16.2	1.788
RP11-315D16.4	1.426
RP11-315E17.1	3.204
RP11-315F22.1	2.403
RP11-315I14.2	2.083
RP11-315I14.5	1.65
RP11-315I20.1	
RP11-315I20.3	
RP11-315J22.5	1.428
RP11-315L6.1	2.63
RP11-315O6.1	1.598
RP11-315O6.2	2.957
RP11-315O8.1	1.81
RP11-316A16.1	3.326
RP11-316E14.2	3.314
RP11-316E14.6	0.875
RP11-316I3.1	2.032
RP11-316I3.2	6.018
RP11-316J7.4	
RP11-316K19.3	
RP11-316M1.12	-0.362
RP11-316M1.3	0.816
RP11-316M20.1	6.369
RP11-316M21.6	0.722
RP11-316M21.7	0.74
RP11-316M21.9	1.558
RP11-316O14.1	
RP11-316P17.2	2.57
RP11-317B17.3	2.643
RP11-317B3.2	1.608
RP11-317B7.2	0.348
RP11-317B7.3	1.717
RP11-317F20.2	1.365
RP11-317G22.2	4.539
RP11-317G6.1	1.138
RP11-317J10.2	1.977
RP11-317J10.4	
RP11-317J19.1	2.76
RP11-317L10.1	1.462
RP11-317M11.1	2.855
RP11-317M22.1	1.974
RP11-317N12.1	2.226
RP11-317N6.1	
RP11-317N8.3	-0.655
RP11-317N8.4	
RP11-317N8.5	2.086
RP11-317O24.1	1.702
RP11-317O24.2	1.799
RP11-317O24.3	4.933
RP11-317P15.3	1.543
RP11-317P15.4	2.045
RP11-317P15.5	2.039
RP11-317P15.6	0.773
RP11-318A15.2	1.782
RP11-318A15.7	0.94
RP11-318C2.1	4.589
RP11-318C24.1	2.205
RP11-318C24.2	1.248
RP11-318C4.2	3.455
RP11-318E3.4	-1.52
RP11-318E3.9	
RP11-318G21.4	1.779
RP11-318G8.1	1.76
RP11-318G8.2	0.639
RP11-318I4.1	2.495
RP11-318I4.2	2.706
RP11-318K15.2	0.873
RP11-318L16.6	0.93
RP11-318M2.2	3.538
RP11-318M2.3	-0.369
RP11-319C21.1	2.434
RP11-319E12.1	1.783
RP11-319E12.2	2.352
RP11-319E16.1	2.44
RP11-319E16.2	1.173
RP11-319F12.2	2.086
RP11-319G6.1	2.236
RP11-319G9.3	1.446
RP11-319G9.5	2.416
RP11-31A20.1	3.137
RP11-31E13.2	3.415
RP11-31F15.1	1.512
RP11-31F15.2	1.327
RP11-31F19.1	1.126
RP11-31H15.2	2.034
RP11-31H5.1	
RP11-31I22.1	1.225
RP11-31I22.2	1.267
RP11-31I22.3	3.898
RP11-31I22.4	1.067
RP11-31K23.1	4.526
RP11-31K23.2	1.796
RP11-31L22.3	0.741
RP11-31L23.3	1.753
RP11-320A16.1	1.78
RP11-320G24.1	2.744
RP11-320H14.1	4.945
RP11-320J16.1	2.355
RP11-320L11.2	1.625
RP11-320M16.2	2.831
RP11-320M2.1	1.648
RP11-320N21.2	1.776
RP11-320N7.1	1.373
RP11-320N7.2	4.774
RP11-320P7.1	0.108
RP11-320P7.2	0.992
RP11-321A17.3	
RP11-321A17.4	2.55
RP11-321A17.5	
RP11-321C24.1	3.358
RP11-321E2.3	5.626
RP11-321E2.4	1.561
RP11-321E8.1	2.798
RP11-321E8.4	1.789
RP11-321F6.1	2.072
RP11-321F8.4	-0.488
RP11-321G12.1	2.562
RP11-321L2.1	1.819
RP11-321L2.2	5.437
RP11-321M21.1	5.063
RP11-321M21.3	2.002
RP11-321N4.5	2.277
RP11-322A17.1	1.084
RP11-322D14.1	-0.193
RP11-322D14.2	1.227
RP11-322E11.1	2.117
RP11-322E11.5	1.752
RP11-322E11.6	1.32
RP11-322F10.2	
RP11-322I2.1	4.228
RP11-322J23.1	3.019
RP11-322L17.1	-0.842
RP11-322L20.1	2.67
RP11-322N21.2	0.21
RP11-323A7.1	4.563
RP11-323C15.1	2.675
RP11-323C15.2	-1.019
RP11-323D18.5	2.16
RP11-323H21.3	2.219
RP11-323I1.1	5.45
RP11-323I14__A.1	
RP11-323I15.2	1.823
RP11-323I15.3	1.947
RP11-323I15.5	1.924
RP11-323J4.1	2.918
RP11-323K10.1	3.662
RP11-323N12.5	
RP11-324C10.1	3.156
RP11-324D17.1	1.438
RP11-324D17.2	1.978
RP11-324E6.4	1.002
RP11-324E6.6	2.776
RP11-324E6.8	
RP11-324E6.9	
RP11-324F11.1	3.406
RP11-324F21.1	
RP11-324H6.5	
RP11-324H7.1	2.762
RP11-324I22.2	2.465
RP11-324I22.3	
RP11-324I22.4	1.064
RP11-324J13.1	2.286
RP11-324J13.2	3.173
RP11-324J3.1	2.731
RP11-324L17.1	2.542
RP11-324L3.1	1.484
RP11-324L3.5	0.835
RP11-324O2.3	0.684
RP11-324O2.6	0.839
RP11-324P9.1	2.551
RP11-325B23.2	5.356
RP11-325D15.2	2.424
RP11-325D8.1	2.244
RP11-325E14.2	1.459
RP11-325E14.5	
RP11-325E5.1	2.675
RP11-325E5.4	1.011
RP11-325F22.2	4.679
RP11-325F22.5	1.049
RP11-325I22.1	0.742
RP11-325I22.2	2.361
RP11-325K19.1	2.877
RP11-325K19.2	3.517
RP11-325K19.3	2.626
RP11-325K19.6	2.144
RP11-325K4.2	0.253
RP11-325K4.3	0.253
RP11-325L12.3	
RP11-325L12.5	
RP11-325L7.1	-0.358
RP11-325L7.2	-0.825
RP11-325M4.2	3.122
RP11-325N19.3	1.988
RP11-325O24.1	1.117
RP11-325O24.2	1.173
RP11-325O24.5	-0.447
RP11-325P15.2	
RP11-326A13.1	2.095
RP11-326A13.3	2.991
RP11-326A19.2	2.07
RP11-326A19.3	0.327
RP11-326A19.4	2.707
RP11-326A19.5	0.01
RP11-326C3.11	4.496
RP11-326C3.12	2.818
RP11-326C3.13	3.803
RP11-326C3.14	2.668
RP11-326C3.15	2.856
RP11-326C3.2	0.426
RP11-326C3.4	1.849
RP11-326C3.7	
RP11-326E22.1	5.32
RP11-326E7.1	3.229
RP11-326F20.5	1.461
RP11-326G21.1	
RP11-326I11.1	
RP11-326I11.3	2.098
RP11-326I11.4	1.638
RP11-326I11.5	0.683
RP11-326I19.3	2.881
RP11-326J18.1	2.266
RP11-326K13.2	1.821
RP11-326K13.4	0.345
RP11-326L17.1	-1.992
RP11-326L2.1	2.585
RP11-326N17.1	1.902
RP11-327F22.1	0.829
RP11-327F22.2	0.81
RP11-327F22.4	1.868
RP11-327F22.5	2.891
RP11-327F22.6	
RP11-327I22.4	
RP11-327I22.5	
RP11-327I22.6	
RP11-327J17.1	0.793
RP11-327J17.2	0.451
RP11-327L3.3	0.75
RP11-327O17.2	1.299
RP11-327P2.5	3.031
RP11-328C8.2	0.442
RP11-328C8.4	1.331
RP11-328C8.5	1.608
RP11-328D5.1	1.449
RP11-328J14.1	2.822
RP11-328J14.2	2.073
RP11-328J2.1	3.338
RP11-328J6.1	4.418
RP11-328K15.1	2.6
RP11-328K2.1	-0.372
RP11-328K22.1	-0.035
RP11-328K4.1	4.758
RP11-328M4.2	3.393
RP11-328M4.3	2.664
RP11-328N19.1	3.872
RP11-329A14.2	1.359
RP11-329B9.1	2.011
RP11-329B9.3	2.849
RP11-329B9.4	1.568
RP11-329B9.5	1.085
RP11-329E24.6	1.565
RP11-329J18.2	
RP11-329J18.3	
RP11-329J18.4	
RP11-329N22.1	3.048
RP11-32B11.2	1.503
RP11-32B5.1	
RP11-32B5.4	
RP11-32B5.5	
RP11-32B5.7	
RP11-32D16.1	2.175
RP11-32D17.4	-1.399
RP11-32F11.2	5.476
RP11-32I2.1	0.459
RP11-32K4.1	4.673
RP11-32K4.3	0.705
RP11-32P22.1	1.095
RP11-330A16.1	3.666
RP11-330L19.1	1.067
RP11-330L19.2	
RP11-330M19.1	0.384
RP11-330O11.3	0.349
RP11-331F4.1	1.751
RP11-331F4.4	0.717
RP11-331F9.3	0.657
RP11-331F9.4	0.529
RP11-331G2.6	1.229
RP11-331H13.1	
RP11-331H2.3	2.937
RP11-331H2.4	2.412
RP11-331K15.1	4.116
RP11-331K21.1	2.081
RP11-331N16.1	1.884
RP11-331O9.1	4.641
RP11-331O9.2	1.827
RP11-331O9.3	1.735
RP11-331O9.4	0.818
RP11-331O9.5	
RP11-331O9.6	1.294
RP11-332E19.1	1.582
RP11-332E19.2	0.43
RP11-332E3.2	1.561
RP11-332E4.1	2.478
RP11-332G1.1	1.852
RP11-332H14.1	1.22
RP11-332H14.2	2.239
RP11-332H17.1	1.025
RP11-332H18.3	2.458
RP11-332H18.4	3.87
RP11-332H18.5	3.87
RP11-332H21.2	-0.57
RP11-332J15.1	1.825
RP11-332J15.2	3.353
RP11-332J15.3	1.853
RP11-332J15.4	1.877
RP11-332K15.1	0.922
RP11-332L8.1	
RP11-332M4.1	2.704
RP11-332O19.2	
RP11-332O19.5	1.258
RP11-332P22.2	3.899
RP11-333A23.1	1.713
RP11-333A23.2	2.383
RP11-333A23.4	1.156
RP11-333E1.1	2.45
RP11-333E1.2	1.151
RP11-333E13.2	1.071
RP11-333E13.4	2.333
RP11-333I13.1	2.149
RP11-333J10.2	-0.272
RP11-333J10.3	-0.373
RP11-333O1.1	2.072
RP11-334A14.2	1.023
RP11-334A14.5	1.544
RP11-334A14.8	1.25
RP11-334C17.5	1.114
RP11-334E6.10	0.047
RP11-334E6.12	
RP11-334E6.2	-0.792
RP11-334E6.3	2.013
RP11-334E6.4	
RP11-334G22.1	1.583
RP11-334J6.6	0.731
RP11-334L9.1	2.509
RP11-334N17.1	1.092
RP11-335E14.1	-0.439
RP11-335E6.2	2.391
RP11-335E6.3	1.521
RP11-335E6.4	0.867
RP11-335E8.1	1.957
RP11-335F8.2	1.375
RP11-335H2.2	1.784
RP11-335I12.2	1.897
RP11-335K5.2	-0.375
RP11-335L23.2	1.849
RP11-335L23.4	1.828
RP11-335L23.5	1.29
RP11-335M9.1	1.389
RP11-335O13.7	
RP11-335O13.8	1.604
RP11-335O4.1	2.48
RP11-335O4.3	0.799
RP11-336A10.2	0.873
RP11-336A10.4	0.352
RP11-336A10.5	2.086
RP11-336A10.7	1.195
RP11-336F14.1	2.435
RP11-336K24.12	2.917
RP11-336K24.5	2.106
RP11-336N8.1	1.933
RP11-336N8.2	1.736
RP11-336N8.3	3.012
RP11-336N8.4	1.936
RP11-337A23.3	0.567
RP11-337A23.5	-0.189
RP11-337A23.6	1.347
RP11-337C18.10	4.502
RP11-337C18.4	1.777
RP11-337C18.7	1.036
RP11-337C18.8	2.652
RP11-337C18.9	2.652
RP11-337L12.1	0.055
RP11-337N6.1	2.207
RP11-337N6.2	1.234
RP11-338C15.2	1.901
RP11-338C15.3	1.769
RP11-338C15.5	1.479
RP11-338E21.1	1.81
RP11-338E21.2	0.385
RP11-338E21.3	-1.038
RP11-338H14.1	3.588
RP11-338I21.1	1.721
RP11-338I24.1	3.739
RP11-338K13.1	
RP11-338K17.8	1.655
RP11-338L18.1	2.184
RP11-338L22.2	0.566
RP11-338L22.3	
RP11-338N10.1	1.647
RP11-338N10.2	0.898
RP11-338N10.3	0.586
RP11-338N12.1	3.388
RP11-338O1.2	2.322
RP11-338O1.3	2.477
RP11-339A11.1	5.561
RP11-339A11.2	2.618
RP11-339A7.1	1.057
RP11-339B21.10	
RP11-339B21.11	1.528
RP11-339B21.13	
RP11-339B21.14	2.581
RP11-339B21.15	2.703
RP11-339B21.8	1.768
RP11-339B21.9	0.718
RP11-339D20.1	3.62
RP11-339D23.1	2.071
RP11-339F13.2	0.128
RP11-339N8.1	2.359
RP11-33A14.1	4.287
RP11-33A14.3	-0.42
RP11-33B1.1	1.383
RP11-33B1.2	2.17
RP11-33B1.3	0.798
RP11-33E15.1	3.086
RP11-33E24.3	1.562
RP11-33G16.1	3.384
RP11-33I11.2	0.607
RP11-33I11.3	1.242
RP11-33M22.2	1.325
RP11-33N16.2	2.281
RP11-33N16.3	4.707
RP11-33O4.1	1.028
RP11-340A13.1	1.077
RP11-340A13.2	1.41
RP11-340A13.3	1.233
RP11-340B18.1	4.884
RP11-340B24.3	3.596
RP11-340C20.3	-0.383
RP11-340E6.1	2.627
RP11-340E6.2	0.283
RP11-340F14.5	1.642
RP11-340F16.1	-0.308
RP11-340I6.4	2.176
RP11-340I6.5	1.988
RP11-340I6.7	1.458
RP11-340I6.8	1.776
RP11-340M11.1	2.224
RP11-341A11.2	
RP11-341A22.1	2.175
RP11-341A22.2	4.378
RP11-341B24.3	2.765
RP11-341G2.3	3.826
RP11-341G23.2	0.559
RP11-341G23.3	0.182
RP11-341G23.4	2.049
RP11-341G5.1	4.022
RP11-341G5.2	2.19
RP11-342A1.1	1.792
RP11-342A23.1	2.097
RP11-342C20.2	1.735
RP11-342D11.2	1.178
RP11-342D11.3	2.344
RP11-342D14.1	6.307
RP11-342F17.1	1.075
RP11-342F17.2	2.552
RP11-342F21.1	1.726
RP11-342H21.2	0.849
RP11-342I1.2	1.214
RP11-342K6.1	0.572
RP11-342K6.2	-0.551
RP11-342K6.3	-0.026
RP11-342K6.4	4.288
RP11-342L8.2	1.653
RP11-342M1.3	
RP11-342M1.6	
RP11-342M1.7	
RP11-342M21.2	0.813
RP11-342M3.1	1.201
RP11-342M3.5	1.413
RP11-343B18.2	2.267
RP11-343B22.2	0.358
RP11-343B5.1	1.143
RP11-343C2.10	0.518
RP11-343C2.11	1.14
RP11-343C2.12	1.495
RP11-343C2.7	1.137
RP11-343C2.9	1.137
RP11-343D2.11	2.247
RP11-343D24.2	1.835
RP11-343H19.1	1.006
RP11-343H19.2	1.065
RP11-343H5.6	1.008
RP11-343J18.1	1.989
RP11-343J18.2	3.234
RP11-343J3.2	1.514
RP11-343K8.3	1.484
RP11-343L5.2	0.645
RP11-343N15.1	
RP11-343P9.1	1.964
RP11-344A16.2	1.255
RP11-344A5.1	1.421
RP11-344A7.1	2.155
RP11-344B2.2	-0.629
RP11-344B2.3	0.946
RP11-344B23.2	3.645
RP11-344B5.2	2.862
RP11-344B5.3	2.831
RP11-344B5.4	2.964
RP11-344E13.1	0.569
RP11-344E13.3	1.63
RP11-344F13.1	2.499
RP11-344G13.1	2.959
RP11-344G13.2	3.296
RP11-344H11.4	3.088
RP11-344H11.5	1.333
RP11-344J7.2	7.301
RP11-344L13.1	2.153
RP11-344L13.2	2.93
RP11-344L21.1	2.447
RP11-344N10.2	1.804
RP11-344N10.4	2.005
RP11-344N10.5	1.407
RP11-344N17.11	0.876
RP11-344N17.3	0.401
RP11-345E19.2	-0.67
RP11-345F18.1	3.43
RP11-345I18.1	-0.529
RP11-345I18.4	-0.478
RP11-345I18.6	2.091
RP11-345J13.1	0.672
RP11-345J4.8	3.138
RP11-345K20.2	0.688
RP11-345L23.1	3.206
RP11-345M22.1	6.753
RP11-345M22.2	3.952
RP11-345M22.3	5.163
RP11-345P4.9	2.539
RP11-346C16.1	
RP11-346C16.2	0.808
RP11-346C16.4	2.269
RP11-346C16.6	1.527
RP11-346C20.3	1.382
RP11-346C20.4	0.537
RP11-346D14.1	2.114
RP11-346D19.1	0.515
RP11-346D6.4	1.626
RP11-346D6.6	1.516
RP11-346E8.1	0.625
RP11-346I3.2	0.449
RP11-346I3.4	5.233
RP11-346J10.1	2.425
RP11-346K17.3	1.111
RP11-346L1.2	2.192
RP11-346M5.1	-0.165
RP11-347C12.10	0.044
RP11-347C12.2	1.627
RP11-347C18.1	-0.07
RP11-347C18.3	0.459
RP11-347C18.4	0.412
RP11-347C18.5	1.532
RP11-347D21.1	2.672
RP11-347D21.2	5.906
RP11-347D21.3	2.957
RP11-347D21.4	2.661
RP11-347E10.1	1.949
RP11-347H15.1	1.315
RP11-347H15.2	1.501
RP11-347H15.4	0.5
RP11-347H15.5	0.834
RP11-347H15.6	1.19
RP11-347I19.8	0.313
RP11-347K2.1	0.907
RP11-347L18.1	5.004
RP11-347P5.1	3.766
RP11-348A7.1	2.76
RP11-348B17.1	2.243
RP11-348F1.2	3.078
RP11-348F1.3	0.906
RP11-348H3.2	2.393
RP11-348H3.5	-0.231
RP11-348J12.2	0.417
RP11-348J24.1	0.138
RP11-348J24.2	3.963
RP11-348M17.2	-0.361
RP11-348M3.2	1.641
RP11-348N5.7	-0.464
RP11-348P10.2	0.957
RP11-349A22.2	0.484
RP11-349A22.3	0.869
RP11-349A22.5	0.789
RP11-349A8.3	0.798
RP11-349E4.1	2.216
RP11-349G13.1	
RP11-349G13.2	0.315
RP11-349G13.3	
RP11-349I1.2	2.102
RP11-349J5.2	1.152
RP11-349K16.1	2.788
RP11-349K21.1	1.877
RP11-349N19.2	0.906
RP11-349P19.1	0.787
RP11-34A14.3	0.631
RP11-34C15.2	2.377
RP11-34D15.2	1.811
RP11-34E5.4	0.446
RP11-34F13.2	0.95
RP11-34F13.3	1.092
RP11-34H11.6	
RP11-34N19.1	3.162
RP11-34P1.1	0.935
RP11-34P1.2	1.057
RP11-34P1.4	
RP11-350D17.2	1.526
RP11-350D17.3	3.031
RP11-350E12.4	2.963
RP11-350E12.5	1.963
RP11-350F16.1	2.166
RP11-350F16.2	2.016
RP11-350F4.2	1.371
RP11-350G13.1	4.819
RP11-350G24.1	
RP11-350G24.2	
RP11-350G8.3	-0.056
RP11-350G8.4	1.36
RP11-350G8.5	1.213
RP11-350G8.7	0.042
RP11-350G8.9	
RP11-350J20.12	
RP11-350J20.4	2.389
RP11-350J20.5	-1.718
RP11-350J20.9	-0.484
RP11-350N15.3	0.853
RP11-350N15.4	0.71
RP11-350N15.5	-0.415
RP11-350N15.6	
RP11-350O14.18	1.105
RP11-351A11.1	2.202
RP11-351A20.1	4.567
RP11-351A20.2	0.595
RP11-351C8.1	2.172
RP11-351D16.3	1.13
RP11-351E7.1	3.91
RP11-351E7.2	0.989
RP11-351I24.1	0.783
RP11-351J23.1	
RP11-351J23.2	
RP11-351K23.3	1.611
RP11-351M16.1	0.094
RP11-351M16.3	2.361
RP11-351M8.1	0.846
RP11-351M8.2	1.999
RP11-351N4.4	0.781
RP11-351N6.1	3.341
RP11-351O1.3	1.553
RP11-351O1.4	
RP11-351O2.1	5.632
RP11-351O2.2	2.185
RP11-352D13.5	1.934
RP11-352D13.6	2.007
RP11-352D3.2	1.59
RP11-352E6.1	2.155
RP11-352E8.2	0.597
RP11-352G18.2	0.416
RP11-352M15.1	3.526
RP11-353B9.1	1.119
RP11-353H3.1	0.243
RP11-353K11.1	3.813
RP11-353M9.1	2.362
RP11-353N14.1	0.384
RP11-353N14.2	0.918
RP11-353N14.3	2.565
RP11-353N14.4	2.559
RP11-353N14.5	2.559
RP11-353N4.4	
RP11-353N4.5	
RP11-353N4.6	
RP11-353P15.1	3.675
RP11-354A14.1	2.175
RP11-354B3.1	
RP11-354E11.2	1.27
RP11-354E23.5	
RP11-354H21.1	1.766
RP11-354H21.2	1.349
RP11-354I10.1	2.737
RP11-354I13.1	1.824
RP11-354I13.2	3.278
RP11-354K1.1	2.213
RP11-354K1.2	5.389
RP11-354K4.1	1.85
RP11-354K4.2	3.159
RP11-354M1.2	1.391
RP11-354M1.3	-0.332
RP11-354M20.3	
RP11-354O24.1	2.244
RP11-354P11.2	1.282
RP11-354P11.3	0.671
RP11-354P11.4	0.361
RP11-354P11.8	0.612
RP11-354P17.15	1.941
RP11-355B11.1	1.591
RP11-355B11.2	1.491
RP11-355E10.1	1.876
RP11-355F16.1	2.641
RP11-355F22.1	4.427
RP11-355I22.2	1.886
RP11-355I22.5	2.444
RP11-355I22.6	1.251
RP11-355I22.7	1.264
RP11-355I22.8	2.351
RP11-355K23B.1	2.271
RP11-355N15.1	2.49
RP11-355O1.11	2.67
RP11-355O1.7	2.089
RP11-356B19.11	0.282
RP11-356I18.1	
RP11-356I2.1	3.417
RP11-356I2.4	2.001
RP11-356J5.12	1.28
RP11-356J5.4	
RP11-356J5.5	
RP11-356K23.1	1.552
RP11-356K23.2	1.322
RP11-356M17.1	0.22
RP11-356M20.1	0.206
RP11-356M20.2	0.796
RP11-356M20.3	1.443
RP11-356N1.2	1.672
RP11-356O22.4	1.551
RP11-356O24.1	3.831
RP11-356O9.1	1.788
RP11-356O9.2	1.623
RP11-357C3.3	1.413
RP11-357D18.1	1.968
RP11-357F12.1	2.511
RP11-357G3.1	-0.566
RP11-357G3.2	
RP11-357H14.17	2.263
RP11-357H3.1	2.904
RP11-357J22.1	3.436
RP11-357K6.1	2.016
RP11-357K6.2	3.031
RP11-357K6.3	3.13
RP11-357K9.2	1.758
RP11-357N13.1	1.261
RP11-357N13.2	0.918
RP11-357N13.3	0.058
RP11-358B23.1	1.036
RP11-358B23.5	-0.946
RP11-358D14.2	0.622
RP11-358D17.1	-0.503
RP11-358H18.2	1.763
RP11-358H18.3	2.133
RP11-358H9.1	1.701
RP11-358L22.2	1.005
RP11-358L4.1	0.543
RP11-358M11.3	1.857
RP11-358M11.4	2.215
RP11-358M14.2	1.862
RP11-358M3.1	2.194
RP11-358N4.3	4.431
RP11-358N4.5	4.312
RP11-358N4.6	0.864
RP11-359B12.2	1.461
RP11-359B20.1	1.036
RP11-359B20.5	3.121
RP11-359D14.2	0.922
RP11-359D14.3	1.443
RP11-359D24.1	2.099
RP11-359E10.1	-0.82
RP11-359E19.1	5.142
RP11-359E19.2	1.258
RP11-359E3.4	2.034
RP11-359E7.2	0.874
RP11-359E8.3	2.396
RP11-359E8.5	1.521
RP11-359G22.2	1.681
RP11-359H3.1	1.923
RP11-359H3.4	2.106
RP11-359I18.1	
RP11-359I18.5	1.669
RP11-359J14.2	0.156
RP11-359J14.3	1.347
RP11-359J6.1	1.711
RP11-359K18.3	2.016
RP11-359K18.4	-0.099
RP11-359M6.1	0.678
RP11-359M6.2	
RP11-359M6.3	0.825
RP11-359N11.1	3.78
RP11-359N11.2	2.96
RP11-359N5.1	4.227
RP11-359P18.1	1.232
RP11-359P18.2	2.185
RP11-359P18.5	1.527
RP11-359P18.6	1.791
RP11-359P18.7	2.47
RP11-359P18.8	1.049
RP11-359P5.1	4.117
RP11-35D5.1	
RP11-35G22.1	0.888
RP11-35G9.3	2.054
RP11-35G9.5	2.054
RP11-35J1.1	2.758
RP11-35J10.4	2.207
RP11-35J10.5	2.602
RP11-35J23.1	1.331
RP11-35L17.3	2.158
RP11-35N6.6	1.569
RP11-35O15.1	2.077
RP11-35O7.1	5.493
RP11-35P15.1	1.839
RP11-360A18.1	3.391
RP11-360A18.2	4.817
RP11-360D2.1	1.35
RP11-360F5.1	1.549
RP11-360F5.3	1.496
RP11-360I2.1	0.493
RP11-360I20.2	1.438
RP11-360J12.1	3.508
RP11-360K13.1	2.777
RP11-360K13.2	
RP11-360L9.4	1.642
RP11-360L9.7	0.91
RP11-360L9.8	0.549
RP11-360O19.1	1.503
RP11-360O19.4	1.996
RP11-360O19.5	0.149
RP11-360P21.2	2.656
RP11-361A21.1	1.997
RP11-361A21.3	2.225
RP11-361A23.1	1.982
RP11-361A23.2	3.051
RP11-361A23.3	2.779
RP11-361D14.2	2.068
RP11-361D15.2	1.571
RP11-361F15.2	0.478
RP11-361F19.1	1.712
RP11-361H10.3	2.993
RP11-361I14.2	2.609
RP11-361K17.2	2.402
RP11-361L15.4	3.255
RP11-361M10.3	2.067
RP11-361M10.4	0.58
RP11-361M4.1	2.531
RP11-362A1.1	1.484
RP11-362A1.2	1.748
RP11-362A9.3	4.723
RP11-362B23.1	2.507
RP11-362F19.1	4.041
RP11-362F19.2	1.663
RP11-362F19.3	2.361
RP11-362I1.1	4.023
RP11-362K14.5	0.682
RP11-362K14.6	
RP11-362K14.7	
RP11-362K2.2	6.83
RP11-362L22.1	0.034
RP11-362M19.1	3.791
RP11-363D14.1	0.551
RP11-363D24.1	3.232
RP11-363E6.1	2.652
RP11-363E6.3	1.016
RP11-363E6.4	0.918
RP11-363E7.3	1.884
RP11-363E7.4	0.896
RP11-363G10.2	4.923
RP11-363G15.2	2.58
RP11-363G2.4	1.095
RP11-363H12.1	-0.283
RP11-363I22.3	2.367
RP11-363J17.1	0.449
RP11-363J20.1	1.812
RP11-363J20.2	1.503
RP11-363L24.2	
RP11-363L24.3	0.324
RP11-363N22.2	3.243
RP11-364B14.1	2.068
RP11-364B14.3	2.147
RP11-364B6.1	2.566
RP11-364B6.2	1.967
RP11-364C11.2	2.68
RP11-364C11.3	-0.698
RP11-364L4.1	0.644
RP11-364L4.3	2.356
RP11-364M6.1	2.768
RP11-364P2.2	0.164
RP11-364P22.1	2.289
RP11-364P22.2	3.064
RP11-365D23.2	0.88
RP11-365D23.4	0.733
RP11-365D9.1	0.086
RP11-365F18.1	1.163
RP11-365F18.3	1.532
RP11-365F18.5	1.031
RP11-365F18.6	1.331
RP11-365H22.2	
RP11-365H23.1	1.19
RP11-365H8.2	-0.801
RP11-365N19.2	1.802
RP11-365O10.1	
RP11-365O16.1	1.315
RP11-365O16.3	1.426
RP11-365O16.5	0.856
RP11-365O16.6	1.043
RP11-366F6.2	1.379
RP11-366H4.1	3.598
RP11-366H4.3	0.58
RP11-366I13.3	
RP11-366I21.1	2.982
RP11-366L18.1	1.475
RP11-366L20.2	1.767
RP11-366L20.3	1.365
RP11-366L20.4	2.491
RP11-366L5.1	1.677
RP11-366M4.1	-0.477
RP11-366M4.12	1.747
RP11-366M4.13	1.714
RP11-366M4.14	
RP11-366M4.15	2.492
RP11-366M4.17	1.535
RP11-366M4.18	1.985
RP11-366M4.2	1.297
RP11-366M4.3	2.174
RP11-366M4.6	1.993
RP11-366M4.8	1.574
RP11-366N18.2	
RP11-366O20.5	1.325
RP11-367B6.2	0.571
RP11-367E12.4	0.733
RP11-367F23.1	1.806
RP11-367F23.2	1.518
RP11-367G18.1	1.747
RP11-367G18.2	1.89
RP11-367G6.3	3.229
RP11-367H1.1	1.312
RP11-367H5.8	1.765
RP11-367J11.2	1.551
RP11-367J11.3	2.546
RP11-367J7.3	1.112
RP11-367J7.4	1.356
RP11-367N14.2	1.477
RP11-367N14.3	4.078
RP11-367O10.1	1.216
RP11-368G3.1	2.235
RP11-368I23.2	1.72
RP11-368I23.3	1.451
RP11-368I23.4	2.073
RP11-368I7.4	1.615
RP11-368J21.3	2.574
RP11-368J22.2	0.683
RP11-368L12.1	2.478
RP11-368M16.7	
RP11-368P15.1	1.724
RP11-368P15.2	1.681
RP11-368P15.3	1.112
RP11-369C8.1	3.107
RP11-369E15.1	1.949
RP11-369E15.2	2.85
RP11-369E15.3	2.85
RP11-369E15.4	2.85
RP11-369F10.2	0.957
RP11-369G6.2	2.382
RP11-369I16.1	0.51
RP11-369J21.11	1.726
RP11-369K16.1	0.847
RP11-369K17.1	2.906
RP11-369K17.2	1.249
RP11-36B15.1	-1.201
RP11-36B6.1	2.942
RP11-36C20.1	0.248
RP11-36D19.4	1.769
RP11-36D19.8	1.678
RP11-36N20.1	0.56
RP11-370A5.1	3.331
RP11-370A5.2	1.034
RP11-370B11.1	0.712
RP11-370B11.3	1.63
RP11-370B6.1	0.395
RP11-370F5.4	2.164
RP11-370I10.2	1.984
RP11-370I10.4	1.265
RP11-370I10.6	1.674
RP11-370K11.1	1.473
RP11-370P15.1	4.289
RP11-370P15.2	5.592
RP11-371A19.2	2.812
RP11-371E8.2	2.144
RP11-371E8.4	1.453
RP11-371F15.3	2.277
RP11-371I1.2	2.148
RP11-371M22.1	2.55
RP11-372E1.1	-0.474
RP11-372E1.4	1.637
RP11-372E1.6	2.394
RP11-372H2.1	2.862
RP11-372K14.2	0.402
RP11-372K20.1	2.688
RP11-372M18.1	3.223
RP11-372M18.2	1.6
RP11-373A6.1	3.178
RP11-373D23.2	
RP11-373D23.3	1.47
RP11-373D7.1	2.011
RP11-373E16.1	0.759
RP11-373E16.3	1.527
RP11-373E16.4	0.882
RP11-373I8.1	3.552
RP11-373J16.2	2.784
RP11-373J21.1	1.667
RP11-373L24.1	1.102
RP11-373N22.3	2.194
RP11-373N24.2	1.03
RP11-374A22.1	2.164
RP11-374A4.1	1.666
RP11-374C13.1	2.685
RP11-374I15.1	3.37
RP11-374M1.2	
RP11-374N7.1	3.839
RP11-374P20.4	1.726
RP11-375A20.1	2.04
RP11-375A5.1	0.355
RP11-375B1.1	2.275
RP11-375B1.2	2.128
RP11-375B1.3	1.995
RP11-375D13.1	1.691
RP11-375D13.2	3.707
RP11-375D13.3	2.677
RP11-375D13.4	3.283
RP11-375H17.1	2.27
RP11-375H19.2	1.671
RP11-375I20.6	1.808
RP11-375N15.1	2.863
RP11-375N15.2	4.579
RP11-375N9.2	0.197
RP11-375O18.2	5.375
RP11-376N17.4	1.554
RP11-376O6.2	1.593
RP11-376P6.3	
RP11-377D9.1	
RP11-377D9.3	2.381
RP11-377G16.2	2.216
RP11-377H23.1	3.057
RP11-377K22.2	
RP11-377K22.3	
RP11-378A12.1	3.036
RP11-378A13.1	1.078
RP11-378A13.2	1.579
RP11-378E13.3	-0.32
RP11-378E13.4	-0.635
RP11-378G13.2	1.579
RP11-378I13.1	2.245
RP11-378I6.1	3.167
RP11-378I6.2	3.982
RP11-378J18.3	1.462
RP11-378J18.6	0.742
RP11-378J18.8	0.271
RP11-378N18.1	2.186
RP11-379B18.5	1.447
RP11-379B8.1	3.159
RP11-379C1.1	1.268
RP11-379C10.1	1.889
RP11-379C10.4	
RP11-379F12.3	0.185
RP11-379F12.4	0.929
RP11-379F4.1	-2.452
RP11-379F4.4	2.148
RP11-379F4.6	-0.081
RP11-379F4.7	1.186
RP11-379F4.8	-0.417
RP11-379F4.9	-0.927
RP11-379H18.1	2.614
RP11-379H8.1	2.021
RP11-379I19.1	2.776
RP11-379I19.2	1.945
RP11-379I19.3	2.33
RP11-379J13.1	-0.077
RP11-379J13.2	6.221
RP11-379J5.5	1.23
RP11-379K17.12	0.001
RP11-379K17.2	1.1
RP11-379K17.4	1.3
RP11-379K17.5	0.525
RP11-379K17.9	0.519
RP11-379K22.2	1.385
RP11-379K22.3	
RP11-379L18.1	1.009
RP11-379P1.4	3.884
RP11-379P15.1	4.393
RP11-37B2.1	3.378
RP11-37C7.1	1.292
RP11-37C7.2	-0.439
RP11-37C7.3	0.557
RP11-37E23.5	0.839
RP11-37J13.1	0.491
RP11-37L2.1	
RP11-37N22.1	3.16
RP11-37O16.4	0.89
RP11-37O16.6	0.732
RP11-37O16.7	0.5
RP11-380B22.1	4.261
RP11-380D11.2	0.626
RP11-380D15.2	2.264
RP11-380D15.3	1.877
RP11-380D23.1	1.822
RP11-380D23.2	0.979
RP11-380F14.2	0.681
RP11-380G5.2	0.479
RP11-380G5.3	-0.209
RP11-380I10.2	2.295
RP11-380I10.3	1.531
RP11-380I10.4	2.379
RP11-380I20.2	1.894
RP11-380J14.1	1.159
RP11-380L11.3	-0.84
RP11-380L11.4	1.81
RP11-380M21.2	
RP11-380M21.4	1.806
RP11-380N8.6	0.529
RP11-380O24.1	1.967
RP11-380P13.1	3.128
RP11-380P13.2	2.084
RP11-381E24.1	0.865
RP11-381G8.1	
RP11-381I15.1	2.576
RP11-381K20.2	1.218
RP11-381K20.4	0.472
RP11-381K20.5	0.84
RP11-381K7.1	2.617
RP11-381N20.1	2.087
RP11-381N20.2	2.404
RP11-381P6.1	1.63
RP11-382A18.2	2.438
RP11-382A18.3	-0.187
RP11-382A20.1	-0.948
RP11-382A20.2	
RP11-382A20.4	1.619
RP11-382A20.5	2.191
RP11-382A20.6	2.191
RP11-382A20.7	1.479
RP11-382B18.5	
RP11-382D12.1	1.252
RP11-382D12.2	1.699
RP11-382D8.3	
RP11-382D8.5	1.581
RP11-382E9.1	4.483
RP11-382H24.2	2.534
RP11-382J12.1	1.496
RP11-382J24.2	
RP11-382K22.1	3.372
RP11-382M14.1	3.446
RP11-382N13.2	1.477
RP11-382N13.3	1.586
RP11-382N13.6	1.71
RP11-383B24.3	2.597
RP11-383B4.4	-0.306
RP11-383C12.2	1.263
RP11-383C5.3	1.745
RP11-383C5.4	1.399
RP11-383C5.5	
RP11-383C5.7	0.43
RP11-383C6.2	1.594
RP11-383D22.1	0.939
RP11-383F6.1	1.112
RP11-383G10.1	0.698
RP11-383G10.3	-0.179
RP11-383G10.5	0.718
RP11-383G6.3	0.006
RP11-383G6.4	0.643
RP11-383H13.1	4.978
RP11-383H17.4	5.433
RP11-383I23.2	0.951
RP11-383J24.1	1.368
RP11-383J24.2	0.974
RP11-383J24.6	0.747
RP11-383M4.6	1.347
RP11-384A12.1	
RP11-384B12.2	0.794
RP11-384B12.3	-0.494
RP11-384C12.1	-2.445
RP11-384C21.9	2.773
RP11-384C4.2	-0.379
RP11-384C4.3	-0.289
RP11-384C4.6	-0.67
RP11-384C4.7	1.466
RP11-384D10.1	2.509
RP11-384E22.1	2.544
RP11-384F7.1	3.958
RP11-384F7.2	4.144
RP11-384J4.1	2.27
RP11-384J4.2	2.295
RP11-384K6.6	1.894
RP11-384L8.1	1.985
RP11-384M15.3	1.154
RP11-384O8.1	0.756
RP11-384P14.1	3.818
RP11-384P7.5	1.574
RP11-384P7.6	0.452
RP11-384P7.7	0.828
RP11-385D13.1	4.083
RP11-385F5.4	1.947
RP11-385F5.5	1.314
RP11-385F7.1	1.267
RP11-385J1.2	2.337
RP11-385J23.1	0.558
RP11-385M4.1	2.464
RP11-385M4.2	2.673
RP11-385M4.3	1.41
RP11-385N17.3	2.611
RP11-385N23.1	2.284
RP11-386B1.1	1.446
RP11-386B13.1	
RP11-386B13.3	3.683
RP11-386B13.4	2.796
RP11-386D6.1	1.414
RP11-386D6.2	3.949
RP11-386G11.10	1.541
RP11-386G11.3	1.827
RP11-386G11.5	1.917
RP11-386G11.8	0.513
RP11-386G21.1	1.354
RP11-386G21.2	0.645
RP11-386I14.2	
RP11-386I14.3	0.949
RP11-386I14.4	0.394
RP11-386I23.1	0.828
RP11-386M24.1	1.253
RP11-386M24.3	3.364
RP11-386M24.4	2.165
RP11-386M24.6	1.082
RP11-386M24.8	3.073
RP11-386M24.9	2.078
RP11-386O9.2	
RP11-386P4.1	1.348
RP11-387A1.5	0.286
RP11-387D10.2	3.025
RP11-387D10.3	0.559
RP11-387H17.4	0.866
RP11-387H17.6	1.511
RP11-387M24.5	0.197
RP11-388B24.4	2.056
RP11-388C12.1	1.5
RP11-388C12.5	1.041
RP11-388C12.8	0.615
RP11-388E23.2	1.65
RP11-388E23.3	4.923
RP11-388E23.4	1.28
RP11-388G22.1	3.101
RP11-388G3.1	6.084
RP11-388K12.1	1.007
RP11-388K12.2	2.524
RP11-388K2.1	0.29
RP11-388M20.1	3.005
RP11-388M20.2	-0.07
RP11-388M20.6	-0.242
RP11-388M20.7	1.081
RP11-388M20.9	1.141
RP11-388N2.1	1.997
RP11-388P9.2	1.219
RP11-389C8.1	3.129
RP11-389C8.2	0.405
RP11-389C8.3	1.249
RP11-389E17.1	2.532
RP11-389G6.3	
RP11-389J22.1	0.422
RP11-389J22.3	1.914
RP11-389K14.3	3.315
RP11-389O22.1	1.374
RP11-389O22.4	1.869
RP11-389O22.5	3.744
RP11-38C18.2	0.404
RP11-38C18.3	1.079
RP11-38F22.1	2.915
RP11-38G5.2	3.77
RP11-38G5.3	2.412
RP11-38G5.4	0.215
RP11-38H17.1	3.984
RP11-38J22.1	
RP11-38J22.2	
RP11-38J22.3	
RP11-38J22.6	
RP11-38L15.2	
RP11-38L15.3	
RP11-38L15.8	
RP11-38M8.1	2.035
RP11-38O14.5	1.218
RP11-38O14.6	1.723
RP11-38P22.2	2.547
RP11-390B4.3	0.74
RP11-390B4.5	1.477
RP11-390C19.1	6.111
RP11-390D11.1	1.887
RP11-390E23.3	1.203
RP11-390E23.6	1.673
RP11-390F10.3	1.971
RP11-390F4.10	1.768
RP11-390F4.2	1.896
RP11-390F4.3	1.623
RP11-390F4.6	2.028
RP11-390F4.8	0.577
RP11-390K5.1	0.843
RP11-390K5.3	0.698
RP11-390K5.6	0.048
RP11-390M11.1	1.271
RP11-390N6.1	3.002
RP11-390P2.2	1.11
RP11-390P2.4	2.124
RP11-391J13.1	2.471
RP11-391J2.3	0.924
RP11-391L3.1	2.113
RP11-391L3.5	0.342
RP11-391M1.4	2.992
RP11-391M20.1	
RP11-391M7.3	0.185
RP11-392A23.4	1.464
RP11-392A23.5	2.777
RP11-392B6.1	1.359
RP11-392C20.1	
RP11-392E22.1	1.216
RP11-392E22.10	1.034
RP11-392E22.11	1.646
RP11-392E22.12	1.034
RP11-392E22.3	1.342
RP11-392E22.5	
RP11-392E22.8	0.85
RP11-392L5.2	0.428
RP11-392M9.2	-0.468
RP11-392O1.4	2.67
RP11-392O17.1	2.513
RP11-392O18.2	0.174
RP11-392P7.1	2.625
RP11-392P7.6	5.978
RP11-392P7.7	1.313
RP11-393B14.2	3.38
RP11-393I2.2	-1.548
RP11-393I2.4	1.412
RP11-393I23.4	1.343
RP11-393J16.4	1.696
RP11-393K10.1	2.31
RP11-393K12.2	3.102
RP11-393K12.4	2.524
RP11-393K19.1	2.234
RP11-393M11.2	2.341
RP11-393M18.1	1.093
RP11-393M18.4	2.029
RP11-393N21.1	1.396
RP11-393N4.1	2.204
RP11-393N4.2	2.077
RP11-394A14.2	2.825
RP11-394A14.4	2.702
RP11-394B2.6	-0.714
RP11-394B5.2	0.759
RP11-394D2.1	1.823
RP11-394G3.2	1.606
RP11-394I13.1	2.017
RP11-394I13.2	1.643
RP11-394I13.3	2.706
RP11-394O4.3	0.284
RP11-394O9.1	3.254
RP11-395A13.2	2.348
RP11-395B20.1	1.908
RP11-395B20.2	4.59
RP11-395B7.2	1.749
RP11-395B7.4	0.823
RP11-395B7.7	1.695
RP11-395C17.1	0.526
RP11-395C3.1	1.687
RP11-395D3.1	6.033
RP11-395E19.5	
RP11-395F4.1	1.903
RP11-395G17.1	-0.819
RP11-395G23.3	0.266
RP11-395I14.2	0.223
RP11-395I6.1	
RP11-395I6.2	1.361
RP11-395I6.3	0.892
RP11-395L14.13	1.341
RP11-395L14.17	1.176
RP11-395M19.1	0.934
RP11-395N3.1	-0.025
RP11-395N3.2	2.488
RP11-395N6.4	0.675
RP11-395P13.1	1.261
RP11-395P13.2	1.498
RP11-395P13.3	1.781
RP11-395P13.4	2.461
RP11-395P13.5	2.213
RP11-395P13.6	1.415
RP11-395P17.11	
RP11-395P17.3	
RP11-396B14.2	1.719
RP11-396C23.2	0.762
RP11-396C23.3	2.714
RP11-396C23.4	1.238
RP11-396D18.1	0.637
RP11-396F22.1	1.421
RP11-396J6.1	1.452
RP11-396M11.1	-0.472
RP11-396N11.1	1.65
RP11-396O20.1	3.347
RP11-396O20.2	4.913
RP11-397A16.1	1.646
RP11-397A16.2	0.464
RP11-397A16.3	4.607
RP11-397C12.1	1.562
RP11-397C18.2	1.356
RP11-397D12.4	2.634
RP11-397D21.1	2.512
RP11-397E7.1	0.864
RP11-397G17.1	4.211
RP11-397G5.2	1.334
RP11-397H6.1	1.625
RP11-397J20.1	1.727
RP11-397K18.1	3.784
RP11-397O4.1	0.041
RP11-397O8.7	2.262
RP11-397P13.6	0.196
RP11-397P13.7	
RP11-398A8.1	0.655
RP11-398A8.2	
RP11-398A8.4	2.385
RP11-398B16.2	0.37
RP11-398C13.2	-0.32
RP11-398C13.6	1.167
RP11-398E10.1	2.148
RP11-398G24.2	3.389
RP11-398H6.1	2.589
RP11-398J10.2	3.342
RP11-398J16.1	2.089
RP11-398J5.1	2.539
RP11-398K14.1	3.487
RP11-398K22.12	3.917
RP11-398M15.1	5.035
RP11-399D15.1	2.614
RP11-399D6.2	4.582
RP11-399E6.1	2.086
RP11-399E6.4	-0.346
RP11-399F2.2	2.834
RP11-399H11.2	2.453
RP11-399H11.3	2.733
RP11-399J13.3	1.365
RP11-399K21.10	3.529
RP11-399K21.11	1.906
RP11-399K21.13	-0.633
RP11-399K21.14	0.135
RP11-399K21.5	
RP11-399L7.3	0.361
RP11-399N22.3	2.616
RP11-399O19.9	1.694
RP11-39C10.1	1.199
RP11-39E3.3	2.515
RP11-39E3.4	-0.953
RP11-39E3.5	1.43
RP11-39H13.1	2.665
RP11-39H3.1	1.041
RP11-39K24.12	0.054
RP11-39K24.13	0.552
RP11-39K24.14	0.054
RP11-39K24.2	0.054
RP11-39K24.4	0.612
RP11-39K24.7	1.675
RP11-39K24.9	1.174
RP11-39M21.1	1.057
RP11-39M21.2	1.172
RP11-3B12.1	5.594
RP11-3B12.2	3.587
RP11-3B12.3	2.088
RP11-3B12.4	-0.102
RP11-3B12.5	0.091
RP11-3B7.1	1.223
RP11-3D4.2	0.807
RP11-3D4.3	1.345
RP11-3G20.1	2.787
RP11-3G20.2	2.901
RP11-3G21.1	1.641
RP11-3J1.1	3.468
RP11-3J10.7	
RP11-3J11.1	2.35
RP11-3K16.1	1.508
RP11-3K16.2	2.586
RP11-3K24.1	0.923
RP11-3K24.2	
RP11-3L10.1	1.95
RP11-3L10.2	1.886
RP11-3L10.3	1.821
RP11-3L21.2	2.337
RP11-3L23.2	1.01
RP11-3L8.3	4.351
RP11-3M1.1	0.82
RP11-3M1.3	1.571
RP11-3N13.2	1.647
RP11-3N2.11	0.409
RP11-3N2.13	3.464
RP11-3N2.5	0.886
RP11-3N2.7	0.366
RP11-3N2.8	-0.132
RP11-3N2.9	0.409
RP11-3P17.3	1.255
RP11-3P17.4	1.983
RP11-3P17.5	1.255
RP11-3P22.1	2.851
RP11-3P22.2	3.242
RP11-400D2.2	1.892
RP11-400D2.3	3.097
RP11-400F19.18	
RP11-400F19.6	1.703
RP11-400F19.8	1.703
RP11-400K9.1	2.013
RP11-400K9.2	2.746
RP11-400K9.3	1.832
RP11-400K9.4	2.267
RP11-400L8.2	1.882
RP11-400N13.1	3.349
RP11-400N13.2	2.384
RP11-400N13.3	2.976
RP11-400N9.1	1.282
RP11-401A10.2	-1.12
RP11-401E14.2	4.711
RP11-401E5.2	2.286
RP11-401E9.3	
RP11-401F2.2	0.988
RP11-401G5.1	3.174
RP11-401H2.1	2.839
RP11-401I19.1	2.228
RP11-401N16.1	
RP11-401N18.1	1.98
RP11-401O9.3	1.499
RP11-401O9.4	3.186
RP11-401P9.1	0.779
RP11-401P9.4	1.909
RP11-401P9.5	1.991
RP11-401P9.6	0.816
RP11-402C9.1	2.357
RP11-402D21.2	1.225
RP11-402F9.3	1.81
RP11-402G3.3	2.703
RP11-402G3.4	1.945
RP11-402G3.5	1.227
RP11-402G3.6	1.994
RP11-402J6.1	1.634
RP11-402J6.2	
RP11-402J7.2	0.309
RP11-402K9.1	0.515
RP11-402L1.11	0.874
RP11-402L1.12	0.245
RP11-402L1.4	0.245
RP11-402L5.1	0.972
RP11-402L6.1	0.587
RP11-402N8.1	
RP11-402P6.6	1.68
RP11-402P6.9	3.199
RP11-403A21.1	2.502
RP11-403A21.2	2.05
RP11-403A21.3	2.749
RP11-403B2.3	
RP11-403B2.6	
RP11-403D15.1	0.396
RP11-403D15.2	1.342
RP11-403E24.1	1.273
RP11-403F21.1	1.792
RP11-403F21.3	1.855
RP11-403H13.1	3.188
RP11-403I13.7	
RP11-403I13.8	
RP11-403I13.9	
RP11-403N16.2	1.436
RP11-403N16.3	2.692
RP11-403N16.5	2.347
RP11-403P13.1	4.324
RP11-403P14.1	2.367
RP11-403P17.2	0.891
RP11-403P17.3	-0.102
RP11-403P17.5	1.66
RP11-404E12.1	5.11
RP11-404E16.1	2.231
RP11-404E6.1	3.078
RP11-404F10.2	3.332
RP11-404G16.2	1.597
RP11-404H14.1	2.049
RP11-404I7.1	1.901
RP11-404I7.2	1.988
RP11-404J23.1	3.871
RP11-404K5.3	1.74
RP11-404K5.4	1.249
RP11-404L6.2	1.777
RP11-404O13.1	1.607
RP11-404O13.4	1.973
RP11-404O13.5	1.985
RP11-404O18.1	
RP11-404P21.1	-0.013
RP11-404P21.3	1.302
RP11-404P21.5	1.427
RP11-404P21.8	2.583
RP11-405A12.1	1.545
RP11-405A12.2	4.784
RP11-405F3.4	4.645
RP11-405F3.5	1.978
RP11-405K6.1	3.694
RP11-405L18.2	0.85
RP11-405L18.4	0.513
RP11-405O10.2	2.255
RP11-405P11.1	1.534
RP11-406A20.1	2.869
RP11-406A20.4	1.67
RP11-406A9.2	4.693
RP11-406D1.2	5.738
RP11-406H21.2	0.776
RP11-406H23.2	0.877
RP11-406H4.1	0.685
RP11-406O16.1	3.3
RP11-406O23.2	1.829
RP11-407A16.1	2.741
RP11-407A16.3	3.284
RP11-407A16.4	3.284
RP11-407A16.7	2.481
RP11-407B7.1	2.981
RP11-407G23.1	1.813
RP11-407G23.3	0.535
RP11-407G23.4	0.651
RP11-407N17.2	1.085
RP11-407N17.3	3.465
RP11-407N17.4	0.379
RP11-407N17.5	-0.443
RP11-407N17.6	1.456
RP11-407N8.4	0.983
RP11-407P18.1	1.478
RP11-407P2.1	1.412
RP11-408A13.1	2.798
RP11-408A13.2	3.18
RP11-408A13.3	2.254
RP11-408A13.4	0.222
RP11-408B11.2	2.488
RP11-408E1.1	1.781
RP11-408E5.5	3.066
RP11-408H1.3	1.662
RP11-408H20.1	1.06
RP11-408H20.2	1.659
RP11-408H20.3	0.779
RP11-408I18.9	-0.169
RP11-408J6.1	2.694
RP11-408N14.1	2.681
RP11-408O19.3	2.892
RP11-408O19.5	
RP11-409C19.2	
RP11-409I10.2	1.289
RP11-409K15.1	2.61
RP11-409K20.6	1.33
RP11-409K20.7	0.738
RP11-409O11.3	
RP11-40A13.1	1.167
RP11-40C11.2	0.388
RP11-40C6.2	-0.621
RP11-40F6.1	3.243
RP11-40F8.2	4.594
RP11-40G16.1	1.631
RP11-40H19.1	2.06
RP11-40H20.4	0.4
RP11-40H20.5	0.998
RP11-40M23.1	2.24
RP11-410B16.1	3.447
RP11-410C4.1	2.009
RP11-410C4.2	2.063
RP11-410C4.4	2.107
RP11-410C4.5	4.623
RP11-410D17.2	2.936
RP11-410E4.1	2.681
RP11-410K21.2	1.858
RP11-410L14.1	-0.373
RP11-410L14.2	0.94
RP11-410N8.1	2.002
RP11-410N8.3	1.235
RP11-410N8.4	2.002
RP11-411B10.2	0.033
RP11-411B10.3	-0.768
RP11-411B10.4	-0.677
RP11-411B10.5	
RP11-411B10.6	1.402
RP11-411B10.8	2.986
RP11-411G7.2	0.412
RP11-411H5.1	3.713
RP11-411K7.1	2.614
RP11-412D9.4	1.186
RP11-412H8.2	2.959
RP11-412H9.1	4.444
RP11-412H9.2	3.838
RP11-412P11.1	2.204
RP11-413B19.2	2.238
RP11-413E1.2	1.119
RP11-413E1.4	1.188
RP11-413E6.1	0.562
RP11-413E6.2	-0.093
RP11-413G15.1	6.143
RP11-413H22.2	1.548
RP11-413M3.4	1.026
RP11-413N13.1	6.693
RP11-413P11.1	2.939
RP11-414B7.1	4.316
RP11-414C16.1	
RP11-414H17.2	1.045
RP11-414H17.5	2.067
RP11-414H23.2	3.133
RP11-414H23.3	3.522
RP11-414J4.2	2.329
RP11-415A20.1	2.301
RP11-415C15.1	4.378
RP11-415C15.2	3.7
RP11-415C15.3	1.797
RP11-415D17.1	0.749
RP11-415D17.3	1.36
RP11-415D17.4	0.546
RP11-415F23.2	-1.471
RP11-415F23.3	0.05
RP11-415F23.4	1.33
RP11-415H23.4	
RP11-415I12.2	2.657
RP11-415I12.3	2.997
RP11-415J8.3	0.513
RP11-415J8.5	1.468
RP11-415J8.7	0.537
RP11-415K20.1	1.826
RP11-415L24.1	2.17
RP11-416A14.1	-0.064
RP11-416A17.1	
RP11-416A17.6	0.225
RP11-416H1.1	0.17
RP11-416I2.1	5.74
RP11-416K24.1	1.316
RP11-416K24.2	3.21
RP11-416L21.1	0.415
RP11-416L21.2	2.273
RP11-416N13.1	2.835
RP11-416N2.3	0.654
RP11-416N2.4	0.217
RP11-416N4.1	0.762
RP11-416N4.4	1.402
RP11-416O18.1	2.039
RP11-416O18.2	2.776
RP11-417B4.2	2.557
RP11-417B4.3	0.505
RP11-417C21.2	2.558
RP11-417D4.1	6.798
RP11-417E7.1	3.386
RP11-417E7.2	3.202
RP11-417F21.1	1.245
RP11-417F21.2	1.081
RP11-417J1.1	1.991
RP11-417J1.3	2.917
RP11-417L14.1	2.473
RP11-417L19.2	1.313
RP11-417L19.4	2.064
RP11-417N10.3	0.938
RP11-417O11.5	2.045
RP11-418B12.1	5.232
RP11-418I22.2	2.114
RP11-418J17.1	1.829
RP11-418J17.2	-0.242
RP11-418J17.3	1.694
RP11-419C19.2	4.762
RP11-419C19.3	
RP11-419C23.1	4.399
RP11-419J16.1	4.838
RP11-419K12.1	2.905
RP11-419L20.2	1.584
RP11-419L4.1	2.791
RP11-419L9.1	4.739
RP11-419M24.1	-2.091
RP11-419M24.4	0.682
RP11-419M24.5	0.648
RP11-419N10.5	1.677
RP11-41L14.1	4.221
RP11-41O4.1	1.947
RP11-41O4.2	2.209
RP11-41O4.3	2.306
RP11-420A21.1	0.151
RP11-420A23.1	1.642
RP11-420A6.2	1.252
RP11-420B22.1	1.364
RP11-420B22.2	0.422
RP11-420G6.4	2.258
RP11-420H19.1	
RP11-420H19.2	0.367
RP11-420H19.3	-0.175
RP11-420J11.1	4.57
RP11-420J11.2	4.189
RP11-420K10.1	-0.774
RP11-420K14.6	1.024
RP11-420K14.7	0.585
RP11-420K14.8	1.807
RP11-420K8.1	0.595
RP11-420K8.2	-0.383
RP11-420L9.2	1.326
RP11-420L9.4	2.354
RP11-420L9.5	0.359
RP11-420M1.2	1.591
RP11-420N3.2	7.231
RP11-420O16.1	1.174
RP11-420O16.2	
RP11-421B23.1	4.444
RP11-421B23.2	1.757
RP11-421E14.2	0.3
RP11-421E17.4	
RP11-421F16.3	0.951
RP11-421H10.2	1.886
RP11-421L10.1	5.134
RP11-421L21.2	1.429
RP11-421L21.3	1.584
RP11-421M1.8	2.9
RP11-421N10.1	3.691
RP11-421N8.1	1.818
RP11-421N8.2	2.298
RP11-421P23.1	2.218
RP11-421P23.2	2.002
RP11-422J15.1	6.4
RP11-422J8.1	1.84
RP11-422N16.3	1.081
RP11-422P22.1	2.769
RP11-422P24.10	0.079
RP11-422P24.11	0.072
RP11-422P24.9	
RP11-423C15.3	1.43
RP11-423E7.1	1.77
RP11-423F24.3	-0.378
RP11-423G4.7	1.121
RP11-423H2.1	3.485
RP11-423H2.5	2.506
RP11-423J7.1	3.302
RP11-423P10.2	0.809
RP11-424D14.1	2.828
RP11-424I19.1	3.034
RP11-424I19.2	2.933
RP11-424I3.1	
RP11-424M21.1	4.734
RP11-424M22.1	-1.479
RP11-424M22.3	0.92
RP11-424M24.5	0.988
RP11-424N24.2	1.083
RP11-425A23.1	1.787
RP11-425A6.5	1.251
RP11-425D10.1	1.732
RP11-425D10.10	0.568
RP11-425D10.4	0.084
RP11-425E13.1	1.59
RP11-425I13.1	0.538
RP11-425I13.2	
RP11-425I13.3	3.468
RP11-425M17.3	1.536
RP11-426A6.5	1.51
RP11-426C22.4	1.156
RP11-426C22.5	1.046
RP11-426J5.2	2.191
RP11-426K3.1	-0.338
RP11-426L16.10	0.985
RP11-426L16.3	1.292
RP11-426L16.7	2.716
RP11-426L16.8	1.521
RP11-426L16.9	1.611
RP11-427E4.1	2.322
RP11-427H3.3	1.108
RP11-427M20.1	1.859
RP11-427P5.2	1.583
RP11-428C19.4	2.196
RP11-428C19.5	1.171
RP11-428C6.2	4.979
RP11-428F8.2	1.421
RP11-428G2.1	2.03
RP11-428G5.1	2.68
RP11-428G5.2	1.571
RP11-428G5.4	2.486
RP11-428G5.5	1.821
RP11-428G5.6	1.567
RP11-428G5.7	0.511
RP11-428I12.1	1.388
RP11-428J1.2	1.702
RP11-428J1.4	2.173
RP11-428J1.5	2.047
RP11-428K3.1	1.799
RP11-428L21.1	1.29
RP11-428L21.2	1.664
RP11-428L9.1	2.568
RP11-428L9.2	3.541
RP11-428P16.2	1.817
RP11-429A20.2	2.599
RP11-429A20.3	1.622
RP11-429A20.4	1.655
RP11-429B14.1	1.829
RP11-429B14.3	1.41
RP11-429B14.4	0.672
RP11-429D19.1	3.016
RP11-429E11.2	1.747
RP11-429E11.3	1.883
RP11-429G17.2	1.708
RP11-429G19.3	1.418
RP11-429H9.4	1.372
RP11-429J17.2	2.447
RP11-429J17.4	3.387
RP11-429J17.7	1.586
RP11-429J17.8	1.855
RP11-429K17.1	0.582
RP11-429O1.1	3.575
RP11-429O2.1	3.519
RP11-429P3.2	1.091
RP11-429P3.3	1.857
RP11-429P3.4	1.857
RP11-429P3.5	4.144
RP11-42A4.1	2.505
RP11-42D20.1	2.704
RP11-42I10.1	1.636
RP11-42I10.3	2.693
RP11-42L13.2	0.576
RP11-42L13.3	1.734
RP11-42O15.2	1.741
RP11-42O15.3	1.641
RP11-430A19.2	1.682
RP11-430B1.1	1.094
RP11-430B1.2	4.317
RP11-430C1.1	1.877
RP11-430C7.2	-1.456
RP11-430C7.4	1.398
RP11-430C7.5	1.376
RP11-430G17.1	2.352
RP11-430G17.3	1.236
RP11-430H10.1	2.155
RP11-430H10.2	1.512
RP11-430H10.3	-0.692
RP11-430H10.4	2.004
RP11-430H12.2	1.963
RP11-430K21.2	1.232
RP11-430L16.1	2.815
RP11-430L17.1	0.503
RP11-430L3.1	1.576
RP11-430N14.4	3.114
RP11-431D12.1	2.4
RP11-431I8.1	1.037
RP11-431J17.1	1.495
RP11-431J24.2	1.24
RP11-431K24.1	1.966
RP11-431K24.2	2.02
RP11-431K24.3	1.587
RP11-431K24.4	3.698
RP11-431M3.1	1.668
RP11-431M7.2	2.14
RP11-431M7.3	1.72
RP11-431N15.2	2.267
RP11-432A8.2	0.604
RP11-432B6.1	-0.4
RP11-432B6.3	4.994
RP11-432F4.2	1.461
RP11-432I5.1	1.679
RP11-432I5.2	1.734
RP11-432I5.4	0.908
RP11-432I5.6	0.755
RP11-432I5.8	-0.28
RP11-432J22.2	1.864
RP11-432J24.2	1.484
RP11-432J24.3	2.765
RP11-432J24.5	2.894
RP11-432J24.6	2.386
RP11-432J9.3	2.006
RP11-432J9.5	1.205
RP11-432J9.6	2.709
RP11-432M24.4	6.052
RP11-432M8.19	0.643
RP11-432N13.2	0.813
RP11-432N13.3	1.738
RP11-432N13.4	2.888
RP11-433A10.2	1.876
RP11-433A10.3	1.813
RP11-433B3.1	1.51
RP11-433C9.2	4.179
RP11-433J20.1	4.024
RP11-433J20.2	2.377
RP11-433J22.2	0.112
RP11-433J22.3	2.044
RP11-433J8.1	1.305
RP11-433J8.2	2.296
RP11-433M22.1	0.762
RP11-433M22.2	2.288
RP11-433O3.1	5.642
RP11-433P17.1	2.206
RP11-433P17.2	1.058
RP11-433P17.3	3.231
RP11-434B12.1	3.822
RP11-434C1.1	1.903
RP11-434C1.2	2.113
RP11-434C1.3	1.204
RP11-434D11.1	2.022
RP11-434D11.4	1.967
RP11-434D12.1	2.085
RP11-434D2.6	1.284
RP11-434D9.1	2.802
RP11-434D9.2	2.968
RP11-434E6.2	6.099
RP11-434H14.1	3.946
RP11-434H6.2	1.429
RP11-434H6.6	
RP11-434H6.7	-1.576
RP11-434I12.2	2.33
RP11-434I12.3	1.526
RP11-434I12.4	1.053
RP11-434I12.5	2.202
RP11-434J24.2	2.258
RP11-434J24.3	2.111
RP11-434O22.2	1.464
RP11-434P11.2	2.123
RP11-435D7.3	1.498
RP11-435F17.1	-0.327
RP11-435F17.3	-0.717
RP11-435I3.1	3.377
RP11-435M3.2	2.348
RP11-435O11.5	2.15
RP11-435O5.2	1.261
RP11-435O5.4	0.878
RP11-435O5.5	0.791
RP11-435O5.6	0.498
RP11-435O5.7	1.452
RP11-435P24.2	2.924
RP11-435P24.3	2.803
RP11-436A7.1	2.433
RP11-436D10.3	2.11
RP11-436D23.1	3.066
RP11-436F21.1	4.975
RP11-436F23.1	1.841
RP11-436F9.1	1.711
RP11-436H11.1	1.647
RP11-436H11.2	
RP11-436H11.3	
RP11-436H11.4	
RP11-436H11.5	-0.58
RP11-436H11.6	
RP11-436H16.1	3.469
RP11-436I24.1	0.791
RP11-436I9.3	1.336
RP11-436I9.5	0.866
RP11-436I9.6	0.823
RP11-436J20.1	1.806
RP11-436K8.1	4.964
RP11-436M15.1	2.588
RP11-436M15.3	
RP11-436P7.1	2.829
RP11-436P7.2	2.285
RP11-437F6.1	-0.181
RP11-437J19.1	1.945
RP11-437L7.1	2.001
RP11-438B23.2	2.498
RP11-438C19.1	1.916
RP11-438C19.2	2.24
RP11-438D14.2	0.38
RP11-438D8.2	3.186
RP11-438E8.2	1.875
RP11-438H8.8	0.894
RP11-438J1.1	1.714
RP11-438L19.1	1.993
RP11-438L7.3	
RP11-438N16.1	3.895
RP11-438N16.2	2.351
RP11-438N5.2	
RP11-438N5.4	1.172
RP11-438O11.1	3.16
RP11-438P9.1	2.068
RP11-438P9.2	3.041
RP11-439A17.10	
RP11-439A17.4	
RP11-439A17.7	
RP11-439A17.9	
RP11-439C15.4	1.314
RP11-439C15.5	1.762
RP11-439C8.1	5.335
RP11-439C8.2	1.974
RP11-439E19.1	1.249
RP11-439E19.10	1.125
RP11-439E19.3	1.641
RP11-439E19.6	0.243
RP11-439E19.7	2.348
RP11-439E19.8	2.613
RP11-439E19.9	1.952
RP11-439H13.2	2.105
RP11-439H8.4	1.57
RP11-439H9.1	2.898
RP11-439I14.1	0.813
RP11-439I14.2	1.71
RP11-439I14.3	2.736
RP11-439K3.1	2.234
RP11-439K3.3	1.016
RP11-439L18.1	1.143
RP11-439L18.2	1.143
RP11-439L18.3	1.771
RP11-439L8.2	2.716
RP11-439L8.3	2.181
RP11-439L8.4	5.687
RP11-439M11.1	1.287
RP11-43A14.1	0.152
RP11-43D2.2	1.096
RP11-43D4.2	
RP11-43F13.1	1.744
RP11-43F13.3	2.56
RP11-43F13.4	1.928
RP11-43N5.1	2.931
RP11-440G2.2	1.285
RP11-440G5.2	3.47
RP11-440G9.1	2.412
RP11-440I14.2	2.723
RP11-440I14.3	1.954
RP11-440I14.4	-0.596
RP11-440K22.1	1.444
RP11-440L14.1	1.877
RP11-440L14.3	1.965
RP11-440L14.4	0.888
RP11-440L16.1	3.14
RP11-441A11.1	0.958
RP11-441F2.2	1.323
RP11-441F2.5	0.516
RP11-441M10.1	-0.749
RP11-441O15.3	3.467
RP11-442A13.1	3.373
RP11-442A17.2	0.873
RP11-442H21.2	1.139
RP11-442N1.1	2.141
RP11-442N1.2	2.137
RP11-442N24__B.1	0.768
RP11-442O18.1	3.353
RP11-442O18.2	3.397
RP11-442P12.1	1.847
RP11-442P12.2	1.857
RP11-443A13.5	4.767
RP11-443B20.1	0.2
RP11-443B7.1	2.382
RP11-443B7.2	2.111
RP11-443B7.3	3.668
RP11-443B9.1	6.442
RP11-443C10.1	0.98
RP11-443C10.2	1.686
RP11-443C10.3	2.27
RP11-443F16.1	0.15
RP11-443G13.2	1.252
RP11-443I9.1	2.827
RP11-443J23.1	6.525
RP11-443K8.2	1.271
RP11-443N24.1	-0.503
RP11-443N24.2	2.356
RP11-443N24.3	2.156
RP11-443N24.4	2.243
RP11-443O13.3	-0.92
RP11-443P15.2	3.848
RP11-444A22.1	4.872
RP11-444B24.2	0.096
RP11-444C12.1	2.795
RP11-444D13.1	
RP11-444D3.1	5.442
RP11-444E17.6	1.779
RP11-444J21.2	1.885
RP11-444K7.8	1.82
RP11-444P10.1	2.062
RP11-445F12.1	2.408
RP11-445F12.2	1.571
RP11-445F6.2	2.9
RP11-445H22.3	2.462
RP11-445H22.4	3.179
RP11-445J14.1	0.531
RP11-445J9.1	5.416
RP11-445K13.2	1.721
RP11-445L13__B.3	2.109
RP11-445L6.3	0.916
RP11-445N18.3	
RP11-445N18.5	1.241
RP11-445N18.7	1.759
RP11-445O16.2	2.016
RP11-445O16.3	4.804
RP11-445O3.1	1.338
RP11-445O3.2	3.746
RP11-445O3.3	3.261
RP11-445P17.3	3.103
RP11-445P17.5	1.831
RP11-445P17.6	1.278
RP11-445P17.8	1.578
RP11-445P19.2	1.041
RP11-445P19.3	1.351
RP11-446E24.4	1.895
RP11-446E9.1	0.913
RP11-446E9.2	0.85
RP11-446F17.3	1.285
RP11-446F3.2	1.904
RP11-446H13.2	3.128
RP11-446H18.1	1.374
RP11-446H18.5	1.912
RP11-446H18.6	1.52
RP11-446J19.1	1.685
RP11-446J8.1	2.547
RP11-446N19.1	1.934
RP11-446P9.1	
RP11-447B18.1	2.057
RP11-447E20.1	1.645
RP11-447G11.1	
RP11-447H19.1	1.961
RP11-447H19.2	0.929
RP11-447H19.3	0.306
RP11-447L10.1	1.193
RP11-447M12.2	2.408
RP11-447M4.1	2.585
RP11-448A19.1	1.231
RP11-448G15.1	1.299
RP11-448G15.3	1.018
RP11-448G4.2	
RP11-448G4.4	0.665
RP11-448K10.1	5.105
RP11-448N11.1	1.865
RP11-448N11.2	2.901
RP11-448N11.3	3.822
RP11-448P19.1	3.626
RP11-449D8.1	1.823
RP11-449D8.2	1.017
RP11-449D8.3	1.101
RP11-449D8.5	3.228
RP11-449G16.1	0.974
RP11-449H11.1	2.516
RP11-449H3.1	0.789
RP11-449H3.2	-1.81
RP11-449J1.1	3.386
RP11-449J10.1	2.966
RP11-449J3.3	2.203
RP11-449L13.2	-0.438
RP11-449L23.2	1.386
RP11-449L23.3	0.472
RP11-449M6.2	2.833
RP11-449O16.2	0.51
RP11-449P1.1	1.612
RP11-449P15.1	1.063
RP11-449P15.2	0.107
RP11-44B19.1	0.058
RP11-44D19.1	2.812
RP11-44D5.1	
RP11-44F14.1	2.159
RP11-44F14.2	1.574
RP11-44F14.4	1.346
RP11-44F14.5	0.822
RP11-44F14.8	0.989
RP11-44F21.2	2.378
RP11-44F21.3	1.647
RP11-44F21.4	1.344
RP11-44F21.5	1.455
RP11-44H4.1	1.988
RP11-44I10.3	0.711
RP11-44I10.5	2.163
RP11-44I10.6	1.697
RP11-44K6.2	
RP11-44K6.3	2.578
RP11-44K6.4	0.793
RP11-44K6.5	0.442
RP11-44L9.1	1.603
RP11-44L9.2	0.945
RP11-44L9.3	2.277
RP11-44M6.1	1.75
RP11-44M6.3	0.77
RP11-44N11.1	0.496
RP11-44N11.2	1.148
RP11-44N11.3	0.241
RP11-44N12.2	1.33
RP11-44N12.4	2.185
RP11-44N12.5	0.109
RP11-44N17.1	5.243
RP11-44N17.2	3.062
RP11-44N21.1	2.319
RP11-44N21.2	2.358
RP11-44N21.4	2.029
RP11-44N22.3	1.14
RP11-450D21.1	3.703
RP11-450H5.1	1.445
RP11-450H5.3	2.569
RP11-450H5.4	1.848
RP11-450H6.3	4.14
RP11-450K4.1	0.632
RP11-451B8.1	5.331
RP11-451F14.1	-2.255
RP11-451F20.1	1.47
RP11-451G4.1	2.268
RP11-451G4.2	2.17
RP11-451G4.3	2.402
RP11-451H23.1	1.416
RP11-451J24.1	2.447
RP11-451K18.7	1.25
RP11-451L19.1	1.902
RP11-451M19.2	4.623
RP11-451M19.3	2.347
RP11-451N19.1	0.518
RP11-451O13.1	5.076
RP11-451O18.1	1.11
RP11-452B18.2	5.093
RP11-452C13.1	0.829
RP11-452C8.1	1.878
RP11-452D12.1	1.585
RP11-452D21.1	1.138
RP11-452D21.2	2.069
RP11-452D24.1	1.799
RP11-452F19.3	2.031
RP11-452G18.1	1.429
RP11-452H21.1	3.779
RP11-452H21.2	3.779
RP11-452H21.4	2.047
RP11-452J21.2	0.625
RP11-452K12.3	1.039
RP11-452K12.4	0.695
RP11-452K12.6	0.352
RP11-452K12.7	1.418
RP11-452K20.1	1.945
RP11-452L6.1	0.977
RP11-452L6.5	0.037
RP11-452L6.7	-0.734
RP11-452N4.1	4.069
RP11-453A12.1	2.91
RP11-453D16.1	2.464
RP11-453D16.2	1.227
RP11-453D21.1	2.358
RP11-453E17.3	0.98
RP11-453E17.4	-1.618
RP11-453E2.2	0.663
RP11-453F18__B.1	3.949
RP11-453M23.1	2.689
RP11-453N18.1	
RP11-453O22.1	1.927
RP11-453O5.1	3.956
RP11-454C18.1	2.689
RP11-454C18.2	3.09
RP11-454F8.2	0.984
RP11-454K7.1	1.015
RP11-454K7.2	0.938
RP11-454K7.3	1.346
RP11-454L1.2	-0.436
RP11-454L9.2	0.136
RP11-454P21.1	4.748
RP11-455B2.9	2.287
RP11-455B3.1	5.696
RP11-455F5.3	1.322
RP11-455F5.4	1.472
RP11-455F5.5	0.756
RP11-455G16.1	2.002
RP11-455J15.1	2.702
RP11-455J20.3	
RP11-455O6.2	0.291
RP11-456A14.1	3.019
RP11-456D7.1	
RP11-456H18.1	2.496
RP11-456H18.2	0.725
RP11-456I15.2	-2.514
RP11-456J20.1	0.774
RP11-456K23.1	1.611
RP11-456O19.2	1.0
RP11-456O19.3	
RP11-456O19.4	
RP11-456O19.5	
RP11-456P18.2	2.034
RP11-457D20.1	1.981
RP11-457K10.1	1.853
RP11-457K10.2	2.788
RP11-457M11.6	0.727
RP11-457P14.5	2.838
RP11-457P14.6	2.145
RP11-458D21.5	
RP11-458D21.6	
RP11-458I7.1	1.728
RP11-458K10.1	1.781
RP11-458K10.2	2.374
RP11-458K10.3	2.317
RP11-458N5.1	0.626
RP11-459A10.1	1.678
RP11-459A10.2	1.463
RP11-459A10.3	2.34
RP11-459C13.1	2.309
RP11-459D20.1	2.256
RP11-459D22.1	0.118
RP11-459D22.2	
RP11-459E5.1	3.032
RP11-459F6.1	1.599
RP11-459F6.3	1.831
RP11-459I19.1	1.226
RP11-459K23.2	3.315
RP11-459O1.2	3.464
RP11-459O16.1	
RP11-45A12.1	3.827
RP11-45A12.2	3.086
RP11-45A16.4	0.991
RP11-45D17.1	2.476
RP11-45F15.1	1.273
RP11-45F15.2	1.454
RP11-45H22.1	2.408
RP11-45H22.2	3.07
RP11-45H22.3	3.102
RP11-45I20.1	0.782
RP11-45J1.1	1.34
RP11-45K10.2	0.888
RP11-45L9.1	3.322
RP11-45M22.3	2.149
RP11-45M22.4	2.526
RP11-45M22.5	1.416
RP11-45O22.1	
RP11-45O22.3	
RP11-45P15.2	5.209
RP11-45P15.4	1.7
RP11-45P22.2	3.397
RP11-460B17.1	2.733
RP11-460B17.2	1.182
RP11-460B17.3	3.326
RP11-460C6.1	2.46
RP11-460H9.1	1.853
RP11-460I13.2	1.177
RP11-460I13.6	-0.18
RP11-460I19.2	1.721
RP11-460N16.1	2.565
RP11-461A8.1	0.892
RP11-461A8.4	0.214
RP11-461F11.1	2.028
RP11-461F11.3	3.396
RP11-461F16.3	2.03
RP11-461H3.2	2.875
RP11-461K13.1	2.52
RP11-461L13.2	
RP11-461L13.3	1.198
RP11-461L13.4	3.387
RP11-461L13.5	1.24
RP11-461L18.1	2.134
RP11-461M2.2	
RP11-461O14.1	1.077
RP11-461O14.3	0.876
RP11-461O7.1	5.253
RP11-462B18.1	2.475
RP11-462B18.2	1.531
RP11-462B18.3	3.479
RP11-462D18.2	1.859
RP11-462G12.1	1.802
RP11-462G12.2	1.43
RP11-462G12.4	
RP11-462G2.1	2.26
RP11-462G2.2	0.954
RP11-462G22.1	2.042
RP11-462G22.2	0.84
RP11-462G8.3	0.146
RP11-462L8.1	2.373
RP11-462L8.2	-0.106
RP11-462P6.1	1.047
RP11-463C14.1	2.197
RP11-463C8.4	2.465
RP11-463C8.5	0.464
RP11-463D19.1	1.682
RP11-463D19.2	3.043
RP11-463H12.2	1.599
RP11-463H24.1	1.123
RP11-463I20.2	1.735
RP11-463I20.3	2.603
RP11-463J10.2	2.769
RP11-463J10.3	1.506
RP11-463J10.4	1.728
RP11-463J17.1	3.51
RP11-463J7.1	0.812
RP11-463J7.2	4.971
RP11-463J7.3	0.218
RP11-463M14.1	0.48
RP11-463M16.4	1.406
RP11-463O12.3	2.188
RP11-463O9.1	2.404
RP11-463O9.5	3.425
RP11-463O9.6	2.319
RP11-463O9.9	2.809
RP11-463P17.3	
RP11-464C19.2	5.414
RP11-464C19.3	2.611
RP11-464D20.6	1.712
RP11-464F9.1	2.789
RP11-464F9.20	1.906
RP11-464F9.21	2.18
RP11-464F9.22	2.222
RP11-464I4.1	2.753
RP11-464O2.2	0.507
RP11-465B22.3	1.822
RP11-465B22.5	
RP11-465B22.8	
RP11-465I4.2	1.859
RP11-465I4.3	-1.013
RP11-465K1.2	1.935
RP11-465K16.1	1.959
RP11-465K4.4	
RP11-465L10.10	1.217
RP11-465L8.1	1.179
RP11-465M18.1	2.126
RP11-465N4.2	0.601
RP11-465N4.4	0.881
RP11-465N4.5	-1.164
RP11-465O11.1	2.078
RP11-465O11.2	2.756
RP11-466A17.1	3.892
RP11-466A19.1	2.097
RP11-466A19.3	1.458
RP11-466A19.5	-0.004
RP11-466A19.6	1.318
RP11-466A19.8	1.458
RP11-466C23.4	1.035
RP11-466C23.5	1.545
RP11-466F5.10	-0.08
RP11-466F5.3	0.025
RP11-466F5.4	0.184
RP11-466F5.6	1.502
RP11-466F5.8	1.037
RP11-466G12.2	-1.366
RP11-466G12.3	0.874
RP11-466I1.1	3.719
RP11-466J24.1	1.809
RP11-466L17.1	4.323
RP11-466P24.4	
RP11-466P24.6	0.969
RP11-466P24.7	1.396
RP11-467C18.1	1.511
RP11-467D10.2	
RP11-467D18.2	1.206
RP11-467D6.1	1.134
RP11-467H10.1	0.998
RP11-467H10.2	2.578
RP11-467I17.1	4.546
RP11-467I20.2	1.604
RP11-467I20.3	2.303
RP11-467I20.4	2.097
RP11-467I20.5	1.266
RP11-467I20.6	0.876
RP11-467J12.1	2.209
RP11-467J12.2	2.273
RP11-467J12.3	1.749
RP11-467J12.4	2.776
RP11-467K18.2	1.833
RP11-467L13.4	2.311
RP11-467L13.5	1.469
RP11-467L19.6	
RP11-467L19.8	
RP11-467L20.10	1.26
RP11-467L24.1	3.818
RP11-467M13.2	
RP11-467M13.3	
RP11-467N20.5	
RP11-467N20.6	
RP11-467P9.1	0.235
RP11-468D11.1	2.173
RP11-468E2.2	0.55
RP11-468E2.4	1.483
RP11-468E2.6	-0.556
RP11-468E2.9	1.847
RP11-468H14.1	0.583
RP11-468H14.2	3.521
RP11-468I15.1	2.532
RP11-468N14.09	1.752
RP11-468N14.10	2.275
RP11-468N14.11	1.337
RP11-468N14.12	1.95
RP11-468N14.13	1.658
RP11-468N14.5	0.609
RP11-468N14.6	0.749
RP11-468N14.7	0.997
RP11-468N14.8	1.262
RP11-468O2.1	1.38
RP11-469A15.2	2.801
RP11-469E19.1	3.035
RP11-469H8.6	1.787
RP11-469H8.8	1.787
RP11-469J4.3	1.353
RP11-469L4.1	2.087
RP11-469M7.1	1.412
RP11-469N6.1	2.647
RP11-469N6.2	3.581
RP11-469N6.3	2.404
RP11-46A10.2	4.06
RP11-46A10.4	1.76
RP11-46A10.5	1.76
RP11-46A10.6	0.036
RP11-46A10.8	
RP11-46B11.2	1.646
RP11-46C24.3	1.652
RP11-46C24.5	1.765
RP11-46C24.6	1.112
RP11-46C24.7	2.038
RP11-46D6.4	
RP11-46D6.5	
RP11-46E17.6	2.793
RP11-46F15.2	2.14
RP11-46H11.12	1.525
RP11-46H11.3	0.57
RP11-46I1.1	1.868
RP11-46I1.2	1.452
RP11-46I8.1	1.532
RP11-46I8.3	2.281
RP11-46I8.4	
RP11-46J23.1	-0.676
RP11-46O21.2	0.786
RP11-46P12.1	3.117
RP11-470B22.1	1.248
RP11-470E16.1	3.033
RP11-470F18.1	4.025
RP11-470L19.2	1.814
RP11-470L19.5	1.229
RP11-470M17.2	2.92
RP11-470P21.2	1.711
RP11-471B18.1	4.107
RP11-471B22.2	1.362
RP11-471G13.2	3.764
RP11-471G13.5	1.787
RP11-471L13.2	2.748
RP11-471L13.3	
RP11-471M2.3	0.947
RP11-471N19.1	3.375
RP11-472B18.1	2.372
RP11-472F14.4	
RP11-472F19.1	
RP11-472G21.2	1.565
RP11-472I20.1	-0.609
RP11-472I20.2	1.567
RP11-472K22.1	4.161
RP11-472K22.2	3.097
RP11-472M19.2	1.513
RP11-472N13.2	1.978
RP11-472N13.3	2.976
RP11-472N19.3	2.259
RP11-473A10.2	1.517
RP11-473C18.3	
RP11-473C19.1	2.154
RP11-473D24.1	1.013
RP11-473E2.2	2.561
RP11-473E2.3	
RP11-473E2.4	1.993
RP11-473I1.10	0.626
RP11-473I1.5	1.811
RP11-473I1.6	5.286
RP11-473I1.9	0.952
RP11-473J6.1	1.714
RP11-473L15.2	1.702
RP11-473L15.3	2.117
RP11-473M10.3	1.8
RP11-473M14.3	2.797
RP11-473M20.11	1.297
RP11-473M20.14	3.22
RP11-473M20.16	1.097
RP11-473M20.5	0.904
RP11-473M20.7	0.988
RP11-473M20.9	1.039
RP11-473N11.2	0.962
RP11-473O4.3	1.42
RP11-473O4.4	1.559
RP11-473O4.5	1.339
RP11-473P24.2	1.57
RP11-474B12.1	
RP11-474B16.1	3.747
RP11-474C8.3	0.936
RP11-474C8.4	0.176
RP11-474C8.5	-0.242
RP11-474D1.1	1.001
RP11-474D1.2	3.779
RP11-474D1.3	1.873
RP11-474D1.4	3.154
RP11-474D14.2	
RP11-474G23.1	3.323
RP11-474G23.2	
RP11-474G23.3	0.394
RP11-474I11.7	0.089
RP11-474I11.8	
RP11-474I16.8	0.714
RP11-474J18.1	1.542
RP11-474J18.2	0.559
RP11-474L11.3	2.002
RP11-474L11.5	
RP11-474L23.3	
RP11-474N24.2	1.962
RP11-474N24.6	1.54
RP11-474N8.5	0.688
RP11-474O21.2	1.333
RP11-474O21.5	1.449
RP11-474P12.3	
RP11-474P2.2	1.651
RP11-474P2.4	0.743
RP11-475A13.1	2.542
RP11-475A13.2	3.583
RP11-475B2.1	1.074
RP11-475C16.2	0.95
RP11-475D12.1	4.886
RP11-475D12.2	0.906
RP11-475E11.2	0.245
RP11-475I24.3	
RP11-475I24.7	
RP11-475I24.8	
RP11-475J5.5	1.002
RP11-475J5.7	1.746
RP11-475N22.4	1.602
RP11-475O23.2	0.707
RP11-475O23.3	1.958
RP11-475O6.1	2.308
RP11-476B1.1	3.744
RP11-476B13.2	0.879
RP11-476C8.2	-0.31
RP11-476D10.1	2.117
RP11-476F14.1	2.389
RP11-476H20.1	3.994
RP11-476H24.1	1.422
RP11-476J6.1	3.875
RP11-476K15.1	4.834
RP11-476M19.1	
RP11-476M19.2	2.373
RP11-476M19.3	0.396
RP11-476O21.1	2.429
RP11-477D19.2	1.433
RP11-477E3.2	
RP11-477G18.1	1.527
RP11-477G18.2	0.631
RP11-477G9.1	3.594
RP11-477H21.2	-0.477
RP11-477J21.2	-0.767
RP11-477J21.6	0.12
RP11-477L16.2	
RP11-477N12.3	2.969
RP11-477N3.1	0.53
RP11-478B11.2	2.641
RP11-478B9.1	4.626
RP11-478B9.2	1.134
RP11-478B9.3	0.682
RP11-478C1.7	1.701
RP11-478C1.8	
RP11-478C19.2	1.87
RP11-478C6.1	2.87
RP11-478C6.2	0.075
RP11-478C6.4	
RP11-478C6.5	0.938
RP11-478C6.6	1.597
RP11-478H13.1	3.346
RP11-478H13.3	2.322
RP11-478H13.4	4.734
RP11-478H16.1	0.544
RP11-478K15.6	2.935
RP11-478K7.2	2.571
RP11-478L17.1	3.012
RP11-478P10.1	2.586
RP11-479A21.1	2.584
RP11-479F13.1	
RP11-479G22.6	
RP11-479G22.7	0.302
RP11-479G22.8	1.244
RP11-479I16.2	
RP11-479J7.1	5.658
RP11-479J7.2	5.014
RP11-479O16.1	2.992
RP11-479O17.7	1.699
RP11-479O9.2	1.165
RP11-47A17.2	0.557
RP11-47A8.5	0.624
RP11-47F1.1	1.056
RP11-47G11.2	2.905
RP11-47G11.3	2.106
RP11-47G4.1	0.092
RP11-47G4.2	3.139
RP11-47I22.1	3.092
RP11-47I22.2	3.155
RP11-47I22.3	4.036
RP11-47I22.4	3.621
RP11-47J17.1	0.454
RP11-47J17.2	0.136
RP11-47J17.3	
RP11-47K11.2	1.405
RP11-47P18.1	2.495
RP11-47P18.2	3.636
RP11-480C22.1	2.374
RP11-480D4.1	2.588
RP11-480D4.2	2.588
RP11-480D4.4	-0.105
RP11-480D4.5	0.624
RP11-480D4.6	1.04
RP11-480G7.1	
RP11-480G7.2	1.432
RP11-480G7.3	1.526
RP11-480I12.10	-0.053
RP11-480I12.2	
RP11-480I12.4	0.731
RP11-480I12.5	1.883
RP11-480I12.7	1.304
RP11-480I12.9	0.846
RP11-480N24.4	
RP11-480O10.1	3.797
RP11-480O10.2	2.622
RP11-481A20.10	2.192
RP11-481A20.11	1.798
RP11-481A20.4	0.793
RP11-481C4.1	1.924
RP11-481E4.1	1.946
RP11-481E4.2	1.958
RP11-481G8.2	0.681
RP11-481H12.1	1.471
RP11-481J13.1	5.263
RP11-481J2.1	-0.378
RP11-481J2.2	1.686
RP11-481K16.2	-1.187
RP11-481K9.4	1.823
RP11-481N16.1	1.694
RP11-482D24.2	0.934
RP11-482D24.3	1.985
RP11-482E14.1	1.881
RP11-482E14.2	2.567
RP11-482H16.1	3.331
RP11-482L11.1	
RP11-482L14.1	2.052
RP11-482M8.1	2.882
RP11-482M8.3	2.213
RP11-483A20.3	3.57
RP11-483C6.1	1.818
RP11-483E23.2	
RP11-483E23.3	
RP11-483E23.7	
RP11-483E7.1	2.376
RP11-483F11.7	1.162
RP11-483G21.3	0.852
RP11-483H11.1	0.519
RP11-483H20.4	0.352
RP11-483H20.6	2.177
RP11-483I13.5	2.26
RP11-483K5.2	5.717
RP11-483K5.3	1.719
RP11-483L5.1	1.427
RP11-483P21.2	2.354
RP11-483P21.3	2.354
RP11-483P21.6	0.477
RP11-484D2.2	1.959
RP11-484D2.3	
RP11-484D2.4	-0.511
RP11-484D2.5	-0.635
RP11-484D4.3	2.636
RP11-484K9.4	1.23
RP11-484L7.1	0.541
RP11-484L7.2	0.46
RP11-484L8.1	1.018
RP11-484M3.5	2.06
RP11-484N16.1	1.751
RP11-484O2.1	1.688
RP11-484P15.1	2.439
RP11-485C11.1	
RP11-485G4.2	1.035
RP11-485G7.5	1.127
RP11-485G7.6	0.362
RP11-485M7.1	1.284
RP11-485M7.3	1.169
RP11-485O10.2	0.4
RP11-485O10.3	1.617
RP11-485O14.1	0.89
RP11-486A14.1	2.282
RP11-486A14.2	4.369
RP11-486B10.3	2.066
RP11-486B10.4	1.511
RP11-486E2.1	6.43
RP11-486F17.1	1.355
RP11-486G15.1	-1.203
RP11-486G15.2	1.578
RP11-486L19.2	2.62
RP11-486M23.1	3.562
RP11-486M23.2	4.336
RP11-486M3.2	1.616
RP11-486O12.2	1.84
RP11-486O13.2	2.195
RP11-486O13.3	0.495
RP11-486O13.4	2.4
RP11-486P11.1	1.357
RP11-487E1.2	2.87
RP11-487E13.1	1.971
RP11-487I5.4	-0.9
RP11-488C13.1	1.598
RP11-488C13.4	2.025
RP11-488C13.5	1.81
RP11-488C13.6	1.981
RP11-488C13.7	1.81
RP11-488I20.5	
RP11-488I20.7	2.37
RP11-488I20.8	
RP11-488I20.9	
RP11-488I4.2	1.597
RP11-488L1.1	5.962
RP11-488L18.3	1.477
RP11-488L18.6	2.578
RP11-488L4.1	-0.084
RP11-488P3.1	1.918
RP11-489C13.1	4.516
RP11-489D6.2	2.494
RP11-489E7.1	3.986
RP11-489E7.4	1.86
RP11-489G11.3	1.746
RP11-489N22.3	1.472
RP11-489O18.1	1.826
RP11-48B3.2	1.861
RP11-48B3.3	2.02
RP11-48B3.4	4.358
RP11-48D4.2	2.684
RP11-48F14.1	2.417
RP11-48F14.2	1.149
RP11-48G14.1	0.947
RP11-48G14.2	1.524
RP11-48L13.1	2.215
RP11-48O20.4	1.483
RP11-490C5.1	2.493
RP11-490D19.11	2.278
RP11-490D19.6	2.391
RP11-490D19.8	
RP11-490E15.2	2.84
RP11-490F3.1	
RP11-490G2.2	1.642
RP11-490G8.1	2.618
RP11-490H9.1	1.631
RP11-490K7.1	2.549
RP11-490K7.4	-0.183
RP11-490M8.1	2.939
RP11-490O24.2	2.539
RP11-490O6.2	1.273
RP11-491F9.1	0.625
RP11-491F9.5	1.834
RP11-491F9.6	1.101
RP11-491F9.8	1.271
RP11-491H19.1	2.148
RP11-491H9.3	0.877
RP11-492A10.1	2.919
RP11-492A12.2	-0.74
RP11-492D6.3	
RP11-492E3.2	2.55
RP11-492E3.51	2.625
RP11-492I2.1	0.197
RP11-492I21.1	0.011
RP11-492L8.1	4.229
RP11-492L8.2	3.028
RP11-492M19.3	0.864
RP11-492M23.2	3.125
RP11-492O8.1	1.825
RP11-493E12.1	1.729
RP11-493E12.2	1.075
RP11-493E3.1	-2.256
RP11-493E3.2	2.101
RP11-493G17.4	-0.27
RP11-493K19.3	1.326
RP11-493K23.4	1.377
RP11-493L12.3	2.489
RP11-493L12.4	1.081
RP11-493L12.5	2.355
RP11-493L12.6	2.068
RP11-493P1.2	-0.785
RP11-494H4.3	-0.779
RP11-494I9.1	1.088
RP11-494I9.2	4.594
RP11-494K3.2	0.402
RP11-494M8.1	1.769
RP11-494M8.4	3.745
RP11-494O16.3	1.923
RP11-495K9.5	1.674
RP11-495K9.6	1.696
RP11-495K9.7	3.073
RP11-495K9.9	1.637
RP11-495O10.1	3.086
RP11-495O11.1	0.038
RP11-495P10.2	
RP11-495P10.3	
RP11-495P10.4	
RP11-495P10.5	
RP11-495P10.7	
RP11-495P10.8	
RP11-496B10.3	2.086
RP11-496D1.2	
RP11-496D24.2	2.243
RP11-496H1.1	1.185
RP11-496H15.2	
RP11-496I2.2	
RP11-496I2.5	
RP11-496I9.1	1.385
RP11-496N12.6	1.984
RP11-497D6.3	2.954
RP11-497D6.5	0.811
RP11-497E19.1	1.341
RP11-497E19.2	1.341
RP11-497G19.1	2.662
RP11-497G19.2	1.908
RP11-497G19.3	3.247
RP11-497H16.5	-0.522
RP11-497H16.7	
RP11-497H17.1	0.312
RP11-497J7.1	2.2
RP11-497J7.2	1.059
RP11-497J7.4	1.48
RP11-497K15.1	2.316
RP11-497K21.1	3.227
RP11-498B4.5	0.609
RP11-498C9.12	
RP11-498C9.13	
RP11-498C9.15	1.282
RP11-498C9.16	0.945
RP11-498C9.17	1.146
RP11-498C9.2	0.477
RP11-498C9.3	1.782
RP11-498D10.3	-0.781
RP11-498D10.5	0.398
RP11-498D10.6	0.27
RP11-498D10.8	0.456
RP11-498E11.2	1.627
RP11-498E2.7	0.743
RP11-498E2.8	2.232
RP11-498E2.9	0.67
RP11-498J9.2	1.621
RP11-498M14.1	2.799
RP11-498M15.1	2.939
RP11-498M5.2	3.296
RP11-498P14.4	1.244
RP11-498P14.5	1.609
RP11-499E18.1	2.487
RP11-499F3.1	1.37
RP11-499F3.2	3.487
RP11-499O7.4	1.617
RP11-499O7.7	2.879
RP11-499P1.1	1.912
RP11-499P20.2	1.648
RP11-49C24.1	2.329
RP11-49C9.2	
RP11-49G10.3	0.007
RP11-49I11.1	0.883
RP11-49I11.2	1.277
RP11-49I11.3	2.018
RP11-49I4.3	0.948
RP11-49K24.4	1.494
RP11-49K24.5	0.057
RP11-49K24.8	1.11
RP11-49K4.2	
RP11-49L2.1	1.641
RP11-49O14.2	1.128
RP11-49O14.3	
RP11-4B14.3	0.074
RP11-4C20.3	1.364
RP11-4C20.4	1.368
RP11-4E23.2	0.523
RP11-4F22.2	2.213
RP11-4F5.2	1.967
RP11-4G2.1	4.978
RP11-4H14.1	2.2
RP11-4K16.2	1.549
RP11-4K3__A.3	1.734
RP11-4K3__A.5	0.317
RP11-4M23.2	0.639
RP11-4M23.3	
RP11-4M23.7	2.589
RP11-4N23.1	3.049
RP11-4O1.2	2.162
RP11-4O3.1	1.962
RP11-4O3.2	2.711
RP11-500B12.1	2.724
RP11-500C11.3	0.996
RP11-500G10.4	1.701
RP11-500G22.2	0.732
RP11-500G9.1	2.224
RP11-500K19.1	2.474
RP11-500K19.2	-1.047
RP11-500M10.1	3.567
RP11-500M8.4	1.55
RP11-500M8.6	1.979
RP11-500M8.7	2.953
RP11-501C14.5	0.822
RP11-501C14.6	0.623
RP11-501C14.7	
RP11-501C14.9	0.873
RP11-501E14.1	3.027
RP11-501H19.2	
RP11-501J20.2	2.92
RP11-501J20.3	1.556
RP11-501J20.5	2.193
RP11-501M7.1	0.754
RP11-501O2.1	4.35
RP11-501O2.3	3.125
RP11-501O2.4	1.761
RP11-501O2.5	2.529
RP11-502H18.2	2.328
RP11-502I4.3	0.929
RP11-502M1.1	2.459
RP11-502M1.2	2.352
RP11-502N13.2	2.907
RP11-503C24.1	2.324
RP11-503C24.2	3.114
RP11-503C24.3	2.358
RP11-503C24.4	2.203
RP11-503C24.6	2.824
RP11-503D12.1	1.936
RP11-503E24.2	0.045
RP11-503E24.3	3.188
RP11-503G7.1	4.752
RP11-503G7.2	0.528
RP11-503I22.2	0.534
RP11-503K16.2	0.428
RP11-503L19.1	1.55
RP11-503L23.1	4.382
RP11-503N18.1	2.392
RP11-503N18.3	1.323
RP11-503N18.4	
RP11-503N18.5	5.632
RP11-503P10.1	
RP11-504A18.1	2.631
RP11-504E21.1	2.914
RP11-504G3.4	1.302
RP11-504I13.3	1.198
RP11-504P24.5	0.483
RP11-505C13.1	2.564
RP11-505E24.2	3.076
RP11-505E24.3	2.792
RP11-505K1.1	2.279
RP11-505K9.1	1.622
RP11-505K9.3	1.456
RP11-505K9.4	1.754
RP11-505O17.1	2.195
RP11-505P4.5	
RP11-505P4.6	0.606
RP11-505P4.7	1.3
RP11-506A18.1	3.11
RP11-506B6.3	1.235
RP11-506B6.5	-0.255
RP11-506B6.6	3.151
RP11-506D12.5	1.564
RP11-506E9.3	2.001
RP11-506H20.1	3.043
RP11-506H20.2	-0.734
RP11-506K19.1	
RP11-506K19.2	1.241
RP11-506K6.4	0.946
RP11-506M12.1	0.764
RP11-506N2.1	2.258
RP11-506O24.1	1.651
RP11-506O24.2	-0.189
RP11-507B12.1	2.964
RP11-507B12.2	4.302
RP11-507D14.4	
RP11-507E23.1	
RP11-507F16.1	2.805
RP11-507J18.1	1.996
RP11-507J18.2	-0.391
RP11-507K13.4	1.256
RP11-507K13.6	
RP11-507K2.2	1.744
RP11-507K2.3	-0.394
RP11-507M3.1	2.321
RP11-508M1.7	
RP11-508M8.1	2.923
RP11-508N12.2	4.896
RP11-508N12.3	1.041
RP11-508N12.4	
RP11-508N22.11	
RP11-508N22.12	1.723
RP11-508N22.13	
RP11-508O18.1	1.883
RP11-508P1.2	2.081
RP11-509E10.1	2.915
RP11-509E16.1	1.315
RP11-509J21.1	2.557
RP11-509J21.2	1.191
RP11-509J21.3	3.076
RP11-509J21.4	1.439
RP11-509M23.1	2.676
RP11-509P12.1	0.111
RP11-50B3.1	1.982
RP11-50B3.2	2.761
RP11-50B3.4	-1.17
RP11-50C13.1	1.84
RP11-50C13.2	0.844
RP11-50D9.1	
RP11-50D9.3	1.499
RP11-50E11.2	-0.784
RP11-50E11.3	1.201
RP11-50I19.1	3.582
RP11-50O21.1	3.355
RP11-510C10.2	0.695
RP11-510C10.3	0.535
RP11-510C10.4	2.642
RP11-510D19.1	3.46
RP11-510D21.1	1.975
RP11-510D21.2	4.329
RP11-510H23.1	2.473
RP11-510I21.1	4.529
RP11-510I5.4	4.297
RP11-510I6.1	3.929
RP11-510I6.2	2.539
RP11-510I6.3	2.787
RP11-510J16.5	3.412
RP11-510M2.1	2.369
RP11-510M2.2	1.476
RP11-510M2.4	0.88
RP11-510M2.5	1.402
RP11-510M2.6	0.257
RP11-510M2.7	-0.162
RP11-510M2.8	0.742
RP11-510N19.2	2.063
RP11-510N19.3	2.671
RP11-510N19.5	1.39
RP11-510P12.1	2.271
RP11-511B23.1	1.507
RP11-511B23.2	3.328
RP11-511B23.3	3.328
RP11-511B23.4	-1.201
RP11-511B7.1	3.746
RP11-511H9.3	0.238
RP11-511H9.4	1.975
RP11-511I11.1	1.147
RP11-511I11.2	1.063
RP11-511I2.2	3.152
RP11-511P7.4	1.97
RP11-512F24.1	0.03
RP11-512G4.1	3.2
RP11-512H23.2	-2.771
RP11-512M8.3	0.606
RP11-512M8.5	1.582
RP11-512N21.1	
RP11-512N21.3	1.799
RP11-512N4.2	0.062
RP11-513D4.1	0.855
RP11-513D4.2	0.385
RP11-513D4.3	
RP11-513D5.2	0.296
RP11-513D5.5	0.927
RP11-513G11.2	1.839
RP11-513G11.3	1.322
RP11-513G11.4	2.917
RP11-513G19.1	4.411
RP11-513H8.1	3.413
RP11-513I15.6	3.078
RP11-513M1.1	1.677
RP11-513M16.7	
RP11-513M16.8	-2.487
RP11-513N24.1	2.837
RP11-513O17.1	1.278
RP11-513O17.2	2.785
RP11-513O17.3	1.69
RP11-514A9.1	0.503
RP11-514D23.1	3.237
RP11-514D23.3	1.129
RP11-514F3.4	1.412
RP11-514F3.5	1.781
RP11-514F8.2	3.038
RP11-514O12.4	5.118
RP11-514P8.2	0.8
RP11-514P8.8	1.771
RP11-515C16.1	1.392
RP11-515E23.1	1.708
RP11-515E23.2	1.498
RP11-515K14.1	4.424
RP11-515O17.2	1.383
RP11-515O17.3	2.041
RP11-516A11.1	-0.904
RP11-516A11.3	-0.832
RP11-516C1.1	-1.365
RP11-516J2.1	2.806
RP11-517B11.2	0.774
RP11-517B11.4	0.837
RP11-517B11.6	
RP11-517B11.7	1.101
RP11-517C16.2	2.91
RP11-517C16.4	0.559
RP11-517H2.6	2.114
RP11-517I3.1	3.94
RP11-517O13.1	1.583
RP11-517O13.3	1.436
RP11-517P14.2	2.183
RP11-517P14.7	2.242
RP11-518I13.1	2.403
RP11-518L10.5	2.765
RP11-519C12.1	0.681
RP11-519G16.2	2.328
RP11-519G16.3	4.497
RP11-519G16.5	2.63
RP11-519M16.1	2.342
RP11-51B23.3	2.833
RP11-51C14.1	2.776
RP11-51E20.1	3.334
RP11-51F16.5	
RP11-51F16.8	
RP11-51F16.9	0.377
RP11-51G5.1	1.424
RP11-51I5.1	1.815
RP11-51J9.4	3.133
RP11-51J9.5	1.304
RP11-51J9.6	3.59
RP11-51L5.2	
RP11-51L5.3	4.097
RP11-51M18.1	3.523
RP11-51M24.1	1.581
RP11-51O6.1	2.238
RP11-51P8.1	1.372
RP11-520A21.1	4.036
RP11-520B13.4	1.261
RP11-520D19.1	2.743
RP11-520D19.2	3.327
RP11-520H14.1	1.236
RP11-520H16.4	-0.687
RP11-521A24.1	-1.405
RP11-521B24.3	1.77
RP11-521B24.5	
RP11-521C10.1	
RP11-521C20.1	1.378
RP11-521C20.2	2.574
RP11-521C20.3	0.189
RP11-521D12.1	3.946
RP11-521D12.2	2.579
RP11-521D12.4	1.669
RP11-521D12.5	2.225
RP11-521E5.1	2.77
RP11-521F1.1	2.188
RP11-521I2.3	1.123
RP11-521J24.1	2.636
RP11-521J5.1	1.784
RP11-521L9.1	2.041
RP11-521L9.2	0.455
RP11-521M14.1	1.788
RP11-521M14.2	1.98
RP11-521O16.1	2.529
RP11-521O16.2	2.143
RP11-521P1.1	1.798
RP11-522B15.3	2.519
RP11-522B15.4	1.891
RP11-522B15.5	1.052
RP11-522B15.6	0.097
RP11-522D2.1	2.135
RP11-522I20.3	1.789
RP11-522L3.11	1.153
RP11-522L3.3	-1.773
RP11-522L3.4	-1.739
RP11-522L3.5	1.739
RP11-522L3.6	
RP11-522L3.9	
RP11-522M21.2	
RP11-522M21.3	1.025
RP11-522N14.2	0.715
RP11-523G9.3	4.808
RP11-523H20.3	1.867
RP11-523H24.3	2.047
RP11-523K4.2	0.091
RP11-523L1.2	0.889
RP11-523L20.1	2.318
RP11-523L20.2	2.625
RP11-523O18.1	1.588
RP11-523O18.5	3.398
RP11-523O18.7	2.745
RP11-524C21.1	1.665
RP11-524C21.2	2.826
RP11-524D16__A.3	-1.089
RP11-524F11.1	0.484
RP11-524F11.2	2.731
RP11-524G24.2	1.02
RP11-524H19.2	2.11
RP11-524K14.1	1.868
RP11-524K22.1	2.629
RP11-524L6.2	2.339
RP11-524L6.3	2.849
RP11-524L6.4	1.647
RP11-524O1.4	
RP11-524O24.2	
RP11-524P6.1	1.997
RP11-525A16.4	3.327
RP11-525E9.1	
RP11-525G13.2	1.456
RP11-525J21.1	3.765
RP11-525K10.1	2.466
RP11-525K10.2	0.588
RP11-525K10.3	4.739
RP11-526A4.1	5.016
RP11-526D8.7	2.089
RP11-526F3.1	1.15
RP11-526H11.1	2.812
RP11-526I2.1	0.884
RP11-526I2.5	1.626
RP11-526I8.2	0.137
RP11-526K17.2	0.949
RP11-526N18.1	2.561
RP11-526P5.1	1.766
RP11-526P5.2	2.918
RP11-526P6.1	2.168
RP11-527B17.2	1.603
RP11-527D15.1	1.173
RP11-527D7.1	2.738
RP11-527F13.1	2.151
RP11-527H14.6	
RP11-527J8.1	-0.557
RP11-527L4.2	0.937
RP11-527L4.5	3.501
RP11-527L4.6	1.563
RP11-527N22.1	2.584
RP11-527N22.2	1.119
RP11-528A10.1	0.434
RP11-528A10.2	3.324
RP11-528A4.2	1.862
RP11-528A4.3	2.478
RP11-528G1.2	2.356
RP11-528I4.2	4.735
RP11-528M18.3	3.05
RP11-528N21.1	2.233
RP11-529A4.10	1.338
RP11-529A4.12	2.021
RP11-529A4.9	1.127
RP11-529E10.6	2.112
RP11-529E10.7	1.808
RP11-529E15.1	1.604
RP11-529F4.1	8.756
RP11-529G21.2	0.723
RP11-529G21.3	1.852
RP11-529H2.1	1.438
RP11-529H2.2	1.488
RP11-529H20.5	1.319
RP11-529H20.6	1.661
RP11-529H22.1	1.046
RP11-529J17.1	2.521
RP11-529J17.3	2.249
RP11-529J17.5	
RP11-529K1.2	1.126
RP11-529K1.3	1.126
RP11-529K1.4	1.519
RP11-529P9.1	
RP11-52A20.2	1.061
RP11-52I18.1	0.006
RP11-52J3.2	-0.581
RP11-52J3.3	0.837
RP11-52L11.6	0.534
RP11-52L11.7	
RP11-52L11.9	-0.041
RP11-52L5.6	0.017
RP11-52M17.1	0.834
RP11-530A18.1	2.472
RP11-530C5.1	3.506
RP11-530C5.2	0.542
RP11-530I17.1	2.339
RP11-530I17.2	1.947
RP11-530N7.2	-0.79
RP11-530N7.3	2.155
RP11-531A21.2	1.764
RP11-531A21.3	2.935
RP11-531A21.4	1.545
RP11-531A24.3	0.989
RP11-531A24.5	0.984
RP11-531A24.7	
RP11-531F16.3	1.553
RP11-531F16.4	1.88
RP11-531H8.1	2.084
RP11-531H8.2	7.125
RP11-531P14.1	1.136
RP11-532E4.2	5.406
RP11-532F12.5	1.268
RP11-532F12.6	1.398
RP11-532F6.2	0.449
RP11-532F6.3	2.462
RP11-532F6.4	2.053
RP11-532F6.5	2.709
RP11-532L16.1	1.331
RP11-532L16.3	1.689
RP11-532M24.1	-0.406
RP11-532N4.2	3.241
RP11-533E19.2	2.566
RP11-533E19.3	0.5
RP11-533E19.5	1.135
RP11-533E19.7	0.81
RP11-533F5.2	2.316
RP11-533K11.1	4.329
RP11-533K9.3	1.791
RP11-533N14.3	1.496
RP11-533O20.2	-0.348
RP11-534C12.1	1.592
RP11-534I8.1	1.673
RP11-534L20.4	1.033
RP11-534L20.5	1.653
RP11-534L6.2	2.517
RP11-534L6.3	0.77
RP11-534L6.5	0.901
RP11-534N16.1	1.701
RP11-534P19.1	2.285
RP11-535A19.1	1.043
RP11-535A19.2	1.043
RP11-535A5.1	4.256
RP11-535C21.3	
RP11-535C7.1	1.171
RP11-535I24.2	0.458
RP11-535K18.2	-0.343
RP11-535M15.1	1.14
RP11-535M15.2	1.13
RP11-535N6.2	1.44
RP11-536C10.1	
RP11-536C10.10	
RP11-536C10.15	
RP11-536C10.9	
RP11-536C5.2	1.69
RP11-536C5.7	2.413
RP11-536G4.1	1.617
RP11-536G4.2	2.143
RP11-536I6.1	2.05
RP11-536I6.2	3.037
RP11-536K17.1	3.298
RP11-536K7.3	1.312
RP11-536K7.5	1.012
RP11-536L3.4	
RP11-536N17.1	1.654
RP11-536O18.1	3.113
RP11-536O18.2	3.761
RP11-536P6.3	3.806
RP11-537A6.9	0.761
RP11-537H15.3	0.729
RP11-537H15.4	4.033
RP11-537I16.2	
RP11-537P22.2	0.581
RP11-538D16.2	2.109
RP11-538D16.3	3.184
RP11-538I12.2	2.555
RP11-538I12.3	3.2
RP11-538P18.1	-0.046
RP11-538P18.2	1.237
RP11-539E17.5	0.578
RP11-539E19.2	0.44
RP11-539G18.1	-0.11
RP11-539G18.2	1.573
RP11-539I5.1	1.913
RP11-539L10.2	1.682
RP11-539L10.3	1.375
RP11-53A1.2	0.964
RP11-53B2.1	2.592
RP11-53B2.2	1.54
RP11-53B2.3	0.948
RP11-53B2.4	1.399
RP11-53B2.5	0.202
RP11-53B2.6	
RP11-53B5.1	2.7
RP11-53I6.1	0.368
RP11-53I6.2	2.347
RP11-53I6.3	-0.671
RP11-53I6.4	0.7
RP11-53I6.5	1.11
RP11-53L24.1	2.719
RP11-53M11.2	2.971
RP11-53M11.3	1.304
RP11-53M11.4	1.827
RP11-53O19.1	2.693
RP11-53O19.2	0.881
RP11-53O19.3	3.58
RP11-540A21.2	0.9
RP11-540B6.6	0.497
RP11-540D4.3	2.06
RP11-540E16.1	1.84
RP11-540E16.2	2.762
RP11-540H22.2	0.697
RP11-540K16.1	1.565
RP11-540K16.2	1.481
RP11-540N6.1	3.098
RP11-540O11.1	1.359
RP11-540O11.4	1.232
RP11-540O11.6	0.095
RP11-540O11.7	1.74
RP11-541E12.1	2.752
RP11-541F9.1	3.478
RP11-541F9.2	3.221
RP11-541G9.1	2.273
RP11-541G9.2	2.922
RP11-541H12.1	0.898
RP11-541N10.3	1.122
RP11-541P9.3	6.683
RP11-542A14.1	1.687
RP11-542A14.2	1.425
RP11-542B15.1	2.415
RP11-542C10.1	6.062
RP11-542C16.1	0.713
RP11-542C16.2	1.596
RP11-542E6.3	1.704
RP11-542F9.1	2.051
RP11-542G1.1	3.262
RP11-542G1.2	2.239
RP11-542G1.3	2.239
RP11-542K23.10	1.785
RP11-542K23.7	2.117
RP11-542K23.9	4.278
RP11-542M13.2	3.39
RP11-542M13.3	1.764
RP11-542P2.1	3.306
RP11-543A18.1	2.247
RP11-543B16.1	1.793
RP11-543B16.2	2.309
RP11-543B16.3	1.641
RP11-543C4.1	5.043
RP11-543C4.3	-0.094
RP11-543D10.2	1.182
RP11-543D5.1	1.986
RP11-543D5.2	0.479
RP11-543E8.1	3.212
RP11-543E8.2	1.566
RP11-543F8.2	4.429
RP11-543F8.3	2.498
RP11-543G18.1	2.255
RP11-543H12.1	1.994
RP11-543H23.2	3.382
RP11-543N12.1	1.826
RP11-543P15.1	1.15
RP11-544A12.4	1.974
RP11-544A12.5	1.373
RP11-544A12.8	0.408
RP11-544D21.1	1.636
RP11-544D21.2	1.875
RP11-544I20.2	1.352
RP11-544L8__B.4	2.401
RP11-544M22.1	1.313
RP11-544M22.3	
RP11-544M22.8	0.644
RP11-545A16.1	1.572
RP11-545A16.3	0.515
RP11-545A16.4	-0.041
RP11-545D19.1	2.257
RP11-545E17.3	0.601
RP11-545G3.1	
RP11-545H22.1	5.056
RP11-545I10.2	1.369
RP11-545I5.3	2.775
RP11-545M17.1	-1.514
RP11-545M17.2	
RP11-545M17.3	
RP11-545N8.3	0.699
RP11-545P6.2	2.457
RP11-545P7.4	1.834
RP11-546B15.1	1.815
RP11-546B15.2	-0.005
RP11-546B8.1	3.757
RP11-546B8.3	
RP11-546B8.5	0.282
RP11-546J1.1	2.827
RP11-546K22.1	3.069
RP11-546K22.2	2.437
RP11-546K22.3	2.515
RP11-546M21.6	1.915
RP11-546O6.4	2.013
RP11-547C13.1	3.997
RP11-547C5.1	1.262
RP11-547C5.2	1.727
RP11-547D23.1	1.28
RP11-547D24.1	2.443
RP11-547D24.3	1.735
RP11-547I7.1	1.746
RP11-547I7.2	0.03
RP11-547L9.1	2.138
RP11-547M24.1	0.372
RP11-548B3.3	0.108
RP11-548H18.2	0.679
RP11-548H3.1	1.741
RP11-548K12.3	
RP11-548K12.4	
RP11-548K12.5	
RP11-548K12.6	
RP11-548K12.7	
RP11-548K12.8	
RP11-548L20.1	4.781
RP11-548M13.1	4.528
RP11-548N1.1	0.796
RP11-548O1.3	2.265
RP11-548P2.2	1.47
RP11-549A6.1	4.139
RP11-549B18.1	2.075
RP11-549B18.3	
RP11-549J18.1	0.075
RP11-549K20.1	4.068
RP11-549L6.2	-1.137
RP11-549L6.3	0.514
RP11-54A4.2	1.888
RP11-54A9.1	2.709
RP11-54C4.1	0.567
RP11-54C4.2	0.411
RP11-54D18.2	2.011
RP11-54D18.3	5.784
RP11-54D18.4	1.215
RP11-54F2.1	1.192
RP11-54I5.1	0.517
RP11-54J7.2	2.827
RP11-54K16.2	2.002
RP11-54O15.3	1.366
RP11-54O7.1	1.403
RP11-54O7.10	1.191
RP11-54O7.11	0.67
RP11-54O7.14	1.396
RP11-54O7.16	1.403
RP11-54O7.17	2.051
RP11-54O7.2	0.991
RP11-54O7.3	1.629
RP11-54P19.1	
RP11-550A18.1	-0.695
RP11-550A5.2	0.742
RP11-550A9.1	2.099
RP11-550C4.4	1.689
RP11-550C4.6	1.831
RP11-550F7.1	0.272
RP11-550H2.1	4.371
RP11-550H2.2	2.896
RP11-550I15.1	0.37
RP11-550I24.2	2.01
RP11-550I24.3	
RP11-550P17.5	1.964
RP11-551G24.2	-0.603
RP11-551G24.3	1.35
RP11-551L14.1	1.993
RP11-551L14.4	1.542
RP11-551L14.6	2.202
RP11-551L14.7	1.366
RP11-552C15.1	2.705
RP11-552D4.1	2.631
RP11-552D8.1	2.484
RP11-552E10.1	1.12
RP11-552E20.1	2.282
RP11-552E20.4	2.369
RP11-552F3.10	1.116
RP11-552F3.12	1.988
RP11-552F3.13	
RP11-552F3.4	0.751
RP11-552F3.9	1.023
RP11-552I14.1	1.861
RP11-552M11.4	1.572
RP11-552M11.8	1.572
RP11-552M14.1	1.652
RP11-552O4.1	0.454
RP11-552O4.2	-0.116
RP11-553A10.1	2.813
RP11-553A21.3	2.294
RP11-553D4.2	1.139
RP11-553E24.1	0.826
RP11-553E24.2	3.577
RP11-553E24.3	3.189
RP11-553K23.2	
RP11-553K8.2	2.707
RP11-553K8.5	1.723
RP11-553L6.2	1.947
RP11-553L6.3	0.469
RP11-553L6.5	0.285
RP11-553N16.1	1.201
RP11-553N19.1	0.521
RP11-553P9.1	4.414
RP11-553P9.2	2.57
RP11-553P9.3	3.38
RP11-554A11.4	3.374
RP11-554A11.5	-0.488
RP11-554A11.6	2.042
RP11-554A11.7	1.481
RP11-554A11.8	2.446
RP11-554A11.9	2.446
RP11-554D13.1	1.641
RP11-554D14.1	2.667
RP11-554D14.2	1.404
RP11-554D14.3	0.663
RP11-554D14.4	0.608
RP11-554D14.5	0.863
RP11-554D14.6	0.989
RP11-554D14.7	0.94
RP11-554D15.1	5.048
RP11-554D15.2	0.511
RP11-554D15.3	5.048
RP11-554D15.4	1.909
RP11-554D20.1	1.196
RP11-554E23.2	
RP11-554E23.3	
RP11-554E23.4	
RP11-554F20.1	2.783
RP11-554I8.1	3.002
RP11-554I8.2	2.506
RP11-554J4.1	0.556
RP11-554K11.2	2.997
RP11-554L12.1	3.285
RP11-554L12.2	1.911
RP11-554L12.3	3.528
RP11-555F9.2	4.016
RP11-555G19.1	2.392
RP11-555H23.1	1.925
RP11-555H7.2	2.188
RP11-555J4.2	1.577
RP11-555J4.3	-0.042
RP11-555J4.4	0.915
RP11-555K12.1	5.496
RP11-555K12.2	2.76
RP11-555M1.3	0.816
RP11-556E13.1	2.887
RP11-556G22.1	-0.557
RP11-556G22.2	6.397
RP11-556G22.3	2.338
RP11-556H2.2	2.441
RP11-556H2.3	2.396
RP11-556H2.4	0.935
RP11-556I14.1	2.067
RP11-556I14.2	2.295
RP11-556K13.1	1.856
RP11-556N4.1	0.812
RP11-556O15.1	2.241
RP11-556O9.2	1.096
RP11-556O9.3	
RP11-556O9.4	-0.08
RP11-557B23.3	2.25
RP11-557C18.3	3.219
RP11-557C18.4	2.111
RP11-557C9.1	4.81
RP11-557C9.3	2.271
RP11-557F20.2	2.095
RP11-557H15.3	4.007
RP11-557H15.4	2.96
RP11-557H15.5	0.796
RP11-557J10.3	0.385
RP11-557J10.4	0.446
RP11-557J10.5	2.111
RP11-557L19.1	3.754
RP11-558A11.1	2.637
RP11-558A11.2	0.053
RP11-558A11.3	1.744
RP11-558F24.2	0.961
RP11-558F24.4	1.754
RP11-558F24.6	
RP11-558O12.1	2.001
RP11-559M23.1	0.757
RP11-559N14.5	2.546
RP11-559N14.6	0.535
RP11-55C6.1	2.965
RP11-55K13.1	1.36
RP11-55K22.2	-0.599
RP11-55K22.5	1.3
RP11-55L3.1	2.053
RP11-55L4.1	1.974
RP11-55L4.2	2.677
RP11-560A15.3	2.469
RP11-560A15.4	2.773
RP11-560A7.1	2.221
RP11-560B16.5	2.578
RP11-560G2.1	1.911
RP11-560G2.2	0.245
RP11-560I19.1	
RP11-560I19.2	
RP11-560J1.2	1.707
RP11-560L11.1	1.534
RP11-560O20.1	3.328
RP11-561B11.1	1.909
RP11-561B11.3	1.236
RP11-561B11.6	1.607
RP11-561C5.4	1.102
RP11-561C5.5	2.941
RP11-561E1.1	1.768
RP11-561G1.3	2.226
RP11-561I11.3	1.997
RP11-561I11.4	1.997
RP11-561N12.2	0.726
RP11-561O4.1	0.665
RP11-561P12.2	1.247
RP11-561P12.5	
RP11-562A8.1	-2.299
RP11-562A8.4	-0.637
RP11-562A8.5	0.105
RP11-562F9.1	4.832
RP11-562F9.2	1.961
RP11-562L8.1	1.509
RP11-562M8.4	1.742
RP11-563D10.1	4.237
RP11-563E2.2	2.715
RP11-563H6.1	4.095
RP11-563J2.2	3.58
RP11-563K23.1	2.365
RP11-563M4.1	4.503
RP11-563N12.2	3.956
RP11-563N4.1	1.237
RP11-563N6.6	0.714
RP11-563P16.1	4.104
RP11-564A8.4	0.861
RP11-564A8.8	-0.411
RP11-564C24.1	1.457
RP11-564C4.4	1.543
RP11-564C4.6	1.794
RP11-564D11.3	1.511
RP11-564P9.1	3.506
RP11-565A3.1	2.777
RP11-565A3.2	2.777
RP11-565F19.2	4.472
RP11-565F19.3	-1.212
RP11-565F19.4	0.732
RP11-565F4.1	0.81
RP11-565H13.3	4.203
RP11-565J7.1	1.603
RP11-565N2.1	2.96
RP11-565N2.2	1.965
RP11-565P22.2	-0.265
RP11-565P22.6	1.813
RP11-566E18.3	0.976
RP11-566F5.1	2.664
RP11-566F5.2	3.799
RP11-566H8.1	3.223
RP11-566H8.2	0.307
RP11-566H8.3	2.012
RP11-566J3.2	3.072
RP11-566J3.4	2.251
RP11-566K11.4	1.302
RP11-566K11.5	1.128
RP11-566K11.7	3.996
RP11-566K19.3	
RP11-567B20.1	1.679
RP11-567B20.2	1.293
RP11-567C2.1	2.095
RP11-567C20.2	
RP11-567C20.3	1.358
RP11-567E21.3	1.379
RP11-567G11.1	4.344
RP11-567G24.1	0.739
RP11-567G24.3	1.545
RP11-567J20.1	1.529
RP11-567J20.2	0.771
RP11-567J20.3	1.661
RP11-567J24.4	1.588
RP11-567L7.5	0.798
RP11-567L7.6	2.697
RP11-567L7.7	1.954
RP11-567M16.1	2.241
RP11-567M16.2	4.06
RP11-567M16.3	1.819
RP11-567M16.5	-0.307
RP11-567M21.3	2.177
RP11-567N4.2	3.986
RP11-567N4.3	1.406
RP11-567O16.1	
RP11-567O18.1	-1.538
RP11-567P17.1	-0.516
RP11-567P17.2	
RP11-568A19.1	5.238
RP11-568A7.1	1.869
RP11-568A7.2	0.988
RP11-568A7.3	1.543
RP11-568G11.4	0.909
RP11-568G11.5	-0.113
RP11-568G20.2	1.714
RP11-568J23.1	3.613
RP11-568J23.4	0.748
RP11-568J23.5	0.347
RP11-568J23.6	-0.464
RP11-568J23.7	1.212
RP11-568K15.1	1.704
RP11-568N6.1	2.554
RP11-569A11.1	1.592
RP11-569A11.2	1.763
RP11-569A2.2	0.356
RP11-569G13.2	2.483
RP11-569G9.7	-1.012
RP11-569H17.1	0.921
RP11-56A10.1	4.772
RP11-56B16.1	1.598
RP11-56B16.2	1.005
RP11-56B16.4	
RP11-56B16.5	2.1
RP11-56F10.3	1.606
RP11-56G10.2	0.679
RP11-56H16.1	2.634
RP11-56H2.2	1.757
RP11-56H7.2	
RP11-56I23.1	2.625
RP11-56M3.1	1.818
RP11-56N19.5	2.604
RP11-56O18.1	-1.27
RP11-56P9.11	1.966
RP11-570G20.1	0.259
RP11-570H19.2	3.079
RP11-570K4.1	1.961
RP11-570L15.1	2.858
RP11-570L15.2	2.858
RP11-570P14.1	0.091
RP11-571E6.1	0.526
RP11-571F15.3	
RP11-571I18.2	
RP11-571I18.4	
RP11-571L19.7	2.185
RP11-571L19.8	1.89
RP11-571M6.1	1.345
RP11-571M6.15	1.298
RP11-571M6.17	
RP11-571M6.18	0.346
RP11-571M6.7	2.016
RP11-571M6.8	0.571
RP11-571O6.1	4.167
RP11-572C15.3	3.11
RP11-572C15.5	2.294
RP11-572C15.6	0.737
RP11-572C21.1	0.59
RP11-572F4.1	-0.52
RP11-572H4.1	3.83
RP11-572M11.1	1.207
RP11-572M11.2	0.113
RP11-572M11.3	1.493
RP11-572M11.4	2.405
RP11-572O17.1	-0.509
RP11-572O6.1	1.596
RP11-572P18.1	2.742
RP11-572P18.2	4.271
RP11-573D15.1	0.989
RP11-573D15.2	1.7
RP11-573D15.3	1.7
RP11-573D15.6	0.739
RP11-573D15.8	3.104
RP11-573D15.9	0.514
RP11-573E11.2	2.509
RP11-573G6.10	0.886
RP11-573G6.2	2.57
RP11-573G6.6	2.376
RP11-573G6.8	
RP11-573G6.9	0.942
RP11-573J24.1	2.949
RP11-573M3.3	-1.606
RP11-573M3.4	2.028
RP11-573N10.1	0.987
RP11-574F11.3	2.202
RP11-574F21.2	-2.152
RP11-574H6.1	2.911
RP11-574K11.27	0.371
RP11-574K11.28	2.789
RP11-574K11.29	2.789
RP11-574K11.31	1.78
RP11-574K11.5	0.218
RP11-574K11.8	1.2
RP11-574M7.1	
RP11-574O16.1	4.204
RP11-574O7.1	0.755
RP11-575A19.2	1.572
RP11-575B7.3	2.412
RP11-575C1.1	2.446
RP11-575C20.1	3.958
RP11-575F12.1	4.892
RP11-575F12.2	2.247
RP11-575G13.2	2.11
RP11-575G13.3	
RP11-575I8.1	2.456
RP11-575L7.2	1.923
RP11-575L7.4	1.74
RP11-575L7.8	0.021
RP11-575M4.1	1.997
RP11-575N15.1	2.638
RP11-576C12.1	-1.125
RP11-576D8.4	2.561
RP11-576E20.1	3.559
RP11-576I22.2	4.614
RP11-576M8.2	1.548
RP11-576N17.2	
RP11-576N17.3	2.168
RP11-576N17.4	3.574
RP11-576N17.5	2.873
RP11-577B7.1	-0.836
RP11-577G20.1	4.331
RP11-577G20.2	2.362
RP11-577H5.1	2.267
RP11-577N1.1	1.075
RP11-577N1.2	0.882
RP11-578C11.2	1.457
RP11-578F21.3	
RP11-578F21.4	
RP11-578O24.2	-0.364
RP11-579D7.2	
RP11-579D7.4	-0.155
RP11-579D7.8	2.371
RP11-579E24.1	1.268
RP11-579E24.2	1.521
RP11-579O24.1	-0.18
RP11-579O24.3	-0.24
RP11-57A1.1	1.477
RP11-57A19.2	1.803
RP11-57B24.1	0.62
RP11-57B24.2	0.972
RP11-57C13.3	1.326
RP11-57C13.4	1.304
RP11-57C13.5	
RP11-57C13.6	1.326
RP11-57C19.2	1.849
RP11-57C19.6	0.727
RP11-57G10.1	2.616
RP11-57G10.8	2.078
RP11-57G22.1	1.229
RP11-57H12.2	0.765
RP11-57H12.3	1.893
RP11-57H12.5	1.677
RP11-57H12.6	4.785
RP11-57H14.2	
RP11-57H14.3	2.323
RP11-57H14.4	1.783
RP11-57I17.3	0.878
RP11-57J16.1	2.108
RP11-57K17.1	1.085
RP11-57P19.1	2.573
RP11-580I16.2	1.803
RP11-580J4.1	1.713
RP11-580P21.1	1.504
RP11-582E3.2	3.483
RP11-582E3.4	0.615
RP11-582E3.5	1.844
RP11-582J16.3	0.136
RP11-582J16.4	0.549
RP11-582J16.5	1.503
RP11-583F2.2	1.85
RP11-583F2.5	1.131
RP11-583F24.7	1.493
RP11-583M2.2	1.756
RP11-584P21.2	3.496
RP11-584P21.4	-0.191
RP11-585F1.8	1.912
RP11-585K14.2	1.886
RP11-585K6.2	4.289
RP11-585P4.5	0.641
RP11-586D19.1	2.661
RP11-586D19.2	2.228
RP11-586E1.1	2.901
RP11-586K2.1	4.77
RP11-586L23.1	1.897
RP11-587D21.4	2.896
RP11-587H10.1	1.55
RP11-587H10.2	1.92
RP11-587P21.1	2.703
RP11-587P21.2	1.155
RP11-587P21.3	4.501
RP11-588D3.1	-0.028
RP11-588F10.1	2.336
RP11-588G21.2	1.853
RP11-588H23.3	2.238
RP11-588H23.5	1.296
RP11-588K22.2	2.136
RP11-588L15.1	-2.173
RP11-588L15.2	0.409
RP11-588P7.1	2.348
RP11-588P7.2	-0.729
RP11-588P8.1	2.698
RP11-589B3.7	3.243
RP11-589C21.1	2.084
RP11-589C21.2	4.096
RP11-589C21.5	1.076
RP11-589C21.6	1.216
RP11-589F5.4	1.901
RP11-589M4.1	0.172
RP11-589M4.2	-0.26
RP11-589M4.3	2.864
RP11-589M4.4	
RP11-589N15.1	1.83
RP11-589N15.2	-1.435
RP11-589P10.5	
RP11-589P10.7	2.318
RP11-58A11.2	0.352
RP11-58A17.2	1.203
RP11-58A17.3	1.171
RP11-58A17.4	2.376
RP11-58A18.1	2.404
RP11-58B17.2	1.804
RP11-58B2.1	1.023
RP11-58C22.1	2.675
RP11-58E21.1	0.661
RP11-58E21.3	2.494
RP11-58E21.4	4.988
RP11-58E21.5	2.658
RP11-58E21.7	2.658
RP11-58G13.1	0.591
RP11-58H15.1	0.886
RP11-58H15.3	2.262
RP11-58K22.1	1.916
RP11-58K22.2	2.036
RP11-58K22.4	1.237
RP11-58K22.5	1.863
RP11-58O15.1	-0.615
RP11-58O3.1	2.562
RP11-58O3.2	2.26
RP11-58O9.1	1.724
RP11-591L14.1	0.934
RP11-591L14.2	1.733
RP11-592B15.3	
RP11-592B15.4	
RP11-592H6.3	
RP11-592N21.1	-1.519
RP11-592N21.2	1.842
RP11-592P9.1	-2.096
RP11-593F23.1	0.749
RP11-593F5.1	-0.316
RP11-593F5.2	2.662
RP11-593P24.2	0.512
RP11-593P24.3	0.828
RP11-593P24.4	2.303
RP11-594C13.1	5.063
RP11-594C13.2	4.147
RP11-594N15.2	4.384
RP11-594N15.3	2.351
RP11-595B24.1	6.334
RP11-595B24.2	4.092
RP11-596D21.1	1.943
RP11-597A11.1	2.694
RP11-597D13.7	1.673
RP11-597D13.8	1.371
RP11-597D13.9	2.189
RP11-597G23.1	4.293
RP11-597K23.1	1.693
RP11-597K23.2	2.258
RP11-597M12.1	1.84
RP11-597M17.1	1.392
RP11-597M17.2	-0.227
RP11-597M17.3	0.204
RP11-598C10.1	0.85
RP11-598C10.2	
RP11-598D14.1	2.493
RP11-598F17.2	2.042
RP11-598F7.1	
RP11-598F7.3	
RP11-598F7.4	2.16
RP11-598F7.5	0.792
RP11-598F7.6	1.111
RP11-598G2.1	2.943
RP11-598O12.1	
RP11-598O8.1	1.626
RP11-598P20.3	1.428
RP11-598P20.5	1.934
RP11-599B13.3	2.197
RP11-599B13.6	0.892
RP11-599B13.7	0.848
RP11-599B13.8	1.729
RP11-599J14.2	
RP11-59D5__B.2	1.357
RP11-59D5__B.3	-1.045
RP11-59E19.1	1.673
RP11-59E19.3	1.882
RP11-59E19.4	1.381
RP11-59H1.1	2.474
RP11-59H7.1	2.053
RP11-59H7.3	1.969
RP11-59J16.1	2.015
RP11-59J16.2	0.317
RP11-59K5.1	1.307
RP11-59N23.1	1.721
RP11-59N23.3	1.744
RP11-59O2.1	
RP11-59O6.3	1.106
RP11-5A11.1	
RP11-5A11.2	
RP11-5A19.5	
RP11-5C23.1	
RP11-5C23.2	
RP11-5K16.3	2.274
RP11-5K23.5	1.118
RP11-5L12.1	1.112
RP11-5N11.1	
RP11-5N11.2	1.901
RP11-5N11.3	0.734
RP11-5N11.4	0.914
RP11-5N11.5	-0.95
RP11-5N11.6	-0.404
RP11-5N11.7	0.209
RP11-5N19.3	2.129
RP11-5O23.1	2.099
RP11-5P18.1	
RP11-5P18.3	0.913
RP11-5P18.5	1.348
RP11-5P22.1	2.481
RP11-5P22.3	2.926
RP11-5P4.1	3.348
RP11-5P4.2	2.363
RP11-5P4.3	2.371
RP11-600F24.2	1.159
RP11-600F24.7	1.778
RP11-600G3.1	-0.44
RP11-600K15.1	2.567
RP11-600L4.1	4.279
RP11-601H16.1	1.335
RP11-601I15.1	-0.54
RP11-602N24.3	0.735
RP11-603B13.1	1.084
RP11-603J24.14	1.919
RP11-603J24.17	0.904
RP11-603J24.4	1.575
RP11-603J24.5	0.729
RP11-603J24.6	
RP11-603J24.7	1.328
RP11-603J24.9	1.039
RP11-603K19.1	2.807
RP11-605F14.2	2.402
RP11-605F20.1	2.475
RP11-605F22.1	
RP11-605F22.2	1.856
RP11-606D9.1	3.147
RP11-606P2.1	0.647
RP11-607P23.1	0.64
RP11-608B3.1	4.409
RP11-608O21.1	2.784
RP11-608O8.2	0.625
RP11-609L23.1	1.613
RP11-609L23.2	-1.481
RP11-609L23.3	-0.436
RP11-609N14.1	
RP11-60A24.3	
RP11-60A8.1	2.101
RP11-60A8.2	2.251
RP11-60C6.3	4.508
RP11-60C6.5	1.567
RP11-60C6.6	1.389
RP11-60E8.2	1.596
RP11-60E8.3	
RP11-60E8.4	
RP11-60H5.1	2.066
RP11-60I3.4	1.058
RP11-60I3.5	2.116
RP11-60L3.1	2.886
RP11-60L3.2	2.535
RP11-610J23.1	1.009
RP11-610P16.1	2.591
RP11-611D20.2	2.856
RP11-611E13.2	4.106
RP11-611E13.3	-0.493
RP11-611L7.1	0.708
RP11-611O2.1	-0.073
RP11-611O2.2	1.4
RP11-611O2.3	
RP11-611O2.5	-0.101
RP11-611O2.6	
RP11-612A1.1	1.318
RP11-612B6.1	1.106
RP11-612B6.2	0.152
RP11-612J15.3	1.411
RP11-613C6.2	1.268
RP11-613C6.4	-0.631
RP11-613D13.4	2.644
RP11-613D13.5	3.559
RP11-613D13.8	1.009
RP11-613F22.5	-0.511
RP11-613F22.6	
RP11-613F22.7	0.836
RP11-613F22.8	-0.467
RP11-613F7.1	1.17
RP11-613G13.1	3.094
RP11-613H2.1	2.323
RP11-613H2.2	1.422
RP11-613M10.6	1.457
RP11-613M10.8	3.043
RP11-613M10.9	4.057
RP11-613M5.1	1.385
RP11-613M5.2	2.108
RP11-613M5.3	3.872
RP11-614F17.1	0.881
RP11-614F17.2	1.891
RP11-614O9.1	0.354
RP11-615I16.1	1.84
RP11-615I2.1	1.327
RP11-615I2.2	-0.17
RP11-615I2.3	
RP11-615J4.3	4.557
RP11-615J4.4	0.761
RP11-616K22.1	
RP11-616K22.2	
RP11-616K6.1	1.274
RP11-616L12.1	1.797
RP11-616L12.4	1.698
RP11-616M17.1	0.693
RP11-616M22.1	0.053
RP11-616M22.10	1.587
RP11-616M22.2	
RP11-616M22.3	0.589
RP11-616M22.7	1.512
RP11-616M22.9	1.362
RP11-617B3.2	
RP11-617D20.1	1.935
RP11-617D20.2	-0.044
RP11-617F23.1	1.465
RP11-617I14.1	3.0
RP11-617J18.1	0.244
RP11-617O8.1	2.055
RP11-618G20.1	3.432
RP11-618I10.1	1.677
RP11-618I10.2	2.414
RP11-618I10.3	2.228
RP11-618K13.2	0.369
RP11-618K16.4	0.939
RP11-618M23.1	4.467
RP11-618M23.2	2.439
RP11-618M23.4	1.925
RP11-618N24.1	1.078
RP11-618N24.3	1.545
RP11-618P13.1	2.728
RP11-618P17.4	0.595
RP11-619A14.2	0.778
RP11-619A14.3	4.001
RP11-619F23.2	1.755
RP11-619J20.1	0.593
RP11-619L12.1	1.186
RP11-619L12.3	0.441
RP11-619L12.4	0.557
RP11-619L19.1	1.205
RP11-619L19.2	0.662
RP11-61A14.1	1.657
RP11-61A14.2	2.324
RP11-61A14.3	0.674
RP11-61A14.4	1.928
RP11-61D1.2	
RP11-61D3.1	1.304
RP11-61E11.1	0.401
RP11-61E11.2	2.777
RP11-61F12.1	1.04
RP11-61F5.1	
RP11-61G19.1	4.912
RP11-61G23.1	3.086
RP11-61G23.2	2.125
RP11-61G24.1	1.008
RP11-61I13.3	2.062
RP11-61J19.2	1.495
RP11-61J19.3	2.348
RP11-61J19.4	1.136
RP11-61K20.1	
RP11-61K9.2	1.666
RP11-61L14.6	
RP11-61L19.1	2.113
RP11-61L19.2	2.134
RP11-61L19.3	1.673
RP11-61L23.2	2.365
RP11-61N20.3	1.074
RP11-61O1.1	3.326
RP11-61O1.2	0.835
RP11-620J15.1	1.541
RP11-620J15.2	1.936
RP11-620J15.3	2.178
RP11-621H8.1	2.927
RP11-621H8.2	5.06
RP11-621K7.1	
RP11-621L6.2	-0.367
RP11-621L6.3	1.438
RP11-622A1.1	1.311
RP11-622A1.2	1.536
RP11-622C24.1	3.09
RP11-622J8.1	2.596
RP11-622J9.1	-0.712
RP11-622K12.1	2.221
RP11-622L21.1	3.099
RP11-622O11.4	2.305
RP11-622O11.5	0.38
RP11-624A4.1	1.562
RP11-624C23.1	3.916
RP11-624D11.2	2.188
RP11-624D20.1	1.167
RP11-624G17.3	0.576
RP11-624G19.1	2.058
RP11-624J12.1	1.802
RP11-624L12.1	2.753
RP11-624L4.1	2.966
RP11-624L4.2	1.06
RP11-624M8.1	2.628
RP11-625H11.1	1.462
RP11-625H11.2	1.406
RP11-625I7.1	2.567
RP11-625L16.1	2.238
RP11-625L16.3	1.559
RP11-626A1.1	0.79
RP11-626A5.2	1.591
RP11-626E13.1	1.805
RP11-626G11.1	
RP11-626G11.3	1.119
RP11-626G11.4	2.368
RP11-626G11.5	1.199
RP11-626H12.1	2.545
RP11-626H12.2	3.698
RP11-626H12.3	1.67
RP11-626I20.1	1.083
RP11-626I20.2	1.04
RP11-626I20.3	6.622
RP11-626K17.2	
RP11-626K17.3	
RP11-626K17.5	
RP11-626P14.1	3.436
RP11-626P14.2	1.869
RP11-627D16.1	3.745
RP11-627D16.2	1.343
RP11-627G1.1	1.591
RP11-627G18.1	1.708
RP11-627G18.2	0.601
RP11-627G18.4	1.949
RP11-627G23.1	6.12
RP11-627H22.5	-0.164
RP11-627H22.6	1.083
RP11-627H22.8	-0.005
RP11-627H22.9	1.801
RP11-627J17.1	1.013
RP11-627K11.1	1.069
RP11-627K11.3	-0.961
RP11-627K11.4	2.666
RP11-627K11.5	2.293
RP11-628E19.2	0.708
RP11-628J14.1	2.224
RP11-628K18.1	
RP11-628O18.1	
RP11-629B11.4	1.893
RP11-629E24.2	3.173
RP11-629F19.1	2.903
RP11-629G13.1	2.655
RP11-629N8.3	2.152
RP11-629O1.2	1.921
RP11-629O19.1	3.571
RP11-629O4.1	1.284
RP11-62C3.6	2.005
RP11-62C3.8	-0.025
RP11-62C7.2	0.848
RP11-62E14.2	2.569
RP11-62F24.1	0.013
RP11-62F24.2	0.368
RP11-62G11.1	1.382
RP11-62G11.2	2.605
RP11-62H20.1	1.523
RP11-62H7.2	1.422
RP11-62H7.3	1.407
RP11-62I21.1	2.74
RP11-62J1.3	-1.905
RP11-62J1.4	1.696
RP11-62L10.1	3.431
RP11-62L18.3	2.034
RP11-62N21.1	1.822
RP11-630C16.1	2.315
RP11-630C16.2	5.828
RP11-630D6.1	0.668
RP11-630D6.5	0.993
RP11-630I5.1	1.15
RP11-631F7.1	2.774
RP11-631F7.2	7.026
RP11-631M21.6	
RP11-631M6.3	-0.613
RP11-631N16.2	1.226
RP11-632B21.1	3.644
RP11-632F7.3	2.513
RP11-632K20.2	
RP11-632K20.7	
RP11-632K21.3	1.119
RP11-632K21.6	2.809
RP11-632K21.7	2.005
RP11-632K5.2	1.688
RP11-632K5.3	1.419
RP11-633G11.1	1.407
RP11-634B22.4	1.407
RP11-634B7.4	2.674
RP11-634B7.5	1.571
RP11-634H22.1	-0.462
RP11-635L1.3	0.915
RP11-635N19.1	2.223
RP11-635N19.2	-0.467
RP11-635N19.3	2.158
RP11-636N17.1	1.813
RP11-636O21.1	3.02
RP11-637A17.1	0.605
RP11-637A17.2	1.36
RP11-637O11.2	-1.034
RP11-637O19.2	0.692
RP11-637O19.3	5.059
RP11-638D14.1	1.923
RP11-638F5.1	3.156
RP11-638I2.10	
RP11-638I2.2	0.219
RP11-638I2.6	0.794
RP11-638I2.8	1.401
RP11-638I2.9	-0.264
RP11-638L3.1	4.961
RP11-638L3.2	0.971
RP11-638L3.3	3.23
RP11-638L3.4	2.043
RP11-638O6.1	2.994
RP11-639B1.1	1.484
RP11-639F1.1	
RP11-639F1.2	-0.673
RP11-639F1.3	1.671
RP11-63A1.1	0.939
RP11-63A1.2	1.767
RP11-63A11.1	3.033
RP11-63A2.2	-0.771
RP11-63A23.2	1.802
RP11-63B13.1	1.195
RP11-63B19.1	6.389
RP11-63C8.1	1.215
RP11-63D14.1	4.44
RP11-63E16.1	0.812
RP11-63E9.1	2.476
RP11-63G10.2	1.55
RP11-63G10.3	
RP11-63H19.1	2.544
RP11-63H19.2	-0.482
RP11-63H19.6	3.523
RP11-63K6.1	-1.109
RP11-63K6.4	0.991
RP11-63K6.5	1.339
RP11-63K6.7	1.936
RP11-63L7.5	1.086
RP11-63M22.1	0.709
RP11-63M22.2	2.269
RP11-63N3.1	1.505
RP11-63N3.2	3.117
RP11-63N8.3	0.809
RP11-63P12.2	1.398
RP11-63P12.6	1.611
RP11-63P12.7	0.954
RP11-640A1.3	1.382
RP11-640A1.4	0.733
RP11-640B6.1	-0.742
RP11-640I2.1	3.283
RP11-640M9.1	
RP11-640M9.2	
RP11-640N11.2	1.546
RP11-640N20.6	1.139
RP11-640N20.9	1.407
RP11-641A6.2	1.552
RP11-641A6.3	0.581
RP11-641A6.5	1.097
RP11-641A6.9	1.474
RP11-641C17.1	-0.22
RP11-641C17.2	0.811
RP11-641C17.3	1.522
RP11-641D5.2	2.628
RP11-642C5.1	4.678
RP11-642D21.1	2.792
RP11-642D21.2	2.792
RP11-642D6.1	1.936
RP11-642E20.2	1.03
RP11-642E20.3	1.075
RP11-642E20.5	1.368
RP11-642M2.1	1.342
RP11-642P15.1	1.91
RP11-643A5.1	2.413
RP11-643A5.2	2.057
RP11-643G16.3	0.793
RP11-643G16.4	0.443
RP11-643G5.6	2.468
RP11-643M14.1	0.909
RP11-643N23.1	
RP11-643N23.2	3.135
RP11-644C3.1	5.607
RP11-644F5.10	1.506
RP11-644F5.11	0.103
RP11-644F5.12	0.762
RP11-644F5.15	0.738
RP11-644F5.16	3.182
RP11-644F5.17	1.434
RP11-644K8.1	1.524
RP11-644L4.1	2.862
RP11-644N4.1	
RP11-645C24.2	2.797
RP11-645C24.4	2.358
RP11-645C24.5	3.141
RP11-645N11.3	-0.079
RP11-646E18.2	2.983
RP11-646E18.3	2.191
RP11-646E18.4	3.697
RP11-646E20.6	1.473
RP11-646I6.5	0.884
RP11-646I6.6	
RP11-646J21.2	1.161
RP11-646J21.3	1.431
RP11-646J21.4	1.201
RP11-646J21.5	0.698
RP11-646J21.6	1.979
RP11-646J21.7	2.483
RP11-647F2.2	1.254
RP11-647O20.1	
RP11-647P12.1	2.275
RP11-647P12.2	3.349
RP11-648C16.1	2.595
RP11-648F7.1	2.372
RP11-648K4.2	5.406
RP11-648L3.2	1.347
RP11-648M2.1	0.289
RP11-648M2.2	1.474
RP11-648O15.1	2.874
RP11-649A16.1	3.944
RP11-649A18.12	1.704
RP11-649A18.4	0.14
RP11-649A18.5	
RP11-649A18.7	0.379
RP11-649E7.5	0.245
RP11-649G15.2	2.417
RP11-64B16.2	-1.22
RP11-64B16.3	1.067
RP11-64B16.4	0.52
RP11-64B16.5	3.603
RP11-64C1.1	3.178
RP11-64C12.3	2.582
RP11-64C12.4	1.865
RP11-64C12.6	2.821
RP11-64C12.7	4.202
RP11-64C12.8	1.334
RP11-64C12.9	2.174
RP11-64D22.1	0.182
RP11-64D22.2	1.1
RP11-64D22.5	1.344
RP11-64D24.2	4.06
RP11-64D24.4	0.928
RP11-64I17.1	1.726
RP11-64J19.1	1.366
RP11-64J4.2	4.424
RP11-64K10.1	1.873
RP11-64K12.1	1.608
RP11-64K12.10	0.296
RP11-64K12.4	
RP11-64K12.8	1.094
RP11-64K12.9	0.893
RP11-64K7.1	0.899
RP11-64P14.7	1.786
RP11-650J17.1	3.162
RP11-650J17.2	0.677
RP11-650K20.2	1.115
RP11-650K20.3	0.533
RP11-650L12.1	0.149
RP11-650L12.2	-0.29
RP11-650P15.1	2.309
RP11-651J20.1	0.326
RP11-651K21.1	1.271
RP11-651L5.2	
RP11-652G5.2	
RP11-653B10.1	2.745
RP11-653G8.2	2.109
RP11-653J6.1	1.168
RP11-654A16.1	1.24
RP11-654A16.3	2.888
RP11-654C22.1	4.109
RP11-654C22.2	5.131
RP11-654D12.1	
RP11-654D12.2	2.51
RP11-654D12.3	-0.5
RP11-654E17.2	
RP11-654F3.1	1.822
RP11-654G14.1	0.47
RP11-655B23.1	4.406
RP11-655C2.3	1.663
RP11-655G22.1	4.392
RP11-655G22.2	2.926
RP11-655H13.2	1.682
RP11-655M14.12	0.764
RP11-655M14.13	2.314
RP11-655M14.4	1.976
RP11-656A15.1	4.602
RP11-656D10.3	2.164
RP11-656D10.5	0.869
RP11-656D10.6	0.928
RP11-656E20.5	0.115
RP11-656G20.1	1.317
RP11-657O9.1	2.889
RP11-658F2.3	
RP11-658F2.8	1.356
RP11-659E9.2	1.438
RP11-659E9.4	-0.875
RP11-659F24.1	1.596
RP11-659G9.1	0.516
RP11-659G9.3	5.259
RP11-659O3.1	3.46
RP11-659P15.1	0.768
RP11-659P15.2	0.338
RP11-65B23.3	1.816
RP11-65D17.1	2.389
RP11-65D24.1	2.722
RP11-65D24.2	3.589
RP11-65E22.2	5.907
RP11-65I12.1	0.401
RP11-65J21.1	2.061
RP11-65J21.3	1.742
RP11-65J21.4	1.356
RP11-65J3.1	2.332
RP11-65J3.14	0.696
RP11-65J3.15	1.771
RP11-65J3.2	1.312
RP11-65J3.3	6.511
RP11-65J3.6	1.531
RP11-65L19.4	0.468
RP11-65L3.1	2.114
RP11-65L3.2	0.872
RP11-65L3.4	1.033
RP11-65M17.1	2.137
RP11-65M17.3	4.95
RP11-65N13.6	1.205
RP11-65N13.8	1.71
RP11-660L16.2	1.102
RP11-660M5.1	0.573
RP11-661A12.12	1.556
RP11-661A12.14	2.474
RP11-661A12.5	1.628
RP11-661A12.7	1.038
RP11-661A12.9	0.923
RP11-661C3.2	4.629
RP11-661C8.2	1.664
RP11-661C8.3	2.057
RP11-661D19.1	0.74
RP11-661D19.3	2.719
RP11-661G16.1	-0.08
RP11-661G16.2	1.577
RP11-661O13.1	0.996
RP11-661P17.1	3.756
RP11-662B19.1	
RP11-662B19.2	1.118
RP11-662G23.1	2.536
RP11-662I13.1	3.077
RP11-662I13.2	1.503
RP11-662J14.1	3.56
RP11-662J14.2	2.762
RP11-662M24.1	1.155
RP11-662M24.2	5.56
RP11-663N22.1	1.69
RP11-663P9.1	6.748
RP11-663P9.2	5.966
RP11-664D1.1	2.664
RP11-664D7.4	1.875
RP11-664H17.1	2.556
RP11-664H7.1	4.617
RP11-664H7.2	4.286
RP11-664I21.5	1.086
RP11-664I21.6	
RP11-665A22.1	
RP11-665C14.1	1.665
RP11-665C14.2	2.656
RP11-665C16.1	
RP11-665C16.5	1.004
RP11-665C16.6	2.713
RP11-665C16.8	1.989
RP11-665E10.1	2.04
RP11-665E10.3	4.507
RP11-665E10.5	2.312
RP11-665G4.1	3.212
RP11-665I14.1	4.476
RP11-665J16.1	2.907
RP11-665N17.4	1.106
RP11-666A1.4	
RP11-666A20.3	2.154
RP11-666A20.4	1.157
RP11-666A8.1	0.349
RP11-666A8.11	3.999
RP11-666A8.12	0.624
RP11-666A8.7	2.129
RP11-666A8.8	2.743
RP11-666A8.9	2.277
RP11-666E17.1	5.385
RP11-666F17.1	1.641
RP11-666F17.2	0.092
RP11-666G4.1	
RP11-666G4.2	-0.065
RP11-666I19.2	1.985
RP11-666O2.1	0.668
RP11-667F9.2	2.615
RP11-667K14.3	1.595
RP11-667K14.4	-1.587
RP11-667K14.5	1.553
RP11-667K14.8	
RP11-667M19.1	
RP11-667M19.10	-0.699
RP11-667M19.2	1.22
RP11-667M19.4	1.076
RP11-667M19.5	-0.146
RP11-667M19.9	-0.699
RP11-669B18.1	2.164
RP11-669C19.1	3.757
RP11-669E14.4	1.164
RP11-669E14.6	
RP11-669I1.1	1.949
RP11-669M16.1	2.662
RP11-669M16.2	1.434
RP11-669M2.1	4.391
RP11-669M2.2	2.414
RP11-669N7.2	1.359
RP11-669N7.3	-0.203
RP11-66A2.1	1.58
RP11-66A2.2	1.593
RP11-66B24.1	3.554
RP11-66B24.2	1.284
RP11-66B24.3	1.708
RP11-66B24.4	2.152
RP11-66B24.5	4.102
RP11-66B24.7	1.284
RP11-66B24.8	3.554
RP11-66D17.3	1.43
RP11-66D17.5	0.591
RP11-66E20.2	2.944
RP11-66H6.3	1.528
RP11-66N11.7	1.012
RP11-66N11.8	0.558
RP11-66N24.3	
RP11-66N24.4	2.214
RP11-66N5.2	2.28
RP11-670E13.2	1.129
RP11-670E13.3	3.451
RP11-670E13.5	1.031
RP11-670N15.1	0.529
RP11-670N15.2	
RP11-671C19.2	1.179
RP11-671E7.1	
RP11-671J11.7	
RP11-671P2.1	2.696
RP11-672A2.1	2.029
RP11-672A2.3	3.813
RP11-672A2.4	0.744
RP11-672A2.5	1.851
RP11-672A2.6	1.64
RP11-672A2.7	1.607
RP11-672F9.1	2.587
RP11-672L10.1	3.847
RP11-672L10.2	1.212
RP11-672L10.3	3.306
RP11-672L10.4	2.234
RP11-672L10.5	1.986
RP11-672L10.6	2.141
RP11-673C5.2	2.479
RP11-673E1.1	2.801
RP11-673E1.3	2.232
RP11-673E1.4	3.207
RP11-673E11.2	2.366
RP11-673F18.1	1.308
RP11-673P17.2	0.951
RP11-673P17.4	2.124
RP11-674C21.9	0.466
RP11-674E16.1	0.917
RP11-674I16.1	
RP11-674I16.2	
RP11-674J14.3	0.875
RP11-674N23.1	1.704
RP11-674N23.2	0.909
RP11-674N23.4	1.333
RP11-674P19.2	3.058
RP11-675F6.3	2.698
RP11-675F6.4	2.279
RP11-675M1.2	0.607
RP11-675P14.1	5.626
RP11-676F20.1	3.438
RP11-676F20.2	1.93
RP11-676F20.3	6.104
RP11-676J12.4	0.754
RP11-676J12.6	0.917
RP11-676J12.7	1.08
RP11-676J12.8	1.21
RP11-676J15.1	2.454
RP11-676M6.1	4.209
RP11-677I18.3	1.709
RP11-677I18.4	2.759
RP11-677M14.2	-0.171
RP11-677M14.3	1.106
RP11-677M14.5	1.306
RP11-677M14.6	
RP11-677M14.7	3.137
RP11-677N16.1	0.626
RP11-677O4.2	3.152
RP11-677O4.3	3.019
RP11-677O4.4	2.558
RP11-677O4.5	2.722
RP11-677O4.6	
RP11-678B3.1	
RP11-678B3.2	1.238
RP11-678B3.3	
RP11-678D18.1	5.266
RP11-678G15.1	-1.83
RP11-678G15.2	1.968
RP11-678L1.1	0.183
RP11-679B17.2	2.322
RP11-679B19.2	4.817
RP11-679C8.2	3.979
RP11-679I18.4	2.547
RP11-67A1.2	0.407
RP11-67C2.2	1.57
RP11-67H2.1	4.137
RP11-67H24.2	
RP11-67K19.3	1.194
RP11-67L2.2	1.329
RP11-67L3.2	0.534
RP11-67L3.4	2.291
RP11-67L3.5	-0.102
RP11-67M1.1	1.876
RP11-67M9.1	2.153
RP11-67P15.1	2.459
RP11-680A11.5	1.613
RP11-680B3.2	1.534
RP11-680C21.1	1.867
RP11-680E19.1	1.871
RP11-680E19.2	5.731
RP11-680F20.10	1.112
RP11-680F20.11	0.092
RP11-680F20.12	0.666
RP11-680F20.4	-0.395
RP11-680F20.5	0.986
RP11-680F20.6	1.97
RP11-680F20.9	3.083
RP11-680F8.1	2.418
RP11-680F8.3	-0.729
RP11-680F8.4	-1.054
RP11-680G10.1	2.366
RP11-680G24.1	2.095
RP11-680G24.5	
RP11-680H20.1	1.323
RP11-680H20.2	2.477
RP11-680L20.1	1.521
RP11-680N20.1	0.874
RP11-681H10.1	4.77
RP11-681L4.1	1.279
RP11-681L8.1	2.986
RP11-681N23.1	2.46
RP11-682B13.2	-0.046
RP11-682N22.1	3.968
RP11-684B20.1	3.875
RP11-684B21.1	1.132
RP11-685A21.1	2.067
RP11-685B13.2	2.369
RP11-685B14.1	1.978
RP11-685B14.3	1.583
RP11-685F15.1	5.881
RP11-685G9.2	0.668
RP11-685G9.4	0.716
RP11-685M7.3	1.21
RP11-685M7.5	1.729
RP11-685N10.1	
RP11-686D16.1	2.563
RP11-686D22.10	1.134
RP11-686D22.3	1.765
RP11-686D22.4	1.563
RP11-686D22.5	1.539
RP11-686D22.6	1.556
RP11-686D22.7	-0.559
RP11-686D22.8	1.765
RP11-686D22.9	1.011
RP11-686F15.2	2.461
RP11-686F15.3	2.087
RP11-686G23.2	1.942
RP11-686G8.1	
RP11-686G8.2	3.429
RP11-686O6.1	1.144
RP11-686O6.2	1.073
RP11-687D19.1	3.201
RP11-687F6.1	2.106
RP11-687F6.4	0.617
RP11-687M24.4	1.321
RP11-687M24.5	1.023
RP11-687M24.7	0.599
RP11-687M24.8	0.539
RP11-688D15.1	3.451
RP11-688D15.2	2.466
RP11-688G15.3	0.623
RP11-688H10.1	2.154
RP11-688I9.2	1.218
RP11-688I9.4	2.651
RP11-689B22.2	1.471
RP11-689C9.1	2.668
RP11-689J19.1	
RP11-689K5.3	2.769
RP11-689P11.2	1.801
RP11-689P11.3	0.984
RP11-68D16.1	5.063
RP11-68D16.2	1.373
RP11-68D19.1	2.861
RP11-68E19.1	2.3
RP11-68I18.10	0.341
RP11-68I18.2	0.994
RP11-68I3.10	1.954
RP11-68I3.11	
RP11-68I3.2	1.954
RP11-68I3.4	0.273
RP11-68I3.5	-0.028
RP11-68I3.7	
RP11-68L1.1	1.779
RP11-68L1.2	2.923
RP11-68L18.1	1.497
RP11-68L18.2	
RP11-690C23.2	1.779
RP11-690C23.3	1.254
RP11-690C23.4	1.629
RP11-690C23.5	0.694
RP11-690D19.1	1.714
RP11-690D19.3	1.402
RP11-690G19.3	1.742
RP11-690G19.4	2.016
RP11-690I21.1	2.786
RP11-690I21.2	3.024
RP11-690I21.3	-1.072
RP11-690J15.1	2.756
RP11-690P14.4	1.271
RP11-691F15.1	
RP11-691G17.1	2.629
RP11-691H4.3	1.343
RP11-691H4.4	2.847
RP11-691L4.2	1.272
RP11-691N7.6	-0.187
RP11-692C23.1	2.314
RP11-692C24.1	0.761
RP11-692C24.2	2.827
RP11-692C24.3	2.059
RP11-692D12.1	1.958
RP11-692E14.1	2.547
RP11-692M12.4	-1.073
RP11-692M12.5	
RP11-692N5.1	3.164
RP11-692N5.2	0.212
RP11-692P14.1	1.492
RP11-693I21.1	1.962
RP11-693J15.3	1.56
RP11-693J15.4	2.442
RP11-693J15.5	2.442
RP11-693L9.2	1.362
RP11-693N9.1	2.448
RP11-693N9.2	1.612
RP11-694D5.1	
RP11-694I15.7	0.95
RP11-695J4.2	2.279
RP11-696D21.2	1.26
RP11-696F10.1	2.489
RP11-696F12.1	3.676
RP11-696L21.2	
RP11-696N14.1	4.013
RP11-696N14.3	1.435
RP11-696P8.2	
RP11-697B24.1	5.916
RP11-697E14.2	0.705
RP11-697E2.10	1.134
RP11-697E2.4	1.577
RP11-697E2.6	0.907
RP11-697E2.7	0.87
RP11-697E2.9	0.906
RP11-697E22.1	1.19
RP11-697E22.2	3.757
RP11-697E22.3	-0.551
RP11-697E23.1	0.637
RP11-697G4.4	1.856
RP11-697H10.1	2.546
RP11-697H9.2	1.053
RP11-697H9.3	1.858
RP11-697H9.4	
RP11-697H9.5	
RP11-697M17.2	3.738
RP11-697N18.1	
RP11-697N18.2	
RP11-697N18.3	0.368
RP11-697N18.4	
RP11-698E18.1	1.984
RP11-698F20.3	1.946
RP11-698N11.2	3.038
RP11-698N11.4	2.644
RP11-699A5.2	
RP11-699A7.1	2.263
RP11-699F16.2	3.781
RP11-699L21.1	3.089
RP11-699L21.2	2.141
RP11-69C13.1	4.43
RP11-69C17.2	2.469
RP11-69C17.3	1.765
RP11-69C17.4	1.94
RP11-69E11.4	1.352
RP11-69E11.8	1.091
RP11-69E9.1	-0.155
RP11-69G7.1	1.752
RP11-69H7.2	2.149
RP11-69H7.3	-0.062
RP11-69H7.4	1.135
RP11-69I13.1	0.37
RP11-69I8.2	4.976
RP11-69I8.3	5.425
RP11-69L16.3	-0.79
RP11-69L16.4	1.356
RP11-69L16.5	0.001
RP11-69L16.6	0.653
RP11-69M1.1	2.072
RP11-69M1.3	1.617
RP11-69M1.4	1.117
RP11-6B19.1	-0.313
RP11-6B19.2	0.724
RP11-6B19.3	-0.552
RP11-6B4.1	3.849
RP11-6B6.3	0.582
RP11-6C10.1	1.341
RP11-6C14.1	3.689
RP11-6D1.3	0.922
RP11-6E9.4	1.217
RP11-6E9.5	1.06
RP11-6F2.3	0.166
RP11-6F2.5	0.521
RP11-6F6.1	2.065
RP11-6I2.3	2.196
RP11-6I2.4	2.589
RP11-6J21.2	2.019
RP11-6J24.3	2.166
RP11-6J24.6	2.071
RP11-6L6.2	2.983
RP11-6L6.3	0.767
RP11-6L6.7	1.812
RP11-6N13.1	3.785
RP11-6N13.4	1.322
RP11-6N17.1	0.861
RP11-6N17.10	1.144
RP11-6N17.2	1.351
RP11-6N17.3	0.949
RP11-6N17.4	2.058
RP11-6N17.6	0.523
RP11-6N17.9	1.366
RP11-6O2.3	1.977
RP11-6O2.4	2.464
RP11-700E23.1	1.3
RP11-700E23.2	1.339
RP11-700E23.3	1.457
RP11-700F16.2	2.218
RP11-700F16.3	0.793
RP11-700H13.1	2.267
RP11-700H6.1	1.695
RP11-700H6.2	1.163
RP11-700H6.4	2.262
RP11-700J17.1	
RP11-700J17.2	-0.183
RP11-700N1.1	2.559
RP11-700P18.1	1.153
RP11-700P18.2	1.231
RP11-701B16.2	1.353
RP11-701B6.1	2.228
RP11-701H16.4	
RP11-701H24.10	1.545
RP11-701H24.3	1.524
RP11-701H24.7	
RP11-701I24.1	2.767
RP11-701I24.3	1.617
RP11-701P16.1	-0.209
RP11-701P16.2	2.27
RP11-701P16.3	1.539
RP11-701P16.4	2.237
RP11-701P16.5	1.88
RP11-702B10.1	2.895
RP11-702B10.2	2.97
RP11-702C7.1	1.722
RP11-702C7.2	2.092
RP11-702F3.1	
RP11-702F3.2	1.513
RP11-702F3.3	1.669
RP11-702F3.4	1.581
RP11-702H23.2	1.928
RP11-702H23.3	0.479
RP11-702H23.4	2.47
RP11-702H23.6	1.511
RP11-702L15.4	1.172
RP11-702L6.1	1.648
RP11-702L6.4	1.301
RP11-702M1.2	-0.767
RP11-703C10.1	1.259
RP11-703G6.1	2.644
RP11-703H8.9	1.821
RP11-703I16.1	1.145
RP11-703I16.2	2.868
RP11-703I16.3	2.009
RP11-703M24.5	2.264
RP11-703P11.1	4.055
RP11-704C2.1	2.815
RP11-704J17.2	
RP11-704J17.5	
RP11-705C15.2	1.484
RP11-705C15.3	0.782
RP11-705C15.4	-0.119
RP11-705C15.5	1.484
RP11-705O1.8	1.341
RP11-705O24.1	1.769
RP11-705O24.2	0.53
RP11-705O24.3	1.489
RP11-706C16.7	2.167
RP11-706D8.3	4.637
RP11-706F1.1	2.863
RP11-706F1.2	5.959
RP11-706J10.1	3.509
RP11-706J10.2	2.585
RP11-706J10.3	1.291
RP11-706O15.1	1.151
RP11-706O15.7	0.823
RP11-706O15.8	3.946
RP11-707A18.1	2.113
RP11-707F2.1	1.738
RP11-707F2.2	0.277
RP11-707G14.7	1.055
RP11-707G14.8	
RP11-707M1.1	3.212
RP11-707M3.3	0.47
RP11-707O23.5	1.621
RP11-707P17.1	2.955
RP11-707P17.2	0.796
RP11-707P20.1	3.992
RP11-708B6.2	3.778
RP11-708H21.1	0.32
RP11-708H21.4	1.227
RP11-708J19.1	0.595
RP11-708J19.2	
RP11-708L7.6	
RP11-708L7.7	
RP11-708L7.9	
RP11-709A23.1	1.166
RP11-709A23.2	0.775
RP11-709B3.2	1.112
RP11-709D24.5	1.565
RP11-709D24.6	1.919
RP11-709P2.1	1.439
RP11-70C1.1	-0.014
RP11-70C1.3	1.272
RP11-70F11.11	0.895
RP11-70F11.2	1.976
RP11-70F11.7	2.354
RP11-70F11.8	1.724
RP11-70J12.1	0.366
RP11-70K10.2	
RP11-70L8.4	0.802
RP11-70O5.2	-0.854
RP11-70P17.1	1.806
RP11-710C12.1	2.255
RP11-710E1.1	0.949
RP11-710E1.2	0.644
RP11-710F7.2	1.523
RP11-710F7.3	4.135
RP11-710M11.1	0.083
RP11-710N8.3	5.576
RP11-711C17.1	1.537
RP11-711C17.2	1.692
RP11-711D18.2	0.926
RP11-711G10.1	2.223
RP11-711K1.7	2.783
RP11-711M9.1	2.507
RP11-712B9.2	2.482
RP11-712B9.4	1.413
RP11-712B9.5	0.553
RP11-712C7.1	2.688
RP11-712C7.2	2.664
RP11-712L6.5	0.366
RP11-712L6.7	-0.044
RP11-712P20.2	0.098
RP11-713C19.1	1.855
RP11-713C19.2	3.735
RP11-713C5.1	0.768
RP11-713C9.1	0.041
RP11-713H12.1	-0.604
RP11-713H12.2	-0.494
RP11-713M15.1	1.929
RP11-713M15.2	2.42
RP11-713M6.2	1.736
RP11-713N11.3	1.497
RP11-713N11.4	1.274
RP11-713N11.5	1.176
RP11-713P14.1	2.815
RP11-713P17.3	3.361
RP11-713P17.4	3.361
RP11-713P17.5	1.57
RP11-714G18.1	2.984
RP11-714L20.1	4.271
RP11-715C4.1	4.081
RP11-715F3.1	
RP11-715F3.2	0.214
RP11-715G15.1	1.965
RP11-715G18.3	0.371
RP11-715I4.1	
RP11-715J22.1	1.491
RP11-715J22.2	1.22
RP11-715J22.3	1.4
RP11-715J22.4	-0.29
RP11-715J22.6	
RP11-716A19.3	1.635
RP11-716D16.1	2.354
RP11-716H6.1	0.265
RP11-716H6.2	0.65
RP11-716O23.1	2.187
RP11-716O23.2	1.87
RP11-717A5.1	
RP11-717D12.1	0.034
RP11-717H13.1	2.909
RP11-717I24.1	
RP11-718B12.1	-0.109
RP11-718B12.2	2.504
RP11-718B12.5	1.455
RP11-718G2.5	3.151
RP11-718I15.1	1.143
RP11-718L23.1	1.865
RP11-718O11.1	3.318
RP11-719C20.1	-1.239
RP11-719J20.1	2.166
RP11-719L21.1	1.845
RP11-719N22.1	4.051
RP11-719N22.2	2.593
RP11-71C5.2	1.259
RP11-71E19.1	3.889
RP11-71E19.2	5.264
RP11-71E19.5	1.566
RP11-71E22.1	2.766
RP11-71G7.1	3.107
RP11-71H17.1	
RP11-71H17.7	0.685
RP11-71H17.9	1.133
RP11-71H9.1	2.088
RP11-71H9.2	1.685
RP11-71J2.1	3.062
RP11-71J4.2	1.207
RP11-71N10.1	3.062
RP11-720D4.3	2.728
RP11-720L2.2	0.753
RP11-720L2.3	0.482
RP11-720L2.4	2.48
RP11-720L8.1	2.428
RP11-720N19.1	0.878
RP11-720N19.2	-0.519
RP11-722E23.2	1.216
RP11-722M1.1	4.391
RP11-722P11.4	2.065
RP11-723C11.2	1.659
RP11-723D22.2	0.486
RP11-723D22.3	-0.373
RP11-723G8.1	4.733
RP11-723G8.2	2.435
RP11-723O4.2	1.147
RP11-723O4.3	0.146
RP11-723O4.6	3.718
RP11-723O4.9	0.67
RP11-723P16.3	1.171
RP11-724M22.1	2.109
RP11-724N1.1	1.779
RP11-724O16.1	0.881
RP11-725D20.1	2.372
RP11-725G5.2	3.553
RP11-725G5.3	0.767
RP11-725K16.2	1.016
RP11-725M22.1	2.665
RP11-726G1.1	3.571
RP11-726G23.10	2.381
RP11-726G23.11	2.315
RP11-726G23.12	
RP11-726G23.2	2.35
RP11-726G23.3	2.001
RP11-726G23.6	0.48
RP11-726G23.7	1.609
RP11-726G23.8	2.177
RP11-727A23.1	-0.543
RP11-727A23.10	1.801
RP11-727A23.11	0.252
RP11-727A23.4	1.172
RP11-727A23.5	1.223
RP11-727A23.7	0.601
RP11-727A23.8	
RP11-727F15.11	0.486
RP11-727F15.12	
RP11-727F15.13	
RP11-727F15.9	0.125
RP11-727M10.1	2.539
RP11-728B21.3	2.639
RP11-728C8.1	1.389
RP11-728D14.6	1.199
RP11-728E14.2	1.276
RP11-728E14.3	1.832
RP11-728F11.3	3.063
RP11-728F11.4	0.944
RP11-728G15.1	1.877
RP11-728K20.1	1.736
RP11-728K20.2	2.855
RP11-728L1.1	5.309
RP11-729I10.2	1.671
RP11-729L2.2	2.831
RP11-729M20.1	2.716
RP11-72B4.2	
RP11-72H11.1	2.596
RP11-72I18.1	
RP11-72I2.1	0.595
RP11-72J9.1	2.881
RP11-72K17.1	4.544
RP11-72K17.2	2.743
RP11-72L22.1	2.357
RP11-72M17.1	3.741
RP11-730A19.5	0.755
RP11-730A19.7	1.078
RP11-730A19.9	0.419
RP11-730B22.1	
RP11-730G20.1	2.612
RP11-730G20.2	-1.696
RP11-730K11.1	1.098
RP11-730N24.1	
RP11-730N24.2	1.267
RP11-731C17.1	1.553
RP11-731C17.2	
RP11-731D1.1	1.435
RP11-731D1.3	
RP11-731D1.4	1.806
RP11-731I19.1	
RP11-731J8.1	-0.351
RP11-731J8.2	1.402
RP11-731K22.1	2.464
RP11-731N10.1	3.144
RP11-732A19.1	1.154
RP11-732A19.2	0.208
RP11-732A19.5	
RP11-732A19.6	0.664
RP11-732A19.8	-0.099
RP11-732A19.9	0.954
RP11-732A21.2	1.659
RP11-732M18.2	
RP11-732M18.3	1.986
RP11-733C7.1	2.171
RP11-733D4.1	1.793
RP11-733D4.2	5.983
RP11-733O18.1	2.589
RP11-734C14.2	1.228
RP11-734E19.1	1.781
RP11-734I18.1	4.161
RP11-734J24.1	2.026
RP11-734K2.4	1.546
RP11-734K21.2	1.891
RP11-734K21.5	1.845
RP11-735A19.2	2.478
RP11-735B13.2	0.84
RP11-735G4.1	2.522
RP11-736E3.1	2.862
RP11-736G13.1	3.51
RP11-736G13.2	
RP11-736I10.1	1.948
RP11-736I10.2	0.826
RP11-736K12.1	1.059
RP11-736K20.5	2.638
RP11-736K20.6	2.593
RP11-736N17.4	1.638
RP11-736N17.8	3.071
RP11-736N17.9	2.283
RP11-736P16.1	3.782
RP11-737F10.1	2.862
RP11-737F9.1	2.287
RP11-737F9.2	-0.16
RP11-737G21.1	2.716
RP11-737O24.1	3.405
RP11-737O24.2	2.781
RP11-737O24.3	0.192
RP11-737O24.4	0.672
RP11-737O24.5	2.154
RP11-738B7.1	2.441
RP11-738E22.3	1.849
RP11-738G5.1	1.793
RP11-738G5.2	2.864
RP11-739G5.1	5.807
RP11-739L10.1	3.331
RP11-739N10.1	4.616
RP11-739N20.2	2.522
RP11-739P1.2	
RP11-73B2.6	1.568
RP11-73B2.7	1.656
RP11-73B8.1	0.801
RP11-73B8.2	1.849
RP11-73B8.3	1.823
RP11-73C9.1	0.838
RP11-73E17.2	0.809
RP11-73E17.3	0.386
RP11-73E6.2	0.383
RP11-73G16.1	1.242
RP11-73G16.2	1.265
RP11-73G16.3	0.758
RP11-73H14.1	2.303
RP11-73K9.2	2.646
RP11-73K9.3	2.03
RP11-73M14.1	0.757
RP11-73M18.10	-0.5
RP11-73M18.11	1.096
RP11-73M18.2	2.97
RP11-73M18.6	
RP11-73M18.7	-0.5
RP11-73M18.8	-0.609
RP11-73M18.9	-0.317
RP11-73M7.1	2.408
RP11-73M7.6	3.9
RP11-73M7.9	1.474
RP11-73O6.3	2.067
RP11-740C1.2	3.933
RP11-740D6.3	3.224
RP11-740N7.3	2.911
RP11-740P5.2	1.741
RP11-740P5.3	3.129
RP11-741G21.1	
RP11-742B18.1	4.334
RP11-742D12.1	
RP11-742D12.2	2.429
RP11-744D14.1	-2.12
RP11-744D14.2	3.028
RP11-744I24.2	1.169
RP11-744I24.3	0.944
RP11-744J10.2	0.058
RP11-744J10.3	2.846
RP11-744K17.3	0.927
RP11-744N12.3	2.127
RP11-744O11.2	
RP11-745A24.2	2.098
RP11-745C15.2	3.513
RP11-745I13.1	-0.191
RP11-745K9.2	2.551
RP11-745L13.2	2.385
RP11-745O10.2	0.105
RP11-746B8.1	1.973
RP11-746M1.1	0.535
RP11-746P2.1	1.731
RP11-746P2.3	1.579
RP11-746P2.5	1.127
RP11-747D18.1	1.841
RP11-747H12.3	
RP11-747H12.4	
RP11-747H7.1	0.062
RP11-747H7.3	1.712
RP11-747I9.1	1.847
RP11-748C4.1	2.208
RP11-748H22.1	1.759
RP11-748H22.2	1.084
RP11-748L13.2	1.484
RP11-748L13.6	0.976
RP11-749H17.1	2.143
RP11-749H17.2	2.143
RP11-749H20.1	3.043
RP11-749H20.3	2.89
RP11-749H20.4	1.393
RP11-74C1.2	0.827
RP11-74C1.4	1.037
RP11-74C13.3	0.713
RP11-74C13.4	1.101
RP11-74C3.1	5.11
RP11-74D3.2	2.425
RP11-74D7.1	1.057
RP11-74E22.3	1.214
RP11-74E22.4	1.904
RP11-74E22.5	-0.493
RP11-74E22.6	1.052
RP11-74E24.2	2.73
RP11-74H8.1	-0.266
RP11-74K11.1	4.827
RP11-74K11.2	1.21
RP11-74K19.1	1.932
RP11-74M11.2	2.525
RP11-74M13.3	-0.946
RP11-74M13.4	2.884
RP11-750B16.1	2.589
RP11-750H9.5	1.305
RP11-750H9.7	
RP11-750I4.2	-0.455
RP11-751A18.1	2.834
RP11-751H17.1	2.473
RP11-751K21.1	0.665
RP11-752D24.2	2.336
RP11-752D24.3	1.519
RP11-752G15.3	0.687
RP11-752G15.4	0.097
RP11-752G15.6	-0.044
RP11-752G15.8	1.004
RP11-752G15.9	1.656
RP11-752L20.1	2.074
RP11-752L20.5	1.761
RP11-752P2.1	2.543
RP11-752P2.2	4.467
RP11-753A21.1	2.118
RP11-753A21.2	1.616
RP11-753B14.1	2.783
RP11-753B7.2	0.663
RP11-753C18.8	0.794
RP11-753D20.1	2.662
RP11-753D20.3	1.044
RP11-753D20.4	1.497
RP11-753E22.2	1.732
RP11-753E22.3	
RP11-753H16.3	2.898
RP11-753H16.4	0.226
RP11-753H16.5	2.898
RP11-753N8.1	1.795
RP11-754B17.1	1.348
RP11-754N21.1	3.919
RP11-755B10.2	-0.246
RP11-755B10.3	0.424
RP11-755B10.4	2.278
RP11-755E23.3	3.535
RP11-755F10.1	0.577
RP11-755F10.3	0.875
RP11-755O11.2	2.469
RP11-756D7.1	2.0
RP11-756G12.1	4.703
RP11-756H20.1	2.628
RP11-756H6.1	0.694
RP11-756J15.3	0.53
RP11-756K15.2	1.974
RP11-756P10.1	1.127
RP11-756P10.2	4.14
RP11-756P10.3	2.114
RP11-756P10.4	1.828
RP11-756P10.5	1.16
RP11-757A13.1	
RP11-757C15.4	1.83
RP11-757F18.5	0.667
RP11-757G1.5	2.247
RP11-757G1.6	1.875
RP11-757G14.1	-0.668
RP11-757G14.3	0.914
RP11-757H14.2	0.115
RP11-758B24.1	-0.05
RP11-758H6.1	2.633
RP11-758I14.2	2.41
RP11-758I14.3	1.376
RP11-758M4.1	2.612
RP11-758M4.3	
RP11-758M4.4	3.687
RP11-758N13.1	1.623
RP11-758N13.3	1.668
RP11-758P17.2	0.398
RP11-758P17.3	0.837
RP11-759A9.1	1.907
RP11-759L5.2	2.714
RP11-75A5.1	3.687
RP11-75A9.1	1.355
RP11-75A9.3	0.707
RP11-75C10.7	0.209
RP11-75C10.9	0.332
RP11-75C23.1	0.529
RP11-75C9.1	0.696
RP11-75C9.2	2.555
RP11-75L1.1	1.653
RP11-75L1.2	1.304
RP11-75L1.6	1.653
RP11-75N20.2	
RP11-75N4.2	2.21
RP11-75N6.3	0.667
RP11-760D2.10	0.918
RP11-760D2.12	1.302
RP11-760D2.4	1.351
RP11-760D2.5	1.3
RP11-760D2.7	0.953
RP11-760D2.9	1.515
RP11-760H22.2	1.884
RP11-760L24.1	1.453
RP11-760N9.1	1.734
RP11-761B3.1	3.321
RP11-761E20.1	1.898
RP11-761I4.3	1.315
RP11-761I4.4	2.047
RP11-761N21.1	2.777
RP11-761N21.2	1.786
RP11-762B21.5	0.337
RP11-762E8.1	3.16
RP11-762H8.1	1.613
RP11-762H8.2	4.851
RP11-762H8.3	0.536
RP11-762H8.4	0.58
RP11-762I7.4	-0.272
RP11-762I7.5	1.114
RP11-763E3.1	5.674
RP11-763F8.1	0.59
RP11-763K15.1	1.803
RP11-764E7.1	2.755
RP11-764I5.1	
RP11-765K14.1	2.226
RP11-766F14.1	1.595
RP11-766F14.2	1.71
RP11-766H1.1	-1.208
RP11-766N7.1	1.939
RP11-766N7.3	1.88
RP11-766N7.4	1.88
RP11-767C1.1	2.445
RP11-767C1.2	-1.645
RP11-767C4.1	3.844
RP11-767C6.1	3.813
RP11-767I20.1	6.83
RP11-767L7.1	-0.416
RP11-767L7.2	-0.646
RP11-767N15.1	3.102
RP11-767N6.2	
RP11-767N6.7	-0.446
RP11-768B22.2	0.845
RP11-768F21.1	5.307
RP11-768G7.1	1.717
RP11-768G7.2	4.144
RP11-768G7.3	1.767
RP11-769N19.2	0.471
RP11-769N21.2	4.771
RP11-769N22.1	2.952
RP11-769O8.1	0.457
RP11-769O8.2	1.527
RP11-769O8.3	1.527
RP11-76C10.2	1.959
RP11-76C10.5	0.979
RP11-76E12.1	1.901
RP11-76E16.2	0.337
RP11-76E17.2	2.025
RP11-76E17.3	2.171
RP11-76E17.4	1.564
RP11-76G10.1	2.159
RP11-76H14.2	1.763
RP11-76H14.5	1.151
RP11-76I14.1	2.757
RP11-76K13.3	-1.352
RP11-76N22.1	2.529
RP11-76N22.2	1.467
RP11-76P2.4	1.128
RP11-770E5.1	2.018
RP11-770E5.2	1.932
RP11-770E5.3	1.947
RP11-770G2.2	1.669
RP11-770G2.4	0.52
RP11-770G2.5	2.231
RP11-770J1.3	2.446
RP11-770J1.4	1.641
RP11-770J1.5	1.844
RP11-770J1.7	
RP11-771F20.1	-0.957
RP11-771K4.1	2.553
RP11-772C9.1	1.549
RP11-772E11.1	2.284
RP11-773D16.1	1.386
RP11-773H22.1	0.06
RP11-773H22.2	-0.545
RP11-773H22.4	0.761
RP11-774D14.1	2.958
RP11-774G5.1	4.275
RP11-774I5.1	3.726
RP11-774O3.1	2.235
RP11-774O3.2	1.582
RP11-774O3.3	1.866
RP11-775A1.2	2.254
RP11-775A3.1	1.373
RP11-775B15.2	1.845
RP11-775B15.3	1.126
RP11-775C24.3	1.172
RP11-775D22.2	2.337
RP11-775D22.3	5.623
RP11-775E10.1	1.52
RP11-775G23.1	2.14
RP11-775H9.1	3.949
RP11-775H9.2	3.949
RP11-775H9.3	1.742
RP11-775J23.2	
RP11-775L16.1	3.201
RP11-776A13.1	2.975
RP11-776A13.2	2.917
RP11-776A13.3	2.058
RP11-776H12.1	4.558
RP11-776K3.1	
RP11-777B9.1	1.268
RP11-777B9.4	1.606
RP11-777B9.5	2.61
RP11-777F6.3	3.041
RP11-777J24.1	2.416
RP11-777N19.1	1.563
RP11-778D12.2	2.106
RP11-778D9.9	1.117
RP11-778H2.1	2.041
RP11-778J15.1	1.667
RP11-778J16.2	2.95
RP11-778J16.3	4.931
RP11-778O17.4	2.982
RP11-779O18.1	2.187
RP11-779O18.2	0.975
RP11-779O18.3	1.829
RP11-779O18.4	2.206
RP11-779P15.1	3.503
RP11-779P15.2	3.703
RP11-77B22.1	3.271
RP11-77B22.2	3.338
RP11-77E14.2	4.41
RP11-77G22.2	1.074
RP11-77G23.2	1.744
RP11-77G23.5	
RP11-77H9.2	2.217
RP11-77H9.5	0.763
RP11-77H9.6	1.746
RP11-77H9.8	2.676
RP11-77I22.2	1.397
RP11-77I22.4	2.337
RP11-77K12.1	2.575
RP11-77K12.3	1.419
RP11-77K12.4	2.683
RP11-77K12.5	2.635
RP11-77K12.7	4.942
RP11-77K12.8	3.218
RP11-77M5.1	0.981
RP11-77O7.1	
RP11-77P16.1	1.99
RP11-77P16.3	3.572
RP11-77P6.2	1.654
RP11-780K2.1	1.713
RP11-780M14.1	1.461
RP11-780O17.1	2.261
RP11-781A6.1	2.414
RP11-781D11.1	1.352
RP11-781E19.1	1.552
RP11-781M16.1	-0.974
RP11-781M16.2	1.379
RP11-781P14.3	2.125
RP11-781P6.1	1.456
RP11-782E2.2	1.273
RP11-782K4.1	3.291
RP11-783K16.10	1.947
RP11-783K16.13	1.238
RP11-783K16.14	0.471
RP11-783K16.5	0.897
RP11-783L4.1	2.382
RP11-784B15.1	4.05
RP11-785F11.1	1.577
RP11-785G17.1	0.429
RP11-785H20.1	3.307
RP11-785H5.1	-0.047
RP11-785H5.2	1.751
RP11-787B4.2	2.032
RP11-787D11.1	2.454
RP11-787D18.1	1.307
RP11-787D18.2	1.856
RP11-787I22.3	
RP11-787P24.1	1.284
RP11-787P24.2	1.151
RP11-787P24.4	1.565
RP11-788A4.1	1.791
RP11-788H18.1	3.593
RP11-788M5.3	3.0
RP11-789A21.1	4.231
RP11-789C1.1	2.778
RP11-789C1.2	4.569
RP11-789C17.1	-0.194
RP11-789C17.3	1.961
RP11-789C17.5	0.803
RP11-789C2.1	5.574
RP11-789F5.1	4.114
RP11-789L4.1	
RP11-78A18.2	1.54
RP11-78A19.2	1.362
RP11-78A19.3	0.609
RP11-78A19.4	
RP11-78B10.2	1.194
RP11-78C3.1	2.992
RP11-78E6.1	2.128
RP11-78F17.1	3.681
RP11-78F17.3	0.183
RP11-78H18.2	2.197
RP11-78H24.1	1.929
RP11-78I14.1	1.597
RP11-78O22.1	4.075
RP11-78O7.2	2.065
RP11-78O9.1	1.787
RP11-790I12.1	2.738
RP11-790I12.2	2.11
RP11-790I12.3	0.994
RP11-790I12.4	5.74
RP11-790I12.6	0.943
RP11-790J24.1	1.665
RP11-790J24.2	1.272
RP11-790L1.3	1.977
RP11-791G15.2	1.066
RP11-791G16.2	1.455
RP11-791G16.4	3.547
RP11-791G16.5	3.275
RP11-791M20.1	2.089
RP11-791O21.5	1.513
RP11-792A8.3	-0.262
RP11-792A8.4	
RP11-792D21.2	1.271
RP11-793A3.1	1.767
RP11-793A3.2	3.962
RP11-793B23.1	1.436
RP11-793H13.10	2.206
RP11-793H13.11	-0.635
RP11-793H13.3	0.883
RP11-793H13.8	1.301
RP11-793I11.1	1.083
RP11-793K1.1	1.25
RP11-793L10.1	2.743
RP11-794A8.1	4.472
RP11-794C22.2	
RP11-794G24.1	1.591
RP11-794M8.1	5.544
RP11-794M8.2	1.935
RP11-794P6.1	1.627
RP11-794P6.2	1.103
RP11-794P6.3	
RP11-794P6.6	0.903
RP11-795A2.2	1.952
RP11-795A2.3	2.915
RP11-795F19.5	1.437
RP11-795H16.2	4.146
RP11-795H16.3	4.279
RP11-795J1.1	2.142
RP11-795J1.2	0.008
RP11-796E10.1	2.094
RP11-796E2.4	3.081
RP11-796G6.1	0.632
RP11-796G6.2	1.836
RP11-796I2.1	1.784
RP11-796L2.1	2.124
RP11-797A18.3	0.957
RP11-797A18.4	0.373
RP11-797A18.6	0.498
RP11-797D24.3	1.11
RP11-797D24.4	0.567
RP11-797E24.3	0.763
RP11-797J4.1	-0.228
RP11-797M17.1	2.426
RP11-798G7.5	1.11
RP11-798K23.1	2.421
RP11-798K23.3	2.522
RP11-798K23.4	1.945
RP11-798K23.5	2.387
RP11-798K3.2	3.01
RP11-798K3.3	2.09
RP11-798K3.4	2.067
RP11-798L4.1	1.842
RP11-798M19.3	1.361
RP11-798M19.6	1.432
RP11-799B12.2	1.446
RP11-799B12.4	2.561
RP11-799D4.1	0.836
RP11-799D4.2	0.579
RP11-799D4.3	0.992
RP11-799D4.4	0.761
RP11-799M12.2	-1.006
RP11-799N11.1	2.563
RP11-799O21.2	2.716
RP11-799P8.1	1.862
RP11-79C6.1	1.67
RP11-79C6.3	0.415
RP11-79E3.1	
RP11-79E3.2	2.592
RP11-79E3.3	4.545
RP11-79H23.3	3.357
RP11-79J24.1	1.682
RP11-79L21.1	
RP11-79L9.2	1.429
RP11-79M19.2	1.009
RP11-79M21.3	2.17
RP11-79N23.1	2.394
RP11-79O8.1	1.391
RP11-79P5.2	
RP11-79P5.3	1.794
RP11-79P5.5	1.081
RP11-79P5.7	0.841
RP11-79P5.9	0.754
RP11-7C6.1	2.15
RP11-7D5.2	2.658
RP11-7F17.1	2.8
RP11-7F17.3	2.263
RP11-7F17.4	2.263
RP11-7F17.5	3.519
RP11-7F17.7	2.583
RP11-7F18.1	2.773
RP11-7F18.2	1.246
RP11-7G12.1	4.087
RP11-7G12.2	1.64
RP11-7G23.4	
RP11-7G23.5	
RP11-7G23.8	
RP11-7I15.3	1.051
RP11-7I15.4	0.39
RP11-7K24.3	1.202
RP11-7M10.2	
RP11-7M8.2	0.266
RP11-7N14.1	
RP11-7O11.3	2.14
RP11-7O14.1	1.976
RP11-7O20.4	0.706
RP11-800A18.4	0.393
RP11-800A3.2	2.468
RP11-800A3.3	2.049
RP11-800A3.4	0.969
RP11-800A3.7	1.281
RP11-801F7.1	
RP11-801G16.2	2.092
RP11-801I18.1	4.349
RP11-802E16.3	0.487
RP11-802H3.1	2.924
RP11-802H3.2	1.609
RP11-802O23.3	-1.154
RP11-803A13.1	-0.624
RP11-803B1.2	3.346
RP11-803B1.3	1.693
RP11-803D5.4	-0.984
RP11-803P9.1	
RP11-804A23.1	1.341
RP11-804A23.2	2.178
RP11-804A23.4	3.015
RP11-804F13.1	1.968
RP11-804F13.2	1.405
RP11-804H8.6	0.724
RP11-804L24.2	1.471
RP11-804M7.1	0.352
RP11-804M7.2	2.756
RP11-804N13.1	3.237
RP11-805F19.1	
RP11-805F19.2	
RP11-805F19.4	
RP11-805I24.1	2.681
RP11-805I24.3	2.607
RP11-805I24.4	2.979
RP11-805J14.3	1.968
RP11-805J14.5	2.499
RP11-805L22.1	2.767
RP11-805L22.2	2.039
RP11-805L22.3	1.803
RP11-806H10.4	4.531
RP11-806J6.1	3.037
RP11-806K15.1	1.962
RP11-806L2.2	2.111
RP11-806L2.5	2.824
RP11-806L2.6	1.935
RP11-806O11.1	2.414
RP11-807E13.2	4.467
RP11-807E13.3	1.485
RP11-807G9.2	0.977
RP11-807H17.1	4.79
RP11-807H7.1	2.766
RP11-807H7.2	2.5
RP11-809C18.3	2.563
RP11-809C18.4	1.087
RP11-809C18.5	
RP11-809C9.2	0.922
RP11-809F4.2	1.956
RP11-809F4.3	4.315
RP11-809F4.4	1.546
RP11-809H16.2	3.811
RP11-809H16.3	1.669
RP11-809H16.4	2.136
RP11-809H16.5	2.98
RP11-809M12.1	3.953
RP11-809N15.2	-1.152
RP11-809N15.3	1.117
RP11-809N8.2	-1.735
RP11-809N8.4	1.159
RP11-809N8.5	
RP11-809O17.1	0.726
RP11-80A15.1	2.157
RP11-80B9.1	1.603
RP11-80B9.4	2.021
RP11-80F22.2	2.591
RP11-80F22.8	1.878
RP11-80G7.1	1.116
RP11-80H18.4	0.854
RP11-80H5.2	1.763
RP11-80H5.5	0.154
RP11-80H5.6	1.763
RP11-80H5.7	0.392
RP11-80H5.9	1.16
RP11-80H8.3	2.056
RP11-80H8.4	2.507
RP11-80I15.1	
RP11-80I15.4	0.097
RP11-80K21.3	3.387
RP11-80K6.2	1.982
RP11-80N2.2	0.895
RP11-810B23.1	4.115
RP11-810D13.1	-0.145
RP11-810F22.1	3.051
RP11-810H18.1	1.487
RP11-810K23.10	
RP11-810K23.5	
RP11-810K23.7	
RP11-810K23.9	
RP11-810M2.2	0.888
RP11-810O3.2	
RP11-810P12.1	2.67
RP11-810P12.5	1.572
RP11-810P12.6	3.987
RP11-810P8.1	2.254
RP11-811J10.1	1.675
RP11-811P12.3	5.633
RP11-812D23.1	0.765
RP11-812E19.10	
RP11-812I20.2	-1.821
RP11-813B8.1	4.255
RP11-813F20.1	2.981
RP11-813F20.2	1.859
RP11-813F20.4	
RP11-813I20.2	2.714
RP11-813P10.1	-0.036
RP11-813P10.2	4.209
RP11-814E24.1	1.294
RP11-814H16.2	1.132
RP11-814M22.2	2.021
RP11-814P5.1	2.711
RP11-815D16.1	0.404
RP11-815I22.1	
RP11-815J21.1	-0.223
RP11-815J21.2	0.841
RP11-815J21.3	1.251
RP11-815J21.4	1.355
RP11-815J4.1	1.625
RP11-815J4.4	0.77
RP11-815J4.5	2.046
RP11-815J4.6	1.56
RP11-815J4.7	1.999
RP11-815M8.1	2.058
RP11-815N9.2	0.154
RP11-816B4.1	1.345
RP11-816J6.3	0.979
RP11-816J8.1	3.432
RP11-817J15.2	4.192
RP11-817J15.3	2.099
RP11-817O13.1	1.926
RP11-817O13.6	-0.375
RP11-817O13.8	-0.08
RP11-818C3.1	5.482
RP11-818F20.4	1.534
RP11-818F20.5	1.933
RP11-818O24.3	1.612
RP11-819C21.1	2.652
RP11-81A1.3	1.595
RP11-81A1.8	0.751
RP11-81A22.5	1.9
RP11-81B10.2	0.626
RP11-81B23.1	2.906
RP11-81F13.1	5.181
RP11-81F13.2	2.178
RP11-81H14.2	3.481
RP11-81H14.3	1.75
RP11-81H14.4	3.613
RP11-81H3.1	1.381
RP11-81H3.2	3.675
RP11-81K13.1	4.337
RP11-81K2.1	1.948
RP11-81N13.1	3.614
RP11-820I16.1	2.286
RP11-820I16.2	3.965
RP11-820I16.3	2.371
RP11-820I16.4	1.024
RP11-820K3.2	0.217
RP11-820K3.3	0.154
RP11-820K3.4	
RP11-820L6.1	3.816
RP11-822E23.2	
RP11-822E23.4	
RP11-822E23.5	
RP11-822E23.6	
RP11-822E23.7	
RP11-822E23.8	
RP11-822P1.1	3.894
RP11-824M15.3	3.618
RP11-826N14.1	1.991
RP11-826N14.2	1.14
RP11-826N14.4	1.823
RP11-829H16.2	0.086
RP11-829H16.3	2.121
RP11-82C23.2	2.467
RP11-82H13.2	2.144
RP11-82K18.2	1.238
RP11-82L18.2	1.431
RP11-82L18.4	0.669
RP11-82L2.1	3.447
RP11-82L20.1	-0.296
RP11-82L7.4	4.37
RP11-82O19.1	2.524
RP11-82O19.2	
RP11-82O2.2	0.652
RP11-830F9.5	1.703
RP11-830F9.6	1.854
RP11-830F9.7	1.23
RP11-831A10.1	2.543
RP11-831A10.2	2.305
RP11-831F12.2	0.457
RP11-831F12.3	
RP11-831F12.4	0.463
RP11-831H9.11	4.148
RP11-831H9.3	
RP11-832A4.5	-0.086
RP11-832N8.1	-0.038
RP11-834C11.10	2.206
RP11-834C11.11	1.967
RP11-834C11.12	1.591
RP11-834C11.14	1.591
RP11-834C11.3	2.146
RP11-834C11.4	1.47
RP11-834C11.5	1.539
RP11-834C11.6	2.146
RP11-834C11.7	1.731
RP11-834C11.8	1.655
RP11-835E18.4	0.952
RP11-835E18.5	2.475
RP11-838N2.3	2.348
RP11-838N2.4	3.022
RP11-838N2.5	3.61
RP11-838N2.8	0.274
RP11-839D17.3	2.44
RP11-839G9.1	0.476
RP11-83A16.1	1.784
RP11-83A24.1	0.141
RP11-83A24.2	1.662
RP11-83B20.1	1.181
RP11-83C7.1	2.092
RP11-83C7.2	3.363
RP11-83J16.3	2.768
RP11-83J21.3	1.913
RP11-83M16.1	-0.651
RP11-83M16.2	1.659
RP11-83M16.3	-0.093
RP11-83M16.4	-0.196
RP11-83M16.5	1.659
RP11-83M16.6	2.968
RP11-83N9.5	2.225
RP11-840I19.3	0.612
RP11-840I19.5	0.199
RP11-841C19.1	-0.12
RP11-841C19.3	
RP11-841C19.4	1.549
RP11-841O20.2	-0.449
RP11-843A23.1	1.734
RP11-843B15.1	1.934
RP11-843B15.2	0.715
RP11-843B15.3	3.178
RP11-843P14.1	1.491
RP11-843P14.2	1.298
RP11-844P9.1	3.072
RP11-844P9.2	2.042
RP11-844P9.3	
RP11-844P9.4	2.001
RP11-845C23.2	1.44
RP11-845C23.3	1.447
RP11-845M18.6	0.88
RP11-845M18.7	1.905
RP11-846C15.2	2.445
RP11-846F4.9	
RP11-847H18.2	1.241
RP11-847H18.3	1.023
RP11-848D3.4	4.701
RP11-848D3.5	0.351
RP11-848P1.2	0.951
RP11-848P1.3	1.791
RP11-848P1.5	0.307
RP11-848P1.9	3.698
RP11-849F2.10	2.139
RP11-849F2.4	0.696
RP11-849F2.5	2.766
RP11-849F2.7	2.766
RP11-849F2.8	-1.542
RP11-849F2.9	1.782
RP11-849H4.2	3.108
RP11-849H4.4	0.137
RP11-849I19.1	3.175
RP11-849N15.1	1.209
RP11-849N15.4	2.91
RP11-84A1.1	-0.616
RP11-84A1.3	4.798
RP11-84A14.4	2.394
RP11-84A14.5	1.188
RP11-84A19.2	1.608
RP11-84A19.3	1.001
RP11-84A19.4	1.295
RP11-84C10.1	2.481
RP11-84C10.2	0.835
RP11-84C10.3	1.95
RP11-84C10.4	0.262
RP11-84C13.2	1.232
RP11-84D1.1	1.17
RP11-84D1.2	1.706
RP11-84E24.2	2.803
RP11-84E24.3	1.292
RP11-84G21.1	1.891
RP11-84G21.2	2.471
RP11-84H6.1	1.669
RP11-84O12.2	2.694
RP11-84O12.3	2.564
RP11-84O12.4	3.973
RP11-850F7.7	2.441
RP11-851M3.1	
RP11-852E15.1	
RP11-854K16.2	
RP11-854K16.3	
RP11-855A2.3	1.775
RP11-855A2.5	2.192
RP11-855C21.1	0.862
RP11-855O10.2	1.544
RP11-855O10.3	1.084
RP11-856F16.2	3.072
RP11-856M7.2	1.852
RP11-856M7.4	2.021
RP11-856M7.6	3.847
RP11-856M7.8	1.468
RP11-857B24.1	1.517
RP11-857B24.2	-0.195
RP11-857B24.3	-0.109
RP11-857B24.5	3.768
RP11-85A1.3	1.206
RP11-85B7.2	2.477
RP11-85B7.4	2.04
RP11-85D18.1	0.845
RP11-85E16.1	1.18
RP11-85F14.1	
RP11-85F14.5	0.524
RP11-85G18.6	0.903
RP11-85G20.1	0.742
RP11-85G20.2	
RP11-85G21.1	2.364
RP11-85G21.2	6.92
RP11-85I21.1	3.247
RP11-85K15.2	1.832
RP11-85L21.4	2.145
RP11-85M11.2	4.617
RP11-85O21.2	1.259
RP11-85O21.4	
RP11-85O21.5	1.268
RP11-860B13.1	0.82
RP11-860B13.3	1.381
RP11-861A13.4	1.395
RP11-861E21.1	1.148
RP11-861E21.2	0.889
RP11-861E21.3	0.203
RP11-861L17.3	0.864
RP11-862G15.1	2.635
RP11-862G15.2	1.232
RP11-862L9.3	2.544
RP11-862P13.1	2.043
RP11-863H1.1	-1.248
RP11-863K10.2	0.847
RP11-863K10.4	
RP11-863K10.7	0.048
RP11-863N1.4	1.703
RP11-863P13.1	3.023
RP11-863P13.2	0.45
RP11-863P13.3	2.426
RP11-863P13.4	3.083
RP11-863P13.5	1.724
RP11-863P13.6	0.485
RP11-864G5.1	1.465
RP11-864G5.3	-0.703
RP11-864G5.7	0.91
RP11-864G5.8	0.884
RP11-864I4.3	1.157
RP11-864I4.4	
RP11-864J10.2	1.086
RP11-864J10.4	1.897
RP11-864N7.1	0.84
RP11-864N7.2	2.204
RP11-865B13.1	4.467
RP11-865I6.2	1.428
RP11-866E20.1	2.259
RP11-866E20.3	1.461
RP11-867G2.2	1.132
RP11-867G2.5	0.557
RP11-867G2.6	2.216
RP11-867G2.8	4.557
RP11-867G23.1	0.368
RP11-867G23.10	1.731
RP11-867G23.12	0.789
RP11-867G23.13	3.444
RP11-867G23.2	0.479
RP11-867G23.3	1.299
RP11-867G23.4	1.299
RP11-867G23.8	0.606
RP11-867G23.9	1.508
RP11-867O8.5	2.275
RP11-869B15.1	1.595
RP11-86A5.1	1.821
RP11-86H7.6	2.011
RP11-86H7.7	1.835
RP11-86K22.1	-0.743
RP11-86L19.2	5.363
RP11-871F6.2	1.815
RP11-871F6.3	2.374
RP11-872D17.4	1.316
RP11-872D17.8	0.938
RP11-872J21.3	0.513
RP11-873E20.1	1.519
RP11-874G11.1	0.845
RP11-874J12.3	0.085
RP11-874J12.4	0.277
RP11-875H7.1	3.077
RP11-875H7.2	2.296
RP11-875H7.5	1.243
RP11-875O11.1	1.833
RP11-876F14.1	1.757
RP11-876F14.2	1.982
RP11-876N24.1	2.346
RP11-876N24.2	3.149
RP11-876N24.4	2.478
RP11-876N24.5	-0.812
RP11-879F14.1	3.164
RP11-879F14.2	1.944
RP11-879F14.3	1.81
RP11-87C12.2	1.231
RP11-87C12.5	3.868
RP11-87E22.1	1.646
RP11-87E22.2	0.959
RP11-87F15.2	1.593
RP11-87G24.3	3.216
RP11-87G24.6	0.844
RP11-87M18.2	3.071
RP11-87N24.1	-0.577
RP11-87N24.2	2.032
RP11-87N24.3	2.025
RP11-87N3.6	
RP11-87O11.1	0.452
RP11-87P13.2	2.551
RP11-881L2.1	0.647
RP11-881M11.1	0.484
RP11-881M11.2	0.483
RP11-881M11.4	0.457
RP11-881M11.8	2.392
RP11-882G5.1	2.936
RP11-882I15.1	0.663
RP11-883A18.3	4.22
RP11-883G10.1	1.182
RP11-883G14.1	2.591
RP11-883G14.2	2.169
RP11-883G14.3	1.111
RP11-883G14.4	1.692
RP11-884K10.6	
RP11-884K10.7	0.905
RP11-885B4.1	2.451
RP11-885B4.2	2.326
RP11-885L14.1	3.814
RP11-886D15.1	2.104
RP11-886H22.1	1.495
RP11-886P16.6	-0.29
RP11-887P2.3	3.022
RP11-887P2.5	2.4
RP11-887P2.6	2.214
RP11-888D10.3	2.044
RP11-888D10.4	1.238
RP11-889D3.1	2.393
RP11-889D3.2	3.781
RP11-889L3.1	1.71
RP11-88E18.1	2.44
RP11-88H10.2	2.184
RP11-88H10.3	3.194
RP11-88H12.2	1.434
RP11-88H9.2	2.529
RP11-88I18.2	
RP11-88I18.3	
RP11-88I21.1	1.909
RP11-88I21.2	3.074
RP11-88L24.4	1.246
RP11-890B15.2	2.026
RP11-890B15.3	1.157
RP11-893F2.13	0.223
RP11-893F2.14	0.322
RP11-893F2.15	1.067
RP11-893F2.5	1.139
RP11-893F2.6	1.538
RP11-893F2.9	2.084
RP11-894J14.5	1.548
RP11-894P9.1	0.515
RP11-894P9.2	1.329
RP11-895K13.2	0.883
RP11-895M11.2	-0.381
RP11-895M11.3	1.317
RP11-896J10.3	4.58
RP11-897M7.1	3.088
RP11-899L11.1	1.602
RP11-899L11.3	0.87
RP11-89A16.1	1.856
RP11-89B16.1	3.407
RP11-89B16.2	0.589
RP11-89C3.2	2.089
RP11-89C3.3	1.744
RP11-89C3.4	0.976
RP11-89F17.5	
RP11-89H19.1	1.645
RP11-89K10.1	5.604
RP11-89K10.2	-0.752
RP11-89K18.1	2.614
RP11-89K21.1	2.331
RP11-89K22.1	3.092
RP11-89M16.1	4.825
RP11-89M20.1	2.207
RP11-89M20.2	5.226
RP11-89M22.3	1.234
RP11-89N17.1	2.989
RP11-89N17.2	3.326
RP11-89N17.3	2.781
RP11-89N17.4	2.531
RP11-8H2.1	0.008
RP11-8J23.1	1.493
RP11-8J9.1	
RP11-8J9.5	1.757
RP11-8L18.2	0.981
RP11-8L18.3	0.21
RP11-8L2.1	3.987
RP11-8L21.1	4.97
RP11-8L8.1	2.613
RP11-8L8.2	2.076
RP11-8P11.3	2.625
RP11-8P13.1	
RP11-902B17.1	2.361
RP11-903H12.3	
RP11-903H12.4	1.211
RP11-905K4.1	1.081
RP11-907D1.1	2.391
RP11-907D1.2	1.638
RP11-909B2.1	1.205
RP11-909M7.3	2.035
RP11-909N17.2	1.497
RP11-909N17.3	1.294
RP11-90B22.1	3.261
RP11-90B9.2	0.525
RP11-90C1.1	1.466
RP11-90C4.1	2.346
RP11-90C4.2	2.885
RP11-90C4.3	2.488
RP11-90D11.1	2.567
RP11-90E5.1	1.651
RP11-90E9.1	-0.772
RP11-90H3.1	2.358
RP11-90H3.2	2.88
RP11-90J7.2	1.119
RP11-90J7.4	0.943
RP11-90K17.2	0.765
RP11-90K18.1	1.732
RP11-90K6.1	1.482
RP11-90L20.2	1.853
RP11-90O23.1	
RP11-90P13.1	2.347
RP11-90P16.1	0.819
RP11-90P16.2	-1.653
RP11-90P5.1	1.874
RP11-90P5.2	1.008
RP11-90P5.4	
RP11-90P5.5	1.434
RP11-90P5.7	
RP11-916L7.1	4.467
RP11-91A15.1	4.099
RP11-91A15.2	1.514
RP11-91A18.1	
RP11-91A18.4	2.809
RP11-91G21.1	
RP11-91H12.3	1.699
RP11-91H12.4	2.709
RP11-91I11.1	3.024
RP11-91I20.1	1.514
RP11-91I20.2	1.619
RP11-91I20.3	1.799
RP11-91I20.4	
RP11-91I8.1	2.545
RP11-91I8.3	3.192
RP11-91J19.3	1.035
RP11-91J19.4	2.008
RP11-91J3.1	1.862
RP11-91J3.2	5.27
RP11-91J3.3	1.197
RP11-91K11.2	2.303
RP11-91K8.2	1.61
RP11-91K8.4	1.739
RP11-91K8.5	1.824
RP11-91K9.1	2.055
RP11-91N2.3	1.421
RP11-91P17.1	4.159
RP11-91P24.1	
RP11-91P24.3	-0.729
RP11-91P24.5	0.594
RP11-91P24.6	0.659
RP11-91P24.7	1.552
RP11-923I11.3	0.018
RP11-923I11.4	2.251
RP11-923I11.5	2.339
RP11-923I11.6	1.585
RP11-923I11.7	1.061
RP11-925D8.1	0.69
RP11-925D8.2	
RP11-925D8.3	2.014
RP11-925D8.5	1.176
RP11-925D8.6	
RP11-927P21.11	1.577
RP11-927P21.6	2.582
RP11-927P21.7	2.15
RP11-927P21.8	
RP11-928F19.2	
RP11-92A5.2	5.585
RP11-92B11.4	1.171
RP11-92C4.3	1.902
RP11-92C4.4	4.5
RP11-92C4.6	
RP11-92G12.3	2.165
RP11-92G19.2	1.891
RP11-92K15.1	0.221
RP11-92K15.3	0.107
RP11-930O11.1	1.945
RP11-930O11.2	1.73
RP11-930P14.1	1.022
RP11-930P14.2	0.885
RP11-932A10.1	3.66
RP11-932O9.8	
RP11-933H2.4	3.569
RP11-934B9.3	1.2
RP11-936I5.1	1.705
RP11-939C17.4	0.658
RP11-93B14.4	1.495
RP11-93B14.5	
RP11-93B14.6	
RP11-93B21.1	2.688
RP11-93H10.1	2.614
RP11-93H12.2	0.401
RP11-93H12.3	-1.763
RP11-93H12.4	3.68
RP11-93I21.2	3.08
RP11-93I21.3	4.727
RP11-93K22.1	2.101
RP11-93K22.6	2.137
RP11-93K7.1	1.198
RP11-93L14.1	1.996
RP11-93L9.1	3.766
RP11-93M12.1	-0.064
RP11-93N20.1	2.443
RP11-93O17.1	3.516
RP11-93O17.2	0.977
RP11-93O7.5	3.709
RP11-93P10.3	
RP11-941H19.1	2.06
RP11-941H19.2	0.737
RP11-941H19.3	3.323
RP11-944C7.1	1.239
RP11-944L7.4	1.612
RP11-944L7.5	1.33
RP11-945A11.1	4.397
RP11-945A11.2	2.917
RP11-945C19.1	1.685
RP11-945C19.4	1.676
RP11-945F5.1	2.51
RP11-946L16.1	1.724
RP11-946L20.1	3.115
RP11-946L20.2	3.548
RP11-946L20.4	2.023
RP11-94A24.1	2.053
RP11-94B19.1	1.888
RP11-94B19.2	1.996
RP11-94B19.3	1.278
RP11-94B19.4	2.662
RP11-94B19.5	2.354
RP11-94B19.6	1.92
RP11-94B19.7	0.353
RP11-94C24.6	1.297
RP11-94C24.8	0.361
RP11-94D20.1	2.524
RP11-94H18.1	1.645
RP11-94H18.2	2.232
RP11-94H6.1	1.705
RP11-94L15.2	1.002
RP11-94M14.2	1.609
RP11-94M14.3	1.277
RP11-94P11.3	-0.755
RP11-94P11.4	2.246
RP11-94P14.1	
RP11-950C14.3	0.44
RP11-950C14.7	1.216
RP11-950K24.2	0.245
RP11-953B20.1	2.184
RP11-953B20.2	2.279
RP11-955H22.1	6.025
RP11-955H22.2	2.608
RP11-955H22.4	3.293
RP11-956A19.1	-0.531
RP11-956E11.1	1.702
RP11-956J14.1	0.226
RP11-956J14.2	2.167
RP11-958F21.1	2.402
RP11-958F21.3	2.088
RP11-958J22.1	2.197
RP11-958J22.2	
RP11-958J22.3	3.26
RP11-958N24.1	0.855
RP11-959F10.4	1.975
RP11-959F10.5	1.617
RP11-959F10.6	-1.266
RP11-959I15.1	0.639
RP11-959I15.4	0.747
RP11-95D17.1	4.095
RP11-95G17.2	-0.224
RP11-95H11.1	1.932
RP11-95H3.1	2.327
RP11-95I16.2	1.838
RP11-95I16.4	1.31
RP11-95I19.1	
RP11-95J11.1	
RP11-95K23.6	
RP11-95K23.7	
RP11-95L3.2	1.279
RP11-95M15.1	4.372
RP11-95M15.2	1.378
RP11-95M5.1	2.106
RP11-95O2.1	1.256
RP11-95O2.5	1.099
RP11-95P13.1	1.942
RP11-95P13.2	2.731
RP11-95P2.1	2.357
RP11-95P2.3	2.34
RP11-95P2.4	2.313
RP11-95P9.1	
RP11-960B9.2	3.03
RP11-960D24.1	3.741
RP11-960H2.1	2.168
RP11-960H2.2	1.86
RP11-960L18.1	2.592
RP11-961A15.1	2.194
RP11-962G15.1	2.082
RP11-963H1.1	1.749
RP11-963H4.2	-1.124
RP11-963H4.3	5.541
RP11-963H4.5	0.878
RP11-964E11.2	2.677
RP11-966I7.1	2.691
RP11-966I7.2	0.042
RP11-966I7.3	0.864
RP11-967K21.1	1.291
RP11-967K21.2	-0.092
RP11-968A15.2	1.871
RP11-968A15.8	3.015
RP11-968O1.5	1.874
RP11-96A1.4	3.887
RP11-96A1.5	1.393
RP11-96B2.1	2.506
RP11-96B5.3	0.591
RP11-96B5.4	1.624
RP11-96C21.1	2.358
RP11-96C23.10	1.465
RP11-96C23.11	1.324
RP11-96C23.12	1.297
RP11-96C23.14	1.675
RP11-96C23.15	0.608
RP11-96C23.5	1.675
RP11-96C23.9	0.275
RP11-96D1.10	2.229
RP11-96D1.11	1.329
RP11-96D1.3	1.385
RP11-96D1.5	2.486
RP11-96D1.6	1.634
RP11-96D1.7	2.504
RP11-96D1.9	
RP11-96D24.1	2.42
RP11-96G10.1	3.848
RP11-96H17.1	2.164
RP11-96H17.3	-1.201
RP11-96H19.1	1.445
RP11-96J15.2	
RP11-96J19.1	0.399
RP11-96J19.4	1.995
RP11-96K14.1	
RP11-96K19.2	0.841
RP11-96K19.4	2.519
RP11-96K19.5	1.336
RP11-96L14.7	0.924
RP11-96L7.2	1.538
RP11-96O20.2	0.583
RP11-96O20.4	3.481
RP11-96P7.1	1.516
RP11-972K6.1	
RP11-972L6.2	2.077
RP11-972P1.8	0.979
RP11-973D8.4	-0.515
RP11-973F15.1	3.796
RP11-973F15.2	2.137
RP11-973H7.1	2.228
RP11-973H7.3	-1.462
RP11-973H7.4	1.831
RP11-973H7.5	1.831
RP11-973N13.2	1.546
RP11-973N13.3	1.654
RP11-973N13.4	1.317
RP11-977B10.2	2.158
RP11-977G19.10	0.986
RP11-977G19.11	0.948
RP11-977G19.12	0.082
RP11-977G19.14	
RP11-977G19.5	2.747
RP11-977P2.1	2.933
RP11-978I15.10	1.543
RP11-97C16.1	
RP11-97C18.1	1.863
RP11-97E7.1	5.619
RP11-97E7.2	2.753
RP11-97F8.1	1.953
RP11-97I14.1	2.884
RP11-97N10.1	4.064
RP11-97N19.2	0.464
RP11-97N5.2	1.624
RP11-97O12.2	1.21
RP11-97O12.3	2.46
RP11-97O12.6	1.629
RP11-97O12.7	2.585
RP11-981G7.1	2.337
RP11-981G7.2	1.807
RP11-981G7.3	1.269
RP11-981G7.6	3.094
RP11-981P6.1	1.493
RP11-982M15.2	0.32
RP11-982M15.5	0.792
RP11-982M15.6	1.79
RP11-982M15.7	2.25
RP11-982M15.8	1.598
RP11-983C2.1	1.509
RP11-983C2.2	1.065
RP11-983C2.3	1.441
RP11-983C2.4	1.15
RP11-983P16.2	1.218
RP11-983P16.4	2.325
RP11-986E7.2	5.093
RP11-986E7.7	2.56
RP11-986G18.1	
RP11-989E6.11	
RP11-989F5.1	0.923
RP11-989F5.3	0.923
RP11-98C1.1	0.097
RP11-98C1.2	0.097
RP11-98C8.1	2.177
RP11-98D18.15	0.827
RP11-98D18.16	
RP11-98D18.17	0.866
RP11-98D18.2	-0.274
RP11-98D18.3	1.194
RP11-98D18.7	0.222
RP11-98D18.9	0.495
RP11-98E6.1	0.105
RP11-98F14.11	
RP11-98G13.1	0.271
RP11-98G7.1	1.874
RP11-98H4.1	0.585
RP11-98H4.4	
RP11-98I9.4	1.238
RP11-98J23.2	-1.04
RP11-98J9.1	2.698
RP11-98J9.2	4.684
RP11-98J9.3	4.684
RP11-98L4.1	0.762
RP11-98L5.2	2.401
RP11-98L5.4	1.37
RP11-98L5.5	3.436
RP11-98O2.1	3.706
RP11-98P2.1	2.33
RP11-991C1.1	2.427
RP11-991C1.2	2.525
RP11-993B23.1	2.365
RP11-993B23.3	0.64
RP11-996F15.2	1.908
RP11-998D10.1	3.319
RP11-998D10.4	2.409
RP11-998D10.5	1.403
RP11-998D10.7	0.403
RP11-999E24.3	2.376
RP11-99A1.2	2.073
RP11-99A14.1	0.051
RP11-99C10.1	2.604
RP11-99E15.2	2.022
RP11-99E15.3	-0.147
RP11-99H20.1	2.743
RP11-99H8.1	-0.108
RP11-99J16__A.2	2.79
RP11-99L13.1	2.337
RP11-99L13.2	1.624
RP11-9B6.1	1.983
RP11-9D8.1	2.645
RP11-9E13.4	-0.308
RP11-9G1.3	1.863
RP11-9G10.1	
RP11-9L18.2	1.535
RP11-9L18.3	0.91
RP11-9M16.2	1.189
RP11-9M16.3	0.034
RP11-9N20.3	0.177
RP13-100A9.2	1.524
RP13-1016M1.2	1.764
RP13-1032I1.7	0.96
RP13-1056D16.2	-0.092
RP13-122B23.8	1.997
RP13-122B23.9	1.134
RP13-126C7.1	3.665
RP13-128O4.3	0.872
RP13-130D24.1	2.337
RP13-131K19.1	
RP13-131K19.2	
RP13-131K19.6	
RP13-131K19.7	
RP13-137A17.4	1.798
RP13-137A17.5	1.134
RP13-137A17.6	2.334
RP13-13A3.1	1.648
RP13-140E4.1	2.504
RP13-143G15.3	1.771
RP13-143G15.4	2.95
RP13-146A14.1	0.907
RP13-147D17.1	3.586
RP13-150K15.1	3.192
RP13-152O15.5	-0.012
RP13-15E13.1	
RP13-15M17.1	
RP13-16H11.2	3.353
RP13-16H11.5	0.815
RP13-188A5.1	1.867
RP13-192B19.1	2.285
RP13-192B19.2	1.414
RP13-198D9.3	3.865
RP13-200J3.2	0.351
RP13-20L14.1	1.522
RP13-20L14.4	-0.118
RP13-20L14.6	1.161
RP13-210D15.1	1.017
RP13-212L9.1	3.123
RP13-213K19.1	2.489
RP13-216E22.4	-0.66
RP13-216E22.5	0.678
RP13-225O21.2	1.076
RP13-225O21.5	0.754
RP13-228J13.1	1.035
RP13-228J13.9	
RP13-235E23.1	1.519
RP13-238F13.3	1.149
RP13-238F13.5	2.669
RP13-254B10.1	
RP13-258O15.1	3.576
RP13-259N13.2	2.947
RP13-262C2.3	0.685
RP13-266I11.1	8.848
RP13-26D14.2	-0.17
RP13-270P17.1	2.202
RP13-270P17.2	3.403
RP13-270P17.3	1.844
RP13-279N23.2	4.199
RP13-30A9.1	
RP13-30A9.2	
RP13-313G19.2	1.977
RP13-314C10.5	2.169
RP13-317D12.3	1.398
RP13-324D24.1	2.161
RP13-329D4.3	
RP13-33H18.1	0.723
RP13-346H10.2	0.157
RP13-347D8.1	3.6
RP13-348B13.2	1.62
RP13-359K18.1	1.656
RP13-36G14.3	0.76
RP13-36G14.4	1.229
RP13-379L11.1	2.01
RP13-379L11.2	1.935
RP13-379L11.3	1.846
RP13-379O24.2	1.279
RP13-379O24.3	1.524
RP13-383K5.4	0.166
RP13-392I16.1	1.744
RP13-395E19.2	
RP13-395E19.4	
RP13-39P12.2	1.1
RP13-39P12.3	1.093
RP13-40J16.1	1.415
RP13-439H18.4	1.158
RP13-43E11.1	1.049
RP13-444H2.1	1.612
RP13-444K19.1	2.926
RP13-452N2.1	1.965
RP13-455A7.1	3.002
RP13-461N9.2	-0.94
RP13-463N16.6	1.924
RP13-467H17.1	6.646
RP13-46H24.1	2.886
RP13-476E20.1	0.78
RP13-483F6.1	0.158
RP13-487K5.1	2.242
RP13-487P22.1	-0.982
RP13-488H8.1	-1.153
RP13-494C23.1	1.528
RP13-497K6.1	0.485
RP13-507P19.1	1.979
RP13-507P19.2	2.294
RP13-512J5.1	0.732
RP13-514E23.1	2.095
RP13-514E23.2	
RP13-516M14.1	1.468
RP13-516M14.2	1.096
RP13-516M14.4	1.971
RP13-526J3.1	4.871
RP13-52K8.1	2.096
RP13-539F13.2	1.108
RP13-539F13.3	0.41
RP13-539J13.1	1.193
RP13-560N11.1	1.446
RP13-565O16.2	0.807
RP13-577H12.2	3.226
RP13-577H12.3	
RP13-578N3.3	2.208
RP13-57D9.3	2.554
RP13-580B18.1	1.97
RP13-580F15.2	1.304
RP13-582O9.5	1.436
RP13-582O9.7	0.072
RP13-585F24.1	0.08
RP13-60M5.2	2.597
RP13-60P5.2	1.404
RP13-612N21.1	2.5
RP13-614K11.1	2.21
RP13-614K11.2	
RP13-616I3.1	2.531
RP13-619I2.2	1.579
RP13-631K18.2	4.469
RP13-631K18.3	2.77
RP13-631K18.5	2.078
RP13-635I23.3	1.837
RP13-638C3.2	-0.199
RP13-638C3.3	0.864
RP13-638C3.4	0.492
RP13-638C3.6	1.025
RP13-643D4.1	3.001
RP13-644M16.1	1.053
RP13-644M16.2	1.871
RP13-644M16.4	2.01
RP13-650G11.1	1.283
RP13-650J16.1	1.025
RP13-653N12.1	2.571
RP13-653N12.2	2.138
RP13-672B3.2	1.702
RP13-685P2.7	3.156
RP13-685P2.8	1.288
RP13-735L24.1	1.427
RP13-753N3.1	0.2
RP13-75G22.1	3.063
RP13-766D20.2	1.836
RP13-7D7.1	
RP13-81N3.1	1.157
RP13-81N3.2	2.102
RP13-820C6.2	1.558
RP13-824C8.2	2.776
RP13-870H17.3	1.869
RP13-884E18.2	1.926
RP13-884E18.4	1.669
RP13-88F20.1	2.122
RP13-890H12.2	1.677
RP13-895J2.2	
RP13-895J2.3	
RP13-895J2.7	
RP13-923O23.6	1.516
RP13-926M18.1	2.283
RP13-928P6.3	1.821
RP13-93L13.1	0.728
RP13-93L13.2	0.812
RP13-941N14.1	1.555
RP13-977J11.2	2.404
RP13-977J11.5	
RP13-98N21.3	0.407
RP13-991F5.2	1.682
RP1L1	3.062
RP2	1.825
RP3-322G13.5	2.34
RP3-322G13.7	1.717
RP3-322L4.2	2.199
RP3-323B6.1	0.694
RP3-323K23.3	0.878
RP3-323N1.2	1.951
RP3-323P13.2	3.444
RP3-325F22.3	2.125
RP3-325F22.5	2.464
RP3-326I13.1	1.124
RP3-326L13.2	2.263
RP3-326L13.3	0.877
RP3-327A19.5	-1.153
RP3-329A5.1	-1.122
RP3-329A5.8	1.206
RP3-329E20.2	-0.631
RP3-330M21.5	2.101
RP3-331H24.4	1.157
RP3-331H24.5	2.274
RP3-332B22.1	2.59
RP3-333A15.1	0.94
RP3-333A15.2	-1.297
RP3-333B15.4	1.827
RP3-333H23.8	1.682
RP3-334F4.1	2.42
RP3-334F4.2	2.023
RP3-335N17.2	1.782
RP3-336K20__B.2	1.949
RP3-337D23.3	4.829
RP3-337H4.10	
RP3-337H4.6	-0.009
RP3-337H4.8	-0.328
RP3-337H4.9	0.026
RP3-337O18.9	1.035
RP3-339A18.3	0.793
RP3-339A18.6	0.044
RP3-340B19.2	2.022
RP3-340B19.3	2.963
RP3-340B19.5	1.826
RP3-340H11.2	1.096
RP3-340N1.2	2.009
RP3-340N1.5	0.98
RP3-340N1.6	3.511
RP3-341D10.1	2.601
RP3-342P20.2	-0.001
RP3-343K2.4	
RP3-344J20.1	2.112
RP3-347M6.1	0.741
RP3-347M6.2	0.318
RP3-348I23.2	1.995
RP3-348I23.3	1.024
RP3-352A20.1	2.448
RP3-354J5.3	1.48
RP3-354N19.1	1.618
RP3-354N19.3	1.159
RP3-355L5.3	-2.221
RP3-355L5.4	0.449
RP3-355L5.5	5.499
RP3-357I16.1	4.415
RP3-358H7.1	1.3
RP3-359N14.1	2.453
RP3-359N14.2	3.474
RP3-364H10.1	3.94
RP3-365O12.2	2.783
RP3-368A4.5	0.431
RP3-368A4.6	-0.355
RP3-368B9.2	1.815
RP3-369A17.2	1.4
RP3-369A17.4	2.493
RP3-369A17.5	0.916
RP3-370M22.8	0.454
RP3-375P9.2	2.386
RP3-377H17.2	1.47
RP3-377O6.2	
RP3-378P9.1	2.743
RP3-378P9.2	2.903
RP3-380B4.1	4.42
RP3-380B8.4	5.763
RP3-380C13.2	1.675
RP3-380E11.2	2.076
RP3-382I10.2	-1.882
RP3-382I10.3	-0.493
RP3-384D21.2	
RP3-388E23.2	1.179
RP3-388M5.8	0.909
RP3-388M5.9	0.921
RP3-388N13.2	2.692
RP3-388N13.3	2.572
RP3-389A20.2	0.525
RP3-390M24.1	4.489
RP3-391O22.1	
RP3-391O22.2	-0.246
RP3-391O22.3	1.394
RP3-393E18.1	2.201
RP3-393E18.2	2.129
RP3-393K13.1	2.731
RP3-393P12.1	0.862
RP3-395C13.1	0.573
RP3-395M20.12	1.362
RP3-395M20.2	0.555
RP3-395M20.3	-0.628
RP3-395M20.7	4.869
RP3-395M20.8	1.346
RP3-395M20.9	0.693
RP3-395P12.2	1.47
RP3-398G3.5	3.134
RP3-399J4.1	4.221
RP3-399J4.2	4.81
RP3-399J4.4	2.536
RP3-399L15.1	1.375
RP3-399L15.2	1.696
RP3-399L15.3	2.468
RP3-400B16.1	1.97
RP3-400B16.2	3.081
RP3-400B16.3	3.454
RP3-400B16.4	1.265
RP3-400N23.6	1.497
RP3-402G11.25	0.656
RP3-402G11.26	0.649
RP3-402G11.27	-0.12
RP3-402G11.28	0.479
RP3-403A15.1	0.833
RP3-403L10.2	-1.525
RP3-403L10.3	1.571
RP3-404F18.5	
RP3-404K8.2	2.831
RP3-405J10.2	0.749
RP3-405J10.3	0.681
RP3-405J10.4	1.046
RP3-406A7.1	2.107
RP3-406A7.3	1.064
RP3-406A7.5	0.115
RP3-406A7.7	2.149
RP3-406C18.1	2.475
RP3-406C18.2	2.018
RP3-406P24.1	2.981
RP3-406P24.3	1.609
RP3-406P24.4	2.225
RP3-407E4.2	4.217
RP3-407E4.3	1.977
RP3-407E4.4	1.934
RP3-408N23.4	
RP3-410B11.1	1.507
RP3-410C9.2	
RP3-412A9.12	-0.369
RP3-412A9.15	2.254
RP3-412A9.16	0.033
RP3-413H6.2	1.732
RP3-414A15.10	2.067
RP3-414A15.11	1.155
RP3-414A15.2	1.724
RP3-415N12.1	
RP3-416H24.1	0.478
RP3-416H24.4	1.493
RP3-416J7.4	
RP3-416J7.5	4.19
RP3-417L20.4	2.308
RP3-417O22.3	1.568
RP3-418A9.3	2.165
RP3-418C23.2	4.677
RP3-419C19.2	1.422
RP3-419C19.3	0.953
RP3-420J14.1	3.757
RP3-422G23.3	2.127
RP3-422G23.4	1.569
RP3-423B22.5	-0.881
RP3-425P12.1	3.397
RP3-425P12.2	3.65
RP3-425P12.4	0.17
RP3-425P12.5	3.099
RP3-426I6.2	4.83
RP3-426I6.5	
RP3-426I6.6	
RP3-428A13.1	2.897
RP3-428L16.1	2.324
RP3-428L16.2	1.53
RP3-429O6.1	2.273
RP3-430N8.10	-1.724
RP3-430N8.11	-1.724
RP3-431A14.4	2.826
RP3-431C21.1	2.077
RP3-431P23.2	2.009
RP3-432I18.1	3.101
RP3-433F14.1	1.052
RP3-433F14.4	0.948
RP3-433G13.1	3.915
RP3-434O14.8	-0.892
RP3-434P1.6	1.465
RP3-435K13.1	3.98
RP3-436N22.3	1.181
RP3-437C15.1	0.834
RP3-437C15.2	4.94
RP3-437I16.1	2.579
RP3-438O4.4	1.423
RP3-439F8.1	1.127
RP3-441A12.1	1.711
RP3-443C4.2	0.425
RP3-445N2.1	1.328
RP3-445O10.1	2.572
RP3-446N13.1	2.353
RP3-448I9.1	2.065
RP3-448I9.2	1.516
RP3-449H6.1	3.539
RP3-449M8.6	0.918
RP3-449M8.9	1.44
RP3-449O17.1	4.967
RP3-450M14.1	1.851
RP3-451B15.3	2.294
RP3-452M16.1	1.494
RP3-453C12.8	-0.399
RP3-453D15.1	2.325
RP3-453I5.2	0.957
RP3-453P22.2	1.796
RP3-454B23.1	4.149
RP3-455E7.1	1.959
RP3-455H14.1	2.662
RP3-455J7.3	1.557
RP3-455J7.4	1.677
RP3-460G2.2	1.207
RP3-461F17.1	-0.785
RP3-461F17.2	0.542
RP3-461P17.10	4.1
RP3-461P17.6	-0.419
RP3-461P17.9	1.973
RP3-462C17.1	1.553
RP3-462E2.3	1.057
RP3-462E2.5	1.653
RP3-463P15.1	2.039
RP3-466I7.1	-0.433
RP3-466P17.1	1.88
RP3-467K16.2	1.418
RP3-467K16.4	2.363
RP3-467K16.7	1.133
RP3-467L1.4	2.166
RP3-467L1.6	0.439
RP3-467N11.1	0.563
RP3-467N11.2	1.686
RP3-468B3.2	2.865
RP3-468B3.4	0.577
RP3-468K18.5	2.289
RP3-468K18.6	0.545
RP3-470B24.5	1.856
RP3-470L22.1	1.807
RP3-471C18.1	0.854
RP3-471C18.2	1.613
RP3-471M13.2	0.618
RP3-472M2.2	
RP3-473B4.3	1.734
RP3-473L9.4	2.508
RP3-474G15.1	2.561
RP3-475N16.1	2.796
RP3-476K8.3	1.057
RP3-476K8.4	-0.827
RP3-477M7.5	1.056
RP3-477M7.6	2.135
RP3-477O4.14	2.597
RP3-477O4.16	2.481
RP3-477O4.5	2.355
RP3-481A17.1	3.876
RP3-481F12.1	1.072
RP3-483K16.4	0.848
RP3-486D24.1	1.675
RP3-486I3.4	
RP3-486I3.5	0.286
RP3-486I3.7	0.174
RP3-492P14.2	1.915
RP3-495K2.1	3.68
RP3-495K2.2	5.622
RP3-495K2.3	2.861
RP3-495O10.1	2.894
RP3-496C20.1	
RP3-497J21.1	0.81
RP3-499B10.3	2.702
RP3-500L14.2	1.513
RP3-503A6.2	1.413
RP3-507I15.1	2.541
RP3-507I15.2	1.827
RP3-508D13.1	3.809
RP3-508I15.10	1.805
RP3-508I15.14	1.57
RP3-508I15.18	1.823
RP3-508I15.19	1.823
RP3-508I15.20	
RP3-508I15.21	
RP3-508I15.22	1.166
RP3-508I15.9	1.999
RP3-509I19.6	-0.534
RP3-510D11.1	1.275
RP3-510D11.2	0.959
RP3-510H16.3	2.673
RP3-510L9.1	2.419
RP3-510O8.3	2.57
RP3-510O8.4	0.829
RP3-511B24.6	1.929
RP3-512B11.3	1.776
RP3-512E2.2	1.091
RP3-513G18.2	2.961
RP3-514A23.2	2.098
RP3-518E13.2	2.685
RP3-520B18.1	0.675
RP3-521E19.2	1.445
RP3-521E19.3	-0.307
RP3-522D1.1	1.533
RP3-522D1.2	1.439
RP3-522J7.5	0.358
RP3-522J7.6	4.132
RP3-522P13.1	2.391
RP3-522P13.2	1.713
RP3-522P13.3	1.801
RP3-523C21.2	1.293
RP3-523E19.2	-0.004
RP3-523K23.2	2.594
RP3-525L6.2	1.367
RP3-525N10.2	1.448
RP3-525N14.2	
RP3-526F5.2	1.513
RP3-527G5.1	2.25
RP4-529N6.1	4.758
RP4-529N6.2	1.936
RP4-530I15.6	2.291
RP4-530I15.9	2.141
RP4-533D7.3	
RP4-533D7.4	0.653
RP4-533D7.5	1.279
RP4-534N18.2	1.166
RP4-534P7.2	1.682
RP4-535B20.1	0.881
RP4-535B20.2	1.552
RP4-535B20.4	2.574
RP4-536B24.2	1.133
RP4-536B24.3	2.194
RP4-536B24.4	1.542
RP4-537K23.4	2.171
RP4-539M6.14	1.113
RP4-539M6.18	1.367
RP4-539M6.19	1.048
RP4-539M6.20	
RP4-539M6.21	0.805
RP4-539M6.22	1.435
RP4-541C22.5	2.001
RP4-543J13.1	2.124
RP4-544H6.2	2.701
RP4-545C24.1	2.773
RP4-545C24.5	1.749
RP4-545K15.3	1.384
RP4-545K15.5	0.165
RP4-548D19.3	
RP4-549F15.1	
RP4-549L20.3	0.995
RP4-550H1.4	1.565
RP4-550H1.5	-1.318
RP4-551E13.2	1.586
RP4-552O12.1	2.098
RP4-553F4.2	1.314
RP4-553F4.6	1.269
RP4-555D20.2	
RP4-555D20.3	1.498
RP4-555D20.4	1.811
RP4-555L14.4	2.1
RP4-555N2.4	2.209
RP4-559A3.7	2.455
RP4-560B9.4	4.569
RP4-560B9.5	1.135
RP4-560B9.6	1.189
RP4-561L24.3	1.639
RP4-562D20.2	3.353
RP4-562J12.1	0.687
RP4-562J12.2	1.191
RP4-564F22.5	
RP4-564M11.2	2.558
RP4-564O4.1	1.812
RP4-566D2.1	-0.031
RP4-568F9.3	1.166
RP4-568F9.6	3.655
RP4-569D19.5	1.448
RP4-569D19.8	1.967
RP4-569M23.2	
RP4-569M23.4	
RP4-570O12.2	2.465
RP4-575N6.2	1.646
RP4-575N6.4	0.649
RP4-575N6.5	1.455
RP4-576H24.2	1.073
RP4-576H24.4	0.583
RP4-580N22.2	1.223
RP4-580O19.2	1.029
RP4-581F12.1	2.699
RP4-581O6.1	1.676
RP4-583K8.1	1.233
RP4-583P15.10	1.33
RP4-583P15.11	1.518
RP4-583P15.14	0.121
RP4-583P15.15	1.47
RP4-584D14.5	2.156
RP4-584D14.6	1.263
RP4-584D14.7	2.439
RP4-586O15.1	1.558
RP4-590F24.1	1.946
RP4-591B8.2	
RP4-591B8.3	1.778
RP4-591L5.1	3.028
RP4-591L5.2	1.982
RP4-591N18.2	1.026
RP4-592A1.2	1.463
RP4-592A1.4	1.486
RP4-593C16.3	2.155
RP4-593H12.1	-1.587
RP4-593M8.1	
RP4-594A5.1	2.265
RP4-594I10.3	1.888
RP4-594L9.2	2.113
RP4-595K12.1	-0.38
RP4-595K12.2	4.225
RP4-597A16.2	4.367
RP4-597A16.3	2.933
RP4-597J3.1	1.725
RP4-597N16.1	1.623
RP4-597N16.4	0.485
RP4-598G3.1	3.855
RP4-601K24.1	4.736
RP4-601P9.1	6.922
RP4-601P9.2	2.534
RP4-603I14.3	1.85
RP4-604A21.1	
RP4-604G5.1	0.931
RP4-604G5.3	0.929
RP4-604K5.2	0.716
RP4-604K5.3	0.6
RP4-605O3.4	0.886
RP4-607I7.1	1.031
RP4-607J2.1	1.337
RP4-607J23.2	3.809
RP4-609E1.2	0.482
RP4-612B15.2	1.704
RP4-612B15.3	1.991
RP4-612B18.1	1.081
RP4-612B18.3	0.422
RP4-612C19.1	0.589
RP4-612C19.2	-3.113
RP4-612J11.1	1.233
RP4-613A2.1	1.106
RP4-613B23.1	3.329
RP4-614C15.2	2.364
RP4-614C15.3	2.812
RP4-614N24.1	3.251
RP4-614O4.11	1.457
RP4-614O4.12	1.252
RP4-616B8.4	2.714
RP4-617C6.1	1.546
RP4-620E11.4	0.733
RP4-620E11.5	2.058
RP4-620F22.2	2.766
RP4-620F22.3	1.404
RP4-621B10.8	1.22
RP4-622L5.2	-0.005
RP4-622L5.7	1.283
RP4-625H18.2	0.129
RP4-630A11.3	0.83
RP4-630C24.3	2.088
RP4-630J13.1	3.126
RP4-631H13.2	
RP4-631H13.4	-0.761
RP4-631H13.5	
RP4-633H17.2	0.943
RP4-633I8.1	
RP4-633I8.2	-0.297
RP4-633I8.3	-0.565
RP4-633I8.4	
RP4-633O19__A.1	2.916
RP4-635A23.3	0.488
RP4-635A23.4	-1.114
RP4-635E18.6	0.979
RP4-635E18.7	2.105
RP4-635E18.8	
RP4-635E8.1	-2.902
RP4-635G19.1	1.271
RP4-639F20.1	1.979
RP4-639J15.1	3.264
RP4-639J15.2	2.168
RP4-640E24.1	2.2
RP4-640H8.2	1.93
RP4-641G12.3	1.126
RP4-641G12.4	2.11
RP4-644L1.2	2.443
RP4-646N3.1	2.163
RP4-647C14.2	1.396
RP4-647C14.3	0.445
RP4-647J21.1	0.94
RP4-650F12.2	1.041
RP4-651E10.3	-1.031
RP4-651E10.4	2.54
RP4-654C18.1	0.158
RP4-654H19.2	1.033
RP4-655C5.4	2.406
RP4-655J12.4	1.905
RP4-655J12.5	0.469
RP4-655L22.4	2.289
RP4-656G21.1	5.185
RP4-657D16.3	1.478
RP4-657D16.6	-0.587
RP4-657E11.10	0.235
RP4-657M3.2	3.891
RP4-659I19.1	2.654
RP4-660H19.1	3.175
RP4-662A9.2	1.37
RP4-663N10.1	3.816
RP4-663N10.2	2.89
RP4-665J23.1	1.949
RP4-665J23.2	0.711
RP4-665J23.4	1.805
RP4-665N4.4	2.433
RP4-665N4.8	2.13
RP4-666F24.3	1.934
RP4-666O22.3	1.737
RP4-667H12.4	2.047
RP4-668E10.2	3.306
RP4-668G5.1	1.746
RP4-668J24.2	1.853
RP4-669B10.3	2.113
RP4-669B10.6	1.973
RP4-669H2.1	1.475
RP4-671G15.2	0.594
RP4-672N11.1	3.392
RP4-673D20.1	2.226
RP4-673D20.3	2.433
RP4-673D20.4	0.812
RP4-673D20.5	0.627
RP4-673D20.6	1.838
RP4-673M15.1	0.988
RP4-675G8.2	1.378
RP4-675G8.3	2.697
RP4-675G8.4	0.784
RP4-676J13.2	1.289
RP4-676L2.1	4.185
RP4-677H15.4	0.484
RP4-678D15.1	3.148
RP4-680D5.2	1.95
RP4-680D5.4	1.387
RP4-680D5.8	-1.199
RP4-680D5.9	0.423
RP4-681L3.2	
RP4-682C21.2	0.953
RP4-682C21.5	2.591
RP4-682E18.1	1.113
RP4-683L5.1	1.142
RP4-683M8.2	1.771
RP4-684O24.5	3.308
RP4-686C3.7	2.553
RP4-687K1.2	0.019
RP4-693M11.3	0.582
RP4-694A7.2	1.278
RP4-694A7.4	2.683
RP4-694B14.5	1.897
RP4-697K14.3	1.882
RP4-697P8.3	1.348
RP4-700A9.1	1.092
RP4-701O16.5	2.037
RP4-704D23.1	2.422
RP4-705D16.3	3.99
RP4-705F19.1	2.794
RP4-705O1.1	1.584
RP4-706A16.3	
RP4-706G24.1	2.113
RP4-706L14.2	1.308
RP4-710M16.1	1.661
RP4-710M16.2	2.257
RP4-710M3.1	1.35
RP4-710M3.2	0.656
RP4-712E4.1	1.443
RP4-712E4.2	3.471
RP4-713A8.1	1.725
RP4-713B5.2	1.666
RP4-714D9.2	3.017
RP4-714D9.4	
RP4-714D9.5	1.185
RP4-715N11.2	4.651
RP4-717I23.3	2.249
RP4-717M23.2	1.678
RP4-718D20.3	0.643
RP4-718J7.4	1.671
RP4-718N17.2	2.283
RP4-718P11.1	0.737
RP4-719C8.1	1.23
RP4-723E3.1	5.497
RP4-724E13.2	2.562
RP4-724E16.2	3.358
RP4-724P12.1	2.889
RP4-725G10.3	1.201
RP4-725G10.4	1.204
RP4-725K1.1	
RP4-726F1.1	2.555
RP4-726N1.2	1.551
RP4-728D4.2	1.519
RP4-728D4.3	1.024
RP4-730D4.1	1.057
RP4-730K3.3	-0.011
RP4-733B9.1	0.533
RP4-734C18.1	2.572
RP4-734G22.3	1.337
RP4-734P14.4	2.539
RP4-735C1.4	2.677
RP4-735C1.6	2.43
RP4-735N21.1	2.74
RP4-736H5.1	1.959
RP4-736H5.2	3.457
RP4-736H5.3	2.209
RP4-736I12.1	2.033
RP4-736L20.3	1.339
RP4-737A23.2	1.413
RP4-737E23.2	6.158
RP4-738P11.3	2.577
RP4-738P11.4	1.796
RP4-738P15.1	0.88
RP4-738P15.4	1.996
RP4-739H11.3	0.486
RP4-739H11.4	1.069
RP4-740C4.5	0.241
RP4-740C4.6	2.354
RP4-740C4.7	0.566
RP4-740C4.8	-0.39
RP4-740C4.9	0.797
RP4-741O10.1	1.416
RP4-742J24.2	1.373
RP4-742N3.1	3.362
RP4-743O11.1	2.592
RP4-745E8.2	2.231
RP4-745K6.1	3.454
RP4-749H3.1	2.302
RP4-749H3.2	-1.137
RP4-751H13.7	0.739
RP4-752I6.1	0.867
RP4-753D10.3	1.093
RP4-753D10.5	1.356
RP4-753D4.2	0.814
RP4-753D5.3	2.843
RP4-753F5.1	1.152
RP4-753M9.1	0.954
RP4-753P9.3	1.644
RP4-754E20__A.5	4.008
RP4-755D9.1	3.777
RP4-756G23.5	0.545
RP4-756H11.3	1.231
RP4-758J18.13	3.458
RP4-758J18.2	1.4
RP4-758J18.7	2.448
RP4-758J24.5	1.378
RP4-760C5.3	
RP4-760C5.5	
RP4-761I2.5	1.633
RP4-761J14.10	1.969
RP4-761J14.8	1.169
RP4-761J14.9	1.014
RP4-763G1.1	1.278
RP4-763G1.2	3.564
RP4-764D2.1	1.776
RP4-764O22.1	7.072
RP4-764O22.2	4.032
RP4-765C7.2	0.627
RP4-765H13.1	2.422
RP4-769N13.2	-1.94
RP4-769N13.6	2.73
RP4-769N13.7	1.139
RP4-771M4.2	1.143
RP4-771M4.3	2.022
RP4-773A18.4	1.043
RP4-773N10.4	1.164
RP4-773N10.6	4.158
RP4-775C13.1	1.013
RP4-775C13.2	1.237
RP4-775D17.1	0.584
RP4-777D9.2	1.56
RP4-777G9.1	
RP4-777O23.1	-0.484
RP4-778K6.1	
RP4-778K6.3	0.634
RP4-779E11.3	1.872
RP4-781K5.2	0.862
RP4-781K5.4	3.167
RP4-781K5.5	2.402
RP4-781K5.6	3.237
RP4-781K5.7	3.194
RP4-781K5.8	2.495
RP4-781K5.9	2.379
RP4-781L3.1	1.661
RP4-782G3.1	1.234
RP4-782L23.1	1.761
RP4-782L23.2	3.045
RP4-784A16.1	
RP4-784A16.2	0.748
RP4-784A16.3	-0.77
RP4-784A16.4	1.864
RP4-784A16.5	1.41
RP4-785G19.5	2.367
RP4-785J1.1	1.534
RP4-788L20.3	2.362
RP4-788P17.1	4.722
RP4-789D17.4	
RP4-789D17.5	
RP4-790G17.7	1.106
RP4-791C19.1	2.399
RP4-791M13.4	
RP4-791M13.5	
RP4-792G4.2	1.014
RP4-792G4.3	2.964
RP4-794H19.1	1.129
RP4-794H19.2	3.125
RP4-794H19.4	2.229
RP4-796I17.5	
RP4-796I8.1	2.496
RP4-797C5.2	2.897
RP4-798A10.2	4.296
RP4-798A17.5	2.599
RP4-798P15.3	2.91
RP4-799D16.1	2.343
RP4-799G3.1	5.297
RP4-799G3.2	3.451
RP4-799P18.2	1.224
RP4-799P18.3	2.093
RP4-799P18.4	2.093
RP4-799P18.5	0.773
RP4-800F24.1	1.452
RP4-800G7.1	2.754
RP4-800G7.2	1.759
RP4-800G7.3	1.464
RP4-800J21.3	4.647
RP4-800M22.1	1.553
RP4-800M22.2	1.398
RP4-800M22.4	
RP4-800O15.3	3.215
RP4-801G22.2	1.776
RP4-801G22.3	2.031
RP4-802A10.1	-1.077
RP4-803A2.1	1.805
RP4-803A2.2	1.443
RP4-803J11.2	2.022
RP4-806M20.3	0.225
RP4-806M20.5	1.448
RP4-808O4.2	2.155
RP4-809F18.1	1.779
RP4-809F18.2	3.614
RP4-809F4.1	-1.569
RP4-810F7.1	3.764
RP4-811H24.9	0.353
RP4-813D12.3	1.93
RP4-813F11.3	2.619
RP4-813F11.4	0.751
RP4-814D15.1	0.999
RP4-814D15.2	
RP4-816N1.1	2.034
RP4-816N1.6	2.921
RP4-816N1.7	2.921
RP5-1000K24.2	1.041
RP5-1002M8.4	0.63
RP5-1004I9.1	3.016
RP5-1004I9.2	5.073
RP5-1006K12.1	2.044
RP5-1007G16.1	2.244
RP5-1007H16.1	2.033
RP5-1007M22.2	1.977
RP5-1009N12.1	2.098
RP5-1010E17.1	5.291
RP5-1010E17.2	2.768
RP5-1011O1.2	1.564
RP5-1011O1.3	1.19
RP5-1012F16.2	
RP5-1013A22.2	1.713
RP5-1013A22.5	1.538
RP5-1018K9.1	1.514
RP5-1021I20.1	1.349
RP5-1021I20.2	1.241
RP5-1021I20.4	3.642
RP5-1021I20.5	1.661
RP5-1021I20.6	0.228
RP5-1021I20.7	0.984
RP5-1022J11.2	1.215
RP5-1022P6.4	4.519
RP5-1022P6.5	1.442
RP5-1022P6.7	0.554
RP5-1024C24.1	2.104
RP5-1024G6.2	0.732
RP5-1024G6.5	1.263
RP5-1024G6.7	0.504
RP5-1024G6.8	-0.443
RP5-1024N4.2	1.799
RP5-1024N4.4	-0.338
RP5-1025A1.2	1.713
RP5-1027G4.3	1.486
RP5-1027O11.1	3.738
RP5-1027O15.1	1.278
RP5-1028K7.2	1.253
RP5-1028L10.1	1.837
RP5-1028L10.2	0.609
RP5-1029F21.2	
RP5-1029F21.3	
RP5-1029F21.4	
RP5-1029K10.2	2.129
RP5-1029K10.4	1.494
RP5-1030M6.3	1.971
RP5-1031D4.2	2.74
RP5-1031J8.1	2.881
RP5-1033H2.1	2.333
RP5-1033H22.2	0.836
RP5-1033K19.2	2.519
RP5-1039K5.13	1.815
RP5-1039K5.16	0.364
RP5-1039K5.17	
RP5-1039K5.18	1.455
RP5-1041C10.3	0.744
RP5-1042I8.7	
RP5-1042K10.10	3.003
RP5-1042K10.12	
RP5-1042K10.13	0.312
RP5-1043L13.1	4.759
RP5-1044H5.1	1.366
RP5-1044H5.2	0.625
RP5-1046G13.2	-0.439
RP5-1047A19.4	
RP5-1048B16.1	2.062
RP5-1049G16.4	
RP5-1049N15.2	
RP5-1050D4.2	0.14
RP5-1050D4.4	0.574
RP5-1050D4.5	0.438
RP5-1050E16.1	
RP5-1050E16.2	
RP5-1050K3.3	
RP5-1051D14.1	3.167
RP5-1051H14.2	4.191
RP5-1051J4.4	1.421
RP5-1051J4.6	0.954
RP5-1052I5.1	1.886
RP5-1052I5.2	3.849
RP5-1052M9.4	0.399
RP5-1053E7.3	0.989
RP5-1055C14.6	1.065
RP5-1056L3.1	1.606
RP5-1057I20.2	1.559
RP5-1057J7.1	1.988
RP5-1057J7.6	3.006
RP5-1057J7.7	0.753
RP5-1059H15.1	3.244
RP5-1061H20.3	-0.203
RP5-1061H20.4	1.465
RP5-1061H20.5	1.975
RP5-1063M23.1	1.587
RP5-1063M23.2	2.22
RP5-1065J22.2	
RP5-1065J22.4	2.303
RP5-1065J22.8	1.335
RP5-1065P14.2	1.694
RP5-1066H13.4	2.07
RP5-1067M6.3	2.013
RP5-1068B5.1	2.454
RP5-1068B5.3	2.305
RP5-1068E13.7	1.959
RP5-1068H6.1	0.915
RP5-1069C8.2	2.827
RP5-1069C8.3	-0.621
RP5-1070A16.1	2.814
RP5-1070G24.2	0.463
RP5-1071N3.1	0.645
RP5-1073F15.1	-1.125
RP5-1073O3.2	0.625
RP5-1073O3.7	0.916
RP5-1074L1.1	4.315
RP5-1074L1.4	0.207
RP5-1077B9.5	0.292
RP5-1077H22.1	2.325
RP5-1077H22.2	2.16
RP5-1077I2.3	1.347
RP5-1085F17.3	0.373
RP5-1085F17.4	0.924
RP5-1086K13.1	1.187
RP5-1086L22.1	4.732
RP5-1087E8.3	-0.047
RP5-1091N2.3	2.118
RP5-1091N2.9	1.498
RP5-1092A11.2	0.855
RP5-1092A11.5	2.366
RP5-1092A3.4	0.832
RP5-1092A3.5	1.042
RP5-1092L12.2	1.722
RP5-1096D14.3	1.544
RP5-1096D14.6	1.4
RP5-1096J16.1	1.47
RP5-1097F14.1	2.13
RP5-1097F14.3	2.429
RP5-1097P24.1	2.517
RP5-1098D14.1	4.677
RP5-1099D15.1	0.421
RP5-1099E6.3	2.335
RP5-1100E15.4	
RP5-1100H13.3	0.878
RP5-1100I6.1	2.078
RP5-1100I6.2	1.644
RP5-1101C3.1	1.686
RP5-1102E8.3	2.186
RP5-1103B4.3	2.44
RP5-1103G7.10	2.241
RP5-1103G7.4	2.212
RP5-1104E15.6	2.347
RP5-1106E3.1	2.838
RP5-1106H14.1	1.881
RP5-1107A17.2	-2.115
RP5-1107A17.3	1.159
RP5-1107A17.4	1.238
RP5-1109J22.1	1.284
RP5-1109J22.2	1.011
RP5-1110E20.1	1.348
RP5-1111A8.3	1.629
RP5-1112D6.4	0.932
RP5-1112D6.7	1.312
RP5-1112D6.8	0.851
RP5-1112F19.2	2.741
RP5-1113E3.3	-0.773
RP5-1114G22.1	2.755
RP5-1114G22.2	1.541
RP5-1115A15.1	0.737
RP5-1115A15.2	-0.347
RP5-1116H23.1	1.05
RP5-1118D24.2	2.002
RP5-1119A7.10	0.96
RP5-1119A7.11	1.871
RP5-1119A7.14	2.474
RP5-1119A7.17	1.741
RP5-1119D9.4	2.101
RP5-1119O21.2	2.95
RP5-1120P11.1	4.108
RP5-1120P11.3	0.713
RP5-1120P11.4	1.556
RP5-1121A15.3	3.434
RP5-1121H13.1	-0.438
RP5-1121H13.3	1.008
RP5-1121H13.4	3.847
RP5-1125A11.1	1.495
RP5-1125A11.4	1.437
RP5-1125K23.1	-0.161
RP5-1125M8.2	1.27
RP5-1125M8.3	1.854
RP5-1125N11.1	1.371
RP5-1126H10.2	3.876
RP5-1128N12.2	2.266
RP5-1132H15.1	1.18
RP5-1132H15.2	1.857
RP5-1132H15.3	2.287
RP5-1136G13.1	3.778
RP5-1136G13.2	1.79
RP5-1136G2.1	2.783
RP5-1139B12.2	1.183
RP5-1139B12.3	0.828
RP5-1139B12.4	0.386
RP5-1139I1.1	1.281
RP5-1139I1.2	2.221
RP5-1142A6.2	1.204
RP5-1142A6.5	1.635
RP5-1142A6.7	0.039
RP5-1142A6.8	0.917
RP5-1142A6.9	1.154
RP5-1142J19.1	1.492
RP5-1142J19.2	0.395
RP5-1147A1.1	1.026
RP5-1147A1.2	1.885
RP5-1148A21.3	0.72
RP5-1154E9.7	1.892
RP5-1154L15.1	0.042
RP5-1154L15.2	3.035
RP5-1155K23.4	0.747
RP5-1157M23.2	0.959
RP5-1158E12.1	1.751
RP5-1158E12.2	1.383
RP5-1158E12.3	1.63
RP5-1159O4.1	2.21
RP5-1159O4.2	2.366
RP5-1160K1.1	1.475
RP5-1160K1.3	0.579
RP5-1160K1.6	1.323
RP5-1160K1.8	0.7
RP5-1163L11.2	-0.54
RP5-1163L11.3	
RP5-1164C1.2	2.851
RP5-1165K10.2	2.182
RP5-1166A24.1	
RP5-1166F10.1	3.213
RP5-1168A5.1	2.308
RP5-1170D6.1	1.94
RP5-1170K4.7	1.591
RP5-1172A22.1	2.745
RP5-1172N10.2	1.8
RP5-1172N10.4	0.57
RP5-1174J21.2	-0.629
RP5-1177I5.3	2.069
RP5-1177M21.1	1.546
RP5-1178H5.2	-0.694
RP5-1180C10.2	0.908
RP5-1180C18.1	2.114
RP5-1180E21.4	0.934
RP5-1180E21.5	0.845
RP5-1182A14.5	1.714
RP5-1184F4.5	1.125
RP5-1185H19.2	2.433
RP5-1185I7.1	1.418
RP5-1185K9.1	1.585
RP5-1186N24.3	0.503
RP5-1186P10.2	2.868
RP5-1189B24.1	0.968
RP5-1189K21.2	
RP5-1193P9.4	1.863
RP5-1195D24.1	2.757
RP5-1198O20.4	3.153
RP5-1198O20.5	-0.311
RP5-821D11.7	0.742
RP5-823G15.5	3.058
RP5-826L7.1	1.897
RP5-827A12.2	-0.176
RP5-827C21.1	1.881
RP5-827C21.2	1.83
RP5-827C21.4	0.387
RP5-827C21.6	1.089
RP5-827L5.1	1.721
RP5-827L5.2	3.243
RP5-827O9.1	2.051
RP5-828H9.1	3.884
RP5-828K20.1	2.064
RP5-828K20.2	3.356
RP5-831K15.1	1.461
RP5-833A20.1	0.384
RP5-834N19.1	4.543
RP5-836E8.1	2.248
RP5-836J3.1	0.883
RP5-836N10.1	1.059
RP5-837I24.2	2.885
RP5-837I24.4	1.639
RP5-837I24.5	
RP5-837I24.6	1.078
RP5-837J1.1	
RP5-837J1.2	0.701
RP5-837J1.4	
RP5-837M10.1	2.146
RP5-837M10.4	1.243
RP5-837O21.1	-0.094
RP5-837O21.2	1.673
RP5-837O21.3	-0.16
RP5-837O21.4	-0.267
RP5-837O21.5	0.636
RP5-837O21.6	-0.54
RP5-837O21.8	-0.321
RP5-839B4.8	2.684
RP5-842K16.1	0.334
RP5-842K16.2	1.0
RP5-843L14.1	2.93
RP5-849L7.1	6.045
RP5-850E9.3	2.704
RP5-850O15.3	1.138
RP5-850O15.4	1.306
RP5-854E16.2	
RP5-855F14.1	2.207
RP5-855F14.2	1.898
RP5-855F16.1	1.929
RP5-856G1.1	1.734
RP5-857K21.2	3.247
RP5-857K21.3	
RP5-857K21.4	3.247
RP5-858B6.1	1.07
RP5-858B6.3	1.292
RP5-859D4.3	2.688
RP5-859M6.1	2.729
RP5-860P4.2	3.838
RP5-862K6.4	1.704
RP5-862P8.3	2.068
RP5-864K19.4	2.593
RP5-865N13.1	1.914
RP5-865N13.2	3.995
RP5-866L20.1	0.989
RP5-866L20.2	1.27
RP5-867C24.1	-1.872
RP5-867C24.4	
RP5-867C24.5	-3.17
RP5-872K7.7	1.449
RP5-874C20.3	1.788
RP5-874C20.6	1.513
RP5-875H18.4	0.441
RP5-875O13.6	3.705
RP5-878I13.1	1.955
RP5-878I13.2	2.551
RP5-879K22.1	
RP5-881L22.4	1.504
RP5-881L22.5	0.901
RP5-881L22.6	1.083
RP5-882O7.1	1.101
RP5-884C9.2	3.149
RP5-884C9.3	1.437
RP5-884G6.2	2.141
RP5-884M6.1	1.877
RP5-886K2.1	1.119
RP5-886K2.3	1.2
RP5-887A10.1	6.055
RP5-888M10.2	4.273
RP5-890E16.2	0.745
RP5-890E16.4	
RP5-890O15.3	1.601
RP5-890O3.9	1.359
RP5-891H21.1	0.852
RP5-891H21.5	3.448
RP5-892F13.2	0.963
RP5-892G5.2	
RP5-892K4.1	0.861
RP5-893G23.1	2.348
RP5-894A10.2	-0.058
RP5-894A10.6	0.548
RP5-894D12.3	1.949
RP5-894D12.4	0.699
RP5-894D12.5	1.949
RP5-896L10.1	2.628
RP5-897D18.1	3.432
RP5-898J17.1	1.87
RP5-899B16.1	1.433
RP5-899B16.2	1.994
RP5-899E9.1	1.541
RP5-901A4.1	0.634
RP5-901A4.5	5.072
RP5-902P8.10	3.296
RP5-905G11.3	2.519
RP5-905N1.2	0.146
RP5-906A24.2	1.647
RP5-907D15.3	2.555
RP5-908D6.1	2.727
RP5-908M14.5	2.24
RP5-912I13.1	2.241
RP5-914M6.1	
RP5-914P20.5	1.801
RP5-915N17.3	1.451
RP5-916L7.2	2.085
RP5-916O11.1	
RP5-916O11.2	2.474
RP5-916O11.3	1.277
RP5-919F19.5	1.129
RP5-921G16.1	2.888
RP5-921G16.2	0.809
RP5-925F19.1	5.191
RP5-926E3.1	
RP5-928E24.2	1.049
RP5-930J4.2	1.928
RP5-930J4.4	-0.448
RP5-933E2.1	3.138
RP5-933K21.2	3.587
RP5-933K21.3	1.628
RP5-934G17.6	1.807
RP5-935K16.1	1.417
RP5-936J12.1	4.844
RP5-937E21.1	0.612
RP5-937E21.8	
RP5-940F7.2	2.127
RP5-940J5.3	
RP5-940J5.6	2.315
RP5-940J5.8	0.302
RP5-940J5.9	0.917
RP5-942I16.1	1.913
RP5-943J3.1	1.042
RP5-943J3.2	
RP5-944M2.1	2.022
RP5-944M2.2	2.206
RP5-944M2.3	2.687
RP5-944M2.4	1.165
RP5-945F2.1	0.129
RP5-945F2.2	2.405
RP5-945F2.3	4.536
RP5-945I17.2	2.293
RP5-947P14.1	4.12
RP5-947P14.2	1.532
RP5-951N9.1	1.696
RP5-951N9.2	1.561
RP5-952N6.1	1.612
RP5-955M13.4	1.364
RP5-956O18.2	0.619
RP5-956O18.3	2.272
RP5-961K14.1	2.215
RP5-961K14.2	2.441
RP5-963E22.4	1.557
RP5-963E22.5	3.991
RP5-964H19.2	4.883
RP5-964N17.1	2.239
RP5-965F6.1	0.683
RP5-965F6.2	5.647
RP5-965K10.3	1.511
RP5-966M1.4	0.57
RP5-966M1.6	4.449
RP5-967N21.2	1.159
RP5-967N21.7	
RP5-968D22.1	2.128
RP5-968D22.3	2.452
RP5-968J1.1	2.196
RP5-968P14.2	1.364
RP5-971N18.3	2.64
RP5-973M2.2	3.697
RP5-973N23.4	
RP5-974N19.1	1.221
RP5-977B1.11	0.333
RP5-977B1.7	2.109
RP5-978I12.1	2.418
RP5-979D14.1	0.007
RP5-981O7.2	1.768
RP5-983L19.2	3.262
RP5-984P4.1	1.785
RP5-984P4.4	2.697
RP5-986I17.2	0.254
RP5-988G15.1	3.515
RP5-988G17.1	2.44
RP5-991C6.2	1.837
RP5-991C6.3	1.658
RP5-991C6.4	1.475
RP5-991G20.1	1.53
RP5-991G20.2	1.447
RP5-991G20.4	0.69
RP5-991O23.1	2.56
RP5-994D16.3	1.079
RP5-994D16.9	
RP5-996D20.3	1.665
RP5-997D16.2	0.288
RP5-997D24.3	0.946
RP5-998G20.1	1.065
RP5-998H6.2	1.774
RP5-998N21.3	
RP5-998N21.4	
RP5-998N21.7	
RP6-102O10.1	0.574
RP6-105D16.1	1.88
RP6-109B7.2	1.49
RP6-109B7.3	1.49
RP6-109B7.4	1.605
RP6-109B7.5	
RP6-114E22.1	1.984
RP6-11O7.2	
RP6-127F18.2	
RP6-145B8.3	2.599
RP6-159A1.3	1.44
RP6-166C19.13	1.184
RP6-186E3.1	1.204
RP6-191P20.3	1.858
RP6-191P20.4	2.059
RP6-1O2.1	1.79
RP6-201G10.2	1.453
RP6-204F4.2	1.258
RP6-206I17.1	
RP6-218J18.2	1.876
RP6-22P16.1	6.274
RP6-24A23.3	0.679
RP6-24A23.6	0.789
RP6-24A23.7	0.789
RP6-27P15.2	1.344
RP6-29D12.2	1.35
RP6-29D12.3	0.841
RP6-29D12.4	
RP6-33F8.1	-2.151
RP6-42F4.1	
RP6-43L17.1	2.715
RP6-43L17.2	2.772
RP6-60B16.1	2.517
RP6-65G23.1	2.265
RP6-65G23.3	2.329
RP6-91H8.1	2.075
RP6-91H8.2	2.053
RP6-91H8.3	1.555
RP6-91H8.5	1.556
RP6-99M1.1	2.384
RP6-99M1.2	2.081
RP9	2.364
RP9P	2.263
RPA1	2.881
RPA2	1.55
RPA2P1	-0.323
RPA2P2	2.51
RPA2P3	1.534
RPA3	1.92
RPA3-AS1	3.373
RPA4	0.247
RPAIN	2.746
RPAP1	2.064
RPAP2	0.644
RPAP3	1.761
RPE	0.517
RPE65	2.481
RPEP1	1.329
RPEP2	2.758
RPEP3	0.088
RPEP4	0.247
RPEP5	0.478
RPEP6	1.897
RPF1	1.4
RPF2	1.032
RPF2P1	1.993
RPF2P2	4.571
RPGR	2.091
RPGRIP1	2.12
RPGRIP1L	3.546
RPH3A	4.213
RPH3AL	2.92
RPIA	
RPIAP1	1.571
RPL10	0.87
RPL10A	2.564
RPL10AP2	1.197
RPL10AP6	1.251
RPL10L	1.961
RPL10P1	-0.843
RPL10P14	1.387
RPL10P15	0.777
RPL10P3	-1.103
RPL11	1.262
RPL11P5	3.15
RPL12	0.735
RPL12L3	2.137
RPL12P1	-0.851
RPL12P11	
RPL12P18	1.631
RPL12P2	1.907
RPL12P23	2.906
RPL12P29	-1.402
RPL12P3	1.715
RPL12P33	2.417
RPL12P34	3.256
RPL12P37	1.807
RPL12P38	1.677
RPL12P39	2.808
RPL12P4	4.661
RPL12P41	2.677
RPL12P43	2.246
RPL12P44	-0.15
RPL12P8	2.129
RPL12P9	0.72
RPL13	1.452
RPL13A	1.424
RPL13AP	0.532
RPL13AP17	1.864
RPL13AP2	0.211
RPL13AP20	1.604
RPL13AP25	2.487
RPL13AP3	1.132
RPL13AP5	2.433
RPL13AP6	
RPL13AP7	2.382
RPL13P	1.188
RPL13P12	2.908
RPL13P2	1.696
RPL13P4	1.052
RPL13P5	1.702
RPL13P6	-0.766
RPL14	1.465
RPL14P1	1.961
RPL15	0.472
RPL15P1	1.368
RPL15P18	0.171
RPL15P2	2.643
RPL15P20	1.828
RPL15P21	0.069
RPL15P3	1.751
RPL17	1.284
RPL17-C18orf32	1.376
RPL17P1	0.197
RPL17P12	4.039
RPL17P17	-0.063
RPL17P19	1.142
RPL17P2	1.291
RPL17P20	2.045
RPL17P22	
RPL17P25	2.095
RPL17P26	
RPL17P3	0.795
RPL17P33	2.809
RPL17P35	2.323
RPL17P37	1.94
RPL17P40	1.131
RPL17P41	2.712
RPL17P42	
RPL17P43	
RPL17P44	1.29
RPL17P45	1.955
RPL17P46	0.319
RPL17P49	0.364
RPL17P50	2.669
RPL17P51	2.255
RPL18	1.466
RPL18A	1.402
RPL18AP15	2.001
RPL18AP17	1.444
RPL18AP2	-0.605
RPL18AP7	0.895
RPL18AP8	1.657
RPL18P10	-0.202
RPL18P11	0.704
RPL18P13	0.344
RPL19	
RPL19P1	1.681
RPL19P11	5.137
RPL19P13	1.686
RPL19P14	1.469
RPL19P18	
RPL19P20	1.582
RPL19P21	1.25
RPL21	0.777
RPL21P1	0.91
RPL21P10	0.334
RPL21P103	2.246
RPL21P104	-1.211
RPL21P106	-1.276
RPL21P107	2.336
RPL21P108	3.84
RPL21P109	0.592
RPL21P11	2.191
RPL21P110	1.756
RPL21P111	4.354
RPL21P112	2.186
RPL21P116	
RPL21P119	1.631
RPL21P12	2.245
RPL21P120	
RPL21P121	0.93
RPL21P122	2.689
RPL21P123	-0.586
RPL21P126	
RPL21P127	1.556
RPL21P129	1.188
RPL21P13	1.717
RPL21P131	3.285
RPL21P132	0.659
RPL21P133	
RPL21P134	0.504
RPL21P135	-0.022
RPL21P17	3.788
RPL21P2	2.172
RPL21P23	0.379
RPL21P24	1.497
RPL21P3	0.627
RPL21P32	5.062
RPL21P38	1.516
RPL21P39	1.96
RPL21P4	
RPL21P40	0.292
RPL21P41	4.713
RPL21P42	1.247
RPL21P43	2.035
RPL21P44	
RPL21P47	1.505
RPL21P5	
RPL21P50	-2.372
RPL21P54	
RPL21P6	0.981
RPL21P65	1.557
RPL21P66	2.655
RPL21P67	3.868
RPL21P7	1.11
RPL21P71	
RPL21P8	-3.399
RPL21P9	
RPL22	3.13
RPL22L1	1.149
RPL22P18	2.161
RPL22P19	1.426
RPL22P22	1.221
RPL23	1.148
RPL23A	0.633
RPL23AP10	
RPL23AP12	0.556
RPL23AP22	2.577
RPL23AP23	
RPL23AP3	1.342
RPL23AP35	1.416
RPL23AP39	3.817
RPL23AP40	
RPL23AP46	1.71
RPL23AP50	
RPL23AP51	-0.455
RPL23AP54	1.467
RPL23AP6	-0.484
RPL23AP62	0.258
RPL23AP67	0.701
RPL23AP68	2.465
RPL23AP69	0.575
RPL23AP72	
RPL23AP73	2.488
RPL23AP76	1.949
RPL23AP77	0.561
RPL23AP78	0.843
RPL23AP80	0.456
RPL23AP83	
RPL23P10	
RPL23P11	4.065
RPL23P2	1.214
RPL23P4	-0.188
RPL23P8	1.448
RPL24	2.412
RPL24P2	1.893
RPL24P4	1.58
RPL24P7	1.859
RPL26	2.766
RPL26L1	6.421
RPL26P20	4.118
RPL26P3	6.99
RPL26P31	1.377
RPL26P34	-0.701
RPL26P35	0.137
RPL26P9	0.407
RPL27	0.883
RPL27A	1.889
RPL27AP	1.157
RPL27AP8	1.871
RPL27P12	
RPL28	3.736
RPL29	2.575
RPL29P11	
RPL29P12	1.613
RPL29P14	1.868
RPL29P19	2.03
RPL29P2	0.434
RPL29P22	1.495
RPL29P23	1.119
RPL29P24	-1.64
RPL29P25	0.575
RPL29P28	1.296
RPL29P29	2.099
RPL29P3	3.138
RPL29P30	1.466
RPL29P32	4.343
RPL29P7	-0.473
RPL3	1.362
RPL30	1.7
RPL30P1	1.985
RPL30P10	2.501
RPL30P11	6.037
RPL30P12	1.59
RPL30P13	
RPL30P14	
RPL30P15	0.607
RPL30P16	-0.357
RPL30P2	0.514
RPL30P3	2.0
RPL30P4	1.656
RPL30P5	
RPL30P6	2.753
RPL30P7	1.031
RPL30P9	0.129
RPL31	1.523
RPL31P1	
RPL31P11	1.433
RPL31P12	2.209
RPL31P13	1.791
RPL31P15	
RPL31P2	-0.665
RPL31P20	0.151
RPL31P28	1.913
RPL31P3	
RPL31P33	0.646
RPL31P35	2.027
RPL31P40	1.475
RPL31P41	2.892
RPL31P47	0.856
RPL31P49	
RPL31P50	
RPL31P52	0.127
RPL31P53	1.807
RPL31P56	1.826
RPL31P57	3.234
RPL31P58	1.963
RPL31P59	4.03
RPL31P60	-0.573
RPL31P61	1.089
RPL31P7	-0.43
RPL31P9	1.624
RPL32	0.818
RPL32P1	1.676
RPL32P14	
RPL32P26	
RPL32P28	-0.011
RPL32P29	0.104
RPL32P3	3.311
RPL32P31	0.767
RPL32P33	0.087
RPL32P34	
RPL32P35	2.515
RPL32P9	-0.64
RPL34	
RPL34-AS1	2.16
RPL34P1	1.692
RPL34P17	
RPL34P18	2.316
RPL34P21	
RPL34P22	1.885
RPL34P23	1.44
RPL34P26	
RPL34P27	2.958
RPL34P29	2.72
RPL34P3	-0.026
RPL34P31	1.348
RPL34P6	1.64
RPL35	0.553
RPL35A	1.851
RPL35AP	2.419
RPL35AP12	2.559
RPL35AP15	4.047
RPL35AP18	1.253
RPL35AP19	3.454
RPL35AP21	5.142
RPL35AP22	2.219
RPL35AP26	0.861
RPL35AP3	1.185
RPL35AP30	3.994
RPL35AP31	
RPL35AP32	0.682
RPL35AP33	5.469
RPL35AP35	1.361
RPL35AP4	0.233
RPL35P1	1.9
RPL35P2	1.955
RPL35P3	0.622
RPL35P4	2.171
RPL35P6	-0.002
RPL35P8	3.438
RPL35P9	2.039
RPL36	1.559
RPL36A	1.465
RPL36A-HNRNPH2	1.476
RPL36AL	0.248
RPL36AP10	0.7
RPL36AP13	1.214
RPL36AP15	
RPL36AP21	3.467
RPL36AP26	1.654
RPL36AP29	
RPL36AP35	2.026
RPL36AP40	5.384
RPL36AP41	0.747
RPL36AP43	0.731
RPL36AP45	1.662
RPL36AP53	-0.188
RPL36AP55	0.947
RPL36AP6	1.473
RPL36P1	2.582
RPL36P19	
RPL36P2	1.207
RPL36P20	0.207
RPL36P4	1.593
RPL37	4.094
RPL37A	2.065
RPL37AP1	1.885
RPL37AP8	-1.929
RPL37P10	2.508
RPL37P15	-0.64
RPL37P21	4.368
RPL37P23	-1.083
RPL37P25	-0.831
RPL37P3	0.484
RPL37P4	4.372
RPL38	1.634
RPL38P1	3.51
RPL38P3	1.468
RPL39	1.797
RPL39L	2.697
RPL39P	
RPL39P25	1.63
RPL39P26	
RPL39P28	1.005
RPL39P31	0.09
RPL39P33	2.193
RPL39P36	
RPL39P38	1.384
RPL39P40	1.993
RPL39P5	1.914
RPL39P6	-0.4
RPL3L	2.785
RPL3P1	1.021
RPL3P10	1.944
RPL3P11	1.713
RPL3P12	2.884
RPL3P13	2.199
RPL3P3	0.873
RPL3P4	1.505
RPL3P5	-1.34
RPL3P6	-0.061
RPL3P7	4.494
RPL3P8	6.508
RPL3P9	2.419
RPL4	1.389
RPL41	0.692
RPL41P1	2.026
RPL4P1	2.141
RPL4P2	1.051
RPL4P3	1.386
RPL4P4	-1.267
RPL4P5	3.413
RPL4P6	
RPL5	1.83
RPL5P10	0.902
RPL5P11	1.497
RPL5P12	
RPL5P13	2.094
RPL5P14	1.682
RPL5P15	0.596
RPL5P16	1.613
RPL5P17	1.666
RPL5P18	2.54
RPL5P19	2.423
RPL5P2	1.882
RPL5P20	1.85
RPL5P21	1.884
RPL5P22	1.407
RPL5P23	0.964
RPL5P24	0.887
RPL5P25	1.18
RPL5P26	2.99
RPL5P27	2.203
RPL5P29	0.569
RPL5P3	1.239
RPL5P30	
RPL5P31	1.313
RPL5P32	1.567
RPL5P33	0.987
RPL5P34	2.304
RPL5P35	2.662
RPL5P4	0.177
RPL5P5	0.011
RPL5P6	2.925
RPL5P7	3.764
RPL5P8	-1.122
RPL5P9	0.651
RPL6	3.667
RPL6P12	1.689
RPL6P21	2.148
RPL6P25	1.923
RPL6P27	3.173
RPL6P29	3.524
RPL6P30	1.517
RPL6P5	2.727
RPL6P7	0.81
RPL6P8	1.85
RPL6P9	0.752
RPL7	2.14
RPL7A	0.65
RPL7AL2	1.895
RPL7AL3	2.141
RPL7AP11	-1.038
RPL7AP14	2.445
RPL7AP2	-1.235
RPL7AP23	0.139
RPL7AP25	-0.517
RPL7AP26	0.935
RPL7AP28	3.691
RPL7AP3	0.313
RPL7AP30	1.704
RPL7AP31	0.656
RPL7AP33	2.793
RPL7AP34	2.365
RPL7AP38	-0.01
RPL7AP4	1.458
RPL7AP56	2.136
RPL7AP57	2.506
RPL7AP58	-0.117
RPL7AP60	1.158
RPL7AP61	3.937
RPL7AP64	1.398
RPL7AP65	-0.36
RPL7AP66	2.203
RPL7AP69	2.196
RPL7AP72	2.115
RPL7AP73	2.064
RPL7AP8	1.893
RPL7L1	1.658
RPL7L1P1	1.478
RPL7L1P10	2.187
RPL7L1P11	2.148
RPL7L1P12	0.312
RPL7L1P13	0.964
RPL7L1P2	-1.025
RPL7L1P3	-1.179
RPL7L1P4	1.706
RPL7L1P5	2.383
RPL7L1P7	
RPL7L1P8	2.071
RPL7L1P9	1.222
RPL7P14	2.144
RPL7P2	2.018
RPL7P22	0.45
RPL7P23p	1.014
RPL7P26	1.057
RPL7P29	1.235
RPL7P3	0.441
RPL7P30	1.79
RPL7P31	
RPL7P36	1.532
RPL7P4	2.042
RPL7P40	2.081
RPL7P41	2.277
RPL7P44	2.624
RPL7P45	3.775
RPL7P47	2.563
RPL7P48	1.914
RPL7P5	0.644
RPL7P50	-1.598
RPL7P51	3.838
RPL7P53	-0.447
RPL7P54	1.163
RPL7P55	3.141
RPL7P56	0.565
RPL7P57	0.89
RPL8	0.837
RPL8P2	1.595
RPL9	1.219
RPL9P15	3.228
RPL9P16	0.003
RPL9P18	1.549
RPL9P2	2.674
RPL9P25	-1.947
RPL9P28	1.621
RPL9P29	1.343
RPL9P3	-1.151
RPL9P30	
RPL9P31	1.285
RPL9P32	0.699
RPL9P33	-0.692
RPL9P5	3.214
RPLP0	1.21
RPLP0P1	2.094
RPLP0P11	2.736
RPLP0P2	1.485
RPLP0P6	
RPLP0P7	3.225
RPLP1	2.043
RPLP1P11	
RPLP1P13	-0.332
RPLP2	0.71
RPN1	2.754
RPN2	1.852
RPP14	1.874
RPP21	1.126
RPP25	2.279
RPP25L	0.995
RPP30	1.767
RPP38	3.579
RPP40	2.416
RPP40P1	1.955
RPP40P2	2.698
RPPH1	2.213
RPPH1-2P	3.08
RPPH1-3P	1.872
RPRD1A	2.779
RPRD1B	3.651
RPRD2	3.927
RPRM	0.156
RPRML	0.284
RPS10	2.172
RPS10-NUDT3	3.975
RPS10P14	-0.278
RPS10P16	0.71
RPS10P18	-1.115
RPS10P2	
RPS10P20	0.643
RPS10P21	2.725
RPS10P27	1.424
RPS10P3	1.436
RPS10P7	2.065
RPS11	1.769
RPS11P1	1.785
RPS11P5	-0.647
RPS11P6	1.679
RPS11P7	1.992
RPS12	2.539
RPS12P10	-0.163
RPS12P15	1.706
RPS12P20	-0.476
RPS12P21	
RPS12P23	2.349
RPS12P24	1.718
RPS12P26	0.077
RPS12P27	-2.296
RPS12P31	-0.377
RPS12P5	1.326
RPS13	0.213
RPS14	6.115
RPS14P3	0.81
RPS14P4	-1.634
RPS14P7	2.173
RPS15	1.583
RPS15A	
RPS15AP1	1.385
RPS15AP10	
RPS15AP11	0.184
RPS15AP12	
RPS15AP16	1.143
RPS15AP18	
RPS15AP24	-0.981
RPS15AP25	-1.349
RPS15AP27	5.979
RPS15AP3	
RPS15AP32	3.124
RPS15AP34	0.25
RPS15AP36	1.202
RPS15AP38	2.747
RPS15AP40	
RPS15AP5	2.105
RPS15AP6	-1.965
RPS15AP7	0.692
RPS15AP9	1.347
RPS15P5	0.061
RPS15P9	
RPS16	1.742
RPS16P5	-0.02
RPS16P8	-0.013
RPS16P9	1.106
RPS17P1	0.578
RPS17P11	2.044
RPS17P13	
RPS17P14	1.196
RPS17P15	0.859
RPS17P17	2.504
RPS17P2	2.26
RPS17P5	3.859
RPS17P8	-0.448
RPS18	0.593
RPS18P1	2.359
RPS18P12	4.226
RPS18P13	2.43
RPS18P6	2.476
RPS18P9	1.462
RPS19	1.53
RPS19BP1	1.755
RPS19P1	1.689
RPS19P3	
RPS19P6	2.709
RPS20	1.156
RPS20P1	
RPS20P10	3.686
RPS20P14	2.369
RPS20P15	
RPS20P2	1.971
RPS20P20	-0.378
RPS20P21	0.419
RPS20P22	0.416
RPS20P23	1.894
RPS20P24	-1.93
RPS20P25	2.29
RPS20P31	0.254
RPS20P32	2.415
RPS20P33	
RPS20P35	2.097
RPS20P4	-0.934
RPS21	1.468
RPS21P4	-0.843
RPS21P8	1.873
RPS23	1.449
RPS23P1	1.245
RPS23P10	1.057
RPS23P2	4.148
RPS23P3	2.622
RPS23P4	2.291
RPS23P5	4.09
RPS23P6	0.067
RPS23P7	0.713
RPS23P8	1.624
RPS24	0.61
RPS24P12	-0.256
RPS24P13	1.776
RPS24P16	
RPS24P17	-1.322
RPS24P18	1.721
RPS24P7	1.865
RPS24P8	2.598
RPS25	
RPS26	1.799
RPS26P11	
RPS26P13	4.027
RPS26P2	2.383
RPS26P21	-0.565
RPS26P24	1.844
RPS26P34	0.761
RPS26P35	2.22
RPS26P4	1.454
RPS26P43	1.022
RPS26P49	1.484
RPS26P5	
RPS26P52	
RPS26P54	1.325
RPS26P55	1.741
RPS26P56	1.47
RPS26P6	1.362
RPS27	-0.507
RPS27A	0.555
RPS27AP1	2.38
RPS27AP14	4.317
RPS27AP2	-0.431
RPS27AP3	-0.686
RPS27L	2.096
RPS27P1	2.85
RPS27P12	1.584
RPS27P14	1.701
RPS27P15	-0.234
RPS27P16	
RPS27P18	2.101
RPS27P20	3.882
RPS27P22	
RPS27P23	1.739
RPS27P25	1.271
RPS27P26	0.196
RPS27P27	
RPS27P5	1.297
RPS28	0.372
RPS28P1	1.784
RPS28P8	1.984
RPS29	1.305
RPS29P13	3.821
RPS29P2	
RPS29P20	
RPS29P22	-1.74
RPS29P28	1.339
RPS29P6	1.701
RPS2P1	1.091
RPS2P2	0.849
RPS2P24	-0.086
RPS2P25	4.065
RPS2P28	
RPS2P32	2.182
RPS2P35	0.934
RPS2P39	
RPS2P4	1.091
RPS2P41	-1.33
RPS2P44	
RPS2P45	1.185
RPS2P48	1.845
RPS2P5	-0.122
RPS2P52	3.028
RPS2P55	1.607
RPS2P6	1.922
RPS2P7	0.914
RPS3	2.128
RPS3A	2.999
RPS3AP1	3.863
RPS3AP12	0.946
RPS3AP17	3.659
RPS3AP2	1.322
RPS3AP22	-0.195
RPS3AP23	6.126
RPS3AP24	1.547
RPS3AP25	1.107
RPS3AP26	2.515
RPS3AP3	
RPS3AP32	
RPS3AP4	1.793
RPS3AP42	
RPS3AP44	-1.047
RPS3AP46	0.187
RPS3AP47	0.301
RPS3AP49	-1.677
RPS3AP5	4.153
RPS3AP50	1.46
RPS3AP52	1.915
RPS3AP6	2.546
RPS3AP9	2.063
RPS3P2	-0.548
RPS3P6	0.525
RPS3P7	0.023
RPS4X	1.12
RPS4XP1	0.852
RPS4XP10	5.059
RPS4XP11	0.993
RPS4XP12	2.544
RPS4XP13	0.887
RPS4XP14	2.231
RPS4XP15	
RPS4XP16	1.35
RPS4XP17	-0.037
RPS4XP18	3.617
RPS4XP19	4.733
RPS4XP2	2.239
RPS4XP20	1.809
RPS4XP21	1.642
RPS4XP23	3.423
RPS4XP3	2.141
RPS4XP4	1.923
RPS4XP5	0.666
RPS4XP6	1.565
RPS4XP7	2.006
RPS4XP8	1.53
RPS4XP9	2.023
RPS5	1.873
RPS5P2	
RPS5P3	0.639
RPS5P7	2.367
RPS6	1.249
RPS6KA1	1.365
RPS6KA2	5.269
RPS6KA2-AS1	1.98
RPS6KA2-IT1	1.457
RPS6KA3	1.891
RPS6KA4	1.324
RPS6KA5	4.285
RPS6KA6	2.016
RPS6KB1	2.631
RPS6KB2	1.921
RPS6KC1	3.52
RPS6KL1	2.453
RPS6P12	2.488
RPS6P16	0.07
RPS6P2	0.296
RPS6P20	1.847
RPS6P21	1.291
RPS6P22	0.091
RPS6P23	1.943
RPS6P7	1.996
RPS6P8	-0.118
RPS7	1.463
RPS7P10	1.643
RPS7P11	0.412
RPS7P12	
RPS7P13	1.255
RPS7P14	0.701
RPS7P15	1.329
RPS7P2	
RPS7P3	0.518
RPS7P4	3.393
RPS7P5	1.567
RPS7P6	2.902
RPS7P7	0.087
RPS7P8	1.792
RPS7P9	2.196
RPS8	0.721
RPS8P3	3.929
RPS8P6	1.851
RPS9	3.582
RPS9P1	1.399
RPSA	1.37
RPSAP1	3.528
RPSAP15	2.539
RPSAP2	2.281
RPSAP34	2.025
RPSAP35	1.855
RPSAP37	1.947
RPSAP4	2.273
RPSAP41	2.761
RPSAP42	2.333
RPSAP43	0.413
RPSAP47	2.271
RPSAP51	0.294
RPSAP52	4.001
RPSAP53	1.829
RPSAP54	1.452
RPSAP55	2.609
RPSAP56	3.376
RPSAP57	1.152
RPSAP6	1.954
RPSAP63	
RPSAP64	
RPSAP8	1.761
RPSAP9	1.281
RPTN	1.865
RPTOR	4.006
RPUSD1	2.09
RPUSD2	1.098
RPUSD3	2.024
RPUSD4	2.163
RQCD1	1.739
RRAD	2.886
RRAGA	1.263
RRAGB	1.461
RRAGC	2.936
RRAGD	1.424
RRAS	1.708
RRAS2	1.525
RRBP1	3.342
RREB1	2.779
RRH	1.298
RRM1	1.563
RRM1-AS1	-0.391
RRM2	1.77
RRM2B	1.996
RRM2P2	1.819
RRM2P3	0.22
RRM2P4	2.482
RRN3	2.631
RRNAD1	1.18
RRP1	2.27
RRP12	1.297
RRP15	3.856
RRP1B	5.908
RRP36	1.431
RRP7A	3.508
RRP7B	2.101
RRP8	1.639
RRP9	1.882
RRS1	0.688
RS1	1.227
RSAD1	0.806
RSAD2	6.161
RSBN1	0.935
RSBN1L	1.669
RSBN1L-AS1	1.823
RSC1A1	0.788
RSF1	1.945
RSF1-IT1	-0.315
RSF1-IT2	0.586
RSG1	1.458
RSL1D1	1.151
RSL24D1	2.462
RSL24D1P11	2.25
RSL24D1P2	1.016
RSL24D1P3	1.703
RSL24D1P4	1.871
RSL24D1P5	4.421
RSL24D1P6	0.907
RSL24D1P8	
RSL24D1P9	2.426
RSPH1	1.983
RSPH10B	2.527
RSPH10B2	4.978
RSPH3	2.463
RSPH4A	1.289
RSPH6A	1.761
RSPH9	2.402
RSPO1	1.671
RSPO2	2.387
RSPO3	2.748
RSPO4	3.689
RSPRY1	1.289
RSRC1	2.725
RSRC2	0.81
RSU1	3.703
RSU1P1	2.624
RSU1P2	1.105
RSU1P3	0.245
RTBDN	0.395
RTCA	2.482
RTCB	1.583
RTDR1	1.649
RTEL1	1.682
RTEL1-TNFRSF6B	1.682
RTEL1P1	1.232
RTF1	2.71
RTFDC1	4.053
RTKN	2.271
RTKN2	1.93
RTL1	1.317
RTN1	2.15
RTN2	2.673
RTN3	3.119
RTN3P1	2.294
RTN4	1.693
RTN4IP1	1.586
RTN4R	2.123
RTN4RL1	2.297
RTN4RL2	0.595
RTP1	2.166
RTP2	1.851
RTP3	1.92
RTP4	4.003
RTTN	3.55
RUFY1	4.325
RUFY2	1.258
RUFY3	4.767
RUFY4	4.249
RUNDC1	1.68
RUNDC3A	1.515
RUNDC3B	3.484
RUNX1	4.375
RUNX1T1	2.066
RUNX2	5.004
RUNX3	2.101
RUSC1	0.95
RUSC1-AS1	1.552
RUSC2	1.601
RUVBL1	2.176
RUVBL1-AS1	0.642
RUVBL2	2.255
RWDD1	1.179
RWDD2A	1.406
RWDD2B	0.894
RWDD3	4.785
RWDD4	3.112
RWDD4P1	
RXFP1	2.24
RXFP2	3.128
RXFP3	2.662
RXFP4	0.597
RXRA	3.763
RXRB	1.625
RXRG	2.069
RYBP	3.504
RYK	5.91
RYKP1	-0.45
RYR1	4.197
RYR2	4.718
RYR3	4.124
S100A1	1.769
S100A10	2.796
S100A11	0.953
S100A11P2	0.755
S100A12	1.977
S100A13	2.172
S100A14	1.172
S100A16	1.477
S100A2	3.124
S100A3	3.137
S100A4	3.137
S100A5	2.416
S100A6	2.195
S100A8	1.566
S100A9	2.099
S100B	0.979
S100G	0.734
S100P	2.652
S100PBP	2.001
S100Z	2.245
S1PR1	0.767
S1PR2	0.824
S1PR3	1.196
S1PR4	3.486
S1PR5	2.449
SAA1	2.774
SAA2	1.903
SAA2-SAA4	1.546
SAA3P	2.318
SAA4	1.451
SAAL1	1.73
SAC3D1	0.885
SACM1L	1.136
SACS	2.963
SACS-AS1	1.249
SAE1	2.506
SAFB	1.213
SAFB2	1.734
SAG	2.812
SAGE1	2.023
SALL1	2.16
SALL1P1	0.383
SALL2	2.113
SALL3	3.385
SALL4	2.633
SALL4P1	0.966
SALL4P2	0.95
SALL4P5	2.429
SALL4P6	1.794
SALL4P7	1.374
SAMD1	0.297
SAMD10	2.023
SAMD11	1.916
SAMD11P1	0.58
SAMD12	3.364
SAMD13	4.526
SAMD14	3.024
SAMD15	1.987
SAMD3	3.606
SAMD4A	4.281
SAMD4B	2.043
SAMD5	4.048
SAMD7	1.562
SAMD8	1.261
SAMD9	3.155
SAMD9L	1.775
SAMHD1	2.085
SAMM50	1.721
SAMSN1	2.557
SAMSN1-AS1	1.289
SAP130	4.243
SAP18	0.567
SAP25	
SAP30	1.58
SAP30BP	3.056
SAP30L	0.816
SAP30L-AS1	3.904
SAPCD1	1.234
SAPCD1-AS1	
SAPCD2	1.111
SAR1A	1.636
SAR1AP4	1.473
SAR1B	1.105
SAR1P1	1.201
SAR1P3	-1.277
SARDH	2.322
SARM1	3.269
SARNP	1.114
SARS	2.436
SARS2	1.12
SART1	0.778
SART3	1.269
SASH1	4.793
SASH3	1.619
SASS6	3.041
SAT1	1.988
SAT2	0.232
SATB1	1.559
SATB2	2.038
SATB2-AS1	1.097
SATL1	2.0
SAV1	1.3
SAYSD1	2.103
SBDS	1.95
SBF1	2.676
SBF2	3.165
SBF2-AS1	1.611
SBK1	1.749
SBK2	2.34
SBK3	2.132
SBNO1	1.517
SBNO2	1.822
SBP1	-0.692
SBSN	2.251
SBSPON	2.404
SC22CB-1D7.1	0.902
SC22CB-1E7.1	1.869
SC5D	3.156
SCAF1	1.284
SCAF11	1.469
SCAF4	3.396
SCAF8	2.503
SCAI	1.722
SCAMP1	3.258
SCAMP2	2.63
SCAMP3	0.878
SCAMP5	2.487
SCAND1	1.639
SCAND2P	1.121
SCAND3	0.814
SCAND3P1	1.484
SCAP	1.263
SCAPER	2.922
SCARA3	2.081
SCARA5	2.188
SCARB1	5.633
SCARB2	1.724
SCARF1	0.856
SCARF2	1.22
SCARNA10	-0.562
SCARNA11	1.932
SCARNA12	
SCARNA13	0.491
SCARNA14	
SCARNA15	2.664
SCARNA16	5.165
SCARNA17	1.984
SCARNA18	0.992
SCARNA2	2.185
SCARNA20	2.603
SCARNA21	0.723
SCARNA23	
SCARNA24	-0.238
SCARNA3	
SCARNA5	0.961
SCARNA6	
SCARNA7	
SCARNA8	-1.667
SCCPDH	4.203
SCD	2.257
SCD5	3.924
SCEL	5.059
SCEL-AS1	0.437
SCFD1	2.485
SCFD2	3.714
SCG2	4.619
SCG3	1.2
SCG5	2.263
SCGB1A1	1.688
SCGB1B2P	1.856
SCGB1D1	0.825
SCGB1D2	0.199
SCGB1D4	2.038
SCGB1D5P	1.392
SCGB2A1	1.132
SCGB2A2	1.833
SCGB2B2	1.98
SCGB2B3P	-0.313
SCGB3A1	1.708
SCGB3A2	1.056
SCGN	4.256
SCHIP1	3.003
SCIMP	2.45
SCIN	2.176
SCLT1	4.014
SCLY	1.957
SCMH1	3.022
SCML1	0.192
SCML2	1.848
SCML2P1	0.439
SCML2P2	0.331
SCML4	3.066
SCN10A	2.353
SCN11A	2.359
SCN1A	1.915
SCN1B	1.443
SCN2A	1.926
SCN2B	2.545
SCN3A	2.273
SCN3B	1.591
SCN4A	1.632
SCN4B	2.667
SCN5A	3.157
SCN7A	2.509
SCN8A	2.577
SCN9A	5.517
SCNM1	1.427
SCNN1A	2.606
SCNN1B	2.992
SCNN1D	2.774
SCNN1G	2.153
SCO1	1.706
SCO2	1.021
SCOC	3.468
SCOCP1	1.049
SCP2	2.866
SCP2D1	-0.24
SCPEP1	1.998
SCRG1	1.652
SCRIB	3.719
SCRN1	2.13
SCRN2	0.38
SCRN3	1.918
SCRT1	
SCRT2	2.761
SCT	1.086
SCTR	2.376
SCUBE1	2.61
SCUBE2	4.532
SCUBE3	2.011
SCYL1	1.969
SCYL2	1.539
SCYL3	1.659
SDAD1	1.141
SDAD1P1	0.204
SDAD1P2	2.344
SDAD1P3	3.005
SDAD1P4	1.704
SDC1	2.306
SDC2	2.713
SDC3	2.432
SDC4	2.16
SDC4P	1.057
SDCBP	1.918
SDCBP2	1.87
SDCBP2-AS1	2.952
SDCBP2P1	1.56
SDCBPP1	1.723
SDCBPP2	2.04
SDCBPP3	1.579
SDCCAG3	1.955
SDCCAG3P1	1.931
SDCCAG3P2	1.989
SDCCAG8	3.468
SDE2	1.232
SDF2	3.599
SDF2L1	1.447
SDF4	3.574
SDHA	2.04
SDHAF1	1.543
SDHAF2	0.876
SDHAP1	2.867
SDHAP2	1.887
SDHAP3	2.85
SDHB	2.408
SDHC	1.034
SDHCP2	0.546
SDHCP3	0.516
SDHCP4	
SDHD	
SDIM1	1.668
SDK1	5.441
SDK2	2.357
SDPR	1.904
SDR16C5	3.0
SDR16C6P	1.739
SDR39U1	3.307
SDR42E1	
SDR42E2	3.219
SDR9C7	2.527
SDS	1.865
SDSL	1.666
SEC11A	0.287
SEC11C	3.593
SEC13	1.353
SEC13P1	1.065
SEC14L1	2.383
SEC14L1P1	2.393
SEC14L2	0.85
SEC14L3	1.201
SEC14L4	1.189
SEC14L5	2.584
SEC14L6	1.084
SEC16A	4.689
SEC16B	2.91
SEC1P	2.277
SEC22A	2.145
SEC22B	
SEC22C	1.134
SEC23A	3.622
SEC23B	2.007
SEC23IP	2.243
SEC24A	2.225
SEC24B	6.671
SEC24B-AS1	1.567
SEC24C	1.625
SEC24D	1.735
SEC31A	2.267
SEC31B	0.899
SEC61A1	2.293
SEC61A2	1.103
SEC61B	1.928
SEC61G	2.108
SEC62	1.822
SEC62-AS1	0.508
SEC63	2.796
SEC63P1	1.506
SEC63P2	3.692
SECISBP2	0.631
SECISBP2L	1.819
SECTM1	1.706
SEH1L	1.757
SEL1L	2.451
SEL1L2	2.296
SEL1L3	5.169
SELE	1.267
SELENBP1	1.405
SELK	4.549
SELL	1.108
SELM	1.232
SELO	1.005
SELP	2.514
SELPLG	1.659
SELRC1	1.96
SELT	1.956
SELV	4.464
SEMA3A	4.235
SEMA3B	1.139
SEMA3B-AS1	1.115
SEMA3C	3.146
SEMA3D	1.697
SEMA3E	5.092
SEMA3F	1.466
SEMA3G	1.879
SEMA4A	2.71
SEMA4B	1.504
SEMA4C	2.258
SEMA4D	5.83
SEMA4F	3.558
SEMA4G	1.596
SEMA5A	3.217
SEMA5B	4.04
SEMA6A	4.39
SEMA6B	2.498
SEMA6C	1.959
SEMA6D	2.976
SEMA7A	3.881
SEMG1	1.745
SEMG2	3.159
SENP1	1.159
SENP2	1.538
SENP3	0.808
SENP3-EIF4A1	0.808
SENP5	1.707
SENP6	2.212
SENP7	3.867
SENP8	1.101
SEP15	2.352
SEPHS1	3.006
SEPHS1P4	2.264
SEPHS1P6	2.063
SEPHS1P7	2.981
SEPHS2	0.755
SEPHS2P1	5.207
SEPN1	1.569
SEPP1	2.16
SEPSECS	4.309
SEPT1	1.07
SEPT10	1.041
SEPT10P1	0.82
SEPT11	1.823
SEPT12	2.306
SEPT14	1.819
SEPT2	1.727
SEPT2P1	4.269
SEPT3	1.07
SEPT4	-1.445
SEPT5	
SEPT6	2.325
SEPT7	2.182
SEPT7P2	1.296
SEPT7P3	1.726
SEPT7P6	0.987
SEPT7P8	1.383
SEPT7P9	
SEPT8	3.353
SEPT9	3.768
SEPW1	1.544
SEPW1P	1.481
SERAC1	2.329
SERBP1	2.282
SERBP1P1	1.618
SERBP1P3	
SERBP1P4	1.989
SERBP1P5	-0.09
SERBP1P6	0.955
SERF1A	1.156
SERF1AP1	2.133
SERF1B	
SERF2	2.426
SERGEF	2.151
SERHL2	2.101
SERINC1	2.783
SERINC2	2.721
SERINC3	4.833
SERINC4	2.426
SERINC5	2.67
SERP1	2.815
SERP2	3.24
SERPINA1	2.418
SERPINA10	2.029
SERPINA11	1.463
SERPINA12	1.381
SERPINA13P	0.96
SERPINA2P	2.08
SERPINA3	2.56
SERPINA4	1.986
SERPINA5	2.254
SERPINA6	1.514
SERPINA7	2.323
SERPINA9	2.704
SERPINB1	1.966
SERPINB10	5.69
SERPINB11	2.215
SERPINB12	1.967
SERPINB13	2.873
SERPINB2	3.472
SERPINB3	1.115
SERPINB4	1.873
SERPINB5	2.894
SERPINB6	1.914
SERPINB7	2.099
SERPINB8	2.984
SERPINB8P1	4.124
SERPINB9	1.423
SERPINC1	1.714
SERPIND1	0.111
SERPINE1	2.003
SERPINE2	5.919
SERPINE3	1.457
SERPINF1	2.192
SERPINF2	3.978
SERPING1	4.47
SERPINH1	2.491
SERPINH1P1	
SERPINI1	2.708
SERPINI2	1.746
SERTAD1	2.79
SERTAD2	2.03
SERTAD3	1.593
SERTAD4	1.404
SERTAD4-AS1	2.325
SERTM1	1.695
SESN1	2.738
SESN2	2.014
SESN3	2.403
SESTD1	3.794
SET	1.9
SETBP1	4.257
SETD1A	1.275
SETD1B	1.479
SETD2	2.935
SETD3	1.173
SETD4	1.898
SETD5	1.427
SETD5-AS1	2.061
SETD6	1.218
SETD7	2.283
SETD8	1.817
SETD9	1.615
SETDB1	1.729
SETDB2	1.615
SETMAR	1.039
SETP1	2.708
SETP10	-0.94
SETP12	0.459
SETP14	1.917
SETP15	1.168
SETP16	0.934
SETP17	1.992
SETP18	1.089
SETP2	2.002
SETP20	2.433
SETP21	0.719
SETP22	1.444
SETP4	3.712
SETP5	-0.65
SETP6	0.284
SETP7	4.16
SETP8	2.814
SETP9	0.88
SETX	3.217
SEZ6	1.834
SEZ6L	3.646
SEZ6L2	1.081
SF1	1.765
SF3A1	2.864
SF3A2	2.033
SF3A3	2.554
SF3A3P1	
SF3A3P2	1.517
SF3B1	1.581
SF3B14	0.887
SF3B2	0.999
SF3B3	4.199
SF3B4	
SF3B5	2.106
SFI1	4.096
SFMBT1	2.142
SFMBT2	4.322
SFN	0.963
SFPQ	4.624
SFR1	1.749
SFRP1	4.136
SFRP2	4.557
SFRP4	2.276
SFRP5	5.452
SFSWAP	3.283
SFT2D1	2.675
SFT2D2	2.257
SFT2D3	0.137
SFTA1P	1.412
SFTA2	2.291
SFTA3	4.58
SFTPA1	2.274
SFTPA3P	2.274
SFTPB	1.803
SFTPC	1.349
SFTPD	1.708
SFXN1	2.04
SFXN2	1.224
SFXN3	1.857
SFXN4	1.574
SFXN5	3.298
SGCA	1.895
SGCB	2.125
SGCD	5.766
SGCE	1.098
SGCG	2.662
SGCZ	6.267
SGIP1	2.559
SGK1	3.499
SGK2	4.074
SGK223	2.452
SGK3	5.455
SGK494	1.494
SGMS1	4.954
SGMS2	2.328
SGOL1	1.804
SGOL1-AS1	1.374
SGOL2	0.111
SGPL1	3.026
SGPP1	1.791
SGPP2	2.123
SGSH	1.569
SGSM1	2.693
SGSM2	1.93
SGSM3	3.003
SGTA	4.908
SGTB	4.185
SH2B1	0.953
SH2B2	1.278
SH2B3	3.613
SH2D1A	1.798
SH2D1B	1.935
SH2D2A	2.895
SH2D3A	1.619
SH2D3C	2.196
SH2D4A	3.241
SH2D4B	2.507
SH2D5	1.594
SH2D6	1.242
SH2D7	2.026
SH3BGR	2.066
SH3BGRL	1.742
SH3BGRL2	2.6
SH3BGRL3	0.188
SH3BP1	2.283
SH3BP2	2.545
SH3BP4	3.023
SH3BP5	2.774
SH3BP5-AS1	1.401
SH3BP5L	
SH3D19	2.286
SH3D21	2.323
SH3GL1	1.496
SH3GL2	4.403
SH3GL3	2.942
SH3GLB1	4.243
SH3GLB2	1.831
SH3KBP1	2.592
SH3PXD2A	2.956
SH3PXD2B	2.4
SH3RF1	4.914
SH3RF2	2.954
SH3RF3	3.136
SH3RF3-AS1	1.993
SH3TC1	3.316
SH3TC2	2.552
SH3YL1	2.609
SHANK1	2.703
SHANK2	3.496
SHANK2-AS1	0.826
SHANK2-AS2	0.51
SHANK2-AS3	0.056
SHANK3	1.659
SHARPIN	
SHB	4.057
SHBG	1.372
SHC1	1.474
SHC1P1	1.293
SHC1P2	2.014
SHC2	3.254
SHC3	2.219
SHC4	2.974
SHCBP1	
SHCBP1L	4.482
SHD	2.305
SHE	2.258
SHF	2.395
SHFM1	3.968
SHFM1P1	1.822
SHH	2.826
SHISA2	1.57
SHISA3	1.665
SHISA4	0.268
SHISA5	2.175
SHISA6	2.689
SHISA7	3.622
SHISA8	1.103
SHISA9	3.465
SHKBP1	1.884
SHMT1	4.339
SHMT1P1	0.117
SHMT2	1.685
SHOC2	2.726
SHOX2	1.325
SHPK	2.738
SHPRH	1.43
SHQ1	2.935
SHROOM1	1.013
SHROOM2	3.06
SHROOM3	4.899
SHROOM4	2.349
SI	2.001
SIAE	5.655
SIAH1	3.763
SIAH1P1	2.058
SIAH2	1.75
SIAH2-AS1	0.944
SIAH3	3.221
SIDT1	1.71
SIDT1-AS1	0.755
SIDT2	1.533
SIGLEC1	2.453
SIGLEC11	1.19
SIGLEC14	1.445
SIGLEC15	1.086
SIGLEC16	1.672
SIGLEC28P	1.636
SIGLEC29P	1.414
SIGLEC30P	1.121
SIGLEC31P	0.953
SIGLEC5	3.333
SIGLEC6	2.64
SIGLECL1	1.264
SIGMAR1	0.852
SIK1	2.126
SIK2	2.591
SIK3	4.439
SIK3-IT1	0.695
SIKE1	2.602
SIL1	3.281
SIM1	2.672
SIM2	3.049
SIMC1	1.966
SIN3A	1.847
SIN3B	1.843
SIPA1	1.121
SIPA1L1	3.953
SIPA1L2	5.123
SIPA1L3	2.814
SIRPA	3.657
SIRPB2	1.696
SIRPD	1.004
SIRT1	2.313
SIRT2	1.847
SIRT3	1.595
SIRT4	1.423
SIRT5	2.263
SIRT6	1.209
SIRT7	1.778
SIT1	0.847
SIVA1	2.062
SIX1	3.451
SIX2	1.847
SIX3	1.731
SIX3-AS1	1.706
SIX4	2.464
SIX6	0.69
SKA1	1.895
SKA2	1.999
SKA2P1	2.434
SKA3	2.639
SKAP1	3.104
SKAP2	3.478
SKI	2.086
SKIDA1	2.408
SKIL	2.121
SKINTL	1.75
SKIV2L	1.472
SKIV2L2	3.146
SKOR1	1.517
SKOR2	2.148
SKP1	1.507
SKP2	2.191
SLA	2.143
SLA2	1.73
SLAIN1	1.391
SLAIN2	2.047
SLAMF1	2.767
SLAMF6	2.404
SLAMF6P1	3.297
SLAMF7	1.403
SLAMF8	1.573
SLAMF9	2.24
SLBP	0.953
SLC10A1	
SLC10A2	4.4
SLC10A3	0.743
SLC10A4	2.173
SLC10A5	0.995
SLC10A5P1	0.802
SLC10A6	1.865
SLC10A7	1.94
SLC11A1	1.416
SLC11A2	1.394
SLC12A1	6.622
SLC12A2	2.167
SLC12A3	1.996
SLC12A4	2.665
SLC12A5	1.166
SLC12A6	2.224
SLC12A7	4.32
SLC12A8	3.631
SLC12A9	1.022
SLC13A1	1.57
SLC13A2	3.172
SLC13A3	2.34
SLC13A4	1.79
SLC13A5	3.165
SLC14A1	3.098
SLC14A2	5.407
SLC15A1	3.253
SLC15A2	2.184
SLC15A3	1.308
SLC15A4	3.539
SLC15A5	5.147
SLC16A1	1.398
SLC16A10	2.978
SLC16A11	2.595
SLC16A12	3.783
SLC16A13	5.409
SLC16A14	2.31
SLC16A14P1	2.709
SLC16A1P1	2.009
SLC16A2	2.872
SLC16A3	5.317
SLC16A4	1.139
SLC16A5	1.608
SLC16A6	1.019
SLC16A6P1	2.144
SLC16A7	2.508
SLC16A8	0.537
SLC16A9	2.571
SLC17A1	1.772
SLC17A2	1.397
SLC17A3	2.432
SLC17A4	1.358
SLC17A5	1.982
SLC17A6	2.577
SLC17A7	1.428
SLC17A8	5.364
SLC17A9	3.931
SLC18A1	2.25
SLC18A2	7.765
SLC18A3	1.462
SLC18B1	1.779
SLC19A1	3.45
SLC19A2	2.358
SLC19A3	3.848
SLC1A1	4.208
SLC1A2	1.455
SLC1A3	2.417
SLC1A4	1.66
SLC1A5	1.715
SLC1A6	3.361
SLC1A7	3.374
SLC20A1	1.373
SLC20A2	3.998
SLC22A1	2.443
SLC22A10	3.027
SLC22A11	2.21
SLC22A12	2.097
SLC22A13	1.981
SLC22A14	2.559
SLC22A15	5.069
SLC22A16	2.577
SLC22A17	1.182
SLC22A18	3.15
SLC22A18AS	2.257
SLC22A2	2.144
SLC22A20	2.932
SLC22A23	3.481
SLC22A24	2.655
SLC22A25	3.002
SLC22A3	1.889
SLC22A31	1.614
SLC22A4	4.316
SLC22A5	1.737
SLC22A6	1.657
SLC22A7	1.79
SLC22A8	1.858
SLC22A9	1.847
SLC23A1	1.97
SLC23A2	3.928
SLC23A3	2.992
SLC24A1	3.551
SLC24A2	3.187
SLC24A3	5.23
SLC24A4	2.697
SLC24A5	2.987
SLC25A1	2.019
SLC25A10	1.998
SLC25A11	0.271
SLC25A12	2.346
SLC25A13	2.089
SLC25A14	1.875
SLC25A14P1	0.949
SLC25A15	1.673
SLC25A15P3	0.731
SLC25A16	1.748
SLC25A17	1.511
SLC25A18	2.593
SLC25A18P1	1.378
SLC25A19	3.183
SLC25A1P1	5.731
SLC25A1P3	0.281
SLC25A1P4	
SLC25A2	1.075
SLC25A20	
SLC25A20P1	1.601
SLC25A21	5.181
SLC25A21-AS1	1.458
SLC25A22	0.896
SLC25A23	1.132
SLC25A24	2.128
SLC25A24P1	1.952
SLC25A25	
SLC25A26	3.792
SLC25A27	2.293
SLC25A28	1.34
SLC25A29	1.029
SLC25A3	1.018
SLC25A30	1.224
SLC25A31	1.808
SLC25A32	2.024
SLC25A33	2.956
SLC25A34	1.185
SLC25A35	1.862
SLC25A36	2.197
SLC25A36P1	
SLC25A37	2.153
SLC25A38	1.791
SLC25A38P1	1.397
SLC25A39	1.824
SLC25A39P1	0.504
SLC25A39P2	1.561
SLC25A3P1	1.818
SLC25A4	1.774
SLC25A40	2.743
SLC25A41	1.679
SLC25A42	1.342
SLC25A43	2.36
SLC25A44	1.259
SLC25A45	0.777
SLC25A46	3.026
SLC25A47	1.794
SLC25A47P1	1.088
SLC25A48	1.796
SLC25A5	1.352
SLC25A5-AS1	1.766
SLC25A51	1.066
SLC25A51P1	1.558
SLC25A51P2	2.554
SLC25A51P3	2.016
SLC25A52	1.936
SLC25A53	1.359
SLC25A5P1	0.309
SLC25A5P2	1.325
SLC25A5P3	3.486
SLC25A5P4	2.362
SLC25A5P5	1.299
SLC25A5P6	
SLC25A5P7	1.123
SLC25A5P8	2.056
SLC25A5P9	2.07
SLC25A6P1	2.028
SLC25A6P2	1.488
SLC25A6P3	-1.158
SLC25A6P4	0.459
SLC25A6P5	3.066
SLC25A6P6	2.011
SLC26A1	1.967
SLC26A11	4.292
SLC26A2	1.691
SLC26A3	2.656
SLC26A4	2.462
SLC26A4-AS1	1.191
SLC26A5	1.932
SLC26A6	1.872
SLC26A7	2.381
SLC26A8	1.324
SLC26A9	3.301
SLC27A1	2.555
SLC27A2	1.99
SLC27A3	2.008
SLC27A4	2.319
SLC27A5	1.129
SLC27A6	4.803
SLC28A1	1.932
SLC28A2	1.759
SLC28A3	3.22
SLC29A1	1.825
SLC29A2	1.126
SLC29A3	2.89
SLC29A4	3.476
SLC29A4P1	2.384
SLC29A4P2	1.945
SLC2A1	2.39
SLC2A1-AS1	2.946
SLC2A10	1.847
SLC2A11	5.016
SLC2A12	2.475
SLC2A13	7.6
SLC2A13P1	1.434
SLC2A14	3.337
SLC2A2	1.355
SLC2A3	5.288
SLC2A3P1	0.602
SLC2A3P2	1.443
SLC2A3P4	0.881
SLC2A4	1.259
SLC2A4RG	0.42
SLC2A5	1.414
SLC2A6	2.081
SLC2A7	2.256
SLC2A8	1.322
SLC2A9	5.262
SLC30A1	2.289
SLC30A10	3.219
SLC30A2	1.379
SLC30A3	1.483
SLC30A4	4.497
SLC30A5	2.108
SLC30A6	1.63
SLC30A7	1.63
SLC30A8	3.672
SLC30A9	5.99
SLC31A1	1.781
SLC31A1P1	1.673
SLC31A2	2.233
SLC32A1	6.159
SLC33A1	1.736
SLC34A1	2.842
SLC34A2	3.306
SLC34A3	1.099
SLC35A1	1.061
SLC35A2	0.821
SLC35A3	2.795
SLC35A4	1.371
SLC35A5	1.432
SLC35B1	1.982
SLC35B2	0.975
SLC35B3	3.804
SLC35B4	1.418
SLC35C1	2.755
SLC35C2	1.65
SLC35D1	3.095
SLC35D2	2.44
SLC35D3	1.181
SLC35E1	1.212
SLC35E1P1	-0.177
SLC35E2	0.892
SLC35E2B	0.556
SLC35E3	1.204
SLC35E4	1.921
SLC35F1	3.428
SLC35F2	4.007
SLC35F3	6.434
SLC35F4	6.392
SLC35F5	2.272
SLC35F6	2.515
SLC35G1	1.532
SLC35G2	0.947
SLC35G3	0.875
SLC35G5	1.393
SLC35G6	0.426
SLC36A1	2.248
SLC36A2	1.749
SLC36A3	2.098
SLC36A4	4.041
SLC37A1	2.785
SLC37A2	1.742
SLC37A3	2.689
SLC37A4	
SLC38A1	2.771
SLC38A10	1.863
SLC38A11	2.701
SLC38A2	4.561
SLC38A3	1.822
SLC38A4	3.969
SLC38A6	1.975
SLC38A7	1.844
SLC38A8	1.901
SLC38A9	2.531
SLC39A1	0.961
SLC39A10	3.881
SLC39A11	4.744
SLC39A12	2.383
SLC39A12-AS1	1.071
SLC39A13	1.266
SLC39A14	4.155
SLC39A2	0.991
SLC39A3	2.986
SLC39A4	1.472
SLC39A5	1.316
SLC39A6	5.255
SLC39A7	0.475
SLC39A8	3.491
SLC39A9	1.422
SLC3A1	2.257
SLC3A2	2.26
SLC40A1	3.415
SLC41A1	1.477
SLC41A2	2.731
SLC41A3	2.556
SLC43A1	0.98
SLC43A2	2.662
SLC43A3	2.203
SLC44A1	2.782
SLC44A2	2.389
SLC44A3	2.38
SLC44A4	2.264
SLC44A5	2.37
SLC45A1	1.807
SLC45A2	3.147
SLC45A3	2.505
SLC45A4	4.244
SLC46A1	0.959
SLC46A2	6.232
SLC46A3	1.461
SLC47A1	3.333
SLC47A2	2.525
SLC48A1	2.231
SLC4A1	2.27
SLC4A10	5.108
SLC4A11	1.251
SLC4A1AP	1.109
SLC4A2	1.127
SLC4A3	1.283
SLC4A4	4.592
SLC4A5	2.487
SLC4A7	2.107
SLC4A8	3.233
SLC4A9	1.004
SLC50A1	0.139
SLC51A	1.557
SLC51B	1.465
SLC52A1	2.815
SLC52A2	
SLC52A3	2.48
SLC5A1	2.563
SLC5A10	4.483
SLC5A11	4.629
SLC5A12	2.242
SLC5A2	-0.134
SLC5A3	0.818
SLC5A4	2.93
SLC5A5	3.838
SLC5A6	2.539
SLC5A7	1.501
SLC5A8	2.979
SLC5A9	1.496
SLC6A1	4.639
SLC6A1-AS1	1.821
SLC6A11	2.954
SLC6A12	2.685
SLC6A13	3.916
SLC6A14	1.991
SLC6A15	2.095
SLC6A16	1.923
SLC6A17	3.191
SLC6A18	2.536
SLC6A19	2.754
SLC6A2	2.975
SLC6A20	2.29
SLC6A21P	1.684
SLC6A3	3.218
SLC6A4	1.742
SLC6A5	2.434
SLC6A6	4.78
SLC6A6P1	1.603
SLC6A7	1.916
SLC6A9	4.81
SLC7A1	3.293
SLC7A10	2.383
SLC7A11	2.809
SLC7A11-AS1	1.884
SLC7A13	4.774
SLC7A14	4.312
SLC7A15P	2.682
SLC7A2	4.79
SLC7A3	1.746
SLC7A4	1.413
SLC7A5	4.519
SLC7A6	2.724
SLC7A6OS	2.724
SLC7A7	2.416
SLC7A8	2.302
SLC7A9	1.522
SLC8A1	4.393
SLC8A1-AS1	3.531
SLC8A2	2.278
SLC8A3	4.037
SLC8B1	1.872
SLC9A1	5.801
SLC9A2	1.391
SLC9A3	2.662
SLC9A3R1	1.379
SLC9A3R2	1.563
SLC9A4	1.612
SLC9A5	2.173
SLC9A6	1.797
SLC9A7	2.918
SLC9A7P1	2.08
SLC9A8	2.004
SLC9A9	3.817
SLC9A9-AS1	1.448
SLC9A9-AS2	0.827
SLC9B1	4.746
SLC9B1P2	
SLC9B1P3	
SLC9B1P4	0.977
SLC9B2	1.577
SLC9C1	2.7
SLC9C2	1.181
SLCO1A2	4.015
SLCO1B1	2.679
SLCO1B3	3.669
SLCO1B7	3.669
SLCO1C1	3.099
SLCO2A1	5.629
SLCO2B1	2.821
SLCO3A1	3.596
SLCO4A1	2.623
SLCO4C1	1.746
SLCO5A1	2.498
SLCO6A1	2.167
SLFN11	2.306
SLFN12	1.306
SLFN12L	4.977
SLFN13	2.265
SLFN14	1.485
SLFN5	1.011
SLFNL1	1.403
SLIRP	1.694
SLIT1	3.462
SLIT2	2.347
SLIT2-IT1	1.668
SLIT3	3.166
SLITRK1	5.758
SLITRK2	2.343
SLITRK3	1.498
SLITRK4	2.118
SLITRK5	1.858
SLITRK6	2.774
SLK	2.17
SLMAP	3.638
SLMO1	1.483
SLMO2	1.445
SLMO2P1	1.83
SLMO2P2	0.926
SLMO2P3	2.649
SLN	1.556
SLPI	1.585
SLTM	4.226
SLU7	1.419
SLURP1	0.924
SLX4	1.466
SLX4IP	2.396
SMAD1	1.725
SMAD2	2.09
SMAD3	2.66
SMAD4	2.831
SMAD5	1.643
SMAD5-AS1	1.46
SMAD6	2.198
SMAD7	3.37
SMAD9	1.99
SMAD9-AS1	0.638
SMAGP	1.301
SMAP1	3.777
SMAP2	3.356
SMARCA1	1.853
SMARCA2	4.125
SMARCA4	2.163
SMARCA5	2.237
SMARCA5-AS1	
SMARCAD1	4.744
SMARCAL1	3.919
SMARCB1	4.654
SMARCC1	2.093
SMARCC2	2.747
SMARCD1	0.809
SMARCD3	2.213
SMARCE1	2.756
SMARCE1P1	2.402
SMARCE1P2	0.072
SMARCE1P4	4.664
SMARCE1P5	1.002
SMARCE1P6	2.363
SMC1A	1.465
SMC1B	3.757
SMC2	2.859
SMC3	2.5
SMC4	1.524
SMC5	1.958
SMC5-AS1	1.52
SMC6	1.732
SMCHD1	2.264
SMCO1	2.135
SMCO2	2.337
SMCO3	1.056
SMCO4	2.068
SMCP	2.094
SMCR2	2.14
SMCR5	1.482
SMCR8	1.326
SMDT1	0.71
SMEK1	2.206
SMEK2	2.666
SMEK3P	2.079
SMG1	1.455
SMG1P1	0.427
SMG5	1.502
SMG6	1.553
SMG7	4.682
SMG7-AS1	1.799
SMG8	1.442
SMG9	1.82
SMIM1	2.131
SMIM10	1.196
SMIM11	4.549
SMIM11P1	1.14
SMIM12	3.084
SMIM13	2.058
SMIM14	4.288
SMIM15	1.298
SMIM17	2.808
SMIM18	0.985
SMIM19	0.906
SMIM2	0.806
SMIM2-AS1	4.716
SMIM2-IT1	0.806
SMIM20	3.259
SMIM21	1.872
SMIM22	1.216
SMIM3	2.173
SMIM4	1.702
SMIM5	1.69
SMIM6	
SMIM7	2.804
SMIM8	1.728
SMKR1	2.45
SMLR1	2.282
SMN1	1.392
SMN2	1.52
SMNDC1	1.583
SMO	2.005
SMOC1	3.558
SMOC2	2.916
SMOX	2.323
SMPD1	
SMPD2	0.135
SMPD3	1.605
SMPD4P1	2.162
SMPDL3A	2.747
SMPDL3B	1.177
SMPX	1.962
SMR3A	2.242
SMR3B	1.12
SMS	2.455
SMTN	2.075
SMTNL1	1.341
SMTNL2	2.459
SMU1	2.681
SMUG1	1.712
SMURF1	
SMURF2	1.961
SMYD1	2.341
SMYD2	2.583
SMYD3	4.826
SMYD3-IT1	1.047
SMYD4	6.01
SMYD5	1.632
SNAI1	1.441
SNAI1P1	-0.164
SNAI2	3.808
SNAI3	0.867
SNAI3-AS1	1.515
SNAP23	0.819
SNAP23P	0.599
SNAP25	3.956
SNAP25-AS1	3.956
SNAP29	1.843
SNAP47	5.045
SNAP47-AS1	0.513
SNAP91	2.624
SNAPC1	3.904
SNAPC2	0.764
SNAPC3	2.39
SNAPC4	1.116
SNAPC5	1.065
SNAPC5P1	2.009
SNAPIN	1.496
SNCA	2.403
SNCAIP	1.606
SNCB	2.111
SNCG	1.738
SND1	3.695
SNED1	3.593
SNF8	0.641
SNHG1	0.977
SNHG10	0.621
SNHG11	
SNHG12	2.001
SNHG14	4.298
SNHG15	1.73
SNHG16	2.512
SNHG17	
SNHG18	2.259
SNHG3	0.529
SNHG5	1.176
SNHG6	3.63
SNHG7	1.554
SNHG8	0.69
SNIP1	1.887
SNN	1.787
SNORA1	
SNORA11	2.486
SNORA11B	1.0
SNORA12	
SNORA13	-0.269
SNORA14B	
SNORA15	
SNORA16	0.483
SNORA16B	0.705
SNORA17	4.298
SNORA18	5.227
SNORA19	1.795
SNORA2	2.971
SNORA20	2.535
SNORA23	-0.209
SNORA24	1.293
SNORA25	4.524
SNORA26	2.999
SNORA27	2.031
SNORA29	1.373
SNORA3	3.619
SNORA30	1.705
SNORA31	5.094
SNORA32	2.539
SNORA33	5.978
SNORA35	-0.574
SNORA36	
SNORA36A	
SNORA36B	
SNORA36C	
SNORA37	
SNORA38	-0.602
SNORA38B	-0.316
SNORA4	1.494
SNORA40	4.207
SNORA42	1.256
SNORA43	2.872
SNORA44	
SNORA45	-0.808
SNORA46	
SNORA48	5.121
SNORA5	
SNORA50	1.125
SNORA51	4.268
SNORA53	
SNORA54	
SNORA55	
SNORA57	
SNORA58	
SNORA59B	
SNORA5B	-0.336
SNORA5C	-0.35
SNORA60	
SNORA62	-0.068
SNORA63	2.224
SNORA64	2.616
SNORA65	
SNORA66	0.947
SNORA67	2.711
SNORA68	2.261
SNORA69	1.188
SNORA7	2.873
SNORA70	2.586
SNORA70D	
SNORA70E	
SNORA70F	
SNORA71	
SNORA71B	
SNORA71D	
SNORA72	3.471
SNORA73	1.765
SNORA73B	
SNORA74	1.818
SNORA74A	
SNORA74B	0.15
SNORA75	4.299
SNORA76	1.207
SNORA77	2.819
SNORA7A	
SNORA8	1.936
SNORA80	-0.046
SNORA80B	
SNORA81	
SNORA9	2.184
SNORD10	
SNORD100	-0.498
SNORD101	
SNORD102	
SNORD104	
SNORD105	-0.547
SNORD108	
SNORD109A	-1.844
SNORD11	3.039
SNORD110	
SNORD111	-1.907
SNORD112	4.213
SNORD113	2.424
SNORD113-2	
SNORD113-4	0.818
SNORD114-1	
SNORD114-10	-1.491
SNORD114-14	-2.01
SNORD114-15	
SNORD114-16	
SNORD114-18	0.567
SNORD114-2	
SNORD114-20	-1.567
SNORD114-23	
SNORD114-24	
SNORD114-25	
SNORD114-26	
SNORD114-27	0.462
SNORD114-28	0.413
SNORD114-29	3.452
SNORD114-3	
SNORD114-30	-0.121
SNORD114-31	0.815
SNORD114-4	
SNORD114-7	-3.034
SNORD114-9	
SNORD115	
SNORD115-1	
SNORD115-11	0.213
SNORD115-15	-0.65
SNORD115-16	
SNORD115-17	
SNORD115-19	
SNORD115-2	
SNORD115-20	
SNORD115-21	-0.598
SNORD115-23	
SNORD115-24	
SNORD115-25	-0.028
SNORD115-27	
SNORD115-29	
SNORD115-3	
SNORD115-30	
SNORD115-31	
SNORD115-32	
SNORD115-34	
SNORD115-36	
SNORD115-38	
SNORD115-4	
SNORD115-40	1.09
SNORD115-41	
SNORD115-44	-1.093
SNORD115-45	
SNORD115-47	
SNORD115-5	0.853
SNORD115-6	
SNORD115-8	0.407
SNORD116	3.388
SNORD116-10	
SNORD116-11	-0.826
SNORD116-12	
SNORD116-13	0.228
SNORD116-15	
SNORD116-17	
SNORD116-18	0.629
SNORD116-19	
SNORD116-2	
SNORD116-20	1.34
SNORD116-24	
SNORD116-26	
SNORD116-27	
SNORD116-5	
SNORD116-7	
SNORD117	
SNORD118	1.334
SNORD11B	
SNORD121B	
SNORD124	
SNORD125	
SNORD127	0.722
SNORD12B	
SNORD12C	
SNORD13	1.057
SNORD14	
SNORD14A	-1.298
SNORD14D	-1.663
SNORD15A	
SNORD16	
SNORD17	-2.45
SNORD18	
SNORD18A	-0.618
SNORD18C	1.389
SNORD19	0.406
SNORD19B	
SNORD1B	1.49
SNORD2	4.047
SNORD21	
SNORD22	
SNORD23	2.05
SNORD27	2.172
SNORD28	3.459
SNORD29	
SNORD30	2.773
SNORD32A	
SNORD32B	
SNORD33	1.044
SNORD35A	1.11
SNORD36	3.296
SNORD36A	
SNORD36B	
SNORD37	5.544
SNORD38	2.451
SNORD38A	
SNORD39	4.786
SNORD42	
SNORD43	
SNORD44	2.276
SNORD45	3.031
SNORD45A	
SNORD45B	-0.016
SNORD46	2.78
SNORD48	0.252
SNORD4A	
SNORD4B	
SNORD5	
SNORD50	
SNORD51	
SNORD53_SNORD92	0.494
SNORD54	-0.133
SNORD55	-1.812
SNORD56	
SNORD58	
SNORD59	1.827
SNORD60	2.391
SNORD61	1.223
SNORD62	
SNORD62A	-1.323
SNORD63	
SNORD64	-0.781
SNORD65	4.042
SNORD66	4.366
SNORD67	
SNORD7	
SNORD70	
SNORD72	
SNORD74	3.24
SNORD75	1.685
SNORD77	1.621
SNORD78	2.7
SNORD79	1.079
SNORD8	
SNORD81	3.914
SNORD83	1.896
SNORD83A	
SNORD83B	
SNORD9	0.144
SNORD90	
SNORD92	
SNORD95	1.458
SNORD97	0.567
SNPH	1.133
SNRK	3.304
SNRK-AS1	-0.586
SNRNP200	0.694
SNRNP27	1.109
SNRNP35	2.564
SNRNP40	1.811
SNRNP48	1.824
SNRNP70	1.664
SNRPA	1.102
SNRPA1	1.028
SNRPB	1.262
SNRPB2	3.99
SNRPC	2.96
SNRPD1	2.591
SNRPD2	0.624
SNRPD2P1	2.176
SNRPD2P2	1.707
SNRPD3	3.433
SNRPE	0.87
SNRPEP10	0.024
SNRPEP2	-0.379
SNRPEP3	4.219
SNRPEP4	0.984
SNRPEP6	3.896
SNRPEP7	1.594
SNRPEP8	2.518
SNRPEP9	
SNRPF	3.927
SNRPFP1	1.501
SNRPFP2	-1.004
SNRPFP3	1.719
SNRPG	1.753
SNRPGP1	
SNRPGP10	-0.651
SNRPGP11	-0.304
SNRPGP12	2.967
SNRPGP14	0.84
SNRPGP2	1.584
SNRPGP3	0.141
SNRPGP4	0.88
SNRPGP5	0.712
SNRPGP6	3.136
SNRPGP7	-0.98
SNRPGP8	4.084
SNRPGP9	
SNRPN	1.954
SNTA1	1.435
SNTB1	2.744
SNTB2	1.644
SNTG1	6.721
SNTG2	5.271
SNTN	3.172
SNUPN	3.554
SNURF	1.954
SNURFL	1.75
SNW1	1.694
SNX1	1.827
SNX10	2.323
SNX11	
SNX12	0.672
SNX13	4.511
SNX14	2.302
SNX15	1.365
SNX16	1.251
SNX17	0.797
SNX18	3.826
SNX18P2	0.053
SNX18P27	1.326
SNX18P3	0.902
SNX18P4	
SNX18P7	1.549
SNX18P9	
SNX19	2.254
SNX2	1.757
SNX20	1.393
SNX21	1.873
SNX22	2.049
SNX24	2.348
SNX25	5.424
SNX27	3.289
SNX29	4.821
SNX29P1	
SNX29P2	3.575
SNX2P2	
SNX3	1.498
SNX30	3.436
SNX31	3.038
SNX32	1.363
SNX33	1.863
SNX33P1	0.944
SNX3P1X	-0.367
SNX4	2.947
SNX5	2.887
SNX5P1	
SNX6	3.551
SNX6P1	-0.219
SNX7	3.115
SNX8	1.402
SNX9	2.743
SOAT1	1.54
SOAT2	4.123
SOBP	2.881
SOCS1	
SOCS2	2.455
SOCS2-AS1	2.569
SOCS2P1	0.175
SOCS2P2	1.438
SOCS3	1.861
SOCS4	5.296
SOCS5	2.127
SOCS5P1	3.314
SOCS5P2	3.067
SOCS5P3	0.935
SOCS5P4	0.65
SOCS5P5	2.01
SOCS6	2.673
SOCS7	2.99
SOD1	1.769
SOD1P1	3.919
SOD1P2	2.916
SOD1P3	2.148
SOD2	2.298
SOD2P1	1.813
SOD3	2.509
SOGA1	1.998
SOGA2	2.376
SOGA2P1	2.834
SOGA3	1.698
SOHLH1	2.552
SOHLH2	1.59
SON	0.668
SORBS1	5.069
SORBS2	3.081
SORBS3	2.355
SORCS1	4.45
SORCS2	5.633
SORCS3	4.724
SORCS3-AS1	1.873
SORD	5.429
SORL1	4.902
SORT1	2.327
SOS1	2.842
SOS1-IT1	1.326
SOS2	3.106
SOST	1.179
SOSTDC1	1.966
SOWAHA	1.241
SOWAHB	1.992
SOWAHC	1.384
SOWAHD	2.602
SOX1	3.127
SOX10	1.798
SOX11	0.958
SOX12	1.899
SOX13	2.007
SOX14	1.338
SOX15	0.379
SOX17	2.132
SOX18	0.832
SOX2	-0.493
SOX2-OT	5.328
SOX21	0.371
SOX21-AS1	1.982
SOX3	2.706
SOX30	2.173
SOX4	2.082
SOX5	3.774
SOX5P	1.421
SOX6	4.295
SOX7	2.588
SOX8	1.877
SOX9	1.399
SP1	0.983
SP100	2.193
SP110	1.814
SP140	2.443
SP140L	2.384
SP2	3.51
SP3	1.471
SP3P	1.833
SP4	4.691
SP5	0.651
SP6	1.219
SP7	1.425
SP8	1.574
SP9	1.588
SPA17	1.972
SPA17P1	
SPACA1	6.973
SPACA3	2.455
SPACA4	
SPACA7	2.611
SPAG1	1.322
SPAG11A	
SPAG11B	
SPAG16	5.797
SPAG17	3.125
SPAG4	1.891
SPAG5	2.762
SPAG5-AS1	1.555
SPAG6	3.195
SPAG7	1.06
SPAG8	0.633
SPAG9	2.936
SPAM1	2.187
SPANXA1	-1.379
SPANXA2	-1.766
SPANXA2-OT1	4.519
SPANXB1	4.136
SPANXC	2.219
SPANXD	2.847
SPANXN1	1.791
SPANXN2	2.751
SPANXN3	1.901
SPANXN4	2.498
SPARC	1.666
SPARCL1	1.975
SPAST	1.711
SPATA1	3.665
SPATA12	1.5
SPATA13	4.717
SPATA13-AS1	0.793
SPATA16	2.636
SPATA17	3.098
SPATA18	2.871
SPATA19	2.711
SPATA2	2.097
SPATA20	2.034
SPATA20P1	-0.031
SPATA21	1.607
SPATA22	2.359
SPATA24	2.233
SPATA25	1.688
SPATA2L	1.451
SPATA2P1	3.178
SPATA3	3.733
SPATA31A1	
SPATA31A2	
SPATA31A3	
SPATA31A6	
SPATA31A7	
SPATA31B1	1.141
SPATA31C2	2.521
SPATA31D1	0.738
SPATA31D2P	1.347
SPATA31D3	1.179
SPATA31D5P	1.46
SPATA32	1.844
SPATA33	1.295
SPATA4	1.291
SPATA41	1.892
SPATA42	0.717
SPATA5	2.883
SPATA5L1	1.667
SPATA6	2.438
SPATA6L	4.208
SPATA7	3.868
SPATA8	1.719
SPATA8-AS1	3.421
SPATA9	1.792
SPATC1	1.44
SPATC1L	2.708
SPATS1	1.779
SPATS2	2.9
SPATS2L	2.149
SPC24	1.845
SPC25	2.331
SPCS1	1.299
SPCS2	0.985
SPCS2P1	-0.508
SPCS3	2.951
SPDEF	1.689
SPDL1	2.352
SPDYA	1.32
SPDYC	0.684
SPDYE3	2.08
SPDYE4	1.581
SPECC1	3.545
SPECC1L	0.959
SPECC1L-ADORA2A	0.959
SPEF1	1.887
SPEF2	5.073
SPEG	4.829
SPEM1	0.141
SPEN	0.823
SPERT	1.905
SPESP1	1.593
SPG11	1.702
SPG20	2.147
SPG20OS	2.147
SPG21	1.66
SPG7	3.323
SPHAR	0.24
SPHK1	1.298
SPHK2	1.674
SPHKAP	4.073
SPI1	1.215
SPIB	0.798
SPIC	2.292
SPICE1	2.193
SPIDR	3.046
SPIN1	3.829
SPIN2A	1.982
SPIN3	2.261
SPIN4	1.413
SPIN4-AS1	
SPINK1	1.52
SPINK13	2.65
SPINK14	1.827
SPINK2	2.321
SPINK4	1.703
SPINK5	1.937
SPINK6	2.638
SPINK7	1.436
SPINK8	2.791
SPINK9	1.78
SPINT1	2.627
SPINT2	2.815
SPINT3	4.532
SPINT4	2.382
SPINT5P	-0.134
SPIRE1	3.84
SPIRE2	1.907
SPNS1	1.217
SPNS2	2.681
SPNS3	2.552
SPO11	1.266
SPOCD1	1.368
SPOCK1	3.178
SPOCK2	1.082
SPOCK3	5.258
SPON1	2.062
SPON2	1.685
SPOP	1.726
SPOPL	2.944
SPP1	3.461
SPP2	2.61
SPPL2A	1.496
SPPL2B	2.541
SPPL2C	1.216
SPPL3	4.044
SPR	2.127
SPRED1	4.49
SPRED2	3.73
SPRED3	1.92
SPRN	4.32
SPRR1A	1.324
SPRR1B	1.121
SPRR2A	0.894
SPRR2B	3.106
SPRR2C	
SPRR2D	1.148
SPRR2E	1.802
SPRR2F	1.949
SPRR2G	1.488
SPRR3	2.042
SPRR4	2.047
SPRTN	1.782
SPRY1	2.959
SPRY2	5.576
SPRY4	2.535
SPRYD3	2.651
SPRYD4	1.297
SPRYD7	5.189
SPSB1	2.929
SPSB2	1.95
SPSB3	2.139
SPSB4	2.654
SPTA1	1.734
SPTAN1	1.755
SPTB	2.979
SPTBN1	3.917
SPTBN2	2.242
SPTBN4	2.111
SPTBN5	1.239
SPTLC1	2.649
SPTLC1P1	
SPTLC1P2	2.469
SPTLC1P3	2.372
SPTLC1P4	0.285
SPTLC1P5	1.689
SPTLC2	2.711
SPTLC3	2.893
SPTSSB	1.778
SPTY2D1	2.339
SPTY2D1-AS1	1.472
SPZ1	2.525
SQLE	3.203
SQRDL	3.268
SQSTM1	3.379
SQSTM1P1	4.166
SRA1	1.236
SRBD1	2.412
SRC	6.469
SRCAP	0.88
SRCIN1	2.1
SRCRB4D	1.486
SRD5A1	1.844
SRD5A1P1	1.587
SRD5A2	1.992
SRD5A3	2.011
SRD5A3-AS1	1.379
SREBF1	1.461
SREBF2	2.895
SREK1	3.072
SREK1IP1	1.06
SRF	1.654
SRFBP1	3.747
SRGAP1	3.187
SRGAP2	
SRGAP2-AS1	
SRGAP2B	
SRGAP2C	
SRGAP3	6.907
SRGAP3-AS1	
SRGAP3-AS2	1.846
SRGAP3-AS3	2.905
SRGAP3-AS4	-0.338
SRGN	1.629
SRGNP1	-1.03
SRI	1.28
SRIP1	1.992
SRIP2	2.138
SRL	5.756
SRM	0.733
SRMP1	4.042
SRMP2	
SRMS	1.65
SRP14	0.337
SRP14-AS1	2.09
SRP19	2.086
SRP54	2.219
SRP68	1.603
SRP72	2.77
SRP72P1	1.29
SRP72P2	2.83
SRP9	1.23
SRPK1	1.437
SRPK2	2.52
SRPK3	
SRPR	0.969
SRPRB	1.48
SRPX	3.841
SRPX2	2.138
SRR	2.537
SRRD	0.473
SRRM1	3.595
SRRM1P2	3.332
SRRM2	1.47
SRRM3	1.637
SRRM4	4.089
SRRM5	1.799
SRRT	1.106
SRSF1	3.436
SRSF10	2.372
SRSF10P1	3.13
SRSF11	0.988
SRSF12	3.144
SRSF1P1	1.669
SRSF2	0.94
SRSF3	3.709
SRSF4	1.133
SRSF5	
SRSF6	1.641
SRSF7	1.004
SRSF8	2.274
SRSF9	2.814
SRSF9P1	3.121
SRXN1	2.704
SS18	1.729
SS18L1	3.327
SS18L2	1.023
SS18L2P1	2.428
SS18L2P2	-0.166
SSB	0.98
SSBP1	2.057
SSBP2	2.553
SSBP3	4.441
SSBP3-AS1	-0.193
SSBP4	2.457
SSC5D	3.096
SSFA2	1.518
SSH1	1.735
SSH2	2.524
SSH3	2.376
SSMEM1	2.908
SSNA1	1.694
SSPN	2.887
SSPO	4.46
SSR1	3.417
SSR1P1	1.712
SSR1P2	2.84
SSR2	2.123
SSR3	3.081
SSR4	
SSR4P1	3.413
SSRP1	1.316
SSSCA1	0.98
SSSCA1-AS1	0.893
SST	5.49
SSTR1	1.044
SSTR2	1.31
SSTR3	2.127
SSTR4	0.657
SSTR5	2.604
SSTR5-AS1	2.604
SSU72	2.724
SSU72P1	1.424
SSU72P3	2.668
SSU72P4	1.523
SSU72P5	1.829
SSU72P6	2.385
SSU72P7	2.123
SSU72P8	1.409
SSUH2	3.729
SSX2IP	2.64
SSX9	1.355
SSXP10	
ST13	1.097
ST13P10	0.455
ST13P11	-0.402
ST13P12	2.324
ST13P13	1.419
ST13P14	
ST13P15	1.63
ST13P16	
ST13P18	1.616
ST13P19	1.438
ST13P2	0.633
ST13P20	0.427
ST13P21	2.629
ST13P3	5.924
ST13P4	0.132
ST13P5	0.88
ST13P6	1.293
ST14	1.851
ST18	6.204
ST20	5.239
ST20-MTHFS	5.239
ST3GAL1	4.242
ST3GAL1P1	-0.021
ST3GAL2	1.519
ST3GAL3	1.737
ST3GAL4	2.691
ST3GAL5	1.941
ST3GAL6	1.708
ST3GAL6-AS1	2.418
ST5	4.589
ST6GAL1	2.689
ST6GAL2	2.089
ST6GAL2-IT1	0.676
ST6GALNAC1	2.669
ST6GALNAC2	2.512
ST6GALNAC2P1	2.022
ST6GALNAC3	5.543
ST6GALNAC4	2.074
ST6GALNAC4P1	3.347
ST6GALNAC5	3.826
ST6GALNAC6	1.536
ST7	3.575
ST7-AS1	0.679
ST7-AS2	1.599
ST7-OT4	3.575
ST7L	5.606
ST8SIA1	4.885
ST8SIA2	3.861
ST8SIA3	3.843
ST8SIA4	4.088
ST8SIA5	2.248
ST8SIA6	2.772
ST8SIA6-AS1	2.075
STAB1	2.547
STAB2	7.046
STAC	3.592
STAC3	1.014
STAG1	2.412
STAG2	2.811
STAG3	1.184
STAG3L1	2.036
STAG3L2	4.448
STAG3L3	1.743
STAG3L4	1.468
STAG3L5P	1.322
STAG3L5P-PVRIG2P-PILRB	1.322
STAM	2.018
STAM2	2.753
STAMBP	3.199
STAMBPL1	2.576
STAP1	1.826
STAP2	1.727
STAR	1.567
STARD10	1.01
STARD13	1.739
STARD13-AS	1.075
STARD13-IT1	1.464
STARD3	1.614
STARD3NL	2.519
STARD4	3.415
STARD4-AS1	3.11
STARD5	3.035
STARD6	1.963
STARD7	1.041
STARD8	2.265
STARD9	3.055
STARP1	4.412
STAT1	1.596
STAT2	2.099
STAT3	1.985
STAT4	2.272
STAT5A	1.607
STAT5B	2.937
STAT6	2.529
STATH	1.227
STAU1	2.373
STAU2	4.778
STAU2-AS1	2.652
STC1	1.758
STC2	2.078
STEAP1	0.88
STEAP1B	2.451
STEAP2	2.11
STEAP2-AS1	2.236
STEAP3	5.118
STEAP3-AS1	1.644
STEAP4	2.851
STH	
STIL	2.271
STIM1	3.613
STIM2	4.372
STIP1	2.308
STK10	5.478
STK11	4.043
STK11IP	0.827
STK16	0.574
STK17A	2.889
STK17B	3.766
STK19	1.908
STK24	3.554
STK24-AS1	2.397
STK25	2.705
STK3	2.842
STK31	2.401
STK32A	2.418
STK32B	4.507
STK32C	2.859
STK33	3.0
STK33P1	3.112
STK35	3.74
STK36	1.47
STK38	2.718
STK38L	3.675
STK39	5.622
STK4	1.641
STK4-AS1	1.308
STK40	1.794
STMN1	2.108
STMN1P2	1.772
STMN2	2.77
STMN3	1.8
STMN4	2.49
STMND1	2.439
STOM	2.259
STOML1	1.257
STOML2	0.896
STOML3	1.913
STON1	1.827
STON1-GTF2A1L	3.108
STON2	3.743
STOX1	2.313
STOX2	3.257
STPG1	2.809
STPG2	3.194
STPG2-AS1	2.986
STRA13	1.404
STRA6	3.022
STRA8	1.887
STRADA	
STRADB	2.146
STRADBP1	1.605
STRAP	1.692
STRBP	2.788
STRC	2.569
STRCP1	1.83
STRIP1	1.748
STRIP2	1.088
STRN	2.898
STRN3	1.702
STRN4	1.394
STS	3.131
STT3A	2.279
STT3A-AS1	1.561
STT3B	1.596
STUB1	2.628
STX10	1.036
STX11	2.325
STX12	0.919
STX16	1.958
STX16-NPEPL1	1.879
STX17	1.766
STX18	2.912
STX18-AS1	2.43
STX18-IT1	1.4
STX19	
STX1A	4.476
STX1B	3.325
STX2	2.444
STX3	2.16
STX4	0.436
STX5	0.605
STX6	2.268
STX7	2.718
STX8	4.472
STXBP1	2.563
STXBP2	1.304
STXBP3	0.949
STXBP4	2.074
STXBP5	2.116
STXBP5-AS1	4.829
STXBP5L	5.091
STXBP6	4.89
STYK1	2.174
STYX	2.218
STYXL1	1.995
SUB1	2.074
SUB1P1	1.161
SUB1P2	0.901
SUB1P3	
SUB1P4	-0.724
SUCLA2	3.317
SUCLA2-AS1	-0.086
SUCLA2P2	3.969
SUCLA2P3	0.55
SUCLG1	1.545
SUCLG2	5.224
SUCLG2P2	3.309
SUCLG2P4	2.131
SUCNR1	0.997
SUCO	1.818
SUDS3	4.146
SUFU	2.877
SUGP1	2.493
SUGP2	1.815
SUGT1	1.868
SUGT1P	1.749
SUGT1P2	0.697
SUGT1P3	1.494
SULF1	3.737
SULF2	2.764
SULT1A1	1.424
SULT1B1	2.16
SULT1C2	1.656
SULT1C3	1.652
SULT1C4	2.536
SULT1D1P	1.179
SULT1E1	1.546
SULT2A1	1.777
SULT2B1	2.619
SULT4A1	2.024
SULT6B1	1.26
SUMF1	4.841
SUMF2	0.32
SUMO1	2.717
SUMO1P1	2.51
SUMO1P2	2.423
SUMO1P4	1.206
SUMO2	4.262
SUMO2P1	2.209
SUMO2P2	5.728
SUMO2P4	2.048
SUMO2P5	0.88
SUMO2P6	2.891
SUMO2P7	1.439
SUMO2P8	
SUMO3	3.753
SUMO4	2.349
SUN1	5.369
SUN2	1.924
SUN3	1.802
SUN5	1.752
SUOX	1.432
SUPT16H	1.242
SUPT20H	1.506
SUPT20HL1	1.591
SUPT3H	4.635
SUPT4H1	1.587
SUPT5H	5.315
SUPT6H	2.924
SUPT7L	0.551
SUPV3L1	1.516
SURF1	0.464
SURF2	0.464
SURF4	0.91
SURF6	1.116
SUSD1	6.606
SUSD2	1.405
SUSD3	2.84
SUSD4	3.916
SUSD5	3.631
SUV39H1	0.875
SUV39H2	1.661
SUV420H1	2.57
SUV420H2	0.837
SUZ12	3.314
SUZ12P	2.162
SV2A	
SV2B	4.188
SV2C	3.855
SVEP1	3.135
SVIL	3.634
SVILP1	0.931
SVIP	0.64
SVOP	2.155
SVOPL	2.655
SWAP70	1.776
SWI5	4.382
SWSAP1	1.181
SWT1	3.156
SYAP1	1.997
SYBU	4.751
SYCE1	
SYCE1L	2.475
SYCE2	3.472
SYCE3	2.459
SYCN	2.16
SYCP1	4.174
SYCP2	1.616
SYCP2L	5.059
SYCP3	1.851
SYDE1	2.188
SYDE2	2.333
SYF2	2.045
SYF2P1	1.414
SYF2P2	0.639
SYK	2.233
SYMPK	1.451
SYN1	2.141
SYN2	5.528
SYN3	3.964
SYNC	3.243
SYNCRIP	2.384
SYNDIG1	2.821
SYNDIG1L	2.843
SYNE1	4.069
SYNE1-AS1	0.313
SYNE2	2.52
SYNE3	3.451
SYNE4	1.362
SYNGAP1	2.395
SYNGR1	1.418
SYNGR2	3.043
SYNGR4	1.148
SYNJ1	3.599
SYNJ2	3.86
SYNJ2-IT1	1.02
SYNJ2BP	4.846
SYNJ2BP-COX16	4.846
SYNM	2.773
SYNPO	3.728
SYNPO2	2.755
SYNPO2L	2.563
SYNPR	4.737
SYNPR-AS1	4.737
SYNRG	2.053
SYP	0.74
SYP-AS1	-0.503
SYPL1	3.445
SYPL2	1.366
SYS1	1.072
SYS1-DBNDD2	1.767
SYT1	4.913
SYT10	2.157
SYT11	1.745
SYT12	2.071
SYT13	2.132
SYT14	4.939
SYT15	
SYT16	3.571
SYT17	2.934
SYT2	2.096
SYT3	2.731
SYT4	3.486
SYT5	1.152
SYT6	2.199
SYT7	2.672
SYT9	2.584
SYTL1	1.291
SYTL2	2.044
SYTL3	2.101
SYTL4	1.774
SYTL5	1.49
SYVN1	1.617
SZRD1	4.935
SZT2	4.089
SZT2-AS1	
T	2.129
TAAR1	1.485
TAAR2	3.432
TAAR3	2.425
TAAR4P	1.276
TAAR5	2.152
TAAR6	2.489
TAAR7P	1.606
TAAR8	1.987
TAAR9	1.663
TAB1	1.354
TAB2	2.527
TAB3	3.182
TAB3-AS1	
TAB3-AS2	-0.096
TAC1	3.372
TAC3	0.893
TAC4	1.099
TACC1	2.68
TACC1P1	4.992
TACC2	7.496
TACC3	2.844
TACO1	0.91
TACR1	3.779
TACR2	2.047
TACR3	2.966
TACSTD2	1.604
TADA1	1.268
TADA2A	2.953
TADA2B	2.006
TADA3	1.594
TAF1	2.22
TAF10	1.07
TAF11	2.266
TAF12	2.685
TAF13	1.735
TAF13P2	-0.164
TAF15	2.32
TAF1A	4.042
TAF1B	2.514
TAF1C	1.97
TAF1D	1.62
TAF1L	1.207
TAF2	1.516
TAF3	4.058
TAF4	2.793
TAF4B	2.297
TAF5	1.248
TAF5L	1.863
TAF6	0.825
TAF6L	1.145
TAF7	2.029
TAF7L	1.838
TAF8	2.547
TAF9	2.383
TAF9B	1.998
TAF9BP1	
TAF9BP2	1.078
TAF9P3	0.692
TAGAP	1.669
TAGLN	1.245
TAGLN2	1.134
TAGLN2P1	0.609
TAGLN3	1.731
TAL1	5.449
TAL2	1.927
TALDO1	3.143
TAMM41	1.738
TANC1	2.263
TANC2	2.478
TANGO2	1.625
TANGO6	3.611
TANK	1.807
TAOK1	4.475
TAOK2	0.678
TAOK3	2.092
TAP1	2.628
TAP2	2.046
TAPBP	0.477
TAPBPL	5.517
TAPSAR1	1.239
TAPT1	1.88
TAPT1-AS1	2.389
TARBP1	4.215
TARBP2	0.175
TARDBP	2.34
TARDBPP1	1.023
TARDBPP2	2.162
TARM1	2.161
TARS	1.729
TARS2	4.166
TARS2P1	3.708
TARSL2	1.838
TAS1R1	1.078
TAS1R2	2.36
TAS1R3	2.053
TAS2R1	2.675
TAS2R10	
TAS2R12	-0.202
TAS2R13	-0.86
TAS2R14	4.233
TAS2R15	0.374
TAS2R16	2.374
TAS2R18	0.341
TAS2R19	1.703
TAS2R20	1.25
TAS2R2P	2.146
TAS2R3	1.665
TAS2R31	2.066
TAS2R38	0.61
TAS2R39	1.96
TAS2R4	1.642
TAS2R40	1.958
TAS2R41	-0.407
TAS2R42	1.358
TAS2R46	1.038
TAS2R5	1.759
TAS2R50	0.172
TAS2R6	-0.949
TAS2R60	0.151
TAS2R62P	-0.461
TAS2R63P	-0.166
TAS2R67P	2.39
TAS2R7	1.454
TAS2R8	2.239
TAS2R9	2.148
TASP1	3.481
TAT	0.374
TATDN1	1.337
TATDN1P1	-1.012
TATDN2	1.714
TATDN2P2	1.062
TATDN2P3	1.212
TATDN3	1.69
TAX1BP1	2.275
TAZ	1.052
TBATA	1.763
TBC1D1	2.629
TBC1D10A	2.087
TBC1D10B	0.805
TBC1D10C	3.511
TBC1D12	1.662
TBC1D13	1.742
TBC1D14	2.92
TBC1D15	3.313
TBC1D16	3.272
TBC1D17	3.842
TBC1D19	4.07
TBC1D2	3.279
TBC1D20	1.605
TBC1D21	1.499
TBC1D22A	4.436
TBC1D22B	3.706
TBC1D23	2.114
TBC1D24	1.185
TBC1D25	2.698
TBC1D27	1.607
TBC1D2B	3.662
TBC1D3	4.697
TBC1D30	1.939
TBC1D31	1.292
TBC1D32	5.433
TBC1D3C	
TBC1D3H	
TBC1D3P1	2.589
TBC1D3P1-DHX40P1	2.589
TBC1D3P5	2.382
TBC1D3P6	1.261
TBC1D3P7	1.417
TBC1D4	3.376
TBC1D4-AS1	0.844
TBC1D5	3.783
TBC1D7	2.783
TBC1D8	2.755
TBC1D8B	1.727
TBC1D9	1.741
TBC1D9B	2.822
TBCA	3.309
TBCAP1	0.829
TBCAP2	0.074
TBCAP3	
TBCB	2.045
TBCC	1.272
TBCCD1	1.967
TBCD	1.672
TBCE	1.706
TBCEL	1.66
TBCK	1.96
TBK1	1.446
TBKBP1	1.402
TBL1X	3.355
TBL1XR1	3.491
TBL1XR1-AS1	-0.901
TBL2	1.512
TBL3	3.314
TBP	1.731
TBPL1	1.54
TBPL2	1.667
TBR1	1.428
TBRG1	1.993
TBRG4	2.61
TBX1	1.942
TBX10	1.934
TBX15	2.809
TBX18	2.483
TBX19	4.188
TBX2	3.288
TBX20	2.041
TBX21	1.55
TBX22	5.39
TBX3	1.843
TBX4	2.503
TBX5	2.77
TBX5-AS1	5.592
TBX6	1.611
TBXA2R	1.687
TBXAS1	2.782
TC2N	1.274
TCAIM	1.3
TCAP	1.0
TCEA1	2.209
TCEA1P1	1.007
TCEA1P4	-1.38
TCEA2	1.889
TCEA3	3.505
TCEAL1	1.386
TCEAL2	1.608
TCEAL3	2.026
TCEAL3-AS1	-1.605
TCEAL4	3.461
TCEAL4P1	3.004
TCEAL5	0.504
TCEAL6	1.407
TCEAL7	0.924
TCEAL8	1.549
TCEANC	1.516
TCEANC2	2.128
TCEB1	2.432
TCEB1P18	2.43
TCEB1P19	1.443
TCEB1P2	4.51
TCEB1P20	1.863
TCEB1P21	-0.071
TCEB1P22	-0.524
TCEB1P23	0.507
TCEB1P28	1.469
TCEB1P29	1.514
TCEB1P3	3.864
TCEB1P30	0.928
TCEB1P31	1.578
TCEB1P32	0.881
TCEB1P33	0.246
TCEB2	1.773
TCEB2P1	1.795
TCEB2P2	2.196
TCEB2P3	2.326
TCEB2P4	
TCEB3	1.875
TCEB3B	1.114
TCERG1	2.613
TCERG1L	3.55
TCF12	2.699
TCF15	2.845
TCF19	1.478
TCF20	3.073
TCF21	1.454
TCF23	1.416
TCF24	4.41
TCF25	3.996
TCF3	2.108
TCF4	2.601
TCF7	1.741
TCF7L1	2.258
TCF7L1-IT1	1.476
TCF7L2	3.803
TCFL5	2.619
TCHH	0.569
TCHHL1	0.307
TCHP	3.492
TCIRG1	0.731
TCL1A	2.008
TCL1B	0.992
TCL6	2.174
TCN1	2.654
TCN2	1.81
TCOF1	4.906
TCP1	1.418
TCP10	2.539
TCP10L	1.773
TCP10L2	1.523
TCP11	1.892
TCP11L1	2.056
TCP11L2	2.076
TCP11X1	1.125
TCP11X2	0.707
TCP11X3P	0.587
TCP1P1	1.582
TCTA	
TCTE1	1.212
TCTE3	2.178
TCTEX1D1	1.392
TCTEX1D2	1.193
TCTEX1D4	0.22
TCTN1	2.541
TCTN2	2.025
TCTN3	2.208
TDG	2.627
TDGF1	2.724
TDGF1P1	2.173
TDGF1P2	2.499
TDGF1P3	1.051
TDGF1P4	2.583
TDGF1P5	
TDGF1P6	
TDGF1P7	0.534
TDH	3.482
TDO2	4.316
TDP1	1.916
TDP2	1.77
TDPX2	2.477
TDRD1	3.261
TDRD10	2.728
TDRD12	2.078
TDRD15	3.471
TDRD3	2.769
TDRD5	1.959
TDRD6	1.448
TDRD7	2.323
TDRD9	1.858
TDRG1	2.67
TDRKH	1.193
TDRP	2.908
TEAD1	1.969
TEAD2	1.378
TEAD3	2.432
TEAD4	4.855
TEC	4.999
TECPR1	2.388
TECPR2	2.678
TECR	1.69
TECRL	3.619
TECRP2	0.899
TECTA	1.879
TECTB	3.436
TEDDM1	1.28
TEDDM1P1	1.145
TEF	1.262
TEFM	1.224
TEK	3.536
TEKT1	3.371
TEKT2	2.324
TEKT3	1.804
TEKT5	3.823
TELO2	2.361
TEN1	2.581
TEN1-CDK3	3.076
TENC1	2.162
TENM1	3.149
TENM2	5.243
TENM3	3.319
TENM4	4.491
TEP1	2.281
TEPP	1.422
TERC	0.847
TERF1	1.549
TERF1P1	1.777
TERF1P3	1.365
TERF1P4	2.588
TERF1P5	0.83
TERF2	3.827
TERF2IP	3.487
TERT	3.51
TES	1.663
TESC	5.465
TESK1	0.82
TESK2	4.036
TESPA1	3.463
TET1	2.609
TET1P1	2.799
TET2	1.864
TET2-AS1	0.871
TET3	1.881
TEX10	2.575
TEX101	2.468
TEX11	3.03
TEX12	
TEX13A	-0.644
TEX13B	2.329
TEX14	1.628
TEX15	1.516
TEX19	1.269
TEX2	2.396
TEX21P	1.176
TEX22	4.447
TEX26	1.474
TEX26-AS1	2.177
TEX261	1.444
TEX264	1.885
TEX28	1.817
TEX28P1	
TEX28P2	-1.579
TEX29	2.5
TEX30	1.976
TEX33	1.945
TEX35	1.728
TEX36	2.312
TEX37	1.701
TEX38	0.537
TEX40	1.947
TEX41	2.683
TEX9	2.707
TF	1.597
TFAM	2.678
TFAMP1	1.8
TFAMP2	3.911
TFAP2A	2.055
TFAP2A-AS1	0.945
TFAP2B	1.732
TFAP2C	2.862
TFAP2D	4.232
TFAP2E	2.093
TFAP4	2.117
TFB1M	2.783
TFB2M	3.57
TFCP2	3.628
TFCP2L1	2.774
TFDP1	1.073
TFDP2	2.712
TFDP3	2.498
TFE3	0.354
TFEB	2.906
TFEC	2.894
TFF1	1.652
TFF2	1.525
TFF3	3.319
TFG	2.285
TFIP11	2.341
TFP1	1.829
TFPI	4.737
TFPI2	1.129
TFPT	1.448
TFR2	1.16
TFRC	4.586
TG	3.367
TGDS	2.486
TGFA	2.029
TGFA-IT1	-1.202
TGFB1	1.611
TGFB1I1	1.034
TGFB2	3.105
TGFB3	1.595
TGFBI	6.077
TGFBR1	2.814
TGFBR2	2.375
TGFBR3	2.338
TGFBR3L	0.368
TGFBRAP1	3.376
TGIF1	2.487
TGIF1P1	1.799
TGIF2	0.017
TGIF2-C20orf24	1.98
TGIF2LX	2.096
TGIF2P1	-1.282
TGM1	1.32
TGM2	2.078
TGM3	2.479
TGM4	3.022
TGM5	2.415
TGM6	3.471
TGM7	2.443
TGOLN2	2.213
TGS1	1.954
TH	1.561
THA1P	1.641
THADA	4.186
THAP1	2.253
THAP10	0.304
THAP11	2.711
THAP2	2.939
THAP3	2.175
THAP4	1.476
THAP5	1.273
THAP5P1	1.871
THAP6	2.153
THAP7	0.163
THAP7-AS1	2.263
THAP8	4.266
THAP9	1.632
THAP9-AS1	1.144
THBD	1.314
THBS1	1.14
THBS2	3.28
THBS3	1.283
THBS4	2.399
THEG	2.528
THEGL	2.124
THEM4	1.125
THEM5	1.749
THEM6	1.163
THEMIS	2.896
THEMIS2	1.69
THEMIS3P	2.704
THG1L	3.293
THNSL1	2.048
THNSL2	2.771
THOC1	2.015
THOC2	3.14
THOC3	2.966
THOC5	2.338
THOC6	0.735
THOC7	0.773
THOC7-AS1	0.624
THOP1	1.951
THPO	1.674
THRA	1.765
THRAP3	2.458
THRAP3P1	4.808
THRB	5.516
THRB-AS1	1.462
THRB-IT1	2.141
THRSP	0.466
THSD1	1.453
THSD4	5.301
THSD7A	5.638
THSD7B	3.119
THTPA	
THUMPD1	0.623
THUMPD1P1	1.809
THUMPD2	1.396
THUMPD3	2.061
THY1	1.445
THYN1	1.325
TIA1	1.367
TIAF1	1.676
TIAL1	1.127
TIAM1	4.734
TIAM2	3.026
TICAM1	2.252
TICAM2	2.401
TICRR	2.023
TIE1	1.996
TIFA	2.491
TIFAB	2.404
TIGD1	1.872
TIGD2	0.885
TIGD3	2.302
TIGD4	3.47
TIGD5	2.688
TIGD6	0.709
TIGD7	1.597
TIGIT	1.727
TIMD4	1.912
TIMELESS	2.207
TIMM10	1.323
TIMM10B	1.029
TIMM13	0.425
TIMM17A	1.901
TIMM17B	0.75
TIMM21	1.599
TIMM22	2.505
TIMM23	
TIMM23B	
TIMM44	1.654
TIMM50	2.952
TIMM8A	1.038
TIMM8AP1	1.011
TIMM8B	
TIMM8BP1	2.292
TIMM8BP2	0.878
TIMM9	1.583
TIMM9P1	-1.085
TIMM9P2	1.418
TIMMDC1	1.663
TIMP1	1.047
TIMP2	2.758
TIMP3	3.304
TIMP4	1.165
TINAG	2.604
TINCR	2.069
TINF2	1.54
TIPARP	1.767
TIPARP-AS1	2.405
TIPIN	1.467
TIPRL	2.217
TIRAP	0.901
TJAP1	1.853
TJP1	2.029
TJP2	1.887
TJP3	1.782
TK1	2.406
TK2	2.557
TKT	1.648
TKTL1	2.703
TKTL2	2.245
TLCD1	0.577
TLCD2	1.62
TLDC1	4.034
TLDC2	1.651
TLE1	2.189
TLE1P1	0.844
TLE2	6.428
TLE3	5.048
TLE4	2.849
TLE6	1.881
TLK1	4.178
TLK1P1	0.819
TLK2	1.809
TLK2P1	0.743
TLL1	2.671
TLL2	3.385
TLN1	1.065
TLN2	3.072
TLR1	3.284
TLR10	4.089
TLR12P	2.397
TLR2	1.715
TLR3	2.392
TLR4	1.553
TLR5	2.286
TLR6	2.436
TLR7	2.546
TLR8	2.234
TLR8-AS1	1.518
TLR9	2.507
TLX1	1.357
TLX1NB	2.895
TLX2	2.529
TLX3	1.958
TM2D1	4.375
TM2D2	0.282
TM2D3	2.387
TM4SF1	1.256
TM4SF1-AS1	1.332
TM4SF18	2.939
TM4SF19	1.393
TM4SF19-AS1	1.016
TM4SF2	4.385
TM4SF20	2.122
TM4SF4	2.506
TM4SF5	1.981
TM6SF1	1.73
TM6SF2	2.893
TM7SF2	1.029
TM7SF3	1.681
TM9SF1	1.286
TM9SF2	1.907
TM9SF3	5.126
TM9SF4	2.309
TMA16	1.661
TMA16P1	1.391
TMA16P2	
TMA7	0.364
TMBIM1	1.566
TMBIM4	3.412
TMBIM6	1.87
TMC1	3.034
TMC2	4.893
TMC3	
TMC4	2.304
TMC5	2.368
TMC6	2.251
TMC7	2.955
TMC8	1.989
TMCC1	3.006
TMCC1-AS1	1.654
TMCC1P1	0.736
TMCC2	2.902
TMCC3	3.175
TMCO1	2.173
TMCO2	2.207
TMCO3	2.123
TMCO4	3.074
TMCO5A	2.473
TMCO5B	2.227
TMCO6	0.969
TMED1	0.476
TMED10	2.448
TMED10P1	
TMED10P2	1.435
TMED11P	2.224
TMED2	1.312
TMED3	2.139
TMED4	1.213
TMED5	0.643
TMED6	0.711
TMED7	2.447
TMED7-TICAM2	2.401
TMED8	1.346
TMED9	1.843
TMEFF1	3.029
TMEFF2	3.245
TMEM100	5.262
TMEM101	1.81
TMEM102	1.163
TMEM104	2.56
TMEM105	2.069
TMEM106A	
TMEM106B	2.097
TMEM106C	1.406
TMEM107	1.334
TMEM108	4.326
TMEM109	0.611
TMEM11	1.483
TMEM110	1.945
TMEM110-MUSTN1	1.945
TMEM114	4.684
TMEM115	1.511
TMEM116	1.431
TMEM117	4.217
TMEM119	1.651
TMEM120A	2.598
TMEM120B	2.383
TMEM123	1.699
TMEM125	2.062
TMEM126A	1.589
TMEM126B	1.58
TMEM127	1.15
TMEM128	1.496
TMEM129	1.03
TMEM130	2.709
TMEM131	2.137
TMEM132A	0.878
TMEM132B	3.726
TMEM132C	2.953
TMEM132D	3.998
TMEM132E	7.015
TMEM133	2.195
TMEM134	1.485
TMEM135	4.698
TMEM136	2.658
TMEM138	1.243
TMEM139	0.294
TMEM140	1.365
TMEM141	1.596
TMEM143	1.755
TMEM144	2.817
TMEM145	2.295
TMEM147	0.315
TMEM14A	2.19
TMEM14B	5.059
TMEM14C	2.456
TMEM14D	2.397
TMEM14E	-0.306
TMEM150A	0.862
TMEM150B	1.377
TMEM150C	3.209
TMEM151A	1.021
TMEM151B	1.212
TMEM154	2.629
TMEM155	2.56
TMEM156	2.12
TMEM158	1.989
TMEM159	0.96
TMEM160	1.855
TMEM161A	2.122
TMEM161B	4.261
TMEM161B-AS1	2.592
TMEM161BP1	
TMEM163	5.003
TMEM164	4.029
TMEM165	3.737
TMEM167A	0.92
TMEM167B	2.321
TMEM168	2.425
TMEM169	1.476
TMEM17	2.593
TMEM170A	2.408
TMEM170B	1.756
TMEM171	3.376
TMEM173	3.871
TMEM174	1.22
TMEM175	1.576
TMEM176A	1.373
TMEM176B	1.468
TMEM177	2.16
TMEM178A	1.305
TMEM178B	3.856
TMEM179	5.868
TMEM179B	0.994
TMEM18	2.907
TMEM180	1.676
TMEM181	2.855
TMEM182	2.737
TMEM183A	1.715
TMEM183AP1	-0.346
TMEM184A	2.647
TMEM184B	2.099
TMEM184C	2.304
TMEM185A	1.907
TMEM185B	0.705
TMEM186	1.241
TMEM187	2.851
TMEM189	1.851
TMEM189-UBE2V1	1.851
TMEM19	2.553
TMEM190	1.102
TMEM191A	0.267
TMEM191C	
TMEM192	3.221
TMEM194A	1.821
TMEM194B	1.357
TMEM196	1.589
TMEM198	1.143
TMEM198B	1.119
TMEM199	3.269
TMEM2	3.58
TMEM200A	3.434
TMEM200B	1.31
TMEM200C	1.528
TMEM201	2.422
TMEM202	1.522
TMEM203	0.811
TMEM204	2.398
TMEM205	0.588
TMEM206	1.29
TMEM207	2.23
TMEM208	-0.518
TMEM209	5.623
TMEM210	0.785
TMEM211	2.065
TMEM212	1.849
TMEM212-AS1	1.718
TMEM212-IT1	-0.053
TMEM213	4.171
TMEM214	0.922
TMEM215	1.5
TMEM216	1.716
TMEM217	2.442
TMEM218	1.54
TMEM219	1.143
TMEM220	1.107
TMEM222	1.425
TMEM223	1.145
TMEM225	1.303
TMEM229A	1.539
TMEM229B	2.601
TMEM230	1.224
TMEM231	3.34
TMEM232	5.829
TMEM233	1.761
TMEM234	1.638
TMEM235	1.934
TMEM236	2.521
TMEM237	1.585
TMEM238	1.576
TMEM239	2.045
TMEM241	2.912
TMEM242	4.583
TMEM243	1.097
TMEM244	2.424
TMEM245	3.295
TMEM246	2.205
TMEM247	2.411
TMEM248	2.515
TMEM248P1	0.914
TMEM249	
TMEM25	1.927
TMEM251	0.553
TMEM252	1.899
TMEM253	2.399
TMEM254	2.187
TMEM254-AS1	1.393
TMEM255A	2.03
TMEM255B	
TMEM256	1.209
TMEM256-PLSCR3	1.667
TMEM256P1	1.99
TMEM256P2	-0.347
TMEM257	1.387
TMEM258	1.551
TMEM259	1.581
TMEM26	2.473
TMEM260	4.201
TMEM261	3.258
TMEM261P1	0.027
TMEM27	1.091
TMEM30A	1.752
TMEM30B	0.101
TMEM30C	1.827
TMEM31	
TMEM33	2.596
TMEM35	1.837
TMEM37	1.702
TMEM38B	1.712
TMEM39A	3.037
TMEM39B	1.2
TMEM40	3.647
TMEM41A	0.865
TMEM41B	3.26
TMEM42	0.542
TMEM43	1.03
TMEM44	2.915
TMEM44-AS1	2.149
TMEM45A	2.139
TMEM45B	1.536
TMEM47	2.063
TMEM5	1.45
TMEM5-AS1	2.567
TMEM50A	0.847
TMEM50B	1.781
TMEM51	3.147
TMEM51-AS1	2.188
TMEM52B	2.252
TMEM53	4.402
TMEM54	1.357
TMEM55A	2.656
TMEM55B	1.617
TMEM56	2.389
TMEM57	1.827
TMEM59	1.579
TMEM59L	1.774
TMEM60	0.782
TMEM61	2.555
TMEM62	2.628
TMEM63A	1.845
TMEM63B	2.755
TMEM63C	2.465
TMEM64	1.886
TMEM65	1.683
TMEM66	1.165
TMEM67	2.859
TMEM68	1.748
TMEM69	
TMEM70	0.859
TMEM71	1.905
TMEM72	1.594
TMEM72-AS1	5.202
TMEM74	1.522
TMEM74B	0.988
TMEM75	-1.184
TMEM78	0.922
TMEM79	1.36
TMEM80	2.005
TMEM81	1.821
TMEM82	0.776
TMEM86A	1.295
TMEM86B	1.056
TMEM87A	1.816
TMEM87B	2.191
TMEM88	0.134
TMEM89	1.752
TMEM8A	1.483
TMEM8B	4.02
TMEM8C	1.464
TMEM9	2.36
TMEM91	1.917
TMEM92	2.488
TMEM95	2.229
TMEM97	1.583
TMEM97P1	2.119
TMEM97P2	1.666
TMEM98	1.952
TMEM99	0.337
TMEM9B	1.554
TMEM9B-AS1	1.757
TMF1	1.832
TMIE	1.571
TMIGD1	1.54
TMIGD2	2.188
TMLHE	2.438
TMLHE-AS1	2.438
TMOD1	2.326
TMOD2	1.57
TMOD3	2.224
TMOD4	1.749
TMPO	3.929
TMPO-AS1	0.45
TMPOP1	1.518
TMPPE	0.599
TMPRSS11A	1.236
TMPRSS11B	1.115
TMPRSS11BNL	1.473
TMPRSS11CP	1.038
TMPRSS11D	1.525
TMPRSS11E	1.817
TMPRSS11F	0.595
TMPRSS11GP	2.006
TMPRSS12	1.345
TMPRSS13	5.028
TMPRSS15	3.448
TMPRSS2	2.278
TMPRSS3	2.575
TMPRSS4	2.809
TMPRSS4-AS1	1.997
TMPRSS5	1.925
TMPRSS6	2.279
TMPRSS7	2.407
TMPRSS9	2.685
TMSB10	1.465
TMSB10P1	
TMSB10P2	
TMSB15A	1.202
TMSB15B	0.826
TMSB4X	1.814
TMSB4XP1	0.032
TMSB4XP2	0.966
TMSB4XP3	-0.095
TMSB4XP6	1.014
TMTC1	3.32
TMTC2	3.651
TMTC3	2.548
TMTC4	2.759
TMUB1	1.208
TMUB2	1.044
TMX1	5.617
TMX2	0.299
TMX2-CTNND1	0.299
TMX3	1.811
TMX4	2.86
TNC	2.977
TNF	1.072
TNFAIP1	0.612
TNFAIP2	3.518
TNFAIP3	2.764
TNFAIP6	1.845
TNFAIP8	1.273
TNFAIP8L1	5.255
TNFAIP8L2	0.851
TNFAIP8L3	4.137
TNFRSF10A	2.01
TNFRSF10C	2.696
TNFRSF10D	1.997
TNFRSF11A	5.975
TNFRSF11B	3.351
TNFRSF12A	1.108
TNFRSF13B	4.841
TNFRSF13C	1.236
TNFRSF14	1.424
TNFRSF17	1.651
TNFRSF18	1.675
TNFRSF19	2.446
TNFRSF1A	2.237
TNFRSF1B	3.871
TNFRSF21	6.406
TNFRSF25	1.925
TNFRSF4	2.137
TNFRSF6B	0.489
TNFRSF8	1.927
TNFRSF9	1.656
TNFSF10	2.368
TNFSF11	3.08
TNFSF12	1.714
TNFSF12-TNFSF13	1.68
TNFSF13	0.828
TNFSF13B	2.385
TNFSF14	2.958
TNFSF15	1.654
TNFSF18	1.76
TNFSF4	1.514
TNFSF8	1.651
TNFSF9	2.137
TNIK	3.095
TNIP1	3.662
TNIP2	2.288
TNIP3	4.541
TNK1	1.815
TNK2	2.238
TNKS	2.727
TNKS1BP1	1.606
TNKS2	2.662
TNKS2-AS1	1.854
TNMD	1.341
TNN	6.4
TNNC1	1.888
TNNC2	1.555
TNNI1	3.276
TNNI3	2.603
TNNI3K	2.531
TNNT1	1.543
TNNT2	2.255
TNP1	0.593
TNP2	0.672
TNPO1	1.56
TNPO1P1	1.378
TNPO2	1.336
TNPO3	1.651
TNR	2.728
TNR-IT1	2.728
TNRC18	3.067
TNRC18P1	1.741
TNRC18P2	3.788
TNRC18P3	2.998
TNRC6A	2.328
TNRC6B	4.588
TNRC6C	5.288
TNRC6C-AS1	2.165
TNS1	3.514
TNS3	3.323
TNS4	2.03
TNXB	1.368
TOB1	0.7
TOB1-AS1	5.526
TOB2	0.738
TOB2P1	1.612
TOE1	2.029
TOLLIP	2.022
TOLLIP-AS1	2.843
TOM1	3.261
TOM1L1	3.512
TOM1L2	3.526
TOMM20	0.776
TOMM20L	0.922
TOMM22	0.319
TOMM22P3	1.684
TOMM22P4	3.021
TOMM22P5	1.31
TOMM22P6	4.842
TOMM34	1.447
TOMM40	1.756
TOMM40L	0.764
TOMM5	1.305
TOMM6	0.807
TOMM7	2.295
TOMM70A	1.466
TONSL	1.501
TOP1	3.311
TOP1MT	1.751
TOP2A	1.758
TOP2B	
TOP3A	1.247
TOP3B	2.051
TOPAZ1	2.698
TOPBP1	4.033
TOPORS	0.605
TOPORS-AS1	1.746
TOR1A	1.81
TOR1AIP1	2.351
TOR1AIP2	2.237
TOR1B	2.05
TOR2A	0.782
TOR3A	1.328
TOR4A	1.417
TOX	2.563
TOX2	5.743
TOX3	5.309
TOX4	1.449
TOX4P1	1.652
TP53	1.732
TP53AIP1	2.375
TP53BP1	2.415
TP53BP2	1.352
TP53I11	2.595
TP53I13	0.807
TP53I3	1.105
TP53INP1	0.818
TP53INP2	1.077
TP53RK	1.466
TP53TG1	1.613
TP53TG5	1.767
TP63	3.221
TP73	2.366
TP73-AS1	2.355
TPBG	2.853
TPBGL	0.874
TPCN1	2.551
TPCN2	2.39
TPD52	5.072
TPD52L1	4.167
TPD52L2	1.989
TPD52L3	1.765
TPGS1	2.308
TPGS2	1.137
TPH1	2.848
TPH2	4.039
TPI1	1.801
TPI1P1	1.762
TPI1P2	0.548
TPI1P3	-0.782
TPI1P4	
TPK1	3.188
TPM1	2.289
TPM2	0.996
TPM3	0.701
TPM3P1	-1.929
TPM3P2	2.942
TPM3P3	1.103
TPM3P6	1.634
TPM3P7	-0.198
TPM3P9	1.629
TPM4	1.337
TPM4P1	1.894
TPMT	2.24
TPMTP1	2.454
TPMTP2	
TPMTP4	2.065
TPO	5.401
TPP1	0.457
TPP2	1.947
TPPP	
TPPP2	3.319
TPPP3	2.726
TPR	1.642
TPRA1	1.893
TPRG1	3.811
TPRG1-AS1	4.447
TPRG1-AS2	1.164
TPRG1L	1.908
TPRKB	2.022
TPRKBP1	0.556
TPRKBP2	
TPRN	1.529
TPRX1	1.498
TPRX1P1	2.983
TPRX2P	1.385
TPRXL	3.203
TPSAB1	3.369
TPSB2	2.533
TPSD1	0.414
TPSG1	0.959
TPSP2	2.334
TPST1	1.709
TPST2	2.574
TPST2P1	
TPT1	1.154
TPT1P1	3.143
TPTE	
TPTE2	3.536
TPTE2P1	3.158
TPTE2P2	1.485
TPTE2P3	1.761
TPTE2P5	2.081
TPTE2P6	3.15
TPX2	0.728
TRA2A	1.919
TRA2B	3.086
TRABD	1.604
TRABD2A	3.11
TRABD2B	6.495
TRAC	3.023
TRADD	0.985
TRAF1	2.46
TRAF2	2.624
TRAF3	2.206
TRAF3IP1	2.301
TRAF3IP2	1.39
TRAF3IP2-AS1	1.358
TRAF3IP3	1.159
TRAF4	1.935
TRAF5	2.134
TRAF6	0.642
TRAF6P1	1.331
TRAF7	1.982
TRAFD1	2.236
TRAIP	0.981
TRAJ1	1.069
TRAJ10	0.561
TRAJ11	0.68
TRAJ12	
TRAJ13	0.903
TRAJ14	1.048
TRAJ15	1.457
TRAJ16	0.213
TRAJ17	0.097
TRAJ18	-0.58
TRAJ19	-0.149
TRAJ2	1.068
TRAJ20	0.334
TRAJ21	0.559
TRAJ22	0.543
TRAJ23	-0.373
TRAJ24	0.794
TRAJ25	1.374
TRAJ26	0.235
TRAJ27	0.472
TRAJ28	-0.288
TRAJ29	1.671
TRAJ3	1.045
TRAJ30	-1.182
TRAJ31	0.827
TRAJ32	0.91
TRAJ33	0.738
TRAJ34	0.808
TRAJ35	0.634
TRAJ36	1.391
TRAJ37	-0.555
TRAJ38	0.446
TRAJ39	-0.142
TRAJ4	0.488
TRAJ40	0.486
TRAJ41	0.71
TRAJ42	1.362
TRAJ43	1.361
TRAJ44	1.09
TRAJ45	0.999
TRAJ46	
TRAJ47	1.042
TRAJ48	0.082
TRAJ49	
TRAJ5	0.369
TRAJ50	0.285
TRAJ51	-0.081
TRAJ52	1.913
TRAJ53	2.133
TRAJ54	
TRAJ57	1.184
TRAJ58	
TRAJ6	0.23
TRAJ7	0.426
TRAJ8	-0.257
TRAJ9	0.468
TRAK1	4.014
TRAK2	1.188
TRAM1	3.032
TRAM1L1	2.428
TRAM2	2.41
TRAM2-AS1	2.933
TRANK1	4.104
TRAP1	1.982
TRAPPC1	-0.402
TRAPPC10	2.264
TRAPPC11	4.121
TRAPPC12	3.93
TRAPPC12-AS1	1.182
TRAPPC13	2.25
TRAPPC2	1.061
TRAPPC2L	3.121
TRAPPC2P1	-0.616
TRAPPC2P2	
TRAPPC3	2.491
TRAPPC3L	1.135
TRAPPC4	
TRAPPC5	0.744
TRAPPC6A	1.399
TRAPPC6B	4.541
TRAPPC8	2.313
TRAPPC9	3.186
TRAT1	1.797
TRAV1-1	1.249
TRAV1-2	2.36
TRAV10	1.032
TRAV11	0.858
TRAV12-2	0.909
TRAV13-2	1.677
TRAV14DV4	1.299
TRAV15	1.892
TRAV2	1.519
TRAV22	1.394
TRAV23DV6	2.108
TRAV24	2.155
TRAV25	1.443
TRAV26-1	2.298
TRAV26-2	0.361
TRAV27	2.648
TRAV28	2.456
TRAV29DV5	2.451
TRAV3	1.446
TRAV30	5.461
TRAV31	0.896
TRAV32	1.326
TRAV33	1.664
TRAV38-1	2.02
TRAV38-2DV8	2.478
TRAV39	
TRAV4	1.829
TRAV40	4.951
TRAV41	1.678
TRAV5	1.438
TRAV6	2.37
TRAV7	2.316
TRAV8-1	1.737
TRAV8-4	0.933
TRAV8-5	1.299
TRAV8-7	2.051
TRAV9-1	1.797
TRAV9-2	1.644
TRBC2	4.322
TRBJ2-1	0.515
TRBJ2-2	-0.381
TRBJ2-7	0.328
TRBV20OR9-2	1.088
TRBV21-1	1.024
TRBV21OR9-2	1.16
TRBV22-1	0.95
TRBV22OR9-2	0.938
TRBV23-1	0.947
TRBV23OR9-2	1.153
TRBV24-1	2.061
TRBV24OR9-2	1.446
TRBV25-1	1.686
TRBV25OR9-2	1.5
TRBV26	2.27
TRBV26OR9-2	0.916
TRBV27	0.979
TRBV28	1.261
TRBV29-1	1.038
TRBV30	1.823
TRBVA	1.678
TRBVB	1.748
TRDC	0.339
TRDJ4	-1.829
TRDMT1	1.78
TRDN	4.78
TRDV1	2.336
TRDV2	0.148
TRDV3	1.01
TREH	1.486
TREM1	2.108
TREM2	1.46
TREML1	1.175
TREML2	2.153
TREML5P	1.138
TRERF1	4.321
TRERNA1	3.377
TREX1	1.07
TREX2	1.247
TRGC1	4.285
TRGC2	6.428
TRGJ1	4.936
TRGJ2	5.829
TRGJP	1.983
TRGJP1	2.955
TRGV1	0.806
TRGV10	2.083
TRGV11	2.391
TRGV2	1.319
TRGV3	1.21
TRGV4	2.665
TRGV5	3.345
TRGV5P	2.36
TRGV6	1.524
TRGV7	2.018
TRGV8	1.045
TRGV9	1.048
TRGVA	0.116
TRGVB	1.42
TRH	1.467
TRHDE	4.78
TRHDE-AS1	1.588
TRHR	1.525
TRIAP1	0.188
TRIAP1P1	2.382
TRIB1	2.197
TRIB2	1.404
TRIB3	2.966
TRIL	2.948
TRIM10	2.124
TRIM11	1.025
TRIM13	4.554
TRIM14	2.027
TRIM15	2.996
TRIM17	0.509
TRIM2	6.17
TRIM21	4.167
TRIM22	2.743
TRIM23	3.557
TRIM24	2.886
TRIM25	1.645
TRIM26	1.834
TRIM27	2.936
TRIM28	
TRIM29	3.62
TRIM3	
TRIM31	1.899
TRIM31-AS1	1.899
TRIM32	1.459
TRIM33	3.814
TRIM34	2.225
TRIM35	2.155
TRIM36	4.299
TRIM36-IT1	0.403
TRIM37	1.947
TRIM39	0.876
TRIM39-RPP21	0.876
TRIM4	2.585
TRIM40	2.005
TRIM41	2.9
TRIM42	1.752
TRIM44	2.723
TRIM45	0.844
TRIM46	0.997
TRIM47	1.149
TRIM49	4.453
TRIM49B	1.615
TRIM49C	3.095
TRIM5	3.019
TRIM50	0.991
TRIM53BP	
TRIM53CP	1.554
TRIM54	1.328
TRIM55	2.026
TRIM56	1.696
TRIM58	2.809
TRIM59	1.267
TRIM6	2.166
TRIM6-TRIM34	2.225
TRIM60	1.819
TRIM60P13	1.358
TRIM60P14	0.767
TRIM60P15	1.999
TRIM60P16	1.457
TRIM60P17	0.844
TRIM60P18	1.929
TRIM60P19	1.305
TRIM61	1.574
TRIM62	4.151
TRIM63	1.42
TRIM64C	1.292
TRIM64DP	4.595
TRIM64EP	3.072
TRIM65	2.19
TRIM66	1.633
TRIM67	3.066
TRIM68	1.48
TRIM69	2.272
TRIM7	2.477
TRIM71	2.606
TRIM72	1.417
TRIM73	2.201
TRIM74	1.559
TRIM8	0.687
TRIM9	2.291
TRIML1	2.556
TRIML2	3.826
TRIO	5.331
TRIOBP	1.567
TRIP10	0.746
TRIP11	1.994
TRIP12	2.048
TRIP13	0.894
TRIP4	1.506
TRIP6	0.416
TRIQK	2.819
TRIT1	3.954
TRMT1	2.688
TRMT10A	2.711
TRMT10B	2.988
TRMT10C	0.754
TRMT11	4.424
TRMT112	-0.344
TRMT112P1	3.22
TRMT112P2	
TRMT112P4	1.809
TRMT112P5	-1.468
TRMT12	2.858
TRMT13	3.359
TRMT1L	0.959
TRMT2A	1.749
TRMT2B	0.767
TRMT2B-AS1	1.061
TRMT44	2.459
TRMT5	1.244
TRMT6	1.131
TRMT61A	1.669
TRMT61B	1.361
TRMU	3.11
TRNAQ41P	
TRNAU1AP	1.683
TRNP1	1.933
TRNT1	3.747
TRO	1.591
TROAP	2.239
TROVE2	1.536
TRPA1	2.881
TRPC1	4.321
TRPC2	1.948
TRPC3	1.769
TRPC4	3.927
TRPC4AP	1.698
TRPC5	3.307
TRPC5OS	0.977
TRPC6	6.906
TRPC7	1.706
TRPC7-AS1	1.188
TRPC7-AS2	0.565
TRPM1	2.819
TRPM2	2.539
TRPM3	3.766
TRPM4	2.087
TRPM5	2.899
TRPM6	2.44
TRPM7	4.061
TRPM8	3.863
TRPS1	5.372
TRPT1	0.715
TRPV1	2.738
TRPV2	1.68
TRPV3	2.989
TRPV4	2.946
TRPV5	2.169
TRPV6	1.513
TRRAP	2.128
TRUB1	1.389
TRUB2	4.021
TSACC	1.883
TSC1	2.478
TSC2	2.445
TSC22D1	2.021
TSC22D2	1.833
TSC22D3	2.142
TSC22D4	1.37
TSEN15	1.756
TSEN15P1	2.091
TSEN15P2	0.218
TSEN15P3	3.432
TSEN2	2.348
TSEN2P1	2.214
TSEN34	1.495
TSEN54	2.019
TSFM	1.677
TSG101	1.172
TSGA10	4.137
TSGA10IP	1.264
TSGA13	
TSHB	1.405
TSHR	4.484
TSHZ1	3.609
TSHZ2	3.961
TSHZ3	3.02
TSIX	1.732
TSKS	3.49
TSKU	1.153
TSLP	1.86
TSN	1.822
TSNARE1	3.699
TSNAX	0.774
TSNAX-DISC1	3.089
TSNAXIP1	2.3
TSPAN1	0.941
TSPAN10	2.05
TSPAN11	2.869
TSPAN12	3.984
TSPAN13	2.88
TSPAN14	1.685
TSPAN15	2.431
TSPAN16	2.924
TSPAN17	2.819
TSPAN18	3.744
TSPAN19	1.321
TSPAN2	2.29
TSPAN3	1.41
TSPAN31	1.464
TSPAN32	2.397
TSPAN33	2.08
TSPAN4	2.775
TSPAN5	5.314
TSPAN6	0.911
TSPAN7	2.129
TSPAN8	2.635
TSPAN9	3.799
TSPAN9-IT1	-0.059
TSPEAR	3.102
TSPEAR-AS1	3.102
TSPO	2.084
TSPO2	0.093
TSPY26P	1.249
TSPYL1	0.636
TSPYL2	1.531
TSPYL4	1.171
TSPYL5	2.864
TSPYL6	0.82
TSR1	1.104
TSR2	1.29
TSR3	1.718
TSRM	1.936
TSSC1	2.629
TSSC1-IT1	1.724
TSSC4	2.012
TSSK1A	1.17
TSSK1B	0.437
TSSK2	0.726
TSSK3	1.124
TSSK4	0.207
TSSK6	0.1
TST	0.799
TSTA3	2.62
TSTD1	0.132
TSTD2	0.737
TSTD3	1.997
TTBK1	2.863
TTBK2	3.118
TTC1	0.925
TTC12	1.977
TTC13	2.015
TTC14	1.399
TTC16	0.851
TTC17	3.527
TTC18	3.234
TTC19	1.393
TTC21A	1.459
TTC21B	1.492
TTC22	1.812
TTC23	2.038
TTC23L	2.426
TTC24	1.982
TTC25	1.533
TTC26	5.152
TTC27	2.597
TTC28	2.52
TTC28-AS1	2.294
TTC29	3.721
TTC3	2.054
TTC3-AS1	1.137
TTC30A	2.264
TTC30B	2.43
TTC31	1.619
TTC32	1.418
TTC33	2.907
TTC34	1.496
TTC36	2.446
TTC37	2.102
TTC38	2.151
TTC39A	1.79
TTC39B	2.434
TTC39C	2.849
TTC39CP1	-0.343
TTC39DP	1.351
TTC3P1	1.312
TTC4	2.442
TTC40	3.461
TTC4P1	0.294
TTC5	2.569
TTC6	3.154
TTC7A	3.164
TTC7B	2.705
TTC8	2.201
TTC9	2.781
TTC9B	0.238
TTC9C	1.256
TTF1	3.264
TTF2	3.243
TTI1	2.321
TTI2	1.294
TTK	2.149
TTL	3.425
TTLL1	2.898
TTLL10	1.468
TTLL10-AS1	
TTLL11	2.335
TTLL11-IT1	1.473
TTLL12	1.733
TTLL13	0.907
TTLL2	4.396
TTLL3	2.024
TTLL4	2.86
TTLL5	2.953
TTLL6	2.539
TTLL7	2.232
TTLL7-IT1	1.718
TTLL8	4.386
TTLL9	5.716
TTN	2.285
TTN-AS1	2.285
TTPA	1.476
TTPAL	2.236
TTR	1.826
TTYH1	3.268
TTYH2	3.301
TTYH3	2.985
TUB	3.814
TUBA1A	1.498
TUBA1B	1.541
TUBA1C	2.158
TUBA3FP	2.263
TUBA3GP	
TUBA4A	2.689
TUBA4B	2.689
TUBA8	3.21
TUBA8P2	1.618
TUBAL3	1.302
TUBAP	1.863
TUBB	5.094
TUBB1	1.641
TUBB2A	2.275
TUBB2B	1.98
TUBB2BP1	-0.113
TUBB3	2.516
TUBB3P1	4.45
TUBB3P2	1.568
TUBB4A	1.944
TUBB4AP1	1.467
TUBB4B	1.446
TUBB4BP1	0.959
TUBB4BP2	0.243
TUBB4BP3	0.95
TUBB4BP4	2.82
TUBB4BP5	3.643
TUBB4BP6	2.672
TUBB4BP7	3.21
TUBB6	1.451
TUBB8	4.739
TUBB8P1	-0.856
TUBB8P10	0.617
TUBB8P2	
TUBB8P3	1.181
TUBB8P4	0.777
TUBB8P5	1.609
TUBB8P6	4.038
TUBB8P9	1.269
TUBBP1	0.734
TUBBP10	1.987
TUBBP11	3.991
TUBBP2	2.593
TUBBP8	1.363
TUBBP9	2.066
TUBD1	1.224
TUBE1	1.057
TUBG1	1.047
TUBG1P	0.148
TUBG2	0.756
TUBGCP2	3.335
TUBGCP3	4.972
TUBGCP4	2.496
TUBGCP5	2.589
TUBGCP6	1.688
TUFM	1.114
TUFMP1	
TUFT1	1.916
TUG1	1.714
TULP1	1.392
TULP2	1.648
TULP3	4.548
TULP3P1	
TULP4	1.758
TUSC1	2.794
TUSC2	0.918
TUSC3	2.93
TUSC5	4.698
TUSC7	1.566
TUT1	0.87
TVP23A	
TVP23B	2.442
TVP23BP1	1.655
TVP23BP2	
TVP23C	3.337
TVP23C-CDRT4	3.337
TVP23CP1	-0.129
TWF1	3.006
TWF1P1	1.167
TWF2	2.507
TWIST1	3.148
TWIST2	
TWISTNB	2.972
TWSG1	3.738
TXK	1.818
TXLNA	1.57
TXLNB	2.9
TXLNG	1.114
TXN	2.566
TXN2	1.978
TXNDC11	2.049
TXNDC12	3.069
TXNDC12-AS1	-0.259
TXNDC15	1.589
TXNDC16	4.122
TXNDC17	1.03
TXNDC2	1.349
TXNDC5	5.732
TXNDC8	1.844
TXNDC9	1.175
TXNIP	
TXNL1	4.388
TXNL1P1	2.426
TXNL4A	1.642
TXNL4B	1.181
TXNRD1	3.048
TXNRD2	3.115
TXNRD3	2.171
TXNRD3NB	2.171
TYK2	1.83
TYMP	1.075
TYMS	2.134
TYR	3.489
TYRL	0.987
TYRO3	2.338
TYRO3P	1.163
TYROBP	1.966
TYRP1	4.136
TYSND1	1.758
TYW1	4.137
TYW1B	2.631
TYW3	1.91
TYW5	1.398
U1	1.745
U2AF1	1.313
U2AF1L4	1.039
U2AF2	2.245
U2SURP	2.786
U3	5.706
U4	-0.959
U40455.1	1.677
U47924.27	
U47924.29	1.042
U47924.30	-1.115
U47924.31	1.54
U51244.2	-0.33
U52111.12	1.132
U52111.14	3.401
U6	3.878
U62631.5	0.65
U66059.29	1.184
U66059.58	1.563
U7	
U73166.2	0.176
U73169.1	
U8	4.746
U82670.4	0.829
U82670.9	0.778
U82671.12	1.367
U82671.8	1.671
U82695.10	1.104
U82695.5	1.205
U82695.9	1.253
U91319.1	3.263
U91324.1	1.141
U91328.2	2.086
U95743.1	6.012
UACA	1.845
UAP1	2.117
UAP1L1	1.308
UBA1	2.296
UBA2	2.195
UBA3	1.069
UBA5	1.657
UBA52	0.845
UBA52P5	
UBA52P6	-1.093
UBA52P7	-0.708
UBA52P8	2.49
UBA52P9	-0.257
UBA6	1.775
UBA6-AS1	2.263
UBA7	0.787
UBAC1	2.062
UBAC2	2.169
UBAC2-AS1	1.579
UBALD1	1.893
UBALD2	1.257
UBAP1	0.263
UBAP1L	2.125
UBAP2	1.704
UBAP2L	1.601
UBASH3A	3.221
UBASH3B	3.223
UBB	1.465
UBBP1	3.585
UBBP2	
UBBP3	
UBBP5	2.317
UBC	1.503
UBD	2.597
UBDP1	1.229
UBE2A	0.647
UBE2B	1.748
UBE2C	1.742
UBE2CP1	-1.475
UBE2CP2	-0.229
UBE2CP3	1.252
UBE2CP4	0.009
UBE2D1	2.508
UBE2D2	4.061
UBE2D3	1.675
UBE2D3P1	2.383
UBE2D3P2	
UBE2D3P3	
UBE2D3P4	4.755
UBE2D4	2.182
UBE2DNL	2.817
UBE2E1	1.511
UBE2E1-AS1	1.74
UBE2E2	2.262
UBE2E2-AS1	0.568
UBE2E3	3.028
UBE2F	2.501
UBE2F-SCLY	2.501
UBE2FP1	
UBE2FP2	2.538
UBE2FP3	1.572
UBE2G1	2.465
UBE2G2	4.44
UBE2H	3.425
UBE2HP1	1.321
UBE2I	2.796
UBE2J1	1.659
UBE2J2	2.588
UBE2K	2.254
UBE2L2	0.598
UBE2L3	
UBE2L5P	1.174
UBE2L6	1.24
UBE2M	
UBE2MP1	
UBE2N	1.529
UBE2NL	3.25
UBE2O	2.315
UBE2Q1	1.761
UBE2Q1-AS1	1.242
UBE2Q2	1.88
UBE2QL1	2.522
UBE2R2	2.132
UBE2S	2.284
UBE2T	0.888
UBE2U	1.808
UBE2V1	1.851
UBE2V1P1	0.335
UBE2V1P10	6.651
UBE2V1P11	
UBE2V1P12	2.376
UBE2V1P2	
UBE2V1P4	2.331
UBE2V1P5	0.708
UBE2V1P6	2.36
UBE2V1P7	4.157
UBE2V1P8	1.035
UBE2V1P9	3.421
UBE2V2	2.116
UBE2V2P1	1.961
UBE2V2P2	1.904
UBE2V2P3	
UBE2V2P4	
UBE2W	3.043
UBE2WP1	2.608
UBE2Z	0.78
UBE3A	1.736
UBE3AP2	1.916
UBE3B	2.414
UBE3C	2.354
UBE3D	2.695
UBE4A	1.844
UBE4B	4.103
UBFD1	2.368
UBFD1P1	0.862
UBIAD1	2.137
UBL3	2.322
UBL4A	1.713
UBL4B	2.392
UBL5	0.541
UBL5P1	4.144
UBL5P2	1.016
UBL5P3	2.319
UBL5P4	-0.067
UBL7	2.213
UBL7-AS1	2.932
UBLCP1	2.157
UBN1	2.581
UBN2	2.332
UBOX5	1.905
UBOX5-AS1	1.905
UBP1	3.288
UBQLN1	2.527
UBQLN1P1	1.717
UBQLN2	1.936
UBQLN3	1.4
UBQLN4	1.348
UBQLN4P1	1.466
UBQLN4P2	2.258
UBQLNL	3.049
UBR1	1.744
UBR2	2.505
UBR3	2.538
UBR4	2.439
UBR5	3.331
UBR7	1.217
UBTD1	1.446
UBTD2	2.931
UBTF	1.524
UBTFL7	0.942
UBTFL8	2.08
UBXN1	1.576
UBXN10	1.768
UBXN11	1.424
UBXN2A	4.118
UBXN2B	1.917
UBXN4	4.726
UBXN6	2.11
UBXN7	1.631
UBXN7-AS1	0.794
UBXN8	3.147
UCHL1	2.633
UCHL1-AS1	1.848
UCHL3	2.53
UCHL5	1.369
UCK1	1.455
UCK2	2.953
UCKL1	2.648
UCMA	1.907
UCN	1.48
UCN2	0.87
UCN3	1.924
UCP1	2.128
UCP2	1.344
UCP3	1.188
UEVLD	1.527
UFC1	2.542
UFD1L	1.625
UFL1	1.338
UFL1-AS1	2.494
UFM1	2.23
UFSP1	-0.048
UFSP2	2.188
UGCG	4.051
UGDH	2.025
UGDH-AS1	4.288
UGGT1	3.94
UGGT2	4.597
UGP2	1.362
UGT1A1	1.917
UGT1A10	1.917
UGT1A11P	0.525
UGT1A12P	2.012
UGT1A13P	-1.218
UGT1A2P	1.146
UGT1A3	1.917
UGT1A4	1.917
UGT1A5	1.917
UGT1A6	1.917
UGT1A7	1.917
UGT1A8	1.917
UGT1A9	1.917
UGT2A1	2.795
UGT2A2	2.242
UGT2A3	2.102
UGT2B17	2.148
UGT2B29P	1.848
UGT2B4	1.702
UGT2B7	1.37
UGT3A1	1.65
UGT3A2	4.159
UGT8	5.188
UHMK1	2.367
UHRF1	2.43
UHRF1BP1	2.643
UHRF1BP1L	1.852
UHRF2	3.46
UHRF2P1	1.254
UIMC1	3.388
ULBP3	3.494
ULK1	2.578
ULK2	2.11
ULK3	2.654
ULK4	4.587
ULK4P2	
ULK4P3	
UMOD	2.032
UMODL1	2.675
UMPS	1.156
UNC119	1.14
UNC119B	1.628
UNC13A	2.358
UNC13B	1.678
UNC13C	4.852
UNC13D	1.553
UNC45A	2.524
UNC45B	1.35
UNC50	1.762
UNC5A	2.154
UNC5B	3.149
UNC5B-AS1	-0.074
UNC5C	4.049
UNC5CL	2.375
UNC5D	3.9
UNC79	3.764
UNC80	2.593
UNC93A	2.911
UNC93B1	1.765
UNC93B3	0.205
UNC93B7	
UNC93B8	
UNCX	2.2
UNG	0.958
UNGP1	1.689
UNGP3	2.475
UNK	1.9
UNKL	1.894
UOX	1.526
UPB1	1.473
UPF1	3.131
UPF2	3.036
UPF3A	2.147
UPF3AP3	
UPF3B	0.881
UPK1A	1.639
UPK1A-AS1	0.921
UPK1B	1.826
UPK2	1.875
UPK3A	2.367
UPK3B	4.086
UPP1	1.233
UPP2	3.252
UPP2-IT1	1.516
UPRT	2.644
UQCC1	2.323
UQCC2	1.603
UQCR10	3.418
UQCR11	1.18
UQCRB	2.312
UQCRBP1	-0.505
UQCRBP2	1.216
UQCRBP3	1.395
UQCRC1	2.24
UQCRC2	2.375
UQCRC2P1	1.893
UQCRFS1	2.672
UQCRFS1P2	1.909
UQCRFS1P3	-0.315
UQCRH	1.051
UQCRHP1	1.805
UQCRHP2	3.471
UQCRHP3	1.173
UQCRHP4	1.464
UQCRQ	0.581
URAD	1.328
URAHP	1.574
URB1	3.351
URB2	1.751
URGCP	2.76
URGCP-MRPS24	2.76
URI1	3.926
URM1	2.431
UROC1	3.302
UROD	1.122
UROS	1.557
USB1	1.71
USE1	0.84
USF1	1.051
USF1P1	-0.817
USF2	1.868
USH1C	2.204
USH1G	1.568
USH2A	5.342
USHBP1	3.041
USMG5	0.959
USO1	2.079
USP1	1.327
USP10	2.581
USP11	2.231
USP12	3.694
USP12-AS1	1.497
USP12-AS2	1.492
USP12PX	3.013
USP13	2.68
USP14	2.257
USP15	3.705
USP16	1.392
USP17L1P	
USP17L2	2.712
USP17L3	
USP17L4	
USP17L7	2.246
USP17L8	
USP19	0.754
USP2	2.129
USP2-AS1	2.238
USP20	3.938
USP21	0.949
USP22	1.651
USP24	3.83
USP25	3.773
USP26	1.647
USP27X	0.816
USP27X-AS1	1.02
USP28	1.116
USP29	4.025
USP3	1.93
USP3-AS1	1.93
USP30	1.741
USP30-AS1	-0.354
USP31	2.758
USP32	3.284
USP33	1.978
USP34	3.006
USP35	2.227
USP36	2.441
USP37	2.584
USP38	2.578
USP39	4.842
USP4	1.596
USP40	3.251
USP42	1.434
USP43	3.253
USP44	2.051
USP45	1.869
USP46	2.708
USP46-AS1	0.654
USP47	2.386
USP48	2.02
USP49	1.249
USP5	2.667
USP50	2.123
USP51	1.227
USP53	2.155
USP54	2.962
USP6	3.765
USP6NL	3.616
USP7	3.511
USP8	3.651
USP9X	1.738
USPL1	3.092
UST	3.006
UTF1	1.599
UTP11L	2.439
UTP14A	0.762
UTP14C	0.937
UTP15	0.751
UTP18	6.307
UTP20	1.6
UTP23	2.399
UTP3	1.664
UTP6	1.21
UTRN	6.934
UTS2	2.2
UTS2B	1.479
UTS2R	1.23
UVRAG	4.043
UVSSA	2.4
UXS1	1.833
UXT	-0.023
VAC14	2.067
VAC14-AS1	1.22
VAMP1	2.013
VAMP2	1.256
VAMP3	1.174
VAMP4	2.529
VAMP5	1.868
VAMP8	1.382
VANGL1	2.061
VANGL2	1.64
VAPA	2.12
VAPB	2.956
VARS	1.258
VARS2	2.779
VASH1	1.981
VASH2	2.023
VASN	0.993
VASP	1.233
VAT1	1.882
VAT1L	3.121
VAV1	4.39
VAV2	4.983
VAV3	3.76
VAV3-AS1	3.674
VAX1	1.728
VAX2	1.948
VBP1	3.068
VCAM1	2.664
VCAN	2.525
VCAN-AS1	2.525
VCL	2.045
VCP	4.057
VCPIP1	2.587
VCPKMT	3.047
VCX	2.957
VCX2	3.511
VCX3A	2.854
VCX3B	2.266
VDAC1	2.863
VDAC1P1	1.419
VDAC1P10	3.508
VDAC1P11	0.854
VDAC1P12	1.682
VDAC1P3	
VDAC1P4	-0.678
VDAC1P5	2.78
VDAC1P7	0.229
VDAC1P8	0.351
VDAC1P9	1.467
VDAC2	0.823
VDAC2P1	
VDAC3	2.789
VDAC3P1	3.839
VDR	2.393
VEGFA	2.914
VEGFB	1.32
VEGFC	3.384
VENTX	1.484
VENTXP1	4.817
VENTXP2	3.922
VENTXP4	2.051
VENTXP5	-0.375
VENTXP6	-1.071
VENTXP7	2.082
VEPH1	2.452
VEZF1	3.001
VEZF1P1	0.548
VEZT	1.188
VGF	1.78
VGLL1	2.205
VGLL2	2.227
VGLL3	5.295
VGLL4	3.567
VHL	3.916
VHLL	1.29
VIL1	1.706
VILL	2.325
VIM	2.814
VIM-AS1	1.887
VIMP	1.51
VIMP1	1.875
VIP	3.125
VIPAS39	1.326
VIPR1	3.478
VIPR1-AS1	3.478
VIPR2	3.245
VIT	3.559
VKORC1	0.992
VKORC1L1	2.361
VLDLR	2.573
VMA21	3.004
VMAC	0.709
VMO1	1.435
VMP1	1.909
VN1R1	0.191
VN1R104P	0.5
VN1R105P	0.63
VN1R107P	0.205
VN1R10P	1.652
VN1R110P	0.952
VN1R11P	1.674
VN1R13P	2.245
VN1R14P	1.174
VN1R2	1.622
VN1R20P	1.395
VN1R25P	1.406
VN1R28P	1.235
VN1R34P	0.395
VN1R35P	1.037
VN1R36P	0.246
VN1R4	1.355
VN1R46P	2.422
VN1R48P	1.459
VN1R51P	1.771
VN1R53P	
VN1R64P	0.861
VN1R65P	1.33
VN1R66P	1.658
VN1R68P	
VN1R6P	2.309
VN1R71P	
VN1R7P	
VN1R90P	2.385
VN1R91P	1.903
VN1R96P	4.39
VN2R10P	0.414
VN2R17P	-0.519
VN2R19P	2.882
VN2R1P	1.571
VN2R3P	
VN2R4P	
VN2R5P	
VN2R6P	
VN2R9P	0.506
VNN1	1.944
VNN2	2.366
VNN3	1.78
VOPP1	4.259
VPRBP	
VPREB3	1.66
VPS11	
VPS13A	3.74
VPS13A-AS1	1.952
VPS13B	3.896
VPS13C	2.544
VPS13D	4.5
VPS16	3.67
VPS18	2.015
VPS25	0.944
VPS25P1	1.536
VPS26A	1.12
VPS26AP1	1.252
VPS26B	0.996
VPS26BP1	
VPS28	1.502
VPS29	1.185
VPS33A	1.582
VPS33B	1.079
VPS35	
VPS36	0.805
VPS37A	1.257
VPS37B	3.24
VPS37C	1.599
VPS37D	2.596
VPS39	3.647
VPS41	6.079
VPS45	1.934
VPS4A	2.42
VPS4B	2.27
VPS51	2.729
VPS52	1.056
VPS53	3.09
VPS54	2.067
VPS72	2.983
VPS8	4.548
VPS9D1	1.752
VPS9D1-AS1	1.752
VRK1	3.145
VRK2	2.578
VRK3	2.087
VRTN	1.63
VSIG1	1.829
VSIG10	2.164
VSIG10L	2.033
VSIG2	0.808
VSIG4	1.245
VSIG8	1.862
VSNL1	2.609
VSTM1	3.395
VSTM2A	2.15
VSTM2B	3.072
VSTM2L	2.836
VSTM4	1.728
VSTM5	2.985
VSX1	1.113
VSX2	3.478
VTA1	3.179
VTCN1	6.118
VTI1A	3.648
VTI1B	1.17
VTI1BP1	1.551
VTI1BP2	3.315
VTI1BP3	4.005
VTI1BP4	1.483
VTN	0.812
VTRNA2-1	1.388
VTRNA3-1P	0.71
VWA2	3.135
VWA3A	2.848
VWA3B	2.959
VWA5A	3.934
VWA5B1	6.315
VWA5B2	1.171
VWA7	1.782
VWA8	3.709
VWA9	1.899
VWC2	4.795
VWC2L	3.513
VWC2L-IT1	1.848
VWCE	1.459
VWDE	1.717
VWF	4.88
VWFP1	1.583
Vault	-0.278
WAC	1.503
WAC-AS1	2.908
WAPAL	2.25
WARS	1.401
WARS2	2.631
WARS2-IT1	2.631
WARS2P1	3.857
WAS	0.656
WASF1	2.67
WASF2	1.595
WASF3	3.143
WASF3-AS1	1.296
WASF4P	0.628
WASH2P	0.849
WASH3P	
WASH5P	
WASH7P	
WASL	2.936
WBP1	1.349
WBP11	1.267
WBP11P1	1.788
WBP1L	2.196
WBP1LP1	0.847
WBP1LP2	
WBP2	1.199
WBP2NL	2.252
WBP2P1	2.573
WBP4	1.455
WBP5	0.509
WBSCR16	3.038
WBSCR17	3.646
WBSCR22	4.476
WBSCR27	1.572
WBSCR28	5.239
WDFY1	2.097
WDFY2	2.101
WDFY3	1.886
WDFY3-AS1	-0.522
WDFY3-AS2	2.043
WDFY4	4.702
WDHD1	2.167
WDPCP	4.014
WDR1	1.254
WDR11	1.441
WDR11-AS1	2.476
WDR12	3.086
WDR13	1.218
WDR16	3.588
WDR17	3.03
WDR18	3.163
WDR19	1.975
WDR20	3.575
WDR24	2.112
WDR25	3.187
WDR26	2.137
WDR27	4.941
WDR3	1.201
WDR31	2.584
WDR33	3.442
WDR34	2.428
WDR35	2.066
WDR36	2.19
WDR37	4.197
WDR38	1.475
WDR4	2.808
WDR41	2.448
WDR43	2.576
WDR44	2.46
WDR45	1.167
WDR45B	2.165
WDR46	1.394
WDR47	2.631
WDR48	1.175
WDR49	2.119
WDR5	
WDR52	4.444
WDR52-AS1	4.444
WDR53	2.284
WDR54	1.68
WDR55	1.077
WDR59	4.65
WDR5B	0.364
WDR6	
WDR60	2.469
WDR61	4.851
WDR62	3.101
WDR63	5.148
WDR64	3.51
WDR65	3.11
WDR66	4.077
WDR7	2.159
WDR7-UT1	1.768
WDR70	2.566
WDR72	4.026
WDR73	0.963
WDR74	0.64
WDR75	2.413
WDR76	0.773
WDR77	1.572
WDR78	2.353
WDR81	2.332
WDR82	1.541
WDR82P1	1.092
WDR83	1.535
WDR83OS	0.681
WDR86	2.092
WDR86-AS1	1.184
WDR87	1.148
WDR88	2.624
WDR89	1.662
WDR90	1.765
WDR91	1.542
WDR92	1.684
WDR93	0.922
WDR95P	3.161
WDR96	3.669
WDSUB1	2.446
WDTC1	1.521
WDYHV1	3.015
WEE1	1.859
WEE2	1.361
WEE2-AS1	1.665
WFDC1	3.516
WFDC10A	1.011
WFDC10B	2.055
WFDC11	1.986
WFDC12	1.181
WFDC13	3.713
WFDC2	3.496
WFDC3	2.28
WFDC5	2.063
WFDC6	1.172
WFDC8	1.69
WFDC9	1.515
WFIKKN1	2.045
WFIKKN2	2.439
WFS1	2.387
WHAMM	2.839
WHAMMP3	
WHSC1	1.843
WHSC1L1	1.232
WI2-1896O14.1	
WI2-1959D15.1	
WI2-2221J1.1	
WI2-2994D6.1	
WI2-81516E3.1	6.291
WI2-85898F10.1	2.809
WI2-87327B8.1	1.015
WI2-89031B12.1	1.247
WI2-89927D4.1	
WIBG	1.191
WIF1	1.924
WIPF1	1.41
WIPF2	1.498
WIPF3	3.096
WIPI1	1.574
WIPI2	2.148
WISP1	2.443
WISP1-UT1	
WISP2	2.299
WISP3	2.116
WIZ	2.095
WLS	3.848
WNK1	3.058
WNK2	2.956
WNK3	2.803
WNK4	2.634
WNT1	2.276
WNT10A	3.348
WNT10B	1.243
WNT11	1.846
WNT16	1.012
WNT2	2.326
WNT2B	2.846
WNT3	2.717
WNT3A	1.304
WNT4	2.788
WNT5A	2.767
WNT5B	3.645
WNT6	2.086
WNT7A	5.835
WNT7B	4.734
WNT8A	1.413
WNT8B	1.233
WNT9A	2.336
WNT9B	2.369
WRAP53	1.736
WRAP73	1.798
WRB	2.055
WRBP1	
WRN	1.735
WRNIP1	4.812
WSB1	1.76
WSB2	1.916
WSCD1	2.809
WSCD2	3.061
WT1	2.443
WT1-AS	2.431
WTAP	1.473
WTAPP1	2.442
WTIP	2.922
WWC1	2.674
WWC2	2.635
WWC2-AS1	1.044
WWC2-AS2	0.027
WWC3	2.555
WWC3-AS1	0.895
WWOX	7.186
WWP1	2.655
WWP1P1	2.322
WWP2	1.653
WWTR1	3.803
WWTR1-AS1	1.319
WWTR1-IT1	-0.406
XAB2	1.364
XAF1	2.333
XAGE2B	2.0
XAGE3	2.935
XBP1	2.407
XBP1P1	
XCL1	3.006
XCL2	2.699
XCR1	2.503
XDH	4.509
XG	2.468
XIAP	2.309
XIAP-AS1	1.737
XIRP1	1.937
XIRP2	4.197
XIRP2-AS1	2.719
XIST	1.893
XK	1.317
XKR4	5.52
XKR5	4.968
XKR6	3.605
XKR7	2.856
XKR8	0.88
XKR9	3.294
XKRX	2.287
XPA	1.019
XPC	1.189
XPNPEP1	1.823
XPNPEP2	2.656
XPNPEP3	2.454
XPO1	2.98
XPO4	4.226
XPO5	1.794
XPO6	5.437
XPO7	4.199
XPOT	1.093
XPOTP1	
XPR1	3.279
XRCC1	2.29
XRCC2	2.357
XRCC3	0.853
XRCC4	2.291
XRCC5	2.111
XRCC6	2.432
XRCC6BP1	1.161
XRCC6P1	2.781
XRCC6P2	1.18
XRCC6P3	0.798
XRCC6P4	1.626
XRCC6P5	1.874
XRN1	1.514
XRN2	4.846
XRRA1	2.406
XX-C2158C12.1	3.362
XX-C2158C12.2	2.436
XX-C2158C6.1	
XX-C2158C6.3	
XX-C283C717.1	0.871
XX-CR54.1	2.825
XX-CR54.3	2.228
XX-DJ76P10__A.2	2.093
XX-FW80269A6.1	1.332
XX-FW83128A1.2	1.633
XXYLT1	3.511
XXYLT1-AS1	1.092
XXYLT1-AS2	2.307
XXbac-B135H6.15	2.472
XXbac-B135H6.18	-0.456
XXbac-B33L19.3	
XXbac-B33L19.4	
XXbac-B444P24.10	
XXbac-B444P24.13	
XXbac-B444P24.14	
XXbac-B444P24.8	1.537
XXbac-B461K10.4	2.439
XXbac-B476C20.10	3.676
XXbac-B476C20.13	1.614
XXbac-B476C20.17	3.604
XXbac-B476C20.9	2.882
XXbac-B562F10.11	-0.004
XXbac-BCX196D17.5	1.239
XXbac-BPG13B8.10	2.719
XXbac-BPG154L12.4	1.652
XXbac-BPG157A10.21	1.11
XXbac-BPG181M17.5	3.292
XXbac-BPG181M17.6	-2.301
XXbac-BPG252P9.10	1.722
XXbac-BPG252P9.9	1.072
XXbac-BPG27H4.8	0.559
XXbac-BPG299F13.14	0.246
XXbac-BPG299F13.15	2.263
XXbac-BPG299F13.17	1.411
XXbac-BPG300A18.13	0.586
XXbac-BPG308J9.3	1.887
XXbac-BPG308K3.5	0.956
XXbac-BPG308K3.6	1.188
XXbac-BPG32J3.20	1.119
XXbac-BPG34I8.3	1.562
XXbac-BPG55C20.7	1.285
XXbac-BPGBPG24O18.1	2.115
XXbac-BPGBPG34I8.1	1.499
XXbac-BPGBPG55C20.3	0.76
XXcos-LUCA11.4	
XXcos-LUCA11.5	2.13
XXyac-YM21GA2.1	1.166
XXyac-YM21GA2.6	2.433
XXyac-YR12DB5.1	1.728
XXyac-YR29IB3.1	1.965
XXyac-YRM2039.2	
XXyac-YX155B6.6	
XXyac-YX60D10.1	1.577
XXyac-YX65C7_A.2	2.213
XXyac-YX65C7_A.3	2.016
XXyac-YX65C7_A.4	2.924
XYLB	2.036
XYLT1	4.815
XYLT2	1.578
YAE1D1	1.318
YAF2	1.267
YAP1	1.942
YAP1P1	1.349
YAP1P2	1.137
YARS	1.758
YARS2	2.78
YBEY	2.263
YBX1	1.384
YBX1P1	3.329
YBX1P10	2.474
YBX1P2	1.051
YBX1P3	
YBX1P4	1.887
YBX1P5	0.785
YBX1P6	5.25
YBX1P7	0.382
YBX1P8	0.46
YBX1P9	4.073
YBX2	1.306
YBX3	1.78
YBX3P1	1.317
YDJC	
YEATS2	2.297
YEATS2-AS1	1.123
YEATS4	2.477
YES1	6.366
YIF1A	1.174
YIF1B	0.384
YIPF1	1.583
YIPF2	0.127
YIPF3	0.792
YIPF4	3.411
YIPF5	2.002
YIPF6	1.771
YIPF7	2.534
YJEFN3	2.081
YKT6	1.422
YLPM1	1.778
YME1L1	1.674
YOD1	1.334
YPEL1	2.391
YPEL2	1.349
YPEL3	1.322
YPEL4	1.08
YPEL5	1.425
YRDC	0.653
YRDCP2	1.119
YRDCP3	5.892
YTHDC1	1.587
YTHDC2	3.823
YTHDF1	1.665
YTHDF1P1	0.509
YTHDF2	4.127
YTHDF3	1.414
YTHDF3-AS1	1.657
YWHAB	1.336
YWHAE	2.446
YWHAG	1.229
YWHAH	2.408
YWHAQ	1.649
YWHAQP5	0.397
YWHAQP6	
YWHAQP7	0.724
YWHAQP9	2.367
YWHAZ	1.965
YWHAZP2	3.635
YWHAZP3	1.07
YWHAZP4	1.98
YWHAZP5	3.769
YWHAZP6	1.013
YWHAZP7	1.396
YWHAZP8	1.973
YY1	1.331
YY1AP1	2.122
YY1P1	0.138
YY1P2	1.45
YY2	2.569
Y_RNA	7.255
Z69666.2	2.208
Z69720.2	
Z69890.1	1.364
Z73964.1	1.228
Z73979.1	
Z82188.1	1.056
Z82214.2	1.296
Z82214.3	0.979
Z83001.1	1.473
Z83307.3	0.352
Z83840.1	0.006
Z83844.1	1.674
Z83851.1	3.618
Z83851.3	1.099
Z83851.4	
Z84488.1	0.964
Z84721.4	
Z93241.1	1.151
Z95114.3	3.692
Z95114.4	1.064
Z95114.5	1.309
Z95114.6	
Z95114.7	-0.318
Z95152.1	1.078
Z95400.1	2.304
Z95704.2	-0.132
Z95704.3	1.238
Z95704.4	1.853
Z95704.5	0.974
Z97053.1	2.975
Z97054.1	1.249
Z97055.1	
Z97351.1	0.889
Z97352.1	2.575
Z97632.1	0.591
Z97634.3	1.702
Z98044.1	1.383
Z98049.1	0.138
Z98881.1	-0.053
Z98941.1	
Z98949.1	
Z99756.1	1.481
ZACN	0.528
ZADH2	2.124
ZAN	2.709
ZAP70	0.92
ZAR1	1.509
ZAR1L	1.395
ZBBX	2.109
ZBED1P1	2.432
ZBED2	0.88
ZBED3	2.086
ZBED3-AS1	1.881
ZBED4	2.858
ZBED5	1.56
ZBED5-AS1	2.304
ZBED6	0.967
ZBED6CL	2.717
ZBP1	1.627
ZBTB1	1.153
ZBTB10	2.599
ZBTB11	1.437
ZBTB11-AS1	1.371
ZBTB12	-0.518
ZBTB12P1	2.254
ZBTB14	1.89
ZBTB16	4.06
ZBTB17	1.123
ZBTB18	0.689
ZBTB2	1.846
ZBTB20	5.176
ZBTB20-AS1	1.759
ZBTB20-AS2	3.696
ZBTB20-AS3	1.352
ZBTB20-AS4	-0.318
ZBTB21	2.906
ZBTB22	0.385
ZBTB24	0.87
ZBTB25	5.131
ZBTB26	1.45
ZBTB3	1.116
ZBTB32	1.037
ZBTB33	0.849
ZBTB34	1.439
ZBTB37	1.636
ZBTB38	2.994
ZBTB39	0.362
ZBTB4	2.289
ZBTB40	2.258
ZBTB40-IT1	0.096
ZBTB41	1.667
ZBTB42	2.082
ZBTB43	1.804
ZBTB44	4.49
ZBTB45	0.4
ZBTB46	1.891
ZBTB47	0.746
ZBTB48	0.957
ZBTB49	4.552
ZBTB5	1.266
ZBTB6	1.283
ZBTB7A	1.689
ZBTB7B	1.014
ZBTB7C	3.191
ZBTB8A	2.818
ZBTB8B	2.392
ZBTB8OS	2.744
ZBTB8OSP1	
ZBTB8OSP2	2.275
ZBTB9	1.954
ZC2HC1A	2.804
ZC2HC1B	2.164
ZC2HC1C	1.489
ZC3H10	-0.45
ZC3H11A	1.832
ZC3H11B	2.226
ZC3H12A	1.397
ZC3H12B	1.205
ZC3H12C	3.375
ZC3H12D	1.988
ZC3H13	2.673
ZC3H14	2.236
ZC3H15	1.221
ZC3H18	2.29
ZC3H3	2.865
ZC3H4	1.755
ZC3H6	3.047
ZC3H7A	2.584
ZC3H7B	1.731
ZC3H8	1.069
ZC3HAV1	2.835
ZC3HAV1L	1.837
ZC3HC1	1.752
ZC4H2	0.993
ZCCHC10	1.694
ZCCHC11	2.966
ZCCHC12	1.622
ZCCHC13	1.134
ZCCHC14	3.289
ZCCHC16	2.334
ZCCHC17	3.315
ZCCHC18	1.208
ZCCHC2	3.172
ZCCHC24	2.519
ZCCHC3	2.494
ZCCHC4	4.764
ZCCHC5	1.975
ZCCHC6	3.246
ZCCHC7	3.946
ZCCHC8	1.154
ZCCHC9	1.77
ZCRB1	1.165
ZCWPW1	0.98
ZCWPW2	3.009
ZDBF2	2.27
ZDHHC1	2.32
ZDHHC12	-0.02
ZDHHC13	2.766
ZDHHC14	2.468
ZDHHC15	1.656
ZDHHC16	1.201
ZDHHC17	1.638
ZDHHC18	1.212
ZDHHC19	2.388
ZDHHC2	2.86
ZDHHC20	2.124
ZDHHC20-IT1	0.638
ZDHHC20P1	2.865
ZDHHC20P3	
ZDHHC20P4	2.27
ZDHHC21	3.412
ZDHHC22	1.332
ZDHHC23	2.256
ZDHHC24	1.253
ZDHHC3	2.556
ZDHHC4	1.246
ZDHHC4P1	0.669
ZDHHC5	1.061
ZDHHC6	2.124
ZDHHC7	3.072
ZDHHC8	1.056
ZDHHC8P1	2.058
ZDHHC9	1.599
ZEB1	2.984
ZEB1-AS1	5.075
ZEB2	2.322
ZEB2-AS1	
ZEB2P1	1.753
ZER1	1.144
ZFAND1	4.069
ZFAND2A	1.922
ZFAND2B	1.736
ZFAND3	2.807
ZFAND4	
ZFAND5	1.354
ZFAND6	1.718
ZFAND6P1	-0.201
ZFAS1	1.497
ZFAT	2.148
ZFAT-AS1	1.108
ZFC3H1	2.664
ZFHX2	2.214
ZFHX3	3.084
ZFHX4	2.244
ZFHX4-AS1	3.509
ZFP1	5.284
ZFP14	2.322
ZFP2	2.036
ZFP28	1.709
ZFP3	1.858
ZFP30	2.342
ZFP36	1.009
ZFP36L1	2.395
ZFP36L2	1.161
ZFP37	2.16
ZFP41	1.829
ZFP42	2.135
ZFP57	2.129
ZFP62	2.501
ZFP64	3.265
ZFP64P1	0.956
ZFP69	2.164
ZFP69B	2.168
ZFP82	1.314
ZFP90	2.961
ZFP91	1.309
ZFP91-CNTF	1.405
ZFP92	1.487
ZFPL1	-0.521
ZFPM1	3.052
ZFPM2	4.007
ZFR	2.278
ZFR2	2.551
ZFRP1	1.461
ZFX	4.484
ZFX-AS1	2.727
ZFYVE1	1.469
ZFYVE16	1.844
ZFYVE19	1.269
ZFYVE20	2.759
ZFYVE21	0.931
ZFYVE26	2.698
ZFYVE27	2.026
ZFYVE28	3.453
ZFYVE9	2.457
ZFYVE9P1	2.075
ZFYVE9P2	1.802
ZG16	1.165
ZGLP1	1.516
ZGPAT	1.47
ZHX1	1.65
ZHX1-C8ORF76	1.671
ZHX2	3.814
ZHX3	4.075
ZIC1	2.907
ZIC2	0.883
ZIC3	0.455
ZIC4	0.93
ZIC4-AS1	
ZIC5	2.074
ZIK1	0.569
ZIK1P1	1.776
ZIM2	3.997
ZIM3	1.749
ZKSCAN1	1.798
ZKSCAN2	2.211
ZKSCAN3	1.438
ZKSCAN4	1.846
ZKSCAN5	1.821
ZKSCAN7	1.447
ZKSCAN8	1.461
ZMAT1	1.237
ZMAT3	3.075
ZMAT4	3.279
ZMAT5	1.295
ZMIZ1	6.04
ZMIZ1-AS1	3.914
ZMIZ2	1.112
ZMPSTE24	2.096
ZMYM1	2.866
ZMYM2	2.584
ZMYM3	1.796
ZMYM4	2.934
ZMYM4-AS1	-0.394
ZMYM5	4.081
ZMYM6	3.239
ZMYM6NB	3.239
ZMYND10	1.126
ZMYND10-AS1	1.126
ZMYND11	4.649
ZMYND12	1.201
ZMYND15	3.145
ZMYND19	0.681
ZMYND19P1	1.383
ZMYND8	3.464
ZNF10	1.181
ZNF100	2.838
ZNF101	1.737
ZNF101P1	2.331
ZNF101P2	2.62
ZNF106	5.336
ZNF112	1.967
ZNF114	2.249
ZNF12	2.503
ZNF121	1.71
ZNF123P	1.247
ZNF124	3.282
ZNF131	1.253
ZNF132	0.462
ZNF133	2.281
ZNF134	1.894
ZNF135	3.105
ZNF136	0.787
ZNF137P	1.193
ZNF138	2.829
ZNF14	1.271
ZNF140	0.879
ZNF141	2.694
ZNF142	2.009
ZNF143	2.247
ZNF146	2.204
ZNF148	1.963
ZNF154	0.903
ZNF155	2.44
ZNF157	1.185
ZNF16	3.466
ZNF160	2.095
ZNF165	1.611
ZNF169	1.587
ZNF17	0.809
ZNF174	1.413
ZNF175	1.952
ZNF177	3.479
ZNF18	1.985
ZNF180	5.891
ZNF181	2.152
ZNF182	1.469
ZNF184	0.884
ZNF185	1.94
ZNF189	1.647
ZNF19	2.515
ZNF192P1	1.664
ZNF192P2	1.399
ZNF197	1.612
ZNF197-AS1	0.226
ZNF2	1.627
ZNF20	3.072
ZNF200	1.27
ZNF202	1.267
ZNF204P	0.945
ZNF205	1.141
ZNF205-AS1	0.985
ZNF207	3.334
ZNF208	4.136
ZNF211	2.453
ZNF212	2.123
ZNF213	3.22
ZNF214	1.509
ZNF215	2.124
ZNF217	2.334
ZNF219	2.399
ZNF22	1.852
ZNF221	4.705
ZNF222	0.721
ZNF223	2.588
ZNF224	1.355
ZNF225	1.982
ZNF226	1.04
ZNF227	1.012
ZNF229	1.801
ZNF23	1.025
ZNF230	2.406
ZNF232	1.562
ZNF233	1.492
ZNF234	1.675
ZNF235	2.52
ZNF236	2.721
ZNF239	1.544
ZNF24	1.483
ZNF248	1.894
ZNF25	2.516
ZNF250	1.316
ZNF251	1.657
ZNF252P	3.132
ZNF254	1.953
ZNF256	1.499
ZNF257	1.827
ZNF259	1.564
ZNF259P1	3.978
ZNF260	1.203
ZNF263	1.625
ZNF264	2.931
ZNF266	1.423
ZNF268	1.396
ZNF271	0.897
ZNF274	2.235
ZNF275	1.636
ZNF276	1.664
ZNF277	2.882
ZNF28	1.635
ZNF280A	
ZNF280B	2.716
ZNF280C	2.544
ZNF280D	2.44
ZNF281	2.39
ZNF282	2.588
ZNF283	2.132
ZNF284	2.588
ZNF285	3.634
ZNF285B	1.597
ZNF287	2.194
ZNF292	5.754
ZNF295-AS1	2.202
ZNF296	0.904
ZNF299P	0.965
ZNF3	1.253
ZNF30	2.301
ZNF300	2.978
ZNF300P1	2.257
ZNF302	1.596
ZNF304	1.147
ZNF311	2.498
ZNF316	1.592
ZNF317	3.761
ZNF317P1	1.217
ZNF318	3.305
ZNF319	1.484
ZNF32	1.044
ZNF32-AS1	
ZNF32-AS2	0.84
ZNF32-AS3	1.492
ZNF320	1.136
ZNF324	0.786
ZNF324B	1.084
ZNF326	3.055
ZNF329	1.626
ZNF330	1.63
ZNF331	3.359
ZNF333	1.529
ZNF334	1.247
ZNF335	2.234
ZNF33A	1.914
ZNF33AP1	1.244
ZNF33B	4.091
ZNF33BP1	1.026
ZNF34	1.797
ZNF341	1.521
ZNF343	2.539
ZNF345	2.027
ZNF346	5.257
ZNF346-IT1	-3.661
ZNF347	3.787
ZNF35	0.007
ZNF350	1.356
ZNF354A	4.054
ZNF354B	1.511
ZNF354C	2.609
ZNF358	1.175
ZNF362	2.539
ZNF365	3.82
ZNF366	3.103
ZNF367	2.527
ZNF37A	1.495
ZNF37BP	1.744
ZNF382	0.321
ZNF383	0.994
ZNF384	1.352
ZNF385A	2.898
ZNF385B	4.345
ZNF385C	2.752
ZNF385D	4.802
ZNF385D-AS1	1.546
ZNF385D-AS2	2.323
ZNF391	1.308
ZNF394	1.307
ZNF395	1.987
ZNF396	2.476
ZNF397	2.074
ZNF398	2.119
ZNF404	1.805
ZNF407	4.554
ZNF408	1.527
ZNF41	1.54
ZNF410	1.476
ZNF414	0.727
ZNF415	3.787
ZNF416	0.468
ZNF419	1.571
ZNF420	0.984
ZNF423	2.653
ZNF425	2.886
ZNF426	1.702
ZNF428	1.174
ZNF43	2.294
ZNF432	3.028
ZNF433	2.214
ZNF436	1.501
ZNF438	2.827
ZNF44	2.191
ZNF442	1.855
ZNF443	4.765
ZNF444	1.572
ZNF444P1	-0.281
ZNF445	1.143
ZNF446	0.867
ZNF449	1.379
ZNF45	1.297
ZNF451	0.752
ZNF454	1.924
ZNF460	6.404
ZNF461	
ZNF462	3.227
ZNF467	2.449
ZNF468	1.635
ZNF469	3.343
ZNF470	5.674
ZNF471	2.035
ZNF473	1.853
ZNF474	2.326
ZNF48	2.058
ZNF480	2.135
ZNF483	5.176
ZNF484	1.738
ZNF485	1.951
ZNF487	2.423
ZNF488	3.243
ZNF490	2.108
ZNF496	3.467
ZNF497	1.149
ZNF500	2.131
ZNF501	0.752
ZNF502	1.198
ZNF503	0.354
ZNF503-AS1	1.906
ZNF503-AS2	1.071
ZNF507	3.105
ZNF510	1.636
ZNF511	2.651
ZNF512	1.816
ZNF512B	2.209
ZNF513	0.825
ZNF514	1.747
ZNF516	4.039
ZNF517	2.513
ZNF518A	2.355
ZNF518B	2.438
ZNF519	4.271
ZNF521	2.612
ZNF524	1.339
ZNF525	2.643
ZNF526	1.733
ZNF527	1.764
ZNF528	2.253
ZNF529	1.325
ZNF530	1.283
ZNF532	3.45
ZNF534	2.317
ZNF536	4.624
ZNF540	1.956
ZNF541	2.101
ZNF542	1.804
ZNF543	2.133
ZNF544	2.349
ZNF547	1.861
ZNF548	0.634
ZNF549	1.716
ZNF550	1.716
ZNF551	1.079
ZNF552	1.561
ZNF554	2.476
ZNF555	2.513
ZNF556	2.106
ZNF557	1.504
ZNF558	4.092
ZNF559	3.479
ZNF560	1.289
ZNF561	2.596
ZNF562	2.959
ZNF563	1.537
ZNF564	2.496
ZNF565	2.204
ZNF566	1.542
ZNF567	0.553
ZNF568	2.365
ZNF569	2.166
ZNF57	2.356
ZNF570	2.166
ZNF571	0.569
ZNF571-AS1	0.645
ZNF572	1.232
ZNF573	1.939
ZNF574	1.504
ZNF575	1.586
ZNF576	-0.752
ZNF577	2.629
ZNF578	3.63
ZNF579	2.464
ZNF580	1.947
ZNF581	1.74
ZNF582	1.845
ZNF582-AS1	1.159
ZNF583	1.456
ZNF584	0.743
ZNF585A	2.003
ZNF585B	1.192
ZNF586	1.716
ZNF587P1	1.442
ZNF589	4.158
ZNF592	1.342
ZNF593	0.924
ZNF594	1.51
ZNF595	2.853
ZNF597	1.224
ZNF599	1.053
ZNF600	2.294
ZNF605	1.628
ZNF606	2.027
ZNF607	1.093
ZNF608	3.764
ZNF609	2.54
ZNF610	2.515
ZNF611	1.552
ZNF613	2.204
ZNF614	1.23
ZNF615	1.858
ZNF616	1.554
ZNF618	3.244
ZNF619	1.673
ZNF620	1.753
ZNF621	1.997
ZNF622	
ZNF623	3.896
ZNF624	1.639
ZNF625	0.752
ZNF625-ZNF20	2.567
ZNF627	1.714
ZNF629	1.335
ZNF630	1.469
ZNF638	1.523
ZNF639	1.753
ZNF641	2.21
ZNF644	2.285
ZNF645	-1.387
ZNF646	0.558
ZNF648	2.011
ZNF649	4.817
ZNF652	1.427
ZNF652P1	0.586
ZNF653	5.204
ZNF654	0.56
ZNF655	1.354
ZNF658	
ZNF658B	
ZNF660	1.33
ZNF662	1.326
ZNF663P	3.079
ZNF664	2.502
ZNF665	2.804
ZNF667	1.199
ZNF667-AS1	1.477
ZNF668	0.678
ZNF669	1.649
ZNF670	3.396
ZNF671	0.681
ZNF672	2.55
ZNF674	1.265
ZNF674-AS1	0.489
ZNF677	1.302
ZNF678	1.11
ZNF679	3.721
ZNF682	0.831
ZNF683	2.055
ZNF684	2.637
ZNF687	0.455
ZNF688	
ZNF689	1.107
ZNF691	
ZNF692	2.68
ZNF695	3.396
ZNF696	1.544
ZNF697	2.565
ZNF699	1.163
ZNF7	2.249
ZNF70	1.045
ZNF701	1.104
ZNF702P	2.482
ZNF703	0.459
ZNF704	2.316
ZNF705A	1.866
ZNF705B	
ZNF705G	
ZNF706	1.525
ZNF707	3.387
ZNF709	2.563
ZNF70P1	0.8
ZNF71	2.284
ZNF710	4.306
ZNF711	1.051
ZNF713	1.164
ZNF716	
ZNF718	3.926
ZNF720P1	1.065
ZNF721	2.041
ZNF724P	3.049
ZNF727	3.464
ZNF730	2.382
ZNF732	3.248
ZNF733P	1.741
ZNF734P	2.555
ZNF736	4.383
ZNF74	
ZNF740	2.434
ZNF746	1.989
ZNF747	0.083
ZNF749	1.759
ZNF750	0.888
ZNF75A	1.769
ZNF75D	1.289
ZNF76	2.418
ZNF761	3.024
ZNF764	5.721
ZNF765	2.643
ZNF766	2.354
ZNF767	2.455
ZNF768	0.419
ZNF77	4.301
ZNF770	2.544
ZNF771	1.366
ZNF772	2.004
ZNF773	1.094
ZNF774	1.655
ZNF775	2.158
ZNF776	1.973
ZNF777	1.469
ZNF778	1.948
ZNF780A	1.414
ZNF780B	1.545
ZNF781	1.262
ZNF782	1.979
ZNF783	2.043
ZNF784	1.762
ZNF785	0.564
ZNF786	1.417
ZNF787	2.865
ZNF788	3.072
ZNF789	1.307
ZNF79	1.4
ZNF790	0.8
ZNF791	1.8
ZNF793	1.588
ZNF799	1.469
ZNF8	1.645
ZNF80	1.045
ZNF800	3.357
ZNF804A	3.931
ZNF804B	3.539
ZNF805	1.72
ZNF807	2.659
ZNF808	1.051
ZNF81	1.516
ZNF812	2.983
ZNF813	2.621
ZNF815P	1.921
ZNF818P	0.634
ZNF821	1.002
ZNF826P	2.22
ZNF827	1.968
ZNF829	2.027
ZNF83	1.157
ZNF830	1.296
ZNF831	4.32
ZNF835	2.232
ZNF836	1.743
ZNF837	2.747
ZNF839	1.96
ZNF840	2.434
ZNF841	3.028
ZNF843	1.174
ZNF844	3.249
ZNF845	1.887
ZNF846	1.681
ZNF847P	1.078
ZNF850	1.383
ZNF852	1.227
ZNF853	2.484
ZNF859P	1.646
ZNF860	2.642
ZNF862	1.989
ZNF863P	1.513
ZNF865	1.509
ZNF876P	1.779
ZNF877P	2.438
ZNF878	2.85
ZNF879	1.894
ZNF880	1.547
ZNF883	2.113
ZNF888	1.432
ZNF890P	4.769
ZNF891	1.341
ZNF90	2.886
ZNF90P1	-0.048
ZNF90P2	2.714
ZNF90P3	1.729
ZNF91	3.208
ZNF92	2.488
ZNF92P2	1.273
ZNF969P	
ZNF98	3.433
ZNFX1	1.347
ZNHIT1	2.085
ZNHIT2	-0.547
ZNHIT3	2.26
ZNHIT6	1.812
ZNRD1	1.795
ZNRD1-AS1	1.572
ZNRF1	3.24
ZNRF2	1.832
ZNRF2P2	2.735
ZNRF3	4.229
ZNRF3-AS1	1.487
ZNRF3-IT1	3.32
ZNRF4	4.351
ZP1	1.606
ZP2	1.663
ZP3	1.669
ZP4	2.984
ZPBP	2.541
ZPBP2	1.185
ZPLD1	2.913
ZRANB1	1.062
ZRANB2	1.426
ZRANB2-AS1	1.965
ZRANB2-AS2	3.59
ZRANB3	5.718
ZRSR1	1.066
ZRSR2	1.417
ZSCAN1	1.159
ZSCAN10	1.502
ZSCAN12	1.098
ZSCAN12P1	1.226
ZSCAN16	1.549
ZSCAN16-AS1	1.549
ZSCAN18	3.105
ZSCAN2	1.496
ZSCAN20	1.711
ZSCAN21	0.943
ZSCAN22	3.673
ZSCAN23	1.116
ZSCAN25	0.899
ZSCAN29	1.666
ZSCAN30	2.034
ZSCAN31	2.311
ZSCAN32	1.773
ZSCAN4	1.323
ZSCAN5A	3.406
ZSCAN5B	3.488
ZSCAN5C	3.02
ZSCAN5D	2.17
ZSCAN9	1.331
ZSWIM1	1.579
ZSWIM2	2.253
ZSWIM3	1.371
ZSWIM4	2.434
ZSWIM5	5.467
ZSWIM5P3	1.232
ZSWIM6	3.02
ZSWIM7	2.618
ZSWIM8	1.78
ZSWIM8-AS1	1.78
ZUFSP	1.737
ZW10	1.688
ZWILCH	1.053
ZWINT	2.596
ZXDA	1.587
ZXDB	
ZXDC	2.735
ZYG11A	1.904
ZYG11AP1	0.792
ZYG11B	1.809
ZYX	1.889
ZZEF1	2.371
ZZZ3	3.699
hsa-mir-1199	1.551
hsa-mir-1253	
hsa-mir-125a	2.112
hsa-mir-150	1.551
hsa-mir-3149	2.618
hsa-mir-335	
hsa-mir-466	4.78
hsa-mir-490	2.698
hsa-mir-5571	
hsa-mir-7162	0.828
hsa-mir-7515	4.629
hsa-mir-8072	1.192
hsa-mir-892c	0.797
snR65	1.907
snoMBII-202	2.251
snoMe28S-Am2634	1.497
snoR26	2.174
snoR442	-0.129
snoU109	0.703
snoU13	6.169
snoU2-30	
snoU2_19	1.869
snoU83B	1.226
snoZ13_snr52	1.71
snoZ178	2.193
snoZ185	0.222
snoZ247	3.683
snoZ40	3.602
snoZ6	1.634
snosnR60_Z15	4.269
snosnR66	1.606
yR211F11.2	1.84
