gene_name	DRC150
7SK	0.00189108
A1CF	0.00178619
A2M	0.00170368
A2ML1	0.00167915
A2ML1-AS1	0.00160085
A4GALT	0.00154975
AACS	0.00140482
AACSP1	0.00150396
AADAC	0.00143936
AADACL2	0.00148469
AADACL3	0.0011197
AADACL4	0.00120015
AADAT	0.00244785
AAK1	0.00165699
AARD	0.00243706
AARS	0.00253723
AASDH	0.00226787
AATF	0.00109003
AATK	0.00160776
AATK-AS1	0.00160879
AB015752.3	0.00173793
ABAT	0.00153559
ABCA1	0.00223764
ABCA10	0.000805517
ABCA12	0.00178018
ABCA13	0.0020354
ABCA17P	0.00166536
ABCA2	0.00115651
ABCA3	0.00167177
ABCA4	0.00183287
ABCA5	0.000852581
ABCA6	0.000804889
ABCA8	0.0011496
ABCA9	0.000807353
ABCB1	0.00134335
ABCB11	0.00167901
ABCB4	0.00131464
ABCB5	0.00143853
ABCB8	0.00222493
ABCB9	0.00363985
ABCC1	0.00139307
ABCC11	0.00111162
ABCC12	0.00109631
ABCC13	0.00162193
ABCC2	0.00174168
ABCC3	0.0015877
ABCC4	0.00203911
ABCC5	0.0026799
ABCC6	0.00103631
ABCC8	0.0012398
ABCC9	0.0030175
ABCD1P4	0.00149721
ABCD4	0.00264775
ABCF2	0.00174076
ABCF2P1	0.00180055
ABCG1	0.00172226
ABCG2	0.00315424
ABCG5	0.00198056
ABCG8	0.00193177
ABHD10	0.00218963
ABHD12	0.00225899
ABHD12B	0.00114716
ABHD13	0.00145929
ABHD15	0.00207676
ABHD16B	0.0027516
ABHD17A	0.00182598
ABHD17AP5	0.00251025
ABHD17AP6	0.00150742
ABHD17B	0.000940028
ABHD17C	0.00139046
ABHD2	0.00149488
ABHD3	0.00183465
ABHD4	0.0015222
ABHD5	0.00131753
ABHD6	0.00235814
ABI1	0.00226044
ABI2	0.00163203
ABI3	0.00196326
ABI3BP	0.0021919
ABL1	0.00131205
ABL2	0.00168924
ABLIM1	0.00219191
ABLIM2	0.00163015
ABLIM3	0.00097037
ABO	0.00305319
ABR	0.0021221
ABRA	0.00207099
ABRACL	0.00335029
ABTB2	0.00134372
AC000067.1	0.000991543
AC000077.2	0.00107987
AC000099.1	0.00172869
AC000111.6	0.00176086
AC000370.2	0.00162954
AC002064.5	0.00259909
AC002066.1	0.00106983
AC002069.5	0.00204826
AC002069.6	0.00176438
AC002115.5	0.00149985
AC002116.7	0.00204151
AC002127.4	0.0022562
AC002331.1	0.00190644
AC002383.2	0.00196533
AC002386.1	0.00163927
AC002401.1	0.00116687
AC002451.3	0.00170621
AC002454.1	0.00133774
AC002463.3	0.00176477
AC002472.11	0.00185595
AC002472.13	0.00193914
AC002480.2	0.00227697
AC002480.5	0.00216924
AC002485.1	0.00224317
AC002486.2	0.00155108
AC002511.1	0.00127652
AC002539.1	0.00118627
AC002539.2	0.00113185
AC002985.3	0.00125627
AC003002.4	0.00229815
AC003005.4	0.00206501
AC003006.7	0.00199591
AC003043.1	0.00263115
AC003051.1	0.00111417
AC003075.4	0.00147369
AC003084.2	0.0021785
AC003088.1	0.00219292
AC003090.1	0.00276837
AC003092.1	0.00108752
AC003092.2	0.00106301
AC003101.1	0.00214729
AC003102.3	0.00270011
AC003664.1	0.00150549
AC003958.2	0.001824
AC003968.1	0.00163924
AC003985.1	0.00165091
AC003986.5	0.00109163
AC003988.1	0.00120979
AC003991.3	0.00154215
AC004006.2	0.00119581
AC004009.3	0.00253798
AC004014.3	0.00175887
AC004014.4	0.00173371
AC004041.2	0.00313762
AC004053.1	0.00236567
AC004062.2	0.00182934
AC004063.1	0.0023288
AC004066.3	0.00153328
AC004076.9	0.00229881
AC004125.3	0.00137712
AC004129.7	0.0019556
AC004158.2	0.00258564
AC004158.3	0.00258564
AC004159.1	0.00107709
AC004381.6	0.001803
AC004458.1	0.00149857
AC004463.6	0.00118984
AC004485.3	0.00209468
AC004510.3	0.00150604
AC004520.1	0.00282161
AC004528.1	0.00193868
AC004535.2	0.00201394
AC004538.3	0.00169491
AC004540.5	0.00277323
AC004543.2	0.001116
AC004562.1	0.00110903
AC004593.3	0.00145657
AC004609.1	0.00139294
AC004702.2	0.00145202
AC004744.3	0.00101923
AC004745.1	0.00120058
AC004824.2	0.00147739
AC004840.9	0.00185346
AC004854.4	0.000982517
AC004854.5	0.00109518
AC004862.6	0.001179
AC004866.1	0.00106865
AC004866.3	0.00101331
AC004869.2	0.00118632
AC004869.3	0.00112448
AC004870.3	0.00124066
AC004870.4	0.00114619
AC004875.1	0.00155261
AC004899.3	0.00217794
AC004901.1	0.00116612
AC004906.3	0.00137053
AC004911.2	0.00111353
AC004920.3	0.00133495
AC004941.3	0.00125622
AC004941.5	0.00123169
AC004947.2	0.00277886
AC004967.7	0.00168666
AC004980.7	0.00189389
AC004987.9	0.00172459
AC005008.2	0.00102757
AC005013.1	0.00167228
AC005013.5	0.00145512
AC005014.5	0.00172887
AC005017.2	0.00149183
AC005019.2	0.00152209
AC005019.3	0.00154445
AC005022.1	0.00202254
AC005027.3	0.000994301
AC005029.1	0.00175444
AC005034.2	0.00171328
AC005040.3	0.0016726
AC005042.4	0.00170975
AC005042.5	0.00163676
AC005062.2	0.00152357
AC005083.1	0.00172224
AC005094.2	0.00218782
AC005150.1	0.00192602
AC005152.2	0.00122118
AC005152.3	0.00124096
AC005154.6	0.00164242
AC005176.3	0.00186539
AC005178.1	0.00256611
AC005195.1	0.00266735
AC005229.5	0.00111375
AC005235.1	0.00163112
AC005237.4	0.0014354
AC005255.5	0.00150867
AC005256.1	0.00104203
AC005264.2	0.00082357
AC005276.1	0.00157326
AC005281.1	0.00203377
AC005281.2	0.00197001
AC005284.1	0.00115088
AC005301.8	0.00126886
AC005307.1	0.0021182
AC005307.3	0.00213947
AC005324.6	0.00245662
AC005355.1	0.00175879
AC005355.2	0.00186284
AC005358.1	0.00159759
AC005358.3	0.00119347
AC005394.1	0.00213947
AC005487.2	0.00205263
AC005523.2	0.00145947
AC005532.5	0.00187939
AC005534.6	0.00168964
AC005537.2	0.00110671
AC005540.3	0.00388164
AC005549.3	0.00109182
AC005550.4	0.00203984
AC005592.1	0.00129784
AC005592.2	0.0014054
AC005592.3	0.0013263
AC005597.1	0.000886591
AC005609.2	0.00303766
AC005616.1	0.00213947
AC005621.1	0.0014784
AC005682.6	0.00257385
AC005722.4	0.00134733
AC005740.4	0.000922485
AC005740.5	0.0011583
AC005741.2	0.00438645
AC005772.2	0.00187895
AC005775.2	0.0010516
AC005776.1	0.00112226
AC005779.2	0.00131347
AC005780.1	0.0021347
AC005783.1	0.00144597
AC005786.7	0.00256095
AC005794.1	0.00170582
AC005808.3	0.00113993
AC005863.1	0.00118525
AC005863.2	0.00129434
AC005932.1	0.00122606
AC006004.1	0.00117804
AC006007.1	0.00104838
AC006024.4	0.0021522
AC006033.22	0.00195716
AC006037.2	0.00173711
AC006041.1	0.00206565
AC006042.6	0.00230351
AC006042.7	0.00205223
AC006045.3	0.00165447
AC006076.1	0.00140443
AC006080.1	0.0010807
AC006115.3	0.00127735
AC006116.17	0.0010202
AC006116.20	0.00108224
AC006126.3	0.00131347
AC006130.3	0.00114667
AC006145.1	0.001143
AC006150.1	0.00174289
AC006153.3	0.00256515
AC006159.3	0.00103997
AC006160.4	0.00179972
AC006196.1	0.00132438
AC006227.1	0.00162528
AC006272.1	0.00188695
AC006273.4	0.00140581
AC006273.5	0.0013779
AC006277.2	0.00103206
AC006296.1	0.00151534
AC006296.2	0.00138503
AC006322.1	0.00182277
AC006369.2	0.0021659
AC006369.3	0.00232102
AC006372.4	0.0016113
AC006372.6	0.00168187
AC006373.1	0.00286126
AC006378.2	0.000813676
AC006380.1	0.00186383
AC006380.3	0.00207894
AC006390.4	0.00198862
AC006458.3	0.00179737
AC006460.2	0.00343849
AC006466.5	0.0018605
AC006480.1	0.00265467
AC006481.1	0.00140927
AC006482.1	0.00163623
AC006499.1	0.00157289
AC006499.6	0.00154639
AC006547.14	0.00140827
AC006552.1	0.00189285
AC006926.1	0.00245717
AC006946.16	0.00189987
AC006960.7	0.000855103
AC006967.1	0.00167252
AC007036.5	0.00144016
AC007036.6	0.00144065
AC007040.11	0.00192826
AC007040.7	0.00186299
AC007040.8	0.00195445
AC007050.18	0.00118211
AC007064.22	0.00143081
AC007091.1	0.00127008
AC007092.1	0.00237255
AC007099.2	0.00149083
AC007106.1	0.00196607
AC007115.3	0.0015504
AC007128.1	0.0023161
AC007131.1	0.00201306
AC007131.2	0.00202221
AC007161.5	0.0024412
AC007163.3	0.00144475
AC007163.6	0.00146202
AC007182.6	0.0021721
AC007193.10	0.0012909
AC007193.6	0.00101725
AC007204.2	0.00135648
AC007228.11	0.00113662
AC007228.5	0.00127905
AC007246.3	0.00185714
AC007248.6	0.00263529
AC007249.3	0.00209713
AC007251.2	0.00195504
AC007255.8	0.00286681
AC007276.5	0.00244628
AC007277.3	0.00216658
AC007292.1	0.000997241
AC007292.4	0.000997241
AC007316.3	0.00136915
AC007317.1	0.0012382
AC007319.1	0.00288078
AC007349.4	0.00151759
AC007358.1	0.00129778
AC007364.1	0.00210115
AC007365.1	0.00143103
AC007365.2	0.00136046
AC007365.3	0.00142989
AC007381.2	0.00163782
AC007381.3	0.00214171
AC007386.2	0.00102492
AC007386.3	0.00105416
AC007387.2	0.00142374
AC007389.3	0.00108816
AC007392.3	0.0015769
AC007403.2	0.00153699
AC007403.3	0.00187041
AC007405.4	0.00149307
AC007422.1	0.00174982
AC007431.1	0.00139591
AC007435.1	0.00141664
AC007461.2	0.00121816
AC007463.2	0.00297082
AC007464.1	0.00303521
AC007556.3	0.00120486
AC007563.5	0.00140035
AC007566.11	0.00192155
AC007568.1	0.00208372
AC007631.1	0.00126404
AC007652.1	0.00169074
AC007679.1	0.00139987
AC007682.1	0.0018784
AC007740.1	0.00142114
AC007743.1	0.00147644
AC007795.1	0.00231462
AC007879.1	0.00134105
AC007879.5	0.00146672
AC007879.7	0.00135331
AC007880.1	0.00112564
AC007881.4	0.00198214
AC007948.1	0.00121143
AC007950.1	0.00197805
AC007970.1	0.00158766
AC008060.5	0.00106598
AC008060.7	0.00178676
AC008060.8	0.00130333
AC008063.3	0.00120734
AC008067.2	0.00200515
AC008069.1	0.00128239
AC008069.2	0.00120445
AC008072.1	0.00160655
AC008074.3	0.00146701
AC008074.4	0.00148625
AC008085.1	0.000765323
AC008154.4	0.00177638
AC008154.5	0.00186479
AC008155.1	0.00125651
AC008155.2	0.00127846
AC008163.6	0.00099523
AC008173.1	0.00167517
AC008269.2	0.00172947
AC008271.1	0.00245624
AC008278.2	0.00185279
AC008278.3	0.00180705
AC008281.1	0.00139174
AC008391.1	0.00134174
AC008394.1	0.00126486
AC008397.1	0.00161096
AC008410.1	0.00121378
AC008565.1	0.00142698
AC008592.4	0.00124078
AC008592.5	0.0012283
AC008686.1	0.00147452
AC008691.1	0.00075554
AC008694.2	0.00160508
AC008697.1	0.00133373
AC008703.1	0.00115255
AC008703.2	0.000901166
AC008746.10	0.000891336
AC008746.3	0.00103249
AC008753.4	0.00185261
AC008753.6	0.00156579
AC008780.1	0.00109539
AC008834.1	0.00197621
AC008834.2	0.00183321
AC008836.1	0.00152466
AC008938.1	0.00173141
AC008940.1	0.00131755
AC008984.2	0.0018661
AC008984.6	0.00133851
AC008984.7	0.00178311
AC008992.1	0.000797029
AC009005.2	0.00127786
AC009009.1	0.00125084
AC009035.1	0.00192169
AC009080.1	0.00088799
AC009110.1	0.00147218
AC009120.4	0.00203272
AC009133.12	0.00198333
AC009133.20	0.00198333
AC009134.1	0.0014035
AC009158.1	0.00137263
AC009159.1	0.00154315
AC009161.1	0.00101927
AC009227.2	0.00138107
AC009227.3	0.00135822
AC009229.5	0.00304979
AC009229.6	0.00324261
AC009236.1	0.0014219
AC009262.2	0.00179298
AC009276.4	0.00195705
AC009299.2	0.001243
AC009299.3	0.001243
AC009302.2	0.00136707
AC009302.4	0.00108935
AC009303.1	0.00201232
AC009310.1	0.00192771
AC009312.1	0.00245448
AC009313.1	0.0012586
AC009313.2	0.00131155
AC009365.3	0.00172253
AC009365.4	0.00169303
AC009403.2	0.000982983
AC009410.1	0.00115965
AC009414.1	0.0016208
AC009469.1	0.00143829
AC009474.1	0.00157677
AC009474.2	0.00152992
AC009478.1	0.00141177
AC009492.1	0.00152979
AC009498.1	0.00155157
AC009499.1	0.00183067
AC009500.2	0.00143301
AC009502.4	0.00109632
AC009505.4	0.00188971
AC009508.1	0.00251423
AC009518.4	0.000828455
AC009518.8	0.0016255
AC009531.2	0.00174854
AC009541.1	0.00082973
AC009695.1	0.00135141
AC009784.3	0.00114562
AC009802.1	0.00233192
AC009835.1	0.00146026
AC009878.2	0.00259646
AC009941.1	0.00149555
AC009945.4	0.00234087
AC009950.2	0.00196014
AC009951.1	0.00142703
AC009961.2	0.00128521
AC009961.3	0.00128521
AC009963.4	0.00167373
AC009965.1	0.00146816
AC009965.2	0.00153985
AC009969.1	0.00160047
AC009997.1	0.00144635
AC010090.1	0.00150179
AC010091.1	0.000799517
AC010092.1	0.00163119
AC010096.1	0.00164038
AC010096.2	0.00165853
AC010105.1	0.00207428
AC010127.3	0.00258328
AC010132.10	0.00107012
AC010136.2	0.0019377
AC010145.4	0.00140989
AC010146.1	0.0193329
AC010146.2	0.0194691
AC010148.1	0.00113294
AC010149.4	0.00194524
AC010207.1	0.00183879
AC010209.1	0.00189728
AC010226.4	0.00178958
AC010376.1	0.00119635
AC010423.1	0.00207896
AC010441.1	0.00201283
AC010455.1	0.00193539
AC010468.1	0.00124503
AC010468.3	0.00120829
AC010492.5	0.00156305
AC010543.1	0.00101084
AC010546.1	0.00144978
AC010547.9	0.00370013
AC010595.1	0.00295103
AC010641.1	0.00199926
AC010642.1	0.00179921
AC010642.2	0.00163253
AC010649.1	0.00170549
AC010677.5	0.00282951
AC010729.1	0.00220081
AC010729.2	0.00238938
AC010729.3	0.00296618
AC010739.1	0.0018909
AC010744.1	0.00132344
AC010745.2	0.00168078
AC010745.4	0.00152434
AC010878.3	0.00230057
AC010880.1	0.00188417
AC010887.1	0.00154458
AC010894.3	0.00121693
AC010894.5	0.00118802
AC010904.1	0.000662633
AC010930.1	0.00143213
AC010967.2	0.002911
AC010971.1	0.00192369
AC010980.2	0.000809452
AC010982.1	0.00285067
AC010982.2	0.00280597
AC010983.1	0.00138846
AC010987.5	0.00170662
AC010987.6	0.00168318
AC011073.1	0.00149612
AC011193.1	0.00130671
AC011225.1	0.00105053
AC011233.2	0.00127959
AC011239.1	0.00179253
AC011286.1	0.00152549
AC011288.2	0.00197534
AC011290.4	0.00185546
AC011294.3	0.00143626
AC011306.2	0.00167893
AC011322.1	0.00127671
AC011343.1	0.000851354
AC011410.1	0.00197339
AC011416.1	0.00111933
AC011431.2	0.00118408
AC011484.1	0.00170129
AC011499.1	0.00142829
AC011513.4	0.00162248
AC011515.2	0.0013073
AC011516.2	0.00232442
AC011518.1	0.000694091
AC011518.2	0.00073
AC011523.2	0.00117919
AC011524.1	0.00228611
AC011525.2	0.000660234
AC011525.4	0.000660234
AC011526.1	0.00182083
AC011551.3	0.00176838
AC011625.1	0.0018538
AC011648.1	0.00125551
AC011738.4	0.00163604
AC011747.3	0.00170913
AC011747.4	0.00137972
AC011747.6	0.00128161
AC011747.7	0.00101689
AC011752.1	0.00147648
AC011753.6	0.0019409
AC011754.1	0.000942993
AC011891.5	0.00195824
AC011897.1	0.00186209
AC011897.2	0.00186858
AC011899.9	0.0016427
AC011901.2	0.00149201
AC011995.1	0.00177284
AC011995.3	0.00189139
AC011998.1	0.00236078
AC012065.4	0.00129419
AC012065.7	0.00162082
AC012074.2	0.00141109
AC012075.1	0.00266863
AC012150.1	0.00240984
AC012181.1	0.00213411
AC012314.8	0.000939504
AC012317.1	0.0018646
AC012322.1	0.00126783
AC012354.6	0.00199531
AC012354.8	0.00185501
AC012360.1	0.00132855
AC012360.6	0.00128914
AC012361.1	0.00169903
AC012363.13	0.00123822
AC012391.1	0.00120455
AC012445.1	0.000810381
AC012451.1	0.00189934
AC012462.2	0.00188573
AC012493.1	0.00206244
AC012493.2	0.00219162
AC012494.1	0.0016445
AC012497.2	0.00200822
AC012499.1	0.0022277
AC012501.1	0.00168994
AC012501.2	0.00198166
AC012506.1	0.00181993
AC012506.3	0.00189422
AC012507.3	0.00123819
AC012512.1	0.00228262
AC012593.1	0.0013276
AC012613.2	0.00105081
AC012668.1	0.00181592
AC012668.2	0.00179143
AC012668.3	0.00179143
AC012671.1	0.00120063
AC013248.2	0.00104829
AC013275.2	0.00161275
AC013399.3	0.00161661
AC013401.1	0.00117241
AC013402.2	0.00118882
AC013402.3	0.00136137
AC013402.5	0.0012569
AC013404.1	0.00169827
AC013406.1	0.00124231
AC013410.1	0.0010864
AC013410.2	0.0011547
AC013439.4	0.00177117
AC013442.1	0.00116985
AC013444.1	0.00154911
AC013448.1	0.00157249
AC013448.2	0.0016423
AC013460.1	0.00101742
AC013463.2	0.0018963
AC013558.1	0.00158789
AC013727.1	0.00211434
AC013727.2	0.00192339
AC015691.13	0.00195918
AC015815.5	0.00108254
AC015820.1	0.00149411
AC015871.1	0.00229405
AC015884.1	0.00131183
AC015977.6	0.00191763
AC015987.1	0.00135707
AC016113.1	0.00131588
AC016405.1	0.00115826
AC016575.1	0.000871201
AC016682.1	0.00170756
AC016683.6	0.00246047
AC016696.1	0.00163535
AC016697.6	0.00205722
AC016706.1	0.00162298
AC016712.2	0.00194854
AC016722.1	0.00171263
AC016722.2	0.00172783
AC016722.4	0.00179541
AC016723.4	0.00131466
AC016725.4	0.0376375
AC016735.1	0.00160114
AC016735.2	0.00173766
AC016735.3	0.00185103
AC016737.1	0.00140474
AC016738.3	0.00125937
AC016739.1	0.00127537
AC016751.3	0.0013988
AC016757.3	0.00182716
AC016768.1	0.0018825
AC016831.5	0.000867382
AC016831.7	0.000971845
AC016903.2	0.00103378
AC016907.3	0.00206399
AC016910.1	0.00147873
AC016912.3	0.00187081
AC016970.1	0.00270301
AC016995.3	0.00296182
AC017002.1	0.00145357
AC017002.4	0.00164537
AC017048.1	0.00171234
AC017048.2	0.00172778
AC017048.3	0.00211742
AC017053.1	0.00227045
AC017060.1	0.00156677
AC017074.2	0.00311255
AC017076.5	0.00133112
AC017081.1	0.00155314
AC017101.10	0.00326843
AC017104.2	0.00173245
AC018359.1	0.00144786
AC018450.1	0.00131987
AC018462.2	0.00130383
AC018464.3	0.00178469
AC018470.4	0.0012158
AC018495.3	0.00176798
AC018618.1	0.00246463
AC018641.7	0.00192144
AC018685.1	0.00163247
AC018685.2	0.0016732
AC018717.1	0.00107342
AC018730.1	0.00132066
AC018731.3	0.00238462
AC018737.3	0.00146994
AC018755.1	0.00115111
AC018767.1	0.00134993
AC018799.1	0.00149792
AC018804.7	0.00111852
AC018816.3	0.00160776
AC018866.1	0.00131079
AC018880.2	0.0022027
AC018890.6	0.00145667
AC019048.1	0.000542233
AC019050.1	0.00180698
AC019055.1	0.00153671
AC019100.3	0.00191972
AC019109.1	0.00172664
AC019117.1	0.00145421
AC019118.2	0.00259673
AC019118.3	0.00159237
AC019118.4	0.00153862
AC019129.1	0.00195834
AC019172.2	0.000957992
AC019185.4	0.0018283
AC019186.1	0.00242262
AC019221.4	0.00136117
AC019330.1	0.00118615
AC019349.5	0.00187603
AC020595.1	0.0016961
AC020601.1	0.00605242
AC020626.1	0.0019231
AC020703.1	0.00166882
AC020743.3	0.00190238
AC020743.4	0.00175807
AC020907.1	0.00128772
AC020915.2	0.00173592
AC020922.1	0.00167633
AC020952.1	0.000689367
AC021016.8	0.00187957
AC021021.1	0.00149416
AC021021.2	0.00182615
AC021218.2	0.00172656
AC021613.1	0.00132723
AC021660.1	0.00229313
AC021818.1	0.00105268
AC022120.1	0.00156499
AC022153.1	0.00168856
AC022182.1	0.00140304
AC022182.3	0.00140508
AC022201.4	0.00184728
AC022311.1	0.0015236
AC022431.2	0.00130838
AC022716.1	0.00133594
AC022816.2	0.000853061
AC022909.1	0.00140694
AC023050.1	0.0029374
AC023115.1	0.00199055
AC023115.2	0.00199055
AC023347.1	0.00150683
AC023449.2	0.00173118
AC023469.1	0.0024033
AC023469.2	0.00240547
AC023481.1	0.00103701
AC023590.1	0.00209848
AC023669.1	0.00103951
AC023669.2	0.00112635
AC023672.1	0.00184773
AC023672.2	0.00172956
AC024028.1	0.0016725
AC024084.1	0.00117245
AC024132.1	0.00226131
AC024158.1	0.00119445
AC024198.1	0.00157079
AC024560.3	0.00142723
AC024590.1	0.00197424
AC024592.12	0.00117001
AC024592.9	0.0014215
AC024704.2	0.00304352
AC026167.1	0.00144758
AC026188.1	0.00174887
AC026202.3	0.00138623
AC026202.5	0.00166075
AC026271.5	0.00315358
AC026310.1	0.00132501
AC026320.1	0.00146806
AC026357.1	0.00462229
AC026703.1	0.00226517
AC026781.1	0.00121044
AC026797.1	0.00133264
AC027119.1	0.00167898
AC027124.2	0.00193676
AC027238.1	0.00180687
AC027269.2	0.00100433
AC027307.2	0.00120756
AC027309.1	0.00149253
AC027319.1	0.0014955
AC027612.4	0.0013058
AC027763.2	0.00247465
AC027806.1	0.00144467
AC034110.1	0.00153698
AC034187.2	0.00120891
AC034228.2	0.00473755
AC040163.1	0.00165805
AC046143.6	0.00198614
AC053503.11	0.00152679
AC055736.1	0.00261117
AC055873.1	0.00127704
AC060834.2	0.00251781
AC060834.3	0.00262207
AC061961.2	0.0011522
AC061992.2	0.00113254
AC062016.1	0.00242183
AC062016.3	0.002512
AC062017.1	0.00143586
AC062020.1	0.00128116
AC062020.2	0.00144521
AC062021.1	0.0019446
AC062028.1	0.00157114
AC062031.1	0.00136158
AC062032.1	0.00108376
AC063976.2	0.00452216
AC064834.1	0.00121347
AC064834.3	0.00119614
AC064853.3	0.00138449
AC064865.1	0.00166985
AC064875.2	0.0014017
AC067945.4	0.00512092
AC067956.1	0.00133068
AC067957.1	0.00220308
AC067959.1	0.00180827
AC067960.1	0.00144471
AC067961.1	0.00124884
AC068042.1	0.00147126
AC068057.1	0.00124965
AC068057.2	0.00130424
AC068135.1	0.00139064
AC068138.1	0.00175836
AC068286.1	0.00194844
AC068292.1	0.00137174
AC068483.1	0.00250897
AC068489.1	0.00154344
AC068490.2	0.0014723
AC068492.1	0.0336597
AC068535.5	0.0012329
AC068542.2	0.0018772
AC068570.1	0.00153588
AC068580.7	0.00134901
AC068610.5	0.00131095
AC068706.1	0.00126844
AC068718.1	0.0026526
AC068831.10	0.00279491
AC068858.1	0.00117337
AC068987.1	0.00158235
AC069067.1	0.00158029
AC069082.1	0.00122815
AC069154.4	0.00129613
AC069155.1	0.00125474
AC069240.1	0.00178857
AC069243.1	0.000834279
AC069277.2	0.00117007
AC069280.1	0.00142587
AC069368.3	0.00171147
AC069394.1	0.00400402
AC072061.2	0.00172459
AC072062.1	0.0015458
AC072062.3	0.0015706
AC073052.1	0.00164938
AC073055.2	0.00103818
AC073065.3	0.000920032
AC073071.1	0.00174915
AC073072.6	0.00240731
AC073072.7	0.00252893
AC073091.2	0.00201141
AC073094.4	0.00219012
AC073109.2	0.0014417
AC073115.6	0.00122188
AC073115.7	0.00115257
AC073130.3	0.00105856
AC073133.1	0.00245192
AC073133.2	0.00235987
AC073143.1	0.00147922
AC073150.6	0.00245779
AC073218.1	0.00155984
AC073218.2	0.00124869
AC073236.3	0.00128053
AC073254.1	0.00125336
AC073255.1	0.00218645
AC073257.1	0.00208384
AC073257.2	0.00245393
AC073283.4	0.00179995
AC073284.4	0.00202294
AC073316.1	0.00165199
AC073316.2	0.00168146
AC073321.3	0.00176918
AC073321.4	0.00157289
AC073325.1	0.00125951
AC073331.2	0.00112445
AC073333.8	0.0016827
AC073342.12	0.000982865
AC073343.13	0.00141236
AC073387.2	0.00177854
AC073409.1	0.00130763
AC073465.1	0.00149004
AC073465.2	0.000996719
AC073479.1	0.00309044
AC073551.1	0.00135306
AC073610.5	0.00234573
AC073621.2	0.00253256
AC073628.1	0.00167396
AC073636.1	0.00216697
AC073850.6	0.00102057
AC073869.19	0.00104005
AC073900.4	0.00114004
AC073928.2	0.00221848
AC073958.2	0.00181916
AC073987.1	0.00214924
AC073987.2	0.00217065
AC074019.1	0.00104968
AC074019.2	0.00122014
AC074121.4	0.00167589
AC074286.1	0.00197503
AC074289.1	0.00155093
AC074290.1	0.00132367
AC074323.1	0.00160774
AC074363.1	0.00216218
AC074389.1	0.00263058
AC074389.5	0.00310273
AC074391.1	0.00132705
AC078828.1	0.00233715
AC078851.2	0.00203891
AC078864.2	0.00157754
AC078882.1	0.00157903
AC078941.1	0.00199055
AC078974.2	0.00125994
AC078994.2	0.00255845
AC079112.1	0.00200063
AC079135.1	0.00180301
AC079150.2	0.00156919
AC079150.3	0.00161514
AC079154.1	0.00109715
AC079163.1	0.00143972
AC079248.1	0.00138143
AC079250.1	0.00205439
AC079298.1	0.00161288
AC079305.11	0.00190541
AC079305.8	0.00186153
AC079325.6	0.00155694
AC079341.1	0.0022005
AC079354.1	0.00157622
AC079354.2	0.00162374
AC079412.1	0.000779532
AC079448.1	0.00184078
AC079584.2	0.00155066
AC079586.1	0.00239968
AC079610.1	0.00154788
AC079612.1	0.00150781
AC079612.2	0.00100743
AC079613.1	0.00222804
AC079742.4	0.00142423
AC079756.1	0.00164071
AC079767.4	0.00163073
AC079772.1	0.000433181
AC079776.1	0.00174458
AC079776.2	0.00118182
AC079776.3	0.00118182
AC079779.5	0.00194999
AC079779.6	0.00204213
AC079779.7	0.0016641
AC079781.7	0.00171034
AC079790.2	0.00221323
AC079799.2	0.00222237
AC079804.1	0.00193983
AC079804.2	0.00160979
AC079807.4	0.00179552
AC079809.2	0.00108922
AC079896.1	0.00251053
AC079922.2	0.0030714
AC079949.1	0.0017925
AC079988.3	0.00197952
AC080002.1	0.00170958
AC080094.1	0.0010939
AC080125.1	0.002867
AC083760.1	0.00152181
AC083843.1	0.000917529
AC083864.3	0.00136321
AC083867.4	0.00142319
AC083873.4	0.00154877
AC083899.1	0.00291968
AC083899.3	0.00266853
AC083939.1	0.00151257
AC083949.1	0.00108484
AC084149.1	0.00121548
AC084193.1	0.00229205
AC084262.2	0.00123096
AC084809.2	0.00119638
AC087269.2	0.00212009
AC087294.2	0.00156874
AC087430.1	0.00203303
AC087433.1	0.00169013
AC087499.7	0.0013497
AC087645.1	0.00144177
AC090015.1	0.00256988
AC090043.1	0.00157119
AC090044.1	0.00296547
AC090044.2	0.00272169
AC090079.1	0.00219297
AC090103.1	0.00172235
AC090133.1	0.00184044
AC090150.1	0.00167303
AC090286.4	0.0018444
AC090349.1	0.00127201
AC090453.1	0.000873801
AC090505.1	0.0016004
AC090505.6	0.00178136
AC090573.1	0.00134812
AC090574.1	0.00128686
AC090587.2	0.00186242
AC090644.1	0.00135908
AC090666.1	0.00189657
AC090825.2	0.00194674
AC090939.1	0.00166031
AC090945.1	0.00106056
AC090952.5	0.00154173
AC090955.5	0.00157796
AC090958.5	0.00206261
AC091042.1	0.00164492
AC091153.4	0.00208001
AC091167.3	0.00180445
AC091199.1	0.00184373
AC091320.1	0.00194045
AC091320.2	0.00203413
AC091321.1	0.0012859
AC091487.1	0.00272589
AC091493.2	0.00152852
AC091517.1	0.00198182
AC091643.1	0.00171468
AC091652.2	0.00133073
AC091654.7	0.00151507
AC091705.1	0.00183548
AC091729.8	0.00172732
AC091729.9	0.00153041
AC091736.1	0.00135322
AC091770.3	0.00215055
AC091801.1	0.00165615
AC091813.2	0.00110769
AC091866.1	0.00128147
AC091878.1	0.000869076
AC091969.1	0.00265755
AC092013.1	0.00170108
AC092022.1	0.00191409
AC092048.1	0.00119682
AC092104.2	0.00194559
AC092106.1	0.00153647
AC092122.1	0.00123145
AC092156.3	0.00223458
AC092162.1	0.00231927
AC092168.2	0.00117444
AC092168.4	0.00140659
AC092170.1	0.00248453
AC092265.1	0.00159559
AC092295.7	0.00281081
AC092329.1	0.0029108
AC092377.1	0.00145907
AC092415.1	0.00119219
AC092421.1	0.00187957
AC092484.1	0.00148235
AC092566.1	0.00257563
AC092568.1	0.00218173
AC092570.4	0.00132202
AC092573.2	0.00146877
AC092576.1	0.00147288
AC092578.1	0.00178337
AC092580.1	0.00107104
AC092580.3	0.00115691
AC092580.4	0.00112725
AC092594.1	0.0017956
AC092619.1	0.00225446
AC092620.2	0.00285934
AC092628.3	0.00143422
AC092635.1	0.00252727
AC092638.2	0.00128285
AC092646.1	0.00116452
AC092653.5	0.0021704
AC092657.2	0.00108242
AC092660.1	0.00146887
AC092661.1	0.00271101
AC092669.2	0.000962873
AC092669.3	0.000916841
AC092669.6	0.000962873
AC092684.1	0.00176469
AC092687.4	0.00255992
AC092724.1	0.00117527
AC092765.1	0.00211053
AC092786.1	0.0193153
AC092812.1	0.00197008
AC092846.1	0.00119685
AC092846.2	0.00124312
AC092925.1	0.00112177
AC092962.1	0.00176382
AC092964.1	0.00153965
AC092965.1	0.00179773
AC093084.1	0.00122692
AC093106.4	0.0010738
AC093106.5	0.000907153
AC093106.6	0.000988747
AC093106.7	0.00127815
AC093107.7	0.0012637
AC093159.1	0.00161739
AC093166.1	0.00171625
AC093323.3	0.00159713
AC093326.1	0.00220626
AC093326.3	0.0022418
AC093334.1	0.00117227
AC093375.1	0.00136219
AC093381.2	0.00149991
AC093382.1	0.000893666
AC093391.2	0.0359994
AC093415.2	0.00188301
AC093430.1	0.00105458
AC093515.1	0.00129979
AC093590.1	0.00115082
AC093609.1	0.00191714
AC093616.4	0.00275581
AC093627.12	0.000950951
AC093627.7	0.00162263
AC093627.8	0.00137885
AC093627.9	0.00125687
AC093639.1	0.00113944
AC093642.6	0.00126129
AC093673.5	0.0014571
AC093702.1	0.00178083
AC093766.1	0.00130374
AC093786.1	0.000485858
AC093787.1	0.00189256
AC093802.1	0.00177717
AC093816.1	0.00197642
AC093817.1	0.00135585
AC093824.1	0.00152711
AC093843.1	0.00103427
AC093844.1	0.00178038
AC093847.1	0.00139168
AC093865.1	0.00154788
AC093874.1	0.00118744
AC093875.1	0.00124695
AC093901.1	0.00182936
AC093911.1	0.00226658
AC095061.1	0.0022709
AC095067.1	0.00117916
AC096553.5	0.00226977
AC096554.1	0.00121917
AC096558.1	0.00175649
AC096559.1	0.00171522
AC096559.2	0.00103669
AC096570.1	0.00134305
AC096570.2	0.00137446
AC096579.13	0.00148991
AC096579.7	0.00148991
AC096582.1	0.00114254
AC096644.1	0.00159573
AC096645.1	0.00174807
AC096649.3	0.00143511
AC096669.2	0.00161826
AC096669.3	0.00157552
AC096677.1	0.0013378
AC096753.1	0.00245855
AC096763.1	0.00242916
AC096772.6	0.00178099
AC096971.1	0.00150176
AC097015.1	0.00258038
AC097361.1	0.00215708
AC097381.1	0.00152182
AC097452.1	0.00132675
AC097467.2	0.0014552
AC097468.4	0.00145397
AC097470.1	0.00125859
AC097499.1	0.00153561
AC097499.2	0.00152095
AC097500.2	0.00308796
AC097523.1	0.00353078
AC097523.3	0.00323518
AC097532.2	0.00218247
AC097533.1	0.00183243
AC097639.8	0.00151495
AC097662.2	0.00180246
AC097713.3	0.00130503
AC097713.4	0.00127002
AC097713.5	0.00125154
AC097721.1	0.00309085
AC098592.6	0.00188608
AC098592.7	0.00170211
AC098592.8	0.0015284
AC098612.1	0.0010671
AC098614.1	0.00197368
AC098614.3	0.00180233
AC098617.1	0.00201907
AC098680.1	0.00236973
AC098789.1	0.00156305
AC098817.5	0.00167747
AC098820.2	0.00179556
AC098823.3	0.00164144
AC098824.6	0.00150063
AC098826.5	0.00182658
AC098828.2	0.001941
AC098847.1	0.000729901
AC098848.1	0.00192535
AC098872.3	0.00161646
AC098973.2	0.0016604
AC099342.1	0.00180062
AC099344.2	0.00150056
AC099344.3	0.00158613
AC099522.2	0.00170452
AC099540.1	0.00132238
AC099552.2	0.00148693
AC099552.3	0.00158558
AC099552.4	0.0016266
AC099684.1	0.00153629
AC099754.1	0.00157165
AC099759.1	0.00206422
AC099791.1	0.00183528
AC099796.1	0.00242665
AC100802.3	0.00189788
AC100817.1	0.00144156
AC100848.1	0.00142902
AC102948.2	0.00226383
AC103809.2	0.00147232
AC104024.1	0.0022046
AC104024.2	0.00202956
AC104037.1	0.00137351
AC104076.2	0.00155878
AC104088.1	0.00241598
AC104133.1	0.00137948
AC104135.2	0.00139394
AC104135.3	0.00147795
AC104169.1	0.0015851
AC104183.1	0.00140798
AC104306.4	0.00124177
AC104308.2	0.00146728
AC104331.1	0.00172523
AC104389.28	0.0028395
AC104395.1	0.00118611
AC104417.1	0.00166239
AC104434.1	0.00151762
AC104441.1	0.00138014
AC104458.1	0.00204494
AC104623.2	0.00177318
AC104651.1	0.00237682
AC104654.1	0.0011179
AC104654.2	0.00112248
AC104655.3	0.00137493
AC104667.3	0.00234865
AC104687.1	0.00146655
AC104695.3	0.00168406
AC104695.4	0.00140171
AC104697.1	0.00136586
AC104698.2	0.00262784
AC104777.2	0.00164155
AC104777.4	0.00189506
AC104782.3	0.00209277
AC104794.4	0.00146015
AC104801.1	0.00213222
AC104802.1	0.00155297
AC104809.3	0.00154138
AC104820.2	0.00169343
AC104843.3	0.00151559
AC104843.4	0.00131264
AC105053.3	0.00165987
AC105081.1	0.00303658
AC105242.1	0.001535
AC105252.1	0.00236619
AC105253.1	0.00130246
AC105342.1	0.0023821
AC105344.2	0.00137126
AC105393.1	0.00217349
AC105393.2	0.00218575
AC105398.3	0.0020948
AC105399.2	0.00139634
AC105443.2	0.000866116
AC105760.3	0.00163268
AC105761.1	0.00231373
AC106053.1	0.0017572
AC106706.1	0.00171124
AC106732.1	0.00187588
AC106786.1	0.00196869
AC106860.1	0.00213508
AC106869.2	0.00179995
AC106874.1	0.00115952
AC106875.1	0.00182603
AC106878.1	0.00173094
AC106883.1	0.00142602
AC106901.1	0.00116466
AC107016.1	0.00329516
AC107025.1	0.00225078
AC107057.1	0.00110096
AC107057.2	0.00207041
AC107070.1	0.00077846
AC107079.1	0.0016035
AC107081.5	0.00128488
AC107218.3	0.00156658
AC107399.1	0.00218575
AC107399.2	0.0021284
AC107622.1	0.00196028
AC108004.2	0.00300859
AC108025.2	0.00207041
AC108039.1	0.0012012
AC108051.1	0.00211458
AC108056.1	0.00282221
AC108057.1	0.00104106
AC108078.1	0.00173738
AC108105.1	0.00197304
AC108142.1	0.00165734
AC108211.1	0.00174347
AC108448.2	0.00101879
AC108448.3	0.00113074
AC108488.3	0.00091923
AC108696.1	0.00225978
AC108697.1	0.00210305
AC108739.1	0.002741
AC108865.1	0.00196001
AC108868.5	0.001699
AC109309.4	0.00122431
AC109351.1	0.00166827
AC109642.1	0.00248363
AC109815.2	0.00159079
AC110056.1	0.00183783
AC110086.1	0.00164455
AC110615.1	0.00296123
AC110771.1	0.00200929
AC110810.1	0.0015154
AC111194.1	0.00176652
AC112198.1	0.00202119
AC112200.1	0.00128946
AC112219.1	0.00173254
AC112518.3	0.000919249
AC112693.1	0.00174142
AC112693.2	0.00155413
AC112715.2	0.00161772
AC112721.1	0.00193074
AC112721.2	0.00233215
AC113167.1	0.00130336
AC113195.1	0.0016146
AC113607.1	0.0019102
AC113608.1	0.00247086
AC113610.1	0.00154694
AC113617.1	0.0021823
AC113618.1	0.00218415
AC114752.1	0.00151868
AC114752.2	0.00148606
AC114755.3	0.00153349
AC114765.1	0.00193085
AC114765.2	0.00191481
AC114783.1	0.00166518
AC114788.1	0.0021969
AC114788.2	0.00230133
AC114798.1	0.00150968
AC114813.1	0.00151902
AC114814.2	0.00107333
AC114814.3	0.00135432
AC114814.4	0.000890766
AC114877.1	0.00150285
AC114877.3	0.00134026
AC114973.1	0.00140038
AC115283.1	0.00143722
AC115522.3	0.00249941
AC116035.1	0.0019216
AC116345.1	0.000884032
AC116562.2	0.00298126
AC116606.1	0.00106654
AC116609.1	0.00199423
AC116614.1	0.00172673
AC117444.1	0.00201768
AC118345.1	0.00108916
AC118345.2	0.000979791
AC118653.2	0.00134501
AC118754.4	0.00122357
AC119674.1	0.00170863
AC122136.1	0.000874376
AC122136.2	0.000800347
AC122720.1	0.0010762
AC123023.1	0.00134856
AC124057.5	0.000653375
AC124861.1	0.00156909
AC124861.2	0.00160068
AC124890.1	0.00133133
AC124944.5	0.000721109
AC124997.1	0.00177688
AC125238.2	0.00166512
AC125387.1	0.00189766
AC126177.1	0.00151933
AC126182.1	0.00256783
AC127383.1	0.00168821
AC128653.1	0.00189633
AC128709.2	0.00143714
AC128709.3	0.00137355
AC128709.4	0.00137355
AC129929.5	0.000656676
AC130464.1	0.00143104
AC130710.1	0.00111029
AC131056.5	0.00193947
AC131094.1	0.0015906
AC131097.3	0.00126129
AC131213.1	0.00218383
AC131935.1	0.00111335
AC132803.1	0.00241828
AC133633.1	0.00190228
AC133633.2	0.00290943
AC133680.1	0.00155479
AC133785.1	0.00107741
AC133965.1	0.00267876
AC134300.1	0.00125911
AC136289.1	0.00110263
AC137527.2	0.0013276
AC137674.1	0.0013084
AC137674.2	0.0012564
AC138472.6	0.00258648
AC138623.1	0.0016631
AC138647.1	0.00161577
AC138655.1	0.00193932
AC139085.1	0.0015683
AC139085.2	0.00134797
AC139100.2	0.000825113
AC139143.2	0.00134493
AC139712.1	0.00212674
AC139712.2	0.0022846
AC139712.4	0.0022248
AC139931.1	0.00171159
AC140061.10	0.00278674
AC140479.1	0.00146217
AC140481.1	0.00106281
AC140481.8	0.000970045
AC140481.9	0.00107736
AC140912.1	0.00155384
AC141928.1	0.00278331
AC142119.1	0.0010019
AC142293.3	0.00133903
AC144449.1	0.00212593
AC144450.1	0.00182116
AC144450.2	0.00153693
AC144521.1	0.00106058
AC144525.1	0.00203743
AC144835.1	0.00176837
AC144836.1	0.00210645
AC145110.1	0.00144862
AC187652.1	0.000635605
AC195454.1	0.00202533
AC226119.4	0.00268701
AC226119.5	0.00272451
ACA59	0.00170661
ACAA1	0.00193692
ACACA	0.00129841
ACACB	0.00160775
ACAD10	0.00375322
ACAD11	0.00170884
ACADM	0.00247846
ACADSB	0.0017369
ACAN	0.00218743
ACAP1	0.00271577
ACAP2	0.00104147
ACAT2	0.00204332
ACBD6	0.00144144
ACCS	0.00116259
ACCSL	0.001342
ACE	0.00117418
ACER1	0.0011108
ACER2	0.00153125
ACER3	0.0011002
ACHE	0.00295
ACIN1	0.00124002
ACKR2	0.00166771
ACKR3	0.00131696
ACLY	0.00235827
ACN9	0.00111104
ACO1	0.00177576
ACOT11	0.0028892
ACOT12	0.00154084
ACOT13	0.00259434
ACOT4	0.00226931
ACOT7	0.00215276
ACOT8	0.00274057
ACOX1	0.00171469
ACOX2	0.00228267
ACOX3	0.00147708
ACOXL	0.00151991
ACP5	0.00181823
ACP6	0.00190122
ACPL2	0.00168651
ACPP	0.00146548
ACR	0.00141811
ACRV1	0.00177523
ACSBG1	0.00216224
ACSBG2	0.000957729
ACSF2	0.00157427
ACSF3	0.00368255
ACSL1	0.000809523
ACSL3	0.00193941
ACSL5	0.000998251
ACSM2A	0.00237785
ACSM2B	0.00213915
ACSM4	0.0018441
ACSM5	0.0025146
ACSS1	0.00214422
ACSS3	0.0026005
ACTA2	0.00163292
ACTB	0.00266581
ACTBP14	0.00266761
ACTBP9	0.00212175
ACTC1	0.001144
ACTG1P13	0.00236892
ACTG1P9	0.00102841
ACTG2	0.00209033
ACTL6A	0.00118986
ACTL7B	0.00179302
ACTL8	0.000967667
ACTL9	0.00214113
ACTN1	0.00202356
ACTN1-AS1	0.00200935
ACTN2	0.00380236
ACTN4	0.00154919
ACTN4P1	0.00231017
ACTR10	0.00095427
ACTR2	0.00137515
ACTR3	0.0029625
ACTR3B	0.00192468
ACTR3C	0.00180985
ACTR3P3	0.0019268
ACTR5	0.00205479
ACTR6P1	0.00118493
ACTR8	0.00160576
ACTRT2	0.00142057
ACVR1	0.00259289
ACVR1B	0.00142003
ACVR1C	0.00244624
ACVRL1	0.00142544
ACY3	0.00244726
ACYP2	0.00168998
AD001527.7	0.00234246
ADA	0.00163115
ADAD1	0.00178309
ADAD2	0.00166383
ADAM10	0.0010534
ADAM12	0.00204011
ADAM15	0.00187678
ADAM18	0.00165893
ADAM19	0.00184203
ADAM2	0.0016235
ADAM20P1	0.00195645
ADAM20P3	0.00113159
ADAM22	0.00130316
ADAM23	0.00158244
ADAM24P	0.000934826
ADAM28	0.00123708
ADAM29	0.00156115
ADAM32	0.00160049
ADAM33	0.00199445
ADAM3A	0.00169742
ADAM5	0.00179577
ADAM6	0.00454721
ADAM7	0.00138617
ADAM9	0.00149365
ADAMTS1	0.00112697
ADAMTS10	0.00159469
ADAMTS12	0.00431752
ADAMTS14	0.00187186
ADAMTS15	0.00124435
ADAMTS16	0.00124298
ADAMTS17	0.00246474
ADAMTS18	0.00242988
ADAMTS19	0.00212724
ADAMTS19-AS1	0.00165073
ADAMTS2	0.00170181
ADAMTS20	0.0013139
ADAMTS3	0.00108349
ADAMTS5	0.00110837
ADAMTS6	0.0023211
ADAMTS7	0.00251564
ADAMTS8	0.00107215
ADAMTS9	0.00145134
ADAMTS9-AS1	0.00123625
ADAMTS9-AS2	0.00180216
ADAMTSL1	0.00213009
ADAMTSL2	0.00229251
ADAMTSL3	0.00171284
ADAMTSL5	0.00127418
ADAP1	0.00151568
ADAP2	0.0026301
ADAR	0.00172718
ADARB1	0.00157726
ADARB2	0.0021805
ADARB2-AS1	0.00213336
ADAT2	0.00152154
ADCK1	0.00188966
ADCK3	0.00191669
ADCK5	0.001735
ADCY1	0.00106796
ADCY10	0.0015844
ADCY10P1	0.00135672
ADCY2	0.00169243
ADCY3	0.00173818
ADCY4	0.00419835
ADCY5	0.00193556
ADCY6	0.00176924
ADCY7	0.00143425
ADCY8	0.00158945
ADCY9	0.00120187
ADCYAP1	0.00185989
ADCYAP1R1	0.00195739
ADD1	0.00151501
ADD2	0.00239569
ADD3	0.00184778
ADGB	0.00147347
ADH1A	0.00226065
ADH1C	0.00221396
ADH4	0.00228435
ADH5P2	0.00185608
ADH5P4	0.00243879
ADH7	0.00212721
ADHFE1	0.00128125
ADI1	0.00104123
ADIPOQ	0.00114006
ADIPOQ-AS1	0.0011207
ADIPOR1P1	0.00175362
ADIPOR1P2	0.00149098
ADIPOR2	0.000968333
ADK	0.00150396
ADM2	0.00176355
ADNP	0.00187891
ADORA1	0.00109864
ADORA2B	0.00217632
ADORA3	0.00135996
ADPGK-AS1	0.0016452
ADPRH	0.00282252
ADPRHL1	0.00195992
ADPRM	0.000886412
ADRA1A	0.00158484
ADRA1B	0.00116017
ADRA1D	0.00260379
ADRA2C	0.00452084
ADRB1	0.00135319
ADRB2	0.00104505
ADRBK2	0.00131732
ADSL	0.00109684
ADSS	0.000607077
ADSSL1	0.000655654
ADTRP	0.00180945
AE000658.22	0.00101462
AE000658.25	0.00168163
AE000658.27	0.00181254
AE000660.1	0.00176801
AE000660.4	0.00192523
AE000661.37	0.0018339
AE000662.92	0.0014984
AEBP1	0.00162805
AEBP2	0.00169742
AEN	0.00258064
AES	0.000606979
AF038458.5	0.00166394
AF064858.10	0.00108835
AF064858.11	0.00118221
AF064858.6	0.00153151
AF064858.8	0.00120685
AF064860.5	0.00150461
AF064860.7	0.00119007
AF067845.1	0.00204857
AF096876.1	0.000907185
AF104455.1	0.00236417
AF121897.4	0.00151912
AF121898.3	0.00187973
AF127577.11	0.00106321
AF127577.12	0.00114576
AF127577.8	0.00111689
AF127936.3	0.000907067
AF127936.5	0.000901456
AF127936.7	0.000987278
AF131215.8	0.00129499
AF131217.1	0.00235167
AF146191.4	0.00237462
AF165138.7	0.000910079
AF212831.2	0.00249558
AF213884.1	0.00184651
AF228730.12	0.000717718
AF228730.8	0.000742418
AF238378.7	0.000741719
AF240627.2	0.00181018
AF241725.4	0.00130827
AF241725.6	0.0012322
AFAP1	0.0014426
AFAP1-AS1	0.00142991
AFAP1L1	0.00136786
AFAP1L2	0.00192463
AFF1	0.00240777
AFF3	0.0021407
AFF4	0.00204623
AFG3L2	0.00134381
AFM	0.0010586
AFMID	0.00142652
AFTPH	0.00148627
AGA	0.00178221
AGAP1	0.00176853
AGAP3	0.00202197
AGAP4	0.00196833
AGAP6	0.00179614
AGBL1	0.00276771
AGBL3	0.00139395
AGBL4	0.00170318
AGBL5	0.00205402
AGFG1	0.00185837
AGGF1	0.00248454
AGK	0.00169542
AGL	0.00192852
AGMO	0.00198256
AGO2	0.00133019
AGO4	0.0010564
AGPAT2	0.00177604
AGPAT3	0.00210642
AGPAT4	0.0017626
AGPAT5	0.00133756
AGPAT9	0.00239672
AGPS	0.00199384
AGR2	0.00195347
AGR3	0.00197706
AGRN	0.00170001
AGT	0.0020165
AGTPBP1	0.00130933
AGTR1	0.00148226
AGTRAP	0.0013324
AGXT	0.00155964
AGXT2	0.00174509
AHCTF1	0.00146267
AHCYL2	0.000992817
AHCYP2	0.00138673
AHCYP3	0.00119404
AHCYP4	0.00181728
AHCYP7	0.00142133
AHI1	0.00127407
AHNAK	0.00212237
AHNAK2	0.00106473
AHR	0.00146264
AHRR	0.00166287
AHSG	0.00138669
AICDA	0.00189568
AIFM1P1	0.00162417
AIFM2	0.00197895
AIFM3	0.00249537
AIG1	0.00148205
AIM1	0.00266688
AIM2	0.00188944
AIPL1	0.00180638
AIRE	0.00208671
AJ003147.9	0.00139666
AJ006995.3	0.00181507
AJ006998.2	0.001465
AJ009632.3	0.00135451
AJ239322.1	0.00183466
AJ239322.3	0.0017463
AJAP1	0.00227785
AK1	0.00190163
AK2	0.00124759
AK3	0.0018454
AK3P4	0.00232254
AK4	0.00195044
AK5	0.00244659
AK7	0.00115478
AK8	0.00225959
AKAP1	0.00117228
AKAP11	0.0018896
AKAP12	0.00204746
AKAP13	0.0021152
AKAP2	0.00133743
AKAP3	0.0015338
AKAP5	0.00280238
AKAP6	0.00184653
AKAP7	0.00207763
AKAP9	0.00199159
AKIRIN1	0.00276549
AKIRIN2	0.00279013
AKNA	0.00134048
AKNAD1	0.0015263
AKR1B1	0.00178843
AKR1B10P2	0.00102196
AKR1B15	0.00190848
AKR1B1P4	0.00187972
AKR1B1P6	0.00121244
AKR1C1	0.00160151
AKR1C2	0.00169485
AKR1C3	0.00172371
AKR1C5P	0.00168787
AKR1C6P	0.0014153
AKR1D1	0.00154937
AKR1D1P1	0.000851311
AKR1E2	0.00131888
AKT1	0.000631018
AKT2	0.0017199
AKT3	0.00169958
AKTIP	0.00140806
AL008721.1	0.00171682
AL020993.1	0.00188223
AL020996.1	0.00179062
AL022344.2	0.00225167
AL022344.7	0.00235093
AL022476.2	0.00179745
AL031055.1	0.0015105
AL031390.1	0.00158363
AL031590.1	0.00148439
AL031653.1	0.000948318
AL031663.2	0.00247314
AL033381.1	0.00132282
AL034449.1	0.000643074
AL035045.1	0.00358003
AL035250.1	0.00161488
AL035457.1	0.00199632
AL035467.1	0.00199312
AL035610.1	0.00137569
AL035610.2	0.00159544
AL049831.1	0.00116961
AL050335.1	0.000729461
AL078585.1	0.00103484
AL079339.1	0.00211402
AL109618.1	0.00152709
AL109763.1	0.00190264
AL109763.2	0.00193321
AL117190.3	0.000950974
AL117380.1	0.00182996
AL117380.2	0.00184288
AL118525.1	0.00175524
AL121588.1	0.00203615
AL121656.5	0.00193015
AL121657.4	0.00151596
AL121761.1	0.00211287
AL121819.1	0.00108476
AL121898.1	0.00160137
AL121931.1	0.00230463
AL132709.1	0.000569869
AL132709.5	0.000832967
AL132796.1	0.00182314
AL132819.1	0.00160465
AL132875.1	0.00248661
AL133167.1	0.00184274
AL133168.3	0.00104557
AL133232.1	0.00161754
AL133247.3	0.00172793
AL133269.1	0.00177083
AL133318.1	0.00192454
AL133373.1	0.00149082
AL133493.2	0.00219764
AL136090.1	0.00142679
AL136160.1	0.000945732
AL136302.1	0.00113058
AL136967.1	0.00141434
AL136985.1	0.001528
AL136987.1	0.0015608
AL137019.1	0.00249564
AL137118.1	0.00135824
AL137190.1	0.00151493
AL138479.3	0.000890438
AL138498.1	0.00248358
AL138764.1	0.00236961
AL138815.1	0.000912174
AL139151.1	0.00204481
AL139319.1	0.00169083
AL157359.3	0.0015873
AL157359.4	0.00174282
AL157702.1	0.00119437
AL157775.1	0.000896273
AL157830.1	0.00217478
AL157883.1	0.0013061
AL157884.1	0.00135313
AL157902.3	0.00208354
AL157904.1	0.00160082
AL157931.1	0.00239756
AL158077.1	0.0020045
AL158111.1	0.00161776
AL158147.1	0.00105883
AL158151.1	0.00196281
AL158154.1	0.00112724
AL160056.1	0.00117864
AL160279.1	0.00200822
AL161421.1	0.00118675
AL161452.1	0.00183862
AL161626.1	0.00168888
AL161668.5	0.00212135
AL161731.1	0.00144599
AL161751.1	0.00129759
AL161784.1	0.00130855
AL161908.1	0.00137911
AL162151.3	0.0022602
AL162151.4	0.00151806
AL162389.1	0.00201908
AL162419.1	0.00135884
AL162424.1	0.00175322
AL162511.1	0.00153514
AL162574.1	0.0015141
AL162759.1	0.000796554
AL162853.1	0.00154324
AL163636.6	0.00145574
AL163760.1	0.0013272
AL163952.1	0.00167656
AL163952.2	0.00135434
AL163953.2	0.0011651
AL163953.3	0.00145699
AL353664.1	0.000970781
AL353707.1	0.00177453
AL353803.1	0.00197477
AL354720.1	0.00161306
AL354741.1	0.0014153
AL354775.1	0.00164459
AL354806.1	0.00156789
AL354936.1	0.00171305
AL354984.1	0.00220274
AL354984.2	0.00201561
AL354984.3	0.00209251
AL355353.1	0.00108566
AL356019.1	0.0029897
AL356140.1	0.00147229
AL356154.1	0.00132745
AL356214.1	0.00137523
AL356215.1	0.00275782
AL356270.1	0.00201586
AL356309.1	0.0013749
AL356458.1	0.00231125
AL356693.1	0.00470061
AL356739.1	0.00198038
AL356865.1	0.00177963
AL356865.2	0.00183296
AL357514.1	0.00144486
AL357519.1	0.00131237
AL357932.1	0.00178468
AL357936.1	0.00126909
AL358133.1	0.00231352
AL358134.2	0.00104746
AL359538.1	0.00189342
AL359546.1	0.00288533
AL359552.1	0.00187333
AL359709.1	0.00196361
AL359709.2	0.00217952
AL359757.1	0.00200975
AL359987.1	0.00198873
AL360004.1	0.00185717
AL360007.1	0.00120293
AL360078.1	0.00240108
AL390119.1	0.00175452
AL390335.1	0.00238927
AL390778.1	0.00102929
AL390877.1	0.002137
AL391005.1	0.0020579
AL391056.1	0.00170077
AL391117.1	0.00198527
AL391417.1	0.00248028
AL391538.1	0.00133298
AL391559.1	0.000993482
AL391650.1	0.00219198
AL391867.1	0.00139722
AL442639.1	0.00245601
AL445074.1	0.00199975
AL445204.1	0.00128673
AL445384.1	0.00107609
AL445675.1	0.00145686
AL450244.1	0.00159186
AL450307.1	0.00156005
AL450307.2	0.00205105
AL450423.1	0.00125484
AL450992.2	0.00205751
AL512359.1	0.00190676
AL512635.1	0.00196411
AL512638.1	0.00161942
AL512640.1	0.00203679
AL512655.1	0.00221526
AL513344.1	0.00123505
AL583784.1	0.00236297
AL589765.1	0.00180673
AL589947.1	0.00207163
AL590369.1	0.00183768
AL590558.1	0.00230336
AL590560.1	0.00138395
AL590683.1	0.00138507
AL590867.1	0.00160717
AL590874.1	0.00202884
AL591415.1	0.00230407
AL591704.7	0.00140035
AL591925.1	0.00144435
AL592063.1	0.00144951
AL592205.1	0.00209324
AL592205.2	0.00211143
AL596329.1	0.00151488
AL603632.1	0.00171047
AL603766.1	0.00171119
AL603965.1	0.00187085
AL606923.1	0.00171492
AL607076.1	0.00160014
AL645608.1	0.00158655
AL645728.3	0.00105304
AL645944.1	0.00139939
AL646016.1	0.00101554
AL671972.1	0.00183664
AL672294.1	0.00156992
AL672296.1	0.00202159
AL691479.1	0.00179096
AL953854.2	0.00090685
ALAD	0.00138633
ALCAM	0.00168426
ALDH16A1	0.00150312
ALDH1A1	0.0017781
ALDH1A2	0.00193231
ALDH1A3	0.00150532
ALDH1B1	0.00174427
ALDH1L1	0.00214896
ALDH1L1-AS2	0.00191248
ALDH1L2	0.00175615
ALDH3B2	0.00237727
ALDH4A1	0.00230291
ALDH5A1	0.00269739
ALDH7A1	0.0011045
ALDH7A1P4	0.00212235
ALDH9A1	0.00112848
ALDOAP1	0.00328555
ALDOB	0.000906595
ALG1	0.00195648
ALG10B	0.00283947
ALG14	0.00207463
ALG1L5P	0.00173042
ALG3P1	0.00111688
ALG5	0.00195964
ALG8	0.00135011
ALK	0.00226763
ALKBH1	0.00193182
ALKBH3	0.000939655
ALKBH3-AS1	0.000939655
ALKBH4	0.00201218
ALKBH8	0.00218976
ALLC	0.00158039
ALMS1	0.0021254
ALOX12	0.00244919
ALOX12B	0.000884596
ALOX12P2	0.00237033
ALOX15	0.00219816
ALOX15B	0.000899054
ALOX5	0.00202275
ALOX5AP	0.00096905
ALOXE3	0.00086008
ALPI	0.00156467
ALPK1	0.00199929
ALPK2	0.00112498
ALPK3	0.0017105
ALPL	0.00203034
ALS2	0.00119565
ALS2CL	0.0027689
ALS2CR11	0.00140049
ALS2CR12	0.00143057
ALX1	0.00215396
ALX4	0.00159828
AMBN	0.00133634
AMBP	0.00143671
AMBRA1	0.00194865
AMD1P1	0.00164318
AMDHD1	0.0021716
AMDHD2	0.00154537
AMER2	0.00199654
AMICA1	0.00178215
AMIGO2	0.0018968
AMIGO3	0.0038962
AMMECR1L	0.00153113
AMN1	0.00270593
AMOTL1	0.00111696
AMOTL2	0.0016854
AMPD2	0.00173443
AMPD3	0.00140348
AMPH	0.00209431
AMTN	0.00158593
AMZ1	0.00210946
ANAPC1	0.00184479
ANAPC10	0.00111251
ANAPC4	0.00134319
ANAPC5	0.00223077
ANG	0.00145574
ANGEL1	0.00130163
ANGPT1	0.00202719
ANGPT2	0.00158912
ANGPT4	0.00258179
ANGPTL4	0.00155431
ANGPTL6	0.00188248
ANK1	0.00171809
ANK2	0.00207757
ANK3	0.00172944
ANKAR	0.00170799
ANKDD1A	0.00175283
ANKEF1	0.000859928
ANKFN1	0.00150974
ANKFY1	0.00091092
ANKH	0.000949694
ANKIB1	0.00196411
ANKLE1	0.00146303
ANKMY1	0.00161548
ANKMY2	0.001729
ANKRD1	0.00176702
ANKRD11	0.00413728
ANKRD12	0.00157975
ANKRD13B	0.00235489
ANKRD13C	0.00183489
ANKRD16	0.00189385
ANKRD17	0.00106513
ANKRD18A	0.0019167
ANKRD18B	0.00114004
ANKRD18DP	0.00126533
ANKRD19P	0.00255706
ANKRD20A11P	0.000986691
ANKRD20A19P	0.00136675
ANKRD20A5P	0.00249007
ANKRD20A9P	0.00175215
ANKRD22	0.00167105
ANKRD24	0.00101775
ANKRD26P2	0.00190808
ANKRD27	0.00185565
ANKRD28	0.0011485
ANKRD29	0.00148334
ANKRD30A	0.001795
ANKRD30B	0.00227445
ANKRD30BP1	0.00215325
ANKRD31	0.00209024
ANKRD33	0.00141503
ANKRD33B	0.00141187
ANKRD33B-AS1	0.00121975
ANKRD35	0.00322854
ANKRD36B	0.00146496
ANKRD36BP1	0.00113523
ANKRD40	0.00145784
ANKRD44	0.00213034
ANKRD44-IT1	0.00213034
ANKRD45	0.0013726
ANKRD46	0.00229817
ANKRD50	0.00213099
ANKRD53	0.00192826
ANKRD55	0.00176765
ANKRD6	0.00213377
ANKRD60	0.00140491
ANKRD62	0.0015025
ANKRD7	0.00238602
ANKS1A	0.00245809
ANKS1B	0.00197298
ANKS3	0.00165432
ANKS4B	0.0015406
ANKS6	0.0009819
ANKUB1	0.00134932
ANKZF1	0.001258
ANLN	0.000737069
ANO1	0.00232482
ANO10	0.00130012
ANO2	0.00154378
ANO3	0.000991759
ANO4	0.00186866
ANO5	0.000959405
ANO6	0.00169862
ANO7	0.00167886
ANP32A	0.0026783
ANP32AP1	0.00102432
ANP32BP2	0.00158935
ANPEP	0.00154113
ANTXR1	0.00215792
ANTXR2	0.00133802
ANTXRL	0.00191749
ANTXRLP1	0.00181848
ANXA1	0.00133332
ANXA10	0.00160491
ANXA11	0.00236519
ANXA13	0.002136
ANXA2	0.00183225
ANXA3	0.00456391
ANXA4	0.00156234
ANXA5	0.00201066
ANXA6	0.00195199
ANXA8L2	0.00187085
AOAH	0.00143888
AOC1	0.00308479
AOC3	0.00288681
AOX1	0.00161394
AOX2P	0.00164167
AOX3P	0.00164167
AP000230.1	0.00168392
AP000233.3	0.00170986
AP000233.4	0.00163017
AP000235.2	0.00145987
AP000235.3	0.00145987
AP000251.3	0.00131956
AP000255.6	0.00163948
AP000275.65	0.00195277
AP000282.2	0.00161642
AP000289.6	0.00143954
AP000290.7	0.00152453
AP000295.9	0.00174771
AP000304.12	0.00236419
AP000318.2	0.00235861
AP000320.6	0.0015385
AP000320.7	0.00235861
AP000322.53	0.00177504
AP000330.8	0.0015875
AP000343.2	0.0018714
AP000344.3	0.00159334
AP000345.1	0.00158448
AP000345.2	0.00140162
AP000345.4	0.0015716
AP000347.2	0.00168537
AP000350.10	0.00279468
AP000350.5	0.00307015
AP000351.13	0.0021852
AP000357.4	0.00147844
AP000362.1	0.00146991
AP000403.3	0.00146313
AP000431.1	0.00132811
AP000431.2	0.000908017
AP000432.2	0.00244512
AP000439.1	0.00234612
AP000439.2	0.00218617
AP000439.3	0.00208543
AP000442.4	0.00123375
AP000445.1	0.00142554
AP000445.2	0.00134869
AP000459.4	0.00137096
AP000459.7	0.00136912
AP000469.2	0.0012548
AP000470.2	0.00123814
AP000472.2	0.000940084
AP000472.3	0.00102302
AP000473.5	0.00117089
AP000473.6	0.00195726
AP000473.8	0.0014249
AP000474.1	0.00120853
AP000475.2	0.00115024
AP000476.1	0.00151371
AP000477.2	0.000886103
AP000477.3	0.000901934
AP000478.1	0.00170457
AP000479.1	0.00267224
AP000487.6	0.00139609
AP000568.2	0.00140125
AP000593.6	0.00148999
AP000647.3	0.00168703
AP000688.1	0.000875894
AP000695.4	0.0014097
AP000695.6	0.00132561
AP000696.2	0.00148399
AP000697.6	0.00117529
AP000705.6	0.000958701
AP000705.7	0.00107831
AP000770.1	0.00221283
AP000783.1	0.0014147
AP000797.2	0.00154037
AP000797.3	0.00208155
AP000797.4	0.00177583
AP000855.4	0.000947177
AP000860.2	0.00212529
AP000866.1	0.00144165
AP000867.1	0.00214513
AP000868.1	0.00211589
AP000892.4	0.00222909
AP000946.2	0.00127001
AP000949.1	0.0016794
AP000959.2	0.00125716
AP000998.2	0.0016991
AP001024.2	0.0020893
AP001032.1	0.00150626
AP001046.5	0.00214442
AP001046.6	0.00212044
AP001056.1	0.00200734
AP001057.1	0.00206028
AP001065.15	0.00194039
AP001171.1	0.00149088
AP001172.2	0.00122106
AP001189.4	0.00120951
AP001255.2	0.00166334
AP001347.6	0.00155728
AP001412.1	0.00120079
AP001422.3	0.00080338
AP001437.1	0.00128319
AP001476.2	0.00126094
AP001476.3	0.0012165
AP001525.1	0.0016629
AP001595.1	0.00172025
AP001596.6	0.00173349
AP001597.1	0.0017155
AP001601.2	0.00110455
AP001604.3	0.00289129
AP001605.4	0.00289129
AP001607.1	0.00230776
AP001610.9	0.0016414
AP001626.1	0.00295089
AP001626.2	0.00291743
AP001628.6	0.00260065
AP001628.7	0.0025481
AP001631.10	0.00221777
AP001631.9	0.00215423
AP001634.1	0.00112681
AP001888.1	0.000991231
AP001891.1	0.00190294
AP002348.1	0.00311526
AP002353.1	0.002055
AP002387.1	0.00309451
AP002530.2	0.00164027
AP002806.1	0.000902939
AP002856.4	0.000908957
AP002856.5	0.00120278
AP002856.6	0.00107689
AP002856.7	0.0011362
AP002954.4	0.00155358
AP003025.2	0.00155262
AP003027.1	0.00137099
AP003041.2	0.00108178
AP003062.1	0.00142619
AP003356.1	0.00172029
AP003774.5	0.00194138
AP004372.1	0.00123833
AP004550.1	0.00146698
AP005019.3	0.00157972
AP005019.4	0.00157143
AP005135.2	0.0014443
AP005271.1	0.00076808
AP005273.1	0.00191049
AP005901.1	0.00239868
AP006285.7	0.00153259
AP006621.5	0.00108627
AP006748.1	0.0016713
AP1AR	0.00213276
AP1B1	0.00176651
AP1G1	0.00359487
AP1M1	0.00119673
AP1S3	0.00253
AP2A1	0.0018866
AP2A2	0.00142513
AP2B1	0.00113499
AP2M1	0.00201047
AP2S1	0.0013
AP3B1	0.00170245
AP3S1	0.00136422
AP3S2	0.00120793
AP4E1	0.0016361
AP5M1	0.00112342
AP5S1	0.00231027
APAF1	0.00152564
APBA1	0.00173036
APBA2	0.000862953
APBA3	0.00125291
APBB1	0.000926115
APBB1IP	0.00170966
APBB2	0.00200908
APC	0.00169926
APC2	0.00111181
APCDD1	0.00243052
APCDD1L	0.00132433
APCDD1L-AS1	0.00188151
APEX1	0.00112506
APH1B	0.00170635
APIP	0.00279353
APLF	0.00139113
APLP2	0.00102756
APMAP	0.00206468
APOA1BP	0.00188423
APOA5	0.00230201
APOB	0.0018054
APOBEC1	0.0020394
APOBEC3A	0.00146246
APOBEC3B-AS1	0.00160136
APOBEC3F	0.00182207
APOBEC3G	0.00179226
APOBEC3H	0.0018365
APOC1P1	0.00224614
APOC3	0.00234896
APOC4	0.00205814
APOC4-APOC2	0.00205814
APOD	0.00083125
APOE	0.00240415
APOF	0.00140032
APOH	0.00111423
APOL1	0.000796497
APOL2	0.000860792
APOL3	0.00112255
APOL4	0.0011383
APOL5	0.00116468
APOL6	0.00119683
APOLD1	0.00136995
APOOP2	0.00142602
APOOP3	0.00122548
APOOP5	0.00122525
APP	0.00167227
APPL2	0.0016461
AQP1	0.00182661
AQP12A	0.00146238
AQP2	0.00270239
AQP4	0.000793644
AQP4-AS1	0.000970733
AQP6	0.00273537
AQP7	0.00111869
AQP8	0.00101778
AQP9	0.00127178
AQPEP	0.00157255
AQR	0.00107294
ARAP1	0.00162296
ARAP1-AS1	0.00162296
ARAP2	0.00201109
ARAP3	0.00220562
ARC	0.0019894
AREG	0.00131328
ARF4P2	0.00153807
ARF4P4	0.00138161
ARFGAP1	0.00276479
ARFGEF2	0.00250323
ARFIP1	0.00138541
ARG1	0.00158787
ARG2	0.00220377
ARGLU1	0.00113425
ARHGAP10	0.00208467
ARHGAP11A	0.00135901
ARHGAP12	0.00246325
ARHGAP15	0.00175649
ARHGAP17	0.00142838
ARHGAP18	0.00173514
ARHGAP19	0.00170752
ARHGAP19-SLIT1	0.00170752
ARHGAP20	0.00141174
ARHGAP21	0.00160852
ARHGAP22	0.00145968
ARHGAP23	0.00168738
ARHGAP24	0.0015329
ARHGAP25	0.00173573
ARHGAP26	0.00228217
ARHGAP26-AS1	0.00191207
ARHGAP27	0.00485664
ARHGAP28	0.00146069
ARHGAP31	0.00273725
ARHGAP32	0.00135659
ARHGAP35	0.00122335
ARHGAP39	0.00115979
ARHGAP40	0.00216107
ARHGAP42	0.00114149
ARHGAP44	0.00209012
ARHGAP5	0.00141873
ARHGAP5-AS1	0.00139921
ARHGAP8	0.00293039
ARHGAP9	0.00231149
ARHGDIB	0.00150823
ARHGDIG	0.00351807
ARHGEF1	0.00141463
ARHGEF10	0.0012503
ARHGEF10L	0.00118188
ARHGEF11	0.00159293
ARHGEF12	0.0033996
ARHGEF16	0.0015304
ARHGEF18	0.00158962
ARHGEF19	0.00251715
ARHGEF19-AS1	0.00251715
ARHGEF2	0.0017986
ARHGEF26	0.00214527
ARHGEF28	0.00208131
ARHGEF3	0.001959
ARHGEF3-AS1	0.00146531
ARHGEF35	0.00166514
ARHGEF37	0.00241177
ARHGEF38	0.00149297
ARHGEF4	0.00114197
ARHGEF40	0.00146167
ARHGEF7	0.00127098
ARHGEF7-IT1	0.00127098
ARID1B	0.0012212
ARID2	0.00152349
ARID3A	0.00179884
ARID3B	0.00211292
ARID3C	0.00183644
ARID4B	0.00270111
ARID5B	0.00189619
ARIH2	0.00377575
ARIH2P1	0.00114824
ARL14	0.00179053
ARL15	0.00174721
ARL16	0.00125349
ARL2BPP1	0.00156924
ARL2BPP3	0.000851658
ARL2BPP5	0.00138762
ARL2BPP6	0.00103624
ARL2BPP7	0.00130459
ARL4C	0.00130031
ARL5A	0.00175762
ARL5B	0.00168119
ARL5C	0.00205667
ARL6IP1P1	0.00215315
ARL6IP1P2	0.00179436
ARL6IP1P3	0.00131822
ARL8B	0.00156281
ARMC10P1	0.00352076
ARMC12	0.00247827
ARMC2	0.00197262
ARMC3	0.00162101
ARMC4	0.00218225
ARMC4P1	0.00271024
ARMC6	0.000960687
ARMC7	0.00131239
ARMC8	0.00170281
ARMC9	0.00171466
ARNT2	0.00244881
ARNTL	0.00173506
ARNTL2	0.00121151
ARPC3P5	0.00113488
ARPC4	0.00104529
ARPC4-TTLL3	0.00104529
ARPP19	0.00126106
ARPP21	0.00162584
ARRB1	0.00171577
ARRB2	0.00211851
ARRDC2	0.00159399
ARRDC4	0.00171416
ARRDC5	0.00163143
ARSA	0.00164272
ARSB	0.00223667
ARSG	0.0016252
ARSI	0.00189993
ARSJ	0.00178718
ARSK	0.00109763
ART1	0.00212841
ART3	0.00300985
ART4	0.00135057
ART5	0.00237937
ARVCF	0.0012928
ASAH1	0.00316083
ASAH2	0.00194423
ASAH2B	0.001772
ASAP1	0.00141857
ASAP2	0.0016039
ASAP3	0.00126372
ASB1	0.00208425
ASB13	0.00202449
ASB17	0.00248563
ASB18	0.00171683
ASB2	0.00166572
ASB3	0.00154752
ASB4	0.0015529
ASB5	0.00153002
ASB6	0.00153934
ASB7	0.00144057
ASB8	0.00155748
ASCC1	0.00193224
ASCC2	0.00186221
ASCC3	0.00205615
ASCL1	0.00198175
ASCL2	0.0011145
ASCL4	0.00157296
ASCL5	0.00110367
ASGR1	0.00188175
ASGR2	0.0020834
ASH1L	0.00183074
ASH2L	0.000706285
ASH2LP1	0.00218041
ASIC1	0.00275058
ASIC2	0.0021375
ASIC5	0.00173515
ASIP	0.00263092
ASNS	0.00170502
ASNSP3	0.00103112
ASNSP4	0.000349938
ASPA	0.0013222
ASPG	0.00158358
ASPH	0.00137435
ASPHD1	0.00181628
ASPSCR1	0.00121791
ASRGL1	0.00232626
ASS1	0.00163768
ASS1P10	0.00220281
ASS1P11	0.00176122
ASTN1	0.00220864
ASTN2	0.0017881
ASUN	0.00151422
ASXL1	0.00206455
ASXL2	0.00137614
ASXL3	0.00135155
ATAD1	0.00233032
ATAD2B	0.00186734
ATAD3A	0.00095428
ATCAY	0.00105736
ATE1	0.00160868
ATF1P1	0.00210898
ATF2	0.00137276
ATF3	0.00170707
ATF6	0.00142178
ATF7	0.00264318
ATF7IP	0.00133801
ATF7IP2	0.00141983
ATG10	0.00193691
ATG16L1	0.00131282
ATG2B	0.00107027
ATG3	0.00159265
ATG3P1	0.00205545
ATG4B	0.00238677
ATG4C	0.00166517
ATG5	0.00254346
ATG7	0.00112433
ATHL1	0.000863379
ATL2	0.00298706
ATM	0.00183203
ATN1	0.00238176
ATOH1	0.0013682
ATOH7	0.00270475
ATOH8	0.00142297
ATP10A	0.00171859
ATP10B	0.00165422
ATP10D	0.00140399
ATP11A	0.00131002
ATP11B	0.00202738
ATP12A	0.00198921
ATP13A3	0.00178432
ATP13A4	0.00169507
ATP13A5	0.00149129
ATP1A1	0.00167576
ATP1A1OS	0.00161362
ATP1A2	0.0014356
ATP1A3	0.00114741
ATP1A4	0.00136896
ATP1B1	0.00184507
ATP1B2	0.00378664
ATP2A3	0.00101394
ATP2B1	0.00204676
ATP2B2	0.00177506
ATP2B4	0.00134997
ATP2C1	0.001408
ATP2C2	0.00155088
ATP4A	0.00141826
ATP4B	0.0018998
ATP5A1P5	0.00140459
ATP5C1	0.00145752
ATP5C1P1	0.00115925
ATP5D	0.00206307
ATP5F1P4	0.00161594
ATP5F1P6	0.00143824
ATP5G1P3	0.00197886
ATP5G1P7	0.00161259
ATP5G3	0.00133975
ATP5J2P3	0.0019249
ATP5LP2	0.00142081
ATP5LP3	0.00141279
ATP5LP4	0.000988139
ATP5O	0.00243288
ATP6AP1L	0.00191655
ATP6C	0.00154537
ATP6V0A4	0.0015097
ATP6V0D2	0.00236846
ATP6V0E1	0.00139016
ATP6V0E1P3	0.0015663
ATP6V0E1P4	0.00231491
ATP6V1B1	0.00192564
ATP6V1B2	0.00138284
ATP6V1C1	0.00163196
ATP6V1C2	0.00229097
ATP6V1E1	0.00143129
ATP6V1E1P1	0.00266069
ATP6V1E2	0.00182091
ATP6V1G1	0.00120616
ATP6V1G1P7	0.00143357
ATP6V1G2	0.0170742
ATP6V1G2-DDX39B	0.0170742
ATP6V1G3	0.00127056
ATP6V1H	0.00165261
ATP7B	0.00198059
ATP8A1	0.00144744
ATP8A2	0.00152571
ATP8A2P3	0.00149611
ATP8B1	0.00175983
ATP8B2	0.00166972
ATP8B3	0.00158011
ATP8B4	0.00184538
ATP8B5P	0.001753
ATP9A	0.00184586
ATP9B	0.00106584
ATPIF1	0.00170719
ATRN	0.00182261
ATRNL1	0.00187503
ATXN1	0.00146373
ATXN10	0.000585426
ATXN7	0.0011101
ATXN7L1	0.00131427
ATXN7L3B	0.00231727
ATXN8OS	0.00228133
AUH	0.0012715
AURKA	0.0022499
AUTS2	0.00206116
AVEN	0.00186949
AVL9	0.00214751
AVP	0.00104278
AVPR1A	0.00194742
AXDND1	0.00188729
AXIN1	0.00316847
AXIN2	0.00127822
AY269186.2	0.00213691
AZI1	0.00158249
AZIN1	0.00177685
AZU1	0.00140076
AZU1P1	0.00110856
B3GALT1	0.00129456
B3GALT5	0.00157845
B3GALTL	0.00148987
B3GAT1	0.00152159
B3GAT2	0.0016084
B3GNT1	0.0025497
B3GNT2	0.0014672
B3GNT3	0.00091754
B3GNT5	0.00176381
B3GNT6	0.00105672
B3GNTL1	0.00126315
B4GALNT1	0.00229422
B4GALNT2	0.00194648
B4GALNT3	0.00226534
B4GALNT4	0.00104612
B4GALT1	0.00115601
B4GALT4	0.00217735
B4GALT4-AS1	0.00223492
B4GALT5	0.00160291
B4GALT6	0.00198203
BAALC	0.00174905
BACE2	0.00256647
BACH1	0.00239326
BACH1-IT1	0.00239326
BACH2	0.00198871
BAD	0.00195585
BAG3	0.00114512
BAHD1	0.00154255
BAI1	0.00184655
BAI3	0.00227797
BAIAP2	0.00166706
BAIAP2-AS1	0.00169754
BAIAP2L1	0.00147352
BAIAP2L2	0.00252795
BAK1	0.00494251
BAK1P2	0.00112709
BAMBI	0.00140869
BANF2	0.00350686
BANK1	0.00205672
BANP	0.00263381
BARD1	0.00151607
BARHL2	0.00165584
BARX1	0.00242151
BARX2	0.00152756
BASP1	0.000913415
BATF	0.00186456
BATF3	0.00195773
BAZ1A	0.00164835
BAZ2B	0.00123274
BBC3	0.00129713
BBOX1	0.00106727
BBS10	0.00159444
BBS2	0.00223194
BBS4	0.00164136
BBS5	0.00209257
BBS7	0.00217851
BBS9	0.00151938
BBX	0.00160834
BCAM	0.00258218
BCAN	0.00171085
BCAR1	0.00166043
BCAR3	0.00183417
BCAS1	0.00133801
BCAS2	0.00113899
BCAS2P1	0.00141193
BCAS2P3	0.00229826
BCAS3	0.00227645
BCAS4	0.00224288
BCAT1	0.00146705
BCAT2	0.00172336
BCHE	0.00205524
BCKDHA	0.00174387
BCKDHB	0.00271201
BCL10	0.00170248
BCL11A	0.0015663
BCL11B	0.00133424
BCL2	0.00145692
BCL2A1	0.00221128
BCL2L1	0.00189541
BCL2L11	0.00141787
BCL2L12	0.00142766
BCL2L13	0.00142058
BCL2L14	0.00168706
BCL2L2-PABPN1	0.00160206
BCL3	0.00223473
BCL6	0.00168666
BCL6B	0.00240494
BCL7A	0.00186662
BCL7B	0.00235336
BCL9	0.00200167
BCL9L	0.00151809
BCLAF1	0.000388589
BCMO1	0.00101811
BCO2	0.00148709
BCR	0.00168696
BCRP2	0.00208934
BCRP9	0.00189901
BCYRN1	0.00166246
BDH1	0.00148783
BDH2P1	0.00149426
BDKRB1	0.00111615
BDKRB2	0.00169833
BDNF-AS	0.00137862
BDP1	0.00137707
BEAN1	0.00204124
BECN1P1	0.00244313
BEGAIN	0.00190036
BEND3	0.00165936
BEND3P2	0.00260552
BEND4	0.00142164
BEND5	0.00170318
BEND7	0.00206083
BEST1	0.00239246
BEST3	0.00222154
BET1	0.000813676
BFSP1	0.00225159
BFSP2	0.00142962
BFSP2-AS1	0.00142962
BHLHA9	0.00154425
BHLHE23	0.00195952
BHLHE40	0.00197211
BHLHE40-AS1	0.00173747
BHLHE41	0.00137442
BICC1	0.00177869
BICD1	0.00206789
BICD2	0.00265559
BID	0.00145392
BIK	0.00173044
BIN1	0.00156408
BIN2P1	0.0019267
BIN3	0.00129487
BIRC2	0.0013004
BIRC5	0.00144177
BIRC6	0.00167049
BIRC8	0.00141948
BIVM-ERCC5	0.00193938
BLACE	0.00201988
BLCAP	0.00142181
BLK	0.00169074
BLM	0.00176391
BLMH	0.00256978
BLNK	0.00210395
BLOC1S4	0.00159889
BLOC1S5-TXNDC5	0.00163687
BLVRB	0.00188478
BMF	0.00134959
BMP1	0.0010391
BMP10	0.00173021
BMP2	0.0010398
BMP2K	0.00264374
BMP3	0.00137676
BMP4	0.00136312
BMP5	0.00154152
BMP6	0.00134316
BMP7	0.00182587
BMP8B	0.0016843
BMPER	0.000935067
BMPR1A	0.00197214
BMPR1APS2	0.00131482
BMPR1B	0.00187283
BMPR2	0.0016349
BMS1	0.00236806
BMS1P19	0.00181574
BNC1	0.00145762
BNC2	0.00174674
BNIP1	0.00137056
BNIP2	0.00153987
BNIP3	0.00170242
BNIP3L	0.00172813
BNIP3P1	0.00113601
BNIP3P7	0.00226187
BOC	0.0015311
BOD1	0.00132518
BOD1L1	0.000622324
BOK	0.0022014
BOK-AS1	0.00195028
BOLA3	0.00179856
BOP1	0.0019799
BPGM	0.00203194
BPHL	0.00119747
BPI	0.00188716
BPIFA4P	0.00286845
BPIFB1	0.00287673
BPIFB2	0.00298649
BPIFB3	0.00312296
BPIFB4	0.00317303
BPIFB5P	0.00286743
BPIFB9P	0.00282087
BPIFC	0.00148298
BPTF	0.00126394
BRAF	0.0012005
BRAT1	0.0028187
BRCA1	0.00261407
BRCA2	0.00137645
BRD2	0.00813132
BRD3	0.00220559
BRD7	0.00149648
BRD7P1	0.00135357
BRD7P5	0.00140188
BRD7P6	0.00169931
BRDT	0.00190406
BRE	0.00189181
BRF1	0.000866085
BRI3BP	0.0013579
BRINP1	0.00115769
BRINP2	0.00230688
BRINP3	0.00189976
BRIP1	0.00115369
BRK1	0.00117761
BRMS1L	0.00164761
BRPF3	0.00206371
BRSK1	0.00179438
BRSK2	0.00162967
BRWD1	0.00143558
BSG	0.00120318
BSND	0.00196917
BSPH1	0.00193532
BSPRY	0.00157945
BST1	0.00132722
BSX	0.00221662
BTAF1	0.00216571
BTBD1	0.00151273
BTBD10	0.00157561
BTBD11	0.00163409
BTBD16	0.00192249
BTBD2	0.00167368
BTBD3	0.00184593
BTBD7P2	0.00228568
BTBD8	0.00195806
BTBD9	0.00177933
BTC	0.00111183
BTF3L4P3	0.000869995
BTF3P11	0.00112202
BTF3P13	0.00179273
BTF3P14	0.00160515
BTF3P2	0.0011003
BTF3P7	0.00199611
BTG4	0.00167606
BTLA	0.00190544
BTN1A1	0.0072764
BTN3A2	0.0072213
BTNL2	0.00988956
BTNL8	0.00138493
BTNL9	0.00147632
BTRC	0.00190543
BUB1B	0.00119616
BUD13	0.00225358
BVES	0.00182093
BX322557.13	0.00166235
BZRAP1-AS1	0.00162968
BZW2	0.00172654
C10orf105	0.0021172
C10orf107	0.00161645
C10orf11	0.00117174
C10orf112	0.00146225
C10orf113	0.00184768
C10orf115	0.00129489
C10orf120	0.00228632
C10orf126	0.00152817
C10orf128	0.00240203
C10orf131	0.00159684
C10orf137	0.0014793
C10orf35	0.0013577
C10orf40	0.00172648
C10orf53	0.00185407
C10orf54	0.00242748
C10orf55	0.00151734
C10orf68	0.00207515
C10orf71	0.00273478
C10orf71-AS1	0.00263915
C10orf82	0.00127082
C10orf85	0.00163685
C10orf90	0.00188117
C10orf91	0.002629
C10orf95	0.00243807
C10orf99	0.00219557
C11orf21	0.000922198
C11orf30	0.00132489
C11orf40	0.00157265
C11orf44	0.00114632
C11orf45	0.00127907
C11orf49	0.00220772
C11orf53	0.0011202
C11orf58	0.00096772
C11orf63	0.00216106
C11orf65	0.00183203
C11orf70	0.00150047
C11orf72	0.00244149
C11orf73	0.00229758
C11orf82	0.00150402
C11orf84	0.00124119
C11orf96	0.00121977
C12orf36	0.0020562
C12orf4	0.00138267
C12orf40	0.00202491
C12orf42	0.00215698
C12orf45	0.00183133
C12orf49	0.00149683
C12orf5	0.00116528
C12orf50	0.00212875
C12orf55	0.00209653
C12orf56	0.00166124
C12orf60	0.00135057
C12orf66	0.00166469
C12orf73	0.00145881
C12orf74	0.00241465
C12orf75	0.0016762
C12orf77	0.00150901
C12orf79	0.00120707
C13orf35	0.000962105
C14orf1	0.00185255
C14orf105	0.00110148
C14orf132	0.00155467
C14orf159	0.0022943
C14orf164	0.00179977
C14orf166B	0.00166338
C14orf177	0.00170725
C14orf182	0.00128602
C14orf23	0.000958057
C14orf37	0.00095427
C14orf39	0.00187649
C14orf64	0.00178144
C14orf79	0.00105104
C14orf80	0.00088136
C15orf26	0.001495
C15orf27	0.00148027
C15orf32	0.00238342
C15orf38	0.00126455
C15orf38-AP3S2	0.00126455
C15orf39	0.00192493
C15orf41	0.00220188
C15orf52	0.00130103
C15orf53	0.00159223
C15orf56	0.00137972
C15orf59	0.00170598
C15orf60	0.00175984
C16orf11	0.00203585
C16orf45	0.0012652
C16orf47	0.00161525
C16orf52	0.00100461
C16orf59	0.00155649
C16orf62	0.00136728
C16orf72	0.000918691
C16orf74	0.00212183
C16orf78	0.00105818
C16orf82	0.00178323
C16orf89	0.00165874
C16orf95	0.00182655
C16orf96	0.001597
C16orf97	0.00170163
C17orf102	0.00103292
C17orf112	0.00221446
C17orf51	0.00182774
C17orf53	0.00259904
C17orf59	0.000928166
C17orf61-PLSCR3	0.00323399
C17orf67	0.00109788
C17orf70	0.00114612
C17orf76-AS1	0.00198728
C17orf77	0.00146166
C17orf78	0.00129841
C17orf82	0.00221887
C17orf85	0.000871647
C17orf96	0.00210838
C17orf97	0.00222646
C17orf99	0.00147446
C18orf25	0.00139745
C18orf42	0.00100589
C18orf56	0.00165993
C18orf63	0.0015114
C19orf10	0.00116582
C19orf12	0.00109353
C19orf24	0.0021452
C19orf25	0.00111181
C19orf35	0.00114776
C19orf45	0.0014044
C19orf48	0.00118746
C19orf54	0.00166458
C19orf57	0.00122138
C19orf59	0.000891868
C19orf60	0.00151995
C19orf66	0.00221858
C19orf68	0.00177866
C19orf81	0.0012068
C1D	0.00212326
C1DP3	0.00280424
C1GALT1	0.00195819
C1QA	0.00164664
C1QB	0.00164853
C1QBPP	0.00138411
C1QL1	0.00431264
C1QL2	0.00177285
C1QL3	0.00133985
C1QTNF5	0.00173063
C1QTNF6	0.00110189
C1QTNF7	0.00116998
C1QTNF8	0.0014246
C1QTNF9	0.00207764
C1QTNF9B	0.00138986
C1R	0.00227974
C1RL	0.0020445
C1S	0.002311
C1orf100	0.00153645
C1orf101	0.000614825
C1orf105	0.00173542
C1orf106	0.0014266
C1orf109	0.00179303
C1orf110	0.00143024
C1orf112	0.00175343
C1orf127	0.00144743
C1orf132	0.00253281
C1orf141	0.00192995
C1orf159	0.00153716
C1orf167	0.00188399
C1orf168	0.00119634
C1orf173	0.00183279
C1orf174	0.000679407
C1orf177	0.00239627
C1orf180	0.00190331
C1orf198	0.00220137
C1orf204	0.00111611
C1orf21	0.00127855
C1orf210	0.00227541
C1orf222	0.0022548
C1orf226	0.00109127
C1orf228	0.00166817
C1orf61	0.00176361
C1orf63	0.00238009
C1orf65	0.00242
C1orf87	0.00127301
C1orf94	0.00210639
C1orf95	0.0016823
C2	0.0157163
C20orf112	0.00211855
C20orf187	0.000944925
C20orf194	0.00160774
C20orf195	0.00229922
C20orf196	0.00126302
C20orf197	0.00143232
C20orf202	0.0010118
C20orf203	0.00228429
C20orf26	0.00151544
C20orf27	0.00204865
C20orf78	0.00133464
C20orf85	0.00191706
C20orf96	0.00282611
C21orf119	0.00133001
C21orf2	0.00198033
C21orf37	0.00181148
C21orf49	0.00186019
C21orf54	0.00152819
C21orf59	0.00195277
C21orf88	0.00157845
C21orf90	0.00190335
C21orf91	0.00213917
C21orf91-OT1	0.00237666
C22orf15	0.00187513
C22orf31	0.00150374
C22orf34	0.0019749
C22orf42	0.0017809
C22orf43	0.00153211
C2CD2	0.00116701
C2CD2L	0.00189028
C2CD3	0.00230465
C2CD4B	0.00181419
C2CD4C	0.00199323
C2orf15	0.00225519
C2orf27B	0.00161565
C2orf40	0.00179738
C2orf43	0.00161728
C2orf48	0.00139202
C2orf50	0.00148749
C2orf53	0.00202951
C2orf57	0.00171243
C2orf61	0.00202299
C2orf69	0.00133791
C2orf70	0.00196563
C2orf71	0.00206842
C2orf72	0.00141288
C2orf73	0.00183673
C2orf76	0.0018602
C2orf80	0.00228345
C2orf83	0.00154222
C2orf88	0.00202789
C2orf91	0.00111279
C3	0.0021393
C3AR1	0.00210607
C3P1	0.00222693
C3orf20	0.00151959
C3orf27	0.00196953
C3orf33	0.00228568
C3orf52	0.00223656
C3orf55	0.00190139
C3orf56	0.00154156
C3orf58	0.00176922
C3orf67	0.00180482
C3orf70	0.00200136
C3orf79	0.00228191
C3orf83	0.00147851
C4BPA	0.00265476
C4orf19	0.0019663
C4orf21	0.00171513
C4orf22	0.00119239
C4orf26	0.00199511
C4orf27	0.00164333
C4orf40	0.00136837
C4orf45	0.00213392
C4orf50	0.00295834
C4orf51	0.000952824
C4orf6	0.0024527
C5AR1	0.00116747
C5AR2	0.00115755
C5orf17	0.00146299
C5orf24	0.00190481
C5orf30	0.00242815
C5orf38	0.00192251
C5orf42	0.0021578
C5orf45	0.00172477
C5orf46	0.00165197
C5orf48	0.000967076
C5orf49	0.00125126
C5orf50	0.00105007
C5orf56	0.00413758
C5orf58	0.00110687
C5orf64	0.0015273
C6	0.00178546
C6orf10	0.0107257
C6orf118	0.00209135
C6orf123	0.000444546
C6orf132	0.00164843
C6orf141	0.00172512
C6orf183	0.00216345
C6orf195	0.00113686
C6orf201	0.000806413
C6orf203	0.00185399
C6orf222	0.00191601
C6orf25	0.0156045
C6orf52	0.00102837
C6orf58	0.00131575
C6orf89	0.00166678
C6orf99	0.00172198
C7	0.00193137
C7orf10	0.00192088
C7orf33	0.0012961
C7orf41	0.00149515
C7orf49	0.00139395
C7orf50	0.00174147
C7orf55-LUC7L2	0.00276709
C7orf57	0.0014227
C7orf60	0.00175023
C7orf65	0.00118024
C7orf66	0.00177096
C7orf71	0.00255612
C7orf72	0.00195909
C8A	0.00119768
C8B	0.00127701
C8orf12	0.00159334
C8orf17	0.00168503
C8orf22	0.000645315
C8orf31	0.00191191
C8orf33	0.00152579
C8orf34	0.0020393
C8orf37	0.00155288
C8orf4	0.00162165
C8orf46	0.00128125
C8orf47	0.0017001
C8orf74	0.00132732
C8orf86	0.00136997
C8orf87	0.00181511
C9	0.00156598
C9orf106	0.00161979
C9orf114	0.00150974
C9orf116	0.00194001
C9orf135	0.00232327
C9orf135-AS1	0.00193706
C9orf153	0.00145321
C9orf156	0.00174788
C9orf170	0.00218242
C9orf171	0.0018306
C9orf3	0.00124195
C9orf41	0.00117978
C9orf47	0.00146115
C9orf50	0.00156924
C9orf57	0.00197163
C9orf62	0.000853218
C9orf66	0.00284702
C9orf69	0.00148506
C9orf72	0.000832655
C9orf84	0.00233642
C9orf85	0.00141343
C9orf89	0.00256322
C9orf92	0.0015993
C9orf96	0.00265188
CA10	0.00186766
CA12	0.00186364
CA13	0.0017987
CA4	0.000615693
CA5A	0.00252496
CA6	0.00196993
CA8	0.00187609
CAB39	0.0012146
CAB39L	0.0016838
CABIN1	0.00113047
CABLES1	0.00158947
CABLES2	0.00243036
CABP1	0.00270514
CABP4	0.00234307
CABP5	0.00142372
CABP7	0.00184105
CABS1	0.00163074
CABYR	0.00213885
CABYRP1	0.0015819
CACFD1	0.00261329
CACHD1	0.00180691
CACNA1A	0.00145754
CACNA1B	0.00156497
CACNA1C	0.00196269
CACNA1C-IT1	0.00138481
CACNA1D	0.00197989
CACNA1E	0.0017961
CACNA1G	0.00154747
CACNA1H	0.0016218
CACNA1I	0.00136847
CACNA1S	0.00139219
CACNA2D1	0.00129622
CACNA2D3	0.00156146
CACNA2D3-AS1	0.00125042
CACNA2D4	0.00125327
CACNB1	0.00205245
CACNB2	0.00184547
CACNB3	0.00192171
CACNB4	0.00221323
CACNG2	0.00133657
CACNG3	0.00161273
CACNG4	0.00105108
CACNG5	0.000877048
CACNG6	0.00098376
CACNG7	0.00114806
CACNG8	0.00098255
CACUL1	0.00174834
CACYBPP2	0.00103823
CADM1	0.00194032
CADM2	0.00204762
CADM3	0.00157442
CADPS	0.00148934
CADPS2	0.00126024
CAGE1	0.00153213
CALB1	0.00176523
CALCB	0.000863083
CALCOCO1	0.00266507
CALCR	0.000820585
CALCRL	0.0028498
CALD1	0.00186298
CALM1	0.00147959
CALM1P2	0.00174654
CALM2	0.00181462
CALM2P1	0.00142896
CALM2P4	0.00153741
CALML3	0.00251704
CALML3-AS1	0.00251009
CALML5	0.00242253
CALN1	0.00252221
CALU	0.00152187
CAMK1D	0.00303026
CAMK1G	0.00142391
CAMK2A	0.00201038
CAMK2B	0.00147344
CAMK2D	0.00204616
CAMK2G	0.00149027
CAMK2N1	0.00191201
CAMK4	0.00146735
CAMKK1	0.000921516
CAMKK2	0.00227682
CAMKMT	0.00212573
CAMSAP1	0.000980954
CAMSAP2	0.00141989
CAMSAP3	0.00124258
CAMTA1	0.0015089
CAND1	0.00142715
CAND2	0.00168625
CANT1	0.00164471
CAP1	0.00134113
CAP2	0.00128732
CAPN10	0.00170336
CAPN11	0.00167447
CAPN13	0.00224572
CAPN14	0.00155732
CAPN15	0.00204995
CAPN5	0.00098523
CAPN8	0.00468088
CAPN9	0.00216282
CAPNS1	0.00241446
CAPRIN1	0.00141216
CAPS2	0.00160724
CAPZA3	0.00245533
CAPZB	0.00204005
CARD10	0.00267953
CARD11	0.00193639
CARD14	0.00131141
CARD18	0.0025718
CARD8	0.00179793
CARF	0.00163145
CARHSP1	0.00108309
CARKD	0.00147675
CARM1P1	0.0020853
CARS	0.0010469
CARS2	0.00131649
CARTPT	0.00141651
CASC11	0.00123585
CASC15	0.00175367
CASC16	0.00208327
CASC17	0.00167504
CASC2	0.00128777
CASC5	0.00161014
CASC6	0.00202331
CASC7	0.00124013
CASC8	0.00166815
CASC9	0.0014545
CASKIN1	0.00144831
CASP1	0.00260715
CASP14	0.00142945
CASP16	0.00141307
CASP3P1	0.00223765
CASP4	0.0025121
CASP5	0.00261399
CASQ1	0.00096334
CASQ2	0.0014641
CASR	0.00216931
CASS4	0.00179625
CAST	0.00171913
CASZ1	0.0020157
CAT	0.00141651
CATSPER3	0.00217579
CATSPERB	0.00155334
CATSPERD	0.00137858
CATSPERG	0.00140134
CATX-2	0.00174172
CAV1	0.00103592
CAV2	0.00106983
CAV3	0.00126187
CBFA2T2	0.00281254
CBFA2T3	0.00324908
CBL	0.00185983
CBLB	0.00157797
CBLC	0.00249139
CBLL1	0.00119387
CBLN1	0.0010223
CBLN2	0.00162202
CBLN3	0.00355733
CBLN4	0.0016716
CBR4	0.000718794
CBS	0.00242851
CBWD2	0.00274621
CBWD5	0.00159888
CBWD6	0.00156084
CBX1P5	0.00175698
CBX2	0.000863243
CBX3P2	0.00225381
CBX3P4	0.00154136
CBX3P6	0.00124676
CBX6	0.00145057
CBX7	0.00166944
CBY3	0.00171216
CC2D2A	0.00124717
CCAR1	0.00255159
CCAT1	0.00155502
CCBE1	0.000861001
CCBL2	0.00276979
CCDC102A	0.001823
CCDC102B	0.00181246
CCDC105	0.00135702
CCDC108	0.00145397
CCDC109B	0.00178528
CCDC11	0.00186931
CCDC110	0.00201167
CCDC112	0.00233197
CCDC113	0.00149815
CCDC116	0.00179255
CCDC11P1	0.00181637
CCDC122	0.000913907
CCDC124	0.00145061
CCDC126	0.00256636
CCDC129	0.00210079
CCDC13	0.00166378
CCDC13-AS1	0.00166378
CCDC130	0.00118538
CCDC132	0.00100655
CCDC135	0.00114583
CCDC138	0.0018797
CCDC141	0.00310948
CCDC144A	0.00207278
CCDC144B	0.00322294
CCDC146	0.00157211
CCDC147	0.00249037
CCDC147-AS1	0.00249416
CCDC148	0.00218391
CCDC148-AS1	0.00218391
CCDC149	0.00374425
CCDC15	0.00160957
CCDC150	0.0016072
CCDC152	0.00145354
CCDC154	0.00146166
CCDC155	0.00189413
CCDC158	0.00315572
CCDC168	0.00220107
CCDC169-SOHLH2	0.00145721
CCDC170	0.00170072
CCDC171	0.00172982
CCDC172	0.00126182
CCDC173	0.00214185
CCDC178	0.00125692
CCDC18	0.00181398
CCDC180	0.00160261
CCDC19	0.00113742
CCDC25	0.0019971
CCDC26	0.00130512
CCDC27	0.00126455
CCDC28A	0.00212807
CCDC3	0.00214884
CCDC30	0.00216083
CCDC33	0.00233001
CCDC34	0.00125609
CCDC37	0.00129552
CCDC39	0.000922629
CCDC40	0.00119426
CCDC41	0.00202391
CCDC42	0.00181177
CCDC50	0.00229277
CCDC51	0.00361023
CCDC57	0.00184429
CCDC58P2	0.00174894
CCDC59	0.00181964
CCDC6	0.00185013
CCDC60	0.0014745
CCDC61	0.00113447
CCDC62	0.00338797
CCDC63	0.00284651
CCDC64	0.0017324
CCDC65	0.00234573
CCDC66	0.00168865
CCDC67	0.00158247
CCDC68	0.00199976
CCDC69	0.00217084
CCDC7	0.00207515
CCDC70	0.00191876
CCDC73	0.00126086
CCDC75P1	0.00208053
CCDC77	0.00227289
CCDC8	0.00152849
CCDC80	0.00158616
CCDC81	0.00229474
CCDC83	0.00229703
CCDC84	0.00158175
CCDC85A	0.00152595
CCDC85C	0.00163523
CCDC88A	0.00177359
CCDC88C	0.00168816
CCDC9	0.00130042
CCDC91	0.00211585
CCDC92	0.00261554
CCDC93	0.00201232
CCDC94	0.0011227
CCER1	0.00171644
CCK	0.00108979
CCKAR	0.00174138
CCKBR	0.00162061
CCL1	0.00121089
CCL13	0.00117979
CCL14	0.00134751
CCL15-CCL14	0.00134751
CCL17	0.00216449
CCL18	0.00166513
CCL19	0.00186827
CCL20	0.000943436
CCL23	0.00165383
CCL24	0.00203445
CCL25	0.00185239
CCL26	0.00204566
CCL28	0.00137539
CCL3	0.00166731
CCL8	0.00109479
CCM2	0.0010552
CCM2L	0.00203811
CCNA1	0.00146394
CCND1	0.00160444
CCND2	0.00100067
CCND3	0.00243647
CCNE1	0.00104982
CCNF	0.00160235
CCNG2	0.00233718
CCNI	0.00161941
CCNI2	0.00266805
CCNJL	0.00141767
CCNK	0.00163523
CCNT1	0.0015635
CCNT2	0.0379503
CCNY	0.00153737
CCNYL1	0.00159526
CCNYL2	0.00227514
CCPG1	0.00157531
CCR12P	0.00229678
CCR3	0.00295418
CCR4	0.00151531
CCR6	0.00296553
CCR7	0.000959753
CCRL2	0.00298087
CCSAP	0.00143533
CCSER1	0.00189084
CCSER2	0.00233731
CCT2	0.0020841
CCT3	0.00187506
CCT4	0.00128488
CCT5P1	0.00184094
CCT5P2	0.00224231
CCT8L1P	0.000705542
CCT8L2	0.00132062
CCZ1	0.00229004
CCZ1B	0.00140786
CD101	0.00166816
CD109	0.00168294
CD163	0.00176076
CD163L1	0.00175791
CD177	0.00115359
CD180	0.00124283
CD1A	0.00228264
CD1B	0.0023469
CD2	0.00151461
CD200	0.00222932
CD200R1L	0.00178623
CD207	0.00222815
CD209	0.000979537
CD22	0.00124435
CD226	0.00163502
CD247	0.000817197
CD27-AS1	0.00141991
CD274	0.00157297
CD28	0.00164278
CD2AP	0.00110167
CD300A	0.00184988
CD300E	0.00134907
CD300LB	0.00164
CD300LD	0.00146166
CD300LF	0.00113908
CD33	0.00205541
CD34	0.00242745
CD36	0.00115045
CD38	0.00142121
CD3E	0.00173328
CD4	0.00227593
CD40	0.00252558
CD44	0.00260326
CD46	0.00267855
CD47	0.00215632
CD48	0.000802554
CD5	0.0010456
CD53	0.00154493
CD58	0.00141622
CD59	0.00132926
CD5L	0.00179281
CD6	0.00147579
CD69	0.00169636
CD7	0.00166039
CD70	0.00231528
CD74	0.00143577
CD80	0.00274568
CD82	0.000998557
CD83	0.00189908
CD86	0.0024069
CD8B	0.0021321
CD9	0.00145533
CD96	0.00176661
CD97	0.00146642
CDA	0.00211341
CDC123	0.00283754
CDC14A	0.0016866
CDC14B	0.00163105
CDC25B	0.00217844
CDC26	0.00160338
CDC34	0.000996548
CDC37L1	0.00197519
CDC40	0.00104122
CDC42	0.0013255
CDC42BPA	0.00197189
CDC42BPB	0.0015603
CDC42BPG	0.00183176
CDC42EP1	0.00272285
CDC42EP3	0.00236428
CDC42EP4	0.00120078
CDC42EP5	0.00106063
CDC5L	0.00138731
CDC7	0.00199421
CDC73	0.00106151
CDCA2	0.00149705
CDCA7	0.00146926
CDCA7L	0.00182437
CDCA8	0.00187197
CDCP1	0.0022071
CDCP2	0.00162672
CDH1	0.00270178
CDH10	0.00136901
CDH11	0.00161233
CDH12	0.00282385
CDH13	0.00315597
CDH17	0.00285327
CDH18	0.00243513
CDH19	0.00207842
CDH2	0.00123134
CDH20	0.00166283
CDH22	0.00218284
CDH23	0.00249965
CDH26	0.00138947
CDH3	0.00269012
CDH4	0.00243924
CDH5	0.00195644
CDH6	0.00140385
CDH7	0.00219303
CDH8	0.000882861
CDH9	0.0018616
CDHR2	0.00231642
CDHR3	0.00137508
CDK1	0.001543
CDK11A	0.00144486
CDK12	0.00199922
CDK13	0.00156237
CDK14	0.00256515
CDK15	0.00115361
CDK17	0.00207971
CDK18	0.00186932
CDK19	0.00166289
CDK20	0.00189051
CDK3	0.00172174
CDK5RAP2	0.0014172
CDK6	0.00158519
CDK7	0.00182065
CDK8	0.00170721
CDK9	0.00222614
CDKAL1	0.00193457
CDKL1	0.0016045
CDKL3	0.00161601
CDKL4	0.00166805
CDKN1B	0.0013768
CDKN1C	0.00114964
CDKN2A	0.00179955
CDKN2AIP	0.00185434
CDKN2AIPNLP1	0.00151944
CDKN2B-AS1	0.00201174
CDKN3	0.00123407
CDON	0.00151366
CDR2	0.000982761
CDR2L	0.00145176
CDRT1	0.00245987
CDRT15	0.000980725
CDRT4	0.0018791
CDRT8	0.00184985
CDS2	0.00190701
CDT1	0.00263293
CDX1	0.00158269
CDYL	0.00157467
CDYL2	0.00133086
CEA	0.0016575
CEACAM1	0.000951944
CEACAM16	0.00203279
CEACAM18	0.00123953
CEACAM19	0.00213374
CEACAM20	0.00264246
CEACAM21	0.0018723
CEACAM22P	0.00234485
CEACAM5	0.0016575
CEACAM6	0.00162248
CEACAMP10	0.00141074
CEACAMP3	0.00183212
CEACAMP4	0.00137933
CEACAMP9	0.00137105
CEBPA	0.00115277
CEBPB	0.00143734
CEBPE	0.00134995
CECR1	0.00133277
CECR2	0.0012064
CECR3	0.00185702
CECR5	0.000916752
CECR7	0.00184678
CECR9	0.00175188
CELA1	0.00197172
CELA3B	0.00142926
CELF2	0.00222562
CELF2-AS2	0.00221335
CELF4	0.00142455
CELF5	0.00148707
CELSR1	0.00175867
CELSR2	0.00191719
CEND1P1	0.0012131
CENPB	0.00210397
CENPC	0.00215527
CENPE	0.00208383
CENPF	0.00164178
CENPIP1	0.0015585
CENPN	0.00092255
CENPP	0.00262063
CENPQ	0.0016504
CENPV	0.00205623
CENPW	0.00105094
CEP104	0.00071309
CEP112	0.00140105
CEP120	0.0016864
CEP128	0.00106827
CEP135	0.00183897
CEP152	0.00114053
CEP164	0.00224623
CEP164P1	0.00197531
CEP170	0.00131625
CEP170B	0.00082412
CEP170P1	0.00270029
CEP192	0.00139022
CEP250	0.00239768
CEP290	0.00188731
CEP350	0.00177942
CEP41	0.00130295
CEP44	0.00136011
CEP55	0.00199062
CEP63	0.00203287
CEP72	0.00191305
CEP78	0.00121843
CEP85L	0.00226966
CEP89	0.00172106
CER1	0.00184431
CERCAM	0.00135447
CERK	0.00167844
CERKL	0.0012948
CERS1	0.00123268
CERS3	0.00156174
CERS4	0.00188134
CERS6	0.00145727
CERS6-AS1	0.00136745
CES1	0.00425671
CES1P1	0.00308516
CES1P2	0.00231946
CES5A	0.00365986
CES5AP1	0.00222833
CETN1	0.00115062
CETN4P	0.00181051
CETP	0.00204504
CFB	0.0157163
CFD	0.00139373
CFDP1	0.00179483
CFH	0.00172741
CFI	0.00194471
CFL1	0.00238159
CFL1P1	0.00233032
CFL1P4	0.00250125
CFTR	0.00176086
CGB7	0.00199271
CGGBP1	0.00151759
CGN	0.0016757
CGNL1	0.00148365
CH17-12M21.1	0.00197915
CHAF1A	0.000887132
CHAT	0.00197614
CHCHD2P3	0.00194737
CHCHD2P4	0.00128602
CHCHD2P9	0.00154691
CHCHD3	0.00170983
CHCHD3P1	0.001524
CHCHD4P2	0.00193518
CHCHD6	0.00108466
CHCHD7	0.00133838
CHD1	0.00222606
CHD1L	0.00210844
CHD2	0.0015889
CHD5	0.00177699
CHD6	0.00111968
CHD7	0.00166233
CHD8	0.000993081
CHD9	0.00129637
CHDH	0.00174912
CHFR	0.00181763
CHGA	0.00116488
CHGB	0.00163232
CHI3L1	0.00106766
CHI3L2	0.00140895
CHIAP1	0.00140489
CHIAP2	0.00136492
CHIC2	0.00129248
CHIT1	0.00109914
CHKB	0.0016866
CHL1	0.00299016
CHL1-AS1	0.00297171
CHL1-AS2	0.00230964
CHML	0.00115065
CHMP2A	0.00167069
CHMP3	0.00184984
CHMP4B	0.00260579
CHMP6	0.00176385
CHMP7	0.00108779
CHN1	0.00147092
CHN2	0.00302614
CHODL	0.0019215
CHODL-AS1	0.00198451
CHORDC1	0.00429259
CHP2	0.00127839
CHPT1	0.00154066
CHRD	0.00172119
CHRDL2	0.001725
CHRM2	0.00118825
CHRM3	0.00178774
CHRM3-AS1	0.00178774
CHRM3-AS2	0.00172096
CHRM5	0.00167631
CHRNA2	0.00197216
CHRNA4	0.0025906
CHRNA5	0.00274587
CHRNA6	5.18164e-05
CHRNA7	0.00182859
CHRNA9	0.00205525
CHRNB2	0.00174928
CHRNB3	0.000382121
CHRNB4	0.00278199
CHRND	0.00121801
CHST1	0.00150138
CHST11	0.00200558
CHST12	0.00181947
CHST15	0.00245417
CHST3	0.00238981
CHST6	0.00160643
CHST8	0.00149342
CHST9	0.000882595
CHSY1	0.00167243
CHSY3	0.00352596
CHTF18	0.0016538
CHUK	0.00163616
CHURC1	0.00199937
CHURC1-FNTB	0.00199937
CIB4	0.00190605
CICP13	0.00240981
CICP17	0.00125195
CICP24	0.00357177
CIDEA	0.0015104
CIDEC	0.00109168
CIITA	0.0013757
CILP	0.00162839
CIR1P2	0.0021558
CIRBP	0.00215361
CISD1P1	0.00163682
CIT	0.00174584
CITED2	0.00165148
CITED4	0.00138344
CITF22-24E5.1	0.000764945
CITF22-49D8.1	0.00184966
CIZ1	0.00145072
CKAP2L	0.00288102
CKAP4	0.00130805
CKM	0.00149943
CKMT2-AS1	0.00158924
CLASP1	0.00155601
CLASP2	0.0016167
CLASRP	0.00163199
CLC	0.00184097
CLCA1	0.00224606
CLCA2	0.00242479
CLCC1	0.00141194
CLCN1	0.00128007
CLCN2	0.00167467
CLCN3	0.00155677
CLCN6	0.00258009
CLCN7	0.00153749
CLCNKB	0.00212307
CLDN1	0.00119151
CLDN10	0.00188775
CLDN10-AS1	0.00176691
CLDN11	0.00182587
CLDN12	0.00256515
CLDN14	0.0014097
CLDN16	0.00115854
CLDN17	0.000853094
CLDN18	0.00171993
CLDN20	0.00106767
CLDN23	0.00217588
CLDN4	0.00147447
CLDN5	0.00106258
CLDN9	0.00158672
CLDND1	0.0020605
CLDND2	0.00169329
CLEC10A	0.00228036
CLEC11A	0.000892277
CLEC12A	0.00221414
CLEC16A	0.00154059
CLEC17A	0.00137765
CLEC19A	0.00124739
CLEC1B	0.002224
CLEC2A	0.00208771
CLEC2B	0.00188532
CLEC2L	0.0022687
CLEC3A	0.00114069
CLEC3B	0.00172802
CLEC4A	0.00284865
CLEC4C	0.00176998
CLEC4D	0.00288809
CLEC4E	0.00234876
CLEC4F	0.00226155
CLEC4G	0.000982228
CLEC4GP1	0.00123544
CLEC4M	0.00110297
CLEC6A	0.00297697
CLEC9A	0.00177832
CLECL1	0.00166321
CLGN	0.00126114
CLHC1	0.00176321
CLIC4	0.0017246
CLIC5	0.00115404
CLIC6	0.00171523
CLINT1	0.00160053
CLIP1	0.00271774
CLIP2	0.00244947
CLIP3	0.00204151
CLIP4	0.00210538
CLK4	0.00174753
CLLU1OS	0.00136662
CLMN	0.0015759
CLMP	0.00226247
CLN5	0.00102142
CLN8	0.00128225
CLNK	0.00181075
CLNS1A	0.00117988
CLNS1AP1	0.0024292
CLOCK	0.00155873
CLPB	0.00148129
CLPSL1	0.00245468
CLPTM1	0.00202066
CLPTM1L	0.00134932
CLRN1	0.00109008
CLRN1-AS1	0.00132015
CLRN3	0.00120862
CLSTN1	0.00205759
CLSTN2	0.00297324
CLTA	0.00157977
CLTCL1	0.0010879
CLU	0.00231671
CLUL1	0.0015186
CLVS1	0.00161958
CLVS2	0.00169741
CLYBL	0.00218046
CMAHP	0.00285735
CMAS	0.00304611
CMBL	0.00109223
CMC1	0.00133427
CMC2	0.00092255
CMIP	0.00155008
CMKLR1	0.00102942
CMPK2	0.000715862
CMSS1	0.00256136
CMTM7	0.00133433
CMTM8	0.0014309
CMTR1	0.00141608
CMYA5	0.00164175
CNBD1	0.00204005
CNDP1	0.00128816
CNDP2	0.00134303
CNEP1R1	0.00100808
CNFN	0.00109923
CNGA1	0.00132192
CNGA3	0.00165632
CNGB1	0.00167905
CNGB3	0.00230542
CNIH3	0.00194021
CNKSR1	0.00259888
CNKSR3	0.00190711
CNN1	0.00154314
CNN2	0.00194716
CNN2P11	0.00124605
CNN2P6	0.00180099
CNN2P7	0.0010027
CNNM1	0.00198283
CNNM2	0.002812
CNOT1	0.00155106
CNOT10	0.00118822
CNOT10-AS1	0.00118822
CNOT2	0.00195672
CNOT4	0.00122416
CNOT4P1	0.00153623
CNOT6	0.00276958
CNOT6L	0.00203735
CNOT7	0.000849589
CNOT8	0.00117431
CNPY1	0.00111007
CNPY3	0.00141732
CNR1	0.00185543
CNR2	0.00194102
CNRIP1	0.00208611
CNST	0.00143991
CNTD1	0.00294364
CNTFR	0.00172581
CNTLN	0.00142062
CNTN1	0.00212202
CNTN2	0.00323537
CNTN3	0.00188223
CNTN4	0.00168706
CNTN4-AS1	0.0011627
CNTN4-AS2	0.00109844
CNTN5	0.00167733
CNTN6	0.00185304
CNTNAP2	0.00189548
CNTNAP3	0.0012676
CNTNAP4	0.00205173
CNTNAP5	0.00165398
CNTRL	0.0013263
COA1	0.0016387
COBL	0.00122916
COBLL1	0.00168438
COCH	0.00197611
COG2	0.00195338
COG3	0.00173334
COG5	0.00133948
COG6	0.00119521
COG7	0.000816369
COL11A1	0.00186586
COL11A2	0.00673808
COL12A1	0.00136941
COL13A1	0.00207736
COL14A1	0.00137865
COL15A1	0.000663031
COL16A1	0.00135611
COL17A1	0.00245945
COL18A1	0.00271074
COL18A1-AS2	0.0026371
COL19A1	0.00202015
COL1A1	0.0012434
COL1A2	0.00124274
COL20A1	0.00262049
COL21A1	0.0012877
COL22A1	0.00310897
COL23A1	0.002543
COL24A1	0.0024643
COL25A1	0.00151036
COL26A1	0.00211589
COL27A1	0.00175394
COL28A1	0.00204781
COL2A1	0.00152419
COL3A1	0.00206662
COL4A1	0.00121476
COL4A2	0.00220369
COL4A2-AS2	0.00212411
COL4A3	0.00180246
COL4A3BP	0.00215836
COL4A4	0.00157153
COL5A1	0.00187072
COL5A2	0.00172746
COL5A3	0.00214286
COL6A1	0.00133846
COL6A2	0.00091505
COL6A3	0.00175872
COL6A4P1	0.00124752
COL6A4P2	0.00261786
COL6A5	0.00230915
COL6A6	0.00177762
COL7A1	0.00360841
COL8A1	0.00252357
COL8A2	0.00111475
COL9A1	0.00162386
COL9A2	0.00171859
COL9A3	0.00144865
COLCA2	0.00159824
COLEC10	0.00230019
COLEC11	0.00140813
COLEC12	0.00209127
COLGALT2	0.00130604
COMMD1	0.00130383
COMMD10	0.00179234
COMMD9	0.00145128
COMT	0.00126631
COPG1	0.00183993
COPG2	0.00128753
COPS4	0.0018018
COPS7B	0.00182688
COPS8P3	0.00154213
COQ2	0.00197512
CORIN	0.00138888
CORO2A	0.00164079
CORO2B	0.00199096
CORO7	0.00153231
COTL1	0.0015065
COTL1P1	0.00220831
COX10	0.000767153
COX10-AS1	0.00116393
COX17	0.00288846
COX19	0.00163842
COX20	0.00141322
COX6A1	0.00249455
COX6A1P3	0.0032073
COX6B1P1	0.00166799
COX6B1P7	0.00188424
COX6CP2	0.00138854
COX6CP6	0.00169503
COX7A1	0.00257244
COX7A2L	0.00118735
COX7A2P2	0.00229178
COX7B2	0.00112085
COX7C	0.00168079
CP	0.00132302
CPA2	0.0011985
CPA3	0.00130429
CPA4	0.00119209
CPA5	0.00121878
CPA6	0.00136607
CPAMD8	0.00108044
CPB1	0.00146208
CPB2	0.00183475
CPB2-AS1	0.00183475
CPE	0.00170939
CPEB2	0.000997326
CPEB2-AS1	0.00100961
CPEB3	0.00230649
CPEB4	0.00112405
CPED1	0.00174271
CPHL1P	0.00132956
CPLX1	0.00115239
CPLX2	0.00174948
CPLX4	0.00140535
CPM	0.00156167
CPN1	0.00166795
CPN2	0.000977922
CPNE2	0.00260023
CPNE3	0.00255802
CPNE4	0.00178373
CPNE5	0.00176822
CPNE6	0.0027482
CPNE7	0.00458076
CPNE8	0.00283081
CPNE9	0.000953157
CPO	0.00158706
CPOX	0.00224855
CPPED1	0.000854126
CPQ	0.00169904
CPS1	0.00177827
CPSF2	0.00172369
CPSF3	0.00139051
CPT1A	0.00208101
CPT1C	0.00153006
CPT2	0.00111313
CPVL	0.0014421
CPXM1	0.00108504
CPXM2	0.00180536
CPZ	0.000945936
CR1	0.00272341
CR1L	0.00273233
CR2	0.00268531
CRABP1	0.00234265
CRABP2	0.00144448
CRADD	0.00273905
CRB1	0.00175013
CRB2	0.00212845
CRB3	0.00135076
CRBN	0.0014373
CRCT1	0.00258976
CREB1	0.00153596
CREB3L1	0.0019586
CREB3L2	0.00151387
CREB3L3	0.000894856
CREB5	0.00169576
CREBBP	0.00109221
CREBL2	0.00141314
CREG1	0.00109526
CRELD2	0.00123464
CRHBP	0.0026031
CRHR1	0.005307
CRHR2	0.00190501
CRIM1	0.00191077
CRIP1P3	0.00107712
CRIP1P4	0.00136943
CRIPT	0.00181525
CRISP1	0.00185156
CRISP2	0.00182782
CRISPLD1	0.00147681
CRISPLD2	0.00236787
CRK	0.000984687
CRLF1	0.00151995
CRLF3	0.00267333
CRLS1	0.00162779
CRMP1	0.0027626
CRNDE	0.000797907
CRNKL1	0.00161661
CROCC	0.00239948
CROT	0.00132327
CRPP1	0.0012235
CRTAC1	0.00228349
CRTAM	0.00201293
CRTAP	0.00162838
CRTC1	0.00143252
CRTC3	0.00178347
CRX	0.00205784
CRY1	0.00160831
CRY2	0.00162661
CRYAA	0.00271116
CRYBA1	0.00221071
CRYBA2	0.00154675
CRYBB1	0.00118784
CRYBB2	0.0010115
CRYBB2P1	0.00170702
CRYBB3	0.000878225
CRYBG3	0.00164003
CRYGB	0.0022568
CRYGEP	0.0022508
CRYGFP	0.00168748
CRYGN	0.00121788
CRYL1	0.00327679
CRYM	0.00140163
CRYM-AS1	0.00124726
CRYZ	0.00193532
CSAD	0.00301255
CSF1	0.00130229
CSF1R	0.00144871
CSF2RB	0.000687273
CSF3R	0.00156263
CSGALNACT1	0.00229953
CSGALNACT2	0.00232419
CSMD1	0.00214964
CSMD2	0.00195486
CSMD3	0.00200933
CSN1S2AP	0.00126273
CSN2	0.00122473
CSNK1A1L	0.00194916
CSNK1A1P1	0.00190806
CSNK1D	0.00163731
CSNK1E	0.00172573
CSNK1G1	0.00157189
CSNK1G2	0.00175201
CSNK1G3	0.00157536
CSNK2A1	0.0017083
CSNK2A2	0.00147036
CSPG4	0.00121777
CSPG4P13	0.00216941
CSRNP1	0.00220115
CSRNP3	0.0024612
CSRP1	0.00141247
CSRP3	0.00124946
CST1	0.00142685
CST12P	0.00166528
CST13P	0.00166852
CST3	0.00162484
CST4	0.00149057
CST5	0.0014084
CST6	0.00247337
CST7	0.00205608
CSTA	0.00189599
CSTF1	0.00196848
CSTF2T	0.00112777
CSTP1	0.00135648
CT49	0.00247999
CT64	0.00216753
CTA-109P11.1	0.00121797
CTA-109P11.4	0.00124598
CTA-125H2.1	0.00100792
CTA-125H2.2	0.00102748
CTA-126B4.7	0.00128873
CTA-134P22.2	0.00141928
CTA-150C2.13	0.00147944
CTA-204B4.2	0.00126901
CTA-211A9.5	0.00113616
CTA-217C2.1	0.00123735
CTA-217C2.2	0.00123735
CTA-21C21.1	0.00220836
CTA-221G9.7	0.0009045
CTA-246H3.8	0.00149047
CTA-249B10.1	0.00104889
CTA-254O6.1	0.00130712
CTA-268H5.14	0.00140497
CTA-268H5.9	0.00142648
CTA-277P6.1	0.00174642
CTA-280A3__B.2	0.00160524
CTA-292E10.6	0.00115037
CTA-293F17.1	0.00180342
CTA-299D3.8	0.00271576
CTA-331P3.1	0.00174967
CTA-363E6.2	0.00153188
CTA-369K23.1	0.00198071
CTA-392C11.1	0.00186151
CTA-392C11.2	0.00199623
CTA-392E5.1	0.00178978
CTA-397C4.2	0.00119681
CTA-398F10.2	0.00218738
CTA-481E9.3	0.000938157
CTA-481E9.4	0.00109715
CTA-520D8.2	0.00130674
CTA-714B7.5	0.00157632
CTA-796E4.3	0.00133201
CTA-833B7.2	0.000816262
CTA-929C8.5	0.00127566
CTA-929C8.7	0.00124291
CTA-929C8.8	0.00124439
CTA-941F9.9	0.000951241
CTA-992D9.6	0.00150994
CTA-992D9.7	0.00136243
CTAGE1	0.00179774
CTAGE11P	0.00100187
CTAGE12P	0.00128595
CTAGE13P	0.00163824
CTAGE14P	0.00139058
CTAGE16P	0.00191833
CTAGE5	0.00179111
CTB-107G13.1	0.00285467
CTB-107P3.1	0.00150215
CTB-111F10.1	0.00186982
CTB-111H14.1	0.0014214
CTB-113I20.1	0.00167755
CTB-113P19.1	0.00256156
CTB-113P19.4	0.00194885
CTB-114C7.3	0.000753026
CTB-114C7.4	0.000861782
CTB-118N6.2	0.00181586
CTB-118N6.3	0.00179331
CTB-118P15.2	0.00162342
CTB-12O2.1	0.00296475
CTB-133G6.1	0.00166275
CTB-134H23.2	0.00246499
CTB-134H23.3	0.00246928
CTB-138E5.1	0.00167157
CTB-13L3.1	0.00256515
CTB-147C22.3	0.00110133
CTB-147C22.8	0.00123371
CTB-147C22.9	0.00121194
CTB-147N14.4	0.00161371
CTB-14A14.1	0.00153869
CTB-158E9.2	0.00122954
CTB-161J7.1	0.00209066
CTB-161M19.4	0.00191901
CTB-162E12.1	0.00144143
CTB-164N12.1	0.00140323
CTB-167B5.2	0.00154215
CTB-167G5.3	0.00107189
CTB-167G5.5	0.000960231
CTB-167G5.6	0.000887891
CTB-171A8.1	0.00213423
CTB-174D11.1	0.00243965
CTB-178M22.1	0.00100398
CTB-180A7.6	0.000932005
CTB-186H2.2	0.0012521
CTB-186H2.3	0.00134751
CTB-191D16.1	0.000990356
CTB-1H10.1	0.00118137
CTB-1I21.1	0.0016095
CTB-1I21.2	0.00160386
CTB-23I7.1	0.00204431
CTB-27N1.1	0.00139341
CTB-30L5.1	0.00135065
CTB-31C7.3	0.00194981
CTB-32H22.1	0.00142999
CTB-33G10.1	0.00156041
CTB-33O18.1	0.00138824
CTB-33O18.3	0.00138142
CTB-35F21.1	0.00237671
CTB-35F21.2	0.00237013
CTB-35F21.3	0.00241186
CTB-41I6.2	0.00177135
CTB-43E15.1	0.00134328
CTB-43E15.2	0.00131004
CTB-43E15.3	0.00126899
CTB-43E15.4	0.00113345
CTB-47B8.1	0.00163727
CTB-47B8.4	0.00151271
CTB-49A3.2	0.00182232
CTB-49A3.4	0.00164305
CTB-4E7.1	0.00147257
CTB-50L17.14	0.00101894
CTB-50L17.2	0.00117289
CTB-51A17.1	0.00118586
CTB-52I2.4	0.00160423
CTB-54I1.1	0.00156469
CTB-55O6.12	0.00119295
CTB-57H20.1	0.00201987
CTB-60B18.6	0.00201569
CTB-60E11.12	0.00197488
CTB-61M7.1	0.00273754
CTB-61M7.2	0.00302314
CTB-63M22.1	0.0010567
CTB-70G10.1	0.00209379
CTB-73N10.1	0.00166615
CTB-75G16.3	0.00208599
CTB-77H17.1	0.000990901
CTB-79E8.2	0.00130713
CTB-7E3.1	0.00101563
CTB-91J4.1	0.00188682
CTB-95D12.1	0.00121415
CTB-99A3.1	0.00117686
CTBP1	0.00170339
CTBP2	0.00226819
CTBP2P2	0.00170451
CTBP2P4	0.0020976
CTBP2P5	0.00128641
CTC-205M6.5	0.00191457
CTC-207P7.1	0.00140876
CTC-210G5.1	0.00195684
CTC-228N24.1	0.00142109
CTC-228N24.3	0.00146767
CTC-229L21.1	0.00151443
CTC-232H10.1	0.00177181
CTC-232P5.1	0.00103298
CTC-235G5.1	0.00197603
CTC-236F12.4	0.00138482
CTC-250I14.1	0.00153355
CTC-254B4.1	0.0019693
CTC-255N20.1	0.00204217
CTC-258N23.3	0.00186226
CTC-260E6.6	0.00132994
CTC-264K15.6	0.00159454
CTC-264O10.1	0.00087672
CTC-264O10.2	0.00102632
CTC-265N9.1	0.000656076
CTC-273B12.10	0.00196526
CTC-276P9.2	0.00243036
CTC-278L1.1	0.00167098
CTC-281M20.1	0.00103997
CTC-293G12.1	0.00221691
CTC-297N7.1	0.00107347
CTC-297N7.11	0.0011303
CTC-297N7.5	0.0010225
CTC-297N7.7	0.0011303
CTC-297N7.9	0.000901766
CTC-303L1.1	0.00149692
CTC-304I17.2	0.00112888
CTC-308K20.3	0.00139502
CTC-321K16.1	0.00129337
CTC-325H20.4	0.00141989
CTC-326K19.6	0.00181552
CTC-327F10.1	0.00148959
CTC-329D1.3	0.00287699
CTC-338M12.2	0.00109611
CTC-338M12.4	0.00105275
CTC-339O9.2	0.00146707
CTC-340A15.2	0.00178592
CTC-340D7.1	0.00200142
CTC-342P15.1	0.0024538
CTC-347C20.1	0.00101989
CTC-349C3.1	0.00248916
CTC-349C3.2	0.00218393
CTC-353G13.1	0.000994358
CTC-359D24.3	0.00114244
CTC-359M8.1	0.0011665
CTC-360G5.6	0.00169169
CTC-360G5.8	0.00166443
CTC-360J11.5	0.00204952
CTC-360P9.1	0.00057571
CTC-360P9.2	0.00063424
CTC-360P9.3	0.000618256
CTC-360P9.4	0.000616626
CTC-360P9.5	0.000649177
CTC-367F4.1	0.00230717
CTC-369M3.1	0.00118921
CTC-384G19.1	0.00290674
CTC-394G3.1	0.00172782
CTC-398G3.6	0.00143832
CTC-400I9.1	0.000567333
CTC-400I9.2	0.000874859
CTC-400I9.3	0.000541862
CTC-412M14.6	0.00103295
CTC-419K13.1	0.00178491
CTC-420A11.2	0.000871516
CTC-425K20.1	0.00127001
CTC-428G20.3	0.00238856
CTC-430J12.2	0.00111003
CTC-431G16.2	0.00168568
CTC-431G16.3	0.00172069
CTC-432M15.3	0.00465131
CTC-435M10.3	0.00174387
CTC-436K13.2	0.00132796
CTC-436K13.5	0.00140445
CTC-436K13.6	0.00129948
CTC-436P18.1	0.00161498
CTC-436P18.3	0.00161498
CTC-438O3.1	0.00111508
CTC-439O9.3	0.000723434
CTC-441N14.2	0.00166488
CTC-441N14.4	0.00143051
CTC-444N24.11	0.00244147
CTC-444N24.6	0.00240622
CTC-447K7.1	0.00124525
CTC-448F2.6	0.000960634
CTC-457E21.1	0.00199553
CTC-457E21.3	0.00218269
CTC-458A3.1	0.00118312
CTC-458G6.2	0.00115355
CTC-458G6.4	0.0011909
CTC-458I2.2	0.00170828
CTC-459I6.1	0.00248523
CTC-462L7.1	0.00121042
CTC-463N11.1	0.00215823
CTC-465D4.1	0.00141902
CTC-471C19.1	0.00142287
CTC-471C19.2	0.00132477
CTC-471F3.4	0.00142928
CTC-471J1.10	0.00175865
CTC-471J1.8	0.00157489
CTC-472C24.1	0.00178292
CTC-478M6.1	0.00224192
CTC-484M2.1	0.00154472
CTC-490E21.12	0.00181356
CTC-490G23.2	0.00123977
CTC-493L21.1	0.0016479
CTC-493L21.2	0.0016393
CTC-497E21.3	0.00165148
CTC-497E21.5	0.0018508
CTC-498J12.3	0.00184864
CTC-499B15.1	0.00163927
CTC-501O10.1	0.00248301
CTC-505O3.1	0.00136178
CTC-505O3.3	0.00163888
CTC-507E12.1	0.00191066
CTC-510F12.4	0.00242525
CTC-510F12.6	0.00218653
CTC-512J12.4	0.00264521
CTC-512J12.6	0.00271958
CTC-512J14.1	0.00223706
CTC-513N18.6	0.00164765
CTC-513N18.7	0.00191401
CTC-518B2.10	0.00152431
CTC-523E23.4	0.00167837
CTC-523E23.5	0.00179066
CTC-525D6.1	0.00183351
CTC-525D6.2	0.00165475
CTC-529L17.2	0.00130008
CTC-535M15.1	0.00123894
CTC-535M15.2	0.0017842
CTC-537E7.1	0.00139659
CTC-537E7.2	0.00148166
CTC-537E7.3	0.00134291
CTC-542B22.1	0.0017015
CTC-546K23.1	0.00132554
CTC-548H10.2	0.00130418
CTC-548K16.2	0.00167219
CTC-550B14.6	0.00110267
CTC-550B14.7	0.0011645
CTC-550M4.1	0.00275727
CTC-552D5.1	0.00182594
CTC-554D6.1	0.00169926
CTC-558O2.2	0.00194085
CTC-559E9.4	0.0013594
CTC-559E9.6	0.0013594
CTC-559E9.9	0.00126932
CTC-573M9.1	0.00178978
CTC-573N18.1	0.00201841
CTC-575I10.1	0.00207163
CTC-575N7.1	0.00248829
CTC-661I16.1	0.00253779
CTC-756D1.3	0.00120335
CTC-782O7.1	0.00140953
CTC-786C10.1	0.00237735
CTC-786C10.2	0.00236657
CTCFL	0.0011675
CTD-2001C12.1	0.00222894
CTD-2001E22.1	0.000890802
CTD-2003C8.2	0.00119657
CTD-2004A9.1	0.00202812
CTD-2005D20.1	0.00184798
CTD-2005H7.1	0.00212562
CTD-2005H7.2	0.00204687
CTD-2007A10.1	0.00112194
CTD-2007H13.3	0.00245375
CTD-2008A1.2	0.00186857
CTD-2008L17.1	0.0018507
CTD-2008L17.2	0.00169183
CTD-2008N3.1	0.00144336
CTD-2008O4.1	0.00169722
CTD-2009A10.1	0.00173486
CTD-2010I22.2	0.00183388
CTD-2011G17.1	0.00210334
CTD-2012I17.1	0.00224149
CTD-2013M15.1	0.00127706
CTD-2013N24.2	0.00188902
CTD-2014B16.1	0.00148627
CTD-2014B16.2	0.00151405
CTD-2014B16.3	0.00178259
CTD-2014N11.1	0.00198673
CTD-2015A6.2	0.00166902
CTD-2015G9.1	0.00113641
CTD-2015G9.2	0.00140532
CTD-2015H3.1	0.00154022
CTD-2015H3.2	0.00155599
CTD-2017C7.2	0.00181268
CTD-2019O4.1	0.00156316
CTD-2020K17.1	0.00483672
CTD-2020K17.3	0.00501706
CTD-2020P22.1	0.00133571
CTD-2021A8.3	0.00121372
CTD-2021H9.2	0.00156521
CTD-2021H9.3	0.00156521
CTD-2021J15.1	0.0024446
CTD-2022H16.1	0.000932531
CTD-2022H16.2	0.00106633
CTD-2023M8.1	0.00157964
CTD-2023N9.1	0.00154102
CTD-2023N9.2	0.00123957
CTD-2023N9.3	0.00108099
CTD-2024P10.2	0.00264297
CTD-2026C7.1	0.00229481
CTD-2027G2.1	0.00104739
CTD-2028E8.1	0.00170443
CTD-2029E14.1	0.00227173
CTD-2033D24.2	0.00114607
CTD-2034I21.1	0.00186885
CTD-2034I4.1	0.00129938
CTD-2034I4.2	0.00129166
CTD-2036A18.2	0.00260754
CTD-2042D5.1	0.00197205
CTD-2043I16.1	0.00202155
CTD-2046I8.1	0.001482
CTD-2047H16.4	0.00179138
CTD-2049J23.3	0.00256122
CTD-2049O17.1	0.00228573
CTD-2050E21.1	0.00212903
CTD-2050E21.2	0.00209917
CTD-2050I18.1	0.000738909
CTD-2050N2.1	0.00238924
CTD-2054N24.2	0.00215639
CTD-2057D4.2	0.000969211
CTD-2057J6.1	0.00217783
CTD-2058B24.2	0.0012797
CTD-2060F24.1	0.00113792
CTD-2061E19.1	0.00155492
CTD-2061E9.1	0.00193917
CTD-2062O1.1	0.0015614
CTD-2066L21.3	0.00246869
CTD-2072I24.1	0.00105075
CTD-2074D8.1	0.00137982
CTD-2078B5.2	0.0017036
CTD-2081C10.1	0.00157669
CTD-2081C10.7	0.00159757
CTD-2081K17.2	0.00213248
CTD-2089O24.1	0.000619639
CTD-2090I13.1	0.001891
CTD-2091N23.1	0.00114218
CTD-2105E13.6	0.00166403
CTD-2113L7.1	0.00290219
CTD-2116F7.1	0.00144577
CTD-2116N17.1	0.00157189
CTD-2116N24.1	0.00133541
CTD-2118P12.1	0.00185287
CTD-2119L1.1	0.00134138
CTD-2122P11.1	0.00154826
CTD-2124B20.2	0.00123947
CTD-2125J1.1	0.0020557
CTD-2126E3.1	0.00169441
CTD-2127H9.1	0.00155266
CTD-2127O16.2	0.0014926
CTD-2128A3.2	0.00191655
CTD-2130F23.1	0.0013257
CTD-2130O13.1	0.00119454
CTD-2131I18.1	0.00195085
CTD-2132N18.3	0.00290087
CTD-2134P3.1	0.00181137
CTD-2134P3.2	0.00182549
CTD-2135D7.4	0.000990676
CTD-2140B24.4	0.00178574
CTD-2140G10.1	0.000915875
CTD-2140G10.2	0.000904983
CTD-2141G3.1	0.00156306
CTD-2143L24.1	0.00140573
CTD-2147F2.1	0.00078365
CTD-2147F2.2	0.000778468
CTD-2151A2.3	0.00261803
CTD-2152M20.2	0.0020299
CTD-2154B17.1	0.00170137
CTD-2154B17.4	0.00158351
CTD-2154H6.1	0.00233231
CTD-2158P22.4	0.00196671
CTD-2160D9.1	0.00262145
CTD-2161E19.1	0.00151458
CTD-2161F6.1	0.00140283
CTD-2161F6.2	0.00152716
CTD-2162K18.5	0.00276796
CTD-2168K21.1	0.00142773
CTD-2168K21.2	0.00144072
CTD-2171N6.1	0.00186435
CTD-2175A23.1	0.00175668
CTD-2176I21.2	0.00166291
CTD-2185K10.1	0.00167673
CTD-2187J20.1	0.00127438
CTD-2189E23.1	0.00158496
CTD-2192J16.20	0.00160826
CTD-2194D22.1	0.00195496
CTD-2194D22.3	0.00200601
CTD-2194D22.4	0.00201112
CTD-2194L12.2	0.00180647
CTD-2194L12.3	0.00132592
CTD-2195M18.2	0.00214385
CTD-2196P11.2	0.00139252
CTD-2199O4.1	0.00121393
CTD-2199O4.3	0.00103982
CTD-2200A16.1	0.00150664
CTD-2201E18.2	0.00139719
CTD-2201E9.4	0.000931598
CTD-2201I18.1	0.00151445
CTD-2203A3.1	0.00159416
CTD-2203K17.1	0.00249397
CTD-2206N4.2	0.00208163
CTD-2206N4.4	0.00205393
CTD-2207O23.12	0.00136695
CTD-2207O23.3	0.00158962
CTD-2210A23.1	0.000428141
CTD-2210P24.1	0.00156511
CTD-2210P24.3	0.00160039
CTD-2215E18.1	0.00157038
CTD-2215L10.1	0.00127645
CTD-2216M2.1	0.00202611
CTD-2218G20.1	0.0022386
CTD-2218K11.2	0.00158116
CTD-2218K11.3	0.00171696
CTD-2227C6.2	0.00172926
CTD-2227C6.3	0.00178639
CTD-2227E11.1	0.00283162
CTD-2227I18.1	0.00160933
CTD-2231E14.4	0.00123129
CTD-2231E14.8	0.00103861
CTD-2231H16.1	0.00159618
CTD-2232E5.2	0.0013203
CTD-2233C11.3	0.00253929
CTD-2234B20.1	0.00139276
CTD-2234N14.1	0.000791845
CTD-2234N14.2	0.000748879
CTD-2240J17.1	0.000996275
CTD-2244C20.1	0.00141346
CTD-2244C20.2	0.00161223
CTD-2244F11.2	0.00198672
CTD-2245E15.3	0.00134848
CTD-2245F17.3	0.00120571
CTD-2246P4.1	0.00238195
CTD-2247C11.1	0.00115814
CTD-2247C11.2	0.00149374
CTD-2247C11.5	0.000992498
CTD-2249K22.1	0.00184672
CTD-2251F13.1	0.00157151
CTD-2256P15.5	0.00112195
CTD-2260A17.2	0.0016086
CTD-2265M8.2	0.00143196
CTD-2269F5.1	0.00300258
CTD-2270F17.1	0.000753112
CTD-2272D18.2	0.00248097
CTD-2272G21.1	0.00122304
CTD-2272G21.3	0.00133507
CTD-2275D24.1	0.00181098
CTD-2277K2.1	0.00140015
CTD-2278I10.1	0.00152586
CTD-2281E23.1	0.00181758
CTD-2281E23.2	0.00189504
CTD-2281M20.1	0.00232683
CTD-2282P23.1	0.00258648
CTD-2285G11.1	0.00160965
CTD-2287N17.1	0.00197368
CTD-2287O16.3	0.00163793
CTD-2288F12.1	0.000681755
CTD-2288O8.1	0.00160759
CTD-2290P7.1	0.00210401
CTD-2292M14.1	0.00153921
CTD-2292M16.7	0.00233343
CTD-2292M16.8	0.00239784
CTD-2296D1.3	0.00191548
CTD-2297D10.1	0.000934501
CTD-2297D10.2	0.00101787
CTD-2298J14.1	0.0024709
CTD-2299E8.1	0.00174713
CTD-2302A16.2	0.00153803
CTD-2306M5.1	0.00143115
CTD-2307P3.1	0.00185518
CTD-2308B18.2	0.00117001
CTD-2308B18.3	0.0013105
CTD-2308B18.4	0.00126547
CTD-2308L22.1	0.00148345
CTD-2308N23.2	0.00186984
CTD-2309O5.3	0.00113335
CTD-2311A18.1	0.00118708
CTD-2312P21.1	0.00135348
CTD-2313F11.1	0.00158395
CTD-2313J23.1	0.0018184
CTD-2315A10.2	0.00127619
CTD-2316B1.1	0.00129701
CTD-2316B1.2	0.00147074
CTD-2318H23.1	0.00154818
CTD-2319I12.5	0.000861515
CTD-2320B12.2	0.00187461
CTD-2320B12.3	0.00174304
CTD-2320J21.1	0.00194926
CTD-2324F15.2	0.00151387
CTD-2325B11.1	0.00138019
CTD-2329C7.2	0.000998892
CTD-2331D11.2	0.00296695
CTD-2334D19.1	0.00147218
CTD-2335L22.6	0.00246471
CTD-2335O3.2	0.00143459
CTD-2336H13.2	0.00202058
CTD-2336O2.2	0.00184269
CTD-2337A12.1	0.00141258
CTD-2337I7.1	0.00198038
CTD-2341M24.1	0.00204341
CTD-2342I9.1	0.00163353
CTD-2342N23.3	0.00103527
CTD-2343P13.1	0.00125601
CTD-2345M20.2	0.00170234
CTD-2347I17.1	0.00175129
CTD-2349B8.1	0.000799652
CTD-2350C19.5	0.00179774
CTD-2351A8.1	0.00134172
CTD-2353F22.1	0.00236097
CTD-2354A18.1	0.00140052
CTD-2357A8.3	0.00280634
CTD-2369P2.12	0.0017073
CTD-2369P2.5	0.00169875
CTD-2369P2.8	0.00173007
CTD-2373H9.5	0.0020078
CTD-2374C24.1	0.00154404
CTD-2376I20.1	0.00168813
CTD-2377D24.8	0.00300464
CTD-2378E21.1	0.00183507
CTD-2382E5.1	0.00121333
CTD-2382H12.1	0.00138979
CTD-2382H12.2	0.00147797
CTD-2383I20.1	0.0015021
CTD-2384A14.1	0.000869035
CTD-2384B11.2	0.00158816
CTD-2396E7.7	0.00183779
CTD-2396E7.8	0.0018278
CTD-2410N18.4	0.00161601
CTD-2501E16.2	0.00186454
CTD-2501M5.1	0.00112066
CTD-2503O16.4	0.00200588
CTD-2506J14.1	0.000630989
CTD-2509G16.2	0.00163914
CTD-2509G16.3	0.00163492
CTD-2509G16.5	0.00152873
CTD-2514A21.3	0.0013326
CTD-2515C13.1	0.00127296
CTD-2515C13.2	0.00126248
CTD-2515H24.1	0.00144557
CTD-2516F10.2	0.00315075
CTD-2516K3.3	0.0015423
CTD-2517M22.14	0.00125399
CTD-2517O10.6	0.00181517
CTD-2520I13.1	0.00403808
CTD-2521M24.10	0.00128991
CTD-2521M24.4	0.0014077
CTD-2521M24.5	0.00141608
CTD-2521M24.6	0.0014077
CTD-2521M24.9	0.0014077
CTD-2523D13.2	0.00164959
CTD-2525I3.2	0.00143555
CTD-2525I3.3	0.00131551
CTD-2525I3.5	0.00136877
CTD-2525I3.6	0.001444
CTD-2526A2.2	0.001991
CTD-2526M8.2	0.00120028
CTD-2526M8.3	0.00123899
CTD-2527I21.4	0.00128388
CTD-2530H12.4	0.00127381
CTD-2531D15.4	0.00216563
CTD-2532D12.4	0.00175828
CTD-2532D12.5	0.00162193
CTD-2532K18.1	0.0017953
CTD-2532K18.2	0.00112775
CTD-2533K21.1	0.0017394
CTD-2533K21.3	0.00167515
CTD-2533K21.4	0.00188902
CTD-2534I21.9	0.00446811
CTD-2534J5.1	0.00122039
CTD-2535I10.1	0.00128613
CTD-2535L24.2	0.00142004
CTD-2535L24.3	0.00100794
CTD-2535P7.1	0.00230156
CTD-2535P7.2	0.00223152
CTD-2536I1.1	0.000817793
CTD-2537I9.16	0.00153344
CTD-2537I9.5	0.00163506
CTD-2537L20.1	0.00146292
CTD-2537O9.1	0.00169972
CTD-2538G9.3	0.00094522
CTD-2540B15.11	0.00115277
CTD-2540B15.12	0.00140208
CTD-2540B15.6	0.00151347
CTD-2540L5.5	0.00214607
CTD-2540L5.6	0.00214607
CTD-2540M10.1	0.00187524
CTD-2541J13.1	0.00163412
CTD-2541J13.2	0.00166744
CTD-2541M15.1	0.00164238
CTD-2542C24.8	0.00187274
CTD-2542L18.1	0.00183199
CTD-2544H17.2	0.00147931
CTD-2544M6.1	0.00157392
CTD-2544M6.2	0.00148522
CTD-2545G14.2	0.00228043
CTD-2545H1.1	0.00163267
CTD-2545M3.6	0.00231721
CTD-2547L16.1	0.00359355
CTD-2552B11.2	0.00115586
CTD-2552B11.3	0.00115165
CTD-2552K11.2	0.00222565
CTD-2555A7.1	0.00340583
CTD-2555A7.2	0.00362495
CTD-2555C10.3	0.00168324
CTD-2555I5.1	0.00166256
CTD-2555K7.2	0.0016389
CTD-2555K7.4	0.00152139
CTD-2560E9.3	0.00182028
CTD-2561B21.10	0.00176256
CTD-2561B21.11	0.00177945
CTD-2561F5.1	0.000860234
CTD-2561J22.3	0.00227896
CTD-2562J15.6	0.00127245
CTD-2562J17.4	0.0015776
CTD-2568A17.1	0.00111732
CTD-2571E19.1	0.00160062
CTD-2571L23.6	0.00185669
CTD-2571L23.8	0.00167291
CTD-2572N17.1	0.00166221
CTD-2576D5.3	0.00102826
CTD-2576F9.1	0.0013358
CTD-2576F9.2	0.00103184
CTD-2582D11.1	0.00153457
CTD-2582M21.1	0.00109867
CTD-2586B10.1	0.00296551
CTD-2587H19.2	0.00103249
CTD-2587H24.10	0.00156041
CTD-2587H24.4	0.000966842
CTD-2587M2.1	0.00110678
CTD-2587M23.1	0.00168809
CTD-2588J1.1	0.00116297
CTD-2589M5.5	0.00194081
CTD-2591A6.2	0.00116116
CTD-2596O15.1	0.00123591
CTD-2613O8.1	0.00135877
CTD-2616J11.11	0.00187021
CTD-2616J11.14	0.00140092
CTD-2616J11.15	0.00116024
CTD-2620I22.1	0.00232719
CTD-2621I17.6	0.00168577
CTD-2639E6.4	0.00182704
CTD-2643K12.2	0.00153947
CTD-2643K12.3	0.00176121
CTD-2647E9.1	0.00163262
CTD-2651B20.3	0.00256883
CTD-3006G17.2	0.00105639
CTD-3007L5.1	0.00190945
CTD-3012A18.1	0.00212094
CTD-3020H12.3	0.0018158
CTD-3020H12.4	0.00188134
CTD-3023L14.2	0.00208117
CTD-3023L14.3	0.00213049
CTD-3025N20.2	0.00111495
CTD-3032H12.2	0.000880918
CTD-3032H12.3	0.000880298
CTD-3032J10.2	0.00125023
CTD-3035D6.2	0.00259845
CTD-3037G24.3	0.00102321
CTD-3046C4.1	0.00199303
CTD-3049M7.1	0.00170968
CTD-3060P21.1	0.00100409
CTD-3076O17.1	0.00219736
CTD-3076O17.2	0.00239215
CTD-3080P12.3	0.00153548
CTD-3088G3.6	0.00191832
CTD-3088G3.8	0.00207168
CTD-3093M3.1	0.00117498
CTD-3094K11.1	0.0020288
CTD-3096M3.1	0.000845527
CTD-3096M3.2	0.00115498
CTD-3099C6.7	0.00141371
CTD-3105H18.14	0.00124176
CTD-3105H18.16	0.00134044
CTD-3105H18.18	0.00142787
CTD-3105H18.4	0.00124176
CTD-3107M8.1	0.00183683
CTD-3113P16.5	0.00183708
CTD-3113P16.9	0.00235925
CTD-3126B10.4	0.00178325
CTD-3128G10.6	0.00119199
CTD-3131K8.1	0.00122151
CTD-3131K8.2	0.00126646
CTD-3138B18.4	0.0017976
CTD-3138B18.5	0.0017976
CTD-3138F19.1	0.00201642
CTD-3145H4.1	0.00222745
CTD-3148I10.1	0.00157742
CTD-3157E16.1	0.00239013
CTD-3162L10.4	0.00286113
CTD-3179P9.1	0.00164906
CTD-3179P9.2	0.00169284
CTD-3187F8.11	0.00211124
CTD-3187F8.12	0.0020893
CTD-3187F8.14	0.00191197
CTD-3187F8.15	0.00194219
CTD-3193O13.9	0.00132343
CTD-3194G12.1	0.00181806
CTD-3194G12.2	0.00157879
CTD-3214H19.12	0.00119866
CTD-3214H19.4	0.0012352
CTD-3222D19.10	0.000882042
CTD-3222D19.2	0.000882042
CTD-3229J4.1	0.0017524
CTD-3233P19.7	0.00219544
CTD-3247F14.2	0.00158882
CTDP1	0.000850353
CTDSP1	0.00177513
CTDSPL	0.00184868
CTDSPL2	0.00112237
CTGF	0.00297049
CTGLF12P	0.00118845
CTH	0.00183444
CTIF	0.00184114
CTLA4	0.00169654
CTNNA1	0.00195993
CTNNA2	0.00259532
CTNNA3	0.00294087
CTNNAL1	0.00161132
CTNNAP1	0.00218074
CTNNB1	0.00101085
CTNNBIP1	0.00225006
CTNNBL1	0.00147988
CTNND2	0.00257767
CTPS1	0.00141009
CTR9	0.00129077
CTRB2	0.00160702
CTRC	0.0016426
CTSB	0.00383961
CTSC	0.00303868
CTSE	0.000942334
CTSG	0.00319595
CTSH	0.0022564
CTSL3P	0.00206079
CTSLP8	0.00227379
CTSO	0.00167339
CTTN	0.00137781
CTTNBP2	0.00204463
CTTNBP2NL	0.00187369
CTU1	0.00209351
CTXN3	0.00130418
CUBN	0.00221788
CUEDC1	0.00112527
CUL1	0.00134342
CUL2	0.00157279
CUL3	0.00164938
CUL4A	0.00115691
CUL4AP1	0.00231298
CUL5	0.00186722
CUL7	0.00137113
CUL9	0.00149031
CUTC	0.00173506
CUX1	0.00176593
CUX2	0.00386441
CUX2P1	0.00209885
CUZD1	0.00179376
CWC15	0.00136092
CWC22	0.00145113
CWC25	0.00220739
CWC27	0.00232381
CWF19L2	0.00222337
CX3CR1	0.00224008
CXADR	0.00178393
CXCL1	0.000899712
CXCL12	0.00192411
CXCL13	0.00228553
CXCL16	0.00221032
CXCL2	0.000963881
CXCL3	0.000953703
CXCL5	0.000905838
CXCL6	0.000930811
CXCR2	0.00174392
CXCR4	0.0330848
CXCR5	0.00156249
CXXC5	0.00241303
CYB561A3	0.000934684
CYB5A	0.00154402
CYB5AP5	0.0013368
CYB5B	0.00202412
CYB5P4	0.000943315
CYB5R1	0.00128604
CYB5R2	0.00144949
CYB5R3	0.00133519
CYB5R4	0.00227763
CYB5RL	0.00163229
CYBRD1	0.00218979
CYCS	0.00226728
CYCSP35	0.00143317
CYCSP39	0.00106621
CYCSP42	0.00143574
CYFIP1	0.000757976
CYFIP2	0.0018448
CYGB	0.00169798
CYLC2	0.00200235
CYLD	0.00175626
CYMP	0.00183054
CYP11A1	0.00234634
CYP11B2	0.00205433
CYP19A1	0.0017813
CYP1B1	0.0032304
CYP1B1-AS1	0.00324261
CYP24A1	0.00113117
CYP26A1	0.00235188
CYP26B1	0.00164724
CYP27A1	0.00188073
CYP27C1	0.001623
CYP2A13	0.00132911
CYP2B6	0.0016106
CYP2B7P1	0.0017584
CYP2C19	0.00179107
CYP2C59P	0.00183832
CYP2C61P	0.00256102
CYP2E1	0.00162259
CYP2G1P	0.00181356
CYP2S1	0.00147709
CYP2T3P	0.00141637
CYP2U1	0.00162071
CYP39A1	0.00128604
CYP3A43	0.00184673
CYP3A7	0.00119685
CYP46A1	0.00182424
CYP4A22-AS1	0.00345818
CYP4B1	0.0027623
CYP4F10P	0.00152026
CYP4F11	0.00139491
CYP4F22	0.00152942
CYP4F23P	0.00150928
CYP4F29P	0.000925351
CYP4F3	0.00153389
CYP4F34P	0.00227481
CYP4F35P	0.00248153
CYP4X1	0.0032882
CYP4Z1	0.00345818
CYP4Z2P	0.00291222
CYP51P1	0.0023185
CYP7A1	0.00164725
CYP7B1	0.00148038
CYSLTR2	0.00144529
CYSTM1	0.00264488
CYTH1	0.00180039
CYTH2	0.00189178
CYTH3	0.00219856
CYTH4	0.00128202
CYTIP	0.00154248
CYTL1	0.00304943
CYYR1	0.000889302
D2HGDH	0.00166837
D86994.2	0.00219779
D86998.1	0.00170648
D87024.1	0.00130152
DAAM1	0.00154474
DAAM2	0.00158997
DAB1	0.00171117
DAB2	0.00164832
DAB2IP	0.00151986
DACH1	0.00148453
DACT1	0.00102998
DACT2	0.00170155
DACT3	0.00200497
DAGLA	0.00130896
DAGLB	0.00190432
DAO	0.00121897
DAOA	0.000941758
DAOA-AS1	0.0021442
DAP	0.00148156
DAPK1	0.00194223
DAPK2	0.00208205
DAPL1	0.00157758
DAPP1	0.00162496
DAW1	0.000860447
DAZAP2	0.00191055
DAZL	0.00136609
DBF4P1	0.00203535
DBH	0.00182262
DBIP1	0.00194597
DBNDD1	0.00479858
DBNL	0.0015798
DBP	0.00295123
DBX1	0.00126628
DBX2	0.0016077
DCAF10	0.00265789
DCAF13	0.0019389
DCAF13P1	0.00100825
DCAF15	0.00114249
DCAF5	0.00193252
DCAF6	0.00163385
DCAF8	0.000895603
DCAKD	0.00467073
DCBLD1	0.00180217
DCC	0.00252455
DCDC1	0.00154652
DCDC2	0.00238102
DCDC2C	0.00135822
DCHS1	0.0013179
DCHS2	0.0017107
DCK	0.00080463
DCLK1	0.00165488
DCLK2	0.00162255
DCLK3	0.00177247
DCLRE1A	0.00149078
DCLRE1C	0.00169798
DCLRE1CP1	0.00227812
DCN	0.00163149
DCP1A	0.00233295
DCP1B	0.00140142
DCP2	0.00170074
DCPS	0.00165012
DCST2	0.00185221
DCT	0.00150857
DCTD	0.00124895
DCTN1	0.0012425
DCTN4	0.00196577
DCTN6	0.00141434
DDAH1	0.00162844
DDC	0.00143496
DDC8	0.00198682
DDHD1	0.00149368
DDHD2	0.00108156
DDIT4	0.00170434
DDO	0.00169674
DDR1	0.0123163
DDR2	0.00119186
DDX1	0.00175736
DDX10	0.00148108
DDX11	0.0010978
DDX12P	0.00175412
DDX18	0.00205418
DDX20	0.0015177
DDX24	0.00170461
DDX31	0.00170176
DDX39A	0.00105139
DDX39AP1	0.00137964
DDX4	0.00166406
DDX41	0.00166509
DDX42	0.00137756
DDX46	0.00190481
DDX50	0.00268041
DDX56	0.00134868
DDX58	0.00171317
DDX59	0.00141254
DDX60	0.00159818
DDX60L	0.00163254
DDX6P1	0.00794762
DDX6P2	0.00185583
DEAF1	0.00110216
DEC1	0.00226725
DECR1	0.0016918
DEF8	0.00488581
DEFA10P	0.00093884
DEFA3	0.000866372
DEFA4	0.000974699
DEFA6	0.000986058
DEFA7P	0.00079101
DEFA8P	0.000931879
DEFB1	0.00100552
DEFB103A	0.000771091
DEFB110	0.00194776
DEFB125	0.00199081
DEFB127	0.0022485
DEFB129	0.00251197
DEFB132	0.00256474
DEFB133	0.00184693
DEFB134	0.00369293
DEFB136	0.00378029
DEFB4B	0.000646562
DEGS2	0.00173326
DEK	0.001705
DENND1A	0.00177004
DENND1B	0.00159417
DENND1C	0.00153884
DENND2A	0.00154115
DENND2D	0.00155333
DENND3	0.00154298
DENND4C	0.00150863
DENND5A	0.00172379
DENND5B	0.00242169
DENND6B	0.00215891
DEPDC1	0.00173041
DEPDC5	0.00173511
DEPTOR	0.00141664
DERA	0.000886459
DERL1	0.00161491
DERL2	0.00165482
DERL3	0.00218462
DES	0.00142791
DESI2	0.00134721
DET1	0.00248278
DEXI	0.00133968
DFFA	0.00237163
DFFB	0.000699021
DFNA5	0.0017816
DFNB31	0.00133203
DGAT1	0.00190265
DGCR14	0.00225305
DGCR2	0.00268756
DGCR5	0.00296665
DGCR6	0.00273664
DGCR8	0.00129873
DGKA	0.00164034
DGKB	0.00278261
DGKD	0.00136117
DGKE	0.00106618
DGKG	0.00154561
DGKH	0.00189315
DGKI	0.00126725
DGKQ	0.00148814
DGUOK	0.00191143
DGUOK-AS1	0.00190661
DHCR24	0.00233322
DHDH	0.0019079
DHFR	0.00246377
DHODH	0.00337115
DHRS12	0.0017154
DHRS2	0.00125661
DHRS3	0.00127276
DHRS4-AS1	0.0018063
DHRS4L2	0.0018063
DHRS7B	0.00156056
DHRS7C	0.00252432
DHTKD1	0.00259798
DHX15	0.00120672
DHX29	0.00158214
DHX34	0.00115133
DHX35	0.00195864
DHX36	0.00220151
DHX37	0.00117329
DHX57	0.00165755
DHX58	0.00285031
DHX9	0.00112958
DIAPH1	0.0023016
DIAPH3	0.00166485
DIAPH3-AS1	0.00153796
DICER1	0.00139333
DIDO1	0.00171679
DIO1	0.00156846
DIO2	0.00119135
DIO2-AS1	0.00117667
DIO3	0.00176726
DIO3OS	0.00171872
DIP2A	0.00110454
DIP2B	0.00273701
DIP2C	0.00211159
DIRAS1	0.00110651
DIRAS2	0.00166345
DIRC1	0.00222804
DIRC3	0.00146114
DIS3L2	0.00167439
DIS3L2P1	0.00164705
DISC1	0.00170573
DISC1-IT1	0.00129686
DISC1FP1	0.0040879
DISP1	0.00134535
DIXDC1	0.00156693
DKFZP434A062	0.00253207
DKFZP434E1119	0.00115564
DKFZP667F0711	0.00101438
DKFZP761J1410	0.00196882
DKK1	0.00213986
DKK2	0.00139743
DKK3	0.0012311
DLC1	0.00175314
DLD	0.00152073
DLEC1	0.00193692
DLEC1P1	0.00227826
DLEU1	0.00219519
DLEU2	0.00194911
DLEU7	0.00202224
DLEU7-AS1	0.00170705
DLG1	0.00127357
DLG1-AS1	0.00128558
DLG2	0.00209332
DLG4	0.00181367
DLG5	0.00148863
DLGAP1	0.00179863
DLGAP1-AS3	0.0014806
DLGAP1-AS4	0.00179863
DLGAP1-AS5	0.00107732
DLGAP2	0.00265407
DLGAP3	0.00185359
DLGAP4	0.00254692
DLK1	0.00195891
DLK2	0.00185057
DLL4	0.00153325
DLX1	0.00215493
DLX3	0.000944823
DLX4	0.000984045
DLX5	0.00111748
DLX6-AS1	0.00109447
DMBT1	0.00244531
DMBX1	0.00232026
DMGDH	0.00217563
DMKN	0.00143533
DMRT1	0.00201489
DMRT2	0.00153887
DMRT3	0.00154121
DMRTA1	0.00199891
DMTN	0.00131222
DMXL1	0.00190363
DMXL2	0.00167489
DNA2	0.00259302
DNAAF1	0.00160768
DNAH1	0.00319126
DNAH10	0.00303279
DNAH11	0.00250815
DNAH12	0.00219156
DNAH14	0.00176157
DNAH17	0.00295661
DNAH2	0.00336373
DNAH3	0.00173815
DNAH5	0.00121976
DNAH6	0.0011525
DNAH7	0.00106449
DNAH8	0.00270181
DNAH9	0.00126237
DNAI1	0.00165076
DNAI2	0.00145331
DNAJA1	0.0011631
DNAJA1P1	0.00187026
DNAJA1P2	0.00167885
DNAJB11	0.00135547
DNAJB13	0.0022995
DNAJB6	0.00135048
DNAJB8	0.00210917
DNAJB8-AS1	0.00206856
DNAJC1	0.00174862
DNAJC10	0.00143738
DNAJC11	0.00166551
DNAJC12	0.00244575
DNAJC13	0.00168391
DNAJC15	0.000879778
DNAJC16	0.0017626
DNAJC21	0.00173427
DNAJC25	0.00238862
DNAJC25-GNG10	0.00238862
DNAJC27-AS1	0.0016942
DNAJC5	0.00268369
DNAJC5B	0.00104911
DNAJC6	0.00215723
DNAJC8P1	0.0016365
DNAL1	0.00229832
DNAL4	0.00141344
DNASE1	0.00105455
DNASE2B	0.00184514
DND1P1	0.00534028
DNER	0.00143777
DNHD1	0.00119844
DNM1	0.00134835
DNM1L	0.00285425
DNM1P46	0.00201346
DNM2	0.0015709
DNM3	0.00208665
DNMBP	0.00169771
DNMT1	0.00160664
DNMT3A	0.00159049
DNMT3B	0.00242074
DNMT3L	0.00206079
DNTT	0.00200214
DNTTIP2	0.00174525
DOC2B	0.00299242
DOCK1	0.00258206
DOCK10	0.00184328
DOCK2	0.00206696
DOCK3	0.00299113
DOCK4	0.0015111
DOCK5	0.00174902
DOCK6	0.00231382
DOCK7	0.00166875
DOCK8	0.00291924
DOCK9	0.00184761
DOCK9-AS2	0.00206621
DOHH	0.00254855
DOK2	0.00153074
DOK4	0.00205868
DOK5	0.00123388
DOK6	0.0019599
DOK7	0.00154587
DOPEY1	0.00199519
DOPEY2	0.000847818
DOT1L	0.000727636
DPCR1	0.0124446
DPEP1	0.00487627
DPF1	0.00146699
DPF3	0.00208419
DPH1	0.0016158
DPH6	0.00102432
DPH6-AS1	0.000904808
DPH7	0.000555216
DPP10	0.00196946
DPP4	0.00123661
DPP6	0.00181206
DPP9	0.00126261
DPPA2	0.00148571
DPPA2P4	0.00256795
DPPA3	0.0018048
DPPA3P3	0.00135343
DPPA5P1	0.00140936
DPRX	0.00140696
DPT	0.00155007
DPY19L1	0.00176833
DPY19L1P1	0.00208919
DPY19L2	0.0025105
DPY19L2P1	0.00176971
DPY19L3	0.000914366
DPY19L4	0.00215482
DPYD	0.00186157
DPYD-AS1	0.00175933
DPYD-IT1	0.00126435
DPYS	0.00239595
DPYSL2	0.0017408
DPYSL3	0.00133384
DPYSL5	0.00201173
DRAM1	0.00151636
DRAM2	0.00152524
DRAXIN	0.00115726
DRC1	0.00190748
DRD1	0.00101314
DRD2	0.00159162
DRD3	0.0011735
DRG1	0.0017473
DRGX	0.00266175
DROSHA	0.00147364
DSC1	0.00189807
DSC2	0.00173174
DSC3	0.00174151
DSCAM	0.00179084
DSCAM-IT1	0.00108056
DSCAML1	0.0022289
DSCR4	0.000937392
DSE	0.00201764
DSEL	0.00166744
DSG1	0.00192093
DSG2	0.00206146
DSG3	0.0020177
DSG4	0.00186868
DSP	0.00172873
DSPP	0.00275204
DST	0.00151613
DSTN	0.00252016
DSTNP5	0.00116604
DTD1	0.00156585
DTHD1	0.00207258
DTL	0.00147831
DTNA	0.0013872
DTNB	0.00140011
DTNBP1	0.00123341
DTWD2	0.00194574
DTX1	0.00220607
DTX2P1	0.00195441
DTX2P1-UPK3BP1-PMS2P11	0.00195441
DTX4	0.00130466
DUOX1	0.00262725
DUOX2	0.00270468
DUOXA1	0.0027157
DUOXA2	0.0027157
DUS3L	0.00136939
DUSP10	0.00189944
DUSP12	0.00145939
DUSP13	0.00157411
DUSP15	0.00204581
DUSP16	0.00204949
DUSP18	0.00145528
DUSP19	0.00108215
DUSP22	0.00178531
DUSP23	0.00116806
DUSP27	0.00191367
DUSP28	0.00161548
DUSP5	0.00167507
DUSP5P2	0.000945489
DUSP6	0.00204766
DUSP8	0.00154228
DUXA	0.00223226
DVL1	0.000897083
DYM	0.00174966
DYNC1H1	0.00170013
DYNC1I1	0.00166488
DYNC1I2P1	0.00182416
DYNC1LI1	0.00118115
DYNC1LI2	0.00209638
DYNC2H1	0.00209464
DYNC2LI1	0.00195426
DYNLL1P1	0.00115289
DYRK1A	0.00134241
DYRK1B	0.00164775
DYRK2	0.00142302
DYRK3	0.00228611
DYRK4	0.00152201
DYSF	0.00227647
DYTN	0.00164277
DYX1C1	0.00156568
DYX1C1-CCPG1	0.00157531
DZANK1	0.00155834
DZIP1	0.00172241
DZIP1L	0.00167994
E2F2	0.00134447
E2F3	0.00163169
E2F6	0.00216911
E2F7	0.00201788
E2F8	0.00113924
E4F1	0.00151252
EAPP	0.00145922
EBF1	0.00146673
EBF2	0.00176488
EBF3	0.000662701
EBF4	0.0014037
EBNA1BP2	0.00240847
EBPL	0.00188768
ECE1	0.00157068
ECE2	0.00186269
ECEL1	0.00147271
ECEL1P2	0.00166214
ECEL1P3	0.00167703
ECHDC1	0.00118518
ECHDC3	0.0017261
ECHS1	0.00156079
ECT2	0.000895707
ECT2L	0.00275203
EDAR	0.0018625
EDARADD	0.00213452
EDDM3A	0.00130775
EDDM3B	0.00137257
EDEM1	0.00134274
EDEM2	0.00252533
EDEM3	0.00130298
EDIL3	0.00205082
EDN1	0.00206192
EDN3	0.00164081
EDNRA	0.00253527
EDNRB-AS1	0.00157095
EEA1	0.00241325
EEF1A1P11	0.00219712
EEF1A1P12	0.00165508
EEF1A1P16	0.00113313
EEF1A1P20	0.00233236
EEF1A1P21	0.00167936
EEF1A1P22	0.00132506
EEF1A1P26	0.00242606
EEF1A1P27	0.0015655
EEF1A1P28	0.00213014
EEF1A1P36	0.00323432
EEF1A1P38	0.000682302
EEF1A1P42	0.0015602
EEF1A1P5	0.00302437
EEF1A2	0.00217773
EEF1B2P5	0.00190476
EEF1D	0.00295019
EEF1DP3	0.00133333
EEF1E1	0.00163853
EEF1E1-BLOC1S5	0.00163853
EEF1GP2	0.00163438
EEF1GP3	0.00132271
EEF1GP6	0.00117277
EEF2	0.000766307
EEF2K	0.000985473
EEFSEC	0.00211945
EEPD1	0.00103203
EFCAB1	0.000524941
EFCAB11	0.00227276
EFCAB14	0.00268134
EFCAB14-AS1	0.00268134
EFCAB2	0.00134796
EFCAB3	0.00122393
EFCAB4B	0.000915717
EFCAB5	0.00248644
EFCAB6	0.00172729
EFCAB8	0.00264211
EFEMP1	0.00199175
EFHB	0.00161104
EFHC1	0.0017001
EFHD1	0.00133837
EFHD2	0.00157866
EFNA2	0.00214271
EFNA5	0.00156621
EFNB2	0.00198035
EFR3A	0.00185306
EFS	0.00159927
EFTUD1	0.00135642
EFTUD1P2	0.0017615
EGF	0.00197462
EGFEM1P	0.00103586
EGFLAM	0.00090395
EGFR	0.0018138
EGFR-AS1	0.0018138
EGLN1	0.00184044
EGLN2	0.0017379
EGLN3	0.00168555
EGLN3-AS1	0.00117719
EGR2	0.00210353
EGR3	0.00164754
EGR4	0.00189105
EHBP1	0.00155919
EHD2	0.00167291
EHD3	0.00154981
EHD4	0.00120367
EHF	0.00271198
EHHADH	0.00218716
EHHADH-AS1	0.00209926
EHMT1	0.000811092
EI24P4	0.00124386
EIF1AXP1	0.00248499
EIF1B	0.00145078
EIF2AK1	0.00243456
EIF2AK2	0.00237056
EIF2AK4	0.00131326
EIF2AP4	0.00167257
EIF2B5	0.00201047
EIF2D	0.00210986
EIF2S2P3	0.00231124
EIF3B	0.00181854
EIF3D	0.000963587
EIF3E	0.00164706
EIF3F	0.00142889
EIF3H	0.00148791
EIF3IP1	0.00151137
EIF3KP2	0.00167236
EIF3M	0.00159411
EIF4A1P13	0.00167637
EIF4A1P3	0.00172924
EIF4A1P6	0.00100504
EIF4A1P7	0.00180878
EIF4B	0.00328307
EIF4BP3	0.00164582
EIF4BP4	0.00113056
EIF4BP8	0.00158229
EIF4E	0.00207467
EIF4E2	0.00117425
EIF4E3	0.00103887
EIF4EBP2	0.00192017
EIF4G1	0.00175142
EIF4G2	0.001181
EIF4G3	0.00154716
EIF4HP1	0.00252356
EIF5A	0.00219072
EIF5B	0.00222239
ELAC2	0.00211784
ELANE	0.00141164
ELAVL1	0.00152032
ELAVL2	0.00125886
ELAVL4	0.0013786
ELF1	0.00246116
ELF2	0.00124096
ELF5	0.00167707
ELFN1	0.00306589
ELFN2	0.00233064
ELK1P1	0.00127395
ELK3	0.00180786
ELK4	0.00207184
ELL	0.00150193
ELL2	0.00120491
ELL2P2	0.00273433
ELL2P3	0.00209584
ELMO1	0.00170447
ELMO2	0.00147507
ELMO2P1	0.000818666
ELMOD1	0.00209877
ELMOD2	0.0012856
ELMSAN1	0.00242257
ELN	0.00147843
ELOF1	0.0015939
ELOVL2	0.00101731
ELOVL4	0.00256818
ELOVL5	0.000870105
ELOVL6	0.00179882
ELOVL7	0.00163224
ELP2	0.00179394
ELP3	0.0017589
ELP4	0.00159141
ELSPBP1	0.00163335
ELTD1	0.00123576
EMC3	0.00115718
EMC8	0.00146034
EMCN	0.00195269
EMCN-IT2	0.00182731
EMG1	0.00232098
EMID1	0.00161454
EMILIN2	0.00278155
EML1	0.00196137
EML2	0.00126504
EML4	0.00115768
EML5	0.001027
EML6	0.00179727
EMP1	0.0022245
EMP2	0.00219354
EMR1	0.00226453
EMR2	0.00161472
EMR3	0.00147024
EMR4P	0.00228808
EMX2OS	0.00124598
EN1	0.00171234
EN2	0.00106176
ENAH	0.00154542
ENAM	0.00104278
ENC1	0.000985404
ENDOD1	0.00152951
ENDOU	0.00192677
ENDOV	0.00184707
ENG	0.00225076
ENGASE	0.00172064
ENKUR	0.00161192
ENO1	0.00171511
ENOPH1	0.00185276
ENOSF1	0.00168121
ENOX1	0.00110471
ENPEP	0.00200723
ENPP1	0.00306792
ENPP2	0.00196467
ENPP3	0.001734
ENPP4	0.00112186
ENPP5	0.0010654
ENPP6	0.00175843
ENPP7	0.00110517
ENPP7P11	0.00106285
ENPP7P2	0.00192615
ENPP7P4	0.00245343
ENPP7P5	0.00344487
ENPP7P9	0.00274695
ENSAP3	0.00164863
ENTHD1	0.000851448
ENTPD1-AS1	0.00171794
ENTPD2	0.00105804
ENTPD4	0.00107034
ENTPD5	0.00276892
EOGT	0.00191161
EOMES	0.00175169
EP300	0.00129259
EP400	0.00204081
EP400NL	0.00215971
EPAS1	0.00193638
EPB41	0.00158385
EPB41L1	0.00222762
EPB41L2	0.0022119
EPB41L3	0.0017295
EPB41L4A	0.00216804
EPB41L4B	0.00153586
EPC1	0.00226514
EPC2	0.00116015
EPCAM	0.00158223
EPDR1	0.00241971
EPG5	0.00155509
EPHA1	0.0015057
EPHA1-AS1	0.00161373
EPHA10	0.00187735
EPHA2	0.00236467
EPHA3	0.00199748
EPHA4	0.00149855
EPHA5	0.00187572
EPHA6	0.00194516
EPHA7	0.00238616
EPHA8	0.00158356
EPHB1	0.00227974
EPHB2	0.00169297
EPHB3	0.00171909
EPHB4	0.00290041
EPHB6	0.00123412
EPHX1	0.00139132
EPHX2	0.00211547
EPM2A	0.00171467
EPN2	0.00112605
EPN3	0.00164518
EPO	0.00282794
EPPIN	0.00265112
EPPIN-WFDC6	0.00265112
EPPK1	0.00267464
EPRS	0.00150739
EPS15	0.00115687
EPS15L1	0.00092478
EPS15P1	0.00121995
EPS8	0.000799099
EPS8L2	0.00110198
EPS8L3	0.00179425
EPSTI1	0.00142776
EPT1	0.00191672
EPX	0.00153144
EPYC	0.00165809
ERAP1	0.00169998
ERAP2	0.0016086
ERBB2IP	0.00155119
ERBB4	0.00211358
ERC1	0.00163365
ERC2	0.00195572
ERCC1	0.00153582
ERCC2	0.00151241
ERCC4	0.00119732
ERCC5	0.00193938
ERCC6	0.00222908
ERCC6L2	0.00147539
EREG	0.00124386
ERG	0.00120318
ERGIC1	0.0014262
ERI1	0.00159737
ERI2	0.001803
ERI3	0.00206368
ERICH1	0.00138826
ERICH1-AS1	0.00156612
ERMARD	0.00128724
ERMN	0.00106439
ERMP1	0.00150334
ERN1	0.00149103
ERN2	0.00122294
ERO1L	0.00160754
ERO1LB	0.00159151
ERP27	0.00142031
ERP44	0.00101176
ERRFI1	0.00150093
ERV3-1	0.00302717
ERVFRD-1	0.000891855
ERVK13-1	0.00181231
ERVK3-1	0.00168797
ERVMER34-1	0.00105252
ERVMER61-1	0.00142305
ERVV-2	0.00123773
ESD	0.00140748
ESF1	0.00143068
ESM1	0.00151432
ESPN	0.00204627
ESPNL	0.00181637
ESR1	0.00156984
ESR2	0.002908
ESRP1	0.00218097
ESRRAP2	0.00117258
ESRRB	0.00157022
ESRRG	0.00116816
ESYT2	0.00203604
ESYT3	0.00181215
ETAA1	0.00177629
ETFB	0.00187021
ETFDH	0.002188
ETHE1	0.0014619
ETNK2	0.00195882
ETNPPL	0.00151214
ETS1	0.00145959
ETS2	0.00140996
ETV1	0.00208213
ETV3	0.00156152
ETV3L	0.00160551
ETV5	0.00137986
ETV6	0.00258015
ETV7	0.00169102
EVA1A	0.00164925
EVA1C	0.00191361
EVC	0.0021
EVC2	0.00236772
EVI5	0.00192574
EVL	0.00168813
EVPL	0.00175808
EVX1	0.00250456
EVX2	0.00128534
EXD1	0.00152615
EXO1	0.00101446
EXOC1	0.00180362
EXOC2	0.00188809
EXOC3L2	0.00128375
EXOC3L4	0.0018821
EXOC4	0.0016505
EXOC5P1	0.00161373
EXOC6	0.00235745
EXOC6B	0.00131873
EXOC7P1	0.00121257
EXOG	0.00234133
EXOGP1	0.00173717
EXOSC2	0.00129933
EXOSC3P2	0.00127779
EXOSC7	0.00172802
EXPH5	0.00180213
EXT1	0.00189499
EXT2	0.00107961
EXTL2P1	0.00155159
EXTL3	0.0017005
EYA1	0.00160187
EYA2	0.00178081
EYA3	0.00159505
EYA4	0.00208036
EYS	0.00259747
EZH2	0.00136615
EZR-AS1	0.00171943
F10	0.00119018
F11	0.0017582
F11-AS1	0.00176441
F13A1	0.00142454
F13B	0.00171909
F2RL2	0.0014524
F3	0.00124909
F5	0.00187666
F7	0.00119679
FA2H	0.00158017
FABP3P2	0.00188938
FABP5	0.00107301
FABP5P1	0.00156049
FABP6	0.00126559
FABP7	0.00145544
FADD	0.001783
FADS1	0.00191751
FADS2	0.00191751
FAF1	0.00131146
FAF2	0.00200862
FAF2P1	0.00199274
FAH	0.00250103
FAIM2	0.00237581
FAIM3	0.00279753
FAM101A	0.00297382
FAM101B	0.00220478
FAM102A	0.00136524
FAM102B	0.00153657
FAM104A	0.00130148
FAM105A	0.000832603
FAM107A	0.00228781
FAM107B	0.00203925
FAM110A	0.00150798
FAM110B	0.00190172
FAM110C	0.00159892
FAM110D	0.00252995
FAM114A1	0.0101277
FAM114A2	0.00153219
FAM115C	0.00170683
FAM115D	0.00170683
FAM117A	0.00100478
FAM118A	0.0013623
FAM118B	0.00162009
FAM120AOS	0.00225639
FAM120B	0.00269189
FAM124A	0.0016654
FAM124B	0.00162533
FAM126A	0.00244865
FAM126B	0.00139609
FAM129A	0.0013625
FAM129B	0.00205195
FAM129C	0.00124013
FAM131B	0.00141061
FAM131C	0.0023484
FAM133DP	0.00106453
FAM134B	0.000941951
FAM134C	0.00309003
FAM135A	0.00141578
FAM135B	0.00188038
FAM136BP	0.0011652
FAM13A	0.00137721
FAM13B	0.00200597
FAM13C	0.00162295
FAM149A	0.00189325
FAM149B1P1	0.000963426
FAM150A	0.00134038
FAM151B	0.00238043
FAM153A	0.00164449
FAM154A	0.00230419
FAM155A	0.00146497
FAM155A-IT1	0.00118815
FAM157B	0.00186363
FAM159A	0.00111749
FAM159B	0.00198468
FAM160A1	0.00158581
FAM160A2	0.00122606
FAM160B1	0.00186434
FAM162B	0.00181535
FAM163A	0.00187827
FAM163B	0.00187451
FAM167A	0.00150696
FAM168A	0.00174107
FAM169B	0.00138783
FAM170B-AS1	0.00233779
FAM171A1	0.00188493
FAM172A	0.000889355
FAM173B	0.00112027
FAM174B	0.00221254
FAM177B	0.0018653
FAM179A	0.00213001
FAM180A	0.00125336
FAM181A	0.00175233
FAM181A-AS1	0.00196634
FAM182B	0.00218561
FAM183B	0.00204841
FAM184A	0.00223243
FAM184B	0.00189231
FAM185A	0.00229913
FAM185BP	0.0017583
FAM187B	0.00128837
FAM188A	0.00183149
FAM188B	0.00166884
FAM188B2	0.00132015
FAM189A1	0.00148324
FAM189A2	0.00156615
FAM194A	0.00118742
FAM194B	0.00176757
FAM196A	0.0016787
FAM196B	0.00196336
FAM198B	0.00133353
FAM19A1	0.00157281
FAM19A2	0.00151349
FAM19A3	0.00192018
FAM19A4	0.00187542
FAM19A5	0.00522494
FAM201A	0.00176714
FAM201B	0.00223399
FAM204A	0.00151752
FAM205A	0.0019024
FAM205B	0.00187361
FAM207A	0.00189769
FAM207CP	0.0012789
FAM208B	0.00188822
FAM209B	0.00190482
FAM20A	0.00166314
FAM20B	0.0015834
FAM20C	0.000780927
FAM210A	0.00164159
FAM210B	0.00229034
FAM211A	0.00198648
FAM211B	0.0016661
FAM214A	0.00136754
FAM214B	0.0018577
FAM216B	0.00158902
FAM218BP	0.00116166
FAM21B	0.0011155
FAM220A	0.00219665
FAM220CP	0.0016346
FAM222A	0.00231918
FAM222A-AS1	0.00231918
FAM225A	0.00152072
FAM225B	0.00150264
FAM227A	0.0013427
FAM227B	0.00142644
FAM228A	0.00192373
FAM230A	0.00172777
FAM24B	0.00179376
FAM25G	0.000873629
FAM3B	0.0023854
FAM3C	0.00168407
FAM3D	0.00180795
FAM41C	0.00164604
FAM43B	0.00207498
FAM45A	0.00223747
FAM46A	0.00268668
FAM46B	0.00157798
FAM46C	0.00209982
FAM47E	0.00324634
FAM47E-STBD1	0.00323184
FAM49A	0.00167811
FAM49B	0.00145503
FAM53A	0.00325462
FAM57B	0.00166998
FAM58BP	0.00197676
FAM60A	0.00209753
FAM64A	0.00194544
FAM65B	0.00262176
FAM65C	0.0017904
FAM66A	0.00226295
FAM66D	0.00319169
FAM69A	0.0019828
FAM69B	0.00156055
FAM69C	0.00142169
FAM71E2	0.00166403
FAM71F2	0.00165151
FAM78A	0.0012074
FAM78B	0.00106075
FAM81A	0.00249381
FAM81B	0.00127173
FAM83A	0.0020014
FAM83B	0.002608
FAM83F	0.00101658
FAM83G	0.00136345
FAM83H	0.00283594
FAM84A	0.00186209
FAM84B	0.00181919
FAM86A	0.00195648
FAM86B1	0.00279854
FAM86B3P	0.00197525
FAM86EP	0.00272451
FAM86FP	0.00337908
FAM86GP	0.00158586
FAM86LP	0.00176151
FAM87A	0.00148002
FAM89A	0.00207978
FAM8A3P	0.00175248
FAM90A1	0.00326419
FAM90A18P	0.000652213
FAM90A27P	0.00137758
FAM90A28P	0.00166594
FAM91A1	0.00131575
FAM92B	0.00240231
FAM98B	0.00192467
FAM99A	0.00149242
FAM99B	0.00147033
FAN1	0.00116866
FANCA	0.00528185
FANCC	0.00119416
FANCD2P2	0.00247789
FANCE	0.00236185
FANCF	0.00109967
FANCI	0.00146906
FANCM	0.000719778
FANK1	0.00158224
FAP	0.00114035
FAR1	0.00140251
FAR1P1	0.00153634
FAR2	0.00249855
FARP1	0.0016009
FARP1-AS1	0.00145775
FARP2	0.00176972
FARS2	0.00165727
FARSB	0.00167348
FARSBP1	0.00104787
FAS	0.00148484
FASLG	0.00125818
FASN	0.00178133
FAT1	0.00194306
FAT2	0.0017896
FAT3	0.00194566
FAT4	0.00207368
FAUP1	0.00124788
FAXC	0.00162772
FBLIM1	0.00173651
FBLN1	0.00136845
FBLN2	0.00175166
FBLN5	0.00183305
FBLN7	0.00271522
FBN1	0.00186216
FBN2	0.00172803
FBN3	0.00213671
FBP1	0.00150123
FBP2	0.00159332
FBRSL1	0.00158272
FBXL13	0.00241571
FBXL14	0.00116509
FBXL17	0.0018811
FBXL18	0.00240647
FBXL2	0.00165525
FBXL21	0.00120819
FBXL3	0.00102142
FBXL4	0.00157437
FBXL7	0.000938608
FBXO10	0.00229922
FBXO11	0.00187152
FBXO15	0.00138678
FBXO16	0.00203032
FBXO17	0.00164276
FBXO18	0.00186296
FBXO2	0.0013962
FBXO21	0.00197994
FBXO25	0.00137507
FBXO27	0.00170601
FBXO28	0.00243357
FBXO31	0.00181516
FBXO32	0.00265233
FBXO39	0.00220545
FBXO40	0.00243258
FBXO41	0.00178406
FBXO42	0.00248447
FBXO45	0.00128719
FBXO6	0.00115534
FBXO7	0.00121195
FBXW11	0.000869331
FBXW7	0.00133666
FBXW8	0.00148543
FCAMR	0.00278047
FCAR	0.00315859
FCER2	0.000920186
FCF1P10	0.00139966
FCGBP	0.00164264
FCGR1A	0.00168686
FCGR2A	0.00152112
FCGR2B	0.00155332
FCGR2C	0.0015429
FCGR3A	0.0015429
FCGRT	0.00139337
FCHO1	0.00090208
FCHO2	0.00101951
FCHSD2	0.0014192
FCN1	0.00204417
FCN2	0.00209528
FCN3	0.00132981
FCRL2	0.00186969
FCRL5	0.0019295
FCRL6	0.00111606
FCRLA	0.00157069
FDCSP	0.00157303
FDFT1	0.00343888
FDPSP1	0.00133474
FDPSP6	0.00163001
FDX1	0.00147854
FECH	0.00152024
FECHP1	0.00153132
FEM1A	0.00145947
FEM1AP2	0.00210071
FEM1AP3	0.00154759
FEM1AP4	0.00245263
FENDRR	0.00118004
FER	0.00129303
FER1L5	0.00142612
FER1L6	0.0021702
FER1L6-AS1	0.0021702
FER1L6-AS2	0.00216959
FERMT1	0.00174784
FERMT2	0.001541
FETUB	0.00142433
FEZ1	0.00172449
FEZ2	0.00195717
FEZF1	0.00133693
FEZF2	0.00142905
FFAR2	0.00131893
FFAR3	0.00123911
FFAR4	0.00180183
FGA	0.00129484
FGD2	0.00183379
FGD3	0.00255003
FGD4	0.00274801
FGD5	0.0011411
FGD5-AS1	0.0011411
FGF1	0.0014054
FGF10	0.0012335
FGF12	0.00167789
FGF12-AS1	0.00152081
FGF14	0.00149284
FGF14-IT1	0.00139176
FGF17	0.00141539
FGF18	0.00206275
FGF19	0.0010337
FGF2	0.00199339
FGF20	0.000754104
FGF21	0.00271508
FGF22	0.000862386
FGF23	0.00125958
FGF3	0.00143324
FGF4	0.00101475
FGF5	0.00121847
FGF6	0.00142056
FGF7P2	0.00218772
FGF8	0.00197581
FGF9	0.00206386
FGFBP1	0.00164168
FGFBP2	0.00157645
FGFR1	0.00124629
FGFR1OP2	0.00144878
FGFR1OP2P1	0.00137003
FGFR2	0.00164291
FGFR3	0.00300972
FGFR3P6	0.00183376
FGFRL1	0.00171846
FGGY	0.00146007
FGL1	0.00269202
FGL2	0.00157211
FGR	0.00119327
FH	0.0023939
FHAD1	0.00155907
FHDC1	0.00147725
FHIT	0.00197495
FHL2	0.00202812
FHL3	0.00183301
FHOD3	0.00138523
FIBCD1	0.0014897
FIBIN	0.00101928
FIG4	0.00205371
FIGLA	0.00242869
FIGN	0.00165169
FILIP1	0.0013333
FILIP1L	0.00256136
FIP1L1	0.00147036
FIS1	0.0018715
FIZ1	0.001465
FJX1	0.00134318
FKBP15	0.00162985
FKBP1A	0.00148079
FKBP5	0.00249138
FKBP9	0.00193368
FKBP9L	0.00202437
FKBPL	0.0143981
FKSG62	0.0017587
FKTN	0.000987961
FLCN	0.00202737
FLG-AS1	0.0023876
FLI1	0.00139791
FLJ14816	0.00250559
FLJ27365	0.00083719
FLJ45079	0.00122511
FLNB	0.00228469
FLNB-AS1	0.00228469
FLNC	0.00131468
FLOT1	0.00728362
FLRT1	0.00194315
FLRT2	0.00214604
FLT1	0.00147543
FLT3	0.00129843
FLT4	0.00359091
FLVCR1	0.00210924
FLVCR2	0.0020933
FLYWCH1	0.00165443
FLYWCH2	0.00170949
FMN1	0.00190743
FMN2	0.00165164
FMNL1	0.00501706
FMNL2	0.00240754
FMNL3	0.00208665
FMO1	0.00207433
FMO10P	0.00182475
FMO11P	0.00184295
FMO2	0.00228865
FMO4	0.00193752
FMO6P	0.00220559
FMO8P	0.00174403
FMO9P	0.00178568
FMOD	0.00101582
FN1	0.00212125
FNBP1	0.00155169
FNBP1L	0.00180967
FNBP1P1	0.00181639
FNDC1	0.000851777
FNDC3A	0.00125485
FNDC3B	0.00153965
FNDC5	0.00124585
FNDC7	0.00157248
FNIP2	0.00217816
FNTAL1	0.00232941
FNTB	0.00199937
FOCAD	0.00176605
FOLH1B	0.0047799
FOLR3	0.0015535
FOLR4	0.00195339
FOPNL	0.00154007
FOS	0.00169688
FOSB	0.00145747
FOSL2	0.00127739
FOXB1	0.00173991
FOXC1	0.00204566
FOXD3	0.00139794
FOXD4	0.00274297
FOXE3	0.00243193
FOXF1	0.00115753
FOXF2	0.00119125
FOXI1	0.00151614
FOXI2	0.00160719
FOXJ1	0.00155151
FOXJ2	0.00207884
FOXJ3	0.00199815
FOXK1	0.00167813
FOXK2	0.000757958
FOXL1	0.0012234
FOXM1	0.00160929
FOXN1	0.00189974
FOXN2	0.00174021
FOXN3	0.00319753
FOXN4	0.00164452
FOXO1	0.00215506
FOXO1B	0.00173798
FOXO3	0.00153475
FOXO6	0.00133528
FOXP1	0.00142227
FOXP1-AS1	0.00117437
FOXP1-IT1	0.000949407
FOXP2	0.00175367
FOXP4	0.00098528
FOXQ1	0.00131021
FOXRED2	0.000894625
FPGT-TNNI3K	0.00187021
FPR1	0.00188096
FRA10AC1	0.00125877
FRAS1	0.00518712
FRDAP	0.00182883
FREM1	0.00181869
FREM2	0.00194399
FREM3	0.00139154
FRG2B	0.00172503
FRK	0.0021469
FRMD1	0.00116352
FRMD3	0.00184132
FRMD4A	0.00226706
FRMD4B	0.00186661
FRMD5	0.00126625
FRMD6	0.00164941
FRMD6-AS2	0.00164941
FRMPD1	0.00299232
FRMPD2	0.0013719
FRS2	0.00206028
FRY	0.00143662
FRZB	0.00133031
FSBP	0.00220273
FSCN1	0.00252451
FSCN2	0.00112379
FSHB	0.00160575
FSHR	0.0018175
FSIP1	0.00120696
FSIP2	0.00304449
FSTL1	0.00249174
FSTL3	0.00105839
FSTL4	0.00262408
FSTL5	0.00222144
FTCD	0.000957803
FTCDNL1	0.00129199
FTH1	0.00239246
FTH1P10	0.000790485
FTH1P20	0.0014797
FTH1P21	0.00181782
FTH1P22	0.00151448
FTH1P5	0.00225162
FTH1P6	0.00246373
FTH1P7	0.00174068
FTH1P9	0.00158177
FTLP10	0.00134555
FTLP17	0.00138317
FTLP18	0.00156911
FTLP19	0.00150252
FTMT	0.00147302
FTO	0.00194627
FTOP1	0.00146599
FUBP1	0.00193152
FUBP3	0.00121985
FUCA2	0.00170605
FUNDC2P2	0.00116144
FUNDC2P4	0.00159401
FURIN	0.00197359
FUT10	0.00127861
FUT3	0.00145069
FUT4	0.00185303
FUT5	0.00117001
FUT8	0.00151421
FUT9	0.00122411
FXN	0.00161794
FXR1	0.000840083
FXR2	0.00381237
FXYD2	0.00127898
FXYD5	0.00126069
FXYD6	0.00136575
FXYD6-FXYD2	0.00136575
FXYD7	0.00128388
FYB	0.00164698
FYCO1	0.00297604
FYN	0.00230587
FYTTD1	0.00117913
FZD1	0.00127228
FZD10	0.0010036
FZD10-AS1	0.00131319
FZD2	0.00371358
FZD3	0.00167588
FZD5	0.00165859
FZD8	0.00137802
FZD9	0.00245741
G2E3	0.00101736
G3BP2	0.00222842
G6PC	0.00279716
GAA	0.00129352
GAB1	0.00149216
GAB2	0.00140887
GAB4	0.00156847
GABARAPL1	0.00192429
GABBR1	0.0107602
GABBR2	0.00156508
GABPA	0.00165839
GABPB1	0.00147011
GABPB1-AS1	0.00143935
GABPB2	0.00158214
GABRA1	0.0013059
GABRA2	0.00107501
GABRA4	0.00117952
GABRA5	0.00066742
GABRA6	0.00141504
GABRB1	0.0012827
GABRB2	0.00153474
GABRB3	0.00278535
GABRD	0.00213138
GABRG2	0.00125282
GABRG3	0.0024119
GABRP	0.00126532
GABRR1	0.00289821
GABRR2	0.00281856
GABRR3	0.00159572
GACAT1	0.00162109
GAD1	0.00156114
GAD2	0.00153291
GADD45B	0.00119938
GADD45G	0.00109368
GADL1	0.00220208
GAK	0.00131127
GAL	0.00142188
GAL3ST1	0.00147538
GALC	0.00112994
GALK1	0.00168387
GALM	0.00187046
GALNS	0.00267724
GALNT1	0.00166482
GALNT10	0.00144904
GALNT11	0.000629361
GALNT12	0.00100296
GALNT13	0.00169976
GALNT14	0.002263
GALNT15	0.00114605
GALNT16	0.00200085
GALNT18	0.00149262
GALNT2	0.00158386
GALNT3	0.00246964
GALNT5	0.00114037
GALNT6	0.00192785
GALNT7	0.00146546
GALNT8	0.00150719
GALNT9	0.00269311
GALNTL5	0.000872819
GALNTL6	0.00157734
GALP	0.00179133
GALR1	0.00192933
GAN	0.00146524
GANAB	0.00222469
GAP43	0.00157184
GAPDHP21	0.00263388
GAPDHP23	0.00204689
GAPDHP24	0.00183691
GAPDHP33	0.00180168
GAPDHP34	0.000908077
GAPDHP36	0.00101653
GAPDHP41	0.00266567
GAPDHP50	0.00206167
GAPDHP53	0.00182004
GAPDHP56	0.00179204
GAPDHP57	0.00140276
GAPDHP64	0.00150468
GAPDHP68	0.00198682
GAPDHP70	0.00319852
GAPDHP72	0.00122446
GAPDHS	0.00140181
GAREM	0.0017892
GARNL3	0.0018456
GART	0.00176607
GAS1	0.0016121
GAS2	0.00110725
GAS2L2	0.000885349
GAS2L3	0.0018755
GAS6	0.00215039
GAS6-AS1	0.00215039
GAS6-AS2	0.00209358
GAS7	0.00114969
GAS8	0.0045056
GATA3	0.00192126
GATA3-AS1	0.00149261
GATA4	0.00295509
GATA5	0.00248538
GATA6	0.00226625
GATAD2A	0.000892969
GATAD2B	0.00139289
GATM	0.00252874
GBA3	0.00159951
GBE1	0.00162785
GBF1	0.00221145
GBGT1	0.00280974
GBP1P1	0.00327089
GBP5	0.00298592
GBX1	0.00190771
GC	0.00116549
GCA	0.00115888
GCC1	0.00163882
GCC2	0.0020476
GCDH	0.00153707
GCFC2	0.00176222
GCG	0.0012294
GCGR	0.000993689
GCK	0.00159869
GCLC	0.00124443
GCN1L1	0.00181522
GCNT1	0.00193069
GCNT1P5	0.00146543
GCNT2	0.00133163
GCNT3	0.00203373
GCOM1	0.00139955
GCSAML	0.00248133
GDA	0.00199717
GDAP1	0.00163096
GDAP1L1	0.00156956
GDAP2	0.00208455
GDE1	0.00135843
GDF1	0.00123268
GDF10	0.000961813
GDF11	0.00196742
GDF15	0.00154169
GDF3	0.00203869
GDF6	0.00188583
GDF7	0.00161524
GDI2	0.0019183
GDNF	0.00206407
GDNF-AS1	0.0019561
GDPD1	0.00178473
GDPD5	0.00162113
GEM	0.00241724
GEMIN4	0.0014933
GFI1B	0.00300906
GFM1	0.00222617
GFM2	0.000724049
GFOD1	0.00169023
GFPT1	0.00186634
GFPT2	0.00194767
GFRA1	0.00178208
GFRA2	0.00219502
GFRA4	0.001857
GFRAL	0.00235446
GGACT	0.00101126
GGCT	0.0016525
GGT1	0.0016661
GGT5	0.00124731
GGT6	0.00206644
GGTA2P	0.00144955
GGTLC1	0.00150334
GGTLC2	0.00217481
GHITM	0.00208136
GHR	0.00160696
GHRH	0.00269055
GHRHR	0.00196964
GHSR	0.00133502
GIGYF2	0.00122536
GIMAP4	0.00220165
GIMAP5	0.0024602
GIMAP8	0.00176976
GINS3	0.00149843
GINS4	0.00156781
GIP	0.00233784
GIPC1	0.0010672
GIPC2	0.0019366
GIPC3	0.00159399
GIPR	0.00120357
GJA1	0.00330498
GJA3	0.00150825
GJA4	0.0015992
GJA5	0.0017937
GJA8	0.00165358
GJA9	0.00256454
GJB2	0.00188302
GJB6	0.00251243
GJC1	0.00408584
GJD2	0.00158676
GJD4	0.00136344
GJE1	0.00122048
GK2	0.0013733
GK5	0.00142377
GKN1	0.00210244
GKN2	0.00203179
GLB1	0.0015932
GLB1L2	0.00142802
GLB1L3	0.00135528
GLCCI1	0.00208714
GLCE	0.0021307
GLDC	0.00133861
GLDN	0.00191367
GLE1	0.00132533
GLG1	0.00135344
GLI2	0.00166375
GLI3	0.00133278
GLIPR1	0.0015137
GLIPR2	0.00163165
GLIS1	0.00192921
GLIS2	0.00168003
GLIS3	0.00176517
GLP1R	0.00262436
GLP2R	0.00166709
GLRA1	0.0027153
GLRA3	0.00178579
GLRB	0.00114268
GLRX	0.00124816
GLRX3	0.000848793
GLRX5	0.00159152
GLRXP	0.00143678
GLS2	0.00192278
GLT1D1	0.00125077
GLT6D1	0.00130219
GLT8D2	0.00142667
GLTP	0.00248469
GLTSCR1	0.00136613
GLTSCR1L	0.0014024
GLUD1	0.00260774
GLUD1P4	0.00077902
GLUDP5	0.00253654
GLUL	0.00176384
GLULP3	0.00107653
GLULP4	0.00183024
GLYAT	0.00158661
GLYATL1	0.00132728
GLYATL1P1	0.00132728
GLYATL1P2	0.0013542
GLYATL2	0.0013542
GM2A	0.002228
GM2AP1	0.00165171
GMCL1P1	0.00210571
GMDS	0.00206934
GMDS-AS1	0.00109669
GMEB1	0.0018054
GMEB2	0.00247392
GMFG	0.00191054
GML	0.00211714
GMNC	0.00180344
GMNN	0.00254821
GMPPB	0.0038962
GMPR	0.00149351
GMPS	0.00218345
GMPSP1	0.00139804
GNA11	0.0005722
GNA12	0.00193913
GNA13	0.00120645
GNA14	0.00181478
GNA15	0.00082357
GNAI1	0.0011126
GNAI2P1	0.00116959
GNAI2P2	0.00127058
GNAL	0.0014194
GNAO1	0.00210272
GNAQ	0.00116597
GNAS	0.00150668
GNAS-AS1	0.00133891
GNAT3	0.000995993
GNAZ	0.00159625
GNB1	0.00158708
GNB1L	0.00101344
GNB5	0.00144951
GNE	0.00157977
GNG11	0.000700065
GNG12	0.00180874
GNG12-AS1	0.00176295
GNG2	0.00209801
GNG4	0.00275055
GNG5P5	0.00151143
GNG7	0.00130582
GNG8	0.00192912
GNGT1	0.000765732
GNGT2	0.00195394
GNL1	0.00784034
GNL3	0.00326357
GNLY	0.00115332
GNPAT	0.00179763
GNPATP	0.0011219
GNPDA1	0.000982258
GNPDA2	0.00172626
GNPNAT1	0.00158576
GNPTAB	0.00151293
GOLGA1	0.00156151
GOLGA2P4	0.0016997
GOLGA2P6	0.0011932
GOLGA3	0.00176679
GOLGA4	0.00186925
GOLGA5	0.0010594
GOLGA6L2	0.00104521
GOLGA6L6	0.00227436
GOLGA7B	0.00172068
GOLGA8A	0.00209791
GOLGA8B	0.00209028
GOLGA8I	0.00115024
GOLGA8M	0.00261663
GOLGA8Q	0.000918638
GOLGA8S	0.00137909
GOLGB1	0.00256362
GOLIM4	0.000951766
GOLM1	0.00142491
GOLPH3	0.00201491
GOLPH3L	0.00169479
GOLT1A	0.00185289
GOLT1B	0.00301151
GOPC	0.00180217
GOSR1	0.00266239
GOSR2	0.00366927
GOT1	0.00200189
GOT1L1	0.000674821
GOT2	0.00157219
GOT2P1	0.00171872
GOT2P2	0.00118413
GP2	0.00231483
GP6	0.0011645
GPA33	0.00194835
GPAM	0.00204302
GPATCH1	0.00205814
GPATCH2	0.00133549
GPATCH2L	0.00158829
GPATCH8	0.00329997
GPBAR1	0.00188228
GPBP1	0.00154028
GPC1	0.00170546
GPC5	0.00154916
GPC6	0.00158065
GPC6-AS1	0.00117658
GPCPD1	0.00119142
GPD1L	0.0019027
GPD2	0.00129417
GPHB5	0.00227654
GPHN	0.00169273
GPIHBP1	0.00174223
GPLD1	0.00265661
GPM6A	0.00186894
GPN3P1	0.00227084
GPR107	0.00181129
GPR108	0.00165248
GPR110	0.00123003
GPR113	0.00191672
GPR114	0.00162253
GPR115	0.0011636
GPR116	0.00135242
GPR12	0.00148639
GPR123	0.0022253
GPR124	0.000762053
GPR125	0.00180741
GPR126	0.00118222
GPR128	0.00232192
GPR132	0.00104771
GPR133	0.00174641
GPR135	0.00172965
GPR137	0.00195585
GPR137B	0.00154402
GPR137C	0.00162149
GPR139	0.00129544
GPR141	0.00179886
GPR142	0.00162464
GPR144	0.0015877
GPR148	0.000997963
GPR149	0.00224024
GPR150	0.00113563
GPR155	0.00122825
GPR156	0.00250114
GPR157	0.0013205
GPR158	0.00232551
GPR161	0.00168196
GPR162	0.00227438
GPR17	0.00169678
GPR176	0.00113511
GPR180	0.00161086
GPR19	0.00141056
GPR20	0.00141272
GPR26	0.00169431
GPR32	0.00106332
GPR32P1	0.00106701
GPR35	0.00170336
GPR37	0.00113498
GPR37L1	0.00110879
GPR39	0.00228308
GPR45	0.0012125
GPR55	0.0013066
GPR56	0.00112273
GPR6	0.00170525
GPR61	0.00171773
GPR63	0.00113818
GPR68	0.00173542
GPR75-ASB3	0.00183079
GPR78	0.00126799
GPR79	0.00224637
GPR85	0.00178448
GPR88	0.0014415
GPR89A	0.00302681
GPR89B	0.00183385
GPR97	0.00114218
GPR98	0.00211986
GPRC5A	0.00171614
GPRC5C	0.00189222
GPRC5D	0.00214874
GPRC6A	0.00189248
GPRIN1	0.00232865
GPRIN2	0.00188845
GPRIN3	0.00153149
GPSM1	0.0026313
GPT2	0.000908048
GPX1P2	0.00166114
GPX3	0.00224543
GRAMD1A	0.00190463
GRAMD1B	0.00161465
GRAMD1C	0.00108922
GRAMD3	0.00175289
GRAMD4	0.00190002
GRAP2	0.000968846
GRASP	0.00148711
GRB10	0.00141296
GRB14	0.00171579
GREB1	0.0023533
GREM1	0.00195103
GREM2	0.00105363
GRHL1	0.00162683
GRHL2	0.00232679
GRHL3	0.0016215
GRHPR	0.00199201
GRIA1	0.00192883
GRIA2	0.00129892
GRIA4	0.0025692
GRID1	0.00180755
GRID2	0.0013805
GRID2IP	0.00159384
GRIFIN	0.00232204
GRIK1	0.00202639
GRIK1-AS2	0.00195504
GRIK2	0.00191341
GRIK3	0.00179278
GRIK4	0.00326431
GRIN2A	0.001649
GRIN2B	0.00205452
GRIN2C	0.0012104
GRIN2D	0.00187817
GRIN3A	0.000909923
GRIP1	0.00174116
GRIP2	0.00116253
GRK1	0.00199584
GRK4	0.00153499
GRK5	0.00229832
GRK6	0.00205806
GRK7	0.00123425
GRM1	0.00159792
GRM3	0.00153182
GRM4	0.00222853
GRM5	0.00689143
GRM5-AS1	0.00360706
GRM6	0.001262
GRM7	0.00191663
GRM7-AS1	0.00122934
GRM7-AS3	0.00110801
GRM8	0.00176663
GRN	0.00306361
GRP	0.00178415
GRTP1	0.00194626
GRTP1-AS1	0.00185573
GRXCR1	0.00180568
GRXCR2	0.00147673
GS1-122H1.1	0.00179401
GS1-122H1.2	0.00187924
GS1-179L18.1	0.00203436
GS1-204I12.1	0.00182033
GS1-204I12.4	0.00164391
GS1-24F4.1	0.00102448
GS1-24F4.2	0.00114894
GS1-278J22.2	0.00208233
GS1-304P7.1	0.00120841
GS1-39E22.1	0.00117486
GS1-410F4.4	0.00214545
GS1-44D20.1	0.00174853
GS1-57L11.1	0.00172074
GS1-69O6.1	0.00282113
GSAP	0.00147351
GSC	0.0019332
GSC2	0.00211297
GSDMC	0.00132271
GSDMD	0.00282512
GSE1	0.00215872
GSG1	0.00246037
GSG1L	0.00130244
GSK3B	0.00262133
GSPT1	0.000967768
GSR	0.00199895
GSTA1	0.000993981
GSTA3	0.000841965
GSTA7P	0.00103063
GSTCD	0.000885198
GSTK1	0.000982865
GSTM1	0.00181156
GSTM2	0.00181156
GSTM2P1	0.00166495
GSTM5	0.0017967
GSTM5P1	0.0017527
GSTO2	0.00249537
GSTP1P1	0.0016451
GSTT2	0.00310283
GSTTP2	0.00263631
GSX1	0.00119568
GTDC1	0.0013631
GTF2A1L	0.00139031
GTF2E1	0.00238622
GTF2F1	0.000932005
GTF2F2	0.00134561
GTF2H3	0.00330892
GTF2H5	0.00181772
GTF2IRD1	0.00252345
GTF2IRD2B	0.00144754
GTF2IRD2P1	0.00263096
GTF3A	0.00184202
GTF3C5	0.00288637
GTF3C6	0.00164616
GTSCR1	0.00217347
GTSE1	0.000612027
GTSF1L	0.0017169
GUCA1A	0.00217141
GUCA1B	0.00220354
GUCA1C	0.0020605
GUCY1A2	0.00190778
GUCY1A3	0.00152255
GUCY1B2	0.00167042
GUCY1B3	0.00165771
GUCY2EP	0.00130558
GUCY2GP	0.00105708
GUK1	0.00183634
GULOP	0.00222456
GULP1	0.00226307
GUSBP1	0.00330311
GUSBP11	0.00168537
GUSBP2	0.00849916
GUSBP3	0.00149903
GUSBP5	0.00139154
GVINP1	0.00175954
GXYLT2	0.00232161
GYG1P2	0.00182098
GYPA	0.00124736
GYPC	0.00177607
GYS1	0.00189767
GYS2	0.00308735
GZMA	0.00160637
GZMB	0.00318497
GZMK	0.00158395
GZMM	0.00124489
H19	0.00143079
H2AFY	0.00169846
H2AFY2	0.00198604
H2AFZP5	0.00148822
H3F3C	0.00292018
H6PD	0.00156893
HABP2	0.00201421
HABP4	0.00163412
HACE1	0.00160566
HACL1	0.00117191
HADH	0.00144522
HADHB	0.00183017
HAGH	0.0013105
HAL	0.00199065
HAND2	0.00155959
HAND2-AS1	0.00150312
HAO1	0.000791476
HAO2	0.00200574
HAP1	0.00211877
HAPLN1	0.00158774
HAPLN3	0.00174571
HAR1A	0.00213864
HAR1B	0.00207762
HAS1	0.00154064
HAS2	0.00144516
HAUS1	0.00143292
HAUS4P1	0.00224326
HAUS5	0.00157036
HAUS6P1	0.00225835
HAUS6P2	0.00180312
HAVCR1	0.0017962
HAVCR1P1	0.0014524
HAVCR2	0.00173169
HBB	0.00183888
HBBP1	0.00203796
HBE1	0.0028395
HBG2	0.0028395
HBS1L	0.00140637
HBZ	0.00356864
HCAR1	0.00348608
HCCAT5	0.00184823
HCFC2	0.00127677
HCFC2P1	0.000849511
HCG21	0.0124446
HCG22	0.0167669
HCK	0.00201185
HCN2	0.00118105
HCN4	0.00175083
HCP5	0.0196924
HCRTR1	0.00140556
HCRTR2	0.00241912
HDAC11	0.00182883
HDAC2	0.00138184
HDAC4	0.00146588
HDAC7	0.00187273
HDAC9	0.00132536
HDDC2	0.00166253
HDGF	0.00149824
HDGFL1	0.00236004
HDGFRP2	0.000918129
HDHD3	0.00146264
HEATR1	0.00438334
HEATR2	0.00108228
HEATR4	0.00227218
HEATR5A	0.00242435
HEATR5B	0.0024157
HEATR6	0.00131265
HEBP1	0.00234753
HEBP2	0.00139388
HECA	0.0036039
HECTD1	0.00219154
HECTD2	0.000626308
HECW1	0.00163771
HECW1-IT1	0.00128466
HECW2	0.001723
HEG1	0.00234294
HELQ	0.00236468
HELT	0.00113977
HELZ	0.00102091
HELZ2	0.00243941
HEMGN	0.00177528
HEPACAM	0.00159519
HEPACAM2	0.000988511
HEPHL1	0.00207221
HEPN1	0.00158831
HERC1	0.00197309
HERC2	0.00284732
HERC2P3	0.00216677
HERC3	0.0011382
HERC4	0.00243993
HERC5	0.00110519
HERC6	0.00187017
HERPUD2	0.00158448
HES1	0.00146286
HESX1	0.00209038
HEXB	0.000836198
HEY1	0.0014888
HEYL	0.00209894
HFM1	0.00197431
HGD	0.00264598
HGF	0.00101228
HHAT	0.00266797
HHIP	0.00119067
HHIPL1	0.00172734
HHIPL2	0.0023449
HHLA1	0.00185187
HHLA2	0.00258503
HIATL1	0.00172698
HIATL2	0.00157742
HIBADH	0.00233104
HIBCH	0.00254594
HIC2	0.00238511
HIF1A	0.00217511
HIF1A-AS1	0.00222409
HIF1A-AS2	0.00217511
HIF1AN	0.00148137
HIF3A	0.00132358
HIGD1AP18	0.00143125
HIGD1AP3	0.00252025
HIGD1AP4	0.00132526
HILS1	0.00119315
HINT1	0.00466045
HIP1	0.00220335
HIPK1	0.00127924
HIPK2	0.00192428
HIPK3	0.0012372
HIRAP1	0.00217099
HIST1H2AC	0.00677934
HIST1H2AH	0.00868413
HIST1H2APS6	0.00125786
HIST1H3F	0.00698344
HIST2H2BF	0.00168686
HIST2H3D	0.00133371
HIVEP1	0.00197003
HIVEP2	0.00126128
HIVEP3	0.00185657
HJURP	0.00183349
HK1	0.00174801
HK2	0.00155869
HK3	0.00154485
HKDC1	0.00226305
HLA-A	0.011588
HLA-B	0.0207392
HLA-DMB	0.00797931
HLA-DOA	0.00794285
HLA-DOB	0.00751252
HLA-DPA1	0.00791099
HLA-DPB1	0.00774199
HLA-DPB2	0.00723711
HLA-DQA2	0.0073424
HLA-DQB1	0.00895974
HLA-DRA	0.00983123
HLA-F	0.0119923
HLA-F-AS1	0.0119923
HLCS	0.00117615
HLF	0.00141179
HLFP1	0.00156662
HLTF	0.00125341
HLX	0.00167611
HMBOX1	0.00114362
HMCN1	0.00161768
HMCN2	0.0019851
HMG20B	0.00192933
HMGA1	0.00217444
HMGA1P6	0.00251823
HMGA1P7	0.00129206
HMGA2	0.00108117
HMGB1	0.00110068
HMGB1P1	0.00132858
HMGB1P13	0.00195575
HMGB1P18	0.00231774
HMGB1P21	0.00121627
HMGB1P22	0.00148683
HMGB1P26	0.00135453
HMGB1P27	0.00371385
HMGB1P28	0.00134126
HMGB1P29	0.00174268
HMGB1P38	0.00178673
HMGB1P46	0.00213949
HMGB1P5	0.0014093
HMGB3P10	0.00187959
HMGB3P12	0.0009714
HMGB3P13	0.00201894
HMGB3P18	0.00220421
HMGB3P19	0.00129108
HMGB3P23	0.00154893
HMGB3P24	0.00157175
HMGB3P26	0.00179497
HMGB3P3	0.00134026
HMGB3P32	0.00134019
HMGB3P6	0.00125647
HMGCLL1	0.00216079
HMGCS2	0.00158471
HMGN1P11	0.00146454
HMGN1P17	0.00139739
HMGN1P19	0.00146951
HMGN1P26	0.0013387
HMGN1P30	0.000927291
HMGN1P32	0.00169356
HMGN2	0.0020182
HMGN2P13	0.00235636
HMGN2P21	0.0023823
HMGN2P22	0.00172683
HMGN2P24	0.00109611
HMGN2P25	0.00129022
HMGN2P32	0.002184
HMGN2P36	0.00159221
HMGN2P39	0.00165116
HMGN2P46	0.00231398
HMGN2P6	0.0013008
HMGN2P8	0.00192965
HMGN3	0.00174574
HMGXB3	0.00137208
HMHA1	0.0019992
HMMR	0.00143273
HMOX1	0.00228805
HMSD	0.00209317
HMX1	0.000740101
HMX2	0.00128328
HMX3	0.00155692
HN1L	0.00128083
HNF1A	0.00280552
HNF1A-AS1	0.00279533
HNF1B	0.00181463
HNF4A	0.00156797
HNF4G	0.00137136
HNF4GP1	0.00284066
HNMT	0.00480456
HNRNPA1P12	0.00229348
HNRNPA1P30	0.00145655
HNRNPA1P31	0.00148036
HNRNPA1P32	0.00172318
HNRNPA1P4	0.00175829
HNRNPA1P46	0.0018249
HNRNPA1P47	0.00147236
HNRNPA1P48	0.00161165
HNRNPA1P51	0.0015694
HNRNPA1P56	0.0020801
HNRNPA1P57	0.00178763
HNRNPA1P58	0.00178655
HNRNPA1P60	0.0013407
HNRNPA1P63	0.00257571
HNRNPA1P64	0.00212188
HNRNPA1P65	0.00209144
HNRNPA1P67	0.00101219
HNRNPA1P73	0.00245193
HNRNPA1P8	0.00189973
HNRNPA2B1	0.00279105
HNRNPA3P13	0.00210293
HNRNPA3P15	0.00184439
HNRNPA3P5	0.00191501
HNRNPA3P6	0.00176361
HNRNPAB	0.00209925
HNRNPABP1	0.00178733
HNRNPC	0.00107078
HNRNPCL1	0.000934225
HNRNPH1	0.00155872
HNRNPKP2	0.0324244
HNRNPKP3	0.00127909
HNRNPKP4	0.00234889
HNRNPLL	0.00193291
HNRNPM	0.00152013
HNRNPMP2	0.00181925
HNRNPR	0.00123689
HNRNPRP2	0.0020615
HNRNPUL1	0.00144093
HOGA1	0.00165885
HOMER1	0.00159667
HOMER2	0.00151797
HOMER3	0.00128052
HOMEZ	0.00167616
HOOK1	0.00108257
HOOK2	0.00155963
HOPX	0.00157441
HORMAD2	0.00181925
HOTAIR	0.00384002
HOTTIP	0.00248564
HOXA-AS3	0.00241138
HOXA10	0.00247056
HOXA3	0.00241138
HOXA9	0.00245446
HOXB1	0.00334494
HOXB13	0.00285962
HOXB7	0.00319554
HOXC-AS3	0.00386735
HOXC-AS5	0.0029742
HOXC10	0.00383755
HOXC12	0.00358919
HOXC13	0.00342633
HOXC4	0.00390908
HOXC6	0.00379091
HOXD-AS1	0.00133188
HOXD10	0.00128381
HPCAL1	0.00210842
HPCAL4	0.00207557
HPD	0.00163999
HPDL	0.00187477
HPGD	0.00157439
HPN	0.00180439
HPN-AS1	0.00157619
HPRTP4	0.00204237
HPS1	0.00172574
HPS3	0.00128183
HPS4	0.00128163
HPS5	0.00120286
HPSE	0.00213263
HPSE2	0.00198781
HPX	0.000862777
HPYR1	0.00084693
HR	0.00125291
HRASLS5	0.00213848
HRC	0.00204093
HRCT1	0.0016899
HRG	0.00140204
HRH1	0.00123364
HRH2	0.000934092
HS1BP3	0.00134462
HS2ST1	0.00166291
HS3ST1	0.00156989
HS3ST2	0.00159999
HS3ST3A1	0.00106809
HS3ST3B1	0.000950266
HS3ST4	0.00248525
HS3ST5	0.00139582
HS3ST6	0.00122684
HS6ST1	0.0011739
HS6ST3	0.00178638
HSBP1	0.00161018
HSBP1P2	0.00174093
HSD11B1	0.00179602
HSD17B12	0.00112994
HSD17B2	0.00157208
HSD17B3	0.00172166
HSD17B4	0.00203442
HSD3B2	0.00203531
HSD3BP3	0.00198831
HSD3BP5	0.00177549
HSF2BP	0.00202074
HSH2D	0.00120084
HSP90AA1	0.00173362
HSP90AA4P	0.0020051
HSP90AA6P	0.00317402
HSP90AB2P	0.000791461
HSP90AB3P	0.00334853
HSP90AB6P	0.00124629
HSP90AB7P	0.00243424
HSP90B3P	0.00161068
HSPA12A	0.00125059
HSPA12B	0.0020092
HSPA13	0.00135203
HSPA14	0.0016398
HSPA4	0.00183251
HSPA8P17	0.0015354
HSPA8P19	0.00170884
HSPA8P8	0.0025604
HSPA8P9	0.00175232
HSPA9	0.0019147
HSPA9P1	0.00108375
HSPB11	0.00153848
HSPB1P1	0.00170446
HSPB3	0.00225916
HSPB8	0.00114038
HSPBAP1	0.0014862
HSPBP1	0.00161608
HSPD1P15	0.00159419
HSPD1P6	0.00177636
HSPD1P8	0.00190308
HSPD1P9	0.00183344
HSPEP1	0.00164975
HSPG2	0.00138359
HSPH1	0.00086545
HTATIP2	0.00140552
HTR1B	0.00195255
HTR1E	0.00271822
HTR2A	0.00150427
HTR2A-AS1	0.00142841
HTR3A	0.00122116
HTR3C	0.00269932
HTR3D	0.00270135
HTR4	0.00163683
HTR5A-AS1	0.00151155
HTR7	0.00180757
HTRA1	0.00220146
HTRA3	0.00176576
HTT	0.00155199
HULC	0.00160085
HUNK	0.00176242
HUS1	0.00136833
HYAL1	0.00351672
HYAL4	0.00113451
HYDIN	0.00561678
IAPP	0.00290428
IBSP	0.00306188
IBTK	0.00185257
ICA1	0.00291897
ICAM1	0.00169875
ICAM2	0.00159424
ICAM4	0.00173007
ICK	0.000864537
ICMT	0.00206595
ICOS	0.00171185
ICOSLG	0.00207304
ID2	0.00100851
ID3	0.00131592
ID4	0.00122204
IDE	0.00225654
IDH2	0.00178867
IDH3A	0.00218587
IDI2-AS1	0.00215672
IDNK	0.00143129
IDO1	0.00165221
IDO2	0.00193819
IDUA	0.00163612
IFFO2	0.00217616
IFI16	0.00183936
IFI27	0.00167501
IFI27L1	0.00173607
IFI44L	0.00145183
IFITM10	0.00134191
IFITM2	0.000814083
IFITM3	0.000894723
IFLTD1	0.00149456
IFNA1	0.00164365
IFNA22P	0.00165582
IFNAR1	0.00170417
IFNAR2	0.00156971
IFNG-AS1	0.0027038
IFNGR1	0.00119122
IFNL2	0.00186149
IFNL3P1	0.00174426
IFNLR1	0.0015708
IFNWP4	0.00174376
IFRD1	0.00169286
IFT122	0.00191713
IFT140	0.00132687
IFT27	0.000736497
IFT43	0.00176699
IFT46	0.00149055
IFT52	0.00171387
IFT74	0.0020225
IFT81	0.00244771
IFT88	0.00165543
IGBP1P3	0.0012882
IGBP1P5	0.00205291
IGDCC3	0.00159877
IGDCC4	0.00144098
IGF1	0.00129581
IGF1R	0.00169308
IGF2	0.00143709
IGF2-AS	0.0014336
IGF2BP1	0.00215425
IGF2BP2	0.00186592
IGF2BP3	0.00259483
IGF2R	0.00212579
IGFBP2	0.00147644
IGFBP3	0.00125156
IGFBP4	0.00134456
IGFBP5	0.00145244
IGFBP6	0.00305953
IGFBP7	0.00169947
IGFBP7-AS1	0.00166578
IGFBPL1	0.00167788
IGFL1	0.00104932
IGFL1P2	0.00120005
IGFL4	0.00100343
IGFN1	0.00170875
IGHA2	0.00115324
IGHD6-25	0.00365081
IGHEP1	0.00173167
IGHG1	0.00182092
IGHMBP2	0.00210678
IGHV1-14	0.00600859
IGHV1-18	0.00584613
IGHV1-24	0.0045058
IGHV1-8	0.00605111
IGHV1OR15-1	0.00162889
IGHV2-26	0.00446655
IGHV3-16	0.00596002
IGHV3-21	0.00550815
IGHV3-23	0.0045908
IGHV3-37	0.00432649
IGHV3-43	0.00431306
IGHV3-48	0.00418146
IGHV3-53	0.0040485
IGHV3-64	0.00356455
IGHV3-7	0.00596647
IGHV3-71	0.003474
IGHV3-75	0.00333587
IGHV3OR15-7	0.00147745
IGHV4-4	0.00539622
IGHV5-78	0.0033101
IGHVIII-26-1	0.0044462
IGJCOR18	0.0015463
IGKV1OR2-108	0.00270938
IGKV1OR22-1	0.00134508
IGKV2-10	0.00229646
IGKV2-18	0.00180208
IGKV2-19	0.00174423
IGKV2-26	0.00146748
IGKV2-4	0.00245507
IGKV2D-18	0.00126266
IGKV2OR2-1	0.0014539
IGKV2OR22-3	0.00129491
IGKV3-7	0.00240613
IGKV4-1	0.00223983
IGKV7-3	0.00233347
IGLC2	0.00134642
IGLC7	0.00139939
IGLL1	0.00135852
IGLL5	0.00135705
IGLV1-44	0.00274711
IGLV1-47	0.00287973
IGLV1-62	0.00238238
IGLV10-54	0.00256513
IGLV10-67	0.00227971
IGLV11-55	0.00262152
IGLV2-34	0.00200034
IGLV3-15	0.00172271
IGLV3-26	0.00219512
IGLV3-31	0.002037
IGLV3-7	0.00130451
IGLV7-35	0.00207829
IGLV7-43	0.0026618
IGLVI-56	0.00270133
IGLVIV-65	0.00229913
IGLVIV-66-1	0.00231897
IGLVIVOR22-1	0.00164655
IGLVVI-25-1	0.00210356
IGLVVII-41-1	0.00246861
IGSF10	0.00150272
IGSF11	0.00207201
IGSF21	0.00115184
IGSF22	0.0014177
IGSF23	0.00211737
IGSF3	0.00142957
IGSF5	0.00128703
IGSF9	0.00146002
IGSF9B	0.00144528
IKBKAP	0.0016503
IKBKE	0.00150559
IKZF1	0.00170521
IKZF2	0.00141588
IKZF3	0.00208864
IL10	0.00255947
IL10RA	0.00164341
IL10RB	0.00174771
IL10RB-AS1	0.00168218
IL12A	0.00257735
IL12A-AS1	0.00257735
IL12B	0.00133373
IL12RB1	0.00185399
IL12RB2	0.00161344
IL15	0.00188307
IL15RA	0.00184172
IL16	0.00134941
IL17A	0.00208247
IL17B	0.00162311
IL17C	0.00167877
IL17F	0.00202701
IL17RA	0.00194386
IL17RD	0.00202142
IL17RE	0.00113478
IL17REL	0.00194684
IL18R1	0.00275683
IL19	0.00265718
IL1B	0.00282902
IL1R1	0.00232592
IL1R2	0.00196539
IL1RAP	0.00123503
IL1RL2	0.00248892
IL1RN	0.00246659
IL20	0.00278156
IL20RA	0.00139715
IL20RB	0.00171599
IL21-AS1	0.00176853
IL21R	0.00090846
IL22	0.00275425
IL22RA1	0.00162244
IL22RA2	0.00127686
IL23R	0.00186062
IL27RA	0.00123629
IL2RA	0.00172948
IL2RB	0.000997907
IL31RA	0.0016067
IL32	0.00165538
IL33	0.00128353
IL36B	0.00270465
IL37	0.00279364
IL4I1	0.00181552
IL4R	0.00109908
IL5RA	0.00125789
IL6	0.00237778
IL6R	0.00171119
IL6RP1	0.00131206
IL6ST	0.0015788
IL7	0.00135683
IL7R	0.00295364
IL9	0.00114437
IL9RP4	0.00188527
ILDR1	0.00257218
ILF2	0.00131292
ILKAP	0.00177423
ILVBL	0.0015013
IMMP2L	0.00235483
IMPA1P	0.00120466
IMPA2	0.00171228
IMPACT	0.00142329
IMPAD1	0.00103285
IMPG1	0.00145026
INADL	0.00197308
INCENP	0.00248773
ING2	0.00180879
ING3	0.00159084
ING5	0.0021285
INHA	0.00135312
INHBA-AS1	0.00119843
INHBB	0.00155104
INMT	0.00190259
INMT-FAM188B	0.00166978
INO80	0.0015073
INO80C	0.00166361
INO80D	0.00152412
INPP4A	0.00173328
INPP4B	0.00166455
INPP5A	0.00217428
INPP5D	0.00161045
INPP5F	0.00101766
INS	0.00143337
INS-IGF2	0.0014336
INSC	0.00134802
INSIG1	0.00186811
INSIG2	0.00187742
INSL3	0.000926353
INSL4	0.00107298
INSL5	0.00173699
INSM1	0.00155219
INSM2	0.00152076
INSR	0.00206493
INSRR	0.00170982
INTS1	0.00226315
INTS10	0.00231011
INTS12	0.000885198
INTS6	0.00164884
INTS6-AS1	0.00169916
INTS6P1	0.00197336
INTS8	0.00206624
INTS9	0.00126172
INTU	0.00198887
IPCEF1	0.00136078
IPMK	0.00213777
IPMKP1	0.00149599
IPO11	0.00180424
IPO13	0.00190636
IPO5	0.00132594
IPO7	0.00157466
IPO8	0.00181683
IPO9	0.00111097
IPO9-AS1	0.00118557
IPPKP1	0.00119278
IQCA1	0.00154597
IQCA1P1	0.00182012
IQCE	0.00270778
IQCF1	0.002971
IQCF3	0.00304049
IQCF6	0.00302414
IQCG	0.00124992
IQCH	0.00129935
IQCJ	0.00219147
IQCJ-SCHIP1	0.00263958
IQCK	0.001244
IQGAP1	0.0017611
IQGAP2	0.00160123
IQSEC1	0.00134736
IQSEC3	0.00216208
IQUB	0.00117015
IRAK1BP1	0.00217207
IRAK2	0.0015432
IRAK3	0.0017709
IREB2	0.00252794
IRF2	0.00131331
IRF2BP2	0.00200406
IRF2BPL	0.0018675
IRF4	0.0018559
IRF8	0.0018865
IRG1	0.00107757
IRGC	0.00191866
IRGM	0.00213402
IRS1	0.00121436
IRS2	0.000978584
IRX1	0.00174559
IRX1P1	0.00195204
IRX2	0.00190665
IRX3	0.00161169
IRX4	0.00200601
ISCA1P1	0.00194971
ISCA1P2	0.00157046
ISCA1P3	0.00138471
ISCA1P6	0.00103555
ISCA2	0.00214361
ISCU	0.00103837
ISG20	0.0026033
ISLR2	0.00222261
ISM1	0.00125946
ISM1-AS1	0.000883264
ISOC1	0.00173309
ISOC2	0.00163886
ISPD	0.00193577
ISX	0.00138145
ISY1-RAB43	0.00182837
ITFG2	0.00160929
ITGA1	0.0017871
ITGA11	0.00124225
ITGA2	0.00171879
ITGA2B	0.00321129
ITGA3	0.00109335
ITGA4	0.00153632
ITGA6	0.00225949
ITGA7	0.00236772
ITGA8	0.00247811
ITGA9	0.00190103
ITGAE	0.000848357
ITGAL	0.00136542
ITGAM	0.00137737
ITGAV	0.00318785
ITGAX	0.00129378
ITGB2	0.0020228
ITGB2-AS1	0.0020228
ITGB3	0.0036463
ITGB3BP	0.00125811
ITGB4	0.00170045
ITGB5	0.00238609
ITGB6	0.00134052
ITGB7	0.00297677
ITGB8	0.00180189
ITGBL1	0.00161666
ITIH2	0.00152056
ITIH5	0.00155625
ITK	0.00169707
ITLN1	0.00124714
ITLN2	0.00136917
ITM2B	0.00151062
ITM2C	0.0012477
ITPA	0.00163305
ITPK1	0.00143941
ITPKB	0.00183567
ITPR1	0.00195762
ITPR2	0.00165812
ITPR3	0.00472798
ITPRIPL2	0.000686056
ITSN1	0.00236419
ITSN2	0.00190139
IVL	0.00279536
IVNS1ABP	0.00145026
IYD	0.00297557
IZUMO2	0.00216128
IZUMO3	0.00169832
IZUMO4	0.000791619
JAG1	0.00123976
JAG2	0.000986822
JAK1	0.00163172
JAK2	0.00105449
JAK3	0.00112129
JAKMIP1	0.00298451
JAKMIP2	0.00131241
JAKMIP3	0.00228631
JAM3	0.00118844
JARID2	0.00102334
JAZF1	0.00213469
JAZF1-AS1	0.00142173
JDP2	0.00176592
JHDM1D	0.00121296
JMJD1C	0.00193689
JOSD2	0.00184824
JPH1	0.00147992
JPH2	0.00164705
JPH3	0.0018569
JPH4	0.00090594
JRK	0.00208641
JRKL	0.00106374
JRKL-AS1	0.00104831
JSRP1	0.00106629
JUP	0.002433
KALRN	0.00268855
KANK1	0.00239724
KANK2	0.00211166
KANK4	0.00178076
KANSL1	0.00530118
KANSL1L	0.00149151
KAT2B	0.00197065
KAT6A	0.000984848
KAT6B	0.00145384
KATNAL1	0.00128538
KATNAL2	0.00123035
KATNB1	0.00101558
KATNBL1	0.00208922
KAZN	0.00150817
KB-1000E4.2	0.00165976
KB-1042C11.1	0.00177337
KB-1047C11.2	0.00191434
KB-1073A2.1	0.00171596
KB-1125A3.11	0.00240202
KB-1184D12.1	0.00298113
KB-1410C5.2	0.00159095
KB-1410C5.3	0.00162291
KB-1448A5.1	0.00182074
KB-1458E12.1	0.00120933
KB-1460A1.1	0.00174547
KB-1460A1.2	0.00166718
KB-1507C5.2	0.00180383
KB-1507C5.4	0.00167737
KB-1562D12.1	0.00231527
KB-1568E2.1	0.00139136
KB-1572G7.2	0.00168537
KB-1589B1.3	0.00172558
KB-1615E4.2	0.0022461
KB-1615E4.3	0.00219903
KB-1639H6.4	0.00171055
KB-1683C8.1	0.00157868
KB-1732A1.1	0.00173934
KB-173C10.1	0.0021495
KB-173C10.2	0.00186284
KB-1930G5.4	0.00169554
KB-1980E6.3	0.00177871
KB-1991G8.1	0.00172743
KB-208E9.1	0.00141605
KB-67B5.12	0.00140073
KBTBD11	0.0014402
KBTBD12	0.00200116
KBTBD2	0.00214751
KBTBD3	0.00231961
KBTBD6	0.00237209
KBTBD8	0.00188997
KCMF1	0.00119818
KCNA1	0.0015603
KCNA10	0.00172373
KCNA2	0.00154814
KCNA3	0.00140392
KCNA4	0.00166755
KCNA5	0.00158163
KCNA6	0.00150719
KCNAB1	0.00197777
KCNAB2	0.00249781
KCNB1	0.00243557
KCNB2	0.00268412
KCNC1	0.00153818
KCNC2	0.0021226
KCNC3	0.00294821
KCNC4	0.00173976
KCND2	0.00163556
KCND3	0.00181815
KCNE1	0.00175411
KCNE4	0.00171981
KCNF1	0.0032097
KCNG1	0.00126519
KCNG2	0.000874563
KCNG4	0.00164
KCNH1	0.00169985
KCNH2	0.00300897
KCNH5	0.00210329
KCNH6	0.00128684
KCNH7	0.00144049
KCNH8	0.000951155
KCNIP1	0.000844362
KCNIP3	0.00126448
KCNIP4	0.0015437
KCNJ1	0.00121573
KCNJ11	0.00113718
KCNJ12	0.00189265
KCNJ13	0.00122536
KCNJ15	0.000829201
KCNJ16	0.00118627
KCNJ2	0.0013509
KCNJ2-AS1	0.00101478
KCNJ3	0.00122164
KCNJ4	0.00146692
KCNJ5	0.00134569
KCNJ6	0.0016447
KCNK1	0.00170116
KCNK10	0.00101341
KCNK12	0.00167815
KCNK13	0.002274
KCNK16	0.00246083
KCNK17	0.0024746
KCNK18	0.00104323
KCNK2	0.00165428
KCNK3	0.00194192
KCNK5	0.00245489
KCNK9	0.00193023
KCNMA1	0.00159182
KCNMB1	0.000769891
KCNMB2	0.00187488
KCNMB3	0.00137793
KCNMB3P1	0.00136795
KCNMB4	0.00173156
KCNN1	0.00152351
KCNN2	0.00274218
KCNN3	0.00174969
KCNN4	0.0021897
KCNQ1	0.00134118
KCNQ1-AS1	0.00119754
KCNQ1OT1	0.000977446
KCNQ2	0.00237408
KCNQ3	0.00164724
KCNQ4	0.00151963
KCNQ5	0.0015323
KCNQ5-IT1	0.00143451
KCNS3	0.00217653
KCNT1	0.00127181
KCNT2	0.00156951
KCNU1	0.00085836
KCNV1	0.00157235
KCNV2	0.00131772
KCP	0.00132663
KCTD1	0.00168655
KCTD12	0.00181643
KCTD13	0.00181628
KCTD14	0.00126305
KCTD15	0.00183155
KCTD16	0.00224438
KCTD2	0.00139838
KCTD20	0.00145638
KCTD21	0.00139259
KCTD5	0.00165611
KCTD8	0.00172811
KDELC1	0.00216765
KDELR2	0.0017437
KDELR3	0.00135845
KDM1B	0.00162765
KDM2A	0.00220626
KDM2B	0.00137982
KDM3B	0.00204974
KDM4B	0.0018607
KDM4C	0.00119281
KDM4D	0.0013587
KDM5A	0.00216015
KDM5B	0.00122667
KDM6B	0.00140756
KDM8	0.000887412
KDR	0.00150305
KDSR	0.00144349
KEAP1	0.0017281
KEL	0.00106982
KHDC1	0.00161028
KHDC1P1	0.00156522
KHDC3L	0.00167115
KHDRBS2	0.00220441
KHDRBS3	0.00134797
KHNYN	0.00355733
KHSRPP1	0.00141059
KIAA0020	0.00137401
KIAA0040	0.00144089
KIAA0087	0.00281337
KIAA0141	0.00141553
KIAA0195	0.00135644
KIAA0226	0.00120884
KIAA0226L	0.00179698
KIAA0232	0.00150116
KIAA0247	0.00191598
KIAA0319	0.00266935
KIAA0355	0.00181988
KIAA0368	0.00240677
KIAA0391	0.0017555
KIAA0513	0.00240052
KIAA0556	0.000781179
KIAA0586	0.000944732
KIAA0753	0.00212643
KIAA0825	0.00149692
KIAA0895	0.000755952
KIAA0922	0.00170366
KIAA0930	0.00135369
KIAA0947	0.00148243
KIAA1009	0.00278503
KIAA1024	0.00214393
KIAA1191	0.00208804
KIAA1199	0.00124145
KIAA1211	0.00226144
KIAA1211L	0.00196958
KIAA1217	0.00161525
KIAA1239	0.00163552
KIAA1244	0.00142733
KIAA1257	0.00190384
KIAA1324	0.00194819
KIAA1324L	0.00139782
KIAA1328	0.00139673
KIAA1377	0.00156777
KIAA1407	0.00108012
KIAA1429	0.00221669
KIAA1430	0.00167796
KIAA1432	0.00159782
KIAA1456	0.00179663
KIAA1462	0.00134643
KIAA1467	0.00246041
KIAA1522	0.00124346
KIAA1524	0.0024726
KIAA1549	0.0020146
KIAA1549L	0.00159329
KIAA1551	0.00245384
KIAA1586	0.00168446
KIAA1598	0.00093531
KIAA1614	0.00147761
KIAA1644	0.00138135
KIAA1671	0.000946931
KIAA1683	0.00171653
KIAA1715	0.00127951
KIAA1731	0.00177415
KIAA1755	0.00165843
KIAA1958	0.00161056
KIAA2018	0.00110863
KIAA2026	0.00140127
KIDINS220	0.00100431
KIF12	0.00157329
KIF13A	0.00125578
KIF13B	0.00116884
KIF14	0.00139122
KIF16B	0.00215174
KIF17	0.00203823
KIF18B	0.00421138
KIF19	0.00147232
KIF1A	0.00153019
KIF1B	0.00237682
KIF20B	0.00122856
KIF21A	0.00206786
KIF24	0.00168257
KIF25	0.00069434
KIF25-AS1	0.000698633
KIF26A	0.00152877
KIF26B	0.00173229
KIF27	0.00151716
KIF2A	0.00182299
KIF2B	0.00189039
KIF3C	0.0016015
KIF5A	0.00227929
KIF5C	0.00124404
KIF6	0.00230191
KIF7	0.00145
KIF9-AS1	0.00306425
KIFAP3	0.00173325
KIFC3	0.00102942
KIR2DL1	0.00273754
KIR2DL3	0.00273754
KIR2DL4	0.00344359
KIR3DL1	0.00347085
KIR3DL2	0.00328125
KIR3DL3	0.00186784
KIR3DX1	0.00110694
KIRREL	0.00218487
KIRREL-IT1	0.00183594
KIRREL3	0.00166979
KIRREL3-AS1	0.00097009
KISS1R	0.00167449
KIT	0.00228109
KITLG	0.00169114
KL	0.00197544
KLB	0.00273079
KLC3	0.00151241
KLC4	0.00137113
KLF10	0.00167825
KLF11	0.00155097
KLF12	0.00151009
KLF13	0.00171375
KLF14	0.00108836
KLF15	0.0013727
KLF2	0.00115898
KLF3	0.00708251
KLF4	0.00272602
KLF5	0.00149103
KLF6	0.000769973
KLF7	0.00133474
KLF7P1	0.00175389
KLF9	0.00236889
KLHDC10	0.00123413
KLHDC2	0.00140158
KLHDC4	0.00154514
KLHDC7A	0.00177562
KLHDC8A	0.00235343
KLHL1	0.00233782
KLHL12	0.00130914
KLHL14	0.00129306
KLHL2	0.00165487
KLHL21	0.00172648
KLHL22	0.00112216
KLHL23	0.0021218
KLHL24	0.00243897
KLHL25	0.0021025
KLHL29	0.00191574
KLHL3	0.00201821
KLHL30	0.00182147
KLHL31	0.00166116
KLHL32	0.00109221
KLHL33	0.00132157
KLHL36	0.0014843
KLHL38	0.0021482
KLHL42	0.00174966
KLHL5	0.00269205
KLHL6	0.00203354
KLHL6-AS1	0.00181486
KLHL7	0.00252912
KLHL7-AS1	0.00251238
KLHL8	0.00244241
KLK10	0.000943154
KLK11	0.00112058
KLK12	0.00123116
KLK13	0.00192894
KLK14	0.0021792
KLK15	0.00120958
KLK2	0.00120533
KLK3	0.00118833
KLK4	0.00108974
KLK5	0.00120728
KLK6	0.00123371
KLK7	0.00117519
KLK8	0.000947854
KLK9	0.000947854
KLKB1	0.00183541
KLKP1	0.00111195
KLRC3	0.0015413
KLRD1	0.00196059
KLRF1	0.00176029
KLRF2	0.00201829
KLRG1	0.00168358
KLRG2	0.00300347
KMO	0.00235343
KMT2A	0.00149371
KMT2B	0.00160094
KMT2C	0.000656683
KNDC1	0.00216857
KNG1	0.00145849
KNOP1P1	0.00112578
KNOP1P5	0.00120594
KNSTRN	0.00143099
KNTC1	0.0028234
KPNA1	0.00182067
KPNA3	0.0019142
KPNA6	0.00086478
KPNA7	0.00118366
KRAS	0.0015808
KRBA1	0.0012221
KRBOX1	0.00166771
KREMEN1	0.00154089
KRI1	0.00174205
KRR1	0.0015137
KRT121P	0.0027235
KRT124P	0.00288613
KRT13	0.00187603
KRT16	0.00210914
KRT18P14	0.00140305
KRT18P16	0.00163665
KRT18P19	0.00163369
KRT18P2	0.00130777
KRT18P21	0.00231713
KRT18P23	0.0011612
KRT18P24	0.0016667
KRT18P27	0.00151452
KRT18P3	0.00114471
KRT18P41	0.00144929
KRT18P42	0.000933305
KRT18P43	0.00159093
KRT18P50	0.00116575
KRT18P51	0.00130436
KRT18P56	0.00207185
KRT18P59	0.00159161
KRT18P66	0.00157354
KRT18P67	0.00178455
KRT18P8	0.00181267
KRT18P9	0.00225229
KRT19	0.00215384
KRT19P2	0.00207016
KRT19P6	0.00157341
KRT2	0.00318456
KRT20	0.00148861
KRT222	0.00101413
KRT223P	0.00110724
KRT26	0.00127729
KRT35	0.00189266
KRT4	0.00345011
KRT40	0.00156427
KRT41P	0.001824
KRT42P	0.00206247
KRT5	0.00263282
KRT6B	0.00283479
KRT7	0.00241381
KRT71	0.00303005
KRT74	0.00308872
KRT76	0.0034998
KRT77	0.00327928
KRT78	0.00329585
KRT79	0.0032912
KRT8	0.00329826
KRT80	0.00156069
KRT83	0.00280062
KRT84	0.00283204
KRT86	0.00277423
KRT8P11	0.00104011
KRT8P18	0.001454
KRT8P2	0.00178295
KRT8P20	0.00201434
KRT8P21	0.00269836
KRT8P25	0.00136259
KRT8P29	0.00170818
KRT8P32	0.00193927
KRT8P37	0.00164822
KRT8P4	0.00173464
KRT8P5	0.00144244
KRT8P7	0.00153932
KRTAP10-1	0.00201153
KRTAP11-1	0.00164857
KRTAP19-1	0.00131751
KRTAP19-8	0.00165784
KRTAP21-3	0.00136592
KRTAP27-1	0.00101319
KRTAP5-11	0.00214513
KRTAP5-14P	0.00224824
KRTAP5-5	0.00156662
KRTAP5-6	0.0013328
KRTAP5-7	0.00279732
KRTAP5-9	0.00233062
KRTAP7-1	0.00147372
KRTAP9-12P	0.00167997
KRTDAP	0.001358
KSR1	0.0013881
KSR2	0.00206486
KTN1	0.00167835
KTN1-AS1	0.0016006
KYNU	0.0015514
L1TD1	0.00184329
L2HGDH	0.00171612
L3MBTL1	0.00149191
L3MBTL3	0.00239601
L3MBTL4	0.00127142
LA16c-349E11.1	0.00151928
LA16c-366D1.3	0.00199645
LA16c-380A1.1	0.00226049
LA16c-381G6.1	0.0016423
LA16c-431H6.6	0.00128083
LA16c-444G7.1	0.0041549
LA16c-444G7.2	0.00414664
LA16c-4G1.3	0.00217971
LACC1	0.000902687
LACE1	0.000695192
LACRT	0.00196333
LACTBL1	0.00129149
LAD1	0.0020011
LAG3	0.00171045
LAIR1	0.0007974
LAIR2	0.00110068
LALBA	0.00156828
LAMA1	0.00223424
LAMA2	0.00243295
LAMA3	0.00144529
LAMA4	0.00239037
LAMA5	0.00235756
LAMB1	0.00164892
LAMB3	0.00151662
LAMB4	0.00198002
LAMC1	0.00125279
LAMC2	0.00133948
LAMC3	0.00140748
LAMP1	0.00127925
LAMP3	0.00197363
LAMP5	0.00184895
LAMTOR3P1	0.00191088
LANCL2	0.00162498
LAPTM4B	0.00159519
LAPTM5	0.00106858
LARGE	0.00182498
LARP1B	0.00193633
LARP1BP1	0.00147627
LARP1BP2	0.00118709
LARP4B	0.00220146
LARS	0.00114824
LARS2	0.00254203
LARS2-AS1	0.00254203
LASP1	0.00219124
LAT	0.00234669
LAT2	0.00169118
LATS2	0.00139596
LAX1	0.00170793
LBH	0.0027582
LBP	0.00204654
LBX1-AS1	0.00173809
LCE1F	0.00281161
LCE3E	0.00266989
LCE5A	0.00256097
LCE6A	0.0027412
LCLAT1	0.00218612
LCMT1	0.000825034
LCN1	0.00186752
LCN15	0.00148233
LCN1P1	0.00281856
LCN1P2	0.0028296
LCN2	0.00141461
LCN9	0.00128118
LCOR	0.00105482
LCORL	0.00169152
LCP1	0.00164916
LCP2	0.0010996
LCT	0.0360625
LCTL	0.00152421
LDB1	0.00208348
LDB2	0.00127004
LDB3	0.00189518
LDHA	0.00118032
LDHAL6CP	0.00177456
LDHAP3	0.00164031
LDHAP4	0.00122195
LDHAP5	0.00186775
LDHB	0.00290111
LDLR	0.0017729
LDLRAD2	0.0011824
LDLRAD3	0.00144269
LDLRAD4	0.00164551
LDLRAD4-AS1	0.00129244
LDLRAP1	0.00195879
LDOC1L	0.00114022
LECT1	0.00171745
LECT2	0.00120819
LEF1	0.00143675
LEF1-AS1	0.00140679
LEKR1	0.00157059
LELP1	0.00232608
LEMD1	0.00183722
LEMD1-AS1	0.00214559
LEMD2	0.00428699
LENG1	0.000979991
LEP	0.00142111
LEPR	0.00217112
LEPRE1	0.00226664
LEPREL1	0.00187431
LEPREL1-AS1	0.00130862
LEPREL2	0.0023972
LEPROT	0.00212152
LEPROTL1	0.00141434
LETM1	0.00266887
LEUTX	0.00178766
LFNG	0.00271029
LGALS12	0.00198505
LGALS17A	0.00186229
LGALS2	0.00268828
LGALS3BP	0.00177564
LGALS4	0.00166638
LGALS8	0.00430923
LGALS8-AS1	0.0036683
LGALS9C	0.00288533
LGALSL	0.0014017
LGI1	0.00119343
LGI2	0.00343705
LGI4	0.00126946
LGMN	0.000999268
LGMNP1	0.00165726
LGR4	0.00131872
LGR5	0.00149537
LGR6	0.00127526
LGSN	0.00204618
LHCGR	0.00139031
LHFP	0.00202281
LHFPL2	0.0018601
LHFPL3	0.00175509
LHFPL3-AS1	0.00149032
LHFPL4	0.000990377
LHPP	0.00180205
LHX1	0.00111223
LHX2	0.0015054
LHX3	0.00149947
LHX4	0.00178278
LHX5	0.00146517
LHX6	0.00145361
LHX9	0.00158974
LIAS	0.00283845
LIFR	0.000987608
LIFR-AS1	0.00116675
LIG1	0.00162999
LIG3	0.00141629
LIG4	0.00145975
LILRA2	0.00111803
LILRA3	0.00169733
LILRA4	0.000887313
LILRA5	0.0018661
LILRA6	0.00145366
LILRB1	0.00115845
LILRB3	0.00145366
LILRB4	0.00125032
LILRB5	0.00151033
LILRP1	0.00145978
LILRP2	0.00167204
LIM2	0.00149822
LIMCH1	0.00197857
LIMD1	0.00268083
LIMD1-AS1	0.00268083
LIMK1	0.00157268
LIMS1	0.00200926
LIMS2	0.00174999
LIN28A	0.00209634
LIN28AP1	0.0010452
LIN28AP2	0.00156365
LIN28B	0.00173841
LIN52	0.002796
LIN7A	0.00232964
LINC-ROR	0.0012885
LINC00032	0.00176171
LINC00051	0.00149378
LINC00085	0.00133341
LINC00094	0.00200862
LINC00111	0.0015326
LINC00112	0.00157694
LINC00113	0.00208913
LINC00114	0.00140695
LINC00115	0.00181837
LINC00152	0.00302721
LINC00158	0.00161657
LINC00159	0.0013318
LINC00162	0.00188732
LINC00184	0.00201235
LINC00189	0.00253242
LINC00200	0.00193812
LINC00202-1	0.00258505
LINC00207	0.00127775
LINC00208	0.00192487
LINC00210	0.0020598
LINC00211	0.00255892
LINC00221	0.00424242
LINC00222	0.00176478
LINC00229	0.00149777
LINC00237	0.00145989
LINC00243	0.0112115
LINC00261	0.00110247
LINC00263	0.00147542
LINC00264	0.00219244
LINC00265	0.0017773
LINC00271	0.00128979
LINC00273	0.000414038
LINC00276	0.00179978
LINC00284	0.000882987
LINC00290	0.00165002
LINC00297	0.00146177
LINC00299	0.00130711
LINC00301	0.00215464
LINC00303	0.00200165
LINC00305	0.00133611
LINC00307	0.000932877
LINC00311	0.00212856
LINC00313	0.00195019
LINC00315	0.00162515
LINC00316	0.00204955
LINC00320	0.001897
LINC00322	0.00315188
LINC00323	0.00201816
LINC00326	0.00201723
LINC00327	0.00187865
LINC00328-2P	0.00178795
LINC00330	0.00161476
LINC00331	0.00174272
LINC00332	0.00123653
LINC00333	0.00154855
LINC00334	0.00160631
LINC00341	0.00152226
LINC00343	0.00147147
LINC00346	0.000884083
LINC00347	0.00134861
LINC00348	0.00120038
LINC00349	0.00231568
LINC00351	0.00204358
LINC00352	0.0016691
LINC00353	0.0018607
LINC00354	0.000927901
LINC00355	0.0017777
LINC00358	0.00149345
LINC00359	0.001144
LINC00362	0.00229695
LINC00363	0.00153447
LINC00364	0.00202149
LINC00365	0.00123312
LINC00368	0.00124399
LINC00370	0.00126389
LINC00371	0.00169026
LINC00374	0.00197811
LINC00375	0.00189798
LINC00376	0.00186327
LINC00378	0.00110859
LINC00379	0.000827595
LINC00380	0.000963039
LINC00381	0.00145505
LINC00382	0.00214607
LINC00383	0.00222535
LINC00384	0.0012559
LINC00388	0.00246771
LINC00390	0.000936397
LINC00393	0.00178379
LINC00395	0.00194898
LINC00396	0.00124583
LINC00398	0.000890566
LINC00399	0.00116453
LINC00400	0.000950594
LINC00401	0.00219769
LINC00402	0.00140467
LINC00403	0.00117526
LINC00404	0.00104407
LINC00407	0.00132656
LINC00410	0.00105847
LINC00412	0.00189349
LINC00418	0.00228912
LINC00423	0.00156678
LINC00424	0.00249603
LINC00426	0.00130362
LINC00428	0.00134748
LINC00431	0.00114803
LINC00433	0.00171987
LINC00437	0.00114292
LINC00443	0.00171505
LINC00445	0.0021067
LINC00446	0.00164126
LINC00448	0.00162955
LINC00452	0.00201631
LINC00456	0.0011748
LINC00457	0.00169267
LINC00458	0.00158019
LINC00459	0.00155479
LINC00460	0.00241206
LINC00461	0.00164118
LINC00466	0.00146394
LINC00469	0.00160401
LINC00470	0.00160852
LINC00472	0.00195553
LINC00473	0.00114898
LINC00474	0.00165221
LINC00475	0.00241214
LINC00476	0.00161358
LINC00478	0.00140952
LINC00479	0.00154748
LINC00483	0.00156083
LINC00485	0.0015651
LINC00486	0.00188466
LINC00487	0.00154732
LINC00491	0.00256024
LINC00494	0.00207884
LINC00498	0.0014591
LINC00499	0.00144337
LINC00500	0.00119748
LINC00501	0.00180953
LINC00502	0.00121807
LINC00504	0.00151021
LINC00507	0.00227381
LINC00508	0.00219503
LINC00511	0.00172884
LINC00519	0.00155766
LINC00520	0.00156576
LINC00521	0.00160793
LINC00523	0.00200079
LINC00524	0.00095883
LINC00528	0.00161964
LINC00529	0.00149838
LINC00533	0.00962122
LINC00534	0.00182834
LINC00535	0.00184229
LINC00536	0.00139459
LINC00539	0.00123203
LINC00543	0.00121796
LINC00544	0.00136967
LINC00551	0.00131032
LINC00554	0.00103249
LINC00555	0.00173533
LINC00557	0.00164879
LINC00558	0.00134314
LINC00559	0.00160901
LINC00560	0.00169221
LINC00561	0.00226263
LINC00563	0.00163753
LINC00566	0.00215927
LINC00567	0.000995935
LINC00570	0.00173291
LINC00571	0.00178056
LINC00572	0.0013951
LINC00575	0.00187509
LINC00578	0.00246953
LINC00583	0.00190423
LINC00587	0.00159918
LINC00589	0.00110959
LINC00592	0.00201
LINC00593	0.000967822
LINC00595	0.00118908
LINC00596	0.00136431
LINC00598	0.00179164
LINC00599	0.00235911
LINC00601	0.0013501
LINC00603	0.00204271
LINC00604	0.00211387
LINC00605	0.00204423
LINC00606	0.00175871
LINC00607	0.00125542
LINC00608	0.00165705
LINC00609	0.00152135
LINC00613	0.00142407
LINC00616	0.00136585
LINC00617	0.00173236
LINC00620	0.00179794
LINC00621	0.00157026
LINC00624	0.00203173
LINC00626	0.00156703
LINC00635	0.00172272
LINC00636	0.00199262
LINC00639	0.0015378
LINC00649	0.00242259
LINC00654	0.00183117
LINC00656	0.00123551
LINC00657	0.00222416
LINC00658	0.00196236
LINC00659	0.00140082
LINC00661	0.00147177
LINC00662	0.00161614
LINC00663	0.00135457
LINC00667	0.000604214
LINC00668	0.00163145
LINC00669	0.00141541
LINC00670	0.00118551
LINC00676	0.00103819
LINC00681	0.00162739
LINC00683	0.00153472
LINC00686	0.00107616
LINC00687	0.00178887
LINC00689	0.00280006
LINC00691	0.00203196
LINC00692	0.000890275
LINC00693	0.0022559
LINC00698	0.00110295
LINC00700	0.00249888
LINC00701	0.00272472
LINC00702	0.00117144
LINC00703	0.000869302
LINC00704	0.00110402
LINC00707	0.00120732
LINC00708	0.00167242
LINC00709	0.00266051
LINC00710	0.0029837
LINC00838	0.00173287
LINC00840	0.00217659
LINC00841	0.00204919
LINC00842	0.00186078
LINC00843	0.0017791
LINC00844	0.00158506
LINC00845	0.00138867
LINC00853	0.00255297
LINC00856	0.00132278
LINC00857	0.00240398
LINC00862	0.00180929
LINC00863	0.00263044
LINC00865	0.00123182
LINC00866	0.00161676
LINC00867	0.00182415
LINC00868	0.00256432
LINC00870	0.00137062
LINC00871	0.00190148
LINC00877	0.00192321
LINC00879	0.00347902
LINC00880	0.00168846
LINC00882	0.0018063
LINC00883	0.00185398
LINC00884	0.00194016
LINC00885	0.00131993
LINC00887	0.000814942
LINC00896	0.0015132
LINC00898	0.000872643
LINC00905	0.00148686
LINC00907	0.00154187
LINC00908	0.00200022
LINC00911	0.00191655
LINC00917	0.00150549
LINC00922	0.00177738
LINC00923	0.00149849
LINC00924	0.00142122
LINC00925	0.00163108
LINC00927	0.00274527
LINC00928	0.00148741
LINC00929	0.00183486
LINC00930	0.00230314
LINC00937	0.00339634
LINC00938	0.00153905
LINC00939	0.00130833
LINC00940	0.0013987
LINC00941	0.00144665
LINC00942	0.00166778
LINC00943	0.00163941
LINC00944	0.00152834
LINC00948	0.00181031
LINC00954	0.00195147
LINC00955	0.00165583
LINC00959	0.000673176
LINC00961	0.00162664
LINC00963	0.00190377
LINC00964	0.00185784
LINC00966	0.00161535
LINC00967	0.00129753
LINC00968	0.00135064
LINC00969	0.000884331
LINC00970	0.00167805
LINC00971	0.00221672
LINC00972	0.00175093
LINC00974	0.00212695
LINC00977	0.001403
LINC00982	0.00119475
LINC00989	0.00125548
LINC00992	0.00192714
LINC00996	0.0016346
LINC01003	0.000767633
LINC01006	0.00239398
LINC01007	0.0017917
LINC01010	0.00113726
LINC01013	0.00295277
LINC01014	0.00173517
LINC01016	0.00365364
LINC01018	0.00216392
LINC01019	0.00136781
LINC01020	0.00100915
LINC01021	0.00195674
LINC01023	0.00150662
LINC01024	0.00252551
LINC01029	0.00129696
LINC01031	0.00113439
LINC01032	0.0011572
LINC01033	0.0020836
LINC01034	0.00227742
LINC01035	0.00177834
LINC01036	0.00108814
LINC01037	0.00110277
LINC01038	0.00149415
LINC01040	0.00198427
LINC01043	0.00133655
LINC01044	0.00132357
LINC01046	0.00104373
LINC01047	0.00170197
LINC01048	0.00203016
LINC01049	0.0012605
LINC01053	0.0018094
LINC01057	0.00173257
LINC01058	0.00128345
LINC01059	0.00107975
LINC01060	0.00200158
LINC01063	0.0014197
LINC01065	0.00127599
LINC01066	0.00120065
LINC01067	0.00122186
LINC01068	0.001579
LINC01070	0.00140794
LINC01072	0.00151921
LINC01073	0.00145265
LINC01074	0.00152641
LINC01075	0.00147406
LINC01076	0.00169124
LINC01078	0.000980276
LINC01079	0.00202511
LINC01081	0.00162388
LINC01082	0.00158934
LINC01085	0.00114065
LINC01087	0.00156681
LINC01088	0.00247223
LINGO1	0.00209708
LINGO2	0.00219238
LINGO3	0.00126936
LINS	0.0015735
LIPA	0.00150492
LIPC	0.00180106
LIPE	0.00107742
LIPE-AS1	0.00107742
LIPF	0.00165192
LIPG	0.00191327
LIPH	0.00211028
LIPI	0.00165002
LIPK	0.00167661
LITAF	0.00111716
LIX1	0.00151833
LL09NC01-139C3.1	0.00331815
LL09NC01-251B2.3	0.00379704
LL09NC01-254D11.1	0.00178133
LL22NC01-81G9.3	0.00067994
LL22NC03-102D1.18	0.00204605
LL22NC03-121E8.3	0.00136795
LL22NC03-121E8.4	0.00154104
LL22NC03-123E1.5	0.00289072
LL22NC03-13G6.2	0.00179524
LL22NC03-22A12.12	0.00279367
LL22NC03-23C6.15	0.002297
LL22NC03-2H8.5	0.00295859
LL22NC03-30E12.10	0.00265685
LL22NC03-75A1.9	0.0028888
LL22NC03-75H12.2	0.00130969
LL22NC03-86D4.1	0.00141276
LLGL2	0.00143577
LLNLF-65H9.1	0.0017695
LLNLR-299G3.1	0.000843694
LMAN1	0.000935339
LMAN2	0.00204075
LMBR1	0.00151968
LMBRD1	0.00219647
LMBRD2	0.00300338
LMCD1	0.00114322
LMCD1-AS1	0.00193398
LMF1	0.00171592
LMF2	0.00169923
LMNA	0.00187193
LMNB1	0.00110812
LMNB2	0.00124731
LMO1	0.00119709
LMO2	0.00155895
LMO3	0.00120544
LMO4	0.00152045
LMO7	0.00213965
LMOD1	0.00106773
LMOD3	0.00184578
LMTK2	0.00147088
LMX1A	0.00154567
LMX1B	0.00151203
LNP1	0.00241478
LNPEP	0.00157535
LNX1	0.00118874
LNX1-AS1	0.00118874
LNX1-AS2	0.00113355
LNX2	0.00174057
LOC124685	0.00120992
LOH12CR1	0.00226658
LONP2	0.0011126
LONRF1	0.00111494
LONRF2P2	0.0024098
LOR	0.00194253
LOX	0.00167777
LOXHD1	0.00113586
LOXL1	0.00202402
LOXL2	0.00104955
LOXL3	0.00122918
LOXL4	0.00230032
LPA	0.00201734
LPAR1	0.00202898
LPAR3	0.00154074
LPAR5	0.00148268
LPCAT1	0.00130781
LPCAT2	0.00191166
LPCAT3	0.00232098
LPCAT4	0.00206058
LPHN1	0.00124679
LPHN2	0.001603
LPHN3	0.00172007
LPIN1	0.00182603
LPIN2	0.0017874
LPL	0.00216207
LPP	0.00160218
LPPR1	0.00101175
LPPR3	0.00136939
LPPR4	0.00118421
LPPR5	0.00122964
LRAT	0.00104991
LRBA	0.00164007
LRCH1	0.00159957
LRCH3	0.00121545
LRCH4	0.00255523
LRCOL1	0.00164835
LRFN2	0.00130139
LRFN3	0.00155624
LRFN5	0.00250261
LRGUK	0.00171161
LRIG1	0.0015712
LRIG3	0.00168556
LRIT2	0.00222552
LRMP	0.00161728
LRP1	0.00235922
LRP1B	0.00273853
LRP2	0.00209947
LRP3	0.00196291
LRP5	0.00140972
LRP5L	0.00158736
LRP6	0.00168706
LRP8	0.0014513
LRPAP1	0.00147212
LRPPRC	0.00195075
LRRC1	0.00166642
LRRC15	0.00134376
LRRC16A	0.00584381
LRRC16B	0.00232824
LRRC18	0.00184963
LRRC19	0.0020225
LRRC2	0.00298863
LRRC20	0.0019576
LRRC25	0.00159551
LRRC27	0.00260925
LRRC28	0.000849686
LRRC3-AS1	0.00195158
LRRC30	0.00111531
LRRC31	0.00165931
LRRC32	0.00120951
LRRC34	0.00171147
LRRC37A3	0.000944054
LRRC37A5P	0.0024665
LRRC37A7P	0.00207545
LRRC38	0.0018626
LRRC39	0.00185583
LRRC3B	0.00147987
LRRC40	0.00184093
LRRC43	0.00230096
LRRC49	0.000946411
LRRC4B	0.00165354
LRRC4C	0.00141462
LRRC53	0.00187021
LRRC55	0.00238784
LRRC6	0.000789384
LRRC63	0.00133708
LRRC66	0.000895567
LRRC69	0.00201676
LRRC7	0.00236449
LRRC72	0.00184245
LRRC8B	0.00319648
LRRC8C	0.00304616
LRRC8D	0.00287988
LRRFIP1	0.00212507
LRRIQ1	0.00218857
LRRIQ3	0.00193595
LRRK1	0.00244587
LRRK2	0.00219968
LRRN1	0.00149877
LRRN2	0.00191025
LRRN4	0.00167946
LRRTM3	0.00229933
LRRTM4	0.00180473
LRSAM1	0.00190865
LRTM1	0.00125649
LRTM2	0.00113031
LSAMP	0.00286142
LSG1	0.00158157
LSM11	0.00162314
LSM3	0.00183177
LSM3P3	0.00119022
LSM4	0.00147444
LSM6	0.00114157
LSM6P2	0.00241569
LSMEM1	0.00174333
LSP1	0.00221463
LSR	0.00127397
LST3	0.00250506
LTA4H	0.0019184
LTBP1	0.00223073
LTBP2	0.00199227
LTBP3	0.00208777
LTBP4	0.00182836
LTBR	0.00112098
LTV1	0.00142555
LUC7L	0.00358471
LUC7L2	0.00276709
LUM	0.00164387
LURAP1	0.00226433
LURAP1L	0.00211911
LUZP1	0.00128085
LUZP2	0.00220323
LUZP4P1	0.00156096
LY6E	0.00191681
LY6G6C	0.0156045
LY6H	0.00184696
LY75	0.00130272
LY75-CD302	0.00130272
LY86	0.00158096
LY86-AS1	0.00154043
LY9	0.00119539
LY96	0.00166768
LYAR	0.00253985
LYN	0.00150919
LYNX1	0.0022508
LYPD1	0.00213246
LYPD6	0.00192094
LYPD6B	0.00170287
LYPLA1P1	0.00122099
LYPLA1P2	0.00144499
LYPLAL1	0.00195227
LYRM2	0.00213377
LYRM4	0.00115265
LYRM5	0.0015123
LYRM9	0.00148816
LYSMD4	0.00155772
LYST	0.00188471
LYVE1	0.0014625
LYZL1	0.00197518
LYZL2	0.00264197
LYZL4	0.00121141
LYZL6	0.00113608
LZTFL1	0.00274483
LZTR1	0.00237238
LZTS1	0.00141282
LZTS1-AS1	0.00133847
LZTS3	0.00156805
MAATS1	0.00279076
MACC1	0.00159629
MACF1	0.00250804
MACROD1	0.00194315
MACROD2	0.00244246
MACROD2-AS1	0.00161967
MACROD2-IT1	0.00177963
MAD1L1	0.00252987
MAD2L1	0.00284289
MAD2L2	0.00114801
MADCAM1	0.00120326
MAEL	0.00185333
MAF	0.000772833
MAFB	0.00103883
MAFK	0.0024576
MAG	0.00124226
MAGEF1	0.00171451
MAGEL2	0.00113513
MAGI1	0.00150943
MAGI1-AS1	0.000893056
MAGI1-IT1	0.000910985
MAGI2	0.00188363
MAGI2-AS3	0.00109166
MAGI2-IT1	0.00116173
MAGI3	0.00128944
MAGOH	0.0011701
MAGOHB	0.00151612
MAK	0.000960577
MAL2	0.00215598
MALL	0.00148006
MALSU1	0.00257191
MALT1	0.00122241
MAMDC2	0.00236834
MAML1	0.00178402
MAML2	0.00137401
MAML3	0.00195084
MAN1A1	0.00233283
MAN1A2	0.00185947
MAN1B1	0.000970781
MAN1C1	0.00171561
MAN2A1	0.000983832
MAN2B1	0.00155596
MAN2B2	0.00151327
MANBA	0.0020509
MANBAL	0.00251365
MANEA	0.000979093
MANSC1	0.00216269
MAP10	0.0020245
MAP1B	0.00110288
MAP1LC3B	0.00167921
MAP1LC3B2	0.00124526
MAP1LC3C	0.00244619
MAP1S	0.000797942
MAP2	0.00167493
MAP2K1	0.00143367
MAP2K1P1	0.00150077
MAP2K2	0.000805079
MAP2K3	0.00150612
MAP2K4	0.000839896
MAP2K5	0.00132054
MAP2K6	0.00112084
MAP2K7	0.00135087
MAP3K10	0.00157093
MAP3K13	0.00235934
MAP3K14	0.00491248
MAP3K19	0.0371685
MAP3K2	0.00167036
MAP3K4	0.00162376
MAP3K5	0.00186734
MAP3K7	0.00147607
MAP3K8	0.00172411
MAP3K9	0.00182374
MAP4	0.00330738
MAP4K3	0.00171104
MAP4K4	0.00174105
MAP4K5	0.00153615
MAP6	0.00127381
MAP7	0.000549803
MAPK1	0.00178773
MAPK10	0.00183809
MAPK14	0.00231034
MAPK4	0.0016262
MAPK6	0.00154598
MAPK6PS2	0.00114928
MAPK8	0.00137807
MAPKAP1	0.00149213
MAPRE1	0.00243769
MAPRE2	0.00163708
MAPT	0.00521448
MARC1	0.00175018
MARC2	0.00170124
MARCH1	0.00237017
MARCH10	0.000958988
MARCH11	0.00081433
MARCH3	0.00110684
MARCH4	0.00154664
MARCH6	0.000875322
MARCH8	0.00198344
MARCO	0.00178022
MARK1	0.00160476
MARK2	0.0013599
MARK2P10	0.00195853
MARK2P11	0.0015301
MARK2P12	0.00196949
MARK2P13	0.00108855
MARK2P14	0.00206261
MARK2P15	0.00151115
MARK2P4	0.00174686
MARK2P9	0.00239123
MARK3	0.00175743
MARK4	0.00140333
MARS	0.00231149
MASP1	0.00132903
MASP2	0.00138379
MAST2	0.00206224
MAST3	0.0017741
MAST4	0.00159386
MAT2B	0.00152028
MATK	0.00125067
MATN1	0.00106427
MATN1-AS1	0.00105956
MATN2	0.00183715
MATN4	0.00167124
MAVS	0.0024828
MAX	0.00180236
MB	0.00125668
MB21D1	0.00174197
MB21D2	0.0019335
MBD1	0.00187783
MBD2	0.00199343
MBD3L5	0.00192146
MBD5	0.00124345
MBIP	0.00138011
MBL1P	0.00327228
MBL2	0.00211947
MBLAC2	0.00203003
MBNL1	0.00140068
MBNL2	0.0013818
MBOAT1	0.00153743
MBOAT2	0.000969282
MBOAT7	0.00102206
MBP	0.00188674
MBTPS1	0.00146371
MC2R	0.00179669
MC3R	0.00194943
MC4R	0.00191653
MCC	0.00156439
MCCC1	0.0020489
MCCC2	0.00134342
MCF2L	0.00138394
MCF2L2	0.00197567
MCFD2	0.00181541
MCHR2	0.00183736
MCHR2-AS1	0.00146881
MCM10	0.00186293
MCM3	0.00204564
MCM5	0.0028439
MCM8	0.00154764
MCM9	0.00220994
MCOLN2	0.00159565
MCPH1	0.00167338
MCTP1	0.0016515
MCTP2	0.00175212
MCUR1	0.00121934
MDFI	0.00181205
MDFIC	0.00140494
MDGA1	0.00179942
MDGA2	0.00182535
MDH1	0.00153546
MDH1B	0.00168887
MDM1	0.00265594
MDM4	0.00194623
MDN1	0.00210466
MDS2	0.00147133
ME1	0.0022654
ME3	0.00227181
MECOM	0.00202146
MED10	0.00173162
MED12L	0.00146415
MED13	0.0012175
MED13L	0.00123287
MED15	0.0010964
MED16	0.00139663
MED17	0.00179785
MED19	0.00186713
MED21	0.00137455
MED23	0.00159591
MED25	0.00188192
MED27	0.00139623
MED28	0.00187769
MED28P5	0.00131014
MED30	0.00136988
MED4	0.00161765
MED6P1	0.0025
MED7	0.00169707
MED9	0.00241974
MEF2A	0.00147543
MEF2B	0.00103794
MEF2BNB	0.0010186
MEF2BNB-MEF2B	0.00103794
MEF2C	0.00174419
MEF2C-AS1	0.00173017
MEG3	0.00154502
MEG8	0.000854966
MEG9	0.000603443
MEGF10	0.00115322
MEGF11	0.00163668
MEGF6	0.00256938
MEGF8	0.00112028
MEI1	0.00135702
MEI4	0.0029045
MEIG1	0.00222262
MEIS1	0.00122915
MEIS2	0.00186386
MEIS3	0.00122127
MELK	0.00146171
MEMO1P1	0.000843737
MEMO1P5	0.00184906
MEN1	0.00185494
MEOX1	0.00222531
MEOX2	0.00198553
MEP1A	0.00143713
MEP1AP1	0.00167192
MEP1B	0.00167918
MEPE	0.00320761
MERTK	0.00249174
MESDC2	0.00077168
MESP2	0.00157368
MESTP3	0.00157236
MESTP4	0.00165584
MET	0.00103244
METAP1	0.00218148
METAP1D	0.00218636
METAP2	0.00236675
METRNL	0.000986533
METTL10	0.00176117
METTL13	0.00194726
METTL16	0.00168162
METTL17	0.00242039
METTL18	0.00172396
METTL20	0.0026722
METTL21A	0.00153596
METTL21B	0.00217521
METTL21C	0.00208728
METTL21EP	0.00188607
METTL22	0.00150424
METTL24	0.00161798
METTL25	0.00136162
METTL3	0.00105721
METTL4	0.00192795
METTL6	0.0012996
METTL7B	0.00253971
METTL8	0.00203384
METTL9	0.00105514
MEX3C	0.00146612
MEX3D	0.00113059
MFAP3	0.00149896
MFAP3L	0.00238247
MFAP5	0.00145731
MFHAS1	0.00216885
MFI2	0.00127344
MFN1	0.00126989
MFN2	0.00313139
MFNG	0.00240626
MFRP	0.00173063
MFSD1	0.00223707
MFSD11	0.00234315
MFSD12	0.0026056
MFSD2A	0.00179902
MFSD4	0.00196823
MFSD6L	0.00192079
MFSD7	0.000902484
MGA	0.00133007
MGAM	0.00293372
MGAT1	0.00142643
MGAT4A	0.0018456
MGAT4B	0.00179882
MGAT4C	0.00237853
MGAT5	0.0252148
MGAT5B	0.00232341
MGC4294	0.00177049
MGC4771	0.00178239
MGLL	0.00227768
MGME1	0.00190537
MGMT	0.00100187
MGRN1	0.00162141
MGST1	0.00120544
MGST2	0.00194075
MGST3	0.00113823
MIA3	0.00191984
MIAT	0.00111153
MIB2	0.00112373
MICA	0.0196924
MICAL1	0.00213398
MICAL2	0.00126466
MICAL3	0.00192959
MICALCL	0.00117529
MICALL1	0.00235235
MICALL2	0.00220926
MICD	0.0114062
MICF	0.0117578
MICG	0.0119505
MICU2	0.00144951
MICU3	0.000734861
MIDN	0.00211005
MIEF1	0.00138114
MIER1	0.00175563
MIER2	0.00175274
MIER3	0.00134944
MIMT1	0.00139475
MINK1	0.00175951
MINPP1	0.00259948
MIOX	0.00173644
MIPEP	0.00158118
MIPEPP1	0.00175229
MIPEPP2	0.00131109
MIPOL1	0.000962219
MIR1185-1	0.00084586
MIR1202	0.00209842
MIR1208	0.00141902
MIR122	0.000947077
MIR1268A	0.00147365
MIR1269A	0.00202726
MIR1275	0.00195481
MIR129-1	0.00149652
MIR1302-2	0.00271951
MIR1303	0.00122342
MIR1324	0.00203526
MIR138-1	0.00142356
MIR143HG	0.0017904
MIR145	0.00219945
MIR146A	0.00164853
MIR1471	0.00196629
MIR147A	0.00155306
MIR148A	0.00280622
MIR17HG	0.000816706
MIR181A1HG	0.00134581
MIR193A	0.00240065
MIR200B	0.00130598
MIR202	0.00166683
MIR205HG	0.00208634
MIR297	0.00153565
MIR29B1	0.000970681
MIR30D	0.000612945
MIR3141	0.00120376
MIR3144	0.00244511
MIR3147	0.00198187
MIR3148	0.00142875
MIR3166	0.00261201
MIR3169	0.00139473
MIR31HG	0.00159682
MIR3201	0.00126344
MIR320B1	0.00147091
MIR34A	0.0013346
MIR3622A	0.00216379
MIR3649	0.000992749
MIR3660	0.00137386
MIR3668	0.00146971
MIR3685	0.00233245
MIR3689F	0.00205392
MIR371B	0.00181618
MIR378C	0.00231673
MIR378D1	0.0028306
MIR379	0.000885277
MIR3916	0.00179109
MIR3924	0.0028634
MIR3925	0.00145223
MIR422A	0.00207338
MIR4255	0.00168054
MIR4262	0.00125949
MIR4268	0.00167933
MIR4276	0.00157378
MIR4277	0.00159296
MIR4289	0.00141927
MIR4291	0.0023117
MIR4299	0.0011042
MIR4303	0.00105313
MIR4309	0.00179656
MIR4318	0.00133764
MIR4327	0.00125449
MIR4417	0.00178159
MIR4418	0.00142571
MIR4419B	0.00103336
MIR4424	0.00197368
MIR4425	0.00155356
MIR4426	0.00111182
MIR4431	0.00259363
MIR4435-1HG	0.00151209
MIR4454	0.0012606
MIR4455	0.000965441
MIR4456	0.00181531
MIR4458HG	0.00138507
MIR4460	0.00163839
MIR4462	0.0013239
MIR4464	0.00106815
MIR4472-1	0.00145564
MIR4472-2	0.00126885
MIR4475	0.00153751
MIR4478	0.00162899
MIR4493	0.00159225
MIR4495	0.00105672
MIR4500HG	0.00160924
MIR4508	0.00113208
MIR4510	0.000672992
MIR4520A	0.00218282
MIR4522	0.00149754
MIR4530	0.00203869
MIR4532	0.00246518
MIR4643	0.00198475
MIR4662B	0.00167455
MIR4675	0.00176835
MIR4679-2	0.00137763
MIR4682	0.000907754
MIR4686	0.00135596
MIR4689	0.00395809
MIR4704	0.00153031
MIR4739	0.00190886
MIR4752	0.0016285
MIR4790	0.00131509
MIR4792	0.00169273
MIR4801	0.00167386
MIR493	0.00116685
MIR498	0.00146632
MIR5007	0.00267467
MIR5011	0.0013762
MIR5093	0.00173594
MIR5100	0.00235985
MIR517B	0.00150257
MIR5186	0.00159407
MIR518D	0.00149995
MIR520A	0.00146494
MIR520C	0.00151953
MIR520H	0.00160908
MIR524	0.00153453
MIR527	0.00160833
MIR541	0.000775098
MIR548A1	0.00169034
MIR548A2	0.0012726
MIR548AB	0.00275508
MIR548AD	0.00151731
MIR548AE1	0.00172178
MIR548AE2	0.00146551
MIR548AG1	0.00194341
MIR548AG2	0.0013297
MIR548AI	0.00153508
MIR548AP	0.00228565
MIR548G	0.00249755
MIR548X2	0.00154922
MIR548Y	0.00184702
MIR552	0.00156044
MIR557	0.000956658
MIR5580	0.00109929
MIR5681A	0.00158634
MIR5692B	0.00261967
MIR5694	0.00232625
MIR5696	0.00118233
MIR5702	0.00135826
MIR572	0.00187259
MIR606	0.00120722
MIR607	0.00107781
MIR621	0.00242264
MIR656	0.000655382
MIR663A	0.00214166
MIR7-3HG	0.00146607
MIR720	0.00201934
MIR759	0.00126963
MIR873	0.00202086
MIR876	0.00197007
MIR920	0.00145201
MIR940	0.00162024
MIRLET7A2	0.00101296
MIRLET7DHG	0.00167074
MIS18A	0.00114622
MIS18A-AS1	0.00114622
MISP	0.00143016
MITF	0.00134551
MIXL1	0.00127886
MKI67	0.00168559
MKI67IPP1	0.00122956
MKI67IPP3	0.00188195
MKI67IPP6	0.00140092
MKI67IPP9	0.00156529
MKKS	0.00120976
MKL1	0.0011332
MKL2	0.00093346
MKLN1	0.00125559
MKLN1-AS1	0.000795158
MKNK1	0.00270908
MKNK1-AS1	0.00258412
MKNK2	0.000882541
MKRN1	0.00143647
MKRN3	0.0012513
MKRN9P	0.00231367
MKX	0.00257016
MLC1	0.0018895
MLH1	0.00184152
MLH3	0.001822
MLIP	0.00219649
MLIP-AS1	0.00206692
MLK4	0.00163169
MLK7-AS1	0.00164264
MLKL	0.00144674
MLLT1	0.000877838
MLLT10	0.00174126
MLLT3	0.0016063
MLLT4	0.000588616
MLLT6	0.0022079
MLN	0.00398719
MLPH	0.00260766
MLTK	0.00164264
MLXIP	0.00197894
MLYCD	0.00155732
MMAA	0.000965
MMAB	0.00200423
MMADHC	0.00200025
MMD	0.00143565
MMD2	0.00172689
MME	0.00157449
MME-AS1	0.00157449
MMP1	0.00167355
MMP13	0.00209667
MMP14	0.00130527
MMP15	0.00158083
MMP16	0.00156977
MMP17	0.0024645
MMP2	0.00223057
MMP20	0.00176607
MMP24	0.00252533
MMP24-AS1	0.00252533
MMP26	0.00174576
MMP27	0.00177433
MMP7	0.00163842
MMRN1	0.00174275
MMRN2	0.00220684
MMS22L	0.00111807
MN1	0.00130895
MNAT1	0.00193134
MND1	0.001645
MNDA	0.00232064
MNT	0.00167513
MNX1	0.00161054
MNX1-AS1	0.00170239
MOAP1	0.00162989
MOB1AP1	0.00211717
MOB3A	0.000802126
MOB3B	0.00168278
MOBP	0.0020011
MOCOS	0.00175389
MOCS1	0.00141832
MOCS3	0.00147667
MOG	0.0117702
MOGAT1	0.00201868
MOGAT2	0.00102371
MOGAT3	0.00194743
MOK	0.00177928
MON1B	0.0020841
MON2	0.00129739
MORC1	0.00159344
MORC3	0.00121258
MORF4L1P4	0.00230758
MORF4L1P7	0.00165978
MORN1	0.0017991
MORN5	0.00157929
MOSPD3	0.00273707
MOV10	0.00193688
MOV10L1	0.00189782
MOXD1	0.00330454
MPC1	0.00154053
MPDZ	0.00216292
MPHOSPH10	0.00199675
MPHOSPH6	0.00194181
MPHOSPH9	0.00375776
MPND	0.00119167
MPO	0.00154534
MPP2	0.00253212
MPP3	0.00244377
MPP4	0.00134013
MPP7	0.00223081
MPPE1	0.00158223
MPPE1P1	0.00110326
MPPED1	0.0018365
MPPED2	0.00159699
MPRIP	0.00196523
MPTX1	0.00132894
MPV17	0.00201545
MPV17L	0.00125276
MPV17L2	0.00171096
MPZ	0.00143692
MPZL1	0.00134293
MR1	0.00130124
MRAP2	0.0023799
MRAS	0.001745
MRC1	0.00330226
MRC1L1	0.00249739
MRC2	0.00100356
MRE11A	0.00185852
MREG	0.00128071
MRFAP1	0.00154724
MRFAP1L1	0.00157472
MRGPRE	0.00119495
MRGPRG	0.00117262
MRGPRX2	0.00123042
MRI1	0.00138658
MRM1	0.00211158
MRO	0.00140268
MROH1	0.00192322
MROH2A	0.0022285
MROH2B	0.00194657
MROH3P	0.00136127
MROH4P	0.00187059
MROH5	0.00156689
MROH7	0.00283998
MROH7-TTC4	0.00283998
MROH8	0.00274316
MROH9	0.00299539
MRPL10	0.00399025
MRPL17	0.00142744
MRPL19	0.00176222
MRPL23-AS1	0.00118181
MRPL28	0.00311384
MRPL33	0.00189181
MRPL36	0.00187575
MRPL39	0.0015909
MRPL4	0.00164671
MRPL42	0.00234711
MRPL42P3	0.00162953
MRPL43	0.00115646
MRPL44	0.00242602
MRPL45	0.00133895
MRPL45P2	0.00384335
MRPL46	0.00204008
MRPL48P1	0.00142331
MRPL49P1	0.00201187
MRPL50	0.000990929
MRPL50P1	0.00174035
MRPL50P4	0.00184179
MRPL51P2	0.0021636
MRPS11P1	0.00124172
MRPS16P2	0.00141214
MRPS17P3	0.00153398
MRPS18BP2	0.00198723
MRPS18CP6	0.00113905
MRPS21	0.0015689
MRPS21P1	0.00194157
MRPS21P6	0.00167719
MRPS22	0.00187058
MRPS27	0.00105026
MRPS28	0.00142543
MRPS33P3	0.00228865
MRPS35	0.001811
MRPS35P3	0.00219983
MRPS36P2	0.00217876
MRPS36P5	0.0013376
MRPS6	0.0023937
MRPS6P4	0.00201928
MRPS7	0.00129931
MRPS9	0.0013696
MRRF	0.0013246
MRS2	0.00256292
MRVI1	0.00153723
MRVI1-AS1	0.0014625
MS4A10	0.00191989
MS4A12	0.00214524
MS4A14	0.00204675
MS4A15	0.0027855
MS4A18	0.00240595
MS4A2	0.00175182
MS4A4A	0.00193724
MS4A4E	0.00186172
MS4A5	0.00213729
MS4A6E	0.00204675
MS4A7	0.00204675
MSANTD2	0.00110984
MSANTD3	0.00101232
MSGN1	0.00163494
MSH2	0.00167815
MSH3	0.00248713
MSH6	0.0019788
MSI2	0.00149928
MSLN	0.00160791
MSLNL	0.00164546
MSMB	0.00125932
MSMO1	0.00170067
MSNP1	0.00181419
MSR1	0.00258642
MSRA	0.00227836
MSRB1	0.00114431
MSRB1P1	0.00178625
MSRB2	0.00143903
MSRB3	0.00119489
MSX1	0.0024573
MSX2	0.00242757
MSX2P1	0.00128395
MT1DP	0.00257086
MT1HL1	0.00194682
MT1L	0.00249573
MT1X	0.00257004
MT2A	0.00241975
MT4	0.0022958
MTA3	0.00134283
MTAP	0.00146658
MTBP	0.00133939
MTCH1	0.00182759
MTCO1P3	0.00219506
MTCO3P1	0.00826513
MTCYBP4	0.00208944
MTDH	0.00160664
MTERF	0.00197826
MTF1	0.00182454
MTFMT	0.00172832
MTFR1	0.00106842
MTFR1L	0.00179062
MTFR2	0.000528788
MTG1	0.00167585
MTG2	0.00216507
MTHFD1	0.00282997
MTHFD1L	0.0013802
MTHFD2L	0.00103149
MTHFD2P1	0.00292212
MTHFD2P3	0.00162677
MTHFD2P4	0.00202714
MTHFD2P5	0.00124922
MTHFD2P7	0.0011399
MTHFR	0.00246215
MTHFS	0.00214612
MTHFSD	0.00111995
MTL5	0.0014796
MTMR12	0.00201101
MTMR14	0.000824373
MTMR2	0.00124052
MTMR4	0.00183068
MTMR6	0.00153314
MTMR7	0.000847944
MTMR9	0.00157606
MTND1P20	0.00128454
MTND1P28	0.00253405
MTND1P5	0.00164897
MTND2P30	0.00175351
MTND2P7	0.000951893
MTND2P8	0.0016709
MTND3P1	0.00153944
MTND3P4	0.00100893
MTND4P1	0.00148482
MTND4P17	0.00201954
MTND4P25	0.00184577
MTND5P15	0.0021133
MTND5P17	0.00153523
MTND5P18	0.00213142
MTND5P21	0.00164284
MTND5P24	0.00153992
MTND6P2	0.00165909
MTNR1A	0.00129018
MTOR	0.0013607
MTPAP	0.0011932
MTPN	0.00120645
MTR	0.00262939
MTRF1	0.00205135
MTRNR2L11	0.00210985
MTRR	0.00121923
MTSS1	0.00134054
MTTP	0.0016818
MTUS1	0.00240567
MTUS2	0.00237802
MTUS2-AS1	0.00132813
MTUS2-AS2	0.00214297
MTX2	0.0012172
MUC13	0.00229858
MUC16	0.0017104
MUC17	0.00256131
MUC19	0.00219737
MUC2	0.00384725
MUC20	0.000884331
MUC22	0.0143798
MUC3A	0.00289073
MUC4	0.000903538
MUC5AC	0.00621713
MUC5B	0.00371731
MUC7	0.0016292
MUCL1	0.0019147
MUM1	0.00224221
MURC	0.000999282
MUSK	0.00201447
MVB12A	0.0014077
MVB12B	0.00138946
MVD	0.00168821
MX1	0.00188123
MX2	0.00204592
MXD1	0.00151166
MXD4	0.00250373
MXI1	0.00189277
MXRA7	0.00230859
MYADM	0.0014466
MYB	0.00129868
MYBBP1A	0.00188991
MYBL2	0.00169622
MYBPC1	0.00152662
MYBPC2	0.0019785
MYBPHL	0.00178228
MYC	0.0014021
MYCBP	0.00256454
MYCBP2	0.00100264
MYCBPAP	0.00164617
MYCNOS	0.00167984
MYCNUN	0.00167984
MYCT1	0.001822
MYEOV	0.00295487
MYEOV2	0.00119464
MYF5	0.0018577
MYH10	0.00137106
MYH11	0.00143347
MYH13	0.00109393
MYH14	0.0030224
MYH15	0.00261059
MYH16	0.00112252
MYH3	0.00110012
MYH6	0.00159608
MYH7	0.0016248
MYH9	0.000793729
MYL10	0.00179419
MYL12A	0.00237302
MYL3	0.00282153
MYL4	0.00348748
MYL6P1	0.00211419
MYL6P3	0.00278396
MYLIP	0.00138482
MYLK	0.00203986
MYLK4	0.00106027
MYLKP1	0.00192718
MYO10	0.00147389
MYO15A	0.0026396
MYO15B	0.00150053
MYO16	0.00174223
MYO16-AS1	0.00133797
MYO18A	0.00219532
MYO18B	0.00138286
MYO19	0.00213085
MYO1B	0.00309999
MYO1C	0.000931153
MYO1D	0.00116656
MYO1E	0.00196946
MYO1F	0.00141205
MYO1H	0.00190684
MYO3A	0.00152172
MYO3B	0.00244861
MYO5A	0.0012509
MYO5B	0.00232898
MYO5C	0.0014149
MYO6	0.00142819
MYO7A	0.00111245
MYO7B	0.00174326
MYO9A	0.000757473
MYO9B	0.00131361
MYOC	0.00183933
MYOCD	0.00167759
MYOD1	0.00158538
MYOF	0.00199047
MYOM1	0.00233409
MYOM2	0.00328722
MYOM3	0.00186232
MYOZ1	0.00108922
MYOZ2	0.00328035
MYPN	0.00278074
MYPOP	0.00124322
MYRF	0.00178973
MYRFL	0.00220494
MYRIP	0.00156833
MYSM1	0.00155153
MYT1	0.00287304
MYT1L	0.00137525
MYZAP	0.00139955
MZT2A	0.00119899
Metazoa_SRP	0.00135924
N4BP2	0.00232781
N4BP2L1	0.0015109
N4BP2L2	0.00149383
N4BP3	0.00222358
N6AMT1	0.00252406
NAA11	0.00145508
NAA15	0.00123457
NAA16	0.00196562
NAA30	0.00110731
NAA35	0.00128115
NAA38	0.00236229
NAA60	0.00101821
NAAA	0.00285534
NAALADL2	0.00275913
NAALADL2-AS2	0.00148502
NAALADL2-AS3	0.00275577
NAB1	0.00343849
NABP1	0.00223208
NACA2	0.0014104
NACAP1	0.00159699
NACC1	0.00145572
NACC2	0.00194914
NADK2	0.0029061
NADSYN1	0.00308526
NAF1	0.0013432
NAGK	0.00197273
NAGPA	0.00162375
NALCN	0.00209021
NALCN-AS1	0.00134804
NAMA	0.00104079
NAMPT	0.00108853
NAMPTL	0.0015541
NANOG	0.0022154
NANOGNBP1	0.0014436
NANOGP1	0.00221088
NANOGP3	0.000845603
NANOS1	0.00220163
NANOS2	0.00123423
NANOS3	0.00162816
NAP1L1	0.0020832
NAP1L1P1	0.0013369
NAP1L1P3	0.00239611
NAP1L4P3	0.00196756
NAPA	0.00113461
NAPB	0.00164888
NAPEPLD	0.00246723
NAPG	0.00229112
NARF	0.00158786
NARFL	0.00226492
NARG2	0.00180767
NARG2P1	0.0019515
NARG2P2	0.00210545
NARS	0.00157964
NARS2	0.00144277
NAT1	0.00395389
NAT14	0.00153631
NAT2	0.00330171
NATP	0.00395492
NAV1	0.00138452
NAV2	0.00162081
NAV2-AS1	0.00103943
NAV2-IT1	0.00107087
NAV3	0.00227747
NBAS	0.00190897
NBEA	0.00264299
NBL1	0.00160215
NBPF1	0.00258736
NBPF11	0.00304166
NBPF13P	0.00192408
NBPF21P	0.00170495
NBPF22P	0.00183617
NBPF23	0.00120601
NBPF3	0.00204364
NCALD	0.00226732
NCAM1	0.00143584
NCAM1-AS1	0.0013718
NCAM2	0.00157649
NCAN	0.000948639
NCAPG2	0.00189828
NCBP1	0.00160657
NCCRP1	0.0015457
NCDN	0.00102989
NCEH1	0.00103776
NCF2	0.00143231
NCF4	0.000747821
NCK2	0.00207159
NCKAP1	0.00112138
NCKAP1L	0.00279575
NCKAP5	0.00247017
NCKAP5L	0.00243396
NCL	0.00170302
NCLN	0.00133229
NCMAP	0.00180586
NCOA1	0.0019058
NCOA2	0.00137395
NCOA3	0.00085908
NCOA4	0.00129859
NCOA5	0.00256815
NCOA6	0.00250211
NCOA7	0.000930149
NCOR1	0.00203333
NCOR1P2	0.00165238
NCOR2	0.00265474
NCR1	0.00294853
NCR2	0.00157442
NCS1	0.00188425
NCSTN	0.000875659
NCSTNP1	0.00257502
NDC1	0.00160804
NDC80	0.00196348
NDE1	0.00126193
NDE1P2	0.00110562
NDEL1	0.00109708
NDFIP1	0.000905447
NDN	0.00108213
NDNF	0.00265005
NDRG1	0.00113739
NDRG2	0.00215248
NDRG3	0.00250828
NDRG4	0.00147834
NDST1	0.00177914
NDST3	0.00273296
NDST4	0.00219708
NDUFA10	0.00223477
NDUFA12	0.00210198
NDUFA3P3	0.00126848
NDUFA4P2	0.00231358
NDUFA5P10	0.00150497
NDUFA5P5	0.00207926
NDUFA5P6	0.00180375
NDUFA5P8	0.00121648
NDUFA5P9	0.00238414
NDUFA6-AS1	0.00136944
NDUFA7	0.00164832
NDUFA8	0.00162427
NDUFAB1	0.000829804
NDUFAF6	0.00202186
NDUFB1	0.00174686
NDUFB11P1	0.00263962
NDUFB4	0.00273104
NDUFB5	0.00123861
NDUFB6	0.00172188
NDUFS4	0.0015585
NDUFS5	0.00274607
NDUFS5P2	0.00217429
NDUFS5P6	0.0011319
NDUFS6	0.00190425
NDUFS7	0.00111551
NDUFV2	0.001623
NDUFV2P1	0.00123487
NDUFV3	0.00262842
NEAT1	0.00205453
NEB	0.0022043
NEBL	0.00184768
NECAB1	0.00184766
NECAB2	0.00139848
NECAP1	0.00252588
NECAP1P1	0.0017411
NECAP2	0.00247185
NEDD4	0.00131621
NEDD4L	0.000995297
NEDD9	0.00113293
NEFHP1	0.00154472
NEFL	0.00144072
NEFM	0.00143965
NEGR1	0.00262789
NEIL2	0.00321815
NEIL3	0.00167779
NEK1	0.00150345
NEK10	0.00187135
NEK11	0.00135725
NEK4P1	0.0022625
NEK4P3	0.00270279
NEK6	0.00155304
NEK7	0.00143023
NELFA	0.00271066
NELFCD	0.00154708
NELL1	0.0027571
NELL2	0.00151191
NENF	0.00165739
NEO1	0.00170321
NET1	0.00237457
NETO1	0.00136913
NEU2	0.00158907
NEURL	0.00292051
NEURL1B	0.00144174
NEURL4	0.00225139
NEUROD4	0.00357661
NEUROD6	0.00188385
NEUROG1	0.0014116
NEUROG3	0.00134603
NF1	0.00255338
NFAM1	0.001246
NFASC	0.00329858
NFAT5	0.00188336
NFATC1	0.00104711
NFATC2	0.00183719
NFATC2IP	0.00182805
NFATC4	0.00412655
NFE2	0.00339731
NFE2L2	0.00197503
NFE2L3	0.00284133
NFE2L3P1	0.00149262
NFIA	0.00175462
NFIB	0.00181599
NFIC	0.00275429
NFIL3	0.00142005
NFIX	0.0014735
NFKB1	0.00192759
NFKBIA	0.00166728
NFKBIE	0.00132947
NFRKB	0.00187422
NFU1	0.00176196
NFU1P1	0.00153488
NFU1P2	0.00099617
NFX1	0.00100557
NFYAP1	0.00171977
NGDN	0.00161953
NGEF	0.00152218
NGF	0.00147452
NGFR	0.00161056
NGLY1	0.000834876
NHEJ1	0.00141576
NHLH2	0.00147678
NHLRC1	0.00141958
NHLRC2	0.00145166
NHSL1	0.00183836
NID1	0.001618
NID2	0.00234353
NIN	0.00158063
NINJ2	0.00112241
NIP7P1	0.00231346
NIPA1	0.000756683
NIPA2	0.000592636
NIPA2P2	0.00167904
NIPA2P5	0.00207351
NIPAL1	0.00132192
NIPAL2	0.00120612
NIPAL3	0.00180694
NIPSNAP1	0.00180766
NIPSNAP3B	0.00228487
NISCH	0.00319476
NKAIN1	0.00169959
NKAIN2	0.00184204
NKAIN3	0.00202698
NKAIN4	0.00286057
NKD1	0.00176239
NKG2-E	0.0015413
NKIRAS1	0.00201454
NKTR	0.00154742
NKX1-1	0.00179661
NKX1-2	0.00202439
NKX2-3	0.0018509
NKX2-5	0.00127146
NKX2-6	0.00106298
NKX3-1	0.00110607
NKX3-2	0.000634247
NKX6-1	0.0015162
NKX6-2	0.00231239
NLGN1	0.00225312
NLGN2	0.00324856
NLK	0.00156415
NLN	0.00203905
NLRC3	0.00100019
NLRC4	0.0017043
NLRC5	0.00226052
NLRP1	0.00157514
NLRP10	0.00137486
NLRP11	0.00201084
NLRP12	0.00188233
NLRP13	0.00162712
NLRP14	0.00193084
NLRP2	0.00122923
NLRP3	0.00229267
NLRP4	0.00167493
NLRP5	0.00178234
NLRP6	0.00154354
NLRP7	0.00273341
NLRP8	0.00177269
NLRP9	0.00194129
NLRP9P	0.0012328
NMBR	0.00129798
NMD3	0.00191443
NME1	0.00165159
NME1P1	0.00115573
NME4	0.00291826
NME7	0.00181805
NME8	0.00220996
NMI	0.00234311
NMNAT1P2	0.00130737
NMNAT1P3	0.00121447
NMNAT1P4	0.00107323
NMNAT1P5	0.00166711
NMNAT2	0.00132763
NMNAT3	0.00139586
NMRK2	0.000922473
NMS	0.00200203
NMT1	0.00467073
NMT2	0.00211643
NMU	0.0016698
NMUR1	0.00169466
NMUR2	0.00292793
NNMT	0.00197531
NNT	0.00125227
NOC4L	0.00218078
NOD1	0.00164565
NOD2	0.00174058
NODAL	0.0017116
NOG	0.00114346
NOL10	0.00210175
NOL11	0.00152501
NOL12	0.00224737
NOL4	0.00132078
NOL6	0.00113581
NOM1	0.00164865
NOMO1	0.00111922
NOP56	0.00141799
NOP9	0.00415601
NOS1	0.0024111
NOS1AP	0.00148523
NOS2	0.00147731
NOS3	0.00279631
NOSTRIN	0.00151197
NOTCH1	0.00260502
NOTCH2	0.00114185
NOTCH3	0.00136967
NOTCH4	0.0137408
NOTO	0.00154272
NOVA1	0.00139312
NOVA1-AS1	0.00172418
NOVA2	0.0012075
NOX3	0.00142806
NOX4	0.00654543
NOX5	0.00261238
NPAP1	0.00128887
NPAP1P4	0.00185631
NPAP1P6	0.0011167
NPAS1	0.00134687
NPAS2	0.00125937
NPAS3	0.00194203
NPBWR1	0.00133658
NPC1	0.00155016
NPEPL1	0.00144764
NPFFR1	0.00196334
NPFFR2	0.00111555
NPHP3	0.00178398
NPHP3-AS1	0.00176043
NPHP4	0.00276372
NPHS1	0.00152235
NPIPA5	0.00120069
NPIPB8	0.00165014
NPLOC4	0.00120396
NPM1	0.00140357
NPM1P10	0.0016108
NPM1P12	0.00121869
NPM1P17	0.00188701
NPM1P18	0.00150977
NPM1P22	0.00194489
NPM1P28	0.00117119
NPM1P31	0.00192082
NPM1P36	0.00141014
NPM1P4	0.00134431
NPM1P42	0.001653
NPM1P47	0.00188416
NPM1P48	0.00142907
NPM1P51	0.00204422
NPNT	0.00105733
NPPA-AS1	0.00258009
NPPC	0.00196946
NPR3	0.00229757
NPRL3	0.00344583
NPS	0.00211387
NPSR1	0.00186103
NPSR1-AS1	0.00186103
NPTN	0.00173691
NPTX1	0.00210683
NPTX2	0.00151104
NPVF	0.00179063
NPY	0.00204072
NPY1R	0.00176063
NPY2R	0.00148081
NQO2	0.00119704
NR1D1	0.00174834
NR1H2	0.00264076
NR1H4	0.00193126
NR1I2	0.00272019
NR1I3	0.00151401
NR2C1	0.00208889
NR2C2	0.00112631
NR2F1-AS1	0.00090474
NR2F2	0.00133565
NR2F2-AS1	0.00145967
NR3C1	0.00212391
NR3C2	0.00157121
NR4A1	0.00160974
NR4A2	0.00132403
NR5A2	0.00202582
NR6A1	0.00147368
NRAP	0.00185688
NRBF2P1	0.00173033
NRBF2P3	0.0015168
NRCAM	0.0021175
NRD1	0.00119243
NRDE2	0.00153084
NREP	0.0019933
NREP-AS1	0.00201568
NRF1	0.00115638
NRG1	0.00178854
NRG1-IT1	0.00158544
NRG1-IT2	0.00170114
NRG2	0.00250594
NRG3	0.00173879
NRG4	0.0012105
NRGN	0.00102625
NRIP1	0.0010774
NRL	0.00318797
NRN1	0.000926533
NRP1	0.00181119
NRP2	0.00207545
NRROS	0.00138358
NRSN1	0.00222316
NRSN2	0.00239518
NRXN1	0.00262159
NRXN3	0.00173864
NSD1	0.00189631
NSF	0.00513351
NSFL1C	0.00148882
NSG1	0.00187611
NSG2	0.00155603
NSL1	0.0020884
NSMAF	0.00159388
NSMCE1	0.000974271
NSMCE2	0.00183728
NSMCE4A	0.00153661
NSUN2	0.00195082
NSUN6	0.00168337
NSUN7	0.0016621
NT5C1B	0.00199214
NT5C1B-RDH14	0.00199214
NT5C3A	0.00181895
NT5DC1	0.00195649
NT5DC3	0.00151892
NT5DC4	0.00300307
NT5M	0.00199387
NTAN1P3	0.00143221
NTF3	0.00128542
NTF4	0.00199271
NTM	0.00157102
NTMT1	0.00156924
NTN1	0.0019722
NTN4	0.00240502
NTNG1	0.00126656
NTNG2	0.00141142
NTPCR	0.00181859
NTRK1	0.00170982
NTRK2	0.00124825
NTRK3	0.00160591
NTRK3-AS1	0.0017104
NTSR1	0.00129016
NTSR2	0.00157476
NUAK1	0.0013877
NUAK2	0.00249412
NUB1	0.00156954
NUBP1	0.00172903
NUBPL	0.00271557
NUCB1	0.00169109
NUCB1-AS1	0.00169109
NUDCD1	0.00173415
NUDCD3	0.00132157
NUDT12	0.00200215
NUDT18	0.00129466
NUDT21	0.00223373
NUDT3	0.00208139
NUDT4	0.00234586
NUDT5	0.00281085
NUDT7	0.00108263
NUDT9	0.00257441
NUF2	0.00117943
NUFIP1	0.00131692
NUFIP1P	0.00233682
NUGGC	0.00176982
NUMA1	0.00149055
NUMB	0.00216207
NUP133	0.0013124
NUP153	0.00123957
NUP188	0.00154681
NUP205	0.00125617
NUP210	0.00194536
NUP210L	0.00147442
NUP210P1	0.00117644
NUP214	0.00114103
NUP35	0.00106386
NUP62	0.00181552
NUP88	0.00175346
NUP93	0.00252861
NUP98	0.00192437
NUPL1	0.0015223
NUS1	0.00206612
NUS1P2	0.00159685
NUS1P4	0.00134399
NUTM1	0.0021276
NUTM2A	0.00261656
NUTM2A-AS1	0.00261656
NUTM2D	0.00266399
NUTM2G	0.00157742
NVL	0.00214967
NWD1	0.00100211
NXN	0.00130065
NXNL1	0.00128991
NXNL2	0.00136582
NXPE1	0.0017452
NXPE2	0.00171323
NXPE3	0.00172709
NXPE4	0.00172563
NXPH1	0.00188519
NXPH2	0.00255069
NXT1P1	0.00195866
NYAP2	0.00132454
NYNRIN	0.00387963
OACYLP	0.00157628
OAF	0.00311744
OAS2	0.00240799
OAT	0.00231494
OBFC1	0.00251534
OBP2A	0.0018077
OBSCN	0.00191583
OBSL1	0.00135312
OC90	0.00187325
OCA2	0.00428873
OCIAD1	0.000908722
OCSTAMP	0.00135058
ODAM	0.00153815
ODC1	0.00211786
ODF1	0.00190729
ODF2L	0.00249182
ODF3B	0.00172245
OFCC1	0.00134097
OGDH	0.00131655
OGFOD2	0.00363985
OGFOD3	0.00177521
OGFR	0.00142749
OLA1	0.00133671
OLA1P2	0.00141797
OLAH	0.00217101
OLFM1	0.00185927
OLFM2	0.00174388
OLFM3	0.00151105
OLFM4	0.00144257
OLFML1	0.00263673
OLFML2A	0.00150283
OLFML2B	0.0014654
OLIG3	0.000821187
OLR1	0.00175946
OMA1	0.00171117
ONECUT1	0.0013323
ONECUT2	0.00123659
ONECUT3	0.00120912
OPA1	0.00153697
OPA3	0.00126698
OPCML	0.00132405
OPCML-IT1	0.00102411
OPN1SW	0.00143852
OPN3	0.00117698
OPN4	0.00186295
OPN5	0.00123254
OPRD1	0.00183045
OPRK1	0.00139371
OPRL1	0.00284132
OPRM1	0.00140436
OPTC	0.00104625
OPTN	0.00201413
OR10A5	0.00175201
OR10A6	0.00135768
OR10AA1P	0.00249453
OR10AH1P	0.00176873
OR10D4P	0.00264505
OR10D5P	0.00253739
OR10G3	0.00152721
OR10G7	0.00252625
OR10H2	0.00154389
OR10J6P	0.00120492
OR10K2	0.00262507
OR10P1	0.00339983
OR10S1	0.00249548
OR10T2	0.00262544
OR10Z1	0.00273707
OR11G2	0.00305222
OR11H4	0.00255806
OR11H7	0.00299865
OR11K2P	0.00175175
OR11L1	0.00278346
OR13A1	0.00207724
OR13C4	0.00216602
OR13C7P	0.00167775
OR13F1	0.00212563
OR13I1P	0.00228186
OR13Z3P	0.00215721
OR14A16	0.00279333
OR14I1	0.00278541
OR1AB1P	0.00144047
OR1D2	0.000862329
OR1D4	0.00121266
OR1I1	0.0017192
OR1J1	0.00199133
OR1J2	0.00251045
OR1K1	0.00188587
OR1L1	0.00211712
OR1L4	0.00197763
OR1L8	0.00266052
OR1M4P	0.00121568
OR1N2	0.00273716
OR1X1P	0.00201195
OR2A1-AS1	0.00166514
OR2A5	0.00167502
OR2AI1P	0.00246861
OR2AQ1P	0.00257747
OR2AT2P	0.00158256
OR2B11	0.00231493
OR2D2	0.00175796
OR2L13	0.00367186
OR2M2	0.00416871
OR2M3	0.00439535
OR2M7	0.00460857
OR2S2	0.00179216
OR2T1	0.00466258
OR2T2	0.00355503
OR2T34	0.00321943
OR2T8	0.00342571
OR2V1	0.00170234
OR2V2	0.00118246
OR2W1	0.00922801
OR2W3	0.00325627
OR2Y1	0.0022742
OR4C4P	0.00243241
OR4D1	0.00120282
OR4D2	0.00146927
OR4D6	0.00132926
OR4F14P	0.00185106
OR4H12P	0.00175175
OR4K1	0.00281953
OR4K12P	0.00186289
OR4K14	0.00364964
OR4K15	0.00348873
OR4K16P	0.00303963
OR4K2	0.00236408
OR4K3	0.00219989
OR4K5	0.00267871
OR4L1	0.0037409
OR4M2	0.0017828
OR4N2	0.00211458
OR4N4	0.00179041
OR4N5	0.00319321
OR4Q2	0.00354844
OR4T1P	0.00337223
OR51B4	0.00244315
OR51B5	0.0028395
OR51B8P	0.00273448
OR51D1	0.00166502
OR51E1	0.00170137
OR51E2	0.00171208
OR51R1P	0.00137938
OR51V1	0.00167424
OR52A1	0.00164928
OR52B4	0.00138789
OR52I2	0.00158936
OR52J1P	0.00160138
OR52J2P	0.00158223
OR52K1	0.00153921
OR52K2	0.0014282
OR52M1	0.00158317
OR52P2P	0.00146157
OR56A1	0.00140754
OR56A4	0.0015097
OR56A7P	0.00137906
OR56B4	0.00136591
OR5AC1	0.00175617
OR5AC2	0.00186044
OR5AK2	0.00252582
OR5AU1	0.00114982
OR5B1P	0.00182817
OR5BR1P	0.001309
OR5C1	0.00193053
OR5D13	0.0027772
OR5G1P	0.00291404
OR5H15	0.00206453
OR5K1	0.00198478
OR5K2	0.00202245
OR5M11	0.00300998
OR5M14P	0.00136222
OR5V1	0.0103538
OR6B2	0.00214023
OR6B3	0.0014928
OR6C3	0.0038903
OR6C72P	0.00400219
OR6J1	0.0016738
OR6K1P	0.00268369
OR6K6	0.00273483
OR6M2P	0.00234396
OR6N1	0.00277733
OR6N2	0.00267176
OR6S1	0.00143227
OR6W1P	0.000971171
OR7A15P	0.00122307
OR7A18P	0.00150069
OR7A3P	0.00141516
OR7A5	0.00157992
OR7D1P	0.0015653
OR7D4	0.0014734
OR7E109P	0.00154676
OR7E111P	0.00204364
OR7E117P	0.00246969
OR7E129P	0.00243205
OR7E136P	0.00159521
OR7E158P	0.00397165
OR7E161P	0.00382658
OR7E162P	0.0031324
OR7E163P	0.00467868
OR7E16P	0.00130753
OR7E18P	0.00155211
OR7E22P	0.00194007
OR7E24	0.00158536
OR7E26P	0.00229919
OR7E31P	0.00139323
OR7E33P	0.00208032
OR7E36P	0.00209032
OR7E43P	0.0027733
OR7E47P	0.00161377
OR7E55P	0.00192516
OR7E90P	0.00153526
OR7E97P	0.00254311
OR7G1	0.00124767
OR7G3	0.00122264
OR7H2P	0.00253567
OR8A1	0.00201255
OR8B10P	0.00227713
OR8B1P	0.00292361
OR8B4	0.00274772
OR8B9P	0.00235398
OR8G1	0.00295265
OR8K4P	0.00289235
OR8Q1P	0.00169494
OR8S1	0.0017165
OR9K1P	0.00362206
OR9K2	0.00400996
OR9Q1	0.00189756
OR9Q2	0.00192007
OR9S24P	0.00128746
ORAOV1	0.00125057
ORC4	0.00132203
ORC5	0.00177844
ORM2	0.00133328
OSBP2	0.00139024
OSBPL10	0.00190298
OSBPL11	0.00262204
OSBPL1A	0.00204886
OSBPL2	0.00227797
OSBPL3	0.00227595
OSBPL5	0.00105044
OSBPL6	0.002866
OSBPL7	0.00391915
OSBPL9	0.00116639
OSBPL9P1	0.00175988
OSBPL9P3	0.00334441
OSCP1	0.00146007
OSER1	0.00164832
OSGIN1	0.00161071
OSM	0.00161612
OSMR	0.00164096
OSR1	0.00165053
OSTF1	0.00124414
OSTF1P1	0.00172042
OSTM1	0.00156974
OSTM1-AS1	0.000848665
OSTN	0.00207637
OTOA	0.0010233
OTOF	0.00213819
OTOG	0.00193195
OTOGL	0.00162655
OTOL1	0.00185364
OTOP1	0.00273207
OTOP2	0.0013782
OTOP3	0.00158615
OTOR	0.00237429
OTOS	0.00132863
OTP	0.001829
OTUD1	0.00123452
OTUD3	0.00164011
OTUD7A	0.00193857
OTUD7B	0.00124368
OTX2-AS1	0.00153079
OVCH1	0.00253778
OVCH1-AS1	0.00253778
OVCH2	0.00146325
OVGP1	0.00137484
OVOL2	0.00190537
OXER1	0.00144908
OXGR1	0.00111277
OXNAD1	0.00109743
OXR1	0.0018779
OXT	0.000990618
OXTR	0.0011578
P2RX1	0.000837638
P2RX4	0.0024109
P2RX5-TAX1BP3	0.000565328
P2RX6	0.00199399
P2RX6P	0.00185595
P2RX7	0.00248762
P2RY12	0.00134477
P2RY14	0.00118294
P2RY2	0.00109509
P2RY6	0.00126799
P4HA2	0.00456515
P4HA3	0.00221556
PA2G4P2	0.00110738
PABPC1	0.00156279
PABPC1L	0.0014317
PABPC1P10	0.00222597
PABPC1P2	0.00109395
PABPC3	0.0021879
PABPN1L	0.00278985
PACRG	0.00158267
PACRGL	0.00113106
PACS1	0.00241133
PACSIN1	0.00231442
PACSIN2	0.00177061
PADI1	0.00164883
PADI2	0.0021927
PADI3	0.00148879
PADI4	0.00147739
PAFAH1B1	0.00179079
PAFAH2	0.00194055
PAG1	0.00167918
PAGR1	0.00198333
PAH	0.00184812
PAK1	0.00110264
PAK2	0.00132284
PAK4	0.0014216
PAK6	0.00137972
PAK7	0.00177058
PALD1	0.00169471
PALLD	0.0012696
PALM	0.00119884
PALM2	0.00133743
PALM2-AKAP2	0.00133743
PALM3	0.00124294
PALMD	0.00179742
PAM	0.00257505
PAM16	0.00148406
PAMR1	0.00099223
PAN3	0.000926866
PANK1	0.00129772
PANK4	0.00168546
PANX3	0.00152502
PAPD4	0.00140292
PAPD5	0.00107659
PAPD7	0.00188824
PAPL	0.00150469
PAPOLA	0.00118843
PAPOLG	0.000977288
PAPPA	0.0013143
PAPPA2	0.0019964
PAPSS1	0.0015929
PAPSS2	0.00243764
PAQR4	0.00160234
PAQR5	0.00168214
PAQR8	0.00209319
PAQR9	0.00158584
PARD3	0.0017829
PARD3B	0.00222967
PARD6B	0.00203728
PARD6G	0.000825113
PARG	0.00179769
PARK2	0.00166071
PARL	0.00254775
PARM1	0.00161639
PARP1	0.00140604
PARP11	0.00103245
PARP12	0.00120484
PARP15	0.00169692
PARP16	0.00160317
PARP1P1	0.000926259
PARP4	0.00228832
PARP4P2	0.00155471
PARP8	0.00160122
PARS2	0.00244383
PART1	0.0016028
PARVA	0.00104694
PARVB	0.00142053
PARVG	0.00148
PASK	0.00147069
PATL2	0.0011186
PAWR	0.000635491
PAWRP1	0.00199912
PAX1	0.00133402
PAX2	0.00137291
PAX3	0.000822171
PAX5	0.00173682
PAX7	0.00211363
PAX8	0.00250092
PAX9	0.000976857
PAXIP1	0.00157149
PAXIP1-AS1	0.00156119
PAXIP1-AS2	0.00157149
PBLD	0.002681
PBOV1	0.00140401
PBX1	0.00170403
PBX2P1	0.00126517
PBX3	0.00148927
PC	0.00247245
PCAT1	0.00149568
PCAT2	0.00132938
PCAT4	0.00130261
PCAT7	0.00159332
PCBD1	0.00160681
PCBP1-AS1	0.00151936
PCBP2P3	0.00153484
PCBP3	0.00135366
PCBP4	0.00271006
PCCA	0.00101456
PCCA-AS1	0.0010097
PCDH1	0.00163618
PCDH10	0.00243167
PCDH12	0.00139137
PCDH15	0.00384759
PCDH17	0.00211769
PCDH18	0.0012445
PCDH20	0.00151034
PCDH7	0.00145879
PCDH8	0.00143011
PCDH9	0.00172811
PCDH9-AS2	0.00134282
PCDHA1	0.00298489
PCDHA10	0.00298489
PCDHA11	0.00298489
PCDHA12	0.00298489
PCDHA13	0.00298489
PCDHA2	0.00298489
PCDHA3	0.00298489
PCDHA4	0.00298489
PCDHA5	0.00298489
PCDHA6	0.00298489
PCDHA7	0.00298489
PCDHA8	0.00298489
PCDHA9	0.00298489
PCDHB1	0.00283323
PCDHB9	0.00286783
PCDHGA1	0.00234199
PCDHGA2	0.00234199
PCDHGA3	0.00234199
PCDHGA4	0.00234199
PCDHGA5	0.00234199
PCDHGA6	0.00234199
PCDHGA7	0.00234199
PCDHGA8	0.00234199
PCDHGB1	0.00234199
PCDHGB2	0.00234199
PCDHGB3	0.00234199
PCDHGB4	0.00234199
PCDP1	0.00137239
PCED1B	0.00229008
PCF11	0.00135649
PCGEM1	0.00120089
PCGF3	0.00110461
PCGF5	0.000973385
PCK1	0.00109084
PCK2	0.00318797
PCLO	0.00203616
PCM1	0.00283632
PCMT1	0.002088
PCMTD1	0.00152525
PCMTD2	0.00249745
PCNPP2	0.00146949
PCNT	0.00114248
PCNX	0.00173125
PCNXL2	0.00205072
PCNXL4	0.00184969
PCOLCE2	0.00158418
PCP2	0.0012352
PCP4	0.00116417
PCP4L1	0.00147761
PCSK2	0.00167041
PCSK4	0.00121576
PCSK5	0.00238162
PCSK6	0.00225712
PCSK7	0.00231203
PCSK9	0.00179512
PCTP	0.00116269
PCYOX1	0.00160191
PCYOX1L	0.00140525
PCYT1A	0.00140753
PDCD1	0.00116953
PDCD1LG2	0.00163417
PDCD2	0.00271369
PDCD5	0.00171443
PDCD6IP	0.00155125
PDCD7	0.00166201
PDCL	0.00188587
PDE10A	0.00208312
PDE11A	0.00236078
PDE1A	0.00171833
PDE1B	0.0024762
PDE1C	0.00136557
PDE2A	0.00175269
PDE3A	0.00157385
PDE4A	0.00175056
PDE4B	0.001803
PDE4D	0.00170853
PDE4DIP	0.00219291
PDE5A	0.00325023
PDE6A	0.00237175
PDE6C	0.00130183
PDE6H	0.001557
PDE7A	0.00106842
PDE7B	0.00129076
PDE8A	0.00186453
PDE8B	0.00240562
PDE9A	0.00273269
PDGFA	0.000410361
PDGFB	0.0015021
PDGFC	0.0012381
PDGFD	0.00261722
PDGFRA	0.00160907
PDGFRB	0.00140219
PDGFRL	0.0024238
PDHA2	0.00146031
PDHX	0.00281013
PDIA4	0.00172766
PDIA5	0.00162802
PDIA6	0.00247798
PDILT	0.00286591
PDK1	0.00172808
PDK2	0.00112868
PDK4	0.00173563
PDLIM1	0.00196596
PDLIM2	0.00122746
PDLIM3	0.00154739
PDLIM4	0.00456515
PDLIM5	0.00157619
PDLIM7	0.00181787
PDP1	0.00219298
PDPN	0.00191014
PDRG1	0.00218661
PDS5A	0.00244338
PDS5B	0.00148629
PDSS1	0.00218296
PDSS2	0.0017588
PDX1	0.00113149
PDX1-AS1	0.00120395
PDXDC2P	0.00239447
PDXK	0.00205351
PDYN	0.00141658
PDZD2	0.00237767
PDZD7	0.00116533
PDZD8	0.000889649
PDZK1	0.00299269
PDZRN3	0.00158966
PDZRN4	0.00217851
PEAK1	0.00188716
PEBP4	0.00164957
PECR	0.00124286
PEG3	0.00113066
PELI2	0.00130652
PELP1	0.00208001
PEMT	0.00247364
PEPD	0.0011264
PER2	0.00185027
PER3	0.00154819
PERP	0.00141942
PES1P1	0.00236654
PES1P2	0.00122641
PEX1	0.0015914
PEX11G	0.00152953
PEX12P1	0.00162883
PEX14	0.0023039
PEX16	0.00171254
PEX19	0.000895603
PEX26	0.00268469
PEX5	0.00187127
PEX5L	0.00120207
PEX5L-AS2	0.00116966
PEX7	0.0018582
PFDN1	0.00264488
PFDN4	0.000934147
PFKFB3	0.00158976
PFKL	0.00202865
PFKP	0.00178014
PFN1P1	0.00185434
PFN1P9	0.00117382
PGAM1	0.00171457
PGAM1P1	0.00129917
PGAM1P13	0.00208317
PGAM1P2	0.00162422
PGAM1P5	0.00208883
PGAM2	0.0015798
PGAM3P	0.00173206
PGAM4P2	0.00227152
PGAM5P1	0.00104637
PGAP1	0.00165146
PGAP2	0.0018809
PGBD2	0.00151597
PGBD4	0.00170015
PGBD4P5	0.00241659
PGBD5	0.00187084
PGC	0.00258697
PGD	0.00238176
PGK1P2	0.00160826
PGLYRP4	0.00182562
PGM1	0.00163553
PGM2	0.00323026
PGM5	0.00150291
PGPEP1	0.00150638
PGPEP1L	0.00161847
PGR	0.00103715
PGS1	0.000804242
PHACTR1	0.00204474
PHACTR2	0.00180763
PHACTR3	0.00187024
PHACTR4	0.00177219
PHAX	0.000892022
PHB2P1	0.00172979
PHBP14	0.0011705
PHBP3	0.00145461
PHC2	0.00124726
PHC3	0.00158013
PHF1	0.00541118
PHF12	0.00186008
PHF14	0.00171572
PHF15	0.0019274
PHF17	0.002245
PHF2	0.00226141
PHF21A	0.00175989
PHF21B	0.00252085
PHF23	0.0020163
PHF2P2	0.00142876
PHF3	0.00184992
PHGDH	0.00173386
PHIP	0.00210795
PHKB	0.000924097
PHKBP1	0.00121941
PHKG1P4	0.00243723
PHLDA1	0.00257312
PHLDB2	0.00220257
PHLPP1	0.00153186
PHRF1	0.00110012
PHTF1	0.00125835
PHTF2	0.00175316
PHYH	0.00240847
PHYHIP	0.0011064
PHYHIPL	0.00149712
PHYKPL	0.00224411
PI16	0.00178219
PI3	0.0016325
PI4K2A	0.00166012
PI4K2B	0.00136887
PI4KA	0.00161232
PIAS1	0.00121291
PIBF1	0.00137461
PICALM	0.00231923
PICK1	0.00250998
PID1	0.00113808
PIEZO1	0.00253403
PIEZO1P1	0.0015958
PIEZO1P2	0.00140817
PIEZO2	0.00275275
PIGC	0.00173542
PIGCP2	0.00148306
PIGG	0.000782318
PIGH	0.00248028
PIGK	0.00241003
PIGL	0.00205623
PIGM	0.00134817
PIGN	0.00237349
PIGPP4	0.000786059
PIGT	0.00216413
PIGX	0.00138358
PIGZ	0.00123741
PIK3AP1	0.00179011
PIK3C2A	0.00106381
PIK3C2B	0.00188808
PIK3C2G	0.0025313
PIK3C3	0.00119586
PIK3CA	0.00132467
PIK3CB	0.00186625
PIK3CD	0.0022402
PIK3CG	0.0013962
PIK3R1	0.00126592
PIK3R4	0.00164328
PIK3R5	0.00190402
PIK3R6	0.00186959
PIKFYVE	0.00187296
PIM1	0.00168871
PIM3	0.00154915
PINK1	0.00207633
PINK1-AS	0.00207633
PINX1	0.0015161
PIP4K2A	0.00185396
PIP5K1B	0.00167615
PIP5K1C	0.0014077
PIP5K1P2	0.00288764
PIPOX	0.00217378
PIRT	0.000980529
PITPNA	0.00077381
PITPNC1	0.00196512
PITPNM3	0.00221653
PITRM1	0.00139815
PITX2	0.00158229
PIWIL1	0.00146274
PIWIL2	0.00115532
PIWIL3	0.00136773
PIWIL4	0.00185303
PJA2	0.000901116
PKD1	0.00118589
PKD1L1	0.00136833
PKD1L2	0.00120343
PKD2	0.00336013
PKD2L1	0.00159917
PKDCC	0.00106555
PKHD1	0.00232685
PKHD1L1	0.00175298
PKIA	0.00131411
PKIB	0.0017811
PKIG	0.00119557
PKMP4	0.00143539
PKMP5	0.00102467
PKMYT1	0.00160234
PKN1	0.00106141
PKN2	0.00248669
PKNOX1	0.00255589
PKNOX2	0.00161006
PKP1	0.00199609
PKP2	0.00356496
PKP4	0.00170975
PLA1A	0.00278083
PLA2G12AP2	0.00197407
PLA2G12B	0.0012586
PLA2G16	0.00171927
PLA2G1B	0.00190945
PLA2G2A	0.00184645
PLA2G2C	0.00196445
PLA2G2D	0.00188126
PLA2G2E	0.00164201
PLA2G2F	0.00195279
PLA2G3	0.00166655
PLA2G4A	0.00118592
PLA2G4C	0.00151094
PLA2G4D	0.0013886
PLA2G4E	0.00139033
PLA2G4F	0.00129314
PLA2G5	0.00187128
PLA2G6	0.002526
PLA2G7	0.0013466
PLA2R1	0.00130786
PLAC1L	0.00159851
PLAC4	0.00233849
PLAC8	0.00168748
PLAC9	0.00245467
PLAGL1	0.00149997
PLAUR	0.00184889
PLB1	0.0018069
PLBD1	0.00138964
PLBD2	0.00149048
PLCB1	0.00271886
PLCB2	0.00125105
PLCB4	0.00166049
PLCD1	0.00192988
PLCD3	0.00477801
PLCD4	0.00188125
PLCE1	0.00165036
PLCG2	0.00202393
PLCH1	0.00232865
PLCH2	0.00202275
PLCL1	0.0019462
PLCL2	0.00156865
PLCXD2	0.00218379
PLCXD3	0.00145731
PLCZ1	0.00255085
PLD1	0.00125349
PLD2	0.00170785
PLD3	0.00177905
PLD5	0.00175038
PLEC	0.00231309
PLEK	0.0018525
PLEK2	0.0022842
PLEKHA1	0.00196871
PLEKHA2	0.00135072
PLEKHA4	0.00160322
PLEKHA5	0.00177438
PLEKHA6	0.00192745
PLEKHA7	0.00105364
PLEKHA8P1	0.00169192
PLEKHB2	0.000914892
PLEKHD1	0.00197626
PLEKHF2	0.00181078
PLEKHG1	0.00216387
PLEKHG2	0.00208493
PLEKHG3	0.00279537
PLEKHG4	0.0019412
PLEKHG4B	0.00165341
PLEKHG5	0.00208926
PLEKHG6	0.00148281
PLEKHH1	0.00256327
PLEKHH2	0.00199142
PLEKHM3	0.00207774
PLEKHN1	0.00163491
PLEKHO2	0.00168533
PLEKHS1	0.00170391
PLG	0.0020531
PLGLA	0.00166457
PLGRKT	0.00136309
PLIN2	0.00225436
PLIN3	0.00134452
PLIN4	0.000960379
PLK1S1	0.00142692
PLK2	0.00139653
PLK5	0.00130541
PLLP	0.00305177
PLOD1	0.00310271
PLOD2	0.0020361
PLSCR1	0.0016399
PLSCR2	0.00160651
PLSCR4	0.00185952
PLSCR5	0.00155674
PLVAP	0.00152586
PLXDC1	0.00205393
PLXDC2	0.00164328
PLXNA1	0.00134506
PLXNA2	0.00240459
PLXNA4	0.0019125
PLXNB2	0.00195369
PLXNC1	0.00221355
PLXND1	0.00198576
PM20D1	0.00208896
PMAIP1	0.000671346
PMCH	0.00125412
PMCHL1	0.00249818
PMEPA1	0.00231546
PMFBP1	0.00319125
PML	0.00214127
PMM2	0.00112536
PMM2P1	0.00198901
PMP22	0.00168963
PMPCA	0.00245007
PMS2	0.0024038
PMVK	0.00176868
PNISR	0.00170982
PNLDC1	0.00210725
PNLIP	0.000928999
PNLIPRP1	0.00119769
PNLIPRP3	0.000915888
PNMAL1	0.00163103
PNMAL2	0.00170129
PNN	0.00168402
PNO1	0.00218092
PNOC	0.00179285
PNP	0.00112491
PNPLA1	0.00199134
PNPLA3	0.00163336
PNPLA5	0.00171374
PNPLA6	0.00132853
PNPLA7	0.000518112
PNPLA8	0.0021015
PNPT1	0.00195202
PNPT1P2	0.00129032
POC1A	0.00266919
POC1B	0.00212522
POC5	0.00222981
PODXL	0.00120204
PODXL2	0.00222816
POGLUT1	0.00277552
POGZ	0.0015725
POLA2	0.00194851
POLB	0.000742068
POLD1	0.00253317
POLD2P1	0.00122567
POLD3	0.00194421
POLDIP2	0.0016614
POLE	0.00166093
POLE4	0.00121144
POLH	0.00141317
POLN	0.00247247
POLQ	0.00225212
POLR1B	0.00285231
POLR1D	0.0013508
POLR2A	0.00379129
POLR2B	0.00164461
POLR2E	0.00212833
POLR2G	0.00230674
POLR2KP2	0.00157845
POLR2M	0.00139955
POLR3A	0.00144534
POLR3B	0.00133086
POLR3GL	0.00302817
POLR3K	0.00313057
POLR3KP1	0.00163376
POLR3KP2	0.00128001
POLRMT	0.000843694
POLRMTP1	0.00143724
POM121L12	0.00229445
POM121L13P	0.00246263
POM121L3P	0.00152503
POMC	0.00164477
POMGNT2	0.0016271
POMP	0.00207645
POMT2	0.00172209
PON1	0.00151964
PON2	0.0015301
PON3	0.00151964
POP1	0.00125377
POP4	0.00136872
POPDC2	0.00288846
POR	0.00197718
POSTN	0.00172595
POTEC	0.00211552
POTEF	0.0011953
POTEH	0.00201535
POTEKP	0.00136966
POU1F1	0.00129459
POU2AF1	0.00178211
POU2F1	0.000621211
POU2F2	0.00108925
POU2F3	0.0035495
POU3F1	0.00139289
POU3F2	0.00158838
POU4F2	0.00160274
POU5F1P2	0.00168024
POU5F1P3	0.00284865
POU6F1	0.00209811
POU6F2	0.00214215
PP13004	0.00125866
PP2D1	0.00171085
PPA1	0.00191947
PPA2	0.00160592
PPAN	0.00160217
PPAN-P2RY11	0.00160217
PPAP2A	0.00159678
PPAP2B	0.00100895
PPAP2C	0.00215499
PPAPDC1A	0.00168596
PPAPDC2	0.00216612
PPAPDC3	0.00136466
PPARA	0.00091118
PPARD	0.00236537
PPARG	0.00168895
PPARGC1A	0.00229267
PPARGC1B	0.0023958
PPATP1	0.00132037
PPCDC	0.00221018
PPEF2	0.00267725
PPFIA1	0.00168499
PPFIA2	0.00261346
PPFIA3	0.00191726
PPFIA4	0.00118916
PPFIBP1	0.00173352
PPFIBP2	0.00237962
PPHLN1	0.00169999
PPIAP1	0.00136461
PPIAP17	0.00210882
PPIAP19	0.00190277
PPIAP21	0.0014952
PPIAP22	0.00175498
PPIAP23	0.000763413
PPIAP24	0.00177577
PPIAP27	0.00143248
PPIAP28	0.00178132
PPIAP31	0.00246397
PPIAP7	0.00149328
PPIE	0.00203938
PPIEL	0.00218319
PPIF	0.000919464
PPIL2	0.0017348
PPIL4	0.0019964
PPIP5K2	0.00243891
PPL	0.00207295
PPM1A	0.00188145
PPM1AP1	0.00248186
PPM1B	0.00195061
PPM1E	0.00185058
PPM1H	0.00171781
PPM1K	0.00265536
PPM1L	0.00189429
PPP1CB	0.00195393
PPP1CC	0.00249158
PPP1R10P1	0.000937443
PPP1R11P1	0.00173843
PPP1R12A	0.000722336
PPP1R12B	0.00128916
PPP1R12C	0.000817927
PPP1R13B	0.00164458
PPP1R14C	0.00259954
PPP1R16A	0.00125399
PPP1R16B	0.00200935
PPP1R17	0.00167678
PPP1R1AP2	0.000558251
PPP1R1C	0.0015939
PPP1R21	0.00167786
PPP1R26	0.00184754
PPP1R26-AS1	0.00161249
PPP1R2P1	0.00788921
PPP1R2P4	0.00179698
PPP1R36	0.00280202
PPP1R37	0.00132203
PPP1R3A	0.00212903
PPP1R3C	0.00184394
PPP1R3G	0.00111459
PPP1R42	0.000927857
PPP1R7	0.00162202
PPP1R9A	0.00134114
PPP1R9B	0.00116687
PPP2R1A	0.0013258
PPP2R2A	0.00141581
PPP2R2B	0.00130877
PPP2R2C	0.0018152
PPP2R2D	0.00135119
PPP2R3A	0.00140946
PPP2R4	0.00170874
PPP2R5A	0.00163044
PPP2R5B	0.00180321
PPP2R5C	0.00185312
PPP2R5E	0.00240047
PPP3CA	0.00207734
PPP3CC	0.00112584
PPP4R1L	0.000936623
PPP4R2	0.00231441
PPP4R4	0.00163558
PPP5C	0.00133416
PPP5D1	0.00176838
PPP6R1	0.00157331
PPP6R2	0.00214842
PPP6R3	0.00129687
PQLC2	0.00202239
PRAM1	0.00153394
PRAME	0.00196721
PRAMEF1	0.000989603
PRAMEF19	0.00155251
PRAMEF20	0.00160927
PRAMEF26	0.000969157
PRAMEF4	0.00094776
PRAMENP	0.0020893
PRB1	0.0012974
PRB2	0.00127678
PRB3	0.00147082
PRB4	0.00143152
PRC1	0.00240172
PRCC	0.00149824
PRCD	0.00169798
PRCP	0.00150402
PRDM1	0.00245761
PRDM10	0.00189033
PRDM11	0.0017916
PRDM12	0.00126159
PRDM13	0.00180886
PRDM14	0.0014103
PRDM15	0.00134951
PRDM16	0.00162567
PRDM2	0.00146298
PRDM5	0.00253662
PRDM6	0.00196869
PRDM7	0.00430922
PRDM8	0.0012071
PRDM9	0.00138924
PRDX2P4	0.00122567
PRDX3P3	0.00106681
PRDX4P1	0.00170227
PRELID2	0.00164
PRELP	0.000808257
PREP	0.00249726
PREPL	0.00197074
PREX1	0.00236187
PREX2	0.00151414
PRF1	0.00173661
PRG3	0.00216688
PRICKLE1	0.00158963
PRICKLE2	0.00168267
PRICKLE2-AS3	0.00126134
PRIM2	0.00264176
PRIMA1	0.00224004
PRIMPOL	0.000907942
PRKAA1	0.0018947
PRKAA2	0.00103008
PRKAB2	0.00205025
PRKACA	0.00120867
PRKACB	0.0012706
PRKACG	0.00161331
PRKAG2	0.00223977
PRKAG2-AS1	0.00124966
PRKAG3	0.00179234
PRKAR1B	0.000927204
PRKAR2B	0.00141024
PRKCA	0.0010354
PRKCB	0.00160747
PRKCD	0.00281778
PRKCDBP	0.00109632
PRKCE	0.00168712
PRKCG	0.00136775
PRKCH	0.0026073
PRKCI	0.00157317
PRKCQ	0.00104467
PRKCQ-AS1	0.00111603
PRKCSH	0.00143324
PRKCZ	0.00170006
PRKD1	0.00157151
PRKD2	0.00197989
PRKD3	0.00238641
PRKDC	0.000357959
PRKG1	0.00210849
PRKG1-AS1	0.00210849
PRKG2	0.00134559
PRKRA	0.00299199
PRKRIP1	0.0018946
PRKRIR	0.00128629
PRKRIRP3	0.00214767
PRKRIRP4	0.0019779
PRKRIRP8	0.00110973
PRKRIRP9	0.00118595
PRL	0.00198457
PRLR	0.00215638
PRMT10	0.00217928
PRMT2	0.00111328
PRMT3	0.00129304
PRMT6	0.0014933
PRMT8	0.00133325
PRND	0.00096005
PRNP	0.000984074
PRNT	0.00105658
PRODH	0.00286945
PRODH2	0.00156777
PROK1	0.00183742
PROK2	0.00083635
PROKR1	0.00143457
PROKR2	0.00308622
PROM1	0.00158103
PROP1	0.00233301
PROSC	0.000781413
PROSER1	0.00184279
PROSER2	0.0017131
PROSER2-AS1	0.00182427
PROX1	0.00168374
PROX1-AS1	0.00122031
PRPF18	0.00196329
PRPF19	0.00176417
PRPF19P1	0.00238169
PRPF31	0.000939504
PRPF38AP1	0.00173666
PRPF38AP2	0.00221736
PRPF40A	0.00165931
PRPF40B	0.00208665
PRPF4B	0.000722953
PRPF6	0.00270356
PRPF8	0.000860264
PRPS1L1	0.00141888
PRPSAP1	0.00170842
PRPSAP2	0.00291351
PRR12	0.00139985
PRR16	0.00158049
PRR18	0.00178101
PRR20A	0.00241083
PRR21	0.0015741
PRR23A	0.00188163
PRR25	0.00161139
PRR4	0.00154536
PRR5	0.00223595
PRR5-ARHGAP8	0.00293039
PRR5L	0.00156227
PRR7-AS1	0.00190943
PRR9	0.00204986
PRRC1	0.00108533
PRRC2B	0.00160244
PRRC2C	0.00178939
PRRT4	0.00174185
PRRX1	0.00291525
PRRX2	0.00179752
PRSS21	0.00172007
PRSS23	0.00202626
PRSS27	0.00152898
PRSS29P	0.0015383
PRSS30P	0.00175738
PRSS33	0.00158047
PRSS38	0.00172704
PRSS41	0.0016439
PRSS48	0.00164724
PRSS50	0.00268789
PRSS51	0.00127323
PRSS55	0.00121413
PRSS56	0.00132321
PRSS57	0.0011272
PRSS58	0.00175667
PRTFDC1	0.00162753
PRTG	0.00149695
PRTN3	0.00146274
PRUNE2	0.00191561
PRX	0.0018518
PSAP	0.00253801
PSAPL1	0.00119259
PSAT1	0.00156611
PSAT1P2	0.00151751
PSAT1P3	0.00103465
PSAT1P4	0.00174407
PSCA	0.00208641
PSD2	0.00240072
PSD3	0.00244961
PSD4	0.00242447
PSEN1	0.00207925
PSEN2	0.00188789
PSG1	0.00114264
PSG11	0.00129314
PSG3	0.000988687
PSG9	0.00141074
PSKH1	0.00229142
PSKH2	0.00228096
PSMA1	0.000985103
PSMA6P3	0.00124922
PSMA6P4	0.00136076
PSMA7	0.0019416
PSMA8	0.00167539
PSMB1	0.00266574
PSMB11	0.00110982
PSMB3	0.00224842
PSMB5	0.00113794
PSMB7	0.00155242
PSMB8	0.00777333
PSMC1	0.00159429
PSMC1P11	0.00152182
PSMC1P12	0.00235844
PSMC1P2	0.00249092
PSMC1P4	0.00169501
PSMC1P5	0.00160043
PSMC1P6	0.00143962
PSMC1P8	0.00139291
PSMD10P2	0.00129427
PSMD11	0.00140119
PSMD12	0.00106659
PSMD13	0.00162021
PSMD14	0.00123564
PSMD3	0.00197955
PSMD4	0.0015354
PSME2	0.00368538
PSME2P2	0.00128142
PSME4	0.00156824
PSMF1	0.00123684
PSMG3-AS1	0.00304551
PSMG4	0.00133145
PSORS1C1	0.0176345
PSPC1	0.00129513
PSPC1P1	0.00154823
PSPH	0.00219165
PSPHP1	0.00209891
PSRC1	0.00196188
PSTPIP2	0.00158031
PTAR1	0.00184214
PTBP1	0.00134849
PTBP2	0.00213831
PTBP3	0.00151319
PTCD3	0.00180712
PTCH1	0.0013771
PTCH2	0.00173454
PTCHD2	0.00159601
PTCHD3	0.00280132
PTCHD3P1	0.00145475
PTCHD4	0.00129945
PTDSS1	0.00188701
PTDSS2	0.00105364
PTEN	0.00234835
PTER	0.00149754
PTGDR	0.00237972
PTGER2	0.0017524
PTGER3	0.00266573
PTGES	0.00189933
PTGES2	0.00132175
PTGES3	0.00234971
PTGES3P1	0.00286101
PTGES3P5	0.00150845
PTGFR	0.00179944
PTGFRN	0.00168489
PTGIR	0.00183814
PTGIS	0.00212016
PTGR1	0.00244418
PTGS1	0.00175322
PTH2	0.0017503
PTH2R	0.0018283
PTHLH	0.00184122
PTK2	0.00154325
PTK2B	0.00198741
PTK6	0.00205391
PTMAP5	0.00220078
PTMAP6	0.00149939
PTMS	0.0017022
PTN	0.00125633
PTP4A1P4	0.0025026
PTP4A2	0.000950956
PTP4A3	0.00140739
PTPDC1	0.00167464
PTPLA	0.00191371
PTPLAD1	0.00120203
PTPLAD2	0.00177051
PTPLB	0.00175146
PTPN1	0.0013616
PTPN12	0.00149108
PTPN13	0.00202595
PTPN14	0.00158515
PTPN2	0.00142017
PTPN20B	0.000956941
PTPN3	0.00095529
PTPN4	0.00125233
PTPN5	0.00140728
PTPN6	0.00235898
PTPN7	0.00120383
PTPRA	0.00100528
PTPRB	0.00161801
PTPRC	0.00134304
PTPRD	0.00170655
PTPRE	0.00168647
PTPRF	0.00195133
PTPRG	0.00195921
PTPRG-AS1	0.00148913
PTPRH	0.00141766
PTPRJ	0.00242765
PTPRK	0.00136134
PTPRM	0.00113578
PTPRN2	0.0022624
PTPRO	0.000863932
PTPRQ	0.00182254
PTPRR	0.00148788
PTPRS	0.001881
PTPRT	0.00165428
PTPRU	0.00156303
PTPRVP	0.00122301
PTPRZ1	0.00130705
PTTG1	0.00164613
PTTG1IP	0.00112681
PTX4	0.00179245
PUF60	0.0028051
PUM1	0.00127748
PUM2	0.00161563
PURG	0.00159056
PUS10	0.00108558
PUS7	0.00126089
PVALB	0.000746901
PVR	0.00211838
PVRL1	0.00165237
PVRL2	0.00267238
PVRL3	0.00153324
PVT1	0.00164819
PWP1	0.00164347
PWRN1	0.0013401
PWRN2	0.00142092
PWRN3	0.00145211
PWRN4	0.00125673
PWWP2A	0.00117085
PWWP2AP1	0.00142929
PWWP2B	0.00257233
PXDC1	0.00121366
PXDN	0.00161058
PXDNL	0.00148844
PXK	0.00236231
PYDC2	0.00213431
PYGL	0.00114934
PYGO1	0.00156773
PYHIN1	0.00220104
PYROXD1	0.00302841
PYROXD2	0.00176215
PYURF	0.00111113
PZP	0.00171574
QDPR	0.00162651
QKI	0.00161585
QPCT	0.00239553
QPRT	0.0022358
QRFPR	0.00188563
QRICH2	0.00171934
QRSL1P1	0.00116383
QSOX1	0.00179723
QSOX2	0.00151161
QTRTD1	0.00110639
R3HCC1	0.00104477
R3HCC1L	0.00231049
R3HDM2	0.00220307
R3HDM2P2	0.00141856
R3HDM4	0.00152047
R3HDML	0.00161221
RAB10	0.00174334
RAB11A	0.00115461
RAB11AP1	0.0011918
RAB11AP2	0.00149203
RAB11B	0.00151403
RAB11FIP2	0.00164117
RAB11FIP3	0.00263598
RAB11FIP4	0.00254557
RAB11FIP5	0.00148684
RAB12	0.00112737
RAB17	0.00249911
RAB18	0.00272199
RAB19	0.00142206
RAB1A	0.00137358
RAB20	0.00217417
RAB22A	0.000913311
RAB23	0.00233571
RAB27A	0.00164861
RAB27B	0.00207528
RAB28	0.00063743
RAB2A	0.00182173
RAB30-AS1	0.00143185
RAB31	0.00169136
RAB32	0.0012693
RAB37	0.00113908
RAB38	0.00237054
RAB39A	0.00193215
RAB3B	0.00114981
RAB3C	0.00163386
RAB3D	0.00218653
RAB3GAP2	0.00146408
RAB3IL1	0.0021286
RAB3IP	0.00225588
RAB40B	0.0011661
RAB43	0.00182837
RAB44	0.00172545
RAB4A	0.00134852
RAB4B-EGLN2	0.0017379
RAB5C	0.00290087
RAB5CP2	0.0015432
RAB6A	0.00217305
RAB6B	0.00130818
RAB7A	0.00187279
RAB7L1	0.00212226
RAB8A	0.00103861
RABEP1	0.00176498
RABEPKP1	0.00110763
RABGAP1	0.00173962
RABGAP1L	0.0013483
RABL6	0.00132277
RAC2	0.00106729
RACGAP1	0.00268852
RAD18	0.0014742
RAD21L1	0.00135276
RAD23B	0.00156885
RAD23BP2	0.00170243
RAD50	0.00344791
RAD51AP2	0.00164714
RAD51B	0.00207906
RAD51D	0.00145077
RAD51L3-RFFL	0.00145077
RAD52	0.00102989
RAD54B	0.00220273
RADIL	0.00178222
RAET1E-AS1	0.00212502
RAET1G	0.00212502
RAET1K	0.00257535
RAG1	0.000849973
RAG2	0.000849973
RAI14	0.00209944
RALA	0.00179355
RALB	0.00124378
RALBP1	0.00192913
RALGAPA1	0.00147573
RALGAPA2	0.00157493
RALGAPB	0.00205611
RALGDS	0.00302157
RALGPS1	0.00162925
RALGPS2	0.00185918
RALY	0.00266009
RALYL	0.0018265
RAMP1	0.00200725
RAMP3	0.00126329
RANBP17	0.0012077
RANBP3	0.00112747
RANBP3L	0.00281371
RANBP9	0.000896056
RANP6	0.00154554
RANP7	0.00205221
RAP1A	0.00143173
RAP1B	0.00129929
RAP1GAP	0.0015022
RAP1GAP2	0.00164049
RAP1GDS1	0.00197154
RAP2B	0.00238337
RAP2CP1	0.00210258
RAPGEF1	0.00176475
RAPGEF2	0.00193297
RAPGEF4	0.00149606
RAPGEF4-AS1	0.0016949
RAPGEF5	0.00201984
RAPGEF6	0.00465131
RAPH1	0.00163203
RAPSN	0.00237832
RARB	0.00128827
RARG	0.00277331
RARRES3	0.00176227
RARS	0.00196126
RARS2	0.00282656
RASA1	0.00127334
RASA2	0.00119702
RASA3	0.0020068
RASA4DP	0.00222694
RASAL1	0.00171596
RASAL2	0.00179263
RASAL2-AS1	0.00178423
RASAL3	0.00127823
RASD2	0.00135442
RASEF	0.00192122
RASGEF1B	0.00240825
RASGEF1C	0.00163185
RASGRF1	0.00227549
RASGRF2	0.00249387
RASGRP1	0.00206546
RASGRP3	0.00160787
RASGRP4	0.00152159
RASIP1	0.00310115
RASL10A	0.00168513
RASSF2	0.00163625
RASSF3	0.00151313
RASSF4	0.00192963
RASSF5	0.00201984
RASSF6	0.000989612
RASSF8	0.00136769
RASSF8-AS1	0.001116
RASSF9	0.00223329
RAVER1	0.0017073
RAVER2	0.00158302
RAX	0.00164673
RB1	0.00146169
RB1CC1	0.0013661
RBAK-RBAKDN	0.00165832
RBBP4	0.00123775
RBBP4P3	0.00263605
RBBP4P6	0.00294501
RBBP6	0.00176547
RBBP8	0.00168746
RBBP8NL	0.0025071
RBCK1	0.00177259
RBFOX1	0.00213983
RBFOX2	0.0010721
RBFOX3	0.00219024
RBL2	0.00141155
RBM17	0.00167467
RBM18	0.0013376
RBM19	0.00212754
RBM20	0.00162414
RBM24	0.00126106
RBM26	0.00184448
RBM26-AS1	0.00164869
RBM27	0.00114538
RBM28	0.00150326
RBM33	0.000597366
RBM38	0.00143354
RBM44	0.00196501
RBM46	0.00131056
RBM47	0.00213624
RBM48P1	0.00184689
RBMS1	0.00125747
RBMS2	0.00232259
RBMS3	0.00175046
RBMS3-AS1	0.00123798
RBMS3-AS2	0.0016851
RBMS3-AS3	0.00172509
RBMX2P4	0.00174221
RBMXL1	0.0028422
RBMXP1	0.00134492
RBP1	0.00138861
RBP3	0.000968484
RBPJ	0.00129966
RBPMS	0.001957
RBPMS-AS1	0.00185986
RCAN1	0.00173752
RCAN2	0.00113696
RCAN3	0.00183342
RCBTB1	0.00185914
RCBTB2P1	0.0016856
RCC2	0.00123431
RCC2P3	0.0015002
RCC2P7	0.00136308
RCL1	0.00160005
RCN1	0.00203764
RCN2	0.00163839
RCOR1	0.0015421
RCOR3	0.00159533
RCSD1	0.00127451
RD3	0.00162954
RDH13	0.00110267
RDH14	0.00200403
RDH8	0.00220574
RDM1	0.00103291
RDX	0.00144731
RECK	0.00159174
RECQL5	0.00153711
REEP1	0.00186711
REEP3	0.00192591
REEP6	0.00128942
REG1A	0.000953844
REG1B	0.000962218
REG1P	0.000935895
REG3G	0.00106895
REG4	0.00156628
RELB	0.00191867
RELL1	0.00268071
RELN	0.00285467
RELT	0.00137468
REN	0.00183368
REPS1	0.00282057
RER1	0.00175482
RERE	0.00170074
RERG	0.00161196
RERGL	0.00214055
RESP18	0.00139518
REST	0.00161295
RET	0.00239281
RETN	0.00100527
RETNLB	0.00237417
RETSAT	0.00107673
REV3L	0.00177008
REXO1	0.00173944
RFC1	0.00256478
RFC3	0.00281247
RFC3P1	0.00150677
RFESD	0.00112864
RFNG	0.00139547
RFPL1S	0.00178623
RFPL2	0.00185552
RFPL3S	0.00143223
RFPL4A	0.00206777
RFPL4AP3	0.00185299
RFPL4AP5	0.00159409
RFT1	0.0031638
RFTN1	0.0011221
RFWD2	0.00162577
RFWD2P1	0.00109763
RFX2	0.00103298
RFX3	0.00121309
RFX4	0.00155618
RFX7	0.00114906
RFX8	0.0012468
RFXAP	0.00116946
RGCC	0.00208264
RGL1	0.00147071
RGL3	0.0018476
RGMA	0.00164294
RGPD2	0.00212903
RGPD3	0.00175732
RGPD8	0.00276956
RGR	0.00228886
RGS1	0.00158163
RGS10	0.00164326
RGS11	0.00351807
RGS12	0.00159689
RGS13	0.00125471
RGS14	0.00220806
RGS17	0.00188584
RGS18	0.00151685
RGS20	0.00155964
RGS21	0.00149818
RGS22	0.0015989
RGS3	0.00102689
RGS4	0.00156726
RGS5	0.00137882
RGS6	0.00185797
RGS7	0.00274836
RGS7BP	0.00200898
RGS8	0.00127162
RGS9	0.00128869
RGS9BP	0.00181684
RGSL1	0.0015422
RHBDD1	0.00107913
RHBDD2	0.00204699
RHBDF1P1	0.00138804
RHBDF2	0.00158239
RHBDL2	0.00280909
RHBDL3	0.00160403
RHBG	0.00181721
RHCG	0.00157034
RHD	0.00238009
RHEB	0.00122031
RHEBL1	0.00232532
RHOB	0.00143887
RHOBTB1	0.00150249
RHOBTB2	0.00142998
RHOBTB3	0.00124816
RHOG	0.00161124
RHOH	0.001987
RHOJ	0.00235675
RHOT1	0.00154469
RHOU	0.00198433
RHPN2	0.00178464
RIBC2	0.0013578
RIC3	0.00113992
RICTOR	0.00164273
RIF1	0.00225166
RIIAD1	0.00180673
RILPL1	0.00395871
RILPL2	0.0039851
RIMBP2	0.00148224
RIMBP3	0.00193319
RIMBP3B	0.00233673
RIMKLA	0.00210248
RIMKLB	0.00145571
RIMS1	0.00202929
RIMS2	0.00233311
RIMS4	0.00143841
RIN2	0.00179143
RIN3	0.000953919
RINL	0.00169169
RINT1	0.00110958
RIOK1	0.00154598
RIOK2	0.00157038
RIOK3P1	0.00106713
RIPK1	0.00116261
RIPK2	0.00180058
RIPK3	0.00417932
RIPK4	0.00153267
RIT2	0.0014727
RLBP1	0.001448
RLF	0.00133255
RLN2	0.00119289
RLN3	0.0012153
RMDN2	0.0030714
RMDN2-AS1	0.0030714
RMI2	0.00202839
RMND1	0.00153709
RMND5A	0.0018332
RMND5B	0.00210476
RMRP	0.00175086
RMRPP5	0.00201954
RMST	0.00119983
RN7SKP10	0.00102726
RN7SKP102	0.00105862
RN7SKP104	0.00142638
RN7SKP106	0.00140629
RN7SKP108	0.00122512
RN7SKP11	0.0021038
RN7SKP112	0.000543929
RN7SKP113	0.00302417
RN7SKP117	0.00147352
RN7SKP120	0.00203632
RN7SKP121	0.000759012
RN7SKP122	0.00122629
RN7SKP126	0.001124
RN7SKP127	0.00226642
RN7SKP129	0.00129735
RN7SKP13	0.00172206
RN7SKP136	0.00109378
RN7SKP14	0.00116843
RN7SKP140	0.00135167
RN7SKP141	0.0205792
RN7SKP142	0.00157151
RN7SKP143	0.00158438
RN7SKP144	0.00142492
RN7SKP146	0.00116925
RN7SKP147	0.00162263
RN7SKP148	0.000928491
RN7SKP15	0.00167214
RN7SKP156	0.00116771
RN7SKP157	0.00175934
RN7SKP159	0.00188881
RN7SKP164	0.00158076
RN7SKP165	0.00148757
RN7SKP166	0.00171946
RN7SKP167	0.00217293
RN7SKP168	0.0015504
RN7SKP17	0.0017567
RN7SKP174	0.00121549
RN7SKP178	0.00106213
RN7SKP181	0.000791469
RN7SKP182	0.00121489
RN7SKP188	0.00127724
RN7SKP190	0.00194782
RN7SKP191	0.00156055
RN7SKP196	0.0015534
RN7SKP199	0.00105536
RN7SKP2	0.00153842
RN7SKP200	0.00155386
RN7SKP203	0.0019327
RN7SKP204	0.00087472
RN7SKP205	0.00117196
RN7SKP206	0.00114893
RN7SKP207	0.00223391
RN7SKP211	0.00205872
RN7SKP212	0.00166358
RN7SKP213	0.00117751
RN7SKP216	0.0018152
RN7SKP218	0.00209996
RN7SKP226	0.00159033
RN7SKP227	0.00173808
RN7SKP228	0.00176405
RN7SKP229	0.00167525
RN7SKP242	0.00182627
RN7SKP246	0.00235961
RN7SKP247	0.00163078
RN7SKP249	0.00158528
RN7SKP250	0.00216708
RN7SKP252	0.00111666
RN7SKP254	0.000940055
RN7SKP263	0.0022764
RN7SKP27	0.00138395
RN7SKP276	0.00150753
RN7SKP277	0.00125443
RN7SKP278	0.00196046
RN7SKP279	0.00115432
RN7SKP280	0.00157919
RN7SKP284	0.00153614
RN7SKP289	0.00268485
RN7SKP293	0.00165048
RN7SKP294	0.000722875
RN7SKP297	0.00182902
RN7SKP36	0.00213478
RN7SKP44	0.00206718
RN7SKP46	0.00199326
RN7SKP48	0.00139558
RN7SKP49	0.00252993
RN7SKP55	0.0016092
RN7SKP6	0.00266988
RN7SKP61	0.00136112
RN7SKP62	0.00227622
RN7SKP73	0.0009891
RN7SKP79	0.00183512
RN7SKP82	0.00176235
RN7SKP89	0.00247515
RN7SKP91	0.00107235
RN7SKP93	0.004166
RN7SL101P	0.00161055
RN7SL102P	0.00206638
RN7SL104P	0.00162908
RN7SL112P	0.00132899
RN7SL120P	0.0018797
RN7SL122P	0.000937158
RN7SL131P	0.001341
RN7SL135P	0.00204017
RN7SL13P	0.00145644
RN7SL140P	0.0018188
RN7SL142P	0.00134156
RN7SL147P	0.00193059
RN7SL150P	0.00212938
RN7SL151P	0.00143034
RN7SL157P	0.00150621
RN7SL167P	0.00117024
RN7SL170P	0.00154127
RN7SL184P	0.00201217
RN7SL193P	0.00156168
RN7SL194P	0.00209383
RN7SL198P	0.00242221
RN7SL201P	0.00252334
RN7SL204P	0.00142887
RN7SL205P	0.00236829
RN7SL207P	0.00116969
RN7SL215P	0.00128923
RN7SL221P	0.00122854
RN7SL222P	0.00122002
RN7SL223P	0.00180473
RN7SL224P	0.00190777
RN7SL231P	0.00137604
RN7SL232P	0.00274974
RN7SL245P	0.0015264
RN7SL250P	0.00138736
RN7SL252P	0.00159024
RN7SL255P	0.00149874
RN7SL265P	0.00162652
RN7SL271P	0.000992723
RN7SL281P	0.00106499
RN7SL282P	0.00135158
RN7SL283P	0.00207529
RN7SL292P	0.00223022
RN7SL299P	0.00200583
RN7SL300P	0.00232968
RN7SL304P	0.00178387
RN7SL309P	0.00224052
RN7SL317P	0.00115782
RN7SL318P	0.00189161
RN7SL338P	0.00179611
RN7SL33P	0.00171199
RN7SL340P	0.0018014
RN7SL342P	0.00170168
RN7SL352P	0.000962182
RN7SL357P	0.00140356
RN7SL358P	0.000788678
RN7SL366P	0.00131268
RN7SL380P	0.00188753
RN7SL392P	0.00193662
RN7SL401P	0.00166364
RN7SL408P	0.0012959
RN7SL419P	0.001645
RN7SL423P	0.00130226
RN7SL446P	0.00160392
RN7SL447P	0.00155736
RN7SL451P	0.00163157
RN7SL468P	0.00189035
RN7SL478P	0.00166758
RN7SL479P	0.00205625
RN7SL483P	0.00197559
RN7SL492P	0.00138563
RN7SL493P	0.00154683
RN7SL499P	0.00165533
RN7SL50P	0.00118484
RN7SL513P	0.00142387
RN7SL514P	0.00107791
RN7SL51P	0.00153398
RN7SL523P	0.00192635
RN7SL531P	0.00057261
RN7SL542P	0.00170852
RN7SL547P	0.00106745
RN7SL554P	0.00140125
RN7SL555P	0.00109918
RN7SL556P	0.00229065
RN7SL557P	0.000878689
RN7SL564P	0.00151967
RN7SL568P	0.00107672
RN7SL569P	0.00158074
RN7SL571P	0.00226782
RN7SL572P	0.0013635
RN7SL576P	0.00143008
RN7SL583P	0.00219052
RN7SL585P	0.0014884
RN7SL58P	0.00172254
RN7SL592P	0.00188013
RN7SL599P	0.00173162
RN7SL601P	0.0010232
RN7SL603P	0.00167953
RN7SL605P	0.00173741
RN7SL609P	0.00156104
RN7SL611P	0.00189619
RN7SL626P	0.00122345
RN7SL633P	0.00140516
RN7SL636P	0.00153775
RN7SL637P	0.00146
RN7SL63P	0.00180665
RN7SL649P	0.00314074
RN7SL651P	0.00140582
RN7SL654P	0.0012985
RN7SL668P	0.00175506
RN7SL66P	0.00149536
RN7SL675P	0.00131973
RN7SL686P	0.00165153
RN7SL691P	0.00153319
RN7SL699P	0.00127648
RN7SL700P	0.00176591
RN7SL701P	0.00166354
RN7SL705P	0.0016157
RN7SL70P	0.00112946
RN7SL711P	0.00200681
RN7SL714P	0.00119939
RN7SL718P	0.0014685
RN7SL723P	0.00131837
RN7SL729P	0.00158608
RN7SL72P	0.00117457
RN7SL761P	0.00228321
RN7SL766P	0.00181653
RN7SL770P	0.00144092
RN7SL776P	0.00120207
RN7SL782P	0.00139409
RN7SL783P	0.00119429
RN7SL794P	0.000638718
RN7SL795P	0.00141517
RN7SL797P	0.0012307
RN7SL79P	0.00248355
RN7SL7P	0.00128326
RN7SL800P	0.0012175
RN7SL802P	0.00218829
RN7SL807P	0.00127566
RN7SL808P	0.00208318
RN7SL809P	0.00234971
RN7SL811P	0.00196019
RN7SL836P	0.00121183
RN7SL843P	0.00130271
RN7SL854P	0.00216554
RN7SL865P	0.00201542
RN7SL869P	0.00113001
RN7SL87P	0.00213359
RN7SL88P	0.00166391
RN7SL89P	0.0019354
RN7SL90P	0.00123168
RN7SL95P	0.00149275
RN7SL97P	0.001839
RNA5-8SP7	0.00283901
RNA5SP103	0.00107972
RNA5SP106	0.00136902
RNA5SP107	0.00130765
RNA5SP110	0.00168385
RNA5SP117	0.00162329
RNA5SP121	0.000989584
RNA5SP124	0.00145322
RNA5SP127	0.00165577
RNA5SP136	0.00180622
RNA5SP137	0.00242074
RNA5SP142	0.00189787
RNA5SP144	0.00204983
RNA5SP158	0.00874547
RNA5SP161	0.00185899
RNA5SP164	0.00114125
RNA5SP166	0.000865436
RNA5SP169	0.0015709
RNA5SP173	0.00150244
RNA5SP178	0.000891967
RNA5SP181	0.00285976
RNA5SP182	0.00153658
RNA5SP185	0.0017747
RNA5SP189	0.00165963
RNA5SP190	0.00201992
RNA5SP199	0.00120365
RNA5SP200	0.00126125
RNA5SP202	0.00108452
RNA5SP205	0.00139395
RNA5SP211	0.00273338
RNA5SP215	0.00304109
RNA5SP224	0.00170295
RNA5SP225	0.00085947
RNA5SP228	0.00235351
RNA5SP231	0.00166392
RNA5SP234	0.00111741
RNA5SP239	0.00103893
RNA5SP24	0.0015067
RNA5SP255	0.00172051
RNA5SP258	0.00135939
RNA5SP261	0.00138207
RNA5SP266	0.000990858
RNA5SP267	0.00217237
RNA5SP271	0.00155358
RNA5SP275	0.00188488
RNA5SP279	0.00205204
RNA5SP281	0.00175941
RNA5SP286	0.00129463
RNA5SP287	0.00111532
RNA5SP291	0.00161202
RNA5SP293	0.00152176
RNA5SP299	0.00158506
RNA5SP318	0.00279132
RNA5SP32	0.00163076
RNA5SP326	0.00117576
RNA5SP329	0.00146095
RNA5SP331	0.00122739
RNA5SP341	0.0020109
RNA5SP342	0.00162847
RNA5SP347	0.00143058
RNA5SP348	0.00257452
RNA5SP349	0.00119488
RNA5SP350	0.000871619
RNA5SP353	0.00189709
RNA5SP36	0.00153559
RNA5SP360	0.00193638
RNA5SP362	0.00178716
RNA5SP376	0.0022795
RNA5SP38	0.00240493
RNA5SP384	0.00153527
RNA5SP388	0.00176818
RNA5SP40	0.00199288
RNA5SP400	0.00215001
RNA5SP401	0.000850849
RNA5SP403	0.0015308
RNA5SP404	0.00151658
RNA5SP41	0.00128833
RNA5SP427	0.00134104
RNA5SP428	0.00146058
RNA5SP430	0.00196858
RNA5SP431	0.00104463
RNA5SP433	0.00153929
RNA5SP443	0.00476821
RNA5SP446	0.000892565
RNA5SP448	0.00181583
RNA5SP45	0.00141043
RNA5SP455	0.00150167
RNA5SP456	0.00166127
RNA5SP459	0.00198761
RNA5SP461	0.00157348
RNA5SP470	0.00220795
RNA5SP471	0.000650931
RNA5SP472	0.000798058
RNA5SP478	0.00126981
RNA5SP484	0.000983005
RNA5SP487	0.00180621
RNA5SP49	0.00153623
RNA5SP490	0.00196721
RNA5SP495	0.00132459
RNA5SP50	0.0021618
RNA5SP52	0.00119826
RNA5SP56	0.00226697
RNA5SP62	0.000744348
RNA5SP63	0.000747596
RNA5SP65	0.00185333
RNA5SP69	0.00207093
RNA5SP73	0.00186438
RNA5SP75	0.00183144
RNA5SP84	0.00240352
RNA5SP86	0.00156662
RNA5SP99	0.00248254
RNASE1	0.00202562
RNASE10	0.000997692
RNASE11	0.00149652
RNASE3	0.0025258
RNASE4	0.00145574
RNASE9	0.00156808
RNASEH2B	0.0015097
RNASEH2B-AS1	0.00153673
RNASEL	0.00140247
RNASET2	0.00320656
RND1	0.00207612
RND3	0.00149011
RNF10	0.00254774
RNF103-CHMP3	0.00184984
RNF10P1	0.00202809
RNF111	0.00112485
RNF115	0.00301833
RNF125	0.0020521
RNF126	0.000939871
RNF126P1	0.000863635
RNF13	0.00134932
RNF130	0.00167245
RNF133	0.00122926
RNF138	0.00187533
RNF139	0.00117677
RNF14	0.0011583
RNF144A	0.000595016
RNF144B	0.00171475
RNF145	0.00135236
RNF150	0.00157533
RNF151	0.00105596
RNF152	0.00265958
RNF157	0.00155408
RNF165	0.0013119
RNF166	0.0018344
RNF168	0.00128794
RNF17	0.00213211
RNF180	0.00194715
RNF182	0.00163399
RNF186	0.00113281
RNF187	0.00196717
RNF2	0.00137146
RNF207	0.00193777
RNF212	0.00174056
RNF213	0.00185412
RNF214	0.00220561
RNF215	0.00156978
RNF216	0.00231697
RNF216P1	0.00165832
RNF217	0.00187541
RNF219	0.0016736
RNF219-AS1	0.00171593
RNF220	0.00187772
RNF24	0.00236121
RNF26	0.00179385
RNF31	0.00382905
RNF32	0.00161364
RNF38	0.00154338
RNF4	0.00142405
RNF44	0.0020501
RNF5P1	0.00128633
RNF6	0.00156448
RNF6P1	0.00150701
RNF7	0.00124057
RNF8	0.00145128
RNFT1P3	0.00134218
RNFT2	0.00150134
RNGTT	0.00242254
RNLS	0.002006
RNMTL1	0.00142104
RNMTL1P1	0.00168015
RNMTL1P2	0.00143928
RNPC3	0.00125087
RNPEP	0.00105108
RNPEPL1	0.00165638
RNPS1P1	0.0016263
RNU1-1	0.00252342
RNU1-104P	0.00160304
RNU1-117P	0.00163144
RNU1-120P	0.00087546
RNU1-130P	0.00204463
RNU1-131P	0.00164309
RNU1-132P	0.00135636
RNU1-136P	0.000950063
RNU1-139P	0.00142239
RNU1-141P	0.00208228
RNU1-146P	0.00128284
RNU1-148P	0.00104636
RNU1-14P	0.00214079
RNU1-150P	0.00205582
RNU1-15P	0.00211355
RNU1-18P	0.0020309
RNU1-21P	0.00225321
RNU1-35P	0.0015685
RNU1-38P	0.00112996
RNU1-43P	0.00195249
RNU1-45P	0.00177894
RNU1-46P	0.00156527
RNU1-47P	0.00184704
RNU1-51P	0.00243177
RNU1-55P	0.00154365
RNU1-58P	0.00133821
RNU1-59P	0.00182464
RNU1-61P	0.00944429
RNU1-65P	0.00193782
RNU1-74P	0.00173378
RNU1-76P	0.00112264
RNU1-80P	0.00109571
RNU1-88P	0.00162255
RNU1-98P	0.00191938
RNU105C	0.00163253
RNU11-5P	0.00132574
RNU2-11P	0.00102627
RNU2-14P	0.00169833
RNU2-16P	0.00256382
RNU2-36P	0.00176687
RNU2-3P	0.0014555
RNU2-40P	0.00168628
RNU2-47P	0.0017524
RNU2-49P	0.0013112
RNU2-52P	0.00111652
RNU2-54P	0.00115359
RNU2-55P	0.00146336
RNU2-63P	0.00130431
RNU2-71P	0.00142298
RNU2-8P	0.00281489
RNU2-9P	0.00118953
RNU3P3	0.00190537
RNU4-10P	0.00167944
RNU4-11P	0.00135385
RNU4-15P	0.00141829
RNU4-17P	0.00198866
RNU4-28P	0.00176462
RNU4-37P	0.00204123
RNU4-39P	0.00252019
RNU4-41P	0.00158284
RNU4-43P	0.00180853
RNU4-58P	0.00170895
RNU4-63P	0.00114017
RNU4-64P	0.00162122
RNU4-66P	0.00203015
RNU4-67P	0.00158561
RNU4-69P	0.0015493
RNU4-71P	0.00130667
RNU4-73P	0.00138584
RNU4-74P	0.00122534
RNU4-75P	0.00193169
RNU4-76P	0.00305704
RNU4-77P	0.00163219
RNU4-7P	0.00305305
RNU4-83P	0.00127937
RNU4-90P	0.00158625
RNU4ATAC5P	0.000974945
RNU4ATAC7P	0.00177734
RNU4ATAC8P	0.00210376
RNU4ATAC9P	0.00106799
RNU5A-2P	0.00143243
RNU5B-6P	0.00195795
RNU5E-4P	0.00291782
RNU5E-5P	0.00150621
RNU5E-7P	0.00179335
RNU5E-9P	0.00235822
RNU6-1006P	0.00192504
RNU6-1007P	0.00120674
RNU6-1013P	0.00229276
RNU6-1014P	0.00150092
RNU6-1018P	0.00115587
RNU6-1023P	0.00263063
RNU6-102P	0.00115054
RNU6-1031P	0.00172379
RNU6-1032P	0.00163585
RNU6-1037P	0.00165395
RNU6-1051P	0.00169149
RNU6-1059P	0.0014833
RNU6-1060P	0.00244021
RNU6-1064P	0.00177383
RNU6-1066P	0.00152531
RNU6-1067P	0.00144611
RNU6-1073P	0.00155747
RNU6-1074P	0.00124781
RNU6-1075P	0.00152208
RNU6-1096P	0.00155282
RNU6-1101P	0.00196208
RNU6-1103P	0.00178386
RNU6-1105P	0.00120586
RNU6-1113P	0.00161526
RNU6-1114P	0.00149924
RNU6-1116P	0.00235811
RNU6-1119P	0.00229185
RNU6-111P	0.00205943
RNU6-1120P	0.00216533
RNU6-1125P	0.00161839
RNU6-1134P	0.00200776
RNU6-1135P	0.00153411
RNU6-1139P	0.00213501
RNU6-113P	0.00192244
RNU6-1140P	0.00251324
RNU6-1145P	0.00116139
RNU6-1146P	0.00176735
RNU6-1158P	0.00111221
RNU6-1161P	0.000724912
RNU6-1163P	0.00138639
RNU6-1176P	0.00177915
RNU6-1179P	0.00202439
RNU6-1180P	0.00262294
RNU6-119P	0.00232656
RNU6-1207P	0.00203785
RNU6-1211P	0.00225892
RNU6-1213P	0.0018555
RNU6-1219P	0.00158552
RNU6-1220P	0.00141148
RNU6-1221P	0.0015754
RNU6-1227P	0.00214004
RNU6-1228P	0.00110594
RNU6-1232P	0.00121596
RNU6-1243P	0.00231451
RNU6-1246P	0.0027605
RNU6-1251P	0.00149639
RNU6-1252P	0.00101673
RNU6-1264P	0.00147035
RNU6-1265P	0.00141977
RNU6-1266P	0.00149647
RNU6-1270P	0.00168001
RNU6-1271P	0.00141637
RNU6-1286P	0.00325228
RNU6-1295P	0.00190799
RNU6-1299P	0.0017206
RNU6-129P	0.00154078
RNU6-1312P	0.00120987
RNU6-1313P	0.00102441
RNU6-1319P	0.00310324
RNU6-1325P	0.00192221
RNU6-1326P	0.00126127
RNU6-1329P	0.00229927
RNU6-134P	0.00166865
RNU6-138P	0.000835059
RNU6-13P	0.00110118
RNU6-144P	0.00245847
RNU6-148P	0.002061
RNU6-153P	0.00139304
RNU6-15P	0.00161889
RNU6-161P	0.00210515
RNU6-163P	0.0010422
RNU6-164P	0.00135689
RNU6-168P	0.0014497
RNU6-176P	0.00169143
RNU6-180P	0.00147684
RNU6-187P	0.00212916
RNU6-189P	0.00130968
RNU6-18P	0.00115493
RNU6-192P	0.0027612
RNU6-193P	0.00160076
RNU6-211P	0.00230895
RNU6-214P	0.0029873
RNU6-215P	0.00182083
RNU6-217P	0.00137838
RNU6-21P	0.000860598
RNU6-224P	0.00234854
RNU6-226P	0.000931032
RNU6-231P	0.00219433
RNU6-232P	0.00272328
RNU6-239P	0.0015861
RNU6-241P	0.00106554
RNU6-242P	0.00180354
RNU6-243P	0.00149479
RNU6-248P	0.00130287
RNU6-256P	0.00140072
RNU6-261P	0.00127245
RNU6-270P	0.00145138
RNU6-274P	0.00205251
RNU6-276P	0.00175182
RNU6-27P	0.00168764
RNU6-280P	0.00196869
RNU6-284P	0.00166735
RNU6-289P	0.00206381
RNU6-290P	0.00180387
RNU6-297P	0.00190529
RNU6-305P	0.00130333
RNU6-317P	0.00221461
RNU6-325P	0.00213741
RNU6-329P	0.00135258
RNU6-340P	0.0020658
RNU6-347P	0.00151862
RNU6-348P	0.00121974
RNU6-349P	0.00128142
RNU6-34P	0.0015971
RNU6-356P	0.00137372
RNU6-363P	0.00146274
RNU6-364P	0.00133861
RNU6-366P	0.0014637
RNU6-367P	0.00136675
RNU6-369P	0.00199988
RNU6-374P	0.00178759
RNU6-380P	0.00156893
RNU6-381P	0.00121477
RNU6-38P	0.000962537
RNU6-391P	0.00239249
RNU6-392P	0.00103562
RNU6-393P	0.00166901
RNU6-400P	0.00428502
RNU6-408P	0.00121991
RNU6-410P	0.00155354
RNU6-412P	0.00106524
RNU6-413P	0.00169782
RNU6-416P	0.00131975
RNU6-426P	0.00123062
RNU6-439P	0.00232061
RNU6-440P	0.00116324
RNU6-442P	0.000948384
RNU6-443P	0.00168199
RNU6-449P	0.00189457
RNU6-451P	0.00186034
RNU6-461P	0.0018306
RNU6-463P	0.00227683
RNU6-464P	0.000953446
RNU6-465P	0.00142153
RNU6-474P	0.00162062
RNU6-475P	0.00249439
RNU6-477P	0.00170639
RNU6-478P	0.00159945
RNU6-487P	0.00101788
RNU6-488P	0.00234641
RNU6-489P	0.00164097
RNU6-492P	0.00266103
RNU6-499P	0.00206942
RNU6-500P	0.00126967
RNU6-525P	0.00231432
RNU6-535P	0.00140672
RNU6-543P	0.00198738
RNU6-544P	0.00106215
RNU6-546P	0.00131632
RNU6-54P	0.00192389
RNU6-556P	0.00170914
RNU6-560P	0.00229031
RNU6-566P	0.00189427
RNU6-567P	0.00201547
RNU6-569P	0.00174653
RNU6-573P	0.00185586
RNU6-576P	0.00263604
RNU6-578P	0.00132266
RNU6-582P	0.00119672
RNU6-590P	0.00192785
RNU6-592P	0.00103796
RNU6-598P	0.00086913
RNU6-604P	0.00117925
RNU6-61P	0.00154406
RNU6-627P	0.00146607
RNU6-62P	0.00171127
RNU6-632P	0.00147354
RNU6-635P	0.00151166
RNU6-636P	0.00162715
RNU6-639P	0.0017688
RNU6-63P	0.00178239
RNU6-643P	0.00156057
RNU6-649P	0.00183051
RNU6-655P	0.0012774
RNU6-660P	0.00136321
RNU6-663P	0.00141681
RNU6-664P	0.00164297
RNU6-667P	0.00207766
RNU6-675P	0.00175063
RNU6-679P	0.00261437
RNU6-67P	0.0013262
RNU6-682P	0.00166165
RNU6-684P	0.00125677
RNU6-692P	0.00121461
RNU6-694P	0.00138545
RNU6-695P	0.00148616
RNU6-696P	0.0011464
RNU6-699P	0.00235177
RNU6-7	0.00147207
RNU6-700P	0.00168909
RNU6-706P	0.00124568
RNU6-70P	0.00199729
RNU6-710P	0.00202353
RNU6-715P	0.0014201
RNU6-716P	0.00181147
RNU6-725P	0.0018538
RNU6-728P	0.00195486
RNU6-72P	0.00205149
RNU6-737P	0.00119118
RNU6-739P	0.00143948
RNU6-73P	0.00115671
RNU6-740P	0.001751
RNU6-741P	0.000838173
RNU6-745P	0.00130603
RNU6-746P	0.00147358
RNU6-753P	0.000972608
RNU6-755P	0.00174818
RNU6-75P	0.00117266
RNU6-765P	0.00150255
RNU6-772P	0.00151758
RNU6-781P	0.00159703
RNU6-783P	0.00123493
RNU6-788P	0.00181444
RNU6-793P	0.00142675
RNU6-797P	0.00122392
RNU6-804P	0.00169126
RNU6-812P	0.001116
RNU6-815P	0.00196081
RNU6-827P	0.00146044
RNU6-830P	0.00188875
RNU6-832P	0.0014848
RNU6-837P	0.00116165
RNU6-839P	0.00177504
RNU6-847P	0.00158654
RNU6-849P	0.00109084
RNU6-857P	0.00165201
RNU6-861P	0.00225069
RNU6-870P	0.00232132
RNU6-880P	0.00232681
RNU6-889P	0.00236204
RNU6-892P	0.00139794
RNU6-896P	0.00115945
RNU6-907P	0.00123052
RNU6-909P	0.00176904
RNU6-911P	0.00283559
RNU6-918P	0.0016971
RNU6-919P	0.00160711
RNU6-922P	0.00214236
RNU6-925P	0.00175462
RNU6-929P	0.00163717
RNU6-931P	0.0010331
RNU6-947P	0.00136368
RNU6-949P	0.00131269
RNU6-962P	0.00136085
RNU6-967P	0.000576896
RNU6-968P	0.00182118
RNU6-971P	0.00243384
RNU6-973P	0.0028733
RNU6-976P	0.00196056
RNU6-982P	0.00169295
RNU6-983P	0.00207585
RNU6-991P	0.0018003
RNU6-993P	0.00116632
RNU6-996P	0.00238038
RNU6-99P	0.0016304
RNU6ATAC	0.00348375
RNU6ATAC13P	0.00253676
RNU6ATAC14P	0.00231031
RNU6ATAC19P	0.00118297
RNU6ATAC20P	0.00233573
RNU6ATAC21P	0.00132457
RNU6ATAC28P	0.0014881
RNU6ATAC2P	0.00141957
RNU6ATAC35P	0.00173905
RNU6ATAC36P	0.00251063
RNU6ATAC37P	0.00102333
RNU6ATAC6P	0.00147064
RNU6ATAC7P	0.00227246
RNU7-114P	0.00158089
RNU7-122P	0.00193846
RNU7-126P	0.00143395
RNU7-133P	0.00183491
RNU7-134P	0.00131704
RNU7-144P	0.00198368
RNU7-145P	0.00129985
RNU7-146P	0.00197715
RNU7-147P	0.00111264
RNU7-148P	0.00213465
RNU7-14P	0.00139134
RNU7-152P	0.00184733
RNU7-155P	0.00138242
RNU7-157P	0.00248305
RNU7-159P	0.001996
RNU7-165P	0.00178924
RNU7-168P	0.00178371
RNU7-173P	0.0015991
RNU7-181P	0.00145503
RNU7-182P	0.00162237
RNU7-183P	0.0014151
RNU7-188P	0.00139741
RNU7-189P	0.00167892
RNU7-190P	0.00250413
RNU7-192P	0.00138374
RNU7-22P	0.00248155
RNU7-24P	0.00165349
RNU7-27P	0.00159964
RNU7-2P	0.00132103
RNU7-34P	0.00204599
RNU7-51P	0.0013751
RNU7-53P	0.00409512
RNU7-62P	0.00153466
RNU7-66P	0.00187973
RNU7-6P	0.00148817
RNU7-74P	0.00217343
RNU7-88P	0.00167251
RNU7-92P	0.00183186
RNU7-93P	0.00128202
RNVU1-17	0.00122765
RNY1P3	0.000985275
RNY1P5	0.00172597
RNY1P8	0.00179172
RNY3P4	0.00232174
RNY3P5	0.0011731
RNY3P8	0.00202178
RNY3P9	0.0013197
RNY4	0.00176893
RNY4P15	0.00128789
RNY4P16	0.00146476
RNY4P18	0.00231412
RNY4P22	0.00195189
RNY4P27	0.0019735
RNY4P30	0.00195528
RNY4P31	0.00123121
RNY5	0.0017669
ROBO1	0.00181454
ROBO2	0.00206035
ROBO2P1	0.00116362
ROBO3	0.00143981
ROBO4	0.0014549
ROCK2	0.00146018
ROPN1	0.00205673
ROPN1B	0.0022582
ROR1	0.00166929
ROR2	0.00194785
RORA	0.00186826
RORB	0.001096
RORC	0.00191806
ROS1	0.00176721
RP1	0.00145859
RP1-101G11.2	0.00182263
RP1-101K10.4	0.00182695
RP1-102D24.5	0.0012949
RP1-102E24.1	0.00136133
RP1-102H19.8	0.00287208
RP1-102K2.6	0.00169608
RP1-104O17.1	0.00110181
RP1-104O17.2	0.00118209
RP1-105O18.1	0.00150338
RP1-10C16.1	0.00155887
RP1-111C20.3	0.00131702
RP1-111C20.4	0.0014021
RP1-111D6.3	0.00171867
RP1-116K23.1	0.00196334
RP1-118J21.24	0.00179606
RP1-121G13.2	0.0022051
RP1-122P22.2	0.00211022
RP1-124C6.1	0.00132824
RP1-125N5.2	0.00215415
RP1-127D3.4	0.00228865
RP1-130G2.1	0.00146546
RP1-130L23.1	0.00143945
RP1-135L22.1	0.00144319
RP1-137D17.1	0.00134066
RP1-137K2.2	0.000974118
RP1-137K24.1	0.000808927
RP1-139D8.6	0.00217141
RP1-13D10.2	0.0014672
RP1-13D10.5	0.00120073
RP1-140C12.2	0.00266921
RP1-140J1.1	0.00247445
RP1-140K8.1	0.00119101
RP1-140K8.3	0.000583192
RP1-140K8.5	0.000552744
RP1-142L7.5	0.00237834
RP1-145M24.1	0.00122026
RP1-148H17.1	0.00125518
RP1-149A16.12	0.00146775
RP1-149C7.1	0.00199675
RP1-151B14.6	0.00108435
RP1-151F17.2	0.00100571
RP1-152L7.3	0.00113355
RP1-152L7.5	0.00126949
RP1-153P14.3	0.00137416
RP1-153P14.5	0.00137416
RP1-153P14.8	0.00140045
RP1-155D22.1	0.000988757
RP1-155D22.2	0.00124222
RP1-158P9.1	0.00179802
RP1-159G19.1	0.00242418
RP1-159M24.1	0.00143733
RP1-15D23.2	0.00139515
RP1-161C16.1	0.00301303
RP1-166H1.2	0.00205976
RP1-167A14.2	0.00311692
RP1-167F1.2	0.00161421
RP1-167G20.1	0.000809139
RP1-16A9.1	0.00141871
RP1-170B16.1	0.00113947
RP1-170O19.14	0.00246225
RP1-170O19.20	0.00247056
RP1-170O19.22	0.00241138
RP1-172I22.1	0.00315539
RP1-177I10.1	0.00197132
RP1-179N16.6	0.00211404
RP1-17K7.2	0.00185957
RP1-182D15.2	0.00145924
RP1-182O16.1	0.00178506
RP1-182O16.2	0.00180845
RP1-186E20.1	0.00307958
RP1-191J18.65	0.00158516
RP1-191J18.66	0.00159713
RP1-191L6.2	0.00135166
RP1-197B17.3	0.00192677
RP1-200K18.1	0.00166828
RP1-209A6.1	0.00269659
RP1-20N2.6	0.00156764
RP1-20N2.7	0.00144601
RP1-20N4.1	0.00166515
RP1-213J1P__B.1	0.00146987
RP1-214M20.2	0.00082563
RP1-21P18.1	0.00087019
RP1-223B1.1	0.00134797
RP1-225E12.2	0.0036039
RP1-225E12.3	0.00359613
RP1-228H13.5	0.00169232
RP1-230L10.1	0.00135305
RP1-231P7P.1	0.00158376
RP1-232L24.2	0.00179576
RP1-232L24.3	0.00186193
RP1-232L24.4	0.00178663
RP1-232N11.2	0.00158075
RP1-232P20.1	0.00150027
RP1-23E21.2	0.00204231
RP1-249F5.3	0.00207893
RP1-249H1.2	0.00132438
RP1-249H1.4	0.00135337
RP1-249I4.2	0.00187921
RP1-251M9.2	0.00225525
RP1-253B10.1	0.00252079
RP1-256G22.2	0.00146891
RP1-257A7.4	0.0020009
RP1-261G23.4	0.00145815
RP1-261G23.5	0.0014902
RP1-263J7.1	0.00257689
RP1-263J7.2	0.00254474
RP1-269M15.3	0.00151461
RP1-272J12.1	0.00194427
RP1-272L16.1	0.00203341
RP1-273G13.3	0.00120788
RP1-273P12.1	0.00125967
RP1-276J11.3	0.00319787
RP1-278E11.3	0.00146691
RP1-27K12.2	0.00124443
RP1-27O5.3	0.000967824
RP1-283E3.8	0.00144486
RP1-287H17.1	0.00124292
RP1-288H2.2	0.00161377
RP1-288L1.4	0.00186989
RP1-288L1.5	0.00181095
RP1-288M22.2	0.00203164
RP1-28O10.1	0.00179602
RP1-290I10.2	0.00132326
RP1-290I10.3	0.001397
RP1-290I10.5	0.0013744
RP1-290I10.7	0.00142841
RP1-292B18.3	0.00136307
RP1-292B18.4	0.00180666
RP1-292L20.2	0.00185181
RP1-293L6.1	0.000764456
RP1-29C18.9	0.00113469
RP1-302D9.1	0.00118555
RP1-302D9.2	0.00131828
RP1-302D9.5	0.00137452
RP1-302G2.5	0.00128246
RP1-305G21.1	0.00151615
RP1-309F20.3	0.00136045
RP1-309H15.2	0.00236608
RP1-317E23.6	0.00179062
RP1-32B1.4	0.00128385
RP1-32I10.10	0.0012973
RP1-32I10.11	0.00129229
RP1-34H18.1	0.00212059
RP1-34M23.5	0.00149036
RP1-35C21.2	0.00223616
RP1-37J18.1	0.00233447
RP1-37J18.2	0.00231497
RP1-37N7.3	0.00290377
RP1-39J2.1	0.00132726
RP1-40E16.9	0.00129344
RP1-40G4P.1	0.00083573
RP1-41C23.1	0.00214619
RP1-41P2.7	0.00120668
RP1-45I4.3	0.00148383
RP1-45N11.1	0.00100514
RP1-46F2.2	0.00308993
RP1-48J14.1	0.00221244
RP1-52J10.9	0.00280465
RP1-53C18.3	0.00132948
RP1-57E3.1	0.00138823
RP1-58B11.1	0.00187269
RP1-59B16.1	0.00158001
RP1-60O19.1	0.00252001
RP1-60O19.2	0.00256242
RP1-63G5.5	0.00218928
RP1-65J11.5	0.00106223
RP1-65P5.1	0.00203427
RP1-66C13.4	0.00148816
RP1-66N13.1	0.001947
RP1-67K17.3	0.000997447
RP1-67K17.4	0.00107484
RP1-69D17.4	0.00213408
RP1-69M21.2	0.00145979
RP1-71H24.1	0.00247193
RP1-72A23.3	0.002513
RP1-72E17.2	0.0011122
RP1-76C18.1	0.00141696
RP1-78O14.1	0.000727908
RP1-79C4.1	0.00292737
RP1-80N2.2	0.00171904
RP1-80N2.3	0.00162007
RP1-81F6.1	0.00179419
RP1-81P11.1	0.00198253
RP1-83M4.2	0.00187873
RP1-84O15.2	0.00122005
RP1-89D4.1	0.00100294
RP1-8B22.1	0.0019244
RP1-8B22.2	0.00177083
RP1-90G24.10	0.00179396
RP1-90G24.11	0.00147559
RP1-90J20.12	0.00116932
RP1-90J20.2	0.00124227
RP1-90J20.8	0.00119704
RP1-90J4.1	0.00233806
RP1-90J4.3	0.00226418
RP1-90K10.4	0.00171039
RP1-90L14.1	0.0031835
RP1-90L6.2	0.000777504
RP1-90L6.3	0.00110409
RP1-91G5.3	0.00247041
RP1-91J24.1	0.00191526
RP1-91N13.1	0.00219014
RP1-92C4.2	0.00255812
RP1-96H9.5	0.00140424
RP1-97D16.1	0.00945685
RP1-97J1.2	0.00232546
RP11-1000B6.2	0.00144536
RP11-1003J3.1	0.00154881
RP11-1007O24.3	0.000786663
RP11-1008C21.1	0.00177677
RP11-1008C21.2	0.00182825
RP11-100F15.1	0.00211669
RP11-100F15.2	0.00211011
RP11-100G15.10	0.00228639
RP11-100K18.1	0.00171338
RP11-100L22.1	0.00190212
RP11-100L22.2	0.00186433
RP11-100M12.3	0.00298551
RP11-100N20.1	0.00134559
RP11-1012E15.1	0.00174146
RP11-1016B18.1	0.00108243
RP11-1017G21.5	0.00180707
RP11-1018N14.2	0.00160254
RP11-1018N14.5	0.00143426
RP11-101B14.4	0.00152538
RP11-101C11.1	0.00157429
RP11-101E14.2	0.00155297
RP11-101E14.3	0.00146143
RP11-101K23.1	0.00155005
RP11-101O21.1	0.00130938
RP11-101P17.14	0.000898252
RP11-1020M18.10	0.00288613
RP11-1021N1.1	0.00125276
RP11-1022B3.1	0.00213121
RP11-1023L17.1	0.00372462
RP11-1028N23.3	0.00206486
RP11-1028N23.4	0.00199938
RP11-1029J19.2	0.00134854
RP11-1029J19.5	0.00179121
RP11-102D18.1	0.00183552
RP11-102F4.2	0.00170993
RP11-102J14.1	0.00125334
RP11-102N11.1	0.00229707
RP11-102N12.3	0.00131018
RP11-1030E3.1	0.0018142
RP11-1033H12.3	0.00242174
RP11-1035H13.2	0.000625802
RP11-1036E20.10	0.00129685
RP11-1036E20.9	0.00131446
RP11-1037D22.1	0.001909
RP11-1038A11.1	0.00124641
RP11-1038A11.3	0.00110773
RP11-103B5.2	0.00187172
RP11-103C16.2	0.00118157
RP11-103C3.1	0.00153677
RP11-103C3.2	0.0015816
RP11-103G8.2	0.00120222
RP11-103H7.1	0.00172887
RP11-103H7.3	0.00173461
RP11-103J17.1	0.00173136
RP11-103J17.2	0.00174694
RP11-103J8.1	0.00117304
RP11-103J8.2	0.00101659
RP11-1041F24.1	0.00130985
RP11-1049H7.2	0.00179862
RP11-104E19.1	0.00318497
RP11-104H15.7	0.00368079
RP11-104J23.1	0.00140104
RP11-104N10.1	0.0042375
RP11-1055B8.2	0.00142428
RP11-1055B8.3	0.000843981
RP11-1055B8.7	0.000976691
RP11-1057B8.1	0.000920056
RP11-1057B8.2	0.000711888
RP11-1058G23.1	0.00193047
RP11-1058N17.1	0.00198291
RP11-105C19.1	0.00120854
RP11-105C20.2	0.00135961
RP11-105C20.3	0.00161669
RP11-105N13.4	0.005307
RP11-105N14.3	0.00137346
RP11-1060G2.1	0.00251097
RP11-1060G2.2	0.00231815
RP11-1069G10.1	0.00120137
RP11-1069G10.2	0.00135983
RP11-1070N10.3	0.00131214
RP11-1070N10.4	0.00170718
RP11-1070N10.6	0.00187713
RP11-1070N10.7	0.00174066
RP11-1072C15.3	0.00395499
RP11-1072N2.4	0.00294705
RP11-1078H9.1	0.00135116
RP11-1078H9.6	0.00109816
RP11-1079J22.1	0.00219093
RP11-1079K10.5	0.00178824
RP11-107C10.1	0.00118861
RP11-107I14.2	0.00179195
RP11-107N15.1	0.00148362
RP11-107N7.1	0.00184598
RP11-107P7.5	0.00231991
RP11-1080G15.1	0.00142966
RP11-1080G15.2	0.00120547
RP11-1081L13.4	0.0014177
RP11-1081M5.1	0.00161699
RP11-1081M5.2	0.00143936
RP11-1082A3.1	0.00139915
RP11-1082L8.2	0.00183815
RP11-1082L8.4	0.00151412
RP11-1084E5.1	0.00168453
RP11-1084I9.1	0.00165242
RP11-1084J3.4	0.0038622
RP11-1085N6.3	0.00149654
RP11-1085N6.4	0.00149844
RP11-1085N6.5	0.00153079
RP11-1085N6.6	0.00148793
RP11-108E14.1	0.0015444
RP11-108K14.4	0.0016453
RP11-108K14.8	0.00167585
RP11-108K3.1	0.00175294
RP11-108M12.3	0.0013326
RP11-108P20.2	0.00124014
RP11-108P20.4	0.00133818
RP11-1090M7.1	0.00166103
RP11-1094H24.3	0.000904739
RP11-1094H24.4	0.00103108
RP11-1094M14.5	0.00130135
RP11-1096D5.1	0.00277821
RP11-1096D5.2	0.00192403
RP11-1099M24.8	0.00132112
RP11-109A6.3	0.000853748
RP11-109D9.4	0.00177707
RP11-109E10.1	0.00175304
RP11-109E10.2	0.00164671
RP11-109E24.1	0.00158289
RP11-109G10.2	0.0012862
RP11-109I13.2	0.00174466
RP11-109J4.1	0.00159106
RP11-109M17.1	0.00195309
RP11-109M17.2	0.00169659
RP11-109M19.4	0.00210845
RP11-10A14.4	0.00144395
RP11-10A14.5	0.0015464
RP11-10A14.6	0.00147063
RP11-10A14.8	0.00150939
RP11-10A2.1	0.00197156
RP11-10E6.1	0.00151576
RP11-10F11.2	0.00221583
RP11-10G12.2	0.00162049
RP11-10J5.1	0.000893109
RP11-10K16.1	0.00137099
RP11-10K17.6	0.00223154
RP11-10L7.1	0.00251174
RP11-10N16.2	0.00146475
RP11-10N16.3	0.00141656
RP11-10O22.1	0.00227274
RP11-1101K5.1	0.00194064
RP11-1102P16.1	0.00154971
RP11-1103G16.1	0.0011253
RP11-1109F11.5	0.00208835
RP11-1109M24.16	0.00145905
RP11-110A12.2	0.00380521
RP11-110F24.1	0.00170207
RP11-110G21.1	0.00152464
RP11-110H1.8	0.00184104
RP11-110I1.13	0.00182879
RP11-110L15.1	0.00194055
RP11-110L15.2	0.00125484
RP11-1112C15.1	0.0011914
RP11-1112J20.2	0.00220277
RP11-1113L8.1	0.00129231
RP11-1114I9.1	0.00148809
RP11-111A21.1	0.00184953
RP11-111A24.2	0.00132304
RP11-111E14.1	0.00199026
RP11-111H3.3	0.00153472
RP11-111I12.1	0.00110752
RP11-111J6.2	0.00213423
RP11-1124B17.1	0.0012283
RP11-1127D7.1	0.00230306
RP11-1129I3.1	0.00127527
RP11-112J1.2	0.00120553
RP11-112L18.1	0.00154815
RP11-112L7.1	0.00159733
RP11-112N13.1	0.00153658
RP11-112N19.1	0.00222659
RP11-112N19.2	0.00210945
RP11-1136G11.8	0.00301255
RP11-1136G4.1	0.000890277
RP11-1137G4.4	0.00199245
RP11-113C12.4	0.00334378
RP11-113D6.9	0.00118651
RP11-113E21.1	0.00228162
RP11-113I24.1	0.0019745
RP11-113K21.2	0.0014274
RP11-113O24.3	0.00207047
RP11-1141N12.1	0.00119265
RP11-1143G9.2	0.00189067
RP11-1144P22.1	0.00161021
RP11-1149M10.1	0.00149885
RP11-1149M10.2	0.00105638
RP11-114B7.6	0.00125321
RP11-114F10.2	0.0013613
RP11-114G22.1	0.00157563
RP11-114H21.2	0.00155181
RP11-114H23.1	0.00252992
RP11-114H24.2	0.00219629
RP11-114J13.1	0.00182572
RP11-114N19.3	0.00109
RP11-1152B5.1	0.00254854
RP11-1152H15.1	0.00112994
RP11-1157N2__B.2	0.00227445
RP11-115A15.1	0.00197891
RP11-115A15.4	0.00203439
RP11-115C10.1	0.000795934
RP11-115C21.2	0.00143446
RP11-115D19.1	0.0014909
RP11-115E19.1	0.0013626
RP11-115H18.1	0.00184928
RP11-115J16.1	0.0018236
RP11-115J16.2	0.00193679
RP11-115J23.1	0.0016829
RP11-115K3.1	0.00184628
RP11-115K3.2	0.00187728
RP11-115N4.1	0.0012858
RP11-116A1.1	0.00131041
RP11-116D17.1	0.00206284
RP11-116D17.2	0.00204022
RP11-116D17.3	0.00206196
RP11-116D2.1	0.00179217
RP11-116N8.1	0.00162566
RP11-116O11.1	0.00136901
RP11-116O18.3	0.00182133
RP11-117D22.2	0.00150089
RP11-117O7.2	0.00185121
RP11-1180F24.1	0.00100389
RP11-118A3.1	0.00135285
RP11-118B13.1	0.0016328
RP11-118B18.1	0.00158373
RP11-118B18.2	0.0013057
RP11-118E18.4	0.00124915
RP11-118F19.1	0.00174899
RP11-118H17.1	0.00145282
RP11-118K6.2	0.00171546
RP11-118K6.3	0.0016451
RP11-118N24.2	0.00357379
RP11-119D18.1	0.00145589
RP11-119D9.1	0.00177225
RP11-119F19.2	0.00323185
RP11-11D8.3	0.00220994
RP11-11K13.1	0.00127732
RP11-11N5.1	0.00200697
RP11-11N7.4	0.0016279
RP11-11N9.4	0.00137485
RP11-120A1.1	0.00134232
RP11-120B7.1	0.00177998
RP11-120C12.3	0.00200859
RP11-120E13.1	0.00129875
RP11-120I21.2	0.00247277
RP11-120J1.1	0.00132811
RP11-120J4.1	0.00172557
RP11-120M18.2	0.00162493
RP11-120M18.5	0.00166314
RP11-1217F2.15	0.00249629
RP11-121A8.1	0.00197352
RP11-121C1.1	0.00237756
RP11-121E16.1	0.0015014
RP11-121J20.1	0.0022994
RP11-121M22.1	0.000995344
RP11-1220K2.2	0.0018261
RP11-122C21.1	0.00223716
RP11-122C5.1	0.00164119
RP11-122C5.3	0.00147872
RP11-122D10.1	0.00193977
RP11-122F24.1	0.00217154
RP11-122G11.1	0.00182618
RP11-122G18.7	0.00150805
RP11-122M14.1	0.00155778
RP11-122M14.3	0.00153968
RP11-123B3.2	0.00236635
RP11-123G9.1	0.0021837
RP11-123H22.1	0.00137259
RP11-123I22.1	0.00101284
RP11-123J14.1	0.00142082
RP11-123K19.1	0.00140964
RP11-123M21.1	0.00111618
RP11-123M21.2	0.00114631
RP11-123M6.2	0.00132143
RP11-123O1.1	0.00148608
RP11-123O10.3	0.00170089
RP11-123O10.4	0.00170089
RP11-123O22.1	0.00164931
RP11-124B13.1	0.00185658
RP11-124G5.3	0.00146812
RP11-124K4.1	0.0021135
RP11-124N19.3	0.00178452
RP11-124N3.3	0.00156348
RP11-124O11.2	0.00236359
RP11-1252I4.2	0.00225257
RP11-125B21.2	0.0018873
RP11-125D12.2	0.00109417
RP11-125M16.1	0.00146529
RP11-125N22.4	0.00368355
RP11-125O18.1	0.00200107
RP11-125O5.2	0.00260052
RP11-1260E13.2	0.00219365
RP11-1267H10.2	0.00156274
RP11-1267H10.4	0.0017964
RP11-126F18.2	0.00171333
RP11-126K15.1	0.00164137
RP11-126M14.1	0.00241839
RP11-126O1.4	0.00122241
RP11-1277A3.2	0.00155939
RP11-127B16.1	0.00195156
RP11-127B20.2	0.00188655
RP11-127B20.3	0.00186527
RP11-127H13.1	0.00202214
RP11-127H5.1	0.00195354
RP11-127L21.1	0.000818402
RP11-127O4.2	0.00228894
RP11-127O4.3	0.00246251
RP11-128B16.3	0.00176383
RP11-128D14.1	0.000981158
RP11-128I7.1	0.00127937
RP11-128L5.1	0.00157637
RP11-128M1.1	0.00264437
RP11-128P17.1	0.00112964
RP11-128P17.2	0.00142886
RP11-128P17.3	0.00112964
RP11-128P17.4	0.00106323
RP11-1299A16.1	0.00172271
RP11-1299A16.3	0.0017887
RP11-129B22.1	0.00122989
RP11-129H15.4	0.00223519
RP11-129I19.2	0.00171468
RP11-129J12.2	0.00199145
RP11-129M6.1	0.00227739
RP11-12A2.1	0.00196515
RP11-12A2.3	0.00149287
RP11-12C17.2	0.00199736
RP11-12D16.2	0.00227863
RP11-12D24.6	0.00128715
RP11-12J10.3	0.00176117
RP11-12K11.1	0.00181243
RP11-12K22.1	0.00127476
RP11-12K6.2	0.00195202
RP11-12L8.2	0.00156322
RP11-12M5.1	0.00189163
RP11-12N13.1	0.00186334
RP11-12N13.2	0.00187687
RP11-12P19.1	0.00118447
RP11-12P19.2	0.00112753
RP11-130C6.1	0.00160251
RP11-130F10.1	0.00184156
RP11-131H24.4	0.00166572
RP11-131K5.2	0.00094883
RP11-131L23.1	0.00162844
RP11-131N11.4	0.00158234
RP11-1324A7.2	0.00205021
RP11-1325J9.1	0.00354958
RP11-132A1.3	0.00193922
RP11-132E11.2	0.00165739
RP11-132N15.1	0.00154816
RP11-132N15.2	0.00154816
RP11-132N15.3	0.00158297
RP11-133F8.2	0.00173204
RP11-133I21.2	0.00174574
RP11-133K1.2	0.00137972
RP11-133K1.6	0.00125918
RP11-133L14.5	0.00216712
RP11-133L19.1	0.000654059
RP11-134C1.1	0.00116923
RP11-134D3.1	0.0013847
RP11-134D3.2	0.00148172
RP11-134E15.2	0.00152792
RP11-134F2.2	0.00140204
RP11-134G8.7	0.00124868
RP11-134G8.8	0.00155475
RP11-134J21.1	0.00205175
RP11-134K13.2	0.00147857
RP11-134L4.2	0.00168131
RP11-134O21.1	0.00134621
RP11-135A1.2	0.00161574
RP11-135A1.3	0.00169943
RP11-135D11.2	0.00181697
RP11-135J2.4	0.00187401
RP11-135M8__A.1	0.00156173
RP11-136B18.1	0.00209249
RP11-136B18.2	0.00205817
RP11-136F16.1	0.00180203
RP11-136H13.1	0.00242674
RP11-136H13.2	0.00244938
RP11-136I14.2	0.00189337
RP11-136I14.4	0.00190702
RP11-136K14.2	0.00204558
RP11-136K7.2	0.00140283
RP11-136O12.2	0.00160076
RP11-1379J22.5	0.00156591
RP11-137F15.1	0.00161841
RP11-137H2.6	0.00237065
RP11-137N23.1	0.00135475
RP11-138A23.2	0.00184252
RP11-138B4.1	0.00151701
RP11-138E16.1	0.00117848
RP11-138E9.2	0.00177942
RP11-138H10.2	0.000870625
RP11-138H8.7	0.000935605
RP11-138I1.3	0.00198728
RP11-138I17.1	0.00141445
RP11-138I18.2	0.00172896
RP11-138J23.1	0.0015312
RP11-138M12.1	0.00103226
RP11-1391J7.1	0.00129079
RP11-1396O13.14	0.000852487
RP11-1398P2.1	0.00238836
RP11-139B1.1	0.00242559
RP11-139G7.1	0.000954158
RP11-139J15.5	0.00160307
RP11-139K4.1	0.000928156
RP11-139K4.2	0.00111338
RP11-13A1.1	0.00163794
RP11-13A1.2	0.00146913
RP11-13A1.3	0.00193302
RP11-13G14.4	0.00106545
RP11-13J10.1	0.00131922
RP11-13K12.1	0.00171996
RP11-13K12.2	0.00217687
RP11-13K12.5	0.00164509
RP11-13N12.1	0.00213602
RP11-13N12.2	0.0023219
RP11-13N13.6	0.00183465
RP11-13P5.1	0.00123745
RP11-13P5.2	0.00106475
RP11-1406H17.1	0.00125396
RP11-140I24.1	0.00170044
RP11-141E13.1	0.000799852
RP11-141J13.5	0.00222053
RP11-141M1.3	0.00275172
RP11-141M3.5	0.00166771
RP11-141P6.1	0.000925702
RP11-142A12.1	0.00196116
RP11-142A22.4	0.0010806
RP11-142A5.1	0.00177864
RP11-142C4.6	0.00132728
RP11-142G1.2	0.00178723
RP11-142G1.3	0.00171981
RP11-142I2.1	0.00126599
RP11-142I20.1	0.00110951
RP11-142M10.2	0.000898774
RP11-143A12.3	0.0016853
RP11-143E21.1	0.00108125
RP11-143E21.6	0.00139007
RP11-143I21.1	0.00124277
RP11-143J24.1	0.000989145
RP11-143K11.5	0.0013153
RP11-143N13.2	0.00188332
RP11-143P4.2	0.00137995
RP11-144F15.1	0.00155618
RP11-144G6.10	0.00166342
RP11-144L1.4	0.00272059
RP11-145A3.1	0.00147223
RP11-145A3.4	0.00146216
RP11-145E17.2	0.00172384
RP11-145E5.5	0.00179955
RP11-145G20.1	0.00176983
RP11-145M4.3	0.00143452
RP11-145M9.2	0.00118023
RP11-145O15.3	0.00177891
RP11-146I2.1	0.00115483
RP11-146N18.1	0.00201597
RP11-146N23.1	0.00151071
RP11-146P2.1	0.00246262
RP11-147C23.1	0.00197595
RP11-147G16.1	0.000935437
RP11-147I11.1	0.00155461
RP11-147L13.2	0.00127663
RP11-147L13.8	0.00128956
RP11-147N17.1	0.00149457
RP11-148B18.3	0.00122465
RP11-148B3.1	0.00127079
RP11-148B3.2	0.00129624
RP11-148E17.1	0.000893101
RP11-148I19.1	0.00161977
RP11-148L24.1	0.00173291
RP11-148M9.1	0.0025641
RP11-149A7.2	0.00283401
RP11-149P14.1	0.00161556
RP11-149P24.1	0.00151802
RP11-14C10.1	0.00167846
RP11-14C10.2	0.00166303
RP11-14C22.3	0.00287583
RP11-14C22.6	0.00296334
RP11-14D22.1	0.00147913
RP11-14I2.2	0.00212328
RP11-14J7.1	0.0010378
RP11-14J7.6	0.00110785
RP11-14N4.1	0.00145897
RP11-14N9.2	0.00138377
RP11-14O19.2	0.00193206
RP11-14P20.1	0.00114751
RP11-150C16.1	0.00180927
RP11-150D20.5	0.00224729
RP11-150D5.2	0.00232557
RP11-150O12.1	0.00119096
RP11-150O12.4	0.000923602
RP11-150O12.5	0.000928499
RP11-151A6.4	0.00101126
RP11-151D14.1	0.00184788
RP11-151E14.1	0.00124378
RP11-152C17.1	0.00145006
RP11-152K4.2	0.00132802
RP11-152L20.3	0.00280548
RP11-152L7.1	0.00214474
RP11-152L7.2	0.00212891
RP11-152P17.2	0.0013474
RP11-153K16.2	0.00130597
RP11-153M7.3	0.00150957
RP11-153N17.1	0.00233687
RP11-154D17.1	0.00103322
RP11-154D6.1	0.00185883
RP11-154D9.1	0.00200697
RP11-154H12.2	0.000893959
RP11-154H12.3	0.000896836
RP11-154H17.1	0.00424385
RP11-154H23.3	0.00102699
RP11-155G14.1	0.00167628
RP11-155G15.2	0.00158402
RP11-155I9.1	0.00238886
RP11-155L15.1	0.0014267
RP11-156K13.1	0.0026393
RP11-156N15.1	0.00130009
RP11-156P1.2	0.00366927
RP11-156P1.3	0.00359101
RP11-157D6.1	0.00101172
RP11-157E21.1	0.00121683
RP11-157E21.2	0.00116599
RP11-157I4.4	0.00111153
RP11-157J24.1	0.000750018
RP11-157J24.2	0.000743485
RP11-157N3.1	0.00150839
RP11-157P23.2	0.00112773
RP11-158A14.1	0.00188767
RP11-158C21.2	0.00137769
RP11-158D2.2	0.00168956
RP11-158I3.1	0.0014481
RP11-158J3.2	0.00224506
RP11-158N24.1	0.00183834
RP11-158O16.1	0.00151522
RP11-159A18.1	0.00209648
RP11-159D12.10	0.00112271
RP11-159D23.2	0.00271469
RP11-159D8.1	0.00148955
RP11-159G9.5	0.00151759
RP11-159H10.1	0.00141626
RP11-159H10.3	0.00151286
RP11-159H20.1	0.00169101
RP11-159H20.2	0.00181896
RP11-159H20.3	0.00183714
RP11-159H3.1	0.00207079
RP11-159H3.2	0.00223211
RP11-159J3.1	0.00159814
RP11-159K7.1	0.00206329
RP11-159K7.2	0.00198657
RP11-159L20.2	0.00147133
RP11-15A1.2	0.00259422
RP11-15B17.1	0.00149901
RP11-15B24.4	0.00119757
RP11-15B24.5	0.00153384
RP11-15E18.1	0.000450185
RP11-15F12.1	0.00219829
RP11-15G16.1	0.0015564
RP11-15G8.1	0.0017099
RP11-15H7.2	0.00131442
RP11-15I11.2	0.0015377
RP11-15I11.3	0.00160294
RP11-15J23.1	0.00239545
RP11-15K3.1	0.00175873
RP11-15M15.1	0.00103112
RP11-15M15.2	0.000965528
RP11-15P13.1	0.00189238
RP11-160C18.2	0.00278199
RP11-160C18.4	0.00271954
RP11-160O5.1	0.00127588
RP11-161D15.1	0.00182684
RP11-161D15.2	0.00182684
RP11-161D15.3	0.00174349
RP11-161I10.1	0.00182613
RP11-161I6.2	0.00140435
RP11-161M6.3	0.00127203
RP11-162A23.5	0.00123421
RP11-162D9.1	0.00129759
RP11-162D9.3	0.00134267
RP11-162G9.1	0.00201401
RP11-162J8.3	0.00150261
RP11-162K6.1	0.00116277
RP11-162N7.1	0.00148233
RP11-162O12.1	0.00143475
RP11-162O12.2	0.00146099
RP11-163E9.2	0.0018946
RP11-163F15.1	0.00203473
RP11-163N6.2	0.00183321
RP11-164C1.2	0.00215663
RP11-164D18.2	0.00187048
RP11-164H13.1	0.00188583
RP11-164N3.1	0.00222874
RP11-164N3.2	0.00224522
RP11-165E7.1	0.00162375
RP11-165F24.3	0.00263474
RP11-165H23.1	0.00193181
RP11-165P7.1	0.00121937
RP11-166A12.1	0.0020388
RP11-166B14.1	0.00265654
RP11-166B2.8	0.000967768
RP11-166D18.1	0.00166326
RP11-166D19.1	0.00111286
RP11-166N6.2	0.0012062
RP11-166N6.3	0.00132015
RP11-166P13.3	0.000909284
RP11-166P13.4	0.000953595
RP11-167B3.1	0.000626309
RP11-167H9.1	0.00121448
RP11-167H9.4	0.00143657
RP11-167H9.5	0.00141104
RP11-167H9.6	0.00136045
RP11-167N24.3	0.00248615
RP11-167N24.6	0.00243727
RP11-167P20.1	0.00152592
RP11-168A11.1	0.00148467
RP11-168C9.1	0.00155342
RP11-168E14.1	0.0018546
RP11-168E17.1	0.00137822
RP11-168F9.2	0.00155172
RP11-168G16.2	0.00155705
RP11-168J19.2	0.001286
RP11-168K11.3	0.00110737
RP11-168K9.1	0.000730601
RP11-168K9.2	0.000622122
RP11-168L22.2	0.0022924
RP11-168L7.1	0.000792201
RP11-168L7.3	0.00102105
RP11-168O16.2	0.00134816
RP11-168O22.1	0.00246418
RP11-168P8.3	0.00213803
RP11-169D4.1	0.00176025
RP11-169F17.1	0.00118596
RP11-169K16.6	0.00175348
RP11-169K17.4	0.0012912
RP11-16B9.1	0.00234967
RP11-16D22.2	0.00176609
RP11-16E12.1	0.00151707
RP11-16E12.2	0.00162192
RP11-16E18.1	0.00198487
RP11-16E18.3	0.00200024
RP11-16F15.2	0.00136419
RP11-16L9.4	0.00129297
RP11-16N2.1	0.00157082
RP11-16O13.1	0.00163191
RP11-170L3.1	0.000680023
RP11-170L9.1	0.00143272
RP11-170M17.1	0.00190394
RP11-171A24.2	0.00136993
RP11-171I2.2	0.00309172
RP11-171L9.1	0.00187205
RP11-171N4.1	0.00177921
RP11-171N4.2	0.0015312
RP11-171N4.3	0.0014673
RP11-171N4.4	0.00129271
RP11-172E9.2	0.00145383
RP11-172F10.1	0.0011655
RP11-173E2.1	0.00113588
RP11-173E2.2	0.00117317
RP11-173L6.1	0.00165961
RP11-173M1.5	0.00148845
RP11-173P15.7	0.00270214
RP11-174C7.1	0.00172391
RP11-174C7.3	0.00181857
RP11-174E22.2	0.00157827
RP11-174G17	0.000990734
RP11-174G17.2	0.000995465
RP11-174G6.1	0.00134075
RP11-174I12.2	0.00234822
RP11-174J11.1	0.00177013
RP11-174M13.2	0.00115237
RP11-175E9.1	0.00109932
RP11-175E9.2	0.00110038
RP11-175P13.2	0.00194161
RP11-176D17.3	0.00137466
RP11-176H8.1	0.00242435
RP11-176N18.2	0.00147658
RP11-177C12.1	0.00318179
RP11-177F15.1	0.00149477
RP11-177H13.2	0.00102865
RP11-177H2.2	0.00149392
RP11-178F10.2	0.00144103
RP11-178F10.4	0.00175656
RP11-178L8.4	0.00181516
RP11-178L8.5	0.00181317
RP11-179A10.1	0.00174791
RP11-179A16.1	0.00176502
RP11-179A16.2	0.00133732
RP11-179A18.1	0.0012085
RP11-179G8.1	0.00128356
RP11-179H18.4	0.00124882
RP11-179K3.2	0.00259389
RP11-17A1.3	0.00155807
RP11-17A4.1	0.00133599
RP11-17A4.2	0.00134208
RP11-17A4.4	0.00129072
RP11-17E2.2	0.00158554
RP11-17L5.4	0.00180351
RP11-17M16.1	0.00124159
RP11-17M24.2	0.000935281
RP11-180C1.1	0.00162167
RP11-180D21.3	0.00127641
RP11-180I4.2	0.00161194
RP11-181B11.2	0.00203032
RP11-181C3.1	0.00163802
RP11-181F12.1	0.00276388
RP11-182E14.1	0.00130992
RP11-182L21.6	0.00327033
RP11-182N22.7	0.00188983
RP11-183C12.1	0.00122484
RP11-183E24.2	0.00142631
RP11-183G22.1	0.00136386
RP11-183M13.1	0.00188687
RP11-184A2.3	0.00103267
RP11-184C23.1	0.00212745
RP11-184D12.1	0.00148503
RP11-184E9.1	0.00134985
RP11-184M15.1	0.00163499
RP11-184M15.2	0.00183009
RP11-185N2.1	0.00120945
RP11-187A9.3	0.00188415
RP11-187E13.1	0.00149386
RP11-187E13.2	0.00147599
RP11-187O7.3	0.00139459
RP11-188D8.1	0.00186797
RP11-188I24.1	0.000818357
RP11-188P17.2	0.0014111
RP11-189B4.6	0.0016764
RP11-189E14.3	0.000999665
RP11-189E14.4	0.000989396
RP11-189E14.5	0.00102211
RP11-189G24.2	0.00106746
RP11-18A15.1	0.00232442
RP11-18B16.1	0.0012524
RP11-18B16.2	0.00134425
RP11-18D7.3	0.00118736
RP11-18H21.1	0.0016396
RP11-18H21.2	0.00181102
RP11-18H21.3	0.00174185
RP11-18H7.1	0.0025358
RP11-18I14.10	0.00243807
RP11-18O11.1	0.00203475
RP11-190C22.9	0.00278332
RP11-190G13.4	0.00119763
RP11-190I17.2	0.000925491
RP11-190I17.4	0.00103695
RP11-190J23.1	0.00157621
RP11-190P13.2	0.00155934
RP11-191A15.2	0.00350729
RP11-191L9.4	0.000875239
RP11-191N8.2	0.0019269
RP11-192C21.1	0.00176675
RP11-192C21.2	0.00173135
RP11-192H23.4	0.00190851
RP11-192P3.4	0.00287986
RP11-192P3.5	0.00253342
RP11-192P9.1	0.00159533
RP11-193H5.1	0.00192364
RP11-193P11.3	0.00149483
RP11-195B3.1	0.0012211
RP11-195M16.3	0.00122122
RP11-196E1.3	0.00153065
RP11-196G18.1	0.0017148
RP11-196G18.21	0.00168686
RP11-196G18.3	0.00166392
RP11-196H14.2	0.00166657
RP11-196I18.4	0.00120379
RP11-196O16.1	0.00192308
RP11-196P2.1	0.00130806
RP11-197K3.1	0.00153114
RP11-197K6.1	0.00183088
RP11-197M22.2	0.0013412
RP11-197N18.2	0.00363985
RP11-197O8.1	0.00135936
RP11-197P3.1	0.00123033
RP11-198M11.2	0.00324607
RP11-199F6.4	0.00195981
RP11-199O14.1	0.00158224
RP11-19D2.1	0.00121385
RP11-19D2.2	0.00125112
RP11-19E11.1	0.00176141
RP11-19F9.1	0.0014321
RP11-19J5.2	0.000947553
RP11-19O2.4	0.000806391
RP11-1C1.4	0.00113367
RP11-1C1.5	0.00115362
RP11-1C1.7	0.00100685
RP11-1D12.2	0.00142537
RP11-1E1.2	0.00171985
RP11-1E11.1	0.0018049
RP11-1E11.2	0.00193037
RP11-1E3.1	0.00150788
RP11-1E4.1	0.00236281
RP11-1H15.2	0.00119009
RP11-1J7.1	0.0011916
RP11-1K3.1	0.00091622
RP11-1L12.3	0.0011825
RP11-1O2.1	0.00140693
RP11-1O7.1	0.001576
RP11-200A1.1	0.00158016
RP11-201M22.1	0.00306622
RP11-201O14.1	0.00127748
RP11-202D1.3	0.00149391
RP11-202G11.2	0.00187951
RP11-202G18.1	0.00237186
RP11-202H2.1	0.00248407
RP11-202K23.1	0.00178694
RP11-203B7.1	0.001042
RP11-203B7.2	0.000824749
RP11-203E8.1	0.00109831
RP11-203F10.1	0.00184557
RP11-203H2.1	0.00175495
RP11-203H2.2	0.00183097
RP11-203J24.9	0.00181533
RP11-203L2.4	0.0016687
RP11-203M5.6	0.00114571
RP11-204C23.1	0.00177202
RP11-204E4.3	0.00135668
RP11-204E9.1	0.00119408
RP11-204H9.2	0.00157999
RP11-204N11.1	0.000903191
RP11-204N11.2	0.00171175
RP11-205M3.1	0.00229422
RP11-205M3.3	0.00233281
RP11-206L10.11	0.00180595
RP11-206M11.7	0.00117687
RP11-206P5.1	0.00136218
RP11-206P5.2	0.00114611
RP11-208K4.1	0.0026088
RP11-208N14.4	0.00106963
RP11-208P4.1	0.00196792
RP11-209E8.1	0.00162738
RP11-209K10.2	0.00126338
RP11-209M4.1	0.00247243
RP11-20A20.2	0.00189441
RP11-20B7.1	0.00145081
RP11-20E24.1	0.00157899
RP11-20G13.1	0.00113316
RP11-20G13.2	0.000939685
RP11-20G6.2	0.00105521
RP11-20J1.1	0.0012705
RP11-20J15.2	0.0019845
RP11-20L19.1	0.00186329
RP11-210L7.1	0.00144682
RP11-210M15.2	0.00270589
RP11-211C9.1	0.0021368
RP11-211F2.1	0.00140425
RP11-211G23.2	0.00260879
RP11-211G3.3	0.00167314
RP11-212D19.4	0.00173919
RP11-212E8.1	0.00131017
RP11-212I21.2	0.00218754
RP11-212J19.1	0.00175786
RP11-213G2.3	0.00129381
RP11-213G2.5	0.00127333
RP11-213G21.2	0.00533845
RP11-213G6.2	0.00107
RP11-213L8.1	0.00278048
RP11-214L13.1	0.0018507
RP11-214L19.1	0.000960446
RP11-214N1.1	0.00185518
RP11-214N16.2	0.00187177
RP11-214O1.1	0.000974654
RP11-214O1.3	0.000797429
RP11-215A19.2	0.00139941
RP11-215A21.2	0.00179898
RP11-215D10.1	0.00190024
RP11-215E13.1	0.00109549
RP11-215G15.4	0.00141279
RP11-215H22.1	0.00172327
RP11-215I16.1	0.0013814
RP11-215N21.1	0.00144436
RP11-216F5.1	0.00184889
RP11-216L13.18	0.00132277
RP11-216P16.4	0.00251345
RP11-217B1.2	0.00152379
RP11-217B7.2	0.00146469
RP11-217B7.3	0.00151312
RP11-217C7.1	0.00115486
RP11-217E13.1	0.00228475
RP11-217E22.5	0.00198945
RP11-217L21.1	0.00154708
RP11-217O12.1	0.00208077
RP11-218C23.1	0.00142269
RP11-218D6.4	0.00219697
RP11-218E20.3	0.00101224
RP11-218F4.1	0.00158028
RP11-218I7.2	0.0013013
RP11-218M22.2	0.000805641
RP11-219A15.1	0.00207278
RP11-219B17.1	0.00186826
RP11-219C20.1	0.00134772
RP11-219E7.1	0.00136629
RP11-219E7.3	0.0026039
RP11-219E7.4	0.00250183
RP11-219F10.1	0.00188245
RP11-219G10.1	0.00195594
RP11-219G17.4	0.00133619
RP11-219I21.1	0.00129872
RP11-219J21.1	0.00151903
RP11-219J21.2	0.00160017
RP11-21A7A.2	0.00183837
RP11-21B21.4	0.00168581
RP11-21B23.1	0.00153257
RP11-21B23.2	0.00153978
RP11-21B23.3	0.0015818
RP11-21C17.1	0.00175596
RP11-21C4.4	0.0016177
RP11-21G20.3	0.00097822
RP11-21I4.2	0.00142506
RP11-21J18.1	0.00157975
RP11-21J7.1	0.00151681
RP11-21L1.1	0.00114343
RP11-21L23.2	0.00107141
RP11-220C2.1	0.00116656
RP11-220D10.1	0.0022139
RP11-221H10.1	0.00153143
RP11-221J22.1	0.00169216
RP11-221J22.2	0.00160292
RP11-221N13.4	0.00102753
RP11-222A11.1	0.00221644
RP11-222A5.1	0.0017541
RP11-222K16.1	0.00191485
RP11-222N13.1	0.00112751
RP11-222O23.1	0.00114536
RP11-223A3.1	0.00204685
RP11-223J6.1	0.0031692
RP11-223P11.3	0.00185891
RP11-224P11.1	0.00190094
RP11-225H22.4	0.0028762
RP11-226P1.3	0.00152048
RP11-227D13.1	0.0011477
RP11-227F19.1	0.00133378
RP11-227H15.5	0.00190396
RP11-228B15.4	0.00225076
RP11-228G3.1	0.00248667
RP11-228O6.2	0.00164227
RP11-229M1.2	0.00158615
RP11-22A3.1	0.00139234
RP11-22A3.2	0.00145387
RP11-22B23.1	0.00179865
RP11-22B23.2	0.00181681
RP11-22C11.2	0.0021926
RP11-22C8.1	0.000566551
RP11-22D3.2	0.000990516
RP11-22H5.2	0.0020409
RP11-22K10.1	0.00141873
RP11-22L13.1	0.0012388
RP11-22M7.2	0.0011926
RP11-22P4.1	0.00134197
RP11-230C9.1	0.00144863
RP11-230C9.4	0.00134586
RP11-230G5.2	0.0011973
RP11-231C14.4	0.00229497
RP11-231C14.6	0.00240932
RP11-231C18.1	0.00169308
RP11-231C18.2	0.00162308
RP11-231D20.2	0.000809327
RP11-231E4.2	0.001227
RP11-231E6.1	0.00195115
RP11-231I13.2	0.00145417
RP11-231K24.2	0.00173565
RP11-232A1.2	0.00130396
RP11-232C2.1	0.00153531
RP11-232C2.2	0.0015871
RP11-233E12.1	0.00165885
RP11-234B24.2	0.00149464
RP11-234B24.6	0.00149464
RP11-234O6.2	0.00228163
RP11-235G24.1	0.0019685
RP11-236B18.2	0.00136573
RP11-236L14.1	0.00152864
RP11-236P13.1	0.00323035
RP11-237D3.1	0.00131285
RP11-238F2.1	0.00184497
RP11-238I10.1	0.00135943
RP11-238K6.1	0.00170408
RP11-238K6.2	0.0014771
RP11-239A17.1	0.00109334
RP11-239E10.2	0.00168612
RP11-239E10.3	0.00171987
RP11-239H6.2	0.00120943
RP11-23A22.1	0.00199257
RP11-23B15.1	0.0017369
RP11-23D24.2	0.00232779
RP11-23D5.1	0.00193495
RP11-23F23.2	0.00134771
RP11-23J9.4	0.00160261
RP11-23O13.1	0.00104594
RP11-240A16.1	0.0013937
RP11-240E2.2	0.00161389
RP11-240M16.1	0.000928382
RP11-241I20.5	0.0024687
RP11-241N4.2	0.00156267
RP11-242F11.2	0.0012859
RP11-242G20.1	0.0016758
RP11-242J7.1	0.000873042
RP11-242P2.1	0.00118152
RP11-243A14.1	0.00126014
RP11-243A14.2	0.00130849
RP11-243E13.1	0.00200771
RP11-243E13.2	0.00149993
RP11-244F12.1	0.00168224
RP11-244J10.1	0.00144435
RP11-244K5.8	0.00212502
RP11-244O19.1	0.0016548
RP11-245C17.2	0.00173462
RP11-245G13.1	0.00285822
RP11-245G13.2	0.00284042
RP11-245J24.1	0.00146848
RP11-246A10.1	0.00137228
RP11-246K15.1	0.000971786
RP11-247A12.2	0.00186228
RP11-248E9.1	0.00230642
RP11-248E9.5	0.00234796
RP11-248E9.7	0.00233287
RP11-248G5.8	0.00191132
RP11-248N22.1	0.0012077
RP11-249M12.2	0.00142205
RP11-24C14.1	0.00189604
RP11-24D15.1	0.00180101
RP11-24H1.1	0.000931978
RP11-24I21.1	0.000973086
RP11-24J19.1	0.0025408
RP11-24J23.2	0.00149436
RP11-24M17.4	0.00124831
RP11-24P14.1	0.00103893
RP11-24P4.1	0.00133913
RP11-250B2.2	0.00274576
RP11-251M1.1	0.00189501
RP11-251P6.1	0.0016557
RP11-252A24.5	0.00129185
RP11-252C15.1	0.00117951
RP11-252C24.2	0.00281909
RP11-252I13.2	0.00147209
RP11-252I14.1	0.00167051
RP11-252O18.3	0.00105902
RP11-253D19.1	0.00174628
RP11-253D19.2	0.00194561
RP11-253E3.1	0.00124015
RP11-253M7.1	0.00168214
RP11-254A17.1	0.00169829
RP11-254F19.3	0.00257759
RP11-254F7.1	0.00160337
RP11-254F7.2	0.00158491
RP11-254F7.3	0.00155097
RP11-254I22.1	0.00118812
RP11-255A11.21	0.00141645
RP11-255B23.1	0.00135165
RP11-255B23.4	0.00151096
RP11-255G12.2	0.00159026
RP11-255H23.2	0.00167196
RP11-255I10.1	0.00193702
RP11-255I10.2	0.00213144
RP11-255J3.2	0.00145721
RP11-255L13.1	0.00179431
RP11-255M2.1	0.000992862
RP11-255M2.2	0.000861676
RP11-255N24.4	0.00159878
RP11-256G5.1	0.000976785
RP11-256I9.2	0.0017318
RP11-256I9.3	0.00178115
RP11-256L6.4	0.00150705
RP11-257A22.1	0.00159926
RP11-257I14.1	0.00373786
RP11-257I8.1	0.00122148
RP11-257I8.2	0.00123039
RP11-258B16.1	0.0013224
RP11-258J10.1	0.00117327
RP11-258O13.1	0.00165484
RP11-259K15.2	0.00152453
RP11-259N19.1	0.00152317
RP11-259O2.1	0.00205986
RP11-259O2.3	0.00198159
RP11-259P20.1	0.00196647
RP11-25D10.1	0.00157769
RP11-25D10.2	0.0017324
RP11-25E2.1	0.00258439
RP11-25H11.1	0.00158375
RP11-25H12.1	0.00168231
RP11-25I11.1	0.00170759
RP11-25I15.2	0.00149801
RP11-25I15.3	0.00152375
RP11-25I9.2	0.00123383
RP11-25K21.6	0.0015429
RP11-25L3.3	0.00167948
RP11-25L5.2	0.00172692
RP11-25O3.1	0.00162274
RP11-260E18.1	0.000957394
RP11-260G13.1	0.000996216
RP11-260M19.1	0.00165099
RP11-260M19.2	0.00192329
RP11-260O18.1	0.00233823
RP11-261C10.7	0.00129437
RP11-261N11.8	0.00249661
RP11-261P24.2	0.00151151
RP11-262A12.1	0.00103839
RP11-262H14.3	0.00173975
RP11-262H14.4	0.00173975
RP11-262I2.2	0.00192275
RP11-263C16.2	0.00123933
RP11-263F14.3	0.00208089
RP11-263K4.3	0.00131339
RP11-264E18.1	0.00140591
RP11-264E20.2	0.00142564
RP11-264F23.3	0.00131642
RP11-264F23.4	0.00101695
RP11-264I13.2	0.0025846
RP11-264L1.4	0.00215793
RP11-264M12.2	0.000998573
RP11-265O12.1	0.00186509
RP11-266A24.1	0.00220552
RP11-266E14.1	0.00176314
RP11-266E6.3	0.00218986
RP11-266K4.1	0.00319251
RP11-266K4.9	0.00337908
RP11-266L9.4	0.00124271
RP11-266L9.5	0.000706952
RP11-266N13.2	0.00170853
RP11-266O8.1	0.00242538
RP11-267A15.1	0.00180425
RP11-267A15.3	0.00205679
RP11-267C16.1	0.00155377
RP11-267D19.2	0.00438217
RP11-267N12.1	0.00135305
RP11-267N12.3	0.00117943
RP11-268F1.3	0.00139115
RP11-268G13.1	0.00175025
RP11-268I9.4	0.00225216
RP11-269F21.1	0.00213397
RP11-269F21.3	0.00215298
RP11-269G24.3	0.000829536
RP11-26C10.1	0.00166888
RP11-26F2.1	0.000969372
RP11-26F2.2	0.000872474
RP11-26J3.1	0.00135144
RP11-26L16.1	0.00117298
RP11-26L20.3	0.00194706
RP11-26M5.2	0.00114041
RP11-270C12.3	0.000964182
RP11-270L13.1	0.00107568
RP11-271F18.1	0.00273625
RP11-271F18.4	0.00291805
RP11-271O3.1	0.00134124
RP11-272B17.1	0.00179437
RP11-272B17.2	0.00178034
RP11-272K23.3	0.00161007
RP11-272L13.3	0.000981888
RP11-272P10.3	0.00161589
RP11-273B19.1	0.00203822
RP11-273B19.2	0.00228159
RP11-273B20.3	0.0019738
RP11-274B18.4	0.00149972
RP11-274E7.2	0.00195886
RP11-274H2.2	0.0020361
RP11-274H24.1	0.0010488
RP11-274J16.5	0.00254406
RP11-274M17.3	0.00251395
RP11-274M4.1	0.00125442
RP11-275H4.1	0.000859198
RP11-275I4.1	0.00172594
RP11-275I4.2	0.00162918
RP11-275O18.1	0.00224981
RP11-275O4.3	0.00179674
RP11-276E17.2	0.00139022
RP11-276H19.1	0.00178698
RP11-276H19.2	0.00193713
RP11-276M12.1	0.00109413
RP11-277B15.1	0.00150531
RP11-277B15.2	0.00141744
RP11-277J6.3	0.00152348
RP11-277K23.1	0.00170014
RP11-277P12.10	0.00180627
RP11-277P12.9	0.00155141
RP11-278H7.1	0.00177984
RP11-278H7.3	0.00098795
RP11-278H7.4	0.00162171
RP11-278I4.2	0.0022216
RP11-278J20.2	0.00266325
RP11-278L15.3	0.00125028
RP11-279F6.1	0.00154142
RP11-279F6.3	0.00141939
RP11-279N8.1	0.00187539
RP11-279O17.1	0.00136429
RP11-279O17.2	0.00151577
RP11-279O17.3	0.00127437
RP11-279O9.4	0.00171806
RP11-27G22.1	0.00147848
RP11-27G24.3	0.000824949
RP11-27K13.3	0.00181056
RP11-27M24.3	0.00151359
RP11-27P7.1	0.00188309
RP11-280G9.1	0.00144009
RP11-280H21.1	0.00178167
RP11-280K24.1	0.0014047
RP11-280K24.4	0.00184896
RP11-280O1.2	0.00111555
RP11-280O24.1	0.00137221
RP11-281A20.1	0.00143395
RP11-281A20.2	0.00138578
RP11-281H11.1	0.00188304
RP11-281J9.2	0.00114069
RP11-281N10.1	0.00180271
RP11-281O15.4	0.001262
RP11-281P11.1	0.00226508
RP11-281P23.1	0.00121925
RP11-281P23.2	0.00116867
RP11-282C5.1	0.00233818
RP11-282I1.1	0.00147734
RP11-282I1.2	0.00160426
RP11-282K24.1	0.00237253
RP11-282K24.2	0.00189885
RP11-282M16.1	0.00129039
RP11-283C24.2	0.00145806
RP11-283G6.4	0.00144022
RP11-283G6.5	0.00143175
RP11-284A20.1	0.00118995
RP11-284A20.3	0.00112492
RP11-284F21.10	0.00171085
RP11-284F21.7	0.00172121
RP11-284F21.8	0.00177013
RP11-284G10.1	0.00202887
RP11-284H19.1	0.00155919
RP11-284L19.1	0.00165552
RP11-284M14.1	0.0015252
RP11-284P20.3	0.00130375
RP11-285A15.1	0.00218246
RP11-285A18.2	0.00159929
RP11-285B24.1	0.00194773
RP11-285C1.2	0.00130192
RP11-285E9.6	0.00169509
RP11-285G1.9	0.00184167
RP11-286B14.1	0.00208968
RP11-286E11.1	0.00169171
RP11-286H14.3	0.00108388
RP11-286M16.1	0.00132124
RP11-286N3.2	0.00158645
RP11-287D1.3	0.00169642
RP11-287F9.1	0.00130526
RP11-287F9.2	0.00131505
RP11-288D15.1	0.00162431
RP11-288G3.3	0.00186972
RP11-288G3.4	0.00188411
RP11-288I21.1	0.00170486
RP11-289F5.1	0.00158828
RP11-289K10.1	0.00159821
RP11-290F20.1	0.00159893
RP11-290F20.2	0.00162669
RP11-290F20.3	0.00148316
RP11-290F24.3	0.00123926
RP11-290F5.1	0.00132369
RP11-290F5.2	0.00145173
RP11-290K4.1	0.00208176
RP11-290M5.2	0.00179959
RP11-291C6.1	0.00220668
RP11-291J9.1	0.00124202
RP11-291J9.2	0.00122507
RP11-292B1.2	0.00110222
RP11-292B8.1	0.00128893
RP11-292D4.3	0.00227286
RP11-292E2.1	0.00233349
RP11-292F22.5	0.00166577
RP11-292F22.7	0.00185729
RP11-292I17.1	0.00226577
RP11-293D9.2	0.00175833
RP11-293F5.8	0.00185493
RP11-293G6__A.2	0.00283933
RP11-293G6__B.4	0.00285498
RP11-293M10.1	0.00182456
RP11-293M10.2	0.00175945
RP11-293M10.4	0.00159607
RP11-293M10.5	0.00147221
RP11-293M10.6	0.00159916
RP11-293N14.1	0.00232024
RP11-293P20.2	0.00193554
RP11-293P20.4	0.00186232
RP11-294J22.5	0.00155466
RP11-294L11.1	0.0017295
RP11-294O2.1	0.00163043
RP11-294O2.2	0.00159567
RP11-295D22.1	0.00139558
RP11-295K3.1	0.00134191
RP11-295P9.3	0.00194082
RP11-296C13.1	0.00270464
RP11-296L20.1	0.0014634
RP11-296O14.1	0.00135886
RP11-296O14.2	0.00139059
RP11-296O14.3	0.00143471
RP11-297C4.2	0.00136542
RP11-297H3.3	0.00182355
RP11-297H3.4	0.00211793
RP11-297K8.2	0.00147235
RP11-297L17.4	0.00202933
RP11-297L17.6	0.0015707
RP11-297L6.2	0.0029012
RP11-297M9.1	0.00147154
RP11-297M9.2	0.00144397
RP11-297P16.3	0.00206911
RP11-298D21.1	0.00159739
RP11-298D21.3	0.00155941
RP11-298E10.1	0.000919433
RP11-298E9.5	0.00110248
RP11-298E9.6	0.00101334
RP11-298H24.1	0.00203925
RP11-298I3.1	0.00113712
RP11-298J20.4	0.00190877
RP11-298J23.5	0.00231382
RP11-298O21.5	0.0009972
RP11-298O21.6	0.00106202
RP11-299D14.2	0.00167004
RP11-299H22.1	0.00160197
RP11-299H22.5	0.00143834
RP11-299H22.7	0.00138068
RP11-29B9.1	0.00140995
RP11-29B9.2	0.00153939
RP11-29G8.3	0.0020957
RP11-2A4.4	0.0017148
RP11-2B6.3	0.00167074
RP11-2C7.1	0.00125772
RP11-2E17.1	0.00252409
RP11-2F20.1	0.00172945
RP11-2F9.3	0.00165152
RP11-2F9.4	0.00178329
RP11-2G1.1	0.00189802
RP11-2G1.3	0.00190866
RP11-2G17.1	0.00110608
RP11-2H8.2	0.00125126
RP11-2I17.4	0.00073658
RP11-2L13.1	0.00165645
RP11-2L4.1	0.00296725
RP11-2L8.2	0.00205375
RP11-2N1.2	0.000723393
RP11-2N5.1	0.00229852
RP11-2N5.2	0.00242342
RP11-2P2.1	0.00144105
RP11-300A12.2	0.00137855
RP11-300E4.2	0.00147681
RP11-300I6.5	0.000933203
RP11-300J18.3	0.00103034
RP11-300M24.1	0.00239846
RP11-300M6.1	0.00145863
RP11-301G19.1	0.00190837
RP11-301G19.2	0.00177979
RP11-301G21.1	0.00154488
RP11-301G7.1	0.00196097
RP11-301L8.2	0.00116262
RP11-301N24.3	0.00161978
RP11-302B13.5	0.00234573
RP11-302F12.2	0.00184926
RP11-302F12.3	0.0016272
RP11-302F12.4	0.00223044
RP11-302F12.5	0.0023752
RP11-302I18.1	0.00147852
RP11-302I18.3	0.00155313
RP11-302J23.1	0.00150406
RP11-302L19.1	0.00214858
RP11-302M6.4	0.00304616
RP11-302M6.5	0.00180594
RP11-303G3.10	0.00127395
RP11-304C12.3	0.00102667
RP11-304C12.4	0.00175309
RP11-304C16.2	0.00123665
RP11-304C16.3	0.00119898
RP11-304F15.4	0.00100578
RP11-304F15.5	0.000980273
RP11-304F15.6	0.000977182
RP11-305A4.3	0.000874714
RP11-305B6.3	0.00174461
RP11-305F5.2	0.00174869
RP11-305L7.1	0.00135204
RP11-305L7.3	0.00134231
RP11-305L7.6	0.00134231
RP11-305P14.1	0.00158682
RP11-305P22.9	0.00201432
RP11-306G20.1	0.00137374
RP11-307C19.2	0.0019604
RP11-307I14.4	0.00162358
RP11-307L14.2	0.00242413
RP11-307N16.6	0.00207764
RP11-307O1.1	0.00110737
RP11-307O10.1	0.00245506
RP11-307O13.1	0.00234186
RP11-307P5.1	0.00135059
RP11-308D13.3	0.00173063
RP11-308K2.1	0.00157503
RP11-308N19.1	0.00119168
RP11-308N19.4	0.00113133
RP11-308N19.5	0.00110751
RP11-309E23.2	0.00200521
RP11-309G3.3	0.00122588
RP11-309H21.2	0.00174579
RP11-309I15.1	0.00125799
RP11-309L24.6	0.0013205
RP11-309M7.1	0.00165218
RP11-309N24.1	0.00134721
RP11-309P22.1	0.00271427
RP11-30G8.1	0.0043393
RP11-30G8.2	0.00434331
RP11-30J20.1	0.00193879
RP11-30L15.6	0.0015037
RP11-30L8.1	0.00216775
RP11-30O15.1	0.00172973
RP11-30P21.2	0.0017606
RP11-30P6.1	0.00291561
RP11-30P6.3	0.00259936
RP11-30P6.6	0.0027436
RP11-310A13.2	0.00122925
RP11-310H4.2	0.0017555
RP11-310H4.3	0.00179065
RP11-310I24.1	0.00177783
RP11-310I9.1	0.00150265
RP11-311H10.4	0.00117515
RP11-312A15.1	0.0012077
RP11-312A15.3	0.00125238
RP11-312B18.1	0.00201702
RP11-312P21.2	0.00160031
RP11-313C4.1	0.00241583
RP11-313E19.1	0.0014141
RP11-313E19.2	0.00134339
RP11-313E4.1	0.00194845
RP11-313F23.4	0.00392447
RP11-313M3.1	0.00164043
RP11-314B1.2	0.0015301
RP11-314C16.1	0.00151469
RP11-314D7.1	0.0025019
RP11-314D7.2	0.00259598
RP11-314M24.1	0.00150371
RP11-314N14.1	0.00238761
RP11-314N2.2	0.0016927
RP11-314O13.1	0.00104137
RP11-314P15.2	0.0010626
RP11-315A16.1	0.00176803
RP11-315A17.1	0.000929132
RP11-315E17.1	0.00255623
RP11-315F22.1	0.00160725
RP11-315I14.2	0.00134683
RP11-315L6.1	0.00126062
RP11-315O6.1	0.00131262
RP11-315O6.2	0.00142376
RP11-315O8.1	0.00129769
RP11-316I3.1	0.00111095
RP11-316I3.2	0.00157354
RP11-316M20.1	0.00124937
RP11-316P17.2	0.000955765
RP11-317G6.1	0.00197309
RP11-317J10.4	0.00177996
RP11-317J19.1	0.00227181
RP11-317M11.1	0.00114283
RP11-317M22.1	0.001894
RP11-317N12.1	0.00122706
RP11-317N6.1	0.00210536
RP11-317O24.1	0.00139828
RP11-317O24.2	0.00122046
RP11-317P15.3	0.00125933
RP11-318C2.1	0.001764
RP11-318C24.1	0.00167115
RP11-318C24.2	0.00170232
RP11-318C4.2	0.00200983
RP11-318E3.4	0.00189385
RP11-318I4.1	0.00118574
RP11-318I4.2	0.00140881
RP11-318M2.2	0.00187208
RP11-319C21.1	0.00194637
RP11-319E12.1	0.00124394
RP11-319E12.2	0.00124849
RP11-319E16.1	0.00139753
RP11-319F12.2	0.00199524
RP11-319G6.1	0.00138861
RP11-319G9.5	0.00179399
RP11-31A20.1	0.00143797
RP11-31E13.2	0.00157404
RP11-31F15.2	0.00146189
RP11-31I22.2	0.00133699
RP11-31I22.3	0.00137905
RP11-31K23.1	0.0018174
RP11-31K23.2	0.00180808
RP11-31L23.3	0.00124992
RP11-320A16.1	0.00173481
RP11-320H14.1	0.00105541
RP11-320M16.2	0.00179692
RP11-320N21.2	0.0019454
RP11-320N7.1	0.00145105
RP11-320N7.2	0.00199258
RP11-321C24.1	0.00131769
RP11-321E2.3	0.00103708
RP11-321F6.1	0.00169172
RP11-321G12.1	0.00193023
RP11-321L2.1	0.00128526
RP11-321L2.2	0.00139274
RP11-321M21.1	0.00169383
RP11-321M21.3	0.00166268
RP11-322D14.2	0.00205504
RP11-322E11.1	0.00173145
RP11-322E11.5	0.00170087
RP11-322E11.6	0.00166361
RP11-322I2.1	0.00182412
RP11-322J23.1	0.00305703
RP11-322L20.1	0.001122
RP11-323A7.1	0.000960438
RP11-323D18.5	0.00179395
RP11-323H21.3	0.00145781
RP11-323I1.1	0.00139196
RP11-323I15.2	0.0010704
RP11-323I15.3	0.00105182
RP11-323I15.5	0.00113167
RP11-323K10.1	0.00179603
RP11-324C10.1	0.00122283
RP11-324D17.1	0.00159175
RP11-324D17.2	0.0016151
RP11-324E6.6	0.00348608
RP11-324F11.1	0.00199579
RP11-324H6.5	0.00184241
RP11-324H7.1	0.00125872
RP11-324J13.2	0.00149696
RP11-324J3.1	0.00193297
RP11-324L17.1	0.00189978
RP11-324L3.1	0.00140952
RP11-324P9.1	0.00185963
RP11-325B23.2	0.00204992
RP11-325D15.2	0.000266729
RP11-325F22.2	0.00131744
RP11-325I22.2	0.00138047
RP11-325K19.1	0.00173265
RP11-325K19.2	0.00173232
RP11-325K19.3	0.00186907
RP11-325K19.6	0.00179619
RP11-326A13.1	0.00174545
RP11-326A13.3	0.00164385
RP11-326A19.2	0.00165746
RP11-326A19.4	0.00162787
RP11-326C3.12	0.000894723
RP11-326C3.15	0.000987253
RP11-326C3.2	0.000964162
RP11-326E22.1	0.00154343
RP11-326E7.1	0.00142276
RP11-326F20.5	0.00110019
RP11-326I11.1	0.000990518
RP11-326I11.3	0.00112792
RP11-326I11.4	0.00101533
RP11-326I19.3	0.0023598
RP11-326K13.2	0.00212819
RP11-326N17.1	0.00123566
RP11-327F22.4	0.00175626
RP11-327F22.5	0.00179532
RP11-327P2.5	0.00175638
RP11-328J2.1	0.00190144
RP11-328J6.1	0.00210883
RP11-328K15.1	0.00109736
RP11-328K4.1	0.00207395
RP11-328M4.2	0.00108494
RP11-328M4.3	0.000881382
RP11-328N19.1	0.00156568
RP11-329A14.2	0.00153172
RP11-329B9.1	0.00184188
RP11-329B9.4	0.00176817
RP11-329N22.1	0.00130632
RP11-32D16.1	0.0013483
RP11-32F11.2	0.00200714
RP11-32K4.1	0.00194348
RP11-330A16.1	0.00142109
RP11-331G2.6	0.00212582
RP11-331H2.3	0.00152234
RP11-331H2.4	0.00130283
RP11-331K15.1	0.00141227
RP11-331K21.1	0.00105081
RP11-331N16.1	0.00124302
RP11-331O9.1	0.00114588
RP11-332H18.4	0.00221303
RP11-332H18.5	0.0022693
RP11-332J15.1	0.00189213
RP11-332J15.2	0.00165517
RP11-332J15.4	0.00186111
RP11-332M4.1	0.00151019
RP11-332P22.2	0.00128976
RP11-333A23.2	0.0013624
RP11-333A23.4	0.00135924
RP11-333E1.1	0.00191882
RP11-333O1.1	0.00107272
RP11-334G22.1	0.00221236
RP11-334L9.1	0.00165373
RP11-335E6.2	0.00154455
RP11-335E8.1	0.00199014
RP11-335F8.2	0.00225237
RP11-335I12.2	0.00167818
RP11-335L23.2	0.00124059
RP11-335L23.4	0.00123533
RP11-335M9.1	0.00202727
RP11-335O4.1	0.00134107
RP11-336A10.2	0.00188822
RP11-336A10.4	0.00204525
RP11-336F14.1	0.00115795
RP11-336N8.1	0.00117952
RP11-337A23.6	0.00208045
RP11-337L12.1	0.00159994
RP11-338C15.3	0.00179984
RP11-338H14.1	0.00141494
RP11-338I21.1	0.00190945
RP11-338I24.1	0.00233286
RP11-338L18.1	0.000927478
RP11-338N12.1	0.00178543
RP11-338O1.3	0.00121916
RP11-339A11.1	0.00222246
RP11-339A11.2	0.00227142
RP11-339D20.1	0.0019101
RP11-339D23.1	0.00234181
RP11-339N8.1	0.00193298
RP11-33A14.1	0.00200632
RP11-33B1.1	0.00333019
RP11-33E15.1	0.00119876
RP11-33G16.1	0.00261827
RP11-33I11.3	0.00157184
RP11-33M22.2	0.00173521
RP11-33N16.3	0.00319753
RP11-340A13.2	0.00202217
RP11-340B18.1	0.00151028
RP11-340B24.3	0.00111702
RP11-340E6.1	0.00139896
RP11-340E6.2	0.00129735
RP11-340I6.3	0.00360317
RP11-340I6.4	0.00361944
RP11-340I6.7	0.00349184
RP11-340M11.1	0.00152598
RP11-341A22.1	0.00197834
RP11-341A22.2	0.00161859
RP11-341B24.3	0.00136504
RP11-341G2.3	0.00157625
RP11-341G23.4	0.00136757
RP11-341G5.1	0.0012203
RP11-341G5.2	0.0011268
RP11-342A23.1	0.00171449
RP11-342D11.3	0.0018807
RP11-342F21.1	0.00141819
RP11-342K6.4	0.00180471
RP11-342L8.2	0.00200378
RP11-342M21.2	0.00137343
RP11-342M3.5	0.000868588
RP11-343B18.2	0.00271721
RP11-343H19.1	0.0025295
RP11-343J18.1	0.00161052
RP11-343J18.2	0.00178783
RP11-343J3.5	0.00129736
RP11-343P9.1	0.000822521
RP11-344A7.1	0.00129765
RP11-344B23.2	0.00156331
RP11-344B5.2	0.00172859
RP11-344B5.3	0.00196385
RP11-344B5.4	0.00198041
RP11-344E13.3	0.0015421
RP11-344F13.1	0.00141218
RP11-344G13.1	0.00244004
RP11-344G13.2	0.00211347
RP11-344J7.2	0.00147866
RP11-344L13.2	0.0014487
RP11-344L21.1	0.00136586
RP11-344P13.1	0.00145754
RP11-345L23.1	0.00127895
RP11-345M22.1	0.00220847
RP11-345M22.2	0.00219179
RP11-345M22.3	0.00227037
RP11-346C16.4	0.00175753
RP11-346C20.3	0.00192189
RP11-346D14.1	0.00204285
RP11-346D19.1	0.00132296
RP11-346D6.4	0.0022031
RP11-346D6.6	0.00202459
RP11-346I3.4	0.00128437
RP11-346L1.2	0.000825578
RP11-347C12.2	0.00145761
RP11-347D21.1	0.00218882
RP11-347D21.3	0.00233525
RP11-347E10.1	0.00147474
RP11-347H15.1	0.00211977
RP11-347K2.1	0.00165116
RP11-347L18.1	0.00206281
RP11-348A7.1	0.001427
RP11-348B17.1	0.00162028
RP11-348J24.2	0.00173939
RP11-349E4.1	0.00124137
RP11-349I1.2	0.0017309
RP11-349K16.1	0.002091
RP11-349K21.1	0.0024382
RP11-349P19.1	0.00178147
RP11-34C15.2	0.000877869
RP11-34D15.2	0.00148218
RP11-34F13.3	0.00131281
RP11-34N19.1	0.00108687
RP11-350D17.2	0.00179566
RP11-350E12.4	0.00173116
RP11-350F4.2	0.00120429
RP11-350G13.1	0.00182786
RP11-350G24.2	0.00140796
RP11-350N15.4	0.00111055
RP11-351A11.1	0.0022212
RP11-351A20.1	0.00158919
RP11-351C8.1	0.0017554
RP11-351E7.1	0.00122326
RP11-351E7.2	0.00102925
RP11-351J23.2	0.000839321
RP11-351M16.3	0.00156274
RP11-351M8.1	0.000865802
RP11-351M8.2	0.000865802
RP11-351N6.1	0.00181333
RP11-351O2.1	0.00147864
RP11-352D3.2	0.00277344
RP11-352E6.1	0.00153146
RP11-352M15.1	0.00171295
RP11-353B9.1	0.0016075
RP11-353M9.1	0.00226706
RP11-353N14.1	0.000883008
RP11-353N14.3	0.000993396
RP11-353N14.4	0.000805388
RP11-353N14.5	0.000985766
RP11-353N4.5	0.00172621
RP11-353P15.1	0.0016719
RP11-354A14.1	0.0013634
RP11-354E11.2	0.001318
RP11-354H21.1	0.00133809
RP11-354I10.1	0.00126128
RP11-354I13.1	0.00117961
RP11-354I13.2	0.00110301
RP11-354K1.2	0.00161423
RP11-354K4.1	0.00141071
RP11-354K4.2	0.00161016
RP11-354M1.2	0.00252848
RP11-355F16.1	0.00131171
RP11-355F22.1	0.00143516
RP11-355I22.2	0.00119831
RP11-355I22.8	0.00138315
RP11-355N15.1	0.000820909
RP11-356I2.4	0.000884707
RP11-356J5.12	0.00156423
RP11-356N1.2	0.00162782
RP11-356O24.1	0.0012777
RP11-357F12.1	0.00113403
RP11-357H3.1	0.00138759
RP11-357K6.1	0.00225578
RP11-357K6.2	0.00225977
RP11-357K6.3	0.00218803
RP11-358H9.1	0.0023931
RP11-358M11.4	0.0014928
RP11-358M3.1	0.00189473
RP11-359B12.2	0.00102989
RP11-359D14.3	0.00166926
RP11-359D24.1	0.00172178
RP11-359E19.1	0.00175959
RP11-359E19.2	0.00167663
RP11-359E8.3	0.00162954
RP11-359E8.5	0.00163949
RP11-359G22.2	0.0011117
RP11-359H3.1	0.00249599
RP11-359J14.3	0.00160991
RP11-359J6.1	0.00162696
RP11-359N11.1	0.00176335
RP11-359N11.2	0.00189558
RP11-359N5.1	0.000682479
RP11-359P18.8	4.21513e-05
RP11-35G9.3	0.00175983
RP11-35G9.5	0.00175983
RP11-35J1.1	0.0012216
RP11-35J10.5	0.00152785
RP11-35L17.3	0.00176044
RP11-35O15.1	0.00160523
RP11-35O7.1	0.00205557
RP11-360A18.1	0.00133
RP11-360A18.2	0.00125975
RP11-360J12.1	0.0012638
RP11-360K13.1	0.00115469
RP11-360L9.4	0.00163547
RP11-361A21.1	0.00113563
RP11-361A21.3	0.00133687
RP11-361A23.1	0.00228862
RP11-361A23.3	0.00218938
RP11-361D14.2	0.00121714
RP11-361F15.2	0.00129489
RP11-361F19.1	0.00177591
RP11-361H10.3	0.00144885
RP11-361L15.4	0.00197241
RP11-361M4.1	0.00136279
RP11-362A1.1	0.00219265
RP11-362A1.2	0.00213441
RP11-362A9.3	0.00150348
RP11-362B23.1	0.00200612
RP11-362F19.1	0.00159878
RP11-362F19.2	0.00170212
RP11-362F19.3	0.00174913
RP11-362I1.1	0.00148768
RP11-362K2.2	0.00167756
RP11-362M19.1	0.00163017
RP11-363D24.1	0.00177987
RP11-363E6.4	0.000924195
RP11-363E7.3	0.00182758
RP11-363E7.4	0.00151399
RP11-363G15.2	0.00143724
RP11-363L24.2	0.00133648
RP11-364B6.1	0.00129261
RP11-364C11.2	0.00173858
RP11-364M6.1	0.00257834
RP11-364P22.1	0.00142528
RP11-364P22.2	0.00133884
RP11-365H23.1	0.00165965
RP11-365O16.6	0.00237755
RP11-366H4.1	0.00187339
RP11-366I21.1	0.00121995
RP11-366L20.2	0.000991525
RP11-366L20.4	0.00151372
RP11-366L5.1	0.00110167
RP11-366M4.13	0.00122939
RP11-366M4.3	0.00127222
RP11-367F23.1	0.00129028
RP11-367F23.2	0.001318
RP11-367G18.1	0.00131554
RP11-367G6.3	0.00262056
RP11-367J11.3	0.00183653
RP11-367N14.3	0.00181947
RP11-368I23.4	0.00146149
RP11-368L12.1	0.00127538
RP11-368P15.1	0.00154578
RP11-369C8.1	0.00134426
RP11-369E15.1	0.00130099
RP11-369E15.2	0.0011008
RP11-369E15.3	0.0011008
RP11-369E15.4	0.0011008
RP11-369F10.2	0.000379534
RP11-369K17.1	0.00194154
RP11-36B6.1	0.000990028
RP11-36D19.4	0.00243201
RP11-370F5.4	0.00251047
RP11-370I10.6	0.00166511
RP11-370P15.1	0.00125533
RP11-370P15.2	0.00133739
RP11-371A19.2	0.00128003
RP11-371E8.4	0.00168654
RP11-371F15.3	0.0013245
RP11-371I1.2	0.00135046
RP11-371M22.1	0.00217188
RP11-372E1.4	0.00168802
RP11-372E1.6	0.00163947
RP11-372H2.1	0.00095879
RP11-372K20.1	0.00120549
RP11-372M18.1	0.00198955
RP11-373A6.1	0.00199584
RP11-373D23.3	0.00124088
RP11-373D7.1	0.0034448
RP11-373E16.3	0.0017226
RP11-373I8.1	0.0012062
RP11-373J16.2	0.00182875
RP11-373N22.3	0.00151504
RP11-374A22.1	0.00141027
RP11-374A4.1	0.0032844
RP11-374C13.1	0.00186035
RP11-374I15.1	0.00105434
RP11-374N7.1	0.00168558
RP11-375B1.1	0.00204808
RP11-375B1.2	0.00191359
RP11-375B1.3	0.00185501
RP11-375D13.2	0.00161063
RP11-375D13.4	0.0016561
RP11-375H17.1	0.0013329
RP11-375N15.1	0.00202703
RP11-375O18.2	0.0013272
RP11-376O6.2	0.00127588
RP11-377D9.3	0.00242831
RP11-378A12.1	0.00138596
RP11-378I13.1	0.00110582
RP11-378I6.1	0.00192661
RP11-378I6.2	0.00168059
RP11-378N18.1	0.00213456
RP11-379B18.5	0.00245343
RP11-379B8.1	0.00193054
RP11-379C10.1	0.00130817
RP11-379I19.1	0.00189917
RP11-379I19.2	0.00195893
RP11-379J13.2	0.00165438
RP11-379K17.4	0.00156671
RP11-379P1.4	0.00143122
RP11-379P15.1	0.00113496
RP11-37B2.1	0.00181818
RP11-37N22.1	0.00214382
RP11-380B22.1	0.00151746
RP11-380D15.2	0.0020272
RP11-380D15.3	0.00203661
RP11-380D23.2	0.00169544
RP11-380F14.2	0.00159292
RP11-380I10.2	0.00176155
RP11-380I10.4	0.00183172
RP11-380I20.2	0.00151756
RP11-380J14.1	0.00166828
RP11-380O24.1	0.000929919
RP11-380P13.1	0.00209181
RP11-380P13.2	0.00202681
RP11-381I15.1	0.00125644
RP11-381K7.1	0.00279582
RP11-381N20.1	0.00128924
RP11-381N20.2	0.0015828
RP11-381P6.1	0.0015421
RP11-382A18.2	0.00166815
RP11-382A20.4	0.00145762
RP11-382A20.5	0.00151273
RP11-382A20.6	0.00151273
RP11-382A20.7	0.00151273
RP11-382E9.1	0.00136823
RP11-382H24.2	0.00254713
RP11-382K22.1	0.00139403
RP11-382M14.1	0.00222399
RP11-382N13.2	0.00199542
RP11-382N13.6	0.00218153
RP11-383C5.3	0.00133491
RP11-383G10.1	0.00300188
RP11-383H13.1	0.00202305
RP11-383H17.4	0.00151505
RP11-383J24.2	0.00177712
RP11-384D10.1	0.00201709
RP11-384E22.1	0.00244963
RP11-384F7.1	0.00285014
RP11-384F7.2	0.00286142
RP11-384J4.1	0.00123082
RP11-384J4.2	0.00127677
RP11-384K6.4	0.00261798
RP11-384L8.1	0.00145469
RP11-384P14.1	0.00249995
RP11-384P7.6	0.00154332
RP11-385D13.1	0.00245987
RP11-385J1.2	0.00166476
RP11-385M4.1	0.00209559
RP11-385M4.2	0.00204128
RP11-385N23.1	0.00137543
RP11-386B13.1	0.00127708
RP11-386B13.3	0.00138893
RP11-386B13.4	0.00110579
RP11-386D6.1	0.00203167
RP11-386M24.3	0.00217296
RP11-386M24.8	0.00208295
RP11-386M24.9	0.00221254
RP11-386P4.1	0.00133958
RP11-387D10.2	0.0018752
RP11-387H17.4	0.00207812
RP11-388C12.5	0.00120176
RP11-388E23.2	0.00139163
RP11-388E23.3	0.00123478
RP11-388E23.4	0.00129068
RP11-388G22.1	0.00107787
RP11-388G3.1	0.00121399
RP11-388K12.2	0.00184229
RP11-388N2.1	0.00137144
RP11-388P9.2	0.00165168
RP11-389E17.1	0.00201401
RP11-389J22.3	0.00238448
RP11-389K14.3	0.00171458
RP11-389O22.1	0.00146189
RP11-389O22.4	0.00142941
RP11-389O22.5	0.0013407
RP11-38F22.1	0.002297
RP11-38G5.3	0.00194546
RP11-38H17.1	0.0015761
RP11-38M8.1	0.00180674
RP11-38P22.2	0.00199415
RP11-390C19.1	0.00153599
RP11-390F4.2	0.00119692
RP11-390F4.3	0.00108238
RP11-390F4.6	0.00122723
RP11-390K5.3	0.00220772
RP11-390N6.1	0.000858985
RP11-390P2.4	0.0020236
RP11-391J13.1	0.00131397
RP11-391L3.1	0.00116118
RP11-391M7.3	0.00172408
RP11-392A23.5	0.000961744
RP11-392B6.1	0.00119935
RP11-392E22.1	0.00174697
RP11-392E22.11	0.0019167
RP11-392E22.3	0.00179133
RP11-392O1.4	0.00232148
RP11-392O17.1	0.00196333
RP11-392P7.6	0.00234753
RP11-393I23.4	0.00144444
RP11-393K12.2	0.00157194
RP11-393K12.4	0.00122328
RP11-393K19.1	0.00155756
RP11-393M18.1	0.00126377
RP11-393M18.4	0.00148114
RP11-393N21.1	0.00170098
RP11-393N4.1	0.0021951
RP11-393N4.2	0.0022018
RP11-394A14.2	0.00169169
RP11-394D2.1	0.000952886
RP11-394G3.2	0.00129226
RP11-394I13.3	0.00129291
RP11-394O9.1	0.00157782
RP11-395B20.1	0.00150524
RP11-395B20.2	0.00145653
RP11-395B7.2	0.00272243
RP11-395B7.7	0.00227686
RP11-395D3.1	0.00188561
RP11-395F4.1	0.00179456
RP11-395I6.2	0.0020316
RP11-395I6.3	0.00216335
RP11-395L14.5	0.00294909
RP11-395N3.2	0.00101778
RP11-395P13.6	0.00146812
RP11-396B14.2	0.00177123
RP11-396N11.1	0.00190182
RP11-396O20.1	0.00122116
RP11-396O20.2	0.00123917
RP11-397A16.3	0.00197717
RP11-397D12.4	0.00187739
RP11-397D21.1	0.00183437
RP11-397E7.1	0.00218828
RP11-397G17.1	0.0020944
RP11-397H6.1	0.00220033
RP11-397J20.1	0.00195049
RP11-398E10.1	0.00103746
RP11-398G24.2	0.00151359
RP11-398H6.1	0.000954587
RP11-398J10.2	0.00112997
RP11-398J16.1	0.0015239
RP11-398K14.1	0.00218692
RP11-398K22.12	0.00161028
RP11-398M15.1	0.00186436
RP11-399D15.1	0.0014736
RP11-399D6.2	0.00206961
RP11-399E6.1	0.00130226
RP11-399F2.2	0.00132413
RP11-399H11.2	0.00108661
RP11-399H11.3	0.00140557
RP11-399K21.10	0.00124249
RP11-399K21.11	0.00153892
RP11-399O19.9	0.00145917
RP11-39H13.1	0.0019484
RP11-3B12.1	0.00111465
RP11-3B12.2	0.00105922
RP11-3D4.2	0.00187217
RP11-3G20.1	0.00149019
RP11-3G20.2	0.00148252
RP11-3J1.1	0.00153816
RP11-3K16.2	0.00180932
RP11-3L10.2	0.00166786
RP11-3L10.3	0.00174373
RP11-3L8.3	0.00167444
RP11-3N13.2	0.00146531
RP11-3N2.13	0.00362118
RP11-3P17.4	0.0018983
RP11-3P22.1	0.00139379
RP11-3P22.2	0.00176456
RP11-400D2.3	0.00235288
RP11-400K9.2	0.00194319
RP11-400K9.3	0.00181033
RP11-400K9.4	0.00187981
RP11-400N13.1	0.00229136
RP11-400N13.3	0.00213527
RP11-401E14.2	0.00115796
RP11-401E5.2	0.00159087
RP11-401F2.2	0.00105385
RP11-401G5.1	0.00141026
RP11-401H2.1	0.00123231
RP11-401I19.1	0.00217846
RP11-401O9.3	0.0010522
RP11-401O9.4	0.00109393
RP11-401P9.5	0.00175276
RP11-402C9.1	0.00177248
RP11-402G3.4	0.000939307
RP11-402G3.5	0.00111387
RP11-402N8.1	0.0014345
RP11-403A21.3	0.00209303
RP11-403F21.1	0.00168238
RP11-403H13.1	0.000865079
RP11-403N16.3	0.001376
RP11-403N16.5	0.00109512
RP11-403P13.1	0.00150611
RP11-403P14.1	0.00173106
RP11-404E12.1	0.00146035
RP11-404E6.1	0.00117471
RP11-404F10.2	0.000802554
RP11-404H14.1	0.00272743
RP11-404I7.2	0.00276723
RP11-404J23.1	0.00180759
RP11-404K5.2	0.00201342
RP11-404K5.3	0.00206368
RP11-404O13.1	0.00218003
RP11-404P21.3	0.00111615
RP11-404P21.8	0.0013628
RP11-405A12.2	0.00126363
RP11-405F3.4	0.00114583
RP11-405F3.5	0.00106141
RP11-405K6.1	0.00154202
RP11-406A20.1	0.000512514
RP11-406A9.2	0.00105852
RP11-406D1.2	0.00131044
RP11-406O16.1	0.00180214
RP11-407A16.1	0.00198297
RP11-407A16.3	0.00176068
RP11-407A16.4	0.00176068
RP11-407A16.7	0.00171923
RP11-407B7.1	0.00137779
RP11-407N17.3	0.00179111
RP11-408A13.2	0.00180782
RP11-408A13.3	0.00166639
RP11-408E1.1	0.000760344
RP11-408H1.3	0.00126821
RP11-408H20.2	0.00179504
RP11-408N14.1	0.00180609
RP11-408O19.3	0.00144016
RP11-409K15.1	0.00197337
RP11-40G16.1	0.00204171
RP11-40H19.1	0.00108179
RP11-40M23.1	0.00228356
RP11-410B16.1	0.00158178
RP11-410C4.5	0.00154311
RP11-410D17.2	0.00156766
RP11-410K21.2	0.00196426
RP11-410N8.4	0.00220039
RP11-411B10.5	0.00211073
RP11-411B10.8	0.00190181
RP11-411H5.1	0.00133659
RP11-411K7.1	0.00185269
RP11-412H8.2	0.00118819
RP11-412H9.1	0.00194332
RP11-412H9.2	0.00205016
RP11-412P11.1	0.00125769
RP11-413E1.4	0.00304616
RP11-413G15.1	0.0013094
RP11-413M3.4	0.00259137
RP11-413N13.1	0.00170073
RP11-413P11.1	0.00128422
RP11-414B7.1	0.00175207
RP11-414H17.2	0.0017591
RP11-414H17.5	0.00124009
RP11-414H23.2	0.00172702
RP11-415A20.1	0.00210413
RP11-415C15.1	0.00205526
RP11-415C15.2	0.00220029
RP11-415I12.3	0.00251016
RP11-415J8.5	0.00124726
RP11-415K20.1	0.0016179
RP11-416K24.2	0.00181612
RP11-416L21.2	0.000962064
RP11-416N4.4	0.000913927
RP11-416O18.1	0.000996517
RP11-416O18.2	0.000917447
RP11-417E7.1	0.00147378
RP11-417E7.2	0.00151638
RP11-417J1.1	0.00154342
RP11-417J1.3	0.00179726
RP11-417L14.1	0.00139516
RP11-417O11.5	0.00148196
RP11-417P24.1	0.00238246
RP11-418I22.2	0.00140718
RP11-418J17.1	0.00220999
RP11-418J17.3	0.00201907
RP11-419C19.2	0.00236513
RP11-419J16.1	0.00159083
RP11-419K12.1	0.0011708
RP11-419L4.1	0.00219115
RP11-419L9.1	0.00101394
RP11-419N10.5	0.00122484
RP11-41O4.2	0.00154752
RP11-41O4.3	0.00123881
RP11-420A23.1	0.00179866
RP11-420G6.4	0.00117739
RP11-420K14.1	0.00241443
RP11-420L9.2	0.00117416
RP11-420L9.4	0.00116527
RP11-420N3.2	0.00239156
RP11-421B23.1	0.0012659
RP11-421B23.2	0.0010215
RP11-421H10.2	0.00252629
RP11-421L10.1	0.00155399
RP11-421M1.8	0.0010212
RP11-421N10.1	0.0020685
RP11-421N8.1	0.000997637
RP11-421N8.2	0.000908293
RP11-421P23.1	0.00116337
RP11-421P23.2	0.0013507
RP11-422J15.1	0.00167579
RP11-422J8.1	0.0015976
RP11-422P22.1	0.00129829
RP11-423H2.1	0.00184218
RP11-423H2.3	0.00207107
RP11-423J7.1	0.00144699
RP11-424D14.1	0.00191065
RP11-424E7.3	0.00171045
RP11-424I19.1	0.00192354
RP11-424I19.2	0.0018507
RP11-424M21.1	0.00162066
RP11-425E13.1	0.0014457
RP11-425I13.3	0.00120752
RP11-426C22.5	0.0024355
RP11-426J5.2	0.00176146
RP11-426L16.3	0.00193688
RP11-426L16.7	0.0017836
RP11-426L16.8	0.00170991
RP11-426L16.9	0.00201534
RP11-427E4.1	0.00163413
RP11-427M20.1	0.00249248
RP11-428C19.4	0.00113924
RP11-428C19.5	0.000947465
RP11-428C6.2	0.0014828
RP11-428G2.1	0.00271914
RP11-428G5.2	0.00266411
RP11-428G5.5	0.00304652
RP11-428G5.6	0.0030189
RP11-428G5.7	0.0025276
RP11-428I12.1	0.00134328
RP11-428J1.2	0.000978032
RP11-428J1.4	0.00106525
RP11-428J1.5	0.00100041
RP11-428L9.1	0.00228511
RP11-428L9.2	0.0025907
RP11-428P16.2	0.00146692
RP11-429A20.2	0.00158528
RP11-429A20.3	0.00160126
RP11-429B14.1	0.00148741
RP11-429E11.2	0.00237303
RP11-429G17.2	0.00149466
RP11-429J17.8	0.00274243
RP11-429K17.1	0.00286591
RP11-429O1.1	0.0022985
RP11-429O2.1	0.001391
RP11-42A4.1	0.00160884
RP11-42I10.1	0.00122444
RP11-42I10.3	0.00122084
RP11-42O15.2	0.00205488
RP11-42O15.3	0.00182134
RP11-430B1.2	0.0014149
RP11-430C1.1	0.00119419
RP11-430G17.1	0.00185277
RP11-430H10.1	0.00168573
RP11-430H10.4	0.00151012
RP11-430L16.1	0.00159025
RP11-430N14.4	0.00291931
RP11-431D12.1	0.00113309
RP11-431J17.1	0.00239231
RP11-431K24.1	0.00144865
RP11-431K24.2	0.00140367
RP11-431K24.4	0.0015208
RP11-431M3.1	0.00120099
RP11-431M7.2	0.00207258
RP11-431M7.3	0.00189668
RP11-432B6.3	0.00180433
RP11-432J24.2	0.00259084
RP11-432J24.3	0.00260058
RP11-432J24.5	0.00255099
RP11-432J24.6	0.00230753
RP11-432J9.3	0.00155926
RP11-432J9.6	0.00147136
RP11-432M8.2	0.000975209
RP11-433C9.2	0.00182399
RP11-433J20.1	0.00130294
RP11-433J20.2	0.00141561
RP11-433J8.1	0.00124831
RP11-433J8.2	0.00123722
RP11-433O3.1	0.00236967
RP11-433P17.1	0.00102104
RP11-434C1.1	0.00128492
RP11-434C1.2	0.00131409
RP11-434C1.3	0.00125949
RP11-434D11.1	0.00106116
RP11-434D2.11	0.0014128
RP11-434D9.1	0.00155842
RP11-434D9.2	0.00147654
RP11-434E6.2	0.00162674
RP11-434H14.1	0.00170961
RP11-434I12.2	0.00235953
RP11-434I12.4	0.00238412
RP11-434I12.5	0.00250357
RP11-434O22.2	0.00156242
RP11-435I3.1	0.00155403
RP11-435M3.2	0.00145574
RP11-435O5.2	0.00131925
RP11-435O5.7	0.00130157
RP11-435P24.2	0.00100658
RP11-435P24.3	0.000978796
RP11-436A7.1	0.00117551
RP11-436D23.1	0.00138316
RP11-436F21.1	0.00153155
RP11-436F23.1	0.00107501
RP11-436F9.1	0.00178054
RP11-436H11.1	0.00111749
RP11-436H16.1	0.00157892
RP11-436J20.1	0.00167503
RP11-436K8.1	0.00141919
RP11-436P7.1	0.00182309
RP11-436P7.2	0.00193901
RP11-437J19.1	0.00135129
RP11-437L7.1	0.00143871
RP11-438B23.2	0.00204724
RP11-438C19.1	0.00280873
RP11-438C19.2	0.00281687
RP11-438D8.2	0.00168308
RP11-438J1.1	0.00156572
RP11-438L7.3	0.00147983
RP11-438N16.1	0.00175488
RP11-438N16.2	0.00179373
RP11-438O11.1	0.00165304
RP11-438P9.1	0.00273931
RP11-438P9.2	0.00267202
RP11-439A17.10	0.001468
RP11-439A17.4	0.00147868
RP11-439C8.1	0.00200567
RP11-439C8.2	0.00154076
RP11-439E19.7	0.00144407
RP11-439E19.8	0.00139618
RP11-439H13.2	0.00179854
RP11-439H9.1	0.00171562
RP11-439I14.2	0.0013786
RP11-439I14.3	0.00143396
RP11-439L18.3	0.00145985
RP11-439L8.4	0.0016381
RP11-43F13.1	0.0014876
RP11-43F13.3	0.00202691
RP11-43F13.4	0.00210314
RP11-43N5.1	0.00155665
RP11-440G2.2	0.00167384
RP11-440G5.2	0.00147206
RP11-440G9.1	0.000728468
RP11-440I14.2	0.00157795
RP11-440I14.3	0.00172736
RP11-440L16.1	0.00159639
RP11-441O15.3	0.00202154
RP11-442A13.1	0.00130615
RP11-442J17.3	0.0014275
RP11-442N1.1	0.00145367
RP11-442O18.1	0.00122367
RP11-442O18.2	0.00113668
RP11-442P12.1	0.00143535
RP11-443A13.5	0.00104139
RP11-443B7.1	0.0023619
RP11-443B7.2	0.00200089
RP11-443B7.3	0.0036001
RP11-443B9.1	0.001912
RP11-443C10.3	0.00139082
RP11-443I9.1	0.00188537
RP11-443J23.1	0.00171177
RP11-443K8.1	0.00208494
RP11-443N24.2	0.00111275
RP11-443N24.3	0.0011356
RP11-443N24.4	0.00112964
RP11-443P15.2	0.00157472
RP11-444A22.1	0.00202545
RP11-444D3.1	0.00131579
RP11-444E17.6	0.00138924
RP11-444P10.1	0.00137684
RP11-445F12.1	0.00147273
RP11-445H22.3	0.00164902
RP11-445H22.4	0.00158075
RP11-445J9.1	0.00196805
RP11-445K13.2	0.00205426
RP11-445O3.1	0.000909072
RP11-445O3.2	0.00162795
RP11-445O3.3	0.00116113
RP11-445P17.3	0.00156637
RP11-445P17.5	0.00154107
RP11-445P19.3	0.00123702
RP11-446E24.4	0.00163229
RP11-446E9.1	0.00139719
RP11-446F3.2	0.00236899
RP11-446H13.2	0.00194834
RP11-446H18.5	0.00187699
RP11-446J8.1	0.00110298
RP11-446N19.1	0.00161202
RP11-447B18.1	0.000892421
RP11-447L10.1	0.00140753
RP11-447M12.2	0.00189752
RP11-447M4.1	0.0017068
RP11-448A19.1	0.00114675
RP11-448G15.3	0.00151822
RP11-448G4.4	0.00159417
RP11-448K10.1	0.00222184
RP11-448N11.1	0.00224492
RP11-448P19.1	0.00152235
RP11-449D8.1	0.00178614
RP11-449D8.5	0.00177256
RP11-449H11.1	0.000727721
RP11-449I17.5	0.00143412
RP11-449J1.1	0.00158094
RP11-449J10.1	0.00212163
RP11-449J3.3	0.0028401
RP11-449M6.2	0.00123139
RP11-44D19.1	0.00118028
RP11-44F14.4	0.00144577
RP11-44F21.2	0.0014023
RP11-44F21.4	0.00169821
RP11-44H4.1	0.00174764
RP11-44I10.5	0.00122942
RP11-44K6.3	0.00185219
RP11-44L9.1	0.00158487
RP11-44L9.3	0.00156157
RP11-44N11.2	0.00136734
RP11-44N17.1	0.00193482
RP11-44N17.2	0.00192775
RP11-450H5.4	0.001775
RP11-450H6.3	0.00104616
RP11-451F20.1	0.00164598
RP11-451G4.1	0.00186816
RP11-451H23.2	0.0036516
RP11-451H23.3	0.00339644
RP11-451J24.1	0.00137394
RP11-451K18.7	0.00171795
RP11-451L19.1	0.00182142
RP11-451O13.1	0.00170965
RP11-451O18.1	0.00129493
RP11-452B18.2	0.00167768
RP11-452C8.1	0.00129762
RP11-452D12.1	0.00211639
RP11-452D21.2	0.00135583
RP11-452F19.3	0.00146163
RP11-452H21.1	0.00140887
RP11-452J21.2	0.0013703
RP11-452K20.1	0.00140616
RP11-452N4.1	0.000836392
RP11-453A12.1	0.000892321
RP11-453D16.1	0.00198379
RP11-453D16.2	0.00142177
RP11-453D21.1	0.002021
RP11-453M23.1	0.00146947
RP11-453O22.1	0.00161243
RP11-453O5.1	0.00170184
RP11-454C18.1	0.00150493
RP11-454C18.2	0.00143936
RP11-454K7.1	0.00104814
RP11-454P21.1	0.00109799
RP11-455B2.9	0.00187492
RP11-455B3.1	0.00144103
RP11-455G16.1	0.00328705
RP11-455J15.1	0.00199285
RP11-456A14.1	0.00141109
RP11-456H18.1	0.00137853
RP11-456H18.2	0.00140579
RP11-456K23.1	0.00133577
RP11-456O19.2	0.00165857
RP11-456O19.4	0.00165857
RP11-457D20.1	0.00102604
RP11-457K10.1	0.00160641
RP11-457M11.5	0.00718007
RP11-458F8.3	0.0028781
RP11-458K10.1	0.00104774
RP11-458K10.3	0.00103602
RP11-459D20.1	0.00212131
RP11-459E5.1	0.00166006
RP11-459K23.2	0.00169768
RP11-459O1.2	0.00234084
RP11-459O16.1	0.00234605
RP11-45A12.1	0.0014756
RP11-45A12.2	0.00145833
RP11-45A16.4	0.000971038
RP11-45H22.2	0.0016846
RP11-45H22.3	0.00169658
RP11-45K10.2	0.00199141
RP11-45L9.1	0.000885198
RP11-45M22.4	0.00202737
RP11-45P15.4	0.00200975
RP11-460B17.3	0.0022202
RP11-460C6.1	0.00189991
RP11-460H9.1	0.00156327
RP11-460I13.2	0.00160417
RP11-460N16.1	0.00127282
RP11-461F11.1	0.000853024
RP11-461F11.3	0.00108628
RP11-461F16.3	0.00163009
RP11-461H3.2	0.000922692
RP11-461K13.1	0.00160167
RP11-461L13.4	0.00155615
RP11-461L13.5	0.00135993
RP11-461O7.1	0.00203727
RP11-462B18.1	0.00161587
RP11-462B18.3	0.00129251
RP11-462G12.2	0.00120926
RP11-462G12.4	0.00080727
RP11-462G2.1	0.0014438
RP11-462G22.1	0.00265138
RP11-462G22.2	0.00258865
RP11-462L8.1	0.0019407
RP11-463C8.4	0.00168353
RP11-463D19.1	0.00196513
RP11-463D19.2	0.00196513
RP11-463H12.2	0.0019411
RP11-463H24.1	0.00150562
RP11-463I20.2	0.00108277
RP11-463I20.3	0.0011047
RP11-463J7.2	0.00188197
RP11-463O9.6	0.00119361
RP11-463O9.9	0.00112059
RP11-463P17.1	0.000964298
RP11-464C19.2	0.00124523
RP11-464C19.3	0.00141135
RP11-464I4.1	0.00146043
RP11-465B22.3	0.00167639
RP11-465B22.5	0.00144821
RP11-465I4.2	0.00190676
RP11-465K1.2	0.0022359
RP11-465K16.1	0.0013226
RP11-465L10.10	0.0027235
RP11-466A17.1	0.00172294
RP11-466A19.3	0.00115577
RP11-466A19.8	0.00115577
RP11-466F5.4	0.00112848
RP11-466I1.1	0.00178008
RP11-466L17.1	0.00204499
RP11-466P24.6	0.00141212
RP11-467C18.1	0.00154415
RP11-467H10.2	0.0017583
RP11-467I17.1	0.00100775
RP11-467I20.3	0.000895616
RP11-467I20.5	0.00101307
RP11-467J12.1	0.00163578
RP11-467J12.3	0.00146363
RP11-467J12.4	0.00135983
RP11-467K18.2	0.00188959
RP11-467L13.5	0.00278679
RP11-467L20.10	0.00150389
RP11-467L24.1	0.00128775
RP11-467M13.3	0.00102899
RP11-468D11.1	0.0016938
RP11-468E2.6	0.00343171
RP11-468E2.9	0.00192734
RP11-468H14.2	0.00090481
RP11-468I15.1	0.0014494
RP11-468O2.1	0.00203712
RP11-469A15.2	0.00179102
RP11-469H8.6	0.00271723
RP11-469L4.1	0.00154417
RP11-469N6.1	0.00137945
RP11-469N6.2	0.00141533
RP11-469N6.3	0.00142175
RP11-46A10.2	0.00142977
RP11-46A10.5	0.00142093
RP11-46C24.5	0.00373769
RP11-46C24.7	0.00369908
RP11-46E17.6	0.00157155
RP11-46I8.1	0.00197906
RP11-46P12.1	0.00153454
RP11-470E16.1	0.00144188
RP11-470F18.1	0.00125207
RP11-470L19.5	0.00183742
RP11-470M17.2	0.00170753
RP11-471B18.1	0.00154707
RP11-471L13.2	0.00103443
RP11-471M2.3	0.00144539
RP11-471N19.1	0.00223946
RP11-472G21.2	0.00249336
RP11-472K22.1	0.00118356
RP11-472K22.2	0.00122792
RP11-472N13.2	0.00257683
RP11-472N13.3	0.00250065
RP11-472N19.3	0.00149886
RP11-473A10.2	0.000981911
RP11-473C19.1	0.00107808
RP11-473E2.2	0.00120048
RP11-473E2.3	0.00108564
RP11-473E2.4	0.00107413
RP11-473I1.6	0.000882384
RP11-473L15.2	0.00120168
RP11-473L15.3	0.00117683
RP11-473M10.3	0.00172058
RP11-473M14.3	0.0013843
RP11-473M20.5	0.00160297
RP11-473O4.3	0.00139136
RP11-473O4.5	0.00136142
RP11-473P24.2	0.00129483
RP11-474D1.1	0.00130098
RP11-474D1.2	0.00127953
RP11-474D1.4	0.0012954
RP11-474G23.1	0.00218092
RP11-474J18.1	0.00205821
RP11-474L23.3	0.00188731
RP11-474N24.2	0.00121143
RP11-474O21.2	0.00107456
RP11-475A13.1	0.00215339
RP11-475A13.2	0.00156973
RP11-475D12.1	0.00262196
RP11-475I24.3	0.000499142
RP11-475N22.4	0.00193914
RP11-475O23.3	0.00180928
RP11-475O6.1	0.0013199
RP11-476B1.1	0.00130202
RP11-476D10.1	0.00216895
RP11-476F14.1	0.00233106
RP11-476H20.1	0.00209733
RP11-476H24.1	0.00151678
RP11-476J6.1	0.00198792
RP11-476K15.1	0.00166671
RP11-476M19.2	0.00144116
RP11-476O21.1	0.00219959
RP11-477G9.1	0.00254922
RP11-477N12.3	0.00250386
RP11-478B11.2	0.0030245
RP11-478B9.1	0.00168646
RP11-478C1.7	0.00247972
RP11-478H13.1	0.00139612
RP11-478H13.3	0.00160279
RP11-478K15.6	0.00116747
RP11-478K7.2	0.0012529
RP11-478L17.1	0.00173182
RP11-478P10.1	0.00109267
RP11-479A21.1	0.00160798
RP11-479J7.1	0.0011833
RP11-479J7.2	0.00116525
RP11-479O16.1	0.00163386
RP11-47G11.2	0.00189488
RP11-47G4.2	0.00262182
RP11-47I22.2	0.00256119
RP11-47I22.3	0.00243634
RP11-47I22.4	0.0026073
RP11-47K11.2	0.00189042
RP11-47P18.1	0.00159716
RP11-480C22.1	0.000758685
RP11-480D4.1	0.00139035
RP11-480D4.2	0.00137577
RP11-480I12.5	0.00127875
RP11-480O10.1	0.0020465
RP11-480O10.2	0.002044
RP11-481A20.11	0.00372559
RP11-481E4.1	0.00230883
RP11-481E4.2	0.00273362
RP11-481H12.1	0.00185158
RP11-481J13.1	0.00167893
RP11-481J2.2	0.00145223
RP11-481K9.4	0.00163056
RP11-481N16.1	0.00168698
RP11-482D24.3	0.00155618
RP11-482E14.1	0.00115855
RP11-482E14.2	0.00105124
RP11-482H16.1	0.00154708
RP11-482L14.1	0.000931247
RP11-482M8.1	0.00182896
RP11-482M8.3	0.00182095
RP11-483A20.3	0.000976547
RP11-483E7.1	0.00127395
RP11-483K5.2	0.00152713
RP11-483K5.3	0.00159843
RP11-483L5.1	0.00135268
RP11-483P21.2	0.00161536
RP11-484K9.4	0.0017568
RP11-484L8.1	0.00169642
RP11-484M3.5	0.00209465
RP11-484O2.1	0.00110047
RP11-484P15.1	0.00107267
RP11-485M7.3	0.00184943
RP11-486A14.1	0.00228975
RP11-486A14.2	0.00234395
RP11-486E2.1	0.00275618
RP11-486L19.2	0.00166315
RP11-486M23.1	0.000830625
RP11-486M23.2	0.000875922
RP11-486O13.2	0.00189252
RP11-486O13.4	0.0020672
RP11-486P11.1	0.00152357
RP11-487E13.1	0.00132994
RP11-488C13.4	0.00205877
RP11-488I4.2	0.00230132
RP11-488L1.1	0.00180811
RP11-488L18.3	0.00185283
RP11-488L18.6	0.00187241
RP11-489C13.1	0.00195446
RP11-489D6.2	0.00101481
RP11-489E7.1	0.00139843
RP11-489E7.4	0.0013701
RP11-489M13.1	0.00299677
RP11-489M13.2	0.0029898
RP11-489M13.3	0.00297847
RP11-489N22.3	0.00159548
RP11-489O18.1	0.00164152
RP11-48B3.4	0.00154877
RP11-48D4.2	0.00128481
RP11-48F14.1	0.00150977
RP11-48L13.1	0.0019695
RP11-48O20.4	0.00135067
RP11-490C5.1	0.00155702
RP11-490D19.11	0.000893939
RP11-490D19.6	0.000753083
RP11-490H9.1	0.00199142
RP11-490M8.1	0.00161649
RP11-490O24.2	0.00175555
RP11-491F9.1	0.0010392
RP11-491F9.5	0.00106524
RP11-491F9.6	0.00109676
RP11-491H19.1	0.00163926
RP11-492A10.1	0.00283879
RP11-492E3.2	0.00194824
RP11-492E3.51	0.00194101
RP11-492L8.1	0.00177395
RP11-492L8.2	0.00171551
RP11-492M23.2	0.00222441
RP11-493E3.2	0.0011977
RP11-493L12.3	0.00231316
RP11-493L12.5	0.00234545
RP11-493L12.6	0.00227339
RP11-494M8.4	0.00152785
RP11-495K9.7	0.00212157
RP11-495K9.9	0.00236159
RP11-495O10.1	0.00113617
RP11-495P10.2	0.000790608
RP11-495P10.9	0.000797727
RP11-496D24.2	0.00156658
RP11-497D6.5	0.0011587
RP11-497G19.1	0.00170487
RP11-497G19.2	0.00153277
RP11-497G19.3	0.00136982
RP11-497K15.1	0.00206907
RP11-497K21.1	0.00208644
RP11-498J9.2	0.00208791
RP11-498M14.1	0.00151767
RP11-498M15.1	0.00129597
RP11-498M5.2	0.00157134
RP11-499E18.1	0.00163332
RP11-499F3.2	0.00129429
RP11-499P1.1	0.00126881
RP11-49K4.2	0.000995741
RP11-4B14.3	0.000862704
RP11-4F5.2	0.00157871
RP11-4G2.1	0.00169459
RP11-4K16.2	0.00205095
RP11-4M23.7	0.00211061
RP11-4N23.1	0.0020252
RP11-4O1.2	0.00207683
RP11-4O3.1	0.00125253
RP11-4O3.2	0.00128854
RP11-500B12.1	0.00139239
RP11-500C11.3	0.0012128
RP11-500G10.4	0.000669494
RP11-500G9.1	0.00175376
RP11-500K19.1	0.00228
RP11-500M10.1	0.00208682
RP11-500M8.7	0.0015338
RP11-501E14.1	0.00240678
RP11-501J20.2	0.000986781
RP11-501J20.5	0.00111254
RP11-501O2.1	0.00116062
RP11-501O2.3	0.00114902
RP11-501O2.4	0.00120045
RP11-501O2.5	0.00103307
RP11-502M1.1	0.0020728
RP11-502M1.2	0.00185777
RP11-503C24.1	0.00156951
RP11-503C24.4	0.00163557
RP11-503C24.6	0.00165845
RP11-503G7.1	0.00192664
RP11-503G7.2	0.0014839
RP11-503L19.1	0.000906784
RP11-503L23.1	0.00161527
RP11-503N18.1	0.0014728
RP11-504A18.1	0.00176125
RP11-504I13.3	0.00108315
RP11-504P24.5	0.00273534
RP11-505C13.1	0.00226623
RP11-505E24.2	0.00248254
RP11-505K1.1	0.0014334
RP11-505K9.4	0.00160311
RP11-505P4.7	0.00173886
RP11-506A18.1	0.00115182
RP11-506B6.6	0.00220993
RP11-506E9.3	0.000902503
RP11-506H20.1	0.00158214
RP11-506K6.4	0.00139685
RP11-506N2.1	0.0021522
RP11-507B12.1	0.00261744
RP11-507B12.2	0.00274972
RP11-507F16.1	0.00188333
RP11-508M8.1	0.00128392
RP11-508N12.2	0.00114701
RP11-508O18.1	0.00140554
RP11-508P1.2	0.00157151
RP11-509A17.3	0.00210021
RP11-509E10.1	0.000928272
RP11-509J21.1	0.00112596
RP11-509J21.3	0.00115662
RP11-509M23.1	0.00295732
RP11-50B3.1	0.00160246
RP11-50B3.2	0.00157975
RP11-50I19.1	0.00242573
RP11-50O21.1	0.0014383
RP11-510D19.1	0.00172757
RP11-510D21.2	0.00118945
RP11-510H23.1	0.00104009
RP11-510I21.1	0.00222904
RP11-510I5.4	0.0021038
RP11-510I6.1	0.00132029
RP11-510I6.2	0.00164042
RP11-510I6.3	0.00169185
RP11-510J16.5	0.00181298
RP11-510M2.2	0.00370013
RP11-510N19.2	0.0010302
RP11-510N19.3	0.00102572
RP11-510P12.1	0.00150896
RP11-511B23.2	0.00219838
RP11-511B7.1	0.00162038
RP11-512G4.1	0.00136099
RP11-512M8.5	0.00236345
RP11-513G11.2	0.000803742
RP11-513G11.3	0.000856969
RP11-513G11.4	0.00120278
RP11-513G19.1	0.00139639
RP11-513H8.1	0.001424
RP11-513N24.1	0.00149131
RP11-513O17.2	0.000979197
RP11-513O17.3	0.000972764
RP11-514D23.1	0.00161572
RP11-514D23.3	0.00152259
RP11-514F8.2	0.00132171
RP11-514O12.4	0.00320656
RP11-515E23.1	0.00127275
RP11-515E23.2	0.00127009
RP11-515K14.1	0.0024501
RP11-515O17.3	0.00142383
RP11-516J2.1	0.00147792
RP11-517B11.7	0.00126329
RP11-517H2.6	0.00299222
RP11-517I3.1	0.00160276
RP11-518I13.1	0.00143833
RP11-518L10.5	0.000742117
RP11-519G16.2	0.00263594
RP11-519M16.1	0.00189562
RP11-51B23.3	0.000947659
RP11-51E20.1	0.00163323
RP11-51L5.1	0.00135312
RP11-51L5.3	0.00142561
RP11-51M18.1	0.00271905
RP11-51M24.1	0.00142208
RP11-51O6.1	0.000851909
RP11-51P8.1	0.00167015
RP11-520A21.1	0.00100309
RP11-520D19.1	0.00139949
RP11-520D19.2	0.00134823
RP11-521C20.2	0.00134477
RP11-521C20.3	0.00134959
RP11-521D12.1	0.00133922
RP11-521D12.2	0.00128544
RP11-521D12.5	0.00137457
RP11-521E5.1	0.00150268
RP11-521F1.1	0.00134056
RP11-521J24.1	0.00136579
RP11-521O16.1	0.00152373
RP11-522B15.3	0.00118979
RP11-522B15.4	0.000980843
RP11-522B15.7	0.000931907
RP11-522D2.1	0.00144883
RP11-523G9.3	0.00132847
RP11-523L20.1	0.00105342
RP11-523O18.1	0.00214931
RP11-523O18.7	0.00184963
RP11-524C21.2	0.00168561
RP11-524K14.1	0.00206746
RP11-524K22.1	0.00213077
RP11-524L6.2	0.00213174
RP11-524L6.4	0.00220712
RP11-525A16.4	0.00175878
RP11-525K10.1	0.00244859
RP11-525K10.3	0.00217065
RP11-526A4.1	0.00126277
RP11-526H11.1	0.00111245
RP11-526N18.1	0.00121174
RP11-526P5.2	0.00210017
RP11-526P6.1	0.00161574
RP11-527D7.1	0.00259188
RP11-527F13.1	0.000974574
RP11-527H14.2	0.00229513
RP11-527L4.2	0.00256137
RP11-527N22.1	0.00125111
RP11-528A10.2	0.00173224
RP11-528A4.2	0.00133647
RP11-528A4.3	0.00142897
RP11-528G1.2	0.00108106
RP11-528M18.3	0.0011594
RP11-528N21.1	0.00115453
RP11-529E10.7	0.00147975
RP11-529F4.1	0.00191389
RP11-529G21.3	0.0023887
RP11-529H2.2	0.00252705
RP11-529J17.1	0.00265297
RP11-529J17.3	0.00101345
RP11-530A18.1	0.0010876
RP11-530C5.1	0.000770579
RP11-530I17.1	0.0015457
RP11-530I17.2	0.00144488
RP11-530N7.3	0.00247465
RP11-531A21.2	0.00115324
RP11-531A24.3	0.00315128
RP11-531H8.1	0.00128503
RP11-531H8.2	0.00125307
RP11-532E4.2	0.00160048
RP11-532F6.4	0.00126751
RP11-532F6.5	0.0013957
RP11-532L16.3	0.00188834
RP11-533F5.2	0.0014139
RP11-533K11.1	0.00214025
RP11-533N14.3	0.00185951
RP11-534N16.1	0.00195996
RP11-534P19.1	0.00238721
RP11-535A5.1	0.00208477
RP11-535M15.2	0.00158631
RP11-535N6.2	0.00113528
RP11-536C10.17	0.00134082
RP11-536C5.2	0.00141438
RP11-536I6.1	0.00169404
RP11-536I6.2	0.00187
RP11-536K17.1	0.00113974
RP11-536K7.3	0.00188099
RP11-536N17.1	0.00108315
RP11-536O18.1	0.00239696
RP11-536O18.2	0.00158822
RP11-536P6.3	0.00154794
RP11-538D16.2	0.00173769
RP11-538D16.3	0.00177554
RP11-538I12.2	0.00224442
RP11-538I12.3	0.00236373
RP11-539L10.2	0.00158382
RP11-539L10.3	0.00159349
RP11-53B2.3	0.00113062
RP11-53B5.1	0.00241371
RP11-53I6.2	0.00202318
RP11-53L24.1	0.00217068
RP11-53M11.2	0.00148506
RP11-53M11.3	0.00144214
RP11-53M11.4	0.00147153
RP11-540E16.2	0.00215165
RP11-540H22.2	0.00117991
RP11-540K16.1	0.00144059
RP11-540N6.1	0.00178058
RP11-540O11.6	0.0015073
RP11-541F9.1	0.00160492
RP11-541F9.2	0.00160101
RP11-541G9.1	0.00220033
RP11-541G9.2	0.00136662
RP11-541P9.3	0.00140985
RP11-542A14.1	0.00134232
RP11-542B15.1	0.00137983
RP11-542C10.1	0.00213623
RP11-542F9.1	0.00173242
RP11-542G1.1	0.00189823
RP11-542G1.2	0.00189823
RP11-542G1.3	0.00189823
RP11-542K23.10	0.0018504
RP11-542K23.7	0.00191062
RP11-542M13.2	0.00164311
RP11-542M13.3	0.00178417
RP11-543A18.1	0.00177425
RP11-543C4.1	0.00161455
RP11-543D5.1	0.00190783
RP11-543E8.1	0.00186279
RP11-543F8.2	0.00157843
RP11-543F8.3	0.00157638
RP11-543G18.1	0.00127209
RP11-543N12.1	0.00139989
RP11-544A12.4	0.00114103
RP11-544D21.1	0.00101016
RP11-544D21.2	0.000936588
RP11-544L8__B.4	0.00138743
RP11-545E17.3	0.00147896
RP11-545G3.1	0.00207157
RP11-545H22.1	0.00165127
RP11-545I10.2	0.00247081
RP11-545L5.1	0.00117241
RP11-545N8.3	0.00224076
RP11-545P6.2	0.00151197
RP11-546B8.1	0.00134589
RP11-546K22.1	0.00165111
RP11-547C13.1	0.00104248
RP11-547C5.2	0.00134359
RP11-547D24.1	0.00221829
RP11-547D24.3	0.00177004
RP11-547I7.1	0.00180552
RP11-547L9.1	0.00300877
RP11-548L20.1	0.00024309
RP11-548M13.1	0.00176219
RP11-548O1.3	0.00197995
RP11-548P2.2	0.00176916
RP11-549A6.1	0.00127169
RP11-54A9.1	0.00157654
RP11-54D18.2	0.00125403
RP11-54D18.3	0.00135736
RP11-54F2.1	0.00117869
RP11-54J7.2	0.00207912
RP11-54O7.17	0.00168326
RP11-550A9.1	0.0022735
RP11-550H2.1	0.00244444
RP11-550H2.2	0.00243278
RP11-550I24.2	0.00174248
RP11-551L14.1	0.00157303
RP11-551L14.6	0.0011047
RP11-552D4.1	0.00108647
RP11-552D8.1	0.0014478
RP11-552E20.1	0.0015265
RP11-552E20.4	0.00149237
RP11-552M14.1	0.0013541
RP11-553A10.1	0.000794891
RP11-553A21.3	0.0016824
RP11-553E24.2	0.00205256
RP11-553E24.3	0.00174195
RP11-553K8.2	0.00124367
RP11-553L6.5	0.00116477
RP11-553P9.1	0.00179058
RP11-553P9.2	0.00172118
RP11-553P9.3	0.00177377
RP11-554A11.6	0.00214916
RP11-554A11.7	0.00253337
RP11-554A11.8	0.00277411
RP11-554D13.1	0.00185338
RP11-554D14.1	0.00140026
RP11-554D15.1	0.00169166
RP11-554D15.3	0.00149491
RP11-554F20.1	0.000990601
RP11-554I8.1	0.00112343
RP11-554I8.2	0.00117133
RP11-554K11.2	0.00142066
RP11-554L12.2	0.00278585
RP11-555F9.2	0.00168753
RP11-555G19.1	0.00150038
RP11-555H7.2	0.000883118
RP11-555J4.4	0.00161241
RP11-555K12.2	0.00150717
RP11-556E13.1	0.00222116
RP11-556G22.2	0.00135314
RP11-556H2.3	0.00100775
RP11-556I14.1	0.0021432
RP11-556I14.2	0.00232082
RP11-556K13.1	0.00101094
RP11-556N21.1	0.00189834
RP11-556O15.1	0.00158272
RP11-557B23.3	0.00125948
RP11-557C18.3	0.0015832
RP11-557C18.4	0.00146194
RP11-557C9.1	0.00181928
RP11-557H15.3	0.00116035
RP11-557H15.4	0.00119249
RP11-557L19.1	0.000592893
RP11-558A11.1	0.00157157
RP11-558A11.3	0.00121908
RP11-559N14.5	0.00209913
RP11-55K22.5	0.00159395
RP11-560A15.3	0.00184957
RP11-560A15.4	0.00188572
RP11-560A7.1	0.00192604
RP11-560G2.1	0.00167431
RP11-560J1.2	0.000774984
RP11-560O20.1	0.00113509
RP11-561B11.1	0.00173798
RP11-561B11.3	0.0017575
RP11-561C5.5	0.00198042
RP11-561G1.3	0.00148334
RP11-561I11.4	0.0016873
RP11-561P12.5	0.00210436
RP11-562F9.2	0.00138674
RP11-562L8.1	0.000892747
RP11-562M8.4	0.00124982
RP11-563D10.1	0.00200968
RP11-563E2.2	0.00188409
RP11-563H6.1	0.00139709
RP11-563J2.2	0.0011456
RP11-563M4.1	0.000990685
RP11-563N12.2	0.00140959
RP11-563P16.1	0.0021326
RP11-564C4.4	0.00177008
RP11-564P9.1	0.00159563
RP11-565A3.1	0.00118899
RP11-565A3.2	0.00127524
RP11-565H13.3	0.00153196
RP11-565N2.1	0.00160531
RP11-565N2.2	0.00169424
RP11-565P22.6	0.00109127
RP11-566E18.3	0.00117225
RP11-566F5.1	0.00177809
RP11-566F5.2	0.00172531
RP11-566H8.1	0.00136333
RP11-566H8.3	0.00132795
RP11-566J3.4	0.00165194
RP11-566K11.7	0.00509526
RP11-566K19.3	0.000947371
RP11-567B20.1	0.00168862
RP11-567C2.1	0.00210497
RP11-567C20.3	0.00133464
RP11-567G11.1	0.00183964
RP11-567L7.6	0.00148929
RP11-567M16.1	0.000915787
RP11-567M16.2	0.000892181
RP11-567M21.3	0.00154777
RP11-567N4.2	0.00193536
RP11-568A19.1	0.00141105
RP11-568A7.1	0.00230997
RP11-568A7.2	0.00238551
RP11-568G20.2	0.00156535
RP11-568J23.1	0.0015273
RP11-568K15.1	0.00179277
RP11-569G13.2	0.00153299
RP11-56A10.1	0.00146776
RP11-56I23.1	0.00218234
RP11-56M3.1	0.0011996
RP11-570H19.2	0.00197739
RP11-570K4.1	0.00116087
RP11-570L15.1	0.00172135
RP11-570L15.2	0.00175649
RP11-571M6.15	0.00217521
RP11-571O6.1	0.00213682
RP11-572C15.3	0.001629
RP11-572C15.5	0.00169405
RP11-572H4.1	0.00148587
RP11-572M11.4	0.00172953
RP11-572P18.1	0.00110212
RP11-572P18.2	0.00139452
RP11-573D15.3	0.001172
RP11-573D15.8	0.00145849
RP11-573G6.6	0.0016978
RP11-573J24.1	0.00192317
RP11-574F11.3	0.00153931
RP11-574H6.1	0.00158313
RP11-574O16.1	0.00131812
RP11-575B7.3	0.00132166
RP11-575C1.1	0.0019269
RP11-575C20.1	0.00126515
RP11-575F12.1	0.00120706
RP11-575F12.2	0.00113796
RP11-575I8.1	0.00198368
RP11-575M4.1	0.00192119
RP11-575N15.1	0.00170105
RP11-576D8.4	0.00177958
RP11-576E20.1	0.00111771
RP11-576I22.2	0.00233458
RP11-576M8.2	0.0017489
RP11-576N17.4	0.00222787
RP11-576N17.5	0.0017639
RP11-577G20.1	0.00203957
RP11-577G20.2	0.00209616
RP11-578C11.2	0.00141259
RP11-578F21.12	0.000752192
RP11-578F21.6	0.00261663
RP11-578F21.9	0.00110974
RP11-579E24.2	0.00194348
RP11-57A19.2	0.0016493
RP11-57C13.3	0.00252298
RP11-57C13.6	0.00252298
RP11-57G22.1	0.00107938
RP11-57H12.2	0.00207254
RP11-57H12.3	0.00207415
RP11-57H12.6	0.00207415
RP11-57H14.3	0.00107092
RP11-57H14.4	0.00105933
RP11-57J16.1	0.000960556
RP11-57P19.1	0.00162396
RP11-580I1.1	0.00148359
RP11-580J4.1	0.0020812
RP11-583F2.2	0.000993779
RP11-583F24.6	0.00113914
RP11-583F24.8	0.00115584
RP11-583M2.2	0.00110367
RP11-584P21.2	0.00214772
RP11-585K6.2	0.00131371
RP11-586D19.1	0.00131942
RP11-586E1.1	0.0019593
RP11-586K2.1	0.00159311
RP11-586L23.1	0.00160586
RP11-587D21.4	0.00137024
RP11-587H10.1	0.00288765
RP11-587H10.2	0.00286059
RP11-587P21.1	0.00114178
RP11-587P21.3	0.00111889
RP11-588F10.1	0.000994929
RP11-588H23.3	0.00164295
RP11-588K22.2	0.00153879
RP11-588P8.1	0.00147308
RP11-589C21.5	0.000931682
RP11-589F4.2	0.00118307
RP11-589N15.1	0.00394217
RP11-589P10.7	0.00244919
RP11-58A17.4	0.00207046
RP11-58A18.1	0.00122479
RP11-58B17.2	0.000994193
RP11-58C22.1	0.00172074
RP11-58E21.3	0.00153242
RP11-58E21.4	0.00128837
RP11-58E21.5	0.00160061
RP11-58E21.7	0.00160061
RP11-58K22.1	0.00159513
RP11-58K22.2	0.00123482
RP11-58O3.1	0.00204055
RP11-58O3.2	0.0020419
RP11-591L14.2	0.0018917
RP11-593F5.2	0.00204616
RP11-594C13.1	0.0012524
RP11-594C13.2	0.00126814
RP11-594N15.2	0.00131411
RP11-595B24.1	0.00230887
RP11-595B24.2	0.00237104
RP11-596D21.1	0.00239913
RP11-597D13.9	0.00154921
RP11-597G23.1	0.00144133
RP11-597K23.1	0.00109933
RP11-597K23.2	0.00121833
RP11-598C10.1	0.00246418
RP11-598D14.1	0.00143799
RP11-598F17.2	0.00259386
RP11-598F7.3	0.00184782
RP11-598F7.4	0.00197535
RP11-598F7.6	0.00216208
RP11-598G2.1	0.00177664
RP11-598O8.1	0.0021933
RP11-59E19.1	0.00158706
RP11-59H1.1	0.000954576
RP11-59J16.1	0.00231478
RP11-5K16.3	0.00123303
RP11-5N11.2	0.00130555
RP11-5O23.1	0.00242444
RP11-5P22.1	0.00159529
RP11-5P22.3	0.00160254
RP11-5P4.1	0.00158666
RP11-5P4.2	0.00156461
RP11-5P4.3	0.00154475
RP11-600K15.1	0.00261646
RP11-600L4.1	0.00296429
RP11-601H16.1	0.00147728
RP11-602M11.3	0.00202095
RP11-603B24.1	0.00138242
RP11-606D9.1	0.00185893
RP11-608B3.1	0.00135431
RP11-608O21.1	0.00174709
RP11-609L23.1	0.00151606
RP11-60A24.3	0.0014033
RP11-60A8.1	0.00113656
RP11-60A8.2	0.00135951
RP11-60C6.5	0.00142712
RP11-60C6.6	0.0014586
RP11-610P16.1	0.00157375
RP11-611D20.2	0.00224365
RP11-611E13.2	0.002124
RP11-613D13.4	0.00136544
RP11-613D13.5	0.000985075
RP11-613H2.1	0.00163784
RP11-613H2.2	0.00169296
RP11-613M10.8	0.00229922
RP11-613M10.9	0.00299232
RP11-613M5.3	0.00170282
RP11-615I16.1	0.00121707
RP11-616K6.1	0.00186701
RP11-616L12.1	0.00251213
RP11-617D20.1	0.00603203
RP11-617F23.1	0.00179009
RP11-617I14.1	0.00103646
RP11-618G20.1	0.00217511
RP11-618I10.4	0.00188697
RP11-618M23.2	0.00140477
RP11-618N24.1	0.00220188
RP11-618N24.3	0.0021891
RP11-618P13.1	0.00184701
RP11-619A14.3	0.00120519
RP11-619L19.1	0.00206104
RP11-61D1.2	0.00207904
RP11-61D3.1	0.00125612
RP11-61G19.1	0.00172152
RP11-61G23.1	0.00187361
RP11-61G23.2	0.00191995
RP11-61J19.2	0.00164
RP11-61J19.3	0.0016421
RP11-61L19.2	0.00197339
RP11-61L23.2	0.00170683
RP11-61O1.1	0.00172157
RP11-620J15.3	0.00209041
RP11-621H8.1	0.00198517
RP11-621H8.2	0.00209497
RP11-622C24.1	0.00134527
RP11-622J8.1	0.00192619
RP11-622L21.1	0.00203022
RP11-622O11.4	0.00103692
RP11-624A4.1	0.00114424
RP11-624C23.1	0.00145872
RP11-624D11.2	0.00165007
RP11-624J12.1	0.00103548
RP11-624L12.1	0.00238347
RP11-624L4.1	0.0014389
RP11-624L4.2	0.0011503
RP11-624M8.1	0.000983298
RP11-625H11.1	0.0010997
RP11-625H11.2	0.000981508
RP11-625I7.1	0.00233718
RP11-625L16.1	0.00127146
RP11-626A5.2	0.0015621
RP11-626E13.1	0.00131798
RP11-626G11.4	0.000786454
RP11-626H12.1	0.00219796
RP11-626H12.2	0.00222402
RP11-626I20.2	0.00192082
RP11-626I20.3	0.00191307
RP11-626P14.1	0.00172418
RP11-626P14.2	0.00166965
RP11-627D16.1	0.00158009
RP11-627D16.2	0.00162687
RP11-627G18.4	0.00214285
RP11-627G23.1	0.00166669
RP11-627H22.9	0.00144423
RP11-627K11.4	0.00186747
RP11-627K11.5	0.00172953
RP11-629E24.2	0.00134144
RP11-629F19.1	0.00235875
RP11-629G13.1	0.00123882
RP11-629O1.2	0.000918353
RP11-629O19.1	0.00213511
RP11-62H7.3	0.0016166
RP11-62I21.1	0.00164632
RP11-62J1.4	0.00149585
RP11-62L10.1	0.000902276
RP11-62L18.3	0.00162233
RP11-630C16.1	0.00191823
RP11-630C16.2	0.00190882
RP11-631F7.1	0.00154519
RP11-631F7.2	0.00143475
RP11-632B21.1	0.00186666
RP11-632K21.6	0.00228163
RP11-634B22.4	0.00201223
RP11-634B7.4	0.0034771
RP11-635N19.1	0.00139141
RP11-636O21.1	0.00139445
RP11-637O19.3	0.00101111
RP11-638D14.1	0.00110129
RP11-638F5.1	0.00210466
RP11-638I2.4	0.00176175
RP11-638L3.1	0.00163348
RP11-638O6.1	0.00101363
RP11-639B1.1	0.00130086
RP11-63A11.1	0.00141523
RP11-63A23.2	0.00179576
RP11-63B19.1	0.0018713
RP11-63D14.1	0.00171919
RP11-63E5.6	0.00158752
RP11-63E9.1	0.00147114
RP11-63G10.2	0.00148093
RP11-63H19.1	0.00163008
RP11-63H19.6	0.00170394
RP11-63K6.7	0.00204425
RP11-63N3.1	0.00129334
RP11-63N3.2	0.00139089
RP11-63N8.3	0.00162247
RP11-63P12.2	0.00197137
RP11-63P12.6	0.00194848
RP11-640A1.4	0.0021506
RP11-640I2.1	0.00136614
RP11-640N11.2	0.00106604
RP11-641A6.2	0.00319971
RP11-641A6.8	0.00340926
RP11-641D5.2	0.00196648
RP11-642C5.1	0.00174392
RP11-642D21.2	0.00134199
RP11-642D6.1	0.00176807
RP11-642M2.1	0.00138648
RP11-642P15.1	0.0015247
RP11-643A5.1	0.00191944
RP11-643A5.2	0.00178351
RP11-644C3.1	0.00219894
RP11-644F5.16	0.00316142
RP11-644F5.17	0.00301944
RP11-644L4.1	0.0013319
RP11-646E18.2	0.002056
RP11-646E18.3	0.00213675
RP11-646E18.4	0.00211273
RP11-646J21.4	0.0013399
RP11-647P12.1	0.00209687
RP11-648C16.1	0.00126625
RP11-648F7.1	0.00189687
RP11-648K4.2	0.00129491
RP11-649A16.1	0.00150691
RP11-649G15.2	0.00180408
RP11-64B16.5	0.00101311
RP11-64C1.1	0.0015471
RP11-64C12.6	0.00149722
RP11-64C12.8	0.0013813
RP11-64D24.2	0.00197531
RP11-64D24.4	0.00166424
RP11-64I17.1	0.00168492
RP11-64J4.2	0.00135081
RP11-64K10.1	0.000934495
RP11-64P14.7	0.0025736
RP11-650J17.1	0.00187407
RP11-652G5.1	0.000475999
RP11-653B10.1	0.00195752
RP11-653G8.2	0.00131323
RP11-654A16.1	0.00152503
RP11-654A16.3	0.00161847
RP11-654C22.1	0.0016187
RP11-654C22.2	0.00177414
RP11-654D12.2	0.00209393
RP11-654F3.1	0.00253488
RP11-655G22.1	0.0015356
RP11-655G22.2	0.00143283
RP11-655H13.2	0.00202228
RP11-655M14.4	0.00190543
RP11-656A15.1	0.00209507
RP11-656D10.6	0.00154129
RP11-656G20.1	0.00165818
RP11-657O9.1	0.00133999
RP11-659F24.1	0.00124943
RP11-659O3.1	0.00248653
RP11-659P15.1	0.00189756
RP11-65B23.3	0.00192315
RP11-65D17.1	0.00181369
RP11-65D24.1	0.00102533
RP11-65D24.2	0.00116383
RP11-65J21.1	0.00118695
RP11-65J21.3	0.00120144
RP11-65J21.4	0.00104663
RP11-65J3.1	0.00155598
RP11-65J3.3	0.00266233
RP11-65J3.6	0.00223508
RP11-65M17.1	0.00160493
RP11-65M17.3	0.00164417
RP11-65N13.8	0.00149882
RP11-661C8.3	0.00185468
RP11-661P17.1	0.00190647
RP11-662J14.1	0.00211014
RP11-662J14.2	0.00220402
RP11-662M24.1	0.000656931
RP11-662M24.2	0.000791768
RP11-663N22.1	0.00131809
RP11-663P9.1	0.00164532
RP11-663P9.2	0.00162472
RP11-664D1.1	0.00190275
RP11-664H17.1	0.00111835
RP11-664H7.1	0.00179787
RP11-664H7.2	0.00182472
RP11-664I21.5	0.0014549
RP11-665C14.1	0.00187084
RP11-665C14.2	0.00233742
RP11-665C16.6	0.00159277
RP11-665E10.1	0.00200083
RP11-665E10.3	0.00215904
RP11-665E10.5	0.00188655
RP11-665G4.1	0.00110047
RP11-665I14.1	0.00105101
RP11-665J16.1	0.00227325
RP11-666A8.11	0.00226522
RP11-666E17.1	0.0014811
RP11-666F17.1	0.00158986
RP11-666I19.2	0.00245201
RP11-667F9.2	0.00289341
RP11-669B18.1	0.00177146
RP11-669C19.1	0.00196629
RP11-669I1.1	0.00151658
RP11-669M16.1	0.00119398
RP11-669M2.1	0.00119189
RP11-669M2.2	0.00112144
RP11-669N7.2	0.00129359
RP11-669N7.3	0.00165274
RP11-66B24.1	0.00127303
RP11-66B24.2	0.00119747
RP11-66B24.4	0.00150532
RP11-66B24.5	0.00127021
RP11-66B24.7	0.00119747
RP11-66B24.8	0.00142471
RP11-66D17.3	0.00166051
RP11-66N24.4	0.00161267
RP11-670E13.3	0.000908176
RP11-671J11.1	0.0013609
RP11-671P2.1	0.00246586
RP11-672A2.1	0.0012758
RP11-672A2.3	0.00130558
RP11-672A2.5	0.00117763
RP11-672A2.6	0.00127052
RP11-672A2.7	0.00130426
RP11-672L10.1	0.00181511
RP11-672L10.2	0.00135341
RP11-672L10.3	0.00140946
RP11-672L10.4	0.00158435
RP11-672L10.5	0.00149341
RP11-673C5.2	0.000933806
RP11-673E1.4	0.00144569
RP11-673E11.2	0.00144862
RP11-673P17.4	0.000709707
RP11-674N23.1	0.00113295
RP11-674N23.2	0.00117857
RP11-674P19.2	0.00206256
RP11-675F6.4	0.00135231
RP11-675P14.1	0.00190324
RP11-676F20.1	0.00122014
RP11-676F20.2	0.00132765
RP11-676F20.3	0.00121991
RP11-676J15.1	0.000837888
RP11-676M6.1	0.00100682
RP11-677M14.3	0.0010633
RP11-677M14.7	0.00140957
RP11-677O4.2	0.00134786
RP11-677O4.3	0.00137038
RP11-677O4.4	0.00134167
RP11-678D18.1	0.00105401
RP11-678G14.4	0.00231629
RP11-678G15.1	0.0010763
RP11-679B17.2	0.00161529
RP11-679B19.2	0.00094962
RP11-679C8.2	0.00272418
RP11-67H2.1	0.00137833
RP11-67L3.2	0.00240084
RP11-67L3.4	0.00233555
RP11-67M9.1	0.0011313
RP11-67P15.1	0.00160353
RP11-680B3.2	0.00130429
RP11-680E19.1	0.00214562
RP11-680E19.2	0.00210779
RP11-680F20.10	0.00170491
RP11-680F20.6	0.00160125
RP11-680F8.1	0.00108401
RP11-680G10.1	0.00162392
RP11-680H20.2	0.00196443
RP11-681H10.1	0.00254483
RP11-681L8.1	0.00221347
RP11-681N23.1	0.00185754
RP11-684B2.5	0.0020573
RP11-684B20.1	0.00170538
RP11-685A21.1	0.00166148
RP11-685M7.5	0.001181
RP11-686D16.1	0.00138533
RP11-686D22.2	0.00128915
RP11-686D22.5	0.00142973
RP11-686F15.3	0.00256711
RP11-686G23.2	0.0013317
RP11-687D19.1	0.00139242
RP11-687M24.5	0.00153736
RP11-688D15.1	0.00160149
RP11-688D15.2	0.00158842
RP11-688I9.4	0.000774086
RP11-689B22.2	0.00106947
RP11-689C9.1	0.00169901
RP11-689K5.3	0.00224885
RP11-68D16.1	0.00140999
RP11-68D16.2	0.00151917
RP11-68D19.1	0.00148458
RP11-68E19.1	0.00147571
RP11-68I3.2	0.00235489
RP11-68L1.2	0.00297324
RP11-690C23.2	0.0013868
RP11-690C23.4	0.0013868
RP11-690J15.1	0.0013183
RP11-691G17.1	0.00263326
RP11-691H4.4	0.00108693
RP11-691L4.2	0.00250966
RP11-692C23.1	0.00182801
RP11-692C24.2	0.00122312
RP11-692C24.3	0.00123254
RP11-692E14.1	0.00183681
RP11-692N5.1	0.00190506
RP11-693I21.1	0.00130983
RP11-693J15.4	0.0018056
RP11-693J15.5	0.00200384
RP11-693L9.2	0.000952277
RP11-693N9.1	0.00253677
RP11-695J4.2	0.001366
RP11-696F10.1	0.00160025
RP11-696F12.1	0.00170396
RP11-696N14.1	0.00228435
RP11-696N14.3	0.00176582
RP11-697B24.1	0.0012594
RP11-697E2.6	0.00183392
RP11-697E22.2	0.00168564
RP11-697G4.4	0.000792829
RP11-697M17.2	0.00149837
RP11-698N11.2	0.00123726
RP11-699F16.2	0.00346389
RP11-699L21.1	0.00129944
RP11-699L21.2	0.00129944
RP11-69C13.1	0.0011035
RP11-69C17.2	0.00255717
RP11-69C17.3	0.00249261
RP11-69C17.4	0.00259155
RP11-69H14.6	0.00180845
RP11-69I8.2	0.00316882
RP11-69I8.3	0.00292356
RP11-69L16.4	0.00149992
RP11-69M1.3	0.00210527
RP11-6B4.1	0.00156213
RP11-6C14.1	0.00215758
RP11-6F6.1	0.00100231
RP11-6I2.3	0.00152168
RP11-6I2.4	0.00141175
RP11-6J21.2	0.002656
RP11-6L6.3	0.001089
RP11-6L6.7	0.00126171
RP11-6N13.1	0.00158039
RP11-6N17.10	0.00385467
RP11-6N17.2	0.00395127
RP11-6O2.3	0.000934454
RP11-700E23.1	0.00272468
RP11-700E23.3	0.00258396
RP11-700H13.1	0.00151672
RP11-700H6.4	0.00170325
RP11-700N1.1	0.00304869
RP11-701B6.1	0.00250386
RP11-701H24.10	0.00100422
RP11-701I24.1	0.00140255
RP11-701I24.3	0.00167914
RP11-701P16.3	0.000872499
RP11-701P16.4	0.000824231
RP11-701P16.5	0.000798514
RP11-702B10.1	0.00111209
RP11-702B10.2	0.001007
RP11-702F3.3	0.00182987
RP11-702F3.4	0.00185839
RP11-702H23.4	0.00215794
RP11-702L6.4	0.00139052
RP11-703G6.1	0.00171014
RP11-703H8.9	0.00239702
RP11-703I16.3	0.00147363
RP11-703M24.5	0.00231931
RP11-703P11.1	0.00161639
RP11-704C2.1	0.00168375
RP11-705O1.8	0.00184355
RP11-705O24.1	0.00159188
RP11-706C16.8	0.00222112
RP11-706D8.3	0.00237384
RP11-706F1.1	0.0015439
RP11-706F1.2	0.00162455
RP11-706J10.1	0.00099711
RP11-706J10.2	0.00109465
RP11-707A18.1	0.00167906
RP11-707F2.1	0.000928269
RP11-708B6.2	0.000983108
RP11-709B3.2	0.00119873
RP11-709D24.6	0.00162141
RP11-70F11.8	0.00242098
RP11-710C12.1	0.00133847
RP11-711G10.1	0.00140269
RP11-711K1.7	0.00127678
RP11-712B9.2	0.00153619
RP11-712C7.1	0.00115877
RP11-712C7.2	0.00129033
RP11-713C19.2	0.00116533
RP11-713M15.2	0.00202564
RP11-713M6.2	0.00148331
RP11-713N11.5	0.00156507
RP11-713P14.1	0.00187596
RP11-713P17.3	0.00130669
RP11-713P17.4	0.00130669
RP11-713P17.5	0.00126852
RP11-714L20.1	0.0012246
RP11-715C4.1	0.00152077
RP11-715L17.1	0.00291077
RP11-716D16.1	0.00175465
RP11-716D19.1	0.00426818
RP11-716O23.1	0.00112857
RP11-716O23.2	0.0011837
RP11-717H13.1	0.00190953
RP11-718B12.2	0.00149002
RP11-718L23.1	0.00142668
RP11-718M20.5	0.00274072
RP11-718O11.1	0.00184061
RP11-719J20.1	0.00184385
RP11-719L21.1	0.00160423
RP11-719N22.1	0.00174334
RP11-719N22.2	0.00180189
RP11-71E19.1	0.00187853
RP11-71E19.2	0.00143342
RP11-71E19.5	0.00132367
RP11-71E22.1	0.00154696
RP11-71G12.1	0.00157219
RP11-71G7.1	0.00160936
RP11-71H9.1	0.00232306
RP11-71H9.2	0.00221023
RP11-71J2.1	0.00312274
RP11-71J4.2	0.00258348
RP11-71N10.1	0.00130926
RP11-720D4.3	0.00178896
RP11-720L2.4	0.00185167
RP11-720L8.1	0.00135496
RP11-722M1.1	0.0020107
RP11-723G8.2	0.00128104
RP11-723O4.6	0.00190384
RP11-723P16.3	0.00191688
RP11-724M22.1	0.00176267
RP11-724O16.1	0.00209257
RP11-725D20.1	0.00173582
RP11-725G5.2	0.00159765
RP11-725M22.1	0.000679992
RP11-727A23.10	0.001374
RP11-727M10.1	0.00125794
RP11-728C8.1	0.00136946
RP11-728E14.3	0.00183425
RP11-728F11.3	0.00127898
RP11-728G15.1	0.00270514
RP11-728K20.1	0.00203841
RP11-728K20.2	0.00207056
RP11-728L1.1	0.00181527
RP11-729L2.2	0.00141513
RP11-729M20.1	0.00210924
RP11-72H11.1	0.00223033
RP11-72J9.1	0.00104124
RP11-72K17.1	0.00140259
RP11-72L22.1	0.00137963
RP11-72M17.1	0.00170197
RP11-730N24.1	0.00110863
RP11-730N24.2	0.0012132
RP11-731J8.2	0.0012699
RP11-731K22.1	0.00139658
RP11-731N10.1	0.00240878
RP11-732A19.1	0.00157926
RP11-732M18.2	0.00192308
RP11-732M18.3	0.00191826
RP11-733C7.1	0.001468
RP11-733D4.1	0.00174037
RP11-733D4.2	0.00184953
RP11-734I18.1	0.00130449
RP11-734J24.1	0.00109844
RP11-734K21.4	0.0013609
RP11-734K21.5	0.00130763
RP11-735A19.2	0.00150073
RP11-735G4.1	0.00160872
RP11-736E3.1	0.00168147
RP11-736G13.1	0.00150342
RP11-736I10.1	0.00149596
RP11-736K20.5	0.00202626
RP11-736K20.6	0.00178882
RP11-736N17.8	0.00184143
RP11-736P16.1	0.00116108
RP11-737F10.1	0.00142444
RP11-737F9.1	0.00158732
RP11-737G21.1	0.00184042
RP11-737O24.2	0.001598
RP11-738B7.1	0.00119993
RP11-738G5.2	0.000727543
RP11-739G5.1	0.00159679
RP11-739L10.1	0.00168746
RP11-739N10.1	0.00113962
RP11-739N20.2	0.00186093
RP11-73B2.7	0.00350784
RP11-73B8.2	0.00128451
RP11-73B8.3	0.00123273
RP11-73M7.1	0.00161934
RP11-73O6.3	0.00239601
RP11-740D6.3	0.00119701
RP11-740N7.3	0.00172228
RP11-740P5.3	0.00160638
RP11-742B18.1	0.00294997
RP11-744D14.2	0.00114044
RP11-744I24.2	0.00164798
RP11-744I24.3	0.00156577
RP11-744J10.3	0.00143396
RP11-744N12.3	0.00141788
RP11-744O11.2	0.00127763
RP11-745C15.2	0.00168053
RP11-745K9.2	0.00173102
RP11-745L13.2	0.002516
RP11-746B8.1	0.000944529
RP11-747D18.1	0.00241063
RP11-748H22.1	0.00150402
RP11-748L13.6	0.00283233
RP11-749H17.1	0.00188273
RP11-749H20.1	0.00180635
RP11-749H20.3	0.00196562
RP11-749H20.4	0.00203483
RP11-74C13.3	0.00192436
RP11-74C13.4	0.00191754
RP11-74C3.1	0.00170377
RP11-74D3.2	0.00194615
RP11-74E22.3	0.00206108
RP11-74E22.4	0.00203849
RP11-74K11.1	0.00215594
RP11-74K11.2	0.00211093
RP11-74K19.1	0.00194298
RP11-74M11.2	0.00116867
RP11-74M13.4	0.00232417
RP11-750B16.1	0.0024584
RP11-751A18.1	0.00153144
RP11-751H17.1	0.00180459
RP11-752L20.1	0.00259271
RP11-752L20.5	0.0024008
RP11-752P2.1	0.00153212
RP11-752P2.2	0.00142342
RP11-753A21.1	0.00178895
RP11-753A21.2	0.00131996
RP11-753D20.3	0.00100792
RP11-753H16.3	0.00340962
RP11-753H16.5	0.00340962
RP11-753N8.1	0.00218949
RP11-754N21.1	0.00192403
RP11-755E23.3	0.00144283
RP11-756D7.1	0.00114619
RP11-756G12.1	0.00152073
RP11-756H20.1	0.00181251
RP11-756J15.3	0.00124756
RP11-756K15.2	0.000954491
RP11-756P10.2	0.00141623
RP11-756P10.3	0.00138254
RP11-757O6.1	0.00248148
RP11-757O6.4	0.00217088
RP11-758H6.1	0.00148359
RP11-758M4.1	0.00156482
RP11-758M4.4	0.00155034
RP11-758P17.3	0.00238598
RP11-75A5.1	0.00178931
RP11-75C9.2	0.00159722
RP11-75L1.6	0.00173764
RP11-75N20.2	0.00154707
RP11-75N4.2	0.00204524
RP11-761B3.1	0.00202092
RP11-761I4.3	0.00123659
RP11-761N21.1	0.00104026
RP11-762E8.1	0.00118722
RP11-763E3.1	0.00125071
RP11-763K15.1	0.0024234
RP11-764K9.1	0.00155984
RP11-765K14.1	0.00119337
RP11-766F14.1	0.0016818
RP11-766N7.3	0.00144781
RP11-766N7.4	0.00144781
RP11-767C1.1	0.00111081
RP11-767C4.1	0.00122287
RP11-767C6.1	0.00171004
RP11-767I20.1	0.00161859
RP11-767N15.1	0.00219817
RP11-768F21.1	0.00161869
RP11-769N22.1	0.00101482
RP11-76C10.2	0.00157271
RP11-76C10.5	0.00142467
RP11-76E12.1	0.000888339
RP11-76G10.1	0.00148291
RP11-76H14.2	0.00252453
RP11-76I14.1	0.00178669
RP11-76N22.1	0.00227204
RP11-76N22.2	0.00236179
RP11-770E5.1	0.000463875
RP11-771K4.1	0.00230859
RP11-772C9.1	0.00107906
RP11-772E11.1	0.001002
RP11-774D14.1	0.00317923
RP11-774G5.1	0.00203638
RP11-774I5.1	0.00210141
RP11-774O3.1	0.00162293
RP11-774O3.2	0.00171868
RP11-775B15.3	0.00214716
RP11-775G23.1	0.00170828
RP11-775H9.1	0.00133548
RP11-775H9.2	0.00133548
RP11-775L16.1	0.00169527
RP11-776A13.1	0.00261546
RP11-776A13.2	0.00216934
RP11-776A13.3	0.00242482
RP11-776H12.1	0.00140264
RP11-777J24.1	0.00251641
RP11-777N19.1	0.00156924
RP11-778D9.13	0.00219289
RP11-778D9.9	0.00248013
RP11-778H2.1	0.0012951
RP11-778J15.1	0.00143275
RP11-778J16.2	0.00182774
RP11-778J16.3	0.00202317
RP11-778O17.4	0.00341034
RP11-779O18.1	0.00117389
RP11-779O18.4	0.00112603
RP11-779P15.1	0.00232403
RP11-779P15.2	0.00233992
RP11-77B22.1	0.00249792
RP11-77B22.2	0.00254781
RP11-77C3.3	0.00162762
RP11-77E14.2	0.00117518
RP11-77H9.6	0.000973136
RP11-77H9.8	0.00102341
RP11-77I22.2	0.00148937
RP11-77I22.4	0.00134562
RP11-77K12.4	0.00166923
RP11-77K12.8	0.00171611
RP11-77P16.1	0.00241901
RP11-77P16.3	0.00246438
RP11-77P16.4	0.0025245
RP11-780O17.1	0.00151909
RP11-781A6.1	0.00193957
RP11-781D11.1	0.00279663
RP11-781E19.1	0.00132897
RP11-781P14.3	0.000843082
RP11-781P6.1	0.00194426
RP11-782E2.2	0.00138188
RP11-782K4.1	0.00226204
RP11-783L4.1	0.00176804
RP11-784B15.1	0.00152635
RP11-785H20.1	0.00153266
RP11-787B4.2	0.00138436
RP11-787D11.1	0.00173034
RP11-787P24.2	0.00207088
RP11-787P24.4	0.00218844
RP11-788A4.1	0.00157597
RP11-788M5.3	0.00127579
RP11-789A21.1	0.00186945
RP11-789C1.1	0.00273964
RP11-789C1.2	0.00303744
RP11-789C2.1	0.00275384
RP11-78A18.2	0.00166782
RP11-78B10.2	0.00271739
RP11-78C3.1	0.00181502
RP11-78E6.1	0.00111609
RP11-78F17.1	0.00180173
RP11-78H24.1	0.00152633
RP11-78O22.1	0.00108434
RP11-78O7.2	0.00140852
RP11-78O9.1	0.00135587
RP11-790J24.1	0.00150298
RP11-793A3.2	0.00105338
RP11-793B23.1	0.00130008
RP11-793H13.10	0.00264318
RP11-793L10.1	0.00141318
RP11-794A8.1	0.00122722
RP11-794M8.2	0.00129111
RP11-794P6.1	0.00173938
RP11-795A2.2	0.00141476
RP11-795H16.3	0.00203579
RP11-795J1.1	0.00116147
RP11-796E10.1	0.00114765
RP11-796E2.4	0.00129724
RP11-796I2.1	0.000904453
RP11-796L2.1	0.00311176
RP11-797M17.1	0.00158932
RP11-798K23.1	0.00145673
RP11-798K23.4	0.00150176
RP11-798K3.2	0.00118716
RP11-798K3.3	0.0012899
RP11-798K3.4	0.00134444
RP11-799N11.1	0.00109466
RP11-799O21.2	0.00163662
RP11-799P8.1	0.00155822
RP11-79C23.1	0.00152758
RP11-79E3.3	0.000227231
RP11-79H23.3	0.00158901
RP11-79J24.1	0.00182178
RP11-79P5.3	0.00142388
RP11-79P5.9	0.00149002
RP11-7C6.1	0.00175628
RP11-7F17.1	0.00204105
RP11-7F17.4	0.00165303
RP11-7F17.7	0.00212854
RP11-7G12.2	0.00107589
RP11-7I15.3	0.00126305
RP11-7K24.3	0.00155754
RP11-7O14.1	0.0016555
RP11-800A3.2	0.00104742
RP11-800A3.3	0.00130255
RP11-801I18.1	0.00180569
RP11-802H3.1	0.00106698
RP11-802H3.2	0.00044613
RP11-803B1.3	0.00190261
RP11-804M7.2	0.0025554
RP11-804N13.1	0.00290187
RP11-805F19.2	0.00247499
RP11-805F19.4	0.00236931
RP11-805I24.1	0.00179266
RP11-805I24.3	0.00164558
RP11-805I24.4	0.00166997
RP11-805J14.5	0.001783
RP11-805L22.1	0.00200934
RP11-805L22.3	0.00195593
RP11-806J6.1	0.00190616
RP11-807H17.1	0.00109089
RP11-807H22.7	0.00155191
RP11-807H7.1	0.00176278
RP11-807H7.2	0.00169359
RP11-809F4.2	0.00099124
RP11-809F4.3	0.00133156
RP11-809H16.2	0.00261238
RP11-809H16.5	0.00242785
RP11-809M12.1	0.00155561
RP11-80B9.4	0.00113495
RP11-80H8.4	0.00157518
RP11-80K21.3	0.00181591
RP11-80K6.2	0.000948292
RP11-810B23.1	0.00151481
RP11-810F22.1	0.00114036
RP11-810H18.1	0.00193784
RP11-810P12.1	0.00239791
RP11-810P12.5	0.00245454
RP11-810P12.6	0.00243138
RP11-811I15.1	0.00165311
RP11-811J10.1	0.00323532
RP11-811P12.3	0.00162106
RP11-813B8.1	0.00273622
RP11-813F20.1	0.00211397
RP11-813F20.2	0.00227966
RP11-813I20.2	0.0016987
RP11-814E24.3	0.00218568
RP11-814M22.2	0.00164284
RP11-814P5.1	0.00128817
RP11-815J21.3	0.0021152
RP11-815J21.4	0.0021152
RP11-815M8.1	0.00204206
RP11-816J8.1	0.0012528
RP11-817J15.2	0.00176607
RP11-818C3.1	0.00146329
RP11-818F20.5	0.00126249
RP11-81A22.5	0.00174802
RP11-81F13.2	0.000998127
RP11-81H14.2	0.00258348
RP11-81H14.3	0.00125059
RP11-81H14.4	0.00126369
RP11-81H3.2	0.00251395
RP11-81K13.1	0.00215331
RP11-81K2.1	0.0018985
RP11-81N13.1	0.00142329
RP11-820I16.1	0.00167716
RP11-820I16.2	0.00171917
RP11-820L6.1	0.000927864
RP11-822E23.5	0.00171601
RP11-822P1.1	0.00108359
RP11-824M15.3	0.00077116
RP11-826N14.4	0.0021242
RP11-829H16.3	0.00197611
RP11-82C23.2	0.0016605
RP11-82H13.2	0.00135387
RP11-82K18.2	0.00265656
RP11-82L2.1	0.00168354
RP11-82L7.4	0.00182798
RP11-831A10.1	0.00225792
RP11-831A10.2	0.00207075
RP11-834C11.11	0.00381477
RP11-834C11.12	0.00379091
RP11-834C11.3	0.00405835
RP11-834C11.5	0.00396738
RP11-838N2.3	0.0020279
RP11-838N2.4	0.00130542
RP11-838N2.5	0.00234682
RP11-83B20.1	0.00118499
RP11-83C7.1	0.00342685
RP11-83C7.2	0.00469186
RP11-83J21.3	0.0014897
RP11-83M16.6	0.00155842
RP11-83N9.5	0.00149887
RP11-840I19.3	0.00179497
RP11-843B15.1	0.00233516
RP11-843B15.3	0.00213443
RP11-843P14.2	0.00208804
RP11-844P9.2	0.00216976
RP11-845M18.7	0.00277423
RP11-846F4.11	0.00131063
RP11-848P1.3	0.00248474
RP11-848P1.9	0.00247606
RP11-849F2.10	0.000989852
RP11-849F2.5	0.00105746
RP11-849F2.7	0.00105746
RP11-849I19.1	0.00125784
RP11-849N15.4	0.0017369
RP11-84A1.3	0.00166855
RP11-84A19.4	0.00102569
RP11-84C10.1	0.0024711
RP11-84C10.3	0.00250183
RP11-84C10.4	0.0022899
RP11-84D1.2	0.00152446
RP11-84E24.3	0.00124096
RP11-84H6.1	0.00154867
RP11-84O12.3	0.0013837
RP11-850F7.7	0.00197656
RP11-856F16.2	0.00118741
RP11-856M7.1	0.00176165
RP11-856M7.6	0.00212259
RP11-857B24.5	0.000701319
RP11-85B7.2	0.00183133
RP11-85B7.4	0.00142887
RP11-85G21.1	0.00162009
RP11-85G21.2	0.00157225
RP11-85G21.3	0.00160611
RP11-85I21.1	0.00156084
RP11-85M11.2	0.00236556
RP11-861A13.4	0.00233348
RP11-862G15.2	0.00115413
RP11-863K10.2	0.000791071
RP11-863N1.4	0.00178077
RP11-863P13.1	0.00393402
RP11-863P13.2	0.00405222
RP11-863P13.3	0.00400435
RP11-863P13.4	0.00356207
RP11-863P13.6	0.00304858
RP11-864G5.1	0.00139995
RP11-865B13.1	0.00141351
RP11-865I6.2	0.00213781
RP11-866E20.1	0.00076211
RP11-866E20.3	0.00192048
RP11-867G2.8	0.00185303
RP11-86H7.6	0.00136509
RP11-86H7.7	0.00137545
RP11-86L19.2	0.00205596
RP11-871F6.2	0.00154797
RP11-871F6.3	0.001731
RP11-872D17.8	0.00210101
RP11-873E20.1	0.0017223
RP11-875H7.1	0.00157241
RP11-875H7.5	0.00172485
RP11-875O11.1	0.00142998
RP11-875O11.2	0.00123814
RP11-876F14.2	0.0018525
RP11-876N24.1	0.00117104
RP11-876N24.2	0.0013757
RP11-879F14.1	0.00261453
RP11-879F14.2	0.00179738
RP11-87E22.1	0.00158153
RP11-87F15.2	0.00155167
RP11-87G24.3	0.00117497
RP11-87N24.3	0.00103386
RP11-87P13.2	0.00217181
RP11-881M11.8	0.0012701
RP11-882G5.1	0.00138933
RP11-883G14.1	0.00184613
RP11-883G14.2	0.00181825
RP11-883G14.3	0.00151871
RP11-883G14.4	0.0014395
RP11-885B4.1	0.00175393
RP11-885L14.1	0.00183425
RP11-886D15.1	0.00256661
RP11-887P2.3	0.00246957
RP11-887P2.5	0.00265959
RP11-889D3.1	0.00150496
RP11-889D3.2	0.00150715
RP11-889L3.1	0.00244252
RP11-88E18.1	0.00167227
RP11-88H10.2	0.00196218
RP11-88H10.3	0.00200416
RP11-88H9.2	0.00174337
RP11-88I21.2	0.00231174
RP11-890B15.2	0.00118476
RP11-893F2.5	0.00120191
RP11-893F2.6	0.00117853
RP11-893F2.9	0.00133312
RP11-896J10.3	0.00125932
RP11-897M7.1	0.00247314
RP11-899L11.1	0.00182655
RP11-89A16.1	0.00128055
RP11-89C3.2	0.00068629
RP11-89C3.3	0.000693927
RP11-89H19.1	0.00133187
RP11-89K10.1	0.00188233
RP11-89K18.1	0.00197058
RP11-89K21.1	0.00213127
RP11-89K22.1	0.00157106
RP11-89M16.1	0.00154657
RP11-89M20.1	0.000717768
RP11-89N17.1	0.000818072
RP11-89N17.2	0.000830275
RP11-89N17.3	0.000802667
RP11-89N17.4	0.000807289
RP11-8J23.1	0.00175222
RP11-8J9.5	0.00265564
RP11-8L2.1	0.00185554
RP11-8L21.1	0.001212
RP11-8L8.1	0.000708918
RP11-8L8.2	0.000422054
RP11-8P11.3	0.00172921
RP11-903H12.3	0.00142026
RP11-903H12.4	0.00123218
RP11-907D1.1	0.00101652
RP11-907D1.2	0.00062816
RP11-909N17.2	0.00222908
RP11-90B22.1	0.00219569
RP11-90C4.1	0.00191057
RP11-90C4.2	0.00200324
RP11-90C4.3	0.00196573
RP11-90D11.1	0.00187769
RP11-90H3.2	0.00112664
RP11-90J7.2	0.00117181
RP11-90K18.1	0.000862585
RP11-90P13.1	0.000992551
RP11-90P5.2	0.000968233
RP11-90P5.5	0.000706285
RP11-916L7.1	0.00194291
RP11-91A15.2	0.00179837
RP11-91H12.4	0.00186638
RP11-91I11.1	0.00162871
RP11-91I20.1	0.00177625
RP11-91I8.1	0.0012871
RP11-91I8.3	0.000781685
RP11-91J19.4	0.00135973
RP11-91J3.2	0.00142272
RP11-91J3.3	0.00134512
RP11-91K11.2	0.00160928
RP11-91K8.4	0.0014019
RP11-91K8.5	0.00144708
RP11-91K9.1	0.00212071
RP11-91P17.1	0.00146293
RP11-923I11.5	0.00151437
RP11-92A5.2	0.00163218
RP11-92C4.3	0.000769133
RP11-92C4.4	0.000696223
RP11-92G19.2	0.00117929
RP11-92K15.1	0.0015748
RP11-930O11.1	0.00127966
RP11-93B21.1	0.00147922
RP11-93H10.1	0.00169416
RP11-93I21.2	0.00139965
RP11-93I21.3	0.00162027
RP11-93K22.6	0.00216114
RP11-93L9.1	0.00137026
RP11-93N20.1	0.0020718
RP11-93O17.1	0.00259576
RP11-93O7.5	0.0016505
RP11-941H19.3	0.00175744
RP11-945A11.1	0.0013
RP11-945A11.2	0.00123171
RP11-945C19.1	0.00151246
RP11-945C19.4	0.00109966
RP11-945F5.1	0.00113989
RP11-946L20.1	0.00135382
RP11-946L20.2	0.00163249
RP11-946L20.4	0.00171163
RP11-94A24.1	0.0011954
RP11-94B19.1	0.0014687
RP11-94B19.4	0.00151698
RP11-94B19.6	0.00151409
RP11-94D20.1	0.00166399
RP11-94H18.1	0.00166875
RP11-94H18.2	0.00166265
RP11-94P11.4	0.00260887
RP11-953B20.1	0.00153606
RP11-953B20.2	0.00143734
RP11-955H22.1	0.0017259
RP11-955H22.2	0.00131173
RP11-955H22.3	0.00151188
RP11-955H22.4	0.00161157
RP11-956E11.1	0.00209598
RP11-956J14.2	0.00305112
RP11-958F21.1	0.00142102
RP11-958J22.1	0.00140028
RP11-958J22.3	0.0014373
RP11-95D17.1	0.0017328
RP11-95H11.1	0.00169326
RP11-95H3.1	0.00166723
RP11-95H8.5	0.00129329
RP11-95I16.2	0.00181724
RP11-95L3.2	0.00122832
RP11-95M15.1	0.000922882
RP11-95M15.2	0.00092751
RP11-95M5.1	0.0010821
RP11-95P13.1	0.00196847
RP11-95P13.2	0.00196662
RP11-95P2.3	0.00109483
RP11-95P2.4	0.000931285
RP11-960B9.2	0.00116786
RP11-960D24.1	0.00149168
RP11-960H2.2	0.00178513
RP11-960L18.1	0.00178855
RP11-961A15.1	0.00103497
RP11-962G15.1	0.00075086
RP11-963H4.3	0.000972848
RP11-964E11.2	0.00108497
RP11-966I7.1	0.00106336
RP11-968A15.8	0.00339731
RP11-968O1.5	0.00145303
RP11-96A1.4	0.00303301
RP11-96A1.5	0.00300182
RP11-96B2.1	0.00124132
RP11-96C21.1	0.00124286
RP11-96C23.10	0.00240733
RP11-96C23.14	0.00240733
RP11-96D24.1	0.00137527
RP11-96F8.1	0.00217917
RP11-96G10.1	0.00133957
RP11-96H17.1	0.00144531
RP11-96J19.4	0.000866775
RP11-96K19.4	0.00151673
RP11-96O20.4	0.00214782
RP11-972P1.8	0.00389874
RP11-973F15.1	0.00118562
RP11-973H7.4	0.00130626
RP11-973H7.5	0.00130626
RP11-973N13.3	0.00280202
RP11-977B10.2	0.00234803
RP11-977P2.1	0.00230524
RP11-978I15.10	0.00287305
RP11-97C18.1	0.00131911
RP11-97E7.1	0.00170145
RP11-97E7.2	0.00165035
RP11-97F8.1	0.00232593
RP11-97I14.1	0.00101564
RP11-97N10.1	0.00154799
RP11-97O12.2	0.00253357
RP11-97O12.7	0.00240154
RP11-981G7.2	0.00130069
RP11-982M15.6	0.000842415
RP11-982M15.7	0.00094923
RP11-983C2.1	0.00136187
RP11-983C2.3	0.00130546
RP11-983C2.4	0.00122878
RP11-983P16.4	0.00326757
RP11-986E7.2	0.0016919
RP11-986E7.7	0.00149636
RP11-98C1.1	0.00201232
RP11-98C8.1	0.00105759
RP11-98J9.1	0.00137972
RP11-98J9.2	0.00137972
RP11-98L5.2	0.00151109
RP11-98L5.4	0.00144935
RP11-98L5.5	0.0012808
RP11-98O2.1	0.00126756
RP11-98P2.1	0.0014633
RP11-991C1.1	0.00137642
RP11-991C1.2	0.00135491
RP11-993B23.1	0.00174453
RP11-996F15.2	0.00248849
RP11-998D10.4	0.00149876
RP11-99C10.1	0.00121547
RP11-99E15.2	0.00143536
RP11-99H20.1	0.00164578
RP11-99J16__A.2	0.00216282
RP11-99L13.1	0.00107398
RP11-9D8.1	0.0031948
RP11-9G1.3	0.00219505
RP11-9L18.2	0.00109728
RP13-1016M1.2	0.00207769
RP13-122B23.8	0.000301045
RP13-137A17.4	0.00214565
RP13-137A17.6	0.00208071
RP13-143G15.3	0.00078995
RP13-143G15.4	0.000599408
RP13-15E13.1	0.000697123
RP13-16H11.2	0.00216807
RP13-198D9.3	0.00164562
RP13-20L14.6	0.00166556
RP13-238F13.3	0.00202439
RP13-238F13.5	0.00203262
RP13-259N13.2	0.00173041
RP13-270P17.2	0.00241199
RP13-279N23.2	0.00238427
RP13-359K18.1	0.00415853
RP13-379L11.1	0.00195148
RP13-379L11.2	0.00212254
RP13-379L11.3	0.00192801
RP13-379O24.2	0.00163594
RP13-379O24.3	0.00210109
RP13-392I16.1	0.00192594
RP13-452N2.1	0.00100482
RP13-455A7.1	0.00119827
RP13-463N16.6	0.00218257
RP13-487K5.1	0.00152006
RP13-494C23.1	0.00179963
RP13-507P19.1	0.00247401
RP13-507P19.2	0.00247654
RP13-514E23.1	0.00154579
RP13-526J3.1	0.00231247
RP13-578N3.3	0.00142283
RP13-580B18.1	0.00221152
RP13-580F15.2	0.00114303
RP13-582O9.5	0.00185017
RP13-60M5.2	0.00154912
RP13-612N21.1	0.00121424
RP13-614K11.1	0.00111583
RP13-616I3.1	0.00145656
RP13-619I2.2	0.00217585
RP13-631K18.2	0.00122029
RP13-631K18.3	0.00106384
RP13-653N12.1	0.00116985
RP13-653N12.2	0.000977818
RP13-685P2.7	0.0019086
RP13-726E6.1	0.00218745
RP13-726E6.2	0.0023073
RP13-81N3.2	0.00147411
RP13-870H17.3	0.00276386
RP13-884E18.2	0.00120407
RP13-890H12.2	0.00477776
RP13-895J2.7	0.00277352
RP13-977J11.2	0.00216756
RP13-996F3.3	0.0014347
RP1L1	0.00144329
RP3-322G13.7	0.00157678
RP3-323P13.2	0.00179454
RP3-325F22.3	0.000950533
RP3-331H24.5	0.00195553
RP3-332B22.1	0.00142991
RP3-333H23.8	0.00149523
RP3-334F4.1	0.00255673
RP3-334F4.2	0.00252492
RP3-335N17.2	0.00232403
RP3-336K20__B.2	0.00147551
RP3-337D23.3	0.00121809
RP3-340N1.6	0.0021631
RP3-344J20.1	0.00198241
RP3-352A20.1	0.00138191
RP3-355L5.5	0.00213585
RP3-357I16.1	0.000818177
RP3-359N14.1	0.00191603
RP3-359N14.2	0.00276245
RP3-368B9.2	0.00164512
RP3-380B4.1	0.00224282
RP3-380B8.4	0.00180582
RP3-380E11.2	0.00183558
RP3-390M24.1	0.00285347
RP3-391O22.3	0.00235071
RP3-393E18.1	0.00130152
RP3-393E18.2	0.00168244
RP3-393K13.1	0.00222809
RP3-399J4.1	0.00168945
RP3-399J4.2	0.00191187
RP3-399J4.4	0.00167373
RP3-399L15.2	0.00165853
RP3-399L15.3	0.00152106
RP3-400B16.1	0.000770671
RP3-400B16.2	0.00069039
RP3-404K8.2	0.00215451
RP3-406P24.1	0.000669485
RP3-413H6.2	0.00209086
RP3-416H24.4	0.00283204
RP3-416J7.4	0.00147058
RP3-416J7.5	0.00162261
RP3-418C23.2	0.00114248
RP3-419C19.2	0.00109644
RP3-420J14.1	0.00209165
RP3-422G23.4	0.00136994
RP3-428L16.1	0.00179094
RP3-429O6.1	0.00154431
RP3-432I18.1	0.00209362
RP3-435K13.1	0.00327378
RP3-437C15.1	0.00222685
RP3-437C15.2	0.00220778
RP3-437I16.1	0.00181284
RP3-441A12.1	0.00177406
RP3-445O10.1	0.00163182
RP3-446N13.1	0.00190637
RP3-448I9.1	0.00147302
RP3-448I9.2	0.00171259
RP3-449H6.1	0.00138781
RP3-449O17.1	0.00152432
RP3-451B15.3	0.00206529
RP3-453D15.1	0.00139806
RP3-454B23.1	0.00135472
RP3-455E7.1	0.00325283
RP3-455J7.3	0.00113858
RP3-461F17.2	0.002311
RP3-461P17.10	0.00247314
RP3-462D8.2	0.00145726
RP3-463P15.1	0.0020497
RP3-467L1.4	0.00154819
RP3-468B3.2	0.00294365
RP3-470B24.5	0.000687165
RP3-470L22.1	0.00186595
RP3-471C18.2	0.00139985
RP3-477M7.6	0.0017715
RP3-477O4.14	0.00239768
RP3-495K2.1	0.00167736
RP3-495K2.2	0.00180546
RP3-495K2.3	0.00220719
RP3-495O10.1	0.00170617
RP3-500L14.2	0.00150736
RP3-508D13.1	0.00176092
RP3-510D11.1	0.00139459
RP3-510L9.1	0.000933234
RP3-513G18.2	0.00104743
RP3-514A23.2	0.00121858
RP3-518E13.2	0.00152298
RP3-522D1.1	0.00155866
RP3-522P13.3	0.00381548
RP3-523K23.2	0.00252646
RP3-525N10.2	0.00182875
RP3-527G5.1	0.000842479
RP4-529N6.1	0.000942881
RP4-529N6.2	0.000884145
RP4-535B20.1	0.0018699
RP4-536B24.3	0.00157029
RP4-541C22.5	0.00151771
RP4-543J13.1	0.00102503
RP4-544H6.2	0.00110856
RP4-545C24.1	0.00166514
RP4-555D20.2	0.00150461
RP4-555D20.4	0.00132753
RP4-555L14.4	0.00121788
RP4-559A3.6	0.00126834
RP4-564F22.5	0.00205629
RP4-564M11.2	0.00197514
RP4-564O4.1	0.00182103
RP4-568F9.6	0.00145229
RP4-569D19.5	0.0025297
RP4-569D19.8	0.00164095
RP4-570O12.2	0.00190355
RP4-575N6.4	0.00145271
RP4-576H24.2	0.0016283
RP4-576H24.4	0.0016283
RP4-580N22.2	0.00171204
RP4-583P15.15	0.0026872
RP4-584D14.7	0.00182566
RP4-586O15.1	0.00199155
RP4-590F24.1	0.00127747
RP4-591B8.3	0.0009655
RP4-591L5.1	0.000878697
RP4-591L5.2	0.00101958
RP4-594A5.1	0.0019498
RP4-594L9.2	0.00181782
RP4-595K12.1	0.00238923
RP4-597A16.2	0.00196961
RP4-597A16.3	0.00199514
RP4-597N16.1	0.00334489
RP4-598G3.1	0.00263349
RP4-601K24.1	0.0011215
RP4-601P9.1	0.00270174
RP4-601P9.2	0.00242635
RP4-603I14.3	0.0024703
RP4-607J23.2	0.00147352
RP4-610C12.3	0.00187765
RP4-612J11.1	0.00183279
RP4-613B23.1	0.00154742
RP4-614C15.3	0.00146098
RP4-614N24.1	0.00152266
RP4-617C6.1	0.00190125
RP4-620F22.2	0.00285699
RP4-620F22.3	0.00309072
RP4-630C24.3	0.00113699
RP4-630J13.1	0.00232427
RP4-633O19__A.1	0.000799955
RP4-639F20.1	0.00206879
RP4-639J15.1	0.00173558
RP4-639J15.2	0.00175562
RP4-640E24.1	0.000982085
RP4-641G12.3	0.00140521
RP4-641G12.4	0.00147814
RP4-644L1.2	0.00086503
RP4-647J21.1	0.00107421
RP4-651E10.4	0.00201586
RP4-655C5.4	0.00162841
RP4-655J12.4	0.00159895
RP4-656G21.1	0.00154941
RP4-657M3.2	0.00185796
RP4-659I19.1	0.00181737
RP4-660H19.1	0.0027534
RP4-662A9.2	0.00168257
RP4-663N10.1	0.00154746
RP4-663N10.2	0.00153326
RP4-665J23.1	0.00195655
RP4-665J23.4	0.00197567
RP4-666F24.3	0.00131193
RP4-667H12.4	0.00261926
RP4-668E10.2	0.00142767
RP4-668G5.1	0.00122111
RP4-668J24.2	0.00102374
RP4-669B10.3	0.00162896
RP4-669H2.1	0.000880742
RP4-672N11.1	0.00128832
RP4-673D20.1	0.0016213
RP4-673D20.3	0.0014088
RP4-673D20.6	0.00147894
RP4-676J13.2	0.00235513
RP4-676L2.1	0.00136179
RP4-678D15.1	0.00100288
RP4-683L5.1	0.00114921
RP4-683M8.2	0.00151726
RP4-684O24.5	0.00167026
RP4-694A7.4	0.00165582
RP4-697K14.3	0.0020149
RP4-697P8.3	0.00116162
RP4-701O16.5	0.00286937
RP4-704D21.2	0.00195262
RP4-704D23.1	0.00124985
RP4-705D16.3	0.00142972
RP4-705O1.1	0.00192398
RP4-706G24.1	0.0023835
RP4-710M16.2	0.00127881
RP4-712E4.1	0.00224877
RP4-715N11.2	0.00149057
RP4-717M23.2	0.00136572
RP4-718J7.4	0.00104679
RP4-718N17.2	0.00129117
RP4-723E3.1	0.00151536
RP4-724E13.2	0.00115084
RP4-724E16.2	0.00108358
RP4-726F1.1	0.00146952
RP4-726N1.2	0.00164908
RP4-730D4.1	0.00164284
RP4-734C18.1	0.00151438
RP4-734P14.4	0.00158762
RP4-735C1.4	0.0017967
RP4-735C1.6	0.00126078
RP4-735N21.1	0.00112243
RP4-736H5.1	0.00226305
RP4-736H5.3	0.00206634
RP4-737A23.2	0.0015624
RP4-737E23.2	0.00130229
RP4-738P15.4	0.00225061
RP4-739H11.4	0.00157212
RP4-743O11.1	0.00280613
RP4-745E8.2	0.00196011
RP4-745K6.1	0.00137327
RP4-749H3.1	0.00201484
RP4-753D10.3	0.00119192
RP4-754E20__A.5	0.00171122
RP4-761J14.10	0.00168302
RP4-761J14.8	0.00148474
RP4-763G1.1	0.00180769
RP4-763G1.2	0.00180733
RP4-764D2.1	0.00148819
RP4-764O22.1	0.00142853
RP4-764O22.2	0.000991196
RP4-765H13.1	0.00238097
RP4-771M4.2	0.00172647
RP4-771M4.3	0.00173017
RP4-773N10.6	0.0013473
RP4-779E11.3	0.00256614
RP4-781K5.4	0.00200476
RP4-781K5.6	0.00200325
RP4-781K5.7	0.00194885
RP4-781K5.8	0.00175907
RP4-781L3.1	0.00215665
RP4-782G3.1	0.00184724
RP4-782L23.2	0.0010939
RP4-784A16.5	0.001528
RP4-785J1.1	0.00162079
RP4-788L20.3	0.00105697
RP4-788P17.1	0.00258491
RP4-791C19.1	0.00165036
RP4-794H19.2	0.00149292
RP4-794H19.4	0.00150901
RP4-796I8.1	0.00141757
RP4-797C5.2	0.00159883
RP4-798P15.3	0.00193862
RP4-799D16.1	0.00198689
RP4-799G3.1	0.00206258
RP4-799G3.2	0.00197367
RP4-799P18.4	0.00148886
RP4-800G7.3	0.00138719
RP4-800O15.3	0.00114273
RP4-801G22.2	0.0019498
RP4-806M20.3	0.00133891
RP4-809F18.1	0.00206517
RP4-809F18.2	0.00219193
RP4-810F7.1	0.0019968
RP5-1004I9.1	0.00113882
RP5-1004I9.2	0.00122423
RP5-1007G16.1	0.00146162
RP5-1007H16.1	0.00228176
RP5-1007M22.2	0.00317995
RP5-1010E17.1	0.00226187
RP5-1010E17.2	0.000917921
RP5-1011O1.2	0.00136404
RP5-1013A22.5	0.00134714
RP5-1018K9.1	0.00174493
RP5-1021I20.1	0.00258284
RP5-1021I20.2	0.00268199
RP5-1022P6.4	0.00128361
RP5-1024C24.1	0.00135386
RP5-1027G4.3	0.00155365
RP5-1027O11.1	0.00163914
RP5-1028K7.2	0.00100814
RP5-1028L10.2	0.00178679
RP5-1029F21.3	0.00186238
RP5-1029F21.4	0.00172542
RP5-1029K10.2	0.00152723
RP5-1030M6.3	0.00180102
RP5-1031D4.2	0.00138852
RP5-1031J8.1	0.00208604
RP5-1033H2.1	0.00124636
RP5-1033H22.2	0.00180173
RP5-1039K5.13	0.00250998
RP5-1043L13.1	0.00147664
RP5-1048B16.1	0.00174595
RP5-1049N15.2	0.00132116
RP5-1050E16.1	0.000502908
RP5-1050E16.2	0.000660602
RP5-1050K3.3	0.00175825
RP5-1051D14.1	0.00218431
RP5-1051H14.2	0.00186541
RP5-1051J4.4	0.00266921
RP5-1052I5.1	0.00165343
RP5-1052I5.2	0.00165343
RP5-1053E7.3	0.00167006
RP5-1056L3.1	0.00166244
RP5-1057I20.2	0.00177656
RP5-1059H15.1	0.000942772
RP5-1061H20.5	0.00131895
RP5-1063M23.1	0.00206211
RP5-1063M23.2	0.00193999
RP5-1065P14.2	0.00119512
RP5-1066H13.4	0.00138163
RP5-1068B5.1	0.00144312
RP5-1068E13.7	0.00143441
RP5-1069C8.2	0.00188591
RP5-1070A16.1	0.00103738
RP5-1077B9.5	0.00314094
RP5-1077H22.1	0.00138934
RP5-1077H22.2	0.00137577
RP5-1086K13.1	0.0013984
RP5-1086L22.1	0.00252017
RP5-1092A11.5	0.00256694
RP5-1092L12.2	0.00216676
RP5-1096D14.3	0.00137115
RP5-1096J16.1	0.00135107
RP5-1097F14.1	0.00193421
RP5-1097P24.1	0.00127447
RP5-1098D14.1	0.00206087
RP5-1100I6.1	0.00162296
RP5-1100I6.2	0.00168291
RP5-1101C3.1	0.00123738
RP5-1102E8.3	0.00189578
RP5-1103G7.10	0.00274459
RP5-1103G7.4	0.00287097
RP5-1106E3.1	0.00114555
RP5-1109J22.1	0.00238492
RP5-1109J22.2	0.00229229
RP5-1112F19.2	0.00163183
RP5-1114G22.1	0.00155447
RP5-1114G22.2	0.0015515
RP5-1119A7.10	0.00104937
RP5-1119A7.11	0.00102543
RP5-1119A7.17	0.00112412
RP5-1119D9.4	0.00177091
RP5-1119O21.2	0.00158596
RP5-1120P11.1	0.00197833
RP5-1120P11.4	0.0018173
RP5-1121H13.4	0.00137211
RP5-1125M8.3	0.00134841
RP5-1125N11.1	0.00102205
RP5-1126H10.2	0.00212711
RP5-1128N12.2	0.00171004
RP5-1136G13.1	0.00140332
RP5-1136G2.1	0.00142463
RP5-1159O4.1	0.00216869
RP5-1160K1.8	0.00171773
RP5-1164C1.2	0.00145916
RP5-1166F10.1	0.00234262
RP5-1172A22.1	0.00110052
RP5-1177I5.3	0.00276189
RP5-1177M21.1	0.00142706
RP5-1180C18.1	0.00159653
RP5-1185H19.2	0.00165214
RP5-1185I7.1	0.00178411
RP5-1185K9.1	0.00126079
RP5-1186P10.2	0.00138833
RP5-1195D24.1	0.002735
RP5-1198O20.4	0.0019655
RP5-823G15.5	0.000934616
RP5-826L7.1	0.00159095
RP5-827C21.1	0.00128864
RP5-827C21.2	0.00137878
RP5-827L5.1	0.000906455
RP5-827L5.2	0.000943084
RP5-827O9.1	0.00146842
RP5-828H9.1	0.00187286
RP5-833A20.1	0.000952432
RP5-834N19.1	0.00196371
RP5-836E8.1	0.000485121
RP5-837I24.2	0.00136596
RP5-839B4.8	0.00107365
RP5-843L14.1	0.00177849
RP5-845O24.8	0.000946183
RP5-850E9.3	0.00148446
RP5-855F14.1	0.00201639
RP5-855F14.2	0.00200307
RP5-856G1.1	0.00140614
RP5-858B6.1	0.00216733
RP5-859D4.3	0.00154914
RP5-859M6.1	0.00183329
RP5-860P4.2	0.0020161
RP5-862K6.4	0.00153171
RP5-862P8.3	0.00158399
RP5-864K19.4	0.0026689
RP5-865N13.1	0.00164599
RP5-865N13.2	0.00165895
RP5-866L20.1	0.00252578
RP5-881L22.4	0.00156797
RP5-881L22.5	0.00161221
RP5-884C9.2	0.00135711
RP5-884C9.3	0.00135711
RP5-884M6.1	0.00171052
RP5-887A10.1	0.00197891
RP5-888M10.2	0.00126396
RP5-893G23.1	0.000880005
RP5-894A10.2	0.00169542
RP5-894D12.3	0.00273583
RP5-894D12.5	0.00273583
RP5-896L10.1	0.00110885
RP5-897D18.1	0.00173746
RP5-898J17.1	0.00212319
RP5-899B16.2	0.00136123
RP5-899E9.1	0.00147086
RP5-905G11.3	0.00315779
RP5-907D15.3	0.00144197
RP5-908D6.1	0.00319074
RP5-908M14.5	0.00249171
RP5-916L7.2	0.00156063
RP5-921G16.1	0.00115564
RP5-925F19.1	0.00150826
RP5-933E2.1	0.00188065
RP5-934G17.6	0.00282678
RP5-936J12.1	0.00176563
RP5-940F7.2	0.00175703
RP5-940J5.3	0.0015452
RP5-943J3.2	0.00298945
RP5-944M2.2	0.00208929
RP5-944M2.3	0.00208037
RP5-945F2.2	0.00153179
RP5-945F2.3	0.0019348
RP5-945I17.2	0.00126592
RP5-947P14.1	0.00161666
RP5-952N6.1	0.00245855
RP5-955M13.4	0.00139844
RP5-963E22.4	0.00260805
RP5-963E22.5	0.00239676
RP5-964H19.2	0.0017925
RP5-965F6.2	0.00192736
RP5-968D22.1	0.00115615
RP5-968D22.3	0.00111168
RP5-968J1.1	0.00164421
RP5-971N18.3	0.00125641
RP5-978I12.1	0.00162409
RP5-983L19.2	0.00114431
RP5-988G15.1	0.00202554
RP5-988G17.1	0.0012794
RP5-991C6.3	0.00194036
RP5-991C6.4	0.00202269
RP5-991O23.1	0.00144027
RP5-998H6.2	0.00241624
RP5-998N21.3	0.00142298
RP6-109B7.3	0.000599593
RP6-114E22.1	0.00209184
RP6-42F4.1	0.00144164
RP6-65G23.1	0.00220885
RP6-91H8.2	0.00176897
RPA1	0.0018217
RPA2P2	0.0011031
RPA3	0.00245142
RPA3-AS1	0.00245142
RPAP1	0.00141842
RPAP2	0.00193211
RPE65	0.00181808
RPEP2	0.000901506
RPF1	0.0018526
RPF2P1	0.00223766
RPF2P2	0.00231713
RPGRIP1	0.00110066
RPGRIP1L	0.00141114
RPH3A	0.00365003
RPH3AL	0.00287326
RPIA	0.00120436
RPIAP1	0.00239201
RPL10L	0.00185516
RPL11P5	0.00267804
RPL12L3	0.00205705
RPL12P2	0.00176843
RPL12P23	0.00228768
RPL12P4	0.00171791
RPL13AP17	0.00165629
RPL13AP20	0.00123558
RPL13AP25	0.00197286
RPL13AP5	0.00123411
RPL13P12	0.00235288
RPL15P1	0.00134842
RPL15P2	0.00198666
RPL15P20	0.00162395
RPL15P3	0.00152569
RPL17P12	0.00128981
RPL17P20	0.00132876
RPL17P33	0.000912642
RPL17P35	0.00254824
RPL17P37	0.00229307
RPL17P45	0.00132719
RPL17P51	0.00124775
RPL18A	0.00105923
RPL18AP17	0.000868245
RPL19P1	0.00114751
RPL19P11	0.00206896
RPL21P103	0.0016678
RPL21P107	0.0012482
RPL21P108	0.00166821
RPL21P112	0.00139351
RPL21P119	0.0011486
RPL21P12	0.00201303
RPL21P120	0.00183646
RPL21P122	0.000792073
RPL21P127	0.00156515
RPL21P129	0.000980206
RPL21P13	0.00227523
RPL21P131	0.00102418
RPL21P17	0.00186791
RPL21P2	0.00236011
RPL21P32	0.00310761
RPL21P38	0.00212253
RPL21P39	0.00185456
RPL21P41	0.00214128
RPL21P43	0.00142805
RPL21P67	0.00154703
RPL22	0.00193777
RPL22P19	0.00126003
RPL23AP12	0.0013748
RPL23AP22	0.00194003
RPL23AP35	0.00312877
RPL23AP39	0.00187223
RPL23AP4	0.0011952
RPL23AP46	0.00196436
RPL23AP68	0.00249258
RPL23AP73	0.00215446
RPL23AP76	0.00176354
RPL23AP78	0.00189757
RPL23AP80	0.00200951
RPL23P11	0.0017485
RPL24P7	0.00222405
RPL26	0.00105746
RPL26P20	0.00141377
RPL26P3	0.00123908
RPL26P31	0.00130861
RPL27A	0.00148953
RPL28	0.0016241
RPL29P29	0.00159132
RPL29P3	0.00110074
RPL29P32	0.00147239
RPL30P10	0.000970006
RPL30P12	0.00159841
RPL30P3	0.00107957
RPL30P6	0.00135323
RPL30P7	0.00110129
RPL31P11	0.00156664
RPL31P12	0.00275903
RPL31P13	0.00162545
RPL31P35	0.00172285
RPL31P40	0.00154621
RPL31P41	0.00126193
RPL31P56	0.00202956
RPL31P57	0.00164758
RPL31P59	0.00168437
RPL31P9	0.0016034
RPL32	0.0012264
RPL34	0.00115226
RPL34-AS1	0.00118641
RPL34P1	0.00126416
RPL34P22	0.00103937
RPL34P27	0.00220891
RPL34P29	0.000924225
RPL35A	0.00124992
RPL35AP	0.00113181
RPL35AP12	0.0020262
RPL35AP15	0.00169393
RPL35AP18	0.00257051
RPL35AP19	0.00179524
RPL35AP21	0.000994398
RPL35AP22	0.00145017
RPL35AP3	0.00193101
RPL35AP30	0.00176648
RPL35AP35	0.00221478
RPL35P1	0.00223887
RPL35P4	0.00240385
RPL35P8	0.00294676
RPL35P9	0.00203974
RPL36AP21	0.00160843
RPL36AP26	0.0020335
RPL36AP35	0.00181195
RPL36AP6	0.00162625
RPL36P1	0.000934044
RPL36P16	0.00148418
RPL37A	0.00186232
RPL37P10	0.00127737
RPL37P2	0.00226654
RPL37P21	0.00210758
RPL37P25	0.00204575
RPL37P4	0.00164286
RPL38	0.00133636
RPL38P1	0.00126907
RPL39L	0.00105272
RPL39P25	0.0015456
RPL39P33	0.00105964
RPL39P40	0.00156788
RPL3L	0.00104284
RPL3P11	0.00135232
RPL3P13	0.0012541
RPL3P2	0.0215018
RPL3P4	0.00223145
RPL3P7	0.00163879
RPL3P8	0.00131874
RPL3P9	0.00150826
RPL4P3	0.00196485
RPL4P5	0.00147019
RPL5P16	0.001699
RPL5P19	0.00197436
RPL5P20	0.00138485
RPL5P21	0.00157906
RPL5P26	0.00183153
RPL5P27	0.00120404
RPL5P35	0.00112145
RPL5P6	0.0020075
RPL5P7	0.00123996
RPL6	0.0036496
RPL6P21	0.0022565
RPL6P25	0.0015441
RPL6P27	0.00126188
RPL6P5	0.00156814
RPL6P9	0.00141875
RPL7AL2	0.00108445
RPL7AL3	0.00161721
RPL7AP14	0.00190909
RPL7AP30	0.00167349
RPL7AP56	0.00142958
RPL7AP57	0.00293432
RPL7AP64	0.00198595
RPL7AP69	0.00205125
RPL7L1P1	0.00183761
RPL7L1P10	0.00106261
RPL7L1P4	0.00165515
RPL7L1P8	0.00194836
RPL7L1P9	0.00139117
RPL7P2	0.00178943
RPL7P40	0.00130521
RPL7P45	0.00198316
RPL7P48	0.00133351
RPL7P51	0.0012148
RPL8P2	0.000982378
RPL9P15	0.00207754
RPL9P31	0.0011808
RPLP0P1	0.00178451
RPLP0P11	0.00175433
RPLP0P2	0.00117692
RPLP0P7	0.00122601
RPN1	0.00196965
RPP38	0.00211643
RPP40P2	0.00160944
RPPH1-3P	0.0011453
RPRD1A	0.00174764
RPRD1B	0.00143583
RPS10-NUDT3	0.00208139
RPS10L	0.00134487
RPS10P21	0.00144494
RPS10P7	0.00119644
RPS11P1	0.00156976
RPS11P6	0.00166124
RPS12P15	0.00170755
RPS12P24	0.00204753
RPS14	0.00154387
RPS14P7	0.00178868
RPS15AP27	0.00156071
RPS15AP5	0.00165875
RPS17P11	0.00166742
RPS17P2	0.00144773
RPS18	0.00588688
RPS18P12	0.00107551
RPS18P6	0.00333981
RPS19P6	0.00173556
RPS20P10	0.0018301
RPS20P14	0.000837395
RPS20P23	0.00138435
RPS20P25	0.00152973
RPS20P32	0.00150515
RPS21P8	0.00132888
RPS23P3	0.0022522
RPS23P4	0.00111668
RPS23P5	0.00201587
RPS24P8	0.00243305
RPS26P13	0.00160315
RPS26P2	0.00157132
RPS26P24	0.0013174
RPS26P35	0.00204389
RPS26P54	0.000740149
RPS26P55	0.00179517
RPS26P6	0.00120769
RPS27AP1	0.00106294
RPS27AP14	0.00211131
RPS27L	0.00167547
RPS27P1	0.00161714
RPS27P18	0.00163653
RPS27P20	0.00153669
RPS27P23	0.00143372
RPS28P8	0.00190429
RPS29	0.00149759
RPS29P13	0.00192791
RPS29P6	0.00158935
RPS2P2	0.00244484
RPS2P25	0.002847
RPS2P48	0.00196151
RPS2P6	0.00131581
RPS2P7	0.0026752
RPS3	0.0016591
RPS3A	0.00150711
RPS3AP1	0.00183772
RPS3AP2	0.00170324
RPS3AP23	0.00139651
RPS3AP24	0.00155584
RPS3AP25	0.001291
RPS3AP46	0.0011651
RPS3AP5	0.00235074
RPS3AP50	0.00113503
RPS3AP52	0.00219198
RPS3AP6	0.00137656
RPS4XP15	0.00228893
RPS4XP18	0.00168478
RPS4XP19	0.00189104
RPS4XP2	0.00105137
RPS4XP20	0.00212451
RPS4XP21	0.00198862
RPS4XP23	0.0020931
RPS4XP7	0.000799569
RPS4XP8	0.00163351
RPS4XP9	0.00108563
RPS6KA1	0.00190507
RPS6KA2	0.00311103
RPS6KA2-IT1	0.00192069
RPS6KA5	0.00227798
RPS6KC1	0.00159054
RPS6P12	0.00168487
RPS6P20	0.0022206
RPS6P21	0.00224709
RPS6P7	0.00251745
RPS7P10	0.00152523
RPS7P4	0.0018423
RPS7P5	0.00159373
RPS7P6	0.00130878
RPS7P8	0.00129434
RPS7P9	0.000992399
RPS8P3	0.00157223
RPS9	0.00148829
RPSAP1	0.00138478
RPSAP34	0.00123388
RPSAP37	0.00182804
RPSAP4	0.00192904
RPSAP42	0.00129423
RPSAP52	0.00110073
RPSAP53	0.00186079
RPSAP55	0.00130475
RPSAP56	0.00222939
RPSAP58	0.00167196
RPTOR	0.00230562
RRAGA	0.00230712
RRAGC	0.00219532
RRAGD	0.00227134
RRAS2	0.00103378
RRBP1	0.00270648
RREB1	0.00163837
RRH	0.00201557
RRM1	0.00134704
RRM2	0.00130588
RRM2B	0.00169212
RRN3P2	0.00246928
RRN3P3	0.000982761
RRP1	0.00211181
RRP15	0.00167378
RRP7B	0.00114521
RSAD1	0.00161239
RSAD2	0.000662208
RSBN1L	0.00156523
RSF1	0.00118502
RSL24D1P11	0.00117074
RSL24D1P3	0.00291548
RSL24D1P4	0.00147622
RSL24D1P5	0.00185478
RSL24D1P9	0.00154005
RSPH1	0.00274727
RSPH10B	0.00236709
RSPH10B2	0.00142338
RSPH3	0.00144739
RSPH4A	0.00194514
RSPH6A	0.0012166
RSPO1	0.00174431
RSPO2	0.00172719
RSPO3	0.00120988
RSPO4	0.0025474
RSPRY1	0.00264633
RSRC1	0.00218313
RSU1	0.00175075
RTCA	0.00172846
RTDR1	0.00159625
RTEL1	0.00252318
RTEL1-TNFRSF6B	0.00252318
RTF1	0.0014966
RTFDC1	0.00181716
RTKN2	0.00184703
RTL1	0.00110909
RTN1	0.00186239
RTN3	0.00105849
RTN3P1	0.00112867
RTN4	0.00176352
RTN4IP1	0.00258079
RTN4R	0.00181638
RTN4RL1	0.00163267
RTP4	0.00154789
RTTN	0.00173361
RUFY1	0.00158578
RUFY4	0.00157448
RUNDC1	0.00273991
RUNDC3B	0.00130262
RUNX1	0.00139346
RUNX1T1	0.00218531
RUNX2	0.00122943
RUNX3	0.00156772
RUSC2	0.00172362
RUVBL1	0.00201643
RUVBL2	0.00195572
RWDD2A	0.00222651
RWDD2B	0.00256729
RWDD4	0.00155616
RXFP1	0.00211592
RXFP2	0.00155238
RXFP3	0.00434215
RXRA	0.00160799
RXRG	0.00112737
RYBP	0.00181852
RYK	0.00165932
RYR1	0.00155355
RYR2	0.00173302
RYR3	0.00215614
S100A12	0.00147335
S100A16	0.00123451
S100A4	0.00102117
S100A7	0.0010956
S100A7A	0.00119483
S100A9	0.00182785
S100P	0.00159554
S100Z	0.00249702
S1PR3	0.00146115
S1PR4	0.00129916
S1PR5	0.00177151
SAA2	0.00123536
SAA2-SAA4	0.00123536
SAAL1	0.00125888
SACS	0.00187366
SAFB	0.00119084
SALL1	0.00143426
SALL2	0.00148116
SALL3	0.00122328
SALL4	0.00172384
SALL4P5	0.00214753
SALL4P6	0.00104565
SAMD11	0.00158655
SAMD12	0.00213666
SAMD13	0.00174294
SAMD3	0.0028339
SAMD4A	0.00171347
SAMD4B	0.00197116
SAMD5	0.00160611
SAMD8	0.00157411
SAMD9	0.00123483
SAMHD1	0.00268864
SAMM50	0.00128297
SAMSN1	0.00127753
SAMSN1-AS1	0.00109044
SAP130	0.00134052
SAP18	0.000895849
SAP30L	0.0012272
SAP30L-AS1	0.00140526
SAR1B	0.00188717
SARDH	0.0018192
SARNP	0.00196742
SARS2	0.00166443
SASH1	0.00156184
SATB1	0.00110965
SAV1	0.00159321
SAYSD1	0.00251645
SBF1	0.00186966
SBF2	0.00124737
SBF2-AS1	0.00124737
SBK1	0.00144331
SBK2	0.00145958
SBK3	0.00162548
SBNO2	0.00216652
SBSPON	0.00372384
SC22CB-1E7.1	0.00172883
SC5D	0.00114907
SCAF11	0.00152665
SCAF4	0.00139068
SCAF8	0.00158951
SCAMP1	0.00152174
SCAPER	0.00155507
SCARA3	0.00221761
SCARA5	0.00191477
SCARB1	0.00124861
SCARB2	0.00324459
SCARNA15	0.00150697
SCARNA16	0.00254865
SCARNA20	0.0018917
SCCPDH	0.0014218
SCD5	0.00196529
SCEL	0.00135417
SCFD1	0.00103002
SCFD2	0.00124202
SCG2	0.00186867
SCG5	0.00195211
SCGB2B2	0.00171791
SCGB3A1	0.00354295
SCGN	0.00609599
SCHIP1	0.00263958
SCIMP	0.00191882
SCIN	0.00195194
SCLT1	0.00209822
SCLY	0.00169958
SCMH1	0.00133795
SCML2P1	0.00158963
SCML4	0.00204567
SCN10A	0.00205784
SCN1A	0.00249724
SCN1B	0.00188495
SCN2A	0.0024119
SCN3A	0.00206461
SCN3B	0.00187408
SCN4A	0.00151486
SCN4B	0.00200789
SCN5A	0.00235932
SCN7A	0.00252741
SCN8A	0.00158235
SCN9A	0.00258563
SCNN1A	0.001219
SCNN1B	0.00103486
SCNN1D	0.000859371
SCNN1G	0.00102913
SCO1	0.000886412
SCOC	0.00120752
SCP2	0.00128362
SCPEP1	0.000874889
SCRG1	0.00154333
SCRN1	0.00164008
SCRN3	0.00122513
SCRT1	0.00181057
SCRT2	0.00164627
SCTR	0.00161275
SCUBE1	0.00183351
SCUBE2	0.00188959
SCYL2	0.00196443
SDAD1	0.00296123
SDAD1P3	0.00159508
SDC1	0.00173828
SDC2	0.00198929
SDC3	0.00121329
SDC4	0.00177089
SDCBP2	0.00143648
SDCBP2-AS1	0.00143648
SDCBP2P1	0.00162517
SDCBPP2	0.00124947
SDCCAG8	0.00128099
SDE2	0.00126615
SDF4	0.000808942
SDHA	0.00160153
SDHAF1	0.00184779
SDHAP2	0.000848958
SDHAP3	0.00142772
SDHB	0.00240235
SDHC	0.00139053
SDHD	0.00142839
SDK1	0.00165163
SDK2	0.00139957
SDPR	0.00160821
SDR16C5	0.00135329
SDR39U1	0.00319996
SDR42E1	0.00145413
SDR9C7	0.00228167
SDSL	0.00149541
SEC11A	0.00173462
SEC11C	0.00177849
SEC13	0.00167208
SEC14L1	0.00130336
SEC14L2	0.00156978
SEC14L4	0.00158392
SEC14L5	0.00171938
SEC14L6	0.00157362
SEC16B	0.00195968
SEC22A	0.00181354
SEC22B	0.00254651
SEC23A	0.00162389
SEC24B	0.00153759
SEC24D	0.00250363
SEC31B	0.00148661
SEC61A2	0.00268748
SEC61B	0.00108137
SEC61G	0.0016882
SEC63	0.00158721
SEC63P2	0.00164579
SECISBP2	0.00133659
SECISBP2L	0.00134225
SECTM1	0.00167985
SEL1L	0.00147212
SEL1L2	0.00153886
SEL1L3	0.00270512
SELL	0.00174135
SELM	0.00154751
SELP	0.00175756
SELPLG	0.00106947
SELRC1	0.00120807
SELT	0.00114161
SEMA3A	0.00200887
SEMA3C	0.00105307
SEMA3D	0.00186723
SEMA3E	0.0023122
SEMA4B	0.00181098
SEMA4C	0.00143218
SEMA4D	0.0013471
SEMA4F	0.00129829
SEMA4G	0.00115646
SEMA5A	0.00122435
SEMA5B	0.00153628
SEMA6A	0.00179331
SEMA6B	0.00117513
SEMA6D	0.00326924
SENP2	0.00196301
SENP5	0.00124542
SENP7	0.00178844
SEPHS1	0.00229294
SEPHS1P6	0.00129446
SEPHS1P7	0.00211271
SEPHS2P1	0.000814687
SEPSECS	0.00165725
SEPT10	0.0019986
SEPT11	0.00155322
SEPT12	0.00170024
SEPT2P1	0.00118033
SEPT5	0.000941301
SEPT7	0.00143684
SEPT7P3	0.00136627
SEPT8	0.00266805
SEPT9	0.00213723
SERBP1	0.00174371
SERF1AP1	0.0014394
SERGEF	0.00138617
SERHL	0.00132738
SERINC2	0.0016713
SERINC5	0.00214568
SERP1	0.00121599
SERP2	0.00131119
SERPINA1	0.00164386
SERPINA10	0.00163279
SERPINA11	0.0017309
SERPINA12	0.00160302
SERPINA13P	0.00154738
SERPINA3	0.001482
SERPINA4	0.00144274
SERPINA5	0.00144274
SERPINA6	0.00163548
SERPINA9	0.00162478
SERPINB1	0.0011601
SERPINB11	0.00221791
SERPINB13	0.00208259
SERPINB2	0.00230865
SERPINB5	0.0019734
SERPINB6	0.00122483
SERPINB7	0.00225166
SERPINB8	0.00209317
SERPINB9	0.00124547
SERPINE2	0.00240322
SERPINF2	0.00146595
SERPINH1	0.00148476
SERPINI1	0.00119567
SERTAD2	0.00145057
SERTAD4-AS1	0.00239392
SERTM1	0.00100701
SESN1	0.00177833
SESN3	0.00133914
SESTD1	0.0025142
SET	0.00147003
SETBP1	0.00134273
SETD3	0.00161061
SETD5	0.000958301
SETD5-AS1	0.000953759
SETD7	0.00147772
SETD8	0.00392331
SETDB1	0.00169968
SETDB2	0.00190087
SETP1	0.00133884
SETP2	0.00158315
SETP7	0.00158772
SETX	0.00133825
SEZ6L	0.00180488
SEZ6L2	0.00195484
SF1	0.00180381
SF3A2	0.000783072
SF3A3	0.00186872
SF3B1	0.00190161
SF3B3	0.00262602
SFMBT1	0.00325973
SFMBT2	0.00126122
SFN	0.00154766
SFPQ	0.00164207
SFRP1	0.00151474
SFRP2	0.00147131
SFRP4	0.00241971
SFRP5	0.00161097
SFSWAP	0.00233824
SFT2D2	0.00113523
SFTA1P	0.00295181
SFTA3	0.00113604
SFTPA3P	0.00304882
SFTPB	0.00115569
SFTPC	0.000925679
SFTPD	0.00324005
SFXN1	0.00093928
SFXN2	0.00270256
SFXN3	0.00114761
SFXN4	0.00228749
SFXN5	0.00137358
SGCA	0.00119315
SGCD	0.00173289
SGCE	0.00121134
SGCG	0.00185956
SGCZ	0.00284853
SGIP1	0.0019414
SGK1	0.00144424
SGK2	0.00181065
SGK223	0.00205522
SGMS1	0.00170341
SGMS2	0.00169171
SGOL2	0.00151483
SGPL1	0.00166873
SGPP2	0.00163263
SGSH	0.00139654
SGSM1	0.0013096
SGSM2	0.00172836
SGTA	0.00104965
SH2B2	0.00187264
SH2D1B	0.000992917
SH2D3A	0.00106984
SH2D4A	0.00159488
SH2D4B	0.00196157
SH2D6	0.00106735
SH3BGR	0.00155895
SH3BGRL2	0.00222787
SH3BP1	0.00212477
SH3BP2	0.00153087
SH3BP4	0.00112164
SH3BP5	0.00144803
SH3BP5L	0.00177334
SH3D19	0.00164724
SH3D21	0.00135508
SH3GL2	0.00164029
SH3GL3	0.00141422
SH3GLB1	0.00173065
SH3PXD2A	0.00289141
SH3PXD2B	0.00177067
SH3RF1	0.00147738
SH3RF2	0.00133036
SH3RF3	0.00223871
SH3RF3-AS1	0.00177886
SH3TC1	0.00160751
SH3TC2	0.000880283
SH3YL1	0.00179106
SHANK1	0.00111605
SHANK2	0.00280841
SHANK3	0.00154204
SHB	0.00247336
SHC2	0.00182828
SHC3	0.00134709
SHC4	0.00121584
SHCBP1L	0.00117703
SHD	0.00121622
SHE	0.00179127
SHF	0.00263594
SHFM1	0.00186503
SHFM1P1	0.00193105
SHH	0.00100894
SHISA2	0.0014201
SHISA6	0.00151704
SHISA7	0.00163144
SHISA9	0.00158638
SHKBP1	0.00183136
SHOC2	0.00131146
SHPK	0.000658072
SHQ1	0.00168419
SHROOM3	0.00312359
SI	0.00236635
SIAE	0.000946937
SIAH1	0.00124252
SIAH2	0.00114879
SIAH3	0.00205512
SIDT1	0.001463
SIDT2	0.0023273
SIGIRR	0.00106531
SIGLEC1	0.00210133
SIGLEC12	0.0013006
SIGLEC14	0.00120874
SIGLEC17P	0.00191197
SIGLEC22P	0.00199956
SIGLEC28P	0.00120267
SIGLEC5	0.00120874
SIGLEC6	0.00128995
SIGLEC7	0.00191259
SIGLEC8	0.00117099
SIGLEC9	0.00213799
SIGLECL1	0.00204576
SIK1	0.00209016
SIK2	0.00161346
SIK3	0.00231916
SIL1	0.00211359
SIM1	0.0022051
SIM2	0.00115484
SIN3A	0.0015054
SIN3B	0.000748026
SIPA1L1	0.0020298
SIPA1L2	0.00230887
SIPA1L3	0.00239588
SIRPA	0.00191235
SIRPB1	0.00162587
SIRPB2	0.00148899
SIRPD	0.0016283
SIRPG	0.00162762
SIRT2	0.00166859
SIRT3	0.00168001
SIRT6	0.000886909
SIX3-AS1	0.00206914
SKA1	0.00179256
SKAP1	0.00376028
SKAP2	0.00242399
SKI	0.00141869
SKINTL	0.00151852
SKP2	0.00291224
SLA	0.000696449
SLAIN1	0.00143926
SLAIN2	0.0010454
SLAMF1	0.00102708
SLAMF6	0.00105947
SLAMF7	0.00106631
SLAMF8	0.00104668
SLAMF9	0.00139627
SLC10A1	0.00179651
SLC10A2	0.00168074
SLC10A7	0.00151882
SLC11A1	0.00183611
SLC11A2	0.0023639
SLC12A1	0.00203407
SLC12A2	0.00156433
SLC12A3	0.00256548
SLC12A6	0.00211767
SLC12A7	0.00219738
SLC12A8	0.00306283
SLC13A1	0.00126492
SLC13A2	0.00190851
SLC13A3	0.00150223
SLC13A5	0.00237412
SLC14A1	0.00165711
SLC14A2	0.00200521
SLC15A1	0.00185772
SLC15A2	0.00262934
SLC15A3	0.00164017
SLC15A4	0.00109219
SLC15A5	0.000953492
SLC16A10	0.00169173
SLC16A11	0.00229916
SLC16A12	0.00154325
SLC16A14	0.00174354
SLC16A14P1	0.00135933
SLC16A3	0.00176124
SLC16A4	0.00174871
SLC16A6	0.00129458
SLC16A6P1	0.000993779
SLC16A7	0.0018959
SLC16A9	0.00159982
SLC17A1	0.00642419
SLC17A5	0.00172204
SLC17A6	0.000877717
SLC17A8	0.00194654
SLC17A9	0.00192321
SLC18A1	0.00138294
SLC18A2	0.00108761
SLC18B1	0.00193063
SLC19A1	0.00249724
SLC19A3	0.00100361
SLC1A1	0.00194383
SLC1A2	0.00178814
SLC1A3	0.00244895
SLC1A4	0.00129565
SLC1A5	0.00187559
SLC1A6	0.00127534
SLC1A7	0.00123371
SLC20A1	0.00312358
SLC20A2	0.000692279
SLC22A1	0.00204088
SLC22A10	0.00222005
SLC22A12	0.00186799
SLC22A14	0.00201814
SLC22A15	0.00150698
SLC22A16	0.0017496
SLC22A18	0.00116393
SLC22A18AS	0.00115717
SLC22A2	0.00206642
SLC22A23	0.00176792
SLC22A24	0.00221272
SLC22A3	0.00205122
SLC22A5	0.00452996
SLC22A6	0.00226089
SLC22A8	0.00230062
SLC22A9	0.00225376
SLC23A1	0.00232428
SLC23A2	0.00154557
SLC23A3	0.00141576
SLC24A2	0.00209983
SLC24A3	0.00214328
SLC24A4	0.0014468
SLC24A5	0.00204786
SLC25A10	0.00122862
SLC25A12	0.00207667
SLC25A13	0.00123069
SLC25A15	0.00240937
SLC25A18	0.0013988
SLC25A18P1	0.00174302
SLC25A2	0.00248164
SLC25A21	0.00113399
SLC25A24	0.00177147
SLC25A24P1	0.00182297
SLC25A25	0.00132039
SLC25A26	0.00127829
SLC25A29	0.00173483
SLC25A32	0.00192757
SLC25A33	0.00198488
SLC25A34	0.00170486
SLC25A36	0.00203296
SLC25A37	0.00127412
SLC25A38	0.00200084
SLC25A38P1	0.00127924
SLC25A39P2	0.00154109
SLC25A3P1	0.00142058
SLC25A41	0.00102628
SLC25A42	0.000966348
SLC25A44	0.00185299
SLC25A46	0.000531767
SLC25A48	0.0011732
SLC25A51P2	0.00144648
SLC25A52	0.00207469
SLC25A5P4	0.00227499
SLC25A5P5	0.00203438
SLC25A5P8	0.00160022
SLC25A5P9	0.00227122
SLC25A6P1	0.0012588
SLC25A6P2	0.00142185
SLC25A6P5	0.00100139
SLC26A11	0.00151761
SLC26A2	0.00145663
SLC26A3	0.00124626
SLC26A4	0.00122689
SLC26A5	0.00290778
SLC26A7	0.0020829
SLC26A8	0.00235297
SLC26A9	0.00164149
SLC27A1	0.00126646
SLC27A2	0.00152213
SLC27A4	0.00130099
SLC27A6	0.00189005
SLC28A1	0.00184162
SLC28A2	0.00256883
SLC28A3	0.00164933
SLC29A1	0.00126762
SLC29A3	0.00179338
SLC29A4	0.00168961
SLC2A1	0.00267647
SLC2A10	0.0014692
SLC2A11	0.00279468
SLC2A12	0.00194647
SLC2A13	0.00205819
SLC2A13P1	0.00189366
SLC2A14	0.00220868
SLC2A3	0.00228011
SLC2A5	0.00133496
SLC2A6	0.00261343
SLC2A7	0.00141952
SLC2A9	0.00142981
SLC30A1	0.00165168
SLC30A10	0.00197429
SLC30A2	0.00212489
SLC30A5	0.00184888
SLC30A7	0.00116843
SLC30A8	0.00233368
SLC30A9	0.00137635
SLC31A1	0.00160338
SLC31A1P1	0.00108826
SLC31A2	0.00165259
SLC32A1	0.00209105
SLC34A1	0.00216136
SLC34A2	0.00219686
SLC35B3	0.00176999
SLC35C2	0.00173909
SLC35D1	0.00183458
SLC35D3	0.00187942
SLC35E1	0.000882042
SLC35E2B	0.00128494
SLC35E4	0.00145528
SLC35F1	0.00229808
SLC35F2	0.00208621
SLC35F3	0.00153375
SLC35F4	0.00131279
SLC35G1	0.00123941
SLC36A1	0.00189069
SLC36A2	0.00211052
SLC36A3	0.00219323
SLC36A4	0.00138779
SLC37A1	0.00284649
SLC37A2	0.00162732
SLC37A3	0.00147314
SLC37A4	0.00173515
SLC38A1	0.00158345
SLC38A10	0.00149974
SLC38A11	0.00184097
SLC38A2	0.00159722
SLC38A4	0.00174544
SLC38A6	0.00196218
SLC38A7	0.00155877
SLC38A8	0.00138916
SLC38A9	0.00166406
SLC39A10	0.00108309
SLC39A11	0.00178325
SLC39A12	0.00247115
SLC39A14	0.00116607
SLC39A2	0.00222181
SLC39A6	0.001811
SLC39A8	0.00165774
SLC39A9	0.00200351
SLC40A1	0.00178557
SLC41A2	0.00193607
SLC41A3	0.00221554
SLC43A1	0.00191107
SLC43A2	0.000862093
SLC43A3	0.00210101
SLC44A1	0.00122345
SLC44A2	0.0016486
SLC44A3	0.00230546
SLC44A5	0.00238923
SLC45A1	0.00176609
SLC45A2	0.00429003
SLC45A3	0.00208973
SLC45A4	0.00166484
SLC46A2	0.00159491
SLC46A3	0.00235648
SLC47A1	0.00129231
SLC47A2	0.00136918
SLC4A1	0.00263115
SLC4A10	0.00124894
SLC4A2	0.00214766
SLC4A3	0.00101331
SLC4A4	0.00106586
SLC4A5	0.00169642
SLC4A8	0.0015262
SLC52A1	0.00193875
SLC52A3	0.00119438
SLC5A10	0.00285184
SLC5A11	0.00189503
SLC5A12	0.00106323
SLC5A3	0.00223437
SLC5A4	0.00179396
SLC5A5	0.00118894
SLC5A7	0.00171494
SLC5A8	0.00144096
SLC6A1	0.00146234
SLC6A11	0.00180177
SLC6A12	0.00229143
SLC6A13	0.00231366
SLC6A15	0.00234146
SLC6A17	0.00178679
SLC6A18	0.00142965
SLC6A19	0.00140948
SLC6A2	0.00218618
SLC6A20	0.00268758
SLC6A21P	0.00195156
SLC6A3	0.00122065
SLC6A5	0.00154627
SLC6A6	0.000955349
SLC6A6P1	0.000903599
SLC6A7	0.00190875
SLC6A9	0.0019417
SLC7A1	0.00137607
SLC7A10	0.00181776
SLC7A11	0.00146113
SLC7A11-AS1	0.0014
SLC7A13	0.00245144
SLC7A14	0.0017794
SLC7A2	0.00212631
SLC7A5	0.00147675
SLC7A6	0.00256554
SLC7A6OS	0.00256554
SLC7A7	0.00171697
SLC7A8	0.00184034
SLC8A1	0.00181819
SLC8A1-AS1	0.00202717
SLC8A2	0.00123002
SLC8A3	0.00192265
SLC8B1	0.00158113
SLC9A1	0.00157207
SLC9A2	0.00272503
SLC9A3	0.00163815
SLC9A3P4	0.000778078
SLC9A3R1	0.00111142
SLC9A3R2	0.00119765
SLC9A4	0.00279258
SLC9A8	0.00159536
SLC9A9	0.00177408
SLC9B1P4	0.00146759
SLC9B2	0.00208153
SLC9C1	0.00225525
SLCO1A2	0.0029846
SLCO1B1	0.00275593
SLCO1B3	0.00250506
SLCO1B7	0.00250506
SLCO1C1	0.00219755
SLCO2A1	0.00162896
SLCO2B1	0.00165028
SLCO3A1	0.0025408
SLCO4A1	0.000989183
SLCO4C1	0.00256389
SLCO5A1	0.0018625
SLCO6A1	0.00257825
SLFN11	0.00134624
SLFN12L	0.00141704
SLFN13	0.00146254
SLFN5	0.00153329
SLIT1	0.00163615
SLIT2	0.00175572
SLIT3	0.00263369
SLITRK1	0.0012523
SLITRK3	0.00240079
SLITRK5	0.00144673
SLITRK6	0.00211412
SLK	0.00243796
SLMAP	0.00216754
SLMO2	0.00144092
SLMO2P2	0.0015816
SLMO2P3	0.000871425
SLN	0.002055
SLU7	0.0015125
SLX4IP	0.00121308
SMAD1	0.00104674
SMAD2	0.00126542
SMAD3	0.00138228
SMAD4	0.00141513
SMAD6	0.00131174
SMAD7	0.00178597
SMAD9	0.00176523
SMAGP	0.00191055
SMAP1	0.0014951
SMAP2	0.00175206
SMARCA2	0.00279072
SMARCA4	0.00154386
SMARCA5	0.00136242
SMARCAD1	0.00148134
SMARCAL1	0.00181863
SMARCB1	0.00191866
SMARCD3	0.00173719
SMARCE1	0.00101413
SMARCE1P4	0.00121252
SMARCE1P5	0.00128251
SMC2	0.00181744
SMC3	0.00160245
SMC4	0.00180433
SMC5-AS1	0.00236496
SMC6	0.00169157
SMCHD1	0.00233499
SMCO4	0.00172152
SMCR2	0.00249722
SMEK1	0.00152826
SMEK2	0.00185113
SMG1	0.000625802
SMG6	0.00167712
SMG7	0.00149196
SMG9	0.00190718
SMIM11	0.00172124
SMIM12	0.0017044
SMIM13	0.000891855
SMIM14	0.00278324
SMIM17	0.00118583
SMIM19	0.0006503
SMIM2-AS1	0.00102757
SMIM20	0.00179963
SMIM3	0.00201283
SMIM5	0.00153711
SMKR1	0.00109076
SMLR1	0.00227062
SMNDC1	0.00183035
SMO	0.0010122
SMOC1	0.00197947
SMOC2	0.00206608
SMOX	0.00269925
SMPD1	0.000953062
SMPD3	0.0026695
SMPD4P1	0.00155967
SMPD4P2	0.00154377
SMPDL3A	0.00133539
SMPDL3B	0.00161815
SMTNL2	0.00219728
SMUG1	0.00369057
SMURF1	0.00127563
SMURF2	0.000642083
SMYD1	0.00130652
SMYD2	0.00170015
SMYD3	0.00176773
SMYD4	0.00160535
SNAI1	0.00162337
SNAI3	0.00169773
SNAI3-AS1	0.00169773
SNAP25	0.00101138
SNAP25-AS1	0.00126872
SNAP47	0.0017412
SNAP91	0.00226042
SNAPC1	0.00159666
SNAPC2	0.00148643
SNAPC3	0.00153998
SNCA	0.00160113
SNCAIP	0.0016363
SNCB	0.00243506
SND1	0.00156383
SNED1	0.0014354
SNHG10	0.00150227
SNHG14	0.0011387
SNHG16	0.00183157
SNHG18	0.000846181
SNIP1	0.00165212
SNN	0.0010536
SNORA17	0.00157029
SNORA18	0.00209344
SNORA19	0.00202066
SNORA2	0.0015342
SNORA25	0.00300982
SNORA26	0.00229264
SNORA27	0.000681472
SNORA3	0.00251377
SNORA31	0.00187198
SNORA32	0.0021038
SNORA33	0.00149702
SNORA40	0.00210237
SNORA42	0.00157138
SNORA48	0.001053
SNORA51	0.00226901
SNORA63	0.00194707
SNORA64	0.00237652
SNORA67	0.0016544
SNORA68	0.000857022
SNORA7	0.00105532
SNORA70	0.00187914
SNORA72	0.0013255
SNORA73	0.0016973
SNORA74	0.00138813
SNORA75	0.0012344
SNORA9	0.00130225
SNORD11	0.00126523
SNORD112	0.00456859
SNORD113	0.00090695
SNORD116	0.00109031
SNORD2	0.00303055
SNORD28	0.00163217
SNORD29	0.00105892
SNORD36	0.00261559
SNORD37	0.00187707
SNORD38	0.00177545
SNORD39	0.00116007
SNORD44	0.0011664
SNORD59	0.00133733
SNORD60	0.00243589
SNORD65	0.00202272
SNORD74	0.00245682
SNORD75	0.00210995
SNORD78	0.00217354
SNORD81	0.00264651
SNORD83	0.00182983
SNPH	0.00135276
SNRK	0.00131342
SNRNP200	0.00143176
SNRNP25	0.00313057
SNRNP35	0.00391702
SNRNP70	0.0019448
SNRPC	0.0024135
SNRPD2P1	0.00141235
SNRPD2P2	0.00177022
SNRPD3	0.0016661
SNRPEP3	0.00171433
SNRPEP5	0.00128161
SNRPEP6	0.000884912
SNRPEP8	0.00267183
SNRPF	0.00233294
SNRPFP1	0.00162894
SNRPFP3	0.00225375
SNRPGP2	0.00213786
SNRPGP5	0.00201413
SNRPGP6	0.00100565
SNRPGP8	0.000867317
SNRPN	0.00120356
SNTB1	0.00200893
SNTB2	0.00220106
SNTG1	0.000865746
SNTG2	0.00162264
SNTN	0.00111463
SNX10	0.00292714
SNX13	0.00144766
SNX16	0.00129809
SNX18	0.00221907
SNX18P13	0.000934756
SNX18P7	0.00121637
SNX19	0.00122263
SNX19P1	0.00195168
SNX19P3	0.00223199
SNX2	0.00204605
SNX20	0.00175276
SNX24	0.00203471
SNX25	0.00171242
SNX29	0.00128773
SNX29P1	0.00117871
SNX29P2	0.00246389
SNX3	0.000707878
SNX30	0.00161619
SNX31	0.00256238
SNX32	0.00238159
SNX33	0.00137847
SNX5	0.00224421
SNX6	0.00148254
SNX7	0.00125284
SNX8	0.00190595
SNX9	0.00161315
SOAT1	0.00181066
SOBP	0.00200283
SOCS2	0.00245971
SOCS2-AS1	0.00242572
SOCS2P2	0.00272669
SOCS5	0.00173332
SOCS5P1	0.00159798
SOCS5P2	0.00110606
SOCS5P3	0.00180497
SOCS5P5	0.00139958
SOCS6	0.00173783
SOCS7	0.00127057
SOD1P2	0.00144109
SOD1P3	0.000993666
SOD2	0.00203443
SOD3	0.00255395
SOGA1	0.00259254
SOGA2	0.00190495
SOGA2P1	0.0014207
SOGA3	0.00121887
SOHLH1	0.00125943
SOHLH2	0.00145721
SORBS1	0.00150182
SORBS2	0.00165979
SORBS3	0.00114148
SORCS1	0.00199496
SORCS2	0.00258435
SORCS3	0.00224699
SORD	0.00266982
SORL1	0.0014131
SORT1	0.0016192
SOS1	0.00161551
SOS2	0.00166535
SOSTDC1	0.00188176
SOX1	0.00111263
SOX12	0.00255847
SOX13	0.00202364
SOX14	0.00162792
SOX2-OT	0.000862704
SOX4	0.00114916
SOX5	0.00149033
SOX5P	0.00176691
SOX6	0.00109146
SOX7	0.0015161
SP100	0.00194494
SP110	0.00202631
SP140	0.00206794
SP140L	0.00197129
SP3	0.00122575
SP3P	0.00178712
SP4	0.00219925
SP7	0.00258363
SPACA1	0.00138736
SPACA3	0.00160878
SPACA7	0.00130858
SPAG1	0.00168963
SPAG16	0.00145865
SPAG17	0.00205355
SPAG6	0.00191913
SPAG7	0.00191343
SPAG9	0.00165571
SPARC	0.00232384
SPARCL1	0.00257092
SPAST	0.00174961
SPATA1	0.00189058
SPATA13	0.00199043
SPATA16	0.000911758
SPATA17	0.0017856
SPATA19	0.0015101
SPATA22	0.00144867
SPATA2P1	0.00274905
SPATA3	0.00140613
SPATA31A6	0.000600238
SPATA31B1	0.0010965
SPATA31E1	0.00222158
SPATA33	0.00505639
SPATA4	0.0015924
SPATA41	0.00154182
SPATA5	0.0019764
SPATA6	0.00151653
SPATA6L	0.00245034
SPATA7	0.00102901
SPATA8	0.000787337
SPATA8-AS1	0.000825176
SPATA9	0.00112864
SPATC1	0.00205895
SPATC1L	0.00109901
SPATS2	0.00217805
SPATS2L	0.00155047
SPC24	0.0018719
SPC25	0.00167606
SPCS3	0.00158651
SPDYA	0.00195393
SPDYE7P	0.00273504
SPECC1	0.00145202
SPECC1L	0.0013531
SPECC1L-ADORA2A	0.0013531
SPEF2	0.00290219
SPEG	0.00152679
SPERT	0.0020499
SPESP1	0.00286208
SPG20	0.00146662
SPG20OS	0.00146662
SPG7	0.00449197
SPHKAP	0.00126475
SPIB	0.00231721
SPIC	0.00145891
SPIN1	0.00102614
SPINK1	0.00139395
SPINK14	0.00160835
SPINK2	0.00153786
SPINK4	0.00108128
SPINK5	0.0016636
SPINT1	0.00154045
SPINT2	0.00139972
SPINT4	0.00269583
SPIRE1	0.00136785
SPIRE2	0.00525894
SPN	0.00228933
SPNS2	0.00144034
SPNS3	0.00119671
SPOCD1	0.00111371
SPOCK1	0.00205094
SPOCK3	0.00116727
SPON1	0.00119735
SPOP	0.00107488
SPP1	0.00337447
SPP2	0.00171129
SPPL2B	0.00133407
SPR	0.00115611
SPRED1	0.002027
SPRED2	0.00135628
SPRN	0.00169041
SPRR2B	0.00273573
SPRR2E	0.00273573
SPRR2G	0.00265258
SPRR3	0.00283859
SPRY1	0.00177097
SPRY2	0.00217536
SPRY4	0.000948174
SPSB1	0.00215768
SPSB2	0.00249544
SPSB4	0.00201367
SPTAN1	0.0012943
SPTB	0.00264574
SPTBN1	0.00185853
SPTBN4	0.00191573
SPTBN5	0.00130611
SPTLC1	0.00203528
SPTLC1P2	0.00185866
SPTLC2	0.00189141
SPTLC3	0.0018052
SPTSSA	0.00123001
SPTY2D1	0.00129829
SQLE	0.00166608
SQRDL	0.00214782
SQSTM1	0.00169648
SQSTM1P1	0.00154334
SRA1	0.00293474
SRBD1	0.00113967
SRC	0.00255025
SRCIN1	0.00175362
SRD5A1	0.00193203
SREK1	0.00158904
SRFBP1	0.00143098
SRGAP1	0.00222107
SRGAP3	0.00181918
SRIP1	0.00164788
SRL	0.00140895
SRMP1	0.00164927
SRMS	0.00216249
SRP54	0.00173545
SRP72	0.00219128
SRP72P2	0.00187326
SRP9	0.00145999
SRPK1	0.00240225
SRPK2	0.00126658
SRPRB	0.00141066
SRRM1	0.00178055
SRRM1P2	0.00224238
SRRM2	0.0014031
SRRM3	0.00201307
SRRM4	0.00184043
SRSF1	0.000948958
SRSF10	0.00211127
SRSF10P1	0.00146117
SRSF12	0.00271463
SRSF1P1	0.00221316
SRSF5	0.00191075
SRSF8	0.00151824
SRSF9P1	0.00102816
SRXN1	0.00149125
SS18L1	0.00198342
SS18L2P1	0.00157867
SSBP2	0.00172332
SSBP3	0.00204848
SSC5D	0.00153724
SSPN	0.00144022
SSPO	0.00181488
SSR1	0.0015032
SSR1P2	0.000958061
SSR3	0.00178071
SSR4P1	0.00188063
SST	0.00188822
SSTR1	0.00127629
SSTR2	0.0013149
SSTR5	0.0013198
SSTR5-AS1	0.00128831
SSU72P2	0.00138497
SSU72P8	0.00108731
SSUH2	0.00155075
SSX2IP	0.00172509
ST13P12	0.00175307
ST13P19	0.00251737
ST13P3	0.00138343
ST14	0.0010759
ST18	0.0016202
ST20-MTHFS	0.00214612
ST3GAL1	0.00128543
ST3GAL3	0.0019458
ST3GAL4	0.00169477
ST3GAL6	0.00234945
ST5	0.001764
ST6GAL1	0.000922181
ST6GAL2	0.00178193
ST6GALNAC1	0.00226201
ST6GALNAC2	0.00198416
ST6GALNAC2P1	0.00120823
ST6GALNAC3	0.0024646
ST6GALNAC4	0.00143659
ST6GALNAC5	0.00191198
ST6GALNAC6	0.00168247
ST7	0.00150902
ST7-AS2	0.00115452
ST7-OT4	0.00103397
ST7L	0.00192048
ST8SIA1	0.00299779
ST8SIA2	0.00287053
ST8SIA3	0.00109929
ST8SIA4	0.00222124
ST8SIA5	0.00121652
ST8SIA6	0.00234652
STAB2	0.00177889
STAC	0.00159446
STAC2	0.00200071
STAG1	0.00153973
STAM	0.00189784
STAMBP	0.00212295
STAMBPL1	0.00163292
STAP1	0.00209722
STAP2	0.00119849
STARD13	0.00190342
STARD3NL	0.00225162
STARD4	0.00161492
STARD4-AS1	0.00195339
STARD5	0.00128237
STARD6	0.00214642
STARD9	0.00128996
STARP1	0.00171903
STAT1	0.00441296
STAT3	0.00315623
STAT4	0.00543809
STAT5B	0.0031365
STAT6	0.00232602
STAU1	0.0025605
STAU2	0.00239424
STAU2-AS1	0.00239751
STC1	0.00110757
STC2	0.0013031
STEAP1	0.00256175
STEAP1B	0.00216924
STEAP2-AS1	0.00256175
STEAP3	0.00199015
STIL	0.00252355
STIM1	0.00148431
STIM2	0.00181224
STK10	0.0014037
STK11	0.0020723
STK11IP	0.000999434
STK17B	0.00107469
STK24	0.00135254
STK24-AS1	0.00131404
STK25	0.00185673
STK3	0.00103301
STK31	0.00255237
STK32A	0.00190853
STK32B	0.00258867
STK32C	0.00261686
STK33	0.00145637
STK33P1	0.00153704
STK35	0.0025299
STK38L	0.00132644
STK39	0.00144949
STK4	0.00150019
STK4-AS1	0.00141286
STK40	0.0013853
STMN1P2	0.0012828
STMN2	0.0015239
STMN4	0.00169781
STMND1	0.00129279
STOM	0.00130855
STOML1	0.0020731
STON1-GTF2A1L	0.00155483
STON2	0.00133074
STOX2	0.00277369
STPG1	0.00174669
STPG2	0.00240017
STRA6	0.00218231
STRA8	0.00137039
STRADBP1	0.00202724
STRAP	0.000773803
STRBP	0.0020994
STRIP1	0.00131645
STRN	0.00240834
STRN3	0.00208108
STRN4	0.00192484
STT3A-AS1	0.00177759
STT3B	0.00122498
STX11	0.00173275
STX12	0.00136914
STX16	0.00137061
STX16-NPEPL1	0.00144764
STX18	0.0014007
STX18-AS1	0.00210016
STX1A	0.00208966
STX1B	0.00139179
STX2	0.000855969
STX3	0.00119806
STX5	0.00229778
STX6	0.00138821
STX7	0.00269078
STX8	0.00142887
STXBP1	0.00210464
STXBP3	0.0015608
STXBP4	0.00119652
STXBP5	0.00124598
STXBP5-AS1	0.00143012
STXBP5L	0.00224778
STXBP6	0.00255048
STYK1	0.00147978
STYXL1	0.00205683
SUB1	0.00205608
SUCLA2	0.00165685
SUCLA2P2	0.00202371
SUCLG2	0.00124551
SUCLG2P2	0.00183993
SUCLG2P4	0.00186599
SUCO	0.00127378
SUDS3	0.001827
SUDS3P1	0.00225257
SUFU	0.00260874
SUGT1	0.00179543
SULF1	0.00187046
SULF2	0.00153254
SULT1B1	0.00120042
SULT1C2	0.0019771
SULT1C2P1	0.00214451
SULT2A1	0.00201612
SULT2B1	0.00288508
SULT4A1	0.00171535
SULT6B1	0.00239469
SUMF1	0.00181398
SUMO1P1	0.00140887
SUMO1P2	0.00156168
SUMO2P2	0.00161624
SUMO2P6	0.00180439
SUN1	0.00116548
SUOX	0.00166532
SUPT3H	0.00124542
SUPT5H	0.00209492
SUPT6H	0.00177737
SUPT7L	0.00201081
SUPV3L1	0.00245729
SUSD1	0.00201748
SUSD3	0.00256134
SUSD4	0.00177799
SUSD5	0.00166815
SUV420H1	0.00137646
SUV420H2	0.00167633
SUZ12	0.00160996
SUZ12P	0.00267333
SV2B	0.00260912
SV2C	0.00184444
SVEP1	0.00202465
SVIL	0.00219823
SVILP1	0.00296111
SVIP	0.00121872
SVOP	0.00143128
SVOPL	0.00201674
SYBU	0.00171526
SYCP1	0.00124039
SYCP2	0.00111341
SYCP2L	0.00101111
SYDE1	0.00167424
SYDE2	0.00170667
SYK	0.00154312
SYN2	0.0017453
SYN3	0.00145072
SYNDIG1	0.00196705
SYNDIG1L	0.00229456
SYNE1	0.00177688
SYNE1-AS1	0.00175077
SYNE2	0.00286707
SYNE3	0.00170127
SYNE4	0.00192561
SYNGR1	0.00153014
SYNGR3	0.00112913
SYNJ1	0.0018707
SYNJ2	0.00180738
SYNJ2BP-COX16	0.00192535
SYNM	0.000985468
SYNPO	0.00193543
SYNPO2	0.0032271
SYNPO2L	0.00145003
SYNPR	0.00108241
SYNPR-AS1	0.00102729
SYNRG	0.00133611
SYPL1	0.000963709
SYS1-DBNDD2	0.00202556
SYT1	0.0010497
SYT10	0.00431767
SYT12	0.00244304
SYT13	0.001808
SYT14	0.00228631
SYT15	0.00190691
SYT16	0.00123913
SYT17	0.00103968
SYT2	0.00132835
SYT3	0.00140175
SYT4	0.00132836
SYT6	0.00127964
SYT7	0.00106121
SYT8	0.00133301
SYT9	0.00315075
SYTL2	0.00219708
SYTL3	0.00194968
SZT2	0.00193162
T	0.0013415
TAAR2	0.00155821
TAAR4P	0.00163475
TAAR5	0.00163647
TAAR6	0.00168083
TAAR8	0.00167599
TAB1	0.00146572
TAB2	0.00184126
TAC1	0.00165859
TAC3	0.00221038
TACC1	0.00110654
TACC1P1	0.00178472
TACC2	0.00182052
TACR1	0.00143815
TACR3	0.00186928
TACSTD2	0.00156609
TADA2B	0.00170957
TAF13	0.00162999
TAF15	0.000862875
TAF1A	0.00213478
TAF1B	0.00170829
TAF2	0.00152322
TAF3	0.00148388
TAF4	0.00209034
TAF4B	0.00169413
TAF5	0.00282853
TAF5L	0.00134104
TAF6	0.00224954
TAF8	0.00202742
TAGAP	0.0014021
TAGLN2	0.00144593
TAGLN3	0.00228306
TAL1	0.00260692
TAL2	0.00106437
TAMM41	0.00244499
TANC1	0.00146779
TANC2	0.000829536
TANGO2	0.00131118
TANGO6	0.00235827
TAOK1	0.0021911
TAOK3	0.00123756
TAPBPL	0.00154986
TAPT1	0.0013703
TAPT1-AS1	0.00128164
TARBP1	0.0016978
TARDBPP1	0.00146403
TARDBPP2	0.00151581
TARM1	0.000925777
TARS	0.00247237
TARS2	0.00162842
TARS2P1	0.00171368
TARSL2	0.00180182
TAS1R1	0.00195201
TAS1R2	0.00225527
TAS2R1	0.000877305
TAS2R14	0.00154536
TAS2R5	0.00186309
TASP1	0.00107137
TATDN2	0.00156572
TAX1BP1	0.00224076
TAX1BP3	0.000565328
TBATA	0.00179653
TBC1D1	0.00299777
TBC1D14	0.00160088
TBC1D15	0.00124907
TBC1D16	0.00110095
TBC1D17	0.00191722
TBC1D19	0.00176788
TBC1D2	0.00152543
TBC1D20	0.00168865
TBC1D22A	0.00181501
TBC1D22B	0.00148719
TBC1D23	0.00249721
TBC1D26	0.00244056
TBC1D27	0.0022089
TBC1D28	0.00317235
TBC1D2B	0.00213645
TBC1D30	0.00144322
TBC1D31	0.00191606
TBC1D32	0.00320002
TBC1D3G	0.00213315
TBC1D4	0.00165109
TBC1D5	0.00135278
TBC1D7	0.0020009
TBC1D8	0.00129178
TBC1D9	0.00130826
TBCA	0.00204397
TBCC	0.00134155
TBCCD1	0.00135547
TBCD	0.00121789
TBCE	0.00283933
TBCEL	0.000829882
TBCK	0.00115387
TBK1	0.0016309
TBKBP1	0.00389705
TBL1XR1	0.00170184
TBPL1	0.00182309
TBPL2	0.0015418
TBRG1	0.00123862
TBX1	0.000897622
TBX15	0.00227336
TBX18	0.00313446
TBX19	0.00109361
TBX21	0.00394786
TBX3	0.00219778
TBX4	0.00216045
TBX5	0.00219362
TBX5-AS1	0.00176836
TBXA2R	0.00149849
TBXAS1	0.00192935
TC2N	0.00169793
TCEA2	0.00279541
TCEAL4P1	0.000919057
TCEANC2	0.00154216
TCEB1	0.00176443
TCEB1P18	0.00185473
TCEB1P3	0.00155581
TCEB1P30	0.00217961
TCEB2P2	0.00134677
TCEB2P3	0.00113999
TCEB3	0.00176955
TCERG1	0.00111568
TCERG1L	0.00208856
TCF12	0.00142039
TCF15	0.00173074
TCF19	0.0206821
TCF20	0.00130886
TCF21	0.0016683
TCF25	0.00509526
TCF3	0.00127545
TCF4	0.00206218
TCF7	0.00160419
TCF7L1	0.0011659
TCF7L2	0.00134199
TCFL5	0.00142666
TCHH	0.00230262
TCIRG1	0.00148066
TCL1A	0.00190278
TCL1B	0.00187713
TCL6	0.00179584
TCN2	0.00146087
TCOF1	0.0014049
TCP10	0.00283541
TCP10L2	0.00229467
TCP11L1	0.00108363
TCP1P1	0.00108464
TCTE1	0.00138144
TCTEX1D1	0.00195224
TCTN3	0.00153816
TDGF1	0.00297872
TDGF1P2	0.000828784
TDGF1P4	0.000641424
TDO2	0.00171579
TDP1	0.00224023
TDPX2	0.00252015
TDRD1	0.00135987
TDRD12	0.00175234
TDRD3	0.00114352
TDRD5	0.00188762
TDRD7	0.00154919
TDRD9	0.00152114
TDRG1	0.00152333
TDRP	0.00141692
TEAD1	0.00125717
TEAD2	0.00192268
TEAD4	0.00191385
TEC	0.00118986
TECPR2	0.00184271
TECR	0.00126495
TECRL	0.00145338
TECTA	0.000926495
TECTB	0.00111353
TEDDM1P1	0.00164258
TEK	0.00204574
TEKT1	0.00225274
TEKT3	0.00168849
TEKT5	0.0024096
TELO2	0.00172276
TEN1-CDK3	0.00172174
TENC1	0.00327957
TENM2	0.00126064
TENM3	0.00194871
TENM4	0.0022225
TEP1	0.00223268
TERF1	0.00333628
TERF2IP	0.00173406
TERT	0.00146185
TESC	0.00164499
TESK2	0.00197809
TESPA1	0.00218072
TET1	0.00263545
TET1P1	0.00147154
TET2	0.00202221
TET3	0.00182082
TEX101	0.0011836
TEX15	0.00175069
TEX19	0.00171045
TEX2	0.00152797
TEX22	0.000739542
TEX26	0.00117963
TEX26-AS1	0.00115045
TEX29	0.00117559
TEX33	0.000674992
TEX35	0.00202908
TEX36	0.00130935
TEX41	0.00177577
TEX9	0.0011927
TFAM	0.00201743
TFAP2A	0.00134123
TFAP2C	0.00169517
TFAP2D	0.00221034
TFAP4	0.00148079
TFB1M	0.00106767
TFCP2	0.00228609
TFCP2L1	0.00200405
TFDP2	0.00135523
TFEB	0.00231382
TFEC	0.00101158
TFF1	0.00183369
TFF2	0.00173747
TFF3	0.00163915
TFIP11	0.00128034
TFP1	0.00148794
TFPI	0.00279607
TFRC	0.00116639
TG	0.000761083
TGDS	0.00161132
TGFA	0.00220949
TGFB1	0.00170489
TGFB2	0.00145039
TGFB3	0.00176699
TGFBI	0.00147391
TGFBR1	0.000651405
TGFBR2	0.00197326
TGFBR3	0.0018437
TGFBRAP1	0.00128988
TGIF1	0.00160925
TGM1	0.00404099
TGM2	0.00161023
TGM3	0.00257319
TGM4	0.00177883
TGM6	0.00166787
TGS1	0.00150302
THA1P	0.0013801
THADA	0.00204904
THAP4	0.00235871
THAP7-AS1	0.0019874
THAP9	0.00182863
THBS1	0.00117399
THBS2	0.00153753
THBS4	0.00151445
THEG	0.00188797
THEGL	0.00216741
THEM4	0.00216655
THEM5	0.00205751
THEM6	0.00214676
THEMIS	0.00134867
THEMIS2	0.00155593
THEMIS3P	0.00112454
THG1L	0.00156805
THNSL2	0.00128709
THOC3	0.00201195
THOP1	0.00106922
THRA	0.00182403
THRAP3P1	0.00126518
THRB	0.00201398
THRB-AS1	0.00183131
THRB-IT1	0.00178573
THSD4	0.00203493
THSD7A	0.00186548
THSD7B	0.0191641
THTPA	0.000926082
TIAF1	0.00219532
TIAM1	0.00221148
TIAM2	0.00156406
TICAM1	0.00144815
TICAM2	0.00178958
TIE1	0.00203422
TIFAB	0.00172084
TIGIT	0.00111667
TIMD4	0.00182164
TIMELESS	0.00177056
TIMM10B	0.00118414
TIMM17A	0.00106082
TIMM21	0.00149877
TIMP2	0.0020078
TIMP3	0.00141008
TINAG	0.00233845
TINCR	0.00148117
TIPARP-AS1	0.00170644
TIPRL	0.00176457
TJAP1	0.00143913
TJP1	0.00114292
TJP2	0.00158464
TJP3	0.00127105
TK1	0.00149324
TK2	0.00206828
TLCD2	0.000919724
TLDC1	0.00157069
TLE1	0.00142221
TLE2	0.000810308
TLE3	0.00125903
TLE4	0.00113371
TLE6	0.000921731
TLK1	0.00196748
TLK2	0.0010508
TLL1	0.00123848
TLL2	0.00209844
TLN1	0.00174377
TLN2	0.00127012
TLR1	0.0106099
TLR10	0.0101145
TLR12P	0.00126545
TLR2	0.00148712
TLR3	0.00167151
TLR5	0.00164815
TLR6	0.0106099
TLX1NB	0.0011396
TLX3	0.00121776
TM2D1	0.00158824
TM2D3	0.00174021
TM4SF1-AS1	0.00115558
TM4SF18	0.00104805
TM4SF20	0.00189141
TM4SF4	0.00130543
TM4SF5	0.00190617
TM9SF1	0.00383156
TM9SF2	0.00226143
TM9SF3	0.00186238
TM9SF4	0.00202662
TMBIM4	0.00177899
TMBIM6	0.0021796
TMC1	0.00188383
TMC2	0.00156444
TMC3	0.00123659
TMC5	0.00146081
TMC6	0.00122531
TMC7	0.000764929
TMC8	0.00133839
TMCC1	0.00194931
TMCC1P1	0.00148437
TMCC2	0.00291755
TMCC3	0.0020781
TMCO1	0.0010919
TMCO3	0.00168256
TMCO4	0.00164417
TMCO5A	0.00161376
TMCO5B	0.0015922
TMED10	0.0017925
TMED3	0.00193934
TMED7-TICAM2	0.00178958
TMED8	0.00181175
TMED9	0.00156511
TMEFF2	0.00199455
TMEM100	0.00111488
TMEM101	0.00257727
TMEM104	0.00114235
TMEM105	0.00145114
TMEM106B	0.00228963
TMEM106C	0.00145138
TMEM108	0.0014282
TMEM114	0.00155578
TMEM117	0.00109376
TMEM120B	0.00153074
TMEM123	0.00138873
TMEM128	0.00258353
TMEM129	0.00335135
TMEM130	0.0014709
TMEM131	0.00141011
TMEM132B	0.00167143
TMEM132C	0.00208356
TMEM132D	0.00179503
TMEM132E	0.00126246
TMEM133	0.00110542
TMEM135	0.00185771
TMEM143	0.00179121
TMEM144	0.00195561
TMEM14B	0.000960577
TMEM150C	0.00190123
TMEM151A	0.00255228
TMEM151B	0.00138144
TMEM154	0.00161887
TMEM155	0.00222232
TMEM156	0.00565698
TMEM158	0.00249652
TMEM161B-AS1	0.00151062
TMEM163	0.0365508
TMEM165	0.00155873
TMEM17	0.00148739
TMEM171	0.00101655
TMEM176B	0.0029291
TMEM178A	0.00187803
TMEM178B	0.00147045
TMEM179	0.00118207
TMEM18	0.0021831
TMEM181	0.00195346
TMEM182	0.0019187
TMEM183A	0.00123014
TMEM184A	0.00259927
TMEM184B	0.00237742
TMEM189	0.00143495
TMEM189-UBE2V1	0.00143495
TMEM192	0.00162454
TMEM194B	0.00299414
TMEM196	0.00115103
TMEM198	0.00144228
TMEM198B	0.00183453
TMEM2	0.000950167
TMEM200A	0.00280558
TMEM200C	0.00109966
TMEM201	0.00224499
TMEM204	0.00132687
TMEM207	0.00105277
TMEM209	0.001188
TMEM211	0.000993098
TMEM212	0.00121753
TMEM213	0.00138108
TMEM217	0.00161813
TMEM218	0.00166186
TMEM222	0.00150244
TMEM229B	0.00261192
TMEM230	0.00107692
TMEM232	0.000942353
TMEM235	0.00142362
TMEM236	0.00252728
TMEM241	0.00154871
TMEM242	0.0008175
TMEM243	0.00125431
TMEM244	0.0018176
TMEM246	0.000747243
TMEM247	0.00178299
TMEM254	0.00270237
TMEM256-PLSCR3	0.00323399
TMEM256P1	0.00153771
TMEM258	0.00178973
TMEM259	0.00190559
TMEM26	0.00148936
TMEM260	0.00122779
TMEM261	0.00136036
TMEM37	0.00167001
TMEM38A	0.000900511
TMEM38B	0.00104832
TMEM40	0.00152466
TMEM41A	0.00213796
TMEM44	0.00180071
TMEM45A	0.00236655
TMEM51	0.000817423
TMEM53	0.00166102
TMEM55A	0.00197396
TMEM56	0.00207254
TMEM57	0.00231292
TMEM61	0.00230822
TMEM63A	0.00134272
TMEM63B	0.00179831
TMEM63C	0.00171225
TMEM67	0.00200095
TMEM68	0.00152993
TMEM71	0.000776819
TMEM72	0.00179509
TMEM72-AS1	0.00184167
TMEM74	0.00150298
TMEM74B	0.00116709
TMEM78	0.00134659
TMEM79	0.00181549
TMEM80	0.00110198
TMEM86A	0.00145425
TMEM87A	0.00106687
TMEM87B	0.00255651
TMEM8B	0.00175045
TMEM8C	0.0026806
TMEM9	0.00119283
TMEM92	0.00118359
TMEM95	0.00308318
TMEM97P2	0.001417
TMEM99	0.0013615
TMEM9B-AS1	0.00189794
TMF1	0.00188902
TMIGD1	0.00264004
TMIGD2	0.00122093
TMOD1	0.0015728
TMOD3	0.001597
TMPRSS11A	0.00148476
TMPRSS11D	0.0019695
TMPRSS11E	0.00137455
TMPRSS12	0.00257542
TMPRSS13	0.00164056
TMPRSS15	0.00187953
TMPRSS2	0.00176679
TMPRSS3	0.0021529
TMPRSS4	0.0019702
TMPRSS4-AS1	0.00186305
TMPRSS5	0.0012092
TMPRSS6	0.000802665
TMPRSS7	0.00227754
TMPRSS9	0.00130878
TMTC1	0.0020786
TMTC2	0.00149012
TMTC3	0.0018301
TMTC4	0.00101102
TMX1	0.00155883
TMX3	0.00140497
TMX4	0.00110815
TNC	0.00215616
TNFAIP2	0.00193051
TNFAIP6	0.00230068
TNFAIP8	0.00196884
TNFRSF10A	0.00117196
TNFRSF10B	0.00141703
TNFRSF10C	0.00118893
TNFRSF10D	0.00120143
TNFRSF11A	0.00227219
TNFRSF11B	0.00218829
TNFRSF13B	0.00218844
TNFRSF19	0.00162295
TNFRSF1A	0.00132557
TNFRSF1B	0.00175845
TNFRSF21	0.00112259
TNFRSF8	0.00315695
TNFRSF9	0.00162408
TNFSF10	0.00126674
TNFSF11	0.00188134
TNFSF13B	0.00143217
TNFSF14	0.002247
TNFSF15	0.000964636
TNFSF4	0.00116727
TNFSF8	0.00107641
TNFSF9	0.00174686
TNIK	0.0018264
TNIP1	0.00218418
TNIP2	0.00147558
TNIP3	0.00211547
TNK1	0.00319678
TNK2	0.000877853
TNKS	0.00215411
TNKS1BP1	0.00229514
TNN	0.00146879
TNNI1	0.00185763
TNNI2	0.00109965
TNNI3K	0.00187021
TNNT1	0.000855611
TNNT2	0.0020012
TNNT3	0.00105508
TNPO3	0.00109902
TNR	0.00219227
TNRC18	0.00161411
TNRC6A	0.00184648
TNRC6B	0.0010913
TNRC6C	0.000991805
TNS1	0.00214782
TNS3	0.00150861
TNS4	0.00128729
TNXA	0.0148354
TOB1	0.001559
TOB2	0.00133303
TOLLIP	0.00160395
TOM1	0.00203708
TOM1L1	0.00119566
TOM1L2	0.00239865
TOMM22P3	0.00172708
TOMM22P4	0.00192869
TOMM22P6	0.00233365
TOMM34	0.0014317
TOMM40L	0.00151401
TOMM5	0.00229922
TOMM7	0.00256231
TONSL	0.00156733
TOP1MT	0.00187046
TOP2A	0.00142357
TOP2B	0.000922953
TOP3A	0.00272824
TOP3B	0.00178921
TOP3BP1	0.00278867
TOPAZ1	0.00173168
TOPBP1	0.00148252
TOR1AIP2	0.00184473
TOX	0.00204016
TOX2	0.00186835
TOX3	0.00195471
TOX4P1	0.00174809
TP53	0.00366338
TP53AIP1	0.00134021
TP53BP1	0.00134845
TP53BP2	0.00327123
TP53I11	0.00161631
TP53INP1	0.00202186
TP53TG5	0.00202556
TP63	0.00187135
TP73	0.00266465
TPBG	0.00199275
TPCN1	0.00164383
TPCN2	0.00246662
TPD52	0.00170661
TPD52L1	0.00182187
TPD52L2	0.00272295
TPGS1	0.00100038
TPH2	0.00125199
TPI1P1	0.00199908
TPK1	0.00158573
TPM1	0.0017227
TPM3P2	0.00269001
TPM3P9	0.00168361
TPM4	0.000916043
TPO	0.00182051
TPP2	0.0017441
TPPP	0.00191274
TPPP2	0.00212135
TPR	0.00124591
TPRG1	0.00180748
TPRG1-AS1	0.00178713
TPRG1-AS2	0.0014223
TPRX1	0.00208395
TPRX1P1	0.0024283
TPRX2P	0.00204992
TPRXL	0.00187648
TPSB2	0.00157191
TPST1	0.00291434
TPST2	0.00133969
TPT1-AS1	0.00159644
TPT1P1	0.00168458
TPTE2	0.00137695
TPTE2P1	0.00218733
TPTE2P5	0.00248518
TPTE2P6	0.00228832
TPTEP1	0.00124819
TRA2A	0.00251956
TRA2B	0.001568
TRABD2A	0.00111781
TRABD2B	0.00190287
TRAC	0.00148901
TRAF1	0.00133684
TRAF2	0.00122045
TRAF3	0.00158163
TRAF3IP1	0.00200334
TRAF3IP2	0.00193387
TRAF3IP2-AS1	0.00193387
TRAF3IP3	0.00216851
TRAJ18	0.00147467
TRAJ36	0.00172384
TRAJ48	0.00174781
TRAJ52	0.00178886
TRAJ53	0.00181504
TRAK1	0.00118955
TRAM1L1	0.00225988
TRAM2	0.00160405
TRAM2-AS1	0.00136828
TRANK1	0.00184164
TRAP1	0.0010828
TRAPPC10	0.00199847
TRAPPC11	0.0021506
TRAPPC12	0.00120676
TRAPPC8	0.00206077
TRAPPC9	0.00200662
TRAT1	0.00229332
TRAV1-1	0.00197684
TRAV13-1	0.00241289
TRAV13-2	0.00225746
TRAV18	0.0020788
TRAV2	0.00221014
TRAV20	0.00166221
TRAV21	0.00168386
TRAV26-1	0.00176884
TRAV27	0.0016717
TRAV33	0.00158701
TRAV36DV7	0.00156347
TRAV37	0.00152098
TRAV38-1	0.00145018
TRAV38-2DV8	0.00137569
TRAV39	0.00141454
TRAV40	0.00143733
TRAV41	0.00168642
TRAV8-1	0.00228473
TRAV8-4	0.0023879
TRAV8-5	0.00232882
TRAV8-6	0.00212947
TRAV8-7	0.00182437
TRAV9-2	0.00224675
TRBV12-1	0.00131457
TRBV19	0.00131548
TRBV2	0.00174869
TRBV4-2	0.00144208
TRBV5-4	0.00131832
TRBV6-1	0.0016304
TRBV6-8	0.00130505
TRBVB	0.00137962
TRDMT1	0.00222809
TRDN	0.00217164
TRDV1	0.0017345
TREML3P	0.00152901
TREML5P	0.0015711
TRERF1	0.0021025
TRERNA1	0.00153237
TRGC1	0.00213382
TRGV10	0.00206151
TRH	0.00229532
TRHDE	0.00183148
TRIAP1P1	0.00285241
TRIB1	0.00179604
TRIB2	0.00107992
TRIB3	0.00186874
TRIL	0.00167228
TRIM14	0.00169617
TRIM15	0.00969819
TRIM16	0.00241558
TRIM16L	0.00297508
TRIM2	0.00153668
TRIM21	0.0013548
TRIM22	0.00146117
TRIM23	0.00214985
TRIM24	0.00127719
TRIM25	0.000892497
TRIM29	0.00259954
TRIM3	0.00111918
TRIM34	0.00173481
TRIM36	0.0029617
TRIM38	0.00657967
TRIM39	0.00904978
TRIM39-RPP21	0.00904978
TRIM41	0.00103935
TRIM42	0.00270595
TRIM44	0.00130793
TRIM45	0.00175954
TRIM47	0.00172804
TRIM48	0.00249954
TRIM5	0.00179288
TRIM52-AS1	0.00105275
TRIM55	0.00107364
TRIM58	0.00290096
TRIM6	0.0018124
TRIM6-TRIM34	0.00173481
TRIM60P16	0.00211397
TRIM62	0.00126845
TRIM67	0.00189811
TRIM69	0.00111131
TRIM71	0.00145979
TRIM72	0.00138498
TRIM9	0.00158815
TRIML1	0.00198161
TRIML2	0.00196135
TRIO	0.00102914
TRIOBP	0.00224737
TRIP10	0.00159854
TRIP11	0.00182358
TRIP12	0.00150874
TRIP13	0.00168531
TRIQK	0.00184811
TRIT1	0.00189901
TRMT1	0.00146277
TRMT11	0.000943546
TRMT112P1	0.0023688
TRMT112P4	0.000999815
TRMT12	0.00162979
TRMT44	0.00139408
TRNT1	0.0013649
TRPA1	0.00189071
TRPC2	0.00247882
TRPC3	0.00216302
TRPC4	0.00189497
TRPC6	0.00150682
TRPC7	0.00150931
TRPM1	0.0018127
TRPM2	0.00205512
TRPM3	0.00234118
TRPM4	0.00201398
TRPM5	0.000930337
TRPM6	0.00110717
TRPM7	0.0014738
TRPM8	0.00177903
TRPS1	0.0017306
TRPV1	0.000658072
TRPV2	0.00201842
TRPV3	0.000974683
TRPV4	0.00247353
TRPV5	0.00117498
TRRAP	0.00120636
TRUB1	0.00190123
TSC1	0.00229683
TSC2	0.00111571
TSC22D1	0.00127208
TSC22D2	0.00122704
TSEN15	0.00133365
TSEN15P1	0.00248763
TSEN15P3	0.00171328
TSEN2	0.00147851
TSEN2P1	0.00160995
TSEN34	0.00109042
TSG101	0.00123553
TSGA10	0.00212857
TSGA10IP	0.00251917
TSGA13	0.00123042
TSHR	0.00107307
TSHZ1	0.00154972
TSHZ2	0.00108953
TSHZ3	0.000829522
TSKS	0.00189505
TSKU	0.000890577
TSLP	0.00100399
TSN	0.00146014
TSNARE1	0.00167692
TSNAX-DISC1	0.00170573
TSPAN11	0.00130303
TSPAN13	0.00188064
TSPAN14	0.00218426
TSPAN15	0.00157792
TSPAN16	0.00242525
TSPAN17	0.0024425
TSPAN18	0.00177398
TSPAN2	0.00124429
TSPAN3	0.00182551
TSPAN32	0.000725516
TSPAN33	0.00103943
TSPAN4	0.00129079
TSPAN5	0.00190049
TSPAN8	0.00156835
TSPAN9	0.00217971
TSPEAR	0.00201153
TSPO	0.00170856
TSPYL5	0.0015949
TSRM	0.00161093
TSSC1	0.00139956
TSSC2	0.00171096
TSSK3	0.000905648
TSTA3	0.00299859
TTBK1	0.00184657
TTC12	0.00161044
TTC13	0.0021326
TTC17	0.00114582
TTC18	0.000989183
TTC22	0.00240084
TTC23	0.000934454
TTC23L	0.00173211
TTC26	0.00242669
TTC27	0.00170502
TTC28	0.00098021
TTC29	0.00194332
TTC3	0.00117326
TTC34	0.00164901
TTC37	0.00104202
TTC39A	0.00117493
TTC39B	0.00139755
TTC39C	0.00209303
TTC4	0.00250251
TTC40	0.00232885
TTC5	0.00239784
TTC6	0.00119105
TTC7A	0.00202299
TTC7B	0.00250567
TTC8	0.00105734
TTC9	0.00225689
TTF1	0.00135324
TTF2	0.00181585
TTI1	0.00143497
TTK	0.00265918
TTLL1	0.00175344
TTLL10	0.000977872
TTLL10-AS1	0.001099
TTLL11	0.00172037
TTLL11-IT1	0.00165736
TTLL13	0.00183392
TTLL2	0.00279638
TTLL5	0.00185255
TTLL6	0.00277997
TTLL7	0.00127464
TTLL8	0.00191414
TTLL9	0.00211445
TTN	0.00310253
TTN-AS1	0.00310253
TTPA	0.00205473
TTR	0.00202204
TTYH1	0.00103249
TTYH2	0.00142703
TTYH3	0.0022455
TUB	0.001501
TUBA1C	0.00234803
TUBA3FP	0.0019874
TUBA3GP	0.00204449
TUBA8	0.00290075
TUBB2A	0.00123792
TUBB2B	0.00125594
TUBB3P2	0.00190758
TUBB4A	0.00170533
TUBB4BP4	0.00312806
TUBB4BP5	0.00201184
TUBB4BP6	0.000806129
TUBB7P	0.00221053
TUBB8P6	0.001466
TUBBP11	0.0029561
TUBBP5	0.00183264
TUBBP6	0.00193495
TUBBP8	0.00116905
TUBBP9	0.00147396
TUBGCP2	0.00152166
TUBGCP3	0.00108845
TUBGCP5	0.000637993
TUBGCP6	0.00191233
TUFT1	0.00177319
TULP1	0.00243354
TULP2	0.00161629
TULP3	0.0017474
TULP4	0.00192618
TUSC1	0.00250116
TUSC3	0.00221381
TUSC5	0.0012579
TUSC7	0.00115569
TVP23A	0.00157354
TVP23C	0.00217417
TVP23C-CDRT4	0.00217417
TWF1	0.00114517
TWIST1	0.00119798
TWIST2	0.00232265
TWISTNB	0.00121248
TWSG1	0.00196457
TXK	0.0013024
TXLNB	0.00278333
TXN	0.00146975
TXNDC11	0.000898133
TXNDC16	0.00163719
TXNDC2	0.000730445
TXNDC5	0.00163687
TXNDC8	0.00179298
TXNL1	0.00108303
TXNL1P1	0.0015829
TXNL4A	0.000885313
TXNRD1	0.00126249
TXNRD2	0.00124633
TXNRD3	0.00122225
TXNRD3NB	0.00122225
TYK2	0.00172077
TYMS	0.00165993
TYR	0.00693424
TYRP1	0.00156086
TYSND1	0.00185884
TYW1	0.00281256
TYW1B	0.00279745
TYW3	0.00204547
TYW5	0.00133791
U1	0.00175624
U2AF2	0.00137476
U2SURP	0.00164836
U3	0.00277602
U6	0.00159306
U8	0.00239458
U91319.1	0.00204606
U95743.1	0.00204237
UACA	0.000881748
UAP1	0.00103448
UBA6	0.00195828
UBA6-AS1	0.0019695
UBAC1	0.00122975
UBAC2	0.0021431
UBAP2	0.00161566
UBASH3A	0.00236665
UBASH3B	0.00197542
UBBP1	0.0283751
UBBP3	0.00121194
UBBP5	0.00154751
UBC	0.00122075
UBE2CP1	0.00103002
UBE2D1	0.00214026
UBE2D2	0.00235376
UBE2D3P1	0.00263557
UBE2D3P4	0.00123141
UBE2E1	0.00198064
UBE2E2	0.00215747
UBE2E3	0.00164997
UBE2F	0.00159906
UBE2F-SCLY	0.00169958
UBE2FP2	0.00123117
UBE2G1	0.000959182
UBE2G2	0.00102334
UBE2H	0.00124453
UBE2I	0.00129217
UBE2J1	0.00238154
UBE2K	0.00267103
UBE2L3	0.00185013
UBE2L5P	0.00107038
UBE2O	0.00171947
UBE2Q2	0.00119424
UBE2QL1	0.00212206
UBE2U	0.00155949
UBE2V1	0.00142851
UBE2V1P10	0.00123056
UBE2V1P12	0.00139222
UBE2V1P4	0.00185426
UBE2V1P8	0.00148168
UBE2V2	0.000410289
UBE2V2P1	0.0016012
UBE2W	0.00191357
UBE2Z	0.00275572
UBE3A	0.00121243
UBE3AP2	0.00210207
UBE3C	0.00148718
UBE3D	0.00207386
UBE4A	0.00165587
UBE4B	0.0022456
UBIAD1	0.00163083
UBL3	0.00147918
UBL4B	0.00162866
UBL5P1	0.00178422
UBL5P3	0.00103293
UBN1	0.00171353
UBN2	0.00242622
UBOX5	0.00137765
UBOX5-AS1	0.00137765
UBQLN1	0.00148933
UBQLN3	0.00241558
UBQLN4P2	0.00159868
UBR1	0.00129988
UBR2	0.00122366
UBR3	0.0019297
UBR4	0.00207919
UBR5	0.00159484
UBR7	0.00168654
UBTD1	0.00167456
UBTD2	0.00139593
UBXN11	0.0027284
UBXN2B	0.0016964
UBXN7	0.00137349
UBXN7-AS1	0.00134267
UBXN8	0.00195239
UCA1	0.00150604
UCHL1	0.00177768
UCHL1-AS1	0.00180345
UCHL3	0.00174513
UCK1	0.00168991
UCK2	0.00125239
UCKL1	0.00269255
UCMA	0.00224256
UCN3	0.00235791
UCP2	0.0024391
UFC1	0.00147235
UFD1L	0.000994446
UFL1-AS1	0.00124902
UFM1	0.00167382
UFSP2	0.0018697
UGCG	0.0022113
UGDH	0.0028636
UGDH-AS1	0.00278324
UGGT1	0.00122078
UGGT2	0.00174715
UGT1A1	0.00232886
UGT1A10	0.00232886
UGT1A12P	0.00163259
UGT1A3	0.00232886
UGT1A4	0.00232886
UGT1A5	0.00232886
UGT1A6	0.00232886
UGT1A7	0.00232886
UGT1A9	0.00232886
UGT2A1	0.00151518
UGT2A2	0.00151518
UGT2A3	0.00193934
UGT2B15	0.00171587
UGT2B7	0.00198748
UGT3A1	0.00297631
UGT3A2	0.00300922
UGT8	0.00159906
UHMK1	0.000949099
UHRF1	0.00183871
UHRF2	0.00127372
UIMC1	0.00154065
ULBP1	0.00216441
ULBP2	0.00215019
ULBP3	0.00263898
ULK1	0.00224975
ULK2	0.00126595
ULK3	0.0023222
ULK4	0.00107113
UMOD	0.00286321
UMODL1	0.00179579
UNC13A	0.00121371
UNC13B	0.00178133
UNC13C	0.00170582
UNC45A	0.00219818
UNC45B	0.00145294
UNC5A	0.00175195
UNC5B	0.00139379
UNC5C	0.00182946
UNC5CL	0.00130655
UNC5D	0.00100132
UNC79	0.00177123
UNC80	0.00148704
UNC93A	0.00271442
UNC93B2	0.00148987
UNC93B5	0.00220447
UNC93B7	0.00103003
UNCX	0.001708
UNGP1	0.00130363
UNKL	0.00129467
UOX	0.00174294
UPB1	0.00137734
UPF1	0.00127607
UPF2	0.00212631
UPF3A	0.00170936
UPK1B	0.00209465
UPK2	0.00152512
UPK3A	0.0014333
UPK3B	0.00210237
UPP2	0.0026407
UQCRB	0.00188202
UQCRFS1	0.00197119
UQCRHP1	0.0160686
URAD	0.00121605
URB1	0.0013004
URB2	0.00136019
URGCP	0.0015861
URGCP-MRPS24	0.0015861
URI1	0.00084988
UROC1	0.00125182
USF1	0.00138755
USH1C	0.00161441
USH2A	0.00168882
USO1	0.00235498
USP1	0.00163394
USP10	0.0016347
USP12	0.00184127
USP13	0.00125496
USP14	0.00181368
USP17L2	0.00319169
USP18	0.00304169
USP2	0.00157897
USP2-AS1	0.00157703
USP20	0.00164753
USP22	0.00154597
USP24	0.00150213
USP25	0.00107525
USP28	0.00118893
USP29	0.00202785
USP30	0.00141978
USP31	0.00100425
USP32	0.000484142
USP34	0.00112767
USP35	0.0014131
USP38	0.00147934
USP40	0.00143888
USP41	0.00172777
USP42	0.00228733
USP43	0.00178514
USP44	0.00222799
USP46	0.000998763
USP47	0.00116345
USP48	0.00128148
USP49	0.00256117
USP50	0.00129186
USP6	0.00196961
USP6NL	0.00170163
USP7	0.000972306
USPL1	0.00111925
UST	0.0015328
UTF1	0.00204242
UTP15	0.00192116
UTP18	0.00159815
UTP20	0.00140894
UTP23	0.00222796
UTRN	0.00221641
UTS2	0.00163646
UTS2B	0.00225118
UVRAG	0.00112032
UVSSA	0.00178546
UXS1	0.001501
VAC14	0.00293066
VAMP8	0.00118562
VANGL1	0.00135083
VANGL2	0.000927839
VAPA	0.000715548
VAPB	0.000959021
VASH2	0.00165712
VASP	0.00135594
VAT1L	0.00104266
VAV1	0.00161231
VAV2	0.00190886
VAV3	0.00134627
VAV3-AS1	0.00164971
VAX1	0.00096455
VAX2	0.00194428
VCAM1	0.00136091
VCAN	0.00165568
VCAN-AS1	0.00165568
VCL	0.00148196
VDAC1	0.00152422
VDAC1P10	0.00160294
VDAC1P12	0.00253461
VDAC1P5	0.00192465
VDAC3P1	0.00175209
VDR	0.00180767
VEGFA	0.00148605
VEGFC	0.00134339
VENTX	0.00174892
VENTXP2	0.0012541
VENTXP4	0.00130462
VEPH1	0.0017645
VEZF1	0.000952047
VEZT	0.00204891
VGF	0.00206506
VGLL2	0.00191857
VGLL3	0.00136681
VGLL4	0.00147553
VIM	0.00234874
VIM-AS1	0.00232126
VIMP	0.00180506
VIP	0.00177456
VIPAS39	0.00186651
VIPR1	0.00147194
VIPR1-AS1	0.00147194
VIPR2	0.00332189
VIT	0.00259026
VLDLR	0.00153821
VMP1	0.00148002
VN1R2	0.00125008
VN1R65P	0.00105541
VN1R6P	0.00170063
VN1R90P	0.00257293
VN1R91P	0.00198087
VN1R92P	0.00191044
VN2R19P	0.00191897
VN2R1P	0.00213392
VN2R3P	0.00136341
VNN1	0.0015625
VNN2	0.00189882
VOPP1	0.00157993
VPREB1	0.00296403
VPREB3	0.00180538
VPS13A	0.00188184
VPS13A-AS1	0.00192703
VPS13B	0.0011893
VPS13C	0.00181242
VPS13D	0.000903074
VPS16	0.00101079
VPS25P1	0.00198457
VPS26A	0.00251445
VPS26B	0.00122679
VPS33A	0.00236345
VPS37A	0.000849589
VPS41	0.00211717
VPS45	0.00137884
VPS4B	0.00137051
VPS51	0.00187144
VPS53	0.00172542
VPS54	0.00150443
VPS8	0.00191071
VRK2	0.00227699
VRK3	0.00169586
VRTN	0.0026073
VSIG10	0.00126493
VSIG10L	0.00197609
VSIG8	0.00111611
VSTM1	0.00102542
VSTM2A	0.00167947
VSTM2B	0.00161514
VSTM2L	0.00148785
VSTM4	0.00214931
VSTM5	0.00193393
VSX1	0.00221574
VSX2	0.00273483
VTCN1	0.00196789
VTI1A	0.000973151
VTRNA2-1	0.00151437
VWA1	0.000938321
VWA2	0.00138138
VWA3B	0.00157586
VWA5A	0.00286071
VWA5B1	0.00205531
VWA8	0.0020848
VWC2	0.00190664
VWC2L	0.00155461
VWDE	0.00227674
VWF	0.00124621
VWFP1	0.00126163
WAC	0.00149666
WAPAL	0.00178824
WARS	0.00194992
WARS2P1	0.00108475
WASF2	0.00119932
WASF3	0.00152891
WASL	0.00111755
WBP11P1	0.00156776
WBP1LP1	0.0014108
WBP2NL	0.0014029
WBP2P1	0.00113607
WBSCR17	0.00163074
WBSCR22	0.00224095
WBSCR28	0.00133453
WDFY1	0.0024838
WDFY2	0.00166006
WDFY3	0.00125772
WDFY4	0.00194409
WDHD1	0.00154233
WDPCP	0.00159558
WDR11	0.0017457
WDR11-AS1	0.0017154
WDR12	0.00163145
WDR16	0.00160434
WDR17	0.00161054
WDR18	0.00192322
WDR19	0.00260417
WDR25	0.00188512
WDR27	0.00133165
WDR31	0.00158111
WDR33	0.00158249
WDR35	0.00194584
WDR36	0.00111826
WDR37	0.00208308
WDR38	0.00153766
WDR41	0.0025304
WDR43	0.00197021
WDR45B	0.000757958
WDR49	0.00153041
WDR5	0.00387029
WDR52	0.00146085
WDR53	0.00119961
WDR59	0.00176075
WDR60	0.00277974
WDR61	0.00214355
WDR62	0.00205421
WDR63	0.00170544
WDR64	0.000882096
WDR65	0.00240847
WDR66	0.00169438
WDR7	0.0013802
WDR70	0.00217606
WDR72	0.00190472
WDR78	0.0016422
WDR81	0.00103497
WDR86	0.00124518
WDR86-AS1	0.00119659
WDR88	0.00204134
WDR93	0.00150633
WDR95P	0.000901506
WDR96	0.0025085
WDSUB1	0.00125463
WDYHV1	0.00252396
WEE1	0.00139267
WFDC1	0.00150834
WFDC2	0.00264564
WFIKKN1	0.00225093
WFS1	0.00131752
WHAMMP3	0.00110502
WHSC1L1	0.00108156
WI2-1959D15.1	0.00185875
WI2-3658N16.1	0.00304166
WI2-81516E3.1	0.00279947
WI2-87327B8.1	0.00103966
WI2-925H4.1	0.00309802
WIPF1	0.00119884
WIPF2	0.00147178
WIPF3	0.00228938
WIPI1	0.00158091
WIPI2	0.00183394
WISP1	0.00117833
WISP2	0.00142388
WISP3	0.00245987
WIZ	0.00115193
WLS	0.00183299
WNK1	0.000777515
WNK2	0.00226624
WNT1	0.0023349
WNT10A	0.00171556
WNT11	0.00112637
WNT2	0.00159536
WNT2B	0.00191745
WNT3	0.00499784
WNT4	0.00137341
WNT5A	0.00164454
WNT5B	0.00164618
WNT7A	0.00196344
WNT7B	0.000262283
WNT9A	0.00173313
WNT9B	0.00387862
WRAP53	0.00353085
WRAP73	0.00265775
WRN	0.00147039
WRNIP1	0.000937915
WSB2	0.0011203
WSCD1	0.00134583
WSCD2	0.00135932
WT1	0.00165595
WT1-AS	0.00166461
WTAPP1	0.00194815
WTIP	0.00185555
WWC1	0.00195488
WWC2	0.00135726
WWOX	0.00250568
WWP1	0.00254955
WWP2	0.00207387
WWTR1	0.00128852
XAF1	0.00215131
XCL1	0.00134445
XCR1	0.00298812
XDH	0.0017352
XIRP1	0.0022011
XIRP2	0.00242503
XIRP2-AS1	0.00192991
XKR3	0.00141848
XKR4	0.00140776
XKR5	0.00140989
XKR6	0.00141184
XKR7	0.00214819
XKR9	0.00142647
XPC	0.0018759
XPNPEP1	0.00181134
XPNPEP3	0.00119532
XPO4	0.00150989
XPO6	0.00131498
XPO7	0.00147774
XPR1	0.00139018
XRCC2	0.00172993
XRCC4	0.00164752
XRCC5	0.00113718
XRCC6P1	0.00234823
XRN1	0.00140754
XRRA1	0.00156531
XX-C283C717.1	0.00215891
XXYLT1	0.00171893
XXbac-B135H6.15	0.00214457
XXbac-B444P24.10	0.00186186
XXbac-B444P24.14	0.00189524
XXbac-B444P24.8	0.00150148
XXbac-B461K10.4	0.00192959
XXbac-B476C20.17	0.00186178
XXbac-B476C20.9	0.00202645
XXbac-BPG13B8.10	0.0106848
XXbac-BPG181M17.5	0.00807736
XXbac-BPG248L24.13	0.0218011
XXbac-BPG254F23.6	0.00895974
XXbac-BPG299F13.16	0.0214416
XXbac-BPGBPG55C20.1	0.00267146
XXyac-YM21GA2.1	0.00211055
XXyac-YM21GA2.4	0.00227806
XXyac-YX60D10.1	0.00142398
XXyac-YX65C7_A.2	0.00153753
XXyac-YX65C7_A.3	0.00143412
XXyac-YX65C7_A.4	0.0013943
XYLB	0.00229417
XYLT1	0.00163924
XYLT2	0.00146421
YAP1	0.00146585
YAP1P1	0.0013549
YARS2	0.00294654
YBX1P1	0.00179737
YBX1P6	0.000947152
YBX1P9	0.00131506
YBX3	0.00146701
YEATS2	0.00243069
YEATS4	0.00189432
YES1	0.00156262
YIPF1	0.00156961
YIPF7	0.00175254
YLPM1	0.00185971
YME1L1	0.00263436
YOD1	0.00273584
YPEL1	0.00177376
YPEL2	0.00167393
YRDCP3	0.00147725
YTHDC1	0.0012532
YTHDC2	0.00146921
YWHAB	0.00144834
YWHAE	0.00109195
YWHAQ	0.00130842
YWHAQP9	0.00210345
YWHAZ	0.00117281
YWHAZP2	0.00147529
YWHAZP5	0.00224352
Y_RNA	0.00638972
Z83844.1	0.00212477
Z95114.5	0.00113738
Z95704.5	0.000703018
Z97055.1	0.0016666
Z97352.1	0.00144881
Z98049.1	0.00133851
ZACN	0.00168496
ZADH2	0.00123999
ZAR1L	0.00132271
ZBBX	0.00177418
ZBED1P1	0.00173078
ZBED3	0.00228737
ZBED3-AS1	0.00255894
ZBED4	0.00114375
ZBED5	0.00115982
ZBED5-AS1	0.00122783
ZBP1	0.000826873
ZBTB10	0.00160573
ZBTB14	0.000670089
ZBTB16	0.00200291
ZBTB17	0.00184276
ZBTB18	0.00172304
ZBTB20	0.00153114
ZBTB20-AS1	0.00121452
ZBTB20-AS2	0.00141979
ZBTB21	0.00114363
ZBTB25	0.00280238
ZBTB34	0.00151289
ZBTB38	0.00128545
ZBTB40	0.00157597
ZBTB43	0.00146383
ZBTB44	0.00104782
ZBTB46	0.00287798
ZBTB49	0.0018682
ZBTB5	0.00203659
ZBTB7A	0.000779156
ZBTB7C	0.00170471
ZBTB8OSP2	0.00174531
ZC2HC1A	0.00132138
ZC2HC1B	0.00142347
ZC3H11B	0.00188156
ZC3H12C	0.00141706
ZC3H13	0.00184692
ZC3H18	0.00160072
ZC3H3	0.00266998
ZC3H4	0.00128713
ZC3H7A	0.000868745
ZC3H8	0.00272962
ZC3HAV1	0.00241744
ZC3HAV1L	0.00209653
ZC3HC1	0.00133136
ZCCHC14	0.00169965
ZCCHC17	0.00169961
ZCCHC2	0.00206865
ZCCHC24	0.00226601
ZCCHC3	0.00285317
ZCCHC6	0.00153831
ZCCHC7	0.00172576
ZDHHC11	0.00189111
ZDHHC11B	0.00189111
ZDHHC13	0.00123433
ZDHHC14	0.00174548
ZDHHC17	0.00156763
ZDHHC19	0.00140175
ZDHHC2	0.00093924
ZDHHC20	0.00123318
ZDHHC20P4	0.0022995
ZDHHC21	0.00177814
ZDHHC22	0.00161212
ZDHHC4	0.00142423
ZDHHC7	0.00253747
ZDHHC8P1	0.00158883
ZEB1	0.00253342
ZEB2	0.00150561
ZEB2P1	0.00119406
ZER1	0.00147896
ZFAND1	0.00123265
ZFAND2A	0.0016831
ZFAND3	0.0017055
ZFAND4	0.00197001
ZFAND5	0.00193874
ZFAND6	0.00227998
ZFAT	0.00144211
ZFHX2	0.00117698
ZFHX3	0.00241166
ZFHX4	0.00125753
ZFHX4-AS1	0.00102583
ZFP1	0.00141538
ZFP36L1	0.00192774
ZFP37	0.00145314
ZFP42	0.00174244
ZFP62	0.00135563
ZFP64	0.00173358
ZFP69B	0.00171272
ZFP90	0.00270704
ZFP91	0.00177106
ZFP91-CNTF	0.00177106
ZFPM1	0.00200064
ZFPM2	0.00149312
ZFR	0.00212862
ZFR2	0.00124259
ZFYVE1	0.00209208
ZFYVE16	0.00235958
ZFYVE20	0.00115968
ZFYVE26	0.00209639
ZFYVE27	0.00161848
ZFYVE28	0.00249512
ZFYVE9	0.00106295
ZFYVE9P2	0.0016366
ZG16B	0.00174089
ZGPAT	0.0026872
ZHX2	0.00137564
ZHX3	0.00113065
ZIC1	0.0011771
ZIC2	0.00107279
ZIC5	0.00118568
ZIK1	0.00194733
ZIM2	0.00113066
ZKSCAN2	0.00103589
ZKSCAN5	0.00107897
ZMAT3	0.00135615
ZMAT4	0.00228433
ZMIZ1	0.00166438
ZMIZ1-AS1	0.00166944
ZMIZ2	0.00108339
ZMYM2	0.00141627
ZMYM4	0.00103646
ZMYM6	0.00165971
ZMYND11	0.0017887
ZMYND15	0.00223703
ZMYND8	0.00165863
ZNF10	0.00178574
ZNF100	0.00210932
ZNF101P1	0.00214632
ZNF106	0.00112515
ZNF107	0.00330851
ZNF112	0.00271821
ZNF114	0.0018009
ZNF117	0.00302717
ZNF123P	0.00142968
ZNF124	0.00184037
ZNF131	0.00137065
ZNF133	0.0013924
ZNF135	0.00173764
ZNF137P	0.00141158
ZNF138	0.00298336
ZNF141	0.000781077
ZNF143	0.00140488
ZNF148	0.00274046
ZNF16	0.00129352
ZNF160	0.00117864
ZNF169	0.00173859
ZNF180	0.00275268
ZNF19	0.00370013
ZNF195	0.00177567
ZNF200	0.00138192
ZNF208	0.0019752
ZNF209P	0.00196114
ZNF211	0.00199439
ZNF214	0.00190626
ZNF215	0.0017993
ZNF217	0.00111216
ZNF223	0.00273914
ZNF227	0.002725
ZNF229	0.00264521
ZNF230	0.0026861
ZNF236	0.00141056
ZNF239	0.00231308
ZNF25	0.00183576
ZNF252P-AS1	0.00146125
ZNF259P1	0.00193042
ZNF263	0.00127759
ZNF264	0.00235036
ZNF267	0.000552389
ZNF268	0.00178574
ZNF271	0.00168624
ZNF274	0.00171447
ZNF277	0.00155356
ZNF28	0.00264485
ZNF280A	0.00205015
ZNF280B	0.00210872
ZNF280D	0.00136132
ZNF283	0.00258993
ZNF284	0.00273914
ZNF285	0.00261357
ZNF286A	0.00244056
ZNF287	0.00198444
ZNF292	0.00290083
ZNF295-AS1	0.00144657
ZNF296	0.00140887
ZNF30	0.00186682
ZNF300P1	0.00218594
ZNF302	0.00164151
ZNF317	0.00115896
ZNF318	0.00186257
ZNF319	0.00168813
ZNF32-AS3	0.00223577
ZNF320	0.00224538
ZNF321P	0.00239642
ZNF324B	0.00169922
ZNF326	0.00177095
ZNF331	0.00117922
ZNF334	0.00134727
ZNF335	0.00276149
ZNF341	0.00273263
ZNF343	0.00158762
ZNF347	0.00127681
ZNF354A	0.00157516
ZNF354B	0.00133496
ZNF354C	0.00123239
ZNF358	0.00136695
ZNF365	0.00208034
ZNF366	0.00105039
ZNF385A	0.00323036
ZNF385B	0.00140633
ZNF385C	0.00256903
ZNF385D	0.00125293
ZNF391	0.00915233
ZNF395	0.00179615
ZNF398	0.00149576
ZNF407	0.00120618
ZNF415	0.00114922
ZNF418	0.00193119
ZNF420	0.00271911
ZNF423	0.00100435
ZNF426	0.00136661
ZNF428	0.00155274
ZNF43	0.00205922
ZNF431	0.002028
ZNF432	0.00181517
ZNF438	0.00287357
ZNF444	0.0016044
ZNF45	0.00259422
ZNF454	0.00132648
ZNF460	0.00244334
ZNF462	0.00109482
ZNF467	0.00122767
ZNF468	0.00241988
ZNF469	0.00237915
ZNF471	0.00107487
ZNF474	0.00166488
ZNF479	0.00259205
ZNF480	0.001444
ZNF485	0.00223462
ZNF487	0.00227105
ZNF491	0.00148863
ZNF492	0.00254967
ZNF493	0.00227896
ZNF496	0.00193789
ZNF500	0.00171881
ZNF503-AS1	0.00153892
ZNF506	0.0013594
ZNF507	0.000901591
ZNF512B	0.00270356
ZNF516	0.00166376
ZNF518B	0.00178074
ZNF519	0.00197964
ZNF521	0.00145939
ZNF525	0.00194161
ZNF528	0.00152836
ZNF529	0.00281081
ZNF532	0.00140202
ZNF534	0.00134045
ZNF536	0.0010249
ZNF540	0.00247274
ZNF542	0.000969556
ZNF543	0.00234503
ZNF544	0.0017976
ZNF551	0.00199591
ZNF554	0.00115238
ZNF555	0.00114667
ZNF556	0.00111794
ZNF557	0.00187934
ZNF558	0.00167409
ZNF563	0.00116601
ZNF564	0.00153784
ZNF565	0.00283857
ZNF57	0.00103724
ZNF571	0.00247274
ZNF571-AS1	0.00247274
ZNF578	0.0015082
ZNF582	0.00108527
ZNF583	0.00108937
ZNF586	0.00203449
ZNF596	0.00149356
ZNF600	0.00229521
ZNF605	0.00181763
ZNF606	0.00191575
ZNF608	0.00139983
ZNF609	0.00156203
ZNF610	0.00154326
ZNF611	0.00118071
ZNF613	0.00183429
ZNF616	0.00158167
ZNF618	0.00146532
ZNF619	0.00139743
ZNF622	0.000796945
ZNF623	0.00298417
ZNF624	0.00203759
ZNF625	0.00114244
ZNF625-ZNF20	0.00114244
ZNF626	0.00191401
ZNF627	0.00183558
ZNF638	0.00199589
ZNF641	0.00160734
ZNF644	0.00198644
ZNF648	0.00169983
ZNF652	0.00195736
ZNF653	0.00143832
ZNF658	0.00104123
ZNF66	0.00183521
ZNF665	0.00125777
ZNF670	0.00183511
ZNF679	0.00356722
ZNF680	0.00341926
ZNF683	0.00270994
ZNF691	0.00240704
ZNF695	0.00165918
ZNF697	0.00174889
ZNF7	0.00118972
ZNF701	0.00146949
ZNF702P	0.00232719
ZNF704	0.00132359
ZNF705A	0.00311541
ZNF705B	0.00140117
ZNF706	0.0015141
ZNF707	0.0029614
ZNF709	0.00153784
ZNF71	0.00109329
ZNF710	0.00179009
ZNF717	0.00209352
ZNF720	0.000806113
ZNF724P	0.00292727
ZNF727	0.00362118
ZNF728	0.00277326
ZNF74	0.00120312
ZNF749	0.00229881
ZNF761	0.00168361
ZNF763	0.001237
ZNF765	0.00194167
ZNF766	0.00136877
ZNF767	0.00131883
ZNF77	0.000915089
ZNF773	0.00206501
ZNF775	0.00166991
ZNF777	0.00128894
ZNF780B	0.00139083
ZNF783	0.00138719
ZNF787	0.00144282
ZNF792	0.00187702
ZNF80	0.00114025
ZNF800	0.0016928
ZNF804A	0.00186215
ZNF804B	0.00229426
ZNF805	0.00236422
ZNF806	0.00223249
ZNF807	0.0017649
ZNF808	0.00146949
ZNF813	0.00156304
ZNF815P	0.00234354
ZNF816	0.00239642
ZNF816-ZNF321P	0.00235457
ZNF823	0.00188048
ZNF826P	0.0015605
ZNF827	0.000951566
ZNF83	0.00141158
ZNF831	0.00153023
ZNF835	0.00131021
ZNF836	0.00153179
ZNF837	0.00161343
ZNF840	0.00147656
ZNF843	0.00106917
ZNF845	0.00183453
ZNF862	0.00183872
ZNF865	0.00140901
ZNF876P	0.000680989
ZNF880	0.00152818
ZNF883	0.00140275
ZNF888	0.00221196
ZNF90	0.00135417
ZNF90P3	0.00328989
ZNF92P2	0.00197815
ZNF962P	0.00224029
ZNF98	0.00199553
ZNF99	0.00261221
ZNRD1-AS1	0.0107151
ZNRF1	0.00133663
ZNRF2	0.00150603
ZNRF2P2	0.00275396
ZNRF3	0.00125442
ZNRF3-AS1	0.00125442
ZNRF4	0.00139141
ZP2	0.0016183
ZP3	0.00197243
ZPBP	0.00192286
ZPLD1	0.00170263
ZRANB2-AS2	0.00261984
ZRANB3	0.0339065
ZSCAN1	0.00174357
ZSCAN10	0.00146951
ZSCAN12	0.0098536
ZSCAN16-AS1	0.00984435
ZSCAN18	0.00166973
ZSCAN20	0.00124125
ZSCAN22	0.00155973
ZSCAN5A	0.00162532
ZSCAN5B	0.00185519
ZSCAN5C	0.00182789
ZSCAN5D	0.0014519
ZSWIM2	0.00322328
ZSWIM4	0.00162158
ZSWIM5	0.00174873
ZSWIM5P1	0.0024697
ZSWIM6	0.00153959
ZWINT	0.00311864
ZXDC	0.00122929
ZYG11A	0.00122276
ZYX	0.0014848
ZZEF1	0.000940017
ZZZ3	0.00210552
hsa-mir-1199	0.00125136
hsa-mir-125a	0.00125195
hsa-mir-466	0.00200888
hsa-mir-490	0.00119477
hsa-mir-7515	0.00172552
snoMBII-202	0.00293024
snoR26	0.00152368
snoU13	0.00298506
snoU83B	0.00117341
snoZ13_snr52	0.00143302
snoZ178	0.00227147
snoZ247	0.00172185
snoZ40	0.00170099
snoZ6	0.0020887
snosnR60_Z15	0.00154044
