chrom	start	end	gene_name	fg_pleio_degree	pleio_degree	pleio_degree_maxindep	pleio_degree_locuswide
1	1108436.0	1114935.0	TTLL10-AS1	1.0			1.0
1	1152288.0	1167411.0	SDF4	1.0			
1	1227756.0	1244989.0	ACAP3	1.0			1.0
1	1270656.0	1284730.0	DVL1	2.0			1.0
1	1288069.0	1297157.0	MXRA8	1.0			1.0
1	1353800.0	1357149.0	ANKRD65	1.0			
1	1682671.0	1711896.0	NADK	1.0			
1	1716729.0	1822495.0	GNB1	1.0	1.0		1.0
1	1981909.0	2116834.0	PRKCZ	3.0			3.0
1	2252692.0	2323146.0	MORN1	1.0			3.0
1	2487078.0	2496821.0	TNFRSF14	1.0			
1	2522078.0	2564481.0	MMEL1	1.0			
1	2985732.0	3355185.0	PRDM16	3.0	4.0	2.0	4.0
1	3569084.0	3652765.0	TP73	1.0			5.0
1	6241329.0	6269449.0	RPL22	1.0			1.0
1	6526152.0	6580121.0	PLEKHG5	1.0			1.0
1	6673745.0	6684093.0	PHF13	1.0	1.0		1.0
1	6845384.0	7829766.0	CAMTA1	1.0	2.0	1.0	2.0
1	7831329.0	7841492.0	VAMP3	1.0			3.0
1	7903143.0	7913572.0	UTS2	1.0	1.0	1.0	2.0
1	8014351.0	8045565.0	PARK7	1.0			
1	8412457.0	8877702.0	RERE	1.0	4.0	2.0	6.0
1	9352939.0	9429591.0	SPSB1	5.0	2.0		2.0
1	9648932.0	9674935.0	TMEM201	1.0			2.0
1	9789084.0	9884584.0	CLSTN1	1.0			
1	10092890.0	10241297.0	UBE4B	1.0	1.0		3.0
1	10532345.0	10690815.0	PEX14	1.0			1.0
1	10696661.0	10856707.0	CASZ1	6.0	1.0		1.0
1	11072414.0	11085796.0	TARDBP	1.0			2.0
1	11166592.0	11322564.0	MTOR	1.0	4.0	1.0	4.0
1	11249398.0	11256038.0	ANGPTL7	1.0	1.0		4.0
1	11845780.0	11866977.0	MTHFR	2.0	2.0		3.0
1	11866207.0	11903201.0	CLCN6	2.0	2.0		3.0
1	11905766.0	11908402.0	NPPA	1.0			3.0
1	12227060.0	12269285.0	TNFRSF1B	1.0			
1	15764935.0	15775737.0	CTRC	1.0			1.0
1	15783223.0	15798586.0	CELA2A	1.0			1.0
1	16345370.0	16360545.0	CLCNKA	1.0			2.0
1	17312453.0	17338423.0	ATP13A2	1.0	1.0		3.0
1	17345217.0	17380665.0	SDHB	1.0			3.0
1	17698691.0	17728195.0	PADI6	2.0			
1	17733256.0	17766220.0	RCC2	1.0			
1	17740127.0	17740190.0	AC004824.1	1.0			
1	18434240.0	18704977.0	IGSF21	1.0			
1	19665267.0	19812066.0	CAPZB	1.0	1.0		1.0
1	19923477.0	19956314.0	MINOS1	2.0			1.0
1	19967048.0	19984945.0	NBL1	1.0			1.0
1	20140523.0	20141771.0	RNF186	1.0			
1	21132963.0	21503377.0	EIF4G3	1.0	1.0	1.0	1.0
1	21543740.0	21671997.0	ECE1	3.0	3.0	2.0	4.0
1	21835858.0	21904905.0	ALPL	1.0	2.0	2.0	3.0
1	21922708.0	21995801.0	RAP1GAP	1.0	3.0	3.0	3.0
1	22148738.0	22263790.0	HSPG2	1.0	1.0	1.0	1.0
1	22303514.0	22325135.0	CELA3B	1.0	1.0	1.0	2.0
1	22379120.0	22419437.0	CDC42	1.0			2.0
1	22443798.0	22470462.0	WNT4	3.0	4.0	3.0	4.0
1	23037332.0	23241818.0	EPHB2	1.0			
1	23410516.0	23504301.0	LUZP1	1.0	1.0		1.0
1	24480647.0	24514449.0	IFNLR1	1.0			
1	24683489.0	24743424.0	STPG1	1.0			
1	24829387.0	24867530.0	RCAN3	1.0			
1	25071848.0	25170815.0	CLIC4	1.0	1.0		3.0
1	25226002.0	25291612.0	RUNX3	4.0	3.0	2.0	3.0
1	25349994.0	25350077.0	MIR4425	1.0			1.0
1	25688740.0	25756683.0	RHCE	1.0	6.0	2.0	7.0
1	26919737.0	26920037.0	RN7SL679P	1.0			1.0
1	27022524.0	27108595.0	ARID1A	2.0	1.0	3.0	4.0
1	27153201.0	27184093.0	ZDHHC18	1.0	1.0	1.0	4.0
1	27216979.0	27226957.0	GPATCH3	1.0			1.0
1	27425306.0	27493472.0	SLC9A1	2.0			
1	27730730.0	27816669.0	WASF2	1.0			
1	28052490.0	28089633.0	FAM76A	1.0			
1	28918712.0	28921955.0	RAB42	1.0			
1	31404353.0	31538838.0	PUM1	1.0			
1	32372022.0	32410457.0	PTP4A2	1.0	1.0		1.0
1	36560837.0	36590821.0	COL8A2	1.0			
1	36621180.0	36646450.0	MAP7D1	1.0			
1	36771988.0	36790484.0	SH3D21	1.0			
1	38000050.0	38019903.0	SNIP1	2.0			
1	38326369.0	38412729.0	INPP5B	3.0			1.0
1	38422647.0	38456593.0	SF3A3	1.0	1.0		1.0
1	39303870.0	39325495.0	RRAGC	1.0			1.0
1	40089825.0	40105617.0	HEYL	1.0	2.0		5.0
1	40306723.0	40349183.0	TRIT1	2.0			1.0
1	41249684.0	41306124.0	KCNQ4	1.0			
1	41944446.0	41950344.0	EDN2	1.0			
1	41972036.0	42501596.0	HIVEP3	1.0	1.0	1.0	1.0
1	43457109.0	43457215.0	RNU6-880P	1.0			3.0
1	43990858.0	44089343.0	PTPRF	1.0	1.0	1.0	1.0
1	46252659.0	46501796.0	MAST2	2.0	5.0	2.0	6.0
1	46640745.0	46651630.0	TSPAN1	1.0			2.0
1	47427036.0	47516423.0	CYP4X1	1.0			
1	50883222.0	50889172.0	DMRTA2	1.0			2.0
1	50905150.0	51425935.0	FAF1	4.0	3.0	2.0	3.0
1	51426417.0	51440305.0	CDKN2C	2.0	2.0	1.0	3.0
1	51567906.0	51613752.0	C1orf185	1.0			
1	51752930.0	51810788.0	TTC39A	1.0			
1	51819935.0	51985000.0	EPS15	1.0			
1	54356912.0	54376759.0	DIO1	1.0			
1	54382247.0	54411602.0	HSPB11	1.0			
1	55107463.0	55175939.0	MROH7	1.0			
1	55464606.0	55476556.0	BSND	1.0	1.0	4.0	1.0
1	55505221.0	55530525.0	PCSK9	2.0	1.0	4.0	1.0
1	55532032.0	55680786.0	USP24	2.0	1.0	1.0	1.0
1	56843005.0	56843090.0	AC119674.1	2.0			
1	57004124.0	57004583.0	RPL21P23	1.0			
1	57460451.0	59012406.0	DAB1	1.0			
1	61330931.0	61928465.0	NFIA	2.0	1.0	1.0	1.0
1	62920399.0	63153969.0	DOCK7	1.0	5.0	7.0	6.0
1	64936428.0	65158741.0	CACHD1	1.0			
1	65210778.0	65298915.0	RAVER2	2.0			1.0
1	66258197.0	66840259.0	PDE4B	5.0	4.0	2.0	4.0
1	67278568.0	67390570.0	WDR78	1.0			
1	67557848.0	67697536.0	C1orf141	2.0			
1	67632083.0	67725662.0	IL23R	5.0			
1	67733284.0	67733409.0	RNU4ATAC4P	1.0			
1	68150744.0	68154021.0	GADD45A	1.0			
1	68167149.0	68299150.0	GNG12	1.0	1.0	1.0	1.0
1	68297986.0	68668670.0	GNG12-AS1	1.0	2.0	2.0	2.0
1	84330711.0	84464833.0	TTLL7	1.0			
1	85277285.0	85358896.0	LPAR3	1.0			
1	85784164.0	86043933.0	DDAH1	2.0			
1	86194916.0	86622626.0	COL24A1	1.0	1.0		1.0
1	92145902.0	92371892.0	TGFBR3	3.0	2.0	1.0	2.0
1	92414928.0	92479983.0	BRDT	1.0			2.0
1	92764522.0	92867613.0	RPAP2	1.0	1.0		4.0
1	100652475.0	100715390.0	DBT	1.0			
1	100810584.0	100985833.0	CDC14A	1.0			
1	103342023.0	103574052.0	COL11A1	3.0	2.0		2.0
1	108113782.0	108507766.0	VAV3	1.0			
1	109656301.0	109749401.0	KIAA1324	1.0	1.0	3.0	2.0
1	109792641.0	109818372.0	CELSR2	2.0	4.0	7.0	5.0
1	110091233.0	110136975.0	GNAI3	2.0	1.0	4.0	2.0
1	110198703.0	110208118.0	GSTM4	1.0			4.0
1	110452864.0	110473614.0	CSF1	1.0	3.0	1.0	3.0
1	111682249.0	111727724.0	CEPT1	1.0	1.0	1.0	4.0
1	112313284.0	112531777.0	KCND3	1.0			
1	113009163.0	113072787.0	WNT2B	4.0	3.0	1.0	4.0
1	113161795.0	113214241.0	CAPZA1	1.0	1.0	1.0	3.0
1	113933371.0	114228545.0	MAGI3	3.0	1.0		1.0
1	114239453.0	114302111.0	PHTF1	3.0			
1	114304454.0	114355098.0	RSBN1	1.0			1.0
1	114356433.0	114414381.0	PTPN22	8.0	1.0		1.0
1	114399257.0	114443859.0	AP4B1-AS1	1.0			1.0
1	114420790.0	114430169.0	BCL2L15	1.0			1.0
1	114522063.0	114524876.0	OLFML3	1.0			
1	115590632.0	115632121.0	TSPAN2	2.0			
1	115828539.0	115880857.0	NGF	1.0			
1	116184574.0	116240845.0	VANGL1	1.0			
1	117057157.0	117113661.0	CD58	1.0			
1	117282603.0	117285231.0	NEFHP1	1.0			
1	119425669.0	119532179.0	TBX15	2.0	2.0	1.0	2.0
1	121261143.0	121310591.0	EMBP1	1.0			
1	145096220.0	145116922.0	SEC22B	1.0			
1	148555979.0	148596267.0	NBPF15	1.0			
1	149369722.0	149399226.0	HIST2H2BB	1.0			
1	149754227.0	149764074.0	FCGR1A	1.0			
1	149874870.0	149889434.0	SV2A	1.0	1.0		4.0
1	149900543.0	149908791.0	MTMR11	2.0	4.0	1.0	4.0
1	149909705.0	149982625.0	OTUD7B	2.0	3.0	2.0	5.0
1	150190717.0	150208504.0	ANP32E	1.0			
1	150521884.0	150533413.0	ADAMTSL4	1.0			6.0
1	150573327.0	150602088.0	ENSA	1.0	6.0	3.0	9.0
1	150618701.0	150669630.0	GOLPH3L	1.0	8.0	6.0	9.0
1	150670536.0	150693364.0	HORMAD1	2.0			5.0
1	150702672.0	150738433.0	CTSS	1.0			3.0
1	150768684.0	150780799.0	CTSK	1.0			2.0
1	150782181.0	150849244.0	ARNT	3.0	3.0	1.0	7.0
1	150933059.0	150947479.0	CERS2	2.0	4.0	4.0	9.0
1	150954493.0	150968110.0	ANXA9	1.0	4.0	3.0	8.0
1	151009046.0	151020076.0	BNIPL	1.0	2.0	2.0	2.0
1	151104161.0	151119104.0	SEMA6C	1.0	1.0		2.0
1	151170425.0	151222012.0	PIP5K1A	1.0	1.0		3.0
1	151682909.0	151702281.0	RIIAD1	1.0			
1	151778547.0	151804348.0	RORC	2.0	1.0	1.0	1.0
1	152140601.0	152339163.0	FLG-AS1	1.0			
1	152274651.0	152297679.0	FLG	2.0			
1	152758690.0	152760902.0	LCE1E	1.0			1.0
1	152943142.0	152945050.0	SPRR4	1.0			
1	153651113.0	153666468.0	NPR1	1.0			
1	153700543.0	153746555.0	INTS3	2.0			
1	153777201.0	153895451.0	GATAD2B	1.0	1.0		1.0
1	154192655.0	154243986.0	UBAP2L	1.0			1.0
1	154270126.0	154270224.0	RNU6-121P	1.0			1.0
1	154377669.0	154441926.0	IL6R	4.0	5.0	4.0	5.0
1	154540257.0	154552502.0	CHRNB2	1.0			4.0
1	154554538.0	154600475.0	ADAR	1.0	4.0	4.0	4.0
1	154669931.0	154842756.0	KCNN3	1.0	1.0	1.0	1.0
1	154955814.0	154965587.0	FLAD1	1.0	1.0		5.0
1	154975127.0	154990998.0	ZBTB7B	4.0	2.0		7.0
1	154990996.0	155006257.0	DCST2	1.0	4.0	1.0	7.0
1	155006300.0	155023406.0	DCST1	1.0	2.0	1.0	7.0
1	155023042.0	155035252.0	ADAM15	1.0	3.0	2.0	7.0
1	155121020.0	155121295.0	HMGN2P18	1.0	2.0	2.0	3.0
1	155165379.0	155178842.0	THBS3	1.0	4.0	3.0	5.0
1	155183616.0	155197214.0	GBAP1	3.0	1.0		5.0
1	155204243.0	155214490.0	GBA	1.0			4.0
1	155278539.0	155290457.0	FDPS	1.0	1.0		2.0
1	155305059.0	155532598.0	ASH1L	1.0	2.0	1.0	3.0
1	155629237.0	155658791.0	YY1AP1	1.0			
1	155657751.0	155708801.0	DAP3	1.0			2.0
1	155719508.0	155829191.0	GON4L	1.0	2.0	1.0	2.0
1	155916630.0	155976861.0	ARHGEF2	1.0			
1	156005092.0	156023585.0	UBQLN4	1.0			1.0
1	156052364.0	156109880.0	LMNA	1.0	1.0		1.0
1	156163880.0	156182587.0	SLC25A44	1.0			1.0
1	156182773.0	156213123.0	PMF1-BGLAP	1.0	1.0		1.0
1	156278759.0	156337664.0	CCT3	2.0			
1	156433519.0	156470620.0	MEF2D	1.0	1.0		1.0
1	156549519.0	156556562.0	TTC24	1.0			
1	156564279.0	156571288.0	GPATCH4	1.0			
1	156720402.0	156770607.0	PRCC	1.0			1.0
1	156785432.0	156851642.0	NTRK1	1.0			2.0
1	157715523.0	157746922.0	FCRL2	1.0			
1	159674773.0	159675397.0	CRPP1	1.0	1.0	1.0	1.0
1	159682079.0	159684379.0	CRP	3.0	1.0	1.0	1.0
1	160454820.0	160493052.0	SLAMF6	1.0			
1	161475220.0	161493803.0	FCGR2A	1.0	2.0	2.0	4.0
1	161736084.0	161933860.0	ATF6	1.0	1.0	2.0	3.0
1	162039564.0	162353321.0	NOS1AP	2.0	2.0	2.0	2.0
1	162601163.0	162757190.0	DDR2	1.0			
1	165696032.0	165796992.0	TMCO1	1.0	1.0		1.0
1	165796768.0	165880855.0	UCK2	1.0			
1	167399877.0	167487847.0	CD247	2.0			
1	167498914.0	167523004.0	CREG1	1.0			
1	168510003.0	168513235.0	XCL2	1.0			
1	168873143.0	169056243.0	LINC00970	1.0	1.0	1.0	1.0
1	169074935.0	169101960.0	ATP1B1	1.0			1.0
1	169101769.0	169337205.0	NME7	4.0			1.0
1	169337208.0	169365778.0	BLZF1	1.0			
1	169364108.0	169429907.0	CCDC181	2.0			
1	169433147.0	169455241.0	SLC19A2	1.0			
1	169455380.0	169456846.0	AL021068.1	1.0			
1	169483404.0	169555826.0	F5	7.0			
1	169659808.0	169680839.0	SELL	2.0	1.0		1.0
1	170338364.0	170339508.0	HAUS4P1	1.0	1.0		1.0
1	170631869.0	170708560.0	PRRX1	1.0	2.0	1.0	2.0
1	171604557.0	171621823.0	MYOC	1.0	1.0	1.0	2.0
1	171669300.0	171711387.0	VAMP4	1.0			2.0
1	171810621.0	172387606.0	DNM3	6.0	5.0	3.0	8.0
1	172389828.0	172437971.0	C1orf105	1.0	4.0	2.0	6.0
1	172501489.0	172580971.0	SUCO	1.0	1.0		1.0
1	172628154.0	172636014.0	FASLG	1.0	1.0	1.0	1.0
1	172717700.0	172718642.0	SLC25A38P1	2.0			1.0
1	173152873.0	173176452.0	TNFSF4	1.0	1.0	1.0	1.0
1	173469603.0	173572233.0	SLC9C2	1.0			
1	173684080.0	173755840.0	KLHL20	1.0			
1	173793641.0	173827684.0	DARS2	2.0			
1	173900352.0	173991435.0	RC3H1	2.0			1.0
1	174128548.0	174964445.0	RABGAP1L	4.0			
1	175013762.0	175014784.0	SDCCAG3P2	1.0			
1	175036994.0	175117202.0	TNN	1.0			
1	175126123.0	175162135.0	KIAA0040	1.0			
1	176432307.0	176814735.0	PAPPA2	2.0	3.0	2.0	3.0
1	176826438.0	177134109.0	ASTN1	1.0	1.0		3.0
1	177893091.0	177953438.0	SEC16B	1.0	5.0	1.0	5.0
1	178062864.0	178448644.0	RASAL2	1.0			
1	179262925.0	179327815.0	SOAT1	2.0	1.0		1.0
1	179334855.0	179523870.0	AXDND1	1.0			
1	179560748.0	179660407.0	TDRD5	1.0			
1	182992595.0	183114727.0	LAMC1	1.0	1.0		1.0
1	183898796.0	184006863.0	COLGALT2	2.0	1.0		2.0
1	184356192.0	184598154.0	C1orf21	1.0			
1	185014496.0	185071740.0	RNF2	1.0			
1	192286122.0	192336415.0	RGS21	1.0			
1	196194909.0	196578355.0	KCNT2	1.0	1.0	1.0	1.0
1	196621008.0	196716634.0	CFH	1.0	1.0	1.0	1.0
1	196946667.0	196978804.0	CFHR5	1.0			
1	197170592.0	197447585.0	CRB1	2.0	1.0	1.0	2.0
1	197473878.0	197744826.0	DENND1B	1.0	1.0	1.0	1.0
1	197881037.0	197904608.0	LHX9	1.0			
1	198126093.0	198291550.0	NEK7	1.0			
1	198607801.0	198726545.0	PTPRC	2.0	3.0	2.0	3.0
1	198776622.0	198906558.0	MIR181A1HG	2.0	2.0	1.0	3.0
1	199996730.0	200146552.0	NR5A2	1.0			
1	200708686.0	200829832.0	CAMSAP2	2.0			
1	200890122.0	200935658.0	MROH3P	2.0			
1	201008642.0	201081694.0	CACNA1S	3.0	2.0	1.0	2.0
1	201083081.0	201096312.0	ASCL5	1.0			
1	201434620.0	201438365.0	PHLDA3	1.0			
1	201487831.0	201499602.0	RPS10P7	2.0			
1	201592411.0	201796102.0	NAV1	1.0			2.0
1	201865580.0	201915715.0	LMOD1	1.0	1.0		2.0
1	202163029.0	202288909.0	LGR6	1.0			
1	202559724.0	202679545.0	SYT2	1.0			
1	202696526.0	202778598.0	KDM5B	1.0			
1	202995626.0	203047868.0	PPFIA4	2.0			
1	203059782.0	203136533.0	ADORA1	1.0			
1	204187979.0	204346793.0	PLEKHA6	1.0			
1	204391756.0	204463852.0	PIK3C2B	1.0			
1	204485511.0	204542871.0	MDM4	1.0			
1	204586298.0	204654861.0	LRRN2	1.0			
1	205055270.0	205091143.0	RBBP5	2.0			6.0
1	205111632.0	205180727.0	DSTYK	1.0	3.0	1.0	8.0
1	205197304.0	205242471.0	TMCC2	1.0	7.0	4.0	7.0
1	205342380.0	205356568.0	LEMD1-AS1	1.0			2.0
1	206516200.0	206637783.0	SRGAP2	1.0			1.0
1	206643791.0	206670223.0	IKBKE	1.0	1.0		1.0
1	206940947.0	206945839.0	IL10	1.0			
1	206972215.0	207016324.0	IL19	1.0			
1	207262187.0	207273338.0	C4BPB	1.0	1.0	1.0	1.0
1	207494853.0	207534311.0	CD55	1.0			
1	207669492.0	207813992.0	CR1	2.0			
1	207925402.0	207968858.0	CD46	1.0			2.0
1	211649864.0	211666259.0	RD3	1.0	1.0		1.0
1	211916799.0	212004114.0	LPGAT1	1.0			1.0
1	214156524.0	214214595.0	PROX1	1.0	7.0	5.0	6.0
1	214454445.0	214510474.0	SMYD2	1.0	1.0	1.0	
1	214522039.0	214725792.0	PTPN14	1.0	1.0		1.0
1	218458629.0	218511325.0	RRP15	1.0			2.0
1	218519577.0	218617961.0	TGFB2	8.0	3.0	1.0	3.0
1	218683438.0	218699320.0	C1orf143	2.0			
1	219782859.0	219786462.0	ZC3H11B	2.0	3.0		4.0
1	219858769.0	220131989.0	SLC30A10	6.0	4.0	3.0	4.0
1	220701568.0	220837803.0	MARK1	1.0			
1	220960101.0	220987735.0	MARC1	1.0	6.0	9.0	9.0
1	221051699.0	221058401.0	HLX	1.0	5.0	5.0	7.0
1	222695602.0	222721445.0	HHIPL2	1.0			
1	222791428.0	222841354.0	MIA3	1.0			
1	222841355.0	222886552.0	AIDA	1.0			
1	222910549.0	222924147.0	FAM177B	2.0			
1	222988406.0	223179337.0	DISP1	1.0			
1	223889295.0	223963720.0	CAPN2	1.0			
1	226548392.0	226595780.0	PARP1	1.0	1.0		1.0
1	227177566.0	227506175.0	CDC42BPA	1.0	2.0	1.0	3.0
1	227751244.0	227865144.0	ZNF678	1.0	2.0	1.0	2.0
1	227916240.0	227968927.0	SNAP47	1.0	1.0		1.0
1	228194752.0	228248961.0	WNT3A	1.0			1.0
1	228270361.0	228286912.0	ARF1	1.0			
1	228395831.0	228566577.0	OBSCN	1.0			
1	231762561.0	232177018.0	DISC1	1.0			1.0
1	234040679.0	234460262.0	SLC35F3	1.0			
1	235710987.0	235814054.0	GNG4	1.0			1.0
1	236511562.0	236648214.0	EDARADD	1.0			
1	240177648.0	240638489.0	FMN2	1.0	2.0	2.0	2.0
1	240652873.0	240775449.0	GREM2	1.0			
1	242011269.0	242058450.0	EXO1	1.0			
1	243287730.0	243418650.0	CEP170	1.0	1.0		2.0
1	243419320.0	243663394.0	SDCCAG8	1.0	3.0	1.0	4.0
1	245318287.0	245872733.0	KIF26B	1.0			
1	247670360.0	247740992.0	GCSAML	2.0	4.0	2.0	4.0
1	248246936.0	248247898.0	OR2T32P	1.0			
10	1095478.0	1178237.0	WDR37	1.0	2.0	2.0	2.0
10	6052652.0	6104288.0	IL2RA	5.0	2.0	1.0	2.0
10	6130950.0	6159420.0	RBM17	1.0			2.0
10	6186881.0	6277495.0	PFKFB3	1.0			
10	6469105.0	6622263.0	PRKCQ	2.0			
10	7601232.0	7708961.0	ITIH5	1.0			
10	8092413.0	8095447.0	GATA3-AS1	1.0			3.0
10	8095567.0	8117161.0	GATA3	1.0	3.0	3.0	3.0
10	8698679.0	8698794.0	RNA5SP299	1.0			
10	11047259.0	11378674.0	CELF2	2.0	1.0	1.0	1.0
10	11891612.0	11936699.0	PROSER2-AS1	1.0	2.0	1.0	2.0
10	13319796.0	13344412.0	PHYH	2.0			
10	13685706.0	14504141.0	FRMD4A	1.0	1.0		1.0
10	14560556.0	14816896.0	FAM107B	1.0	1.0		1.0
10	16865963.0	17171830.0	CUBN	1.0	1.0		3.0
10	18098352.0	18200091.0	MRC1	1.0			1.0
10	18240768.0	18332221.0	SLC39A12	1.0	1.0		1.0
10	18429606.0	18830798.0	CACNB2	3.0	2.0		2.0
10	18834490.0	18940551.0	NSUN6	1.0			
10	20105168.0	20578785.0	PLXDC2	1.0	1.0	1.0	1.0
10	21068902.0	21463116.0	NEBL	2.0			
10	21610890.0	21610996.0	RNU6-15P	1.0			
10	21682962.0	21683521.0	RNMTL1P1	1.0			
10	21802407.0	21814611.0	SKIDA1	1.0			4.0
10	21823094.0	22032559.0	MLLT10	6.0	4.0	2.0	5.0
10	22045466.0	22292698.0	DNAJC1	3.0	4.0	1.0	4.0
10	22634399.0	22743153.0	SPAG6	1.0			
10	22823778.0	23003484.0	PIP4K2A	2.0			
10	23983675.0	24836772.0	KIAA1217	1.0			1.0
10	25463991.0	25891155.0	GPR158	1.0	1.0	1.0	1.0
10	27961804.0	28034989.0	MKX	1.0	1.0		
10	28064115.0	28287977.0	ARMC4	2.0	1.0		1.0
10	28956848.0	28956954.0	RNU6-1067P	1.0			2.0
10	28966271.0	28971868.0	BAMBI	1.0	1.0		1.0
10	30722866.0	30750762.0	MAP3K8	1.0			
10	32556679.0	32667726.0	EPC1	2.0	1.0		1.0
10	34398488.0	35104253.0	PARD3	1.0	1.0	1.0	1.0
10	43572475.0	43625799.0	RET	1.0			
10	45950035.0	46090354.0	MARCH8	1.0	5.0	3.0	5.0
10	46201879.0	46222679.0	FAM21FP	1.0	2.0	2.0	6.0
10	50222290.0	50323554.0	VSTM4	2.0	4.0	1.0	5.0
10	50887697.0	50918307.0	C10orf53	1.0			
10	51549498.0	51562517.0	MSMB	1.0	1.0		2.0
10	52750945.0	54058110.0	PRKG1	2.0	2.0	1.0	3.0
10	54525140.0	54531460.0	MBL2	1.0			
10	55562531.0	57387702.0	PCDH15	1.0			
10	60272900.0	60591195.0	BICC1	4.0	3.0	2.0	3.0
10	61410523.0	61495760.0	SLC16A9	1.0	1.0		1.0
10	63661059.0	63856703.0	ARID5B	5.0	3.0	2.0	3.0
10	63942794.0	64028466.0	RTKN2	1.0			
10	64133951.0	64431771.0	ZNF365	5.0	1.0	1.0	1.0
10	64417945.0	64418012.0	AC067751.1	5.0			1.0
10	64571756.0	64679660.0	EGR2	1.0	2.0	2.0	3.0
10	64893050.0	64914783.0	NRBF2	1.0	6.0	3.0	9.0
10	64926981.0	65225722.0	JMJD1C	4.0	10.0	7.0	11.0
10	65281123.0	65384883.0	REEP3	2.0	8.0	6.0	8.0
10	67672276.0	69455927.0	CTNNA3	1.0			
10	69556427.0	69597924.0	DNAJC12	1.0			
10	70980059.0	71027315.0	HKDC1	1.0	4.0	3.0	6.0
10	71211229.0	71267425.0	TSPAN15	1.0	2.0	1.0	2.0
10	71561644.0	71724031.0	COL13A1	1.0			
10	72972327.0	73062621.0	UNC5B	1.0			
10	73724123.0	73773322.0	CHST3	2.0			
10	73856278.0	73976892.0	ASCC1	1.0			
10	74092588.0	74114988.0	DNAJB12	1.0			
10	75404639.0	75423561.0	SYNPO2L	1.0			
10	75434033.0	75457639.0	AGAP5	1.0			
10	75572259.0	75634343.0	CAMK2G	1.0			
10	75668935.0	75677255.0	PLAU	1.0			
10	75757872.0	75879918.0	VCL	1.0			1.0
10	75881524.0	75910821.0	AP3M1	1.0	1.0	1.0	1.0
10	75910960.0	76469061.0	ADK	2.0	1.0	2.0	1.0
10	76585340.0	76792380.0	KAT6B	1.0			
10	79550549.0	79686378.0	DLG5	2.0	2.0	3.0	2.0
10	80828792.0	81076276.0	ZMIZ1	5.0	6.0	4.0	9.0
10	81142081.0	81205383.0	ZCCHC24	2.0	4.0	1.0	5.0
10	81910645.0	81965328.0	ANXA11	1.0			
10	82031576.0	82049440.0	MAT1A	1.0			
10	87359312.0	88126250.0	GRID1	2.0			
10	88810243.0	88854623.0	GLUD1	1.0			1.0
10	89264632.0	89313217.0	MINPP1	1.0			
10	90033621.0	90344287.0	RNLS	1.0	1.0	1.0	1.0
10	90750414.0	90775542.0	FAS	1.0			
10	90973326.0	91174314.0	LIPA	1.0	1.0	1.0	1.0
10	93806449.0	94050844.0	CPEB3	1.0			
10	94590935.0	94819250.0	EXOC6	1.0	4.0	3.0	8.0
10	95753746.0	96092580.0	PLCE1	4.0	7.0	2.0	7.0
10	96075004.0	96122716.0	NOC3L	2.0	1.0		5.0
10	97071528.0	97321171.0	SORBS1	3.0	1.0	1.0	1.0
10	97512963.0	97849995.0	ENTPD1-AS1	3.0	2.0		3.0
10	99624757.0	99790585.0	CRTAC1	1.0	1.0		1.0
10	100007447.0	100028007.0	LOXL4	2.0	1.0		1.0
10	100218875.0	100995619.0	HPSE2	1.0	1.0		1.0
10	101635334.0	101769676.0	DNMBP	1.0	1.0	1.0	2.0
10	101909851.0	101948091.0	ERLIN1	1.0	2.0	3.0	3.0
10	102106881.0	102124591.0	SCD	2.0	1.0	1.0	4.0
10	102849078.0	102890883.0	TLX1NB	1.0			1.0
10	102989351.0	103029905.0	LBX1-AS1	1.0			
10	103113820.0	103317078.0	BTRC	1.0			
10	104005289.0	104142656.0	GBF1	1.0	1.0	1.0	1.0
10	104238986.0	104262482.0	ACTR1A	1.0			1.0
10	104263744.0	104393292.0	SUFU	2.0	2.0	1.0	2.0
10	104678050.0	104849978.0	CNNM2	2.0	3.0	1.0	6.0
10	104845940.0	104953056.0	NT5C2	1.0	4.0	2.0	6.0
10	105348285.0	105615301.0	SH3PXD2A	5.0	1.0		2.0
10	105726959.0	105788991.0	SLK	2.0			
10	105791044.0	105845760.0	COL17A1	4.0			
10	106400859.0	107024993.0	SORCS3	3.0			
10	112193999.0	112194143.0	AL355512.1	1.0			
10	114710009.0	114927437.0	TCF7L2	2.0	5.0	2.0	5.0
10	115113184.0	115113243.0	RNU7-165P	1.0	1.0		1.0
10	115438942.0	115490662.0	CASP7	1.0			
10	115939029.0	115992063.0	TDRD1	1.0			
10	119301955.0	119309056.0	EMX2	1.0			
10	119805790.0	119969663.0	CASC2	1.0			
10	120116620.0	120124615.0	LINC00867	1.0			
10	120967101.0	121215131.0	GRK5	1.0	3.0	1.0	3.0
10	121410882.0	121437331.0	BAG3	1.0	2.0		2.0
10	121485609.0	121588652.0	INPP5F	1.0	1.0		1.0
10	122610687.0	122669036.0	WDR11	1.0			
10	123170430.0	123170714.0	RN7SKP167	1.0			
10	123237848.0	123357972.0	FGFR2	4.0			1.0
10	124030821.0	124097677.0	BTBD16	2.0			1.0
10	124134212.0	124191867.0	PLEKHA1	1.0	2.0	1.0	2.0
10	124214169.0	124216868.0	ARMS2	1.0			2.0
10	124221041.0	124274424.0	HTRA1	1.0	1.0		2.0
10	125465723.0	125699783.0	CPXM2	1.0			
10	126150403.0	126306457.0	LHPP	1.0	1.0		3.0
10	126630692.0	126676758.0	ZRANB1	1.0			1.0
10	126676421.0	126849739.0	CTBP2	2.0	1.0		1.0
10	129705325.0	129884119.0	PTPRE	1.0			
10	133747955.0	133773331.0	PPP2R2D	1.0			
10	135121979.0	135166033.0	ZNF511	1.0			
11	167784.0	207428.0	BET1L	3.0	3.0	1.0	5.0
11	196738.0	200261.0	ODF3	1.0	2.0	1.0	5.0
11	215458.0	236931.0	SIRT3	1.0	3.0	1.0	6.0
11	560404.0	564021.0	RASSF7	1.0			
11	818902.0	825573.0	PNPLA2	1.0			4.0
11	924894.0	1012239.0	AP2A2	1.0			
11	1012821.0	1036706.0	MUC6	1.0			
11	1244296.0	1283406.0	MUC5B	1.0			
11	1295601.0	1330884.0	TOLLIP	1.0			
11	1295809.0	1296033.0	AC136297.1	1.0			
11	1592583.0	1620414.0	KRTAP5-AS1	1.0			
11	1874200.0	1913497.0	LSP1	3.0	3.0	1.0	3.0
11	2181009.0	2182571.0	INS	1.0	1.0		7.0
11	2316875.0	2324279.0	C11orf21	1.0			
11	2465914.0	2870339.0	KCNQ1	2.0	4.0	3.0	4.0
11	3875757.0	4114439.0	STIM1	1.0	1.0	1.0	2.0
11	4660945.0	4662068.0	OR51D1	1.0			
11	5246694.0	5250625.0	HBB	1.0			
11	6232565.0	6255941.0	FAM160A2	1.0			
11	6280966.0	6293357.0	CCKBR	1.0			
11	6452279.0	6463847.0	HPX	1.0			
11	6947635.0	7005863.0	ZNF215	1.0			
11	8040791.0	8127659.0	TUB	1.0	2.0	1.0	2.0
11	8127597.0	8190602.0	RIC3	1.0			
11	8714898.0	8932498.0	ST5	3.0	4.0	3.0	4.0
11	9002123.0	9025596.0	NRIP3	1.0			
11	9041071.0	9159661.0	SCUBE2	1.0			
11	9160372.0	9286937.0	DENND5A	1.0			
11	9595228.0	9615004.0	WEE1	1.0			1.0
11	9779839.0	9832866.0	SBF2-AS1	1.0			4.0
11	9800214.0	10315754.0	SBF2	1.0	2.0		6.0
11	10326227.0	10328944.0	ADM	1.0			1.0
11	10329860.0	10529126.0	AMPD3	3.0	3.0	2.0	3.0
11	10529434.0	10530723.0	MTRNR2L8	1.0			1.0
11	10594638.0	10715535.0	MRVI1	2.0	1.0	1.0	1.0
11	11862970.0	11980870.0	USP47	1.0			1.0
11	11984653.0	12031316.0	DKK3	1.0	1.0		2.0
11	12695969.0	12966298.0	TEAD1	1.0	2.0	1.0	2.0
11	13298199.0	13408813.0	ARNTL	3.0	5.0	2.0	5.0
11	13983914.0	14289646.0	SPON1	1.0	1.0	1.0	2.0
11	14926543.0	15103888.0	CALCB	1.0	1.0	1.0	1.0
11	15987995.0	16761138.0	SOX6	2.0	6.0	4.0	6.0
11	16799842.0	17035990.0	PLEKHA7	1.0			1.0
11	17407406.0	17410878.0	KCNJ11	1.0			1.0
11	19203578.0	19232120.0	CSRP3	1.0	1.0	1.0	2.0
11	19372271.0	20143144.0	NAV2	3.0			
11	22214722.0	22304903.0	ANO5	1.0	1.0		1.0
11	22647188.0	22834601.0	GAS2	1.0			
11	26210829.0	26684835.0	ANO3	1.0			
11	27387508.0	27494322.0	LGR4	3.0	2.0		3.0
11	27528385.0	27719721.0	BDNF-AS	2.0	2.0		5.0
11	27676440.0	27743605.0	BDNF	1.0	3.0		4.0
11	28129795.0	28355054.0	METTL15	2.0			
11	30344598.0	30359774.0	ARL14EP	1.0			1.0
11	30406040.0	30608419.0	MPPED2	1.0	2.0		2.0
11	30851916.0	31391357.0	DCDC1	3.0	2.0	2.0	2.0
11	32409321.0	32457176.0	WT1	3.0			
11	32457064.0	32480315.0	WT1-AS	2.0			
11	32605344.0	32627808.0	EIF3M	1.0			
11	32623792.0	32816204.0	CCDC73	1.0			
11	35160417.0	35253949.0	CD44	1.0			
11	36317838.0	36486754.0	PRR5L	1.0			
11	44585977.0	44641913.0	CD82	1.0	2.0		2.0
11	45115564.0	45247734.0	PRDM11	1.0			
11	45261852.0	45307870.0	SYT13	1.0			
11	45670427.0	45687172.0	CHST1	1.0			
11	45825623.0	45834566.0	SLC35C1	1.0			
11	46299212.0	46342972.0	CREB3L1	1.0	1.0	1.0	1.0
11	46354455.0	46402104.0	DGKZ	1.0			1.0
11	46417964.0	46615675.0	AMBRA1	2.0	1.0	2.0	1.0
11	46698630.0	46722165.0	ARHGAP1	1.0	1.0	1.0	2.0
11	46740730.0	46761056.0	F2	1.0	1.0	1.0	2.0
11	46878419.0	46940193.0	LRP4	1.0	3.0	2.0	4.0
11	46958240.0	47185936.0	C11orf49	1.0	4.0	6.0	6.0
11	47260853.0	47270457.0	ACP2	1.0			7.0
11	47290712.0	47351582.0	MADD	2.0	4.0	4.0	10.0
11	47352957.0	47374253.0	MYBPC3	1.0	1.0		6.0
11	47376411.0	47400127.0	SPI1	1.0	3.0	1.0	8.0
11	47487496.0	47587121.0	CELF1	2.0	5.0	3.0	9.0
11	47507374.0	47507465.0	AC090559.1	1.0			6.0
11	47681143.0	47736941.0	AGBL2	1.0	8.0	3.0	9.0
11	48002113.0	48189670.0	PTPRJ	1.0	6.0	4.0	6.0
11	48248981.0	48249862.0	OR4B2P	1.0			
11	48266608.0	48267622.0	OR4X2	1.0			
11	55243419.0	55243904.0	OR4A50P	1.0			1.0
11	56149111.0	56150065.0	OR8L1P	2.0			1.0
11	56279711.0	56280647.0	OR5M6P	1.0			
11	56380031.0	56380978.0	OR5M1	1.0			1.0
11	56507655.0	56508572.0	OR9G3P	1.0			1.0
11	56542737.0	56543682.0	OR5G1P	2.0			
11	56569332.0	56587184.0	OR5G5P	1.0			
11	56756347.0	56757342.0	OR5AK2	1.0			
11	56812566.0	56812865.0	OR5AO1P	1.0			
11	57001051.0	57004709.0	APLNR	1.0			
11	57105848.0	57138073.0	P2RX3	1.0	1.0	1.0	1.0
11	57174427.0	57195053.0	SLC43A3	1.0	1.0		2.0
11	57252007.0	57283259.0	SLC43A1	1.0			
11	57364860.0	57382326.0	SERPING1	1.0	1.0		3.0
11	57471186.0	57479693.0	MED19	1.0			2.0
11	57684769.0	57685711.0	OR5AZ1P	1.0			1.0
11	57772858.0	57773177.0	CYCSP26	1.0			
11	57791353.0	57949088.0	OR9Q1	2.0			
11	58009515.0	58010569.0	EIF4A2P3	1.0			
11	58059298.0	58060237.0	OR10Q2P	1.0	1.0	1.0	1.0
11	58346584.0	58388515.0	ZFP91	1.0			2.0
11	58390146.0	58393198.0	CNTF	1.0			1.0
11	58407899.0	58499447.0	GLYAT	1.0	1.0	1.0	1.0
11	58601542.0	58671688.0	GLYATL2	1.0			
11	58810210.0	58818444.0	GLYATL1P4	1.0			
11	58910221.0	58922512.0	FAM111A	1.0			
11	59620273.0	59634048.0	TCN1	1.0			
11	59939081.0	59952139.0	MS4A6A	2.0	1.0	1.0	1.0
11	60048014.0	60076445.0	MS4A4A	2.0			
11	60467047.0	60483284.0	MS4A8	1.0			
11	61276272.0	61278482.0	LRRC10B	1.0	1.0		1.0
11	61282785.0	61348620.0	SYT7	2.0			1.0
11	61520114.0	61555990.0	MYRF	2.0	1.0	1.0	12.0
11	61535973.0	61560274.0	TMEM258	1.0	3.0	2.0	12.0
11	61560109.0	61564716.0	FEN1	1.0	1.0		12.0
11	61560452.0	61634826.0	FADS2	5.0	11.0	12.0	12.0
11	61567099.0	61596790.0	FADS1	5.0	10.0	11.0	12.0
11	61664773.0	61687741.0	RAB3IL1	1.0	2.0	1.0	3.0
11	61957688.0	61961011.0	SCGB1D1	1.0			
11	61976140.0	61981408.0	SCGB2A1	1.0			
11	62009682.0	62012280.0	SCGB1D2	1.0			
11	62342517.0	62359649.0	TUT1	1.0			1.0
11	62457747.0	62494856.0	HNRNPUL2-BSCL2	1.0			
11	62538775.0	62554814.0	TAF6L	1.0			
11	62619460.0	62623386.0	SNHG1	1.0			
11	62623518.0	62656352.0	SLC3A2	1.0			
11	62703857.0	62752455.0	SLC22A6	1.0			
11	63706431.0	63724800.0	NAA40	1.0			
11	64107695.0	64125006.0	CCDC88B	3.0			1.0
11	64323098.0	64340347.0	SLC22A11	1.0	1.0		1.0
11	64373646.0	64490660.0	NRXN2	1.0			1.0
11	64948037.0	64979477.0	CAPN1	1.0			1.0
11	65029233.0	65073060.0	POLA2	1.0			
11	65306276.0	65326401.0	LTBP3	2.0			5.0
11	65337131.0	65337744.0	SSSCA1-AS1	1.0			4.0
11	65343509.0	65360121.0	EHBP1L1	2.0	2.0		6.0
11	65421067.0	65430565.0	RELA	1.0			4.0
11	65482367.0	65488418.0	RNASEH2C	1.0			4.0
11	65543364.0	65548273.0	AP5B1	1.0			3.0
11	65545092.0	65547316.0	AP001266.1	2.0			3.0
11	65554493.0	65564690.0	OVOL1	5.0	3.0	2.0	3.0
11	65590493.0	65629497.0	CFL1	1.0	1.0		6.0
11	65784223.0	65793988.0	CATSPER1	1.0			1.0
11	65837834.0	66012218.0	PACS1	1.0	1.0		2.0
11	66059341.0	66064135.0	TMEM151A	1.0			
11	66160920.0	66161083.0	RNU1-84P	1.0			
11	66188475.0	66194178.0	NPAS4	1.0			
11	66313866.0	66330800.0	ACTN3	1.0			
11	66384097.0	66413940.0	RBM14-RBM4	1.0	1.0		1.0
11	66452719.0	66496697.0	SPTBN2	1.0			
11	66886740.0	67025558.0	KDM2A	1.0			
11	67374323.0	67380006.0	NDUFV1	1.0			
11	68522088.0	68611878.0	CPT1A	1.0	2.0	1.0	2.0
11	68658744.0	68671303.0	MRPL21	1.0			
11	68816365.0	68858072.0	TPCN2	3.0	2.0	2.0	4.0
11	69061605.0	69182494.0	MYEOV	1.0	3.0	2.0	3.0
11	69240458.0	69244389.0	AP000439.1	1.0	1.0		2.0
11	69291901.0	69294708.0	AP000439.3	1.0	1.0		2.0
11	69924408.0	70035634.0	ANO1	1.0	1.0		1.0
11	70116806.0	70230509.0	PPFIA1	1.0			
11	72929343.0	72947397.0	P2RY2	1.0	2.0		2.0
11	73019334.0	73080136.0	ARHGEF17	1.0	1.0		1.0
11	73087309.0	73108519.0	RELT	1.0			
11	74204896.0	74380162.0	POLD3	3.0	1.0		1.0
11	74407474.0	74442430.0	CHRDL2	1.0			1.0
11	75297963.0	75380165.0	MAP6	1.0			2.0
11	76368568.0	76381791.0	LRRC32	1.0			1.0
11	76405087.0	76418685.0	GUCY2EP	1.0			1.0
11	77225981.0	77348850.0	CLNS1A	1.0	1.0		1.0
11	77371041.0	77532063.0	RSF1	1.0			
11	77850817.0	77886369.0	KCTD21-AS1	1.0			1.0
11	78147007.0	78285919.0	NARS2	1.0			2.0
11	85864269.0	85864376.0	RNU6-560P	2.0			
11	86085778.0	86134151.0	CCDC81	1.0			
11	86152150.0	86383678.0	ME3	1.0			
11	86748886.0	87034800.0	TMEM135	1.0	2.0	2.0	2.0
11	88026760.0	88070955.0	CTSC	1.0	1.0	1.0	1.0
11	88910620.0	89028927.0	TYR	4.0	3.0	2.0	3.0
11	89057524.0	89322779.0	NOX4	1.0	3.0	1.0	4.0
11	92085262.0	92629618.0	FAT3	1.0			
11	92702886.0	92718232.0	MTNR1B	1.0	2.0	1.0	2.0
11	93211638.0	93276674.0	SMCO4	1.0			
11	93754527.0	93846917.0	HEPHL1	1.0	1.0	1.0	1.0
11	94277006.0	94354587.0	PIWIL4	1.0			
11	94439597.0	94609918.0	AMOTL1	1.0			
11	95709762.0	96076344.0	MAML2	2.0			
11	98891683.0	100229616.0	CNTN5	2.0			
11	100558384.0	100862668.0	ARHGAP42	2.0	2.0		4.0
11	100900355.0	101001255.0	PGR	3.0			
11	102391239.0	102401484.0	MMP7	1.0			
11	105480721.0	105852819.0	GRIA4	1.0			
11	107661717.0	107799019.0	SLC35F2	1.0			
11	108093211.0	108239829.0	ATM	3.0	1.0	1.0	4.0
11	108179246.0	108338258.0	C11orf65	1.0	2.0	1.0	4.0
11	108342832.0	108369159.0	KDELC2	1.0	1.0		3.0
11	109964087.0	110042566.0	ZC3H12C	1.0			
11	111126707.0	111157126.0	C11orf53	1.0			1.0
11	111164114.0	111175770.0	COLCA1	1.0			1.0
11	111169565.0	111179460.0	COLCA2	2.0	1.0		1.0
11	111222977.0	111326355.0	POU2AF1	1.0	1.0	2.0	2.0
11	111385510.0	111407756.0	C11orf88	1.0			
11	111597632.0	111637151.0	PPP2R1B	1.0			1.0
11	111652919.0	111742305.0	ALG9	1.0			1.0
11	111797868.0	111893308.0	DIXDC1	2.0			1.0
11	111895538.0	111935114.0	DLAT	1.0	1.0		1.0
11	112831997.0	113149158.0	NCAM1	3.0	1.0	1.0	1.0
11	113185251.0	113254266.0	TTC12	1.0			1.0
11	113280318.0	113346413.0	DRD2	2.0	1.0	1.0	1.0
11	113930315.0	114121398.0	ZBTB16	1.0	5.0	2.0	5.0
11	115039938.0	115375675.0	CADM1	2.0	2.0	2.0	2.0
11	116618886.0	116643704.0	BUD13	2.0	3.0	7.0	11.0
11	116714118.0	116969153.0	SIK3	3.0	5.0	8.0	7.0
11	117075053.0	117103241.0	PCSK7	1.0	2.0	2.0	2.0
11	118764584.0	118796317.0	BCL9L	1.0			
11	119473587.0	119475018.0	KRT8P7	1.0			
11	120195838.0	120204391.0	TMEM136	1.0			1.0
11	120207787.0	120360645.0	ARHGEF12	1.0	3.0		3.0
11	120382468.0	120859613.0	GRIK4	1.0			2.0
11	121322912.0	121504402.0	SORL1	2.0			
11	122526383.0	122685181.0	UBASH3B	1.0	8.0	9.0	9.0
11	123396344.0	123498482.0	GRAMD1B	2.0			
11	126138950.0	126148026.0	FOXRED1	1.0			2.0
11	126173647.0	126215644.0	DCPS	1.0	4.0	4.0	7.0
11	126225535.0	126310239.0	ST3GAL4	2.0	6.0	8.0	8.0
11	128328656.0	128457453.0	ETS1	4.0	4.0	2.0	4.0
11	128761251.0	128790930.0	KCNJ5	1.0	1.0		1.0
11	129769601.0	129872730.0	PRDM10	1.0			
11	130096572.0	130184581.0	ZBTB44	1.0			
11	130274820.0	130298888.0	ADAMTS8	1.0	3.0	1.0	3.0
11	131240373.0	132206716.0	NTM	1.0	1.0		1.0
11	132284871.0	133402414.0	OPCML	2.0			
12	673462.0	772945.0	NINJ2	1.0	5.0	2.0	6.0
12	861759.0	1020618.0	WNK1	1.0	2.0		2.0
12	1021243.0	1099219.0	RAD52	1.0			2.0
12	3186521.0	3395730.0	TSPAN9	1.0	3.0	1.0	3.0
12	4382938.0	4414516.0	CCND2	5.0	3.0	1.0	6.0
12	5641035.0	6055398.0	ANO2	1.0			
12	6058040.0	6233936.0	VWF	2.0	1.0	1.0	2.0
12	6484211.0	6500733.0	LTBR	3.0	3.0	1.0	4.0
12	6857170.0	6876641.0	MLF2	1.0			
12	6881678.0	6887621.0	LAG3	1.0			
12	7033626.0	7051484.0	ATN1	1.0			
12	7085348.0	7125814.0	LPCAT3	1.0			
12	8928815.0	8983543.0	A2ML1-AS1	1.0			
12	9392599.0	9395635.0	LINC00987	1.0			
12	9905082.0	9913497.0	CD69	1.0			
12	11802788.0	12048336.0	ETV6	2.0	4.0	3.0	4.0
12	12878851.0	12982909.0	APOLD1	1.0	2.0		3.0
12	14956506.0	15059520.0	C12orf60	1.0	1.0		1.0
12	15260717.0	15501609.0	RERG	1.0	2.0	2.0	2.0
12	15475331.0	15750333.0	PTPRO	2.0			
12	18400548.0	18801348.0	PIK3C2G	2.0			
12	19282648.0	19529334.0	PLEKHA5	1.0			
12	20522179.0	20837315.0	PDE3A	2.0	5.0	4.0	5.0
12	20848289.0	20906320.0	SLCO1C1	1.0	1.0		3.0
12	21284136.0	21392180.0	SLCO1B1	2.0	5.0	5.0	5.0
12	21417534.0	21572528.0	SLCO1A2	1.0	1.0		2.0
12	21654715.0	21671342.0	GOLT1B	1.0	1.0		1.0
12	23682440.0	24103966.0	SOX5	3.0	4.0	2.0	1.0
12	26272959.0	26278060.0	BHLHE41	1.0			
12	26274924.0	26452223.0	SSPN	2.0	2.0	1.0	2.0
12	27676364.0	27848497.0	PPFIBP1	1.0			
12	27932953.0	27955973.0	KLHL42	1.0	2.0	1.0	2.0
12	28286182.0	28732883.0	CCDC91	5.0	2.0	1.0	2.0
12	29302036.0	29493913.0	FAR2	1.0	2.0	1.0	4.0
12	32112304.0	32146039.0	KIAA1551	1.0	1.0	1.0	1.0
12	32259769.0	32536567.0	BICD1	1.0			
12	32943679.0	33049774.0	PKP2	1.0			1.0
12	40148823.0	40499891.0	SLC2A13	1.0			
12	41582250.0	41968392.0	PDZRN4	1.0			
12	44902058.0	45315631.0	NELL2	1.0			
12	46123448.0	46301823.0	ARID2	1.0			
12	46576846.0	46663800.0	SLC38A1	2.0			
12	48147699.0	48176536.0	SLC48A1	1.0	1.0		3.0
12	48176505.0	48226915.0	HDAC7	2.0	3.0	1.0	3.0
12	48235320.0	48336831.0	VDR	1.0	2.0	1.0	4.0
12	49582519.0	49667114.0	TUBA1C	2.0	2.0	1.0	2.0
12	49950327.0	49961936.0	MCRS1	1.0			1.0
12	50184929.0	50222533.0	NCKAP5L	1.0			4.0
12	50260679.0	50298000.0	FAIM2	2.0	4.0	1.0	4.0
12	50497602.0	50505102.0	GPD1	1.0			1.0
12	50898768.0	51142450.0	DIP2B	1.0	7.0	4.0	7.0
12	51157493.0	51214905.0	ATF1	2.0	3.0	1.0	6.0
12	52416616.0	52453291.0	NR4A1	1.0			
12	52908359.0	52914471.0	KRT5	2.0			
12	53290977.0	53343738.0	KRT8	1.0			2.0
12	53458388.0	53473204.0	SPRYD3	1.0			
12	53720362.0	53739099.0	SP7	1.0	1.0	1.0	3.0
12	54378849.0	54384063.0	HOXC10	1.0			2.0
12	54384408.0	54424607.0	HOXC6	1.0	1.0		2.0
12	54387594.0	54390569.0	HOXC-AS2	1.0			2.0
12	54410715.0	54449813.0	HOXC4	2.0	1.0		3.0
12	54694986.0	54745633.0	COPZ1	1.0	3.0	1.0	4.0
12	55341802.0	55378530.0	TESPA1	4.0			
12	55845998.0	55846936.0	OR6C2	1.0			
12	56114151.0	56118489.0	RDH5	1.0	1.0		1.0
12	56367697.0	56388490.0	RAB5B	1.0			1.0
12	56401443.0	56432219.0	IKZF4	1.0			1.0
12	56556767.0	56583351.0	SMARCC2	2.0			
12	56598285.0	56615717.0	RNF41	2.0			
12	56631591.0	56652175.0	ANKRD52	1.0			1.0
12	56665483.0	56694176.0	CS	1.0			2.0
12	56732663.0	56734193.0	IL23A	1.0			2.0
12	56735381.0	56753939.0	STAT2	1.0	1.0	1.0	2.0
12	56989380.0	57030600.0	BAZ2A	1.0	2.0	1.0	2.0
12	57057127.0	57082159.0	PTGES3	2.0			2.0
12	57125380.0	57146157.0	PRIM1	2.0	3.0	1.0	3.0
12	57316938.0	57328189.0	SDR9C7	1.0			
12	57522276.0	57607134.0	LRP1	5.0	2.0		3.0
12	57828543.0	57844611.0	INHBC	1.0	2.0	1.0	7.0
12	57914493.0	57923931.0	MBD6	1.0			1.0
12	57998405.0	58003587.0	DTX3	1.0			
12	58118980.0	58135940.0	AGAP2	1.0			
12	59989848.0	60176395.0	SLC16A7	1.0			
12	62102040.0	62672931.0	FAM19A2	2.0			
12	64238073.0	64541613.0	SRGAP1	1.0			1.0
12	65672423.0	65882024.0	MSRB3	1.0	1.0		1.0
12	66217911.0	66360075.0	HMGA2	4.0	6.0	4.0	6.0
12	68383225.0	68628466.0	IFNG-AS1	1.0			
12	68642022.0	68647387.0	IL22	1.0			
12	69080514.0	69136785.0	NUP107	1.0			
12	69201956.0	69239214.0	MDM2	1.0			
12	70910630.0	71031220.0	PTPRB	2.0			
12	71031853.0	71314623.0	PTPRR	1.0	1.0		1.0
12	71518865.0	71835678.0	TSPAN8	1.0			
12	71833550.0	71980090.0	LGR5	2.0			
12	72148654.0	72184699.0	RAB21	1.0			
12	72481046.0	73059422.0	TRHDE	1.0			
12	78224685.0	78606790.0	NAV3	2.0			
12	80603233.0	80772870.0	OTOGL	1.0			
12	85430092.0	85657002.0	LRRIQ1	1.0			
12	86372516.0	87232681.0	MGAT4C	1.0			
12	88886570.0	88974628.0	KITLG	1.0	1.0	1.0	3.0
12	89981828.0	90103077.0	ATP2B1	2.0	1.0		1.0
12	91444268.0	91451760.0	KERA	1.0			
12	91496406.0	91505608.0	LUM	1.0			
12	91539025.0	91576900.0	DCN	1.0			
12	94071151.0	94288616.0	CRADD	2.0	2.0	1.0	3.0
12	94542499.0	94701451.0	PLXNC1	1.0			
12	95470525.0	95611258.0	FGD6	1.0	1.0		1.0
12	95611522.0	95696566.0	VEZT	2.0			
12	96043031.0	96067775.0	PGAM1P5	2.0			
12	100422233.0	100536626.0	UHRF1BP1L	1.0			
12	101962131.0	102079796.0	MYBPC1	1.0			
12	102789645.0	102874423.0	IGF1	1.0	3.0	2.0	3.0
12	103631369.0	103889749.0	C12orf42	2.0			
12	103981051.0	104160505.0	STAB2	1.0			
12	104343980.0	104359486.0	C12orf73	1.0	1.0		1.0
12	105629068.0	105789875.0	C12orf75	1.0			
12	106457118.0	106533811.0	NUAK1	1.0			1.0
12	106631655.0	106698057.0	CKAP4	1.0			
12	107712190.0	108053419.0	BTBD11	1.0			
12	108079509.0	108106944.0	PWP1	1.0			1.0
12	108523248.0	108644314.0	WSCD2	2.0	2.0		2.0
12	108983622.0	108992096.0	TMEM119	2.0	1.0	1.0	1.0
12	109015686.0	109027735.0	SELPLG	1.0			1.0
12	109785708.0	109893328.0	MYO1H	1.0	1.0	2.0	1.0
12	109991542.0	110011679.0	MMAB	1.0			
12	110718561.0	110788898.0	ATP2A2	1.0			
12	111471828.0	111788358.0	CUX2	3.0	13.0	8.0	13.0
12	111843752.0	111889427.0	SH2B3	6.0	18.0	10.0	18.0
12	111890018.0	112037480.0	ATXN2	7.0	14.0	9.0	21.0
12	112079950.0	112123790.0	BRAP	1.0	2.0	1.0	9.0
12	112123857.0	112194903.0	ACAD10	1.0	6.0	2.0	14.0
12	112204691.0	112247782.0	ALDH2	1.0	6.0	3.0	15.0
12	113008184.0	113336686.0	RPH3A	2.0	9.0	3.0	9.0
12	113344582.0	113369990.0	OAS1	1.0			
12	113536624.0	113574044.0	RASAL1	1.0			
12	114254543.0	114404176.0	RBM19	1.0			
12	114791736.0	114846247.0	TBX5	1.0			
12	114845996.0	114850636.0	TBX5-AS1	1.0			
12	115108059.0	115121969.0	TBX3	1.0	2.0	1.0	2.0
12	117176096.0	117291436.0	RNFT2	1.0			
12	117890817.0	118406788.0	KSR2	1.0	1.0		1.0
12	118814185.0	118855840.0	SUDS3	1.0			
12	120779133.0	120806983.0	MSI1	1.0	1.0		4.0
12	121416346.0	121440315.0	HNF1A	3.0	9.0	12.0	11.0
12	121440225.0	121454305.0	C12orf43	1.0			10.0
12	121746048.0	121837699.0	ANAPC5	1.0	4.0	3.0	4.0
12	122652285.0	122688018.0	LRRC43	2.0	1.0	1.0	2.0
12	123011793.0	123110943.0	KNTC1	1.0	2.0		3.0
12	123405498.0	123466196.0	ABCB9	1.0	1.0	2.0	3.0
12	123468027.0	123634562.0	PITPNM2	1.0	5.0	3.0	5.0
12	123636867.0	123728561.0	MPHOSPH9	1.0	5.0	3.0	5.0
12	123717463.0	123742506.0	C12orf65	1.0	5.0	3.0	5.0
12	123745528.0	123756881.0	CDK2AP1	1.0	1.0		5.0
12	123773656.0	123849390.0	SBNO1	1.0	3.0	2.0	5.0
12	123899936.0	123921264.0	RILPL2	2.0	2.0	1.0	4.0
12	124247042.0	124420753.0	DNAH10	1.0	3.0	3.0	4.0
12	124808961.0	125052135.0	NCOR2	3.0	3.0	2.0	4.0
12	125261402.0	125367214.0	SCARB1	1.0	3.0	5.0	3.0
12	133066137.0	133161774.0	FBRSL1	1.0	2.0	1.0	2.0
13	20248896.0	20357142.0	PSPC1	1.0			
13	20761609.0	20767037.0	GJB2	1.0			
13	20796110.0	20806534.0	GJB6	1.0			
13	20977806.0	21099996.0	CRYL1	1.0			
13	22066836.0	22178353.0	MICU2	1.0			
13	23377435.0	23377787.0	RPL7AP73	1.0			
13	24553944.0	24881212.0	SPATA13	1.0			
13	25946209.0	26599989.0	ATP8A2	1.0			
13	26618735.0	26625169.0	SHISA2	1.0			
13	27131840.0	27263085.0	WASF3	1.0			
13	28577411.0	28674729.0	FLT3	2.0	3.0	2.0	3.0
13	29233241.0	29253062.0	POMP	1.0	1.0		1.0
13	30083547.0	30169825.0	SLC7A1	1.0			
13	31191830.0	31233686.0	USPL1	1.0			
13	32313674.0	32377009.0	RXFP2	1.0			
13	32889611.0	32973805.0	BRCA2	3.0	1.0	2.0	1.0
13	33006554.0	33112970.0	N4BP2L2	1.0	1.0	1.0	3.0
13	33677272.0	33924767.0	STARD13	1.0			
13	35009587.0	35214822.0	LINC00457	1.0			
13	35516424.0	36247159.0	NBEA	1.0	1.0		1.0
13	36345478.0	36705443.0	DCLK1	1.0			
13	37418968.0	37494902.0	SMAD9	2.0			
13	38055604.0	38058906.0	LINC01048	1.0			
13	40229764.0	40365802.0	COG6	4.0	1.0	1.0	1.0
13	41025131.0	41055143.0	LINC00598	2.0			1.0
13	41129804.0	41240734.0	FOXO1	3.0	6.0	4.0	8.0
13	41363548.0	41384247.0	SLC25A15	1.0	1.0		1.0
13	41506056.0	41635576.0	ELF1	1.0	5.0	4.0	6.0
13	42614176.0	42830714.0	DGKH	1.0	4.0	3.0	4.0
13	43787654.0	44361044.0	ENOX1	1.0			
13	44716682.0	44813010.0	SMIM2-AS1	1.0			
13	50069746.0	50103123.0	PHF11	1.0			
13	50106082.0	50159719.0	RCBTB1	1.0			1.0
13	50486842.0	50510626.0	SPRYD7	1.0	2.0	1.0	2.0
13	50601269.0	50699856.0	DLEU2	1.0	1.0		1.0
13	50656307.0	51297372.0	DLEU1	7.0	6.0	3.0	6.0
13	51450822.0	51484848.0	RNASEH2B-AS1	2.0			
13	51483814.0	51544592.0	RNASEH2B	1.0			
13	52436117.0	52440366.0	CCDC70	1.0			
13	53941980.0	53942091.0	AL450423.1	1.0	2.0		
13	58205944.0	58303445.0	PCDH17	1.0			
13	60239717.0	60738121.0	DIAPH3	2.0			
13	60848910.0	60850140.0	TARDBPP2	1.0			
13	70274726.0	70682591.0	KLHL1	1.0			
13	72012098.0	72441330.0	DACH1	1.0	3.0	3.0	3.0
13	72487842.0	72488316.0	RPS10P21	1.0	1.0	1.0	1.0
13	73987610.0	74222390.0	LINC00393	3.0			
13	74260226.0	74708394.0	KLF12	2.0	2.0	2.0	2.0
13	75710291.0	75711077.0	SSR1P2	1.0			
13	76194570.0	76434004.0	LMO7	1.0			
13	80055287.0	80130210.0	NDFIP2	1.0			
13	81228890.0	81231162.0	PWWP2AP1	1.0			
13	96743093.0	97485671.0	HS6ST3	3.0			
13	97873688.0	98046374.0	MBNL2	1.0			
13	98794816.0	99102027.0	FARP1	1.0			1.0
13	99445741.0	99738879.0	DOCK9	1.0	2.0	2.0	2.0
13	99842833.0	99843245.0	GAPDHP22	1.0			
13	99853028.0	100038688.0	UBAC2	3.0	1.0	1.0	1.0
13	100060035.0	100061316.0	CCR12P	1.0			1.0
13	100258919.0	100549387.0	CLYBL	1.0			
13	103451399.0	103493885.0	BIVM	1.0			
13	103459704.0	103524748.0	BIVM-ERCC5	1.0			
13	103696350.0	103719196.0	SLC10A2	1.0			
13	106807721.0	106807839.0	RNA5SP38	1.0			
13	107820883.0	108519083.0	FAM155A	1.0			
13	109248500.0	109860355.0	MYO16	1.0			
13	110801318.0	110959496.0	COL4A1	2.0	1.0	1.0	2.0
13	110958159.0	111165374.0	COL4A2	2.0	3.0	2.0	3.0
13	113344643.0	113541482.0	ATP11A	1.0	6.0	2.0	6.0
13	113548692.0	113754053.0	MCF2L	1.0			4.0
13	113760105.0	113774995.0	F7	2.0			
13	113777128.0	113803843.0	F10	1.0			
13	114076260.0	114107839.0	ADPRHL1	1.0	2.0	1.0	2.0
13	114321470.0	114440708.0	GRK1	1.0			
13	114523522.0	114567046.0	GAS6	1.0	6.0	7.0	6.0
13	115000362.0	115038198.0	CDC16	1.0	1.0		2.0
13	115047059.0	115071283.0	UPF3A	1.0			2.0
14	20187174.0	20296531.0	OR4N2	1.0			
14	21944756.0	21967319.0	TOX4	1.0			1.0
14	23305766.0	23318236.0	MMP14	1.0	1.0	1.0	1.0
14	23502739.0	23502847.0	AL132780.1	1.0			3.0
14	23594504.0	23652883.0	SLC7A8	1.0	1.0		4.0
14	23851199.0	23877486.0	MYH6	1.0	3.0		3.0
14	23881947.0	23904927.0	MYH7	1.0	2.0		3.0
14	24422795.0	24438488.0	DHRS4	1.0			
14	24834879.0	24848810.0	NFATC4	1.0	2.0	1.0	8.0
14	26912299.0	27066960.0	NOVA1	1.0			
14	32798479.0	33300567.0	AKAP6	2.0			
14	35221937.0	35344853.0	BAZ1A	1.0	2.0	1.0	3.0
14	35591052.0	35743271.0	KIAA0391	1.0	1.0	1.0	2.0
14	35870717.0	35873955.0	NFKBIA	3.0	2.0	1.0	2.0
14	36539633.0	36634494.0	LINC00609	2.0			
14	36605314.0	36645674.0	PTCSC3	1.0			
14	36767770.0	36789882.0	MBIP	1.0			
14	37126773.0	37148920.0	PAX9	2.0	1.0		1.0
14	37147636.0	37642071.0	SLC25A21	4.0			2.0
14	37667118.0	38021566.0	MIPOL1	1.0	2.0	1.0	2.0
14	39501123.0	39578850.0	SEC23A	1.0	1.0	1.0	1.0
14	47308826.0	48144157.0	MDGA2	1.0			
14	50704281.0	50779266.0	L2HGDH	1.0			
14	51098776.0	51135049.0	SAV1	1.0	4.0	2.0	4.0
14	51171061.0	51172229.0	ZFP64P1	1.0	1.0	1.0	4.0
14	52471521.0	52535712.0	NID2	1.0			
14	53323986.0	53419153.0	FERMT2	3.0			
14	54416454.0	54425479.0	BMP4	4.0	6.0	2.0	6.0
14	55033815.0	55260033.0	SAMD4A	1.0	2.0		2.0
14	55308726.0	55369570.0	GCH1	1.0			2.0
14	55405668.0	55493823.0	WDHD1	1.0			
14	56955072.0	57117324.0	TMEM260	1.0			
14	57279901.0	57618895.0	OTX2-AS1	1.0			
14	60975669.0	60979568.0	SIX6	1.0			1.0
14	61110133.0	61124977.0	SIX1	1.0			1.0
14	61201460.0	61436671.0	MNAT1	2.0			
14	63779549.0	63785593.0	GPHB5	1.0			
14	63838075.0	64010092.0	PPP2R5E	1.0			
14	64319683.0	64693165.0	SYNE2	1.0			1.0
14	64970430.0	65000408.0	ZBTB1	2.0	1.0		1.0
14	65877310.0	66210839.0	FUT8	1.0	1.0		1.0
14	68286496.0	69196935.0	RAD51B	7.0	3.0	1.0	3.0
14	69254377.0	69263190.0	ZFP36L1	1.0	1.0		1.0
14	69340860.0	69446157.0	ACTN1	1.0	2.0	1.0	2.0
14	69517598.0	69619867.0	DCAF5	1.0	2.0	1.0	2.0
14	69550115.0	69552106.0	DDX18P1	1.0			
14	69658228.0	69709075.0	EXD2	1.0			2.0
14	69951409.0	69995215.0	PLEKHD1	1.0			
14	71189243.0	71276251.0	MAP3K9	1.0			
14	73086004.0	73360809.0	DPF3	3.0			
14	73741815.0	73930348.0	NUMB	1.0			1.0
14	74034324.0	74042357.0	ACOT2	1.0			
14	74872596.0	74892805.0	SYNDIG1L	1.0			
14	74942895.0	74960880.0	NPC2	1.0			2.0
14	74964873.0	75079306.0	LTBP2	1.0	2.0	1.0	2.0
14	75480467.0	75518235.0	MLH3	1.0			
14	75548822.0	75594047.0	NEK9	1.0			
14	75598173.0	75643334.0	TMED10	1.0			
14	76099968.0	76421421.0	TTLL5	1.0			1.0
14	78708734.0	80330762.0	NRXN3	2.0	2.0		2.0
14	81421333.0	81612646.0	TSHR	1.0			
14	88471468.0	88478419.0	GPR65	1.0			
14	90528109.0	90652201.0	KCNK13	1.0			
14	92246095.0	92333880.0	TC2N	1.0	1.0	1.0	1.0
14	92980118.0	93155339.0	RIN3	2.0	6.0	3.0	7.0
14	93403259.0	93582665.0	ITPK1	2.0	3.0		3.0
14	93799565.0	94174222.0	UNC79	1.0	2.0	1.0	2.0
14	94612465.0	94746072.0	PPP4R4	1.0			2.0
14	94749650.0	94759608.0	SERPINA10	1.0			3.0
14	94770585.0	94789731.0	SERPINA6	2.0	3.0	2.0	3.0
14	94843084.0	94857030.0	SERPINA1	6.0	3.0	2.0	3.0
14	99977603.0	100070363.0	CCDC85C	1.0			
14	100111447.0	100146906.0	HHIPL1	1.0			
14	100150641.0	100193638.0	CYP46A1	1.0			
14	100204030.0	100408397.0	EML1	1.0			
14	100437786.0	100610573.0	EVL	1.0			
14	103058998.0	103196913.0	RCOR1	1.0	4.0	4.0	4.0
14	103243813.0	103377837.0	TRAF3	2.0	2.0	3.0	5.0
14	103851729.0	103970168.0	MARK3	1.0	7.0	6.0	10.0
14	103985996.0	103989448.0	CKB	3.0	1.0	1.0	7.0
14	104200089.0	104313927.0	PPP1R13B	1.0			1.0
14	104394799.0	104519004.0	TDRD9	1.0			
14	104941015.0	105071984.0	TMEM179	1.0			
14	105190523.0	105213662.0	ADSSL1	1.0			1.0
14	105219437.0	105234831.0	SIVA1	1.0			2.0
14	105607318.0	105635161.0	JAG2	1.0			1.0
14	105639275.0	105647660.0	NUDT14	1.0			1.0
14	106090687.0	106092403.0	IGHG4	1.0			
14	106467677.0	106467967.0	IGHVIII-2-1	1.0			
15	22892005.0	23006016.0	CYFIP1	1.0			
15	28000021.0	28344504.0	OCA2	4.0	2.0	1.0	4.0
15	28356186.0	28567298.0	HERC2	3.0	4.0	2.0	4.0
15	29412457.0	29862927.0	FAM189A1	1.0	1.0	1.0	1.0
15	31196055.0	31235311.0	FAN1	1.0			
15	31293264.0	31453476.0	TRPM1	1.0	1.0	1.0	1.0
15	31619058.0	31727868.0	KLF13	1.0			
15	32694108.0	32695493.0	AC139426.2	1.0			
15	32933877.0	32989299.0	SCG5	2.0			
15	33010175.0	33026870.0	GREM1	1.0			
15	33057747.0	33486897.0	FMN1	3.0			
15	38544527.0	38649450.0	SPRED1	1.0	1.0		1.0
15	38780304.0	38857776.0	RASGRP1	2.0			
15	39892232.0	40075031.0	FSIP1	2.0			
15	40226347.0	40327797.0	EIF2AK4	1.0	5.0	2.0	6.0
15	40331512.0	40359491.0	SRP14-AS1	1.0			7.0
15	40643234.0	40648635.0	PHGR1	1.0			
15	40986972.0	41024354.0	RAD51	1.0			
15	41028082.0	41048049.0	RMDN3	1.0			
15	41271078.0	41408552.0	INO80	2.0	1.0		2.0
15	41455360.0	41456572.0	FAM92A1P1	1.0	1.0		2.0
15	41523037.0	41574043.0	CHP1	1.0	1.0		2.0
15	41576188.0	41601901.0	OIP5-AS1	1.0			1.0
15	41679551.0	41694717.0	NDUFAF1	1.0			1.0
15	41785591.0	41795747.0	ITPKA	1.0	1.0		3.0
15	41795836.0	41806085.0	LTK	1.0			3.0
15	42140345.0	42186275.0	SPTBN5	1.0			3.0
15	42565431.0	42645864.0	GANC	1.0			
15	42841008.0	42862192.0	HAUS2	1.0			
15	44719432.0	44821236.0	CTDSPL2	1.0			
15	44957930.0	45003514.0	PATL2	1.0			
15	45315302.0	45369383.0	SORD	1.0			
15	45384848.0	45406542.0	DUOX2	1.0			2.0
15	45722727.0	45740959.0	C15orf48	1.0	2.0	1.0	2.0
15	47476298.0	48066420.0	SEMA6D	1.0	1.0		1.0
15	48413169.0	48434869.0	SLC24A5	1.0	1.0	1.0	1.0
15	48483736.0	48495953.0	CTXN2	2.0	1.0	1.0	1.0
15	48700503.0	48938046.0	FBN1	2.0	2.0	1.0	2.0
15	49115932.0	49255641.0	SHC4	1.0			1.0
15	49280673.0	49338760.0	SECISBP2L	1.0	2.0	2.0	2.0
15	49619159.0	49913128.0	FAM227B	1.0	1.0		2.0
15	49715293.0	49780972.0	FGF7	3.0	1.0		1.0
15	49913177.0	49937333.0	DTWD1	1.0			1.0
15	50150435.0	50475014.0	ATP8B4	2.0			
15	50716577.0	50793280.0	USP8	1.0			
15	50999506.0	51058005.0	SPPL2A	1.0			2.0
15	51200869.0	51298097.0	AP4E1	1.0			
15	51500254.0	51630807.0	CYP19A1	1.0	2.0	1.0	3.0
15	52244303.0	52358462.0	MAPK6	1.0			
15	56119120.0	56285944.0	NEDD4	2.0			
15	56922379.0	57210769.0	ZNF280D	1.0	2.0	1.0	2.0
15	57210821.0	57591479.0	TCF12	1.0	2.0	1.0	2.0
15	58245622.0	58790065.0	ALDH1A2	2.0	5.0	8.0	5.0
15	58702768.0	58861151.0	LIPC	1.0	5.0	8.0	5.0
15	59951345.0	59981733.0	BNIP2	1.0			
15	60780483.0	61521518.0	RORA	3.0	7.0	6.0	7.0
15	62036140.0	62036218.0	AC018618.1	1.0			
15	62682725.0	63136830.0	TLN2	1.0	1.0	1.0	1.0
15	63613577.0	63674360.0	CA12	1.0			1.0
15	63796793.0	63886839.0	USP3	2.0	2.0	2.0	3.0
15	63836446.0	63893788.0	USP3-AS1	1.0	1.0		3.0
15	63900817.0	64126141.0	HERC1	1.0			1.0
15	64752941.0	64978264.0	ZNF609	1.0	1.0	1.0	2.0
15	65134088.0	65160206.0	PLEKHO2	1.0	1.0		2.0
15	65903704.0	65953333.0	SLC24A1	1.0			2.0
15	66018392.0	66184329.0	RAB11A	1.0	5.0	2.0	6.0
15	66797297.0	66842115.0	ZWILCH	1.0			
15	66994566.0	67074338.0	SMAD6	2.0	2.0	1.0	2.0
15	67356101.0	67487533.0	SMAD3	9.0	3.0	2.0	3.0
15	67547138.0	67794598.0	IQCH	1.0	2.0		2.0
15	67835047.0	68099461.0	MAP2K5	3.0	3.0		3.0
15	68594050.0	68724501.0	ITGA11	2.0			
15	69539448.0	69539549.0	AC026992.1	1.0			
15	69706585.0	69740764.0	KIF23	1.0			
15	71389291.0	72075722.0	THSD4	1.0	2.0		3.0
15	72635775.0	72668817.0	HEXA	1.0			2.0
15	72978527.0	73030817.0	BBS4	1.0			
15	73344051.0	73597547.0	NEO1	2.0	1.0		1.0
15	73612200.0	73661605.0	HCN4	1.0	1.0		1.0
15	74165949.0	74181555.0	TBC1D21	1.0			2.0
15	74200424.0	74220589.0	LOXL1-AS1	1.0	2.0	1.0	2.0
15	74218330.0	74244478.0	LOXL1	3.0	2.0	1.0	2.0
15	74275547.0	74286963.0	STOML1	1.0	1.0	1.0	3.0
15	74287014.0	74340153.0	PML	1.0	2.0	1.0	3.0
15	75041185.0	75048543.0	CYP1A2	2.0	3.0		10.0
15	75105057.0	75118099.0	LMAN1L	2.0	1.0		4.0
15	75315896.0	75409803.0	PPCDC	1.0	4.0	3.0	4.0
15	75478992.0	75479309.0	RPL36AP45	1.0			1.0
15	75487984.0	75504510.0	C15orf39	1.0	1.0		1.0
15	75661720.0	75748183.0	SIN3A	1.0	1.0	1.0	3.0
15	76507696.0	76603813.0	ETFA	1.0			
15	76640526.0	77197785.0	SCAPER	3.0	1.0		2.0
15	77269258.0	77269551.0	RN7SL278P	1.0			2.0
15	77712754.0	77777949.0	HMG20A	1.0			2.0
15	78729773.0	78793798.0	IREB2	1.0			3.0
15	78799906.0	78829714.0	HYKK	1.0	2.0		3.0
15	78857862.0	78887611.0	CHRNA5	3.0	1.0		3.0
15	78885394.0	78913637.0	CHRNA3	3.0			1.0
15	78916461.0	79020096.0	CHRNB4	2.0	1.0		3.0
15	79051545.0	79103773.0	ADAMTS7	2.0	3.0	1.0	3.0
15	79102829.0	79190475.0	MORF4L1	2.0			3.0
15	80555410.0	80634147.0	LINC00927	1.0			
15	80972025.0	81047962.0	ABHD17C	1.0			
15	83211951.0	83317612.0	CPEB1	1.0			
15	84115980.0	84287495.0	SH3GL3	1.0	4.0	1.0	4.0
15	84322838.0	84708594.0	ADAMTSL3	2.0	4.0	1.0	4.0
15	85212775.0	85259947.0	SEC11A	1.0			
15	85359911.0	85416713.0	ALPK3	1.0			
15	85523671.0	85682376.0	PDE8A	1.0			
15	85923802.0	86292586.0	AKAP13	1.0	3.0	1.0	3.0
15	86685227.0	87572283.0	AGBL1	1.0			
15	89346674.0	89418585.0	ACAN	1.0	3.0	1.0	3.0
15	89420519.0	89438857.0	HAPLN3	1.0	1.0		3.0
15	89441916.0	89456642.0	MFGE8	1.0	2.0	1.0	3.0
15	89630690.0	89745591.0	ABHD2	1.0	1.0	1.0	2.0
15	89753100.0	89764982.0	RLBP1	1.0			1.0
15	89859534.0	89878092.0	POLG	1.0			
15	89998680.0	90039844.0	RHCG	1.0			
15	90328120.0	90358633.0	ANPEP	1.0	1.0	1.0	1.0
15	90703836.0	90772911.0	SEMA4B	1.0			
15	90931450.0	91045475.0	IQGAP1	1.0	2.0	1.0	2.0
15	91411822.0	91426688.0	FURIN	3.0	1.0		2.0
15	91426925.0	91439006.0	FES	3.0	1.0		2.0
15	91445448.0	91465814.0	MAN2A2	1.0	1.0		4.0
15	91498100.0	91506349.0	RCCD1	1.0	1.0		3.0
15	91509575.0	91531854.0	PRC1-AS1	1.0	2.0	1.0	3.0
15	92396925.0	92715665.0	SLCO3A1	1.0			
15	93160673.0	93353114.0	FAM174B	1.0			
15	93586636.0	93632433.0	RGMA	1.0			
15	96670598.0	96870590.0	NR2F2-AS1	1.0	3.0	2.0	3.0
15	99192200.0	99507759.0	IGF1R	1.0	4.0	4.0	6.0
15	100511794.0	100882210.0	ADAMTS17	1.0	2.0	1.0	2.0
15	101459420.0	101610317.0	LRRK1	2.0			
15	101715928.0	101792137.0	CHSY1	2.0	3.0	1.0	3.0
15	101840818.0	102065405.0	PCSK6	2.0	2.0	1.0	2.0
16	96407.0	103628.0	POLR3K	1.0	2.0	1.0	4.0
16	230452.0	231180.0	HBQ1	1.0			4.0
16	318726.0	333003.0	ARHGDIG	1.0	2.0	1.0	7.0
16	337440.0	402673.0	AXIN1	1.0	5.0	3.0	7.0
16	1203241.0	1271771.0	CACNA1H	2.0			
16	1277272.0	1280214.0	TPSB2	1.0			
16	1379079.0	1379778.0	RPS20P2	1.0			
16	1494935.0	1525581.0	CLCN7	1.0			1.0
16	1535887.0	1538982.0	PTX4	1.0	1.0		1.0
16	1560428.0	1662111.0	IFT140	1.0			1.0
16	1993975.0	2007607.0	RPL3L	1.0	1.0	1.0	1.0
16	2289396.0	2302301.0	ECI1	1.0			3.0
16	2732476.0	2759031.0	KCTD5	1.0			
16	3013945.0	3018384.0	KREMEN2	1.0			
16	3018025.0	3030540.0	PKMYT1	1.0			
16	3348832.0	3355729.0	TIGD7	1.0			
16	3355406.0	3368852.0	ZNF75A	1.0			
16	4003388.0	4166186.0	ADCY9	3.0	4.0		4.0
16	4307187.0	4323076.0	TFAP4	1.0			2.0
16	4364762.0	4389598.0	GLIS2	1.0	1.0		1.0
16	4381550.0	4405608.0	PAM16	1.0			1.0
16	4404543.0	4475706.0	CORO7	1.0	1.0		1.0
16	4896666.0	4932361.0	UBN1	1.0	1.0	1.0	3.0
16	5094123.0	5116111.0	C16orf89	1.0			
16	6069095.0	7763340.0	RBFOX1	3.0	2.0	1.0	2.0
16	9852376.0	10276611.0	GRIN2A	1.0			
16	10420291.0	10577495.0	ATF7IP2	1.0			
16	10721358.0	10788802.0	TEKT5	1.0	1.0		1.0
16	11038345.0	11276046.0	CLEC16A	5.0	1.0	1.0	2.0
16	11343476.0	11445619.0	RMI2	4.0	6.0	2.0	6.0
16	11348262.0	11350036.0	SOCS1	1.0	1.0		4.0
16	11641853.0	11730237.0	LITAF	1.0	2.0	2.0	2.0
16	15797029.0	15950890.0	MYH11	3.0	1.0		1.0
16	16043434.0	16236931.0	ABCC1	1.0			
16	17195626.0	17564738.0	XYLT1	1.0			
16	19727778.0	19868907.0	IQCK	1.0			1.0
16	19868616.0	19897489.0	GPRC5B	1.0			3.0
16	20344374.0	20367623.0	UMOD	1.0	2.0	2.0	3.0
16	20370492.0	20416059.0	PDILT	2.0	3.0	3.0	3.0
16	20547548.0	20587749.0	ACSM2B	1.0			
16	21652609.0	21663981.0	IGSF6	1.0			
16	21689835.0	21772050.0	OTOA	2.0			
16	23289552.0	23392620.0	SCNN1B	1.0			
16	23614488.0	23652631.0	PALB2	2.0			
16	27324989.0	27376099.0	IL4R	3.0	1.0	1.0	2.0
16	27413483.0	27462115.0	IL21R	2.0	1.0	1.0	2.0
16	27561454.0	27791690.0	KIAA0556	1.0			
16	28477974.0	28503333.0	CLN3	3.0	4.0	2.0	7.0
16	28510683.0	28523372.0	IL27	1.0	4.0	2.0	7.0
16	28857921.0	28885526.0	SH2B1	1.0	5.0	1.0	7.0
16	28889726.0	28915830.0	ATP2A1	1.0	1.0		7.0
16	28915742.0	28947847.0	RABEP2	2.0			4.0
16	29392675.0	29415350.0	NPIPB11	1.0			
16	29869678.0	29875057.0	CDIPT	1.0			
16	29882480.0	29910868.0	SEZ6L2	1.0			
16	29911696.0	29931185.0	ASPHD1	1.0			2.0
16	29916333.0	29938356.0	KCTD13	1.0			2.0
16	29952206.0	29984373.0	TMEM219	2.0	2.0		2.0
16	29984962.0	30003582.0	TAOK2	1.0	2.0		2.0
16	30116131.0	30125177.0	GDPD3	1.0			3.0
16	30125426.0	30134827.0	MAPK3	3.0	1.0		3.0
16	30483979.0	30534506.0	ITGAL	1.0	1.0		2.0
16	30844947.0	30906281.0	BCL7C	2.0			2.0
16	30907928.0	30914881.0	CTF1	1.0			
16	31000577.0	31021949.0	STX1B	2.0	4.0	2.0	5.0
16	31271311.0	31344213.0	ITGAM	1.0			1.0
16	49521435.0	49891830.0	ZNF423	2.0			
16	50099852.0	50140298.0	HEATR3	1.0	1.0		1.0
16	50280048.0	50352046.0	ADCY7	2.0			
16	50347398.0	50402845.0	BRD7	2.0			
16	50727514.0	50766988.0	NOD2	1.0			
16	51169886.0	51185278.0	SALL1	1.0	2.0	1.0	2.0
16	52471917.0	52581714.0	TOX3	3.0			
16	52586002.0	52686017.0	CASC16	2.0			
16	53631595.0	53737850.0	RPGRIP1L	1.0			3.0
16	53737875.0	54155853.0	FTO	11.0	13.0	8.0	13.0
16	55423612.0	55540603.0	MMP2	1.0			
16	55542910.0	55620582.0	LPCAT2	1.0			
16	56622986.0	56625000.0	MT3	1.0			1.0
16	56995762.0	57017757.0	CETP	2.0	2.0	7.0	2.0
16	57126449.0	57181878.0	CPNE2	1.0			1.0
16	57546090.0	57570511.0	CCDC102A	1.0			
16	57917503.0	58005020.0	CNGB1	1.0			1.0
16	64977656.0	65160015.0	CDH11	1.0			
16	66648653.0	66730610.0	CMTM4	2.0			
16	66912492.0	66929657.0	PDP2	1.0			
16	67596310.0	67673086.0	CTCF	1.0	1.0	1.0	5.0
16	67880635.0	67906470.0	NUTF2	1.0			2.0
16	67968405.0	67970990.0	PSMB10	1.0	1.0	2.0	3.0
16	68021649.0	68113223.0	DUS2	2.0			3.0
16	68118654.0	68263162.0	NFATC3	1.0	4.0	4.0	5.0
16	68877507.0	69119083.0	TANGO6	3.0			1.0
16	69139467.0	69152622.0	HAS3	1.0	1.0		1.0
16	69345259.0	69358949.0	VPS4A	1.0			
16	69458428.0	69500169.0	CYB5B	1.0	1.0		1.0
16	69796209.0	69975644.0	WWP2	3.0	4.0	1.0	4.0
16	70613798.0	70694585.0	IL34	1.0			
16	71762913.0	71843104.0	AP1G1	2.0	1.0	2.0	1.0
16	71963441.0	72033877.0	PKD1L3	1.0			4.0
16	72042487.0	72058954.0	DHODH	2.0			6.0
16	72078188.0	72128330.0	TXNL4B	1.0	6.0	8.0	6.0
16	72088522.0	72111145.0	HPR	1.0	3.0	6.0	6.0
16	72146056.0	72210777.0	PMFBP1	1.0	3.0	6.0	4.0
16	72816784.0	73093597.0	ZFHX3	4.0	1.0	1.0	1.0
16	74347235.0	74349532.0	AC009120.5	1.0			
16	74907468.0	75034071.0	WDR59	1.0			
16	75182390.0	75206134.0	ZFP1	1.0			1.0
16	75262928.0	75301951.0	BCAR1	1.0			1.0
16	75320610.0	75320696.0	RNU6-758P	1.0			
16	75327596.0	75467383.0	CFDP1	3.0	3.0		4.0
16	75476952.0	75499395.0	TMEM170A	1.0			3.0
16	75510949.0	75529282.0	CHST6	1.0			1.0
16	75681684.0	75795770.0	TERF2IP	1.0			
16	77281710.0	77469011.0	ADAMTS18	1.0			
16	77744198.0	77744281.0	AC092724.1	1.0			
16	78133310.0	79246564.0	WWOX	1.0			
16	81478775.0	81745367.0	CMIP	2.0	5.0	5.0	5.0
16	81772702.0	81991899.0	PLCG2	3.0	2.0	1.0	2.0
16	82660408.0	83830204.0	CDH13	3.0	1.0	1.0	1.0
16	84853590.0	84954374.0	CRISPLD2	3.0	1.0		1.0
16	85645015.0	85709810.0	GSE1	1.0	3.0	1.0	3.0
16	85932409.0	85956215.0	IRF8	1.0	2.0	2.0	2.0
16	86259186.0	86309351.0	LINC01081	1.0			1.0
16	86563782.0	86588841.0	MTHFSD	1.0			
16	86609974.0	86615303.0	FOXL1	1.0			
16	87117168.0	87351022.0	C16orf95	1.0			
16	87635441.0	87731762.0	JPH3	1.0			
16	87863629.0	87903094.0	SLC7A5	1.0	2.0	1.0	2.0
16	87982850.0	88110924.0	BANP	1.0	1.0	1.0	1.0
16	88519725.0	88603424.0	ZFPM1	4.0	8.0	4.0	8.0
16	88535326.0	88535439.0	MIR5189	1.0			8.0
16	88709691.0	88717560.0	CYBA	1.0	1.0	1.0	2.0
16	88781751.0	88851619.0	PIEZO1	1.0	5.0	3.0	6.0
16	89154783.0	89222254.0	ACSF3	1.0	4.0	3.0	4.0
16	89334038.0	89556969.0	ANKRD11	2.0	5.0	3.0	7.0
16	89557325.0	89624176.0	SPG7	1.0	5.0	3.0	7.0
16	89642176.0	89663654.0	CPNE7	1.0	4.0	3.0	7.0
16	89679716.0	89704839.0	DPEP1	2.0	6.0	1.0	7.0
16	89724210.0	89737680.0	SPATA33	1.0	3.0	2.0	8.0
16	89747145.0	89762772.0	CDK10	1.0	3.0	1.0	7.0
16	89773542.0	89787394.0	VPS9D1	2.0	4.0	1.0	6.0
16	89803957.0	89883065.0	FANCA	2.0	4.0	3.0	6.0
16	89884587.0	89937727.0	SPIRE2	4.0	3.0	2.0	5.0
16	89940000.0	89977792.0	TCF25	2.0	4.0	2.0	5.0
16	89978527.0	89987385.0	MC1R	2.0	1.0	1.0	4.0
16	89985573.0	90002500.0	TUBB3	1.0	4.0	2.0	5.0
16	90014333.0	90034468.0	DEF8	2.0	3.0	2.0	6.0
16	90038994.0	90068569.0	AFG3L1P	3.0	4.0	2.0	6.0
16	90071273.0	90086536.0	DBNDD1	2.0	2.0	1.0	5.0
16	90122974.0	90158480.0	PRDM7	3.0	1.0	1.0	4.0
17	702553.0	883010.0	NXN	1.0			2.0
17	1247566.0	1303672.0	YWHAE	1.0	1.0	1.0	1.0
17	1323983.0	1366456.0	CRK	1.0			2.0
17	1397865.0	1420182.0	INPP5K	1.0			2.0
17	1421012.0	1466110.0	PITPNA	1.0			2.0
17	1732996.0	1803376.0	RPA1	2.0			1.0
17	1963133.0	2207065.0	SMG6	5.0	8.0	4.0	9.0
17	2206677.0	2228554.0	SRR	1.0			5.0
17	2240792.0	2284352.0	SGSM2	1.0	1.0		3.0
17	2496504.0	2588909.0	PAFAH1B1	1.0	1.0	1.0	1.0
17	4523044.0	4523147.0	RNU6-955P	1.0			1.0
17	4534197.0	4545589.0	ALOX15	1.0	1.0	1.0	1.0
17	4692254.0	4693685.0	GLTPD2	1.0			1.0
17	5675554.0	6027747.0	WSCD1	1.0			
17	6481468.0	6544247.0	KIAA0753	1.0			
17	7076750.0	7082883.0	ASGR1	1.0	3.0	6.0	3.0
17	7093209.0	7123021.0	DLG4	1.0	1.0	1.0	5.0
17	7138347.0	7143041.0	PHF23	1.0	2.0	2.0	4.0
17	7184986.0	7191576.0	SLC2A4	2.0	1.0	1.0	4.0
17	7239848.0	7254797.0	ACAP1	1.0	2.0	2.0	3.0
17	7308193.0	7323179.0	NLGN2	1.0	2.0	1.0	4.0
17	7362685.0	7387582.0	ZBTB4	3.0	3.0	1.0	4.0
17	7387685.0	7417933.0	POLR2A	1.0	1.0	1.0	6.0
17	7452208.0	7464925.0	TNFSF12	2.0	4.0	5.0	8.0
17	7452416.0	7464918.0	TNFSF12-TNFSF13	1.0	4.0	4.0	8.0
17	7476024.0	7482323.0	EIF4A1	1.0	1.0		8.0
17	7549945.0	7561086.0	ATP1B2	1.0	4.0	3.0	6.0
17	7565097.0	7590856.0	TP53	3.0	4.0	4.0	5.0
17	7620672.0	7737062.0	DNAH2	1.0	4.0	4.0	7.0
17	7743222.0	7758114.0	KDM6B	2.0	2.0		5.0
17	7788124.0	7816078.0	CHD3	1.0	1.0		5.0
17	7825177.0	7833121.0	KCNAB3	1.0			3.0
17	8108056.0	8113918.0	AURKB	1.0			1.0
17	8782233.0	8869029.0	PIK3R5	1.0			
17	9813926.0	10101868.0	GAS7	2.0	1.0		1.0
17	11144580.0	11467380.0	SHISA6	1.0	1.0		1.0
17	11501748.0	11873065.0	DNAH9	1.0			
17	11924141.0	12047147.0	MAP2K4	1.0			
17	12569207.0	12672266.0	MYOCD	1.0			
17	13399006.0	13505244.0	HS3ST3A1	1.0			
17	16592851.0	16707767.0	CCDC144A	1.0			1.0
17	16832849.0	16875432.0	TNFRSF13B	2.0	1.0	3.0	2.0
17	16945859.0	17120993.0	MPRIP	1.0			2.0
17	17584787.0	17714767.0	RAI1	1.0	3.0	2.0	5.0
17	17991200.0	18011285.0	DRG2	1.0	2.0	2.0	4.0
17	18012020.0	18083116.0	MYO15A	1.0			4.0
17	18647326.0	18682662.0	FBXW10	1.0			
17	18853658.0	18925908.0	SLC5A10	1.0			
17	19286755.0	19290553.0	MFAP4	1.0			
17	21187984.0	21218552.0	MAP2K3	1.0	1.0	1.0	3.0
17	21279509.0	21323179.0	KCNJ12	1.0	3.0		3.0
17	26083792.0	26127525.0	NOS2	2.0			
17	26833261.0	26865914.0	FOXN1	1.0			3.0
17	27717482.0	27878922.0	TAOK1	1.0	2.0	1.0	4.0
17	28575218.0	28619074.0	BLMH	1.0	2.0	1.0	2.0
17	28705923.0	28797007.0	CPD	1.0	1.0	1.0	1.0
17	28903482.0	28999807.0	AC005562.1	1.0	1.0	1.0	5.0
17	29158988.0	29222887.0	ATAD5	1.0	3.0	2.0	4.0
17	29233362.0	29286340.0	ADAP2	1.0	1.0	1.0	4.0
17	29421945.0	29709134.0	NF1	3.0	3.0	1.0	3.0
17	30040772.0	30040872.0	RNU6-1134P	1.0			
17	32597240.0	32599261.0	CCL7	1.0			
17	34071530.0	34079897.0	GAS2L2	2.0	1.0		2.0
17	36046435.0	36105237.0	HNF1B	3.0	3.0	4.0	3.0
17	36584662.0	36668628.0	ARHGAP23	1.0			
17	37415384.0	37558776.0	FBXL20	1.0	6.0	6.0	7.0
17	37921198.0	38020441.0	IKZF3	3.0	2.0	3.0	8.0
17	38024417.0	38034149.0	ZPBP2	2.0	1.0		6.0
17	38060848.0	38076107.0	GSDMB	2.0	4.0	2.0	5.0
17	38077294.0	38083854.0	ORMDL3	1.0	1.0	1.0	6.0
17	38119226.0	38134019.0	GSDMA	1.0	3.0	2.0	5.0
17	38175350.0	38217468.0	MED24	1.0			4.0
17	38214543.0	38250120.0	THRA	2.0	2.0	2.0	3.0
17	38517235.0	38520067.0	GJD3	1.0			1.0
17	39632941.0	39637392.0	KRT35	1.0			
17	39873994.0	39890896.0	HAP1	1.0			
17	40009797.0	40021684.0	KLHL11	1.0	1.0	1.0	1.0
17	40276994.0	40307035.0	RAB5C	1.0	1.0		1.0
17	40439565.0	40463961.0	STAT5A	1.0			
17	40465342.0	40540586.0	STAT3	2.0			
17	40610862.0	40674629.0	ATP6V0A1	1.0			
17	40834631.0	40851832.0	CNTNAP1	2.0			
17	40962152.0	40985367.0	BECN1	1.0			
17	41026687.0	41050751.0	LINC00671	1.0			
17	41052814.0	41065386.0	G6PC	1.0			
17	41561233.0	41621831.0	DHX8	2.0			
17	41825568.0	41825631.0	AC055813.1	1.0	1.0	1.0	3.0
17	41878167.0	41910538.0	MPP3	1.0			1.0
17	42030106.0	42081837.0	PYY	1.0	3.0	1.0	5.0
17	42325758.0	42327236.0	AC003102.1	1.0			5.0
17	42422614.0	42430470.0	GRN	2.0			2.0
17	42449548.0	42466873.0	ITGA2B	2.0	2.0	1.0	2.0
17	43128978.0	43186384.0	NMT1	1.0	1.0		2.0
17	43513266.0	43568115.0	PLEKHM1	1.0	8.0	3.0	9.0
17	43699267.0	43913194.0	CRHR1	1.0	14.0	7.0	14.0
17	43921017.0	43972966.0	MAPT-AS1	1.0	7.0	2.0	7.0
17	43922256.0	43924438.0	SPPL2C	1.0			7.0
17	43971748.0	44105700.0	MAPT	4.0	11.0	5.0	16.0
17	44107282.0	44302733.0	KANSL1	2.0	8.0	2.0	16.0
17	44352150.0	44439130.0	ARL17B	1.0	5.0	2.0	11.0
17	44668035.0	44834830.0	NSF	1.0	9.0	4.0	15.0
17	44910567.0	44964096.0	WNT9B	3.0	1.0		4.0
17	45000483.0	45105003.0	GOSR2	1.0	1.0	1.0	3.0
17	45055847.0	45131935.0	LRRC37A17P	3.0	1.0	1.0	1.0
17	45195069.0	45266788.0	CDC27	2.0	1.0	1.0	1.0
17	45331212.0	45421658.0	ITGB3	1.0	3.0	3.0	3.0
17	45400656.0	45518678.0	EFCAB13	2.0	2.0	3.0	3.0
17	45527934.0	45569858.0	MRPL45P2	1.0	1.0	1.0	4.0
17	45726842.0	45762871.0	KPNB1	3.0	1.0	2.0	2.0
17	45810610.0	45823485.0	TBX21	1.0	1.0	1.0	2.0
17	45884738.0	45899200.0	OSBPL7	1.0	1.0	1.0	2.0
17	45973516.0	46006323.0	SP2	1.0			1.0
17	46045176.0	46059140.0	CDK5RAP3	1.0			
17	46125691.0	46138849.0	NFE2L1	1.0	1.0		1.0
17	46180719.0	46200436.0	SNX11	1.0			
17	46210802.0	46507637.0	SKAP1	1.0	2.0		2.0
17	46626232.0	46682274.0	HOXB3	1.0			
17	46802125.0	46806540.0	HOXB13	1.0			1.0
17	47035916.0	47045958.0	GIP	1.0	1.0		2.0
17	47287589.0	47300587.0	ABI3	1.0	2.0	1.0	3.0
17	47300724.0	47308128.0	PHOSPHO1	1.0			3.0
17	47366568.0	47439835.0	ZNF652	5.0	2.0	1.0	3.0
17	47676246.0	47755596.0	SPOP	1.0			
17	49039535.0	49198226.0	SPAG9	1.0			
17	53046088.0	53241646.0	STXBP4	1.0			
17	53469974.0	53499353.0	MMD	1.0			
17	54188319.0	54589020.0	ANKFN1	1.0	2.0	1.0	2.0
17	55162453.0	55198710.0	AKAP1	1.0	1.0		1.0
17	55333212.0	55762046.0	MSI2	2.0	3.0	2.0	3.0
17	55916842.0	55927417.0	MRPS23	1.0			
17	55938604.0	56032684.0	CUEDC1	1.0			1.0
17	56422539.0	56430454.0	SUPT4H1	1.0			2.0
17	56429861.0	56494956.0	RNF43	3.0	1.0	1.0	2.0
17	56497528.0	56565745.0	HSF5	2.0			
17	56634039.0	56769416.0	TEX14	1.0	2.0		2.0
17	57059999.0	57184282.0	TRIM37	2.0	2.0	1.0	2.0
17	57297828.0	57353328.0	GDPD1	1.0	1.0		2.0
17	57697219.0	57773671.0	CLTC	1.0	2.0	2.0	3.0
17	57936851.0	57970304.0	TUBD1	1.0	2.0	1.0	4.0
17	57970447.0	58027925.0	RPS6KB1	1.0	1.0	1.0	3.0
17	58754814.0	59470199.0	BCAS3	5.0	6.0	6.0	7.0
17	59489112.0	59490641.0	C17orf82	1.0	2.0	1.0	3.0
17	59942731.0	60005377.0	INTS2	1.0	1.0	1.0	1.0
17	61086917.0	61505060.0	TANC2	1.0			
17	61554422.0	61599205.0	ACE	2.0			
17	61822610.0	61853711.0	CCDC47	1.0			1.0
17	62015914.0	62050278.0	SCN4A	1.0	2.0	1.0	3.0
17	62538413.0	62658186.0	SMURF2	1.0			
17	63524681.0	63557765.0	AXIN2	1.0	3.0	2.0	3.0
17	63631656.0	64188202.0	CEP112	1.0	1.0		1.0
17	64208151.0	64252643.0	APOH	1.0			1.0
17	64298754.0	64806861.0	PRKCA	1.0	1.0		1.0
17	65821640.0	65980494.0	BPTF	2.0	5.0	4.0	5.0
17	65987217.0	65989765.0	C17orf58	2.0			2.0
17	66121918.0	66148609.0	LRRC37A16P	1.0			
17	66531254.0	66597530.0	FAM20A	1.0			
17	66863433.0	66951533.0	ABCA8	1.0	2.0	2.0	2.0
17	67074843.0	67138029.0	ABCA6	1.0	4.0	6.0	4.0
17	67410839.0	67539472.0	MAP2K6	1.0			1.0
17	68163102.0	68165543.0	KCNJ2-AS1	1.0	1.0		1.0
17	68237465.0	68237902.0	CALM2P1	1.0	1.0		1.0
17	69093916.0	69198318.0	CASC17	1.0	1.0		1.0
17	72690452.0	72709117.0	CD300LF	1.0	5.0	1.0	5.0
17	73772515.0	73781974.0	H3F3B	1.0	1.0	1.0	1.0
17	73780681.0	73821886.0	UNK	1.0			1.0
17	74668633.0	74707098.0	MXRA7	1.0			
17	75276651.0	75496678.0	SEPT9	2.0	2.0	1.0	2.0
17	76374721.0	76421195.0	PGS1	1.0	6.0	6.0	7.0
17	76419778.0	76573476.0	DNAH17	2.0			6.0
17	76670130.0	76778379.0	CYTH1	1.0			
17	79008948.0	79091232.0	BAIAP2	1.0	1.0		1.0
17	79523913.0	79615495.0	NPLOC4	1.0	3.0	1.0	7.0
17	79604197.0	79615779.0	TSPAN10	1.0	4.0	3.0	4.0
17	79617489.0	79630142.0	PDE6G	1.0			4.0
17	79670401.0	79687569.0	SLC25A10	1.0			
17	79876146.0	79885590.0	MAFG	1.0			1.0
17	79934683.0	79975282.0	ASPSCR1	1.0	1.0		1.0
17	80477589.0	80602538.0	FOXK2	1.0	2.0	1.0	3.0
17	80674559.0	80688204.0	FN3KRP	1.0			2.0
17	81061205.0	81063860.0	AC144831.1	1.0	1.0	1.0	1.0
18	596988.0	650334.0	CLUL1	1.0			
18	657604.0	673578.0	TYMS	2.0			
18	670324.0	712676.0	ENOSF1	1.0			
18	721588.0	812547.0	YES1	1.0			
18	3496030.0	4455335.0	DLGAP1	2.0			
18	5392383.0	5630699.0	EPB41L3	1.0	2.0	1.0	2.0
18	5954705.0	6415236.0	L3MBTL4	1.0			
18	9546789.0	9615238.0	PPP4R1	1.0			2.0
18	9708162.0	9862548.0	RAB31	1.0			
18	10666480.0	11148587.0	PIEZO2	1.0			
18	12785477.0	12929642.0	PTPN2	3.0	1.0	1.0	1.0
18	13663346.0	13726662.0	FAM210A	1.0	2.0	2.0	2.0
18	19579530.0	19579612.0	AC091043.1	1.0			1.0
18	20378224.0	20606451.0	RBBP8	1.0	1.0		
18	21086148.0	21166862.0	NPC1	2.0	3.0		3.0
18	21718942.0	21741567.0	CABYR	1.0			
18	21742008.0	21977844.0	OSBPL1A	1.0			
18	22641890.0	22932154.0	ZNF521	1.0	1.0		1.0
18	24034874.0	24237365.0	KCTD1	1.0			
18	24235706.0	24770662.0	AQP4-AS1	1.0	2.0	1.0	2.0
18	24495595.0	24765281.0	CHST9	1.0			2.0
18	29598335.0	29653176.0	RNF125	1.0			
18	32556892.0	32723434.0	MAPRE2	1.0			
18	33161081.0	33291798.0	GALNT1	1.0			
18	33877677.0	34360018.0	FHOD3	1.0	1.0		1.0
18	34409069.0	34812135.0	KIAA1328	1.0			
18	34823010.0	35146000.0	CELF4	4.0			
18	39739247.0	40271387.0	LINC00907	1.0			
18	42260138.0	42648475.0	SETBP1	2.0	1.0	1.0	2.0
18	42792960.0	43263072.0	SLC14A2	2.0	1.0	1.0	1.0
18	43304092.0	43332485.0	SLC14A1	1.0	1.0	1.0	2.0
18	44497455.0	44627658.0	KATNAL2	1.0			
18	45553044.0	45937123.0	ZBTB7C	1.0	1.0	1.0	1.0
18	46065417.0	46389588.0	CTIF	2.0			
18	46446223.0	46477081.0	SMAD7	6.0	3.0	1.0	3.0
18	47349183.0	47721463.0	MYO5B	1.0	1.0	2.0	1.0
18	48086448.0	48258194.0	MAPK4	1.0			
18	49866542.0	51057784.0	DCC	8.0	1.0		1.0
18	51795774.0	51847636.0	POLI	1.0			
18	51850728.0	51884334.0	STARD6	1.0			
18	52385091.0	52562747.0	RAB27B	1.0			
18	52889562.0	53332018.0	TCF4	1.0	2.0	1.0	2.0
18	54264439.0	54318831.0	TXNL1	1.0			
18	55313658.0	55470333.0	ATP8B1	1.0	1.0	2.0	1.0
18	56887400.0	56898006.0	GRP	1.0			
18	57098172.0	57364612.0	CCBE1	3.0	2.0		2.0
18	60082911.0	60083460.0	RPL17P44	1.0			1.0
18	60109261.0	60110359.0	ACTBP9	1.0			
18	60790579.0	60987361.0	BCL2	5.0	3.0	4.0	3.0
18	61420169.0	61472604.0	SERPINB7	1.0			1.0
18	67498394.0	67629039.0	CD226	1.0	3.0	2.0	3.0
18	70203915.0	70305756.0	CBLN2	1.0			
18	74690783.0	74845639.0	MBP	1.0			
18	77155856.0	77289325.0	NFATC1	4.0	4.0	5.0	4.0
19	416583.0	460996.0	SHC2	1.0			
19	463346.0	474983.0	ODF3L2	1.0			
19	589893.0	617159.0	HCN2	1.0			
19	825097.0	832017.0	AZU1	1.0	1.0		4.0
19	925781.0	975939.0	ARID3A	2.0	1.0	1.0	2.0
19	1040102.0	1065571.0	ABCA7	3.0	4.0	2.0	7.0
19	1103936.0	1106787.0	GPX4	2.0	1.0		6.0
19	1107636.0	1174282.0	SBNO2	2.0	5.0	3.0	8.0
19	1248552.0	1259142.0	MIDN	2.0			1.0
19	1852399.0	1863567.0	KLF16	2.0			
19	2100988.0	2164464.0	AP3D1	2.0	2.0	1.0	2.0
19	2164148.0	2232577.0	DOT1L	3.0	1.0		2.0
19	2427636.0	2456994.0	LMNB2	1.0			
19	2511217.0	2702707.0	GNG7	1.0	1.0		1.0
19	3172344.0	3180329.0	S1PR4	2.0	1.0	1.0	2.0
19	3506271.0	3538328.0	FZR1	1.0			2.0
19	3538259.0	3574288.0	MFSD12	1.0			1.0
19	3539152.0	3544028.0	C19orf71	1.0			1.0
19	4044362.0	4066943.0	ZBTB7A	1.0	1.0		4.0
19	4889215.0	4889310.0	AC027319.1	2.0			2.0
19	4903092.0	4962165.0	UHRF1	1.0	5.0	2.0	6.0
19	5823813.0	5828335.0	NRTN	1.0			1.0
19	5830621.0	5839742.0	FUT6	2.0	1.0		1.0
19	5842899.0	5851485.0	FUT3	1.0			1.0
19	6583194.0	6604114.0	CD70	2.0			
19	6663148.0	6670599.0	TNFSF14	2.0			1.0
19	6677715.0	6730573.0	C3	1.0	1.0	1.0	1.0
19	7112266.0	7294045.0	INSR	3.0	4.0	3.0	4.0
19	8271620.0	8327305.0	CERS4	1.0			
19	8428173.0	8439257.0	ANGPTL4	1.0	1.0	2.0	2.0
19	8509651.0	8553998.0	HNRNPM	1.0			3.0
19	8645126.0	8675620.0	ADAMTS10	1.0	2.0	1.0	3.0
19	8920380.0	8943004.0	ZNF558	1.0			
19	8943074.0	8954016.0	MBD3L1	1.0			
19	9862669.0	9903856.0	ZNF846	3.0			
19	9945933.0	9960358.0	PIN1	1.0			2.0
19	9964394.0	10047228.0	OLFM2	1.0	2.0		2.0
19	10070237.0	10121147.0	COL5A3	1.0			
19	10148479.0	10184811.0	C3P1	1.0			
19	10203014.0	10213472.0	ANGPTL6	1.0			1.0
19	10216965.0	10225414.0	PPAN	1.0			1.0
19	10244021.0	10341962.0	DNMT1	2.0	6.0	4.0	6.0
19	10362577.0	10370721.0	MRPL4	2.0			6.0
19	10381511.0	10397291.0	ICAM1	1.0	1.0		5.0
19	10400657.0	10407454.0	ICAM5	1.0	1.0	1.0	2.0
19	10461209.0	10491352.0	TYK2	6.0	2.0	1.0	2.0
19	10501810.0	10530797.0	CDC37	2.0	1.0	1.0	2.0
19	10527449.0	10580305.0	PDE4A	2.0			2.0
19	10623623.0	10628607.0	S1PR5	1.0	2.0	1.0	2.0
19	10713133.0	10755235.0	SLC44A2	3.0	4.0	4.0	8.0
19	10764937.0	10803093.0	ILF3	2.0	2.0	1.0	6.0
19	10812106.0	10824113.0	QTRT1	1.0	2.0	2.0	4.0
19	10828755.0	10944164.0	DNM2	1.0	2.0	4.0	4.0
19	11071598.0	11176071.0	SMARCA4	4.0	3.0	4.0	3.0
19	11200038.0	11244492.0	LDLR	2.0	1.0	4.0	5.0
19	11242196.0	11266484.0	SPC24	2.0	3.0	5.0	5.0
19	11274943.0	11308467.0	KANK2	2.0	3.0	2.0	5.0
19	11309971.0	11373157.0	DOCK6	1.0	3.0	4.0	5.0
19	11406824.0	11437672.0	TSPAN16	1.0	1.0	3.0	1.0
19	11495017.0	11530018.0	RGL3	3.0	1.0		2.0
19	11546109.0	11561783.0	PRKCSH	2.0			2.0
19	11562141.0	11591861.0	ELAVL3	1.0			2.0
19	11594242.0	11616738.0	ZNF653	1.0			
19	11877815.0	11894893.0	ZNF441	1.0			
19	11959541.0	11994565.0	ZNF439	1.0			
19	12175514.0	12192380.0	ZNF844	1.0			
19	12273879.0	12300064.0	ZNF136	1.0			
19	12428291.0	12444534.0	ZNF563	1.0			
19	12460185.0	12476719.0	ZNF442	1.0			
19	12500830.0	12512085.0	ZNF799	2.0			
19	12571998.0	12624668.0	ZNF709	1.0			
19	12786531.0	12792716.0	DHPS	1.0			1.0
19	12873817.0	12983554.0	HOOK2	1.0			5.0
19	12986025.0	12992282.0	DNASE2	1.0			5.0
19	13106422.0	13209610.0	NFIX	2.0	2.0	1.0	3.0
19	13317256.0	13734804.0	CACNA1A	3.0			
19	14543865.0	14582679.0	PKN1	1.0			
19	15619304.0	15663128.0	CYP4F22	1.0			
19	15674885.0	15695520.0	CYP4F23P	1.0			
19	16435628.0	16438685.0	KLF2	1.0	2.0	1.0	2.0
19	16466050.0	16582896.0	EPS15L1	1.0	2.0	2.0	3.0
19	17186591.0	17325346.0	MYO9B	2.0	9.0	5.0	9.0
19	17342692.0	17356749.0	NR2F6	1.0			1.0
19	17359985.0	17393595.0	USHBP1	1.0			1.0
19	17402940.0	17421045.0	ABHD8	1.0			1.0
19	17666403.0	17693971.0	COLGALT1	1.0			
19	17712137.0	17799401.0	UNC13A	1.0			
19	17830051.0	17845325.0	MAP1S	1.0			1.0
19	18208603.0	18262502.0	MAST3	1.0	4.0	3.0	5.0
19	18283972.0	18288927.0	IFI30	2.0	1.0	1.0	3.0
19	18417040.0	18434084.0	LSM4	1.0			3.0
19	18451397.0	18480760.0	PGPEP1	2.0	1.0		3.0
19	18485541.0	18499986.0	GDF15	1.0	1.0	1.0	3.0
19	18553473.0	18632937.0	ELL	2.0	5.0	4.0	5.0
19	18718240.0	18731849.0	TMEM59L	2.0			
19	18794487.0	18893004.0	CRTC1	1.0	3.0	1.0	3.0
19	18893583.0	18902123.0	COMP	1.0			1.0
19	19322782.0	19363042.0	NCAN	3.0			7.0
19	19366450.0	19373605.0	HAPLN4	1.0			8.0
19	19375173.0	19384200.0	TM6SF2	1.0	6.0	8.0	8.0
19	19386827.0	19431653.0	SUGP1	2.0	2.0	2.0	11.0
19	19496635.0	19619740.0	GATAD2A	1.0	1.0		11.0
19	19649057.0	19657468.0	CILP2	1.0	7.0	9.0	8.0
19	20451078.0	20607775.0	ZNF826P	1.0			
19	22115760.0	22193751.0	ZNF208	2.0			
19	22320733.0	22321783.0	PCGF7P	1.0			
19	22939007.0	22966909.0	ZNF99	2.0			
19	30094924.0	30108144.0	POP4	1.0			
19	30302805.0	30315215.0	CCNE1	1.0	3.0		3.0
19	33469499.0	33555794.0	RHPN2	2.0	5.0	3.0	5.0
19	33699570.0	33716756.0	SLC7A10	2.0	2.0	2.0	7.0
19	36024314.0	36036218.0	GAPDHS	2.0			2.0
19	36132647.0	36135773.0	ETV2	1.0			
19	36316866.0	36360189.0	NPHS1	5.0			
19	36378555.0	36393205.0	NFKBID	1.0			
19	36395303.0	36399197.0	TYROBP	1.0			
19	36438017.0	36450094.0	AF038458.3	2.0			
19	36936021.0	36980804.0	ZNF566	2.0			
19	38397868.0	38699012.0	SIPA1L3	1.0	3.0	2.0	4.0
19	38701646.0	38720354.0	DPF1	1.0	1.0		1.0
19	38734675.0	38783254.0	SPINT2	1.0			1.0
19	38741877.0	38747231.0	PPP1R14A	1.0			1.0
19	38874905.0	38878722.0	GGN	1.0			1.0
19	39306062.0	39322645.0	ECH1	2.0			
19	39390340.0	39399533.0	NFKBIB	1.0			
19	39737773.0	39739219.0	IFNL4	1.0			
19	39759154.0	39760732.0	IFNL2	1.0			
19	40736224.0	40791443.0	AKT2	1.0	1.0		1.0
19	40805385.0	40805491.0	RNU6-945P	1.0			1.0
19	40927499.0	40931932.0	SERTAD1	1.0	1.0	1.0	1.0
19	41098789.0	41135725.0	LTBP4	2.0	2.0	1.0	2.0
19	41284121.0	41302847.0	RAB4B	1.0			2.0
19	41349443.0	41356352.0	CYP2A6	1.0	3.0	2.0	4.0
19	41640627.0	41643213.0	CYP2T3P	1.0			
19	41675766.0	41676071.0	RPL36P16	1.0			
19	41698954.0	41713444.0	CYP2S1	1.0			
19	41768401.0	41813503.0	HNRNPUL1	1.0			1.0
19	41807492.0	41859816.0	TGFB1	4.0	1.0	1.0	1.0
19	41816094.0	41830788.0	CCDC97	2.0	1.0	1.0	1.0
19	41856816.0	41889988.0	TMEM91	1.0			3.0
19	42027403.0	42028349.0	PLEKHA3P1	1.0			
19	42111696.0	42112026.0	DNAJC19P2	1.0			
19	42177235.0	42210895.0	CEACAM7	2.0			
19	42300369.0	42315591.0	CEACAM3	2.0			
19	42363988.0	42376994.0	RPS19	3.0			
19	42387228.0	42434302.0	ARHGEF1	1.0			
19	42470734.0	42501649.0	ATP1A3	1.0			
19	42502473.0	42573650.0	GRIK5	1.0			
19	42572629.0	42585701.0	ZNF574	2.0			
19	42590263.0	42700737.0	POU2F2	1.0			
19	43568363.0	43587197.0	PSG2	1.0			
19	43783085.0	43788470.0	CEACAMP11	1.0			
19	44126520.0	44143991.0	CADM4	1.0			2.0
19	44150247.0	44174699.0	PLAUR	1.0	2.0	2.0	2.0
19	45281126.0	45303891.0	CBLC	1.0	4.0	6.0	4.0
19	45312328.0	45324673.0	BCAM	1.0	3.0	8.0	4.0
19	45393826.0	45406946.0	TOMM40	1.0	5.0	4.0	18.0
19	45409011.0	45412650.0	APOE	10.0	15.0	10.0	18.0
19	45417504.0	45422606.0	APOC1	3.0	8.0	5.0	18.0
19	45430061.0	45434643.0	APOC1P1	2.0	8.0	10.0	18.0
19	45504688.0	45541452.0	RELB	1.0	2.0	5.0	3.0
19	45715879.0	45737469.0	EXOC3L2	1.0	5.0	4.0	8.0
19	46171502.0	46186982.0	GIPR	3.0	5.0	2.0	8.0
19	46190712.0	46195827.0	SNRPD2	1.0			8.0
19	46286205.0	46296060.0	DMWD	1.0			3.0
19	46318668.0	46366548.0	SYMPK	4.0	1.0	1.0	7.0
19	46367247.0	46377055.0	FOXA3	2.0	2.0	2.0	5.0
19	46386866.0	46389376.0	IRF2BP1	2.0	2.0	4.0	5.0
19	46393278.0	46405862.0	MYPOP	2.0	1.0	2.0	5.0
19	46416475.0	46418036.0	NANOS2	2.0			4.0
19	46436992.0	46476804.0	NOVA2	2.0			1.0
19	46667150.0	46683904.0	AC006262.4	2.0			
19	46722680.0	46723177.0	RPL12P41	2.0			
19	47249303.0	47280245.0	FKRP	1.0			
19	47567444.0	47617009.0	ZC3H4	1.0	3.0		4.0
19	48337701.0	48364769.0	TPRX2P	1.0			1.0
19	48373723.0	48389654.0	SULT2A1	2.0	1.0	1.0	1.0
19	49199228.0	49209207.0	FUT2	5.0	5.0	9.0	8.0
19	49215999.0	49222978.0	MAMSTR	1.0	1.0	1.0	13.0
19	49223844.0	49243978.0	RASIP1	1.0	5.0	5.0	13.0
19	49251268.0	49258647.0	FUT1	1.0			13.0
19	49258816.0	49261587.0	FGF21	1.0	7.0	5.0	12.0
19	49792895.0	49828482.0	SLC6A16	1.0	1.0	2.0	1.0
19	49956426.0	49974305.0	ALDH16A1	3.0			2.0
19	50094900.0	50129696.0	PRR12	1.0	2.0	2.0	2.0
19	50145382.0	50161899.0	SCAF1	1.0			2.0
19	50162826.0	50169132.0	IRF3	1.0			1.0
19	50168823.0	50177173.0	BCL2L12	1.0			1.0
19	50392911.0	50432796.0	IL4I1	1.0	1.0	2.0	1.0
19	50410082.0	50433020.0	NUP62	2.0			1.0
19	50691443.0	50813802.0	MYH14	2.0			
19	50887461.0	50921273.0	POLD1	1.0			
19	50979657.0	50986608.0	EMC10	1.0			
19	51020149.0	51071302.0	LRRC4B	1.0			
19	51165084.0	51222707.0	SHANK1	1.0			
19	51358171.0	51364020.0	KLK3	2.0			
19	51600863.0	51611627.0	CTU1	1.0			1.0
19	51628165.0	51639908.0	SIGLEC9	1.0	1.0	1.0	1.0
19	52114781.0	52150151.0	SIGLEC5	1.0	1.0	1.0	4.0
19	52216365.0	52227247.0	HAS1	1.0			3.0
19	54754263.0	54761164.0	LILRB5	1.0	3.0	3.0	4.0
19	55602281.0	55628927.0	PPP1R12C	1.0			1.0
19	55738007.0	55741647.0	TMEM86B	1.0	1.0		2.0
19	55741148.0	55770363.0	PPP6R1	1.0			2.0
19	55793440.0	55823901.0	BRSK1	1.0			3.0
19	55824169.0	55845416.0	TMEM150B	1.0	2.0		4.0
19	55875757.0	55881831.0	IL11	1.0	1.0		3.0
19	56403065.0	56443702.0	NLRP13	1.0			
19	56950694.0	56989434.0	ZNF667	1.0			
19	57665389.0	57678811.0	DUXA	1.0			
19	57751973.0	57766503.0	ZNF805	1.0			
2	264140.0	278283.0	ACP1	1.0	1.0		3.0
2	388412.0	416885.0	AC105393.1	1.0	2.0		3.0
2	1377995.0	1547483.0	TPO	1.0			
2	1635659.0	1748624.0	PXDN	1.0	1.0		1.0
2	7057523.0	7208417.0	RNF144A	1.0			
2	8147901.0	8523751.0	LINC00299	3.0	2.0	2.0	2.0
2	10085341.0	10142411.0	GRHL1	1.0			1.0
2	10710892.0	10830101.0	NOL10	1.0			
2	11319887.0	11488456.0	ROCK2	1.0			
2	11528149.0	11530493.0	AC099344.3	1.0			
2	11674242.0	11782914.0	GREB1	2.0			
2	16405315.0	16410408.0	AC010745.2	1.0			
2	19911476.0	19917337.0	AC019055.1	1.0			
2	20400558.0	20425194.0	SDC1	1.0	1.0		3.0
2	20699331.0	20701071.0	AC012065.4	3.0			
2	20760208.0	20850849.0	HS1BP3	1.0			1.0
2	20866424.0	20873418.0	GDF7	2.0			1.0
2	21059531.0	21061421.0	AC012361.1	1.0	1.0	4.0	1.0
2	21224301.0	21266945.0	APOB	3.0	3.0	8.0	3.0
2	21910306.0	21933495.0	AC018742.1	1.0			
2	23608088.0	23931481.0	KLHL29	1.0	9.0	6.0	9.0
2	24299396.0	24392509.0	FAM228B	1.0	1.0		3.0
2	24425733.0	24583583.0	ITSN2	1.0	2.0	1.0	3.0
2	24714783.0	24993571.0	NCOA1	2.0	3.0		3.0
2	25012603.0	25016251.0	PTRHD1	1.0			3.0
2	25042038.0	25142708.0	ADCY3	3.0	3.0		4.0
2	25264999.0	25378243.0	EFR3B	2.0	1.0		3.0
2	25455845.0	25565459.0	DNMT3A	4.0	3.0	2.0	5.0
2	26149471.0	26205618.0	KIF3C	1.0			
2	26915619.0	26956288.0	KCNK3	3.0	1.0		1.0
2	27070615.0	27173219.0	DPYSL5	1.0	3.0	3.0	3.0
2	27193480.0	27250064.0	MAPRE3	1.0			2.0
2	27265232.0	27293490.0	AGBL5	1.0			1.0
2	27301435.0	27309271.0	EMILIN1	1.0			1.0
2	27604061.0	27632554.0	PPM1G	1.0	1.0		1.0
2	27719709.0	27746554.0	GCKR	4.0	21.0	21.0	21.0
2	27851114.0	27874375.0	GPN1	1.0			3.0
2	27994584.0	28210954.0	MRPL33	1.0	10.0	12.0	10.0
2	29117509.0	29171088.0	WDR43	2.0			
2	29415640.0	30144432.0	ALK	2.0			
2	30299959.0	30301138.0	AC016907.2	1.0			
2	30454397.0	30546596.0	LBH	1.0			
2	32090129.0	32236299.0	MEMO1	1.0	1.0		1.0
2	32390933.0	32449448.0	SLC30A6	1.0			1.0
2	32449522.0	32490923.0	NLRC4	1.0	1.0		2.0
2	32853099.0	33046118.0	TTC27	1.0	1.0		1.0
2	33050510.0	33151760.0	LINC00486	1.0			
2	33172039.0	33624576.0	LTBP1	4.0	2.0	1.0	2.0
2	36583069.0	36778278.0	CRIM1	2.0	2.0		3.0
2	36778570.0	36873230.0	FEZ2	1.0	2.0		2.0
2	37068327.0	37068530.0	AC007382.1	1.0			1.0
2	37070783.0	37193615.0	STRN	3.0	1.0	1.0	1.0
2	37195526.0	37311485.0	HEATR5B	1.0			
2	37326353.0	37384208.0	EIF2AK2	1.0	1.0	1.0	1.0
2	38053390.0	38103417.0	LINC00211	2.0	1.0		3.0
2	38150330.0	38294285.0	RMDN2	1.0	1.0	1.0	1.0
2	38294116.0	38337044.0	CYP1B1	3.0	1.0	1.0	1.0
2	40324410.0	40838193.0	SLC8A1	4.0	2.0	1.0	2.0
2	42721709.0	42984087.0	MTA3	1.0	1.0		1.0
2	43393800.0	43823185.0	THADA	6.0	8.0	5.0	9.0
2	44001178.0	44037149.0	DYNC2LI1	2.0			2.0
2	44039611.0	44066004.0	ABCG5	4.0	1.0	1.0	2.0
2	44066103.0	44105605.0	ABCG8	4.0	2.0	5.0	2.0
2	45232300.0	45236569.0	SIX2	1.0			2.0
2	45878484.0	46415129.0	PRKCE	2.0	2.0		2.0
2	46483999.0	46484316.0	AC016696.1	1.0	1.0	1.0	1.0
2	46520806.0	46613836.0	EPAS1	1.0			1.0
2	47143296.0	47303276.0	TTC7A	1.0			
2	48756522.0	48826025.0	STON1	1.0			
2	48859428.0	48982880.0	LHCGR	1.0			
2	49189296.0	49381676.0	FSHR	2.0			
2	51662260.0	51662356.0	AC007402.1	1.0			
2	53897430.0	54087297.0	ASB3	1.0	1.0		1.0
2	54197975.0	54532437.0	ACYP2	1.0	1.0		3.0
2	54683422.0	54896812.0	SPTBN1	1.0	4.0	3.0	4.0
2	55509455.0	55511658.0	PRORSD1P	1.0			
2	56093102.0	56151274.0	EFEMP1	6.0	5.0	2.0	5.0
2	56304552.0	56317517.0	AC011306.1	1.0			1.0
2	58134786.0	58387055.0	VRK2	1.0	1.0		1.0
2	58386378.0	58468507.0	FANCL	2.0			1.0
2	58654934.0	59290901.0	AC007092.1	1.0	3.0	1.0	3.0
2	59760119.0	59760210.0	AC007179.2	1.0			
2	60678302.0	60780702.0	BCL11A	2.0	5.0	2.0	5.0
2	60867840.0	60868135.0	RN7SL361P	1.0			
2	61167357.0	61245394.0	PUS10	2.0			
2	61414598.0	61697904.0	USP34	1.0	3.0	1.0	4.0
2	62051989.0	62081278.0	FAM161A	1.0			
2	62900986.0	63273622.0	EHBP1	2.0	1.0	1.0	1.0
2	63348518.0	64054977.0	WDPCP	2.0	1.0	1.0	1.0
2	64068074.0	64118696.0	UGP2	1.0			
2	64858755.0	64978139.0	SERTAD2	1.0	5.0	2.0	5.0
2	65283500.0	65314138.0	CEP68	1.0			
2	65537985.0	65659771.0	SPRED2	1.0	1.0		2.0
2	65728127.0	65729272.0	AC007389.1	3.0			1.0
2	66660584.0	66801001.0	MEIS1	1.0	2.0	1.0	4.0
2	67108219.0	67108354.0	AC009474.2	1.0			
2	68405989.0	68483369.0	PPP3R1	1.0	1.0		1.0
2	68592305.0	68624585.0	PLEK	2.0			1.0
2	69240310.0	69476459.0	ANTXR1	4.0	1.0		1.0
2	69546905.0	69614382.0	GFPT1	1.0			1.0
2	69688532.0	69901481.0	AAK1	2.0	1.0		2.0
2	69871557.0	70053596.0	ANXA4	1.0			
2	70056774.0	70108528.0	GMCL1	1.0			
2	70189395.0	70315978.0	PCBP1-AS1	1.0			2.0
2	70674412.0	70781325.0	TGFA	1.0	1.0		1.0
2	71503691.0	71662199.0	ZNF638	1.0	3.0	1.0	3.0
2	71680852.0	71913898.0	DYSF	1.0	1.0		1.0
2	72403113.0	73053170.0	EXOC6B	2.0			
2	85360533.0	85537511.0	TCF7L1	1.0	1.0	2.0	1.0
2	85766288.0	85772403.0	MAT2A	1.0			
2	85811531.0	85820535.0	VAMP5	1.0			
2	85978467.0	86015189.0	ATOH8	1.0			
2	88469835.0	88486146.0	THNSL2	1.0			1.0
2	89471506.0	89472037.0	IGKV2-23	1.0			
2	92128694.0	92130496.0	ACTR3BP2	1.0			
2	98262503.0	98264846.0	COX5B	1.0			
2	98330023.0	98356325.0	ZAP70	2.0			1.0
2	98372799.0	98612388.0	TMEM131	3.0	1.0	1.0	1.0
2	99900701.0	99921205.0	LYG1	1.0			
2	100016938.0	100106497.0	REV1	1.0			
2	100162323.0	100759201.0	AFF3	3.0	4.0	2.0	5.0
2	101008327.0	101034118.0	CHST10	1.0			
2	101436614.0	101613291.0	NPAS2	1.0			1.0
2	101624079.0	101869328.0	TBC1D8	1.0	2.0		2.0
2	102681004.0	102796334.0	IL1R1	1.0	2.0	2.0	2.0
2	102803433.0	102856462.0	IL1RL2	1.0	1.0	1.0	2.0
2	102927962.0	102968497.0	IL1RL1	4.0	2.0		2.0
2	102927989.0	103015218.0	IL18R1	2.0	2.0	1.0	3.0
2	103035149.0	103069025.0	IL18RAP	1.0	2.0	2.0	2.0
2	103089762.0	103150431.0	SLC9A4	3.0	1.0	1.0	2.0
2	103236166.0	103327777.0	SLC9A2	1.0	1.0	1.0	1.0
2	103353367.0	103460352.0	TMEM182	1.0			
2	105654441.0	105716418.0	MRPS9	1.0			
2	106679702.0	106694615.0	C2orf40	2.0			
2	109335937.0	109402267.0	RANBP2	1.0			1.0
2	109403213.0	109501933.0	CCDC138	1.0			
2	111490150.0	111875799.0	ACOXL	8.0	5.0	5.0	6.0
2	111876955.0	111926024.0	BCL2L11	3.0	5.0	3.0	5.0
2	112523848.0	112642267.0	ANAPC1	3.0	2.0	1.0	2.0
2	112656056.0	112787138.0	MERTK	1.0			
2	112895962.0	112945791.0	FBLN7	1.0			1.0
2	113299492.0	113334635.0	POLR1B	1.0			
2	113493930.0	113522254.0	CKAP2L	1.0			
2	113531492.0	113542167.0	IL1A	1.0			
2	113973574.0	114036527.0	PAX8	1.0	5.0	4.0	5.0
2	115199876.0	116603328.0	DPP10	1.0			
2	118673054.0	118771709.0	CCDC93	1.0			
2	118846028.0	118868573.0	INSIG2	1.0	1.0	4.0	1.0
2	121974163.0	122042783.0	TFCP2L1	1.0	2.0	3.0	2.0
2	124774435.0	124782750.0	AC079154.1	1.0			
2	124782864.0	125672864.0	CNTNAP5	1.0			
2	128176003.0	128186822.0	PROC	1.0			
2	128293378.0	128395304.0	MYO7B	1.0			
2	133429374.0	134326034.0	NCKAP5	1.0			
2	135213330.0	135476570.0	TMEM163	1.0			
2	135809835.0	135933964.0	RAB3GAP1	2.0			
2	135894486.0	136288806.0	ZRANB3	1.0			
2	136289025.0	136482840.0	R3HDM1	1.0			
2	136597196.0	136633996.0	MCM6	1.0			
2	136664247.0	136743670.0	DARS	2.0			
2	140988992.0	142889270.0	LRP1B	1.0			
2	143848931.0	144525921.0	ARHGAP15	2.0	2.0	1.0	2.0
2	145425534.0	145940216.0	TEX41	2.0	4.0	2.0	4.0
2	148165910.0	148166016.0	RNU6-692P	1.0			
2	148687968.0	148779147.0	ORC4	1.0			1.0
2	151857734.0	151905288.0	AC023469.1	1.0			
2	153191751.0	153506348.0	FMNL2	1.0			
2	154728426.0	155310361.0	GALNT13	1.0			
2	157291802.0	157470247.0	GPD2	1.0	1.0	1.0	1.0
2	158114110.0	158170723.0	GALNT5	1.0	1.0	1.0	1.0
2	158175137.0	158184225.0	ERMN	1.0			
2	159027593.0	159313265.0	CCDC148	2.0			
2	159313476.0	159539391.0	PKP4	1.0			
2	160175490.0	160473203.0	BAZ2B	3.0	2.0		2.0
2	160788519.0	160919121.0	PLA2R1	1.0	1.0		1.0
2	161128662.0	161350305.0	RBMS1	1.0	2.0	1.0	2.0
2	162280843.0	162841792.0	SLC4A10	1.0			
2	163123589.0	163175213.0	IFIH1	6.0			
2	163227917.0	163695240.0	KCNH7	1.0			
2	165510134.0	165700189.0	COBLL1	2.0	6.0	7.0	6.0
2	166713985.0	166810353.0	TTC21B	2.0			
2	169312372.0	169631644.0	CERS6	1.0	4.0	1.0	4.0
2	169779448.0	169887832.0	ABCB11	1.0	6.0	9.0	7.0
2	169921299.0	169952677.0	DHRS9	1.0	2.0	3.0	3.0
2	171034655.0	171511681.0	MYO3B	1.0			
2	172378757.0	172414643.0	CYBRD1	1.0	3.0		3.0
2	173180015.0	173188465.0	AC104088.1	1.0			
2	173292082.0	173371181.0	ITGA6	1.0			
2	173600002.0	173917621.0	RAPGEF4	2.0			
2	174439838.0	174441069.0	AC013410.1	1.0			
2	175352117.0	175353114.0	AC010894.3	1.0			
2	175424300.0	175547644.0	WIPF1	1.0			
2	176964458.0	176966408.0	HOXD12	1.0	1.0		2.0
2	177015950.0	177017954.0	HOXD4	1.0			2.0
2	178257372.0	178408564.0	AGPS	1.0			
2	178487980.0	178973066.0	PDE11A	2.0	1.0		1.0
2	179059208.0	179264160.0	OSBPL6	1.0			
2	179390716.0	179695529.0	TTN	3.0	2.0		2.0
2	179694484.0	179914813.0	CCDC141	1.0	1.0		1.0
2	180306709.0	180726232.0	ZNF385B	3.0			
2	180809603.0	180871840.0	CWC22	1.0			
2	181436439.0	181557181.0	AC009478.1	1.0			
2	181831975.0	181941312.0	UBE2E3	2.0	3.0	1.0	3.0
2	182321929.0	182400914.0	ITGA4	1.0	4.0	3.0	4.0
2	182401403.0	182545392.0	CERKL	1.0	2.0	1.0	3.0
2	182818968.0	182996125.0	PPP1R1C	2.0			
2	183004763.0	183387919.0	PDE1A	2.0	2.0		2.0
2	183580999.0	183659191.0	DNAJC10	1.0			
2	183773843.0	183903586.0	NCKAP1	1.0			
2	187558698.0	187630685.0	FAM171B	1.0			
2	187867947.0	188419390.0	AC007319.1	2.0	2.0		2.0
2	188207856.0	188313187.0	CALCRL	2.0			1.0
2	188328957.0	188430487.0	TFPI	1.0			
2	190306159.0	190340291.0	WDR75	1.0			
2	190649107.0	190742355.0	PMS1	1.0			
2	191894302.0	192016322.0	STAT4	3.0			
2	196602427.0	196933536.0	DNAH7	1.0			
2	197059094.0	197458416.0	HECW2	1.0			
2	198318147.0	198340032.0	COQ10B	1.0			
2	198669426.0	199437305.0	PLCL1	1.0	2.0	1.0	2.0
2	199417919.0	199637080.0	AC019330.1	4.0	2.0	1.0	2.0
2	200134223.0	200335989.0	SATB2	1.0	1.0		1.0
2	200775979.0	200820658.0	C2orf69	1.0			
2	201170604.0	201346986.0	SPATS2L	1.0			
2	201713761.0	201713867.0	RNA5SP115	1.0			
2	201735630.0	201754026.0	PPIL3	1.0			
2	201973424.0	201973553.0	AC007272.1	1.0			
2	202047604.0	202094129.0	CASP10	1.0			1.0
2	202098166.0	202152434.0	CASP8	1.0	1.0		2.0
2	202152994.0	202222121.0	ALS2CR12	2.0	1.0		2.0
2	202241930.0	202316302.0	TRAK2	1.0			1.0
2	202484907.0	202508293.0	TMEM237	1.0			
2	202792162.0	202792266.0	RNU6-440P	1.0	1.0	1.0	2.0
2	203130439.0	203168389.0	NOP58	1.0	1.0	1.0	1.0
2	203241659.0	203432474.0	BMPR2	1.0	1.0	1.0	2.0
2	203499901.0	203634480.0	FAM117B	1.0	2.0	3.0	4.0
2	203640690.0	203736708.0	ICA1L	1.0	2.0	1.0	2.0
2	203776937.0	203851786.0	CARF	2.0	1.0	1.0	1.0
2	203879602.0	204091101.0	NBEAL1	1.0	1.0	1.0	2.0
2	204103663.0	204163009.0	CYP20A1	1.0	2.0	2.0	2.0
2	204629018.0	204630316.0	KRT18P39	1.0			1.0
2	204732509.0	204738683.0	CTLA4	2.0	1.0	2.0	1.0
2	206642540.0	206644433.0	AC007362.1	1.0			
2	206813815.0	206814869.0	AC007679.1	1.0			
2	206858445.0	206951027.0	INO80D	1.0	1.0		1.0
2	206979541.0	207024327.0	NDUFS1	1.0			
2	207308263.0	207485851.0	ADAM23	2.0			
2	208394461.0	208468155.0	CREB1	1.0	1.0	1.0	1.0
2	208693027.0	208890284.0	PLEKHM3	3.0			
2	211342406.0	211543831.0	CPS1	1.0	5.0	4.0	5.0
2	212240446.0	213403565.0	ERBB4	2.0	2.0		2.0
2	213628294.0	213628399.0	AC093865.1	1.0			
2	213864429.0	214017151.0	IKZF2	1.0	1.0	1.0	1.0
2	216225163.0	216300895.0	FN1	1.0			1.0
2	217277137.0	217347776.0	SMARCAL1	1.0			
2	218148742.0	218621316.0	DIRC3	3.0	1.0		1.0
2	218664512.0	218867718.0	TNS1	4.0	3.0	1.0	3.0
2	219135115.0	219211516.0	PNKD	1.0	5.0	2.0	7.0
2	219283815.0	219318018.0	VIL1	1.0	3.0	3.0	5.0
2	219314974.0	219433084.0	USP37	1.0	3.0	1.0	7.0
2	219575568.0	219620139.0	TTLL4	2.0	2.0	1.0	3.0
2	219724544.0	219738955.0	WNT6	1.0	1.0		1.0
2	219840321.0	219844382.0	LINC00608	1.0			1.0
2	219854911.0	219858143.0	CRYBA2	1.0			1.0
2	219919142.0	219925189.0	IHH	1.0			1.0
2	219940039.0	220025587.0	NHEJ1	1.0	2.0	1.0	2.0
2	219940051.0	220035549.0	SLC23A3	1.0	2.0	1.0	2.0
2	220059959.0	220074373.0	ZFAND2B	1.0			3.0
2	220238268.0	220264744.0	DNPEP	2.0			2.0
2	220283099.0	220291461.0	DES	1.0			2.0
2	220433884.0	220440435.0	INHA	1.0			
2	221315400.0	221569286.0	AC067956.1	1.0			
2	223064607.0	223163715.0	PAX3	1.0			
2	224616403.0	224702744.0	AP1S3	1.0			
2	227867427.0	228028829.0	COL4A4	1.0			
2	228029281.0	228179508.0	COL4A3	1.0			
2	228189867.0	228222550.0	MFF	1.0			
2	228226872.0	228246711.0	TM4SF20	1.0			
2	228549926.0	228582728.0	SLC19A3	1.0			
2	228678558.0	228682272.0	CCL20	1.0			
2	231067826.0	231223762.0	SP140	2.0	2.0	2.0	2.0
2	232825955.0	233209060.0	DIS3L2	2.0	2.0	1.0	2.0
2	233385173.0	233390422.0	PRSS56	1.0	3.0	2.0	4.0
2	233562009.0	233725285.0	GIGYF2	2.0	3.0	1.0	4.0
2	234263153.0	234380750.0	DGKD	3.0	4.0	2.0	4.0
2	234384166.0	234475428.0	USP40	1.0	1.0		2.0
2	234545100.0	234681951.0	UGT1A10	1.0	3.0	1.0	3.0
2	234600253.0	234681946.0	UGT1A6	3.0	3.0	1.0	3.0
2	238394071.0	238463961.0	MLPH	1.0	1.0		2.0
2	241166977.0	241195452.0	AC124861.1	1.0			
2	241544848.0	241570676.0	GPR35	1.0	2.0	2.0	4.0
2	241938255.0	242034983.0	SNED1	1.0			1.0
2	242045514.0	242089679.0	PASK	1.0			1.0
2	242127924.0	242164792.0	ANO7	1.0			
2	242166679.0	242256476.0	HDLBP	1.0	2.0	2.0	5.0
2	242295658.0	242434256.0	FARP2	1.0	5.0	4.0	5.0
2	242673994.0	242708231.0	D2HGDH	3.0	1.0	1.0	2.0
2	242716240.0	242743623.0	GAL3ST2	2.0	1.0		1.0
2	242749920.0	242758739.0	NEU4	1.0			1.0
20	388142.0	411610.0	RBCK1	1.0			
20	459116.0	524465.0	CSNK2A1	2.0			
20	2276647.0	2321724.0	TGM3	1.0			
20	2673524.0	2740753.0	EBF4	1.0			
20	4101627.0	4168394.0	SMOX	1.0	5.0	2.0	5.0
20	6748311.0	6760927.0	BMP2	1.0	1.0	1.0	2.0
20	7863628.0	7921121.0	HAO1	2.0			
20	8112824.0	8949003.0	PLCB1	1.0	6.0	3.0	6.0
20	10415951.0	10617477.0	SLX4IP	2.0			3.0
20	10618332.0	10654694.0	JAG1	2.0	3.0	3.0	4.0
20	13976015.0	16033842.0	MACROD2	1.0	1.0	1.0	1.0
20	16252749.0	16554078.0	KIF16B	1.0			
20	18568537.0	18744561.0	DTD1	1.0			
20	19193290.0	19703581.0	SLC24A3	1.0	1.0	1.0	1.0
20	19867165.0	19983101.0	RIN2	1.0	1.0		1.0
20	22528309.0	22559280.0	LINC00261	1.0	1.0		2.0
20	23059986.0	23066977.0	CD93	1.0	1.0	1.0	1.0
20	23061083.0	23061278.0	AL118508.1	1.0			1.0
20	23105705.0	23113258.0	LINC00656	1.0	1.0		1.0
20	23355159.0	23402125.0	NAPB	1.0	1.0	1.0	1.0
20	29992648.0	30000641.0	DEFB121	1.0			
20	30774280.0	30778330.0	TSPY26P	1.0			1.0
20	31219428.0	31261743.0	C20orf203	1.0			1.0
20	31290493.0	31331803.0	COMMD7	1.0	1.0	1.0	3.0
20	31350191.0	31397162.0	DNMT3B	1.0	2.0	1.0	3.0
20	31571579.0	31592239.0	SUN5	1.0	1.0	1.0	2.0
20	31749574.0	31769218.0	BPIFA2	1.0			1.0
20	32077881.0	32237842.0	CBFA2T2	1.0	4.0	2.0	5.0
20	32263489.0	32274210.0	E2F1	1.0	1.0		3.0
20	32319463.0	32380075.0	ZNF341	1.0	5.0	3.0	6.0
20	32581452.0	32696114.0	RALY	2.0	4.0	2.0	4.0
20	32782375.0	32857150.0	ASIP	1.0	2.0	1.0	4.0
20	33284722.0	33413452.0	NCOA6	1.0	4.0	2.0	6.0
20	33421378.0	33422265.0	HMGB3P1	1.0			3.0
20	33432523.0	33460663.0	GGT7	1.0	3.0	2.0	3.0
20	33516236.0	33543620.0	GSS	1.0	4.0	2.0	5.0
20	33590207.0	33680674.0	TRPC4AP	2.0	4.0	2.0	4.0
20	33759876.0	33765165.0	PROCR	1.0			4.0
20	33890369.0	33999944.0	UQCC1	1.0	3.0	1.0	6.0
20	34021145.0	34042568.0	GDF5	1.0	3.0	1.0	3.0
20	34042985.0	34099804.0	CEP250	1.0			5.0
20	34556512.0	34618622.0	CNBD2	1.0	4.0	2.0	6.0
20	36838890.0	36889174.0	KIAA1755	1.0	2.0		2.0
20	37230577.0	37279678.0	ARHGAP40	1.0			
20	38731860.0	38731998.0	AL009050.1	1.0			
20	39314488.0	39317880.0	MAFB	1.0	2.0	4.0	1.0
20	39652845.0	39653034.0	RNU2-52P	1.0			2.0
20	39807088.0	39946312.0	ZHX3	2.0	5.0	7.0	5.0
20	40030741.0	40247133.0	CHD6	2.0			
20	42740335.0	42816218.0	JPH2	1.0			2.0
20	42984340.0	43061485.0	HNF4A	2.0	4.0	5.0	4.0
20	44527399.0	44540794.0	PLTP	1.0	5.0	7.0	6.0
20	44644111.0	44644231.0	AL162458.1	1.0			1.0
20	44746911.0	44758502.0	CD40	1.0	1.0	1.0	1.0
20	45523263.0	45817492.0	EYA2	3.0	4.0	2.0	4.0
20	45837859.0	45985567.0	ZMYND8	1.0	1.0	1.0	1.0
20	46285092.0	46415360.0	SULF2	1.0	1.0	2.0	1.0
20	47240790.0	47444420.0	PREX1	2.0			
20	48519928.0	48532080.0	SPATA2	1.0			
20	49045729.0	49046020.0	RN7SL636P	1.0	1.0	1.0	2.0
20	49126891.0	49201299.0	PTPN1	1.0	1.0	1.0	4.0
20	49620193.0	49639666.0	KCNG1	1.0			
20	50003494.0	50179370.0	NFATC2	2.0			
20	50213053.0	50385173.0	ATP9A	1.0			
20	50400581.0	50419059.0	SALL4	1.0			
20	51588946.0	52111869.0	TSHZ2	1.0			
20	52183604.0	52226446.0	ZNF217	1.0			1.0
20	52769988.0	52790512.0	CYP24A1	2.0	4.0	5.0	4.0
20	55743804.0	55841685.0	BMP7	1.0	2.0	2.0	2.0
20	55966463.0	55984389.0	RBM38	1.0	6.0	4.0	6.0
20	57226328.0	57254582.0	STX16	1.0			1.0
20	57264187.0	57294294.0	NPEPL1	1.0	1.0		1.0
20	57315588.0	57358877.0	PIEZO1P2	1.0			1.0
20	57414773.0	57486247.0	GNAS	1.0	2.0	1.0	2.0
20	57766075.0	57834168.0	ZNF831	2.0	3.0	2.0	3.0
20	59827482.0	60515673.0	CDH4	1.0			
20	60883011.0	60942368.0	LAMA5	3.0	1.0		1.0
20	60962172.0	60963576.0	RPS21	1.0			1.0
20	61273797.0	61317137.0	SLCO4A1	1.0	1.0		1.0
20	61436187.0	61445352.0	OGFR	1.0			
20	61447596.0	61472511.0	COL9A3	2.0			
20	61975420.0	62009753.0	CHRNA4	3.0			
20	62189439.0	62205592.0	HELZ2	1.0	1.0		1.0
20	62218955.0	62258394.0	GMEB2	3.0			1.0
20	62271061.0	62284780.0	STMN3	3.0			1.0
20	62289163.0	62328416.0	RTEL1	5.0			7.0
20	62290653.0	62330037.0	RTEL1-TNFRSF6B	1.0			7.0
20	62328021.0	62330037.0	TNFRSF6B	2.0			7.0
20	62371214.0	62374858.0	SLC2A4RG	1.0			7.0
20	62375019.0	62462597.0	ZBTB46	6.0	1.0		7.0
20	62526518.0	62567384.0	DNAJC5	1.0	2.0	1.0	2.0
20	62571186.0	62587769.0	UCKL1	1.0			2.0
20	62679076.0	62680994.0	SOX18	1.0			2.0
20	62681189.0	62703700.0	TCEA2	2.0			2.0
20	62783144.0	62873604.0	MYT1	3.0			
21	18872997.0	18873142.0	RPL39P40	1.0			
21	26758133.0	26804013.0	LINC00158	1.0			
21	27011584.0	27089874.0	JAM2	1.0			
21	27252861.0	27543446.0	APP	2.0			
21	30909254.0	31312351.0	GRIK1	1.0			
21	33031935.0	33041244.0	SOD1	1.0			
21	33664124.0	33687095.0	MRAP	1.0			
21	34775202.0	34851655.0	IFNGR2	1.0			2.0
21	36041688.0	36090525.0	CLIC6	1.0			
21	36160098.0	37376965.0	RUNX1	6.0	3.0	1.0	3.0
21	37832919.0	37948867.0	CLDN14	2.0	2.0	3.0	2.0
21	38979678.0	39288749.0	KCNJ6	1.0			
21	39529128.0	39679279.0	KCNJ15	1.0	2.0	1.0	2.0
21	39751949.0	40033704.0	ERG	2.0	2.0	1.0	2.0
21	40260696.0	40275829.0	AP001043.1	1.0			
21	40499494.0	40499966.0	RPL23AP12	1.0	2.0	1.0	2.0
21	40556102.0	40693485.0	BRWD1	1.0			1.0
21	42733870.0	42781317.0	MX2	1.0			
21	43099341.0	43117496.0	LINC00111	1.0			
21	43619799.0	43717354.0	ABCG1	1.0			
21	43824008.0	43867791.0	UBASH3A	1.0	1.0		1.0
21	43892596.0	43916464.0	RSPH1	1.0			1.0
21	44949072.0	45079374.0	HSF2BP	1.0	1.0	1.0	1.0
21	45705721.0	45718531.0	AIRE	2.0			2.0
21	45719934.0	45747259.0	PFKL	1.0	1.0	1.0	1.0
21	46493768.0	46646478.0	ADARB1	1.0			
21	46825052.0	46933634.0	COL18A1	1.0			
21	47401651.0	47424964.0	COL6A1	2.0	2.0	1.0	3.0
21	47518011.0	47552763.0	COL6A2	2.0	2.0	2.0	2.0
22	18270415.0	18507325.0	MICAL3	1.0	2.0	1.0	2.0
22	19744226.0	19771116.0	TBX1	2.0			2.0
22	21061979.0	21213705.0	PI4KA	1.0			
22	21333751.0	21353327.0	LZTR1	1.0			1.0
22	21903736.0	21978323.0	UBE2L3	1.0	8.0	5.0	8.0
22	21987005.0	21991616.0	CCDC116	1.0			3.0
22	22961042.0	22961633.0	IGLV3-30	1.0			
22	23054174.0	23055688.0	IGLV3-21	1.0			
22	23057775.0	23057904.0	IGLVI-20	1.0			
22	23101189.0	23101707.0	IGLV2-14	1.0			
22	23200200.0	23200443.0	IGLV3-4	1.0			
22	24615622.0	24641110.0	GGT5	1.0	3.0	2.0	3.0
22	24666786.0	24813708.0	SPECC1L	1.0	1.0	1.0	4.0
22	24979718.0	25024972.0	GGT1	1.0	1.0	1.0	1.0
22	25348697.0	25593415.0	KIAA1671	1.0			
22	28247657.0	28316122.0	PITPNB	1.0			
22	28315364.0	28404569.0	TTC28-AS1	4.0			1.0
22	28374004.0	29075853.0	TTC28	7.0	3.0	2.0	3.0
22	29083731.0	29138410.0	CHEK2	7.0	3.0	3.0	3.0
22	29168662.0	29185283.0	CCDC117	1.0			1.0
22	29279580.0	29453475.0	ZNRF3	5.0	1.0		3.0
22	29454660.0	29457832.0	C22orf31	1.0	1.0		3.0
22	29469066.0	29564321.0	KREMEN1	1.0	2.0	2.0	3.0
22	29601840.0	29655586.0	EMID1	2.0			1.0
22	29708922.0	29715668.0	RASL10A	1.0			3.0
22	29723669.0	29819168.0	AP1B1	1.0	2.0	1.0	3.0
22	29832818.0	29874164.0	RFPL1S	1.0			1.0
22	29999545.0	30094587.0	NF2	3.0			
22	30184597.0	30234271.0	ASCC2	3.0	4.0	2.0	7.0
22	30279144.0	30426855.0	MTMR3	1.0	5.0	3.0	7.0
22	30340198.0	30340285.0	AC003681.1	2.0			3.0
22	30476163.0	30573064.0	HORMAD2	3.0	5.0	4.0	6.0
22	30636436.0	30642840.0	LIF	1.0			4.0
22	30792846.0	30821305.0	SEC14L2	1.0			1.0
22	31089769.0	31303811.0	OSBP2	1.0	1.0		1.0
22	31721790.0	31742218.0	PATZ1	1.0	1.0		1.0
22	31795509.0	31924726.0	DRG1	1.0			
22	31884674.0	32014572.0	SFI1	3.0	1.0		1.0
22	32340447.0	32353590.0	YWHAH	1.0			
22	32439019.0	32509016.0	SLC5A1	1.0			1.0
22	32908539.0	33454358.0	SYN3	2.0	2.0		3.0
22	33197687.0	33259030.0	TIMP3	2.0			
22	36134783.0	36424473.0	RBFOX2	1.0	1.0	1.0	1.0
22	36649056.0	36663576.0	APOL1	1.0			1.0
22	36959968.0	37099603.0	CACNG2	1.0			
22	37257030.0	37274057.0	NCF4	1.0	1.0	1.0	1.0
22	37309670.0	37336491.0	CSF2RB	2.0	1.0	1.0	4.0
22	37521878.0	37571094.0	IL2RB	2.0	4.0	2.0	5.0
22	37576207.0	37595425.0	C1QTNF6	2.0			4.0
22	38093011.0	38172563.0	TRIOBP	4.0			2.0
22	38203912.0	38213183.0	GCAT	1.0			1.0
22	38480896.0	38506677.0	BAIAP2L2	1.0			1.0
22	38507502.0	38601697.0	PLA2G6	4.0	7.0	6.0	8.0
22	38597889.0	38612518.0	MAFF	4.0	6.0	5.0	8.0
22	38686697.0	38794527.0	CSNK1E	1.0			
22	38879445.0	38903665.0	DDX17	1.0	1.0		1.0
22	38974125.0	39052634.0	FAM227A	2.0	1.0	1.0	6.0
22	39081548.0	39097561.0	JOSD1	1.0	4.0	3.0	6.0
22	39348746.0	39359188.0	APOBEC3A	1.0			1.0
22	39410088.0	39416357.0	APOBEC3C	1.0			
22	39656865.0	39657063.0	AL031590.1	2.0			
22	39745930.0	39781593.0	SYNGR1	1.0			
22	39795746.0	39833065.0	TAB1	1.0	1.0	1.0	1.0
22	40440821.0	40731812.0	TNRC6B	3.0	3.0	1.0	3.0
22	40766595.0	40806293.0	SGSM3	1.0			
22	41069488.0	41070455.0	GAPDHP37	1.0			
22	41074754.0	41078818.0	MCHR1	1.0			
22	41165634.0	41215403.0	SLC25A17	2.0	1.0	1.0	1.0
22	41487790.0	41576081.0	EP300	1.0			
22	41601209.0	41627275.0	L3MBTL2	1.0			
22	41625517.0	41636938.0	CHADL	1.0			
22	41855721.0	41864729.0	PHF5A	1.0			
22	42095503.0	42195460.0	MEI1	1.0	2.0	1.0	3.0
22	43435522.0	43485434.0	TTLL1	1.0	1.0		2.0
22	44319619.0	44360368.0	PNPLA3	5.0	4.0	2.0	4.0
22	45277042.0	45405880.0	PHF21B	2.0			
22	46067678.0	46241187.0	ATXN10	1.0	1.0		1.0
22	46316242.0	46373009.0	WNT7B	1.0	2.0	1.0	2.0
22	47158518.0	47571336.0	TBC1D22A	1.0			
22	50432942.0	50451088.0	IL17REL	1.0			
22	50702142.0	50709196.0	MAPK11	1.0			2.0
22	50713408.0	50746056.0	PLXNB2	2.0			2.0
22	51112843.0	51171726.0	SHANK3	1.0			2.0
3	2140497.0	3099645.0	CNTN4	2.0			1.0
3	3742498.0	4508965.0	SUMF1	2.0			
3	4535032.0	4889524.0	ITPR1	2.0	2.0	2.0	2.0
3	6811688.0	7783215.0	GRM7	2.0			
3	7994492.0	8653610.0	LMCD1-AS1	1.0			
3	8543393.0	8609805.0	LMCD1	1.0			
3	9543481.0	9595486.0	LHFPL4	1.0			
3	10055932.0	10068049.0	CIDECP	1.0			
3	10857885.0	10982419.0	SLC6A11	1.0			
3	11313995.0	11599139.0	ATG7	2.0	1.0		1.0
3	12045876.0	12232900.0	SYN2	2.0	6.0	6.0	11.0
3	12328867.0	12475855.0	PPARG	1.0	10.0	12.0	10.0
3	12837971.0	12913415.0	CAND2	1.0			
3	13573824.0	13679922.0	FBLN2	1.0	1.0		3.0
3	14166440.0	14185179.0	TMEM43	1.0			
3	14860469.0	14975895.0	FGD5	1.0			
3	15182887.0	15183664.0	RPS3AP53	1.0			
3	15491640.0	15563258.0	COLQ	1.0			1.0
3	16844159.0	17132086.0	PLCL2	1.0	4.0	2.0	4.0
3	17198654.0	18486309.0	TBC1D5	4.0	2.0	1.0	2.0
3	18386879.0	18487080.0	SATB1	1.0			
3	19189946.0	19577138.0	KCNH8	1.0			
3	20081515.0	20195896.0	KAT2B	1.0	1.0	1.0	1.0
3	21459915.0	22414812.0	ZNF385D	3.0			
3	24158651.0	24536773.0	THRB	2.0	5.0	2.0	5.0
3	25215823.0	25639423.0	RARB	3.0	2.0	1.0	2.0
3	27414214.0	27525911.0	SLC4A7	2.0	2.0		2.0
3	27566844.0	27566885.0	AC137675.1	1.0			
3	27757440.0	27764206.0	EOMES	2.0	1.0		1.0
3	29322473.0	30051886.0	RBMS3	1.0	2.0	1.0	2.0
3	32859510.0	32939318.0	TRIM71	1.0			
3	33038100.0	33138722.0	GLB1	2.0	2.0	1.0	2.0
3	33318517.0	33445154.0	FBXL2	1.0			
3	35680437.0	35835988.0	ARPP21	1.0			
3	37903451.0	38025960.0	CTDSPL	1.0	1.0		1.0
3	38029550.0	38048679.0	VILL	1.0	1.0		1.0
3	38048987.0	38071253.0	PLCD1	1.0	1.0		1.0
3	38080696.0	38165516.0	DLEC1	2.0			2.0
3	38144620.0	38178733.0	ACAA1	1.0	1.0	1.0	1.0
3	38388251.0	38462839.0	XYLB	1.0			2.0
3	38495342.0	38534633.0	ACVR2B	1.0	1.0		2.0
3	38589548.0	38691164.0	SCN5A	1.0	2.0		3.0
3	38738293.0	38835501.0	SCN10A	1.0	2.0		2.0
3	39183346.0	39196053.0	CSRNP1	1.0	1.0		1.0
3	39224701.0	39234087.0	XIRP1	1.0			2.0
3	39850405.0	40301812.0	MYRIP	2.0			
3	41288090.0	42003922.0	ULK4	1.0	1.0		2.0
3	42897497.0	42917633.0	CYP8B1	1.0	1.0		3.0
3	43020759.0	43101703.0	FAM198A	1.0	1.0		1.0
3	43396351.0	43733086.0	ANO10	1.0			
3	45123770.0	45187914.0	CDCP1	1.0			
3	45796942.0	45838027.0	SLC6A20	1.0			
3	46058516.0	46069234.0	XCR1	1.0			1.0
3	46205096.0	46308197.0	CCR3	1.0	2.0	1.0	3.0
3	46448654.0	46454488.0	CCRL2	1.0			2.0
3	46477136.0	46526724.0	LTF	1.0	1.0		1.0
3	46538981.0	46542439.0	RTP3	1.0			
3	47057919.0	47205457.0	SETD2	1.0	3.0	3.0	7.0
3	47626762.0	47823596.0	SMARCC1	1.0	1.0		1.0
3	48601506.0	48632700.0	COL7A1	2.0	1.0	1.0	2.0
3	48725436.0	48777786.0	IP6K2	2.0	8.0	4.0	9.0
3	49067140.0	49131796.0	QRICH1	1.0	2.0	2.0	4.0
3	49145479.0	49158371.0	USP19	1.0	1.0	1.0	4.0
3	49158547.0	49170551.0	LAMB2	1.0	1.0		4.0
3	49209044.0	49213917.0	KLHDC8B	1.0			2.0
3	49235861.0	49295537.0	CCDC36	1.0	1.0		5.0
3	49315264.0	49378145.0	USP4	2.0	7.0	3.0	13.0
3	49591922.0	49708978.0	BSN	4.0	9.0	3.0	14.0
3	49711435.0	49721396.0	APEH	1.0			9.0
3	49721380.0	49726934.0	MST1	1.0	2.0	2.0	6.0
3	49726932.0	49758962.0	RNF123	2.0	6.0	3.0	7.0
3	49761727.0	49823975.0	IP6K1	2.0	3.0	1.0	11.0
3	49977440.0	50137478.0	RBM6	3.0	8.0	8.0	14.0
3	50192478.0	50226508.0	SEMA3F	2.0	5.0	1.0	10.0
3	50242679.0	50258411.0	SLC38A3	1.0			6.0
3	50263724.0	50296787.0	GNAI2	1.0	1.0	1.0	4.0
3	50316458.0	50325545.0	LSMEM2	1.0			3.0
3	50337320.0	50349812.0	HYAL1	1.0	1.0		3.0
3	50712672.0	51421629.0	DOCK3	2.0	3.0	2.0	3.0
3	52350335.0	52434507.0	DNAH1	1.0			
3	52579368.0	52719933.0	PBRM1	1.0			1.0
3	52728505.0	52740048.0	GLT8D1	1.0			
3	52744800.0	52804965.0	NEK4	3.0	1.0		2.0
3	52937588.0	53080766.0	SFMBT1	1.0	1.0		2.0
3	53087014.0	53087110.0	AC096887.1	2.0			2.0
3	53122499.0	53164478.0	RFT1	1.0			2.0
3	53190025.0	53226733.0	PRKCD	1.0			
3	53258723.0	53290068.0	TKT	1.0			
3	53528683.0	53847760.0	CACNA1D	1.0	1.0		2.0
3	53846362.0	53880417.0	CHDH	1.0			
3	55542336.0	56502391.0	ERC2	2.0	2.0	2.0	3.0
3	56761446.0	57113357.0	ARHGEF3	2.0	3.0	1.0	3.0
3	57741177.0	57914895.0	SLMAP	1.0	1.0		1.0
3	59735036.0	61237133.0	FHIT	2.0	1.0	1.0	1.0
3	61547243.0	62283288.0	PTPRG	2.0	2.0	1.0	2.0
3	62384022.0	62861054.0	CADPS	1.0			
3	63989698.0	63997824.0	PSMD6-AS2	1.0			
3	64670585.0	64997143.0	ADAMTS9-AS2	1.0	4.0	1.0	4.0
3	69219141.0	69591734.0	FRMD4B	1.0	1.0		1.0
3	71003844.0	71633140.0	FOXP1	4.0	2.0	1.0	2.0
3	74311719.0	74570291.0	CNTN3	1.0			
3	75758794.0	75834734.0	ZNF717	1.0			
3	78646390.0	79816965.0	ROBO1	1.0			
3	85008132.0	86123579.0	CADM2	2.0	6.0		6.0
3	89156674.0	89531284.0	EPHA3	1.0			
3	98433174.0	98451495.0	ST3GAL6-AS1	1.0	1.0		1.0
3	99357319.0	99518070.0	COL8A1	2.0			
3	99536678.0	99897447.0	CMSS1	1.0			
3	99548985.0	99833357.0	FILIP1L	2.0			
3	100211463.0	100296288.0	TMEM45A	1.0			
3	100468000.0	100712359.0	ABI3BP	1.0			
3	101546835.0	101579866.0	NFKBIZ	1.0			
3	105374305.0	105588396.0	CBLB	1.0			
3	108541545.0	108573852.0	TRAT1	1.0			
3	108626639.0	108672742.0	GUCA1C	1.0			
3	111451344.0	111695364.0	PHLDB2	1.0			
3	112929850.0	113006303.0	BOC	1.0			
3	113251143.0	113348425.0	SIDT1	1.0	2.0	2.0	2.0
3	114056941.0	114866118.0	ZBTB20	3.0	1.0		1.0
3	115521235.0	117716095.0	LSAMP	1.0	1.0		1.0
3	118619404.0	118864915.0	IGSF11	1.0			
3	120626919.0	121143608.0	STXBP5L	1.0			
3	121488610.0	121553926.0	IQCB1	1.0	1.0	1.0	1.0
3	121706170.0	121741051.0	ILDR1	1.0			1.0
3	121774213.0	121839983.0	CD86	1.0	1.0	1.0	1.0
3	121902530.0	122005342.0	CASR	4.0	2.0	2.0	2.0
3	122785909.0	122944074.0	PDIA5	1.0	2.0	1.0	2.0
3	123001143.0	123168605.0	ADCY5	2.0	5.0	2.0	5.0
3	123616152.0	123680564.0	CCDC14	1.0	1.0	1.0	1.0
3	123798870.0	124445172.0	KALRN	1.0	3.0	2.0	3.0
3	124480795.0	124620265.0	ITGB5	2.0	2.0	1.0	2.0
3	124624289.0	124672663.0	MUC13	1.0	1.0	1.0	1.0
3	124801480.0	124998021.0	SLC12A8	1.0	1.0	1.0	1.0
3	127317066.0	127341276.0	MCM2	2.0			
3	127407909.0	127542051.0	MGLL	1.0			
3	127634075.0	127706514.0	KBTBD12	1.0			
3	127783621.0	127872757.0	RUVBL1	4.0			
3	127872297.0	128127485.0	EEFSEC	5.0	2.0		2.0
3	128444965.0	128533639.0	RAB7A	1.0			3.0
3	128779610.0	128781249.0	GP9	1.0			
3	128806412.0	128841644.0	RAB43	1.0			
3	128846258.0	128880136.0	ISY1	1.0			
3	128968449.0	128996614.0	COPG1	1.0	2.0	1.0	2.0
3	129034235.0	129045068.0	H1FX-AS1	1.0	1.0		2.0
3	129366635.0	129612419.0	TMCC1	1.0			1.0
3	129752301.0	129752388.0	AC083906.1	1.0			
3	129800674.0	129832070.0	ALG1L2	1.0			
3	129931666.0	129992649.0	COL6A4P2	1.0			
3	130064359.0	130203688.0	COL6A5	1.0			
3	130279178.0	130396999.0	COL6A6	1.0			
3	131252399.0	132004254.0	CPNE4	2.0	2.0		2.0
3	132136370.0	132257876.0	DNAJC13	1.0	3.0	1.0	3.0
3	132276982.0	132379567.0	ACAD11	1.0			1.0
3	133651540.0	133771028.0	SLCO2A1	1.0			
3	133784147.0	133969689.0	RYK	2.0	1.0		1.0
3	134316643.0	134979309.0	EPHB1	3.0			
3	135684515.0	135866733.0	PPP2R3A	1.0	4.0	4.0	5.0
3	135867764.0	135916083.0	MSL2	1.0	2.0	3.0	9.0
3	135969148.0	136056738.0	PCCB	1.0	5.0	5.0	9.0
3	136055077.0	136471220.0	STAG1	1.0	9.0	13.0	9.0
3	136581050.0	136668665.0	NCK1	1.0	4.0	4.0	5.0
3	137483579.0	137484396.0	SOX14	1.0			
3	137906109.0	138017231.0	ARMC8	1.0			
3	138066539.0	138124375.0	MRAS	1.0	1.0	1.0	1.0
3	138372860.0	138553780.0	PIK3CB	2.0			
3	138724648.0	139076065.0	MRPS22	1.0	1.0	1.0	1.0
3	141043055.0	141168634.0	ZBTB38	2.0	7.0	4.0	8.0
3	142168077.0	142297668.0	ATR	1.0	4.0	1.0	4.0
3	142984064.0	143567373.0	SLC9A9	2.0			
3	145787227.0	145881440.0	PLOD2	1.0	1.0		1.0
3	148709128.0	148745419.0	GYG1	1.0			
3	148804119.0	148820610.0	HLTF-AS1	1.0			
3	149191761.0	149221068.0	TM4SF4	1.0			
3	150643950.0	150690786.0	CLRN1	1.0			
3	150929905.0	150996255.0	P2RY14	1.0			1.0
3	151961617.0	152183569.0	MBNL1	1.0	1.0		1.0
3	153742190.0	153839121.0	ARHGEF26-AS1	1.0			1.0
3	153838792.0	153975616.0	ARHGEF26	1.0	2.0		2.0
3	155538813.0	155572218.0	SLC33A1	1.0			
3	155755490.0	156256545.0	KCNAB1	1.0	1.0		1.0
3	156257929.0	156272973.0	SSR3	1.0			
3	157823644.0	158263519.0	RSRC1	2.0	1.0		1.0
3	158680024.0	159615155.0	IQCJ-SCHIP1	1.0			
3	159974774.0	160117668.0	IFT80	1.0	1.0	1.0	1.0
3	160283235.0	160287036.0	KRT8P12	1.0			
3	160473390.0	160796695.0	PPM1L	1.0			
3	167967310.0	168548387.0	EGFEM1P	1.0			
3	168801287.0	169381406.0	MECOM	3.0	4.0	1.0	4.0
3	169484709.0	169487683.0	ACTRT3	1.0			1.0
3	169490619.0	169507504.0	MYNN	1.0			1.0
3	169556967.0	169587718.0	LRRC31	1.0			
3	169755717.0	169803191.0	GPR160	1.0			
3	169804520.0	169899537.0	PHC3	1.0			
3	170075466.0	170114623.0	SKIL	1.0			
3	170779128.0	171178197.0	TNIK	1.0			1.0
3	171561139.0	171656505.0	TMEM212	1.0	2.0	1.0	3.0
3	171757418.0	172119455.0	FNDC3B	2.0	7.0	3.0	9.0
3	176737143.0	176915261.0	TBL1XR1	1.0	1.0	1.0	1.0
3	177990720.0	178562217.0	KCNMB2	1.0			
3	178735011.0	178790067.0	ZMAT3	1.0	3.0	2.0	3.0
3	179116990.0	179169378.0	GNB4	1.0			1.0
3	180585929.0	180700541.0	FXR1	1.0			
3	180707558.0	181554668.0	SOX2-OT	2.0	2.0		2.0
3	184079506.0	184086384.0	POLR2H	1.0	1.0		1.0
3	185361527.0	185542844.0	IGF2BP2	2.0	5.0	2.0	5.0
3	186330712.0	186339107.0	AHSG	1.0	1.0	1.0	1.0
3	186435065.0	186461743.0	KNG1	1.0	1.0	1.0	2.0
3	186648274.0	186796341.0	ST6GAL1	2.0	2.0	3.0	2.0
3	187439165.0	187463515.0	BCL6	1.0	2.0	1.0	2.0
3	187871072.0	188608460.0	LPP	7.0	4.0	3.0	4.0
3	189349205.0	189615068.0	TP63	2.0			
3	191857184.0	192485553.0	FGF12	1.0			
3	192514604.0	192635950.0	MB21D2	1.0			
3	194304740.0	194310989.0	TMEM44-AS1	1.0			
3	195924320.0	195938308.0	ZDHHC19	1.0	5.0	2.0	5.0
3	196042953.0	196065244.0	TM4SF19	1.0			1.0
4	980785.0	998316.0	IDUA	1.0	1.0	1.0	2.0
4	1003724.0	1020685.0	FGFRL1	1.0	2.0	2.0	2.0
4	1160720.0	1202750.0	SPON2	1.0			
4	1283639.0	1333935.0	MAEA	2.0			
4	1341054.0	1381837.0	UVSSA	1.0			1.0
4	1694527.0	1714282.0	SLBP	1.0			2.0
4	1723227.0	1746898.0	TACC3	1.0	2.0	1.0	2.0
4	1795034.0	1810599.0	FGFR3	3.0	1.0		2.0
4	2845584.0	2931803.0	ADD1	1.0	1.0	1.0	1.0
4	2965335.0	3042474.0	GRK4	1.0	1.0	1.0	1.0
4	3065198.0	3076241.0	HTT-AS	1.0	1.0	1.0	1.0
4	3076408.0	3245676.0	HTT	1.0	1.0	1.0	2.0
4	3294755.0	3441640.0	RGS12	2.0	2.0	2.0	9.0
4	3443614.0	3451211.0	HGFAC	1.0	8.0	12.0	8.0
4	3465033.0	3503200.0	DOK7	1.0	3.0	5.0	8.0
4	4543858.0	4712665.0	STX18-AS1	1.0			
4	7760441.0	7941653.0	AFAP1	3.0	2.0		2.0
4	8368009.0	8442450.0	ACOX3	1.0			
4	9772777.0	10056560.0	SLC2A9	1.0	1.0		1.0
4	10075963.0	10118573.0	WDR1	1.0	1.0		1.0
4	15341442.0	15447790.0	C1QTNF7	1.0			
4	23756664.0	23905712.0	PPARGC1A	1.0	1.0		2.0
4	25121627.0	25162204.0	SEPSECS	1.0			
4	25378835.0	25420120.0	ANAPC4	3.0	2.0		2.0
4	26578059.0	26756973.0	TBC1D19	1.0			
4	35949843.0	36246131.0	ARAP2	1.0			
4	37892708.0	38140796.0	TBC1D1	1.0	1.0	1.0	1.0
4	38792298.0	38858438.0	TLR1	3.0	1.0		3.0
4	38825336.0	38858438.0	TLR6	1.0			2.0
4	39289076.0	39367995.0	RFC1	1.0	1.0	1.0	2.0
4	39408473.0	39453156.0	KLB	1.0	1.0		2.0
4	40812044.0	41218731.0	APBB2	1.0			
4	41361624.0	41702061.0	LIMCH1	2.0			
4	45482047.0	45482153.0	RNU6-931P	1.0			
4	46995740.0	47428461.0	GABRB1	1.0			
4	47916159.0	48042188.0	NIPAL1	1.0			
4	48068410.0	48136273.0	TXK	1.0	1.0		1.0
4	53739149.0	54232242.0	SCFD2	1.0			1.0
4	54325468.0	54567572.0	LNX1	2.0			1.0
4	55944644.0	55991756.0	KDR	3.0			
4	56422692.0	56458379.0	PDCL2	1.0			1.0
4	56461396.0	56502865.0	NMU	1.0			
4	57774075.0	57802010.0	REST	1.0	6.0	2.0	6.0
4	57843888.0	57897334.0	POLR2B	1.0			1.0
4	70586880.0	70653679.0	SULT1B1	2.0			
4	70676498.0	70725870.0	SULT1E1	2.0			
4	72053003.0	72437804.0	SLC4A4	1.0	1.0	1.0	1.0
4	72607410.0	72669758.0	GC	1.0	2.0	1.0	2.0
4	73939093.0	74124515.0	ANKRD17	1.0	2.0	1.0	2.0
4	77234154.0	77343021.0	CCDC158	1.0			3.0
4	77356253.0	77704406.0	SHROOM3	3.0	3.0	4.0	3.0
4	78432907.0	78532988.0	CXCL13	1.0			
4	79892902.0	80229952.0	LINC01088	1.0			
4	81187753.0	81257834.0	FGF5	1.0	1.0		1.0
4	81952119.0	81978685.0	BMP3	1.0	1.0		1.0
4	82009837.0	82136218.0	PRKG2	1.0	2.0	1.0	2.0
4	83955600.0	83996971.0	COPS4	1.0	2.0	1.0	2.0
4	85590704.0	85887544.0	WDFY3	1.0			
4	86396267.0	86923823.0	ARHGAP24	2.0			
4	86936276.0	87515284.0	MAPK10	1.0	1.0	1.0	1.0
4	87797358.0	87857354.0	C4orf36	1.0	3.0	1.0	4.0
4	87856154.0	88062206.0	AFF1	2.0	5.0	5.0	7.0
4	88081255.0	88161466.0	KLHL8	1.0	4.0	4.0	6.0
4	88224941.0	88244058.0	HSD17B13	1.0	1.0	1.0	3.0
4	88707072.0	88707523.0	CHCHD2P7	1.0			3.0
4	88742563.0	88767969.0	MEPE	2.0	2.0	1.0	3.0
4	89011416.0	89152474.0	ABCG2	1.0	2.0	1.0	2.0
4	89647106.0	90032549.0	FAM13A	4.0	6.0	3.0	6.0
4	90157537.0	90229161.0	GPRIN3	1.0			
4	93225550.0	94695707.0	GRID2	1.0			
4	95373037.0	95589377.0	PDLIM5	2.0			
4	95679119.0	96079599.0	BMPR1B	4.0			
4	99916771.0	99983964.0	METAP1	1.0			
4	100226121.0	100242558.0	ADH1B	1.0	12.0	5.0	12.0
4	101316498.0	101801283.0	EMCN	1.0			
4	102332443.0	102995969.0	BANK1	2.0	5.0	6.0	5.0
4	103422486.0	103538459.0	NFKB1	3.0	2.0	3.0	6.0
4	103552660.0	103682151.0	MANBA	1.0	2.0		3.0
4	103806205.0	103940896.0	SLC9B1	1.0			1.0
4	104507188.0	104640973.0	TACR3	1.0			
4	105412122.0	105618749.0	AC004053.1	1.0			
4	106067032.0	106200973.0	TET2	2.0	5.0	2.0	8.0
4	106290234.0	106395238.0	PPA2	1.0	3.0	2.0	3.0
4	106603784.0	106817143.0	INTS12	1.0	2.0		2.0
4	106815932.0	106925184.0	NPNT	2.0	2.0		2.0
4	108745719.0	108836203.0	SGMS2	1.0			
4	108968701.0	109090112.0	LEF1	1.0			
4	109088681.0	109177992.0	LEF1-AS1	3.0			
4	109338861.0	109340919.0	EXOC7P1	1.0			
4	109731877.0	110223813.0	COL25A1	1.0			
4	110268631.0	110354973.0	SEC24B-AS1	1.0			
4	110661852.0	110723335.0	CFI	1.0			
4	111286889.0	111486441.0	ENPEP	1.0			
4	111337054.0	111339660.0	ZNF969P	1.0			
4	111538579.0	111563279.0	PITX2	3.0			
4	114372188.0	114683083.0	CAMK2D	1.0			
4	119321669.0	119321989.0	NDUFS5P5	1.0			
4	120133742.0	120216672.0	USP53	1.0			1.0
4	120238405.0	120243545.0	FABP2	1.0	1.0		1.0
4	120255484.0	120299388.0	KLHL2P1	1.0			1.0
4	122052563.0	122148621.0	TNIP3	1.0			
4	122722472.0	122738176.0	EXOSC9	1.0	2.0	1.0	2.0
4	122800182.0	122872909.0	TRPC3	1.0	1.0		1.0
4	123073488.0	123283913.0	KIAA1109	2.0	2.0	2.0	2.0
4	123540138.0	123610311.0	IL21-AS1	2.0	2.0	1.0	3.0
4	123747863.0	123819391.0	FGF2	1.0			1.0
4	123844229.0	124240605.0	SPATA5	1.0	1.0		1.0
4	124317950.0	124324910.0	SPRY1	1.0			
4	140637907.0	141075338.0	MAML3	1.0	1.0		1.0
4	142944313.0	143768585.0	INPP4B	1.0	1.0		1.0
4	145567173.0	145666423.0	HHIP	1.0	4.0	1.0	5.0
4	146678779.0	146859787.0	ZNF827	1.0	2.0	3.0	2.0
4	147175127.0	147443123.0	SLC10A7	1.0			
4	147627790.0	147867034.0	TTC29	1.0			
4	148265781.0	148265869.0	MIR548G	1.0			
4	148402069.0	148466106.0	EDNRA	2.0	1.0		1.0
4	148427243.0	148427917.0	GTF2F2P1	1.0			1.0
4	148653214.0	148993931.0	ARHGAP10	1.0	4.0	3.0	4.0
4	148999913.0	149365850.0	NR3C2	1.0			4.0
4	150999426.0	151178609.0	DCLK2	1.0			1.0
4	151185594.0	151936879.0	LRBA	3.0	1.0	1.0	1.0
4	152023903.0	152246784.0	SH3D19	1.0			
4	155484108.0	155492238.0	FGB	1.0			
4	155504278.0	155511918.0	FGA	1.0			
4	155525286.0	155534119.0	FGG	1.0			
4	155548097.0	155674270.0	LRAT	1.0			
4	157681606.0	157892546.0	PDGFC	1.0	2.0	1.0	2.0
4	166794410.0	167025047.0	TLL1	2.0			
4	169418217.0	169849608.0	PALLD	2.0			
4	170533784.0	170644824.0	CLCN3	1.0			
4	174448421.0	174512475.0	HAND2-AS1	1.0			
4	175750819.0	175899331.0	ADAM29	2.0			
4	183065140.0	183724177.0	TENM3	1.0			
4	184020446.0	184241930.0	WWC2	1.0	2.0	1.0	2.0
4	186506598.0	186877806.0	SORBS2	1.0	1.0		1.0
4	186990306.0	187009223.0	TLR3	1.0			
4	187187099.0	187210835.0	F11	2.0			
4	187207248.0	187422151.0	F11-AS1	1.0			
4	189321890.0	189602205.0	LINC01060	1.0			
5	271736.0	353971.0	PDCD6	2.0	1.0		1.0
5	304291.0	438406.0	AHRR	1.0	1.0		1.0
5	660883.0	693510.0	TPPP	2.0	2.0	3.0	2.0
5	1225470.0	1246304.0	SLC6A18	1.0			6.0
5	1253262.0	1295184.0	TERT	8.0	6.0	2.0	6.0
5	1309425.0	1309492.0	MIR4457	2.0			6.0
5	1317859.0	1345214.0	CLPTM1L	3.0			6.0
5	1392909.0	1445545.0	SLC6A3	1.0			
5	1887446.0	1900607.0	CTD-2194D22.4	1.0			
5	5140443.0	5320417.0	ADAMTS16	1.0			
5	7396321.0	7830194.0	ADCY2	1.0			
5	7830491.0	7851603.0	C5orf49	1.0			
5	14704910.0	14871887.0	ANKH	1.0	1.0	1.0	1.0
5	21750782.0	22853731.0	CDH12	1.0			
5	31193857.0	31329253.0	CDH6	1.0			
5	31639517.0	32111037.0	PDZD2	1.0			
5	33523640.0	33892297.0	ADAMTS12	1.0	1.0	1.0	2.0
5	33944721.0	33984835.0	SLC45A2	2.0	3.0	2.0	3.0
5	34838938.0	34899561.0	TTC23L	1.0			
5	35852797.0	35879705.0	IL7R	3.0	3.0	3.0	3.0
5	35951112.0	36001130.0	UGT3A1	1.0			
5	37379314.0	37753537.0	WDR70	1.0	1.0		1.0
5	38475065.0	38608456.0	LIFR	1.0			
5	40052393.0	40053426.0	LINC00603	2.0			
5	40260759.0	40267759.0	LINC00604	1.0	1.0	1.0	
5	41307056.0	41510730.0	PLCXD3	1.0			
5	42423879.0	42721979.0	GHR	1.0	2.0	1.0	3.0
5	45259349.0	45696253.0	HCN1	1.0	1.0		
5	53179775.0	53606412.0	ARL15	1.0	6.0	5.0	6.0
5	55395507.0	55529186.0	ANKRD55	2.0	2.0	3.0	2.0
5	56066626.0	56068130.0	AC008940.1	1.0			
5	57878048.0	58155213.0	RAB3C	1.0			
5	58264865.0	59817947.0	PDE4D	2.0	2.0	2.0	2.0
5	60628100.0	60841997.0	ZSWIM6	1.0	1.0		2.0
5	60933535.0	61047590.0	C5orf64	1.0			
5	64064757.0	64314590.0	CWC27	2.0	1.0	1.0	1.0
5	64444563.0	64777747.0	ADAMTS6	2.0	1.0		1.0
5	64813593.0	64858998.0	CENPK	1.0			
5	65018023.0	65167553.0	NLN	1.0			
5	65892176.0	66465423.0	MAST4	1.0	2.0	1.0	2.0
5	67511548.0	67597649.0	PIK3R1	1.0	4.0	2.0	4.0
5	72416119.0	72427644.0	TMEM171	1.0	2.0	2.0	4.0
5	72921983.0	73237818.0	ARHGEF28	2.0	1.0		1.0
5	74632154.0	74657929.0	HMGCR	1.0	1.0	4.0	5.0
5	74664311.0	74807963.0	COL4A3BP	2.0	4.0	1.0	5.0
5	75378997.0	75649764.0	SV2C	1.0	4.0	3.0	4.0
5	75699074.0	76003957.0	IQGAP2	1.0	2.0	1.0	2.0
5	76145826.0	76217475.0	S100Z	1.0	2.0	1.0	2.0
5	76506274.0	76725632.0	PDE8B	1.0			
5	77781038.0	78065844.0	LHFPL2	3.0	2.0		2.0
5	78532012.0	78623038.0	JMY	1.0			
5	83236373.0	83680611.0	EDIL3	1.0			
5	87803363.0	87986858.0	LINC00461	1.0	4.0	1.0	4.0
5	88013975.0	88199922.0	MEF2C	1.0	4.0	2.0	5.0
5	92953775.0	93447404.0	FAM172A	1.0			
5	95220802.0	95297775.0	ELL2	1.0	1.0	2.0	2.0
5	96096521.0	96143803.0	ERAP1	3.0			
5	96211643.0	96255420.0	ERAP2	1.0	1.0		1.0
5	96704480.0	96706125.0	YTHDF1P1	1.0			
5	102594403.0	102614361.0	C5orf30	2.0	1.0	1.0	1.0
5	107194736.0	107717799.0	FBXL17	1.0	1.0		1.0
5	108083523.0	108532542.0	FER	3.0	2.0	1.0	2.0
5	109025067.0	109205326.0	MAN2A1	1.0			
5	110405760.0	110413722.0	TSLP	2.0	1.0	1.0	1.0
5	110427414.0	110466200.0	WDR36	1.0	1.0	1.0	1.0
5	110847924.0	111075423.0	STARD4-AS1	1.0	1.0		1.0
5	110998318.0	111333161.0	NREP	1.0	1.0		1.0
5	111478138.0	111755013.0	EPB41L4A	1.0			
5	112357796.0	112824527.0	MCC	1.0			
5	113696642.0	113832337.0	KCNN2	1.0			
5	114460459.0	114516243.0	TRIM36	1.0			
5	115420688.0	115748459.0	COMMD10	2.0			
5	118604387.0	118735383.0	TNFAIP8	1.0	1.0		1.0
5	121297656.0	121411265.0	SRFBP1	1.0			1.0
5	121398890.0	121413980.0	LOX	1.0	1.0		1.0
5	122179134.0	122365049.0	SNX24	1.0	1.0	1.0	2.0
5	122424816.0	122529960.0	PRDM6	2.0	1.0		2.0
5	122680579.0	122759286.0	CEP120	1.0	2.0		2.0
5	125302470.0	125303778.0	RPSAP37	1.0			
5	126203406.0	126366500.0	MARCH3	1.0			
5	127419458.0	127525380.0	SLC12A2	1.0	1.0		3.0
5	127593601.0	127994878.0	FBN2	2.0	3.0	1.0	3.0
5	128795958.0	129074376.0	ADAMTS19	1.0	2.0	1.0	2.0
5	129240165.0	129522327.0	CHSY3	1.0			
5	130759614.0	130970929.0	RAPGEF6	2.0	1.0		2.0
5	131499296.0	131499458.0	AC063976.2	1.0			
5	131520569.0	131528501.0	P4HA2-AS1	1.0			2.0
5	131527531.0	131631008.0	P4HA2	2.0	3.0	1.0	6.0
5	131593364.0	131609147.0	PDLIM4	1.0			4.0
5	131630136.0	131679899.0	SLC22A4	1.0	4.0	2.0	5.0
5	131705444.0	131731306.0	SLC22A5	2.0	1.0		5.0
5	131746328.0	131811736.0	C5orf56	4.0	4.0	3.0	6.0
5	131817301.0	131826490.0	IRF1	1.0	2.0		6.0
5	131877136.0	131892530.0	IL5	1.0	1.0	1.0	1.0
5	131891711.0	131980313.0	RAD50	1.0	1.0	1.0	1.0
5	131991955.0	131996802.0	IL13	3.0	1.0	1.0	1.0
5	132086509.0	132142933.0	SEPT8	2.0			1.0
5	132211071.0	132299326.0	AFF4	1.0			2.0
5	132387654.0	132442141.0	HSPA4	2.0	1.0	1.0	1.0
5	133772402.0	133828210.0	AC005355.1	1.0			2.0
5	136310987.0	136934068.0	SPOCK1	2.0			
5	137203480.0	137223540.0	MYOT	1.0			
5	137273649.0	137387650.0	FAM13B	3.0	1.0		1.0
5	137620954.0	137674044.0	CDC25C	1.0			
5	137688285.0	137772717.0	KDM3B	1.0	1.0	1.0	1.0
5	137946656.0	138270723.0	CTNNA1	1.0			
5	139554227.0	139661637.0	CYSTM1	1.0			
5	139624624.0	139682706.0	PFDN1	1.0			
5	139712428.0	139726216.0	HBEGF	1.0			
5	140810185.0	140892546.0	PCDHGA12	1.0			
5	140894583.0	140998622.0	DIAPH1	2.0	1.0	1.0	1.0
5	141032968.0	141061788.0	ARAP3	1.0			1.0
5	141232938.0	141258811.0	PCDH1	1.0			
5	141488070.0	141534005.0	NDFIP1	1.0	3.0	2.0	3.0
5	142149949.0	142608576.0	ARHGAP26	2.0	1.0		1.0
5	142657496.0	142815077.0	NR3C1	3.0	1.0		1.0
5	143550396.0	143865249.0	KCTD16	2.0			
5	147763498.0	147822399.0	FBXO38	2.0			2.0
5	147830595.0	148056798.0	HTR4	2.0	2.0		2.0
5	148303202.0	148442726.0	SH3TC2	1.0			
5	149340300.0	149373018.0	SLC26A2	1.0			1.0
5	149379884.0	149432386.0	HMGXB3	1.0	2.0	1.0	2.0
5	150226085.0	150280298.0	IRGM	1.0			
5	150400124.0	150408554.0	GPX3	1.0			2.0
5	150409506.0	150473138.0	TNIP1	2.0	2.0	2.0	2.0
5	156346293.0	156390266.0	TIMD4	1.0	5.0	6.0	5.0
5	156569944.0	156682201.0	ITK	1.0	1.0		2.0
5	156693089.0	156822606.0	CYFIP2	1.0	3.0	2.0	4.0
5	156822542.0	157002783.0	ADAM19	1.0	2.0		2.0
5	157170703.0	157187717.0	LSM11	1.0			
5	158122928.0	158526769.0	EBF1	2.0	6.0	3.0	6.0
5	158741791.0	158757895.0	IL12B	1.0			1.0
5	159175240.0	159188068.0	AC008691.1	3.0			
5	160974069.0	161129599.0	GABRA6	1.0			
5	166711804.0	167691162.0	TENM2	2.0	1.0	1.0	1.0
5	169010638.0	169031782.0	SPDL1	2.0			
5	169064251.0	169510386.0	DOCK2	1.0			
5	170288874.0	170727019.0	RANBP17	1.0	1.0		1.0
5	170814120.0	170838141.0	NPM1	1.0			2.0
5	172261278.0	172379688.0	ERGIC1	1.0			
5	172652839.0	172653426.0	RPL7AP33	1.0			1.0
5	172659112.0	172662360.0	NKX2-5	1.0	1.0		1.0
5	173315283.0	173388979.0	CPEB4	1.0	5.0	2.0	5.0
5	175344876.0	175461683.0	THOC3	1.0			
5	176332006.0	176449634.0	UIMC1	1.0	1.0		1.0
5	176560026.0	176727216.0	NSD1	1.0	2.0		5.0
5	176758563.0	176778853.0	LMAN2	1.0	2.0	1.0	6.0
5	176784838.0	176799602.0	RGS14	3.0	4.0	4.0	6.0
5	177664619.0	178017556.0	COL23A1	1.0			
5	179159851.0	179223512.0	MAML1	1.0			1.0
5	179338651.0	179499118.0	RNF130	1.0			
5	180028506.0	180076624.0	FLT4	1.0			
6	291630.0	351355.0	DUSP22	1.0	3.0	2.0	5.0
6	391739.0	411447.0	IRF4	6.0	8.0	6.0	8.0
6	485133.0	693117.0	EXOC2	3.0	6.0	5.0	6.0
6	1624041.0	2245926.0	GMDS	5.0	2.0		2.0
6	2663863.0	2751200.0	MYLK4	2.0			
6	2887500.0	2903514.0	SERPINB9	1.0			
6	5261277.0	5771813.0	FARS2	1.0			
6	7107830.0	7252213.0	RREB1	2.0	9.0	4.0	9.0
6	7268539.0	7347679.0	SSR1	3.0			5.0
6	7326889.0	7389976.0	CAGE1	1.0			
6	7727030.0	7881655.0	BMP6	2.0	2.0	1.0	2.0
6	7881755.0	8064597.0	BLOC1S5-TXNDC5	1.0	1.0		1.0
6	9596343.0	10211841.0	OFCC1	1.0	1.0	1.0	1.0
6	12008995.0	12165232.0	HIVEP1	1.0			
6	12717893.0	13288645.0	PHACTR1	2.0			
6	13358062.0	13487894.0	GFOD1	1.0			1.0
6	13621730.0	13711796.0	RANBP9	1.0			
6	15246527.0	15522252.0	JARID2	2.0			1.0
6	16299343.0	16761722.0	ATXN1	2.0	1.0		5.0
6	17393447.0	17558023.0	CAP2	1.0			
6	17600586.0	17611950.0	FAM8A1	2.0			
6	17615269.0	17706656.0	NUP153	2.0			
6	17759414.0	17987854.0	KIF13A	1.0			
6	18155560.0	18224084.0	KDM1B	1.0			
6	18368779.0	18469105.0	RNF144B	1.0			
6	20534688.0	21232635.0	CDKAL1	4.0	3.0	2.0	3.0
6	21665003.0	22214734.0	CASC15	5.0	6.0	4.0	6.0
6	22287480.0	22297730.0	PRL	1.0			
6	24002052.0	24002658.0	HNRNPA1P58	1.0	1.0	1.0	
6	24171984.0	24358280.0	DCDC2	1.0	2.0	1.0	2.0
6	34857042.0	35059179.0	ANKS1A	4.0	4.0	1.0	5.0
6	35085848.0	35116387.0	TCP11	2.0	3.0	1.0	5.0
6	35182190.0	35220856.0	SCUBE3	2.0	4.0	2.0	6.0
6	35226686.0	35263762.0	ZNF76	1.0	1.0		5.0
6	35310335.0	35395968.0	PPARD	3.0	6.0	2.0	6.0
6	35420138.0	35434880.0	FANCE	1.0	1.0		5.0
6	35441374.0	35464853.0	TEAD3	1.0	1.0		4.0
6	35465651.0	35480715.0	TULP1	1.0	4.0	3.0	4.0
6	35541362.0	35696360.0	FKBP5	2.0	5.0	3.0	5.0
6	35668780.0	35668915.0	AL157823.1	1.0			3.0
6	35748794.0	35761452.0	CLPSL1	1.0	1.0		3.0
6	35800743.0	35889119.0	SRPK1	2.0	1.0		3.0
6	35911291.0	35992645.0	SLC26A8	2.0	1.0	1.0	2.0
6	35995488.0	36079013.0	MAPK14	4.0	1.0		1.0
6	36164521.0	36200567.0	BRPF3	1.0			1.0
6	36322419.0	36356164.0	ETV7	2.0			
6	36358328.0	36410666.0	PXT1	1.0			
6	36562145.0	36573377.0	SRSF3	1.0			2.0
6	36644305.0	36655116.0	CDKN1A	2.0	1.0		1.0
6	36708552.0	36807778.0	CPNE5	1.0			1.0
6	36839646.0	36896740.0	C6orf89	1.0			1.0
6	36922209.0	36932613.0	PI16	1.0			
6	36973422.0	36996846.0	FGD2	1.0			1.0
6	37179956.0	37225931.0	TMEM217	1.0			1.0
6	38136227.0	38607924.0	BTBD9	2.0			
6	38683117.0	38998301.0	DNAH8	1.0			
6	39016574.0	39055519.0	GLP1R	2.0			
6	39156749.0	39197226.0	KCNK5	1.0	1.0		1.0
6	39297766.0	39693181.0	KIF6	1.0			
6	40359325.0	40555204.0	LRFN2	1.0	2.0		2.0
6	41514164.0	41570122.0	FOXP4	1.0			1.0
6	41604620.0	41621984.0	MDFI	1.0	1.0	1.0	5.0
6	42896938.0	42907025.0	CNPY3	1.0			3.0
6	43263432.0	43273276.0	SLC22A7	1.0			1.0
6	43395104.0	43418168.0	ABCC10	2.0			2.0
6	43737921.0	43754224.0	VEGFA	4.0	6.0	6.0	6.0
6	44777054.0	45345690.0	SUPT3H	3.0	4.0	3.0	4.0
6	45295894.0	45632086.0	RUNX2	3.0	4.0	3.0	4.0
6	45868045.0	46048132.0	CLIC5	1.0			
6	50786436.0	50815326.0	TFAP2B	2.0	3.0		3.0
6	51480098.0	51952423.0	PKHD1	2.0	2.0	2.0	2.0
6	52285106.0	52387892.0	EFHC1	1.0			
6	54172657.0	54254950.0	TINAG	1.0			
6	55618443.0	55740362.0	BMP5	2.0	3.0	1.0	3.0
6	56322785.0	56819426.0	DST	2.0			
6	62389865.0	62996132.0	KHDRBS2	1.0			
6	64429876.0	66417118.0	EYS	1.0			
6	72054047.0	72130472.0	LINC00472	1.0			1.0
6	74405508.0	74538040.0	CD109	1.0	2.0	2.0	2.0
6	75794042.0	75915767.0	COL12A1	1.0			
6	76001575.0	76203454.0	FILIP1	3.0	2.0	1.0	2.0
6	76458909.0	76629254.0	MYO6	1.0	1.0		2.0
6	79577189.0	79656157.0	IRAK1BP1	1.0			1.0
6	79645584.0	79787953.0	PHIP	1.0	1.0	1.0	1.0
6	80713604.0	80752244.0	TTK	1.0			
6	80816364.0	81055987.0	BCKDHB	2.0	1.0		2.0
6	83920108.0	84140797.0	ME1	1.0			
6	84262599.0	84419410.0	SNAP91	1.0			
6	85397069.0	85474237.0	TBX18	1.0	1.0		1.0
6	86215214.0	86303874.0	SNX14	1.0			
6	90636248.0	91006627.0	BACH2	4.0	5.0	4.0	5.0
6	91022461.0	91022552.0	MIR4464	1.0			2.0
6	96463860.0	96663488.0	FUT9	1.0			
6	96806250.0	96969545.0	UFL1-AS1	1.0			
6	97010424.0	97064512.0	FHL5	1.0			
6	100583940.0	100584539.0	PRDX2P4	1.0			1.0
6	105404923.0	105531207.0	LIN28B	1.0	2.0		4.0
6	106632351.0	106773666.0	ATG5	1.0	1.0	2.0	1.0
6	108025308.0	108145521.0	SCML4	1.0	1.0	1.0	1.0
6	108881038.0	109005977.0	FOXO3	1.0	7.0	4.0	7.0
6	109169619.0	109295186.0	ARMC2	1.0	2.0		3.0
6	109307640.0	109416022.0	SESN1	3.0	3.0	2.0	5.0
6	110501344.0	110575478.0	CDC40	1.0			
6	110567131.0	110679475.0	METTL24	1.0			1.0
6	111877657.0	111927481.0	TRAF3IP2	1.0			
6	112408802.0	112423993.0	FAM229B	1.0			
6	114376750.0	114664209.0	HS3ST5	1.0			
6	116252312.0	116381921.0	FRK	2.0	3.0	4.0	4.0
6	116422012.0	116570660.0	NT5DC1	2.0	2.0	1.0	3.0
6	118781935.0	119031238.0	CEP85L	1.0	1.0		1.0
6	119134605.0	119256327.0	MCM9	1.0	2.0	1.0	2.0
6	122764499.0	122792967.0	SERINC1	1.0			2.0
6	124125286.0	125146803.0	NKAIN2	1.0			
6	125541108.0	125623282.0	HDDC2	1.0	1.0		1.0
6	126068810.0	126082415.0	HEY2	1.0	1.0		2.0
6	126102307.0	126252266.0	NCOA7	1.0	1.0		2.0
6	126661320.0	126670021.0	CENPW	1.0	3.0	2.0	2.0
6	127439749.0	127518910.0	RSPO3	3.0	6.0	5.0	5.0
6	128029217.0	128239776.0	THEMIS	1.0			
6	128289924.0	128841870.0	PTPRK	1.0			
6	129204342.0	129837714.0	LAMA2	1.0	2.0		2.0
6	130334844.0	130462594.0	L3MBTL3	1.0	11.0	9.0	11.0
6	132129156.0	132216295.0	ENPP1	1.0	1.0	1.0	1.0
6	132767006.0	132834337.0	STX7	1.0	2.0		2.0
6	133065009.0	133084598.0	VNN2	1.0			
6	133561736.0	133853258.0	EYA4	1.0	4.0	2.0	4.0
6	134210276.0	134216691.0	TCF21	1.0	1.0		1.0
6	134309835.0	134373774.0	SLC2A12	1.0			
6	135281516.0	135424194.0	HBS1L	1.0	11.0	5.0	11.0
6	136172834.0	136516712.0	PDE7B	2.0	2.0		2.0
6	137243402.0	137246777.0	SLC35D3	1.0			1.0
6	137464968.0	137494785.0	IL22RA2	1.0			
6	138038085.0	138038179.0	AL357060.1	1.0			1.0
6	138188351.0	138204449.0	TNFAIP3	1.0	1.0	1.0	1.0
6	143072604.0	143266338.0	HIVEP2	2.0	1.0		2.0
6	143381633.0	143661441.0	AIG1	2.0			
6	145822719.0	146057160.0	EPM2A	1.0			
6	147163037.0	147525750.0	STXBP5-AS1	1.0			
6	149068464.0	149398126.0	UST	1.0	1.0		1.0
6	149539777.0	149732749.0	TAB2	3.0			
6	149768794.0	149806197.0	ZC3H12D	1.0			
6	150464212.0	150571493.0	PPP1R14C	1.0			
6	150920999.0	151164799.0	PLEKHG1	3.0	1.0		1.0
6	151561134.0	151679692.0	AKAP12	1.0	1.0	1.0	2.0
6	151725989.0	151773259.0	RMND1	1.0	2.0	1.0	2.0
6	151815165.0	151942328.0	CCDC170	2.0	2.0	2.0	3.0
6	151977826.0	152450754.0	ESR1	9.0	9.0	6.0	9.0
6	152442819.0	152958936.0	SYNE1	2.0			
6	153291664.0	153304714.0	FBXO5	1.0			
6	153325594.0	153452384.0	RGS17	2.0	1.0	1.0	1.0
6	154475631.0	154677926.0	IPCEF1	1.0			
6	155054459.0	155155192.0	SCAF8	1.0			
6	155153831.0	155578857.0	TIAM2	1.0	1.0		1.0
6	158402888.0	158520208.0	SYNJ2	1.0	1.0	1.0	1.0
6	158733692.0	158932860.0	TULP4	1.0	1.0		1.0
6	159590429.0	159693141.0	FNDC1	1.0			
6	160542821.0	160579750.0	SLC22A1	2.0	5.0	6.0	6.0
6	160592093.0	160698670.0	SLC22A2	1.0	4.0	4.0	6.0
6	160874460.0	160932156.0	LPAL2	1.0	1.0	4.0	2.0
6	160952515.0	161087407.0	LPA	2.0	2.0	6.0	3.0
6	163148164.0	163736524.0	PACRG	1.0			
6	165740776.0	166400091.0	PDE10A	2.0	1.0	1.0	2.0
6	166822852.0	167319939.0	RPS6KA2	1.0			
6	167342992.0	167370679.0	RNASET2	2.0			
6	167412670.0	167466201.0	FGFR1OP	2.0			
6	167525295.0	167553184.0	CCR6	2.0	1.0	1.0	1.0
6	168841831.0	169073984.0	SMOC2	1.0	2.0	1.0	2.0
6	169615875.0	169654139.0	THBS2	2.0			
6	169857307.0	170102159.0	WDR27	2.0			
6	170599791.0	170716153.0	FAM120B	1.0			2.0
7	588834.0	767287.0	PRKAR1B	1.0	2.0	1.0	3.0
7	855528.0	936072.0	SUN1	1.0	1.0	1.0	1.0
7	937540.0	995043.0	ADAP1	2.0			2.0
7	938415.0	1015235.0	COX19	1.0			2.0
7	1855429.0	2272878.0	MAD1L1	5.0	1.0	1.0	1.0
7	2719156.0	2815134.0	AMZ1	2.0	2.0	1.0	4.0
7	2767746.0	2883958.0	GNA12	3.0	5.0	1.0	5.0
7	3341080.0	4308632.0	SDK1	6.0			
7	4683388.0	4811074.0	FOXK1	1.0			
7	4945620.0	4998844.0	MMD2	1.0			
7	5346421.0	5465045.0	TNRC18	7.0	1.0		2.0
7	5470966.0	5553429.0	FBXL18	2.0	1.0	1.0	1.0
7	5566782.0	5603415.0	ACTB	3.0			
7	5659678.0	5821370.0	RNF216	1.0			
7	6448757.0	6523821.0	DAGLB	2.0	5.0	5.0	5.0
7	6485584.0	6523873.0	KDELR2	1.0	4.0	3.0	5.0
7	6731608.0	6731690.0	AC073343.2	1.0			1.0
7	6971315.0	6979234.0	FAM86LP	1.0			
7	7196565.0	7288282.0	C1GALT1	2.0			
7	11409984.0	11871824.0	THSD7A	1.0			
7	12250867.0	12282993.0	TMEM106B	2.0			
7	13911481.0	13912138.0	AC005019.2	1.0			
7	13930853.0	14031050.0	ETV1	2.0			
7	14184674.0	15014402.0	DGKB	1.0	3.0	2.0	3.0
7	15239943.0	15601640.0	AGMO	2.0			
7	16130817.0	16460947.0	ISPD	1.0			
7	17338246.0	17385776.0	AHR	1.0	1.0		2.0
7	18126572.0	19042039.0	HDAC9	2.0	3.0		3.0
7	19393157.0	19618229.0	AC007091.1	2.0	1.0		1.0
7	20257200.0	20261323.0	AC005083.1	1.0			
7	20370325.0	20455377.0	ITGB8	3.0	3.0	2.0	3.0
7	20628613.0	20629708.0	AC002486.2	1.0			1.0
7	21582833.0	21941457.0	DNAH11	3.0	1.0	4.0	1.0
7	22157856.0	22396763.0	RAPGEF5	1.0			
7	22459063.0	22672544.0	STEAP1B	2.0			
7	22765503.0	22771621.0	IL6	1.0			4.0
7	26331541.0	26413949.0	SNX10	1.0	1.0		1.0
7	26706681.0	27034858.0	SKAP2	2.0			
7	27087788.0	27088247.0	NHP2P2	1.0			
7	27135266.0	27139884.0	HOTAIRM1	1.0			1.0
7	27139721.0	27142430.0	HOXA2	1.0			1.0
7	27145803.0	27192200.0	HOXA3	1.0	1.0		2.0
7	27180671.0	27183287.0	HOXA5	1.0			2.0
7	27185015.0	27190222.0	HOXA6	1.0			2.0
7	27238194.0	27246878.0	HOTTIP	2.0	3.0	1.0	4.0
7	27565061.0	27702614.0	HIBADH	4.0	2.0		2.0
7	27870192.0	28220362.0	JAZF1	3.0	7.0	4.0	7.0
7	28219941.0	28283536.0	JAZF1-AS1	1.0	2.0	1.0	5.0
7	28338940.0	28865511.0	CREB5	3.0	4.0	3.0	4.0
7	28992974.0	28997934.0	TRIL	1.0			
7	29034847.0	29235067.0	CPVL	3.0			
7	29161890.0	29553944.0	CHN2	1.0			
7	29846102.0	29956682.0	WIPF3	1.0			
7	30978284.0	31032869.0	GHRHR	1.0	1.0	1.0	3.0
7	33168856.0	33645680.0	BBS9	1.0	2.0	1.0	2.0
7	36893961.0	37488852.0	ELMO1	4.0	2.0	2.0	2.0
7	37723446.0	37991543.0	EPDR1	2.0	3.0	2.0	3.0
7	37945543.0	38065297.0	SFRP4	1.0	3.0	2.0	3.0
7	39017598.0	39532694.0	POU6F2	2.0	1.0		1.0
7	42000548.0	42277469.0	GLI3	2.0			
7	43906157.0	43946188.0	URGCP-MRPS24	1.0			1.0
7	44084239.0	44109055.0	DBNL	1.0			2.0
7	44102326.0	44105186.0	PGAM2	1.0			2.0
7	44143960.0	44154161.0	AEBP1	1.0	2.0	1.0	3.0
7	44552134.0	44580914.0	NPC1L1	2.0	1.0	4.0	1.0
7	44617493.0	44621886.0	TMED4	1.0			1.0
7	45039074.0	45116068.0	CCM2	1.0	1.0	1.0	3.0
7	45139699.0	45151646.0	TBRG4	1.0			1.0
7	45951949.0	45961473.0	IGFBP3	1.0	1.0	1.0	1.0
7	46674212.0	46674544.0	HMGN1P19	1.0	2.0	1.0	1.0
7	47314752.0	47622156.0	TNS3	1.0			
7	50181136.0	50182419.0	AC020743.2	2.0			
7	50657760.0	50861159.0	GRB10	1.0	3.0	1.0	4.0
7	55086714.0	55324313.0	EGFR	1.0	2.0		2.0
7	69063905.0	70258054.0	AUTS2	4.0	1.0		1.0
7	71244476.0	71912136.0	CALN1	2.0			
7	72349936.0	72421979.0	POM121	1.0	1.0	1.0	1.0
7	72854728.0	72936608.0	BAZ1B	1.0	3.0	2.0	6.0
7	73007524.0	73038873.0	MLXIPL	1.0	10.0	9.0	12.0
7	73442119.0	73484237.0	ELN	2.0			
7	73497263.0	73536855.0	LIMK1	1.0			
7	73868120.0	74016931.0	GTF2IRD1	2.0			
7	74188309.0	74203659.0	NCF1	2.0			1.0
7	75024337.0	75040279.0	TRIM73	1.0			2.0
7	75046066.0	75115548.0	POM121C	2.0	2.0		2.0
7	75464981.0	75465459.0	AC005102.1	1.0	1.0		1.0
7	75471920.0	75518244.0	RHBDD2	1.0	1.0	1.0	1.0
7	75528518.0	75616173.0	POR	1.0	4.0	2.0	4.0
7	76531808.0	76548508.0	AC007003.1	1.0			
7	76607934.0	76673092.0	DTX2P1	3.0			
7	76610266.0	76673092.0	DTX2P1-UPK3BP1-PMS2P11	2.0			
7	76713203.0	76751433.0	FAM185BP	1.0			
7	76751751.0	76958850.0	CCDC146	1.0			
7	79763271.0	79848718.0	GNAI1	1.0			
7	83585093.0	84122040.0	SEMA3A	1.0			
7	84624869.0	84816171.0	SEMA3D	1.0			
7	86974997.0	87029111.0	CROT	2.0			
7	87031013.0	87109751.0	ABCB4	2.0			1.0
7	87133175.0	87342611.0	ABCB1	1.0	1.0	1.0	1.0
7	87256864.0	87461611.0	RUNDC3B	1.0			
7	87563458.0	87832204.0	ADAM22	2.0			
7	92234235.0	92465908.0	CDK6	1.0	11.0	6.0	11.0
7	94023873.0	94060544.0	COL1A2	1.0	1.0		1.0
7	94430826.0	94431124.0	RN7SKP129	1.0			
7	94536514.0	94925727.0	PPP1R9A	3.0			
7	94926988.0	95025673.0	PON1	1.0			
7	95401866.0	95739634.0	DYNC1I1	1.0			
7	95749532.0	95951459.0	SLC25A13	2.0			
7	97736197.0	97838945.0	LMTK2	1.0	1.0	1.0	1.0
7	99302660.0	99332819.0	CYP3A7	2.0			
7	99425636.0	99463718.0	CYP3A43	1.0			
7	99613204.0	99639312.0	ZKSCAN1	1.0	1.0		2.0
7	99775186.0	99819111.0	STAG3	1.0			4.0
7	99965153.0	99997719.0	PILRA	1.0	3.0	1.0	5.0
7	100277130.0	100287071.0	GIGYF1	1.0	1.0		5.0
7	100612904.0	100662230.0	MUC12	1.0	1.0		2.0
7	100805790.0	100808874.0	VGF	1.0			
7	101006101.0	101202304.0	COL26A1	1.0			1.0
7	101458959.0	101927249.0	CUX1	3.0	4.0	2.0	4.0
7	102389418.0	102449672.0	FAM185A	1.0	1.0	1.0	1.0
7	102453308.0	102715286.0	FBXL13	1.0			
7	102993177.0	103086624.0	SLC26A5	1.0			
7	103112231.0	103629963.0	RELN	3.0			
7	104654626.0	104754808.0	KMT2E	1.0			
7	104751151.0	105039755.0	SRPK2	1.0			
7	105245514.0	105517050.0	ATXN7L1	1.0	1.0	1.0	1.0
7	105517242.0	105676877.0	CDHR3	2.0			1.0
7	106300345.0	106301342.0	AC004917.1	1.0			2.0
7	106842000.0	107204959.0	COG5	2.0	2.0	2.0	2.0
7	107220422.0	107269615.0	BCAP29	1.0			1.0
7	107405912.0	107443670.0	SLC26A3	1.0			
7	110303110.0	111202573.0	IMMP2L	1.0			
7	113726382.0	114333827.0	FOXP2	4.0	1.0		1.0
7	115850547.0	115898837.0	TES	1.0			
7	115878314.0	116139519.0	AC002066.1	2.0			1.0
7	115927434.0	116148595.0	CAV2	1.0	1.0		1.0
7	116164839.0	116201233.0	CAV1	2.0			2.0
7	116312444.0	116438440.0	MET	5.0	1.0	1.0	1.0
7	116451124.0	116562103.0	CAPZA2	1.0	2.0	1.0	3.0
7	116593292.0	116870157.0	ST7	1.0			
7	116903971.0	116904442.0	MTND4P6	1.0			
7	116916685.0	116963343.0	WNT2	2.0			
7	117105838.0	117356025.0	CFTR	1.0			
7	117350705.0	117514193.0	CTTNBP2	1.0			
7	117824086.0	117832878.0	NAA38	2.0			
7	120427376.0	120498456.0	TSPAN12	1.0	1.0	1.0	1.0
7	120965421.0	120981158.0	WNT16	1.0	2.0	2.0	2.0
7	120988905.0	121036418.0	FAM3C	1.0	2.0	2.0	2.0
7	121513143.0	121702090.0	PTPRZ1	1.0			
7	121958481.0	122526813.0	CADPS2	1.0	1.0		1.0
7	126986844.0	127071978.0	ZNF800	2.0	1.0		1.0
7	127220672.0	127233665.0	GCC1	1.0			1.0
7	127250346.0	127255982.0	PAX4	1.0			1.0
7	128470431.0	128499328.0	FLNC	1.0			
7	128577666.0	128590089.0	IRF5	5.0	2.0	1.0	2.0
7	128594948.0	128695198.0	TNPO3	1.0			2.0
7	129470572.0	129592789.0	UBE2H	1.0	2.0	1.0	2.0
7	129625487.0	129625587.0	AC073320.1	1.0			4.0
7	129658126.0	129691291.0	ZC3HC1	1.0	3.0	1.0	4.0
7	130146089.0	130353598.0	COPG2	1.0			
7	130417401.0	130418888.0	KLF14	1.0	3.0	4.0	3.0
7	130794855.0	131181395.0	MKLN1	1.0	2.0		3.0
7	131808091.0	132333447.0	PLXNA4	1.0			
7	133812052.0	133949343.0	LRGUK	1.0			
7	134429003.0	134655479.0	CALD1	1.0	2.0	1.0	3.0
7	135413096.0	135433594.0	FAM180A	1.0			1.0
7	137065783.0	137531838.0	DGKI	2.0			
7	138728266.0	138794465.0	ZC3HAV1	1.0			
7	139246316.0	139477577.0	HIPK2	2.0			
7	139476850.0	139720125.0	TBXAS1	2.0			1.0
7	139723544.0	139763521.0	PARP12	2.0	1.0		1.0
7	140152840.0	140179369.0	MKRN1	1.0			
7	140774032.0	141180180.0	TMEM178B	1.0	1.0		1.0
7	142486452.0	142487347.0	WBP1LP1	1.0			
7	142568956.0	142583507.0	TRPV6	1.0			
7	143013219.0	143049176.0	CLCN1	1.0			1.0
7	145813453.0	148118090.0	CNTNAP2	1.0			
7	149169885.0	149194908.0	ZNF746	1.0			
7	150238842.0	150239186.0	ALDH7A1P3	1.0			1.0
7	150521715.0	150558592.0	AOC1	1.0	1.0		2.0
7	150642049.0	150675403.0	KCNH2	1.0	1.0		2.0
7	150688083.0	150711676.0	NOS3	2.0	2.0		2.0
7	150745379.0	150749843.0	ASIC3	1.0			2.0
7	150935850.0	150974982.0	SMARCD3	1.0	1.0	1.0	1.0
7	151253197.0	151574210.0	PRKAG2	1.0	2.0	3.0	2.0
7	151597360.0	151597459.0	RNU6-604P	1.0			
7	153584182.0	154685995.0	DPP6	1.0			
7	156264890.0	156433286.0	LINC01006	1.0	2.0	2.0	2.0
7	157331750.0	158380480.0	PTPRN2	1.0			
7	158649269.0	158749438.0	WDR60	1.0	1.0		1.0
8	2792875.0	4852494.0	CSMD1	1.0			
8	6264113.0	6501144.0	MCPH1	1.0			
8	6357172.0	6420930.0	ANGPT2	2.0			
8	9911778.0	10286401.0	MSRA	4.0	14.0	8.0	14.0
8	10622473.0	10697394.0	PINX1	3.0	6.0	4.0	10.0
8	10753555.0	11058875.0	XKR6	5.0	16.0	8.0	17.0
8	11351510.0	11422113.0	BLK	3.0	2.0	2.0	12.0
8	11433822.0	11438851.0	LINC00208	1.0	10.0	3.0	10.0
8	11627148.0	11644855.0	NEIL2	1.0	2.0	2.0	8.0
8	15965387.0	16424999.0	MSR1	1.0			
8	17086737.0	17104387.0	CNOT7	1.0			
8	17721889.0	17767874.0	FGL1	1.0			
8	17913934.0	17942494.0	ASAH1	1.0			
8	19759228.0	19824769.0	LPL	2.0	6.0	6.0	6.0
8	21766384.0	21771371.0	DOK2	1.0			2.0
8	21777180.0	21864096.0	XPO7	1.0	2.0	1.0	2.0
8	22022249.0	22069839.0	BMP1	1.0			
8	22477931.0	22526661.0	BIN3	1.0	1.0		2.0
8	22570769.0	22857513.0	PEBP4	2.0			1.0
8	22877646.0	22926692.0	TNFRSF10B	1.0			4.0
8	25042238.0	25275598.0	DOCK5	2.0	1.0	1.0	1.0
8	25316513.0	25365436.0	CDCA2	2.0			
8	25699246.0	25902913.0	EBF2	3.0	1.0	1.0	1.0
8	26371791.0	26515694.0	DPYSL2	1.0			
8	27168999.0	27316903.0	PTK2B	2.0			
8	27417791.0	27446590.0	GULOP	1.0	1.0		1.0
8	27454434.0	27472548.0	CLU	4.0			1.0
8	27727399.0	27850244.0	SCARA5	1.0			
8	30241944.0	30429778.0	RBPMS	2.0	4.0	2.0	4.0
8	30853321.0	30891231.0	PURG	1.0			
8	31496902.0	32622548.0	NRG1	3.0	1.0	1.0	1.0
8	36845495.0	36845930.0	AC090453.1	1.0			
8	38001167.0	38008783.0	STAR	1.0			
8	38964509.0	39142430.0	ADAM32	1.0			
8	40388109.0	40755352.0	ZMAT4	1.0	2.0	1.0	2.0
8	42128820.0	42189973.0	IKBKB	2.0			
8	55528627.0	55543394.0	RP1	2.0			
8	56014949.0	56454613.0	XKR4	1.0			
8	57870492.0	57906403.0	IMPAD1	1.0			
8	59402737.0	59412795.0	CYP7A1	1.0	4.0	8.0	4.0
8	59717977.0	60031767.0	TOX	1.0			
8	61429416.0	61536186.0	RAB2A	2.0	1.0		1.0
8	61822612.0	61879116.0	AC022182.1	1.0			1.0
8	61969717.0	62414204.0	CLVS1	2.0			
8	65500320.0	65711318.0	CYP7B1	1.0			
8	67039131.0	67087720.0	TRIM55	1.0			
8	71547553.0	71581409.0	LACTB2	1.0			
8	72109668.0	72274467.0	EYA1	2.0	1.0	1.0	1.0
8	74206847.0	74237516.0	RDH10	1.0			
8	74332604.0	74659943.0	STAU2	2.0	1.0		1.0
8	75233365.0	75401107.0	GDAP1	1.0			
8	76320149.0	76479078.0	HNF4G	1.0	1.0		1.0
8	77403435.0	77595513.0	ZFHX4-AS1	2.0			
8	77593454.0	77779521.0	ZFHX4	1.0			
8	81397854.0	81438500.0	ZBTB10	1.0			1.0
8	87497059.0	87573726.0	CPNE3	1.0			
8	87566205.0	87755903.0	CNGB3	1.0			
8	89044237.0	89340254.0	MMP16	1.0	1.0		1.0
8	91233716.0	91581546.0	LINC00534	1.0			
8	95907995.0	96128683.0	NDUFAF6	1.0	3.0	1.0	3.0
8	99413631.0	99955055.0	STK3	1.0			
8	100025494.0	100889808.0	VPS13B	1.0			
8	100973164.0	101143496.0	RGS22	1.0			
8	101145588.0	101158028.0	FBXO43	1.0			
8	101162812.0	101166230.0	POLR2K	1.0			
8	101170134.0	101271506.0	SPAG1	1.0			
8	102504660.0	102681954.0	GRHL2	2.0			
8	102698771.0	103137135.0	NCALD	1.0			
8	104512976.0	105268322.0	RIMS2	2.0			
8	106330920.0	106816760.0	ZFPM2	2.0	3.0	2.0	3.0
8	108261721.0	108510283.0	ANGPT1	2.0	2.0	1.0	2.0
8	109213445.0	109447562.0	EIF3E	1.0			
8	110374706.0	110542559.0	PKHD1L1	1.0			
8	110586207.0	110704020.0	SYBU	1.0			
8	116420724.0	116821899.0	TRPS1	1.0	12.0	12.0	12.0
8	117654369.0	117779164.0	EIF3H	2.0	1.0		
8	118806729.0	119124092.0	EXT1	1.0			
8	120177273.0	120257913.0	MAL2	1.0			
8	124191200.0	124222314.0	FAM83A	1.0			
8	124428965.0	124479470.0	WDYHV1	1.0			
8	124510129.0	124553446.0	FBXO32	1.0			
8	125563031.0	125740730.0	MTSS1	1.0			
8	127859300.0	128033259.0	PCAT1	2.0			
8	128302062.0	128494384.0	CASC8	2.0			
8	128426535.0	128432311.0	POU5F1B	3.0			
8	128698588.0	128746213.0	CASC11	2.0			
8	128806779.0	129113499.0	PVT1	3.0	5.0	3.0	5.0
8	130363937.0	130692485.0	CCDC26	5.0	5.0	4.0	7.0
8	131792547.0	132054672.0	ADCY8	1.0			
8	133584320.0	133687838.0	LRRC6	1.0			
8	133787618.0	133861052.0	PHF20L1	1.0			
8	133879203.0	134147147.0	TG	1.0			
8	134249414.0	134314265.0	NDRG1	1.0			
8	140742586.0	141468678.0	TRAPPC9	1.0			
8	141541264.0	141645718.0	AGO2	1.0	1.0	1.0	1.0
8	141667999.0	142012315.0	PTK2	2.0			1.0
8	142127377.0	142205907.0	DENND3	1.0			2.0
8	142366600.0	142377367.0	GPR20	1.0			2.0
8	143738874.0	143763386.0	JRK	2.0			
8	143751726.0	143764142.0	PSCA	3.0			
8	143915663.0	143997922.0	GML	1.0			
8	143991975.0	143999259.0	CYP11B2	1.0			
8	144519825.0	144623623.0	ZC3H3	1.0			
8	144915764.0	144924200.0	NRBP2	1.0			1.0
8	144989321.0	145050902.0	PLEC	1.0	5.0	3.0	7.0
8	145051321.0	145086940.0	PARP10	1.0	2.0	1.0	7.0
8	145086582.0	145101933.0	SPATC1	1.0			4.0
8	145153536.0	145163027.0	SHARPIN	2.0			3.0
8	145202919.0	145316843.0	MROH1	1.0	2.0		2.0
8	145728356.0	145732557.0	GPT	1.0			1.0
9	121041.0	188979.0	CBWD1	1.0			2.0
9	214854.0	465259.0	DOCK8	1.0	5.0	2.0	6.0
9	470291.0	746105.0	KANK1	3.0			
9	841690.0	969090.0	DMRT1	2.0	1.0	1.0	1.0
9	3824127.0	4348392.0	GLIS3	6.0	5.0	1.0	5.0
9	4378423.0	4378494.0	AL162419.1	1.0			
9	4985033.0	5128183.0	JAK2	2.0	2.0	1.0	2.0
9	5357973.0	5437878.0	PLGRKT	1.0			
9	6215805.0	6257983.0	IL33	1.0	1.0	1.0	1.0
9	6532464.0	6645650.0	GLDC	1.0	1.0	1.0	1.0
9	8314246.0	10612723.0	PTPRD	1.0			
9	12685439.0	12710290.0	TYRP1	1.0	1.0	1.0	1.0
9	15163620.0	15307358.0	TTC39B	1.0	2.0	3.0	2.0
9	16203933.0	16276311.0	C9orf92	1.0			
9	16409501.0	16870841.0	BNC2	4.0	6.0	3.0	6.0
9	19053141.0	19103117.0	HAUS6	1.0	1.0	1.0	1.0
9	19507450.0	19786926.0	SLC24A2	1.0			
9	20658308.0	20995954.0	FOCAD	2.0			
9	21455641.0	21559668.0	MIR31HG	1.0			
9	21699313.0	21699569.0	RN7SL151P	1.0			
9	21802542.0	21931646.0	MTAP	4.0	1.0	1.0	2.0
9	21808057.0	21808123.0	AL359922.1	5.0			1.0
9	21967751.0	21995300.0	CDKN2A	1.0	5.0	2.0	5.0
9	21994777.0	22121096.0	CDKN2B-AS1	7.0	6.0	6.0	7.0
9	22002902.0	22009362.0	CDKN2B	2.0			5.0
9	22012154.0	22012535.0	UBA52P6	1.0			5.0
9	22953018.0	22953102.0	AL391117.1	2.0			
9	27325207.0	27529779.0	MOB3B	3.0			
9	30773462.0	30774730.0	KRT18P66	1.0			
9	33104080.0	33167354.0	B4GALT1	1.0	1.0		2.0
9	34086385.0	34127397.0	DCAF12	1.0			
9	34621376.0	34628104.0	ARID3C	1.0			
9	35657748.0	35658015.0	RMRP	1.0			1.0
9	35906189.0	35907138.0	HRCT1	1.0			1.0
9	36833272.0	37034103.0	PAX5	1.0			
9	37120536.0	37358146.0	ZCCHC7	2.0			
9	37919131.0	38069210.0	SHB	1.0			
9	67327775.0	67334983.0	BMS1P10	1.0			
9	70943224.0	71145977.0	PGM5	1.0			2.0
9	75136717.0	75451267.0	TMC1	2.0			
9	75515578.0	75695358.0	ALDH1A1	1.0			
9	77112281.0	77308093.0	RORB	1.0			
9	78505560.0	78977255.0	PCSK5	1.0	3.0	2.0	3.0
9	85857905.0	86153461.0	FRMD3	1.0			
9	86890372.0	86955672.0	SLC28A3	1.0			
9	92219928.0	92221470.0	GADD45G	1.0	1.0	1.0	1.0
9	93976097.0	94124195.0	AUH	1.0	2.0	1.0	2.0
9	94325373.0	94712444.0	ROR2	1.0	1.0		1.0
9	94972489.0	95056038.0	IARS	2.0	1.0		1.0
9	95473645.0	95527094.0	BICD2	1.0	1.0		1.0
9	95947198.0	96082854.0	WNK2	1.0			
9	96338689.0	96441869.0	PHF2	2.0	2.0	1.0	2.0
9	96581639.0	96581703.0	MIR4291	1.0			
9	97488983.0	97849441.0	C9orf3	2.0	3.0	2.0	3.0
9	97861336.0	98079991.0	FANCC	2.0	1.0		2.0
9	98205262.0	98279339.0	PTCH1	2.0	5.0	3.0	5.0
9	99212483.0	99253618.0	HABP4	1.0	2.0		3.0
9	100263462.0	100364030.0	TMOD1	2.0			
9	100395908.0	100436030.0	NCBP1	1.0			
9	100437191.0	100459639.0	XPA	1.0			
9	100689073.0	100707138.0	HEMGN	1.0	2.0		5.0
9	100883257.0	100954922.0	CORO2A	1.0			
9	101569981.0	101612363.0	GALNT12	1.0			
9	102117619.0	102139522.0	NAMA	1.0			
9	104182860.0	104198105.0	ALDOB	1.0			1.0
9	106856541.0	106903698.0	SMC2	1.0			
9	107543283.0	107690518.0	ABCA1	3.0	3.0	6.0	4.0
9	110425421.0	110425527.0	RNU6-996P	1.0			
9	110596790.0	110597110.0	RPL36AP6	1.0			
9	110681147.0	110681259.0	RNA5SP293	1.0			
9	112403068.0	112713755.0	PALM2	3.0	1.0		1.0
9	112542589.0	112934792.0	PALM2-AKAP2	1.0	2.0	1.0	2.0
9	113127531.0	113342160.0	SVEP1	2.0			
9	113635543.0	113800981.0	LPAR1	1.0	3.0	2.0	3.0
9	114659046.0	114697649.0	UGCG	1.0			
9	114803065.0	114937688.0	SUSD1	1.0	1.0		1.0
9	115759495.0	115774507.0	ZNF883	1.0			
9	116917840.0	117074791.0	COL27A1	2.0			
9	117546915.0	117568406.0	TNFSF15	1.0			
9	117782806.0	117880536.0	TNC	2.0	1.0		1.0
9	117904097.0	118164923.0	DEC1	3.0	1.0		1.0
9	118916083.0	119164601.0	PAPPA	1.0	2.0	1.0	2.0
9	119160439.0	119162885.0	PAPPA-AS1	1.0			2.0
9	119187504.0	120177348.0	ASTN2	3.0	3.0	1.0	3.0
9	121915736.0	122131745.0	BRINP1	1.0			
9	123617977.0	123639606.0	PHF19	1.0			
9	123664671.0	123691451.0	TRAF1	1.0			
9	123837141.0	123939888.0	CNTRL	1.0			
9	124329336.0	124547809.0	DAB2IP	2.0			
9	124584207.0	124855885.0	TTLL11	2.0			
9	125560668.0	125590910.0	PDCL	1.0			
9	125703112.0	125867145.0	RABGAP1	2.0			
9	125871779.0	126030855.0	STRBP	1.0			
9	126141933.0	126692431.0	DENND1A	4.0			
9	127019885.0	127115586.0	NEK6	5.0	2.0	1.0	2.0
9	127115745.0	127177723.0	PSMB7	1.0	1.0		1.0
9	127279554.0	127533589.0	NR6A1	1.0			
9	127539437.0	127577164.0	OLFML2A	1.0			
9	127640646.0	127710771.0	GOLGA1	1.0			
9	127704887.0	127905785.0	SCAI	3.0			
9	128509624.0	128729656.0	PBX3	1.0			
9	129338809.0	129338909.0	AL161908.1	1.0	1.0		3.0
9	129376722.0	129463311.0	LMX1B	4.0	1.0		2.0
9	129622944.0	129648157.0	ZBTB34	1.0			
9	129677053.0	129985445.0	RALGPS1	3.0			
9	130647600.0	130667687.0	ST6GALNAC6	1.0			1.0
9	130928343.0	130966662.0	CIZ1	1.0			
9	130965658.0	131017527.0	DNM1	1.0			
9	131071382.0	131085021.0	TRUB2	1.0			
9	131102925.0	131123749.0	SLC27A4	1.0			
9	131133598.0	131153015.0	URM1	1.0			
9	131992851.0	131992996.0	AL158151.1	1.0			
9	133046882.0	133309510.0	HMCN2	1.0			
9	133454352.0	133513739.0	FUBP3	1.0	4.0	3.0	4.0
9	134452157.0	134615461.0	RAPGEF1	1.0			
9	135037334.0	135119921.0	NTNG2	1.0			
9	135468384.0	135545788.0	DDX31	1.0			
9	135600965.0	135754164.0	AK8	1.0			
9	135820932.0	135867083.0	GFI1B	1.0	8.0	6.0	8.0
9	135973107.0	136039301.0	RALGDS	1.0	3.0	2.0	5.0
9	136028340.0	136039332.0	GBGT1	1.0	4.0	2.0	5.0
9	136125788.0	136150617.0	ABO	12.0	19.0	17.0	19.0
9	136197552.0	136203235.0	SURF6	1.0	1.0		13.0
9	136215069.0	136218281.0	RPL7A	1.0	1.0		6.0
9	136228325.0	136242970.0	SURF4	1.0			6.0
9	136397286.0	136440641.0	ADAMTSL2	2.0	1.0	1.0	3.0
9	136501482.0	136524466.0	DBH	2.0			2.0
9	136627016.0	136857726.0	VAV2	3.0			2.0
9	138898383.0	138987131.0	NACC2	1.0			
9	139088096.0	139096955.0	LHX3	1.0	1.0		3.0
9	139256355.0	139268133.0	CARD9	1.0			5.0
9	139270029.0	139293249.0	SNAPC4	2.0	1.0	1.0	7.0
9	139745395.0	139755249.0	MAMDC4	1.0			
9	139901686.0	139923367.0	ABCA2	1.0			
9	139921916.0	139931234.0	C9orf139	1.0			
9	140201348.0	140317714.0	EXD3	5.0			
9	140354404.0	140444986.0	PNPLA7	1.0			
9	140500106.0	140509812.0	ARRDC1	2.0			
9	140513444.0	140764468.0	EHMT1	1.0			
9	140772241.0	141019076.0	CACNA1B	1.0			
X	1314890.0	1331616.0	CRLF2	1.0			
X	1387693.0	1429274.0	CSF2RA	1.0			
X	3522411.0	3631649.0	PRKX	1.0			
X	9693386.0	9754337.0	GPR143	1.0			
X	9754496.0	9917483.0	SHROOM2	2.0			
X	9983602.0	10112518.0	WWC3	1.0			
X	10413350.0	10851773.0	MID1	1.0			
X	11136239.0	11683821.0	ARHGAP6	3.0			
X	13730363.0	13752754.0	TRAPPC2	1.0			
X	13789150.0	13956757.0	GPM6B	1.0			
X	14861529.0	14891191.0	FANCB	1.0			
X	16804550.0	16862642.0	TXLNG	1.0			
X	16964814.0	17171395.0	REPS2	1.0			
X	17393543.0	17754114.0	NHS	1.0			
X	17755588.0	17773105.0	SCML1	1.0			
X	17818169.0	17879457.0	RAI2	1.0			
X	19378174.0	19533379.0	MAP3K15	1.0			
X	20168029.0	20285523.0	RPS6KA3	1.0			
X	22050559.0	22269427.0	PHEX	1.0			
X	24576204.0	24690794.0	PCYT1B	3.0			
X	24712036.0	25015103.0	POLA1	1.0			
X	30576941.0	30595961.0	CXorf21	2.0			
X	30671476.0	30748725.0	GK	1.0			
X	31089360.0	31090170.0	FTHL17	1.0			
X	31115794.0	33357558.0	DMD	2.0			
X	37026432.0	37029739.0	FAM47C	1.0			
X	37865835.0	37988072.0	SYTL5	2.0			
X	38008589.0	38080696.0	SRPX	2.0			
X	38338468.0	38339166.0	AF241726.2	1.0			
X	43808022.0	43832750.0	NDP	1.0			
X	48045656.0	48056199.0	SSX5	1.0			
X	49955406.0	49965664.0	AKAP4	1.0			
X	51546103.0	51645453.0	MAGED1	1.0			
X	53458206.0	53461320.0	HSD17B10	1.0			
X	54775332.0	54824673.0	ITIH6	1.0			
X	54834032.0	54842445.0	MAGED2	1.0			
X	54959394.0	55024967.0	PFKFB1	2.0			
X	57002803.0	57021970.0	SPIN3	1.0			
X	57313139.0	57515629.0	FAAH2	1.0			
X	66764465.0	66950461.0	AR	1.0			
X	68380694.0	68385636.0	PJA1	1.0			
X	68835911.0	69259319.0	EDA	1.0			
X	69748790.0	70128581.0	TEX11	4.0			
X	78426469.0	78427726.0	GPR174	1.0			
X	78615881.0	78623164.0	ITM2A	1.0			
X	79270255.0	79287268.0	TBX22	1.0			
X	84532402.0	84634748.0	POF1B	1.0			
X	85403462.0	86087607.0	DACH2	1.0			
X	95939662.0	96859996.0	DIAPH2	1.0			
X	99883667.0	99894988.0	TSPAN6	1.0			
X	100580392.0	100580498.0	RNU6-934P	1.0			
X	102754678.0	102774417.0	RAB40A	1.0			
X	106057101.0	106243474.0	MORC4	2.0			
X	108616135.0	108725301.0	GUCY2F	1.0			
X	109763540.0	109766249.0	TDGF1P3	1.0			
X	112017731.0	112084043.0	AMOT	1.0			
X	113818551.0	114144624.0	HTR2C	1.0			
X	115174736.0	115175671.0	AKR1B1P8	1.0			
X	117629861.0	117820126.0	DOCK11	1.0			
X	117861535.0	117928502.0	IL13RA1	1.0			
X	117957753.0	117960931.0	ZCCHC12	1.0			
X	118749687.0	118827333.0	SEPT6	1.0			
X	123509753.0	124097666.0	TENM1	1.0			
X	129115083.0	129192058.0	BCORL1	1.0			
X	129336685.0	129402873.0	ZNF280C	1.0			
X	131211021.0	131262048.0	FRMD7	1.0			
X	131351175.0	131566890.0	RAP2C-AS1	3.0			
X	131760044.0	132095423.0	HS6ST2	1.0			
X	133684003.0	133693953.0	LINC00629	1.0			
X	133699868.0	133898352.0	PLAC1	1.0			
X	133903596.0	133931262.0	FAM122B	1.0			
X	135229559.0	135293518.0	FHL1	1.0			
X	138612917.0	138645617.0	F9	1.0			
X	152599613.0	152625568.0	ZNF275	1.0			
X	152783134.0	152848397.0	ATP2B3	1.0			
X	153172821.0	153200452.0	ARHGAP4	1.0			
X	153275951.0	153285431.0	IRAK1	1.0			
X	153287024.0	153363212.0	MECP2	2.0			
X	153903529.0	153979858.0	GAB3	1.0			
X	154064063.0	154255215.0	F8	1.0			
X	154254255.0	154288578.0	FUNDC2	1.0			
X	154425284.0	154468098.0	VBP1	1.0			
X	154719776.0	154899605.0	TMLHE	1.0			
			AL031281.2	3.0			
			AL133304.3	2.0			
			PTCSC2	4.0			
			AC007563.2	2.0			
			AC022414.1	1.0			
			LINC02036	1.0			
			AL132857.1	1.0			
			LINC01229	1.0			
			CFAP47	1.0			
			RPSAP25	1.0			
			AL157371.2	1.0			
			AL158064.1	2.0			
			SOX9-AS1	5.0			
			AL133304.2	1.0			
			AC025419.1	1.0			
			AC103957.2	2.0			
			AC087564.1	2.0			
			AL592429.2	1.0			
			STN1	5.0			
			AL133464.1	1.0			
			SGO2	1.0			
			RF00019	6.0			
			AL157937.1	2.0			
			AP003071.2	1.0			
			AC104574.2	1.0			
			AC004253.2	1.0			
			AL135926.1	1.0			
			AC105411.1	1.0			
			RBM15-AS1	1.0			
			AC011481.3	6.0			
			AC024901.1	2.0			
			AC024382.1	1.0			
			AC021506.1	1.0			
			GAREM1	1.0			
			LINC01483	1.0			
			LINC01270	1.0			
			AC239584.1	1.0			
			DIRC3-AS1	3.0			
			CRYZL2P	1.0			
			NECTIN2	2.0			
			BX842242.1	2.0			
			AC022031.2	1.0			
			AC015819.4	1.0			
			AL365259.1	1.0			
			AL160270.2	1.0			
			AC079168.2	1.0			
			AC104581.4	1.0			
			ADGRL3	1.0			
			AC103718.1	1.0			
			AL359182.1	1.0			
			TMEM202-AS1	1.0			
			ADAMTS7P3	1.0			
			BX248415.1	1.0			
			MCUB	1.0			
			AC093655.1	2.0			
			LINC01091	2.0			
			PECAM1	1.0			
			AC002996.1	2.0			
			HSD52	1.0			
			LINC01358	2.0			
			AC116366.1	1.0			
			AC013436.1	1.0			
			FLJ12825	2.0			
			AP002989.1	1.0			
			LINC01412	1.0			
			AC091114.1	3.0			
			AC022748.1	1.0			
			TARID	2.0			
			AC013565.1	1.0			
			LINC02188	1.0			
			PDXDC2P-NPIPB14P	1.0			
			PLPP3	1.0			
			AP000317.2	2.0			
			LINC02577	2.0			
			CCND3P1	1.0			
			AC073115.2	2.0			
			LINC02257	2.0			
			C20orf204	2.0			
			AL121790.1	2.0			
			MIR4435-2HG	4.0			
			AC025946.1	1.0			
			AC005726.1	1.0			
			AL358876.1	2.0			
			FAM241A	1.0			
			LINC02356	3.0			
			AC010326.1	1.0			
			AC022748.2	2.0			
			SUGCT	2.0			
			AC090912.1	2.0			
			AC011586.2	1.0			
			LINC00540	2.0			
			AC034114.2	4.0			
			AC016831.1	2.0			
			AC044784.2	2.0			
			AC020916.1	1.0			
			FRG1JP	1.0			
			AL078624.1	1.0			
			AC009108.4	1.0			
			CNTNAP3P2	1.0			
			SAMMSON	1.0			
			LINC02318	2.0			
			AL139383.1	1.0			
			B3GLCT	3.0			
			COQ8B	2.0			
			CYP2B7P	1.0			
			AC007785.3	2.0			
			AC007785.1	1.0			
			PPIAP55	1.0			
			AC010422.6	1.0			
			TNS2	3.0			
			CT45A11P	1.0			
			AL591416.1	1.0			
			LINC02341	5.0			
			AC007220.1	1.0			
			ERICH3-AS1	1.0			
			AL035401.1	2.0			
			HELLPAR	1.0			
			LINC01829	1.0			
			AL022068.1	3.0			
			AP003122.1	1.0			
			LINC01162	2.0			
			CCAT2	2.0			
			PRNCR1	1.0			
			AC004801.5	1.0			
			JADE2	1.0			
			PKN2-AS1	4.0			
			AC073288.1	1.0			
			LINC01749	1.0			
			GLYATL1B	1.0			
			PCAT19	2.0			
			RPL23AP61	1.0			
			DUBR	1.0			
			LINC00506	1.0			
			AL929302.1	1.0			
			AC091132.4	1.0			
			GVQW3	1.0			
			LINC01517	1.0			
			AC087645.2	1.0			
			AC068473.3	1.0			
			RFLNA	3.0			
			AC018521.1	1.0			
			AC010280.3	1.0			
			AC044784.1	1.0			
			AC002383.1	1.0			
			AC002069.1	1.0			
			AP002512.3	1.0			
			LINC02489	1.0			
			AC069368.1	1.0			
			AP001528.1	1.0			
			ZPR1	2.0			
			SKINT1L	1.0			
			AL024498.2	1.0			
			GPR1-AS	2.0			
			LINC01481	1.0			
			LINC02513	1.0			
			LINC02507	1.0			
			AC007100.1	3.0			
			LINC01122	4.0			
			AC114271.1	1.0			
			AL445529.1	1.0			
			LINC01524	3.0			
			RMC1	3.0			
			AC097662.1	1.0			
			CABCOCO1	2.0			
			AC015977.1	1.0			
			AC003686.1	1.0			
			AC122685.1	2.0			
			AL109840.2	1.0			
			LINC02022	1.0			
			GUCY1A1	1.0			
			PRELID3B	1.0			
			ADGRV1	2.0			
			U52111.1	1.0			
			AC024475.4	1.0			
			AC119674.2	2.0			
			AL590556.2	1.0			
			AL035666.1	1.0			
			AC025034.1	1.0			
			AC094104.1	1.0			
			AC099518.3	1.0			
			BBOX1-AS1	2.0			
			AL050403.1	1.0			
			AL050403.2	1.0			
			USF3	1.0			
			LINC01169	1.0			
			AC009126.1	1.0			
			LINC02227	2.0			
			AC005746.2	1.0			
			AL512328.1	1.0			
			AL121917.1	1.0			
			AC100803.2	1.0			
			SATB1-AS1	5.0			
			AC026746.1	1.0			
			AC021755.1	1.0			
			COP1	2.0			
			KIZ	1.0			
			AC016766.1	1.0			
			AL049825.1	3.0			
			AC011603.3	2.0			
			LINC01700	2.0			
			SEM1	2.0			
			LINC01708	2.0			
			AC093277.1	2.0			
			PRXL2B	1.0			
			DSG1-AS1	1.0			
			AL136359.1	1.0			
			DARS-AS1	2.0			
			AC243312.1	4.0			
			AC022400.3	1.0			
			AC090877.2	2.0			
			AC007344.1	3.0			
			AC015845.2	1.0			
			AL035411.1	1.0			
			FO393400.1	1.0			
			AP005328.1	1.0			
			AC003973.2	1.0			
			AP003306.1	1.0			
			MRTFA	3.0			
			AL109837.2	1.0			
			SMG1P3	1.0			
			AC007491.1	1.0			
			DLX2-DT	1.0			
			PPIAP88	1.0			
			AP003500.1	1.0			
			LINC-PINT	1.0			
			LINC01426	2.0			
			LINC01505	1.0			
			LINC01185	2.0			
			ZNF812P	2.0			
			CARMIL2	1.0			
			MAFTRR	1.0			
			AC108516.1	1.0			
			LINC01841	1.0			
			AC008543.1	1.0			
			RTL9	2.0			
			AL160408.6	1.0			
			AC091939.1	1.0			
			AC012625.1	1.0			
			AL590385.2	2.0			
			LNCAROD	2.0			
			DEFB108E	1.0			
			LINC01956	1.0			
			TENT5A	1.0			
			AC022784.1	2.0			
			SAMD12-AS1	1.0			
			Z94721.1	2.0			
			MIR29B2CHG	1.0			
			RF00024	1.0			
			AC104129.1	2.0			
			PCNX1	1.0			
			AC099520.1	1.0			
			LINC01470	1.0			
			AC243960.1	1.0			
			ARHGAP45	2.0			
			LINC02210-CRHR1	1.0			
			LINC01780	1.0			
			AC005165.1	2.0			
			MIR6078	1.0			
			AC008758.1	1.0			
			AC092952.1	1.0			
			AL356417.3	2.0			
			AC135782.3	1.0			
			SPATA48	2.0			
			LINC02265	1.0			
			LNCNEF	1.0			
			LINC01934	2.0			
			AC063979.2	1.0			
			AP000820.2	1.0			
			PLPPR1	1.0			
			AC108751.3	1.0			
			AC013489.2	1.0			
			AC034102.3	2.0			
			MIR3681HG	3.0			
			AC108047.1	1.0			
			LINC02357	2.0			
			AC008608.1	1.0			
			LINC01991	2.0			
			AL139246.3	1.0			
			LINC00869	1.0			
			AP002954.1	3.0			
			CASC19	2.0			
			LINC01301	2.0			
			AL513542.1	2.0			
			MIR193BHG	1.0			
			AL136982.6	1.0			
			AD000090.1	1.0			
			AC104123.1	2.0			
			AC012560.1	1.0			
			JCAD	1.0			
			IDH2-DT	1.0			
			AC105343.1	1.0			
			AL109933.2	2.0			
			AL359636.1	1.0			
			AL359644.1	3.0			
			ECPAS	1.0			
			AC025281.1	1.0			
			LINC02459	2.0			
			GRAMD2B	2.0			
			LINC01184	3.0			
			AC010451.3	2.0			
			AC015687.1	3.0			
			AL080248.1	1.0			
			LINC02517	2.0			
			AC090833.1	2.0			
			AL133346.1	2.0			
			AC099335.1	1.0			
			AC110285.1	1.0			
			AL356234.2	2.0			
			Z84488.2	1.0			
			AL035530.2	1.0			
			AL032822.1	2.0			
			GMDS-DT	1.0			
			AC012055.1	1.0			
			AC012339.2	1.0			
			LINC01979	1.0			
			AC103987.3	1.0			
			AC068418.2	1.0			
			AP003555.3	1.0			
			NEURL1-AS1	1.0			
			LINC00824	4.0			
			MIR548XHG	1.0			
			LINC01482	1.0			
			AP000662.1	1.0			
			AP001189.2	2.0			
			GTF3AP1	1.0			
			AL162384.1	2.0			
			AL031599.1	2.0			
			AC091825.1	1.0			
			FLJ40194	1.0			
			KMT5A	3.0			
			TH2LCRR	1.0			
			LINC01258	1.0			
			LINC01438	2.0			
			LINC02267	1.0			
			AC097478.1	2.0			
			LINC02607	1.0			
			AC008278.1	1.0			
			DRAIC	2.0			
			AC009163.4	1.0			
			PRMT5P1	1.0			
			AC093908.1	1.0			
			AL157394.1	1.0			
			GUCY1B1	1.0			
			AL033539.1	1.0			
			AC068985.1	1.0			
			AC097375.1	1.0			
			AC005062.1	2.0			
			AL596218.1	2.0			
			AC011287.1	1.0			
			KDM7A	1.0			
			LINC02398	1.0			
			AP002026.1	1.0			
			LINC02544	1.0			
			AP002986.1	1.0			
			LINC01808	2.0			
			SCHLAP1	1.0			
			PJVK	1.0			
			AC093459.1	1.0			
			AC104389.4	1.0			
			AC097375.2	1.0			
			LINC01278	1.0			
			AC005670.2	1.0			
			AC090518.1	1.0			
			CEMIP2	1.0			
			AC010451.1	1.0			
			AL035078.4	1.0			
			AC073862.3	1.0			
			AL451074.1	1.0			
			DISP3	1.0			
			CASC20	1.0			
			AL355997.1	1.0			
			AC245884.5	1.0			
			AL080243.2	1.0			
			AC006972.1	1.0			
			LINC01376	3.0			
			STX17-AS1	1.0			
			CCND2-AS1	2.0			
			AC099560.1	1.0			
			AL358613.3	1.0			
			AC091180.2	1.0			
			AC002310.4	1.0			
			AC117386.1	1.0			
			LKAAEAR1	1.0			
			AL121983.2	1.0			
			AP001636.3	1.0			
			AL513329.1	1.0			
			AL359633.2	1.0			
			LINC01488	1.0			
			NACAP6	1.0			
			AC137579.1	1.0			
			RF01210	1.0			
			AL033504.1	1.0			
			AC008794.1	1.0			
			CFAP299	3.0			
			LINC01141	1.0			
			AC018730.2	1.0			
			SUMO2P13	1.0			
			AC048383.1	1.0			
			MIR3142HG	1.0			
			AC091180.5	1.0			
			SPOUT1	1.0			
			AC099489.1	2.0			
			LRMDA	1.0			
			AC116366.3	1.0			
			AC020661.1	2.0			
			LINC02240	1.0			
			AC005524.1	2.0			
			AC011294.1	1.0			
			AC007422.2	1.0			
			AC026765.1	1.0			
			THEM7P	3.0			
			AC100861.2	1.0			
			AC111194.2	2.0			
			AL049792.1	1.0			
			CROCC2	2.0			
			AC087379.1	1.0			
			LINC01478	1.0			
			AC073115.1	1.0			
			AL033527.5	1.0			
			MIR4713HG	2.0			
			AC008467.1	1.0			
			AC243772.2	1.0			
			HORMAD2-AS1	1.0			
			AC087482.1	2.0			
			AC022201.1	1.0			
			WARS2-AS1	1.0			
			LINC02546	1.0			
			AP003973.2	1.0			
			AL353072.2	1.0			
			AC107029.1	1.0			
			AC114812.1	1.0			
			MACO1	2.0			
			AC108751.4	1.0			
			LINC01900	1.0			
			LINC02068	1.0			
			AP003555.2	2.0			
			CLCN3P1	1.0			
			AP002761.2	1.0			
			NWD2	1.0			
			C20orf181	1.0			
			RF01233	1.0			
			AC010271.1	1.0			
			C1QTNF12	1.0			
			AC100830.1	1.0			
			AC108935.1	1.0			
			IQCN	1.0			
			AC026688.2	1.0			
			AL592287.1	1.0			
			AC107959.4	1.0			
			AL163541.1	1.0			
			ASH2LP2	1.0			
			AL589740.1	2.0			
			AC022878.1	1.0			
			AC006299.1	1.0			
			LINC02003	1.0			
			AC016550.2	1.0			
			UTP25	1.0			
			AC096639.1	1.0			
			AC244034.1	1.0			
			AL157911.1	1.0			
			LRRC52-AS1	1.0			
			AC003084.1	1.0			
			RIPOR3	2.0			
			AC108025.1	1.0			
			LHFPL6	1.0			
			AC087379.2	1.0			
			AL356052.1	1.0			
			AC145343.1	1.0			
			AC103409.1	1.0			
			AC090398.1	1.0			
			LINC02613	1.0			
			AC090589.3	1.0			
			AC097467.3	1.0			
			AC103855.2	1.0			
			ADGRG4	1.0			
			LINC01504	1.0			
			AC245123.1	1.0			
			AC022335.1	1.0			
			AC025569.1	1.0			
			AC013652.1	1.0			
			AL365356.5	1.0			
			Z99127.1	1.0			
			AC053527.1	1.0			
			AC006305.1	1.0			
			AC005410.1	1.0			
			RF00006	1.0			
			LINC01565	1.0			
			SMCO4P1	1.0			
			AC136628.3	1.0			
			LINC01787	1.0			
			AL034417.2	2.0			
			AC138028.6	1.0			
			LINC02029	1.0			
			AL691420.1	2.0			
			AC026316.4	1.0			
			ADGRL2	2.0			
			AC126773.1	1.0			
			THORLNC	1.0			
			MIR325HG	2.0			
			AL078590.3	1.0			
			AC136759.1	2.0			
			AC008014.1	3.0			
			AL031123.1	2.0			
			LINC01620	1.0			
			INAVA	1.0			
			LINC02205	1.0			
			AC092723.4	1.0			
			ADGRE2	1.0			
			C5orf66	3.0			
			LINC01630	1.0			
			AC079160.1	2.0			
			AC022509.2	1.0			
			ABHD15-AS1	1.0			
			AL390728.4	1.0			
			AC106733.1	1.0			
			FAM167A-AS1	1.0			
			Z94721.2	1.0			
			AC013762.1	1.0			
			AC109329.1	1.0			
			AC114977.1	2.0			
			ATP5MG	2.0			
			AC113143.2	1.0			
			ATE1-AS1	1.0			
			AC244502.1	1.0			
			LINC01592	1.0			
			AC091979.2	2.0			
			AC091860.2	1.0			
			C5orf67	1.0			
			AL356364.1	1.0			
			SDR42E1P5	1.0			
			AL157838.1	1.0			
			AL022310.1	1.0			
			AC004039.1	2.0			
			AC020558.1	1.0			
			AP001189.6	1.0			
			AC244669.2	1.0			
			AC245100.1	1.0			
			OTULINL	1.0			
			AC079779.2	1.0			
			AC074138.1	1.0			
			AC004784.1	1.0			
			AL512631.1	2.0			
			AC008537.1	3.0			
			MIR100HG	2.0			
			AL139317.5	1.0			
			AC027117.1	1.0			
			CASC18	2.0			
			AL590824.1	1.0			
			AC084816.1	1.0			
			RCC1L	2.0			
			AL391280.1	1.0			
			EIF1B-AS1	1.0			
			AC025773.1	1.0			
			AL627223.1	1.0			
			AP005205.2	1.0			
			AC022509.3	1.0			
			AC106772.2	1.0			
			AL591485.1	2.0			
			AC015574.1	2.0			
			SLC44A3-AS1	1.0			
			AC092903.1	1.0			
			AC018639.1	2.0			
			TPTEP2-CSNK1E	1.0			
			AL603840.1	1.0			
			AC068234.1	1.0			
			AC087763.1	1.0			
			ARMH3	2.0			
			LINC01182	1.0			
			AC004943.2	1.0			
			LINC01320	2.0			
			LINC02085	1.0			
			RPS29P4	1.0			
			LINC01876	2.0			
			TMCO1-AS1	1.0			
			PTCHD1-AS	1.0			
			LINC02020	1.0			
			AC016044.1	1.0			
			AC241644.2	1.0			
			BICRA	1.0			
			AC073072.2	1.0			
			LINC01681	1.0			
			AC024023.1	1.0			
			AC011990.1	1.0			
			IMPDH1P5	1.0			
			NEURL1	2.0			
			AC008079.1	1.0			
			AL023495.1	1.0			
			AC016705.2	1.0			
			AC027290.1	1.0			
			LINC01629	1.0			
			CFAP70	1.0			
			MIR7154	1.0			
			AL445426.1	1.0			
			CASTOR2	1.0			
			AC074281.2	2.0			
			ADGRE5	1.0			
			LINC01228	1.0			
			AC080068.1	1.0			
			AC026780.2	1.0			
			LAMC1-AS1	1.0			
			AC138512.1	3.0			
			LINC01391	1.0			
			AC245427.1	1.0			
			AC002378.1	2.0			
			IGHV7-4-1	1.0			
			AL391883.1	1.0			
			AC098613.1	1.0			
			AC020718.1	1.0			
			AC090114.3	1.0			
			AC104825.1	1.0			
			AC138932.1	1.0			
			LINC01429	1.0			
			AC004704.1	1.0			
			PUDPP2	1.0			
			AL357052.1	1.0			
			AC020687.1	1.0			
			AC009804.2	1.0			
			TTC41P	1.0			
			AC011477.6	2.0			
			TTC21B-AS1	1.0			
			DNAJB5P1	1.0			
			LINC01828	1.0			
			AL132671.2	1.0			
			BX470209.1	1.0			
			AL035420.3	1.0			
			AL359317.1	1.0			
			LINC01714	1.0			
			AC107021.2	1.0			
			Z93930.2	1.0			
			AC109635.1	1.0			
			AL138920.1	1.0			
			AC026120.2	1.0			
			PAX8-AS1	1.0			
			TOPORSLP	1.0			
			AC009899.1	2.0			
			AC099062.1	1.0			
			AC008906.1	1.0			
			AC138150.1	1.0			
			NSMCE1-DT	1.0			
			NOL4L	1.0			
			AL445471.2	2.0			
			AL356417.1	1.0			
			MTRF1LP2	1.0			
			AC099753.1	1.0			
			AC097637.1	1.0			
			AL139420.1	2.0			
			SPRY4-AS1	1.0			
			AL138733.1	1.0			
			AC008537.4	1.0			
			CFAP65	1.0			
			AL080276.2	1.0			
			AC068134.4	1.0			
			AC004080.6	1.0			
			AC021755.2	1.0			
			AC107973.1	1.0			
			AL137186.2	1.0			
			AC092590.1	1.0			
			AC091806.1	1.0			
			AC008687.1	1.0			
			HAGLR	1.0			
			LINC01484	1.0			
			LINC02576	1.0			
			AL133355.1	1.0			
			AC091979.1	1.0			
			AC021087.3	1.0			
			AC094104.2	1.0			
			AP000229.1	1.0			
			UMAD1	1.0			
			AP003399.1	1.0			
			ZNF561-AS1	1.0			
			AC020911.2	1.0			
			AL445250.1	2.0			
			AC005632.1	1.0			
			LINC01460	1.0			
			AC114284.1	1.0			
			AC090136.1	1.0			
			AC027613.1	1.0			
			INAFM2	1.0			
			AC018467.1	1.0			
			LINC01884	1.0			
			ACTG1P22	1.0			
			MIR9-3HG	1.0			
			AC092691.1	1.0			
			AC109466.1	2.0			
			AC011352.2	1.0			
			PRSS2	1.0			
			BAHCC1	2.0			
			MAP3K20	1.0			
			NXNP1	1.0			
			EEF1AKNMT	1.0			
			STPG4	1.0			
			AC005740.2	1.0			
			AL356022.1	1.0			
			AC008591.1	1.0			
			AL033527.4	1.0			
			AP001476.1	1.0			
			CASTOR1	1.0			
			PYM1	1.0			
			LINC02539	1.0			
			AL390957.1	1.0			
			AC010240.1	1.0			
			LINC01271	1.0			
			MIR8070	1.0			
			AL080285.1	1.0			
			LANCL1-AS1	1.0			
			AC058791.1	1.0			
			TMEM26-AS1	1.0			
			AL158209.1	1.0			
			LINC01362	1.0			
			LINC01725	1.0			
			OSMR-AS1	1.0			
			UBE2V1P15	1.0			
			SLC35E2A	1.0			
			AC006254.1	1.0			
			AL357507.1	1.0			
			AC091812.1	1.0			
			AC090115.1	1.0			
			AL136441.1	1.0			
			FAM91A3P	1.0			
			AJ009632.2	1.0			
			AC114977.2	1.0			
			LINC01138	1.0			
			AC022126.1	1.0			
			AC008892.1	1.0			
			SCAT2	1.0			
			RIPOR1	1.0			
			AL365356.4	1.0			
			AP005233.2	1.0			
			AL163932.1	2.0			
			AP000763.3	1.0			
			MYL12BP2	1.0			
			AC093827.5	1.0			
			AC087286.4	1.0			
			RPS26P45	1.0			
			AC022417.1	1.0			
			AC018445.3	1.0			
			ATP5F1E	1.0			
			LINGO1-AS1	1.0			
			AP003557.2	1.0			
			AC145285.2	1.0			
			AC091576.1	1.0			
			RF00017	1.0			
			AL356108.1	1.0			
			AC022144.1	1.0			
			AC068633.1	1.0			
			SEMA3F-AS1	1.0			
			AC002463.1	1.0			
			AL669970.2	1.0			
			AL033519.3	1.0			
			CRYBG1	1.0			
			LINC01980	1.0			
			LINC01967	2.0			
			AC068295.1	1.0			
			KIAA2012	1.0			
			AC019211.1	1.0			
			LYPLAL1-AS1	1.0			
			AC022858.1	1.0			
			PATJ	1.0			
			AC009226.1	2.0			
			TEPSIN	1.0			
			AL596275.2	1.0			
			AL355994.1	1.0			
			AC103855.3	1.0			
			AC018716.2	1.0			
			LINC01609	1.0			
			AC016134.1	1.0			
			AC098588.1	1.0			
			MTATP6P20	1.0			
			MYCNUT	1.0			
			LINC01710	1.0			
			MIR217HG	1.0			
			STIMATE	2.0			
			AC022424.2	1.0			
			LINC02121	1.0			
			MIR222HG	1.0			
			AL139418.1	1.0			
			MFSD13A	1.0			
			AP003774.3	1.0			
			AP003100.2	2.0			
			AL445253.1	1.0			
			AL139393.2	1.0			
			AC058822.1	2.0			
			AC073916.1	1.0			
			PLPPR3	1.0			
			AP005233.1	2.0			
			LTO1	1.0			
			JADE3	1.0			
			BABAM2	2.0			
			LINC01798	1.0			
			UNQ6494	1.0			
			AC009779.3	1.0			
			AC009271.1	1.0			
			AC112178.1	1.0			
			AC103876.1	1.0			
			LINC01753	1.0			
			SHISAL2A	1.0			
			GAPDHP35	1.0			
			AC124248.1	1.0			
			LINC01807	1.0			
			AC008840.1	1.0			
			AL031056.1	1.0			
			AC016924.1	1.0			
			RPL7P37	1.0			
			AL365295.1	2.0			
			AL160314.2	1.0			
			FO393414.1	1.0			
			AC004066.1	1.0			
			AC016769.3	1.0			
			AC010881.1	1.0			
			AL158151.4	1.0			
			AC004834.1	1.0			
			AC024085.1	1.0			
			LINC01179	1.0			
			LINC01152	1.0			
			VAMP9P	1.0			
			BX537318.1	1.0			
			AC087636.1	1.0			
			LINC02499	1.0			
			AC060809.1	1.0			
			AC005842.1	1.0			
			AC096949.1	1.0			
			MAP4K3-DT	1.0			
			AP006294.1	1.0			
			AL031121.2	1.0			
			AC090510.3	1.0			
			AL109933.4	1.0			
			AC008012.1	1.0			
			AC073072.1	1.0			
			AC103702.1	1.0			
			AC068152.1	1.0			
			RF00026	1.0			
			CFAP74	1.0			
			INTS11	1.0			
			AC103724.4	1.0			
			AC132938.3	1.0			
			AL133412.1	1.0			
			AC093772.1	1.0			
			LARGE1	1.0			
			AL513220.1	1.0			
			REC114	2.0			
			LINC02542	1.0			
			AC018645.1	1.0			
			KDF1	1.0			
			LINC01868	1.0			
			CRTC3-AS1	1.0			
			MIRLET7BHG	1.0			
			AC115619.1	1.0			
			AC004990.1	1.0			
			AC104695.2	1.0			
			AC024230.1	1.0			
			AC069222.1	1.0			
			CR392000.2	1.0			
			AL136228.1	1.0			
			AC010634.1	1.0			
			AL161935.1	1.0			
			AL359715.3	1.0			
			AC013480.1	1.0			
			SERPINA2	1.0			
			AL390726.3	1.0			
			RSRP1	1.0			
			FDX2	1.0			
			LINC02528	1.0			
			LIX1-AS1	1.0			
			MIR3936HG	1.0			
			AL357054.2	1.0			
			AL356130.1	1.0			
			ADGRL1	1.0			
			AC010230.1	1.0			
			AC103724.3	1.0			
			AL445466.1	1.0			
			CRAMP1	1.0			
			AL121612.1	1.0			
			BX323043.1	1.0			
			METTL27	1.0			
			AP002761.4	1.0			
			AC013470.2	1.0			
			AP000808.1	1.0			
			INTS14	1.0			
			AC092139.2	1.0			
			AC120114.3	1.0			
			AC004585.2	1.0			
			FLJ31356	1.0			
			AL592164.1	1.0			
			AC015969.1	1.0			
			AC105105.2	1.0			
			AC013724.1	1.0			
			AC073529.1	1.0			
			AC022639.1	1.0			
			AC135012.3	1.0			
			AC025280.3	1.0			
			TMEM266	1.0			
			AC020658.2	1.0			
			AC096577.1	1.0			
			AL139246.2	1.0			
			AC093895.1	2.0			
			MTCYBP42	1.0			
			AC013553.4	1.0			
			AC025219.1	1.0			
			RFPL4AP6	1.0			
			AP001266.2	1.0			
			CFAP57	1.0			
			CTBP1-DT	1.0			
			LINC02550	1.0			
			AC104472.3	1.0			
			LINC02219	1.0			
			MIR4422HG	1.0			
			AC100802.1	1.0			
			AL353708.2	1.0			
			CRYZL2P-SEC16B	1.0			
			AC110285.3	1.0			
			RP3-469D22.1				7.0
			AL031284.1				7.0
			TMEM57		5.0	6.0	7.0
			TMEM61				1.0
			RP11-12C17.2				1.0
			GYG1P3				1.0
			MIR4422				1.0
			RP11-101C11.1		1.0	4.0	1.0
			USP1		5.0	5.0	5.0
			ANGPTL3				3.0
			AL138847.1				2.0
			ATG4C		3.0	4.0	3.0
			RP4-771M4.3				3.0
			RP4-771M4.2		1.0	1.0	2.0
			RNU7-122P				1.0
			PSRC1		2.0	5.0	5.0
			SARS		1.0	4.0	5.0
			SORT1		2.0	4.0	5.0
			MYBPHL		1.0	3.0	5.0
			CYB561D1				3.0
			RNU6V				1.0
			RP5-1160K1.3		1.0	1.0	1.0
			MIR197				1.0
			AMIGO1		1.0		3.0
			GPR61				2.0
			RP5-1160K1.8				2.0
			RP5-1160K1.1				4.0
			AC000032.2				4.0
			GSTM5		1.0	2.0	6.0
			RP4-735C1.4		1.0	2.0	6.0
			GSTM3		1.0	1.0	4.0
			GSTM2		4.0	6.0	4.0
			GSTM1				4.0
			RNU6ATAC35P				9.0
			RP11-295M18.6				10.0
			MARC2		1.0	1.0	7.0
			RP11-295M18.2				10.0
			HLA-AS1		5.0	4.0	11.0
			RP5-855F14.2				1.0
			U8				6.0
			IRF2BP2		1.0	4.0	3.0
			RP4-781K5.2				3.0
			LINC00184		2.0	1.0	3.0
			RP4-781K5.9				3.0
			RP4-781K5.4				6.0
			RP4-781K5.6		1.0		6.0
			RP4-781K5.7		4.0	6.0	6.0
			RP4-781K5.8		2.0	2.0	7.0
			GPAM		5.0	6.0	5.0
			MIR611				12.0
			MIR1908				12.0
			AP000770.1		3.0	5.0	3.0
			AP006216.10				11.0
			AP006216.11				11.0
			APOA5		1.0	2.0	11.0
			AP006216.5		2.0	5.0	11.0
			APOA4				11.0
			ZNF259		11.0	10.0	11.0
			APOA1		1.0	1.0	3.0
			APOC3		1.0	1.0	3.0
			AP006216.12		3.0	6.0	4.0
			SIK3-IT1				4.0
			AP000936.1				3.0
			AP000936.4		1.0	2.0	5.0
			AP000936.5		4.0	6.0	5.0
			RP11-109L13.1		2.0	3.0	5.0
			RP11-109L13.5		1.0	1.0	5.0
			PAFAH1B2				6.0
			GLULP3		1.0		9.0
			RP11-266E8.2		4.0	3.0	9.0
			KIRREL3		1.0	1.0	4.0
			AC008147.2		1.0		5.0
			AC008147.1				5.0
			AC140061.11				5.0
			AC140061.10				5.0
			AC140061.12				5.0
			AC140061.9				5.0
			AC140061.8				5.0
			AC140061.7				5.0
			AC140061.1				3.0
			AC140061.6				3.0
			AC140061.5				2.0
			AC140061.4				2.0
			AC140061.3				2.0
			AC140061.2		1.0	1.0	2.0
			RP11-112N23.1				2.0
			LIMA1		6.0	3.0	8.0
			FAM186A		1.0		2.0
			Y_RNA		19.0	20.0	45.0
			RP11-60E8.2				5.0
			AC002395.1				20.0
			RP3-473L9.4		1.0		18.0
			RP11-162P23.2		11.0	6.0	15.0
			NAA25		9.0	4.0	14.0
			TRAFD1		10.0	5.0	14.0
			HECTD4		14.0	7.0	18.0
			PTPN11		12.0	9.0	16.0
			RPL6		4.0	1.0	15.0
			HNF1A-AS1		8.0	5.0	12.0
			AC079602.1				12.0
			RP11-216P16.2				10.0
			OASL		5.0	4.0	11.0
			GAS6-AS2				6.0
			RP11-199F6.4				6.0
			LINC00454				6.0
			TMEM255B				6.0
			GAS6-AS1		1.0		6.0
			LINC00452				6.0
			RP11-355N15.1		1.0	2.0	5.0
			RP11-325K4.3				2.0
			RP11-325K4.2				2.0
			AC012181.1		2.0	5.0	2.0
			SLC12A3		1.0	2.0	2.0
			HERPUD1		1.0	2.0	2.0
			NLRC5		3.0	3.0	4.0
			RP11-322D14.1				4.0
			RP11-510M2.5				1.0
			RNU6-1061P				2.0
			TAT				2.0
			RP11-432I5.1				2.0
			RP11-510M2.6				1.0
			ZNF19		1.0	4.0	2.0
			CHST4				1.0
			RP11-498D10.3				1.0
			RP11-498D10.6				1.0
			ATXN1L				1.0
			ZNF821		1.0	1.0	1.0
			IST1		1.0	4.0	1.0
			RP11-498D10.5				1.0
			RP11-498D10.8				4.0
			ATP5A1P3		1.0	1.0	4.0
			RP11-384M15.3				6.0
			DHX38		2.0	5.0	5.0
			HP				6.0
			RP11-328J14.1				2.0
			RPL7AP64		1.0	1.0	3.0
			MIR324				5.0
			DVL2		1.0	1.0	5.0
			ACADVL				5.0
			CTD-2026D20.2		1.0	1.0	3.0
			RP11-138C9.1				2.0
			RP11-580I16.2				1.0
			TBKBP1		1.0	1.0	2.0
			LOC100421166				4.0
			MIR4524B				4.0
			ABCA9				4.0
			SOCS3				7.0
			RN7SL236P				7.0
			SNORA30				7.0
			AC061992.1				6.0
			RP11-806H10.4		1.0	1.0	7.0
			LIPG		3.0	3.0	3.0
			RP11-813F20.1		2.0	3.0	2.0
			ATG4D		1.0	1.0	6.0
			RNU7-140P				6.0
			MIR1238				6.0
			CDKN2D		1.0	1.0	7.0
			AP1M2		3.0	1.0	8.0
			CTC-539A10.7				9.0
			AC011475.1				5.0
			KRI1		1.0		6.0
			MIR4748				2.0
			AC007229.3				1.0
			MIR199A1				1.0
			TMED1				1.0
			C19orf38		1.0	1.0	1.0
			CARM1		1.0	4.0	2.0
			YIPF2				2.0
			C19orf52				2.0
			RN7SL298P				4.0
			C19orf80		1.0	2.0	4.0
			CTC-510F12.2		1.0	1.0	4.0
			CTC-510F12.6				1.0
			CTC-510F12.4				1.0
			RAB3D				1.0
			RN7SL70P				4.0
			AC005932.1				4.0
			AC004447.2		4.0	7.0	4.0
			ARMC6				4.0
			SUGP2		4.0	7.0	4.0
			RNU6-1028P				7.0
			AC138430.4		6.0	8.0	8.0
			TSSK6				8.0
			PHF5CP				8.0
			NDUFA13				8.0
			CTC-260F20.3				8.0
			YJEFN3				8.0
			PBX4		3.0		9.0
			CTC-412M14.6		1.0	1.0	5.0
			CTC-412M14.5				5.0
			CTC-559E9.9				3.0
			CTC-559E9.2				3.0
			ZNF14		3.0	4.0	5.0
			LINC00663				3.0
			CTC-559E9.4				3.0
			CTC-559E9.6				2.0
			ZNF506				2.0
			AC138472.6				1.0
			AC138472.4				1.0
			ZNF180				1.0
			CEACAM20		1.0	4.0	1.0
			CEACAM22P		1.0	4.0	3.0
			IGSF23		1.0	3.0	3.0
			PVR		2.0	1.0	3.0
			CEACAM19		1.0	4.0	3.0
			CTB-171A8.1		3.0	5.0	5.0
			CEACAM16				4.0
			snoZ6		2.0	5.0	6.0
			SNORA70		2.0	2.0	14.0
			AC092066.6				4.0
			BCL3		3.0	7.0	4.0
			PVRL2		7.0	9.0	18.0
			CTB-129P6.4		3.0	4.0	18.0
			APOC4		2.0	6.0	18.0
			APOC4-APOC2		2.0	6.0	18.0
			APOC2		2.0	6.0	18.0
			CTB-129P6.11				18.0
			CLPTM1		3.0	6.0	18.0
			RNU6-611P				2.0
			CLASRP				2.0
			ZNF296				1.0
			CTB-179K24.3		1.0	1.0	1.0
			GEMIN7		1.0	2.0	1.0
			EIF5AP3				2.0
			AC005757.6				2.0
			MARK4		8.0	9.0	8.0
			PPP1R37		1.0	3.0	2.0
			BLOC1S3				5.0
			AC005779.1				5.0
			NKPD1				2.0
			TRAPPC6A		2.0	3.0	4.0
			AC005779.2		1.0	2.0	8.0
			AC006126.3		4.0	5.0	8.0
			AC006126.4		2.0	2.0	8.0
			RN7SL345P		1.0	1.0	9.0
			IZUMO1		1.0	1.0	13.0
			NTN5				6.0
			SEC1P		3.0	3.0	9.0
			AC010492.4				5.0
			CTD-2337J16.1				4.0
			RNU6-1307P				4.0
			AC098789.1				4.0
			AC010492.5				4.0
			LILRB2				4.0
			MIR4752				4.0
			AC010518.3		2.0	3.0	4.0
			AC008984.5				4.0
			AC008984.7		1.0	2.0	2.0
			VN1R104P				2.0
			AC008984.6				2.0
			LILRA4				2.0
			RPS9				6.0
			LILRA6				6.0
			LILRA3		1.0	2.0	4.0
			LILRA5				2.0
			AC008984.2				2.0
			CTD-2623H2.7				1.0
			CTD-2619J13.1				1.0
			ZSCAN18				1.0
			ZNF329		1.0	4.0	1.0
			ZNF274				1.0
			AC098828.3				3.0
			RN7SL140P		2.0	6.0	3.0
			RNU6-961P				3.0
			PUM2		1.0	1.0	1.0
			C2orf43		1.0	4.0	1.0
			RP11-116D2.1		2.0	5.0	2.0
			TDRD15		2.0	5.0	3.0
			RP11-79J24.1		1.0	3.0	2.0
			AC067959.1		1.0	4.0	1.0
			AC011752.1				1.0
			RNU6-986P				20.0
			FNDC4				21.0
			IFT172				21.0
			AC109829.1		10.0	11.0	21.0
			AC074091.1				10.0
			C2orf16				11.0
			ZNF512		2.0	1.0	10.0
			RP11-158I13.2		2.0	1.0	10.0
			AC110084.1		8.0	9.0	8.0
			RBKS		8.0	7.0	10.0
			RP11-674I16.1				5.0
			BRE		7.0	8.0	9.0
			LRPPRC				2.0
			RNU6-1048P				1.0
			AC093901.1		2.0	2.0	2.0
			AC009960.1				2.0
			AC009960.2				2.0
			AC009960.4				3.0
			AC009960.5				3.0
			AC009960.7				3.0
			AC009960.6				3.0
			MTND4P30				3.0
			AC009960.3		1.0	1.0	3.0
			RP3-477O4.16				4.0
			RPL36P4				4.0
			RPL37P1				6.0
			RP3-477O4.5				4.0
			C20orf173				4.0
			ERGIC3		4.0	2.0	6.0
			FER1L4		6.0	4.0	6.0
			RN7SL615P				2.0
			RP5-881L22.6				4.0
			MIR3646				4.0
			AL132772.1				4.0
			RP5-1013A22.5				4.0
			RP5-1013A22.2				4.0
			RP5-881L22.4				4.0
			C20orf62				4.0
			snoU13		17.0	12.0	31.0
			SCARNA17				5.0
			SCARNA18				5.0
			RN7SKP221				5.0
			PI4KAP2				3.0
			RIMBP3C				6.0
			TIMP4				3.0
			AC026166.2				3.0
			UGT2B29P		1.0	1.0	2.0
			UGT2B17				3.0
			TMPRSS11E		2.0	2.0	2.0
			RN7SL728P				2.0
			SLC39A8		8.0	6.0	7.0
			RPL27AP5				1.0
			RP11-229C3.4				2.0
			GCNT4				2.0
			RP11-229C3.2		1.0		2.0
			CTD-2503O16.4		1.0	4.0	2.0
			ANKRD31		3.0	4.0	3.0
			SUMO2P5				2.0
			CTD-2235C13.2		1.0	2.0	4.0
			CTD-2235C13.3				5.0
			CTD-2235C13.1				5.0
			CTC-366B18.2				1.0
			CTC-366B18.4				1.0
			ANKDD1B		1.0	4.0	5.0
			POLK				1.0
			RNU6-680P				5.0
			POC5		5.0	3.0	5.0
			SLC25A5P9		1.0	2.0	5.0
			RP11-524L6.4		1.0	4.0	1.0
			RP11-524L6.3		1.0	3.0	1.0
			BIN2P2				1.0
			RP11-524L6.2				1.0
			HMGB3P17		1.0	1.0	4.0
			CSNK1G3		2.0	4.0	4.0
			APOOP1				5.0
			HAVCR1		2.0	5.0	2.0
			RP1-13D10.5				1.0
			MIR4639				1.0
			U3		3.0	1.0	20.0
			RP1-13D10.2				2.0
			RP1-13D10.3				2.0
			MRPL42P2				2.0
			MYLIP		1.0	4.0	1.0
			LRRC16A		12.0	8.0	12.0
			SCGN		10.0	5.0	11.0
			TPI1P3				3.0
			AIRN				2.0
			IGF2R		4.0	6.0	5.0
			RP11-288H12.3		1.0	2.0	5.0
			RP11-288H12.4				5.0
			RP11-317M22.1				6.0
			RP1-276N6.2				3.0
			SLC22A3		4.0	6.0	4.0
			RP1-81D8.3		3.0	6.0	3.0
			PLG		1.0	1.0	3.0
			RP1-81D8.4		2.0	5.0	3.0
			AC005094.2				1.0
			AC004595.1				1.0
			MIR1183				1.0
			SP4		1.0	4.0	1.0
			RNU6-1097P				1.0
			AC004938.5				1.0
			DDX56				1.0
			RNU6-1151P				13.0
			RP11-115J16.3				13.0
			RP11-115J16.1		13.0	18.0	14.0
			RNU6-526P				12.0
			RP11-115J16.2		3.0	2.0	12.0
			NATP				3.0
			RP11-685B14.1				3.0
			RP11-685B14.3				3.0
			NAT2		3.0	4.0	3.0
			RP11-53M11.4				2.0
			RP11-53M11.2		2.0	5.0	2.0
			RP11-53M11.3				2.0
			RP11-114M5.3				4.0
			UBXN2B				4.0
			TRIB1		4.0	6.0	15.0
			RN7SL590P				16.0
			RP11-136O12.2		16.0	16.0	16.0
			RN7SL157P				2.0
			RP11-145E5.5		6.0	3.0	7.0
			NIPSNAP3A				2.0
			NIPSNAP3B				2.0
			RP11-217B7.2		2.0	1.0	4.0
			RP11-430N14.4		4.0	2.0	19.0
			LCN1P2		1.0	1.0	18.0
			LCN1P1				18.0
			SMIM1		5.0	3.0	5.0
			RN7SL574P				5.0
			RP1-286D6.5				5.0
			TP73-AS1				5.0
			LRRC47				5.0
			CEP104				5.0
			CCDC27				5.0
			RNU6-731P				1.0
			RP11-58A11.2				1.0
			ZBTB48				2.0
			NOL9		1.0	1.0	1.0
			TAS1R1				2.0
			KLHL21				2.0
			RP4-706G24.1		2.0	1.0	6.0
			SYF2		2.0		6.0
			RP3-465N24.6				6.0
			C1orf63		4.0	2.0	6.0
			RP11-335G20.7				4.0
			RNU6-1171P				4.0
			RHD		1.0		6.0
			TMEM50A		2.0	1.0	6.0
			RNA5SP44				3.0
			RP11-416A14.1				5.0
			MACF1		8.0	9.0	9.0
			PABPC4		7.0	7.0	10.0
			RP11-69E11.8		4.0	3.0	10.0
			SNORA55				9.0
			RP11-69E11.4		2.0	2.0	9.0
			PPIEL		2.0	2.0	10.0
			BMP8A		1.0		7.0
			RPS15AP10				2.0
			RP11-767N6.2				1.0
			RP11-767N6.7				2.0
			NASP		2.0		5.0
			CCDC17				4.0
			TMEM69				2.0
			IPP		1.0	1.0	5.0
			GPBP1L1		1.0	1.0	4.0
			RP5-850O15.4				2.0
			RP5-850O15.3		1.0	1.0	2.0
			RNU6-1253P				2.0
			PHBP12				2.0
			VPS25P1				2.0
			AL365331.2				8.0
			AL157902.3		3.0	3.0	8.0
			FAM46C		7.0	2.0	8.0
			RP11-458I7.1				1.0
			VPS45				1.0
			SNORA40		3.0	3.0	13.0
			RP11-316M1.12				8.0
			SETDB1		2.0	1.0	9.0
			RP11-316M1.3		2.0		8.0
			FAM63A				8.0
			PRUNE		1.0	1.0	8.0
			OR10K2		2.0		3.0
			OR10T1P		1.0		3.0
			EI24P2				3.0
			OR10K1		1.0	1.0	2.0
			OR10R2				2.0
			OR10R3P				2.0
			OR10R1P				3.0
			RP11-144L1.4				3.0
			OR6Y1		2.0		4.0
			OR6P1				5.0
			OR10X1		3.0	2.0	6.0
			OR10Z1		1.0	1.0	6.0
			SPTA1		6.0	5.0	6.0
			OR6K1P		3.0	1.0	4.0
			OR6K2		2.0		3.0
			OR6K3				3.0
			OR6K4P				3.0
			OR6K5P		3.0	1.0	3.0
			OR6K6		2.0		3.0
			OR6N1				3.0
			OR6N2				3.0
			OR2AQ1P				3.0
			PROX1-AS1		3.0	2.0	6.0
			RP11-53A1.2				6.0
			RP4-613A2.1				1.0
			RNA5SP78				1.0
			HMGN2P19				1.0
			ABCB10		1.0	1.0	1.0
			RNU4-21P				1.0
			NUP133				1.0
			OR14A16		1.0		6.0
			HSD17B7P1				8.0
			OR6R1P		1.0		8.0
			OR11L1		2.0	2.0	8.0
			TRIM58		8.0	5.0	8.0
			OR2W3		8.0	5.0	8.0
			OR2T8		3.0	1.0	8.0
			RN7SL232P		2.0	1.0	3.0
			CDC123		2.0		4.0
			RP11-186N15.3				4.0
			RP11-523O18.5				2.0
			RP11-523O18.1		1.0		3.0
			RNU6-697P				1.0
			RNU6-571P				1.0
			DDX50				2.0
			STOX1		1.0	1.0	1.0
			RN7SL373P				2.0
			MED28P1				2.0
			ACTBP14		1.0	1.0	2.0
			DDX21				2.0
			KIAA1279		2.0	1.0	2.0
			SRGN		1.0	1.0	1.0
			RP11-259F16.3				2.0
			SUPV3L1				5.0
			RP11-227H15.4		2.0	2.0	5.0
			VPS26A		2.0	1.0	2.0
			RP11-227H15.5				5.0
			HK1		7.0	4.0	9.0
			RP11-227H15.7				7.0
			AC016821.1				7.0
			TACR2		1.0	1.0	2.0
			ATP5G1P7				1.0
			TMEM256P1		1.0	1.0	2.0
			NEUROG3				1.0
			RP11-343J3.7				1.0
			RP11-343J3.6				1.0
			RP11-343J3.2				1.0
			RP11-343J3.5				1.0
			MTND2P15				1.0
			MTND1P20		1.0	1.0	1.0
			C10orf35				1.0
			MARK2P9				1.0
			AL161652.1				1.0
			IDE		1.0	1.0	1.0
			HHEX		1.0		4.0
			RP11-57H14.2				4.0
			RP11-139K1.2				4.0
			SCGB1C1				5.0
			AC069287.1				5.0
			RP11-304M2.5		1.0		5.0
			RIC8A				5.0
			PSMD13		2.0	1.0	7.0
			NLRP6		4.0	1.0	9.0
			RP11-304M2.3		1.0		5.0
			RP11-326C3.2		1.0	1.0	9.0
			IFITM5		3.0	2.0	9.0
			RP11-326C3.4		1.0	1.0	9.0
			ATHL1		1.0	1.0	9.0
			IFITM2		6.0	5.0	9.0
			RP11-326C3.7				9.0
			IFITM1				9.0
			RP11-326C3.11		2.0	1.0	8.0
			IFITM3		2.0	2.0	8.0
			RP11-326C3.10				8.0
			RP11-326C3.14				8.0
			RP11-326C3.13		1.0	1.0	7.0
			RP11-326C3.15		2.0	1.0	7.0
			RP11-326C3.12		1.0	1.0	7.0
			AC132217.4				7.0
			MIR483				7.0
			TH		1.0	1.0	7.0
			MIR4686		1.0	1.0	7.0
			IGF2		4.0	2.0	7.0
			INS-IGF2		7.0	7.0	7.0
			IGF2-AS		4.0	2.0	7.0
			KCNQ1OT1		2.0	1.0	2.0
			KCNQ1DN				2.0
			CDKN1C				2.0
			KCNQ1-AS1				2.0
			RP11-16F15.1				1.0
			RP11-16F15.4		1.0	1.0	1.0
			RP11-16F15.2				1.0
			RN7SKP50				2.0
			SWAP70		4.0	1.0	4.0
			RP11-540A21.2				4.0
			RNF141				1.0
			PDE3B		2.0	2.0	2.0
			RP1-239B22.5				1.0
			SDHCP4				1.0
			NCR3LG1				1.0
			NUCB2				1.0
			ABCC8		1.0	1.0	1.0
			RP11-17G12.3				8.0
			DDB2		2.0	2.0	8.0
			NR1H3		3.0	2.0	8.0
			FNBP4		2.0	1.0	7.0
			ARAP1-AS2				2.0
			RPS12P20				2.0
			MIR4692				2.0
			ARAP1		3.0	3.0	3.0
			STARD10		1.0	1.0	3.0
			FCHSD2		2.0	2.0	3.0
			RP11-676F20.3				2.0
			RP11-676F20.1				2.0
			RN7SL222P		7.0	2.0	5.0
			AP000620.1				4.0
			CTD-2383M3.1				4.0
			RP11-264F23.1				3.0
			RP11-264F23.3		7.0	3.0	7.0
			RP11-264F23.4		1.0		7.0
			C12orf5				4.0
			RP11-860B13.1				2.0
			RP11-860B13.3				2.0
			RN7SKP15				2.0
			MRPS35				2.0
			MANSC4				2.0
			RP11-89H19.1		1.0	1.0	2.0
			TMEM106C				3.0
			COL2A1		1.0		3.0
			RP1-228P16.3		1.0		3.0
			RP1-228P16.1				3.0
			RP1-228P16.4		3.0	2.0	3.0
			RP1-228P16.5		2.0	1.0	3.0
			SENP1		1.0	1.0	3.0
			RNU6-1203P				2.0
			RP1-228P16.7				2.0
			PFKM		2.0	1.0	2.0
			RP11-474C8.3				2.0
			ASB8		1.0		2.0
			RP11-370I10.2		1.0	1.0	2.0
			H1FNT		2.0	1.0	2.0
			RP11-370I10.4				2.0
			OR5BK1P				2.0
			AC024257.1				2.0
			ZNF641		1.0		2.0
			RP11-370I10.6		2.0	1.0	2.0
			OR5BT1P				2.0
			OR5BJ1P				2.0
			OR8S21P				2.0
			OR8T1P				1.0
			LALBA		1.0	1.0	2.0
			OR8S1		1.0		2.0
			OR5BS1P				2.0
			OR11M1P		1.0	1.0	1.0
			SNORA34				1.0
			SNORA2A				1.0
			SNORA2B				2.0
			KANSL2				2.0
			CCNT1		1.0	1.0	2.0
			RP3-405J10.2				6.0
			RP3-405J10.4				6.0
			MIR1293				6.0
			RNU6-1093P		3.0	1.0	6.0
			RNU6-769P				4.0
			RNU6-238P				2.0
			MIR3198-2				5.0
			RN7SL390P				5.0
			HNRNPA1				5.0
			SMUG1		2.0	1.0	3.0
			RP11-968A15.8		3.0	1.0	5.0
			CBX5		5.0	1.0	5.0
			RP11-968A15.2				5.0
			AC090673.1				1.0
			RP11-366L20.2				3.0
			RPSAP52				1.0
			AC002979.1				8.0
			RP11-686G8.1				11.0
			RP11-686G8.2				7.0
			PCNPP1				5.0
			RPS2P41				13.0
			RP3-462E2.5				10.0
			ADAM1A		1.0		11.0
			ADAM1B		3.0	1.0	9.0
			TMEM116		6.0	1.0	9.0
			MAPKAPK5		5.0	2.0	14.0
			RPS2P5				2.0
			TAOK3		2.0	1.0	2.0
			PDX1				3.0
			ATP5EP2		1.0	1.0	3.0
			LINC00543				3.0
			CDX2				3.0
			PDX1-AS1		4.0	2.0	4.0
			TOMM22P3		1.0	1.0	2.0
			KL		1.0		2.0
			C13orf35		1.0	1.0	4.0
			AL162711.1				4.0
			ATP11A-AS1				4.0
			AL356740.1				4.0
			LINC00565		1.0	1.0	1.0
			KLHL33				2.0
			RP11-203M5.6				2.0
			RP11-203M5.7				2.0
			APEX1				2.0
			TMEM55B				2.0
			RP11-203M5.8				2.0
			RNASE10				2.0
			OSGEP				2.0
			PNP		2.0	1.0	2.0
			RP11-96D24.1		1.0	1.0	1.0
			PLEKHG3		1.0	1.0	4.0
			SPTB		4.0	2.0	4.0
			RPPH1-2P				3.0
			CHURC1				3.0
			CHURC1-FNTB		6.0	3.0	7.0
			FNTB		6.0	3.0	7.0
			FOXN3-AS2				2.0
			RN7SKP107				2.0
			RP11-944C7.1				2.0
			FOXN3		2.0	1.0	2.0
			RP11-33N16.3		2.0	1.0	2.0
			AL157871.2				2.0
			RP11-638I2.6				2.0
			MIR345				2.0
			RN7SL523P				2.0
			AL157871.1				2.0
			RP11-638I2.9				2.0
			RP11-638I2.10				2.0
			YY1				2.0
			SLC25A29				2.0
			WARS				2.0
			RP11-638I2.8				2.0
			SLC25A47		2.0	2.0	2.0
			WDR25				2.0
			RP11-566J3.2		2.0		5.0
			DLK1		6.0	3.0	6.0
			LINC00523		1.0		5.0
			RP11-566J3.4		1.0		6.0
			MIR1266				1.0
			RP11-430B1.2				1.0
			MYO5C		1.0	1.0	1.0
			GNB5				1.0
			RP11-349G13.3				5.0
			IGDCC4		1.0	1.0	5.0
			IGDCC3				1.0
			DPP8		4.0	3.0	5.0
			MIR4511				4.0
			RP11-16E23.3				5.0
			RP11-16E23.4				5.0
			DENND4A		6.0	4.0	6.0
			RP11-307C19.1		2.0	1.0	2.0
			MIR5094				2.0
			RP11-493E3.1				1.0
			MIR5009				1.0
			RNU6-1111P				1.0
			RNU7-111P				1.0
			AP3S2		1.0	1.0	2.0
			C15orf38				1.0
			C15orf38-AP3S2		1.0	1.0	2.0
			Z69890.1				6.0
			RGS11				7.0
			PDIA2				7.0
			ITFG3		6.0	3.0	6.0
			LUC7L		2.0	2.0	6.0
			HNRNPCP4		1.0	1.0	4.0
			TNP2				4.0
			PRM3				4.0
			PRM2				4.0
			PRM1				4.0
			MIR548H2				5.0
			RP11-57A19.5				5.0
			NUPR1		1.0		7.0
			RP11-666O2.1		2.0	1.0	6.0
			NPIPB7				6.0
			APOBR				7.0
			RP11-2C24.6				2.0
			ZNF629		2.0	2.0	2.0
			RP11-2C24.5				2.0
			SRCAP				2.0
			RP11-2C24.4				1.0
			PHKG2				2.0
			C16orf93				2.0
			RNF40				2.0
			RP11-120K18.3				5.0
			RP11-120K18.2				5.0
			COX6A2				4.0
			ZNF843				4.0
			ITGAX		1.0	1.0	5.0
			ITGAD		4.0	1.0	5.0
			RPL35AP33				2.0
			SMPD3		1.0	1.0	2.0
			RNA5SP429				4.0
			RP11-354M1.2				3.0
			CDH3				6.0
			CDH1		4.0	2.0	4.0
			RP11-61F12.1				3.0
			COTL1				3.0
			TLDC1		3.0	1.0	3.0
			RP5-1142A6.9				4.0
			RP5-1142A6.7				5.0
			RP5-1142A6.8				5.0
			CDT1		2.0	1.0	6.0
			APRT		1.0	1.0	6.0
			RP5-1142A6.2		1.0		5.0
			GALNS		4.0	2.0	6.0
			AC092384.1				6.0
			TRAPPC2L				4.0
			PABPN1L		1.0	1.0	4.0
			RP11-830F9.5				4.0
			CBFA2T3		5.0	3.0	7.0
			HNRNPA1P16				5.0
			SNORD91B				2.0
			SNORD91A				2.0
			TSR1				2.0
			AC007421.1				7.0
			SAT2				8.0
			RP11-199F11.2		1.0	1.0	5.0
			FXR2		2.0	2.0	8.0
			SHBG		3.0	3.0	8.0
			WRAP53		2.0	1.0	5.0
			RP11-849F2.9				3.0
			RP11-849F2.10				3.0
			AC135178.7				3.0
			SNORA69				3.0
			ODF4				3.0
			CTC1				2.0
			PFAS		1.0		3.0
			SLC25A35		1.0	1.0	3.0
			RANGRF				3.0
			ARHGEF15		1.0		3.0
			RP11-849F2.4				3.0
			RAI1-AS1				5.0
			SMCR5				4.0
			RP1-253P7.1				4.0
			AC087163.3				1.0
			AC087163.2				2.0
			LRRC48		1.0	1.0	3.0
			ATPAF2		1.0	1.0	5.0
			GID4		2.0		5.0
			TOM1L2				3.0
			RP11-64J19.1				3.0
			C17orf103		2.0	1.0	3.0
			RP11-192H23.5				3.0
			RP11-192H23.8				3.0
			RP11-192H23.7				3.0
			RPS12P28				1.0
			PIGS				3.0
			ALDOC				3.0
			SPAG5		2.0	1.0	3.0
			SPAG5-AS1		2.0	1.0	3.0
			RP11-192H23.6				3.0
			SGK494				3.0
			KIAA0100				3.0
			SDF2				2.0
			RP11-192H23.4		4.0	3.0	4.0
			RP11-20B24.3				5.0
			ERAL1		2.0		5.0
			MIR144		1.0	1.0	5.0
			RP11-20B24.7				5.0
			RP11-20B24.4				5.0
			DHRS13				5.0
			FLOT2		2.0		5.0
			FAM222B		2.0	2.0	5.0
			PHF12		1.0		5.0
			RP11-995C19.2		1.0		9.0
			RN7SL199P				9.0
			FAM215B				9.0
			LRRC37A2		9.0	3.0	9.0
			ARL17A		9.0	3.0	9.0
			RP11-567L7.7		1.0	1.0	2.0
			YPEL2				4.0
			RP11-567L7.5				4.0
			RP11-567L7.6		6.0	2.0	7.0
			FLJ45079		1.0	1.0	1.0
			RNU1-80P				1.0
			AC021593.1				6.0
			EIF5AP2				6.0
			TK1				5.0
			TNRC6C-AS1				6.0
			TMC6		6.0	3.0	6.0
			TMC8		5.0	3.0	6.0
			SYNGR2				6.0
			TNRC6C				6.0
			C17orf99		2.0	1.0	6.0
			AFMID		2.0	1.0	4.0
			MIR4525				1.0
			WDR45B				1.0
			RAB40B		1.0	1.0	1.0
			RP11-388C12.1				2.0
			RP11-388C12.8				2.0
			RP11-388C12.5		1.0	1.0	2.0
			FN3K		1.0		2.0
			TBCD		1.0	1.0	2.0
			AC068014.1				2.0
			AC068014.2				2.0
			RP11-567O16.1				2.0
			ZNF750				1.0
			RP11-1197K16.2				1.0
			B3GNTL1		1.0	1.0	2.0
			C18orf25		7.0	3.0	7.0
			AC020934.1				5.0
			KLF1		4.0	1.0	5.0
			AD000092.3				5.0
			MIR5695				5.0
			CALR				5.0
			CTD-2265O21.7		1.0	1.0	5.0
			GCDH		4.0	3.0	5.0
			SYCE2		2.0	1.0	5.0
			FARSA		1.0		5.0
			CTC-425F1.2				5.0
			MAST1				5.0
			CTD-2528A14.5				8.0
			CTD-3032J10.4				9.0
			CTD-3032J10.2		2.0	1.0	9.0
			CTD-3032J10.3				5.0
			USE1				3.0
			AC005621.1				3.0
			PDCD5		5.0	3.0	6.0
			SNORA68				8.0
			RPS12P31				4.0
			ANKRD27		2.0	2.0	7.0
			MIR330				6.0
			AC006132.1				6.0
			RN7SL836P		1.0	1.0	7.0
			MIR642A				7.0
			OPA3				3.0
			GPR4				1.0
			QPCTL		1.0	3.0	8.0
			EML2				6.0
			CTD-3187F8.7				4.0
			SIGLEC21P				4.0
			SIGLEC22P				4.0
			CTD-3187F8.11				4.0
			CTD-3187F8.14				4.0
			SIGLEC20P				4.0
			CD33		4.0	1.0	4.0
			SIGLECL1				4.0
			CTD-3187F8.2				4.0
			ATAD2B		5.0	2.0	8.0
			SDHCP3				9.0
			RN7SL610P				7.0
			UBXN2A		8.0	6.0	9.0
			C2orf44				7.0
			MFSD2B		7.0	5.0	7.0
			RNU6-370P				7.0
			FKBP1B				7.0
			SF3B14				5.0
			RNU6-958P				8.0
			PLEKHH2		2.0	1.0	6.0
			AC011242.6				3.0
			AC011242.5				2.0
			SIX3-AS1				3.0
			AC012354.8				2.0
			AC093702.1				2.0
			RP11-89K21.1		1.0	1.0	3.0
			SIX3				3.0
			AC012354.6		2.0	1.0	3.0
			AC079807.4		2.0	1.0	2.0
			AC009970.1		3.0	1.0	5.0
			CERS6-AS1				2.0
			NOSTRIN		5.0	1.0	5.0
			SPC25		5.0	1.0	7.0
			G6PC2		2.0	1.0	6.0
			AC013467.1				1.0
			HNRNPA1P39		1.0	1.0	1.0
			SP9				1.0
			AC018470.1				1.0
			AC018470.4				1.0
			CIR1		1.0	1.0	1.0
			SCRN3		1.0	1.0	1.0
			GPR155				1.0
			AC068138.1		6.0	8.0	3.0
			AL031655.1				6.0
			AL031655.2				6.0
			GAPDHP54				2.0
			RAE1				6.0
			RP4-800J21.3		1.0	1.0	6.0
			AP000304.12		4.0	2.0	4.0
			ITSN1		4.0	2.0	4.0
			AP001062.8				1.0
			C21orf2				1.0
			AP001062.7				1.0
			AP001062.1				1.0
			AP001062.9				1.0
			AP001063.1				1.0
			DNMT3L				2.0
			TRPM2				1.0
			CABP7				4.0
			UQCR10		2.0	2.0	4.0
			RP1-76B20.11				2.0
			RP1-76B20.12				2.0
			ZMAT5		2.0	2.0	4.0
			RNU6-331P				7.0
			RP1-102K2.6				4.0
			RP1-102K2.8				3.0
			RP3-438O4.4		4.0	4.0	5.0
			OSM		1.0	1.0	2.0
			RP1-127L4.10				1.0
			AP1B1P2				1.0
			RP1-90G24.8		1.0	1.0	1.0
			AP1B1P1				1.0
			RP1-127L4.7				1.0
			C22orf42		1.0	1.0	1.0
			RFPL2				1.0
			IGLCOR22-1				1.0
			RP1-90G24.10				1.0
			SLC5A4				1.0
			TST		2.0		8.0
			RN7SKP214				8.0
			RP5-1170K4.7				8.0
			TEX33		3.0	1.0	5.0
			MPST		4.0	2.0	8.0
			KCTD17		5.0	3.0	8.0
			TMPRSS6		8.0	3.0	9.0
			AL022314.1				5.0
			A4GALT		4.0	2.0	4.0
			ACTG1P12				4.0
			AC026166.1				3.0
			GSTM5P1		8.0	3.0	12.0
			RNU6-404P				2.0
			TSEN2				2.0
			CRIP1P1				2.0
			RAF1		3.0	2.0	3.0
			NRADDP		2.0	1.0	7.0
			NBEAL2		2.0	1.0	8.0
			SCAP		2.0	2.0	3.0
			PTPN23		2.0	1.0	5.0
			NCKIPSD		1.0	1.0	9.0
			PRKAR2A		2.0	1.0	7.0
			RP13-131K19.2				6.0
			WDR6				6.0
			MIR425				4.0
			NDUFAF3				5.0
			MIR191				4.0
			IMPDH2				3.0
			RP13-131K19.6				3.0
			RN7SL182P				4.0
			P4HTM		1.0		6.0
			DALRD3				6.0
			QARS		2.0	1.0	4.0
			RP11-694I15.7				4.0
			GPX1		2.0		11.0
			RHOA-IT1				11.0
			RHOA		8.0	6.0	12.0
			TCTA				10.0
			BSN-AS1				9.0
			RP13-1056D16.2				6.0
			CDHR4		2.0	1.0	7.0
			FAM212A				5.0
			UBA7				7.0
			MIR5193				5.0
			AC139451.1		1.0	1.0	9.0
			RN7SL217P				11.0
			TRAIP		4.0	2.0	10.0
			CAMKV		5.0	4.0	11.0
			ACTBP13		1.0	1.0	11.0
			MST1R		3.0		10.0
			RBM5		3.0	3.0	7.0
			RP11-493K19.3		3.0	1.0	11.0
			RP11-797D24.4				2.0
			ZNF148				1.0
			NME9				1.0
			RP11-788A4.1		1.0	1.0	1.0
			KLF7P1		3.0	1.0	4.0
			RNU1-70P		2.0	2.0	6.0
			SLC2A2		3.0	2.0	6.0
			PP13439		1.0	1.0	3.0
			PLD1		2.0	1.0	3.0
			MIR548AQ				4.0
			RP11-132N15.1		2.0	2.0	2.0
			RP11-132N15.2		1.0	1.0	2.0
			RP11-132N15.3		1.0	1.0	2.0
			LINC00885		2.0	2.0	5.0
			SLC51A				6.0
			PCYT1A		1.0	1.0	6.0
			U4				5.0
			RNU6-42P				5.0
			PIGX		1.0	1.0	5.0
			PAK2		5.0	1.0	5.0
			RP11-1406H17.1				1.0
			PPP2R2C				1.0
			WFS1		1.0	1.0	1.0
			RP11-147K6.1				2.0
			PKD2		1.0		2.0
			KRT19P3				1.0
			LRIT3				1.0
			EGF		5.0	1.0	5.0
			RP11-780M14.1				3.0
			FREM3				3.0
			RP13-578N3.3		3.0	2.0	3.0
			RP11-673E1.1		2.0	1.0	4.0
			RP11-673E1.4		4.0	3.0	4.0
			GYPB		4.0	2.0	4.0
			GYPA		5.0	1.0	3.0
			RP11-701P16.1				3.0
			RP11-701P16.2				3.0
			ACSL1		3.0	1.0	3.0
			MIR4635				5.0
			SLC12A7		5.0	4.0	5.0
			RBBP4P1				1.0
			MIR4637				1.0
			RP11-466P24.4				3.0
			RP11-466P24.6		1.0	1.0	4.0
			RP11-466P24.7		1.0	1.0	2.0
			AC008581.1				2.0
			HMGB1P35				2.0
			ZBED3-AS1		2.0	1.0	2.0
			RN7SL554P				3.0
			RP3-429O6.1		4.0	1.0	4.0
			RP11-69L16.4				5.0
			RP3-348I23.3				3.0
			RNU6-987P				6.0
			AL160037.1				7.0
			PRELID1P2				10.0
			HIST1H2AA		1.0		12.0
			HIST1H2BA				12.0
			HIST1H2BPS1				12.0
			HIST1H2APS1		1.0	1.0	12.0
			SLC17A4		6.0	2.0	8.0
			SLC17A1		6.0	3.0	12.0
			SLC17A3		10.0	6.0	11.0
			HIST1H2APS2		1.0		10.0
			U91328.20				12.0
			SLC17A2		3.0	1.0	8.0
			TRIM38		4.0	3.0	12.0
			U91328.21		2.0		12.0
			U91328.19		3.0	1.0	12.0
			U91328.22		1.0	1.0	12.0
			HIST1H1PS2				12.0
			HIST1H3A				12.0
			HIST1H4A		6.0	3.0	12.0
			HIST1H4B				12.0
			HIST1H3B		4.0		12.0
			HIST1H2AB		1.0	1.0	12.0
			HIST1H2BB				13.0
			U91328.2				13.0
			HIST1H3C		2.0		14.0
			HIST1H1C		5.0	2.0	16.0
			HIST1H1A				12.0
			HFE		7.0	3.0	13.0
			HIST1H4C		6.0	2.0	13.0
			HIST1H1T		2.0		14.0
			HIST1H2BC		3.0	1.0	14.0
			HIST1H2AC		10.0	5.0	14.0
			HIST1H1E		1.0		14.0
			HIST1H2BD		5.0	4.0	14.0
			LARP1P1				14.0
			HIST1H3E				9.0
			HIST1H2APS3		1.0		7.0
			HIST1H1D				7.0
			HIST1H4F		1.0	1.0	7.0
			HIST1H3F				7.0
			HIST1H2BH		2.0	1.0	6.0
			HIST1H3G		5.0	3.0	7.0
			HIST1H2APS4				7.0
			HIST1H2BI				7.0
			HIST1H4H		2.0	1.0	9.0
			HIST1H4G				7.0
			HIST1H3PS1		7.0	3.0	11.0
			RNU6-1259P		4.0	2.0	11.0
			RNU6-502P				11.0
			CTA-14H9.5		1.0	1.0	11.0
			BTN1A1		2.0	1.0	12.0
			HCG11				11.0
			HMGN4		7.0	3.0	9.0
			GUSBP2		10.0	6.0	11.0
			RP11-209A2.1		9.0	3.0	11.0
			PRSS16		3.0	2.0	8.0
			VN1R10P		7.0	3.0	9.0
			ZNF204P		1.0	1.0	11.0
			ZNF391		4.0	2.0	12.0
			POM121L2		1.0	1.0	10.0
			RP1-261G23.7				6.0
			RP11-425D10.1		1.0	1.0	7.0
			PTCHD3P3				7.0
			CCDC162P		6.0	3.0	7.0
			C6orf183		4.0	3.0	8.0
			AL109947.2				3.0
			RP5-919F19.5		1.0		3.0
			AK9		5.0	3.0	6.0
			RN7SL617P				3.0
			CTA-331P3.1				2.0
			DDO		1.0	1.0	3.0
			SLC22A16		2.0	1.0	3.0
			MIR588		6.0	3.0	6.0
			CTA-212D2.2				11.0
			RP11-12A2.3		6.0	6.0	5.0
			AC006150.1				2.0
			AC006045.3		2.0	1.0	2.0
			AC006458.3				2.0
			RNU6-979P				4.0
			TUBG1P				1.0
			URGCP		1.0	1.0	1.0
			UBE2D4				1.0
			AC004985.12				1.0
			POLR2J4				1.0
			RP5-1165K10.2				1.0
			AC017116.11				2.0
			MIR4649				3.0
			RNA5SP230				3.0
			MYL7				3.0
			POLM				2.0
			POLD2				3.0
			GCK		3.0	2.0	3.0
			YKT6		1.0	1.0	3.0
			CAMK2B		2.0	1.0	2.0
			ARPC1B		2.0	1.0	2.0
			PDAP1				2.0
			BUD31				2.0
			PTCD1				2.0
			ATP5J2-PTCD1				2.0
			ARPC1A		2.0	1.0	3.0
			RP11-390E23.6		2.0		5.0
			RNU6-11P		5.0	2.0	5.0
			HYALP1				5.0
			WASL				5.0
			HYAL4				4.0
			MIR4286				10.0
			RNA5SP252				10.0
			C8orf74		2.0	2.0	10.0
			SOX7		8.0	7.0	11.0
			CTD-2135J3.3		4.0	4.0	10.0
			RP1L1		10.0	9.0	11.0
			NKX6-3		1.0		5.0
			MIR486				5.0
			RP11-930P14.1				5.0
			AGPAT6		1.0		4.0
			RP11-360L9.8		1.0		4.0
			ANK1		5.0	4.0	5.0
			RP11-930P14.2		1.0		4.0
			RN7SL149P				4.0
			RP11-503E24.2				4.0
			RP11-503E24.3		2.0	2.0	5.0
			SMIM19		4.0	2.0	5.0
			SLC20A2		2.0	1.0	5.0
			RP11-654G14.1				1.0
			RN7SL826P				2.0
			SLC30A8		2.0	1.0	2.0
			GS1-393G12.12				2.0
			DGAT1		1.0	1.0	2.0
			TMEM249				1.0
			SLC52A2				1.0
			FBXL6				1.0
			HSF1				2.0
			SCRT1				2.0
			BOP1		1.0		2.0
			RP11-307I14.3				8.0
			MIR101-2				8.0
			RP11-125K10.5				8.0
			AL158147.2				8.0
			RCL1		8.0	5.0	8.0
			C9orf53				5.0
			RP11-149I2.4				5.0
			VPS13A		3.0	1.0	3.0
			AL162389.1		2.0	1.0	2.0
			RNU6-1064P				2.0
			RN7SL659P				2.0
			RP11-247A12.7		1.0	1.0	2.0
			RP11-247A12.8				1.0
			PPP2R4		1.0		2.0
			IER5L				1.0
			RP11-247A12.2				1.0
			CRAT				2.0
			MIR548AW				7.0
			RP11-415H23.4				8.0
			RNU7-21P				8.0
			EEF1A1P5		1.0		8.0
			RP11-295G24.4				8.0
			TSC1				7.0
			GTF3C5				8.0
			SURF1				7.0
			SURF2				7.0
			C9orf96		4.0	3.0	6.0
			REXO4				4.0
			ADAMTS13		2.0	1.0	4.0
			DKFZP434A062				4.0
			DNLZ				5.0
			GPSM1		4.0	2.0	5.0
			SDCCAG3				6.0
			PMPCA		1.0		5.0
			SEC16A		3.0	3.0	8.0
			C9orf163		1.0	1.0	6.0
			INPP5E		2.0	1.0	6.0
			AL008733.1				4.0
			LINC00982		1.0		4.0
			CCDC163P				2.0
			PRDX1				4.0
			HMGB1P48		1.0		4.0
			MMACHC				3.0
			TESK2		2.0		4.0
			RP11-630I5.1		3.0		3.0
			RP4-533D7.4				1.0
			PIK3R3		2.0		2.0
			TCEB1P19				1.0
			RP11-82K18.2				1.0
			GTF2B		1.0		1.0
			PKN2		1.0	1.0	4.0
			PHGDH		1.0		1.0
			HMGCS2				1.0
			PYGO2				1.0
			RP11-307C12.12				1.0
			CKS1B				5.0
			MIR4258				4.0
			LENEP				5.0
			SHC1				4.0
			PBXIP1				1.0
			KRTCAP2		2.0	1.0	5.0
			MUC1				5.0
			MIR92B				5.0
			MTX1		3.0	3.0	5.0
			RP11-263K19.6				5.0
			MTX1P1				4.0
			AL713999.1				4.0
			SCAMP3				4.0
			RP11-201K10.3		1.0	1.0	5.0
			TRIM46		1.0		5.0
			RP11-263K19.4		2.0		5.0
			FAM189B				4.0
			RP11-553K8.2		2.0	1.0	3.0
			ATP6V1G3				2.0
			MIR181B1				2.0
			MIR181A1				2.0
			RP11-16L9.3		1.0		7.0
			RP11-16L9.4		7.0	4.0	7.0
			AC105941.1				1.0
			RP11-382E9.1		2.0	1.0	3.0
			RP11-90O23.1				4.0
			SNORA77				6.0
			ATP2B4		4.0	2.0	4.0
			RP11-383G10.3				6.0
			RP11-383G10.5				7.0
			RP11-323I1.1		2.0	1.0	2.0
			EGLN1		1.0		1.0
			RP11-285G1.2		2.0		3.0
			TMEM72				3.0
			RP11-285G1.9				3.0
			TMEM72-AS1		3.0	1.0	3.0
			RP11-285G1.14				1.0
			RASSF4				1.0
			RP11-67C2.2		1.0	1.0	5.0
			ALOX5		1.0	1.0	5.0
			RP11-671E7.1				6.0
			FAM21C		5.0	4.0	6.0
			RP11-1H15.1				1.0
			RP11-1H15.2		1.0		1.0
			RP11-748C4.1				1.0
			PCNAP4				2.0
			E2F8		2.0		2.0
			RP11-428C19.4		2.0	1.0	2.0
			AC132216.1				2.0
			LMO2		2.0	1.0	2.0
			NPAT		3.0	1.0	4.0
			ACAT1				3.0
			AP005718.1				3.0
			CACNA1C		3.0		3.0
			RP11-392P7.1				1.0
			RPL13AP20				1.0
			MIR614				1.0
			GPRC5D				1.0
			GPRC5A		1.0		1.0
			RP11-392P7.6				1.0
			SP1		3.0	2.0	3.0
			AMHR2				2.0
			U7				10.0
			RP3-462E2.3		1.0	1.0	11.0
			AC003029.1		7.0	3.0	13.0
			MAPKAPK5-AS1		7.0	3.0	13.0
			RP1-267L14.3		1.0		9.0
			RP11-173P15.3				8.0
			MIR4700				6.0
			RP11-728G15.1		4.0	4.0	7.0
			CABP1		6.0	5.0	7.0
			MLEC		4.0	2.0	8.0
			UNC119B		2.0	1.0	6.0
			RP11-173P15.5				6.0
			ACADS		2.0	2.0	6.0
			RP11-173P15.7		3.0	3.0	5.0
			CLIC1P1		1.0	1.0	8.0
			RPL12P33		5.0	3.0	8.0
			SPPL3		5.0	3.0	7.0
			RNU6-53P				1.0
			SLC46A3				1.0
			MIR320D1		1.0		2.0
			MRPS31				2.0
			COMMD6		1.0		3.0
			TBC1D4		3.0	2.0	3.0
			ESR2		1.0		1.0
			AL139022.1				6.0
			MIR4706				6.0
			RP11-840I19.5				6.0
			RP11-840I19.3				6.0
			MAX		6.0	3.0	7.0
			SRP14		1.0	1.0	6.0
			RP11-349G13.1				4.0
			HNRNPA1P44				4.0
			RP11-390D11.1				1.0
			MYO9A		3.0	2.0	3.0
			PKM				3.0
			PARP6		1.0		2.0
			CELF6		1.0	1.0	2.0
			RP11-106M3.3		2.0	1.0	2.0
			RP11-106M3.2		2.0	1.0	2.0
			CYP1A1		6.0	3.0	9.0
			MIR4513				5.0
			CSK		2.0	1.0	11.0
			SNORD112		6.0	3.0	15.0
			RN7SL510P				2.0
			UBE2Q2		2.0	3.0	2.0
			NRG4		2.0	3.0	2.0
			C15orf27		2.0	1.0	2.0
			RP11-762H8.4				4.0
			RP11-762H8.2				4.0
			RP11-762H8.1				3.0
			RP11-762H8.3		2.0		4.0
			DNAJA4		2.0		4.0
			WDR61				4.0
			ACSBG1		3.0		4.0
			DDX11L10				3.0
			WASIR2				3.0
			SNRNP25		1.0	1.0	4.0
			Z69720.2				4.0
			WASH4P				3.0
			Z84812.4				3.0
			IL9RP3				3.0
			RHBDF1		1.0	1.0	4.0
			NPRL3		4.0	2.0	4.0
			MPG		1.0		4.0
			Z69666.2				4.0
			HBZ		3.0	2.0	4.0
			HBZP1		3.0	1.0	4.0
			Z84721.4		1.0		4.0
			HBM		4.0	1.0	4.0
			HBA2				4.0
			HBA1				4.0
			LA16c-OS12.2				4.0
			MRPL28		1.0		4.0
			TMEM8A		1.0	1.0	4.0
			PPP4C				3.0
			YPEL3				3.0
			RP11-455F5.4				3.0
			FAM57B		1.0		4.0
			ALDOA		1.0	1.0	3.0
			TBX6		2.0		3.0
			RP11-455F5.3				3.0
			AC135048.1				5.0
			FBXL19				3.0
			AC135048.13				3.0
			ORAI3				3.0
			SETD1A		3.0		5.0
			HSD3B7				5.0
			ACD				3.0
			PARD6A				3.0
			C16orf86				3.0
			RLTPR		1.0	1.0	3.0
			ENKD1		1.0		3.0
			GFOD2		1.0	2.0	3.0
			CTRL				3.0
			CTC-479C5.12				3.0
			CTC-479C5.17				3.0
			PSKH1		1.0	1.0	3.0
			LCAT		1.0		3.0
			SLC12A4		1.0		3.0
			DPEP3				2.0
			DPEP2				2.0
			RP11-96D1.9				3.0
			RPS12P27				3.0
			RP11-96D1.5				4.0
			RP11-96D1.10				3.0
			RP11-96D1.11				3.0
			ESRP2				3.0
			RP11-96D1.6				3.0
			RP11-96D1.7				2.0
			PLA2G15				3.0
			RP11-21B21.4		2.0	1.0	7.0
			TMEM88				5.0
			CYB5D1				5.0
			LSMD1		1.0		5.0
			HES7		1.0		2.0
			VAMP2				1.0
			SNORD118				1.0
			RP11-599B13.7				1.0
			MIR3676				1.0
			C17orf59				1.0
			RP11-599B13.8				1.0
			PER1				1.0
			RP11-599B13.6				1.0
			TMEM107		1.0		1.0
			LINC00324				1.0
			AC005730.2				3.0
			KCTD9P1				4.0
			RNU6-258P				4.0
			SPECC1		4.0	2.0	4.0
			AC005288.1				6.0
			AC087491.2				6.0
			PPP1R1B		1.0		9.0
			TCAP				6.0
			PNMT				6.0
			NEUROD2		1.0	1.0	6.0
			STARD3		2.0	1.0	6.0
			PGAP3		3.0	2.0	7.0
			MIR4728				5.0
			MIEN1				5.0
			RP11-94L15.2		2.0	1.0	5.0
			GRB7				5.0
			ERBB2		3.0	1.0	8.0
			RP11-798G7.4				6.0
			RP11-707O23.5		1.0		7.0
			RPS26P8		3.0	2.0	7.0
			LRRC37A4P		1.0		10.0
			RP11-798G7.6				8.0
			RP11-798G7.7				6.0
			DND1P1		3.0	1.0	7.0
			CRHR1-IT1		3.0		7.0
			RP11-105N13.4		14.0	7.0	14.0
			RP11-293E1.2				14.0
			RP11-293E1.1		1.0		14.0
			STH				11.0
			RP11-669E14.6				8.0
			RP11-259G18.2		3.0	1.0	11.0
			RP11-259G18.3		5.0	2.0	11.0
			RP11-259G18.1				11.0
			RN7SL656P				5.0
			LRRC37A		2.0	1.0	10.0
			RPS7P11				9.0
			WNT3		5.0	1.0	8.0
			RP11-63A1.2		1.0	1.0	2.0
			RP11-63A1.1				2.0
			RNU6ATAC3P				2.0
			RP11-156P1.2		1.0	1.0	3.0
			MIR152				1.0
			RP5-890E16.2		1.0		1.0
			RP5-890E16.4				1.0
			RNU6-1201P				1.0
			COPZ2				1.0
			CBX1				1.0
			RP11-433M22.1				1.0
			RP11-433M22.2				1.0
			RP11-332H18.3				3.0
			TBX2				3.0
			RP11-332H18.5		3.0	2.0	3.0
			RP11-332H18.4		3.0	2.0	3.0
			AC139149.1				2.0
			RP13-766D20.1				2.0
			RP13-766D20.2		1.0	1.0	3.0
			FSCN2				3.0
			ACTG1		1.0	2.0	3.0
			C17orf70				3.0
			AC004490.1				1.0
			AC016586.1				4.0
			CTD-2622I13.3				4.0
			PIAS4				4.0
			MAP2K2		3.0	3.0	4.0
			CTC-425F1.4				4.0
			GADD45GIP1				4.0
			AC092069.1		2.0	1.0	4.0
			DAND5		2.0	1.0	4.0
			RAD23A				4.0
			CTC-239J10.1				2.0
			AC005387.3				2.0
			AC005253.2				2.0
			AC005253.4				2.0
			UBA52				2.0
			FKBP8		1.0		2.0
			AC005387.2				2.0
			KXD1				2.0
			CRLF1				2.0
			CTD-2540B15.6				7.0
			CTD-2540B15.12		6.0	2.0	7.0
			CTD-2540B15.11				8.0
			CEBPA				8.0
			AC008738.1				8.0
			CTD-2540B15.7				8.0
			CEBPA-AS1				8.0
			CTD-2540B15.9		2.0		8.0
			AKR1B1P7				8.0
			CEBPG				7.0
			PEPD		6.0	7.0	7.0
			MIA				2.0
			EGLN2				4.0
			CYP2T2P				4.0
			CYP2F1P		1.0		4.0
			CTC-490E21.10		1.0	1.0	4.0
			CTC-490E21.12		4.0	2.0	4.0
			MIA-RAB4B				2.0
			RAB4B-EGLN2		1.0	1.0	4.0
			KCNN4		3.0	2.0	4.0
			AC115522.3				4.0
			IRGC				2.0
			SMG9		1.0		4.0
			LYPD5				4.0
			CTB-33G10.11		1.0	1.0	2.0
			RRAS		1.0	1.0	2.0
			PRRG2				2.0
			NOSIP		1.0	2.0	3.0
			AC017078.1				1.0
			AC017006.2				1.0
			AC017006.3				1.0
			RNU1-32P				3.0
			MIR4432				3.0
			AC007381.2		2.0	1.0	3.0
			AC092667.2				4.0
			AC096670.3				6.0
			AC108463.1		2.0	2.0	4.0
			AC108463.2				4.0
			RP11-181E10.3				4.0
			MIR4435-1HG		7.0	5.0	7.0
			AC068491.3		2.0		3.0
			AC017002.2		2.0	1.0	4.0
			AC017002.1		2.0	1.0	4.0
			AC016683.5				3.0
			RP11-65I12.1				4.0
			PSD4		2.0	2.0	4.0
			AC016683.6		4.0	3.0	4.0
			HOXD13				2.0
			HOXD11		2.0	2.0	2.0
			AC009336.1				2.0
			HOXD9				2.0
			MIR10B				2.0
			HOXD10		2.0	2.0	2.0
			HOXD-AS2		1.0	1.0	2.0
			HOXD8				2.0
			HOXD3		2.0	2.0	2.0
			EVX2		2.0	2.0	2.0
			AC104076.2				2.0
			AC104076.3				2.0
			C2orf62				4.0
			AC021016.6				4.0
			RP11-378A13.2				5.0
			MIR26B				5.0
			SLC11A1				5.0
			CTDSP1		2.0	1.0	5.0
			STK36		2.0	1.0	2.0
			CYP27A1		1.0		2.0
			COX4I2		1.0	1.0	3.0
			BCL2L1		2.0	1.0	4.0
			RP11-243J16.7				4.0
			RP11-410N8.3				6.0
			C20orf112		6.0	4.0	6.0
			FTLP1				2.0
			MMP9				2.0
			ZNF335		2.0		6.0
			PCIF1		1.0		6.0
			COX6CP2		3.0	1.0	4.0
			AJ006998.2		4.0	3.0	4.0
			LINC00649		4.0	2.0	4.0
			AP000569.9				4.0
			AP000695.1				2.0
			PSMD4P1				2.0
			CHAF1B				2.0
			AP000695.6		2.0	3.0	2.0
			AP000695.4		2.0	3.0	2.0
			AP000696.2				1.0
			AP000697.6		1.0		1.0
			SIM2				1.0
			BPIFC		1.0	1.0	3.0
			FBXO7		3.0	1.0	3.0
			CTA-941F9.9		1.0		1.0
			RNU6-1161P				1.0
			FBLN1				1.0
			WI2-85898F10.1				1.0
			CR536603.1				2.0
			CITF22-92A6.1		1.0		2.0
			MIOX				4.0
			LMF2				4.0
			SCO2		1.0		4.0
			CTA-384D8.36				4.0
			TYMP				4.0
			CTA-384D8.35		1.0	1.0	4.0
			CTA-384D8.34		1.0		4.0
			CTA-384D8.31				4.0
			SYCE3				4.0
			CPT1B		2.0	1.0	4.0
			ADM2				4.0
			NCAPH2		1.0	1.0	4.0
			ODF3B		3.0	1.0	4.0
			CHKB-CPT1B		2.0	1.0	4.0
			CHKB		3.0	1.0	3.0
			KLHDC7B				4.0
			CHKB-AS1				3.0
			CTA-384D8.33		1.0	1.0	3.0
			MAPK8IP2		1.0	1.0	3.0
			ARSA		1.0	1.0	4.0
			AC091492.2				9.0
			MIR3714				2.0
			RP13-480C15.1				6.0
			MITF		1.0		1.0
			RP11-438D8.2		1.0	1.0	6.0
			XRN1		4.0	1.0	4.0
			RPL6P9				4.0
			RNA5SP143		1.0	1.0	4.0
			PLS1		2.0	1.0	3.0
			RNU7-18P				4.0
			TFRC		4.0	2.0	4.0
			FBXL5		1.0		2.0
			CC2D2A		1.0	1.0	2.0
			RP11-380P13.2				1.0
			RP13-497K6.1				1.0
			RP11-380P13.1		1.0		1.0
			RP11-231C18.2		2.0	1.0	2.0
			RP11-231C18.1				2.0
			RP11-545H22.1		2.0	1.0	2.0
			AC006552.1		5.0	3.0	5.0
			KIT		2.0	1.0	4.0
			AC112249.1				3.0
			RNU6-145P				3.0
			RP11-688H10.1				3.0
			RNU6-615P				2.0
			LIN54		1.0		2.0
			RP11-476C8.2				5.0
			GAPDHP60		1.0		4.0
			RP11-529H2.1		3.0	2.0	4.0
			OSMR		1.0		1.0
			CTD-2127H9.1				1.0
			MEF2C-AS1		7.0	5.0	7.0
			RN7SL562P				6.0
			CTD-2301A4.1				6.0
			PFN3				4.0
			MXD3		2.0	1.0	3.0
			F12		1.0		4.0
			GRK6		1.0		4.0
			SLC34A1		2.0	1.0	5.0
			RP11-405O10.2				6.0
			AL050335.1		2.0	1.0	2.0
			GMPR		4.0	2.0	4.0
			XXbac-BPGBPG34I8.1		2.0		6.0
			HNRNPA1P1		6.0	1.0	6.0
			ZNF184		7.0	1.0	8.0
			NPM1P51		1.0	1.0	7.0
			AL035588.1				7.0
			RP11-298J23.5				7.0
			TFEB		7.0	3.0	7.0
			PGC		1.0	1.0	7.0
			RP11-298J23.8				5.0
			PRICKLE4		4.0	1.0	5.0
			TOMM6				4.0
			RP11-298J23.9				4.0
			SNORA8				4.0
			FRS3		1.0		5.0
			USP49		2.0	1.0	4.0
			RP5-973N23.4				2.0
			MED20		1.0		5.0
			BYSL				8.0
			CCND3		9.0	4.0	10.0
			RNU6-761P				9.0
			RP11-533O20.2		1.0		8.0
			TAF8		3.0	2.0	8.0
			RP11-7K24.3				3.0
			C6orf132				3.0
			RP1-261G23.5				1.0
			RP11-344J7.2		2.0	2.0	2.0
			AL109615.1				2.0
			RP5-1120P11.3				2.0
			RP5-1120P11.4				2.0
			RP5-1120P11.1		2.0	1.0	2.0
			CEP57L1				4.0
			RP11-425D10.4				6.0
			MICAL1		1.0		3.0
			ZBTB24		1.0		2.0
			FIG4		3.0	1.0	4.0
			TPD52L1				1.0
			CTA-31J9.2				3.0
			RP1-287H17.1		4.0	1.0	4.0
			RP11-557H15.4				3.0
			RP3-352A20.1		5.0	2.0	4.0
			MYB-AS1				7.0
			MIR548A2				6.0
			MYB		7.0	4.0	7.0
			RP1-32B1.4		1.0	1.0	3.0
			RP3-388E23.2		3.0		4.0
			AHI1		5.0		5.0
			LINC00271		3.0	1.0	3.0
			AL360178.1				2.0
			RP1-155D22.2		3.0	1.0	3.0
			AC147651.4				2.0
			UNCX		2.0	3.0	2.0
			AC073094.4		1.0		2.0
			AC004854.4				4.0
			MIR4657				4.0
			PPIA				4.0
			H2AFV		4.0	2.0	4.0
			PURB				4.0
			AC013436.6				6.0
			IKZF1		6.0	3.0	8.0
			AC073850.6				3.0
			CD36		4.0		4.0
			SEMA3C				2.0
			RP4-604G5.3				3.0
			AZGP1		1.0		3.0
			AZGP1P1		1.0		3.0
			ZSCAN21				2.0
			COPS6				2.0
			MIR25				2.0
			MIR93				2.0
			MIR106B				2.0
			AP4M1				2.0
			ZNF3		2.0	1.0	2.0
			MCM7				2.0
			TAF6				2.0
			RP11-506M12.1				3.0
			CNPY4				3.0
			MBLAC1				3.0
			AC073842.18		1.0		2.0
			LAMTOR4				2.0
			C7orf43				2.0
			MIR4658				2.0
			GPC2		1.0		2.0
			AC073842.19				2.0
			GAL3ST4				2.0
			PVRIG2P				5.0
			SPDYE3				5.0
			PMS2P1		4.0	1.0	5.0
			STAG3L5P		1.0		5.0
			STAG3L5P-PVRIG2P-PILRB		1.0		5.0
			PILRB		1.0		5.0
			ZCWPW1		1.0		4.0
			GNB2		1.0		6.0
			POP7		2.0	1.0	4.0
			TFR2		5.0	3.0	7.0
			ACTL6B				6.0
			EPO		2.0		5.0
			ZAN		4.0	2.0	5.0
			RN7SL750P				2.0
			SLC12A9		1.0		6.0
			EPHB4				3.0
			RN7SL549P		3.0		6.0
			RP13-650G11.1				5.0
			MUC3A		2.0	1.0	4.0
			RP11-395B7.2				1.0
			RP11-395B7.4				2.0
			MUC17		1.0	1.0	2.0
			RN7SKP54				2.0
			RP11-395B7.7				2.0
			TRIM56		1.0		2.0
			SERPINE1				1.0
			RP11-148K1.10				2.0
			CDK5		1.0		2.0
			RP11-148K1.12				1.0
			FASTK				1.0
			TMUB1				1.0
			ATG9B				2.0
			SLC4A2		1.0		2.0
			AGAP3				1.0
			ABCB8				2.0
			FP15737		1.0	1.0	3.0
			RNU4-71P		1.0		3.0
			RP11-583M2.2		1.0		2.0
			SLC25A37		3.0	1.0	3.0
			RP11-1007J8.1				2.0
			RP11-70J12.1				3.0
			RP11-6J24.3				2.0
			PPAPDC2				2.0
			RP11-6J24.6		1.0		2.0
			CDC37L1				3.0
			SPATA6L		2.0		2.0
			AK3		3.0	1.0	5.0
			RP11-307I14.4		4.0	1.0	5.0
			RP11-307I14.2		3.0	1.0	5.0
			PES1P2		1.0		1.0
			RP11-284P20.3				1.0
			LINC00583				1.0
			ACO1		1.0		1.0
			DDX58				1.0
			RP11-535C21.3				5.0
			RNU6-918P		2.0	1.0	2.0
			ANP32B		3.0	1.0	5.0
			RNA5SP296				1.0
			MIR4672				1.0
			ENG				1.0
			RP11-228B15.4				1.0
			AK1		1.0		1.0
			RP11-203J24.9				1.0
			ST6GALNAC4				1.0
			OBP2B		3.0	2.0	7.0
			MED22		1.0	1.0	6.0
			RP11-244N20.7				6.0
			SNORD24				5.0
			SNORD36B				5.0
			SNORD36A				5.0
			SNORD36C				5.0
			SLC2A6		3.0	2.0	3.0
			CACFD1		2.0	1.0	3.0
			RNU6-537P				4.0
			MTOR-AS1		1.0		4.0
			AL391650.1				1.0
			TRIM63		1.0		1.0
			PDIK1L		2.0	1.0	2.0
			RP11-415J8.7				1.0
			AL513327.1				1.0
			MIR3605				1.0
			RN7SKP16				1.0
			ZNF362				1.0
			A3GALT2		1.0		1.0
			RP11-415J8.3		1.0		1.0
			PHC2				1.0
			RP11-415J8.5				1.0
			RNU6-608P				4.0
			RP4-635E8.1				2.0
			SCMH1		2.0	1.0	2.0
			RP11-399E6.4				2.0
			FOXO6		2.0	1.0	2.0
			RNU6-1026P				1.0
			RP1-158P9.1		3.0	2.0	3.0
			AK5		5.0	2.0	5.0
			RNA5SP20				1.0
			RN7SL370P				1.0
			ZZZ3		1.0		2.0
			RP11-181C21.4				1.0
			NSRP1P1		1.0		2.0
			RP11-181C21.6				2.0
			NEXN-AS1				2.0
			FAM73A		1.0		2.0
			NEXN		1.0		2.0
			RNU6-1102P				1.0
			RP11-386I14.3				1.0
			RNA5SP22				1.0
			RNFT1P2				1.0
			GIPC2		2.0	2.0	2.0
			RP11-307C12.11				7.0
			EFNA4				7.0
			EFNA3				7.0
			MIR214				4.0
			MIR199A2				4.0
			DNM3OS				4.0
			RP4-798P15.3		2.0	1.0	5.0
			TSEN15		2.0	1.0	2.0
			MIR1231				2.0
			IPO9-AS1				2.0
			IPO9		2.0		3.0
			SHISA4		1.0		2.0
			RP11-465N4.2				1.0
			RP11-307B6.3				2.0
			TIMM17A				1.0
			RNPEP				1.0
			SNORA72				3.0
			RAB7L1		1.0		2.0
			NUCKS1		2.0	1.0	2.0
			SLC41A1				2.0
			RP11-365D23.4				1.0
			RP11-129O7.2				3.0
			RN7SKP241				6.0
			PRTFDC1		6.0	1.0	6.0
			RNA5SP319				1.0
			RP11-524O24.2				1.0
			DNA2				1.0
			SLC25A16		1.0		1.0
			COX20P1				1.0
			RP11-119F7.3				1.0
			TET1		1.0		1.0
			PPIF		2.0	1.0	6.0
			RP11-342M3.5		2.0		5.0
			RP11-76P2.4				5.0
			PLCE1-AS1		3.0	1.0	7.0
			SEC31B				2.0
			NDUFB8				1.0
			HIF1AN		1.0		1.0
			RP11-179B2.2				3.0
			FAM178A				3.0
			PAX2		3.0		3.0
			C10orf32		1.0		6.0
			RP11-753C18.8				4.0
			RP11-724N1.1				4.0
			C10orf32-ASMT		4.0		6.0
			RNU6-372P				5.0
			AS3MT		4.0		5.0
			RNU6-728P				1.0
			MIR3941				2.0
			MIR4296				1.0
			H19		2.0	1.0	2.0
			AC013791.2				3.0
			RP11-587D21.1				1.0
			LINC00678		1.0		2.0
			RP11-587D21.4		4.0	1.0	4.0
			RP4-710M3.1				2.0
			RP4-710M3.2		1.0		2.0
			SEC14L1P1				1.0
			RP11-613D13.5		1.0		1.0
			HSD17B12		2.0		2.0
			ALKBH3				1.0
			RP11-793I11.1		8.0	3.0	9.0
			NDUFA3P2				3.0
			AP000807.2				3.0
			AP000807.1				3.0
			PPP6R3		3.0	1.0	3.0
			LRP5		2.0	1.0	3.0
			RP11-543P15.1				2.0
			RP5-1063M23.2				2.0
			RP5-1063M23.1				2.0
			CDKN1B		2.0		3.0
			RP11-180M15.4				3.0
			MIR613				3.0
			RP11-59H1.4				2.0
			RP11-180M15.3		1.0		3.0
			GPR19		1.0		3.0
			RP11-474P2.2				1.0
			RP11-474P2.4				1.0
			SLC38A2		1.0		1.0
			RP11-96H19.1		1.0		1.0
			RP11-70F11.7		1.0		4.0
			RP11-70F11.2				4.0
			RP11-70F11.11				4.0
			BCDIN3D-AS1				4.0
			BCDIN3D				4.0
			RP11-70F11.8				4.0
			NACA				3.0
			HSD17B6		3.0	1.0	5.0
			AC090673.2				3.0
			RP11-366L20.3				5.0
			RN7SL804P		1.0		3.0
			RP11-159A18.1		3.0	2.0	3.0
			YEATS4		1.0	1.0	4.0
			RP11-956E11.1		2.0		3.0
			FRS2				3.0
			SOCS2		2.0	1.0	3.0
			RP11-887P2.3		1.0		1.0
			SOCS2-AS1		1.0		3.0
			RP11-512N21.1				2.0
			RP11-554E23.3				2.0
			RP11-554E23.2		1.0		2.0
			CCDC53		2.0	1.0	2.0
			DRAM1		2.0	1.0	3.0
			RP11-554E23.4				2.0
			RP3-521E19.2				5.0
			RN7SKP71				5.0
			RN7SL865P				3.0
			RP11-110L15.1		3.0	2.0	3.0
			RP11-512M8.3				2.0
			RPL21P1				2.0
			CLIP1		2.0		2.0
			RP11-324E6.8				2.0
			HCAR1		5.0	4.0	5.0
			RP11-197N18.7				4.0
			hsa-mir-8072		1.0	1.0	3.0
			SETD8		2.0	1.0	5.0
			RP11-408I18.9				2.0
			FAM101A		5.0	5.0	6.0
			AL139328.1				3.0
			CHCHD2P11		1.0		3.0
			RP11-432M24.4		1.0		1.0
			ARL11				1.0
			AL135901.1				2.0
			EBPL		2.0	1.0	2.0
			KPNA3		1.0		2.0
			RNY4P30		1.0		1.0
			CTAGE10P		1.0		1.0
			RNY4P9				2.0
			MIR16-1				1.0
			RPL18P10				1.0
			TRIM13				1.0
			KCNRG				1.0
			RP11-175B12.2		2.0		5.0
			DLEU7		2.0		2.0
			RP11-318G21.4				1.0
			RN7SL810P				1.0
			EDNRB		1.0		1.0
			RNF219-AS1				1.0
			SNORD8				1.0
			RP11-689J19.1				1.0
			EIF4EBP1P1				1.0
			RN7SL650P				1.0
			RAB2B				1.0
			CHD8		1.0		1.0
			RP11-124D2.7				4.0
			PPP1R3E				4.0
			PABPN1		1.0		3.0
			AL049829.1				3.0
			SLC22A17				3.0
			EFS				3.0
			RP11-124D2.3				3.0
			IL25		1.0		3.0
			HOMEZ		3.0	1.0	4.0
			BCL2L2				4.0
			BCL2L2-PABPN1		1.0		3.0
			RNU6-802P		1.0		3.0
			ADCY4		1.0	1.0	3.0
			RP11-934B9.3		1.0	1.0	3.0
			RIPK3				3.0
			NYNRIN		6.0	7.0	7.0
			CTD-2568P8.1		1.0		1.0
			PPM1A				1.0
			RP11-1042B17.1				1.0
			RP11-1042B17.2				1.0
			RP11-1042B17.5				1.0
			CHGA				1.0
			RP11-862G15.1				1.0
			RP11-862G15.2				1.0
			RP11-1008C21.2		1.0		1.0
			RP11-1008C21.1				1.0
			RP11-346D14.1		1.0		1.0
			RP11-321F6.1				2.0
			RP11-158M2.3				2.0
			RP11-158M2.5				2.0
			MIR1276				2.0
			RP11-158M2.6				2.0
			RNU6-231P				1.0
			MIR548AP				1.0
			RP11-158M2.4				2.0
			KLHL25		1.0		2.0
			RP11-35O15.1		3.0	2.0	4.0
			JMJD8				3.0
			LA16c-313D11.12				2.0
			LA16c-380A1.1				2.0
			METRN				2.0
			FAM173A				2.0
			CCDC78				2.0
			HAGHL		2.0	1.0	2.0
			MSLN				3.0
			MSLNL				3.0
			MIR662				3.0
			WDR24				2.0
			FBXL16				2.0
			NARFL		2.0	1.0	3.0
			RN7SL219P				1.0
			MIR1225				2.0
			RP11-304L19.1				2.0
			NPW				1.0
			SLC9A3R2				1.0
			TSC2		1.0		2.0
			PKD1		2.0	1.0	3.0
			RP11-304L19.3				2.0
			NTHL1				1.0
			RP11-304L19.2				3.0
			MIR4516				3.0
			MIR3180-5				3.0
			RP11-304L19.5				3.0
			SNORD60				3.0
			RP11-304L19.4		1.0		3.0
			RAB26				3.0
			TRAF7		1.0	1.0	4.0
			MLST8		1.0		4.0
			AC009065.3				4.0
			RP11-304L19.8				3.0
			PGP		3.0	1.0	3.0
			RP11-304L19.12				3.0
			DNASE1L2				3.0
			BRICD5				4.0
			E4F1				3.0
			CASKIN1		2.0	1.0	4.0
			RP11-304L19.11				3.0
			RNPS1				3.0
			AC009065.1				3.0
			RP11-462G12.2				3.0
			RP11-462G12.1				3.0
			PPL		2.0		3.0
			MIR1972-1				2.0
			RP11-680G24.5				2.0
			RP11-72I8.1				2.0
			NTAN1		1.0		2.0
			RRN3		1.0	2.0	2.0
			PDXDC1		2.0	3.0	2.0
			CTD-2515A14.1		1.0		3.0
			TNRC6A		3.0		3.0
			SLC5A11				2.0
			CTD-2574D22.4				2.0
			CTD-2574D22.2				2.0
			HIRIP3				2.0
			DOC2A				3.0
			INO80E				2.0
			RNU6-1153P				2.0
			RP11-44F14.5				2.0
			AKTIP				2.0
			RBL2		2.0	1.0	2.0
			RP11-158I3.3				1.0
			LINC00917		1.0		1.0
			RP5-1142A6.5				3.0
			CTU2		1.0	1.0	3.0
			MIR4722				3.0
			RNF166		1.0	1.0	3.0
			SPEM1		1.0	1.0	3.0
			C17orf74				3.0
			FGF11		1.0		3.0
			RP11-104H15.8				3.0
			RP11-104H15.10		1.0		3.0
			SLC35G6				4.0
			CHRNB1		1.0		3.0
			RP11-104H15.7		3.0	2.0	3.0
			TMEM102				3.0
			RP11-104H15.9				3.0
			EFNB3		2.0	1.0	4.0
			RP11-218M11.3				4.0
			RP11-218M11.1				4.0
			KRT17P3				4.0
			ALOX12P1		1.0		4.0
			RP11-271K11.1				4.0
			TBC1D29		2.0	1.0	4.0
			RP11-218M11.6				4.0
			AC006050.2		1.0		4.0
			SMURF2P1				3.0
			GOSR1				4.0
			CTD-2349P21.1				2.0
			RNU6-298P				3.0
			RP13-753N3.1				3.0
			CTD-2349P21.11				3.0
			TEFM				4.0
			RP11-848P1.5				3.0
			MIR4733				3.0
			RP11-142O6.1				2.0
			RP11-271K11.5				3.0
			RP11-848P1.9		2.0		3.0
			AK4P1				3.0
			RAB11FIP4				3.0
			AC006449.1				2.0
			CISD3				2.0
			RNA5SP440				2.0
			CTB-58E17.5				2.0
			RNU6-866P				2.0
			MLLT6				2.0
			PCGF2		1.0		2.0
			PSMB3		1.0		2.0
			PIP4K2B		1.0		2.0
			CWC25				1.0
			HEXIM1		1.0		1.0
			HEXIM2				1.0
			RP13-890H12.2		1.0		1.0
			PLCD3		1.0		2.0
			ACBD4		1.0		2.0
			AC002117.1		1.0		1.0
			CTD-2020K17.1				1.0
			RNU1-42P				1.0
			RP11-501C14.5		1.0		3.0
			RNU6-826P				3.0
			RP11-501C14.7				3.0
			SNF8				2.0
			IGF2BP1		2.0		3.0
			RP11-501C14.6		1.0		3.0
			TACO1				3.0
			RP11-51F16.9		1.0		3.0
			RP11-51F16.5				3.0
			DCAF7				3.0
			MAP3K3		3.0	2.0	3.0
			RN7SL805P				2.0
			CSH2				3.0
			GH2		1.0		3.0
			RP11-630H24.3		2.0	1.0	3.0
			CSH1				3.0
			RP11-630H24.4				3.0
			CSHL1		3.0	2.0	3.0
			GH1				3.0
			CD79B				3.0
			SMARCD2				2.0
			TCAM1P				2.0
			KCNJ16		1.0		1.0
			KCNJ2				1.0
			AC002539.1		1.0		1.0
			MIR657				1.0
			MIR338				1.0
			MIR1250				1.0
			RP11-149I9.2				1.0
			AATK		1.0		1.0
			AATK-AS1				1.0
			AC105247.1				4.0
			CABLES1		4.0	2.0	4.0
			TMEM241				3.0
			RIOK3				3.0
			C18orf8		3.0		3.0
			MIR4744				2.0
			RP11-15F12.1		1.0		2.0
			RP11-15F12.3				2.0
			DYM		3.0	2.0	3.0
			RP11-110H1.9		1.0		3.0
			SDCCAG3P1				1.0
			RP11-866E20.3				1.0
			FAM60CP				1.0
			RNU6-567P		2.0	2.0	2.0
			RPS3AP49				5.0
			RNU4-17P		3.0	1.0	5.0
			RP11-795H16.2		3.0		5.0
			RP11-795H16.3		2.0		5.0
			RP11-396N11.1		3.0		3.0
			RP11-751H17.1				2.0
			GALR1		2.0	1.0	2.0
			C19orf77				3.0
			NFIC		4.0	2.0	4.0
			AC027319.2				2.0
			MIR4747				5.0
			ARRDC5				2.0
			PLIN3				2.0
			CTB-25J19.9				1.0
			AC010311.1				3.0
			ZNF557				1.0
			ILF3-AS1				6.0
			TMEM160				3.0
			RN7SL533P				4.0
			NPAS1				3.0
			SAE1		1.0		4.0
			AC105393.2		2.0		3.0
			AC093326.1				2.0
			AC093326.2				3.0
			AC093326.3		3.0		3.0
			TMEM18		6.0	1.0	6.0
			AC092159.2				6.0
			AC092159.3				3.0
			RNA5SP91				2.0
			RNU6-105P				2.0
			AC007969.5				3.0
			RPL21P38		1.0		2.0
			RN7SKP43				1.0
			AC009492.1		1.0		1.0
			KCNE4		2.0	1.0	2.0
			RP5-1002M8.4				2.0
			CRNKL1				2.0
			C20orf26		2.0	1.0	2.0
			RN7SL511P		1.0		4.0
			SNTA1		3.0	2.0	5.0
			C20orf144				2.0
			ACTL10				2.0
			RP1-63M2.5				2.0
			PXMP4		2.0	1.0	5.0
			RP4-553F4.2		1.0		5.0
			RPL31P2				6.0
			NECAB3				2.0
			RPS2P1		3.0	2.0	4.0
			RP1-64K7.4				4.0
			EIF2S2				4.0
			MIR4755				4.0
			CTD-3216D2.4		2.0		5.0
			CDC42P1				4.0
			ITCH-AS1				4.0
			ITCH		4.0	3.0	6.0
			RP11-346K17.3		2.0	2.0	5.0
			PIGU		4.0	2.0	7.0
			TP53INP2		1.0	1.0	4.0
			MIR499A				5.0
			ACSS2		1.0		5.0
			MYH7B		3.0	2.0	5.0
			EIF6				5.0
			FAM83C-AS1				5.0
			FAM83C		3.0	1.0	5.0
			RP4-614O4.11		2.0	1.0	5.0
			EDEM2		6.0	4.0	6.0
			MMP24-AS1		5.0	3.0	6.0
			MMP24		5.0	3.0	6.0
			GDF5OS		1.0		3.0
			MIR1289-1				3.0
			RP3-477O4.14				4.0
			SPAG4		2.0		5.0
			RN7SKP271				5.0
			RNU6-759P				5.0
			CPNE1		1.0	1.0	6.0
			RP1-309K20.6				6.0
			RBM12				6.0
			NFS1		3.0	1.0	6.0
			ROMO1				5.0
			RBM39		3.0	1.0	5.0
			RPF2P1				4.0
			COX7BP2				2.0
			HIGD1AP16				2.0
			RNU4-40P				2.0
			PHF20		2.0	1.0	4.0
			RNU6-937P				1.0
			SCAND1				4.0
			RP4-550H1.5				4.0
			RP11-234K24.3				1.0
			AL121895.1				1.0
			RP4-550H1.4		1.0	1.0	4.0
			EPB41L1		2.0	1.0	4.0
			AAR2		2.0	1.0	2.0
			DLGAP4		4.0	2.0	4.0
			RN7SL156P				3.0
			SOGA1		3.0	1.0	3.0
			TLDC2		1.0		3.0
			SAMHD1		2.0	1.0	5.0
			RP4-723E3.1		2.0		2.0
			RP5-1022J11.2				2.0
			MRPS33P4				2.0
			AP001422.3				2.0
			JAGN1				2.0
			RNU6-882P				2.0
			PRRT3				2.0
			RP11-1020A11.2				2.0
			IL17RE				2.0
			CRELD1				2.0
			RP11-1020A11.1				2.0
			PRRT3-AS1				2.0
			EMC3				2.0
			IL17RC		2.0	1.0	2.0
			ACVR2B-AS1		2.0	1.0	2.0
			DDTP1				2.0
			RPL18AP7				2.0
			EXOG		1.0		4.0
			CTD-2330K9.3		2.0		9.0
			MON1A		2.0		9.0
			CTD-2330K9.2				9.0
			MIR566				8.0
			GNAT1		1.0	1.0	7.0
			SERBP1P3				2.0
			RP11-894J14.5		2.0	1.0	2.0
			FAM208A		2.0	1.0	2.0
			CCDC66		1.0	1.0	2.0
			H1FX		1.0		2.0
			NUP210P3		1.0		2.0
			HMCES				2.0
			RP13-685P2.8		1.0		1.0
			RP13-685P2.7				1.0
			RP11-529F4.1				1.0
			RPL32P3				1.0
			RP11-423E7.1				4.0
			RN7SL141P				4.0
			BZW1P1		1.0		4.0
			GHSR		4.0	3.0	4.0
			MIR1224				2.0
			ALG3				2.0
			CAMK2N2				1.0
			VWA5B2				2.0
			ECE2		1.0		2.0
			EIF2B5		2.0		2.0
			PSMD2		1.0		2.0
			RP11-537I16.2				4.0
			SENP2		2.0	1.0	4.0
			ETV5-AS1				3.0
			ETV5		2.0	1.0	3.0
			DGKG		3.0	1.0	3.0
			KRT18P63				2.0
			LCORL		4.0	3.0	4.0
			FIP1L1		2.0	1.0	2.0
			DSPP				1.0
			DMP1				2.0
			RP11-742B18.1		2.0		2.0
			RN7SL89P		2.0		3.0
			AC079341.1				2.0
			CCNA2				2.0
			BBS7				2.0
			TMEM155				2.0
			RP11-170N16.3				1.0
			NUDT6		1.0		1.0
			KRT18P51		2.0		2.0
			HHIP-AS1		4.0	1.0	4.0
			RP13-539F13.2		1.0		2.0
			RP13-539F13.3				3.0
			ANAPC10		5.0	1.0	6.0
			ABCE1				5.0
			OTUD4		3.0	1.0	6.0
			RPS4XP6				1.0
			NIPBL		1.0		1.0
			C5orf42				1.0
			RP11-648M2.2				1.0
			CCDC152				2.0
			RP11-116B13.1		2.0	1.0	3.0
			AP3B1		3.0	1.0	3.0
			RPS3AP22				2.0
			CTC-498M16.3				2.0
			CTC-498M16.2				2.0
			CTC-498M16.4				2.0
			TMEM161B-AS1		2.0		2.0
			PCSK1		1.0		2.0
			CTD-2337A12.1		3.0		4.0
			KRT8P33				2.0
			CTC-228N24.3		5.0	1.0	5.0
			AC063976.3				1.0
			AC063976.7				2.0
			CTD-3224K15.3				1.0
			CTD-3224K15.2				1.0
			RNU6-236P				1.0
			CXXC5		1.0		1.0
			CTB-35F21.1		1.0		1.0
			SLIT3		3.0	2.0	3.0
			FGF18		3.0	1.0	3.0
			FBXW11		2.0	1.0	2.0
			RNA5SP200				2.0
			RNU6-500P		1.0		1.0
			STC2		1.0		1.0
			ZNF346-IT1				3.0
			ZNF346		2.0	1.0	5.0
			FGFR4		4.0	3.0	4.0
			HIST1H2BE		5.0	2.0	10.0
			HIST1H4D				10.0
			HIST1H1PS1				9.0
			HIST1H2AD				9.0
			HIST1H2BF		1.0	1.0	9.0
			RP1-34B20.4				9.0
			HIST1H4E		2.0	1.0	9.0
			HIST1H2BG				8.0
			HIST1H2AE				8.0
			HIST1H3D				9.0
			AL021917.1				9.0
			BTN3A2		4.0	2.0	9.0
			BTN2A2		3.0	1.0	9.0
			BTN3A1		1.0		8.0
			BTN2A3P				9.0
			RP11-239L20.3		1.0		8.0
			LINC00240		5.0	2.0	13.0
			AL138721.1				3.0
			MKRNP2		2.0	1.0	3.0
			RPL10A				4.0
			RP3-340B19.3		1.0	1.0	4.0
			RP3-340B19.2		3.0	1.0	4.0
			RP3-340B19.5				4.0
			RPS17P5		3.0		3.0
			RP4-753D5.3		1.0		3.0
			RP11-250B2.6		1.0	1.0	2.0
			RPL17P25				2.0
			SUMO2P8				6.0
			RP11-425D10.10				5.0
			AL109947.1				2.0
			SMPD2				2.0
			CD164		1.0		5.0
			PPIL6		2.0		4.0
			RP1-293L8.2				2.0
			RP11-624M8.1		2.0	1.0	2.0
			VIMP1				2.0
			PRELID1P1		1.0		2.0
			RPS4XP9		5.0	3.0	3.0
			RP3-332B22.1		1.0		1.0
			AL360007.1		3.0	1.0	3.0
			RP11-753B14.1		1.0		3.0
			VTA1		1.0		2.0
			GPR126		3.0	1.0	3.0
			RP3-443C4.2				6.0
			AC006028.11				4.0
			RNU7-143P				3.0
			AC079780.3				3.0
			RPS2P32				2.0
			TRA2A				2.0
			IGF2BP3		3.0	2.0	3.0
			AC018705.5		1.0	1.0	3.0
			DDC		3.0	2.0	3.0
			BCL7B		3.0		9.0
			TBL2		2.0	1.0	12.0
			FAM133B		1.0	1.0	8.0
			JHDM1D				2.0
			RNY5		2.0	1.0	2.0
			RNY4		1.0		2.0
			RNY3				2.0
			RNY1				2.0
			PDIA4		1.0		1.0
			TMEM176B				2.0
			TMEM176A		1.0	1.0	2.0
			RP5-1051J4.4				2.0
			RNA5SP255		1.0		2.0
			RP11-145O15.3				2.0
			DLC1		3.0	1.0	3.0
			AC018607.1				3.0
			RN7SL798P				1.0
			LYN		3.0	1.0	3.0
			RP11-140I16.3		1.0		2.0
			RP11-140I16.2		1.0		2.0
			PLAG1		2.0	1.0	2.0
			CHCHD7				2.0
			RP11-33E15.1		2.0	1.0	2.0
			RP11-99I9.2				1.0
			ENPP2		1.0		1.0
			RP11-274M4.1		1.0		5.0
			RP11-419K12.1		5.0	3.0	6.0
			GSDMC		1.0		2.0
			ZFAT-AS1		1.0		3.0
			ZFAT		3.0	2.0	3.0
			CTD-2342N23.2				3.0
			CTD-2342N23.3		1.0		1.0
			MIR30B				1.0
			MIR30D				1.0
			AC083843.1		1.0		1.0
			LINGO2		2.0		2.0
			RP11-435O5.7				1.0
			MT1P1				2.0
			RP11-435O5.2		1.0		3.0
			RP11-435O5.6				5.0
			RP11-435O5.5				5.0
			RP11-435O5.4				4.0
			HSD17B3				2.0
			SLC35D2		2.0	1.0	4.0
			RNA5SP292		1.0		2.0
			AL137024.1				2.0
			RP11-45A16.4				2.0
			HSPA5				1.0
			RP11-65N13.6				1.0
			RABEPK				1.0
			RP11-65N13.8		1.0		1.0
			GAPVD1				2.0
			RP11-5P18.5				1.0
			HSPB7				2.0
			RP11-5P18.10				2.0
			CLCNKB		1.0		2.0
			FAM131C		1.0	1.0	2.0
			TBC1D3P6				2.0
			C1orf64				1.0
			SLC50A1				3.0
			DPM3				3.0
			RNU7-150P				3.0
			EFNA1		2.0	1.0	3.0
			RP11-243J18.2				2.0
			MSTO1				2.0
			MSTO2P				2.0
			HSPA6				4.0
			RPS23P10				4.0
			RP11-5K23.5				4.0
			HSPA7				7.0
			RP11-25K21.6		3.0	2.0	7.0
			FCGR3A		5.0	2.0	7.0
			FCGR2C		1.0		7.0
			FCGR2B		5.0	4.0	7.0
			RP11-16L9.2		1.0		4.0
			TSNAX				1.0
			TSNAX-DISC1		1.0		1.0
			LINC00582		1.0		1.0
			RP11-474C8.4				1.0
			RP11-474C8.5				1.0
			C12orf68				1.0
			DKFZP779L1853				1.0
			C12orf54				1.0
			RP11-722P11.4				1.0
			RNA5SP373				4.0
			RP3-521E19.3				4.0
			MIR1302-1				6.0
			RP11-216P16.4		3.0	3.0	6.0
			TUBGCP4				1.0
			TP53BP1		1.0		5.0
			PIN4P1				4.0
			FRMD5		6.0	8.0	6.0
			AC073940.1				6.0
			AC090519.2				6.0
			CTD-2524L6.3		1.0		3.0
			RNA5SP399				3.0
			NR2E3		1.0		3.0
			RN7SL319P				2.0
			DNM1P49				2.0
			RP11-24M17.5		2.0		2.0
			RP11-167P11.2				1.0
			RANBP10		1.0		3.0
			RP11-514D23.1		1.0		1.0
			SNAI3-AS1		2.0		3.0
			CHMP1A		5.0	3.0	7.0
			RP11-368I7.4				7.0
			SPATA2L		2.0	1.0	6.0
			SCARNA21				5.0
			AC025335.1				2.0
			TRAPPC1				3.0
			RP11-1099M24.7				3.0
			CNTROB				2.0
			AC135178.1		1.0		2.0
			RPL26				1.0
			RNF222				1.0
			RP11-849F2.5				1.0
			KRBA2				1.0
			RP11-849F2.7				1.0
			RP5-882C2.2		1.0		5.0
			SHC1P2				5.0
			RN7SL507P				4.0
			CTB-175E5.7		2.0		6.0
			UBTF		1.0		6.0
			AC003102.3				4.0
			SLC4A1		4.0	1.0	5.0
			AC003043.1		4.0	1.0	5.0
			RNU6-453P				4.0
			RUNDC3A				5.0
			RP11-619I22.1				6.0
			VMP1		7.0	3.0	8.0
			RP11-1058N17.1		2.0		3.0
			AC006273.4				2.0
			AC006273.5				2.0
			AC006273.7		1.0	1.0	3.0
			MIR4745				3.0
			MIR3187				3.0
			PRTN3				4.0
			MISP				2.0
			PTBP1		2.0	1.0	3.0
			LPPR3		1.0		4.0
			ELANE				4.0
			CFD		1.0		3.0
			PLEKHJ1				1.0
			MIR1227				1.0
			SF3A2				1.0
			AC007292.4				3.0
			AC007292.1				2.0
			AC007292.6				4.0
			FSD1				2.0
			AC007292.7				2.0
			MPND				3.0
			AC007292.3				3.0
			SH3GL1		2.0	1.0	4.0
			CHAF1A		3.0	2.0	4.0
			STAP2				2.0
			CTB-50L17.9		1.0		4.0
			CTB-50L17.16				4.0
			RN7SL528P				4.0
			AC011498.1				4.0
			PLIN5		1.0		4.0
			RN7SL121P				4.0
			HDGFRP2		4.0	3.0	4.0
			PLIN4		1.0		4.0
			CTB-50L17.14				4.0
			LRG1				4.0
			SEMA6B				4.0
			UBXN6		1.0		4.0
			CTD-2085J24.5				2.0
			CTD-2085J24.3		2.0	1.0	2.0
			RN7SKP22				2.0
			CTD-2085J24.4				2.0
			SLC7A9		2.0	1.0	2.0
			TDRD12		1.0		2.0
			CEP89		2.0	2.0	3.0
			RN7SL758P				2.0
			SHKBP1				1.0
			NUMBL				2.0
			SPTBN4				2.0
			ADCK4		1.0	1.0	2.0
			RPS11				3.0
			MIR150				3.0
			CTD-3148I10.13				3.0
			hsa-mir-150				3.0
			FCGRT		2.0	5.0	3.0
			RCN3		2.0	4.0	3.0
			AC010883.5				5.0
			ZFP36L2				5.0
			AC079988.3				2.0
			RN7SKP38				1.0
			PCK1		1.0		1.0
			RP4-718J7.4				1.0
			ZBP1				1.0
			CTCFL				2.0
			CSF2RBP1				4.0
			LL22NC01-81G9.3		2.0	1.0	4.0
			RP1-151B14.6				4.0
			Z97055.1				4.0
			RP4-796I17.5				4.0
			PNPLA5				4.0
			SAMM50		1.0	1.0	4.0
			SNORD50				1.0
			RN7SKP240				2.0
			CASC14		1.0		1.0
			RP3-425P12.4				4.0
			RP11-191A15.1				4.0
			RP11-191A15.2				4.0
			RNY5P5				4.0
			CMAHP		4.0	2.0	4.0
			RP11-191A15.4				3.0
			KATNBL1P5				4.0
			RP3-522P13.1		1.0		4.0
			RP3-522P13.2		1.0	1.0	4.0
			RP3-522P13.3		2.0	1.0	4.0
			ABT1		3.0		5.0
			RP11-457M11.6		1.0		5.0
			HIST1H2BK				6.0
			HIST1H4I				6.0
			HIST1H2AH				6.0
			MIR3143		1.0		6.0
			COX6A1P2		1.0		1.0
			RPL12P2				1.0
			RP1-261G23.4				1.0
			GSTA7P				6.0
			GSTA2		3.0	1.0	6.0
			RP1-152L7.1		2.0	1.0	6.0
			GSTA1		3.0	1.0	6.0
			GSTA6P				6.0
			GSTA5				3.0
			AC092849.1				2.0
			RP11-44M6.1		2.0		2.0
			RN7SL416P				3.0
			RP11-44M6.3				4.0
			SAP25				4.0
			TSC22D4				2.0
			NYAP1		1.0		2.0
			LRCH4		2.0	1.0	6.0
			AGFG2				3.0
			VLDLR		3.0	1.0	3.0
			RP11-125B21.2		3.0	1.0	3.0
			TMEM8C		1.0	1.0	3.0
			LCE5A		1.0		3.0
			CRCT1				3.0
			RP1-91G5.3		3.0	1.0	3.0
			LRRC3C		1.0	1.0	6.0
			RP11-387H17.4		1.0		6.0
			RNU6-306P				4.0
			HNRNPRP1				1.0
			AL359697.1				1.0
			RP4-635E18.6				2.0
			EXOSC10		1.0		2.0
			RP5-936J12.1		1.0		2.0
			CWF19L1				5.0
			BLOC1S2		1.0	1.0	5.0
			PKD2L1		4.0	2.0	5.0
			AL139819.1				4.0
			RP11-34D15.2		3.0	2.0	4.0
			RP11-221N13.2				2.0
			RP11-221N13.3				2.0
			RP11-230G5.2		2.0		2.0
			AL138479.3		1.0	1.0	6.0
			MIR5580				6.0
			ATP5C1P1		1.0		6.0
			C14orf64		2.0		2.0
			RP11-1055B8.6		1.0		2.0
			MIR4740				2.0
			MIR3186				2.0
			RP11-1055B8.8				2.0
			RP11-1055B8.7		2.0		3.0
			KDM4B		3.0	2.0	5.0
			RP11-111J6.2		3.0	1.0	3.0
			RDH14				2.0
			RNU6-1215P				2.0
			NT5C1B-RDH14				2.0
			NT5C1B				2.0
			RP11-444A22.1		4.0		4.0
			AC007131.2				1.0
			UPK3A				3.0
			FAM118A		2.0		2.0
			SMC1B		1.0		2.0
			CTC-276P9.1				3.0
			PCBD2				3.0
			CATSPER3				3.0
			PITX1		3.0	1.0	3.0
			CTC-349C3.1		3.0	2.0	6.0
			C5orf47				3.0
			GFRAL		3.0		4.0
			HMGCLL1		1.0		2.0
			RP1-170O19.23				2.0
			RP1-170O19.21				4.0
			HOXA9				4.0
			HOXA-AS4				4.0
			MIR196B				4.0
			HOXA11				4.0
			HOXA11-AS				4.0
			HOXA13				4.0
			EVX1-AS				4.0
			RP1-170O19.22		1.0		2.0
			HOXA-AS3		1.0		4.0
			HOXA7				4.0
			RP1-170O19.20		2.0		4.0
			HOXA10		2.0		4.0
			RP1-170O19.14		1.0		4.0
			RP1-170O19.17				4.0
			AC073150.6				2.0
			AC004549.6		1.0		2.0
			TAX1BP1		2.0		2.0
			RN7SL365P				1.0
			AC116154.1				2.0
			KB-1047C11.2		2.0		2.0
			AL590822.1				4.0
			RP11-181G12.5				4.0
			C1orf86		1.0		4.0
			RP11-181G12.4		2.0		4.0
			SKI		5.0	1.0	5.0
			USP48		3.0	3.0	3.0
			RP11-415K20.1		5.0	3.0	5.0
			RN7SL24P				2.0
			RP11-4M23.2				2.0
			RP11-4M23.3				2.0
			HMGCL				2.0
			FUCA1				2.0
			CNR2		2.0	2.0	2.0
			RP3-465N24.5				5.0
			SDHDP6				3.0
			AKR1A1		3.0	2.0	5.0
			RP11-90C4.1		1.0	1.0	1.0
			RP11-90C4.2				1.0
			RP4-710M16.1				3.0
			RP4-710M16.2		2.0	1.0	2.0
			RUSC1				2.0
			MIR555				1.0
			CLK2		1.0		2.0
			HCN3		1.0		2.0
			PKLR				2.0
			RUSC1-AS1				2.0
			NUAK2		3.0	1.0	5.0
			EPRS				2.0
			GCSAML-AS1				4.0
			OR2C3				4.0
			OR2G2				4.0
			RP11-978I15.10		3.0	2.0	4.0
			OR2G3				3.0
			RNU6-691P				3.0
			OR14L1P				3.0
			OR3D1P				3.0
			RP11-634B7.4		3.0	1.0	3.0
			OR13G1				3.0
			OR6F1				3.0
			RP11-634B7.5				3.0
			OR14A2				3.0
			OR14K1				3.0
			OR1C1		2.0	2.0	3.0
			OR9H1P				3.0
			ARHGAP21		2.0		2.0
			RP11-165A20.3				5.0
			ENKUR				3.0
			GPR158-AS1				1.0
			RP11-80K21.3				1.0
			SFXN2		2.0		2.0
			WBP1L		3.0	2.0	5.0
			ARL3				2.0
			RNA5SP330				4.0
			RP11-318C2.1				3.0
			C11orf58		2.0	1.0	3.0
			TRPT1				4.0
			RP11-783K16.14				5.0
			DNAJC4				5.0
			VEGFB		1.0	1.0	5.0
			FKBP2				5.0
			RP11-783K16.5				5.0
			RP11-783K16.13		2.0		5.0
			FERMT3		1.0	1.0	4.0
			NUDT22				4.0
			PPP1R14B				5.0
			PLCB3		1.0		5.0
			BAD		2.0	1.0	5.0
			GPR137		2.0	1.0	5.0
			KCNK4				5.0
			RP11-783K16.10				5.0
			STIP1				3.0
			RN7SL309P		1.0		4.0
			KRT8P26		2.0	1.0	4.0
			KAT5		1.0	1.0	4.0
			RP11-770G2.2				5.0
			RNU6-735P				3.0
			RP11-490G8.1		3.0	3.0	3.0
			METAP2				3.0
			RP11-167N24.3				3.0
			USP44				1.0
			MIR4498				3.0
			RAB35		3.0	1.0	3.0
			CCDC64				3.0
			GCN1L1		1.0	1.0	3.0
			PLA2G1B				2.0
			RPS27P25				4.0
			RP1-166H1.2		4.0	4.0	6.0
			COX6A1		3.0	3.0	8.0
			TRIAP1		1.0		8.0
			RPL31P52				7.0
			AL021546.6		3.0		8.0
			GATC		3.0		8.0
			SRSF9				6.0
			DYNLL1		2.0		6.0
			DYNLL1-AS1				4.0
			RPL29P24				3.0
			COQ5		1.0		3.0
			POP5				7.0
			RPL11P5		4.0	4.0	6.0
			RNF10		2.0	2.0	7.0
			NUFIP1		1.0		1.0
			SNORA73				6.0
			PSMB11		1.0		3.0
			CDH24		1.0		3.0
			RP11-298I3.5				3.0
			AJUBA				3.0
			PSMB5		3.0	1.0	3.0
			ACIN1				7.0
			RP11-298I3.4				3.0
			C14orf93				3.0
			STXBP6		5.0	3.0	5.0
			AL355885.1				2.0
			RNU7-41P				2.0
			RAB15				5.0
			MIR5694				1.0
			EIF2S1				1.0
			PLEK2		1.0	1.0	1.0
			TMEM229B				1.0
			PNMA1				3.0
			MIR4505				6.0
			RP5-1021I20.1				6.0
			ELMSAN1		6.0	7.0	6.0
			RP11-600F24.7		4.0		7.0
			TRMT61A		1.0	1.0	7.0
			RNU7-160P				8.0
			BAG5				8.0
			RNU4-68P				7.0
			RP11-894P9.2				8.0
			KLC1		5.0	2.0	8.0
			APOPT1		2.0	1.0	7.0
			RP11-73M18.2		4.0	2.0	8.0
			FBXL22				1.0
			MIR422A		1.0		1.0
			DAPK2		1.0		2.0
			ZFAND6		1.0		1.0
			RNU4-36P				2.0
			ZFP90		2.0	1.0	4.0
			AC092143.1				4.0
			RP11-566K11.4				4.0
			RP11-566K11.7		2.0	1.0	4.0
			RP11-566K11.5				6.0
			CENPBD1				6.0
			U6				2.0
			RN7SL17P				2.0
			UPF3AP2				2.0
			CCDC144CP		2.0	1.0	2.0
			AC004702.2		1.0		3.0
			RP11-1094M14.7				4.0
			RP11-686D22.10				4.0
			RP11-686D22.9				4.0
			RP11-1094M14.9				4.0
			RP11-1094M14.8				4.0
			RP11-1094M14.4				4.0
			RP11-1094M14.10		1.0	1.0	4.0
			SLFN13		1.0		3.0
			RP11-1094M14.5		2.0	1.0	4.0
			SLFN12L		4.0	1.0	4.0
			RP11-1094M14.12		2.0		3.0
			RP11-1094M14.14				3.0
			RP11-1094M14.1		1.0		3.0
			SNORD7				4.0
			PEX12				4.0
			SLFN14		3.0	1.0	3.0
			RP11-1094M14.11				4.0
			AP2B1		4.0	1.0	4.0
			CTC-507E2.2				4.0
			CTC-507E2.1				4.0
			RPL17P42				2.0
			RP1-161P9.5				2.0
			C17orf50				2.0
			RASL10B		1.0		2.0
			MMP28				2.0
			NT5C3B				1.0
			RP11-156E6.1		1.0		1.0
			LEPREL4				1.0
			KLHL10				1.0
			RN7SL871P				1.0
			ACLY				1.0
			FKBP10				1.0
			TMUB2		1.0	1.0	5.0
			C17orf53		1.0	2.0	5.0
			ASB16				5.0
			ASB16-AS1				5.0
			ATXN7L3				5.0
			RNU7-101P				5.0
			RP11-666A8.1				1.0
			SPHK1				1.0
			AANAT				1.0
			RHBDF2				1.0
			PRPSAP1				1.0
			UBE2O		1.0		1.0
			RP11-936I5.1				1.0
			MIR4316				1.0
			RP11-219G17.6				3.0
			THA1P		1.0	1.0	1.0
			BIRC5				3.0
			AC087645.1				3.0
			TMEM235				3.0
			RP11-219G17.4		1.0	1.0	1.0
			CCDC40				3.0
			GAA		1.0		3.0
			EIF4A3		3.0	2.0	3.0
			CARD14				3.0
			RNU6-9				1.0
			MED16		1.0	1.0	2.0
			R3HDM4		1.0	1.0	1.0
			AC005391.2				1.0
			KISS1R				1.0
			HMGB2P1				4.0
			STK11		1.0		5.0
			CTD-2369P2.2		1.0	1.0	6.0
			MIR4322				6.0
			CTD-2369P2.4				6.0
			CTD-2369P2.8				3.0
			ICAM4				3.0
			S1PR2		2.0	2.0	6.0
			CTD-2369P2.5		1.0		6.0
			MIR638				4.0
			RPS3AP50		1.0	1.0	4.0
			AC002128.4				3.0
			AC002128.5				3.0
			FXYD7				3.0
			FAM187B		1.0	1.0	2.0
			LSR				3.0
			FXYD5		2.0	1.0	3.0
			FBXO46				7.0
			PPP1R15A		2.0		2.0
			NUCB1-AS1				2.0
			HSD17B14				4.0
			PLEKHA4		1.0		3.0
			TULP2				2.0
			NUCB1				2.0
			NLRP2		1.0		3.0
			CTC-550B14.7		3.0	1.0	3.0
			GP6		3.0	1.0	3.0
			CTC-550B14.6		2.0	1.0	3.0
			EPS8L1				2.0
			RDH13		1.0		3.0
			SNRPEP5				3.0
			AC011747.3		3.0		3.0
			AC011747.4		3.0		3.0
			AC011747.6		3.0	2.0	3.0
			AC011747.7				3.0
			SNORA70F				6.0
			AC019181.3				6.0
			AC005540.3		2.0	2.0	2.0
			GLS				2.0
			AC009469.1				3.0
			HMGB1P9				3.0
			RP11-378A13.1				6.0
			GPBAR1				6.0
			AAMP				6.0
			ARPC2		3.0	1.0	6.0
			TMBIM1		3.0	2.0	7.0
			RNU6-136P				3.0
			RQCD1		1.0		3.0
			PLCD4		1.0		3.0
			RP11-352D3.2				3.0
			RP4-779E11.3		1.0	1.0	3.0
			ADRA1D		1.0	1.0	3.0
			RP11-103J8.1		2.0	1.0	4.0
			HSPEP1		1.0		1.0
			MTND1P9				2.0
			MTRNR2L3				2.0
			AF131217.1		1.0		1.0
			RPL23P2				1.0
			RWDD2B				1.0
			LTN1		1.0	1.0	1.0
			GAPDHP14				1.0
			AF124730.4				2.0
			LINC00189		1.0		2.0
			BACH1		1.0		2.0
			YDJC		2.0		3.0
			KB-1440D3.14				3.0
			SDF2L1				3.0
			MIR301B				2.0
			MIR130B				2.0
			KB-1440D3.13				2.0
			PPIL2				2.0
			AC002059.10				3.0
			SNORD125				3.0
			GAS2L1				3.0
			CTA-85E5.6				5.0
			RP11-24F11.2		1.0	1.0	2.0
			AC104304.1				2.0
			SNORD77				3.0
			ALS2CL		1.0		1.0
			TMIE				1.0
			TDGF1		1.0		2.0
			PRSS50		2.0		2.0
			KIF9-AS1		1.0		5.0
			KIF9		4.0	1.0	5.0
			RP11-708J19.2				3.0
			AC099778.1		3.0	1.0	3.0
			RN7SL870P				3.0
			ELP6				3.0
			CSPG5				3.0
			RP11-717D12.1		1.0		1.0
			RP11-395P16.1				1.0
			AC026318.1				1.0
			MIR1226				1.0
			DHX30		1.0	1.0	1.0
			MAP4				1.0
			RN7SL664P		1.0	1.0	1.0
			RP11-1029M24.1				1.0
			SNRPFP4				1.0
			RNU7-128P				1.0
			NDUFB1P1				1.0
			MIR4443				1.0
			CAMP				1.0
			CDC25A		1.0	1.0	1.0
			TMA7				1.0
			RP11-24C3.2				1.0
			TREX1				1.0
			AC104448.1				1.0
			PLXNB1				2.0
			CCDC51				1.0
			SHISA5		1.0	1.0	1.0
			PFKFB4				2.0
			ATRIP				1.0
			TMEM89				2.0
			SLC26A6				2.0
			MIR4793				4.0
			RP11-148G20.1				7.0
			RP11-572O6.1				7.0
			UQCRC1				2.0
			CELSR3		1.0		6.0
			AC099668.5				6.0
			AMIGO3				7.0
			GMPPB				7.0
			U73169.1				2.0
			SEMA3B-AS1				3.0
			SEMA3B		2.0		3.0
			IFRD2		2.0	1.0	3.0
			NAT6				3.0
			U73166.2				3.0
			HYAL3				3.0
			HYAL2				3.0
			RASSF1				3.0
			TUSC2				3.0
			ZMYND10-AS1				4.0
			ZMYND10				4.0
			C3orf18				2.0
			CACNA2D2		4.0	2.0	4.0
			HEMK1		1.0	1.0	2.0
			ZNF652P1				2.0
			ST13P14				1.0
			MANF				2.0
			RP11-89F17.5				2.0
			RBM15B		2.0	1.0	2.0
			VPRBP		2.0	2.0	2.0
			RNU6ATAC29P				2.0
			RNA5SP132		1.0		3.0
			TEX264		1.0		3.0
			RAD54L2		2.0	2.0	3.0
			GRM2		2.0	1.0	3.0
			IQCF2				1.0
			RN7SL504P				1.0
			IQCF5-AS1		1.0	1.0	1.0
			IQCF5				1.0
			IQCF1		1.0		1.0
			RRP9				1.0
			TNNC1				3.0
			NISCH		2.0	2.0	3.0
			STAB1		1.0	1.0	3.0
			SMIM4				1.0
			NT5DC2		1.0		1.0
			RNU6-856P				1.0
			RNU6ATAC16P				1.0
			RP5-966M1.5				2.0
			RP5-966M1.4				2.0
			ITIH4-AS1				3.0
			MUSTN1				3.0
			ITIH3		1.0		3.0
			ITIH4		1.0		3.0
			RP5-966M1.6		2.0		3.0
			TMEM110-MUSTN1		1.0		3.0
			ITIH1		1.0		3.0
			FLNB		3.0	1.0	3.0
			PLS1-AS1				2.0
			RN7SKP25				2.0
			RN7SL492P				1.0
			RN7SL357P				1.0
			SPINK2		1.0		1.0
			RP11-673E1.3				1.0
			GYPE				1.0
			CTD-2288O8.1		1.0	1.0	3.0
			PELO		1.0		3.0
			ITGA1		5.0	6.0	5.0
			LINC01033				1.0
			AC022431.3				7.0
			AC022431.2		7.0	9.0	7.0
			HSPD1P11				1.0
			AC008592.3		1.0		1.0
			AC008592.4				1.0
			RHOBTB3		1.0	1.0	2.0
			GLRX		1.0	1.0	1.0
			AC008592.8				1.0
			C5orf27				1.0
			AC008592.5		1.0		2.0
			MIR1303		2.0	1.0	3.0
			RN7SL439P				2.0
			CNOT8				1.0
			MRPL22		1.0	1.0	2.0
			GEMIN5		1.0		2.0
			RP1-80N2.3		1.0		2.0
			LY86				1.0
			RP1-80N2.2		2.0	1.0	4.0
			BTN3A3		3.0	2.0	10.0
			BTN2A1		7.0	2.0	11.0
			TRNAI2				8.0
			VN1R12P		4.0	2.0	8.0
			VN1R13P		3.0		7.0
			VN1R11P		2.0		6.0
			RNU2-62P				3.0
			AL355353.1		1.0		4.0
			RP11-385F7.1		1.0	1.0	5.0
			CD2AP		5.0	2.0	6.0
			RP11-697G4.4		1.0		3.0
			LACE1				3.0
			RN7SKP56				1.0
			NCOA7-AS1				2.0
			RPL21P66				2.0
			TAAR9				2.0
			TAAR7P				2.0
			TAAR8				2.0
			CITED2		2.0	2.0	2.0
			SNORA42				1.0
			ANKRD61		1.0		1.0
			RN7SL851P				1.0
			RNU6-218P				1.0
			AIMP2		1.0		1.0
			EIF2AK1		1.0		1.0
			PMS2				1.0
			BZW2		2.0	2.0	2.0
			AC073333.8				2.0
			ANKMY2				2.0
			AC006159.5				2.0
			AC006159.4				2.0
			AC006159.3		1.0		1.0
			AC009276.4		2.0	1.0	2.0
			TUBB3P2				2.0
			BPGM				2.0
			RP11-10A14.3		2.0		10.0
			RP11-10A14.6		4.0	2.0	13.0
			PPP1R3B		4.0	1.0	11.0
			RP11-10A14.4		5.0	3.0	11.0
			RP11-10A14.5		3.0	1.0	13.0
			ERI1		7.0	2.0	11.0
			CA3		1.0		2.0
			CA1		1.0	1.0	2.0
			RP11-176F3.7				2.0
			SNORD121B				2.0
			SNORD121A				2.0
			OSTCP8				1.0
			UBE2R2		1.0		2.0
			UBAP2		1.0	1.0	2.0
			MIR4289		5.0	2.0	4.0
			BARHL2		1.0		1.0
			RP11-142J21.1				1.0
			CTD-2050N2.1		1.0		1.0
			RP11-154H12.2				1.0
			RP11-154H12.3		1.0		1.0
			KCNG2				1.0
			AMT				9.0
			NICN1-AS1				9.0
			NICN1		2.0	1.0	9.0
			RP11-10A14.8		5.0	3.0	8.0
			RP11-1081K18.1				7.0
			TNKS		10.0	6.0	12.0
			RP11-177H2.2		2.0		7.0
			RP11-436D23.1		5.0	2.0	5.0
			FAM43B				2.0
			CDA		2.0	2.0	2.0
			PINK1				2.0
			RP1-150O5.3				3.0
			ID3				3.0
			ASAP3		1.0	1.0	4.0
			E2F2		3.0	2.0	4.0
			LDLRAP1		3.0	2.0	3.0
			DPPA2P2		1.0	1.0	4.0
			MIR1976				3.0
			RPS6KA1		2.0		3.0
			RP1-212P9.3		1.0	1.0	2.0
			OPRD1				2.0
			RP1-212P9.2		1.0		2.0
			EPB41		2.0		3.0
			RP4-604A21.1				1.0
			TMEM200B		1.0		2.0
			RP11-242O24.3				1.0
			RP11-242O24.5				1.0
			SRSF4				1.0
			RP3-437I16.1				1.0
			PTPRU		1.0		1.0
			SLC2A1		1.0		3.0
			SLC2A1-AS1		3.0	1.0	3.0
			LINC00853				1.0
			PDZK1IP1				1.0
			TAL1		1.0	1.0	1.0
			RP1-18D14.7		1.0	1.0	1.0
			STIL				1.0
			CYP4A22-AS1				1.0
			RP11-230B22.1		5.0	3.0	5.0
			CD1E				1.0
			OR10T2		1.0		2.0
			RP11-144L1.8				2.0
			PIGC		3.0	1.0	6.0
			NPM1P40				1.0
			RP11-134P9.3				2.0
			RP11-134P9.1		1.0	1.0	2.0
			RNU6-487P				2.0
			FMOD		1.0		2.0
			CHIT1				2.0
			BTG2		2.0	1.0	2.0
			RP11-435P24.2		1.0		2.0
			RP11-543B16.3				1.0
			RP11-543B16.2				1.0
			AC092017.1		1.0	1.0	1.0
			RCOR3				1.0
			RP11-15I11.2		3.0		3.0
			RP11-15I11.3		1.0	1.0	3.0
			RNU6-1304P				2.0
			RP11-145A3.4				1.0
			RP11-145A3.1		1.0		2.0
			RP11-145A3.2				2.0
			EPHX1				1.0
			SRP9		1.0		2.0
			OR2AJ1				4.0
			MIR4294				1.0
			WDFY4				1.0
			RP11-481G8.2				2.0
			ZMIZ1-AS1		2.0		2.0
			ZDHHC13				1.0
			RP11-467L20.10				4.0
			DAGLA				4.0
			RPS6KB2		1.0	1.0	2.0
			AP003419.16				2.0
			PTPRCAP				2.0
			GPR152				1.0
			CTC-1337H24.1				1.0
			CTC-1337H24.2				1.0
			TMEM134				1.0
			CDK2AP2				1.0
			CORO1B				2.0
			CABP4				1.0
			AIP		1.0		1.0
			PITPNM1				1.0
			CABP2				1.0
			RP11-712B9.4				2.0
			RP11-712B9.5				2.0
			ENDOD1		1.0	1.0	2.0
			SESN3				1.0
			RP11-712B9.2		1.0	1.0	1.0
			RP11-110I1.14		1.0	1.0	3.0
			RP11-110I1.13				3.0
			H2AFX				2.0
			DPAGT1		1.0		2.0
			HYOU1		1.0	1.0	3.0
			VPS11				3.0
			HMBS				3.0
			C2CD2L				3.0
			HINFP				2.0
			ASUN		1.0	1.0	1.0
			ITPR2				3.0
			AAAS				2.0
			NFE2				4.0
			HSPA8P14				7.0
			SLC25A3P2				4.0
			RLIMP1				4.0
			SUGT1P3		2.0	2.0	4.0
			TPTE2P5		2.0	1.0	4.0
			UCHL3				1.0
			RP11-29G8.3				1.0
			RP11-16E12.1				2.0
			RP11-16E12.2		2.0	1.0	2.0
			RP11-5N19.3				1.0
			RFX7		2.0		2.0
			RP11-48G14.1				2.0
			RP11-48G14.2				2.0
			MNS1		1.0		1.0
			TEX9		2.0	1.0	2.0
			Z97634.3		1.0	1.0	3.0
			NME4				4.0
			DECR2				4.0
			MIR5587				3.0
			MIR3176		1.0		3.0
			LA16c-366D1.3				3.0
			C16orf11				3.0
			NHLRC4				3.0
			Z98881.1				3.0
			WFIKKN1		1.0	1.0	4.0
			CAPN15		1.0		3.0
			PIGQ		2.0		4.0
			RAB40C				5.0
			RP11-485G7.6				3.0
			AC009121.1				3.0
			CTD-3088G3.4				2.0
			RP11-485G7.5				3.0
			CTD-3088G3.8				3.0
			FBXL8				2.0
			RP11-5A19.5				2.0
			HSF4				2.0
			KIAA0895L		1.0	1.0	2.0
			E2F4		1.0		2.0
			ELMO3		1.0		1.0
			MIR328				1.0
			TMEM208				2.0
			TRADD				2.0
			NOL3				2.0
			EXOC3L1				2.0
			LRRC29				2.0
			AC040160.1				2.0
			FHOD1				2.0
			SLC9A5		1.0	1.0	2.0
			THAP11		1.0	1.0	1.0
			CTC-479C5.11				1.0
			AC040162.1				2.0
			CTC-479C5.10				2.0
			NRN1L				3.0
			TSNAXIP1				2.0
			CENPT		1.0	1.0	1.0
			EDC4				2.0
			RP4-536B24.2				2.0
			GS1-21A4.1				2.0
			GS1-21A4.2				2.0
			RP4-536B24.3				2.0
			CA5A				3.0
			ZNF276		3.0	2.0	6.0
			VPS9D1-AS1				6.0
			AC091177.1				2.0
			RN7SL138P				2.0
			RP11-848P1.3				2.0
			RP11-848P1.2				2.0
			DPRXP4				2.0
			RP11-848P1.4				2.0
			RNF135		1.0		2.0
			RP11-690G19.3				6.0
			RP11-690G19.4				5.0
			RNU6-233P				5.0
			CDK12		7.0	5.0	8.0
			RP11-527L4.2				3.0
			PPY				3.0
			NAGS				4.0
			TMEM101		1.0	1.0	4.0
			LSM12				6.0
			RP11-546M21.6				6.0
			RNU6-131P		3.0	1.0	6.0
			HDAC5		2.0	1.0	6.0
			AC091132.2				3.0
			RN7SL730P				9.0
			ARHGAP27		2.0		3.0
			AC091132.1				9.0
			RP11-613C6.4				3.0
			KAT7				3.0
			FAM117A		3.0	2.0	3.0
			RNU1-60P				2.0
			CTD-2200P10.1				2.0
			RNU1-108P				2.0
			CTD-2200P10.3				2.0
			RNU1-52P				2.0
			RNU1-85P				2.0
			RAD51C		1.0	1.0	2.0
			RN7SL716P				2.0
			AC099850.1				2.0
			RNU2-58P				2.0
			SKA2		1.0	1.0	2.0
			AC004528.1				6.0
			AC004528.4				6.0
			GRIN3B		1.0		6.0
			RNU6-2				6.0
			AC011558.5				7.0
			POLR2E				6.0
			TMEM259				6.0
			CNN2		5.0	1.0	7.0
			HMHA1		4.0	4.0	7.0
			CTB-50L17.5				3.0
			MIR4746				3.0
			CTB-50L17.7				3.0
			RTBDN				1.0
			CTD-2265O21.3				1.0
			CTD-2528A14.3				3.0
			HAUS8				4.0
			OCEL1				1.0
			AC010646.3				1.0
			TNNI3				2.0
			CTD-2587H24.4				2.0
			CTD-2587H24.10				2.0
			AC010327.2		1.0		2.0
			AC010327.1				2.0
			TNNT1				2.0
			DNAAF3				2.0
			CTD-2587H24.5				2.0
			SYT5				2.0
			PTPRH		2.0		2.0
			AC016747.3				3.0
			RP11-493E12.1		1.0	1.0	3.0
			C2orf74		1.0	1.0	3.0
			KIAA1841		3.0	2.0	3.0
			AC016894.1				2.0
			SNORA70B				2.0
			AC092573.2		1.0	1.0	1.0
			CDCA7				1.0
			CAPN10-AS1				4.0
			DUSP28				3.0
			RNPEPL1		3.0	1.0	4.0
			CAPN10		1.0	1.0	4.0
			ANKMY1		1.0	1.0	3.0
			SPEF1				1.0
			CENPB				1.0
			HSPA12B		1.0	1.0	2.0
			C20orf27		1.0	1.0	2.0
			CDC25B				1.0
			DEFB124				1.0
			LINC00028				1.0
			RP3-324O17.4				3.0
			REM1				1.0
			HM13		3.0	1.0	3.0
			RP11-243J16.8		1.0	1.0	3.0
			FOXS1		1.0		4.0
			TPX2		2.0		3.0
			DUSP15				4.0
			MYLK2		2.0		3.0
			ZSWIM1				5.0
			NEURL2				5.0
			CTSA				5.0
			RP3-337O18.9				5.0
			ZSWIM3				5.0
			SPATA25				5.0
			RP4-813D12.2				2.0
			RP4-813D12.3				2.0
			HMGB1P1		1.0	1.0	2.0
			AL773604.8				4.0
			UBE2G2				4.0
			SUMO3				4.0
			PTTG1IP		4.0	3.0	4.0
			ITGB2				4.0
			RN7SL349P				1.0
			APOL2				1.0
			MYH9		1.0	1.0	2.0
			RP4-633O19__A.1				2.0
			RP3-402G11.25				2.0
			RP3-402G11.26				2.0
			RP3-402G11.27				2.0
			RP3-402G11.28		1.0		2.0
			PANX2				2.0
			TRABD		1.0		2.0
			SELO		2.0		2.0
			MOV10L1		1.0	1.0	2.0
			HDAC10				2.0
			AL022328.1				1.0
			TUBGCP6		1.0		2.0
			MAPK12		1.0		2.0
			SBF1				2.0
			RNU6-409P				2.0
			AC107622.1		1.0	1.0	1.0
			BSN-AS2		2.0	1.0	4.0
			DAG1		3.0	1.0	7.0
			KRT18P35				4.0
			RNU6-425P				3.0
			RP11-485G4.2				3.0
			GK5		1.0	1.0	3.0
			TFDP2		3.0	2.0	4.0
			RNU6-1294P				1.0
			RNU1-100P				1.0
			AC109992.1				2.0
			RP11-383G6.4				2.0
			TRPC1		1.0	1.0	1.0
			RNU7-47P				1.0
			RP11-372E1.1				1.0
			PCOLCE2		1.0	1.0	2.0
			RP11-372E1.7				2.0
			RP11-372E1.4		2.0	1.0	2.0
			PAQR9				2.0
			RP11-372E1.6				2.0
			U2SURP				2.0
			RP11-799M12.2				1.0
			RNU6-887P				2.0
			RNU6-35P				3.0
			RP11-63B13.1		1.0		1.0
			HSPD1P5		3.0	1.0	3.0
			RP11-560J1.2		1.0	1.0	1.0
			VN1R14P				7.0
			RP11-457M11.2				7.0
			ZNF322		3.0	1.0	7.0
			MIR4641				1.0
			RP1-302G2.5				2.0
			SLC35B2				2.0
			MIR4647				2.0
			NFKBIE		1.0	1.0	2.0
			SLC29A1		1.0	1.0	2.0
			HSP90AB1				2.0
			TMEM151B				2.0
			TCTE1				2.0
			RP11-444E17.6				2.0
			RNU6-653P				3.0
			RP1-172I22.1				2.0
			RNU4-76P		2.0		2.0
			EPB41L2		4.0	3.0	4.0
			RP11-15H7.2		3.0	2.0	3.0
			ATP5F1P6		2.0	2.0	2.0
			RNU6-1091P				1.0
			RN7SL7P		3.0	1.0	3.0
			SAMD9		1.0	1.0	1.0
			MOSPD3				7.0
			FBXO24		1.0		7.0
			PCOLCE-AS1		1.0		7.0
			PCOLCE				7.0
			AC100802.3		4.0	3.0	4.0
			NPM2				3.0
			RBPMS-AS1				2.0
			RP11-360L9.4				1.0
			RNU7-181P				2.0
			MIR5194				2.0
			FAM49B		2.0	1.0	2.0
			ASAP1		2.0	1.0	2.0
			GRINA		1.0	1.0	6.0
			CTD-3065J16.6				4.0
			CTD-3065J16.9				3.0
			EXOSC4				3.0
			GPAA1				3.0
			CYC1		1.0	1.0	3.0
			KIAA1875				3.0
			OPLAH		3.0	1.0	4.0
			MAF1				3.0
			RP11-149I2.5				1.0
			NANS		1.0		2.0
			TRIM14				2.0
			CDC26				1.0
			PRPF4		1.0		1.0
			RNF183				1.0
			WDR31				1.0
			SLC31A1				1.0
			EDC3				7.0
			RP11-397A16.1		1.0		1.0
			RP11-397A16.2				1.0
			AC003075.4		6.0	2.0	6.0
			RNA5SP40				1.0
			RP13-392I16.1		1.0	1.0	1.0
			RP1-37C10.3		3.0	1.0	3.0
			CROCC		1.0		3.0
			MFAP2		3.0	1.0	3.0
			RP3-329E20.2				3.0
			RP5-1071N3.1				3.0
			RP11-348A7.1				1.0
			UBE2V1P8				1.0
			CTPS1		2.0	1.0	2.0
			SLFNL1				2.0
			HIST2H2BE				4.0
			HIST2H2AC				4.0
			HIST2H2AB				4.0
			BOLA1		1.0		4.0
			SF3B4				4.0
			RP4-560B9.6				4.0
			RP4-560B9.4				4.0
			SCARNA20		2.0	1.0	6.0
			RP4-612B18.3				4.0
			RP4-612B18.1				3.0
			RP4-560B9.5				4.0
			METTL13		3.0	2.0	4.0
			AC119673.1				2.0
			AL592310.1				2.0
			ZNF847P		1.0		2.0
			RNA5SP300				2.0
			CCDC3		2.0	1.0	2.0
			RN7SKP202				3.0
			MYPN		3.0	2.0	3.0
			RNU7-23P				2.0
			MIR3163				2.0
			C11orf86				2.0
			PC		2.0	1.0	2.0
			POLD4				2.0
			RN7SKP239				2.0
			ADRBK1				2.0
			ANKRD13D				2.0
			SSH3		2.0	1.0	2.0
			AP003419.11				3.0
			CLCF1				3.0
			RPL37P2				2.0
			UNC93B5		2.0	1.0	2.0
			RP11-655M14.6				2.0
			AP003385.1				2.0
			OR7E11P				2.0
			RP11-655M14.14				2.0
			ALDH3B2		1.0		2.0
			RP11-655M14.4				2.0
			SERPINH1		2.0	1.0	2.0
			CTD-2530H12.8				2.0
			CTD-2530H12.4				2.0
			GDPD5				2.0
			FLI1		5.0	3.0	6.0
			KCNJ1				4.0
			CCDC77				4.0
			B4GALNT3		4.0	3.0	5.0
			RP11-284H19.1		2.0	3.0	4.0
			RP11-967K21.2				2.0
			RP11-967K21.1				2.0
			RNU4-54P				2.0
			RP11-996F15.2		2.0	1.0	3.0
			ERGIC2		2.0	1.0	4.0
			OVCH1-AS1		2.0	1.0	4.0
			RP11-366L20.4				4.0
			RP11-118B13.1				2.0
			E2F7		2.0	1.0	2.0
			RP11-887P2.5				2.0
			RP11-512N21.3				2.0
			RP11-210L7.1		3.0	2.0	3.0
			RP11-282O18.3				5.0
			RP11-282O18.7				5.0
			RNA5SP375				5.0
			RP11-282O18.6				5.0
			RP11-972P1.8		1.0	1.0	3.0
			SNRNP35				3.0
			AL136123.1				2.0
			MIR4502				2.0
			CLCP2		1.0	1.0	2.0
			LINC01054				1.0
			CHAMP1				1.0
			DHRS1				2.0
			CIDEB				2.0
			LTB4R2				2.0
			LTB4R		1.0		2.0
			NOP9				2.0
			RNU2-14P		2.0	1.0	5.0
			SMOC1		4.0	1.0	4.0
			RP3-449M8.9				2.0
			RP3-449M8.6				2.0
			MIR4709				2.0
			RAP1AP				2.0
			ISCA2		1.0		2.0
			CTD-2207P18.1				2.0
			RP11-600F24.2		2.0		7.0
			DUT				2.0
			AC108137.1				2.0
			AC087738.1				4.0
			AC027807.1				3.0
			GOLGA6L4		1.0		3.0
			RP11-182J1.15				3.0
			RP11-182J1.14		3.0	1.0	3.0
			RN7SL417P				3.0
			RP11-671M22.4				3.0
			AC136704.1				3.0
			DNM1P51		1.0		3.0
			CSPG4P5				3.0
			RP11-671M22.6				3.0
			RP11-182J1.13				3.0
			RP11-343B18.2		1.0		2.0
			RP11-63A23.2		2.0	1.0	2.0
			KRT18P47				2.0
			AC067805.1				2.0
			RP11-320A16.1				2.0
			CTD-3076O17.1		2.0	1.0	2.0
			CTD-3076O17.2				2.0
			LA16c-306A4.2				3.0
			RP11-161M6.2				3.0
			AC009041.2				3.0
			LA16c-366D3.1				3.0
			SOX8				3.0
			LMF1		3.0	2.0	3.0
			RP11-161M6.3				3.0
			CTC-277H1.7				1.0
			RN7SKP118				1.0
			PLEKHG4				1.0
			KCTD19				1.0
			AC004158.3				2.0
			AC004158.2		2.0	2.0	3.0
			ABHD15		2.0	1.0	3.0
			TP53I13		1.0	1.0	3.0
			RP11-68I3.4				3.0
			RP11-68I3.7				3.0
			RP11-68I3.2		3.0	2.0	4.0
			GIT1		2.0	1.0	3.0
			ANKRD13B				3.0
			RP11-58O9.1		2.0	1.0	3.0
			TOP2A		1.0	1.0	3.0
			IGFBP4		1.0		3.0
			TNS4				3.0
			RP11-463M16.5				2.0
			RP11-501C14.9				2.0
			RP11-463M16.4		2.0	1.0	2.0
			ATP5G1				2.0
			UBE2Z				2.0
			CALCOCO2				2.0
			C17orf67		2.0	1.0	3.0
			CTD-2535L24.2		3.0	2.0	3.0
			AC130469.2				3.0
			MYO1F		2.0	2.0	4.0
			ZNF536		2.0	1.0	2.0
			CTD-2293H3.1				3.0
			CTC-454I21.4		1.0	1.0	2.0
			ZNF585B		1.0		2.0
			ZNF420		2.0	2.0	3.0
			CTC-454I21.3		2.0	1.0	3.0
			ZNF585A		1.0	1.0	3.0
			CTC-435M10.10				2.0
			CTC-435M10.6		1.0		2.0
			B3GNT8		1.0		2.0
			C19orf69				2.0
			CTC-435M10.3		1.0	1.0	3.0
			B9D2				2.0
			BCKDHA		1.0	1.0	2.0
			EXOSC5				2.0
			AC011526.1				2.0
			ATP5SL		1.0		2.0
			AC079779.7				3.0
			FAM150B		1.0	1.0	3.0
			SH3YL1		3.0	2.0	3.0
			RN7SL66P		1.0	1.0	1.0
			SNORA51		2.0	1.0	5.0
			C2orf48				1.0
			HPCAL1				1.0
			PGAM1P6				3.0
			AC066692.3				4.0
			AC013267.1				4.0
			SNORD14				4.0
			DNAJC27		4.0	1.0	5.0
			DNAJC27-AS1		2.0		4.0
			RP11-509E16.1				3.0
			POMC		1.0	1.0	3.0
			RP11-458N5.1		3.0		5.0
			AC012457.2		1.0		5.0
			AC006369.3		2.0	1.0	2.0
			AC010878.3		2.0	1.0	4.0
			CDC42EP3		1.0		2.0
			RNU6-566P				2.0
			AC019129.2		2.0	1.0	2.0
			RP11-559M23.1				2.0
			PPM1B				2.0
			RN7SKP208				2.0
			MIR217				2.0
			MIR216A				2.0
			MIR216B				2.0
			RP11-481J13.1		2.0	1.0	2.0
			AC011306.2				2.0
			AC021016.8		1.0		5.0
			RN7SL764P				2.0
			FAM134A		1.0		2.0
			CNPPD1		1.0		2.0
			MIR1471				2.0
			NPPC		2.0	1.0	2.0
			AC105461.1				2.0
			MIR562				2.0
			MIR3133				3.0
			AC110299.5				3.0
			STK25				2.0
			RP11-199O14.1		5.0	3.0	4.0
			RP4-553F4.6		1.0	1.0	5.0
			RNA5SP483				5.0
			RP4-614O4.12				5.0
			AL121753.1				6.0
			MT1P3				6.0
			HMGB3P2				4.0
			LINC00657		3.0	1.0	4.0
			RPS3AP3				5.0
			RBL1		4.0	1.0	5.0
			RPN2		2.0	1.0	3.0
			GHRH		2.0		3.0
			ARFGEF2		2.0	1.0	2.0
			STAU1		1.0		2.0
			ZNFX1				2.0
			DDX27		2.0	1.0	2.0
			ZFAS1		1.0	1.0	2.0
			SNORD12C				2.0
			SNORD12B				2.0
			SNORD12				2.0
			RP11-380D15.2				1.0
			RP11-380D15.3		1.0	1.0	1.0
			FAM210B				2.0
			HDAC11-AS1				3.0
			HDAC11		2.0	2.0	3.0
			CCDC12		1.0	1.0	6.0
			KLHL18		2.0	2.0	6.0
			RP11-447M4.1		2.0		4.0
			RYBP		4.0	1.0	4.0
			AC007919.18		1.0	1.0	5.0
			TNFSF10		4.0	3.0	5.0
			LIPH		2.0	1.0	3.0
			TMEM41A				2.0
			RP11-572O17.1				2.0
			AC016773.1				2.0
			TMEM129				2.0
			GPR78		2.0	1.0	2.0
			CPZ		2.0	1.0	2.0
			RN7SKP235				4.0
			RPS23P4		4.0	3.0	4.0
			CLDN22				2.0
			CLDN24				2.0
			WWC2-AS1				1.0
			NPR3		3.0	1.0	3.0
			AC026703.2				3.0
			AC026703.1		3.0	1.0	3.0
			CTD-2218G20.2				2.0
			CTD-2066L21.1				2.0
			CTD-2066L21.2				2.0
			CTD-2066L21.3		2.0	1.0	2.0
			SLC38A9		2.0	1.0	2.0
			RP11-434D9.1		2.0	1.0	2.0
			RP11-83M16.6		2.0	1.0	2.0
			RP11-434D9.2		2.0	1.0	2.0
			CTD-2197I11.1				2.0
			RP11-47F1.1				2.0
			AC034220.3		3.0	1.0	5.0
			AC138517.1				1.0
			TMEM173				1.0
			AC138517.5		1.0	1.0	1.0
			AC138517.4				2.0
			ECSCR				1.0
			UBE2D2		1.0		2.0
			FNDC9				2.0
			CTB-109A12.1				3.0
			CTB-47B11.3				2.0
			MIR3912				2.0
			AC011410.1		2.0	1.0	2.0
			CTB-78H18.1				2.0
			C5orf50				2.0
			RAB24		1.0		3.0
			PRELID1				3.0
			RP11-281O15.7				2.0
			ZNF354C				2.0
			ADAMTS2		2.0	1.0	2.0
			RP11-252I14.2				2.0
			CTB-129O4.1				2.0
			GFPT2		2.0	1.0	2.0
			MAPK9				2.0
			RP11-457M11.5		9.0	3.0	5.0
			RP11-239L20.6				7.0
			XXbac-BPGBPG24O18.1		1.0		4.0
			RP3-510O8.4				2.0
			ARMC12		2.0	1.0	2.0
			RP3-510O8.3				2.0
			CLPSL2				3.0
			CLPS		1.0		3.0
			RP11-812I20.2				2.0
			MIR4463				2.0
			RP11-415D17.4		1.0		2.0
			RP11-415D17.1				2.0
			RNU1-34P				2.0
			RPL26P20		1.0		2.0
			SENP6		2.0	1.0	2.0
			RP11-250B2.5				2.0
			RP11-250B2.2				2.0
			RP11-11L12.2		2.0	1.0	2.0
			RP11-250B2.3		1.0		2.0
			RP1-39J2.1				2.0
			TTYH3				2.0
			CTA-293F17.1				2.0
			SNORD56		1.0	1.0	6.0
			AC023669.2		2.0	1.0	2.0
			RBM48		1.0		2.0
			PEX1				2.0
			RN7SL569P				2.0
			EZH2				2.0
			RP11-203E8.1		2.0	1.0	2.0
			AC105242.1		2.0	1.0	1.0
			MIR661				7.0
			AL359253.1				2.0
			RP11-332M4.1		2.0	1.0	2.0
			RP11-180I4.1				2.0
			RP11-180I4.2		2.0	1.0	2.0
			RP11-508N12.4				2.0
			ZNF462		2.0	1.0	2.0
			WI2-1959D15.1		1.0	1.0	3.0
			QSOX2		2.0	1.0	3.0
			NPPA-AS1		1.0	1.0	3.0
			NPPB		1.0		2.0
			RP5-934G17.6				2.0
			RP3-476K8.4				2.0
			RP3-476K8.3				2.0
			HMGN2		1.0		3.0
			ZNF683		1.0		3.0
			DHDDS		1.0		2.0
			LIN28A		2.0	1.0	2.0
			RP11-420K8.2				4.0
			RP1-144F13.3				3.0
			LEPR		6.0	6.0	5.0
			RNU7-80P				1.0
			PKMP1		1.0		2.0
			BCAS2				2.0
			TRIM33		2.0	2.0	2.0
			RP11-350G8.4		1.0	2.0	4.0
			RP11-350G8.3				4.0
			RP11-350G8.5		1.0	1.0	5.0
			RP11-350G8.7				5.0
			SHE		1.0	1.0	5.0
			RP11-16L9.1				2.0
			OR6D1P		1.0	1.0	1.0
			CUBNP2				1.0
			OR13A1				1.0
			CTGLF10P		1.0		5.0
			ZFAND4				3.0
			RP11-109G10.2				1.0
			RP11-481A12.2				1.0
			AGAP7		1.0	1.0	1.0
			RNU6-543P		5.0	4.0	9.0
			RP11-144G16.1		2.0	1.0	9.0
			RP11-351O1.3		2.0	1.0	6.0
			RP11-129J12.2		3.0		4.0
			RP11-129J12.1				4.0
			NKX2-3		2.0	2.0	4.0
			RP11-302K17.3				1.0
			RP11-302K17.4				1.0
			NOLC1				1.0
			LDB1		1.0	1.0	1.0
			PPRC1				1.0
			RP11-332O19.2				4.0
			MARCKSL1P1				4.0
			RP11-541N10.3		1.0	1.0	2.0
			OBFC1				2.0
			RRM1-AS1				2.0
			OR55B1P		2.0	2.0	2.0
			RRM1		1.0	1.0	2.0
			RP11-23F23.2				2.0
			MIR130A				3.0
			YPEL4				3.0
			CLP1		1.0	1.0	3.0
			ZDHHC5		1.0		3.0
			AP000662.4		1.0	1.0	3.0
			RAD9A		1.0		2.0
			RNU6-1238P				2.0
			PPP1CA		1.0		2.0
			TBC1D10C				2.0
			CARNS1		1.0		2.0
			KLRC4				6.0
			RP11-277P12.20				6.0
			KLRC4-KLRK1				6.0
			KLRC3				6.0
			NKG2-E		5.0	2.0	6.0
			KLRC2		5.0	2.0	6.0
			KLRC1		1.0	1.0	6.0
			RP11-125O5.2		2.0	1.0	5.0
			RP11-972K6.1				1.0
			ATP5G2				1.0
			RP11-793H13.10		1.0	1.0	1.0
			ATF7		1.0	1.0	1.0
			RP11-486A14.1				1.0
			NUDT4				1.0
			UBE2N				1.0
			RP11-486A14.2		1.0	1.0	1.0
			RP11-503G7.1				1.0
			RP11-503G7.2				1.0
			MUC8				1.0
			RBM22P2				1.0
			MFAP1P1				1.0
			HMGB1		1.0	1.0	1.0
			AL133318.1		2.0	1.0	3.0
			RGS17P1				3.0
			AL162497.1				1.0
			IRS2		2.0	1.0	1.0
			PROZ				2.0
			PCID2		1.0	1.0	2.0
			CUL4A		1.0	1.0	4.0
			SLC25A21-AS1				1.0
			RNU6-273P				1.0
			RNU6-886P				2.0
			CTD-2002H8.2				2.0
			HMGB1P14				1.0
			AL132989.1				1.0
			RNU6-341P				1.0
			RP11-349A22.5				2.0
			ARID4A		1.0	1.0	1.0
			C14orf37		1.0		2.0
			PSMA3				2.0
			CTD-2509G16.2		1.0	1.0	1.0
			RP5-1021I20.2		2.0	1.0	6.0
			RP5-1021I20.7				2.0
			PTGR2				2.0
			RP5-1021I20.4				2.0
			RN7SL530P				1.0
			RP5-892G5.2				1.0
			LIN52		1.0	1.0	2.0
			RP11-1070N10.3				1.0
			SNHG10				1.0
			SCARNA13				1.0
			GLRX5		1.0	1.0	1.0
			RP11-1070N10.4				1.0
			RNU6-244P				3.0
			MIR4309		1.0	1.0	4.0
			CTD-2555C10.3		1.0		4.0
			ANKRD9		3.0		3.0
			TECPR2				3.0
			RP11-45P15.4				2.0
			SNORA28				2.0
			HMGB3P26				5.0
			RP11-600F24.1				6.0
			EIF5		1.0		3.0
			AL139300.1				5.0
			RNU6-1287P				1.0
			SNX22				1.0
			SNX1				2.0
			PPIB				1.0
			CSNK1G1		2.0	2.0	3.0
			CTD-2116N17.1		2.0	2.0	3.0
			PTPLAD1		1.0	1.0	1.0
			RNU6-19P				1.0
			VWA9				1.0
			RAB11FIP3		3.0	2.0	3.0
			RP1-196A12.1				3.0
			AL049542.1				3.0
			CHTF18		1.0	1.0	2.0
			GNG13		1.0		1.0
			PRR25				1.0
			RPUSD1				2.0
			RP11-95P2.1		1.0	1.0	1.0
			SRL				1.0
			CDC37P1				1.0
			RP11-1348G14.6				1.0
			NPIPB9				2.0
			RP11-57A19.4		1.0	1.0	3.0
			EIF3C				1.0
			CD2BP2				1.0
			RP11-347C12.10				1.0
			MYLPF				1.0
			TBC1D10B				1.0
			RP11-347C12.2		1.0	1.0	1.0
			STX4		1.0		4.0
			B3GNT9				2.0
			C16orf70		1.0	1.0	2.0
			AGRP				4.0
			CTD-2012K14.2				2.0
			CTD-2012K14.3				2.0
			CTD-2012K14.4				2.0
			RP11-297D21.4		1.0		4.0
			FAM65A		1.0	1.0	4.0
			CTD-2012K14.6				2.0
			ATP6V0D1		2.0	3.0	4.0
			CTD-2555A7.2		3.0	2.0	5.0
			CTD-2555A7.3				4.0
			RP11-209D14.2				1.0
			RP11-434D2.6		1.0	1.0	3.0
			AC015818.5		1.0	1.0	3.0
			KRT16P5				3.0
			RP11-434D2.7				2.0
			AC025627.9				2.0
			AC015818.6				1.0
			AC008088.4				1.0
			RP11-434D2.9				1.0
			NOS2P3		1.0		3.0
			LGALS9B		2.0		3.0
			KRT16P3				2.0
			AC015818.3				2.0
			UNC119				2.0
			RPL31P58				2.0
			RNU6-990P				1.0
			LRRC37BP1				1.0
			RN7SL316P		2.0	1.0	3.0
			CTD-2349P21.6				3.0
			SUZ12P		1.0	1.0	3.0
			RP11-798G7.8				7.0
			RP11-798G7.5				7.0
			BRIP1				1.0
			RP13-991F5.2				2.0
			NARF-IT1				2.0
			NARF				2.0
			AC004221.2				2.0
			ATP5D				2.0
			CIRBP-AS1				1.0
			RPS15P9				1.0
			AC005330.2				1.0
			C19orf26				2.0
			CIRBP				1.0
			C19orf24		1.0	1.0	1.0
			EFNA2				1.0
			MUM1				1.0
			C19orf70				1.0
			RPL36		1.0	1.0	1.0
			HSD11B1L		1.0	1.0	1.0
			LONP1		1.0		1.0
			SAFB				1.0
			CATSPERD				1.0
			NDUFA7				2.0
			RPS28		1.0	1.0	2.0
			AC010323.1				2.0
			CTD-2550O8.7		1.0	1.0	2.0
			MIR4999				2.0
			RAB11B		1.0	1.0	2.0
			CD320				2.0
			RAB11B-AS1		2.0	3.0	2.0
			KANK3				2.0
			RP11-886P16.6				2.0
			MARCH2		1.0	1.0	2.0
			AC010422.1				1.0
			CTD-2192J16.15				1.0
			CTD-2192J16.22				1.0
			CTD-2192J16.20				1.0
			ZNF791		1.0	1.0	1.0
			MAN2B1				1.0
			CTD-2192J16.24				1.0
			WDR83		1.0	1.0	1.0
			WDR83OS				1.0
			ZNF490		1.0	1.0	1.0
			FBXW9				1.0
			CTD-2659N19.2				1.0
			SNORD41				1.0
			CTD-2192J16.26				1.0
			TNPO2				1.0
			AC005776.1		1.0	1.0	1.0
			LLNLR-246C6.1				1.0
			AC005785.2				1.0
			BRD4				1.0
			AKAP8L				1.0
			AKAP8				1.0
			CTD-2231E14.5		2.0	1.0	3.0
			CIB3				1.0
			TPM4		2.0	1.0	3.0
			RAB8A		2.0	1.0	3.0
			CTD-2231E14.8		1.0	1.0	3.0
			HSH2D				3.0
			CTD-2540B15.13				3.0
			LRP3		1.0		3.0
			RSPH6A		2.0		4.0
			AC092301.3				5.0
			RP11-214J9.1				1.0
			AC011742.3				1.0
			SMARCE1P6				1.0
			AC011742.5				1.0
			PPIL1P1				1.0
			GAREML				1.0
			RAB10		1.0	1.0	1.0
			RP11-270B14.1		1.0	1.0	1.0
			MIR5192				1.0
			AC018462.2				1.0
			AC018462.3				1.0
			B3GNT2				1.0
			COMMD1				1.0
			RP11-803D5.4				2.0
			RPS14P4				1.0
			MIR4435-2				1.0
			AC068491.2				2.0
			RP11-68E19.1		2.0	1.0	2.0
			AC009961.5				4.0
			CD302				4.0
			LY75-CD302		4.0	3.0	4.0
			LY75		4.0	3.0	4.0
			AGAP1-IT1				2.0
			AGAP1		2.0	1.0	2.0
			RP4-610C12.4		1.0		3.0
			RP4-610C12.3		1.0		3.0
			RP4-610C12.1		1.0		3.0
			DEFB115		2.0	2.0	3.0
			HM13-IT1				3.0
			RNA5SP481				1.0
			RP1-310O13.7				2.0
			RNA5SP482				4.0
			CCM2L				2.0
			HCK		4.0	3.0	4.0
			RP11-410N8.1				2.0
			MIR4325				1.0
			RP3-481F12.1		1.0	1.0	1.0
			SPO11		1.0		1.0
			AP000301.1				2.0
			RPS5P3				2.0
			AP000302.58				2.0
			DNAJC28		1.0	1.0	2.0
			BTF3P6				2.0
			TMEM50B				2.0
			GART		1.0		2.0
			SON				2.0
			RPL31P1				1.0
			H2BFS				1.0
			CNN2P1				2.0
			CTA-85E5.10		2.0	1.0	3.0
			RTCB				1.0
			RP3-508I15.10				6.0
			TOMM22				6.0
			RP3-508I15.9		1.0	1.0	6.0
			CBY1		1.0	1.0	6.0
			MYD88				1.0
			OXSR1				1.0
			UCN2				1.0
			MIR711				1.0
			PRKAR2A-AS1				2.0
			SLC25A20				2.0
			CBX5P1				1.0
			ZNF654				2.0
			CGGBP1		1.0	1.0	2.0
			RP11-159G9.5		1.0	1.0	2.0
			TF		2.0	2.0	2.0
			RP11-404G16.2		1.0	1.0	2.0
			SRPRB				2.0
			TFP1				2.0
			RP11-789L4.1				1.0
			YWHAQP6				3.0
			RASA2		3.0	2.0	3.0
			HMGN2P25				2.0
			RNU6-509P				2.0
			ATP1B3-AS1				2.0
			RP11-271K21.11		1.0		2.0
			ATP1B3		2.0	1.0	2.0
			RP11-480A16.1		1.0		2.0
			AC024937.4		2.0	1.0	3.0
			AC024937.2				3.0
			SDHAP1				2.0
			CTD-2002J20.1				2.0
			SMCO1				2.0
			AC092933.4				2.0
			AC092933.3				2.0
			WDR53				1.0
			RNF168		2.0	2.0	2.0
			RP11-115L11.1				1.0
			FAM200B				1.0
			RP11-442P12.2				1.0
			BST1		1.0	1.0	1.0
			RP11-617D20.2				4.0
			RP11-617D20.1		4.0	3.0	5.0
			AC021860.1		4.0	3.0	5.0
			KLF3		3.0	1.0	5.0
			MIR5591				2.0
			SLC10A6		1.0	1.0	3.0
			PTPN13		2.0	3.0	3.0
			NKD2				3.0
			CTC-503K11.2				1.0
			PPIP5K2				1.0
			MIR3141		2.0	2.0	2.0
			CTC-280C13.1		1.0		1.0
			KIF4B				1.0
			AC008410.1		1.0	1.0	1.0
			CTD-2311A18.1		1.0		1.0
			RP11-779O18.1		1.0	1.0	3.0
			RP11-779O18.2				3.0
			RP11-779O18.4				3.0
			RP11-779O18.3		2.0	1.0	3.0
			DUSP1		1.0		3.0
			RP11-536N17.1				2.0
			RP1-190J20.2				1.0
			RN7SL332P				1.0
			JARID2-AS1				1.0
			RP1-30M3.5				2.0
			TDP2				2.0
			ACOT13		2.0	2.0	2.0
			C6orf62		1.0	1.0	2.0
			RP1-30M3.6				2.0
			KIAA0319		2.0	1.0	2.0
			RP1-245M18.2				3.0
			PPIAP29				4.0
			FAM65B		5.0	4.0	5.0
			ASS1P1				3.0
			RN7SL334P				3.0
			RP3-425P12.1		1.0		3.0
			RP3-425P12.2		1.0	1.0	3.0
			RP3-425P12.5				3.0
			RP11-367G6.3		2.0	1.0	3.0
			AL590084.1		1.0	1.0	2.0
			RP1-153G14.4				8.0
			MCFD2P1		3.0	2.0	8.0
			RP1-249I4.2				2.0
			RP11-428F8.2				1.0
			SLC16A10		1.0	1.0	1.0
			RNU4-35P		1.0	1.0	2.0
			GJA1		1.0		2.0
			ALDH8A1				4.0
			RP11-12A2.1				2.0
			RNU6-215P				2.0
			WIPI2		2.0	2.0	2.0
			SNX13		5.0	4.0	6.0
			RP11-126L15.4				5.0
			UFSP1				6.0
			ACHE		4.0	2.0	6.0
			TRIP6				6.0
			SRRT		1.0	1.0	6.0
			MIR4660				7.0
			RP11-62H7.2		1.0		6.0
			AC051642.1				3.0
			RNU6-519P				1.0
			UBE2V2				1.0
			PRKDC				1.0
			MCM4		1.0	1.0	1.0
			TMEM75				3.0
			MIR1205				3.0
			RNU1-106P				4.0
			TSSK5P1				3.0
			FAM203A				2.0
			RP11-15B24.5		2.0	1.0	2.0
			Z98044.1		2.0	1.0	2.0
			H6PD		1.0		3.0
			RP11-426L16.3				3.0
			PPM1J				2.0
			RP11-426L16.9				2.0
			FAM19A3		2.0	1.0	2.0
			RP11-426L16.7				2.0
			MOV10				3.0
			RHOC				3.0
			RP11-426L16.10				3.0
			RP4-712E4.1				2.0
			RP4-712E4.2		1.0		2.0
			RP1-79C4.4				1.0
			RP1-79C4.1				1.0
			RP11-168O16.1				2.0
			RP11-168O16.2				2.0
			KIF21B				2.0
			RP11-95P13.2		3.0	1.0	4.0
			RP11-453O22.1		1.0		1.0
			JMJD1C-AS1		1.0	1.0	5.0
			ADAMTS14		2.0		2.0
			FIBP				4.0
			CCDC85B				4.0
			C11orf68				3.0
			DRAP1				3.0
			SNX32				6.0
			MUS81				4.0
			EFEMP2		2.0		4.0
			CTSW				4.0
			FOSL1		2.0	1.0	4.0
			RP11-452H21.2				3.0
			RP11-452H21.4				3.0
			GAB2		2.0		3.0
			RP11-452H21.1		3.0	1.0	3.0
			RP11-121M22.1				3.0
			ADAMTS15				3.0
			RP11-380L11.4				4.0
			DNAH10OS		1.0		4.0
			RP11-380L11.3				4.0
			RP11-214K3.23				4.0
			RP11-214K3.22				4.0
			RP11-214K3.21				4.0
			RP11-214K3.19				4.0
			RP11-214K3.18				4.0
			CCDC92		4.0	3.0	4.0
			RP11-214K3.20				4.0
			ZNF664		1.0		5.0
			RP11-798K3.2		1.0		1.0
			AC048382.4		1.0		1.0
			RP11-182J1.10		1.0		1.0
			RP11-182J1.11				1.0
			GOLGA6L5				1.0
			UBE2Q2P1				1.0
			RP11-182J1.12				1.0
			AC134300.1		3.0		3.0
			CTD-2313J23.1				1.0
			RBBP6		1.0		1.0
			C16orf92				3.0
			RP11-391L3.5				3.0
			LA16c-444G7.1		2.0	1.0	2.0
			RNU7-135P				3.0
			RP11-1079K10.3		2.0	1.0	3.0
			RP11-1079K10.2				3.0
			RP11-81K2.1		3.0	2.0	3.0
			CTD-3193O13.9				1.0
			CTD-3193O13.11				1.0
			CTD-3193O13.10				1.0
			RNA5SP463				1.0
			AC010336.1				1.0
			RN7SL115P				1.0
			CTD-3193O13.13				1.0
			TGFBR3L				1.0
			CTD-3193O13.1				1.0
			SNAPC2				1.0
			CTXN1				1.0
			CTD-3193O13.8				1.0
			EVI5L				1.0
			LRRC8E				1.0
			MAP2K7		1.0		1.0
			TIMM44				1.0
			RN7SL94P				1.0
			UBL5				1.0
			AC008752.3				2.0
			FBXL12				1.0
			CTD-2623N2.11				2.0
			JUND		1.0		3.0
			MIR3188		1.0		3.0
			RPL39P38		1.0	1.0	3.0
			KIAA1683		2.0		4.0
			PDE4C		2.0	1.0	5.0
			AC144450.2				1.0
			AC144450.1				1.0
			NEB		2.0	1.0	2.0
			RFTN2		1.0		1.0
			AC007563.4				3.0
			RNA5SP120				3.0
			AC007563.3		2.0		3.0
			FABP5P14				3.0
			AC007557.4				2.0
			AC007563.5		3.0	2.0	3.0
			RP11-316O14.1				2.0
			AC053503.11		2.0	1.0	4.0
			GMPPA				2.0
			ASIC4				2.0
			SPEG		4.0	1.0	4.0
			RP1-5O6.5				8.0
			RN7SL704P				8.0
			AL021977.1				8.0
			TMEM184B		1.0		8.0
			ADSL				1.0
			RNU6-495P				4.0
			ZC3H7B		1.0		4.0
			TEF		3.0	3.0	4.0
			RN7SL567P				1.0
			HHATL				1.0
			NKTR				1.0
			RP4-613B23.1				1.0
			ZBTB47				1.0
			CCDC13		1.0		2.0
			HHATL-AS1				2.0
			CCDC13-AS1				2.0
			KLHL40		1.0		1.0
			RP11-3B7.7				4.0
			RP11-3B7.1				4.0
			C3orf62				5.0
			MIR4271				4.0
			C3orf84				2.0
			ZCCHC4				2.0
			ADAMTS3		5.0	3.0	3.0
			NDUFS4		1.0		1.0
			AC025175.1				1.0
			ASS1P9				1.0
			CTD-2081C10.1		1.0		1.0
			AC022431.1				4.0
			CTC-236F12.4		1.0	1.0	4.0
			RPEP1				1.0
			VCAN		1.0		1.0
			VCAN-AS1				1.0
			CTC-467M3.3		1.0		3.0
			CTC-467M3.2				3.0
			CTC-467M3.1		3.0	1.0	3.0
			RNU6-1106P				2.0
			NPM1P13				1.0
			TWIST1				2.0
			EVX1		1.0		3.0
			SGK223		5.0	2.0	8.0
			CTA-398F10.1		4.0	3.0	5.0
			CLDN23		3.0	1.0	4.0
			AC087269.1		2.0	1.0	4.0
			RP11-211C9.1		4.0	1.0	12.0
			MFHAS1		10.0	7.0	12.0
			RP11-10A14.7				7.0
			LINC00599		1.0	1.0	11.0
			RP11-212F11.1				10.0
			AF131215.6				8.0
			AF131215.9		1.0		5.0
			AF131215.2				5.0
			AF131215.3				6.0
			AF131215.5				6.0
			AF131215.4				7.0
			RP11-148O21.3				10.0
			RP11-148O21.4				10.0
			RP11-148O21.2				10.0
			RNA5SP272				1.0
			RP11-586K2.1		1.0		1.0
			GKAP1		2.0	1.0	3.0
			HNRNPK		1.0		3.0
			RMI1		2.0	1.0	3.0
			RP11-158D2.2		1.0		2.0
			RP11-62C3.8				1.0
			NOL8				1.0
			CENPP		1.0		1.0
			OGN				1.0
			RP11-121A14.2				2.0
			RP11-121A14.3				2.0
			RNA5SP66				1.0
			MIR3119-2				1.0
			ISCUP1				1.0
			RP11-297H3.3		1.0	1.0	1.0
			METTL11B				1.0
			MIR3168		1.0		3.0
			RN7SL597P		1.0	1.0	3.0
			KBTBD6				3.0
			WBP4		2.0	1.0	3.0
			TJP1		1.0		1.0
			ENO3				3.0
			RP5-1050D4.3				3.0
			RP5-1050D4.2				3.0
			RP5-1050D4.4				2.0
			AC004771.1				2.0
			RP5-1050D4.5				1.0
			AC109333.10				2.0
			SPAG7		1.0	1.0	3.0
			CAMTA2		1.0		3.0
			INCA1				1.0
			KIF1C		1.0		2.0
			SLC52A1				3.0
			ABCA10		2.0	3.0	2.0
			RP11-619L19.2				1.0
			AC093166.2				1.0
			AC093166.3		1.0	1.0	1.0
			MIR4771-1				2.0
			AC104651.1				2.0
			AC093166.4				2.0
			AC112721.1		1.0	1.0	2.0
			AC112721.2		2.0	1.0	2.0
			COL6A3		1.0		2.0
			TMEM212-IT1				1.0
			TMEM212-AS1				2.0
			AC092964.2				2.0
			AC092964.1				2.0
			RP11-94D20.1		2.0	1.0	1.0
			LINC00094		1.0		5.0
			BRD3		4.0	1.0	5.0
			RP11-374P20.4		3.0	1.0	5.0
			RP11-466L17.1				1.0
			PIGQP1				1.0
			RP11-90C4.3		1.0		1.0
			RP11-58K22.2				2.0
			RP11-58K22.5				2.0
			RP11-58K22.4				2.0
			ARF1P2				2.0
			SRP68P3				2.0
			FAM106B				2.0
			RP11-434D2.2				3.0
			USP32P3				3.0
			RN7SKP274				1.0
			RDM1				2.0
			LYZL6		2.0		2.0
			CTB-186H2.1		1.0		2.0
			CTB-186H2.3				2.0
			AC015849.16				2.0
			LRRC37A9P				2.0
			CTB-186H2.2				2.0
			CCL16				2.0
			CCL14				2.0
			CCL15-CCL14				2.0
			WDR18				6.0
			GRB14		1.0	1.0	4.0
			HRH3				1.0
			MTG2				1.0
			OSBPL2		1.0		2.0
			RP11-427P5.2				2.0
			PRSS44				2.0
			PRSS42				2.0
			PRSS45		2.0		2.0
			CISH		2.0		2.0
			MAPKAPK3				2.0
			RNU6-524P				1.0
			RP11-254I22.3				1.0
			RP11-254I22.1		1.0		1.0
			GMDS-AS1		3.0	2.0	3.0
			RP3-470L22.1		2.0		3.0
			RP11-349J5.2				2.0
			AC004895.1				1.0
			AC004895.4				1.0
			ADH1A				12.0
			RP11-696N14.1		5.0	4.0	15.0
			ADH1C		2.0	1.0	12.0
			OSCP1				2.0
			MRPS15				2.0
			CSF3R		2.0	2.0	2.0
			RP11-430H12.2				3.0
			VCAM1		1.0	1.0	2.0
			RP5-1033H2.1		2.0	2.0	3.0
			RP4-575N6.4				3.0
			S1PR1		1.0	1.0	3.0
			RP4-575N6.5				3.0
			RP4-575N6.2				2.0
			PPIAP7		2.0	1.0	2.0
			RNA5SP60				4.0
			DARC		3.0	1.0	4.0
			CADM3		1.0	1.0	4.0
			CTA-134P22.2		4.0	2.0	4.0
			MRPS21P3				1.0
			RP11-75C23.1				1.0
			EEF1A1P32				1.0
			RP11-553K8.5				2.0
			PEBP1P3				2.0
			RP5-1087E8.2				1.0
			RP5-1087E8.3				1.0
			ADCK3		1.0	1.0	1.0
			RNU6-968P				3.0
			RP5-940F7.2		3.0	2.0	3.0
			RP4-580N22.2				3.0
			NID1				3.0
			RP11-379F12.3				3.0
			RP11-379F12.4				3.0
			TAF3				1.0
			RN7SKP39				2.0
			RP11-351M16.3		2.0	2.0	3.0
			WAC-AS1		1.0		3.0
			WAC		2.0	1.0	4.0
			AC067742.1				1.0
			C10orf105				1.0
			C10orf54		1.0	1.0	1.0
			CDH23		1.0	1.0	1.0
			RP11-452K12.3				2.0
			FRAT1		1.0		2.0
			FRAT2		1.0	1.0	2.0
			RP11-452K12.4		2.0	1.0	2.0
			ARHGAP19				2.0
			RRP12		2.0	1.0	2.0
			ARHGAP19-SLIT1				2.0
			RP11-1007G5.2				3.0
			RP11-264E20.2		1.0		2.0
			RP11-264E20.1		2.0	2.0	3.0
			RP11-744N12.3		1.0	1.0	6.0
			RN7SL391P				5.0
			RP1-102E24.8		3.0	2.0	4.0
			RP1-102E24.1		1.0		4.0
			RP1-102E24.9				3.0
			SCNN1A		1.0	1.0	4.0
			CD27-AS1				3.0
			CD27				2.0
			RP11-1143G9.2		1.0	1.0	2.0
			CPSF6		1.0	1.0	2.0
			RN7SL272P				2.0
			KATNBL1P1				3.0
			CTD-2555O16.4				1.0
			CTD-2555O16.3				1.0
			AKAP5				1.0
			CTD-2555O16.2				1.0
			ZBTB25		1.0	1.0	1.0
			RP11-973N13.4				1.0
			MTHFD1				1.0
			JDP2				2.0
			BATF		2.0	2.0	2.0
			RNU6-1316P				1.0
			AL117209.1				1.0
			RP11-365N19.2		1.0	1.0	3.0
			AMN				3.0
			CDC42BPB		2.0	2.0	4.0
			CTD-2382E5.4				3.0
			RP11-23P13.6				3.0
			RP11-23P13.7				3.0
			CTD-2382E5.1		1.0	1.0	3.0
			EHD4		3.0	1.0	3.0
			PLA2G4E				3.0
			CTD-2382E5.2				2.0
			DCTPP1				1.0
			SEPHS2				1.0
			RP11-297C4.3				1.0
			RNU7-61P				1.0
			RP11-297C4.1				2.0
			MIR4518				2.0
			ZNF771				1.0
			RP11-297C4.2				2.0
			RP11-322D14.2				3.0
			RP11-407G23.1				3.0
			RP11-542M13.3		2.0	1.0	3.0
			RP11-818O24.3				2.0
			PITPNA-AS1				2.0
			MYO1C		2.0	2.0	2.0
			CTD-2545G14.7				4.0
			CTDNEP1				4.0
			CLDN7				4.0
			RP1-4G17.2				4.0
			GABARAP				4.0
			RP1-4G17.5				4.0
			ELP5				4.0
			AC002553.1				1.0
			RPLP1P11				1.0
			ZSWIM7				1.0
			TTC19		1.0	1.0	1.0
			ADORA2B				1.0
			NCOR1				1.0
			MIR1288				1.0
			PIGL		1.0	1.0	1.0
			PSMD3		1.0	1.0	4.0
			RP11-387H17.6		2.0		4.0
			CSF3				4.0
			SNORD124				3.0
			NR1D1		2.0	2.0	2.0
			MSL1		1.0		2.0
			CASC3		1.0		2.0
			CTD-2267D19.2				1.0
			CTD-2267D19.4				1.0
			RNA5SP441				1.0
			RARA				1.0
			CTD-2267D19.3				1.0
			AC073508.1				2.0
			AC090283.3				2.0
			KRT24				2.0
			KRT223P		2.0	2.0	2.0
			KRT25				2.0
			KRT222				2.0
			RN7SL739P				6.0
			RP11-669E14.4				6.0
			CTC-782O7.1		4.0	2.0	4.0
			CTD-2369P2.12		1.0	1.0	2.0
			ICAM3		1.0	1.0	2.0
			ZGLP1		1.0	1.0	2.0
			CTD-2369P2.10		1.0	1.0	2.0
			FDX1L		1.0	1.0	2.0
			RAVER1		1.0		2.0
			MIR1181				1.0
			CTD-2562J15.6		2.0	1.0	2.0
			RN7SL844P				2.0
			CTD-2013N17.1				2.0
			CTD-2013N17.4				2.0
			RN7SL146P				1.0
			CTD-3222D19.7				1.0
			CTD-3222D19.11				1.0
			CTD-3222D19.10				1.0
			CTD-3222D19.5				1.0
			C19orf44		1.0		2.0
			SLC35E1		1.0	1.0	1.0
			MED26		1.0		1.0
			CTC-429P9.4		1.0		1.0
			CTC-429P9.2		1.0		1.0
			CTD-3222D19.2		2.0	2.0	2.0
			CHERP		1.0		2.0
			CTC-429P9.3				1.0
			CTC-429P9.5				1.0
			CTD-2538G9.3		1.0	1.0	1.0
			CTC-429P9.1				1.0
			SMIM7				1.0
			TMEM38A		1.0	1.0	1.0
			NWD1				1.0
			CTD-3137H5.1				4.0
			AC010335.1				4.0
			SSBP4				4.0
			ISYNA1				4.0
			MAU2		3.0		5.0
			LPAR2				4.0
			GMIP		2.0		5.0
			ATP13A1				4.0
			ZNF101		3.0	2.0	5.0
			ZNF576				3.0
			RN7SL368P				2.0
			AC006953.1				2.0
			SRRM5				3.0
			ZNF428				2.0
			FAM83E		1.0	1.0	2.0
			SPACA4				2.0
			AC022154.7				2.0
			SPHK2		1.0		3.0
			CA11		2.0	2.0	3.0
			SULT2B1		1.0	1.0	2.0
			RPL18				2.0
			DBP				3.0
			AC007248.7				2.0
			MIR4772				2.0
			AC007278.2		1.0	1.0	2.0
			AC007278.3				2.0
			IL1F10		3.0	1.0	7.0
			RNU6-1180P		6.0	2.0	7.0
			IL36RN				7.0
			IL1RN		1.0	1.0	7.0
			MARCH7				3.0
			RMRPP3				2.0
			MIR4785				1.0
			AC068196.1				2.0
			AC104820.2		2.0	2.0	2.0
			MIR4437				1.0
			AC020595.1		2.0	1.0	3.0
			SIRPA		2.0	1.0	3.0
			RP4-684O24.5		2.0	1.0	3.0
			PDYN				3.0
			EDN3		1.0		2.0
			ARFRP1		2.0	1.0	7.0
			LIME1				7.0
			RP4-583P15.14				7.0
			RP4-583P15.10				7.0
			ZGPAT		6.0	3.0	7.0
			RP4-583P15.15		5.0	3.0	7.0
			CTA-85E5.7				4.0
			CTA-223H9.9				2.0
			RNU6-476P				2.0
			HMGN2P10				3.0
			RNU6ATAC22P				3.0
			XRCC6				2.0
			C22orf46				3.0
			Z83840.1				2.0
			NHP2L1		1.0	1.0	2.0
			CMC1		1.0	1.0	1.0
			ZCWPW2		1.0	1.0	1.0
			HIGD1A		1.0		3.0
			ACKR2		3.0	3.0	3.0
			RP11-70C1.3		3.0	3.0	3.0
			RP11-141M3.5		3.0	3.0	3.0
			KRBOX1		3.0	3.0	4.0
			RP11-708J19.1				4.0
			DNAJB8				3.0
			TMED10P2		1.0	1.0	4.0
			GATA2		2.0		3.0
			RP11-475N22.4		3.0	3.0	3.0
			DNAJB8-AS1				3.0
			C3orf27		4.0	3.0	4.0
			RPN1		4.0	2.0	4.0
			AC092463.1				3.0
			AC097382.5				4.0
			RN7SKP292				4.0
			AC097382.1				4.0
			TBC1D14		3.0	3.0	4.0
			RP11-600L4.1		1.0	1.0	1.0
			RP11-83C7.1		2.0	2.0	2.0
			RP11-83C7.2		2.0	2.0	2.0
			RP11-213G21.1		1.0		2.0
			RP11-213G21.2		2.0	2.0	2.0
			PPBPP1				2.0
			PF4V1				2.0
			CXCL1				2.0
			CXCL6		2.0	2.0	2.0
			PPBPP2				1.0
			RP11-629B11.4		1.0		2.0
			CXCL2		2.0	2.0	2.0
			MTHFD2L		1.0		2.0
			ANTXR2		1.0	1.0	1.0
			PLAC8				1.0
			AF224669.3				1.0
			TET2-AS1				4.0
			EEF1A1P9				3.0
			RP11-477G18.2				1.0
			RP11-73K9.2				1.0
			AP1AR				1.0
			C4orf32		1.0	1.0	1.0
			CETN4P				1.0
			BBS12		1.0	1.0	1.0
			RP11-18H21.1		1.0	1.0	1.0
			RP11-79C6.1				3.0
			CTD-2113L7.1		1.0		2.0
			CAPSL				2.0
			SPEF2				2.0
			YBX1P5				3.0
			RP11-389C8.2				3.0
			ZNF366		3.0	2.0	4.0
			AC116366.6		1.0	1.0	6.0
			AC116366.5		1.0	1.0	5.0
			ADRB2		3.0	3.0	3.0
			RP11-32D16.1		3.0	2.0	4.0
			CTD-2301A4.5				2.0
			GMNN				2.0
			RP3-369A17.5				2.0
			AL512428.1				2.0
			HSPD1P10				2.0
			GJB7		1.0		2.0
			ZNF292		2.0	2.0	2.0
			AC024028.1		1.0	1.0	2.0
			AC091801.1		1.0	1.0	2.0
			FLJ20306				4.0
			AC072052.7				4.0
			GRID2IP				4.0
			AC005017.2				2.0
			RP4-607J23.2				3.0
			RP11-307C18.1				3.0
			RPS3AP26				3.0
			BAIAP2L1		3.0	3.0	4.0
			BRI3		1.0		3.0
			RP11-511P7.4				1.0
			STRADBP1				1.0
			GIMAP7		1.0	1.0	1.0
			GIMAP4				1.0
			GIMAP8				1.0
			CHD7		4.0	3.0	4.0
			RP11-578O24.2				1.0
			PRKRIRP7				1.0
			ZC2HC1A		1.0		1.0
			IL7		1.0	1.0	1.0
			GDI2P2				4.0
			RPL31P12		2.0		4.0
			NEGR1		4.0		4.0
			CASC10		1.0		4.0
			MIR1915				4.0
			RN7SKP219				3.0
			AC090559.2				9.0
			MIR4487				10.0
			PSMC3		4.0	2.0	10.0
			RNU6-1302P				8.0
			RP11-750H9.5		3.0	1.0	10.0
			SLC39A13		2.0	1.0	10.0
			RAPSN		4.0		9.0
			TEX40				3.0
			TRMT112				2.0
			PRDX5				2.0
			ESRRA				3.0
			AP003774.1				2.0
			RP11-450K4.1				2.0
			HCAR2				5.0
			HCAR3				5.0
			RP11-324E6.9				5.0
			RP11-324E6.4				5.0
			RP11-324E6.6		3.0	2.0	5.0
			DENR				5.0
			RP11-214K3.5				4.0
			RNU7-30P				3.0
			SNORA11B				3.0
			RPS6KA5		2.0	1.0	3.0
			C14orf159		3.0		3.0
			RP11-34F13.2		1.0		3.0
			RNU6-1				2.0
			SKOR1		1.0		3.0
			RP11-34F13.3		1.0		3.0
			RNU6-1339P				3.0
			GLYR1				3.0
			GP2				3.0
			RP11-429K17.1				3.0
			ACSM5				3.0
			RP11-1348G14.1		1.0		6.0
			RP11-1348G14.5				7.0
			RP11-24N18.1		1.0		7.0
			TUFM		2.0		7.0
			MIR4721				7.0
			RP11-22P6.2				7.0
			RP11-22P6.3				7.0
			SNORA43				8.0
			RP11-1348G14.4		1.0		6.0
			ATXN2L		3.0	1.0	7.0
			RP11-196G11.2				3.0
			ZNF668				2.0
			ZNF646				1.0
			VKORC1				1.0
			AC135050.5				1.0
			PRSS53				1.0
			RP11-196G11.1				1.0
			AC006534.1				3.0
			AC006534.2				4.0
			MC4R		3.0		3.0
			RN7SKP33				2.0
			RP11-323C15.1		1.0		2.0
			RP11-323C15.2				2.0
			ADAMTS9		1.0	1.0	3.0
			RN7SL752P				2.0
			RP11-263I1.1				2.0
			PLXND1		2.0		2.0
			RP11-93K22.6				1.0
			TMCC1-AS1		1.0		1.0
			MIR5704				1.0
			AC024568.1				2.0
			RP1-86C11.7				3.0
			HIST1H2AG				4.0
			HIST1H2BJ				3.0
			LINC00951				2.0
			RP11-552E20.4				2.0
			RNU6-250P				2.0
			TDRG1				2.0
			RP11-36B6.1		1.0		3.0
			AC016831.5				1.0
			AC016831.3				1.0
			RNU2-54P		3.0		2.0
			OXLD1				4.0
			CCDC137				4.0
			AC139530.1				4.0
			ARL16				4.0
			HGS				4.0
			RNU6-291P				2.0
			RPL39P6				2.0
			RP11-56N19.5				2.0
			C1orf167				3.0
			AGTRAP				2.0
			AL391357.1				1.0
			DDOST				2.0
			KIF17		1.0	1.0	3.0
			PINK1-AS				1.0
			AL645859.1				1.0
			MECR				1.0
			RP11-435P24.3				1.0
			RP11-318L16.6				1.0
			RP11-359E8.3				1.0
			ARPC3P2				1.0
			NEK2		1.0		4.0
			RP11-122M14.1				4.0
			RP11-122M14.3		1.0		2.0
			TAF5L				1.0
			URB2		1.0		1.0
			RP11-438H8.8				4.0
			OR2X1P				4.0
			OR2L13		1.0	1.0	4.0
			OR2L8				4.0
			SNORD74		1.0		2.0
			MED6P1		1.0	1.0	2.0
			PTEN		1.0	1.0	2.0
			TBC1D12		1.0		2.0
			CYP2C18		1.0		3.0
			CYP2C19		2.0		4.0
			MTND4P19		1.0		2.0
			CYP17A1-AS1				5.0
			PFN1P11				6.0
			PTGES3P4				6.0
			CYP17A1				5.0
			ST13P13				4.0
			RP11-332O19.5				1.0
			MIR3657				5.0
			ERP29				3.0
			RHOF		2.0	1.0	3.0
			TMEM120B		3.0	1.0	3.0
			PDS5B		4.0		4.0
			LDHBP1		2.0	1.0	4.0
			LAMP1		1.0	1.0	5.0
			RP11-356O9.2				1.0
			CD24P2				2.0
			RP11-69H7.3				1.0
			AC113208.1				1.0
			RP11-69H7.2				1.0
			CTD-2012K14.7				2.0
			RNU6-430P				3.0
			RP1-168P16.3				5.0
			RP11-104N10.1		3.0	2.0	6.0
			RNU7-117P				7.0
			RPL13		2.0	1.0	6.0
			SNORD68				6.0
			GAS8		3.0	2.0	5.0
			C16orf3				5.0
			URAHP		3.0	2.0	4.0
			AKAP10		2.0	1.0	3.0
			CTB-39G8.2				1.0
			CTB-39G8.3				2.0
			POLR3KP2				1.0
			SSTR2				1.0
			COG1				1.0
			RP11-661C3.2				1.0
			FAM104A		1.0		1.0
			C17orf80				1.0
			CPSF4L				1.0
			RP11-143K11.5				1.0
			RP11-143K11.1				1.0
			AC061992.2		1.0	1.0	5.0
			HSPBP1		1.0	1.0	4.0
			ID2				2.0
			AC007381.3		2.0		2.0
			RP11-493E12.2				2.0
			AHSA2				3.0
			RP11-355B11.2		1.0	1.0	3.0
			XPO1		2.0	1.0	4.0
			RN7SL51P				2.0
			AL160175.1				1.0
			RNU1-134P				2.0
			MIR941-2				2.0
			MIR941-3				2.0
			MIR941-1				2.0
			MIR1914				2.0
			MIR647				2.0
			AL118506.1				2.0
			TPD52L2				3.0
			ZNF512B				4.0
			DUSP18				1.0
			CTA-963H5.5				1.0
			MIR3200				1.0
			SLC35E4				1.0
			RN7SL500P				2.0
			DENND6B		1.0		2.0
			PPP6R2		1.0		2.0
			RNU6-822P				1.0
			NPRL2				4.0
			CYB561D2				4.0
			TMEM115				4.0
			XXcos-LUCA11.4				3.0
			RNA5SP131				3.0
			XXcos-LUCA11.5				4.0
			RNU6-32P				1.0
			WDR19				1.0
			MIR5685				1.0
			HMGB1P20				1.0
			ELOVL5		1.0		1.0
			RP1-45N11.1				1.0
			RNU6-1299P				3.0
			BEND3		3.0	1.0	3.0
			PDSS2				3.0
			RP11-787I22.3				3.0
			RNU6-960P				1.0
			AC083863.5				4.0
			KBTBD2		1.0		4.0
			RP9P				4.0
			AVL9		4.0	1.0	4.0
			AC011738.1				1.0
			COA1				1.0
			HECW1				1.0
			STK17A		1.0		1.0
			MIR3609				1.0
			TMEM130				1.0
			TRRAP		1.0		1.0
			TRIM60P15				1.0
			MTND1P7				1.0
			RNU6-656P				1.0
			RP11-101E19.4				1.0
			MTND6P20				1.0
			RP11-101E19.7				1.0
			LINC00293		1.0		1.0
			RNU4ATAC11P				1.0
			VDAC1P11				2.0
			NUTM2F		1.0		1.0
			RP11-307E17.9				1.0
			ZNF169				2.0
			RP11-307E17.8				1.0
			HIATL1				1.0
			MIER1		1.0	1.0	2.0
			SLC35D1		2.0		2.0
			RP11-76N22.2		3.0	2.0	3.0
			RP11-29H23.7				2.0
			RP11-29H23.6				2.0
			RP11-29H23.4		2.0	1.0	2.0
			ASH1L-AS1				2.0
			DAP3P1				2.0
			RP11-29H23.5				2.0
			LARP4B		3.0	3.0	4.0
			RNA5SP308				1.0
			RP11-492M23.2		2.0	1.0	2.0
			C10orf126				1.0
			RP11-178G16.4				1.0
			RP11-178G16.5				1.0
			RAB5CP1				1.0
			AL137224.1				1.0
			ELF5		1.0	1.0	1.0
			RP4-594L9.2				1.0
			CAT				1.0
			SLC38A4		2.0	1.0	2.0
			SPRYD4				2.0
			RP11-153M3.1				2.0
			TIMELESS				2.0
			MIP		1.0		2.0
			GLS2		2.0	2.0	2.0
			RNU6-879P				7.0
			AC126614.1				7.0
			RP11-756H6.1				7.0
			GLI1				5.0
			INHBE		2.0	2.0	5.0
			ARHGAP9				4.0
			MARS		1.0		4.0
			R3HDM2		6.0	8.0	7.0
			MIR4714				1.0
			RP11-697E22.3				2.0
			DDX52				1.0
			RP11-697E22.2				3.0
			AC091199.1		1.0	1.0	1.0
			RP11-115K3.2				1.0
			RP11-136H19.1				3.0
			PITPNC1		1.0	1.0	1.0
			RP13-516M14.2				1.0
			AC132872.1				1.0
			CCDC57				1.0
			SLC16A3		1.0	1.0	1.0
			CSNK1D				1.0
			AC132872.2				1.0
			RP11-116O18.1				1.0
			RP11-116O18.3		1.0	1.0	2.0
			RNU6-708P				1.0
			ATP9B				2.0
			RNU6-317P		1.0	1.0	7.0
			BCAT2		1.0	1.0	7.0
			AC079779.4		1.0	1.0	2.0
			RP11-387A1.5				2.0
			HOXD-AS1				2.0
			MIR4756				5.0
			BCAS1		4.0	3.0	6.0
			RP1-309F20.4				2.0
			RP1-309F20.3		2.0	1.0	2.0
			GNAS-AS1				2.0
			RP4-806M20.3				2.0
			RN7SL216P				2.0
			RNA5SP125				2.0
			AC133680.1		2.0	1.0	2.0
			RN7SL172P				1.0
			RNU4-62P				1.0
			FBXO40				1.0
			GOLGB1		1.0	1.0	2.0
			HCLS1				1.0
			AC072031.1				2.0
			EAF2				2.0
			SLC15A2		2.0	3.0	2.0
			RP11-237P21.1		1.0	1.0	2.0
			AC092989.1				2.0
			TDGF1P6				2.0
			RP11-463H24.1		7.0	6.0	9.0
			RNY4P4				2.0
			HMGN1P10		1.0	1.0	2.0
			RNU7-198P				2.0
			RP11-731C17.2				5.0
			RP11-85F14.1		1.0	1.0	5.0
			RP11-731C17.1		6.0	3.0	6.0
			SLC35G2		1.0	1.0	7.0
			RP11-85F14.5		1.0	1.0	4.0
			RP11-641D5.2				3.0
			RP11-641D5.1				3.0
			RP11-44H4.1		1.0		1.0
			AC026740.1				2.0
			CTD-2589H19.6				2.0
			ZDHHC11B		1.0		3.0
			CEP72				2.0
			ZDHHC11		1.0		3.0
			AC108105.1		1.0	1.0	1.0
			SNORA63		2.0	1.0	4.0
			PTGER4				1.0
			RPL7P22				2.0
			AC063979.1				2.0
			CTC-347C20.1		2.0	2.0	3.0
			CTD-2376I4.1		1.0		2.0
			CTD-2376I4.2				2.0
			CTC-250P20.2				2.0
			CTC-250P20.1				3.0
			FCHO2		3.0	2.0	5.0
			RP11-232L2.1				4.0
			AC116345.1		2.0	2.0	3.0
			TMEM174				3.0
			RP11-232L2.2		3.0	2.0	4.0
			FTH1P5		1.0	2.0	2.0
			LINC00473		2.0	2.0	2.0
			SNORD45				1.0
			GAPDHP72		1.0	1.0	1.0
			AC147651.2				2.0
			AC147651.5				2.0
			LINC01007		1.0	1.0	1.0
			MYL10				1.0
			STC1		2.0	3.0	2.0
			RP11-103H7.2				1.0
			RNU6-869P				1.0
			RP11-103H7.1		1.0	1.0	1.0
			RP11-103H7.3				1.0
			AC027228.1				3.0
			RP11-650L12.2				1.0
			PSMA4		1.0		3.0
			RP11-335K5.2				1.0
			RPL18P11				1.0
			RP11-160C18.2				3.0
			CYP2A7				3.0
			CYP2G1P				3.0
			RP11-276H7.3		2.0	3.0	5.0
			ARHGEF19-AS1		3.0	3.0	5.0
			C1orf134				3.0
			RSG1				3.0
			EPHA2		1.0	1.0	5.0
			RP11-276H7.2				5.0
			ARHGEF19		3.0	3.0	5.0
			ANO7P1				5.0
			RN7SL501P				3.0
			RN7SL165P		1.0		4.0
			PIGV		2.0	2.0	4.0
			RP5-833A20.1				1.0
			ACTBP12				3.0
			AL451010.1				3.0
			C1orf146				3.0
			GLMN		1.0	1.0	4.0
			RP4-593M8.1				3.0
			EVI5		4.0	3.0	5.0
			PRMT6		3.0	1.0	3.0
			RNU6-884P				6.0
			RP11-61L14.6				4.0
			AL606500.1				4.0
			F13B		1.0	1.0	1.0
			ASPM				1.0
			RP11-32D17.4				1.0
			ZBTB41		1.0	1.0	1.0
			RP11-445P17.6				2.0
			RP11-445P17.3				2.0
			RP11-445P17.8				1.0
			AKR1CL1				2.0
			AKR1C4		2.0	2.0	2.0
			TATDN1P1				6.0
			RP11-351O1.4				7.0
			MIR1296				6.0
			MRPL35P2		5.0	3.0	5.0
			RP11-111N20.4				5.0
			RP11-170M17.1		3.0	2.0	5.0
			RP11-402D21.2				1.0
			FGFBP3				1.0
			TNKS2		1.0	1.0	1.0
			BTAF1				1.0
			RP11-348J12.2				8.0
			CYP26C1				8.0
			CYP26A1		8.0	10.0	8.0
			NIP7P1		1.0	1.0	8.0
			TPM4P1		1.0		3.0
			RP11-316M21.9		1.0	1.0	3.0
			RP11-316M21.7				2.0
			CHUK				2.0
			RP11-159H3.1		2.0	1.0	2.0
			RN7SKP151				3.0
			BTBD10				3.0
			RP11-770G2.4		1.0		3.0
			RP11-770G2.5				3.0
			RP11-211G23.2		1.0		2.0
			AP000439.5		1.0	1.0	2.0
			AP000439.2				2.0
			UBE2L2				3.0
			AC087239.1				2.0
			LYRM5				2.0
			KRAS		2.0	2.0	2.0
			RP3-405J10.3				3.0
			RP4-605O3.4		2.0		3.0
			CERS5		1.0		3.0
			LARP4		1.0		5.0
			RP11-60E8.4				3.0
			RN7SL519P				3.0
			RP11-60E8.3				3.0
			TMPRSS12				3.0
			METTL7A		1.0	1.0	1.0
			RP11-407N8.4				1.0
			HIGD1C				1.0
			RP11-511B23.2		1.0	1.0	1.0
			RNU7-184P				1.0
			RP11-328J6.1		1.0	1.0	1.0
			AC002978.1				3.0
			RP11-124D2.1				1.0
			RNU6-1046P				4.0
			C14orf164		1.0	1.0	4.0
			CBLN3				6.0
			SDR39U1				6.0
			KHNYN				6.0
			RP3-514A23.2				3.0
			RGS6		4.0	3.0	4.0
			SERPINA2P		1.0	3.0	3.0
			RP11-349I1.2				3.0
			SERPINA11				3.0
			RP11-982M15.2				2.0
			LINC00638				2.0
			RPS26P49				2.0
			RPS2P4				2.0
			CTD-3051D23.1				2.0
			ZBTB42		1.0		2.0
			AKT1		1.0	3.0	2.0
			WDR76		2.0	1.0	4.0
			RPSAP55		1.0	1.0	1.0
			AC007950.1				2.0
			RP11-327J17.2		2.0	1.0	3.0
			PKD1P6				1.0
			NPIPP1				1.0
			RP11-1186N24.5				1.0
			RP11-483P21.6				5.0
			MLYCD				5.0
			RP11-505K9.4		5.0	6.0	5.0
			OSGIN1		1.0	1.0	5.0
			NECAB2				5.0
			CTD-3057O21.1				1.0
			RP11-863P13.5				1.0
			TLCD2		1.0	2.0	5.0
			MIR22HG		4.0	6.0	5.0
			WDR81		2.0	1.0	5.0
			RP11-961A15.1		1.0		5.0
			SERPINF2		2.0	3.0	5.0
			SERPINF1				5.0
			PRPF8				6.0
			SMYD4				2.0
			ASGR2		1.0	1.0	2.0
			EIF5A		1.0	1.0	2.0
			GPS2		1.0	1.0	2.0
			RP11-542C16.2				2.0
			AC026954.6				3.0
			YBX2		2.0	2.0	2.0
			NEURL4		1.0	1.0	3.0
			TMEM95		2.0	2.0	3.0
			KCTD11		1.0	1.0	3.0
			RP11-542C16.1		1.0	1.0	3.0
			TNK1		2.0	1.0	4.0
			TMEM256-PLSCR3		1.0	1.0	4.0
			C17orf61-PLSCR3		1.0	1.0	4.0
			TMEM256				4.0
			TNFSF13		2.0	4.0	8.0
			SNORA67		3.0	2.0	8.0
			SNORD10				8.0
			CD68		2.0	2.0	8.0
			AC113189.5		1.0		8.0
			SOX15				7.0
			MPDU1				8.0
			SENP3		1.0		8.0
			SENP3-EIF4A1		2.0		8.0
			RPL29P2				4.0
			RP11-1099M24.8		1.0	1.0	2.0
			GUCY2D		2.0	1.0	2.0
			ALOX15B				2.0
			RP11-599B13.3				1.0
			ALOX12B		1.0	1.0	2.0
			AC129492.6				2.0
			MIR4314				2.0
			ALOXE3				2.0
			RP11-55L4.2				2.0
			RP11-55L4.1				2.0
			WDR16				2.0
			USP43		2.0	2.0	2.0
			RP11-131K5.2				1.0
			AC005304.1				1.0
			RP11-131K5.1				1.0
			COX10-AS1		1.0	1.0	1.0
			MIR33B				3.0
			AC122129.1				2.0
			SREBF1		2.0	1.0	3.0
			EVI2A				2.0
			EVI2B				2.0
			CTD-2370N5.3				2.0
			NPEPPS		3.0	4.0	3.0
			Metazoa_SRP				3.0
			RP11-708H21.1				1.0
			RP11-708H21.4		1.0	1.0	2.0
			B4GALNT2		1.0	1.0	1.0
			GNGT2				3.0
			RP1-62O9.3		1.0	1.0	3.0
			RP11-1079K10.1				3.0
			PHB				3.0
			RP11-1079K10.4				3.0
			AC004797.1				2.0
			RP11-1079K10.5				2.0
			NGFR		1.0	1.0	2.0
			RP5-1029K10.2		1.0	1.0	1.0
			RP5-1029K10.4				1.0
			NT5C				1.0
			RP11-649A18.5				1.0
			RP11-649A18.4				1.0
			RP11-649A18.7				1.0
			SLC16A5				2.0
			ARMC7				1.0
			SUMO2				1.0
			HN1		1.0	1.0	1.0
			MIR4738				1.0
			RP11-552F3.4				1.0
			ITGB4				1.0
			GALK1				1.0
			UNC13D				1.0
			AC090340.1				3.0
			ONECUT2		3.0	2.0	3.0
			AC006538.1				1.0
			AC006538.4				1.0
			SLC39A3				1.0
			SGTA		1.0	1.0	1.0
			THOP1		1.0	1.0	1.0
			ZNF554				1.0
			ZNF555				1.0
			AC005944.2				3.0
			AES		1.0	1.0	3.0
			GNA11		2.0	2.0	3.0
			TLE2				3.0
			CTD-2278I10.4				1.0
			ANO8				1.0
			CTD-2278I10.1				1.0
			CTD-2521M24.5				1.0
			MRPL34				1.0
			GTPBP3		1.0	1.0	1.0
			PLVAP				1.0
			DDA1				1.0
			AC007192.6				5.0
			IL12RB1		2.0		5.0
			PIK3R2		1.0	1.0	5.0
			CTD-2527I21.14				2.0
			SCN1B				2.0
			CTD-2527I21.9				2.0
			AC020907.1				2.0
			GRAMD1A				2.0
			HPN		2.0	5.0	2.0
			HPN-AS1		2.0	5.0	2.0
			FXYD3				4.0
			RPL13A				2.0
			SNORD32A				2.0
			SNORD33				2.0
			SNORD34				2.0
			SNORD35A				2.0
			SNORD35B				2.0
			CTD-3148I10.9				2.0
			FLT3LG				2.0
			CTD-3148I10.15				2.0
			ABHD1				6.0
			PREB				6.0
			TCF23				6.0
			AC013403.13		6.0	6.0	6.0
			ATRAID				1.0
			C2orf53		1.0	1.0	6.0
			SLC5A6		1.0	2.0	6.0
			CAD				1.0
			MIR4263				2.0
			RP11-674I16.2				3.0
			AC007365.1				4.0
			AC007365.3				5.0
			AC007365.4				5.0
			TIA1				1.0
			C2orf42		1.0	1.0	1.0
			METTL21A		1.0	1.0	1.0
			RPL37AP1				1.0
			TTPAL				1.0
			SNORD42				1.0
			HSCB				3.0
			RP1-130H16.16				1.0
			KIAA1658				1.0
			RP4-539M6.20				1.0
			RNU6-564P				1.0
			RP4-539M6.21				1.0
			TBC1D10A		1.0		3.0
			SF3A1				2.0
			CCDC157		1.0	1.0	2.0
			RP4-539M6.19				1.0
			RNF215				1.0
			RPL31P20				2.0
			THRB-IT1				2.0
			THRB-AS1				1.0
			RP11-317L10.1				1.0
			MIR4792				1.0
			PTH1R		1.0		2.0
			RP13-131K19.7				5.0
			ARIH2		4.0	2.0	5.0
			RP13-131K19.1				5.0
			RNA5SP130				4.0
			RP11-305O4.3				4.0
			RP11-305O4.2				4.0
			RNU6-1284P				3.0
			RP11-102M11.1				5.0
			RP11-102M11.2		2.0	2.0	7.0
			IL20RB-AS1		1.0	1.0	3.0
			IL20RB		1.0	1.0	4.0
			RP11-408H1.3		1.0		3.0
			SH3BP2				1.0
			MFSD10				1.0
			NOP14-AS1				1.0
			AL590235.1				3.0
			RP11-529E10.6				3.0
			LRPAP1		1.0	1.0	3.0
			RP11-1267H10.2		1.0	1.0	5.0
			RP11-1267H10.1				5.0
			RP11-1267H10.3		5.0	5.0	6.0
			UGT2B15		4.0	3.0	6.0
			RP11-1267H10.4				4.0
			SCARB2		2.0	2.0	3.0
			FAM47E		3.0	3.0	4.0
			FAM47E-STBD1		2.0	2.0	4.0
			MIR5705				3.0
			RP11-529H2.2				1.0
			RP11-710E1.2		1.0	1.0	1.0
			NUDT9				1.0
			SPARCL1		1.0	2.0	1.0
			PCNAP1				5.0
			ADH4		3.0	3.0	5.0
			ADH5				5.0
			MIR581				4.0
			RN7SL801P				4.0
			AC008391.1				1.0
			AL591069.1				2.0
			RN7SL13P				1.0
			AC091654.7				2.0
			AC074121.4		1.0	1.0	1.0
			AC005086.1				2.0
			AC005086.3				2.0
			AC005086.2				2.0
			AC005086.4				2.0
			AC005088.1				2.0
			RP11-138A9.1				4.0
			RP11-138A9.2				4.0
			MIR29B1		3.0	3.0	4.0
			AC016831.7		3.0	3.0	4.0
			MKLN1-AS1		3.0		6.0
			SNORA20				1.0
			RP11-775E10.1		1.0	1.0	1.0
			RNU6-1213P		1.0	1.0	1.0
			RP11-941H19.3				1.0
			RP11-48B3.3				1.0
			RP11-48B3.4		1.0	1.0	1.0
			RPSAP47		1.0	1.0	1.0
			RP11-48B3.2				1.0
			RNU2-71P				1.0
			SLC25A51P3				1.0
			CKS1BP7				1.0
			ZNF704		1.0	1.0	1.0
			PAG1		2.0	2.0	2.0
			GS1-393G12.14				2.0
			TONSL				2.0
			AC084125.4				2.0
			CTD-2517M22.16				3.0
			KIFC2				2.0
			FOXH1				2.0
			CTD-2517M22.14				2.0
			CTD-2517M14.5				2.0
			SLC39A4		1.0	1.0	2.0
			VPS28				2.0
			CYHR1		1.0	1.0	3.0
			PPP1R16A				2.0
			CPSF1				2.0
			UBQLN1				2.0
			RP11-522I20.3				2.0
			MIR7-1				2.0
			RP11-575L7.8				3.0
			MIR4669				1.0
			RXRA		1.0	1.0	1.0
			NT5C1A				1.0
			FPGT-TNNI3K		3.0		3.0
			TNNI3K		3.0		3.0
			LRRC53				3.0
			C1orf173				3.0
			SYPL2		3.0	2.0	3.0
			ATXN7L2				3.0
			WARS2-IT1				1.0
			WARS2				2.0
			RAB18		2.0	1.0	2.0
			RNU6-657P				2.0
			RP11-391J2.3				4.0
			CTBP2P2		1.0		2.0
			CEND1				4.0
			SLC25A22		1.0		4.0
			RPLP2				4.0
			SNORA52				4.0
			AP006621.8				4.0
			EFCAB4A				4.0
			POLR2L		1.0		3.0
			RP11-1391J7.1				2.0
			PIDD				4.0
			CD151		2.0	1.0	3.0
			TSPAN4				2.0
			CHID1				2.0
			RP11-351I24.3				2.0
			RP11-351I24.1				2.0
			BBOX1		1.0		1.0
			RP11-1L12.3		2.0	1.0	1.0
			CTD-2007L18.5				1.0
			AP003096.1		1.0		1.0
			GAL		1.0		1.0
			FGF19		1.0		1.0
			CCND1		1.0		1.0
			ORAOV1		1.0		1.0
			RP11-469H8.8				1.0
			AQP5				1.0
			AQP2				1.0
			RP11-469H8.6				1.0
			AQP6				1.0
			RACGAP1		1.0		1.0
			CSPG4P11				1.0
			AC136698.1				1.0
			RN7SL331P				1.0
			AC103965.1				1.0
			RP11-331F4.1				1.0
			CTRB2				1.0
			CTRB1		1.0		1.0
			RP11-331F4.4				1.0
			RP11-158I3.1				1.0
			RN7SL624P				4.0
			AC090617.1				4.0
			AC130689.5				4.0
			AL450226.2				4.0
			RP1-59D14.5		1.0		2.0
			RP1-59D14.1				2.0
			AC006435.1				2.0
			MNT		1.0		2.0
			METTL16				2.0
			MIR4759				1.0
			AP001601.2		1.0		1.0
			ADAMTS5		1.0		1.0
			RP11-646D13.1				2.0
			SNORD66				2.0
			EIF4G1				2.0
			FAM131A		1.0		2.0
			CLCN2				2.0
			C4orf3				1.0
			RNU4-33P				1.0
			PDE5A		1.0		1.0
			RPL3P6				1.0
			CTD-2194F4.2				1.0
			CAST		1.0		1.0
			CTC-228N24.1		1.0		2.0
			KDELC1P1				3.0
			MIR586				3.0
			CTA-398F10.2		6.0	1.0	8.0
			RNU7-55P				5.0
			RP11-981G7.1				12.0
			AF131215.1				7.0
			AF131215.8		5.0	2.0	10.0
			RP11-148O21.6				9.0
			OR7E161P				11.0
			DEFB136		11.0	6.0	12.0
			DEFB135				12.0
			DEFB134		1.0		12.0
			RP11-481A20.4		1.0		12.0
			RP11-481A20.10				12.0
			RP11-481A20.11		2.0	1.0	12.0
			RP11-116B19.2				1.0
			VENTXP6				1.0
			RP11-624L12.1		3.0	1.0	3.0
			MYOF				3.0
			FAM110D		1.0		2.0
			ZNF593				2.0
			RP11-96L14.7				2.0
			CNKSR1				2.0
			SHMT1P1				1.0
			ST3GAL3		2.0	2.0	2.0
			RPL5P6		3.0	2.0	2.0
			ZNF644				2.0
			UBE2Q1				3.0
			UBE2Q1-AS1				3.0
			TDRD10		2.0	2.0	4.0
			RP11-160H22.3				1.0
			RPL30P1		1.0	1.0	1.0
			RC3H1-IT1				1.0
			RP11-269F20.1		1.0	1.0	1.0
			AKT3		1.0	1.0	1.0
			AKT3-IT1				1.0
			AKR1C5P				1.0
			AKR1C3		1.0	1.0	2.0
			RP11-477L16.2				1.0
			GFRA1		1.0	1.0	1.0
			AC051649.6		1.0		2.0
			SAA1				1.0
			RNA5SP334				1.0
			ST13P5				1.0
			HPS5		1.0	1.0	1.0
			GTF2H1				1.0
			ZNF408		1.0	2.0	2.0
			ATG13				2.0
			MTCH2		4.0	4.0	7.0
			OR4A42P				2.0
			OR4A44P		2.0	2.0	2.0
			OR4A41P		1.0		2.0
			RP11-56P9.6				3.0
			RP11-56P9.4		1.0	1.0	3.0
			RP11-56P9.8				2.0
			RP11-56P9.5		2.0	2.0	3.0
			RP11-56P9.10				3.0
			TRIM51CP		1.0		2.0
			FOLH1		1.0	1.0	3.0
			RP11-707M1.1		4.0	3.0	4.0
			RP11-707M1.9				1.0
			RP11-163O19.11		1.0	1.0	1.0
			RP11-163O19.10				1.0
			TRIM51DP				1.0
			RP11-163O19.3				1.0
			RP11-163O19.8				1.0
			OR4A1P				1.0
			RP11-707M1.7				1.0
			TRIM51FP				1.0
			RP11-163O19.1		1.0	1.0	1.0
			RP11-347H15.2				2.0
			RP11-347H15.3				2.0
			RP11-347H15.4				2.0
			RP11-347H15.5				2.0
			RP11-574M7.1		2.0	3.0	2.0
			OR4C7P				2.0
			OR4C46		1.0	1.0	1.0
			OR4C50P				1.0
			RP11-72M10.2				1.0
			RP11-72M10.8				1.0
			TRIM51HP		1.0	1.0	2.0
			RP11-72M10.5				2.0
			OR4A11P				2.0
			OR4A12P				2.0
			OR4A16		1.0	1.0	2.0
			TRIM48		2.0	3.0	1.0
			RP11-72M10.4				1.0
			RP11-72M10.7				1.0
			OR4C14P				1.0
			OR4C15				2.0
			OR4C16		1.0	1.0	2.0
			OR4C11		1.0	1.0	2.0
			RP11-738O11.12				2.0
			OR5W1P				1.0
			OR5W2		1.0	1.0	1.0
			OR5I1				1.0
			OR10AF1P				1.0
			OR10AK1P				1.0
			RP11-738O11.9				2.0
			RP11-738O11.13				2.0
			TRIM51				1.0
			OR5T3				2.0
			OR5T1		1.0	1.0	2.0
			OR8H1				1.0
			OR8I1P				1.0
			OR5T2		1.0	2.0	2.0
			OR5M5P				1.0
			OR5M11				1.0
			OR5M13P				1.0
			OR5M10		1.0	1.0	1.0
			AC023157.1				1.0
			RP11-467L13.4				1.0
			RP11-467L13.5		1.0	1.0	1.0
			AMN1		1.0	1.0	1.0
			H3F3C				1.0
			RNU6-1069P				1.0
			SNORA25				2.0
			RP11-428G5.4		1.0	1.0	1.0
			RP11-428G5.6		1.0	1.0	1.0
			RP11-428G5.5		1.0	1.0	1.0
			RP11-428G5.1		1.0	1.0	1.0
			AC023050.1				1.0
			RP11-428G5.2		1.0	1.0	1.0
			RP11-428G5.7				1.0
			RP11-50I19.1				1.0
			AVPR1A		1.0	1.0	1.0
			RNU6-36P				1.0
			RP11-1016B18.1		1.0	1.0	1.0
			PARPBP		2.0	1.0	2.0
			NUP37		2.0	1.0	2.0
			PMCH				2.0
			RN7SL793P				2.0
			RP11-18O15.1		2.0	1.0	2.0
			RP11-162N7.1				2.0
			RP4-601P9.2				2.0
			RP11-216P16.6				4.0
			Z98941.1				4.0
			P2RX7		3.0	3.0	4.0
			RP11-340F14.5				3.0
			P2RX4		3.0	3.0	4.0
			CAMKK2		3.0	3.0	4.0
			RANP8				2.0
			N6AMT2				2.0
			XPO4		2.0	1.0	2.0
			LINC00332		1.0	1.0	1.0
			RPL17P51				1.0
			RNU6-1258P				1.0
			MEG3				3.0
			MAP1A		4.0	3.0	4.0
			PPIP5K1				4.0
			RP11-643M14.1				2.0
			C2CD4A				2.0
			NPM1P47		1.0	1.0	2.0
			VPS13C		2.0	1.0	2.0
			C2CD4B				1.0
			DNM1P33				2.0
			RN7SL429P				2.0
			GOLGA6A				2.0
			CTD-2536I1.1		1.0	1.0	1.0
			LA16c-306A4.1				1.0
			RP11-161M6.5				1.0
			AC009041.1				1.0
			C1QTNF8		1.0	1.0	1.0
			LA16c-349E11.1				1.0
			SSTR5-AS1		1.0	1.0	1.0
			SSTR5				1.0
			LA16c-381G6.1				1.0
			LA16c-329F2.1				1.0
			MIR3177				1.0
			HN1L				1.0
			MAPK8IP3		1.0	1.0	1.0
			LA16c-361A3.3				1.0
			CRAMP1L				1.0
			LA16c-431H6.6				1.0
			NME3				1.0
			MRPS34				1.0
			EME2				1.0
			IGFALS		1.0	1.0	1.0
			HAGH				1.0
			FAHD1				1.0
			MEIOB				1.0
			SPSB3		1.0	1.0	1.0
			NUBP2		1.0	1.0	1.0
			LA16c-429E7.1				1.0
			AL499628.1				1.0
			XX-DJ76P10__A.2				1.0
			RN7SL367P				1.0
			MSRB1				1.0
			NDUFB10				1.0
			RPS2				1.0
			SNORA10				1.0
			HS3ST6		1.0	1.0	1.0
			SNORA64				1.0
			AC005363.9				1.0
			RNF151				1.0
			AC005606.1				1.0
			GFER				1.0
			AC005606.14				1.0
			SYNGR3				1.0
			SNHG9				1.0
			TBL3				1.0
			NOXO1				1.0
			RP11-19H6.1				1.0
			RP11-420N3.2		1.0	1.0	1.0
			MIR1538				4.0
			NFAT5		6.0	3.0	6.0
			RP11-960L18.1				2.0
			SMCR2				1.0
			RNU6-288P				2.0
			CTC-264K15.6		2.0	1.0	2.0
			RP11-214C8.2				2.0
			C17orf72				2.0
			ICAM2				2.0
			RP11-476K15.1		1.0	1.0	1.0
			CTD-2015H3.2				1.0
			RP11-176N18.2		1.0	1.0	1.0
			CTC-482H14.5				1.0
			PTPRS				1.0
			CTC-429L19.3				2.0
			KEAP1				2.0
			AC012314.19				5.0
			CTB-83J4.1				4.0
			AC010492.2				4.0
			LILRB3				5.0
			AC010150.2				1.0
			ASXL2		3.0	2.0	3.0
			CDKN2AIPNLP2				1.0
			SLC35F6				1.0
			CENPA		1.0	1.0	1.0
			CGREF1		1.0	1.0	6.0
			RN7SL690P				2.0
			INSM1		1.0	1.0	2.0
			RALGAPA2				2.0
			ZNF877P				2.0
			PLK1S1		2.0	1.0	2.0
			RP4-777D9.2				2.0
			RP5-984P4.1				1.0
			GSTM3P1				1.0
			NKX2-2				1.0
			NKX2-2-AS1				1.0
			RP5-984P4.4		1.0	1.0	1.0
			RP13-152O15.5				2.0
			RGS19		1.0	1.0	2.0
			C20orf201				2.0
			NPBWR2				2.0
			LINC00176				2.0
			OPRL1		1.0	1.0	2.0
			PRPF6				2.0
			RIMKLBP1				1.0
			AP000688.11				1.0
			RNU6-992P				1.0
			CBR1				1.0
			AP000688.15				1.0
			AP000688.29				1.0
			AP000688.1				1.0
			SETD4		1.0	1.0	1.0
			AP000688.14		1.0	1.0	1.0
			APOL5				1.0
			PRDX3P1				5.0
			AL021707.2				5.0
			AL021707.1				5.0
			RP3-508I15.18				5.0
			RP3-508I15.19				5.0
			RP3-508I15.20				5.0
			RP3-508I15.21				5.0
			RP3-508I15.22				5.0
			GTPBP1				6.0
			SUN2		1.0		5.0
			RP3-508I15.14				5.0
			RBX1		1.0	1.0	2.0
			XPNPEP3				3.0
			C3orf38		1.0	1.0	2.0
			PDLIM1P4		1.0	1.0	1.0
			RNU6-26P				1.0
			ST3GAL6		1.0	1.0	2.0
			DCBLD2				1.0
			ZNF90P1				1.0
			IMPG2				1.0
			SENP7		1.0	1.0	1.0
			RP11-144C15.1				1.0
			TRMT10C		1.0		2.0
			RP11-234A1.1				2.0
			RP11-454H13.1		1.0	1.0	2.0
			RNU6-1256P				1.0
			PCNP				2.0
			ZBTB11				1.0
			RNU6-789P				3.0
			RPL7L1P7				1.0
			BPESC1				1.0
			SORCS2		1.0	1.0	1.0
			RP11-539G18.1				2.0
			RP11-539G18.2				1.0
			SMIM14				1.0
			UBE2K		2.0	1.0	2.0
			PRDX4P1		1.0	1.0	1.0
			GABRA2		1.0	1.0	1.0
			RP11-436F23.1				1.0
			RP11-84C13.1				3.0
			TIGD2				3.0
			RP11-84C13.2				3.0
			RNU6-907P				3.0
			TBCAP3				2.0
			EIF4E		2.0	2.0	2.0
			AC004069.1				7.0
			SNORA31				8.0
			AC004069.2		1.0		7.0
			RP11-556I14.1		4.0	3.0	7.0
			AC008964.1				1.0
			RICTOR		1.0	1.0	1.0
			FYB		1.0		2.0
			SERBP1P6				1.0
			CTD-2265D6.2				1.0
			CTD-2325A15.2				2.0
			CTD-2201E18.4				2.0
			CTD-2201E18.2		1.0		2.0
			CTD-2201E18.1		1.0	1.0	2.0
			MIR582				2.0
			RP11-61G23.1		1.0	1.0	1.0
			AC010240.2				2.0
			ATP6V0E1P1				2.0
			CTC-350I8.1				2.0
			AC010240.3		2.0	2.0	2.0
			RP11-485M7.1				3.0
			ZCCHC10				3.0
			RNU6-456P		1.0	1.0	2.0
			AC005355.2				2.0
			RN7SL541P				2.0
			PHF15		4.0	2.0	4.0
			CTC-349C3.2				1.0
			WNT8A				2.0
			RNU6-460P				2.0
			RNU6-888P				1.0
			KIF20A				2.0
			NME5		1.0	1.0	2.0
			BRD8				1.0
			RP11-256P1.1				1.0
			REEP2				1.0
			FAM53C				1.0
			MIR218-2				2.0
			AL356776.1				1.0
			AL080276.1				1.0
			OPRM1		1.0	1.0	1.0
			SDIM1				1.0
			AL590482.1				1.0
			RP11-449P15.2				1.0
			GET4		1.0	1.0	1.0
			RP11-611L7.1				1.0
			AC073343.1				1.0
			AC073343.13		1.0	1.0	1.0
			ZNF12		1.0	1.0	1.0
			PMS2CL				1.0
			ZNF316				1.0
			EEF1A1P26				1.0
			AQP1		2.0	2.0	3.0
			AC096582.7				1.0
			RNU6-241P				1.0
			RP11-638I8.1		1.0	1.0	1.0
			CICP20				1.0
			AC096582.9				1.0
			RNU6-326P				1.0
			SEPT7P2				1.0
			AC096582.8				1.0
			AC096582.1				1.0
			IGFBP1				1.0
			AC073115.6				2.0
			RNU7-76P				2.0
			AC023669.1		1.0	1.0	1.0
			AC004869.3		1.0		2.0
			AC004869.2		3.0	2.0	2.0
			AC011294.3		3.0	3.0	3.0
			EPS15P1				1.0
			AC004901.1		1.0	1.0	1.0
			AC004870.4				1.0
			VPS37D		1.0	1.0	4.0
			DNAJC30				2.0
			MIR4284				3.0
			RN7SL265P				3.0
			LINC00035		1.0		3.0
			ABHD11		1.0	1.0	3.0
			WBSCR22				3.0
			STX1A		2.0	2.0	3.0
			AC022173.2				2.0
			CREB3L2		2.0	1.0	2.0
			RNA5SP276				1.0
			LINC00536		3.0	3.0	3.0
			RP11-629O1.2		1.0	1.0	1.0
			ST3GAL1				1.0
			MIR23B				2.0
			MIR27B				2.0
			MIR3074				2.0
			RP11-67K19.3				3.0
			RP11-264C15.2		3.0	1.0	3.0
			HNRNPA1P15				1.0
			MAPKAP1		2.0	1.0	2.0
			RP11-380J14.1				1.0
			MIR3972				1.0
			PADI3				1.0
			PADI1		1.0	1.0	1.0
			RP11-293K19.1				3.0
			RP11-231N3.1				1.0
			RNA5SP332				1.0
			RRAS2		2.0	1.0	2.0
			RP11-21L19.1				2.0
			RP11-140L24.3				1.0
			COPB1		1.0	1.0	1.0
			RNU7-49P				1.0
			PSMA1		1.0	1.0	1.0
			CALCP				1.0
			CYP2R1		1.0	1.0	1.0
			INSC		1.0	1.0	1.0
			AP002387.1		1.0	1.0	1.0
			DHCR7		1.0	1.0	1.0
			RP11-660L16.2		1.0	1.0	1.0
			NADSYN1		1.0	1.0	1.0
			RP11-684B2.3				1.0
			KRTAP5-7				1.0
			KRTAP5-8				1.0
			KRTAP5-9				1.0
			CCDC38				3.0
			HAL		2.0	1.0	2.0
			RP11-256L6.3				2.0
			LTA4H				2.0
			RP11-256L6.2				2.0
			AMDHD1				2.0
			RP11-545M17.2				1.0
			RP11-545M17.1				1.0
			RP11-545M17.3				1.0
			GEMIN2				1.0
			RPL7AP2				1.0
			RP11-407N17.4				1.0
			TRAPPC6B		1.0	1.0	1.0
			PNN				1.0
			CTD-3098H1.2		1.0	1.0	1.0
			AC124853.1				1.0
			TPRX1				1.0
			CRX				1.0
			BSPH1		1.0	1.0	1.0
			ELSPBP1				1.0
			KLK7				1.0
			KLK8				1.0
			KLK10		1.0	1.0	1.0
			CTC-518B2.12		1.0	1.0	1.0
			KLK12				1.0
			CTC-518B2.9				1.0
			CTC-518B2.10				1.0
			KLK6				1.0
			KLK11				1.0
			KLK13				1.0
			CTB-147C22.9				1.0
			KLK9				1.0
			RPL17P11				3.0
			AC114812.9				3.0
			UGT1A2P				3.0
			AC114812.10		1.0		3.0
			AC114812.5				3.0
			UGT1A8				3.0
			AC114812.8		1.0		3.0
			UGT1A5		3.0	1.0	3.0
			UGT1A4		2.0		3.0
			UGT1A3		1.0		3.0
			DNAJB3				3.0
			UGT1A1		3.0	1.0	3.0
			UGT1A9		3.0	1.0	3.0
			UGT1A7		3.0	1.0	3.0
			PFDN4				4.0
			RP13-644M16.5				2.0
			RP13-644M16.1				2.0
			RP13-644M16.3				1.0
			UGT2B7		2.0	1.0	2.0
			RNA5SP163				2.0
			RP11-545L5.1		1.0	1.0	1.0
			NPFFR2		1.0	1.0	1.0
			RP11-373J21.1				1.0
			RP11-40H19.1				2.0
			LRRC4C		2.0	1.0	2.0
			snoMe28S-Am2634				2.0
			AC011308.1				1.0
			ECEL1		1.0		4.0
			CHRND				4.0
			TIGD1				4.0
			MIR5001				4.0
			CHRNG				4.0
			EIF4E2				4.0
			RP11-465K16.1				2.0
			UBL7				4.0
			UBL7-AS1				4.0
			SEMA7A		2.0	1.0	2.0
			RNA5SP46				2.0
			TMEM125				2.0
			C1orf210				2.0
			EBNA1BP2		2.0	1.0	2.0
			WDR65		2.0	1.0	2.0
			RP4-706L14.2				2.0
			USP33		2.0	2.0	2.0
			RP11-386I14.4				2.0
			RP11-386I14.2				2.0
			FUBP1				2.0
			DNAJB4		2.0	2.0	2.0
			RNU6-1042P				4.0
			RP11-68I18.10				2.0
			TNFAIP8L2				3.0
			LYSMD1		2.0	1.0	3.0
			TMOD4				3.0
			GABPB2				4.0
			SCNM1		2.0	1.0	3.0
			VPS72				3.0
			RP11-46A10.2				2.0
			RP11-46A10.4				2.0
			RP11-46A10.6				2.0
			RP11-46A10.8				2.0
			KIAA1614		2.0	1.0	2.0
			RP11-46A10.5				2.0
			AL162431.1				2.0
			STX6				2.0
			XPR1				2.0
			FCF1P7				2.0
			MIR4677				2.0
			LINC00200				2.0
			ADARB2				2.0
			A1CF		3.0	3.0	3.0
			ATOH7				2.0
			RNU6-1231P				3.0
			AC068896.1				2.0
			METTL10		2.0	1.0	2.0
			FAM175B				2.0
			RP11-12J10.3		4.0	2.0	4.0
			UBQLN3				2.0
			AC087380.14				2.0
			OR52V1P				2.0
			OR52H1				2.0
			OR52H2P				2.0
			OR52B5P				2.0
			OR52T1P				2.0
			HNRNPA1P53				2.0
			OR52B6				2.0
			UBQLNL				2.0
			TRIM6				2.0
			HBG2		3.0	1.0	6.0
			HBE1		1.0		3.0
			AC104389.28				3.0
			AC015691.13				5.0
			TRIM6-TRIM34				5.0
			COX6CP5				2.0
			RP11-236J17.3				2.0
			RP11-236J17.5				2.0
			RP11-236J17.6				2.0
			EIF3F				2.0
			RP5-1024C24.1		2.0	3.0	2.0
			RP11-283I3.1				2.0
			RP11-283I3.2				2.0
			RP11-283I3.4		1.0		2.0
			RP11-283I3.6				2.0
			SLC6A12				2.0
			SLC6A13		2.0	1.0	2.0
			KDM5A				2.0
			RERG-AS1		1.0		2.0
			RP11-123K3.4				3.0
			NUDT15				2.0
			MED4-AS1				2.0
			SUCLA2				2.0
			MED4		2.0	2.0	2.0
			RP11-62C7.2				3.0
			RP11-624L4.1		3.0	2.0	3.0
			ISCA1P4				2.0
			CHAC1		2.0	1.0	2.0
			RP11-540O11.6		1.0		2.0
			DLL4				2.0
			EXD1		2.0	1.0	2.0
			RN7SL497P				2.0
			RNU6-1169P				2.0
			RTF1		2.0	1.0	2.0
			RPAP1		1.0		3.0
			DUOXA2				2.0
			DUOXA1		2.0	1.0	2.0
			DUOX1				2.0
			CTD-2651B20.1				2.0
			SHF				2.0
			RP11-519G16.2				2.0
			CTD-2651B20.7				2.0
			CTD-2651B20.6				2.0
			SNORA11				2.0
			CTD-2651B20.2		2.0	1.0	2.0
			CTD-2651B20.3		2.0	1.0	2.0
			SLC28A2				2.0
			CTD-2651B20.5		2.0	1.0	2.0
			CTD-2651B20.4		2.0	1.0	2.0
			RNU6-953P				2.0
			GATM				2.0
			MIR147B				2.0
			RNU7-5P				2.0
			SPATA5L1		2.0	1.0	2.0
			RP11-519G16.5				2.0
			RP11-519G16.3		1.0		2.0
			SLC30A4		1.0		2.0
			BLOC1S6				2.0
			RP11-96O20.4		2.0	1.0	2.0
			SQRDL		2.0	1.0	2.0
			RP11-718O11.1				2.0
			RNU6-449P				2.0
			WDR72		3.0	3.0	2.0
			RN7SL327P				3.0
			DNM1P34		1.0	1.0	3.0
			ANP32BP1				3.0
			MIR631				3.0
			RP11-817O13.6				3.0
			MAN2C1				3.0
			RPL13P4				2.0
			GOLGA6D				3.0
			NEIL1				4.0
			RP11-817O13.8				3.0
			COMMD4		2.0	1.0	4.0
			CTD-2026K11.3				4.0
			CTD-2026K11.2		1.0	1.0	4.0
			IMP3				4.0
			PTPN9		1.0		4.0
			CTD-2323K18.1		3.0	2.0	4.0
			SNUPN		1.0		4.0
			RP11-24M17.4		1.0		2.0
			MIR4313				2.0
			FBXO22				2.0
			RP11-326L17.1				2.0
			MIR549				2.0
			RP11-351M8.2				2.0
			RP11-351M8.1				2.0
			KIAA1199		2.0	2.0	2.0
			CTD-2194A8.2				2.0
			ACSM2A				2.0
			DNAH3		2.0	1.0	2.0
			RN7SKP142		1.0		2.0
			RP11-7O14.1		4.0	4.0	4.0
			RP11-295M3.2				4.0
			CHD9		4.0	3.0	4.0
			RNU6-1262P				2.0
			RP11-96D1.3				2.0
			SLC7A6		2.0	1.0	2.0
			SLC7A6OS				2.0
			PRMT7		1.0		2.0
			RPL17P43				2.0
			SNORA59B				2.0
			CTB-187M2.3				2.0
			SLC47A1		2.0	1.0	2.0
			RP11-1113L8.1		1.0	1.0	2.0
			RP11-1113L8.2				1.0
			RP11-1113L8.6				1.0
			RP11-1113L8.7				1.0
			MTND1P14				1.0
			TRNAQ41P				1.0
			MTND2P12				1.0
			AC025627.4				1.0
			AC025627.7				2.0
			CTD-2104P17.1				1.0
			RP5-906A24.2				2.0
			RPL19		1.0	1.0	2.0
			ARL5C				2.0
			CACNB1				2.0
			STAC2		1.0		2.0
			RN7SL448P		1.0		5.0
			TBX4		1.0		2.0
			RP11-15K2.2				2.0
			snR65				2.0
			RP11-286N3.2				2.0
			RP11-552O4.1				2.0
			RP11-552O4.2				2.0
			AQP4				2.0
			RP11-1096D5.2				2.0
			RP11-879F14.1		2.0	1.0	2.0
			RGS9BP				2.0
			CTD-2538C1.2				2.0
			NUDT19				2.0
			CTD-2538C1.3		2.0	2.0	2.0
			CTC-379B2.4				2.0
			CTD-2293H3.2				2.0
			ZNF568		2.0		2.0
			CTD-3220F14.1				1.0
			CTD-3220F14.2				2.0
			HKR1		2.0	2.0	2.0
			AC012309.5				2.0
			CTD-3064H18.4				2.0
			ZNF571-AS1		2.0	1.0	2.0
			ZNF540		2.0	1.0	2.0
			ZNF571		2.0	1.0	2.0
			ZNF793		1.0	1.0	2.0
			CTD-2554C21.2				2.0
			AC016582.2		2.0	1.0	2.0
			CTD-2554C21.3				2.0
			ZNF573				2.0
			CTD-2554C21.1				2.0
			DDX1		2.0	2.0	2.0
			AC008278.3		1.0		2.0
			AC008271.1		1.0		3.0
			TPM3P7				2.0
			PTGES3P2				2.0
			AC010150.1				2.0
			CCDC121				3.0
			SNORA36				3.0
			SUPT7L				5.0
			C2orf73		4.0	4.0	5.0
			EGR4				2.0
			RNU6-111P		2.0	1.0	2.0
			AC074008.1		1.0	1.0	2.0
			FBXO41				2.0
			NAT8				2.0
			ALMS1P				2.0
			ALMS1		2.0	2.0	2.0
			AC073257.2		3.0	4.0	3.0
			AC073257.1				3.0
			AC009480.4		2.0	1.0	2.0
			MBD5		2.0	1.0	2.0
			RIF1				2.0
			UBE2V1P6				4.0
			LRP2		2.0	2.0	3.0
			AC016751.2				2.0
			AC016751.3				2.0
			KIAA1715		2.0	2.0	2.0
			AC009336.24				2.0
			HOXD1				2.0
			AC016739.2				2.0
			AC068706.2				2.0
			AC068706.1		2.0	1.0	2.0
			MIR3128				2.0
			AC079305.10				2.0
			RP11-337N6.2				2.0
			RP11-337N6.1				2.0
			HNRNPA3				2.0
			DNAJC19P5				2.0
			AC074286.1				2.0
			NFE2L2		2.0	1.0	2.0
			DYNLRB1				2.0
			MAP1LC3A		2.0	1.0	3.0
			RP6-11O7.2				2.0
			RP5-1042K10.12				2.0
			RP4-591N18.2				2.0
			MKL1		2.0	1.0	2.0
			RP11-343B5.1				2.0
			RP11-795A2.2				2.0
			PSMD10P2				2.0
			RP11-795A2.3				2.0
			RP11-573D15.8		2.0	2.0	2.0
			HRG				3.0
			RNU7-151P				2.0
			UBE2D3		2.0	2.0	2.0
			RP11-10L12.4		1.0	1.0	2.0
			CISD2				2.0
			SLC9B2		2.0	1.0	2.0
			BDH2		1.0	1.0	2.0
			CENPE				2.0
			C9		5.0	4.0	5.0
			DAB2		5.0	4.0	5.0
			CTC-537E7.3		2.0	2.0	2.0
			RPS2P28				2.0
			RP11-213N20.1				2.0
			ZNF318		2.0	2.0	2.0
			RP3-335N17.2		1.0		2.0
			SNORA14A				4.0
			TMEM120A				3.0
			STYXL1				3.0
			RSBN1L-AS1				2.0
			PTPN12		2.0	2.0	2.0
			PHTF2		3.0	3.0	3.0
			RNA5SP245				4.0
			RP11-306G20.1		4.0	2.0	4.0
			KLHDC10				3.0
			AC104133.1		2.0	2.0	2.0
			SHH		2.0	2.0	2.0
			RBM33				2.0
			AC005534.6				2.0
			C7orf13				2.0
			AC005534.8				1.0
			RNF32				2.0
			RNU6-729P				7.0
			RP11-981G7.2				8.0
			FAM167A		4.0	2.0	11.0
			C8orf12		7.0	4.0	12.0
			C8orf49				7.0
			GATA4		6.0	3.0	7.0
			RP11-481A20.8				3.0
			OR7E160P				3.0
			RP11-1236K1.11				3.0
			DEFB130				2.0
			AC012119.1				2.0
			RP11-175E9.2				2.0
			RP11-175E9.1		2.0	2.0	2.0
			RP11-213G6.2				2.0
			NRG1-IT3				1.0
			RP11-274B18.2				2.0
			RP11-274B18.3				2.0
			TMEM252				2.0
			RP11-274B18.4		2.0	2.0	2.0
			FAM122A				2.0
			RP11-203L2.3				2.0
			RP11-203L2.4				3.0
			PIP5K1B		3.0	3.0	3.0
			MRPS6P2				1.0
			RNA5SP355				1.0
			MIR3613				1.0
			TRIP11		1.0		1.0
			FBLN5				1.0
			AC091133.1				1.0
			LIMD2				1.0
			STRADA		1.0		1.0
			RP11-51F16.8		1.0		1.0
			RP11-110H1.1		1.0	2.0	2.0
			C18orf32				2.0
			RPL17-C18orf32				2.0
			RP11-110H1.4				2.0
			MIR1539				2.0
			RPL17				2.0
			SNORD58C				2.0
			SNORD58A				2.0
			SNORD58B				2.0
			RP11-110H1.8		1.0	2.0	2.0
			SRP72P1				2.0
			AC092316.2				3.0
			AC092316.1				3.0
			RP11-548H3.1				1.0
			BCS1L				2.0
			ZNF142				2.0
			RNF25				2.0
			CDK5RAP1		2.0	1.0	4.0
			RP1-63M2.6				1.0
			CTD-3216D2.5				3.0
			AHCY		1.0		3.0
			RP3-329A5.8		2.0	1.0	5.0
			LINC00577		4.0		4.0
			CDC14B		1.0		2.0
			NANOGP6				2.0
			ABCC2		2.0	2.0	2.0
			PHLDA2				1.0
			SNORA54				2.0
			SLC22A18AS				1.0
			SLC22A18		1.0		1.0
			NAP1L4		1.0	1.0	2.0
			RP11-424C20.2				1.0
			RP11-80N2.2				2.0
			SLCO1B3		2.0	2.0	2.0
			LST3		2.0	2.0	2.0
			SLCO1B7		2.0	2.0	2.0
			IAPP		1.0		1.0
			TCEB1P31				1.0
			PYROXD1				1.0
			RECQL				1.0
			C12orf39		1.0		1.0
			GYS2		1.0		1.0
			AC002306.1				4.0
			AC064852.4				2.0
			RNU6-107P				3.0
			KCNJ13				3.0
			AC106876.2		1.0		2.0
			NEU2				2.0
			NGEF		2.0		2.0
			INPP5D		2.0	1.0	2.0
			RN7SL32P				2.0
			ATG16L1		2.0	1.0	3.0
			SCARNA5				2.0
			SCARNA6				2.0
			SAG		2.0	1.0	4.0
			RP11-400N9.1				4.0
			AC019221.4		4.0	2.0	4.0
			UGT1A12P		1.0		1.0
			UGT1A11P		1.0		1.0
			RP11-289A15.1				1.0
			UGT1A13P				1.0
			MROH2A		1.0		1.0
			HJURP		1.0		1.0
			MSL3P1				1.0
			AC005538.5				1.0
			TRPM8		1.0		1.0
			SPP2		1.0		1.0
			AC006037.2		1.0		1.0
			RP11-84D1.1				3.0
			RP11-84D1.2		1.0	2.0	3.0
			NDUFA5P10				3.0
			RP4-735C1.6		3.0	1.0	3.0
			RP11-54A4.2		1.0		6.0
			AL356356.1				5.0
			MIR4257				5.0
			ADAMTSL4-AS1				6.0
			RN7SL473P		1.0	1.0	6.0
			RN7SL600P		2.0	2.0	6.0
			MCL1				7.0
			RNU7-57P				2.0
			ATP8B2		1.0	1.0	3.0
			MPZ				1.0
			C1orf192				1.0
			RP11-122G18.5				1.0
			RP11-122G18.8				1.0
			RRM2P2				1.0
			PCP4L1				2.0
			SDHC		1.0	2.0	1.0
			RNU6-481P		1.0	2.0	1.0
			RP11-122G18.7		1.0	2.0	1.0
			RPS23P9				5.0
			FCGR3B		3.0	2.0	5.0
			RP11-25K21.1				5.0
			RPL31P11		1.0	2.0	4.0
			FCRLA		2.0	1.0	3.0
			FCRLB				3.0
			RN7SL466P		3.0	3.0	3.0
			DUSP12		1.0	2.0	3.0
			RP11-474I16.8				3.0
			RP11-456P18.2				1.0
			MIR511-1				2.0
			MRC1L1		2.0	2.0	2.0
			TMEM236		1.0		2.0
			MIR4491		1.0		2.0
			RNU2-60P				2.0
			RPS25				2.0
			TRAPPC4				2.0
			MIR3656				2.0
			SLC37A4				2.0
			RP11-110I1.6		1.0	1.0	2.0
			CCDC84				2.0
			RN7SL546P		1.0	1.0	3.0
			RP11-661D19.1				4.0
			RP11-661D19.3		2.0	2.0	2.0
			RP11-521B24.5				2.0
			CRIP2				2.0
			CRIP1		1.0		2.0
			C14orf80		1.0	1.0	2.0
			TMEM121				2.0
			ATP5G1P1				2.0
			ELK2BP		1.0	2.0	1.0
			MTA1		1.0		2.0
			ACTBP7				2.0
			CTD-2501E16.1				4.0
			CTD-2501E16.2				6.0
			RP11-219B17.1		6.0	5.0	6.0
			MIR629				3.0
			TLE3		3.0	2.0	3.0
			MIR1827				1.0
			TBC1D2B		1.0	2.0	1.0
			CIB2				1.0
			SH2D7		1.0	1.0	1.0
			DPH1				4.0
			OVCA2				4.0
			RP11-667K14.4				4.0
			RP11-667K14.3				4.0
			MIR132				4.0
			MIR212				4.0
			HIC1		2.0	1.0	4.0
			RP11-667K14.8				5.0
			RP11-667K14.5		1.0	1.0	7.0
			RP1-48J14.1				1.0
			TBC1D27		1.0	2.0	1.0
			AC104024.1		1.0	2.0	2.0
			AC104024.2		1.0	2.0	2.0
			RP11-416I2.1		2.0	2.0	2.0
			KANSL1-AS1				5.0
			DHX40		1.0		3.0
			NDUFB8P2				3.0
			RP5-1073F15.1				3.0
			RP11-178C3.1		1.0		2.0
			RNFT1				2.0
			RP11-353N14.4				1.0
			AC100791.1				1.0
			RP11-353N14.5				1.0
			TBC1D16		1.0	2.0	1.0
			RP11-299P2.1				2.0
			AC011450.1				1.0
			SUMO1P4				1.0
			MIR4324				1.0
			AC010524.4				1.0
			CTC-301O7.4				1.0
			CD37				1.0
			TEAD2				1.0
			PTH2				1.0
			CTD-3148I10.1				1.0
			CCDC155				1.0
			PIH1D1		1.0	1.0	1.0
			SLC17A7				1.0
			PRMT1				1.0
			MIR5088				1.0
			ADM5				1.0
			CTB-33G10.6				1.0
			CTB-33G10.1		1.0	1.0	1.0
			TSKS				1.0
			CPT1C		1.0	2.0	1.0
			RNU6-841P				1.0
			PTOV1				1.0
			AC018766.6				1.0
			MIR4749				1.0
			AC018766.5				1.0
			AC018766.4				1.0
			PNKP				1.0
			MIR4750				1.0
			ATF5				1.0
			MIR4751				1.0
			PTOV1-AS1				1.0
			AKT1S1				1.0
			TBC1D17				1.0
			CTC-326K19.6				1.0
			SIGLEC11				1.0
			RASGRP3		1.0	2.0	1.0
			TCF7L1-IT1				1.0
			RNU6-674P				1.0
			AC093162.3				1.0
			AC104782.3		3.0	2.0	3.0
			AC092570.2		1.0	1.0	1.0
			AC092570.3				1.0
			RFX8		1.0	1.0	1.0
			RPP14		1.0		2.0
			RP11-80H18.4				2.0
			PXK		3.0	3.0	4.0
			PDHB		1.0		3.0
			RP11-802O23.3				3.0
			RP11-6F2.5				5.0
			LINC00880		5.0	5.0	5.0
			LINC00881				5.0
			LEKR1		2.0	2.0	7.0
			RBPJ		1.0	2.0	1.0
			AF213884.3				1.0
			MND1				1.0
			KIAA0922		2.0	2.0	2.0
			RNU6-299P				2.0
			RPL17P22				2.0
			RNA5SP184				2.0
			RP11-365H8.2				1.0
			FABP5P5				1.0
			AC008592.7				1.0
			RP3-416J7.5		4.0	4.0	4.0
			RP3-416J7.4				4.0
			RP3-453I5.2				1.0
			MAP3K5		1.0	2.0	1.0
			AC020743.4		4.0	4.0	4.0
			RP11-1149M10.2				1.0
			MIR4673				4.0
			NOTCH1		1.0	1.0	5.0
			RP11-345P4.9				1.0
			MMP23B				1.0
			RP11-345P4.10		1.0		1.0
			RP11-345P4.7				1.0
			MMP23A				1.0
			MIB2				1.0
			SLC35E2B				1.0
			RP11-345P4.6				1.0
			CDK11A				1.0
			RP1-283E3.8				1.0
			CDK11B				1.0
			RN7SL180P				3.0
			MIR3116-1				3.0
			INADL		3.0		3.0
			RP4-736I12.1				1.0
			UBE2WP1		1.0		1.0
			EEF1A1P11		1.0		1.0
			RP5-898J17.1				1.0
			RP11-750H9.7				5.0
			PTPMT1				3.0
			RNU5E-10P				3.0
			KBTBD4				3.0
			FAM180B				4.0
			NDUFS3		1.0		5.0
			C1QTNF4				4.0
			RN7SL652P				3.0
			RP11-692M12.5				2.0
			RNA5SP340				3.0
			RP11-692M12.4				5.0
			NUP160		3.0	1.0	6.0
			DUSP6		1.0		1.0
			RP11-1109F11.3				1.0
			RP11-1109F11.5		1.0		1.0
			POC1B				1.0
			C15orf61		1.0		2.0
			RP11-502I4.3				2.0
			IQCH-AS1		2.0		3.0
			RP11-311C24.1				3.0
			CTD-2033A16.1				3.0
			NQO1				3.0
			CTD-2033A16.3		2.0		3.0
			MIR1203				2.0
			RNU6-1152P				2.0
			RP11-456D7.1		2.0		2.0
			MPV17L2				3.0
			RAB3A				3.0
			AC068499.10		2.0	1.0	3.0
			RP11-443B20.1				3.0
			CENPO		2.0		3.0
			SUCLA2P3				1.0
			TRIP12		1.0		1.0
			RP11-775H9.1				2.0
			RP11-775H9.2		2.0		2.0
			RP3-329A5.1				3.0
			AC006014.1				2.0
			NSUN5P1				2.0
			STAG3L1				2.0
			AC006014.8				2.0
			RN7SL98P				1.0
			FTH1P12				2.0
			RNU6-246P				2.0
			HMGN2P16				2.0
			CCDC171		3.0		3.0
			RP11-864J10.2		1.0		1.0
			PRDM4				1.0
			RP11-864J10.4				1.0
			RP11-78I14.1				3.0
			AC007401.1				2.0
			AC007401.2		1.0		3.0
			RP11-427H3.3				1.0
			NFU1		1.0		1.0
			DNER				1.0
			RP11-23D24.2		1.0		1.0
			RP11-217E22.5		1.0		1.0
			MIR2113				1.0
			KCNB2		2.0		2.0
			RP4-562D20.2		1.0		2.0
			FSHB		1.0		2.0
			C16orf13				2.0
			AL022341.1				2.0
			FAM195A				2.0
			AL022341.3				2.0
			LA16c-349E10.1				2.0
			RHBDL1				2.0
			LA16c-313D11.9				2.0
			STUB1				2.0
			WDR90				2.0
			RHOT2		1.0		2.0
			SNAI3		1.0		3.0
			RP1-120G22.11				1.0
			LINC00337				1.0
			HES3				1.0
			CHD5				1.0
			RNF207		1.0		1.0
			GPR153				1.0
			ACOT7				1.0
			ICMT				1.0
			MIR5584				1.0
			RNF220		1.0		1.0
			SGIP1		1.0		1.0
			RNA5SP52		2.0		1.0
			C1orf132		2.0		2.0
			CD34		1.0		1.0
			ESRRG		1.0		1.0
			RP11-809M12.1				1.0
			TMEM26		2.0	1.0	1.0
			AC068858.1				1.0
			TSPAN18				1.0
			TP53I11		1.0		1.0
			RP11-740D6.3				1.0
			C11orf45				1.0
			TP53AIP1				1.0
			CACNA1C-IT1				1.0
			CACNA1C-IT2				1.0
			KNOP1P1		1.0		1.0
			RP11-615I16.1				1.0
			LINC00477				1.0
			RP11-444D3.1		1.0	1.0	2.0
			RP11-438D14.2				1.0
			AC023158.1				1.0
			SYT10		1.0		1.0
			RNU6-472P		2.0	1.0	2.0
			RP13-7D7.1		1.0		1.0
			SNORD83		1.0		3.0
			MIR548C				3.0
			RP11-338E21.2				3.0
			RP11-338E21.1		1.0	1.0	3.0
			RASSF3		2.0	1.0	3.0
			RP11-998D10.1				3.0
			RNASE13				3.0
			RNASE8				3.0
			RP11-998D10.7				3.0
			TMEM253				3.0
			RP11-998D10.5				3.0
			RNU6-252P				3.0
			RNASE7				3.0
			ARHGEF40		3.0		3.0
			ZNF219		1.0		3.0
			RP11-998D10.4				3.0
			NDRG2				3.0
			TPPP2				3.0
			AL161668.5				3.0
			CMTM5				3.0
			MIR208A				3.0
			CTD-2201G16.1				3.0
			MIR208B				3.0
			THTPA				1.0
			NGDN		1.0		2.0
			ZFHX2				1.0
			RP11-66N24.4				1.0
			RNU3P3		1.0		1.0
			RP11-789A21.1				1.0
			CTD-2128A3.3				1.0
			CTD-2128A3.2		1.0		1.0
			LINC00911				1.0
			RN7SL506P				1.0
			ADPGK				2.0
			ADPGK-AS1		2.0		2.0
			RP11-272D12.1				1.0
			FOPNL				1.0
			RP11-256I9.2				1.0
			RP11-256I9.3		1.0		1.0
			LINC00922				1.0
			CDH2		1.0		1.0
			CTD-2540F13.2				3.0
			LGALS7				2.0
			LGALS7B				2.0
			RNU6-140P				1.0
			CAPN12		2.0		3.0
			ACTN4		1.0	1.0	3.0
			MIR641				1.0
			CNTD2				1.0
			CTC-425O23.2		1.0		1.0
			C19orf47				1.0
			GSTM3P2				1.0
			TANC1		1.0		1.0
			RP11-65L3.4				2.0
			RP11-65L3.2				2.0
			RP11-171I2.5				2.0
			RP11-171I2.2				2.0
			PLEKHA3				1.0
			TTN-AS1		2.0		2.0
			RP11-88L24.4				1.0
			RNU7-104P				1.0
			SESTD1		1.0		1.0
			AC053503.6				2.0
			AC053503.4				2.0
			MIR4777				1.0
			B3GNT7		1.0		2.0
			ZBTB8OSP2		1.0		2.0
			AC017104.4				2.0
			ARMC9				1.0
			AC017104.6				2.0
			TGM2				1.0
			BPI				2.0
			CTD-2308N23.2				1.0
			MN1		2.0		2.0
			ARIH2OS				3.0
			RP11-145M9.5				1.0
			RP11-145M9.2		1.0		1.0
			MTHFD2P7				1.0
			RP11-381K20.5		1.0		1.0
			HNRNPA0				1.0
			RP11-381K20.4				1.0
			KLHL3				1.0
			RP11-325L7.1				1.0
			RP11-325L7.2				1.0
			RNU6-1148P		1.0		1.0
			RP11-166J22.1				1.0
			RN7SL682P				1.0
			CDC23				1.0
			GFRA3		1.0		1.0
			CTC-209H22.3				1.0
			BNIP1		1.0		1.0
			CREBRF				1.0
			HNRNPLP1				1.0
			RP11-288G3.3				1.0
			RP11-288G3.4		1.0		1.0
			RP3-512B11.3				1.0
			DSP				1.0
			PPIL1		1.0		1.0
			SLC35F1		2.0		2.0
			PLN				1.0
			SSXP10				1.0
			TBC1D32		1.0		1.0
			RNU6-1286P				1.0
			RP1-276J11.2				1.0
			RP1-276J11.3		1.0		1.0
			RNU2-8P		1.0		1.0
			RP11-129H15.1				1.0
			SLC25A5P7				1.0
			HMGB3P18		2.0		1.0
			RNU1-18P		1.0		1.0
			PKIB		2.0		2.0
			RP4-662A9.2				1.0
			RP3-323P13.2				2.0
			AC002076.10				1.0
			TFPI2				1.0
			GNG11				1.0
			GNGT1		1.0		2.0
			AC009362.2				2.0
			MKLN1-AS2		1.0		2.0
			MIR490				1.0
			KRT8P51				1.0
			hsa-mir-490		1.0		1.0
			CHRM2		1.0		1.0
			RP11-184B22.2		1.0		1.0
			RP11-205K6.1				2.0
			RP11-205K6.2				2.0
			AL356309.1		1.0	1.0	2.0
			RP11-123K19.1		1.0		2.0
			RXRG		1.0		1.0
			RP11-280O1.2				1.0
			RNU6-271P		1.0		3.0
			ZNF518A		1.0		2.0
			MIR3920				1.0
			RP11-748H22.1				1.0
			TRPC6		1.0		1.0
			RNU4-23P				1.0
			ATP5F1P5		1.0		1.0
			BSX				1.0
			C11orf63				1.0
			MIR4508		1.0		1.0
			RP11-73C9.1				1.0
			MKRN3				1.0
			NARG2				3.0
			MRPL46				1.0
			AC013489.1				1.0
			RP11-97O12.7		1.0		1.0
			MRPS11				1.0
			RP11-97O12.6				1.0
			DET1				1.0
			AC040173.1				3.0
			MIR193B				3.0
			MIR365A				3.0
			MKL2				3.0
			RP11-65J21.3		3.0		3.0
			SNORA62				3.0
			RPL7P48		1.0		1.0
			RNU6-1131P				2.0
			SKOR2		2.0		2.0
			CTD-2130O13.1				2.0
			RP11-482H16.1		1.0		2.0
			CCDC85A		1.0		1.0
			GPR45				1.0
			RP11-332H14.1				1.0
			AC012360.1		1.0		1.0
			AC012360.2				1.0
			TGFBRAP1				1.0
			AC018717.1		2.0		2.0
			RNU7-147P				1.0
			RP11-384F7.2		1.0		1.0
			SAR1B				2.0
			RNU6-897P				1.0
			RP11-809N15.2				2.0
			HACE1		1.0		2.0
			RP11-809N15.3		1.0		2.0
			KDM4C		1.0		1.0
			RP11-158D2.1				1.0
			RP11-6F6.1		2.0		1.0
			RP11-16L21.7				2.0
			PTGR1		2.0	1.0	2.0
			LRRC37A5P				2.0
			ZNF483		2.0	1.0	2.0
			AL138935.1				2.0
			RP11-335E6.3				2.0
			LINC00466		2.0	1.0	2.0
			RP5-1028L10.1				1.0
			RP5-1028L10.2				1.0
			KCNC4-AS1				1.0
			SLC6A17		1.0	1.0	1.0
			KCNC4				1.0
			RP11-355F22.1		2.0	1.0	2.0
			RN7SL188P				1.0
			RP11-757G1.6				1.0
			MIR3164				4.0
			RP11-554A11.7		3.0	1.0	4.0
			RP11-554A11.8		1.0	1.0	3.0
			RP11-554A11.9				3.0
			IFITM9P				1.0
			GAPDHP70		1.0	1.0	1.0
			GRM5-AS1		1.0	1.0	1.0
			GRM5		2.0	1.0	2.0
			AP001482.1		1.0	1.0	1.0
			CBX3P7				3.0
			RP11-745I13.1				2.0
			RP11-643G5.6		1.0	1.0	1.0
			FOLH1B				1.0
			TRIM77				1.0
			RP11-313I2.13		1.0		1.0
			RP11-313I2.5				1.0
			UBTFL2				1.0
			RP11-313I2.11		1.0	1.0	1.0
			RP11-313I2.6				1.0
			RP11-313I2.10				1.0
			TRIM64DP				1.0
			RP11-358N4.3				1.0
			RP11-358N4.5				1.0
			TRIM49		1.0	1.0	1.0
			TRIM53BP				1.0
			RP11-358N4.6				1.0
			TRIM64EP				1.0
			RP11-529A4.10				1.0
			RP11-716D19.1				1.0
			UBTFL1				1.0
			AP000648.6				1.0
			TRIM49C		1.0		1.0
			NAALAD2				1.0
			RP11-121L10.3				1.0
			CHORDC1				1.0
			DISC1FP1		1.0	1.0	1.0
			AP002364.1				1.0
			RNA5SP364				1.0
			RP11-474L23.3				1.0
			C12orf29				1.0
			CEP290		1.0	1.0	1.0
			DCT		2.0	2.0	2.0
			RP11-472N19.3				1.0
			RNU6-366P				1.0
			SLC24A4		2.0	1.0	2.0
			RP11-30G8.1		1.0	1.0	1.0
			RP11-30G8.2		1.0	1.0	1.0
			AC090696.2				1.0
			RPL5P32				1.0
			RPL41P2				1.0
			RP11-578F21.3				1.0
			RP11-536P16.2				1.0
			RP11-483E23.2				1.0
			RP11-578F21.9		1.0	1.0	1.0
			RP11-578F21.10				1.0
			AC055876.1				1.0
			WHAMMP2				1.0
			GOLGA8M				1.0
			RP11-578F21.6				1.0
			RP11-578F21.12		1.0	1.0	1.0
			RP11-578F21.13				1.0
			GOLGA6L7P				1.0
			WI2-2334D6.1				1.0
			APBA2		1.0	1.0	1.0
			MIR211				1.0
			MYEF2		1.0	1.0	1.0
			AC066612.1				1.0
			RP11-605F22.2		1.0	1.0	1.0
			RP11-605F22.1		1.0	1.0	1.0
			SLC12A1		1.0	1.0	1.0
			ZNF469		2.0		4.0
			ZC3H18		1.0	1.0	1.0
			IL17C				2.0
			MVD		1.0	1.0	2.0
			RP11-830F9.7				5.0
			RP11-830F9.6		2.0	1.0	5.0
			CTD-2555A7.1		1.0	1.0	5.0
			RP11-46C24.3				1.0
			LINC00304		1.0		1.0
			SLC22A31				2.0
			RP11-46C24.7				2.0
			RP11-46C24.6		1.0		3.0
			AC137932.1		1.0		4.0
			ZNF778		1.0	1.0	3.0
			RP11-46C24.5		2.0	1.0	4.0
			CDH15		1.0		1.0
			AC137932.5		2.0	1.0	5.0
			AC137932.6		2.0	1.0	5.0
			RP1-168P16.2		1.0		2.0
			RP1-168P16.1				2.0
			RP11-356C4.3				3.0
			TUBB8P7		3.0	2.0	3.0
			FAM157C		3.0	2.0	3.0
			RP11-356C4.5				3.0
			RNU6-355P				3.0
			LRRC46				2.0
			SCRN2				2.0
			RP11-6N17.4				1.0
			MRPL10				2.0
			SP6		1.0	1.0	1.0
			RP11-6N17.1				1.0
			RP11-6N17.2				1.0
			RMDN2-AS1		1.0	1.0	1.0
			CYP1B1-AS1		1.0	1.0	1.0
			AC009229.6				1.0
			AC011233.2		1.0	1.0	1.0
			AL035252.1		1.0	1.0	3.0
			ENTPD6		3.0	3.0	3.0
			PYGB				4.0
			NANP				3.0
			RN7SL594P				2.0
			RNU6ATAC17P		3.0	1.0	3.0
			RP4-694B14.5				4.0
			NINL				4.0
			NCOR1P1		1.0	1.0	2.0
			RP13-329D4.3		2.0	2.0	2.0
			RP3-410C9.2				1.0
			MIR663A		1.0	1.0	3.0
			ID1				3.0
			MIR3193				2.0
			TM9SF4		1.0	1.0	3.0
			RP5-1184F4.5		1.0	1.0	2.0
			ASXL1		2.0	1.0	3.0
			RP5-1085F17.3				1.0
			MAPRE1				3.0
			RP5-1085F17.4				1.0
			EFCAB8		1.0	1.0	1.0
			BPIFB2		2.0	1.0	2.0
			HDHD1P3		1.0	1.0	2.0
			AL121756.1				2.0
			BPIFB6				2.0
			BPIFB3				2.0
			BPIFB4		1.0	1.0	1.0
			RP11-49G10.3				2.0
			BPIFA3				2.0
			AL121901.1				2.0
			BPIFA1		2.0	1.0	2.0
			RPL12P3				2.0
			BPIFA4P				2.0
			BPIFB1		1.0	1.0	2.0
			BPIFB9P				2.0
			BPIFB5P				2.0
			CHMP4B		1.0	1.0	3.0
			TPM3P2		3.0	1.0	3.0
			PIGPP3		2.0	1.0	4.0
			RP5-1125A11.1				4.0
			RP5-1125A11.4				3.0
			XPOTP1				2.0
			RP4-785G19.5		2.0	1.0	3.0
			RP4-785G19.2				2.0
			ITCH-IT1		1.0		2.0
			MIR644A				2.0
			FDX1P1				2.0
			RNU6-407P				4.0
			AL132768.1				2.0
			NDRG3		3.0	1.0	3.0
			DSN1				2.0
			RPS27AP3				2.0
			MANBAL				2.0
			SRC		1.0	1.0	1.0
			AP001046.5				1.0
			AP001046.6		1.0	1.0	1.0
			LINC00322				1.0
			SIK1				1.0
			CTA-268H5.12				2.0
			MIR1249				3.0
			CTA-268H5.14				3.0
			CTA-268H5.9				3.0
			NUP50				3.0
			KIAA0930		3.0	1.0	3.0
			PA2G4P4				2.0
			LINC00886		1.0	1.0	2.0
			RNU6-923P				2.0
			RXFP3		2.0	1.0	3.0
			RP11-1084J3.1		1.0	1.0	3.0
			AMACR		1.0	1.0	3.0
			RP11-1084J3.4		1.0	1.0	3.0
			RP11-1084J3.3				3.0
			C1QTNF3				1.0
			CTD-2024P10.2		1.0	1.0	2.0
			PPARGC1B		2.0	1.0	2.0
			PDE6A				2.0
			RP3-416J7.1				2.0
			RP1-20B11.2				5.0
			HUS1B				1.0
			RP11-532F6.2				1.0
			RP11-532F6.3				1.0
			AC098592.6				1.0
			AC098592.7		2.0	2.0	2.0
			AGR3				1.0
			RP11-3L8.3		1.0	1.0	1.0
			RN7SL849P				1.0
			LURAP1L				1.0
			RP11-62F24.2				3.0
			RP11-335H2.2				3.0
			RP11-169K16.6				1.0
			RP11-169K16.7		1.0	1.0	2.0
			RP11-169K16.8				2.0
			FBLIM1				1.0
			RP11-169K16.9				2.0
			SPEN		1.0		2.0
			SZRD1				1.0
			SPATA21		1.0	1.0	1.0
			RP4-798A10.2				1.0
			CROCCP3				1.0
			NECAP2				1.0
			RP4-654C18.1				1.0
			TCEA3				1.0
			LPHN2		1.0	1.0	1.0
			CCBL2		2.0	1.0	2.0
			RBMXL1				2.0
			GBP3				2.0
			RP11-413P11.1		1.0	1.0	1.0
			SCARNA16		1.0	1.0	1.0
			RP5-1180E21.4				4.0
			RP5-1180E21.5				4.0
			DENND2D		3.0	1.0	4.0
			CHI3L2				4.0
			DRAM2				1.0
			RP5-1042I8.7				1.0
			NOTCH2		1.0	1.0	1.0
			RP11-235D19.2				6.0
			RP11-235D19.3		3.0	1.0	6.0
			OAZ3				1.0
			RP11-98D18.3				1.0
			RP11-98D18.2				1.0
			RP11-98D18.16				1.0
			RP11-98D18.17				1.0
			LINGO4				1.0
			C2CD4D				1.0
			AL450992.2				1.0
			THEM5				1.0
			MRPL9				1.0
			TDRKH				1.0
			RP11-98D18.9				1.0
			THEM4				1.0
			RNA5SP69		2.0	2.0	3.0
			RP5-1098D14.1				1.0
			RP11-532L16.3		1.0	1.0	1.0
			RP11-532L16.1				1.0
			PARD3-AS1				1.0
			CCDC58P2		1.0	1.0	2.0
			RP11-96B5.4				2.0
			RN7SL284P				2.0
			DLG5-AS1				2.0
			H2AFZP5		1.0	1.0	1.0
			POLR3A				1.0
			RP13-631K18.5				1.0
			RP13-631K18.3				1.0
			RP13-631K18.2		1.0	1.0	1.0
			MICAL2				1.0
			EHF		1.0	1.0	1.0
			AP001350.1				1.0
			AP000445.3				1.0
			ZFP91-CNTF				2.0
			AP000445.1				1.0
			CTD-2531D15.5				2.0
			AP003064.1				2.0
			SCGB1A1				2.0
			CTD-2531D15.4				2.0
			ASRGL1				2.0
			AHNAK		2.0	2.0	2.0
			RP11-802F5.1				1.0
			TENM4		1.0	1.0	1.0
			RP11-153F5.3				2.0
			RPL7P41		1.0	1.0	2.0
			KRT78		1.0	1.0	2.0
			KRT79				2.0
			ST13P3		1.0	1.0	1.0
			RP11-114F10.2				1.0
			SSH1				2.0
			CORO1C				2.0
			RP11-25E2.1		3.0	2.0	2.0
			LINC00412		1.0	1.0	1.0
			RPL21				1.0
			SNORD102				1.0
			SNORA27				1.0
			RASL11A				1.0
			USP12-AS2				1.0
			RNU6-73P				1.0
			RP11-58E21.4				1.0
			RP11-58E21.3				1.0
			C14orf182		1.0	1.0	1.0
			RPL13P6				1.0
			EXOC3L4		3.0	2.0	3.0
			RP11-736N17.8		1.0		3.0
			LINC00677		2.0	2.0	3.0
			RP11-736N17.4				3.0
			RPL21P12				3.0
			TNFAIP2		2.0	2.0	3.0
			RP11-219B17.2				1.0
			RP11-2I17.1				2.0
			SENP8				3.0
			RP11-2I17.4		1.0	1.0	2.0
			GRAMD2		1.0	1.0	2.0
			CD276		1.0	2.0	1.0
			ZNF768				3.0
			AC002310.12		1.0	1.0	2.0
			AC002310.10				2.0
			ZNF764				2.0
			ZNF688				2.0
			AC002310.13		1.0	1.0	2.0
			AC002310.7		1.0		2.0
			ZNF785		1.0		2.0
			ZNF747		1.0	1.0	2.0
			ZNF319		1.0		2.0
			USB1				2.0
			MMP15		2.0	1.0	2.0
			RP11-525K10.3		1.0	2.0	1.0
			RP11-115K3.1				2.0
			RP11-855A2.3				2.0
			RN7SL622P				2.0
			RP11-855A2.5				2.0
			RP11-84E24.3				1.0
			AC007461.1				1.0
			SOX9				1.0
			AC005152.3		3.0	1.0	1.0
			RP11-84E24.2				1.0
			AC007461.2		1.0	1.0	1.0
			AC005152.2		1.0	1.0	1.0
			RP11-595B24.1		1.0	1.0	1.0
			NARS				1.0
			RP11-35G9.3		1.0	2.0	1.0
			RP11-35G9.5		1.0	2.0	1.0
			RP11-845C23.2				1.0
			RP11-1151B14.2		1.0	2.0	1.0
			MIR122		1.0	1.0	1.0
			AC105105.1				1.0
			RP11-845C23.3				1.0
			RP11-1151B14.3		1.0	1.0	1.0
			NEDD4L				1.0
			ALPK2				1.0
			PALM				1.0
			CTD-3149D2.4				1.0
			FCHO1		1.0	1.0	1.0
			B3GNT3				1.0
			CTC-461H2.2				5.0
			CTC-461H2.3		1.0	1.0	5.0
			GPATCH1		2.0	1.0	3.0
			RN7SL34P				1.0
			AC108488.3				3.0
			RPS7				3.0
			AC010907.2				3.0
			TMSB4XP2				3.0
			RP13-512J5.1				3.0
			RNASEH1				3.0
			COLEC11		3.0	4.0	3.0
			RP11-191L17.1		1.0	1.0	1.0
			FOXN2				1.0
			PPP1R21				1.0
			RNU6-175P				1.0
			GPR39		1.0	1.0	1.0
			AC007556.3				2.0
			AC092614.2				2.0
			MYO1B		2.0	2.0	2.0
			RN7SL359P		1.0	1.0	2.0
			AC073254.1		1.0		2.0
			EFHD1		2.0	2.0	3.0
			ADAM33				2.0
			SIGLEC1				2.0
			RPS10P2				1.0
			TOP1		2.0	1.0	3.0
			RP3-450M14.1				1.0
			LPIN3				1.0
			RNU6-872P		2.0	1.0	2.0
			RP1-100J12.1				1.0
			AF129075.5				1.0
			CCT8		1.0	1.0	1.0
			MAP3K7CL		1.0	1.0	1.0
			USP16				1.0
			RPL12P9				1.0
			SNORA32		1.0		2.0
			AP001610.9				1.0
			TMPRSS2		1.0	1.0	1.0
			MIR648				2.0
			XXbac-B476C20.14				2.0
			XXbac-B476C20.13				2.0
			RHEBP3				1.0
			XXbac-B476C20.17				1.0
			RN7SL268P				3.0
			MIF				2.0
			AP000350.4		1.0	1.0	2.0
			AP000350.6		1.0	1.0	2.0
			AP000350.7				2.0
			KB-1125A3.11				2.0
			SLC2A11				3.0
			AP000350.10				3.0
			AP000350.5				2.0
			AP000350.8				2.0
			GSTT2B				2.0
			KB-1125A3.10				2.0
			KB-226F1.2		1.0	1.0	2.0
			AP000351.3				1.0
			GSTT2				1.0
			MTND1P13				1.0
			EIF4EBP1P2				1.0
			AP000351.8		1.0	1.0	1.0
			DDTL		1.0	1.0	2.0
			DDT				2.0
			AP000351.4		1.0	1.0	1.0
			GSTTP1				1.0
			AP000351.9				1.0
			AP000351.10				1.0
			KB-226F1.1				1.0
			GSTTP2				1.0
			GSTT1				1.0
			AP000351.13				1.0
			CABIN1		1.0	1.0	3.0
			KB-318B8.7				1.0
			SUSD2				3.0
			AP000354.4				3.0
			AP000354.2				3.0
			POM121L9P		1.0	1.0	3.0
			BCRP1				3.0
			SPECC1L-ADORA2A		2.0	1.0	4.0
			AP000355.2				2.0
			ADORA2A-AS1		1.0	1.0	3.0
			GUCD1		1.0	1.0	1.0
			SNRPD3		1.0	1.0	1.0
			UPB1		2.0	2.0	3.0
			FAM211B		1.0	1.0	1.0
			AP000356.2				1.0
			BCRP3				1.0
			POM121L10P		1.0	1.0	1.0
			AP000356.1				1.0
			ARL5AP4		1.0	1.0	1.0
			AP000358.5		1.0	1.0	1.0
			CRIP1P4		1.0	1.0	1.0
			AP000357.4				1.0
			PIWIL3		1.0	1.0	1.0
			SGSM1		1.0	1.0	1.0
			EGOT				1.0
			AC018816.3		1.0	1.0	1.0
			BHLHE40-AS1				1.0
			RBMS3-AS3				1.0
			RNU6ATAC4P		1.0	1.0	2.0
			RP11-129K12.1				2.0
			PRADC1P1				2.0
			RP11-129K12.4				2.0
			RP11-129K12.3				2.0
			EPM2AIP1				2.0
			TRANK1				1.0
			MLH1		1.0		2.0
			RP11-285J16.1				1.0
			AC097359.2				1.0
			RP11-259K5.1		1.0	1.0	1.0
			RP11-259K5.2				1.0
			AC097359.1				1.0
			TCEA1P2				1.0
			LRRFIP2				2.0
			GOLGA4				1.0
			RP11-432B6.1				1.0
			RP11-432B6.3		1.0	1.0	1.0
			RP11-557J10.5				1.0
			RP11-557J10.3				1.0
			MMAA		1.0	1.0	1.0
			RP11-557J10.4				1.0
			C4orf51				1.0
			RP11-181K12.2				1.0
			RPL19P11		1.0	2.0	1.0
			CTD-2127O16.2				1.0
			CTD-2207L17.2				2.0
			CTD-2207L17.1				2.0
			CTD-2175A23.1				2.0
			EFNA5		1.0	1.0	1.0
			AC010609.1				2.0
			CTC-248O19.1				2.0
			ERHP2				1.0
			MLIP-AS1		1.0	1.0	1.0
			MLIP		1.0	1.0	1.0
			HSPD1P16				1.0
			MYCT1		1.0	1.0	1.0
			VIP				1.0
			SYNJ2-IT1				1.0
			SNX9		1.0		2.0
			MIR3918				1.0
			EZR-AS1				1.0
			EZR		1.0	1.0	1.0
			OSTCP1				1.0
			SYTL3				1.0
			CYP2W1		1.0	1.0	1.0
			MIR339				1.0
			AC073957.15				1.0
			C7orf50		1.0	2.0	2.0
			CTD-2227E11.1		2.0	1.0	3.0
			MIR148A		3.0	4.0	3.0
			RNU6-1198P				3.0
			FAM131B				2.0
			RP11-563K23.1				2.0
			AC093673.5				2.0
			TAS2R62P				1.0
			TAS2R60				1.0
			ZYX		1.0		2.0
			EPHA1		1.0	1.0	2.0
			EPHA1-AS1		1.0	1.0	2.0
			AC091171.1				1.0
			NUDT18				1.0
			FGF17				1.0
			DMTN		1.0	1.0	1.0
			FAM160B2				1.0
			HR				1.0
			SOX17				2.0
			RP11-716D16.1		1.0	1.0	1.0
			RP11-347C18.5				1.0
			RP11-347C18.1				1.0
			RP11-347C18.3				3.0
			RP11-347C18.4				3.0
			CCNE2				1.0
			TP53INP1		1.0	1.0	3.0
			HMGA1P4				1.0
			RN7SL560P				1.0
			ZDHHC12				1.0
			RP11-545E17.3				1.0
			WDR34				1.0
			SET				1.0
			ZER1				1.0
			PKN3		1.0	1.0	1.0
			LRLE1				6.0
			ENPP7P1				7.0
			FAM85B				7.0
			FAM86B3P		7.0	3.0	8.0
			ALG1L13P		2.0	2.0	8.0
			CTD-3023L14.3		5.0	3.0	7.0
			LINC00529		5.0	4.0	9.0
			AL590822.2				3.0
			RP11-181G12.2				3.0
			KLHDC8A		2.0	1.0	3.0
			CRABP1				1.0
			RP11-5O23.1		2.0		2.0
			FAH				1.0
			RN7SL105P				1.0
			RILP				1.0
			SLC43A2		1.0		1.0
			SCARF1				1.0
			AC015849.12				1.0
			AC015849.13				1.0
			AC015849.14				1.0
			CCL5				1.0
			TAF15		1.0		1.0
			AC015849.19				1.0
			C17orf66				1.0
			AC015849.2				1.0
			RP11-104J23.1				1.0
			CCL15				2.0
			NSFP1				2.0
			AL133245.2				1.0
			YIPF4		1.0		2.0
			GFRA4				1.0
			ATRN		1.0		1.0
			RN7SL321P				2.0
			FBXW12		2.0		2.0
			RSPH10B				1.0
			RPL30P9				3.0
			RPS18P13				4.0
			KLHL26				3.0
			CTC-455F18.3				1.0
			MIR129-2				2.0
			RTN4RL1		1.0		4.0
			AC105030.1				2.0
			AF213884.2				5.0
			RP11-499E18.1		2.0	3.0	6.0
			AF213884.1		5.0	1.0	6.0
			RP11-111D3.1				2.0
			RNU6-125P				1.0
			RP5-1018K9.1				1.0
			AL671972.1				1.0
			AP006621.5		1.0	1.0	3.0
			AP006621.1		1.0	1.0	2.0
			AP006621.6				2.0
			TALDO1				2.0
			PDDC1				2.0
			RP11-342M21.2				2.0
			AAGAB				1.0
			RP11-571O6.1		2.0	1.0	2.0
			GP1BA		2.0	1.0	3.0
			SLC25A11		2.0		3.0
			RNF167				3.0
			PFN1				3.0
			RP11-75C10.7				1.0
			RP11-75C10.9				1.0
			RP11-13K12.2				1.0
			RP11-13K12.1				1.0
			AP001476.2		1.0	1.0	3.0
			AP001476.4				3.0
			AP001476.3				2.0
			PSMA6P3				1.0
			FTCD-AS1				2.0
			AP001471.1				2.0
			FTCD				2.0
			SPATC1L				2.0
			MIR548AO				1.0
			RPS29P2				1.0
			CTD-3080F16.3				1.0
			RNU6-895P				1.0
			SFRP1		2.0	1.0	1.0
			RP11-473E2.2				2.0
			RP11-473E2.4		2.0	2.0	2.0
			RP11-473E2.3		1.0	1.0	2.0
			OR2F1				1.0
			RP4-669B10.6				2.0
			OR2Q1P				2.0
			SLC16A1P1				2.0
			OR6B1		2.0		2.0
			OR2A5				2.0
			RP4-669B10.3				2.0
			RP4-680D5.8				1.0
			CASP9		1.0		2.0
			AGMAT				1.0
			RP4-680D5.2				1.0
			DNAJC16		1.0	1.0	2.0
			FAM53B		4.0	2.0	4.0
			NPM1P31		1.0	1.0	1.0
			RP11-298J20.4		1.0		2.0
			MGMT		1.0		1.0
			BCL2L14		2.0	1.0	2.0
			RERG-IT1				1.0
			MEMO1P5		1.0	1.0	1.0
			CLDN10		1.0	1.0	1.0
			CLDN10-AS1				1.0
			RP11-371E8.2				1.0
			ITPK1-AS1				2.0
			RNU6-844P				1.0
			CTD-2515H24.3				1.0
			CGNL1		1.0	1.0	1.0
			CTD-2515H24.4				1.0
			CTD-2515H24.1		1.0	1.0	1.0
			GCOM1				1.0
			MYZAP				1.0
			POLR2M				1.0
			RAB8B		1.0		1.0
			RPS27L				1.0
			ODF3L1				1.0
			AC019294.1				2.0
			RP11-24M17.3				2.0
			DNM1P35				2.0
			RP11-593F23.1				1.0
			KRT8P23				2.0
			RCN2		1.0		1.0
			PSTPIP1		1.0		3.0
			CTC-508F8.1				1.0
			CTD-2033A16.2				2.0
			NOB1				2.0
			RNU4-13P		1.0	1.0	4.0
			TBC1D3P1				2.0
			TBC1D3P1-DHX40P1		2.0	1.0	2.0
			RP11-178C3.2		2.0	1.0	2.0
			DHX40P1				2.0
			HMGN1P28				2.0
			CTB-184G21.3				4.0
			C19orf40				3.0
			RPL31P61				1.0
			ZNF829				1.0
			ZNF345				1.0
			ZNF383				1.0
			CTD-3064H18.2				1.0
			CTD-3064H18.1				1.0
			AC079779.5				2.0
			AC079779.6				2.0
			AC092839.1				2.0
			AC092839.4				2.0
			AC092839.3		1.0	1.0	2.0
			RP11-426K3.1				1.0
			RN7SL548P				2.0
			AC016738.4				1.0
			RPL31				1.0
			EPB41L5		2.0	2.0	2.0
			ACVR2A				1.0
			RP11-459I19.1				2.0
			AC009974.11				2.0
			PRKAG3				2.0
			CHPF				2.0
			RNA5SP478		1.0	1.0	1.0
			RP4-737E23.2		1.0	1.0	1.0
			NXT1				1.0
			RP3-322G13.5				1.0
			GZF1				1.0
			RP3-322G13.7		1.0	1.0	1.0
			AL096677.1		1.0		1.0
			RNA5SP479				1.0
			CSTL1		1.0	1.0	1.0
			CST11				1.0
			CST12P		1.0	1.0	1.0
			CST8		1.0	1.0	1.0
			RP3-333B15.4		1.0	1.0	1.0
			CST13P		1.0		1.0
			CST9LP1		1.0	1.0	1.0
			CST9L		1.0	1.0	1.0
			RP11-218C14.2		1.0	1.0	1.0
			CST9		1.0	1.0	1.0
			CST3				1.0
			RP11-218C14.8				1.0
			RP11-218C14.5		1.0	1.0	1.0
			CST4		1.0	1.0	1.0
			CST2P1		1.0	1.0	1.0
			CST1		1.0	1.0	1.0
			XXyac-YX60D10.1		1.0		1.0
			CST2		1.0	1.0	1.0
			CST5		1.0	1.0	1.0
			CSTP1		1.0	1.0	1.0
			RP5-831C21.1		1.0	1.0	1.0
			GGTLC1				1.0
			POM121L3P		1.0	1.0	1.0
			RP4-583P15.11				1.0
			AL158091.1		1.0		1.0
			ABHD16B				1.0
			C20ORF135				1.0
			RNA5SP126				1.0
			RNU6-1105P				1.0
			RP11-573D15.6				1.0
			RP11-573D15.9				1.0
			EIF4A2				1.0
			SNORD2				1.0
			RP11-135A1.2				1.0
			RP11-135A1.3		1.0	1.0	1.0
			RP11-407B7.1				1.0
			HES1				1.0
			MIR4450				1.0
			MIR548AH				1.0
			RP11-359D14.2				1.0
			RP11-359D14.3		1.0	1.0	1.0
			RP11-328K4.1		2.0	1.0	2.0
			RP11-125O18.1		1.0	1.0	1.0
			USP38		1.0		2.0
			RP11-284M14.1		2.0	1.0	2.0
			CTD-2228K2.5				1.0
			RP11-310P5.2				1.0
			MIR4456				1.0
			EXOC3				1.0
			CTD-2228K2.7				1.0
			SLC9A3		1.0		1.0
			MIR4459				1.0
			RP11-480N24.4				2.0
			RP11-392A23.4				2.0
			RP11-11D8.3				1.0
			RRAGD		1.0	1.0	1.0
			ANKRD6				1.0
			RP11-15G8.1		1.0		1.0
			AC003090.1		4.0	2.0	3.0
			AC073934.6		1.0	1.0	1.0
			SND1		1.0	1.0	1.0
			AC025594.1				2.0
			RP11-309L24.6				2.0
			RN7SL306P				2.0
			KCP				2.0
			ODCP				1.0
			RP11-128A6.3		1.0	1.0	1.0
			RP11-286H14.2				1.0
			RP11-286H14.1		1.0	1.0	1.0
			RP11-286H14.3				1.0
			TPI1P2				1.0
			RP11-286H14.4				1.0
			TSPAN33				1.0
			AC073133.2				1.0
			AC073133.1				1.0
			MIR598				4.0
			AC037459.4				2.0
			C8orf58				2.0
			RP11-582J16.5		1.0	1.0	2.0
			CTD-3247F14.2				1.0
			EGR3				1.0
			CCAR2		1.0	1.0	2.0
			RP11-459E5.1				1.0
			RP5-849H19.2				2.0
			RP11-20O24.1				1.0
			RANP5				1.0
			RP5-1065J22.8				2.0
			TMEM167B				2.0
			SCARNA2		1.0	1.0	2.0
			RP5-1065J22.4				2.0
			C1orf194				2.0
			TAF13		1.0	2.0	2.0
			WDR47				1.0
			PSMA5		1.0		2.0
			EPS8L3		1.0	2.0	1.0
			GALNT2		5.0	4.0	5.0
			RP4-781K5.5				4.0
			TIRAP				4.0
			RP11-712L6.5				4.0
			IFIT1P1				1.0
			SNORA16				1.0
			N4BP2L1				1.0
			RNU6-659P				1.0
			KRT18P7				1.0
			ADAM20				1.0
			MED6				1.0
			CTD-2540L5.5				1.0
			RP11-486O13.4		1.0	1.0	1.0
			RN7SL192P				2.0
			CTC-215O4.4				2.0
			ZNF226				1.0
			ZNF227		1.0	2.0	1.0
			ZNF235				1.0
			ZNF233				1.0
			ZNF112				1.0
			CTC-512J12.6		1.0	3.0	1.0
			ZNF285				1.0
			CTC-512J12.4				1.0
			ZNF229		1.0	2.0	1.0
			AC069278.4				1.0
			ZNF285B				1.0
			AC005757.7				2.0
			CKM		3.0	4.0	4.0
			RPS16P9				4.0
			L47234.1				3.0
			KLC3				4.0
			ERCC2		1.0		3.0
			CD3EAP		1.0		3.0
			PPP1R13L		2.0	1.0	3.0
			ERCC1		1.0	1.0	3.0
			FOSB				2.0
			PPM1N				2.0
			RTN2		1.0		2.0
			VASP		1.0	1.0	2.0
			AC074212.3		1.0	1.0	4.0
			AL035045.1		1.0	2.0	1.0
			RP5-905G11.3				1.0
			RNU6-192P				1.0
			RP1-1J6.2		1.0	1.0	1.0
			PLCG1				4.0
			RPL24P4		1.0	1.0	2.0
			GNMT				2.0
			PTCRA				3.0
			RP3-475N16.1		1.0	2.0	3.0
			PEX6				2.0
			PPP2R5D				3.0
			RP11-466F5.4				1.0
			RP11-466F5.10				1.0
			ALDH9A1				1.0
			RP11-466F5.8		1.0		1.0
			RP11-466F5.6				1.0
			AP000758.1				2.0
			AP002348.1				2.0
			AC000003.2				1.0
			AC097381.1				1.0
			RN7SL352P				1.0
			RP11-157J24.1				1.0
			RP11-157J24.2		1.0		1.0
			AP000428.1				1.0
			RP5-1115A15.1				4.0
			C1orf200				2.0
			RP11-558F24.2				2.0
			RP11-558F24.4				2.0
			PIK3CD		2.0	1.0	2.0
			RP5-1077B9.5				2.0
			RN7SL649P		1.0	1.0	1.0
			RNU6-777P				1.0
			MIIP		1.0		2.0
			RP11-426M1.2				1.0
			MFN2		1.0		2.0
			TNFRSF8				1.0
			RP11-182I10.1				2.0
			JAK1		2.0	2.0	2.0
			RP11-182I10.2				2.0
			SLC2A3P2				2.0
			RP4-535B20.4				1.0
			RP11-182I10.3		1.0	1.0	2.0
			RNU6-1176P		1.0	1.0	1.0
			MIR3671				1.0
			MIR101-1				1.0
			RP4-535B20.1				1.0
			RP4-535B20.2				1.0
			LMO4		1.0	1.0	1.0
			RP4-612C19.1				2.0
			RP4-612C19.2				2.0
			TMED5		1.0	1.0	4.0
			RP4-717I23.3		2.0	1.0	5.0
			CCDC18		2.0	2.0	2.0
			LINC00568		1.0	1.0	3.0
			RP1-15D23.2		1.0	1.0	1.0
			RP11-363N22.2		2.0	1.0	2.0
			AL359878.1				2.0
			GTPBP4				1.0
			SNORA14				2.0
			RP11-536K7.5				2.0
			RP11-414H17.2				2.0
			KRT8P37		1.0	1.0	1.0
			RP11-428L9.2		1.0	1.0	1.0
			RP11-428L9.1				1.0
			APBB1IP		1.0	1.0	1.0
			AL137026.1				2.0
			CXCL12		2.0	1.0	2.0
			RP11-380G5.3				1.0
			RN7SL644P				3.0
			EIF2S2P3		3.0	3.0	3.0
			KIF11				3.0
			B4GALNT4		1.0	1.0	5.0
			RP11-872D17.4				1.0
			AP000781.1				1.0
			PRG2				2.0
			TNKS1BP1				1.0
			SSRP1				1.0
			RP11-872D17.8				2.0
			PRG3		1.0		1.0
			AP001362.1				5.0
			KCNK7				5.0
			MIR4690				3.0
			SIPA1		1.0	1.0	4.0
			MIR4489				3.0
			MAP3K11		1.0		5.0
			PCNXL3		1.0	1.0	5.0
			TSGA10IP				2.0
			PRKRIR		1.0	1.0	1.0
			RP11-111M22.4				1.0
			RP11-111M22.2				1.0
			RP11-111M22.5				1.0
			C11orf30				2.0
			RP11-111M22.3		1.0	1.0	1.0
			RP11-672A2.7		2.0	1.0	2.0
			RP11-672A2.6		1.0	1.0	2.0
			RP11-672A2.5				2.0
			AP001189.4		1.0	1.0	1.0
			RP11-672A2.4				1.0
			RP11-672A2.3				1.0
			AP001925.1				2.0
			FLI1-AS1				4.0
			AC034102.1				1.0
			RPS26				1.0
			SUOX		1.0		1.0
			RP11-603J24.4		1.0	1.0	1.0
			ERBB3		1.0	1.0	2.0
			NAB2				3.0
			AC023237.1				3.0
			MYO1A				1.0
			TMEM194A				3.0
			STAT6		1.0	1.0	3.0
			RP11-545N8.3				3.0
			RP11-796E2.4		1.0	1.0	1.0
			C12orf79		1.0	1.0	1.0
			BTG1				1.0
			RPL21P106				1.0
			MYL2				4.0
			CCDC63		4.0	1.0	4.0
			RP1-46F2.2		1.0		4.0
			RP1-128M12.3				2.0
			RPL7AP60				2.0
			RNY4P14				1.0
			GPR18				1.0
			GPR183				1.0
			MIR623				1.0
			HMGB3P4				1.0
			C14orf119				5.0
			CEBPE		4.0	2.0	4.0
			RNU6-1138P				4.0
			RP11-561B11.1				2.0
			DNAJC8P1				2.0
			RP11-561B11.6				2.0
			RP11-561B11.3		1.0		2.0
			LGALS3		2.0	2.0	2.0
			DLGAP5		1.0	1.0	2.0
			RP11-454L9.2				2.0
			RPL21P6				2.0
			FBXO34		1.0	1.0	2.0
			TBPL2		1.0	1.0	2.0
			ATG14		1.0	1.0	2.0
			RP11-131H24.4				1.0
			MIR4506				1.0
			FAM181A				1.0
			ASB2		1.0	1.0	1.0
			LINC00521				1.0
			OTUB2				1.0
			RP11-81A1.3		1.0	1.0	2.0
			MTHFS		1.0		2.0
			ST20		1.0	1.0	2.0
			ST20-MTHFS		2.0	2.0	2.0
			C15orf37		1.0	1.0	2.0
			C15ORF37		1.0	1.0	2.0
			BCL2A1		2.0	2.0	2.0
			RP11-81A1.8				2.0
			AC015871.1				2.0
			AC092117.2				1.0
			TCEB2				1.0
			SNORA3				1.0
			LA16c-352F10.1				1.0
			SRRM2-AS1				1.0
			SRRM2				1.0
			PRSS33		1.0	1.0	1.0
			PRSS41				1.0
			PRSS21				1.0
			ZG16B				1.0
			RP11-876N24.5				2.0
			RP11-876N24.4				2.0
			RP11-876N24.2				2.0
			DEXI				2.0
			CIITA		2.0	1.0	2.0
			RP11-66H6.3				1.0
			RP11-396B14.2		1.0	1.0	3.0
			CTC-527H23.2				1.0
			CTC-527H23.3				1.0
			CTC-527H23.4				1.0
			AC007611.1				1.0
			N4BP1				1.0
			RP11-42I10.1		1.0	1.0	1.0
			RP11-67A1.2		1.0	1.0	3.0
			RP11-615I2.1		2.0	3.0	3.0
			RP11-542M13.2		3.0	2.0	3.0
			RP11-141J13.5				1.0
			SMTNL2				1.0
			PELP1				2.0
			AC091153.4				2.0
			KRT8P34				3.0
			AC079199.2				3.0
			SERPINB3				1.0
			SERPINB11		1.0	1.0	1.0
			NCLN				2.0
			CELF5		2.0	1.0	2.0
			AC093063.3				1.0
			AC093063.2				1.0
			AC006133.3				1.0
			LGALS14				1.0
			LGALS17A		1.0		1.0
			CLC		1.0	1.0	1.0
			LEUTX				1.0
			AC018755.1				1.0
			AC018755.17				1.0
			RPL9P33				2.0
			SIGLEC14				4.0
			RPL7P51				4.0
			ZNF175				1.0
			AC018755.16				1.0
			AC006272.2		1.0	1.0	2.0
			AC006272.1				2.0
			FPR2				1.0
			FPR3		1.0	1.0	2.0
			ZNF577				2.0
			FPR1				2.0
			AC007464.1				2.0
			RP11-373D23.3				2.0
			SNRPGP7				1.0
			FOSL2		1.0		2.0
			AC104695.4				2.0
			PLB1		1.0	1.0	2.0
			RN7SL210P				2.0
			FAHD2CP		1.0	1.0	2.0
			GPAT2		1.0	1.0	2.0
			ANKRD36C				2.0
			CIAO1		1.0	1.0	1.0
			AC012307.3				1.0
			TMEM127				1.0
			SNRNP200				1.0
			AC021188.4		1.0	1.0	1.0
			NCAPH				1.0
			ITPRIPL1				1.0
			RP11-363D14.1				2.0
			NEURL3		1.0	1.0	2.0
			ARID5A		1.0	1.0	2.0
			KANSL3		1.0	1.0	1.0
			FER1L5				1.0
			MIR3127				2.0
			RP11-353K11.1				2.0
			CNNM4		2.0	2.0	2.0
			CNNM3				2.0
			LMAN2L				2.0
			ANKRD23		1.0	1.0	2.0
			ANKRD39		1.0	1.0	2.0
			AC079395.1				1.0
			TRIM43CP		1.0	1.0	1.0
			AC018892.8				1.0
			AC018892.3				1.0
			IGKV2OR2-1				1.0
			IGKV2OR2-2				1.0
			IGKV1OR2-3				1.0
			AC018892.9				1.0
			FAM178B				2.0
			MAP4K4		1.0	1.0	1.0
			AC007271.3				2.0
			AC007248.6				1.0
			AC125238.3				1.0
			AC125238.1				1.0
			CD28		1.0	1.0	1.0
			MIR4776-2				1.0
			AC079610.1		1.0	1.0	2.0
			AC108066.1				1.0
			SP140L				2.0
			AC005104.3				3.0
			SEPT2		1.0		5.0
			AC114730.11				2.0
			AC114730.8				2.0
			AC114730.7				2.0
			AC114730.5				1.0
			ING5		1.0		2.0
			AC114730.3				1.0
			AC114730.2				1.0
			CXXC11				1.0
			PDCD1		1.0	1.0	1.0
			AC131097.4				1.0
			AC131097.3				1.0
			RN7SL443P				1.0
			TOX2		1.0	1.0	1.0
			RN7SL672P				1.0
			OLIG2				1.0
			LINC00945				1.0
			OLIG1				1.0
			AP000289.6				1.0
			AP000282.2		1.0	1.0	1.0
			AF015262.2				2.0
			AP001437.1				1.0
			DYRK1A		1.0	1.0	1.0
			AP001057.1				1.0
			AP001058.3				1.0
			AP001059.5				1.0
			ICOSLG		1.0	1.0	1.0
			ADORA2A		1.0		2.0
			CITF22-24E5.1				1.0
			PVALB				1.0
			CTA-833B7.2		1.0	1.0	1.0
			RP3-408N23.4				1.0
			JTBP1				1.0
			MIR4766				1.0
			DNAJB7				1.0
			ST13				1.0
			TOB2				1.0
			CNTN4-AS1				1.0
			TRNT1				1.0
			CRBN				1.0
			IL5RA		1.0	1.0	1.0
			RP11-97C16.1				1.0
			SEC13P1				1.0
			CCR4				1.0
			AC112211.3				2.0
			TMPPE		1.0		2.0
			RN7SL296P				2.0
			MIR4787				1.0
			RP11-804H8.5				1.0
			RP11-804H8.6				1.0
			RP11-90K6.1				1.0
			SLC9C1				1.0
			CD200		1.0	1.0	1.0
			RP11-484K9.4				1.0
			CD200R1		1.0	1.0	1.0
			GTPBP8				1.0
			C3orf17				1.0
			POU5F1P6				3.0
			SNORA24		2.0	2.0	3.0
			MARK2P8				2.0
			ACAD9		1.0		3.0
			RP11-723O4.6		3.0	1.0	3.0
			KIAA1257		3.0	1.0	3.0
			MIR28				3.0
			LINC01063				1.0
			NRROS		1.0	1.0	1.0
			RNA5SP158		1.0	1.0	3.0
			TLR10		1.0		3.0
			RP11-791G16.4				2.0
			LINC00575				3.0
			SCD5		3.0	1.0	3.0
			IL2		1.0	1.0	1.0
			ADAD1				1.0
			RP11-461L13.3				1.0
			RP11-461L13.2				1.0
			FBXW7		1.0	1.0	1.0
			ANKRD33B-AS1				1.0
			RP11-54F2.1				1.0
			RP11-215G15.5				1.0
			RP11-215G15.4				1.0
			ANKRD33B		1.0	1.0	1.0
			CTC-551A13.2				1.0
			RP11-114H7.1		1.0		1.0
			RP11-114H7.2				1.0
			RP11-114H7.3		1.0	1.0	1.0
			CDC42SE2		3.0	2.0	3.0
			CTC-432M15.3		3.0	2.0	3.0
			FNIP1		3.0	2.0	3.0
			IL3		1.0		3.0
			CSF2		2.0	2.0	3.0
			AC063976.1				1.0
			IL4				1.0
			AC004237.1				1.0
			KIF3A		1.0	1.0	1.0
			AC004041.2		1.0	1.0	1.0
			CCNI2				1.0
			AC005740.4		1.0	1.0	2.0
			RNF14				2.0
			AC005740.5				2.0
			GNPDA1		2.0	1.0	2.0
			ANXA6				3.0
			MIR5690				4.0
			LHFPL5		1.0	1.0	3.0
			MRPS10				1.0
			GUCA1A				1.0
			GUCA1B				1.0
			TRERF1		1.0	1.0	1.0
			CARD11				1.0
			EEF1A1P27		1.0	1.0	1.0
			ABCB5				1.0
			AC073072.5		3.0	2.0	4.0
			AC073072.6		1.0	1.0	4.0
			AC073072.7				1.0
			RNU6-565P				2.0
			RPS10P14				2.0
			SNORA5A				1.0
			SNORA5C				1.0
			SNORA5B				1.0
			NACAD				1.0
			CCL26		1.0	1.0	1.0
			CCL24		1.0	1.0	1.0
			HIP1		1.0		2.0
			AC005077.5		1.0	1.0	1.0
			SRRM3		1.0	1.0	1.0
			RN7SL212P				1.0
			HSPB1				1.0
			RP4-800G7.1		1.0	1.0	1.0
			ZNF398				1.0
			ZNF212				1.0
			ZNF282				1.0
			RP11-875O11.3				3.0
			TNFRSF10C		3.0	2.0	3.0
			TNFRSF10D				2.0
			RP11-875O11.2				3.0
			RP11-33I11.2				2.0
			RNU4-25P				3.0
			RP11-39K24.2				2.0
			AL161450.1		1.0		2.0
			PDCD1LG2				2.0
			RP11-574F11.3				2.0
			KIAA1432		2.0	2.0	2.0
			AK4P4		1.0	1.0	2.0
			ERMP1		2.0	2.0	2.0
			KIAA2026		1.0	1.0	2.0
			MLANA				2.0
			MIR4665				1.0
			RANBP6		1.0		1.0
			RP11-218I7.2		1.0	1.0	1.0
			RP11-575C20.1		1.0	1.0	1.0
			TPD52L3		1.0	1.0	1.0
			UHRF2				1.0
			RP11-307L3.4				1.0
			RN7SL25P				1.0
			RP11-472F14.4				1.0
			NFIL3				1.0
			RNU6-432P				1.0
			TNFSF8		1.0	1.0	1.0
			RP11-413M3.4				1.0
			RP11-629G13.1				1.0
			RNU7-187P				1.0
			AC018880.2		1.0		1.0
			RPL6P5		1.0	1.0	1.0
			FCF1P5				1.0
			REV3L-IT1				1.0
			BRD7P4				1.0
			REV3L		1.0		1.0
			EPHX2				1.0
			TMEM81				4.0
			RP11-536L3.4				5.0
			RP11-383G10.1		3.0	1.0	4.0
			RP11-384C4.6				2.0
			RP11-384C4.3				1.0
			RP11-384C4.7				1.0
			PPP2R5A		1.0		2.0
			SNORA16B				1.0
			RP11-384C4.2				1.0
			TMEM206		1.0		2.0
			MIR1537				1.0
			RNU5E-2P				1.0
			LYST		2.0		2.0
			RP11-800A3.2				3.0
			RP11-800A3.4				2.0
			OR8R1P				2.0
			P2RY6				3.0
			RP11-932A10.1				1.0
			NAA30		1.0		1.0
			PRAM1		1.0		2.0
			ZNF414				3.0
			PSMD8				1.0
			AC005789.9				1.0
			AC005789.11				1.0
			CATSPERG				1.0
			SPRED3				1.0
			FAM98C				1.0
			RASGRP4		1.0		1.0
			RYR1				1.0
			CXCR6		1.0		2.0
			CCR9				1.0
			LZTFL1				1.0
			FYCO1		3.0	1.0	3.0
			CCR1				2.0
			TECRP1				2.0
			RP11-397E7.4				3.0
			RP11-434D11.1				1.0
			RNU6-752P				1.0
			LMNB1				1.0
			RP11-434D11.4		1.0		1.0
			RP5-991C6.2		1.0		5.0
			FAM46A		5.0	2.0	5.0
			RP5-991C6.4				5.0
			RN7SL642P				1.0
			GS1-24F4.2		2.0	1.0	2.0
			DEFB1				2.0
			XKR5				2.0
			GS1-24F4.3				2.0
			DEFA4		1.0	1.0	2.0
			DEFA8P				2.0
			DEFA9P				2.0
			DEFA10P		1.0		2.0
			DEFA1				2.0
			DEFT1P				2.0
			DEFA3		1.0	1.0	2.0
			DEFA6				2.0
			DEFA1B		1.0	1.0	2.0
			DEFT1P2				2.0
			DEFA11P		1.0		2.0
			DEFA7P		2.0	1.0	2.0
			DEFA5		1.0	1.0	2.0
			AF238378.7		1.0	1.0	2.0
			ADRB1		3.0	3.0	3.0
			BAK1P1				1.0
			NANOGP3				1.0
			AL591034.1		1.0	1.0	1.0
			RP1-27K12.4				1.0
			GCLC				1.0
			SNORD65				1.0
			RP11-141A19.2		2.0		2.0
			AGBL4		2.0		2.0
			ZNF859P				2.0
			RP11-159H22.2				3.0
			RP11-159H22.1		1.0	1.0	3.0
			RP11-57A19.2				2.0
			RP11-435I10.5		2.0		3.0
			NPIPB6		2.0		3.0
			EIF3CL		1.0		3.0
			SBK1				2.0
			SULT1A2		1.0		5.0
			SULT1A1		4.0	1.0	4.0
			NPIPB8		1.0		4.0
			CCDC101				6.0
			CD19				2.0
			NFATC2IP				2.0
			RP11-28G8.1				2.0
			RPTOR		2.0		2.0
			CADM2-AS2				1.0
			RP1-224A6.9				2.0
			CTBP2P8				2.0
			MIR1262				2.0
			RPS7P4		1.0	1.0	2.0
			WLS		2.0	2.0	2.0
			RP4-671G15.2				4.0
			CTTNBP2NL				3.0
			ST7L		3.0	1.0	5.0
			RP11-177F11.1				2.0
			AL646016.1				2.0
			RP11-14C22.6		2.0	2.0	2.0
			SVILP1				2.0
			RP11-556E13.1		2.0	2.0	2.0
			LRP4-AS1				3.0
			CKAP5				3.0
			RP11-390K5.3				3.0
			RP11-390K5.6				3.0
			RP11-390K5.1				4.0
			RN7SL772P		1.0		6.0
			RP11-17G12.2				6.0
			PACSIN3		1.0		5.0
			ARFGAP2				3.0
			snosnR66				1.0
			RP11-65M17.1		1.0		2.0
			RP11-65M17.3		2.0	2.0	2.0
			ACA59				2.0
			RP11-654D12.1				2.0
			RP11-654D12.2		2.0	2.0	2.0
			RP11-567C2.1		2.0	2.0	2.0
			FABP3P2		5.0	4.0	4.0
			RPL7L1P12				2.0
			AC015884.1				2.0
			MIR3183				2.0
			TIMM22				2.0
			ABR		2.0	2.0	2.0
			RP11-209M4.1		2.0	2.0	3.0
			SOST		1.0	1.0	3.0
			CTC-501O10.1				2.0
			DUSP3				3.0
			G6PC3				2.0
			AP001010.1				2.0
			RN7SL362P				2.0
			RNMT		1.0	1.0	2.0
			WDR88		1.0	1.0	2.0
			AC013480.2		3.0	1.0	4.0
			PKDCC		3.0	2.0	5.0
			AC093110.3				3.0
			RP11-19E11.1		1.0	1.0	2.0
			EN1		2.0	2.0	2.0
			AC007358.1		2.0	2.0	2.0
			RP5-1099D15.1				2.0
			RP11-103J8.2		2.0	2.0	3.0
			C20orf187				3.0
			AF064858.7		2.0	2.0	2.0
			AF064858.11				2.0
			AF064858.6				2.0
			AF064858.8				2.0
			AC000067.1		3.0	3.0	3.0
			GP1BB		2.0	1.0	4.0
			SEPT5		4.0	3.0	4.0
			CTA-747E2.10				3.0
			KLF3P2				1.0
			RP11-6F2.3				1.0
			RN7SKP177				1.0
			RP11-460I19.2				2.0
			TMEM175				1.0
			DGKQ				2.0
			SLC26A1				2.0
			RNF212		1.0	1.0	2.0
			HSP90AB3P		3.0	1.0	3.0
			RP1-244F24.1				4.0
			RNU6-813P				3.0
			FAM188B				2.0
			INMT-FAM188B				2.0
			NME8				3.0
			C7orf76				2.0
			SHFM1		3.0	3.0	3.0
			RNA5SP240				2.0
			ING3		2.0	2.0	2.0
			CPED1		3.0	2.0	3.0
			HMGN1P18				1.0
			RNA5SP241				2.0
			RNU6-517P				2.0
			RP11-3L10.1		1.0	1.0	2.0
			RP11-3L10.2		2.0	2.0	2.0
			RP11-3L10.3		2.0	2.0	2.0
			RNU6-682P				2.0
			RP1-140A9.1				1.0
			CALML6				1.0
			TMEM52				1.0
			C1orf222				1.0
			RP11-34A14.3		1.0		1.0
			R3HCC1L				1.0
			RP11-282M16.1		1.0		1.0
			KCTD15		1.0		1.0
			CHST8				1.0
			MARS2				1.0
			AC011997.1				1.0
			AC005237.2				1.0
			MTERFD2		1.0		1.0
			AC005237.4				1.0
			PPP1R7				1.0
			TMEM110				2.0
			RP11-72H11.1		1.0		1.0
			SNORD63				2.0
			TFAP2D				2.0
			FTLP15				2.0
			TTC4P1				2.0
			AC073115.7		2.0		2.0
			RGS16		1.0	1.0	1.0
			RP11-317P15.4				1.0
			RP11-317P15.5				1.0
			RNASEL				1.0
			RGS8				1.0
			RGSL1				1.0
			LRRTM4		1.0		1.0
			HCRTR2		2.0	1.0	3.0
			RP11-472I20.1				1.0
			FARP1-AS1				1.0
			STK24		1.0		1.0
			CTD-2329C7.2				1.0
			LIN7C				3.0
			RP11-435I10.3				3.0
			AC007422.1				1.0
			AC010987.5		2.0		2.0
			RASA2-IT1				2.0
			NLGN1		1.0		1.0
			ZMIZ2		3.0		3.0
			OGDH		1.0	2.0	4.0
			GTF2IRD2B				1.0
			WBSCR16		1.0		1.0
			CTD-3023L14.1				5.0
			CTD-3023L14.2				5.0
			ACTRT2		1.0		2.0
			RP11-185B14.1				2.0
			ENO1-IT1				2.0
			ENO1-AS1				2.0
			RNU6-304P				2.0
			HMGN2P17				2.0
			RP3-477M7.5				1.0
			ENO1		2.0		2.0
			PLOD1				1.0
			SRRM1		1.0		2.0
			RP11-492M19.3				1.0
			RP4-785J1.1		1.0		1.0
			RP5-968P14.2				2.0
			RP1-50O24.6				2.0
			NR0B2				2.0
			GPN2				2.0
			C1orf172		1.0	2.0	2.0
			NUDC		1.0		2.0
			AL109927.1				1.0
			THEMIS2				1.0
			PPP1R8				1.0
			RPA2		1.0		1.0
			SMPDL3B				1.0
			RP11-460I13.2				1.0
			RP1-92O14.3				1.0
			ELOVL1		1.0		1.0
			MED8				1.0
			RP1-92O14.6				1.0
			MPL				1.0
			CDC20				1.0
			SZT2				1.0
			MUTYH				2.0
			TOE1				2.0
			RP11-291L19.1				1.0
			TMA16P2				2.0
			RP4-533D7.3				2.0
			RP4-533D7.5				2.0
			RP11-322N21.2				2.0
			MRPL53P1				2.0
			RNU7-70P				2.0
			MRPS21		2.0	2.0	3.0
			PRPF3		2.0	1.0	4.0
			RPRD2		2.0	1.0	4.0
			RP11-284F21.8				1.0
			RP11-98G7.1				1.0
			IQGAP3				1.0
			HDGF				1.0
			SH2D2A		1.0		1.0
			INSRR				2.0
			YBX1P9				1.0
			LIN9				1.0
			OR2B11		2.0	1.0	6.0
			NLRP3		6.0	3.0	6.0
			OR2W5				6.0
			AL672294.1				2.0
			RNU6-1205P				2.0
			AL672183.2				2.0
			ZNF672				2.0
			ZNF692				2.0
			PGBD2		2.0	1.0	2.0
			RSU1		2.0		2.0
			RNU2-24P				1.0
			RNU7-12P				1.0
			AL160291.1				1.0
			YME1L1				1.0
			MASTL		1.0		1.0
			ACBD5				1.0
			RP11-436D10.3				1.0
			ADO		1.0		1.0
			HELLS		2.0		2.0
			RP11-119K6.6		1.0		2.0
			RNU6-447P				2.0
			AKIP1				3.0
			EXPH5				1.0
			AP000908.1				5.0
			AP002956.1				1.0
			PDZD3				1.0
			ABCG4		1.0		1.0
			NLRX1				1.0
			CCDC153				1.0
			CBL		1.0		1.0
			RNU6-262P				1.0
			MCAM		1.0		1.0
			ACA64				2.0
			RNF26				1.0
			RP11-334E6.10				1.0
			MFRP		1.0		1.0
			C1QTNF5		1.0		1.0
			USP2				1.0
			RP11-334E6.3				1.0
			USP2-AS1				1.0
			POU2F3				1.0
			RP5-1154L15.2				5.0
			RNU7-103P				5.0
			RP5-1154L15.1				5.0
			RP11-218M22.1		1.0	1.0	4.0
			RP11-218M22.2		1.0		4.0
			RP3-454B23.1		2.0	1.0	2.0
			TNFRSF1A		3.0		4.0
			PLEKHG6		1.0	1.0	4.0
			TAPBPL				1.0
			KLRK1				5.0
			AC004466.1				3.0
			RP5-1057I20.2				3.0
			RAPGEF3		1.0		3.0
			ANKRD33				1.0
			RP11-1100L3.4				1.0
			ACVRL1		1.0		1.0
			ACVR1B				1.0
			RP11-834C11.7				3.0
			RP11-834C11.3		2.0		3.0
			RP11-834C11.6		1.0		2.0
			RP11-834C11.5		2.0		2.0
			RP11-834C11.4				2.0
			RNU6-950P				3.0
			MIR148B				3.0
			RN7SL744P				3.0
			GPR84				3.0
			ZNF385A		1.0		3.0
			RP11-753H16.3		1.0		3.0
			RP11-753H16.5		1.0		3.0
			RNU6-595P				1.0
			USP15		1.0		1.0
			RN7SL737P		1.0		2.0
			RP11-356O22.4		2.0		2.0
			MRPL42				2.0
			RP11-423G4.7				2.0
			RNU6-361P				1.0
			DAO		1.0	1.0	2.0
			SVOP		1.0		2.0
			AC190387.1				1.0
			USP30-AS1		1.0		1.0
			RNA5SP372				1.0
			USP30		1.0		1.0
			ALKBH2				1.0
			UNG				1.0
			RP11-968O1.5				1.0
			ACACB				1.0
			RP1-46F2.3				2.0
			MORN3		2.0	1.0	2.0
			RP11-347I19.8				2.0
			AC084018.1				2.0
			SETD1B		2.0	1.0	2.0
			RP11-7M8.2				2.0
			HPD		1.0		2.0
			RNU7-170P		1.0		2.0
			PSMD9		2.0	1.0	2.0
			RP11-87C12.2		2.0		2.0
			WDR66		2.0	1.0	2.0
			RP11-87C12.5				3.0
			BCL7A		2.0	1.0	3.0
			AC156455.1		2.0	2.0	3.0
			MLXIP		1.0	1.0	3.0
			OGFOD2				3.0
			RP11-197N18.2				3.0
			ARL6IP4				3.0
			MIR4304				3.0
			RN7SL133P				2.0
			RPL35AP31				2.0
			ABCC4		1.0		1.0
			PTBP1P				1.0
			MIR4708		1.0		1.0
			CTD-2509G16.5				1.0
			RPL21P9				1.0
			RP11-1012A1.10				1.0
			RN7SL213P				1.0
			RP11-1012A1.7				1.0
			RDH12				1.0
			ZFYVE26		1.0		1.0
			RN7SL348P				2.0
			ANKDD1A		1.0		2.0
			AC069368.3		2.0	1.0	2.0
			MIR3680-2				1.0
			SLC7A5P1				1.0
			RP11-368N21.1				1.0
			SPN		1.0		1.0
			RP11-345J4.8				1.0
			CA5AP1		1.0		1.0
			QPRT				1.0
			snoU109		1.0		2.0
			RP11-615I2.2				2.0
			RP11-615I2.3				1.0
			RP11-252K23.1				1.0
			RP11-252K23.2				3.0
			RP11-680G10.1		2.0		2.0
			AC099684.1				3.0
			CTD-2545H1.1				3.0
			CHRNE				2.0
			C17orf107				2.0
			MINK1		2.0		3.0
			CTC-421K24.1				1.0
			DUSP14		1.0		2.0
			TADA2A		1.0		2.0
			SYNRG		1.0		2.0
			MIR142		2.0	1.0	2.0
			MIR4736				2.0
			BZRAP1				2.0
			BZRAP1-AS1		2.0	1.0	2.0
			CTD-2006K23.2				5.0
			MIR3615				5.0
			RAB37		5.0	1.0	5.0
			SLC9A3R1				5.0
			RP11-456K23.1		1.0		2.0
			DOK6		1.0	1.0	3.0
			DOHH				2.0
			RN7SL866P				2.0
			SBSN		2.0	1.0	2.0
			AD000090.2				2.0
			TMEM147		1.0	1.0	2.0
			KRTDAP				2.0
			DMKN				2.0
			ATP4A				2.0
			CTB-186G2.4				2.0
			hsa-mir-125a		1.0		3.0
			MIR99B				3.0
			MIRLET7E				3.0
			MIR125A				3.0
			AC018755.2				3.0
			LINC00085				3.0
			LENG1				2.0
			TSEN34				2.0
			CTD-3093M3.1		1.0	1.0	2.0
			AC012314.20				2.0
			PRPF31				2.0
			AC012314.8				2.0
			TMC4		1.0		2.0
			MBOAT7		1.0	1.0	2.0
			CNOT3				2.0
			RP11-333O1.1				2.0
			MIR3125				2.0
			TRIB2		2.0		2.0
			RNA5SP90				2.0
			CAPN14		1.0		2.0
			EHD3		2.0	1.0	2.0
			ARHGAP25		1.0		1.0
			AC008277.1				1.0
			DOCK10		3.0	1.0	3.0
			RP4-576H24.5				2.0
			SIRPG				2.0
			RP11-77C3.3				2.0
			RP4-576H24.4		2.0	1.0	2.0
			SIRPB1		2.0	1.0	2.0
			RN7SL561P				2.0
			RP4-673D20.1		2.0	1.0	2.0
			RP4-673D20.5				2.0
			RP4-673D20.4				2.0
			RP5-968J1.1		2.0	1.0	2.0
			AL441988.1		1.0		1.0
			MLLT10P1				1.0
			FRG1B		1.0		1.0
			DEFB116				2.0
			RPL31P3				2.0
			HAUS6P2		1.0		1.0
			RNA5SP480				1.0
			DEFB117				1.0
			DEFB118				1.0
			DEFB119				1.0
			HM13-AS1				3.0
			RNU6-384P		1.0		3.0
			RPL39P				1.0
			AL121914.1				1.0
			AURKA				1.0
			CSTF1				1.0
			CASS4		1.0		1.0
			TUBB1		2.0	1.0	2.0
			SLMO2				2.0
			NELFCD		1.0		2.0
			CTSZ		2.0	1.0	2.0
			ATP5E				2.0
			SNRPGP13				1.0
			MIR4761				3.0
			MIR185				1.0
			COMT				3.0
			ARVCF		3.0		3.0
			TANGO2				3.0
			TXNRD2				3.0
			GATSL3				2.0
			RP1-130H16.18				2.0
			XX-C283C717.1				1.0
			AC099535.1				2.0
			NEK10		1.0		2.0
			ARHGEF3-AS1		2.0	1.0	2.0
			ABCC5-AS1				2.0
			EEF1A1P8		1.0	1.0	2.0
			HTR3D		1.0		2.0
			HTR3C				2.0
			ABCC5		1.0		2.0
			RP11-778D9.9				2.0
			HTR3E-AS1				1.0
			HTR3E				1.0
			HSP90AA5P		1.0		1.0
			RP11-778D9.13				1.0
			RP11-778D9.12				1.0
			RP11-778D9.4				1.0
			DVL3				1.0
			AP2M1				1.0
			ABCF3		1.0		1.0
			THPO		1.0		1.0
			CHRD		1.0		1.0
			RP11-433C9.2				1.0
			CCDC96		1.0	1.0	3.0
			RP11-367J11.2		3.0	2.0	3.0
			TADA2B		2.0	1.0	3.0
			GRPEL1				3.0
			RP11-548H18.2				1.0
			RP11-33B1.4				1.0
			RNU6-1217P		1.0		1.0
			RP11-33B1.2				1.0
			RP11-33B1.3				1.0
			RP11-33B1.1				2.0
			RP11-752L20.5				1.0
			AC097455.1				1.0
			FAM160A1		1.0		1.0
			RP11-154F14.2				2.0
			AC010376.1		1.0		1.0
			CTD-2236F14.1				2.0
			F2RL2		1.0	1.0	2.0
			SCAMP1		1.0		2.0
			RN7SKP57				1.0
			AC093267.1				1.0
			CTB-36H16.2				2.0
			SNX2		1.0		2.0
			RN7SL689P				1.0
			RN7SL711P		1.0		1.0
			AC106786.1				2.0
			PPIC				1.0
			RP11-359P5.1				1.0
			CTB-127C13.1				2.0
			FABP6		2.0	1.0	2.0
			NHP2				2.0
			RP11-889L3.4				2.0
			GMCL1P1		2.0	1.0	2.0
			RMND5B				2.0
			HNRNPAB				2.0
			PHYKPL				2.0
			RP5-1086L22.1				2.0
			RP5-894D12.5				2.0
			RP5-894D12.3		2.0	1.0	2.0
			DLL1				2.0
			RP5-894D12.4				2.0
			MIR1302-6				1.0
			AC091697.1				1.0
			AC004854.5		1.0		3.0
			RP4-647J21.1				3.0
			RP4-673M15.1		1.0		1.0
			MYO1G		2.0	1.0	3.0
			SNHG15				3.0
			GJC3				1.0
			RP4-604G5.1				2.0
			TRIM4				1.0
			MEPCE				2.0
			RP11-758P17.2				2.0
			PPP1R35				2.0
			RP11-758P17.3				2.0
			C7orf61				2.0
			RNU6-1010P				2.0
			RP11-751K21.1				3.0
			AC093107.7		2.0	1.0	3.0
			RNU6-1154P				3.0
			RP11-644N4.1				3.0
			C7orf73		1.0		3.0
			SLC13A4		1.0		3.0
			NUP205		1.0		3.0
			JHDM1D-AS1		1.0		1.0
			RNU6-797P				1.0
			RP11-582J16.4				1.0
			RP11-582J16.3				2.0
			PPP3CC				1.0
			PDLIM2		1.0		2.0
			SORBS3				2.0
			C8orf4				1.0
			RP11-470M17.2		1.0		1.0
			RP11-359E19.2				1.0
			RP11-550A5.2				2.0
			NSMCE2		2.0	1.0	2.0
			RP11-10J21.4				3.0
			RP11-10J21.3				3.0
			RP11-10J21.6		1.0		2.0
			CTD-3064M3.1				3.0
			SLC45A4		3.0		3.0
			RP11-10J21.5		1.0		2.0
			EPPK1				3.0
			SLC1A1				1.0
			HNRNPA1P41		1.0		1.0
			AL158147.1		1.0		1.0
			RP11-39K24.9				1.0
			MTND6P5				1.0
			MTND1P11				1.0
			RP11-39K24.4				1.0
			RP11-39K24.14				1.0
			RP11-39K24.12				1.0
			RP11-39K24.13				1.0
			MTND4P14				1.0
			MTND5P14				1.0
			IGHEP2				1.0
			RP11-39K24.7				1.0
			RP11-172F4.2				3.0
			ZNF367		3.0	1.0	3.0
			C9orf156				2.0
			GPR144				1.0
			RNU6-1141P				1.0
			RN7SKP37				1.0
			MIR670				1.0
			AC023085.1				1.0
			NCAPG				1.0
			CTB-35F21.2				1.0
			RP11-17E13.2				1.0
			CRYZ		1.0		1.0
			TYW3				1.0
			CPN1				1.0
			LINC00263				3.0
			RP11-612B6.1				2.0
			RP11-283G6.5		2.0	1.0	2.0
			RP11-283G6.4		2.0	1.0	2.0
			RP11-513G19.1		1.0		2.0
			RP11-612B6.2				2.0
			ST13P4				1.0
			RPL34P26				2.0
			AL138696.1				2.0
			RPS3AP46				1.0
			AL163953.2				1.0
			AL163953.3		1.0		2.0
			BOLA2B				1.0
			SLX1A				1.0
			CORO1A				1.0
			RP11-455F5.5				1.0
			SLX1A-SULT1A3				1.0
			SULT1A3				1.0
			RP11-314O13.1		1.0		1.0
			RP11-1055B8.3				1.0
			RP11-1055B8.4				1.0
			RP11-1055B8.2		1.0		1.0
			TMEM105				1.0
			AC080002.1		1.0		1.0
			FAM109B				1.0
			SMDT1				1.0
			RP1-257I20.14				1.0
			OLA1P1				2.0
			CYP2D6		1.0		2.0
			RP4-669P10.19				2.0
			CYP2D7P1		1.0		2.0
			NDUFA6				1.0
			NDUFA6-AS1		1.0		2.0
			RP4-669P10.16				2.0
			CYP2D8P1				2.0
			TCF20				2.0
			C3orf65				2.0
			CTB-51E13.1				1.0
			FBXO8		1.0		1.0
			CEP44				1.0
			RP11-148L24.1				1.0
			RP11-317O24.3				1.0
			RP11-317O24.2		1.0		1.0
			CTD-2089N3.1				1.0
			CTD-2089N3.2				1.0
			CTD-2089N3.3				1.0
			RP4-625H18.2				1.0
			ID4		1.0		1.0
			RP1-167F1.2		1.0		1.0
			NPM1P36		1.0		1.0
			RP11-132M7.2				1.0
			RP11-132M7.3				1.0
			HOXA1				1.0
			HOXA4				2.0
			HOXA-AS2				2.0
			RPL35P4				1.0
			HNRNPA1P73				1.0
			AC004009.3		1.0		1.0
			EIF4HP1		1.0		1.0
			PSMC1P2				1.0
			RP11-463D19.1		1.0		1.0
			RP11-463D19.2		1.0		1.0
			RP11-406O23.2				1.0
			AKAP2		2.0	1.0	2.0
			RP11-284G10.1		1.0		1.0
			RP11-710F7.2				2.0
			RP11-361D14.2		2.0		2.0
			RP11-195M16.3				2.0
			RP11-195M16.1				2.0
			SNORA26		1.0		3.0
			BGLAP				1.0
			PAQR6				1.0
			PMF1		1.0		1.0
			TMEM79				1.0
			SMG5				1.0
			RP11-312P12.3				1.0
			POLR3DP1				1.0
			RP11-464O2.2				3.0
			COX7CP1				1.0
			OGFOD1P1				1.0
			MLNR				1.0
			FNDC3A		1.0	1.0	1.0
			NPM1P42		1.0	1.0	1.0
			AC009166.5				2.0
			RP11-454F8.2				1.0
			RNA5SP427		1.0		1.0
			RP11-44F14.4				1.0
			RP11-44F14.1				1.0
			RP11-44F14.8				1.0
			RP11-44F14.2				1.0
			AC009159.1				2.0
			RP11-345M22.2		3.0	2.0	4.0
			RP11-345M22.1		4.0	2.0	4.0
			CTD-2377D24.4				1.0
			RN7SL125P				1.0
			TTLL6		1.0	1.0	1.0
			CTD-2244F11.2				1.0
			MIR21				4.0
			RNU6-450P				4.0
			RN7SL789P				1.0
			CTC-244M17.1				2.0
			WDR87				2.0
			AC079354.3				2.0
			AC079354.1		2.0	2.0	2.0
			RN7SL753P				2.0
			AC064836.3				2.0
			RP11-686O6.1				2.0
			RN7SL40P		1.0	1.0	2.0
			RP11-686O6.2		1.0	1.0	2.0
			CYB5P4		1.0		1.0
			RP11-189G24.2		1.0		1.0
			RP4-753D10.5		1.0	1.0	1.0
			SSTR4				1.0
			THBD		1.0	1.0	1.0
			RP4-753D10.3				1.0
			RP5-1100I6.1		1.0	1.0	1.0
			RP5-1100I6.2		1.0		1.0
			RNU1-23P				1.0
			RP4-564O4.1		1.0		1.0
			GAPDHP53		1.0		1.0
			RP11-526K17.2				1.0
			SYNDIG1				1.0
			RP5-860P4.2		1.0		1.0
			RNU6-1257P				1.0
			CST7		1.0		1.0
			APMAP				1.0
			VSX1				1.0
			ACSS1		1.0	1.0	1.0
			FAM182A				1.0
			RP4-610C12.2				1.0
			DKKL1P1				1.0
			RP5-854E16.2		1.0		1.0
			RNU1-94P				1.0
			TTLL9		1.0		4.0
			LRRC37A15P				1.0
			KRT8P46				1.0
			RP11-10L12.1				1.0
			RP11-10L12.2				1.0
			RP11-364L4.3		1.0	1.0	1.0
			CTA-363E19.2				2.0
			CTA-360L10.1				2.0
			PRKAR2B		1.0		2.0
			HBP1		1.0	1.0	2.0
			CTB-20D2.1				2.0
			SNORD9				1.0
			DDX42				1.0
			SNORD75				1.0
			AC025750.6				1.0
			AC025750.5				1.0
			KCNG3		1.0		1.0
			AC005592.2		1.0		1.0
			HSPA8P15				2.0
			ZBTB2				1.0
			C6orf211		1.0	1.0	2.0
			NOV				2.0
			RP11-775B15.3				1.0
			RP11-775B15.2		1.0		2.0
			RN7SKP153				1.0
			RANP3				1.0
			RP11-233G1.4				1.0
			MGP		1.0		1.0
			ART4				1.0
			ERP27				1.0
			CTB-58E17.9				2.0
			MIR4726				2.0
			CCDC103				1.0
			FAM187A				1.0
			AC015936.3				1.0
			CTD-2534I21.8				1.0
			CTD-2534I21.9				1.0
			EFTUD2				1.0
			KIF18B		1.0		1.0
			C1QL1				1.0
			GFAP				1.0
			AC017084.1				1.0
			TGFA-IT1				1.0
			AC110620.1				1.0
			MIR5590				1.0
			AC016725.4		1.0		1.0
			ACMSD		1.0		1.0
			COX5BP8				1.0
			RP11-345I18.6				1.0
			RP11-499O7.7				1.0
			RP11-499O7.4				1.0
			AKR1C2		1.0		1.0
			AKR1C1		1.0		1.0
			RN7SL766P				2.0
			FGF9		2.0	1.0	2.0
			RP11-521C20.3				3.0
			RP11-521C20.1				2.0
			BMF		2.0	1.0	3.0
			RP11-521C20.2		1.0		4.0
			RN7SL551P				1.0
			RP11-669I1.1				1.0
			C18orf63				1.0
			CYB5A		1.0		1.0
			AL121652.1				1.0
			DPY30		1.0		1.0
			MIR4765				1.0
			BIRC6		1.0		2.0
			RP11-813N20.3				1.0
			ASF1A		1.0	1.0	2.0
			TECPR1				1.0
			MYH16		1.0		1.0
			AC005020.1				2.0
			ZKSCAN5				2.0
			FAM200A		1.0		2.0
			ZNF655				2.0
			GS1-259H13.10		1.0	1.0	2.0
			ZNF789				1.0
			ZNF394				1.0
			RP11-63A2.2				1.0
			C10orf107		1.0		1.0
			PPP1R32				1.0
			RP11-286N22.10				1.0
			MIR4488				1.0
			RP11-794G24.1				1.0
			RP11-286N22.8				1.0
			RP11-405A12.2				1.0
			RP11-664H17.1		1.0		1.0
			SMARCD1				1.0
			COX14				2.0
			ASIC1				1.0
			LINC00936				1.0
			RNA5SP365				1.0
			ULK3				3.0
			RP11-414J4.2		1.0		4.0
			CPLX3				3.0
			SCAMP2		1.0	1.0	2.0
			RP11-160C18.4				2.0
			RN7SL363P				2.0
			AC068831.15				4.0
			HDDC3				4.0
			AC068831.3				4.0
			UNC45A				4.0
			SWSAP1				2.0
			EPOR				2.0
			CTD-2342J14.6				1.0
			CCDC151		1.0	1.0	2.0
			AC015977.6				1.0
			AC015977.5				1.0
			RN7SL267P				1.0
			RP1-278O22.1				2.0
			RP1-278O22.2		2.0	1.0	2.0
			MRPS16P2		1.0	1.0	2.0
			RPL36P20				1.0
			RP11-626A1.1		1.0		1.0
			TRAK1				1.0
			PRDM8				1.0
			SALL4P7				1.0
			RP11-1042B17.4				1.0
			RP11-1042B17.3		1.0		1.0
			C14orf39				1.0
			AC009065.2				1.0
			MIR940		1.0		1.0
			ZFP64				1.0
			MIR3668		1.0		1.0
			RP11-648O15.1				2.0
			RP11-73E17.3				1.0
			IGBP1P1				1.0
			RP11-85K15.2		1.0		1.0
			SRP54				1.0
			MIR4526				2.0
			RP11-701H16.4				2.0
			LDLRAD4				2.0
			RPL23AP46		2.0	2.0	2.0
			AC004458.1				2.0
			RP11-375N15.2		6.0	4.0	8.0
			RPL19P13				8.0
			CTC-493P15.2				7.0
			MTMR9		3.0	1.0	7.0
			AF131216.5				8.0
			RN7SL293P				7.0
			RNU6-1084P				7.0
			TDH				8.0
			RP11-168F9.2				1.0
			MIR551A				1.0
			MEGF6		1.0		1.0
			THAP3				1.0
			DNAJC11				1.0
			RP11-776H12.1		1.0		1.0
			RP11-436K8.1				1.0
			RP11-91I11.1		1.0		1.0
			HSP90B3P				1.0
			RN7SL235P		1.0	1.0	2.0
			RP4-621B10.8				2.0
			RP4-775D17.1		2.0	1.0	2.0
			KIAA1107				2.0
			RN7SL824P				2.0
			GFI1		2.0		2.0
			SNORD21				3.0
			SNORA66				3.0
			RPL5		1.0		3.0
			FAM69A		2.0	1.0	3.0
			GS1-174L6.4				1.0
			HMCN1		1.0		1.0
			RP11-224O19.4				2.0
			RP11-224O19.5				2.0
			RP11-224O19.2				2.0
			AC096643.1				2.0
			CHRM3-AS2				1.0
			CHRM3		1.0		1.0
			RP13-463N16.6				1.0
			RP11-336A10.4		1.0		1.0
			RP11-336A10.7				1.0
			RN7SL445P				1.0
			RP11-336A10.5				1.0
			ASB13				1.0
			NUDT5				2.0
			RP11-137H2.6				1.0
			TSPAN14		1.0		1.0
			FAM213A				1.0
			RP11-413N13.1		1.0		1.0
			CTC-497E21.5				1.0
			RP11-800A3.7				1.0
			AP002761.1				1.0
			MIR196A2				2.0
			HOXC-AS1		1.0		2.0
			HOXC8				2.0
			AC012531.25				2.0
			MIR615				2.0
			HOXC-AS3				2.0
			RP11-834C11.14		1.0		2.0
			HOXC5				2.0
			RP11-834C11.12		2.0		2.0
			HOXC9		1.0		2.0
			RP11-129B9.2				1.0
			RP11-129B9.1				1.0
			NTN4		1.0		1.0
			SNRPF				1.0
			RP11-536G4.2		1.0		1.0
			RP11-536G4.1				1.0
			AL162759.1		2.0		2.0
			RP11-353P15.1		1.0		1.0
			TCEB1P2				1.0
			TYRO3				1.0
			NDUFAF4P1				1.0
			MIR4716				1.0
			RP11-325E5.4				1.0
			RN7SL307P				1.0
			COPS2				2.0
			GALK2		2.0	1.0	2.0
			RP11-353B9.1		1.0		1.0
			RP11-592N21.1				2.0
			RP11-592N21.2				2.0
			AC108861.1				1.0
			RP11-797A18.4				2.0
			RP11-797A18.3		1.0		2.0
			RP11-797A18.6				2.0
			TSPAN3				2.0
			RP11-109M19.1				1.0
			TEPP				1.0
			SNORA76				3.0
			RP11-77K12.1		2.0		3.0
			ATP2A3				2.0
			RP11-459C13.1		1.0		1.0
			ZZEF1				1.0
			RPL21P123				1.0
			RP11-82O19.2				3.0
			RP11-82O19.1				3.0
			SSH2		5.0	1.0	5.0
			AC104984.4				2.0
			RP11-1148O4.1				2.0
			MIR3184				4.0
			MIR423				4.0
			RP11-354P11.3				4.0
			RP11-354P11.8		1.0		4.0
			RP11-1148O4.2		1.0		4.0
			NSRP1		3.0	1.0	4.0
			EFCAB5		1.0		5.0
			MIR4734				1.0
			CTB-58E17.1				1.0
			CTB-58E17.3				1.0
			RP11-464D20.2				1.0
			RP11-464D20.6				1.0
			TLK2		1.0		2.0
			RP11-674N23.4				2.0
			SOGA2		2.0		2.0
			TSHZ3		1.0		1.0
			AC007796.1				1.0
			AC074212.6				4.0
			DMPK				4.0
			AC011530.4				4.0
			SIX5				4.0
			AC074212.5				4.0
			RP11-734K21.2				1.0
			RP11-734K21.5				1.0
			RP11-734K21.4		1.0		1.0
			RP11-734K21.3				1.0
			AC113608.1				1.0
			KCNS3		2.0		2.0
			RNU6-766P				1.0
			AC074019.1		1.0		1.0
			AC114788.1		2.0		2.0
			RP11-648F7.1				1.0
			AC114788.2				2.0
			AP000318.1				2.0
			KCNE2				1.0
			AP000320.6				1.0
			SMIM11				1.0
			AP000320.7		2.0		2.0
			AP000318.2		1.0		2.0
			RNU6-225P				2.0
			XXbac-B562F10.11				2.0
			KLHL22-IT1				2.0
			RN7SL812P				2.0
			KRT18P5				2.0
			AC007731.1				2.0
			ZNF74				2.0
			SCARF2		2.0		2.0
			USP41				2.0
			KLHL22		2.0		2.0
			AC133141.1				1.0
			RPS12P5				1.0
			RP11-889D3.1				1.0
			CACNA2D3		1.0		1.0
			RP11-368I23.3				1.0
			RP11-368I23.4		1.0		1.0
			RP11-368I23.2				1.0
			RP11-152C17.1		1.0		2.0
			BTC		1.0		1.0
			GSTCD		1.0		2.0
			RP11-45L9.1		1.0		1.0
			RFESD				1.0
			CTD-2154I11.2				1.0
			SPATA9		1.0		1.0
			CTD-2334D19.1		1.0		1.0
			CTC-441N14.2				1.0
			ZNF474				1.0
			CTD-2283N19.1				2.0
			CTB-4E7.1				1.0
			NIPAL4				2.0
			AC106801.1				1.0
			RNU6-390P				1.0
			AC008694.2				1.0
			SOX30				1.0
			RASGEF1C		1.0		1.0
			BTF3P7				1.0
			MIR4282				2.0
			KNOP1P4				1.0
			KCNQ5		2.0		2.0
			RP11-249L21.4				2.0
			ARMC2-AS1				2.0
			RN7SKP77				1.0
			RP11-308N19.5		2.0		2.0
			RP11-308N19.4				1.0
			RP5-1160K1.6				1.0
			GNAT2				1.0
			AMPD2				1.0
			FAM24A				2.0
			CUZD1				1.0
			FAM24B				1.0
			C10orf88		2.0	1.0	2.0
			PSTK				2.0
			RP11-564D11.3				2.0
			IKZF5				2.0
			OR52U1P				3.0
			TRIM34				3.0
			TRIM22				3.0
			TRIM5		3.0	3.0	3.0
			OR52P1P				3.0
			RP11-298P3.4				1.0
			RNU2-51P				1.0
			COX16				1.0
			SYNJ2BP-COX16		1.0	1.0	1.0
			SYNJ2BP		1.0	1.0	1.0
			RP11-417N10.3				1.0
			RP11-328J14.2		2.0	2.0	2.0
			RNU6-385P				1.0
			AC092289.1				1.0
			RNU7-90P				2.0
			RP5-991G20.1		2.0	2.0	2.0
			KRT18P18				2.0
			RNU7-186P				2.0
			RP11-290H9.4				3.0
			ABCA5				2.0
			RN7SL669P				1.0
			CTC-398G3.6				1.0
			RFXANK				2.0
			NR2C2AP				2.0
			MEF2BNB		1.0	1.0	2.0
			MEF2BNB-MEF2B		2.0	2.0	2.0
			MEF2B		2.0	2.0	2.0
			AC007041.1				1.0
			RNA5SP86				1.0
			SLC7A15P		1.0	1.0	1.0
			AC012065.7		1.0	1.0	1.0
			RP11-130L8.1				1.0
			RN7SKP66				1.0
			AC007098.1				1.0
			RP11-511I11.2				1.0
			RP11-511I11.1				1.0
			DBIL5P2				1.0
			AC009404.2				1.0
			AC009312.1				1.0
			DDX18		1.0	1.0	1.0
			HTR5BP				1.0
			AC079354.2				1.0
			SNORD70				1.0
			SNORD11B				1.0
			SNORD11				1.0
			SUMO1				1.0
			RP11-27M5.1				1.0
			AC073410.1				1.0
			AC098831.4				2.0
			RPL7P14				1.0
			SNORA1				3.0
			AC023271.1				1.0
			AC023271.2				1.0
			RN7SL670P				2.0
			MRPL50P2				1.0
			RP11-363J17.1				1.0
			ABI2				1.0
			RAPH1		2.0	2.0	2.0
			RP3-511B24.5				4.0
			RPL23AP81				4.0
			RP3-511B24.6				4.0
			AC104306.1				1.0
			AC104306.2				1.0
			CMTM6		1.0	2.0	1.0
			DYNC1LI1				1.0
			CMTM7				1.0
			CTD-2503O16.3				1.0
			CTD-2503O16.1				1.0
			HMGN2P4				2.0
			HAVCR2				2.0
			CTB-120L21.1				1.0
			RP1-249F5.3				1.0
			MAS1				1.0
			AGPAT4		1.0	1.0	1.0
			MAP3K4				1.0
			RP11-52M17.1				1.0
			RP11-146N23.4				1.0
			DENND4C		1.0	1.0	1.0
			HAND1				1.0
			CTB-158E9.1		1.0		1.0
			CTB-158E9.2				1.0
			SAP30L				1.0
			SAP30L-AS1				1.0
			RNU1-88P				1.0
			LAP3P2				1.0
			RAB44				1.0
			RP11-628K18.1				1.0
			AL031005.1				1.0
			PPP1R11P1		1.0	1.0	2.0
			RP11-293F5.8		2.0	2.0	2.0
			RP11-293F5.1		1.0	1.0	2.0
			NBPF2P		1.0	1.0	2.0
			HS6ST1P1				2.0
			CROCCP5		1.0	1.0	2.0
			NBPF3		3.0	3.0	3.0
			PFN1P10				3.0
			RP11-63N8.3		1.0	1.0	2.0
			AL359815.1				2.0
			RP11-132G19.3				2.0
			OR10J5				2.0
			RP11-740C1.2				2.0
			OR10AE1P		2.0	2.0	2.0
			APCS		1.0	1.0	2.0
			OR10J6P		1.0	1.0	2.0
			LINC00709		3.0	3.0	2.0
			FAM170B				2.0
			C10orf128				1.0
			FAM170B-AS1		1.0	1.0	3.0
			GALNT18		1.0	1.0	1.0
			AP000769.7				3.0
			AP000769.8		1.0	1.0	2.0
			SCYL1		1.0	1.0	4.0
			AP000769.1		1.0		2.0
			MALAT1				3.0
			FGF23		1.0	1.0	1.0
			FGF6		1.0	1.0	1.0
			C12orf4		2.0	2.0	2.0
			RAD51AP1				2.0
			RP11-234B24.5				1.0
			DYRK4		1.0	1.0	1.0
			RP11-500M8.7				1.0
			RP11-500M8.6				1.0
			AKAP3				1.0
			RP11-1060G2.1		2.0	1.0	2.0
			RP11-1060G2.2				2.0
			RP11-482D24.2				1.0
			RP11-482D24.3				1.0
			RFX4		1.0	1.0	1.0
			RP11-144F15.1		1.0	1.0	1.0
			EEF1B2P4				3.0
			RPL30P12		1.0		3.0
			C12orf23				3.0
			MTERFD3				3.0
			RP11-412D9.4		2.0	2.0	3.0
			CRY1				2.0
			ISCU				1.0
			RP11-689B22.2				1.0
			SART3				1.0
			GPR133		1.0	1.0	1.0
			RP11-638F5.1				1.0
			RP11-507J18.1		2.0	1.0	2.0
			RP11-108K3.1		3.0	2.0	3.0
			RNU6-981P				3.0
			MED1		1.0		4.0
			RP11-118B18.1		1.0	1.0	1.0
			AC016732.2				1.0
			RN7SKP281				1.0
			AC068754.1				2.0
			HNRNPA1P23				2.0
			CSTA		1.0	1.0	2.0
			RP11-592P9.1				1.0
			PARP9		2.0	2.0	2.0
			RP11-299J3.8				1.0
			KPNA1		1.0	1.0	2.0
			PARP15		1.0	1.0	2.0
			DTX3L		1.0	1.0	2.0
			IBSP		2.0	2.0	3.0
			SEPHS2P1		1.0	1.0	1.0
			RP11-491H9.3				3.0
			ARG1		1.0		2.0
			RNU4-18P				1.0
			MED23		1.0	1.0	2.0
			ENPP3		1.0	1.0	1.0
			CTAGE9				1.0
			OR2A4				1.0
			RP5-988G15.1		1.0	1.0	1.0
			MIR548H5				1.0
			RP3-323K23.3				1.0
			RN7SKP245				1.0
			RP1-131F15.2				1.0
			RP11-69I8.2		1.0	1.0	1.0
			CTGF				1.0
			RP11-69I8.3				1.0
			RP11-394G3.2		1.0	1.0	1.0
			RP11-158I9.1		2.0	1.0	2.0
			SETP16				2.0
			DDX6				3.0
			DEF6		1.0		4.0
			AC002454.1		2.0	1.0	2.0
			AF178030.2				2.0
			CTD-2384B9.1				2.0
			LINC00942				2.0
			FBXL14				2.0
			ERC1		1.0		3.0
			WNT5B		2.0	2.0	2.0
			RP11-463O9.6				2.0
			CTD-2015G9.1				2.0
			RP11-58A18.1		2.0	2.0	2.0
			CTD-2015G9.2				2.0
			KRT18P61				2.0
			AC079005.1				2.0
			RP11-264B14.2				1.0
			AC005884.1				1.0
			RP11-264B14.1				1.0
			RN7SL277P				1.0
			RPS14P3				1.0
			MINOS1-NBL1		1.0		1.0
			RP5-1056L3.1		1.0		1.0
			HTR6				1.0
			TMCO4				1.0
			RN7SL421P				2.0
			RN7SL386P				2.0
			RNU6-1022P				2.0
			RN7SL768P				2.0
			RN7SL186P				2.0
			RNU6-776P				2.0
			RP1-224A6.3		1.0		2.0
			LINC00339		1.0	1.0	2.0
			CDC42-IT1				2.0
			RP1-224A6.8				2.0
			CELA3A				2.0
			MIR4418		1.0		2.0
			HTR1D		1.0		1.0
			RP5-1057J7.1				1.0
			CATSPER4				1.0
			RN7SL490P				2.0
			AIM1L		1.0	1.0	2.0
			AL136115.1				1.0
			RP4-534N18.2				1.0
			RP11-84A19.4				1.0
			RNU6-510P				1.0
			FHL3		1.0		1.0
			POU3F1				1.0
			UTP11L				1.0
			OXCT2P1				3.0
			RP11-399E6.2				1.0
			RP11-399E6.1		1.0		1.0
			RP11-334A14.8				1.0
			PODN				1.0
			RP11-334A14.5				1.0
			SLC1A7		1.0		1.0
			RNU7-95P				1.0
			GLIS1		1.0		1.0
			SOD2P1				1.0
			RNA5SP56		2.0	1.0	1.0
			RNU6-157P				3.0
			RP11-412H9.1		2.0		2.0
			RP11-412H9.2				1.0
			CTD-2090I13.3				1.0
			BTF3P9		1.0		1.0
			RP11-275O4.4		1.0		1.0
			TUBB8P10				1.0
			TUBB8P9				1.0
			CTD-2090I13.1				1.0
			RP11-275O4.3				1.0
			JMJD4				1.0
			SNAP47-AS1				1.0
			MIR5008				1.0
			WNT9A		1.0		1.0
			CICP26		1.0		1.0
			RPL36AP55				1.0
			RNU4ATAC6P				2.0
			TPRKBP1				2.0
			RP11-330O11.3				1.0
			ZNF438		1.0		1.0
			LINC00948				1.0
			RP11-153K11.3		1.0		1.0
			KRT19P4				1.0
			PBLD		1.0		1.0
			TMEM14D		1.0		1.0
			TPRX1P1				1.0
			AL133481.1				1.0
			RP11-342M3.2				1.0
			EIF5AL1				1.0
			RP11-342M3.1				1.0
			PCGF5		1.0		1.0
			RN7SL21P				2.0
			RP11-170J3.2				2.0
			RNU6-43P				1.0
			RP11-179H18.5				2.0
			RP11-179H18.7				2.0
			MRPL23-AS1		1.0		1.0
			TNNT3				2.0
			MRPL23		1.0		2.0
			LMO1		2.0		2.0
			RP11-504G3.4				1.0
			RP11-137N23.1				1.0
			SPTY2D1-AS1				1.0
			SPTY2D1		1.0		1.0
			MTL5				1.0
			RP11-211G23.1				1.0
			RN7SKP297		1.0		1.0
			AP001324.1				1.0
			SNORD43				1.0
			MIR4696				1.0
			AP002954.6				3.0
			RNU6-376P		1.0		3.0
			TREH				3.0
			AP002954.4		2.0	1.0	3.0
			RP11-680F20.11				1.0
			RP11-680F20.4				1.0
			RP11-680F20.6		1.0		1.0
			RP11-680F20.12				1.0
			RP11-680F20.9				1.0
			DDX25				1.0
			RP11-680F20.5				1.0
			CDON				1.0
			RP5-951N9.2				1.0
			RP5-951N9.1				1.0
			RP11-664D1.1		1.0		1.0
			MRPS18CP4				1.0
			RNU6-491P				1.0
			GNAI2P1		1.0		1.0
			RN7SL676P				1.0
			RP11-874G11.1				1.0
			RNU6-594P				1.0
			RN7SL312P				1.0
			DDIT3				1.0
			MIR616				1.0
			DCTN2				1.0
			RP11-571M6.18				2.0
			MIR26A2				2.0
			RP11-620J15.1				2.0
			CTDSP2				2.0
			RP11-620J15.2		2.0		2.0
			AVIL				2.0
			RP11-58A17.4		1.0		1.0
			RNA5SP362		1.0		1.0
			RN7SL630P				1.0
			RP11-887P2.6				1.0
			LINC00485		3.0	2.0	1.0
			RP11-231I16.1				1.0
			TESC		1.0	1.0	2.0
			FBXW8		1.0		2.0
			IL31				2.0
			B3GNT4		1.0		2.0
			DIABLO		1.0		2.0
			RP11-512M8.5		1.0		2.0
			VPS33A				2.0
			CCDC62		1.0		4.0
			HIP1R		2.0	3.0	3.0
			RNA5SP28				1.0
			DLEU7-AS1		1.0		1.0
			MIR548AR				1.0
			RP11-524O1.4				1.0
			SUPT16H				1.0
			RP11-964E11.2				1.0
			RN7SL452P				4.0
			RP11-248J18.2				4.0
			ATL1				4.0
			RP11-390D11.2				1.0
			RNU2-65P				1.0
			AC022872.1				1.0
			RP11-24D15.1		1.0		1.0
			CTD-2323K18.3				1.0
			CTD-2323K18.2				1.0
			CTD-2643K12.1				1.0
			CTD-2643K12.2				1.0
			CTD-2643K12.3		1.0		1.0
			CTD-3049M7.1		1.0		1.0
			PGPEP1L				1.0
			RP11-654A16.3		1.0		1.0
			RP11-424I19.1				1.0
			RP11-424I19.2		1.0		3.0
			LA16c-390E6.5				1.0
			LA16c-390E6.4				1.0
			LA16c-390E6.3				1.0
			RPS3AP2				1.0
			LA16c-385E7.1				1.0
			CCDC154				1.0
			TELO2				1.0
			TMEM204				1.0
			AC005356.1				1.0
			RP11-295D4.1				1.0
			CORO7-PAM16		1.0		1.0
			VASN				1.0
			DCUN1D3				1.0
			LYRM1		1.0		1.0
			ERI2				1.0
			CHTF8				1.0
			CIRH1A		1.0		1.0
			RP11-140H17.1				1.0
			RAB34				2.0
			SNORD42B				2.0
			AC010761.8				2.0
			SNORD4A				2.0
			SNORD42A				2.0
			SNORD4B				2.0
			TLCD1				2.0
			AC010761.14				2.0
			TRAF4		2.0	1.0	2.0
			AC010761.9				2.0
			AC010761.10				2.0
			PROCA1				2.0
			RPL23A				2.0
			NEK8				2.0
			AC010761.6				2.0
			SUPT6H				2.0
			CTC-542B22.1				1.0
			COPRS				1.0
			UTP6		1.0		1.0
			CTC-542B22.2				1.0
			RP11-1072C15.3				1.0
			RP11-1072C15.2				1.0
			RP11-1072C15.4				1.0
			RN7SL819P				1.0
			RP11-1072C15.1				1.0
			C17orf104		1.0		1.0
			CCDC43				1.0
			DBF4B				1.0
			DCAKD		1.0		2.0
			RNU6-446P				1.0
			MRC2		1.0		1.0
			RNA5SP444				1.0
			RNU7-155P				1.0
			RNU6-305P		2.0		1.0
			PYCR1				1.0
			RP11-498C9.13				1.0
			NOTUM				1.0
			RP11-498C9.17				1.0
			STRA13				1.0
			MAFG-AS1				1.0
			MYADML2				1.0
			AC137723.5				1.0
			LRRC45				1.0
			SMCHD1		1.0		1.0
			RP11-703M24.5		1.0		1.0
			RP11-807E13.2		1.0		1.0
			RP11-807E13.3				1.0
			CEP192		1.0		1.0
			RP11-254G11.1				1.0
			RNU6-120P				1.0
			EXOGP1		1.0		1.0
			SNORD23				1.0
			RP11-296E23.1				1.0
			ESCO1				1.0
			GREB1L		1.0		1.0
			RP11-619L19.1				1.0
			RP11-17M16.2				1.0
			RP11-17M16.1				1.0
			ZNF516		1.0		1.0
			LINC00908				1.0
			GADD45B				1.0
			RNU6-993P				1.0
			TCEB1P28				1.0
			RNA5SP468				3.0
			CTB-52I2.3				3.0
			ARRDC2		3.0	1.0	3.0
			CTB-52I2.4				3.0
			KCNN1				3.0
			MIR640				1.0
			COX6B2				3.0
			TMEM190				1.0
			CTD-2105E13.15				1.0
			TMEM238				1.0
			CTD-2105E13.13				1.0
			SUV420H2				3.0
			AC020922.1				3.0
			CTD-2105E13.6				3.0
			FAM71E2				3.0
			RPL28				1.0
			UBE2S				1.0
			SBK2				1.0
			SBK3		1.0		2.0
			CTD-2537I9.5				2.0
			ZNF579				2.0
			FIZ1		1.0	1.0	2.0
			ZNF524				2.0
			SSC5D		1.0		1.0
			MYT1L				1.0
			AC010969.1				1.0
			RP11-254F7.1				1.0
			RP11-254F7.2				1.0
			RP11-254F7.3				1.0
			AC104794.4				1.0
			KLF11		1.0		1.0
			CYS1		1.0		1.0
			CISD1P1		1.0		1.0
			LINC00954				1.0
			RNU6-936P				2.0
			RNA5SP92				1.0
			AC083949.1		1.0		2.0
			EML4				1.0
			COX7A2L		1.0		1.0
			RP11-474G23.2				1.0
			AC017083.1				1.0
			RP11-474G23.3				1.0
			PNO1				1.0
			RP11-474G23.1		1.0		1.0
			RPS20P10		1.0		1.0
			AC062029.1		1.0		1.0
			AC104134.2				1.0
			EIF2AK3		1.0		1.0
			AC012668.3				1.0
			AC012668.1				1.0
			AC012668.2		1.0		1.0
			RPL7L1P9				1.0
			MIR3131				1.0
			RP11-33O4.1				1.0
			DNAJB2				2.0
			MIR153-1				2.0
			RESP18				1.0
			AC053503.2				1.0
			TUBA4A		1.0		2.0
			TUBA4B				2.0
			PTPRN		1.0		2.0
			AC114803.3		1.0		2.0
			AC017104.2				1.0
			SNORA75				1.0
			SNORD20				1.0
			AC017104.1				1.0
			RNU2-22P				1.0
			NCL		1.0		1.0
			SNORD82				1.0
			LINC00471				1.0
			C2orf82				2.0
			BOK-AS1				1.0
			RP11-367H1.1				1.0
			RNA5SP122				1.0
			BOK		1.0		1.0
			THAP4				1.0
			RN7SL839P				1.0
			SLC4A11				2.0
			C20orf194		1.0		2.0
			RP5-859D4.3		1.0		2.0
			snoR26		1.0		1.0
			SLA2				1.0
			RP3-343K2.4				1.0
			MROH8		1.0		2.0
			RPL27AP				1.0
			GTSF1L				1.0
			IFT52				1.0
			MYBL2		1.0		1.0
			KRT18P4				1.0
			RNU6-147P				1.0
			SNAI1		1.0		1.0
			RNF114				1.0
			HLCS-IT1				1.0
			HLCS		1.0		1.0
			ZNRF3-IT1				1.0
			H1F0				1.0
			GALR3				1.0
			ANKRD54				1.0
			NOL12				3.0
			CHCHD4P4				1.0
			AC083855.5				1.0
			HRH1				1.0
			AC026185.1				1.0
			RP11-169K17.2				1.0
			VGLL4		1.0		1.0
			RP11-169K17.3				1.0
			RP11-169K17.4				1.0
			RP11-627J17.1				2.0
			AC123900.2				1.0
			SUSD5		1.0		2.0
			CRTAP		1.0		3.0
			MIR26A1				1.0
			PPP2R2DP1				1.0
			RP11-372H2.1		3.0	2.0	1.0
			CTNNB1		1.0		1.0
			RP11-136C24.1				1.0
			RP11-136C24.2				1.0
			POMGNT2				1.0
			AC109583.1				1.0
			MYL3				1.0
			CCDC71		1.0	1.0	2.0
			RNU6-108P				1.0
			RNU6-483P				1.0
			PDE12				1.0
			RP11-755B10.4				1.0
			RNU6ATAC26P				1.0
			ARF4		1.0		1.0
			RP11-755B10.2				1.0
			DNAH12				1.0
			DENND6A				1.0
			SUCLG2		1.0		1.0
			RP11-274H2.2				1.0
			PLSCR4				1.0
			ZIC4-AS1				1.0
			ZIC4				1.0
			ZIC1				1.0
			RP11-649A16.1		1.0		1.0
			NPM1P28		1.0		1.0
			RP11-362A9.3		1.0		1.0
			RP11-211G3.2				2.0
			RTP2				2.0
			RP11-211G3.3		1.0		2.0
			AC063932.1				1.0
			LETM1				1.0
			RP11-22A3.2		1.0		1.0
			RP11-22A3.1		1.0		1.0
			RN7SKP30				1.0
			RP11-528I4.2				1.0
			CLOCK		1.0		1.0
			RP11-766F14.2		1.0		1.0
			MTTP				1.0
			RP11-766F14.1				1.0
			RP11-728C8.1		1.0		1.0
			MIR578				1.0
			HADHAP1				1.0
			CPE		1.0		1.0
			CTD-2083E4.6				1.0
			CTD-2083E4.5				1.0
			SDHA		1.0		1.0
			CTD-2004A9.1				1.0
			CTD-2325A15.3				1.0
			AK4P2		1.0		1.0
			CTC-575I10.1				1.0
			CBX3P3		1.0		1.0
			RNU6-482P				1.0
			APC		1.0		1.0
			CTC-554D6.1				1.0
			KIAA1024L		1.0		2.0
			CTC-575N7.1		2.0	1.0	2.0
			MIR3936				3.0
			RP11-546B8.1		1.0		1.0
			RN7SL339P				1.0
			RP11-117L6.1		1.0		1.0
			RP11-546B8.5				1.0
			TLX3				1.0
			CTB-33O18.2				1.0
			CTB-33O18.3				1.0
			BOD1		1.0		1.0
			CTB-33O18.1		1.0		1.0
			CTB-43E15.1				1.0
			PNPLA1		1.0		1.0
			NUDT19P4				1.0
			RP1-288M22.2		1.0		1.0
			RNU6-155P				1.0
			RP11-486E2.1		2.0	1.0	1.0
			RP5-991C6.3		1.0		1.0
			AL121963.1				2.0
			NIP7P3				2.0
			COL10A1		1.0		2.0
			RP1-93H18.7				1.0
			DSE		1.0		1.0
			RP1-93H18.1				1.0
			RFX6		1.0		1.0
			RN7SKP106		1.0		1.0
			RPS3AP23		1.0		1.0
			RP11-137J7.3				1.0
			NMBR		2.0		1.0
			RP11-440G9.1		1.0		1.0
			RP1-67K17.3		1.0		1.0
			RP1-67K17.4				1.0
			RP11-162J8.2				1.0
			SRP72P2		1.0		1.0
			RP11-732M18.3		1.0		1.0
			RP1-230L10.1		2.0	1.0	2.0
			RNU6-153P				1.0
			T		1.0		1.0
			RP3-495K2.3		1.0		1.0
			RP3-495K2.2		1.0		1.0
			RP3-495K2.1		1.0		1.0
			AC004744.3				1.0
			CNOT4		1.0		1.0
			AKR1D1				1.0
			AC006452.1				2.0
			DENND2A		2.0		2.0
			RP11-252C15.1		1.0		1.0
			LINC00681		1.0		1.0
			CSGALNACT1		2.0	3.0	2.0
			R3HCC1				1.0
			LOXL2		1.0		1.0
			RP11-177H13.2				1.0
			RP11-446E9.2				1.0
			RN7SL323P				1.0
			PENK		1.0		1.0
			SDR16C6P		1.0		1.0
			RP11-17A4.2		1.0		1.0
			RP11-328L11.1				1.0
			MIR1208		1.0		1.0
			RN7SKP226		1.0		1.0
			AC083843.2		1.0		1.0
			AC083843.3				1.0
			RP11-1057B8.2				1.0
			AC104592.1				2.0
			AC110280.1				1.0
			SCXA				1.0
			CTD-3232M19.2				1.0
			RP11-120J1.1				1.0
			NFIB		2.0	1.0	2.0
			RNU6-14P				1.0
			RP11-15B24.3				1.0
			RP11-15B24.4				1.0
			RP11-1E11.1				1.0
			RP11-1E11.2		1.0		1.0
			RNU6-677P				1.0
			RP11-2B6.3		1.0		1.0
			MIRLET7DHG		1.0		1.0
			RP11-173G21.1				1.0
			RP11-202G18.1		3.0	1.0	3.0
			RP11-168K11.3				1.0
			RP11-168K11.2		1.0		2.0
			RGS3		2.0	1.0	2.0
			RP11-65J3.2				1.0
			AL353803.1		1.0		1.0
			RP11-65J3.14				1.0
			RP11-65J3.3				1.0
			RP11-492E3.51				1.0
			LINC00963				1.0
			SLC45A1				1.0
			RP1-134O19.3				1.0
			RP11-5P18.1				1.0
			RP11-5P18.3				1.0
			ZBTB17		1.0	1.0	1.0
			COX6B1P7				1.0
			MIR4654				1.0
			RP11-421L10.1		1.0	1.0	1.0
			MPP7		1.0	1.0	1.0
			INPP5A		1.0	1.0	1.0
			C11orf16				2.0
			CCDC34		1.0	1.0	1.0
			RNA5SP339				1.0
			PDHX		1.0	1.0	1.0
			AP001257.1				1.0
			MS4A4E				1.0
			FAM89B				4.0
			SSSCA1				4.0
			RP11-356J5.5				1.0
			MRPS36P4				1.0
			RPS12P21				1.0
			RPS6P16				1.0
			AP002884.1				1.0
			C11orf34				1.0
			ST13P10				1.0
			SDHD				1.0
			PTS		1.0	1.0	1.0
			AP002884.2				1.0
			AP002884.3				1.0
			BCO2				1.0
			RP11-356J5.12				1.0
			RP11-136I14.4				1.0
			AP000997.1				1.0
			AP000997.2		1.0	1.0	1.0
			RP11-136I14.5				1.0
			AP000797.3		1.0		1.0
			AL135998.1				1.0
			MRPL52				1.0
			REM2				1.0
			SLC7A7				1.0
			LRP10				1.0
			RP11-894P9.1		1.0	1.0	2.0
			RP11-73M18.6				2.0
			RP11-73M18.10				2.0
			RP11-73M18.7				2.0
			RP11-73M18.8				2.0
			AL049840.1				2.0
			RP11-73M18.9				2.0
			XRCC3				2.0
			ZFYVE21				2.0
			MIR4713				2.0
			RP11-108K3.3				2.0
			RP11-883G14.3				1.0
			RP11-883G14.2		1.0	1.0	1.0
			CTD-3032H12.3		1.0	1.0	1.0
			C17orf105				2.0
			RP5-905N1.2				2.0
			FAM215A				2.0
			MPP2		1.0	3.0	2.0
			RP11-527L4.5				2.0
			RP11-527L4.6		1.0	1.0	2.0
			RP11-893F2.5				1.0
			RP11-893F2.15				1.0
			RP11-893F2.6				1.0
			SUMO2P7				1.0
			RP11-893F2.9				1.0
			TMEM92		1.0	1.0	1.0
			RPL31P60				2.0
			AC008738.2				1.0
			CTD-2540B15.10				1.0
			C2orf91				2.0
			AC104781.1				1.0
			EML6		2.0	2.0	2.0
			RNU7-81P				1.0
			AC093590.1		1.0	1.0	1.0
			CDK15				1.0
			AC000077.2		1.0	1.0	2.0
			CTA-292E10.8				2.0
			CTA-292E10.7				2.0
			CTA-292E10.6		2.0	1.0	2.0
			ZNRF3-AS1				2.0
			RNA5SP133				1.0
			RP11-20I20.1				1.0
			CRIPAK				1.0
			NKX1-1		1.0	1.0	1.0
			PCYOX1L				1.0
			RP11-394O4.3				1.0
			AC131025.8		1.0	1.0	1.0
			MIR143				1.0
			MIR145				1.0
			MIR143HG		1.0	1.0	1.0
			IL17B				1.0
			LINC00326		1.0	1.0	1.0
			RP11-704J17.2				1.0
			RP11-704J17.5				1.0
			RP1-283K11.2				1.0
			AC005550.5				1.0
			RPL36AP26				1.0
			MEOX2		1.0	1.0	1.0
			AC005550.3				1.0
			AC005550.4				1.0
			CTA-242H14.1				1.0
			CTA-351J1.1				1.0
			RP11-375N15.1		4.0	3.0	5.0
			MIR597				2.0
			RP11-1E4.1		1.0	1.0	1.0
			AC120194.1				1.0
			TRAM1		1.0	1.0	1.0
			RP11-382J12.1				1.0
			RP11-78H24.1		1.0		1.0
			RP11-48F14.1				1.0
			ABLIM2				1.0
			RP11-123K19.2				1.0
			RP1-163G9.2				1.0
			RP11-338N10.1				2.0
			RP11-338N10.2				2.0
			RP11-338N10.3				2.0
			RP3-467L1.6				3.0
			RP3-467L1.4		1.0	1.0	2.0
			PER3		1.0	1.0	2.0
			RNU6-828P				3.0
			MIR1273D				2.0
			KIF1B		3.0	1.0	3.0
			RNU6-37P				2.0
			RN7SL731P				2.0
			RP4-736L20.3				2.0
			CORT				2.0
			RP5-1113E3.3				2.0
			PGD		1.0		2.0
			APITD1				2.0
			APITD1-CORT				2.0
			DFFA		1.0	1.0	2.0
			RP11-70P17.1				2.0
			MYCL				2.0
			RP1-118J21.5				2.0
			MFSD2A		1.0		3.0
			RP3-342P20.2				3.0
			RP1-228H13.1				1.0
			RP1-228H13.2				1.0
			COL9A2				1.0
			SMAP2		1.0	1.0	1.0
			HPDL		1.0	1.0	1.0
			ZSWIM5		1.0		1.0
			MIR761				1.0
			TSEN15P2				1.0
			AL589663.1				1.0
			NRD1		1.0	1.0	1.0
			RAB3B				1.0
			RP5-1007M22.2		1.0	1.0	2.0
			RP11-413E1.4				1.0
			LRRC8B		1.0		2.0
			LRRC8C		1.0	1.0	1.0
			RP11-302M6.4		1.0	1.0	1.0
			RP5-943J3.1				1.0
			RP11-96K19.4				1.0
			RP11-96K19.5				1.0
			CD53		1.0	1.0	1.0
			RP11-96K19.2				1.0
			LRIF1				1.0
			RP4-591B8.3				1.0
			RPS7P2				2.0
			MIR5698				2.0
			RN7SL431P				2.0
			NUP210L		2.0	1.0	2.0
			TPM3		1.0		2.0
			MIR765				2.0
			PEAR1		2.0	1.0	2.0
			ARHGEF11		1.0	1.0	2.0
			LRRC71				2.0
			RN7SL612P				1.0
			RP11-110J1.2		1.0	1.0	1.0
			KRT8P45		1.0	1.0	1.0
			ETV3L				1.0
			CYCSP52				1.0
			ETV3				1.0
			hsa-mir-4259				1.0
			AL590560.1				1.0
			SLAMF9				1.0
			RP11-190A12.7				1.0
			CCDC19				1.0
			TAGLN2		1.0	1.0	1.0
			RP11-48O20.4				1.0
			IGSF9				1.0
			B4GALT3				2.0
			ADAMTS4		1.0	1.0	2.0
			AL590714.1				2.0
			APOA2				2.0
			TOMM40L				2.0
			MIR5187				2.0
			PPOX				2.0
			NDUFS2				2.0
			FCER1G		1.0	1.0	2.0
			NR1I3				2.0
			PBX1		1.0	1.0	1.0
			GM2AP2		1.0	1.0	1.0
			RNU6-290P				1.0
			RP1-81F6.1				1.0
			RN7SL425P				1.0
			PRRC2C		1.0		2.0
			PFN1P1				1.0
			RPL4P3		1.0	1.0	1.0
			DNM3-IT1				2.0
			RNU6-693P				1.0
			HNRNPA1P59				1.0
			RP11-38O14.5				1.0
			KLHL12				1.0
			ADIPOR1		1.0	1.0	1.0
			CYB5R1				1.0
			RP11-494K3.2				2.0
			NFASC		2.0	1.0	3.0
			CNTN2		3.0	1.0	3.0
			AL583832.1				3.0
			SNRPGP10				2.0
			LEMD1		1.0	1.0	2.0
			RP11-164O23.5				1.0
			C4BPA		1.0		1.0
			YOD1				1.0
			PFKFB2				1.0
			RP11-365O16.1		1.0	1.0	1.0
			RP11-365O16.3				1.0
			FBXO28				1.0
			DEGS1				1.0
			RP11-365O16.6				1.0
			RP11-439E19.10				1.0
			RP11-397A15.4				1.0
			SCCPDH				1.0
			RP11-439E19.8		1.0	1.0	1.0
			RP11-439E19.3				1.0
			AHCTF1				1.0
			RP11-118K6.2				1.0
			RP11-118K6.3		1.0	1.0	1.0
			PFKP				1.0
			RP3-323N1.2				1.0
			PROSER2		2.0	1.0	2.0
			PDLIM1		1.0	1.0	1.0
			TECTB		2.0	2.0	2.0
			GUCY2GP		1.0	1.0	3.0
			ACSL5		2.0	1.0	2.0
			RP11-324O2.3				2.0
			RP11-324O2.6				2.0
			ZDHHC6		1.0	1.0	2.0
			VTI1A				2.0
			RP11-567J24.4				3.0
			RN7SL749P				3.0
			AC090587.5				1.0
			AC090587.4				1.0
			MIR4687				1.0
			AC090804.1				1.0
			SNORA7				1.0
			OR52N3P				1.0
			OR52N2				1.0
			OR52E6				1.0
			OR52E8				1.0
			OR52E7P				1.0
			OR52E4				1.0
			LYVE1				1.0
			AC103828.1				4.0
			MIR3161				2.0
			OR5BA1P				1.0
			RP11-734C14.2		1.0	1.0	1.0
			OR10W1				1.0
			OR5BC1P				1.0
			OR5B19P				1.0
			OR5B10P				1.0
			OR5B21				1.0
			LPXN		1.0	1.0	1.0
			RNU6-1243P				2.0
			FADS3				3.0
			BEST1		1.0		2.0
			RP11-31L22.3				1.0
			ARAP1-AS1				1.0
			PDE2A				1.0
			AP002381.2				1.0
			RP11-735A19.2				1.0
			SRSF8				1.0
			RP11-64D24.2		2.0	1.0	3.0
			NNMT				2.0
			AP000936.2				2.0
			RNY4P6				2.0
			SCARNA11				3.0
			AP000892.8				1.0
			RNF214		1.0	2.0	3.0
			CEP164		1.0	2.0	2.0
			AP000892.4				2.0
			BACE1		1.0	1.0	2.0
			RNU6-592P				3.0
			PATE1		1.0	1.0	1.0
			PATE2				1.0
			PATE3				1.0
			RN7SL69P				2.0
			CD9		1.0	1.0	2.0
			RP1-96H9.5		1.0	1.0	1.0
			OVCH1				3.0
			RNU6-494P				1.0
			FGD4		1.0	1.0	1.0
			RP11-278C7.1				1.0
			DNM1L				1.0
			YARS2		1.0	1.0	1.0
			TUBA1A				2.0
			RP11-977B10.2		1.0	1.0	2.0
			RP11-161H23.5				1.0
			PRPH				1.0
			C1QL4				1.0
			RP11-161H23.9		1.0	1.0	1.0
			TROAP				1.0
			DNAJC22				1.0
			SPATS2		1.0	1.0	1.0
			KCNH3		1.0		1.0
			BIN2		2.0	1.0	2.0
			CELA1				1.0
			DAZAP2				2.0
			SMAGP				2.0
			SLC4A8				1.0
			GALNT6		1.0	1.0	1.0
			RP11-834C11.11				2.0
			RP11-834C11.10				2.0
			RP11-834C11.8				2.0
			RP11-977G19.12				2.0
			RNU7-40P				2.0
			APOF				1.0
			RP11-348M3.2				1.0
			RP11-977G19.10		1.0		2.0
			RP11-977G19.11		1.0		2.0
			CNPY2				2.0
			PAN2				2.0
			RNU6-343P				2.0
			SNORD59A				2.0
			RN7SL809P				2.0
			RBMS2				2.0
			ATP5B		1.0	1.0	2.0
			RP11-74M13.3				2.0
			RP11-74M13.4		2.0	1.0	2.0
			RP11-196H14.3				1.0
			RNU6-1009P				1.0
			RNU5A-7P				1.0
			C12orf66		1.0	1.0	1.0
			RPS11P6				1.0
			RP11-439H13.2		2.0	1.0	2.0
			TBK1				2.0
			RP11-338E21.3				2.0
			AC025262.1				2.0
			GNS		1.0	1.0	2.0
			RP11-629N8.3				1.0
			RP11-766N7.1				1.0
			RP11-766N7.3		1.0	1.0	1.0
			RP11-766N7.4				1.0
			TBC1D30				1.0
			MIR619				1.0
			RP11-711D18.2				2.0
			RNF34				2.0
			KDM2B		1.0	1.0	2.0
			RP13-941N14.1				1.0
			RNU6-1004P				1.0
			ORAI1		1.0	1.0	2.0
			SNORA9				1.0
			ZCCHC8		1.0	1.0	1.0
			RSRC2				1.0
			RP11-463O12.3				2.0
			VPS37B				2.0
			RILPL1				1.0
			EEF1DP3		1.0	1.0	1.0
			FRY		1.0	1.0	1.0
			LRCH1		1.0	1.0	1.0
			RP11-98F14.11				1.0
			GRTP1-AS1		1.0	1.0	2.0
			GRTP1		2.0	1.0	2.0
			DCUN1D2-AS				2.0
			DCUN1D2				3.0
			COCH				2.0
			RP11-829H16.3				2.0
			STRN3		2.0	1.0	2.0
			MIR624				1.0
			RP11-829H16.5				1.0
			AP4S1		1.0	1.0	1.0
			RP11-248J18.3				1.0
			NIN				1.0
			AL356020.1				1.0
			RP11-547D23.1				1.0
			DDHD1		1.0	1.0	1.0
			MAPK1IP1L				1.0
			RP11-698F20.3		1.0	1.0	1.0
			RP11-665C16.8				1.0
			RP11-665C16.5				1.0
			RP11-804M7.1				1.0
			RNU7-116P				1.0
			RP11-804M7.2		1.0	1.0	1.0
			RPS28P1				1.0
			SGPP1				1.0
			CTD-2325P2.3				2.0
			CTD-2325P2.2				2.0
			RNU6-921P				2.0
			RN7SL224P		1.0	1.0	2.0
			RP11-723P16.3				2.0
			BLZF2P				2.0
			HMGN1P3				2.0
			BANF1P1				2.0
			ACTN1-AS1		1.0		2.0
			RP11-226F19.1		1.0	1.0	2.0
			RP11-363J20.1				2.0
			RP11-363J20.2		1.0	1.0	2.0
			GALNT16		2.0	1.0	2.0
			CATSPERB		1.0		1.0
			BTBD6				3.0
			BRF1		3.0	2.0	3.0
			PACS2				2.0
			KRT8P24				1.0
			RN7SL577P				2.0
			RP11-1129I3.1				1.0
			RP11-31H5.1				2.0
			HNRNPA3P11				1.0
			RP11-244F12.2				3.0
			TPM1		3.0	2.0	3.0
			RP11-244F12.3		1.0		3.0
			RP11-69G7.1				3.0
			GAPDHP61				1.0
			MIR1272				3.0
			RBPMS2		2.0	1.0	3.0
			PIF1				3.0
			CTD-2562G15.2				1.0
			SNX33				2.0
			CTD-2026K11.1				1.0
			CSPG4				1.0
			AC105020.1				1.0
			RP11-326A19.3				1.0
			RNU7-195P				1.0
			HMGB1P8				1.0
			RP11-326A19.4				1.0
			MIR3174				2.0
			ZNF710		2.0	1.0	2.0
			AC068831.6				3.0
			PRC1		2.0	1.0	3.0
			VPS33B				3.0
			AC020663.1				1.0
			ROGDI				1.0
			SEC14L5		1.0	1.0	1.0
			RP11-165E7.1				1.0
			RP11-77H9.8				2.0
			USP7		2.0	1.0	2.0
			RP11-467J12.4				1.0
			CBFB				1.0
			TPPP3				1.0
			RNU1-123P				1.0
			RP11-297D21.2				2.0
			AC009061.1				2.0
			ZDHHC1				1.0
			HSD11B2				3.0
			7SK				1.0
			RN7SL33P				1.0
			SAMD11P1				1.0
			EIF4A1P9		1.0	1.0	1.0
			CAMKK1				1.0
			P2RX1		1.0	1.0	1.0
			RN7SL784P				2.0
			RP11-589P10.5				1.0
			RNASEK				2.0
			AC040977.1				2.0
			RNASEK-C17orf49				2.0
			C17orf49				2.0
			MIR497HG				2.0
			SLC16A13				2.0
			RP11-530N7.3				1.0
			RP11-589P10.7		1.0	1.0	2.0
			ALOX12		1.0	1.0	1.0
			BCL6B				2.0
			AC027763.2		1.0	1.0	2.0
			SLC16A11				2.0
			RP11-78O7.2				1.0
			RP11-209D14.4				2.0
			ULK2				1.0
			RPS7P1				1.0
			CTD-2350C19.5				1.0
			SLC13A2		1.0	1.0	1.0
			RP11-321A17.5				2.0
			AC024619.2				2.0
			RP11-321A17.3				2.0
			PIPOX		2.0	2.0	3.0
			SEZ6				3.0
			MYO18A		2.0	1.0	2.0
			TIAF1				2.0
			RP11-22N12.2				1.0
			TWF1P1		1.0	1.0	1.0
			RP11-321A17.4				2.0
			CRYBA1				2.0
			NUFIP2		2.0	1.0	2.0
			RPL35AP35		1.0	1.0	1.0
			RP11-296K13.4		1.0	1.0	2.0
			MIR4523		1.0	1.0	2.0
			RNU4-34P				2.0
			RNU6-711P				2.0
			RNU6-1034P				2.0
			CORO6				2.0
			RP11-68I3.10				2.0
			RPL9P30				4.0
			RP11-338L22.2				3.0
			RP11-354P11.4				2.0
			RNU6-1267P				2.0
			SLC6A4				2.0
			RP11-354P11.2				2.0
			CTD-2349P21.5				2.0
			CTD-2349P21.10				1.0
			CTD-2349P21.9				1.0
			CRLF3		1.0	1.0	1.0
			RP5-1067M6.3				2.0
			RPL7L1P5		1.0	1.0	2.0
			RN7SL258P				2.0
			SLC25A39				2.0
			FAM171A2				2.0
			GPATCH8		1.0	1.0	2.0
			MIR5089				1.0
			RN7SL270P				1.0
			RPRML				1.0
			RP11-156P1.3		1.0	1.0	1.0
			AC002558.1				1.0
			RP5-867C24.1				1.0
			MYL4				1.0
			RN7SL437P				1.0
			RPL31P57		1.0	1.0	1.0
			TEX2				1.0
			RP11-61L19.2		1.0	1.0	1.0
			TWSG1				1.0
			RALBP1		1.0	1.0	1.0
			RP11-61L19.1		1.0	1.0	1.0
			RNU2-27P				1.0
			RP11-61L19.3				1.0
			RP11-881L2.1				2.0
			RNU6-903P		1.0		2.0
			RP11-692N5.1		2.0	1.0	2.0
			RTTN		1.0	1.0	1.0
			RP11-704C2.1		1.0	1.0	1.0
			AC018445.1				1.0
			AC005262.3				2.0
			AC005262.2		1.0	1.0	2.0
			AC005262.4				3.0
			GNA15				3.0
			CTC-232P5.3				1.0
			CTC-232P5.4				1.0
			CTB-66B24.1				1.0
			RFX2		1.0	1.0	2.0
			ACSBG2				2.0
			SH2D3A				1.0
			VAV1		1.0	1.0	1.0
			CTD-2207O23.12				1.0
			CTD-2207O23.11				1.0
			MCOLN1		1.0	1.0	1.0
			PEX11G				1.0
			C19orf45				1.0
			ZNF358				1.0
			CTD-2207O23.10				1.0
			PNPLA6				1.0
			DDX39A				1.0
			CTC-548K16.1				1.0
			CD97		1.0	1.0	1.0
			CTC-548K16.5				1.0
			CTC-548K16.2				1.0
			LINC00905				2.0
			SNX33P1				2.0
			OR1AB1P				2.0
			CTD-2231E14.4				2.0
			LINC00661				1.0
			AC020907.2				2.0
			FXYD1				2.0
			LGI4				3.0
			CTD-2527I21.4				2.0
			CTC-550B14.1				2.0
			NLRP7		1.0		2.0
			CTD-2105E13.14				3.0
			CTD-2619J13.3				1.0
			MIR4754				2.0
			AC012313.1				2.0
			CTD-2619J13.13				2.0
			CTD-2619J13.16		1.0		2.0
			CTD-2619J13.17				2.0
			CTD-2619J13.19				2.0
			ZNF837				2.0
			RPS5				2.0
			ZNF584		1.0	1.0	2.0
			CTD-2619J13.14				2.0
			ZNF132				2.0
			ZNF324B				2.0
			AC010880.1		1.0	1.0	1.0
			AL121657.4		1.0		2.0
			RNU6-577P				1.0
			VIT				1.0
			AC007899.3				1.0
			GPATCH11				1.0
			SULT6B1				1.0
			RTN4				1.0
			MEIS1-AS3		2.0	1.0	2.0
			MEIS1-AS1				2.0
			AC092669.3				2.0
			MEIS1-AS2				2.0
			AC019206.1				2.0
			MXD1		2.0	1.0	2.0
			ASPRV1				2.0
			SNRNP27				2.0
			RP11-717A5.1				1.0
			RN7SL113P				1.0
			RNU7-162P				1.0
			RP11-717A5.2				1.0
			RNU7-64P				1.0
			RN7SL251P				1.0
			CAPG		1.0	1.0	1.0
			SH2D6				1.0
			ELMOD3				1.0
			AC105053.4				1.0
			RP11-548P2.2		1.0	1.0	1.0
			ST3GAL5				1.0
			AC009505.2				1.0
			NCK2		1.0	1.0	1.0
			RP11-465O11.1		1.0	1.0	1.0
			SULT1C4				1.0
			GCC2				1.0
			AC010095.5				1.0
			AC010095.6				1.0
			AC010095.7				1.0
			LIMS1		1.0	1.0	1.0
			PTPN4		2.0	1.0	2.0
			AC016691.2				1.0
			AC012363.7				2.0
			AC012363.8				2.0
			MTND3P10				2.0
			AC012363.10				2.0
			MTND4P26				2.0
			MTND5P28				2.0
			AC012363.4				2.0
			RALB		2.0	1.0	3.0
			TMEM185B				2.0
			MTND6P11				2.0
			MTND5P24				2.0
			MTND4P22				2.0
			AC013437.4				2.0
			MTND3P9				2.0
			AC013437.6				2.0
			AC013437.7				2.0
			RP11-190J23.1				2.0
			AC013437.2				2.0
			GORASP2				1.0
			TLK1		2.0	1.0	2.0
			DNAJB1P1				2.0
			SDPR		2.0	1.0	2.0
			AC098872.3				2.0
			AC098617.1				2.0
			AC013476.1				1.0
			ACSL3		1.0	1.0	1.0
			MRPL44				1.0
			AC073641.2				1.0
			SERPINE2		1.0	1.0	1.0
			MIR5702		3.0	1.0	1.0
			IRS1		1.0		2.0
			LRRFIP1		1.0	1.0	1.0
			AC110619.2				1.0
			AC110619.1				1.0
			MIR149				1.0
			GPC1		1.0	1.0	1.0
			AQP12B				2.0
			AC011298.1				1.0
			AC011298.2				1.0
			AQP12A				1.0
			AGXT				2.0
			KIF1A		2.0	1.0	2.0
			AL109658.1				1.0
			RNU6-917P				1.0
			SIRPB2		1.0	1.0	1.0
			RP4-576H24.2				1.0
			SIRPD		1.0	1.0	1.0
			NSFL1C				1.0
			RP4-673D20.3				1.0
			AL049647.1				1.0
			RP5-1027G4.3				1.0
			RN7SL31P				1.0
			PABPC1L				1.0
			TOMM34				1.0
			YWHAB		1.0	1.0	1.0
			STK4		2.0	1.0	2.0
			MIR3617				2.0
			HNRNPA1P3				2.0
			SPINT5P				2.0
			WFDC11				1.0
			WFDC10B				2.0
			WFDC13		1.0	1.0	2.0
			SPINT4				2.0
			WFDC3		2.0	2.0	2.0
			RNU6ATAC38P				2.0
			UBE2C				1.0
			TNNC2				1.0
			DNTTIP1				2.0
			RN7SL243P				1.0
			AL031666.1				1.0
			AL031666.2				1.0
			RP4-569M23.4				1.0
			RP4-569M23.2				1.0
			RP4-724E16.2		1.0	1.0	1.0
			SAMD10				1.0
			RHBDD3				1.0
			CTA-984G1.5				1.0
			EWSR1		1.0	1.0	1.0
			RPL5P34		1.0		1.0
			GOLGA2P4		1.0		1.0
			ARFGAP3		1.0		1.0
			AL049758.2				1.0
			PACSIN2		2.0	1.0	2.0
			AL022476.2		1.0	1.0	2.0
			AL022237.3				1.0
			MCAT				3.0
			TSPO		1.0	1.0	3.0
			BIK		1.0	1.0	3.0
			CITF22-1A6.3				1.0
			PIM3				1.0
			ZBED4				1.0
			ALG12		1.0	1.0	1.0
			CRELD2				1.0
			MIR3134				1.0
			BTD				1.0
			ANKRD28		1.0	1.0	1.0
			RP11-44D5.1				1.0
			RN7SL4P				1.0
			BBX		2.0	1.0	2.0
			SIDT1-AS1				2.0
			MIR4446				2.0
			RN7SL767P				1.0
			MYLK				1.0
			RNU6-143P				1.0
			AC080008.1				2.0
			RP11-71H17.7				1.0
			MIR544B				1.0
			RP11-71H17.1				1.0
			RP11-71H17.9				1.0
			UMPS				1.0
			ITGB5-AS1				2.0
			ENO1P3				2.0
			HEG1				1.0
			HMGN1P8				1.0
			PDCD10		1.0	1.0	1.0
			SERPINI1				1.0
			CPN2				1.0
			LRRC15				1.0
			ATP13A3				1.0
			GP5		1.0	1.0	1.0
			AC069257.8				1.0
			AC069257.6				1.0
			RP11-447L10.1		1.0	1.0	1.0
			TCTEX1D2				1.0
			TM4SF19-AS1				1.0
			RNU6-204P				1.0
			RP11-357G3.2				1.0
			RP11-357G3.1				1.0
			KIAA0232		2.0	1.0	3.0
			RP11-397E7.1				3.0
			RP11-397E7.2				3.0
			AC097533.1		1.0	1.0	2.0
			RN7SL335P		1.0		2.0
			IL21		1.0	1.0	3.0
			RP11-529H22.1				2.0
			TIGD4				2.0
			ARFIP1		2.0	1.0	2.0
			RP11-231G3.1				2.0
			ELOVL7		2.0	1.0	2.0
			GNL3LP1				2.0
			AC104113.3				1.0
			ERCC8		1.0	1.0	2.0
			NDUFAF2		1.0	1.0	1.0
			AC008498.1				1.0
			CTC-436P18.1		1.0	1.0	1.0
			CTC-436P18.3		1.0	1.0	1.0
			AC008836.1		1.0	1.0	1.0
			KIF2A		2.0	1.0	1.0
			IPO11		1.0	1.0	1.0
			RP11-95I19.2				1.0
			RP11-95I19.1				1.0
			LRRC70				1.0
			RP11-5P22.1				1.0
			RP11-287J9.1				1.0
			MAST4-IT1				2.0
			CTC-347C20.2		2.0	2.0	2.0
			MIR4804				4.0
			CTD-2339M3.1				4.0
			CTD-2631K10.1		1.0		5.0
			TNPO1		4.0	2.0	5.0
			RP11-156N15.1		1.0	1.0	1.0
			CTD-2275D10.2				2.0
			CTD-2384B11.2		2.0	1.0	2.0
			F2R		2.0	1.0	2.0
			RN7SL208P				2.0
			F2RL1				2.0
			RNU6ATAC36P				2.0
			CRHBP		2.0	1.0	2.0
			CTC-564N23.2				1.0
			SNORA47				1.0
			AGGF1		1.0	1.0	1.0
			ZBED3				1.0
			ACTBP2				1.0
			TBCA		1.0	1.0	1.0
			MIR3661				1.0
			TCF7				1.0
			SKP1				1.0
			CTD-2410N18.5		1.0	1.0	1.0
			PPP2CA				1.0
			CTD-2410N18.4				1.0
			CDKL3				1.0
			CTD-2410N18.3				1.0
			RP11-215P8.4				1.0
			CTC-203F4.2				1.0
			H2AFY		1.0	1.0	1.0
			CTD-2024I7.13				1.0
			CTD-2024I7.1				1.0
			AC008781.7				1.0
			HDAC3				1.0
			FCHSD1				1.0
			RELL2				1.0
			PCDH12				2.0
			RP11-175K6.1				3.0
			CTB-11I22.1		1.0	1.0	2.0
			CTB-11I22.2		1.0	1.0	2.0
			RNF145		2.0	1.0	2.0
			UBLCP1				1.0
			AC008697.1		1.0	1.0	1.0
			AC008706.1				2.0
			PWWP2A				2.0
			RP11-34P1.1				2.0
			RP11-34P1.2				2.0
			CCNJL				2.0
			SLC22A23		1.0	1.0	1.0
			Z85986.1				2.0
			RN7SL748P				2.0
			STK38		2.0	1.0	2.0
			KCTD20				1.0
			RPL7L1				1.0
			C6orf226		1.0	1.0	1.0
			GLTSCR1L				1.0
			GPR116		2.0	1.0	2.0
			RP3-365O12.2				2.0
			RP11-157D6.1		2.0	1.0	2.0
			TNFRSF21				2.0
			GPR111				3.0
			RP11-134K13.4				1.0
			RP11-134K13.2		1.0	1.0	1.0
			SLC25A6P6		1.0	1.0	1.0
			C6orf57				1.0
			SMAP1				1.0
			RP11-351A11.1				1.0
			RP11-439L18.2		1.0	1.0	1.0
			RP11-439L18.1				1.0
			RP11-439L18.3				1.0
			ZDHHC14		1.0	1.0	1.0
			RNMTL1P2		1.0	1.0	2.0
			CLDN3		1.0	1.0	1.0
			CLDN4				1.0
			AC005077.14				1.0
			RNU6-863P				1.0
			AC005077.9				1.0
			AC005077.8				1.0
			MDH2				1.0
			AC005077.12		1.0	1.0	1.0
			AC005077.7				1.0
			CTA-339C12.1				1.0
			CTA-357J21.1				1.0
			CTB-30L5.1		1.0	1.0	1.0
			CTB-111H14.1		2.0	1.0	3.0
			CCDC71L		2.0	1.0	2.0
			RNA5SP236				3.0
			RP5-884M6.1		2.0	1.0	3.0
			AC002543.2		2.0	1.0	2.0
			AC008154.4				1.0
			AC008154.5				1.0
			SLC35B4		1.0	1.0	1.0
			AC015987.1				1.0
			AC015987.2				1.0
			LUZP6				1.0
			RNU6-223P				2.0
			MTPN		2.0	1.0	2.0
			AC104843.3				1.0
			XRCC2		1.0	1.0	1.0
			AC019084.7				1.0
			NCAPG2				1.0
			ESYT2		1.0	1.0	2.0
			RP11-1080G15.2				1.0
			RP11-1080G15.1		1.0	1.0	1.0
			TGS1		1.0	1.0	1.0
			RP11-318K15.2				2.0
			HNRNPA1P36				1.0
			CHMP4C				1.0
			SNX16				1.0
			RP13-923O23.6		1.0	1.0	1.0
			RNU6-1255P				1.0
			AC131568.1				1.0
			CTD-3064M3.3				2.0
			CTD-3064M3.4		1.0	1.0	1.0
			PTP4A3				1.0
			RP11-143M1.3		1.0	1.0	1.0
			RP11-143M1.4				1.0
			FOXD4				1.0
			RP11-143M1.7				1.0
			RP11-143M1.2				1.0
			C9orf66		2.0	2.0	3.0
			RP11-59O6.3		1.0	1.0	5.0
			RRAGA				1.0
			SCARNA8				1.0
			RNU6-264P				1.0
			RN7SL158P				1.0
			PLIN2				1.0
			KLF9		2.0	1.0	2.0
			TRPM3		1.0	1.0	1.0
			RP11-349K21.1				4.0
			AKR1C6P				1.0
			HNRNPH3				1.0
			RP11-9E13.4				1.0
			RUFY2		1.0		1.0
			RP11-671P2.1				1.0
			TP53I3				1.0
			PFN4				1.0
			RP11-507M3.1		1.0	1.0	3.0
			WDR92				1.0
			RPIA				1.0
			MIR375				1.0
			AC097468.4				1.0
			CCDC108		1.0		1.0
			LRRC14B				1.0
			CTD-2083E4.7				1.0
			CTD-2083E4.4		1.0		1.0
			PLEKHG4B				1.0
			CCDC127		1.0		1.0
			CTD-2218G20.1		1.0		1.0
			AC092657.2		1.0		1.0
			FEZF1				1.0
			FEZF1-AS1				1.0
			RP5-1101C3.1				1.0
			RP4-713A8.1				1.0
			AL589739.1				1.0
			RP4-740C4.6				2.0
			RP4-740C4.5				2.0
			GJB5				1.0
			AL121988.1				1.0
			GJB3				1.0
			GJA4				1.0
			GJB4				1.0
			RP1-34M23.5				1.0
			SMIM12		1.0		1.0
			AL592294.1				1.0
			RP11-366L18.1		1.0		1.0
			ABCD3				1.0
			TMEM56		1.0		1.0
			RP11-57H12.2				1.0
			RP11-57H12.6		1.0		1.0
			RP11-57H12.3				1.0
			DENND2C				1.0
			RP11-759F5.1				1.0
			SLC39A1				1.0
			DENND4B				1.0
			CRTC2				1.0
			MIR190B				1.0
			C1orf189				1.0
			C1orf43				1.0
			RP11-359E8.5				1.0
			RP11-354K1.1		2.0	1.0	3.0
			AL356310.1				3.0
			FDPSP8				3.0
			RP11-354K1.2		2.0	1.0	3.0
			RP11-261C10.4				1.0
			RP11-261C10.5				1.0
			AC092782.1				1.0
			RP11-406H21.2				1.0
			TRDMT1		1.0		2.0
			VIM		1.0		2.0
			RP11-124N14.3				2.0
			VIM-AS1		1.0		2.0
			ST8SIA6		1.0		2.0
			ARMC3		1.0		1.0
			RP11-135A24.4				1.0
			AL391839.1				1.0
			RNU6-1244P				1.0
			RP11-135A24.2				1.0
			LINC01001				1.0
			PIGCP1				1.0
			DEPDC7				1.0
			TCP11L1		1.0		1.0
			CSTF3				1.0
			RNA5SP341				1.0
			RN7SKP259				1.0
			RP11-624G17.3				1.0
			RTN4RL2				1.0
			RNU7-59P				1.0
			DKFZP434E1119				1.0
			PAK1				1.0
			SIDT2				3.0
			RP11-253E3.1				1.0
			TSPAN9-IT1				1.0
			RND1		1.0		1.0
			RNU6-600P				1.0
			RP11-302B13.1				1.0
			CACNB3				1.0
			DDX23				1.0
			RP11-302B13.5		1.0		1.0
			CCDC65				1.0
			FKBP11				1.0
			AC073610.5		1.0		1.0
			RNU6-940P				1.0
			WNT1				1.0
			ARF3				1.0
			WNT10B				1.0
			DDN		1.0		1.0
			RP11-386G11.3				1.0
			RP11-386G11.5				1.0
			PRKAG1				1.0
			KMT2D				1.0
			PRPF40B				1.0
			RP11-133N21.10				1.0
			FAM186B				1.0
			RP11-133N21.12				1.0
			TMBIM6				1.0
			FMNL3		1.0		1.0
			ITGA5				1.0
			RNU5E-5P				1.0
			RNA5SP367				1.0
			SPIC		1.0		1.0
			FAM109A				2.0
			AL138706.1				1.0
			CSNK1A1L				1.0
			SUPT20H		1.0		1.0
			RP11-747H7.3				1.0
			SPG21				1.0
			RP11-10O17.1		1.0		3.0
			RP11-10O17.3		2.0		2.0
			RP11-151H2.1				2.0
			SCAMP5				3.0
			AC092377.1		1.0		2.0
			RN7SL381P				3.0
			C16orf74				3.0
			GINS2				3.0
			RP11-81A22.5				2.0
			ATP6V0CP1				2.0
			RN7SL171P				2.0
			PLD2				2.0
			AC012146.7				2.0
			RP11-46I8.1				2.0
			ZFP3				2.0
			ZNF232		1.0		2.0
			USP6				2.0
			RP11-46I8.3		1.0		2.0
			ZNF594				1.0
			SCIMP		1.0		1.0
			RP11-333E1.2				1.0
			RP11-333E1.1		1.0		1.0
			RPS27AP1				1.0
			RP11-401O9.4		1.0		1.0
			RP11-401O9.3				1.0
			MYH13				1.0
			RP11-686D22.5				1.0
			RP11-686D22.4				1.0
			RP11-686D22.7				1.0
			RP11-686D22.8				1.0
			RP11-686D22.3				1.0
			SLFN12				1.0
			RP5-875H18.4				1.0
			RP11-893F2.13				1.0
			RP11-893F2.14				1.0
			ITGA3				1.0
			PDK2				1.0
			SAMD14		1.0		1.0
			PPP1R9B				1.0
			AC002401.1				1.0
			SGCA				1.0
			HILS1				1.0
			RP11-178C3.6				1.0
			CTD-2319I12.5				1.0
			HEATR6				1.0
			CTD-2319I12.2				1.0
			CTD-2319I12.1		1.0		1.0
			CTD-2319I12.4				1.0
			CTD-2319I12.3				1.0
			KRT18P8				1.0
			CTC-550B14.8				1.0
			NCR1				1.0
			AC003682.16				2.0
			AC003682.17				2.0
			ZSCAN4				2.0
			ZIK1				2.0
			ZNF530				2.0
			ZNF134				2.0
			ZNF211		2.0		2.0
			ZNF551				1.0
			AC003006.7				1.0
			GALNT14				1.0
			XDH		1.0		1.0
			AC015969.3		1.0		1.0
			CNRIP1				1.0
			KRT8P10				1.0
			DUSP19				1.0
			AC064871.3				1.0
			NUP35		1.0		1.0
			ABCB6				2.0
			AC068946.1				2.0
			ANKZF1				2.0
			STK16				1.0
			ATG9A				2.0
			GLB1L				2.0
			DTYMK				1.0
			ATG4B				1.0
			AC133528.2		1.0		1.0
			AP5S1				1.0
			RP11-119B16.2				1.0
			MAVS		1.0		1.0
			PANK2		1.0		1.0
			MIR103A2				1.0
			RNF24				1.0
			PPIAP2				1.0
			ABHD12		2.0	1.0	2.0
			RP11-261P9.4				1.0
			STX16-NPEPL1		1.0		1.0
			MIR296				1.0
			MIR298				1.0
			AL035250.1		1.0		1.0
			RP4-614C15.2				1.0
			RP4-614C15.3		1.0		1.0
			RP11-157P1.4				1.0
			MIR4758				1.0
			RP11-157P1.5				1.0
			ADRM1				1.0
			CABLES2				1.0
			AF127577.10				3.0
			AF127577.11				3.0
			NRIP1		3.0		3.0
			RN7SL389P				1.0
			XXbac-B135H6.18				1.0
			THAP7				1.0
			THAP7-AS1				1.0
			AC002472.1				1.0
			CRKL				1.0
			XXbac-B135H6.15		1.0		1.0
			AIFM3				1.0
			TUBA3FP				1.0
			RN7SL385P				2.0
			LGALS1		1.0		2.0
			SH3BP1				2.0
			Z83844.1				2.0
			PDXP				2.0
			GGA1		1.0	1.0	2.0
			RNU6-900P				1.0
			C22orf23				1.0
			RP5-1039K5.17				1.0
			MICALL1		1.0		1.0
			SOX10				1.0
			EIF3L				1.0
			POLR2F				1.0
			MIR4534				1.0
			MIR4270				1.0
			RN7SL110P				1.0
			HACL1		1.0		1.0
			MIR563				1.0
			AC090945.1				1.0
			RN7SL859P				2.0
			RPL29P11				1.0
			RNU6-1227P		1.0		1.0
			WDR48				2.0
			RP11-2G17.1				2.0
			TM4SF1-AS1		1.0	1.0	2.0
			RP11-278L15.2				2.0
			TM4SF18		1.0		1.0
			TM4SF1				2.0
			RP11-206M11.7				1.0
			RNU6-838P				1.0
			RNU6-868P				1.0
			TEC				1.0
			OTP				1.0
			CLINT1		1.0		1.0
			GPR110		1.0		1.0
			GPR115				2.0
			RP11-52J3.3				1.0
			RP11-52J3.2				1.0
			RP3-403L10.3				1.0
			PVRIG				3.0
			AC005071.1				3.0
			GATS		2.0		3.0
			RN7SL161P				1.0
			AC087269.2		1.0		2.0
			RP11-62H7.3		1.0		2.0
			RP11-981G7.3				4.0
			RP11-981G7.6				4.0
			PRSS55		1.0	1.0	4.0
			PRSS51		4.0	1.0	4.0
			SUB1P1				6.0
			RP11-297N6.4		2.0	2.0	6.0
			RP11-589N15.2				6.0
			CTSB		2.0		6.0
			FDFT1		6.0	3.0	6.0
			RP11-589N15.1				3.0
			RP11-10C8.2		1.0		2.0
			MTND4P7				2.0
			GNRH1				1.0
			RP11-395I14.2				1.0
			KCTD9				1.0
			RP11-642D21.1				1.0
			RP11-642D21.2				1.0
			AC105049.1				1.0
			RN7SL22P				2.0
			CA9				2.0
			MSMP		1.0		2.0
			RP11-112J3.15				2.0
			ARHGEF39				2.0
			TPM2		1.0		3.0
			TLN1		1.0		3.0
			CREB3		1.0		3.0
			GBA2				3.0
			RGP1		1.0		2.0
			OR7E108P				1.0
			SYK		3.0	1.0	3.0
			RP11-535M15.2		2.0		2.0
			RP11-535M15.1				2.0
			ZNF510				2.0
			CTSV				2.0
			HIATL2		2.0		2.0
			CTD-2026C7.1		2.0		2.0
			SCNN1D				1.0
			CPSF3L		1.0	1.0	1.0
			RP5-890O3.9				1.0
			TAS1R3				1.0
			RP5-902P8.10				1.0
			PUSL1				1.0
			GLTPD1		1.0		1.0
			AURKAIP1				1.0
			GNL2				1.0
			RSPO1		1.0	1.0	1.0
			RP11-108L7.15				1.0
			PDZD7				1.0
			SFXN3				1.0
			KAZALD1		1.0	1.0	1.0
			RNA5SP350		1.0	1.0	1.0
			RP11-89C3.3				1.0
			MIR5693				1.0
			RP11-24B19.4				1.0
			SERPINE3		1.0	1.0	1.0
			INTS6		1.0	1.0	1.0
			RP11-24B19.3				1.0
			RNU6-234P		2.0	2.0	2.0
			AC016999.2				2.0
			TRAF3IP1		1.0		2.0
			ASB1				2.0
			RNU6-739P				1.0
			ADAMTS9-AS1		1.0	1.0	1.0
			RP11-601I15.1				1.0
			PDGFRA		1.0	1.0	1.0
			TRMT112P2				1.0
			CTD-2201I18.1		1.0	1.0	1.0
			THBS4		1.0		1.0
			SERINC5				1.0
			LINC00525				1.0
			HUS1		1.0	1.0	1.0
			PKD1L1				1.0
			RP4-740C4.7				1.0
			RP4-740C4.9				1.0
			RP4-740C4.8				1.0
			AL513477.1				1.0
			RER1		1.0	1.0	1.0
			PEX10				1.0
			PLCH2				1.0
			RP5-930J4.5				2.0
			RP5-930J4.2				2.0
			SH2D5		2.0	1.0	2.0
			RP5-930J4.4				2.0
			HP1BP3				2.0
			LDLRAD2		1.0	1.0	1.0
			RP11-420K8.1				6.0
			RNU6-1058P				1.0
			RP11-184I16.3				1.0
			RP11-184I16.4				1.0
			RP4-713B5.2		2.0	1.0	5.0
			DR1		3.0	2.0	5.0
			RP11-350G8.9				4.0
			MYO3A		1.0	1.0	1.0
			RP11-435M3.2				1.0
			GAD2				1.0
			PRELID1P3				5.0
			AL391421.1				2.0
			RP11-400G3.3		1.0	1.0	1.0
			MTND4P20				1.0
			CYP2C58P				1.0
			CYP2C9				1.0
			RP11-285F16.1		1.0	1.0	1.0
			WNT8B				1.0
			KCNIP2				1.0
			C10orf76		1.0	1.0	1.0
			PITX3				1.0
			AL160011.1				1.0
			NFKB2				1.0
			FBXL15				1.0
			MIR146B		1.0	1.0	1.0
			C10orf95				1.0
			RP11-18I14.11				1.0
			PSD				1.0
			CUEDC2				1.0
			RP11-18I14.10				1.0
			TMEM180				1.0
			SIGIRR				1.0
			PKP3				1.0
			RP11-50B3.1				1.0
			RP11-50B3.4				1.0
			RNU4-86P				1.0
			RN7SL351P				1.0
			RP11-50B3.2				1.0
			RPUSD4		1.0	1.0	1.0
			FAM118B				1.0
			RP11-712L6.7				3.0
			B3GAT1		1.0	1.0	1.0
			RP11-627G23.1				1.0
			GLB1L2				1.0
			RP11-680A11.5				1.0
			C12orf10				1.0
			ESPL1				1.0
			PFDN5				1.0
			PRR13				1.0
			RP11-793H13.8				1.0
			PCBP2				1.0
			FHP1				1.0
			AKAP11				1.0
			TNFSF11		2.0	1.0	1.0
			AL139318.1				1.0
			TGDS		1.0	1.0	1.0
			GPR180				1.0
			COL4A2-AS2		1.0	1.0	1.0
			COL4A2-AS1				1.0
			EIF2B2				1.0
			RP11-950C14.3				1.0
			RPS6KL1				1.0
			PGF		1.0	1.0	1.0
			FOS				1.0
			RP11-293M10.5		1.0	1.0	1.0
			RP11-293M10.2				1.0
			RP11-293M10.4				1.0
			RP11-490O6.2				1.0
			SNN				1.0
			TXNDC11		1.0	1.0	1.0
			AC009095.4				2.0
			RP11-432I5.2		1.0	1.0	1.0
			MARVELD3				1.0
			PHLPP2				1.0
			RPL39P31				1.0
			CTD-2545G14.2		1.0	1.0	1.0
			CLEC10A		1.0	1.0	1.0
			CTB-131K11.1				2.0
			RP11-613C6.2				2.0
			RP11-304F15.7				1.0
			RP11-304F15.3				1.0
			TAC4				1.0
			RP11-304F15.6				1.0
			RP11-304F15.4		1.0	1.0	1.0
			MIR635				2.0
			ARSG		1.0		3.0
			RP11-120M18.2		2.0	1.0	2.0
			WIPI1		2.0	1.0	2.0
			PRKAR1A				1.0
			RP11-640A1.3				1.0
			RP11-640A1.4				1.0
			TNFRSF11A		1.0	1.0	1.0
			RNU6-195P				1.0
			SNRPA				1.0
			ITPKC				1.0
			C19orf54				1.0
			CTC-490E21.13		1.0	1.0	1.0
			AC092071.1				1.0
			CYP2B7P1				1.0
			CYP2B6		1.0	1.0	1.0
			CYP2A7P1				1.0
			CYP2G2P				1.0
			AC013472.4				2.0
			AC013472.3				1.0
			MIR4780				1.0
			SMYD1				1.0
			FABP1		1.0	1.0	1.0
			IL36B				7.0
			MIR3679				1.0
			MGAT5		1.0	1.0	1.0
			RNA5SP104				1.0
			AC005235.1		1.0	1.0	1.0
			RP11-544H14.1				1.0
			WDR12		1.0	1.0	1.0
			DDRGK1				1.0
			ITPA		1.0	1.0	1.0
			LZTS3				1.0
			RP4-738P15.1				1.0
			RP4-738P15.4				1.0
			GINS1		1.0	1.0	1.0
			VN1R108P		1.0	1.0	1.0
			RP13-401N8.1				1.0
			ZNF337				1.0
			FAM182B		1.0	1.0	1.0
			RP4-760C5.5		1.0	1.0	1.0
			RP4-760C5.3		1.0	1.0	1.0
			CTD-2514C3.1				1.0
			Z95114.4				2.0
			Z95114.5				2.0
			Z95114.6				2.0
			Z95114.7				2.0
			MTND1P10				2.0
			APOL3		2.0	2.0	2.0
			APOL4				2.0
			Z95114.3				2.0
			RP5-1104E15.6				1.0
			MGAT3				1.0
			HSBP1P2				1.0
			ELOVL6		1.0	1.0	1.0
			SLC1A3		1.0	1.0	1.0
			CTD-2353F22.1		1.0		1.0
			ATP6AP1L		1.0	1.0	1.0
			NRSN1		1.0	1.0	1.0
			SNORD46		1.0	1.0	1.0
			KAAG1				1.0
			RNU6-391P		1.0	1.0	1.0
			MRS2		1.0	1.0	1.0
			GPLD1		1.0	1.0	1.0
			ALDH5A1		1.0	1.0	1.0
			KRT8P43				2.0
			RP3-369A17.4		1.0	1.0	1.0
			RP3-369A17.2				1.0
			RP11-682N22.1				1.0
			GPR22				1.0
			RN7SL178P				1.0
			OR7E158P		1.0	1.0	2.0
			RP11-333A23.1		1.0	1.0	1.0
			RP11-333A23.4				1.0
			NCOA2				1.0
			TNFRSF11B		1.0	1.0	1.0
			RNU6-12P				1.0
			RP11-278I4.1				1.0
			RP11-278I4.2				1.0
			COLEC10		1.0	1.0	1.0
			MIR939				1.0
			MIR1234				1.0
			ADCK5				1.0
			RP11-490D19.11		1.0	1.0	1.0
			ZNF189				1.0
			RP11-490D19.6				1.0
			TMEM246				1.0
			RP11-490D19.8				1.0
			CELP		1.0	1.0	1.0
			CEL				2.0
			FAM163B				2.0
			DBH-AS1				1.0
			LL09NC01-254D11.1		2.0	2.0	2.0
			RNU6-810P				1.0
			RP5-1073O3.2				1.0
			RAB25				1.0
			MEX3A				1.0
			AL355388.1				1.0
			LAMTOR2				1.0
			RP11-256K7.1				1.0
			RP11-375N9.2				1.0
			RP1-74B13.2		1.0		1.0
			RPL29P25				1.0
			TMCO3		1.0		1.0
			TFDP1				1.0
			RN7SL595P				1.0
			RN7SL707P				1.0
			KIAA0101		1.0		2.0
			TRIP4				1.0
			RP11-46I8.4				1.0
			CTC-524C5.2				1.0
			CTC-524C5.5				1.0
			DERL2				1.0
			NUP88				1.0
			RPAIN		1.0		1.0
			C1QBP				1.0
			DHX33				1.0
			RABEP1				1.0
			AC068669.1				1.0
			RAPGEFL1				1.0
			CD209				2.0
			RPL21P129				2.0
			CLEC4GP1				2.0
			CLEC4G				2.0
			CLEC4M		2.0		2.0
			AC006486.1				1.0
			ERF				1.0
			PAFAH1B3				1.0
			DEDD2				1.0
			GSK3A				1.0
			AC006486.9				1.0
			CIC		1.0		1.0
			PRR19				1.0
			TMEM145				1.0
			ZNF526				1.0
			HMGN2P20				1.0
			RPL36AP13				1.0
			AC016727.1		1.0		1.0
			RP11-355B11.1				1.0
			AC016727.3				1.0
			RNU6-1145P				1.0
			AC012370.2				1.0
			AC012370.3		1.0		2.0
			AC074391.1		3.0		3.0
			KYNU		1.0		1.0
			COX5BP7				2.0
			FUNDC2P4		1.0		1.0
			CBX7		1.0		2.0
			AC098614.3				1.0
			RP11-222K16.2				1.0
			HNRNPA1P22				2.0
			RP11-431M7.3				1.0
			RP11-431M7.2				1.0
			DTHD1		1.0		1.0
			RP11-447E20.1		1.0		1.0
			AC008674.1				1.0
			CTB-43E15.4		1.0		1.0
			CTB-43E15.3				1.0
			RP1-151F17.1				1.0
			RP1-151F17.2				1.0
			HSF2				1.0
			RNU6-200P		1.0		2.0
			RNU6-10P				2.0
			C9orf64		1.0		2.0
			KIF27		2.0		3.0
			RNY4P18		1.0	1.0	2.0
			RP11-1K3.1				3.0
			MIR140				1.0
			CLEC18A				1.0
			RP11-542A14.2		1.0		2.0
			RP11-542A14.1				2.0
			RP4-633I8.4				1.0
			RNU2-15P				2.0
			RP4-630A11.3				2.0
			LEPROT		1.0	1.0	2.0
			DNAJC6		1.0	1.0	2.0
			RN7SL854P		1.0		2.0
			RP11-454L1.2				1.0
			MIR4742				2.0
			WDR26		1.0		2.0
			CNIH3		1.0		1.0
			RP11-452K12.6				2.0
			RP11-452K12.7				2.0
			MIR3189				3.0
			LRRC25		2.0	1.0	3.0
			AC008397.1				4.0
			AC008073.9				2.0
			AC009228.1				2.0
			AC008073.7				2.0
			FAM228A		2.0	1.0	2.0
			RP11-299H21.1				1.0
			TMEM87B		1.0		1.0
			AC009506.1				1.0
			AC009961.2				2.0
			AC009961.3		2.0	1.0	2.0
			RP11-723O4.9				1.0
			RP11-723O4.3				1.0
			RP11-723O4.2				1.0
			ACPL2		1.0		1.0
			MFSD7				2.0
			RP11-1191J2.4				2.0
			RP11-440L14.4				2.0
			AC139887.4				2.0
			MYL5				2.0
			PCGF3		2.0	1.0	2.0
			RP11-440L14.1				2.0
			HMGA1P2				2.0
			COX18				1.0
			HNRNPA1P55				1.0
			CXCL1P		1.0		1.0
			PF4				1.0
			PPBP				1.0
			CXCL5				1.0
			CXCL3				1.0
			RP11-57B24.1				2.0
			MRPS36				1.0
			CCDC125		1.0		1.0
			CDK7		1.0		1.0
			RP11-256G5.1				3.0
			UBR2		3.0	1.0	3.0
			RP1-111C20.3				1.0
			RSPH3				1.0
			RP1-111C20.4		1.0		1.0
			TAGAP		1.0		1.0
			RP11-33I11.3		1.0		1.0
			AC022182.2				1.0
			PREX2		1.0		1.0
			KB-1254G8.1				1.0
			KB-1507C5.3				1.0
			AZIN1		1.0		1.0
			KB-1507C5.2		1.0		1.0
			RPL9				1.0
			LIAS				1.0
			RP11-1299A16.3				1.0
			TSPAN5		1.0		1.0
			ADH7				1.0
			RP11-397C12.1				1.0
			RNU4-88P				1.0
			AQP10				2.0
			MPTX1				1.0
			OR10J2P				1.0
			OR10J3				1.0
			OR10J7P				1.0
			OR10J8P				1.0
			FCER1A				1.0
			RP11-550P17.5		1.0	1.0	1.0
			OR10J1				1.0
			RP11-180D21.3		1.0	1.0	1.0
			RP11-419N10.5		1.0	1.0	1.0
			DUSP23				1.0
			SLAMF8				1.0
			SNORD64				1.0
			C1orf204				1.0
			FCRL6		1.0	1.0	1.0
			CH25H				1.0
			AL353751.1				1.0
			RP11-149I23.3				1.0
			AC004812.1				2.0
			PXN-AS1				1.0
			RPS20P31				1.0
			NME2P1				1.0
			RNU4-2				1.0
			RNU4-1				1.0
			RPLP0				1.0
			PXN		1.0	1.0	1.0
			RNU6-1088P		1.0	1.0	1.0
			SIRT4		1.0	1.0	1.0
			RP11-883G14.4				1.0
			SOD1P2		1.0	1.0	1.0
			RP11-437L7.1		1.0	1.0	1.0
			RP11-973H7.1				1.0
			SLC4A1AP		1.0	1.0	4.0
			AC074091.13		2.0	2.0	3.0
			AC079753.4				1.0
			AC079753.5				1.0
			IL37		1.0	1.0	1.0
			AL080243.1				1.0
			RP11-95M15.1		1.0	1.0	1.0
			RP11-95M15.2				1.0
			RP11-356I2.1				1.0
			AC002480.2				2.0
			AC002480.5				2.0
			AC005682.5		1.0	1.0	1.0
			SNORD93				1.0
			AC005682.7				1.0
			TOMM7				1.0
			AC005682.6				1.0
			AC005682.8				1.0
			PP13004				1.0
			RP11-196O2.1				1.0
			AC083864.3		1.0	1.0	1.0
			GS1-259H13.2				1.0
			ZSCAN25				1.0
			BTBD7P2		1.0		1.0
			FOXA2		1.0		1.0
			RP4-788L20.3				1.0
			GPR139		2.0		2.0
			FMNL1				1.0
			RN7SL807P				1.0
			RP11-395N3.1				1.0
			RP11-395N3.2				1.0
			RHBDD1				1.0
			UBE2J2				1.0
			RP11-118A3.1		1.0	1.0	1.0
			AC012485.2				1.0
			SLC27A6		2.0	1.0	3.0
			HMGB3P9				1.0
			RP4-790G17.7				2.0
			CA14				2.0
			APH1A				2.0
			C1orf54				2.0
			C1orf51				2.0
			RP3-395P12.2				1.0
			RP11-341B24.3		1.0	1.0	1.0
			RP11-603J24.9				1.0
			PA2G4				1.0
			RP11-603J24.17				1.0
			RPL41				1.0
			ZC3H10				1.0
			RP11-603J24.6				1.0
			RP11-603J24.5				1.0
			ESYT1				1.0
			RP11-44N21.4				1.0
			AL928742.1				1.0
			AL928742.2				1.0
			AL928742.12				1.0
			IGHE				1.0
			IGHA2				1.0
			RP11-731F5.1				1.0
			IGHG2				1.0
			RP11-731F5.2				1.0
			ELK2AP				1.0
			AL928768.3		1.0	1.0	1.0
			IGHA1				1.0
			AL901608.1				1.0
			IGHEP1				1.0
			IGHG1				1.0
			IGHGP				1.0
			IGHD2-15				1.0
			IGHD1-14				1.0
			IGHD6-13				1.0
			IGHD5-12				1.0
			IGHD4-11				1.0
			IGHD3-10				1.0
			IGHD3-9				1.0
			IGHD2-8				1.0
			IGHD1-7				1.0
			IGHD6-6				1.0
			IGHD5-5				1.0
			IGHD4-4				1.0
			IGHD3-3				1.0
			IGHD2-2				1.0
			KIAA0125				1.0
			IGHD1-1				1.0
			IGHV6-1				1.0
			IGHVII-1-1		1.0	1.0	1.0
			ADAM6				1.0
			AB019441.29				1.0
			IGHV1-2				1.0
			AC009677.1		2.0	1.0	2.0
			AC021818.1				2.0
			RP11-19J5.1				1.0
			RP11-69H7.4				2.0
			IL21R-AS1				1.0
			RP11-264B17.2				1.0
			MIR4517				1.0
			SPNS1				1.0
			RP11-264B17.4				1.0
			RP11-264B17.5				1.0
			RP11-264B17.3		1.0	1.0	1.0
			LAT		1.0	1.0	1.0
			RP1-77H15.1				1.0
			ZNF287		1.0	1.0	1.0
			SRP68P1				1.0
			RP11-92B11.3				1.0
			FAM106CP				1.0
			RP11-219A15.2				1.0
			RP11-219A15.3				1.0
			AC022596.6		1.0	1.0	1.0
			KRT16P2				1.0
			AC022596.2				1.0
			COTL1P1		1.0	1.0	1.0
			USP32P1				1.0
			RP11-219A15.4				1.0
			KRT17P1				1.0
			RP11-219A15.1				1.0
			RP11-670E13.2				1.0
			RNU6-1158P				1.0
			RP11-670E13.3				1.0
			TRIM25				1.0
			RP11-670E13.5				1.0
			DGKE		1.0	1.0	1.0
			PTRH2				2.0
			CALR3		1.0	1.0	2.0
			SLC25A42				1.0
			TMEM161A				1.0
			AP2A1				1.0
			KIR2DP1				1.0
			KIR2DL1				1.0
			KIR3DP1				1.0
			CTB-61M7.1				1.0
			KIR2DL3				1.0
			KIR2DS4				1.0
			KIR3DL2				1.0
			KIR3DL1		1.0	1.0	1.0
			KIR2DL4		1.0	1.0	1.0
			RNU6-222P				1.0
			LONRF2		1.0		2.0
			RP11-462D18.2				2.0
			RRBP1		2.0	2.0	2.0
			DSTN				2.0
			BANF2		1.0		1.0
			DERL3		1.0	1.0	1.0
			SMARCB1				1.0
			THOC5		2.0	1.0	2.0
			CTA-256D12.11		2.0	1.0	2.0
			NIPSNAP1				2.0
			NEFH				2.0
			RPS15AP38		1.0	1.0	1.0
			BX470187.1				1.0
			RP5-1119A7.14				1.0
			TXN2				1.0
			AC117490.2				1.0
			CTD-2078B5.2		2.0	1.0	2.0
			CCDC11P1				2.0
			RNA5SP185				1.0
			PSMC1P4				1.0
			RN7SL47P				1.0
			RNU6-344P				1.0
			RP11-10J5.1				1.0
			RP11-356I2.4		1.0		1.0
			RP11-240M16.1				1.0
			RP11-445F6.2				1.0
			TXLNB		1.0	1.0	1.0
			GPR31				1.0
			TCP10L2				1.0
			RP11-517H2.6		1.0	1.0	1.0
			CHPF2				1.0
			MIR671				1.0
			RP4-548D19.3				1.0
			RP5-1070G24.2				1.0
			IQCA1P1				1.0
			ABCF2				1.0
			RNU6-1202P				1.0
			RP11-91I20.4				1.0
			RP11-163N6.2		1.0	1.0	1.0
			MIR1207				1.0
			TUBB8P1				1.0
			TLE4		2.0	1.0	2.0
			SEC61A2				1.0
			RP11-325D15.2				1.0
			C10orf11		1.0		1.0
			MIR1284				1.0
			FOXP1-IT1				1.0
			RP11-538P18.1				1.0
			RP11-3K16.2				1.0
			RP11-738E22.3				1.0
			NOA1				1.0
			ARHGEF38-IT1				1.0
			ARHGEF38		1.0		1.0
			CTD-2363C16.1				1.0
			CTD-2363C16.2				1.0
			AC006026.9		1.0		1.0
			AC006026.10				1.0
			CCDC126				1.0
			RP11-272L13.4				1.0
			DPYD		1.0		1.0
			SNAPC3				1.0
			PSIP1		1.0		1.0
			RP11-462G12.4				3.0
			RP4-583K8.1				1.0
			AL590431.1				1.0
			SNORA58				1.0
			HAX1		1.0	1.0	1.0
			SNORD59				1.0
			RNU6-239P				1.0
			RP5-956O18.2		1.0	3.0	1.0
			RP5-956O18.3		1.0	3.0	1.0
			AL691479.1				1.0
			PGBD5				1.0
			AL356214.1				1.0
			FFAR4		1.0	2.0	1.0
			RBP4				1.0
			PDE6C				1.0
			MIR5582				1.0
			SNORD67				1.0
			AP001891.1		1.0	1.0	1.0
			TAGLN		1.0	1.0	2.0
			DSCAML1				1.0
			RP11-14C10.1				1.0
			RPS24P17				1.0
			RNU6-468P				1.0
			RP11-524F11.2				1.0
			PEMT		1.0	2.0	1.0
			CD300LG				1.0
			ZNF865				1.0
			ZNF784				1.0
			ZNF580				1.0
			ZNF581				1.0
			OST4				1.0
			KHK				1.0
			DNAJC5G		1.0	1.0	1.0
			UCN				1.0
			SLC30A3				1.0
			MPV17				1.0
			GTF3C2				2.0
			TRIM54				1.0
			RP11-465L10.10				1.0
			SLC12A5		1.0	1.0	1.0
			RPL13P2				1.0
			NCOA5				1.0
			BAP1				1.0
			PHF7				2.0
			SEMA3G				2.0
			MIR4452				1.0
			HSD17B11				1.0
			RP11-313P13.5				1.0
			NSUN5P2				1.0
			AC005488.11				1.0
			AC005488.1				1.0
			TRIM74				1.0
			STAG3L3				1.0
			NSUN5				1.0
			NCF1B				1.0
			GTF2IRD2P1		1.0	1.0	1.0
			POM121B				1.0
			TRIM50				1.0
			RP11-483G21.3				1.0
			FZD9		1.0	1.0	2.0
			SLC35G5				3.0
			AF131216.6		3.0	1.0	3.0
			RP11-1105O14.1				1.0
			INTS10		1.0	3.0	1.0
			SLC18A1		1.0	1.0	1.0
			RP11-114M5.1				1.0
			RP11-392O17.1		2.0		2.0
			RP11-95P13.1		2.0		2.0
			RPL17P41				1.0
			RNU6-964P				1.0
			FBXO36-IT1				1.0
			RNU6-1027P				1.0
			FBXO36		1.0		1.0
			RPS26P52				1.0
			CTD-2135D7.3				1.0
			ERCC4		1.0		1.0
			CTD-2135D7.2		1.0		1.0
			RHOBTB1				1.0
			LINC00845		1.0	1.0	1.0
			THSD7B		1.0	1.0	1.0
			RP11-514A9.1				1.0
			AC144521.1		2.0	1.0	2.0
			CTD-2203A3.1		1.0	1.0	1.0
			RP5-894A10.6				1.0
			RNU1-82P				1.0
			KIAA1147				1.0
			SSBP1				1.0
			WEE2-AS1		1.0	1.0	1.0
			WEE2		1.0	1.0	1.0
			OR9A4				1.0
			CLEC5A				1.0
			TAS2R38				1.0
			MGAM		1.0	1.0	1.0
			ZIC5		1.0		2.0
			ZIC2				2.0
			LINC00554		1.0		2.0
			CTD-2335O3.3		1.0		1.0
			SNX18P2				1.0
			ANKRD19P		1.0		2.0
			ZNF484				1.0
			RP11-526D8.7		1.0		1.0
			ALOX15P2				1.0
			CELA2B				2.0
			SFN				2.0
			MTF2		4.0	1.0	4.0
			PIAS3				1.0
			ANKRD35				1.0
			NUDT17				1.0
			POLR3C				1.0
			RNF115		1.0		1.0
			CD160				1.0
			GPR89A				1.0
			PDZK1		1.0		1.0
			RP11-96C23.9				1.0
			RN7SL733P				1.0
			FAM35A		1.0		1.0
			RP11-328K15.1		1.0		1.0
			RP11-21A7A.4				1.0
			RP11-21A7A.3				1.0
			FLRT1		1.0		1.0
			MACROD1		1.0		1.0
			RP11-21A7A.2				1.0
			MIR1237				1.0
			AP003774.6				1.0
			RPS6KA4		1.0		1.0
			AP003774.5				1.0
			AP005273.1				1.0
			AP006288.1		1.0		1.0
			SLC22A12		1.0		1.0
			AP001092.4				1.0
			AP001462.6				1.0
			MEN1		1.0		1.0
			PYGM				1.0
			SF1				1.0
			RP11-869B15.1				1.0
			MAP4K2				1.0
			CDC42BPG		1.0		1.0
			EHD1				1.0
			ZFPL1				1.0
			AP003068.6				1.0
			AP003068.9				1.0
			ZNHIT2				1.0
			AP003068.12				1.0
			FAU				1.0
			MRPL49				1.0
			RNU2-23P				1.0
			AP003068.17				1.0
			SPDYC				1.0
			AP003068.18				1.0
			PGAM1P8				1.0
			CDCA5				1.0
			VPS51				1.0
			SYVN1		1.0		1.0
			HIGD1AP10				1.0
			AP003068.23				1.0
			TM7SF2				1.0
			BANF1				1.0
			CST6				1.0
			RP11-1167A19.2				1.0
			EIF1AD				1.0
			GAL3ST3		1.0		1.0
			SF3B2				1.0
			MIR1228				1.0
			RP11-58A17.3				1.0
			XRCC6BP1				1.0
			RP11-620J15.3		1.0		1.0
			RP11-345M22.3		3.0	2.0	1.0
			RP11-515O17.2				1.0
			RP11-515O17.3				1.0
			HLF		1.0		1.0
			RP11-77O7.1				1.0
			AC092431.2				1.0
			RP11-747H12.7				1.0
			AC073648.1				1.0
			RP11-747H12.5				1.0
			RP11-747H12.6				1.0
			ENPP7P10		1.0		1.0
			USP17L25				1.0
			USP17L26				1.0
			USP17L5				1.0
			USP17L27				1.0
			USP17L28				1.0
			USP17L29				1.0
			USP17L9P				1.0
			USP17L30				1.0
			USP17L6P				1.0
			RNA5SP153				1.0
			RP11-1396O13.15				1.0
			RP11-1396O13.13		1.0		1.0
			RP11-1396O13.14				1.0
			OR7E86P				1.0
			OR7E84P				1.0
			AC116655.1				1.0
			UNC93B7				1.0
			OR7E83P		1.0		1.0
			RP11-1396O13.22		1.0		1.0
			RP11-1396O13.1		1.0		1.0
			MIR548I2				1.0
			OR7E85P				1.0
			RP11-1396O13.2		1.0		1.0
			RP11-264E23.1				1.0
			AC097493.1		1.0		1.0
			ENPP7P11		1.0		1.0
			FAM86MP				1.0
			ALG1L3P				1.0
			RP11-751L19.1		1.0		1.0
			OR7E35P		1.0		1.0
			DRD5				1.0
			RNA5SP154				1.0
			RP13-560N11.1				1.0
			RP11-448G15.1				1.0
			RP11-448G15.3		1.0		1.0
			MIR3138				1.0
			RNA5SP155				1.0
			RP11-480G3.1		1.0		1.0
			AC006499.7		1.0		1.0
			AC006499.6				1.0
			AC006499.9				1.0
			AC006499.8				1.0
			AC006499.5		1.0		1.0
			AC006499.4				1.0
			AC006499.3				1.0
			AC006499.2				1.0
			AC006499.1				1.0
			RP11-136I13.1		1.0		1.0
			ZNF518B		1.0		1.0
			RP11-136I13.2		1.0		1.0
			CLNK		1.0		1.0
			RP11-61G19.1		1.0		1.0
			SPP1		1.0		1.0
			RNU1-36P				1.0
			RNU6-818P				1.0
			RNU6ATAC31P				1.0
			RP11-147K6.2				1.0
			RNU6-1298P				1.0
			RNU6-112P				1.0
			PPM1K				1.0
			RP11-10L7.1		1.0		1.0
			HERC6				1.0
			CTD-2024P10.1				1.0
			RAI14		1.0		1.0
			RP11-480N24.3				1.0
			CRIP3				1.0
			TTBK1				1.0
			RNU4ATAC15P				1.0
			RP11-326F20.5		1.0		1.0
			SPINK4				1.0
			AC007392.3		1.0		1.0
			RP11-328K22.1				1.0
			KCNMA1		1.0		1.0
			CDHR1				1.0
			LRIT1				1.0
			RGR		1.0		1.0
			LINC00858				1.0
			LRIT2				1.0
			METTL7B				1.0
			BLOC1S1				1.0
			CD63				1.0
			RP11-644F5.11				1.0
			RP11-644F5.12				1.0
			RP11-762I7.4				1.0
			RP11-644F5.10		1.0		1.0
			GDF11				1.0
			SARNP				1.0
			RP11-762I7.5				1.0
			ITGA7				1.0
			NDUFA12P1				1.0
			GJD2		1.0		1.0
			RP11-814P5.1				1.0
			AC069082.1				1.0
			RASGRF1		1.0		1.0
			NOG		2.0		1.0
			API5P2				1.0
			AC011998.2				1.0
			AC011998.1		1.0		1.0
			RP1-69D17.3				2.0
			RP1-69D17.4				2.0
			RP11-570H19.2		1.0		1.0
			CTD-2586B10.1				1.0
			AC092566.1		1.0		1.0
			ACTL9				1.0
			RP11-294L13.1				1.0
			RP11-118D22.3				1.0
			LCE1F				1.0
			LCE1D		1.0		1.0
			LCE1C		1.0		1.0
			LCE1B				1.0
			LCE1A				1.0
			LCE6A				1.0
			KPRP				1.0
			LINC00899				2.0
			CTC-458I2.2				1.0
			AL353354.1				1.0
			AL353354.2				1.0
			ATPIF1				1.0
			RP5-1092A3.4				1.0
			PTAFR				1.0
			DNAJC8		1.0		1.0
			SESN2				1.0
			RP5-1092A3.5				1.0
			RGL1		1.0		1.0
			ST8SIA6-AS1				1.0
			PRPF38AP2		1.0		1.0
			PTPLA		1.0		1.0
			RP11-390B4.5		1.0		1.0
			STAM		1.0		1.0
			snoR442				1.0
			RP11-390B4.3				1.0
			SLC39A12-AS1				1.0
			RP11-109I13.2		1.0		1.0
			ARL5AP2				1.0
			RPL7P36				1.0
			CNNM1		1.0		1.0
			GOT1				1.0
			RP11-441O15.3		1.0		1.0
			RP11-316M21.6				1.0
			SNORA12				2.0
			PHBP9				1.0
			RNU6-422P				1.0
			RP11-179H18.4				2.0
			RN7SL846P				1.0
			PANX1		1.0	1.0	1.0
			RP11-680H20.2		1.0		1.0
			AP000708.1		1.0		1.0
			RNU6-1156P				1.0
			FEZ1				1.0
			EI24				1.0
			STT3A-AS1				1.0
			FAHD2P1				1.0
			RP11-247L20.3				2.0
			CDKL1		2.0		2.0
			MAP4K5				2.0
			NPTN				1.0
			RP11-434E6.2		1.0		1.0
			RNU6-1155P				1.0
			SLC38A7				1.0
			GOT2		1.0		1.0
			RP11-410D17.2				1.0
			RN7SL143P				1.0
			GEMIN8P2				1.0
			PSMD7P1				1.0
			CTB-54O9.9				1.0
			DUS3L				1.0
			AC011499.1				1.0
			PRR22				1.0
			AC024592.9				1.0
			FUT5				1.0
			AC024592.12				1.0
			EXOSC3P2				1.0
			AC104695.3				1.0
			RP11-373D23.2				1.0
			RP11-171I2.4				1.0
			PARVB				1.0
			FLNB-AS1				1.0
			DNASE1L3				1.0
			RP11-359I18.5		1.0		1.0
			KCTD6		1.0		1.0
			RP11-359I18.1				1.0
			ACOX2		1.0		1.0
			RP11-475O23.2				1.0
			FAM107A				1.0
			AC008850.3				1.0
			CTD-2260A17.2		1.0		1.0
			LNPEP				1.0
			AC011406.2				2.0
			RPS20P4				2.0
			TIGD6				2.0
			CSF1R		1.0	1.0	2.0
			GFOD1-AS1				1.0
			RPS4XP7		1.0		1.0
			RN7SKP204				1.0
			AL583828.1				1.0
			RN7SL303P				1.0
			RP11-875O11.1		1.0		1.0
			RHOBTB2		1.0		1.0
			SMU1				1.0
			RP11-274J16.5				1.0
			RP11-370F5.4				1.0
			SUSD3				1.0
			C9orf89				1.0
			NINJ1		1.0		1.0
			MURC		1.0		1.0
			RN7SKP87				1.0
			MSANTD3-TMEFF1		1.0		1.0
			TMEFF1		1.0		1.0
			RP11-9M16.2				1.0
			AKNA		1.0	1.0	1.0
			DFNB31				1.0
			ARHGAP26-IT1				1.0
			RP11-298J20.3				1.0
			ZNF598				1.0
			AC012317.1				1.0
			NPR2				1.0
			RP11-112J3.16				1.0
			MRPS6P4				1.0
			RP11-13A1.3				1.0
			TIMM9P1				1.0
			RNU6-60P				1.0
			LACTB				1.0
			APH1B		1.0	1.0	1.0
			RP11-3K24.2				1.0
			USP32		1.0	1.0	1.0
			ZNF569				2.0
			ZNF527				2.0
			CTD-2528L19.3				1.0
			CTD-2528L19.6				1.0
			ZNF781				1.0
			CTD-2528L19.4		1.0	1.0	1.0
			ZNF607		1.0	1.0	1.0
			ZFP30				1.0
			CTC-537E7.1		1.0	1.0	1.0
			CTC-537E7.2				1.0
			TMEM60				1.0
			RSBN1L				1.0
			WBP1LP2				1.0
			BANF1P5				1.0
			SLC26A4-AS1		1.0	1.0	1.0
			SLC26A4				1.0
			ARF5				1.0
			FSCN3				1.0
			RP11-20L24.1				1.0
			RP11-280O24.1				1.0
			RP11-151F5.2				1.0
			CTA-215D11.4				1.0
			RP11-431K24.1		1.0		1.0
			RN7SL721P				1.0
			UBE2V2P3				1.0
			UBIAD1				1.0
			RNA5SP41				1.0
			AL359771.1				1.0
			CTA-520D8.2				1.0
			PDPN		1.0		1.0
			RP11-108M9.1				1.0
			RP11-108M9.2				1.0
			MIR3675				1.0
			U1				1.0
			RP11-108M9.4				1.0
			RP11-108M9.5				1.0
			RNU1-2				1.0
			RP11-108M9.6				1.0
			PADI2		1.0		1.0
			MIR4419A				1.0
			RP5-979D14.1				1.0
			KDM1A				1.0
			RP1-184J9.2				1.0
			RP11-569G9.7				2.0
			FOXE3				1.0
			FOXD2-AS1				1.0
			FOXD2		1.0		1.0
			RP4-666O22.3				1.0
			RPL21P24				1.0
			RP11-511I2.2				1.0
			AL356458.1		1.0		1.0
			ATP6V0E1P4				1.0
			HMGB1P45		1.0		1.0
			FCF1P6				1.0
			RP4-705F19.1		1.0		1.0
			SSBP3				1.0
			RNA5SP51				1.0
			RP11-386I23.1				2.0
			RNU6-970P				2.0
			RN7SL692P		1.0		2.0
			AC093577.1				2.0
			RNU6-210P		1.0		2.0
			FNBP1L				1.0
			RP11-337C18.7				1.0
			CHD1L		1.0		1.0
			RP11-337C18.10				1.0
			FMO5				1.0
			RP11-196G18.22				1.0
			RP11-196G18.24				1.0
			HIST2H2BC				1.0
			HIST2H2AA4				1.0
			HIST2H3A				1.0
			HIST2H4B				2.0
			PSMD4		1.0		2.0
			RP11-126K1.2				1.0
			RN7SL444P				1.0
			PI4KB				1.0
			ZNF687				1.0
			RP11-397P13.6				1.0
			RP11-397P13.7				1.0
			LAX1				1.0
			ZBED6				1.0
			ZC3H11A		1.0		1.0
			RPL21P28				1.0
			MIR3122				1.0
			DTL				1.0
			INTS7		1.0		1.0
			CNIH4				1.0
			RP11-1B20.1				1.0
			CTD-2090I13.2				1.0
			RPL23AP23				1.0
			AL391994.1				1.0
			RP11-382D8.3				1.0
			RP11-382D8.5				1.0
			GGPS1		1.0		1.0
			ARID4B		1.0		2.0
			TBCE				1.0
			OTUD1		1.0		1.0
			RP11-119F7.5				1.0
			RP11-119F7.6				1.0
			CCAR1				1.0
			MIR3157				2.0
			CCNJ				2.0
			NPM1P25				1.0
			BLNK				1.0
			MIR607		1.0		1.0
			LCOR				1.0
			SFXN4				1.0
			PRDX3				1.0
			MIR4681				1.0
			RP11-79M19.2				1.0
			MIR4682				1.0
			SEC23IP		1.0		1.0
			MCMBP				1.0
			RP11-62L18.3		1.0		1.0
			TNNI2				3.0
			MIR4298				3.0
			AC051649.12		1.0		3.0
			C11orf89				3.0
			AC051649.16		1.0		3.0
			SYT8				3.0
			RNU6-593P				2.0
			CTD-3236F5.1				2.0
			RP11-452G18.1				1.0
			PIK3C2A		2.0		2.0
			PHF21A		1.0		1.0
			OR4C4P				3.0
			OR4C5		2.0	2.0	3.0
			OR4C2P		1.0	2.0	2.0
			OR4C10P				2.0
			TRIM51GP				1.0
			CTD-2026G22.1		1.0		2.0
			AP000662.9				2.0
			C11orf31				1.0
			BTBD18				1.0
			TMX2		1.0		2.0
			TMX2-CTNND1		1.0		2.0
			RP11-691N7.6				1.0
			CTNND1				1.0
			RP11-1167A19.6		1.0		1.0
			SART1				1.0
			CCDC87				1.0
			RNU4-39P				1.0
			RP11-658F2.8				1.0
			CCS				1.0
			RBM14				1.0
			RBM4		1.0		1.0
			RBM4B				1.0
			NUDT8				1.0
			ACY3				1.0
			RP11-655M14.13				1.0
			TBX10				1.0
			AP003385.2				1.0
			RP5-903G2.2				1.0
			RP5-901A4.5				1.0
			OR7E1P				1.0
			NDUFS8				1.0
			MIR4691				1.0
			ALDH3B1				1.0
			RP5-901A4.1				1.0
			UNC93B1		1.0		1.0
			ANO1-AS1				1.0
			RP11-805J14.3		1.0		1.0
			MIR326				1.0
			SNORD15A				1.0
			ARRB1		1.0		1.0
			RPS3				1.0
			SNORD15B				1.0
			ZNF123P				1.0
			ARHGAP32		1.0		1.0
			RP11-598F7.6				1.0
			IQSEC3				1.0
			RP11-377D9.3				1.0
			KIAA1467		1.0		1.0
			GSG1		1.0		1.0
			RPL30P11		1.0		1.0
			ATF7IP				1.0
			COQ10A				1.0
			RP11-977G19.14				1.0
			RP11-305O6.3				1.0
			RBMS1P1				1.0
			AC078889.1				1.0
			TMBIM4				1.0
			IRAK3		1.0		1.0
			RP1-81P11.1		1.0		1.0
			RNA5SP369				1.0
			RNU6-1183P				1.0
			RP11-511H9.4				1.0
			GNPTAB				1.0
			MIR3652				1.0
			AC078819.1				1.0
			RP11-642P15.1				1.0
			TDG				1.0
			GLT8D2				1.0
			HSP90B1				1.0
			RIC8B				1.0
			RPS11P5				1.0
			RNU6-327P				1.0
			ANKLE2				1.0
			GOLGA3		1.0		1.0
			CHFR				1.0
			HNRNPA1P30				1.0
			PPIAP27				1.0
			RPSAP54				1.0
			RNU6-51P				1.0
			LATS2-AS1				1.0
			RNU4-9P				1.0
			LATS2		1.0		1.0
			CAB39L		1.0		1.0
			PSMD10P3		1.0		1.0
			KLF5				1.0
			PIBF1				1.0
			MIR17HG		1.0		1.0
			GPC5				1.0
			AE000658.22				1.0
			METTL3		1.0		1.0
			SALL2				1.0
			RABGGTA				1.0
			NKX2-1		1.0		1.0
			NKX2-1-AS1		1.0		1.0
			PHKBP2				1.0
			RP11-896J10.3				1.0
			SFTA3				1.0
			RNU6-419P				1.0
			RP4-647C14.3				1.0
			PAPLN		1.0		1.0
			RP4-647C14.2				1.0
			PSEN1				1.0
			CTD-2207P18.2				1.0
			RP11-270M14.5				1.0
			TGFB3		1.0		1.0
			IFT43		1.0		1.0
			RP11-529H20.6				1.0
			RP11-529H20.5				1.0
			NDUFB1				1.0
			CPSF2				1.0
			ATXN3		1.0		1.0
			MIR770				1.0
			MIR493				1.0
			MIR337				1.0
			MIR665				1.0
			RTL1		1.0		1.0
			MIR431				1.0
			MIR433				1.0
			MIR127				1.0
			MIR432				1.0
			MIR136				1.0
			AL117190.3				1.0
			AL117190.1				1.0
			MIR370				1.0
			SNORD113-1				1.0
			SNORD113-2				1.0
			SNORD113-3				1.0
			SNORD113-4				1.0
			MEG8				1.0
			RP11-123M6.2				1.0
			CTD-3051D23.4				1.0
			TEX22				2.0
			RP11-540O11.4				2.0
			RP11-540O11.7				2.0
			CYCSP2				1.0
			NUSAP1				1.0
			RP11-227D13.1				1.0
			RP11-394B5.2				1.0
			TNFAIP8L3		1.0		1.0
			RP11-108K3.2		1.0		1.0
			RP11-108K3.5				1.0
			RP11-108K3.4				1.0
			GLDN				1.0
			HMGN2P47				1.0
			RP11-279F6.3				1.0
			HEXA-AS1				1.0
			RP11-106M3.1				1.0
			MIR630				1.0
			RP11-1006G14.4				1.0
			RP11-361M10.3		1.0		1.0
			RN7SL485P				1.0
			RP11-1006G14.3				1.0
			RP11-1006G14.2				1.0
			RP11-1006G14.1				1.0
			ARIH1				1.0
			RP11-247C2.2				1.0
			ISLR		1.0		2.0
			ISLR2				1.0
			STRA6				2.0
			RP11-60L3.1				2.0
			CCDC33		1.0	1.0	2.0
			RP11-665J16.1		1.0		2.0
			CTD-2311M21.3				1.0
			RP11-60L3.2				1.0
			CYP11A1		1.0		1.0
			CTD-2311M21.2				1.0
			ARID3B				1.0
			RP11-331H13.1				1.0
			RN7SKP217				1.0
			RP11-761I4.4				1.0
			STARD5				1.0
			RP11-761I4.3				1.0
			IL16		1.0		1.0
			TMC3				1.0
			CTD-2034I4.2				1.0
			CTD-2034I4.1		1.0		1.0
			RP11-342A23.1		1.0		1.0
			EFTUD1P1				1.0
			RP13-262C2.3		1.0		1.0
			RP11-182J1.16				1.0
			RP11-182J1.5				1.0
			RP11-182J1.1				1.0
			EGLN1P1				1.0
			LINC00933				1.0
			ZSCAN2		1.0		1.0
			SCAND2P				1.0
			WDR73				1.0
			RP11-158M2.2				2.0
			RP11-815J21.1				2.0
			RNA5SP402				1.0
			RP11-90E5.1				1.0
			VIMP				1.0
			SNRPA1				1.0
			RP11-299G20.2				1.0
			MIR3677				1.0
			MIR4717				1.0
			ABCA3				1.0
			ABCA17P		1.0		1.0
			CCNF				1.0
			RP11-20I23.8				1.0
			RP11-20I23.7				1.0
			CTD-3126B10.1				1.0
			RP11-20I23.13				1.0
			RP11-20I23.11				1.0
			AC141586.5				1.0
			PDPK2				1.0
			PDPK1		1.0		1.0
			RP11-20I23.6				1.0
			UBALD1				1.0
			RN7SL850P				1.0
			NUDT16L1				1.0
			RP11-709D24.6				1.0
			ANKS3				1.0
			MGRN1		1.0		1.0
			RP11-77H9.6				1.0
			CARHSP1				1.0
			RP11-65J21.1				1.0
			RP11-680G24.4				1.0
			RRAD				2.0
			FAM96B				2.0
			CES3		2.0		2.0
			CDH16				2.0
			CES4A				2.0
			CES2				2.0
			RP11-361L15.4				2.0
			KARSP3				1.0
			RNU4-30P				1.0
			RNU6-22P				1.0
			TMED6				1.0
			RP11-343C2.10				1.0
			RP11-343C2.9				1.0
			RP11-343C2.7				1.0
			TERF2		1.0		1.0
			RP11-77K12.3				2.0
			RP11-77K12.4				1.0
			RP11-254F19.2		1.0		1.0
			AC025280.1				1.0
			USP10				1.0
			RP11-254F19.3		1.0		1.0
			ZDHHC7				1.0
			RP1-178F10.1				1.0
			LLGL1		1.0		1.0
			FLII				1.0
			MIEF2				1.0
			TOP3A				1.0
			RP11-258F1.1				1.0
			ALKBH5				1.0
			AC107983.4				1.0
			RN7SL639P				1.0
			CTD-2303H24.2				1.0
			CCDC144B		1.0		1.0
			RP11-338L22.3				1.0
			AC104996.1				1.0
			RNY4P13				1.0
			RP11-848P1.7		1.0		1.0
			SUZ12				1.0
			CTC-296K1.3				1.0
			CTC-296K1.4				1.0
			ADAM11		1.0		1.0
			GJC1				1.0
			RP11-6N17.10				1.0
			MIR633				1.0
			RP11-180P8.2				1.0
			RP11-180P8.3				1.0
			RP11-180P8.4				1.0
			RP11-180P8.1		1.0		1.0
			AMZ2				1.0
			SLC16A6				1.0
			AC003051.1		1.0		1.0
			LINC01028				1.0
			RP11-16C1.1				1.0
			MIR3678				1.0
			RNU6-938P				1.0
			RP11-16C1.3				1.0
			RP11-16C1.2				1.0
			KIAA0195				1.0
			GRB2		1.0		1.0
			RAC3				1.0
			DCXR				1.0
			RP13-650J16.1				1.0
			RFNG				1.0
			GPS1				1.0
			DUS1L				1.0
			RP11-720L2.4				1.0
			RP11-720L2.3				1.0
			COLEC12		1.0		1.0
			EMILIN2		1.0		1.0
			RP11-794M8.2				1.0
			RP11-794M8.1				1.0
			INO80C				1.0
			RP11-322E11.5		1.0		1.0
			RP11-322E11.6		1.0		1.0
			RP11-30L3.2				1.0
			AC005786.5				1.0
			AC005786.3				1.0
			HMG20B		1.0		1.0
			CACTIN-AS1				1.0
			AC005786.7				1.0
			GIPC3				1.0
			TBXA2R				1.0
			CACTIN				1.0
			CTC-503J8.2				1.0
			CTC-503J8.6				1.0
			CTC-503J8.4				1.0
			MLLT1		1.0		1.0
			C19orf66				1.0
			CTD-2240E14.4				1.0
			SNORD105				1.0
			SNORD105B				1.0
			EIF3G				1.0
			PPAN-P2RY11				1.0
			P2RY11				1.0
			L34079.3				1.0
			L34079.4				1.0
			PINLYP				1.0
			PHLDB3				1.0
			ETHE1				1.0
			XRCC1		1.0		1.0
			L34079.2				1.0
			IRGQ				1.0
			ZNF575				1.0
			CTD-2537I9.16				1.0
			ZNF628				1.0
			NAT14				1.0
			ISOC2				1.0
			RP11-644K8.1		1.0		1.0
			MATN3				1.0
			LAPTM4A				1.0
			AC098828.2		1.0		1.0
			AC007041.2				1.0
			MIR1301				1.0
			AC012074.2		1.0		1.0
			AC012074.1				1.0
			DTNB				1.0
			AL133244.1				1.0
			CAMKMT		1.0		1.0
			SOCS5		1.0		1.0
			AC016722.1				1.0
			RP11-333I13.1		1.0		1.0
			AC016722.2				1.0
			TSPYL6				1.0
			RP11-554J4.1				1.0
			PNPT1		2.0	1.0	1.0
			SMEK2		1.0		1.0
			AC007389.2				1.0
			RN7SL635P				1.0
			Vault				2.0
			MIR3126				1.0
			AC007881.4		1.0		1.0
			MCEE				1.0
			MPHOSPH10				1.0
			PAIP2B				1.0
			MIR4436A				1.0
			IGKC				1.0
			IGKJ5				1.0
			IGKJ4				1.0
			IGKJ3				1.0
			IGKJ2				1.0
			IGKJ1				1.0
			IGKV4-1				1.0
			IGKV5-2				1.0
			ANKRD36BP2				1.0
			AC096579.7		1.0		1.0
			AC096579.13		1.0		1.0
			AC013402.2		1.0		1.0
			AC068535.4				1.0
			RP11-297J22.1				1.0
			GLI2		1.0		1.0
			AC012462.2				1.0
			AC012462.3				1.0
			AC012462.1		1.0		1.0
			AC010886.2				1.0
			CXCR2P1				2.0
			CXCR2				2.0
			RUFY4		2.0		2.0
			AC021016.7				1.0
			WNT10A				1.0
			AC073128.10				1.0
			KRT8P30				1.0
			CDK5R2				1.0
			FEV		1.0		1.0
			AC097468.7				1.0
			AC019109.1		1.0		1.0
			AC068134.10				1.0
			ECEL1P3				1.0
			ALPP		1.0		1.0
			AC068134.8				1.0
			ECEL1P2		1.0		1.0
			AC068134.5				1.0
			AC068134.6				1.0
			ALPPL2				1.0
			DIS3L2P1		1.0		1.0
			ALPI		1.0		1.0
			TMEM230				1.0
			PCNA				1.0
			RNA5SP474				1.0
			CDS2		1.0		1.0
			RP4-775C13.1				1.0
			RP4-775C13.2				1.0
			AL109618.1		1.0		1.0
			SRSF9P1				1.0
			AP000692.10		1.0		1.0
			AP000692.9				1.0
			DOPEY2				1.0
			MORC3		1.0		1.0
			RNA5SP497				1.0
			CBX6				1.0
			CTA-150C2.13		1.0		1.0
			Z82214.3				2.0
			TTLL12		2.0		2.0
			SCUBE1				2.0
			RIBC2				1.0
			RP1-102D24.5		1.0		1.0
			RP1-37M3.8				1.0
			RP6-109B7.5				1.0
			RP6-109B7.3				1.0
			RP6-109B7.2				1.0
			C22orf26				1.0
			FLJ27365				1.0
			RP6-109B7.4				1.0
			MKRN2				1.0
			C3orf83				1.0
			AC093611.1				1.0
			LINC00620		1.0		1.0
			WNT7A				1.0
			RP11-536I6.1		1.0		1.0
			RNA5SP124				1.0
			SLC6A6				1.0
			AC132515.1				1.0
			CLASP2		1.0		1.0
			AC104304.2				1.0
			LUZPP1				1.0
			LRRC2				1.0
			WNT5A-AS1				1.0
			RP11-875H7.5				1.0
			WNT5A		1.0		1.0
			ZBTB20-AS3				1.0
			RHO				1.0
			H1FOO				1.0
			HMGB3P14				1.0
			AC010207.1				1.0
			HMGB3P13		1.0		1.0
			MIR4788				1.0
			ANAPC13		1.0		1.0
			CEP63				1.0
			RP11-445J14.1				1.0
			RP11-305O4.1		1.0		1.0
			RP11-550I24.3				1.0
			RP11-550I24.2		1.0		1.0
			VEPH1				1.0
			RN7SKP46		1.0		1.0
			RP11-290K4.1				1.0
			RP11-113A11.1				1.0
			RP11-538P18.2				1.0
			MLF1				1.0
			RN7SL637P				1.0
			TRA2B		1.0		1.0
			RP11-443P15.2				1.0
			LPP-AS1				1.0
			NKX3-2		1.0		1.0
			AC006445.8				1.0
			BOD1L1				1.0
			AC006160.4				1.0
			RN7SL315P				1.0
			LAP3		1.0		1.0
			AC006160.5		1.0		1.0
			MED28				1.0
			FAM184B				1.0
			RN7SL558P				1.0
			ZBTB12P1				1.0
			KRT18P25				1.0
			RP11-333E13.4		1.0		1.0
			RNU6-1112P				1.0
			N4BP2				1.0
			SLC10A4				1.0
			ZAR1				1.0
			FRYL		1.0		1.0
			OCIAD1				1.0
			AC084209.1				1.0
			RPL34-AS1		1.0		1.0
			RP11-58H15.3				1.0
			SMARCA5-AS1				1.0
			RP11-481K16.2				1.0
			GUSBP5				1.0
			GAB1				1.0
			SMARCA5		1.0		1.0
			C5orf22		1.0		1.0
			DROSHA				1.0
			MIR580				2.0
			RNU6-1305P				2.0
			LMBRD2				2.0
			NADK2				2.0
			SKP2		2.0		2.0
			CTD-2124B8.2				1.0
			RNU7-75P				1.0
			NUP155		1.0		1.0
			RNU6-1190P				1.0
			CTD-2232E5.2				1.0
			LINC01023				1.0
			CTC-329H14.1				1.0
			CTC-505O3.3		1.0		1.0
			CTC-505O3.2				1.0
			ZNF608		1.0		1.0
			CTC-276P9.2				2.0
			CTC-276P9.3				2.0
			CTD-2301A4.3				1.0
			PRR7-AS1				1.0
			PRR7				1.0
			TXNDC5		1.0		1.0
			DPRXP2				1.0
			MEA1				1.0
			KLHDC3				1.0
			RP1-20C7.6		1.0		1.0
			RN7SL403P				1.0
			RP11-387M24.5				1.0
			CUL7				1.0
			KLC4				1.0
			MRPL2				1.0
			PTK7				1.0
			RRP36				1.0
			AL035467.1				1.0
			AL132875.1				1.0
			RP1-92C4.1				1.0
			RP1-92C4.2		1.0		1.0
			ELOVL4				1.0
			RP11-296E7.1				1.0
			AK4P5				1.0
			RP11-379B8.1				1.0
			GOPC		1.0		1.0
			DCBLD1		1.0		1.0
			PPP1R14BP5				1.0
			REPS1				1.0
			ABRACL		1.0		1.0
			RP11-477D19.2				1.0
			CLDN20				1.0
			TFB1M				1.0
			RN7SL173P				1.0
			CACYBPP3				1.0
			TMEM181				1.0
			AC093376.1				1.0
			SLC29A4				1.0
			AC009473.1				1.0
			AC006042.7		1.0		1.0
			AC006042.8				1.0
			RPA3-AS1		1.0		1.0
			GLCCI1		1.0		1.0
			AC006042.6				1.0
			ICA1				1.0
			AC099342.1				1.0
			S100A11P2				1.0
			DPY19L2P1		1.0		1.0
			TBX20				1.0
			CTB-161K23.1				1.0
			AKAP9				1.0
			CYP51A1		1.0		1.0
			LRRD1		1.0		1.0
			CTB-10G5.1				1.0
			ERVW-1				1.0
			AC007566.11		1.0		1.0
			GATAD1				1.0
			AC007566.10				1.0
			ANKIB1				1.0
			RP5-1136G13.1				1.0
			RP5-1136G13.2		1.0		1.0
			AC005229.1				1.0
			CUL1				1.0
			RNU6-650P				1.0
			COX6B1P1				1.0
			C8orf48				1.0
			CTC-756D1.1				2.0
			CTC-756D1.3				2.0
			CTC-756D1.2				2.0
			ADAM28		1.0		1.0
			RP11-624C23.1				1.0
			RP11-98P2.1				1.0
			PPP2R2A		1.0		4.0
			RNU6-1086P				1.0
			RP11-16P20.2		1.0		1.0
			MIR3622A				1.0
			CCDC25				1.0
			RP11-16P20.3				1.0
			SCARA3				1.0
			GTF2E2				1.0
			RP11-17A4.3				1.0
			LINC00968		1.0		1.0
			RP11-379I19.1				1.0
			RP11-379I19.3		1.0		1.0
			RP11-3N13.2		1.0		1.0
			RP11-758M4.4				1.0
			PI15				1.0
			CRISPLD1		1.0		1.0
			RP11-300E4.2				1.0
			COL14A1		1.0		1.0
			RP11-557C18.3				1.0
			DERL1				1.0
			ZHX2		1.0		1.0
			RP11-557C18.4				1.0
			GLI4		1.0		2.0
			RP13-582O9.5				1.0
			RP13-582O9.7				1.0
			AC087793.1				1.0
			ZFP41		1.0		2.0
			ZNF696				1.0
			TOP1MT				1.0
			KM-PA-2				1.0
			LINC00961				1.0
			PGAM1P2				1.0
			OR2S2				1.0
			YBX1P10				1.0
			RP11-327L3.3		1.0		1.0
			SPATA31C2		1.0		1.0
			BEND3P2				1.0
			RP11-62C3.6				1.0
			MIR4670				1.0
			RP11-19J3.5				1.0
			ECM2		1.0		1.0
			RNU6-714P				1.0
			EEF1DP2				1.0
			FAM120AOS				1.0
			FAM120A		1.0		2.0
			MIRLET7A1				1.0
			MIRLET7F1				1.0
			RP11-2B6.2				1.0
			MIRLET7D				1.0
			PTPDC1		1.0		1.0
			MIR2278				2.0
			RP11-49O14.3				1.0
			RP11-49O14.2				1.0
			RP11-308N19.1		1.0		1.0
			RNA5SP294				2.0
			KIAA0368		2.0	1.0	2.0
			HDHD3				1.0
			POLE3		1.0		1.0
			ALAD				1.0
			C9orf43				1.0
			BSPRY				1.0
			RP11-523L1.2				1.0
			RP11-787B4.2		1.0		1.0
			AHCYP2		2.0		2.0
			FBXW2				2.0
			MEGF9				2.0
			C5		1.0		1.0
			RP11-57C19.2				1.0
			PRDM12				1.0
			AC064852.5				1.0
			RP11-399K21.13				1.0
			RP11-399K21.14				1.0
			RP11-399K21.10		1.0		1.0
			ZNF503-AS2				1.0
			RNU6ATAC33P				2.0
			MTA2				1.0
			RP11-831H9.3				1.0
			ROM1		1.0		1.0
			B3GAT3				1.0
			INTS5				1.0
			EEF1G				1.0
			MIR3654				1.0
			EML3				1.0
			GANAB				1.0
			RP11-831H9.11				1.0
			C11orf48				1.0
			KCTD21				1.0
			USP35		1.0		1.0
			RN7SL513P				3.0
			RNA5SP96				1.0
			RNU6-1216P				1.0
			NPM1P46		1.0		1.0
			SNORA4				1.0
			SF3B1				1.0
			TMEM198				1.0
			CTD-2081C10.7				1.0
			RP11-575L7.4		1.0		2.0
			SNORA84				1.0
			CD52				1.0
			CEP85		1.0		2.0
			UBXN11				2.0
			SH3BGRL3				2.0
			RNU6-969P				1.0
			RP4-631H13.2				1.0
			ECHDC2				1.0
			ZYG11B				1.0
			ZYG11A		1.0		1.0
			RN7SL653P				1.0
			GAPDHP46				1.0
			PRKAR1AP				1.0
			BTBD8		1.0	1.0	1.0
			RNU4-59P				1.0
			RP11-330C7.3				2.0
			RP11-330C7.4				2.0
			CCNJP2				2.0
			RN7SKP123				2.0
			RP4-717I23.2				1.0
			RP11-84O12.3		1.0		1.0
			RP11-84O12.4				1.0
			RP11-363I22.3		1.0	1.0	2.0
			UBE2D3P3				2.0
			RNU6-1309P				2.0
			C1orf56				2.0
			MLLT11				2.0
			CDC42SE1				2.0
			SELE				1.0
			C1orf112		1.0		1.0
			RNU7-183P		1.0	1.0	1.0
			CTA-277P6.1				1.0
			RP11-61J19.2				1.0
			NENF		1.0		1.0
			LDHAP2				1.0
			C1orf100		1.0		1.0
			RP11-543F8.3				1.0
			RP11-543F8.2		1.0	1.0	1.0
			AC139143.2				2.0
			RP11-324P9.1		1.0	1.0	1.0
			RP11-1143G9.4				2.0
			LYZ		1.0		2.0
			CMKLR1		1.0	1.0	1.0
			URAD		1.0	1.0	1.0
			PAN3				1.0
			FLT1		1.0		1.0
			RP11-172E9.2		1.0	1.0	1.0
			RN7SKP2		1.0	1.0	1.0
			CYCSP34				1.0
			RNA5SP32				1.0
			RNA5SP39				1.0
			TNFSF13B		1.0		1.0
			LINC00399		1.0	1.0	1.0
			FAM96A				1.0
			AC100830.4				1.0
			AC100830.5				1.0
			OAZ2				1.0
			AC100830.3		1.0	1.0	1.0
			FAM219B				1.0
			CTD-2235H24.2				1.0
			RPP25		1.0		1.0
			RP11-151H2.3				1.0
			MPI				1.0
			COX5A				1.0
			RP11-38G5.3				1.0
			RNU6-667P		1.0	1.0	1.0
			RP11-38G5.2				1.0
			RP11-38G5.4				1.0
			RP11-568J23.7				1.0
			RP11-568J23.1		1.0	1.0	1.0
			COX4I1				1.0
			RP11-159D12.2				1.0
			VEZF1		1.0	1.0	1.0
			RP11-159D12.5				1.0
			SRSF1				1.0
			MPO		1.0		1.0
			LPO		1.0	1.0	1.0
			RP11-579O24.1				1.0
			RP11-579O24.3				1.0
			PPM1E		1.0		1.0
			AC100832.1				1.0
			CTD-2510F5.4				1.0
			SMG8				1.0
			PRR11				1.0
			CTD-2510F5.6				1.0
			NAT9		1.0		1.0
			TMEM104				1.0
			METRNL		1.0	1.0	1.0
			AC139099.4		1.0		1.0
			RP11-567M16.2				1.0
			RP11-567M16.3		1.0		1.0
			CTDP1		1.0	1.0	1.0
			RP11-567M16.5				1.0
			AC007787.2				1.0
			LYL1		1.0		1.0
			AC005546.2				1.0
			CTC-250I14.3				1.0
			STX10				1.0
			IER2				1.0
			TRMT1				1.0
			NACC1				1.0
			ZNF283				1.0
			RNU6-1041P				1.0
			MIR516A2				1.0
			MIR519A2				1.0
			RNU6-165P				1.0
			HMGN1P32				1.0
			SEPT7P8				1.0
			AC008753.3				1.0
			MIR371B				1.0
			MIR371A				1.0
			MIR372				1.0
			MIR373				1.0
			AC008753.4				1.0
			NLRP12		1.0	1.0	1.0
			AC008753.6				1.0
			AC008440.10				1.0
			MYADM				1.0
			RPL5P9				1.0
			CXCR4		1.0	1.0	1.0
			AL049539.1				2.0
			RSL24D1P6				1.0
			MIR1825				2.0
			PLAGL2		1.0		1.0
			POFUT1				2.0
			AL121897.1				2.0
			KIF3B		2.0	1.0	2.0
			RP11-410N8.4		1.0	1.0	1.0
			OSER1		1.0		2.0
			OSER1-AS1		1.0	1.0	2.0
			GDAP1L1				2.0
			TRERNA1				1.0
			UBE2V1		1.0		1.0
			TMEM189-UBE2V1		1.0		1.0
			TMEM189				1.0
			RP11-112L6.3		1.0	1.0	1.0
			RP11-112L6.2				1.0
			RP11-112L6.4		1.0	1.0	1.0
			CEBPB				1.0
			RP11-290F20.2		1.0	1.0	1.0
			RP11-290F20.1		1.0	1.0	1.0
			RP11-290F20.3		1.0	1.0	1.0
			AC006946.16				1.0
			AC006946.17				1.0
			AC006946.12				1.0
			CECR6				1.0
			CECR7				1.0
			IL17RA		1.0		1.0
			AC006946.15		1.0		1.0
			CECR5				1.0
			CECR5-AS1				1.0
			AC005300.5				1.0
			AC005399.1				1.0
			CECR1		1.0	1.0	1.0
			FAM32B				1.0
			APOBEC3F				1.0
			CTA-150C2.20				2.0
			RP4-742C19.12				2.0
			APOBEC3H		1.0		2.0
			APOBEC3G				2.0
			DSTNP4		1.0	1.0	1.0
			CX3CR1		2.0	1.0	2.0
			RP11-331G2.6				2.0
			VIPR1		1.0	1.0	1.0
			VIPR1-AS1				1.0
			SS18L2				1.0
			SEC22C				1.0
			RP11-70C1.1				1.0
			ZNF662		1.0	1.0	1.0
			KRBOX1-AS1				1.0
			AC104434.1		1.0		1.0
			SNRK				1.0
			NRBF2P2				1.0
			UQCRC2P1		2.0	1.0	2.0
			CCR2				2.0
			CCR5				1.0
			WWP1P1				1.0
			RP11-576N17.2				1.0
			RP11-576N17.3				1.0
			RP11-576N17.5		1.0	1.0	1.0
			COQ2				1.0
			CTB-13H5.1				1.0
			PDGFRB		1.0	1.0	1.0
			CDX1				1.0
			RP11-360O19.4				1.0
			RP11-360O19.1				1.0
			RP11-360O19.5				1.0
			GCNT2		1.0		1.0
			TREML1				1.0
			TREM2				1.0
			TREML2		1.0		1.0
			RNA5SP207				1.0
			TREML5P				1.0
			TREML3P				1.0
			TREML4				1.0
			AARS2				1.0
			AC083867.4				1.0
			GS1-24F4.1		1.0	1.0	1.0
			NDUFS5P6		1.0		1.0
			RP11-26E5.1		1.0	1.0	1.0
			PCNPP2		7.0	3.0	1.0
			C9orf47				1.0
			RP11-82L18.4				1.0
			RP11-791O21.5				1.0
			S1PR3		1.0	1.0	1.0
			SHC3		1.0		1.0
			OR2K2		1.0	1.0	1.0
			DNAJC25		1.0	1.0	1.0
			DNAJC25-GNG10		1.0	1.0	1.0
			GNG10				1.0
			C9orf84				1.0
			RP11-134N8.2		1.0		1.0
			RPL34P1				1.0
			RP1-69E11.3				1.0
			GPR161				1.0
			TIPRL		1.0		1.0
			RP11-295P9.12				1.0
			RP11-295P9.8				1.0
			AL157392.1				1.0
			RP11-295P9.6				1.0
			RNA5SP301				1.0
			RP11-295P9.3				1.0
			RP11-353M9.1				1.0
			CTD-2643I7.1				1.0
			HBG1				1.0
			OR51AB1P				1.0
			OR51B4				1.0
			OR51B3P				1.0
			OR51B2				1.0
			OR51B8P				1.0
			OR51B5				1.0
			RP11-222N13.1		2.0	1.0	1.0
			AP003733.1				1.0
			RP11-810P12.1				1.0
			FTH1		1.0		1.0
			FRMD8				1.0
			NEAT1				1.0
			RP11-335F8.2				2.0
			RPL34P23				2.0
			RPS26P43				2.0
			RPL31P47				2.0
			SNORD14E				2.0
			SNORD14D				2.0
			SNORD14C				2.0
			HSPA8		2.0		2.0
			CLMP				2.0
			RP11-417L19.4				1.0
			PUS1				1.0
			ULK1				1.0
			EP400		1.0		1.0
			RN7SL598P				1.0
			RP11-349A22.3				1.0
			ACTR10		1.0		1.0
			HSBP1P1				1.0
			RP11-517O13.1				1.0
			TIMM9				1.0
			KIAA0586		1.0		1.0
			RPL7AP6				2.0
			RP11-109N23.6				1.0
			RP11-109N23.1				1.0
			RN7SL586P				1.0
			ZFYVE1		1.0		1.0
			DCAF4				1.0
			COQ6				1.0
			CCDC176		1.0		2.0
			AC005484.5		1.0		2.0
			ALDH6A1		1.0		2.0
			ENTPD5		1.0		1.0
			WDR20				1.0
			MOK		1.0		1.0
			RN7SL376P				1.0
			RP11-111A22.1				1.0
			C15orf57				1.0
			RPUSD2				1.0
			CASC5		1.0		1.0
			RP11-844G16.1				1.0
			AC068831.10		1.0		1.0
			AC068831.11				1.0
			AC068831.12				1.0
			RP11-429P3.2				1.0
			RP11-429P3.4				1.0
			RNY4P3				1.0
			RP11-429P3.3				1.0
			RP11-429P3.5				1.0
			CNEP1R1				1.0
			RN7SL426P				2.0
			AC087294.2				2.0
			TMEM11				2.0
			RP11-20B24.6				1.0
			RP11-20B24.5		1.0		1.0
			MYO1D		1.0		1.0
			PIGW				1.0
			DHRS11				1.0
			ZNHIT3				1.0
			GGNBP2		1.0		1.0
			CTB-75G16.1				1.0
			MYO19				1.0
			RP13-638C3.6				2.0
			RP13-638C3.2				2.0
			RP13-638C3.3				2.0
			RP13-638C3.4				2.0
			RNU6-1278P				1.0
			ATP5A1				1.0
			HAUS1		1.0		1.0
			RNF165		2.0		2.0
			CHCHD2P3				1.0
			LSM14A		1.0		1.0
			AD000684.2				2.0
			HAMP		1.0		2.0
			USF2		1.0		2.0
			MAG				2.0
			CD22				2.0
			ERLEC1				1.0
			GPR75-ASB3		1.0		1.0
			CHAC2				1.0
			RN7SL95P				1.0
			RN7SL813P				1.0
			AC005220.3				1.0
			RN7SL757P				1.0
			SDC4P				1.0
			SIRPAP1				1.0
			SEC14L3				1.0
			RP4-539M6.14				1.0
			SEC14L4		1.0		1.0
			SEC14L6				1.0
			RP11-383G6.3				1.0
			RP11-646E18.4				1.0
			RP11-225N10.1		1.0		1.0
			ATP11B				1.0
			TNK2-AS1		1.0		2.0
			AC124944.3				2.0
			RP11-352G9.1				2.0
			RN7SL773P				2.0
			RNU2-11P		1.0		2.0
			AC024937.6				2.0
			AC124944.5				2.0
			TNK2		2.0		2.0
			TCEB1P33				1.0
			RNA5SP159				1.0
			RP11-333E13.2				1.0
			PABPC1P1				1.0
			PDS5A		1.0		1.0
			CTD-2589H19.4				1.0
			RP11-661C8.3				1.0
			RP11-43F13.3		1.0		1.0
			AC116351.1				1.0
			AC116351.2		1.0		1.0
			RP11-43F13.4				1.0
			RP11-661C8.2				1.0
			CTD-3080P12.3				1.0
			CTXN3		1.0		1.0
			CTC-548H10.2				1.0
			CTB-17P3.4				1.0
			CCDC69		1.0		1.0
			GM2A				1.0
			FAM114A2		1.0		1.0
			MFAP3		1.0		2.0
			RP11-844P9.4		1.0		1.0
			RP11-826N14.4				1.0
			RP11-844P9.2				1.0
			SIMC1				1.0
			TUBB2A		1.0		1.0
			RIPK1				1.0
			TUBB2BP1				1.0
			RP1-40E16.9				1.0
			BPHL				1.0
			RP1-40E16.11				1.0
			AC006482.1		1.0		1.0
			AC018641.7		1.0		1.0
			SLC25A5P5				1.0
			LSM5				1.0
			ZNRF2P1				1.0
			MIR550A2				1.0
			RP11-225B17.2				1.0
			RP11-225B17.1				1.0
			DPY19L1P1		1.0		1.0
			RP11-265E18.1				1.0
			DPY19L1P2				1.0
			RNU6-388P				1.0
			NT5C3A		1.0		1.0
			FKBP9		1.0		1.0
			AC074338.4				1.0
			RN7SL505P				1.0
			AC074338.5				1.0
			RP9				1.0
			RNA5SP229				1.0
			AC006195.2				1.0
			GTF2IRD2		1.0		1.0
			STAG3L2		1.0		1.0
			AC000123.4				1.0
			SDAD1P1				3.0
			RP11-14I17.2				3.0
			RP11-14I17.1				3.0
			BNIP3L		3.0	1.0	3.0
			RP11-14I17.3				3.0
			RNU7-177P				1.0
			MTDH		1.0		2.0
			LAPTM4B				1.0
			RP11-661A12.9				1.0
			NAPRT1				1.0
			RP11-661A12.7				1.0
			TIGD5				1.0
			RP11-661A12.14				1.0
			TSTA3				1.0
			RP11-661A12.12				1.0
			RNU7-109P				1.0
			GSDMD				1.0
			MROH6				1.0
			EEF1D				1.0
			PYCRL		1.0		1.0
			ZNF623				1.0
			DOLPP1				1.0
			RP11-247A12.1				1.0
			AL158151.2				1.0
			RP11-344H11.4				1.0
			RP11-344H11.5				1.0
			OSTCP2				1.0
			TRNP1				1.0
			FAM46B				1.0
			AHCYL1				1.0
			LINC00083				1.0
			C1orf220		1.0	1.0	2.0
			C1ORF220		1.0	1.0	2.0
			TEX35		1.0	1.0	2.0
			GS1-122H1.1				1.0
			GS1-122H1.3				1.0
			GS1-122H1.2		1.0	1.0	1.0
			RNA5SP323				1.0
			CEP55				1.0
			CTD-2589M5.4				1.0
			MIR4688				1.0
			MDK				1.0
			CHRM4				1.0
			RP11-425L10.1				1.0
			MIR3160-2				1.0
			OR4C9P				1.0
			UBTFL7				1.0
			RP11-107P7.1				2.0
			RP11-107P7.6				2.0
			RP11-107P7.2				2.0
			RP11-107P7.5				2.0
			RP11-107P7.4		2.0	2.0	2.0
			CBX3P8				1.0
			RP11-61N20.3				1.0
			TYRL		1.0	2.0	1.0
			OR4C13				1.0
			RP11-227P3.1				1.0
			OR4C12		1.0	2.0	1.0
			AC110283.1		2.0	3.0	1.0
			OR4A5				1.0
			OR4A7P				1.0
			OR4A8P				1.0
			OR4A2P				1.0
			OR4A3P		1.0	2.0	1.0
			OR4A4P				1.0
			OR4R2P				1.0
			OR4A15		1.0	1.0	1.0
			OR4A9P				1.0
			OR4X7P				1.0
			RP11-131J4.12				1.0
			OR4A10P				1.0
			OR4A17P		1.0	1.0	1.0
			OR4A13P				1.0
			OR4A14P				1.0
			OR4A21P				1.0
			OR4C6				1.0
			OR4V1P				1.0
			OR4P1P				1.0
			RP11-674C21.9				1.0
			OR5D2P		1.0	1.0	1.0
			OR5D3P				1.0
			OR5D17P				1.0
			OR5D15P				1.0
			OR5D14				1.0
			OR5L1				1.0
			OR5D18				1.0
			OR5L2		1.0	1.0	1.0
			OR5D16				1.0
			OR9M1P				1.0
			OR5F2P				1.0
			OR5AS1				1.0
			OR5AQ1P				1.0
			OR5J1P		1.0	2.0	1.0
			OR5BE1P				1.0
			OR8I2				1.0
			OR8I4P				1.0
			OR8H2				1.0
			OR8V1P				1.0
			RP11-444K7.8				1.0
			OR8J2				1.0
			OR8K1				1.0
			RPL5P29				1.0
			OR8J1				1.0
			OR8U1				1.0
			OR5AL2P		1.0	2.0	1.0
			OR5R1				1.0
			OR5AL1				1.0
			OR5AR1				1.0
			OR2AH1P				1.0
			RP11-59K5.1				1.0
			OR9G1		1.0	2.0	1.0
			RP11-100N3.2				1.0
			OR9G4				1.0
			OR9G2P				1.0
			RN7SL786P		2.0	1.0	2.0
			CTD-2530H12.1		1.0	1.0	2.0
			CTD-2530H12.2				2.0
			MOGAT2				2.0
			DGAT2		1.0	1.0	2.0
			RN7SL529P				1.0
			RPL23AP64				1.0
			RP11-110I1.11				1.0
			RP11-110I1.5				1.0
			RP11-110I1.12				1.0
			RP5-940J5.6				1.0
			RP4-761J14.8				1.0
			LPAR5		1.0	1.0	1.0
			ACRBP				1.0
			ING4				1.0
			ZNF384				1.0
			CHD4				1.0
			RP11-256L11.3				1.0
			KCTD10		1.0	1.0	1.0
			UBE3B				1.0
			RNU6-927P		1.0	1.0	1.0
			UBC				1.0
			MIR5188				1.0
			RPL22P19				1.0
			DHX37				1.0
			RP11-50C13.2				1.0
			MT4		1.0	1.0	1.0
			BBS2		1.0	1.0	1.0
			MT2A				1.0
			RP11-249C24.10				1.0
			MT1L		1.0	2.0	1.0
			MT1E				1.0
			AC026461.1				1.0
			MT1M				1.0
			MT1JP				1.0
			MT1A				1.0
			MT1DP				1.0
			MT1CP				1.0
			RP11-249C24.11		1.0	1.0	1.0
			MT1B				1.0
			MT1F		1.0	1.0	1.0
			MT1G		1.0	2.0	1.0
			MT1X				1.0
			MT1H				1.0
			RP11-343H19.2				1.0
			DPPA2P4		1.0	1.0	1.0
			RP11-343H19.1		1.0	2.0	1.0
			NUP93		1.0	2.0	1.0
			MIR138-2				1.0
			RASD1				1.0
			RP11-524F11.1				1.0
			MED9				1.0
			RP11-813F20.2		1.0	2.0	1.0
			RNA5SP457				1.0
			RP11-813F20.4				1.0
			CTC-429C10.2				1.0
			CTD-2587H19.1				1.0
			LAIR1				1.0
			RP5-998H6.2				1.0
			CDH22				1.0
			CTD-2653D5.1				1.0
			RNU6-462P				2.0
			AC091729.9		1.0	2.0	1.0
			ZFAND2A				1.0
			RAC1				1.0
			GPIHBP1		1.0	2.0	1.0
			RP11-363H12.1				1.0
			PIGK		1.0	1.0	1.0
			RP11-313F23.2				1.0
			TUBB8P4				1.0
			RP11-313F23.3		1.0	1.0	1.0
			RP11-313F23.4				1.0
			AC087897.1		1.0	1.0	1.0
			CPNE8		1.0	1.0	1.0
			RPL7P44				1.0
			CLN5		1.0	1.0	1.0
			IRG1				1.0
			DHX9P1				1.0
			MYCBP2				1.0
			FBXL3		1.0	1.0	1.0
			SEC11C		1.0	1.0	1.0
			RP11-577H5.1				1.0
			IPO8		1.0		1.0
			PCNPP3				1.0
			RP11-221N13.4				1.0
			SUB1P2				1.0
			RPS2P2				1.0
			ABCD4				1.0
			VRTN		1.0		1.0
			AC105036.1				1.0
			SHOX2				1.0
			RP11-290K4.2				1.0
			AC004066.3				1.0
			GTF2H5				1.0
			BRAF		1.0		1.0
			RNU4-74P				1.0
			RP4-635E18.8				1.0
			SRM				1.0
			RP4-635E18.7				1.0
			MASP2				1.0
			RP11-231P20.5				1.0
			RP11-231P20.2				1.0
			RP11-247C2.1				1.0
			RP11-307L14.1				1.0
			RP11-307L14.2				1.0
			OR2AK2				1.0
			OR2L9P				1.0
			OR2L1P				1.0
			OR2L6P				1.0
			OR2L5				1.0
			OR2L2				1.0
			RP11-175I17.6				1.0
			FAM25E				1.0
			AGAP4				1.0
			SNORA74				2.0
			NCOA4		1.0		2.0
			TIMM23		1.0	1.0	2.0
			PARGP1				2.0
			RP11-862P13.1				1.0
			GPHN		1.0	1.0	1.0
			RP11-618K16.4				1.0
			GAPDHP38				1.0
			CALM3				1.0
			CTB-12A17.3				1.0
			PTGIR				1.0
			PPP5D1		1.0	1.0	1.0
			AC011551.3		1.0	1.0	1.0
			RPS20P14		1.0	1.0	2.0
			RP11-42D20.1				2.0
			AC007690.1				2.0
			RP11-395D3.1		1.0	1.0	1.0
			RP11-125P18.1		1.0	1.0	1.0
			CHCHD6		1.0	1.0	1.0
			PLXNA1				1.0
			RP11-613F7.1				1.0
			RNU6-1247P				1.0
			RNY4P20				1.0
			RP1-292B18.4				1.0
			EXOC8				1.0
			SPRTN				1.0
			MFAP1				2.0
			RP11-849F2.8				1.0
			EDN1		1.0		1.0
			RP3-451B15.3				1.0
			RP11-817O13.1				1.0
			MKI67IPP4				1.0
			GOLGA6C				1.0
			RN7SL489P				1.0
			AC019117.1		2.0	1.0	2.0
			RP11-309M7.1		1.0		1.0
			AC019117.2				2.0
			AC017060.1		1.0	1.0	2.0
			MTND2P29				1.0
			ELAVL4		1.0		1.0
			RP11-388G3.1		1.0		1.0
			POMGNT1				1.0
			AC116533.1				1.0
			RPS13				1.0
			SNORD14A				1.0
			SNORD14B				1.0
			UBE2L6				1.0
			RPS4XP13				1.0
			RP11-702B10.2		2.0		1.0
			RP11-702B10.1		2.0	1.0	1.0
			ENDOU				1.0
			RP1-197B17.3				2.0
			RP11-406H23.2				1.0
			RP11-709D24.5				1.0
			SUB1P3				1.0
			NMRAL1				1.0
			HMOX2				1.0
			C16orf96				1.0
			CDIP1		1.0		1.0
			OMG				1.0
			RP11-2N1.1				2.0
			RP11-2N1.2				2.0
			CTB-102L5.7				1.0
			CTB-102L5.8				1.0
			RN7SL663P				1.0
			ZNF324				1.0
			AC011753.6				1.0
			BMS1P19		1.0		1.0
			AC109815.2				1.0
			RPL22P11				1.0
			BRWD1-AS1				1.0
			HMGN1				1.0
			RNF6P1		1.0		1.0
			LCA5L				1.0
			WRB				1.0
			GORASP1				1.0
			TTC21A				1.0
			ABHD6				1.0
			RP11-315J22.5				1.0
			MIR4448				1.0
			PARL				1.0
			CYP2AB1P				1.0
			RP11-610P16.1				1.0
			CTD-2037K23.2				1.0
			PIM1				1.0
			AC024084.1				1.0
			TMCC1P1				1.0
			RP11-273P3.1				1.0
			RP11-127H5.1		1.0		1.0
			INSL6		1.0		2.0
			RP11-331F9.3				1.0
			RP11-331F9.4				1.0
			SIT1				1.0
			CCDC107				1.0
			CD72				1.0
			AC002310.17				1.0
			RP11-146F11.4				2.0
			RP11-146F11.5				2.0
			ZNF689				2.0
			RP11-6N13.1		1.0		1.0
			RP11-165H23.1		1.0		1.0
			MTND1P34				1.0
			FAM76B		1.0		1.0
			CEP57				1.0
			LINC00676				1.0
			GPX2				1.0
			CTD-2509G16.3				1.0
			RP4-693M11.3				1.0
			DNAL1				1.0
			RNU6-265P				1.0
			MEGF11				1.0
			RNU6-1057P				1.0
			SH3GL1P2				1.0
			C19orf60				1.0
			U62631.5				1.0
			AC016757.3				1.0
			KLHL30				1.0
			ILKAP		1.0		1.0
			AC096574.4				1.0
			FAM132B				1.0
			SPINK8				1.0
			LRIG1		1.0		1.0
			NPHP3				1.0
			RNA5SP140				2.0
			AC124944.4				1.0
			INTU		1.0		1.0
			LARP1				1.0
			RNU6-1114P		1.0		1.0
			KPNA7		1.0		1.0
			SMURF1				1.0
			NKX3-1				1.0
			KB-1683C8.1		1.0		1.0
			RP11-4O1.2				1.0
			CFHR2		1.0	1.0	1.0
			CFHR4		1.0	1.0	1.0
			RP11-800A3.3		1.0	1.0	1.0
			IFI27				1.0
			IFI27L2				1.0
			DDX24				1.0
			IFI27L1		1.0	1.0	1.0
			SERPINA4				1.0
			SERPINA3				1.0
			SERPINA5		1.0	1.0	1.0
			RP11-986E7.7				1.0
			ADIPOR1P2				1.0
			IGHG3				1.0
			RP11-417P24.1		1.0	1.0	1.0
			IGHD				1.0
			RP11-467I17.1		1.0	1.0	1.0
			MAF				1.0
			HSPB9				1.0
			RP11-358B23.1				1.0
			DHX58				1.0
			KAT2A		1.0	1.0	1.0
			CTD-2132N18.3		1.0	1.0	1.0
			KCNH4				1.0
			SLC35B1				1.0
			RP11-118B18.2		1.0	1.0	2.0
			SNRPGP4				1.0
			ZCCHC2		1.0	1.0	1.0
			AC008555.1				1.0
			AC008555.2				1.0
			LOC401913				1.0
			CTC-523E23.14				1.0
			CTC-523E23.15				1.0
			CTC-523E23.6				1.0
			CTC-523E23.8				1.0
			CTC-523E23.5				1.0
			CTC-523E23.11				1.0
			ZNF30				1.0
			LINC00904		1.0	2.0	1.0
			AC092570.4				1.0
			RP5-1125K23.1				1.0
			EIF3B				1.0
			SNX8		1.0	1.0	1.0
			AC080080.1				1.0
			CHCHD2P6				1.0
			RNU7-179P				1.0
			RP4-680D5.4				1.0
			DDI2				1.0
			ECM1				2.0
			TARS2				2.0
			RP11-68I18.2				1.0
			SNORA41				1.0
			HMGN2P46				1.0
			GOLGA5P1				1.0
			MIR4285				1.0
			SH2B2				1.0
			RCVRN				1.0
			GLP2R				1.0
			RNU6-16P				1.0
			RP11-313I2.2				1.0
			RP11-81M19.3				1.0
			RP11-313I2.8				1.0
			AP000648.3				1.0
			RP11-81M19.1				1.0
			MTND1P35		1.0		1.0
			TRIM49D2P				1.0
			RP11-529A4.4				1.0
			RP11-529A4.15				1.0
			TRIM51BP				1.0
			TRIM64B				1.0
			TRIM49D1				1.0
			TRIM53AP				1.0
			RP11-529A4.9				1.0
			RP11-529A4.12				1.0
			TRIM51EP				1.0
			RP11-313I2.7				1.0
			RNU1-117P		1.0	1.0	1.0
			DAP3P2				1.0
			AC007969.4				1.0
			DCAF17				1.0
			RNU6-1166P				1.0
			GAPDHP71				1.0
			SUMO2P6		1.0		1.0
			RP11-267A15.1				1.0
			RP11-62F24.1				1.0
			RP11-568K15.1		1.0		1.0
			DHH				1.0
			RP11-386G11.8				1.0
			TUBA1B				1.0
			RHEBL1				1.0
			LMBR1L		1.0		1.0
			RP11-386G11.10				1.0
			C16orf62		1.0		1.0
			AC007679.4				1.0
			AC007679.3				1.0
			GALNT10				1.0
			RP3-437C15.2		1.0		1.0
			RP3-437C15.1				1.0
			CALCR		1.0		1.0
			AL353629.1				1.0
			RP11-159N11.4				1.0
			MIR4301				1.0
			ANKK1				1.0
			RP11-159N11.3				1.0
			DNMBP-AS1				1.0
			ATG16L2				1.0
			RN7SL195P				1.0
			MED17				1.0
			VSTM5		1.0	1.0	1.0
			HPRTP4				1.0
			HPRTP3				1.0
			RP11-715G18.3				1.0
			RP11-680H20.1		1.0	1.0	1.0
			RP11-434C1.1				1.0
			RNU6-1261P				1.0
			RP11-434O22.2				1.0
			CFL2		1.0	1.0	1.0
			RP11-434O22.1				1.0
			C15orf59				1.0
			MESP2				1.0
			RP11-167H9.1				1.0
			HNRNPA1P9				1.0
			RECQL4				1.0
			CTD-2517M22.17				1.0
			LRRC14		1.0	1.0	1.0
			AC084125.1				1.0
			MFSD3		1.0	1.0	1.0
			ARHGAP39		1.0	1.0	1.0
			LRRC24		1.0	1.0	1.0
			C8orf82				1.0
			AC084125.2				1.0
			AC084125.3				1.0
			CTD-2517M22.9				1.0
			AF186192.6				1.0
			ZNF34				1.0
			RN7SL395P				1.0
			RPL8				1.0
			ZNF251		1.0	1.0	1.0
			ZNF517				1.0
			ZNF250		1.0	1.0	1.0
			ZNF16		1.0	1.0	1.0
			RP5-1047A19.4				1.0
			TMED10P1				1.0
			ZNF252P-AS1				1.0
			RP5-1047A19.6				1.0
			ZNF252P				1.0
			ORM2				1.0
			RP11-703P11.1		1.0		1.0
			DPH5				1.0
			RP11-421L21.3		1.0		1.0
			MTND5P20				1.0
			RP11-312J18.3				1.0
			LY9		1.0		1.0
			CD244				1.0
			RP11-534L20.5				1.0
			RP11-534L20.4				1.0
			C1orf147		1.0		1.0
			RASSF5				1.0
			OR4S1				1.0
			OR4C3		1.0		1.0
			OR4A45P				1.0
			CREBL2				1.0
			RASA3		1.0		1.0
			RASA3-IT1				1.0
			RP11-173D9.1				2.0
			PPP2R3C		1.0		2.0
			FAM177A1		1.0		2.0
			PSMA6				1.0
			RP11-973N13.5				1.0
			HSPA2				1.0
			PPP1R36				1.0
			RP11-973N13.3				1.0
			AC007182.6				1.0
			FLVCR2				1.0
			RP11-146F11.3				1.0
			RP11-146F11.2				2.0
			PRR14		1.0		2.0
			RNU6-416P		1.0		2.0
			FBRS				2.0
			RAP1GAP2		1.0		1.0
			CTD-3060P21.1		1.0		1.0
			RP11-314A20.2				1.0
			RP11-314A20.1				1.0
			RP11-314A20.5				1.0
			CXCL16				1.0
			ZMYND15				1.0
			ARRB2		1.0		1.0
			MED11				1.0
			VMO1				1.0
			PSMB6				1.0
			RP5-1028K7.2				1.0
			CCR7		1.0		1.0
			ICT1				1.0
			RNU6-362P				1.0
			RN7SL573P				1.0
			RP11-1112G13.3				1.0
			CDR2L				1.0
			KCTD2		1.0		1.0
			ATP5H				1.0
			AC111186.1				1.0
			CTD-3252C9.2				1.0
			RN7SL619P				1.0
			MIR24-2				1.0
			MIR27A				1.0
			MIR23A				1.0
			MIR181C				1.0
			MIR181D				1.0
			ZSWIM4		1.0		1.0
			NANOS3				1.0
			AC008686.1				1.0
			MIR3191				1.0
			PRR24				1.0
			BBC3		1.0		1.0
			CCDC9				1.0
			AC013460.1		1.0		1.0
			AC013444.2				1.0
			MTND5P25				1.0
			MTND4P23				1.0
			AC005037.6				1.0
			RP4-644L1.2		1.0	1.0	1.0
			LINC00693				1.0
			SETP11				1.0
			P2RY13				1.0
			GPR87				1.0
			P2RY12				1.0
			MED12L		1.0		1.0
			RP1-134E15.3				1.0
			PRDM1		1.0		1.0
			RP11-73O6.3				1.0
			SAMD3				1.0
			CDK13		1.0		1.0
			RP11-632K21.7		1.0		1.0
			RP11-632K21.3				1.0
			GIMAP6				1.0
			RP11-594N15.2		1.0		1.0
			PKIA				1.0
			RP11-79H23.3		1.0		1.0
			RNU6-605P				1.0
			RP5-864K19.4		1.0		1.0
			MYCBP				1.0
			GJA9				1.0
			RHBDL2		1.0		1.0
			RP11-690P14.4				1.0
			CC2D2B				1.0
			RP13-81N3.1				1.0
			TAS2R7				1.0
			TAS2R8				1.0
			TAS2R9				1.0
			YBX3				1.0
			RP13-81N3.2		1.0		1.0
			RP11-326A19.5				1.0
			FANCI		1.0		1.0
			BCAR4				1.0
			RP11-166B2.3				1.0
			COX6CP1				1.0
			RP11-166B2.5				1.0
			RSL1D1				1.0
			RP11-166B2.8		1.0		1.0
			GSPT1				1.0
			AC007216.1				1.0
			TNFRSF17				1.0
			AC007216.2				1.0
			UBL5P4				1.0
			RP11-166B2.1		1.0		1.0
			RP11-376M2.2				1.0
			RPL27				1.0
			IFI35				1.0
			RND2				1.0
			CTD-3199J23.4				1.0
			PTGES3L-AARSD1				1.0
			PTGES3L				1.0
			RUNDC1				1.0
			VAT1		1.0		1.0
			BRCA1				1.0
			RNU6-1137P				1.0
			ARL4D				1.0
			LINC00910		1.0		1.0
			AC109828.1				1.0
			AC074117.10				1.0
			SNX17				1.0
			ZNF513				1.0
			FTH1P3				1.0
			EIF2B4				1.0
			NRBP1				1.0
			ETAA1		1.0		1.0
			RNU1-55P				1.0
			RP5-967N21.2		1.0		1.0
			RP5-967N21.7				1.0
			TRMT6				1.0
			MCM8				1.0
			CHGB				1.0
			RN7SL498P				1.0
			CRLS1		1.0		1.0
			LRRN4				1.0
			RP13-30A9.1				1.0
			RP13-30A9.2				1.0
			RP11-93B14.6				1.0
			RP11-93B14.5				1.0
			LINC00686				1.0
			KCNJ4				1.0
			KDELR3				1.0
			DMC1				1.0
			DNAL4				1.0
			SLC25A14P1				1.0
			RPL30P5				1.0
			HELQ				1.0
			MRPS18C				1.0
			FAM175A		1.0		1.0
			RP11-701P16.5				1.0
			MIR3945				1.0
			RP11-637O19.2				1.0
			TMEM14B				1.0
			MAK				1.0
			RP11-637O19.3		1.0		1.0
			SYCP2L		1.0		1.0
			GCM2				1.0
			KB-1836B5.3				1.0
			KB-1836B5.1				1.0
			EIF4EBP1		1.0		1.0
			RP11-465B22.5		1.0	1.0	1.0
			MIR200B				1.0
			MIR200A				1.0
			MIR429				1.0
			RP11-465B22.8				1.0
			TTLL10				1.0
			C1orf159				1.0
			C10orf71-AS1				1.0
			C10orf71		1.0	1.0	1.0
			AC131971.1				1.0
			CARS-AS1				1.0
			CARS				1.0
			RP11-15D14.2		1.0	1.0	1.0
			PTH		1.0	1.0	1.0
			RP11-15D14.1				1.0
			LINC00935				1.0
			RPS28P8				1.0
			KARSP1				1.0
			VWA8		1.0	1.0	1.0
			RP11-325E5.1				1.0
			RP11-352D13.6				1.0
			RP11-352D13.5				1.0
			GLCE				1.0
			PAQR5		1.0	1.0	1.0
			AC132068.1				1.0
			AC002044.4				1.0
			AC005264.2				2.0
			AC011465.1				1.0
			RP11-521D12.5				1.0
			TAF1B		1.0	1.0	1.0
			SEMA4C				1.0
			INHBB				1.0
			AC012363.13		1.0	1.0	1.0
			CCDC58		1.0	1.0	1.0
			FAM162A				1.0
			DNAJB11				1.0
			FETUB				1.0
			RP11-134F2.2				1.0
			ADIPOQ-AS1				1.0
			ADIPOQ				1.0
			RP11-529E10.7				1.0
			RBM47		1.0	1.0	1.0
			RP11-510H23.1				1.0
			RNF217		1.0	1.0	1.0
			SGK1		1.0	1.0	1.0
			RPL35AP3		1.0	1.0	1.0
			RP11-204P2.3				1.0
			RP11-55K22.5				1.0
			PEX7				1.0
			IL20RA				1.0
			CCT6P1				1.0
			INTS4L2		1.0	1.0	1.0
			RP11-252P18.1				1.0
			GUSB		1.0	1.0	1.0
			VKORC1L1				1.0
			TPST1		1.0	1.0	1.0
			GS1-124K5.7				1.0
			GS1-124K5.8				1.0
			GS1-124K5.3				1.0
			GS1-124K5.4				1.0
			GS1-124K5.9				1.0
			RP4-756H11.1				1.0
			AC006001.1				1.0
			GS1-124K5.10		1.0	1.0	1.0
			GS1-124K5.11		1.0	1.0	1.0
			GS1-124K5.12				1.0
			GS1-124K5.2				1.0
			RP11-792A8.3				1.0
			GTF2IRD1P1				1.0
			KCTD7		1.0	1.0	1.0
			RABGEF1		1.0	1.0	1.0
			GNAQ		1.0	1.0	1.0
			RP11-336N8.1				1.0
			RN7SKP59		1.0	1.0	1.0
			RP11-336N8.2				1.0
			RP11-336N8.3				1.0
			MVB12B				1.0
			RP11-227B21.2				1.0
			NOS1				1.0
			RP4-549L20.3				1.0
			EXTL2		1.0		1.0
			SLC30A7				1.0
			RPL35AP26				2.0
			RP11-603J24.7				1.0
			DGKA				1.0
			PMEL				1.0
			CDK2				1.0
			RP11-973D8.4				1.0
			CDKN2AIPNLP3				1.0
			MIR621				1.0
			CTD-3065B20.2				1.0
			CTD-3065B20.3				1.0
			CTD-3065B20.1				1.0
			RP11-387D10.3				1.0
			CRTC3		1.0		1.0
			RP11-387D10.2		1.0		1.0
			CTD-3203P2.2				1.0
			KLF8P1				1.0
			KPNA2		1.0		1.0
			AC005176.2				1.0
			AC005176.3				1.0
			LGALS16				1.0
			AC009238.6				1.0
			AC009238.8				1.0
			AC009238.7				1.0
			UBTFL5				1.0
			AC133104.2				1.0
			KCNIP3				1.0
			FAHD2A		1.0		1.0
			RNU7-96P				1.0
			ACVR1C		1.0		1.0
			RP11-105N14.1				1.0
			RP11-105N14.3				1.0
			SP110				1.0
			RNU6-1149P				1.0
			TMPRSS3				1.0
			RNA5SP496				1.0
			AC005003.1				1.0
			LIMK2				1.0
			PIK3IP1				1.0
			RP3-400N23.6		1.0		1.0
			RP11-247I13.3				1.0
			PISD				1.0
			FAM172BP				1.0
			RP11-231E6.1		1.0		1.0
			BTLA				1.0
			TERC				1.0
			RP11-816J6.3		1.0		1.0
			RP11-362K14.5				1.0
			RP11-362K14.7				1.0
			RP11-362K14.6				1.0
			LRRC34				1.0
			AC010468.3				1.0
			AC010468.1		1.0		1.0
			CAMK4				1.0
			RNU7-53P		1.0	1.0	1.0
			MIR4651				1.0
			RPL7L1P3				1.0
			LINC00998				1.0
			RP11-736E3.1		1.0		1.0
			RP11-140C18.2				1.0
			RP11-575L7.2				1.0
			RP11-300I6.5				1.0
			EDNRB-AS1				1.0
			RP11-161I6.2		1.0		1.0
			CFHR1				1.0
			CFHR3		1.0		1.0
			SNORA14B				1.0
			ARID4B-IT1				1.0
			MIR4753				1.0
			RBM34				1.0
			TOMM20				1.0
			PHLDB1				1.0
			RP11-521B24.3				1.0
			RP11-146F11.1				1.0
			RNU6-1043P				1.0
			CTF2P				1.0
			FBXL19-AS1				1.0
			HCRT				1.0
			CTD-2527I21.7				1.0
			PPDPF				1.0
			C20orf195				1.0
			PTK6				1.0
			SRMS				1.0
			RAB6B				1.0
			RNY4P16		2.0	1.0	2.0
			SRPR				1.0
			CFL1P5				1.0
			CHCHD2P2				1.0
			SMIM8				1.0
			RP1-102H19.8				1.0
			AC020743.3		1.0		1.0
			RP11-491H19.1				1.0
			HDAC1P1				1.0
			RP11-429H9.4				1.0
			RP11-162K11.4				1.0
			AC051649.1				1.0
			RP11-382M14.1		1.0		1.0
			AC068641.1				1.0
			RP11-981P6.1				1.0
			CTD-3094K11.1				1.0
			CTB-60B18.12				1.0
			CTB-60B18.18				1.0
			KCNA7				1.0
			RN7SL708P				1.0
			LIN7B				1.0
			C19orf73				1.0
			HRC				1.0
			CGB7				1.0
			NTF4				1.0
			SNRNP70		1.0		1.0
			PPFIA3				1.0
			AC092684.1		1.0		1.0
			RP11-136K14.3				1.0
			RPS27P12				1.0
			AL354732.1				1.0
			RP11-108O10.2		1.0		1.0
			ALG9-IT1				1.0
			SIK2				1.0
			PPIHP1				1.0
			RNU6-893P				1.0
			RP11-708L7.9				1.0
			TIMM8B				1.0
			RP11-708L7.6				1.0
			C11orf57				1.0
			PIH1D2				1.0
			HOXC13				1.0
			HOXC12		1.0		1.0
			AC012531.23				1.0
			HOXC11				1.0
			HOXC-AS5				1.0
			HOTAIR				1.0
			RNU6-989P				1.0
			RP3-344J20.1		2.0		1.0
			AC004540.4				1.0
			AC004540.5				1.0
			RP11-1102P16.1		1.0		1.0
			RP11-217B7.3		1.0		1.0
			MIR378F				1.0
			RNU11-3P				1.0
			INA				1.0
			PCGF6		1.0		1.0
			RP11-449L13.2				1.0
			MIR558				1.0
			RP3-510D11.2				1.0
			RP3-510D11.1		1.0	1.0	1.0
			S100A9				1.0
			S100A12				1.0
			AL591704.5				1.0
			S100A8		1.0	1.0	1.0
			AL591704.7				1.0
			S100A7A				1.0
			AL591704.9				1.0
			S100A7L2				1.0
			PGLYRP4				1.0
			UFC1				1.0
			RP11-297K8.2				1.0
			USP21				1.0
			VN1R5				1.0
			ZNF496				1.0
			ADIPOR1P1		1.0	1.0	1.0
			RP11-108B14.1				1.0
			RNU6-1274P				1.0
			RPL13AP5				1.0
			PIK3AP1		1.0	1.0	1.0
			RP11-173D9.5				1.0
			RNU6-549P				1.0
			RP11-815J21.2		1.0	1.0	1.0
			RP11-815J21.3				1.0
			RP11-815J21.4				1.0
			RP11-572F4.1				1.0
			RP11-144N1.4				1.0
			GLG1		1.0	1.0	1.0
			RNY4P8				1.0
			CDC6				1.0
			WIPF2		1.0	1.0	1.0
			OR4D1				1.0
			MSX2P1				1.0
			OR4D2				1.0
			EPX		1.0	1.0	1.0
			MKS1				1.0
			MIR454				1.0
			MIR301A				1.0
			CTD-2510F5.2				1.0
			TEX19				1.0
			UTS2R		1.0	1.0	1.0
			RP13-20L14.1				1.0
			RP13-20L14.4				1.0
			SECTM1				1.0
			HEXDC				1.0
			OGFOD3				1.0
			SERTAD3				1.0
			CTC-492K19.4				1.0
			PLD3				1.0
			PRX				1.0
			BLVRB				1.0
			HIPK4				1.0
			KLK14				1.0
			CTD-3187F8.15				1.0
			SIGLEC7				1.0
			SIGLEC19P				1.0
			SIGLEC18P				1.0
			CTD-3187F8.6				1.0
			SIGLEC17P				1.0
			AC008440.5				1.0
			PRKCG				1.0
			RNU6-242P				1.0
			AC093609.1		1.0	1.0	1.0
			AC068492.1				1.0
			GPR27				1.0
			EIF4E3		1.0	1.0	1.0
			PROK2				1.0
			LTC4S				1.0
			MGAT4B				1.0
			MIR1229				1.0
			RN7SKP150				1.0
			CTC-241N9.1				1.0
			SQSTM1		1.0	1.0	1.0
			C5orf45				1.0
			AC093620.5				1.0
			AC092171.2				1.0
			RP11-1275H24.2				1.0
			RP11-1275H24.1				1.0
			RP11-1275H24.3				1.0
			AC092171.4				1.0
			MIR589				1.0
			AF228730.8				1.0
			AF228730.1				1.0
			RPS3AP30				1.0
			MIR3686				1.0
			hsa-mir-3673				1.0
			AC011652.2				1.0
			AC011652.1				1.0
			AC016178.1				1.0
			hsa-mir-3669				1.0
			AC016178.2				1.0
			SPHKAP		1.0		1.0
			RNU6-861P				1.0
			RP11-328D5.1				1.0
			OR4P4				1.0
			OR4S2				1.0
			RP11-535A19.2				1.0
			RP11-535A19.1				1.0
			TMEM97				1.0
			POLDIP2				1.0
			MIR4723				1.0
			VTN		1.0	1.0	1.0
			CTB-96E2.2				1.0
			CTD-2350C19.1				1.0
			CTD-2350C19.2				1.0
			H3F3BP2				1.0
			IFT20				1.0
			TNFAIP1				1.0
			TMEM199		1.0	1.0	1.0
			CTB-96E2.3		1.0	1.0	1.0
			CTB-96E2.7				1.0
			SARM1		1.0	1.0	1.0
			SLC46A1				1.0
			RN7SKP69				1.0
			BFSP1				1.0
			PHBP8				1.0
			MAATS1				1.0
			NR1I2		1.0	1.0	1.0
			GSK3B				1.0
			AC091729.8				1.0
			GPR146				1.0
			RP11-449P15.1				1.0
			AC091729.7				1.0
			GPER1				1.0
			CTC-573M9.1		1.0		1.0
			OR2A25				1.0
			RP4-681L3.2				1.0
			SLC26A9		1.0		1.0
			CYTL1		1.0		1.0
			STK32B				1.0
			RN7SKP295				1.0
			RNU6-620P				1.0
			CTC-484M2.1				1.0
			HAPLN1		1.0		1.0
			SLC30A2				1.0
			EXTL1				1.0
			CFL1P6				1.0
			AL713997.1				1.0
			C1orf127		1.0		1.0
			ALX4		1.0		1.0
			RP11-20L19.1				1.0
			CCER1		1.0		1.0
			RN7SL703P				1.0
			RNA5SP150				1.0
			PRDM13				1.0
			RP3-359N14.2		1.0		1.0
			AC147651.3		1.0		1.0
			PDGFA				1.0
			AC147651.1		1.0		1.0
			.		31.0	31.0	
			GPATCH2		2.0	1.0	
			AF127577.12		2.0	3.0	
			CDK8		1.0		
			RP11-362I1.1		4.0	1.0	
			CTD-2653M23.3		1.0		
			KRT18P16		1.0		
			MIR5007		1.0	1.0	
			RP11-338H14.1		1.0	1.0	
			RP11-307O10.1		1.0	1.0	
			CTD-2141G3.1		1.0		
			RP5-899B16.1		2.0	1.0	
			RP11-145E17.2		1.0	1.0	
			SUMO2P2		1.0	1.0	
			FCF1P10		2.0	1.0	
			VGLL3		2.0	1.0	
			COX6CP6		1.0		
			RP11-536O18.1		1.0	1.0	
			RP11-562L8.1		2.0		
			CTD-2378E21.1		1.0		
			RP11-643N23.1		1.0		
			AC113134.1		1.0		
			HSPA8P13		1.0		
			RPL21P41		1.0	1.0	
			RNU2-3P		1.0	1.0	
			RP11-313E19.1		1.0		
			HFM1		1.0	1.0	
			RP11-574M7.2		2.0	3.0	
			RP11-147G16.1		2.0	2.0	
			CTC-340D7.1		2.0	1.0	
			ARMC10P1		2.0		
			RP11-608B3.1		1.0		
			RP13-359K18.1		1.0		
			RP11-125N22.2		1.0		
			RP11-297L6.2		1.0		
			CTD-2576F9.1		2.0		
			RP11-863N1.4		1.0		
			ARIH2P1		1.0		
			AC093375.1		3.0		
			RP11-354K4.2		1.0		
			AC005027.3		1.0		
			AC098592.8		1.0	1.0	
			RP11-132E11.2		1.0	1.0	
			RNU6-1211P		1.0	1.0	
			N6AMT1		1.0	1.0	
			IBTK		1.0	1.0	
			RP11-509J21.3		1.0	1.0	
			AC008268.2		1.0	1.0	
			AC005741.2		1.0	1.0	
			STARD3NL		2.0	2.0	
			RP11-224P11.1		1.0		
			LINC00938		1.0		
			RNU6-54P		1.0		
			DNAJC5B		1.0		
			AC118345.1		1.0		
			RP1-130G2.1		1.0		
			KRT18P3		1.0		
			RP11-442O18.1		1.0		
			RP11-222A11.1		1.0		
			CTC-465D4.1		1.0		
			RP5-899B16.2		1.0		
			RN7SL547P		2.0	2.0	
			CHCHD4P2		1.0		
			AC073551.1		1.0		
			RP11-362B23.1		2.0		
			AC108057.1		1.0	1.0	
			CTAGE16P		1.0		
			RP11-347K2.1		1.0		
			ISG20		1.0		
			RP11-352E6.1		1.0		
			SERF1AP1		1.0		
			STMN1P2		1.0		
			RP3-449H6.1		2.0	1.0	
			RNA5SP214		1.0		
			VGLL2		2.0		
			HIGD1AP18		1.0		
			RP11-350G13.1		1.0		
			MTND3P1		1.0	1.0	
			AC011648.1		1.0	1.0	
			XKR9		1.0	1.0	
			RP11-977P2.1		1.0	1.0	
			AC012150.1		3.0	1.0	
			HDGFL1		1.0	1.0	
			RP5-965F6.2		1.0		
			RNA5SP431		1.0		
			RPS26P35		1.0	1.0	
			AC011286.1		1.0		
			RP11-91P17.1		2.0	1.0	
			NR4A2		1.0		
			ACTG1P13		1.0		
			RP11-324H7.1		1.0	2.0	
			RP11-326E22.1		1.0		
			CTA-109P11.1		1.0		
			MIR572		1.0		
			RP11-254A17.1		1.0		
			PSMC1P12		1.0		
			RP11-644L4.1		1.0		
			HSP90AB2P		1.0		
			HNRNPA1P67		1.0		
			RNU2-36P		1.0		
			CTD-2021J15.1		1.0		
			RP11-184A2.3		1.0		
			RP11-385J1.2		1.0		
			SPCS3		1.0	1.0	
			RP11-212J19.1		1.0		
			KRT18P56		1.0		
			RP11-13A1.1		1.0		
			AC016194.1		1.0		
			RP3-359N14.1		1.0		
