gene_name	fg_pleio_degree_finemap	pleio_degree	pleio_degree_maxindep	pleio_degree_locuswide	fg_pleio_degree
TTLL10-AS1	1.0			1.0	
SDF4	1.0				
ACAP3	1.0			1.0	3.0
DVL1	2.0			1.0	
MXRA8	1.0			1.0	2.0
ANKRD65	1.0				
ATAD3C	1.0				
NADK	1.0				1.0
GNB1	1.0	1.0		1.0	
PRKCZ	3.0			3.0	2.0
SKI	2.0	5.0	1.0	5.0	1.0
MORN1	1.0			3.0	
TNFRSF14	1.0				1.0
MMEL1	1.0				3.0
PRDM16	5.0	4.0	2.0	4.0	13.0
TP73	1.0			5.0	1.0
RPL22	1.0			1.0	1.0
PLEKHG5	1.0			1.0	1.0
KLHL21	1.0			2.0	
PHF13	1.0	1.0		1.0	2.0
VAMP3	1.0			3.0	
UTS2	1.0	1.0	1.0	2.0	
PARK7	1.0				1.0
RERE	2.0	4.0	2.0	6.0	1.0
SPSB1	7.0	2.0		2.0	6.0
TMEM201	1.0			2.0	
CLSTN1	1.0				
UBE4B	1.0	1.0		3.0	1.0
PGD	1.0	1.0		2.0	1.0
PEX14	1.0			1.0	8.0
CASZ1	11.0	1.0		1.0	17.0
TARDBP	1.0			2.0	
MTOR	1.0	4.0	1.0	4.0	3.0
ANGPTL7	1.0	1.0		4.0	
MTHFR	3.0	2.0		3.0	5.0
CLCN6	4.0	2.0		3.0	4.0
NPPA	1.0			3.0	
TNFRSF1B	1.0				1.0
EFHD2	1.0				
CTRC	2.0			1.0	
CELA2A	1.0			1.0	
ZBTB17	1.0	1.0	1.0	1.0	1.0
TBC1D3P6	1.0			2.0	
CLCNKA	2.0			2.0	3.0
ATP13A2	1.0	1.0		3.0	2.0
SDHB	1.0			3.0	
PADI6	2.0				4.0
RCC2	1.0				5.0
AC004824.1	1.0				
CAPZB	5.0	1.0		1.0	8.0
MINOS1	7.0			1.0	2.0
NBL1	2.0			1.0	
RNF186	1.0				3.0
OTUD3	1.0				4.0
EIF4G3	1.0	1.0	1.0	1.0	1.0
ECE1	2.0	3.0	2.0	4.0	
ALPL	1.0	2.0	2.0	3.0	1.0
RAP1GAP	2.0	3.0	3.0	3.0	
USP48	1.0	3.0	3.0	3.0	
LDLRAD2	1.0	1.0	1.0	1.0	
HSPG2	3.0	1.0	1.0	1.0	1.0
CELA3B	1.0	1.0	1.0	2.0	1.0
CDC42	1.0			2.0	4.0
WNT4	5.0	4.0	3.0	4.0	5.0
EPHB2	1.0				
LUZP1	1.0	1.0		1.0	
IFNLR1	1.0				
STPG1	1.0				
RCAN3	1.0				
CLIC4	1.0	1.0		3.0	2.0
RUNX3	7.0	3.0	2.0	3.0	3.0
MIR4425	1.0			1.0	5.0
RHCE	2.0	6.0	2.0	7.0	1.0
CEP85	1.0	1.0		2.0	2.0
SH3BGRL3	1.0			2.0	
RN7SL679P	1.0			1.0	
ARID1A	3.0	1.0	3.0	4.0	2.0
ZDHHC18	1.0	1.0	1.0	4.0	
GPATCH3	2.0			1.0	
SLC9A1	2.0				
CD164L2	1.0				
WASF2	1.0				2.0
FAM76A	1.0				
RAB42	1.0				
PUM1	1.0				
PTP4A2	1.0	1.0		1.0	1.0
YARS	1.0				
ZNF362	1.0			1.0	1.0
COL8A2	1.0				
MAP7D1	1.0				
SH3D21	1.0				
SNIP1	2.0				2.0
INPP5B	5.0			1.0	7.0
SF3A3	1.0	1.0		1.0	
RRAGC	1.0			1.0	
MACF1	1.0	8.0	9.0	9.0	3.0
PPIEL	1.0	2.0	2.0	10.0	
HEYL	1.0	2.0		5.0	
BMP8B	1.0				
TRIT1	2.0			1.0	
COL9A2	1.0			1.0	
SMAP2	1.0	1.0	1.0	1.0	
KCNQ4	1.0				1.0
SCMH1	1.0	2.0	1.0	2.0	1.0
EDN2	1.0				1.0
HIVEP3	1.0	1.0	1.0	1.0	1.0
RNU6-880P	1.0			3.0	1.0
SZT2	1.0			1.0	1.0
PTPRF	1.0	1.0	1.0	1.0	1.0
KDM4A	1.0				2.0
RNF220	1.0	1.0		1.0	
TESK2	1.0	2.0		4.0	
TMEM69	1.0			2.0	
MAST2	4.0	5.0	2.0	6.0	
TSPAN1	1.0			2.0	
CYP4X1	1.0				
AGBL4	2.0	2.0		2.0	3.0
DMRTA2	3.0			2.0	1.0
FAF1	7.0	3.0	2.0	3.0	9.0
CDKN2C	3.0	2.0	1.0	3.0	1.0
C1orf185	1.0				
TTC39A	1.0				3.0
EPS15	1.0				
OSBPL9	1.0				2.0
ZFYVE9	1.0				2.0
LRP8	1.0				
SLC25A3P1	1.0				
DIO1	1.0				3.0
HSPB11	1.0				
MROH7	1.0				5.0
BSND	1.0	1.0	4.0	1.0	8.0
PCSK9	5.0	1.0	4.0	1.0	17.0
USP24	4.0	1.0	1.0	1.0	2.0
AC119674.1	3.0				12.0
RPL21P23	1.0				
PRKAA2	1.0				
DAB1	2.0				1.0
NFIA	8.0	1.0	1.0	1.0	6.0
USP1	1.0	5.0	5.0	5.0	1.0
DOCK7	1.0	5.0	7.0	6.0	3.0
CACHD1	1.0				
RAVER2	3.0			1.0	2.0
JAK1	1.0	2.0	2.0	2.0	1.0
LEPR	1.0	6.0	6.0	5.0	1.0
PDE4B	6.0	4.0	2.0	4.0	3.0
WDR78	1.0				1.0
C1orf141	3.0				14.0
IL23R	8.0				19.0
RNU4ATAC4P	1.0				
IL12RB2	1.0				3.0
GADD45A	1.0				
GNG12	1.0	1.0	1.0	1.0	
GNG12-AS1	1.0	2.0	2.0	2.0	
CRYZ	1.0	1.0		1.0	
AK5	1.0	5.0	2.0	5.0	
TTLL7	1.0				
LPAR3	1.0				
DDAH1	2.0				2.0
COL24A1	1.0	1.0		1.0	
TGFBR3	3.0	2.0	1.0	2.0	3.0
BRDT	2.0			2.0	
RPAP2	1.0	1.0		4.0	
DPYD-IT1	1.0				
MIR137HG	1.0				
DBT	1.0				
CDC14A	1.0				1.0
COL11A1	6.0	2.0		2.0	14.0
VAV3	2.0				4.0
KIAA1324	1.0	1.0	3.0	2.0	4.0
CELSR2	6.0	4.0	7.0	5.0	19.0
PSRC1	1.0	2.0	5.0	5.0	2.0
GNAI3	3.0	1.0	4.0	2.0	
GSTM4	1.0			4.0	2.0
CSF1	1.0	3.0	1.0	3.0	
CEPT1	1.0	1.0	1.0	4.0	
CHIA	1.0				
KCND3	1.0				7.0
WNT2B	8.0	3.0	1.0	4.0	14.0
CAPZA1	1.0	1.0	1.0	3.0	
MAGI3	7.0	1.0		1.0	23.0
PHTF1	10.0				3.0
RSBN1	5.0			1.0	
PTPN22	19.0	1.0		1.0	46.0
AP4B1-AS1	1.0			1.0	3.0
BCL2L15	2.0			1.0	3.0
DCLRE1B	1.0				1.0
OLFML3	1.0				6.0
TSPAN2	2.0				4.0
NGF	2.0				6.0
VANGL1	1.0				
CD58	1.0				
NEFHP1	1.0				
PTGFRN	1.0				1.0
TBX15	1.0	2.0	1.0	2.0	
PHGDH	1.0	1.0		1.0	1.0
NOTCH2	1.0	1.0	1.0	1.0	2.0
EMBP1	1.0				2.0
SEC22B	3.0				
CHD1L	2.0	1.0		1.0	3.0
LINC00624	1.0				
NBPF15	1.0				
FCGR1A	1.0				
SV2A	1.0	1.0		4.0	
MTMR11	3.0	4.0	1.0	4.0	1.0
OTUD7B	4.0	3.0	2.0	5.0	3.0
ANP32E	1.0				
MRPS21	1.0	2.0	2.0	3.0	1.0
RPRD2	1.0	2.0	1.0	4.0	
ADAMTSL4	1.0			6.0	
ENSA	1.0	6.0	3.0	9.0	
GOLPH3L	2.0	8.0	6.0	9.0	5.0
HORMAD1	3.0			5.0	1.0
CTSS	1.0			3.0	1.0
CTSK	1.0			2.0	
ARNT	3.0	3.0	1.0	7.0	2.0
SETDB1	1.0	2.0	1.0	9.0	
CERS2	2.0	4.0	4.0	9.0	6.0
ANXA9	1.0	4.0	3.0	8.0	2.0
BNIPL	1.0	2.0	2.0	2.0	1.0
MLLT11	1.0			2.0	
SEMA6C	1.0	1.0		2.0	
PIP5K1A	1.0	1.0		3.0	1.0
SNX27	1.0				
RIIAD1	1.0				
RORC	3.0	1.0	1.0	1.0	4.0
FLG-AS1	1.0				1.0
FLG	5.0				
LCE1E	1.0			1.0	
SPRR4	1.0				
NPR1	1.0				
INTS3	2.0				
SLC27A3	2.0				
GATAD2B	1.0	1.0		1.0	1.0
CRTC2	1.0			1.0	
UBAP2L	1.0			1.0	
RNU6-121P	1.0			1.0	1.0
IL6R	6.0	5.0	4.0	5.0	2.0
CHRNB2	1.0			4.0	1.0
ADAR	2.0	4.0	4.0	4.0	3.0
KCNN3	3.0	1.0	1.0	1.0	5.0
FLAD1	1.0	1.0		5.0	
ZBTB7B	4.0	2.0		7.0	5.0
DCST2	1.0	4.0	1.0	7.0	1.0
DCST1	1.0	2.0	1.0	7.0	1.0
ADAM15	1.0	3.0	2.0	7.0	2.0
HMGN2P18	1.0	2.0	2.0	3.0	3.0
THBS3	1.0	4.0	3.0	5.0	4.0
MTX1	1.0	3.0	3.0	5.0	4.0
GBAP1	3.0	1.0		5.0	
GBA	1.0			4.0	
ASH1L	2.0	2.0	1.0	3.0	1.0
YY1AP1	1.0				
DAP3	1.0			2.0	
GON4L	1.0	2.0	1.0	2.0	3.0
ARHGEF2	1.0				
UBQLN4	1.0			1.0	
LMNA	1.0	1.0		1.0	
SLC25A44	1.0			1.0	
PMF1-BGLAP	1.0	1.0		1.0	1.0
CCT3	2.0				1.0
MEF2D	3.0	1.0		1.0	2.0
TTC24	1.0				
GPATCH4	1.0				
HDGF	1.0			1.0	
PRCC	1.0			1.0	3.0
NTRK1	3.0			2.0	4.0
FCRL2	2.0				1.0
CRPP1	1.0	1.0	1.0	1.0	4.0
CRP	3.0	1.0	1.0	1.0	3.0
SLAMF6	1.0				1.0
FCGR2A	3.0	2.0	2.0	4.0	7.0
DDR2	1.0				1.0
PBX1	1.0	1.0	1.0	1.0	
TMCO1	1.0	1.0		1.0	5.0
UCK2	1.0				
CD247	3.0				1.0
CREG1	1.0				
XCL2	1.0				5.0
LINC00970	1.0	1.0	1.0	1.0	11.0
ATP1B1	2.0			1.0	10.0
NME7	9.0			1.0	24.0
BLZF1	1.0				
CCDC181	3.0				
SLC19A2	1.0				5.0
AL021068.1	1.0				12.0
F5	10.0				20.0
SELL	2.0	1.0		1.0	
HAUS4P1	1.0	1.0		1.0	3.0
PRRX1	2.0	2.0	1.0	2.0	5.0
MROH9	1.0				5.0
MYOC	3.0	1.0	1.0	2.0	6.0
VAMP4	2.0			2.0	
DNM3	7.0	5.0	3.0	8.0	3.0
C1orf105	1.0	4.0	2.0	6.0	1.0
SUCO	1.0	1.0		1.0	
FASLG	1.0	1.0	1.0	1.0	
SLC25A38P1	2.0			1.0	
TNFSF4	1.0	1.0	1.0	1.0	3.0
SLC9C2	1.0				
KLHL20	1.0				
DARS2	4.0				
RC3H1	1.0			1.0	
RABGAP1L	8.0				4.0
SDCCAG3P2	1.0				1.0
TNN	1.0				
KIAA0040	1.0				4.0
PAPPA2	2.0	3.0	2.0	3.0	
ASTN1	1.0	1.0		3.0	
SEC16B	1.0	5.0	1.0	5.0	3.0
RASAL2	1.0				
SOAT1	2.0	1.0		1.0	2.0
AXDND1	1.0				
LAMC1	3.0	1.0		1.0	2.0
NMNAT2	1.0				
NCF2	1.0				
COLGALT2	4.0	1.0		2.0	9.0
C1orf21	1.0				2.0
RNF2	1.0				1.0
RGS21	1.0				1.0
KCNT2	1.0	1.0	1.0	1.0	7.0
CFH	4.0	1.0	1.0	1.0	10.0
CFHR5	1.0				7.0
CRB1	2.0	1.0	1.0	2.0	10.0
DENND1B	2.0	1.0	1.0	1.0	8.0
LHX9	1.0				6.0
NEK7	2.0				9.0
PTPRC	4.0	3.0	2.0	3.0	10.0
MIR181A1HG	2.0	2.0	1.0	3.0	3.0
NR5A2	2.0				5.0
CAMSAP2	2.0				1.0
GPR25	1.0				
MROH3P	3.0				5.0
KIF21B	2.0			2.0	2.0
CACNA1S	2.0	2.0	1.0	2.0	2.0
ASCL5	1.0				1.0
PHLDA3	1.0				1.0
RPS10P7	2.0				1.0
NAV1	2.0			2.0	3.0
LMOD1	2.0	1.0		2.0	1.0
LGR6	1.0				
SYT2	1.0				1.0
KDM5B	1.0				
PPFIA4	1.0				4.0
ADORA1	2.0				2.0
PLEKHA6	1.0				1.0
PIK3C2B	1.0				
MDM4	1.0				1.0
LRRN2	1.0				2.0
CNTN2	1.0	3.0	1.0	3.0	
RBBP5	2.0			6.0	2.0
DSTYK	3.0	3.0	1.0	8.0	
TMCC2	1.0	7.0	4.0	7.0	
LEMD1-AS1	1.0			2.0	
SRGAP2	1.0			1.0	2.0
IKBKE	1.0	1.0		1.0	
MAPKAPK2	1.0				
IL10	5.0				12.0
IL19	3.0				3.0
C4BPB	1.0	1.0	1.0	1.0	
CD55	1.0				1.0
CR1	1.0				7.0
CR1L	1.0				
CD46	1.0			2.0	1.0
HHAT	1.0				1.0
RD3	1.0	1.0		1.0	5.0
LPGAT1	1.0			1.0	
RPL21P28	1.0			1.0	1.0
PROX1-AS1	2.0	3.0	2.0	6.0	5.0
PROX1	1.0	7.0	5.0	6.0	4.0
SMYD2	1.0	1.0	1.0		2.0
PTPN14	1.0	1.0		1.0	3.0
RRP15	3.0			2.0	
TGFB2	13.0	3.0	1.0	3.0	11.0
C1orf143	3.0				8.0
ZC3H11B	2.0	3.0		4.0	9.0
SLC30A10	6.0	4.0	3.0	4.0	8.0
MARK1	1.0				
MARC1	1.0	6.0	9.0	9.0	
HLX	2.0	5.0	5.0	7.0	6.0
HHIPL2	2.0				1.0
MIA3	2.0				5.0
AIDA	1.0				1.0
FAM177B	3.0				3.0
CAPN2	1.0				
WDR26	1.0	1.0		2.0	
ENAH	1.0				
PARP1	2.0	1.0		1.0	1.0
CDC42BPA	1.0	2.0	1.0	3.0	1.0
ZNF678	1.0	2.0	1.0	2.0	
SNAP47	1.0	1.0		1.0	1.0
WNT3A	1.0			1.0	3.0
ARF1	1.0				1.0
OBSCN	1.0				7.0
ABCB10	1.0	1.0	1.0	1.0	3.0
GALNT2	1.0	5.0	4.0	5.0	1.0
DISC1	1.0			1.0	
SLC35F3	1.0				1.0
LINC00184	1.0	2.0	1.0	3.0	
GNG4	1.0			1.0	
NID1	1.0			3.0	
EDARADD	1.0				2.0
ACTN2	1.0				
FMN2	1.0	2.0	2.0	2.0	
GREM2	1.0				
EXO1	3.0				1.0
CEP170	1.0	1.0		2.0	
SDCCAG8	3.0	3.0	1.0	4.0	1.0
KIF26B	1.0				1.0
GCSAML	2.0	4.0	2.0	4.0	
OR2T32P	2.0				
WDR37	1.0	2.0	2.0	2.0	
IL2RA	12.0	2.0	1.0	2.0	18.0
RBM17	2.0			2.0	6.0
PFKFB3	1.0				1.0
PRKCQ	4.0				4.0
ITIH5	1.0				
GATA3-AS1	1.0			3.0	2.0
GATA3	3.0	3.0	3.0	3.0	4.0
RNA5SP299	1.0				4.0
CELF2	3.0	1.0	1.0	1.0	1.0
PROSER2-AS1	1.0	2.0	1.0	2.0	
BEND7	1.0				1.0
FRMD4A	1.0	1.0		1.0	
FAM107B	1.0	1.0		1.0	
CUBN	1.0	1.0		3.0	1.0
MRC1	1.0			1.0	1.0
SLC39A12	1.0	1.0		1.0	1.0
CACNB2	4.0	2.0		2.0	6.0
NSUN6	1.0				
PLXDC2	1.0	1.0	1.0	1.0	
NEBL	3.0				2.0
RNU6-15P	1.0				
RNMTL1P1	1.0				2.0
SKIDA1	1.0			4.0	3.0
MLLT10	9.0	4.0	2.0	5.0	9.0
DNAJC1	3.0	4.0	1.0	4.0	13.0
SPAG6	1.0				3.0
PIP4K2A	2.0				1.0
KIAA1217	1.0			1.0	1.0
GPR158	1.0	1.0	1.0	1.0	1.0
PDSS1	1.0				
MKX	2.0	1.0			6.0
ARMC4	1.0	1.0		1.0	1.0
RNU6-1067P	1.0			2.0	1.0
BAMBI	1.0	1.0		1.0	
MAP3K8	1.0				
EPC1	2.0	1.0		1.0	2.0
PARD3	1.0	1.0	1.0	1.0	
CREM	1.0				1.0
RET	1.0				2.0
MARCH8	1.0	5.0	3.0	5.0	2.0
FAM21FP	1.0	2.0	2.0	6.0	
VSTM4	1.0	4.0	1.0	5.0	3.0
C10orf53	1.0				
MSMB	1.0	1.0		2.0	1.0
PRKG1	1.0	2.0	1.0	3.0	1.0
MBL2	1.0				1.0
PCDH15	1.0				
BICC1	3.0	3.0	2.0	3.0	4.0
SLC16A9	1.0	1.0		1.0	1.0
ARID5B	10.0	3.0	2.0	3.0	13.0
RTKN2	2.0				7.0
ZNF365	9.0	1.0	1.0	1.0	20.0
AC067751.1	8.0			1.0	
EGR2	1.0	2.0	2.0	3.0	5.0
NRBF2	1.0	6.0	3.0	9.0	1.0
JMJD1C	4.0	10.0	7.0	11.0	2.0
REEP3	2.0	8.0	6.0	8.0	1.0
CTNNA3	2.0				6.0
DNAJC12	1.0				3.0
MYPN	1.0	3.0	2.0	3.0	2.0
STOX1	1.0	1.0	1.0	1.0	
HKDC1	1.0	4.0	3.0	6.0	3.0
HK1	1.0	7.0	4.0	9.0	5.0
TSPAN15	3.0	2.0	1.0	2.0	6.0
COL13A1	1.0				3.0
UNC5B	1.0				
CHST3	3.0				9.0
ASCC1	1.0				3.0
DNAJB12	1.0				
SYNPO2L	1.0				2.0
AGAP5	1.0				2.0
CAMK2G	1.0				1.0
PLAU	1.0				
VCL	2.0			1.0	
AP3M1	1.0	1.0	1.0	1.0	
ADK	2.0	1.0	2.0	1.0	1.0
KAT6B	1.0				
ZNF503-AS1	1.0				
KCNMA1	1.0	1.0		1.0	
DLG5	2.0	2.0	3.0	2.0	
ZMIZ1	7.0	6.0	4.0	9.0	10.0
ZCCHC24	2.0	4.0	1.0	5.0	1.0
ANXA11	1.0				2.0
MAT1A	1.0				1.0
CCSER2	1.0				
GRID1	2.0				
LDB3	1.0				
GLUD1	1.0			1.0	
MINPP1	1.0				
RNLS	4.0	1.0	1.0	1.0	3.0
FAS	1.0				
CH25H	1.0			1.0	
LIPA	1.0	1.0	1.0	1.0	8.0
SLC16A12	1.0				
BTAF1	2.0			1.0	2.0
CPEB3	2.0				2.0
KIF11	1.0			3.0	1.0
EIF2S2P3	1.0	3.0	3.0	3.0	1.0
EXOC6	1.0	4.0	3.0	8.0	2.0
CYP26A1	1.0	8.0	10.0	8.0	1.0
PLCE1	8.0	7.0	2.0	7.0	11.0
NOC3L	2.0	1.0		5.0	3.0
SORBS1	3.0	1.0	1.0	1.0	1.0
ENTPD1-AS1	2.0	2.0		3.0	1.0
ARHGAP19	1.0			2.0	2.0
FRAT1	1.0	1.0		2.0	1.0
CRTAC1	2.0	1.0		1.0	1.0
LOXL4	2.0	1.0		1.0	1.0
HPSE2	1.0	1.0		1.0	
DNMBP	1.0	1.0	1.0	2.0	
ERLIN1	1.0	2.0	3.0	3.0	1.0
SCD	2.0	1.0	1.0	4.0	3.0
TLX1NB	1.0			1.0	
LBX1-AS1	1.0				1.0
BTRC	2.0				2.0
GBF1	1.0	1.0	1.0	1.0	
ACTR1A	1.0			1.0	
SUFU	3.0	2.0	1.0	2.0	2.0
AS3MT	1.0	4.0		5.0	2.0
CNNM2	4.0	3.0	1.0	6.0	4.0
NT5C2	1.0	4.0	2.0	6.0	4.0
SH3PXD2A	9.0	1.0		2.0	13.0
SLK	4.0				6.0
COL17A1	4.0				18.0
SORCS3	3.0				8.0
AL355512.1	1.0				
VTI1A	1.0			2.0	3.0
TCF7L2	4.0	5.0	2.0	5.0	6.0
RNU7-165P	1.0	1.0		1.0	6.0
CASP7	1.0				
ADRB1	1.0	3.0	3.0	3.0	5.0
ABLIM1	1.0				
EMX2	1.0				
CASC2	1.0				2.0
LINC00867	1.0				1.0
GRK5	2.0	3.0	1.0	3.0	1.0
BAG3	2.0	2.0		2.0	4.0
INPP5F	1.0	1.0		1.0	1.0
SEC23IP	1.0	1.0		1.0	
WDR11	1.0				2.0
RN7SKP167	1.0				6.0
FGFR2	5.0			1.0	9.0
BTBD16	2.0			1.0	6.0
PLEKHA1	1.0	2.0	1.0	2.0	8.0
ARMS2	3.0			2.0	10.0
HTRA1	6.0	1.0		2.0	14.0
CPXM2	2.0				1.0
ZRANB1	1.0			1.0	
CTBP2	3.0	1.0		1.0	3.0
PTPRE	1.0				
MGMT	1.0	1.0		1.0	
PPP2R2D	1.0				
BET1L	5.0	3.0	1.0	5.0	3.0
ODF3	1.0	2.0	1.0	5.0	
SIRT3	1.0	3.0	1.0	6.0	2.0
RASSF7	2.0				
SCT	1.0				
DEAF1	1.0				
PNPLA2	1.0			4.0	1.0
AP2A2	1.0				4.0
MUC6	1.0				
MUC2	1.0				3.0
MUC5B	1.0				3.0
TOLLIP	2.0				3.0
AC136297.1	1.0				
KRTAP5-AS1	1.0				1.0
TNNI2	1.0			3.0	
LSP1	4.0	3.0	1.0	3.0	6.0
INS-IGF2	2.0	7.0	7.0	7.0	12.0
INS	3.0	1.0		7.0	11.0
TH	1.0	1.0	1.0	7.0	
C11orf21	2.0				4.0
KCNQ1	6.0	4.0	3.0	4.0	5.0
KCNQ1OT1	1.0	2.0	1.0	2.0	
SLC22A18AS	1.0			1.0	3.0
STIM1	1.0	1.0	1.0	2.0	1.0
OR51D1	1.0				
OR51E1	1.0				
HBB	2.0				
TRIM5	1.0	3.0	3.0	3.0	1.0
FAM160A2	1.0				
CCKBR	2.0				1.0
EIF3F	1.0			2.0	
TUB	1.0	2.0	1.0	2.0	2.0
RIC3	1.0				
ST5	3.0	4.0	3.0	4.0	6.0
NRIP3	1.0				
SCUBE2	1.0				2.0
DENND5A	2.0				1.0
WEE1	1.0			1.0	
SWAP70	2.0	4.0	1.0	4.0	1.0
SBF2-AS1	1.0			4.0	
SBF2	3.0	2.0		6.0	6.0
ADM	1.0			1.0	
AMPD3	3.0	3.0	2.0	3.0	6.0
MTRNR2L8	1.0			1.0	1.0
MRVI1	2.0	1.0	1.0	1.0	6.0
USP47	1.0			1.0	
DKK3	1.0	1.0		2.0	
TEAD1	2.0	2.0	1.0	2.0	2.0
ARNTL	6.0	5.0	2.0	5.0	5.0
SPON1	3.0	1.0	1.0	2.0	
PDE3B	1.0	2.0	2.0	2.0	
CALCB	2.0	1.0	1.0	1.0	1.0
SOX6	3.0	6.0	4.0	6.0	3.0
PLEKHA7	1.0			1.0	
KCNJ11	2.0			1.0	3.0
CSRP3	1.0	1.0	1.0	2.0	2.0
NAV2	4.0				2.0
ANO5	2.0	1.0		1.0	
GAS2	1.0				2.0
LGR4	3.0	2.0		3.0	2.0
BDNF-AS	3.0	2.0		5.0	8.0
BDNF	2.0	3.0		4.0	5.0
METTL15	2.0				
ARL14EP	1.0			1.0	5.0
MPPED2	3.0	2.0		2.0	3.0
DCDC1	5.0	2.0	2.0	2.0	4.0
DNAJC24	1.0				2.0
WT1	5.0				4.0
WT1-AS	4.0				9.0
EIF3M	1.0				3.0
CCDC73	1.0				3.0
CD44	2.0				2.0
PRR5L	3.0				5.0
LRRC4C	1.0	2.0	1.0	2.0	2.0
CD82	1.0	2.0		2.0	
PRDM11	6.0				8.0
SYT13	1.0				
CHST1	1.0				
SLC35C1	2.0				1.0
CRY2	1.0				
CREB3L1	1.0	1.0	1.0	1.0	1.0
DGKZ	2.0			1.0	
AMBRA1	7.0	1.0	2.0	1.0	2.0
ARHGAP1	2.0	1.0	1.0	2.0	1.0
F2	3.0	1.0	1.0	2.0	3.0
LRP4	1.0	3.0	2.0	4.0	4.0
C11orf49	1.0	4.0	6.0	6.0	3.0
ACP2	1.0			7.0	1.0
MADD	2.0	4.0	4.0	10.0	
MYBPC3	1.0	1.0		6.0	1.0
SPI1	2.0	3.0	1.0	8.0	2.0
CELF1	3.0	5.0	3.0	9.0	2.0
AC090559.1	2.0			6.0	
NDUFS3	1.0	1.0		5.0	
MTCH2	1.0	4.0	4.0	7.0	2.0
AGBL2	1.0	8.0	3.0	9.0	3.0
PTPRJ	2.0	6.0	4.0	6.0	1.0
OR4B2P	1.0				
OR4X2	1.0				2.0
OR4S1	1.0			1.0	
OR4C7P	1.0			2.0	
OR4A50P	1.0			1.0	
OR8L1P	2.0			1.0	
OR5M6P	1.0				
OR5M1	3.0			1.0	
OR9G3P	1.0			1.0	
OR5G1P	3.0				
OR5G5P	1.0				
OR5AK2	1.0				
OR5AO1P	2.0				
APLNR	1.0				1.0
P2RX3	1.0	1.0	1.0	1.0	
SLC43A3	1.0	1.0		2.0	3.0
SLC43A1	1.0				
SERPING1	2.0	1.0		3.0	1.0
MED19	1.0			2.0	
OR5AZ1P	1.0			1.0	2.0
CYCSP26	1.0				
OR9Q1	3.0				1.0
EIF4A2P3	1.0				
OR10Q2P	1.0	1.0	1.0	1.0	
ZFP91	1.0			2.0	
CNTF	1.0			1.0	
GLYAT	1.0	1.0	1.0	1.0	3.0
GLYATL2	1.0				
GLYATL1P2	1.0				
GLYATL1P4	1.0				
FAM111A	1.0				
TCN1	1.0				
MS4A3	1.0				1.0
AP001257.1	1.0			1.0	
MS4A6A	1.0	1.0	1.0	1.0	5.0
MS4A4A	1.0				
MS4A8	2.0				
LRRC10B	1.0	1.0		1.0	4.0
SYT7	2.0			1.0	
MYRF	2.0	1.0	1.0	12.0	1.0
TMEM258	1.0	3.0	2.0	12.0	1.0
FEN1	1.0	1.0		12.0	1.0
FADS2	9.0	11.0	12.0	12.0	12.0
FADS1	5.0	10.0	11.0	12.0	9.0
RAB3IL1	1.0	2.0	1.0	3.0	1.0
BEST1	1.0	1.0		2.0	2.0
SCGB1D1	1.0				2.0
SCGB2A1	1.0				
SCGB1D2	1.0				2.0
TUT1	1.0			1.0	
HNRNPUL2-BSCL2	2.0				
TAF6L	1.0				
SNHG1	1.0				1.0
SLC3A2	2.0				
SLC22A6	1.0				
NAA40	2.0				
MACROD1	1.0	1.0		1.0	3.0
PRDX5	1.0			2.0	
CCDC88B	4.0			1.0	6.0
SLC22A11	1.0	1.0		1.0	
NRXN2	2.0			1.0	
CAPN1	1.0			1.0	
POLA2	1.0				
LTBP3	2.0			5.0	1.0
SSSCA1-AS1	1.0			4.0	2.0
EHBP1L1	3.0	2.0		6.0	6.0
RELA	1.0			4.0	1.0
RNASEH2C	3.0			4.0	
AP5B1	1.0			3.0	1.0
AP001266.1	4.0			3.0	
OVOL1	5.0	3.0	2.0	3.0	13.0
CFL1	2.0	1.0		6.0	
CATSPER1	1.0			1.0	1.0
PACS1	2.0	1.0		2.0	1.0
TMEM151A	1.0				3.0
RNU1-84P	1.0				
NPAS4	1.0				1.0
ACTN3	1.0				3.0
RBM14-RBM4	1.0	1.0		1.0	
SPTBN2	1.0				
KDM2A	2.0				
NDUFV1	2.0				
DOC2GP	1.0				
CPT1A	3.0	2.0	1.0	2.0	1.0
MRPL21	1.0				
TPCN2	6.0	2.0	2.0	4.0	1.0
MYEOV	1.0	3.0	2.0	3.0	2.0
AP000439.1	1.0	1.0		2.0	4.0
AP000439.3	1.0	1.0		2.0	6.0
ANO1	1.0	1.0		1.0	1.0
PPFIA1	1.0				
ARAP1	1.0	3.0	3.0	3.0	3.0
P2RY2	1.0	2.0		2.0	2.0
ARHGEF17	2.0	1.0		1.0	1.0
RELT	1.0				1.0
POLD3	4.0	1.0		1.0	4.0
CHRDL2	1.0			1.0	2.0
MAP6	1.0			2.0	
LRRC32	1.0			1.0	1.0
GUCY2EP	1.0			1.0	
CLNS1A	1.0	1.0		1.0	
RSF1	1.0				
KCTD21-AS1	1.0			1.0	
GAB2	1.0	2.0		3.0	1.0
NARS2	1.0			2.0	
RNU6-560P	1.0				3.0
ME3	1.0				1.0
TMEM135	2.0	2.0	2.0	2.0	1.0
CTSC	1.0	1.0	1.0	1.0	4.0
TYR	6.0	3.0	2.0	3.0	10.0
NOX4	1.0	3.0	1.0	4.0	1.0
FAT3	3.0				6.0
MTNR1B	2.0	2.0	1.0	2.0	6.0
SMCO4	1.0				3.0
PIWIL4	1.0				
AMOTL1	1.0				
MAML2	2.0				1.0
CNTN5	2.0				3.0
ARHGAP42	3.0	2.0		4.0	5.0
PGR	3.0				2.0
MMP7	1.0				1.0
DCUN1D5	1.0				
CASP5	1.0				
SLC35F2	1.0				
ATM	5.0	1.0	1.0	4.0	3.0
C11orf65	2.0	2.0	1.0	4.0	3.0
KDELC2	1.0	1.0		3.0	1.0
ZC3H12C	1.0				3.0
C11orf53	2.0			1.0	3.0
COLCA1	2.0			1.0	2.0
COLCA2	2.0	1.0		1.0	4.0
POU2AF1	2.0	1.0	2.0	2.0	2.0
C11orf88	1.0				
PPP2R1B	1.0			1.0	
ALG9	2.0			1.0	
DIXDC1	2.0			1.0	
DLAT	1.0	1.0		1.0	
AP002884.3	1.0			1.0	
NCAM1	8.0	1.0	1.0	1.0	14.0
TTC12	1.0			1.0	2.0
DRD2	2.0	1.0	1.0	1.0	1.0
USP28	1.0				
ZBTB16	1.0	5.0	2.0	5.0	
NXPE2P1	1.0				
NXPE1	1.0				1.0
CADM1	3.0	2.0	2.0	2.0	2.0
BUD13	4.0	3.0	7.0	11.0	2.0
APOC3	1.0	1.0	1.0	3.0	
SIK3	3.0	5.0	8.0	7.0	8.0
PCSK7	2.0	2.0	2.0	2.0	3.0
BCL9L	1.0				
KRT8P7	1.0				
TMEM136	1.0			1.0	1.0
ARHGEF12	1.0	3.0		3.0	2.0
GRIK4	1.0			2.0	
SORL1	2.0				
UBASH3B	2.0	8.0	9.0	9.0	2.0
GRAMD1B	1.0				
OR8D2	1.0				
FOXRED1	1.0			2.0	
DCPS	2.0	4.0	4.0	7.0	1.0
ST3GAL4	2.0	6.0	8.0	8.0	5.0
KIRREL3	1.0	1.0	1.0	4.0	
ETS1	6.0	4.0	2.0	4.0	6.0
KCNJ5	1.0	1.0		1.0	3.0
PRDM10	1.0				
ZBTB44	1.0				
ADAMTS8	1.0	3.0	1.0	3.0	1.0
NTM	1.0	1.0		1.0	
OPCML	2.0				1.0
SLC6A13	1.0	2.0	1.0	2.0	
NINJ2	1.0	5.0	2.0	6.0	1.0
WNK1	1.0	2.0		2.0	1.0
RAD52	1.0			2.0	
CACNA1C	1.0	3.0		3.0	1.0
TSPAN9	1.0	3.0	1.0	3.0	1.0
CCND2	12.0	3.0	1.0	6.0	5.0
ANO2	2.0				
VWF	3.0	1.0	1.0	2.0	2.0
LTBR	5.0	3.0	1.0	4.0	9.0
LPAR5	1.0	1.0	1.0	1.0	3.0
MLF2	2.0				
LAG3	1.0				
RIMKLB	1.0				
PHC1	1.0				
LINC00987	1.0				
CD69	2.0				
TAS2R14	1.0				1.0
ETV6	2.0	4.0	3.0	4.0	2.0
APOLD1	1.0	2.0		3.0	3.0
C12orf60	1.0	1.0		1.0	1.0
RERG	2.0	2.0	2.0	2.0	4.0
PTPRO	2.0				3.0
PIK3C2G	1.0				
PLEKHA5	1.0				
PDE3A	3.0	5.0	4.0	5.0	4.0
SLCO1C1	1.0	1.0		3.0	1.0
SLCO1B1	4.0	5.0	5.0	5.0	1.0
SLCO1A2	1.0	1.0		2.0	1.0
GOLT1B	1.0	1.0		1.0	
LDHB	1.0				
SOX5	7.0	4.0	2.0	1.0	17.0
BHLHE41	1.0				
SSPN	3.0	2.0	1.0	2.0	6.0
ITPR2	2.0			3.0	1.0
PPFIBP1	1.0				2.0
KLHL42	1.0	2.0	1.0	2.0	
RN7SKP15	1.0			2.0	11.0
CCDC91	4.0	2.0	1.0	2.0	2.0
FAR2	1.0	2.0	1.0	4.0	
KIAA1551	1.0	1.0	1.0	1.0	1.0
BICD1	1.0				
PKP2	1.0			1.0	
SLC2A13	3.0				
PDZRN4	2.0				3.0
NELL2	1.0				
ARID2	1.0				
SLC38A1	1.0				2.0
SLC48A1	1.0	1.0		3.0	4.0
HDAC7	4.0	3.0	1.0	3.0	7.0
VDR	1.0	2.0	1.0	4.0	2.0
TUBA1C	2.0	2.0	1.0	2.0	1.0
KCNH3	1.0	1.0		1.0	
NCKAP5L	1.0			4.0	1.0
FAIM2	2.0	4.0	1.0	4.0	1.0
GPD1	1.0			1.0	
DIP2B	1.0	7.0	4.0	7.0	3.0
ATF1	3.0	3.0	1.0	6.0	6.0
NR4A1	1.0				
KRT5	2.0				3.0
KRT8	1.0			2.0	
SPRYD3	2.0				2.0
ESPL1	1.0			1.0	
SP7	1.0	1.0	1.0	3.0	3.0
HOXC10	1.0			2.0	
HOXC6	2.0	1.0		2.0	3.0
HOXC-AS2	1.0			2.0	3.0
HOXC4	3.0	1.0		3.0	8.0
HOXC5	1.0			2.0	1.0
COPZ1	1.0	3.0	1.0	4.0	
PDE1B	1.0				
TESPA1	7.0				
OR9R1P	1.0				
OR6C6	1.0				
OR6C2	1.0				
RDH5	1.0	1.0		1.0	1.0
RAB5B	4.0			1.0	4.0
IKZF4	2.0			1.0	1.0
RPS26	1.0			1.0	3.0
ERBB3	2.0	1.0	1.0	2.0	2.0
SMARCC2	2.0				
RNF41	3.0				
ANKRD52	1.0			1.0	
CS	1.0			2.0	
IL23A	1.0			2.0	
STAT2	1.0	1.0	1.0	2.0	
BAZ2A	1.0	2.0	1.0	2.0	1.0
PTGES3	2.0			2.0	5.0
PRIM1	2.0	3.0	1.0	3.0	1.0
SDR9C7	1.0				1.0
STAT6	1.0	1.0	1.0	3.0	1.0
LRP1	7.0	2.0		3.0	12.0
INHBC	1.0	2.0	1.0	7.0	1.0
GLI1	1.0			5.0	2.0
MARS	1.0	1.0		4.0	
MBD6	1.0			1.0	
DTX3	1.0				3.0
OS9	1.0				1.0
AGAP2	1.0				2.0
SLC16A7	1.0				1.0
FAM19A2	2.0				
PPM1H	1.0				
SRGAP1	1.0			1.0	
C12orf56	1.0				
MSRB3	1.0	1.0		1.0	
RPSAP52	1.0			1.0	3.0
HMGA2	4.0	6.0	4.0	6.0	10.0
IFNG-AS1	2.0				2.0
IL22	1.0				2.0
NUP107	1.0				
MYRFL	1.0				
PTPRB	1.0				
PTPRR	1.0	1.0		1.0	1.0
TSPAN8	2.0				4.0
LGR5	2.0				1.0
RAB21	1.0				
TRHDE	1.0				1.0
NAV3	1.0				2.0
SYT1	2.0				
LRRIQ1	1.0				1.0
KITLG	2.0	1.0	1.0	3.0	3.0
ATP2B1	2.0	1.0		1.0	3.0
LUM	2.0				
DCN	1.0				
CRADD	2.0	2.0	1.0	3.0	6.0
PLXNC1	1.0				2.0
FGD6	1.0	1.0		1.0	2.0
VEZT	3.0				3.0
PGAM1P5	2.0				4.0
RMST	2.0				6.0
UHRF1BP1L	1.0				
IGF1	1.0	3.0	2.0	3.0	4.0
C12orf42	4.0				6.0
STAB2	4.0				2.0
C12orf73	1.0	1.0		1.0	2.0
C12orf75	1.0				
NUAK1	1.0			1.0	
CKAP4	1.0				
BTBD11	1.0				1.0
PWP1	1.0			1.0	
WSCD2	5.0	2.0		2.0	7.0
TMEM119	3.0	1.0	1.0	1.0	
SELPLG	2.0			1.0	
CORO1C	1.0			2.0	
UNG	1.0			1.0	
MYO1H	1.0	1.0	2.0	1.0	2.0
MMAB	1.0				1.0
ATP2A2	1.0				1.0
CUX2	6.0	13.0	8.0	13.0	23.0
SH2B3	14.0	18.0	10.0	18.0	24.0
ATXN2	12.0	14.0	9.0	21.0	28.0
BRAP	2.0	2.0	1.0	9.0	3.0
ACAD10	1.0	6.0	2.0	14.0	10.0
ALDH2	2.0	6.0	3.0	15.0	1.0
MAPKAPK5-AS1	1.0	7.0	3.0	13.0	14.0
TRAFD1	1.0	10.0	5.0	14.0	10.0
RPL6	1.0	4.0	1.0	15.0	5.0
RPH3A	2.0	9.0	3.0	9.0	10.0
OAS1	1.0				1.0
OAS3	1.0				
RASAL1	1.0				
SLC8B1	1.0				
RBM19	1.0				1.0
TBX5	2.0				4.0
TBX5-AS1	1.0				7.0
TBX3	1.0	2.0	1.0	2.0	3.0
KSR2	2.0	1.0		1.0	
SUDS3	1.0				1.0
CCDC60	1.0				2.0
RPLP0	1.0			1.0	
MSI1	1.0	1.0		4.0	
RNF10	1.0	2.0	2.0	7.0	
CABP1	1.0	6.0	5.0	7.0	1.0
SPPL3	1.0	5.0	3.0	7.0	1.0
HNF1A	4.0	9.0	12.0	11.0	11.0
C12orf43	1.0			10.0	
ANAPC5	1.0	4.0	3.0	4.0	1.0
KDM2B	1.0	1.0	1.0	2.0	3.0
LRRC43	3.0	1.0	1.0	2.0	7.0
KNTC1	1.0	2.0		3.0	4.0
CCDC62	1.0	1.0		4.0	
ABCB9	1.0	1.0	2.0	3.0	
PITPNM2	1.0	5.0	3.0	5.0	2.0
MPHOSPH9	4.0	5.0	3.0	5.0	5.0
C12orf65	1.0	5.0	3.0	5.0	3.0
CDK2AP1	1.0	1.0		5.0	
RNA5SP375	1.0			5.0	
SBNO1	4.0	3.0	2.0	5.0	3.0
RILPL2	3.0	2.0	1.0	4.0	5.0
DNAH10	3.0	3.0	3.0	4.0	3.0
NCOR2	6.0	3.0	2.0	4.0	5.0
SCARB1	2.0	3.0	5.0	3.0	3.0
FBRSL1	2.0	2.0	1.0	2.0	3.0
PSPC1	1.0				1.0
GJB2	1.0				
GJB6	1.0				
CRYL1	1.0				
MICU2	1.0				1.0
RPL7AP73	1.0				
SPATA13	1.0				2.0
ATP8A2	1.0				
SHISA2	1.0				
RNF6	1.0				2.0
WASF3	1.0				
FLT3	3.0	3.0	2.0	3.0	1.0
SLC7A1	1.0				3.0
KATNAL1	1.0				
USPL1	1.0				
RXFP2	1.0				3.0
BRCA2	8.0	1.0	2.0	1.0	6.0
N4BP2L2	1.0	1.0	1.0	3.0	2.0
LINC00423	1.0				2.0
KL	1.0	1.0		2.0	
STARD13	2.0				5.0
LINC00457	1.0				
NBEA	1.0	1.0		1.0	
DCLK1	1.0				
SMAD9	2.0				
LINC01048	1.0				2.0
COG6	5.0	1.0	1.0	1.0	9.0
CDKN2AIPNLP3	1.0			1.0	
LINC00598	2.0			1.0	
FOXO1	3.0	6.0	4.0	8.0	7.0
MRPS31	1.0			2.0	1.0
SLC25A15	1.0	1.0		1.0	
ELF1	2.0	5.0	4.0	6.0	2.0
ENOX1	1.0				
SMIM2-AS1	1.0				
LCP1	1.0				
PHF11	1.0				
RCBTB1	1.0			1.0	1.0
SPRYD7	1.0	2.0	1.0	2.0	
DLEU2	1.0	1.0		1.0	2.0
DLEU1	13.0	6.0	3.0	6.0	15.0
RNASEH2B-AS1	2.0				4.0
RNASEH2B	1.0				2.0
CCDC70	1.0				
RN7SL618P	1.0				
AL450423.1	2.0	2.0			9.0
PCDH17	2.0				2.0
DIAPH3	1.0				
TARDBPP2	1.0				
TRIM60P19	1.0				
PCDH9	1.0				
KLHL1	2.0				3.0
DACH1	1.0	3.0	3.0	3.0	
RPS10P21	1.0	1.0	1.0	1.0	1.0
LINC00393	3.0				4.0
KLF12	1.0	2.0	2.0	2.0	
SSR1P2	1.0				1.0
LMO7	1.0				2.0
NDFIP2	1.0				
PWWP2AP1	1.0				3.0
SOX21-AS1	1.0				
HS6ST3	2.0				1.0
MBNL2	1.0				
DOCK9	1.0	2.0	2.0	2.0	
GAPDHP22	1.0				1.0
UBAC2	4.0	1.0	1.0	1.0	2.0
CCR12P	1.0			1.0	1.0
CLYBL	1.0				
PCCA	2.0				
BIVM	1.0				1.0
BIVM-ERCC5	1.0				2.0
SLC10A2	1.0				2.0
RNA5SP38	1.0				
FAM155A	1.0				1.0
MYO16	1.0				
COL4A1	2.0	1.0	1.0	2.0	9.0
COL4A2	6.0	3.0	2.0	3.0	15.0
ATP11A	1.0	6.0	2.0	6.0	1.0
MCF2L	2.0			4.0	5.0
F7	4.0				
F10	2.0				3.0
ADPRHL1	1.0	2.0	1.0	2.0	
TFDP1	1.0			1.0	
GRK1	1.0				
GAS6	2.0	6.0	7.0	6.0	2.0
UPF3A	1.0			2.0	2.0
OR4N2	1.0				
TOX4	1.0			1.0	
MMP14	2.0	1.0	1.0	1.0	2.0
AL132780.1	1.0			3.0	
SLC7A8	1.0	1.0		4.0	
MYH6	1.0	3.0		3.0	
MYH7	2.0	2.0		3.0	1.0
DHRS4	1.0				
NFATC4	1.0	2.0	1.0	8.0	1.0
NYNRIN	1.0	6.0	7.0	7.0	1.0
NOVA1	1.0				
PRKD1	1.0				1.0
AKAP6	3.0				4.0
RN7SL660P	1.0				
BAZ1A	1.0	2.0	1.0	3.0	
KIAA0391	1.0	1.0	1.0	2.0	4.0
NFKBIA	2.0	2.0	1.0	2.0	6.0
RPS3AP4	1.0				
INSM2	1.0				1.0
LINC00609	3.0				3.0
PTCSC3	1.0				1.0
MBIP	1.0				
PAX9	3.0	1.0		1.0	6.0
SLC25A21	2.0			2.0	2.0
MIPOL1	1.0	2.0	1.0	2.0	
AL161751.1	1.0				
MDGA2	1.0				
L2HGDH	1.0				
SAV1	1.0	4.0	2.0	4.0	
ZFP64P1	1.0	1.0	1.0	4.0	1.0
NID2	1.0				1.0
FERMT2	4.0				7.0
BMP4	3.0	6.0	2.0	6.0	4.0
SAMD4A	1.0	2.0		2.0	
GCH1	2.0			2.0	3.0
WDHD1	1.0				2.0
TMEM260	1.0				
OTX2-AS1	1.0				
SIX6	1.0			1.0	1.0
SIX1	1.0			1.0	
PPP2R5E	1.0				1.0
SYNE2	1.0			1.0	3.0
ZBTB1	2.0	1.0		1.0	
FUT8	1.0	1.0		1.0	
RAD51B	11.0	3.0	1.0	3.0	12.0
ZFP36L1	1.0	1.0		1.0	1.0
ACTN1	1.0	2.0	1.0	2.0	2.0
DCAF5	3.0	2.0	1.0	2.0	6.0
EXD2	2.0			2.0	2.0
GALNT16	1.0	2.0	1.0	2.0	1.0
PLEKHD1	1.0				
MAP3K9	1.0				
RGS6	1.0	4.0	3.0	4.0	1.0
DPF3	3.0				3.0
NUMB	1.0			1.0	
AC005280.1	1.0				
ACOT2	1.0				
SYNDIG1L	1.0				
NPC2	1.0			2.0	1.0
LTBP2	1.0	2.0	1.0	2.0	2.0
FCF1	1.0				
MLH3	1.0				
NEK9	1.0				
TMED10	1.0				
NRXN3	3.0	2.0		2.0	3.0
TSHR	3.0				7.0
KCNK13	1.0				
TTC7B	1.0				
TC2N	1.0	1.0	1.0	1.0	1.0
SLC24A4	1.0	2.0	1.0	2.0	
RIN3	2.0	6.0	3.0	7.0	2.0
ITPK1	4.0	3.0		3.0	7.0
UNC79	1.0	2.0	1.0	2.0	
PPP4R4	1.0			2.0	1.0
SERPINA10	1.0			3.0	
SERPINA6	2.0	3.0	2.0	3.0	5.0
SERPINA1	10.0	3.0	2.0	3.0	5.0
CCDC85C	2.0				
HHIPL1	2.0				4.0
CYP46A1	1.0				8.0
EML1	1.0				10.0
EVL	1.0				
WDR25	1.0			2.0	1.0
MEG3	2.0			3.0	5.0
MIR412	1.0				2.0
TRAF3	5.0	2.0	3.0	5.0	1.0
MARK3	1.0	7.0	6.0	10.0	3.0
CKB	3.0	1.0	1.0	7.0	4.0
KLC1	1.0	5.0	2.0	8.0	1.0
PPP1R13B	1.0			1.0	2.0
TDRD9	1.0				
TMEM179	1.0				
ADSSL1	1.0			1.0	2.0
SIVA1	1.0			2.0	1.0
JAG2	1.0			1.0	1.0
MTA1	1.0	1.0		2.0	
IGHA2	1.0			1.0	
AL122127.1	1.0				
IGHJ6	1.0				1.0
IGHVIII-2-1	1.0				2.0
CYFIP1	1.0				1.0
OCA2	10.0	2.0	1.0	4.0	16.0
HERC2	4.0	4.0	2.0	4.0	14.0
FAN1	1.0				
KLF13	1.0				2.0
SCG5	3.0				12.0
GREM1	1.0				3.0
FMN1	4.0				5.0
SPRED1	1.0	1.0		1.0	1.0
RASGRP1	3.0				3.0
FSIP1	1.0				
EIF2AK4	1.0	5.0	2.0	6.0	
SRP14-AS1	1.0			7.0	4.0
BMF	1.0	2.0	1.0	3.0	
PHGR1	1.0				1.0
RAD51	1.0				
RMDN3	1.0				1.0
INO80	2.0	1.0		2.0	2.0
FAM92A1P1	1.0	1.0		2.0	
EXD1	1.0	2.0	1.0	2.0	2.0
CHP1	1.0	1.0		2.0	2.0
OIP5-AS1	1.0			1.0	
NDUFAF1	1.0			1.0	1.0
ITPKA	1.0	1.0		3.0	2.0
LTK	1.0			3.0	1.0
RPAP1	3.0	1.0		3.0	2.0
SPTBN5	1.0			3.0	
EHD4	1.0	3.0	1.0	3.0	1.0
GANC	1.0				
HAUS2	1.0				
CTDSPL2	1.0				
PATL2	1.0				
SORD	1.0				
DUOX2	1.0			2.0	
C15orf48	1.0	2.0	1.0	2.0	
SEMA6D	3.0	1.0		1.0	4.0
SLC24A5	1.0	1.0	1.0	1.0	5.0
CTXN2	2.0	1.0	1.0	1.0	5.0
FBN1	2.0	2.0	1.0	2.0	5.0
SHC4	1.0			1.0	3.0
SECISBP2L	1.0	2.0	2.0	2.0	8.0
FAM227B	5.0	1.0		2.0	10.0
FGF7	6.0	1.0		1.0	6.0
DTWD1	1.0			1.0	
ATP8B4	2.0				4.0
USP8	1.0				4.0
SPPL2A	1.0			2.0	3.0
AP4E1	1.0				1.0
CYP19A1	2.0	2.0	1.0	3.0	6.0
GLDN	1.0			1.0	2.0
TMOD2	1.0				
MAPK6	1.0				
MYO5C	1.0	1.0	1.0	1.0	1.0
UNC13C	1.0				
NEDD4	2.0				2.0
ZNF280D	1.0	2.0	1.0	2.0	1.0
TCF12	1.0	2.0	1.0	2.0	2.0
LINC00926	1.0				
CGNL1	1.0	1.0	1.0	1.0	1.0
MYZAP	1.0			1.0	
ALDH1A2	3.0	5.0	8.0	5.0	6.0
LIPC	1.0	5.0	8.0	5.0	1.0
BNIP2	1.0				
RORA	7.0	7.0	6.0	7.0	9.0
AC018618.1	1.0				
VPS13C	1.0	2.0	1.0	2.0	3.0
TLN2	1.0	1.0	1.0	1.0	3.0
CA12	1.0			1.0	2.0
USP3	2.0	2.0	2.0	3.0	
USP3-AS1	1.0	1.0		3.0	
HERC1	4.0			1.0	2.0
PLEKHO2	1.0	1.0		2.0	
SLC24A1	1.0			2.0	1.0
RAB11A	1.0	5.0	2.0	6.0	1.0
ZWILCH	1.0				
SMAD6	3.0	2.0	1.0	2.0	2.0
SMAD3	18.0	3.0	2.0	3.0	35.0
IQCH	1.0	2.0		2.0	4.0
MAP2K5	4.0	3.0		3.0	7.0
ITGA11	2.0				2.0
AC026992.1	1.0				
PAQR5	1.0	1.0	1.0	1.0	3.0
KIF23	1.0				
UACA	1.0				
THSD4	1.0	2.0		3.0	3.0
HEXA	1.0			2.0	
BBS4	2.0				1.0
NEO1	2.0	1.0		1.0	3.0
HCN4	2.0	1.0		1.0	6.0
CD276	1.0	1.0	2.0	1.0	1.0
TBC1D21	1.0			2.0	4.0
LOXL1-AS1	1.0	2.0	1.0	2.0	4.0
LOXL1	13.0	2.0	1.0	2.0	17.0
STOML1	1.0	1.0	1.0	3.0	2.0
PML	2.0	2.0	1.0	3.0	2.0
CYP1A2	2.0	3.0		10.0	3.0
CSK	1.0	2.0	1.0	11.0	1.0
LMAN1L	3.0	1.0		4.0	1.0
PPCDC	2.0	4.0	3.0	4.0	1.0
RPL36AP45	1.0			1.0	1.0
C15orf39	1.0	1.0		1.0	
SIN3A	1.0	1.0	1.0	3.0	1.0
ETFA	1.0				
SCAPER	2.0	1.0		2.0	2.0
RN7SL278P	1.0			2.0	1.0
HMG20A	2.0			2.0	1.0
IREB2	3.0			3.0	7.0
HYKK	3.0	2.0		3.0	7.0
CHRNA5	4.0	1.0		3.0	7.0
CHRNA3	6.0			1.0	11.0
CHRNB4	2.0	1.0		3.0	8.0
ADAMTS7	2.0	3.0	1.0	3.0	13.0
MORF4L1	2.0			3.0	16.0
CTSH	1.0				1.0
LINC00927	1.0				3.0
ABHD17C	1.0				4.0
CPEB1	1.0				
SH3GL3	2.0	4.0	1.0	4.0	2.0
ADAMTSL3	2.0	4.0	1.0	4.0	2.0
SEC11A	1.0				
ALPK3	1.0				1.0
PDE8A	1.0				1.0
AKAP13	2.0	3.0	1.0	3.0	7.0
AGBL1	3.0				1.0
ACAN	2.0	3.0	1.0	3.0	10.0
HAPLN3	2.0	1.0		3.0	
MFGE8	1.0	2.0	1.0	3.0	2.0
ABHD2	1.0	1.0	1.0	2.0	1.0
RLBP1	1.0			1.0	2.0
RHCG	1.0				4.0
ANPEP	1.0	1.0	1.0	1.0	2.0
AP3S2	1.0	1.0	1.0	2.0	3.0
SEMA4B	1.0				1.0
IQGAP1	1.0	2.0	1.0	2.0	2.0
CRTC3	1.0	1.0		1.0	2.0
FURIN	4.0	1.0		2.0	7.0
FES	4.0	1.0		2.0	12.0
MAN2A2	3.0	1.0		4.0	1.0
RCCD1	1.0	1.0		3.0	2.0
PRC1	1.0	2.0	1.0	3.0	2.0
PRC1-AS1	1.0	2.0	1.0	3.0	1.0
RGMA	1.0				2.0
NR2F2-AS1	1.0	3.0	2.0	3.0	
NR2F2	1.0				
LINC00923	1.0				
IGF1R	2.0	4.0	4.0	6.0	1.0
ADAMTS17	1.0	2.0	1.0	2.0	
LRRK1	4.0				
CHSY1	2.0	3.0	1.0	3.0	1.0
PCSK6	2.0	2.0	1.0	2.0	1.0
IL9RP3	1.0			3.0	3.0
HBQ1	2.0			4.0	
ARHGDIG	2.0	2.0	1.0	7.0	
AXIN1	1.0	5.0	3.0	7.0	
TMEM8A	1.0	1.0	1.0	4.0	
CACNA1H	2.0				3.0
TPSB2	1.0				2.0
RPS20P2	2.0				
CLCN7	1.0			1.0	1.0
PTX4	1.0	1.0		1.0	1.0
IFT140	1.0			1.0	
RPL3L	1.0	1.0	1.0	1.0	
KCTD5	1.0				
SRRM2	1.0			1.0	1.0
KREMEN2	1.0				
ZNF75A	1.0				
ADCY9	4.0	4.0		4.0	4.0
TFAP4	1.0			2.0	2.0
GLIS2	1.0	1.0		1.0	3.0
PAM16	1.0			1.0	
CORO7	1.0	1.0		1.0	
UBN1	2.0	1.0	1.0	3.0	
SEC14L5	1.0	1.0	1.0	1.0	
RBFOX1	2.0	2.0	1.0	2.0	1.0
GRIN2A	1.0				
ATF7IP2	1.0				
TEKT5	1.0	1.0		1.0	
CLEC16A	11.0	1.0	1.0	2.0	20.0
RMI2	5.0	6.0	2.0	6.0	7.0
SOCS1	1.0	1.0		4.0	1.0
LITAF	2.0	2.0	2.0	2.0	2.0
AC040173.1	1.0			3.0	
RRN3	1.0	1.0	2.0	2.0	
C16orf45	1.0				1.0
MYH11	6.0	1.0		1.0	
ABCC1	1.0				
XYLT1	1.0				
IQCK	1.0			1.0	1.0
GPRC5B	1.0			3.0	2.0
UMOD	1.0	2.0	2.0	3.0	1.0
PDILT	3.0	3.0	3.0	3.0	4.0
ACSM2B	2.0				
IGSF6	1.0				
OTOA	2.0				
VWA3A	1.0				1.0
SCNN1B	1.0				
PALB2	3.0				
PRKCB	1.0				
TNRC6A	1.0	3.0		3.0	1.0
IL4R	5.0	1.0	1.0	2.0	10.0
IL21R	2.0	1.0	1.0	2.0	3.0
KIAA0556	1.0				11.0
SBK1	1.0			2.0	1.0
CLN3	4.0	4.0	2.0	7.0	4.0
IL27	1.0	4.0	2.0	7.0	2.0
SH2B1	1.0	5.0	1.0	7.0	
ATP2A1	2.0	1.0		7.0	1.0
RABEP2	2.0			4.0	1.0
CDIPT	2.0				
SEZ6L2	1.0				
ASPHD1	1.0			2.0	
KCTD13	1.0			2.0	
TMEM219	4.0	2.0		2.0	4.0
TAOK2	1.0	2.0		2.0	1.0
DOC2A	1.0			3.0	1.0
GDPD3	2.0			3.0	1.0
MAPK3	4.0	1.0		3.0	1.0
ZNF48	1.0				
ITGAL	1.0	1.0		2.0	2.0
BCL7C	2.0			2.0	2.0
CTF1	1.0				1.0
STX1B	3.0	4.0	2.0	5.0	1.0
ITGAM	2.0			1.0	1.0
GPT2	1.0				1.0
ZNF423	2.0				1.0
HEATR3	1.0	1.0		1.0	1.0
ADCY7	5.0				
BRD7	2.0				3.0
NOD2	1.0				
SALL1	1.0	2.0	1.0	2.0	2.0
TOX3	5.0				6.0
CASC16	2.0				5.0
RPGRIP1L	1.0			3.0	1.0
FTO	24.0	13.0	8.0	13.0	40.0
MMP2	2.0				
GNAO1	1.0				
MT3	1.0			1.0	
SLC12A3	1.0	1.0	2.0	2.0	
CETP	3.0	2.0	7.0	2.0	2.0
CPNE2	1.0			1.0	2.0
CCDC102A	1.0				
CNGB1	1.0			1.0	1.0
CDH11	1.0				1.0
CMTM4	2.0				2.0
DYNC1LI2	1.0				1.0
PDP2	1.0				
CTCF	1.0	1.0	1.0	5.0	
GFOD2	1.0	1.0	2.0	3.0	1.0
NUTF2	1.0			2.0	
PSMB10	1.0	1.0	2.0	3.0	2.0
DUS2	2.0			3.0	
NFATC3	1.0	4.0	4.0	5.0	
TANGO6	3.0			1.0	4.0
HAS3	1.0	1.0		1.0	
VPS4A	1.0				1.0
CYB5B	1.0	1.0		1.0	3.0
WWP2	9.0	4.0	1.0	4.0	5.0
IL34	1.0				
AP1G1	2.0	1.0	2.0	1.0	3.0
PKD1L3	1.0			4.0	1.0
DHODH	2.0			6.0	6.0
TXNL4B	1.0	6.0	8.0	6.0	4.0
HPR	1.0	3.0	6.0	6.0	4.0
DHX38	2.0	2.0	5.0	5.0	
PMFBP1	2.0	3.0	6.0	4.0	6.0
ZFHX3	9.0	1.0	1.0	1.0	12.0
WDR59	1.0				
ZFP1	1.0			1.0	1.0
CTRB2	2.0			1.0	5.0
BCAR1	2.0			1.0	6.0
RNU6-758P	1.0				1.0
CFDP1	5.0	3.0		4.0	9.0
TMEM170A	1.0			3.0	6.0
CHST6	1.0			1.0	3.0
TERF2IP	1.0				
ADAMTS18	1.0				
AC092724.1	1.0				
WWOX	1.0				
CMIP	4.0	5.0	5.0	5.0	7.0
PLCG2	3.0	2.0	1.0	2.0	2.0
CDH13	2.0	1.0	1.0	1.0	6.0
CRISPLD2	4.0	1.0		1.0	4.0
GSE1	2.0	3.0	1.0	3.0	
IRF8	1.0	2.0	2.0	2.0	1.0
LINC01081	1.0			1.0	1.0
MTHFSD	1.0				
FOXL1	1.0				3.0
C16orf95	1.0				3.0
SLC7A5	1.0	2.0	1.0	2.0	1.0
BANP	1.0	1.0	1.0	1.0	1.0
ZFPM1	6.0	8.0	4.0	8.0	7.0
MIR5189	1.0			8.0	1.0
CYBA	1.0	1.0	1.0	2.0	3.0
PIEZO1	4.0	5.0	3.0	6.0	13.0
CBFA2T3	2.0	5.0	3.0	7.0	11.0
ACSF3	1.0	4.0	3.0	4.0	8.0
CDH15	1.0	1.0		1.0	
ANKRD11	3.0	5.0	3.0	7.0	11.0
SPG7	1.0	5.0	3.0	7.0	8.0
CPNE7	2.0	4.0	3.0	7.0	13.0
DPEP1	3.0	6.0	1.0	7.0	10.0
SPATA33	1.0	3.0	2.0	8.0	3.0
CDK10	1.0	3.0	1.0	7.0	
VPS9D1	2.0	4.0	1.0	6.0	
FANCA	3.0	4.0	3.0	6.0	9.0
SPIRE2	5.0	3.0	2.0	5.0	7.0
TCF25	4.0	4.0	2.0	5.0	4.0
MC1R	4.0	1.0	1.0	4.0	1.0
TUBB3	1.0	4.0	2.0	5.0	7.0
DEF8	4.0	3.0	2.0	6.0	10.0
AFG3L1P	3.0	4.0	2.0	6.0	9.0
DBNDD1	4.0	2.0	1.0	5.0	10.0
PRDM7	4.0	1.0	1.0	4.0	11.0
NXN	1.0			2.0	
YWHAE	1.0	1.0	1.0	1.0	
CRK	1.0			2.0	
INPP5K	1.0			2.0	
PITPNA	1.0			2.0	
SLC43A2	1.0	1.0		1.0	
RPA1	5.0			1.0	
RTN4RL1	1.0	1.0		4.0	
SMG6	9.0	8.0	4.0	9.0	24.0
SRR	1.0			5.0	1.0
PAFAH1B1	1.0	1.0	1.0	1.0	
RAP1GAP2	2.0	1.0		1.0	
OR1D3P	1.0				
ATP2A3	1.0			2.0	2.0
ZZEF1	1.0			1.0	3.0
SPNS3	1.0				2.0
RNU6-955P	1.0			1.0	
ALOX15	1.0	1.0	1.0	1.0	1.0
GLTPD2	1.0			1.0	1.0
KIAA0753	1.0				2.0
MED31	1.0				
ASGR1	1.0	3.0	6.0	3.0	2.0
DLG4	1.0	1.0	1.0	5.0	2.0
ACADVL	1.0			5.0	
PHF23	1.0	2.0	2.0	4.0	1.0
SLC2A4	2.0	1.0	1.0	4.0	1.0
ACAP1	4.0	2.0	2.0	3.0	3.0
NLGN2	2.0	2.0	1.0	4.0	1.0
ZBTB4	3.0	3.0	1.0	4.0	4.0
POLR2A	2.0	1.0	1.0	6.0	
TNFSF12	2.0	4.0	5.0	8.0	2.0
TNFSF12-TNFSF13	1.0	4.0	4.0	8.0	2.0
EIF4A1	1.0	1.0		8.0	4.0
FXR2	2.0	2.0	2.0	8.0	3.0
ATP1B2	1.0	4.0	3.0	6.0	1.0
TP53	8.0	4.0	4.0	5.0	
DNAH2	1.0	4.0	4.0	7.0	4.0
KDM6B	2.0	2.0		5.0	
CHD3	1.0	1.0		5.0	
KCNAB3	1.0			3.0	
AURKB	1.0			1.0	1.0
PIK3R5	2.0				
GLP2R	1.0			1.0	1.0
GAS7	4.0	1.0		1.0	5.0
SHISA6	1.0	1.0		1.0	1.0
MAP2K4	1.0				
MYOCD	1.0				
HS3ST3A1	1.0				1.0
CCDC144A	1.0			1.0	1.0
TNFRSF13B	3.0	1.0	3.0	2.0	
MPRIP	1.0			2.0	
RAI1	1.0	3.0	2.0	5.0	
DRG2	1.0	2.0	2.0	4.0	1.0
MYO15A	1.0			4.0	
LLGL1	1.0	1.0		1.0	1.0
SLC5A10	1.0				
MFAP4	1.0				
MAP2K3	1.0	1.0	1.0	3.0	
KCNJ12	1.0	3.0		3.0	
NOS2	2.0				5.0
IFT20	1.0			1.0	
FOXN1	1.0			3.0	2.0
TAOK1	1.0	2.0	1.0	4.0	
SSH2	1.0	5.0	1.0	5.0	1.0
EFCAB5	1.0	1.0		5.0	1.0
NSRP1	1.0	3.0	1.0	4.0	
BLMH	1.0	2.0	1.0	2.0	
CPD	1.0	1.0	1.0	1.0	
AC005562.1	1.0	1.0	1.0	5.0	
ATAD5	1.0	3.0	2.0	4.0	4.0
ADAP2	1.0	1.0	1.0	4.0	1.0
NF1	5.0	3.0	1.0	3.0	3.0
RAB11FIP4	1.0			3.0	1.0
RNU6-1134P	1.0				
CCL7	1.0				1.0
C17orf102	1.0				
GAS2L2	3.0	1.0		2.0	3.0
ZNHIT3	1.0			1.0	
MRM1	1.0				
HNF1B	6.0	3.0	4.0	3.0	10.0
ARHGAP23	2.0				1.0
FBXL20	1.0	6.0	6.0	7.0	2.0
PPP1R1B	1.0	1.0		9.0	6.0
STARD3	1.0	2.0	1.0	6.0	2.0
GRB7	1.0			5.0	
IKZF3	9.0	2.0	3.0	8.0	9.0
ZPBP2	5.0	1.0		6.0	5.0
GSDMB	6.0	4.0	2.0	5.0	14.0
ORMDL3	2.0	1.0	1.0	6.0	1.0
GSDMA	1.0	3.0	2.0	5.0	3.0
MED24	2.0			4.0	7.0
THRA	2.0	2.0	2.0	3.0	1.0
GJD3	1.0			1.0	
KRT28	1.0				1.0
KRT35	1.0				
HAP1	1.0				
KLHL11	1.0	1.0	1.0	1.0	
ZNF385C	1.0				
RAB5C	2.0	1.0		1.0	3.0
STAT5B	2.0				1.0
STAT5A	1.0				2.0
STAT3	3.0				5.0
ATP6V0A1	2.0				2.0
MLX	1.0				2.0
PSMC3IP	1.0				3.0
CNTNAP1	2.0				
BECN1	1.0				2.0
LINC00671	1.0				
G6PC	2.0				1.0
DHX8	2.0				
AC055813.1	3.0	1.0	1.0	3.0	
MPP3	2.0			1.0	
PYY	1.0	3.0	1.0	5.0	
AC003102.1	1.0			5.0	
GRN	1.0			2.0	7.0
ITGA2B	1.0	2.0	1.0	2.0	1.0
C1QL1	1.0			1.0	
NMT1	1.0	1.0		2.0	2.0
PLCD3	1.0	1.0		2.0	1.0
SPATA32	1.0				1.0
PLEKHM1	1.0	8.0	3.0	9.0	
CRHR1	1.0	14.0	7.0	14.0	6.0
MAPT-AS1	2.0	7.0	2.0	7.0	1.0
SPPL2C	1.0			7.0	
MAPT	5.0	11.0	5.0	16.0	6.0
KANSL1	2.0	8.0	2.0	16.0	4.0
ARL17B	1.0	5.0	2.0	11.0	2.0
NSF	1.0	9.0	4.0	15.0	1.0
WNT9B	5.0	1.0		4.0	3.0
GOSR2	2.0	1.0	1.0	3.0	16.0
LRRC37A17P	6.0	1.0	1.0	1.0	13.0
CDC27	3.0	1.0	1.0	1.0	4.0
ITGB3	1.0	3.0	3.0	3.0	4.0
EFCAB13	2.0	2.0	3.0	3.0	4.0
MRPL45P2	1.0	1.0	1.0	4.0	1.0
NPEPPS	1.0	3.0	4.0	3.0	1.0
KPNB1	4.0	1.0	2.0	2.0	2.0
TBX21	2.0	1.0	1.0	2.0	6.0
OSBPL7	1.0	1.0	1.0	2.0	4.0
SP6	1.0	1.0	1.0	1.0	2.0
SP2	1.0			1.0	
CDK5RAP3	1.0				
NFE2L1	1.0	1.0		1.0	2.0
CBX1	1.0			1.0	
SNX11	1.0				3.0
SKAP1	3.0	2.0		2.0	4.0
HOXB3	1.0				4.0
HOXB4	2.0				
HOXB13	3.0			1.0	
UBE2Z	1.0			2.0	2.0
SNF8	1.0			2.0	2.0
GIP	1.0	1.0		2.0	3.0
IGF2BP1	1.0	2.0		3.0	4.0
B4GALNT2	1.0	1.0	1.0	1.0	1.0
ABI3	1.0	2.0	1.0	3.0	3.0
PHOSPHO1	1.0			3.0	1.0
ZNF652	7.0	2.0	1.0	3.0	13.0
SPOP	1.0				
SGCA	1.0			1.0	
LUC7L3	1.0				
TOB1-AS1	1.0				1.0
STXBP4	1.0				2.0
MMD	1.0				
ANKFN1	2.0	2.0	1.0	2.0	5.0
AKAP1	1.0	1.0		1.0	
MSI2	3.0	3.0	2.0	3.0	3.0
CUEDC1	2.0			1.0	
SUPT4H1	1.0			2.0	4.0
RNF43	3.0	1.0	1.0	2.0	3.0
HSF5	2.0				1.0
SEPT4	1.0				
TEX14	1.0	2.0		2.0	2.0
TRIM37	1.0	2.0	1.0	2.0	1.0
CLTC	1.0	2.0	2.0	3.0	
VMP1	1.0	7.0	3.0	8.0	
TUBD1	1.0	2.0	1.0	4.0	
RPS6KB1	1.0	1.0	1.0	3.0	1.0
PPM1D	1.0				
BCAS3	10.0	6.0	6.0	7.0	13.0
C17orf82	1.0	2.0	1.0	3.0	
INTS2	1.0	1.0	1.0	1.0	2.0
TANC2	2.0				1.0
ACE	2.0				6.0
STRADA	1.0	1.0		1.0	
CCDC47	4.0			1.0	
SCN4A	1.0	2.0	1.0	3.0	
SMURF2	1.0				2.0
AXIN2	1.0	3.0	2.0	3.0	
CEP112	2.0	1.0		1.0	1.0
APOH	2.0			1.0	4.0
PRKCA	2.0	1.0		1.0	2.0
PITPNC1	1.0	1.0	1.0	1.0	
BPTF	4.0	5.0	4.0	5.0	6.0
C17orf58	3.0			2.0	
LRRC37A16P	2.0				4.0
FAM20A	1.0				
ABCA8	2.0	2.0	2.0	2.0	1.0
ABCA6	1.0	4.0	6.0	4.0	
ABCA5	1.0			2.0	
MAP2K6	2.0			1.0	9.0
KCNJ2-AS1	1.0	1.0		1.0	2.0
CALM2P1	1.0	1.0		1.0	3.0
CASC17	2.0	1.0		1.0	1.0
H3F3B	1.0	1.0	1.0	1.0	2.0
UNK	1.0			1.0	1.0
ACOX1	2.0				2.0
MXRA7	1.0				
SEPT9	2.0	2.0	1.0	2.0	3.0
TNRC6C	1.0			6.0	
PGS1	1.0	6.0	6.0	7.0	
DNAH17	3.0			6.0	
AC061992.1	1.0			6.0	
CYTH1	1.0				
BAIAP2	1.0	1.0		1.0	
SLC38A10	1.0				1.0
NPLOC4	1.0	3.0	1.0	7.0	1.0
TSPAN10	1.0	4.0	3.0	4.0	1.0
PDE6G	1.0			4.0	
SLC25A10	2.0				2.0
MAFG	1.0			1.0	
ASPSCR1	1.0	1.0		1.0	
FOXK2	2.0	2.0	1.0	3.0	1.0
FN3KRP	1.0			2.0	1.0
AC144831.1	1.0	1.0	1.0	1.0	
CLUL1	1.0				
TYMS	2.0				2.0
ENOSF1	1.0				1.0
YES1	1.0				
DLGAP1	1.0				1.0
RAB31	1.0				2.0
PIEZO2	1.0				1.0
AP005482.1	2.0				
PTPN2	6.0	1.0	1.0	1.0	6.0
FAM210A	1.0	2.0	2.0	2.0	
RNA5SP451	1.0				
AC091043.1	1.0			1.0	
RBBP8	1.0	1.0			3.0
NPC1	3.0	3.0		3.0	6.0
OSBPL1A	1.0				
ZNF521	1.0	1.0		1.0	2.0
KCTD1	1.0				2.0
AQP4-AS1	1.0	2.0	1.0	2.0	1.0
CHST9	1.0			2.0	1.0
RNF125	1.0				
MEP1B	1.0				
MAPRE2	1.0				
GALNT1	1.0				
FHOD3	2.0	1.0		1.0	
KIAA1328	1.0				
CELF4	4.0				6.0
LINC00907	3.0				5.0
SETBP1	3.0	1.0	1.0	2.0	4.0
SLC14A2	2.0	1.0	1.0	1.0	
SLC14A1	1.0	1.0	1.0	2.0	
KATNAL2	1.0				
ZBTB7C	1.0	1.0	1.0	1.0	
CTIF	2.0				4.0
SMAD7	8.0	3.0	1.0	3.0	16.0
MYO5B	1.0	1.0	2.0	1.0	
MAPK4	1.0				3.0
DCC	12.0	1.0		1.0	22.0
STARD6	1.0				1.0
RAB27B	3.0				6.0
TCF4	7.0	2.0	1.0	2.0	5.0
TXNL1	1.0				1.0
ATP8B1	2.0	1.0	2.0	1.0	2.0
GRP	1.0				3.0
CCBE1	4.0	2.0		2.0	1.0
AC010928.1	1.0				
RPL17P44	1.0			1.0	2.0
ACTBP9	1.0				
BCL2	7.0	3.0	4.0	3.0	9.0
SERPINB7	2.0			1.0	
CD226	2.0	3.0	2.0	3.0	3.0
NFATC1	5.0	4.0	5.0	4.0	7.0
SHC2	1.0				
ODF3L2	1.0				2.0
HCN2	1.0				
AZU1	1.0	1.0		4.0	1.0
ARID3A	2.0	1.0	1.0	2.0	2.0
ABCA7	2.0	4.0	2.0	7.0	
GPX4	2.0	1.0		6.0	3.0
SBNO2	2.0	5.0	3.0	8.0	
MIDN	2.0			1.0	1.0
KLF16	2.0				2.0
AP3D1	3.0	2.0	1.0	2.0	2.0
DOT1L	4.0	1.0		2.0	6.0
GNG7	1.0	1.0		1.0	2.0
S1PR4	2.0	1.0	1.0	2.0	
FZR1	2.0			2.0	2.0
MFSD12	1.0			1.0	1.0
C19orf71	1.0			1.0	1.0
PIAS4	1.0			4.0	
ZBTB7A	1.0	1.0		4.0	2.0
AC027319.1	3.0			2.0	
UHRF1	1.0	5.0	2.0	6.0	
KDM4B	2.0	3.0	2.0	5.0	2.0
NRTN	1.0			1.0	
FUT6	2.0	1.0		1.0	3.0
FUT3	1.0			1.0	2.0
CRB3	1.0				
CD70	1.0				3.0
TNFSF14	2.0			1.0	2.0
C3	1.0	1.0	1.0	1.0	6.0
INSR	9.0	4.0	3.0	4.0	13.0
AC010336.1	1.0			1.0	2.0
MAP2K7	1.0	1.0		1.0	1.0
CERS4	1.0				
ANGPTL4	3.0	1.0	2.0	2.0	
HNRNPM	1.0			3.0	
ADAMTS10	1.0	2.0	1.0	3.0	
ZNF558	1.0				
MBD3L1	1.0				
ZNF846	5.0				
PIN1	1.0			2.0	1.0
OLFM2	2.0	2.0		2.0	
COL5A3	2.0				5.0
C3P1	1.0				1.0
ANGPTL6	1.0			1.0	1.0
PPAN	1.0			1.0	
DNMT1	3.0	6.0	4.0	6.0	1.0
MRPL4	2.0			6.0	1.0
ICAM1	2.0	1.0		5.0	1.0
ICAM5	1.0	1.0	1.0	2.0	1.0
RAVER1	1.0	1.0		2.0	
TYK2	9.0	2.0	1.0	2.0	10.0
CDC37	2.0	1.0	1.0	2.0	1.0
PDE4A	2.0			2.0	
S1PR5	2.0	2.0	1.0	2.0	1.0
SLC44A2	5.0	4.0	4.0	8.0	7.0
ILF3	2.0	2.0	1.0	6.0	9.0
QTRT1	1.0	2.0	2.0	4.0	1.0
DNM2	3.0	2.0	4.0	4.0	8.0
SMARCA4	10.0	3.0	4.0	3.0	19.0
LDLR	4.0	1.0	4.0	5.0	23.0
SPC24	3.0	3.0	5.0	5.0	10.0
KANK2	3.0	3.0	2.0	5.0	12.0
DOCK6	2.0	3.0	4.0	5.0	4.0
TSPAN16	1.0	1.0	3.0	1.0	2.0
RAB3D	1.0			1.0	4.0
RGL3	8.0	1.0		2.0	25.0
PRKCSH	2.0			2.0	
ELAVL3	1.0			2.0	1.0
ZNF653	1.0				
ZNF441	2.0				
ZNF439	1.0				
ZNF844	1.0				
ZNF136	1.0				
ZNF563	1.0				2.0
ZNF442	2.0				3.0
ZNF799	2.0				5.0
ZNF709	1.0				1.0
DHPS	1.0			1.0	1.0
HOOK2	1.0			5.0	3.0
DNASE2	1.0			5.0	
NFIX	2.0	2.0	1.0	3.0	
CACNA1A	3.0				1.0
PKN1	1.0				
CYP4F22	1.0				
CYP4F23P	1.0				
KLF2	1.0	2.0	1.0	2.0	2.0
EPS15L1	1.0	2.0	2.0	3.0	1.0
MYO9B	3.0	9.0	5.0	9.0	4.0
NR2F6	1.0			1.0	
USHBP1	1.0			1.0	1.0
GTPBP3	1.0	1.0	1.0	1.0	1.0
PLVAP	1.0			1.0	
COLGALT1	1.0				
UNC13A	1.0				
MAP1S	1.0			1.0	1.0
MAST3	1.0	4.0	3.0	5.0	
IFI30	2.0	1.0	1.0	3.0	3.0
LSM4	1.0			3.0	
PGPEP1	2.0	1.0		3.0	2.0
GDF15	1.0	1.0	1.0	3.0	1.0
ELL	2.0	5.0	4.0	5.0	1.0
TMEM59L	2.0				1.0
CRTC1	2.0	3.0	1.0	3.0	4.0
COMP	1.0			1.0	
NCAN	3.0			7.0	1.0
HAPLN4	1.0			8.0	
TM6SF2	1.0	6.0	8.0	8.0	
SUGP1	6.0	2.0	2.0	11.0	16.0
GATAD2A	1.0	1.0		11.0	4.0
CILP2	1.0	7.0	9.0	8.0	9.0
ZNF826P	1.0				
ZNF208	2.0				3.0
PCGF7P	1.0				
RNU6-1179P	1.0				
ZNF99	2.0				
POP4	1.0				2.0
CCNE1	1.0	3.0		3.0	1.0
RHPN2	3.0	5.0	3.0	5.0	6.0
SLC7A10	3.0	2.0	2.0	7.0	11.0
PEPD	1.0	6.0	7.0	7.0	3.0
GAPDHS	2.0			2.0	3.0
ETV2	1.0				
NPHS1	6.0				
NFKBID	1.0				
TYROBP	1.0				
AF038458.3	1.0				
ZNF566	3.0				
ZNF829	1.0			1.0	1.0
SIPA1L3	2.0	3.0	2.0	4.0	4.0
DPF1	1.0	1.0		1.0	
SPINT2	1.0			1.0	2.0
PPP1R14A	1.0			1.0	1.0
GGN	1.0			1.0	
ACTN4	1.0	1.0	1.0	3.0	
ECH1	1.0				
NFKBIB	1.0				
IFNL4	1.0				1.0
IFNL2	1.0				
AKT2	2.0	1.0		1.0	
RNU6-945P	1.0			1.0	
SERTAD1	1.0	1.0	1.0	1.0	
LTBP4	2.0	2.0	1.0	2.0	
RAB4B	2.0			2.0	
CYP2A6	2.0	3.0	2.0	4.0	2.0
CYP2G2P	1.0			1.0	
CYP2T3P	1.0				
RPL36P16	1.0				
CYP2S1	1.0				2.0
HNRNPUL1	1.0			1.0	2.0
TGFB1	3.0	1.0	1.0	1.0	6.0
CCDC97	2.0	1.0	1.0	1.0	2.0
TMEM91	1.0			3.0	
PLEKHA3P1	1.0				1.0
CEACAM21	1.0				
DNAJC19P2	1.0				
CEACAM7	1.0				
CEACAM3	2.0				3.0
RPS19	2.0				
ARHGEF1	1.0				1.0
ATP1A3	1.0				1.0
GRIK5	1.0				
ZNF574	1.0				
POU2F2	1.0				
PSG2	1.0				2.0
CEACAMP11	1.0				
CADM4	1.0			2.0	13.0
PLAUR	1.0	2.0	2.0	2.0	10.0
CBLC	1.0	4.0	6.0	4.0	13.0
BCAM	1.0	3.0	8.0	4.0	8.0
TOMM40	2.0	5.0	4.0	18.0	18.0
APOE	33.0	15.0	10.0	18.0	74.0
APOC1	5.0	8.0	5.0	18.0	14.0
APOC1P1	3.0	8.0	10.0	18.0	18.0
CLPTM1	1.0	3.0	6.0	18.0	13.0
RELB	1.0	2.0	5.0	3.0	14.0
MARK4	2.0	8.0	9.0	8.0	22.0
EXOC3L2	1.0	5.0	4.0	8.0	16.0
RN7SL836P	1.0	1.0	1.0	7.0	13.0
GIPR	3.0	5.0	2.0	8.0	18.0
SNRPD2	2.0			8.0	4.0
DMWD	1.0			3.0	1.0
SYMPK	4.0	1.0	1.0	7.0	1.0
FOXA3	1.0	2.0	2.0	5.0	4.0
IRF2BP1	2.0	2.0	4.0	5.0	5.0
MYPOP	1.0	1.0	2.0	5.0	5.0
NANOS2	1.0			4.0	8.0
NOVA2	1.0			1.0	10.0
AC006262.4	1.0				
RPL12P41	1.0				
PTGIR	1.0			1.0	
FKRP	1.0				1.0
ZC3H4	2.0	3.0		4.0	1.0
TPRX2P	1.0			1.0	5.0
SULT2A1	2.0	1.0	1.0	1.0	3.0
KDELR1	1.0				
DBP	1.0			3.0	1.0
FUT2	9.0	5.0	9.0	8.0	9.0
MAMSTR	3.0	1.0	1.0	13.0	4.0
RASIP1	1.0	5.0	5.0	13.0	
FGF21	1.0	7.0	5.0	12.0	1.0
SLC6A16	2.0	1.0	2.0	1.0	
ALDH16A1	6.0			2.0	
RPS11	1.0			3.0	
PRR12	1.0	2.0	2.0	2.0	
SCAF1	1.0			2.0	2.0
IRF3	1.0			1.0	4.0
BCL2L12	1.0			1.0	4.0
IL4I1	1.0	1.0	2.0	1.0	
NUP62	2.0			1.0	
ATF5	1.0			1.0	
MYH14	2.0				2.0
POLD1	1.0				
MYBPC2	1.0				
EMC10	1.0				
LRRC4B	1.0				
SHANK1	1.0				
KLK3	2.0				
CTU1	1.0			1.0	
SIGLEC9	1.0	1.0	1.0	1.0	
HAS1	1.0			3.0	1.0
LILRB5	1.0	3.0	3.0	4.0	1.0
TMEM86B	1.0	1.0		2.0	1.0
PPP6R1	1.0			2.0	
BRSK1	1.0			3.0	
TMEM150B	1.0	2.0		4.0	
IL11	1.0	1.0		3.0	
NLRP13	1.0				1.0
DUXA	1.0				2.0
ZNF805	1.0				
ACP1	1.0	1.0		3.0	
AC105393.1	1.0	2.0		3.0	
TPO	3.0				5.0
PXDN	1.0	1.0		1.0	
RNF144A	1.0				2.0
LINC00299	3.0	2.0	2.0	2.0	7.0
GRHL1	1.0			1.0	
NOL10	1.0				1.0
ROCK2	1.0				
AC099344.3	1.0				
GREB1	5.0				11.0
AC010745.2	1.0				
GEN1	1.0				
AC019055.1	1.0				10.0
SDC1	1.0	1.0		3.0	2.0
AC012065.4	3.0				
HS1BP3	1.0			1.0	3.0
GDF7	2.0			1.0	1.0
AC012361.1	1.0	1.0	4.0	1.0	5.0
APOB	3.0	3.0	8.0	3.0	8.0
AC096570.1	1.0				1.0
AC012506.4	1.0				
KLHL29	1.0	9.0	6.0	9.0	2.0
FAM228B	1.0	1.0		3.0	1.0
ITSN2	1.0	2.0	1.0	3.0	
NCOA1	2.0	3.0		3.0	3.0
PTRHD1	1.0			3.0	1.0
ADCY3	5.0	3.0		4.0	3.0
EFR3B	1.0	1.0		3.0	
DNMT3A	9.0	3.0	2.0	5.0	9.0
DTNB	1.0			1.0	1.0
KIF3C	1.0				2.0
KCNK3	6.0	1.0		1.0	11.0
DPYSL5	1.0	3.0	3.0	3.0	2.0
MAPRE3	1.0			2.0	1.0
AGBL5	1.0			1.0	1.0
EMILIN1	1.0			1.0	
CGREF1	1.0	1.0	1.0	6.0	
PPM1G	1.0	1.0		1.0	
GCKR	10.0	21.0	21.0	21.0	20.0
GPN1	1.0			3.0	
MRPL33	1.0	10.0	12.0	10.0	7.0
WDR43	2.0				
ALK	1.0				2.0
LBH	1.0				3.0
MEMO1	1.0	1.0		1.0	1.0
SLC30A6	1.0			1.0	1.0
NLRC4	1.0	1.0		2.0	
TTC27	1.0	1.0		1.0	1.0
LINC00486	1.0				1.0
LTBP1	4.0	2.0	1.0	2.0	1.0
CRIM1	2.0	2.0		3.0	2.0
FEZ2	1.0	2.0		2.0	2.0
AC007382.1	1.0			1.0	
STRN	5.0	1.0	1.0	1.0	3.0
HEATR5B	2.0				1.0
EIF2AK2	1.0	1.0	1.0	1.0	
PRKD3	1.0				1.0
LINC00211	2.0	1.0		3.0	3.0
RMDN2	1.0	1.0	1.0	1.0	5.0
CYP1B1	3.0	1.0	1.0	1.0	6.0
SLC8A1	3.0	2.0	1.0	2.0	2.0
MTA3	2.0	1.0		1.0	1.0
THADA	8.0	8.0	5.0	9.0	22.0
PLEKHH2	1.0	2.0	1.0	6.0	6.0
DYNC2LI1	3.0			2.0	2.0
ABCG5	4.0	1.0	1.0	2.0	11.0
ABCG8	7.0	2.0	5.0	2.0	12.0
SIX2	1.0			2.0	
PRKCE	3.0	2.0		2.0	6.0
AC016696.1	1.0	1.0	1.0	1.0	
EPAS1	1.0			1.0	2.0
TTC7A	1.0				
STON1	1.0				1.0
LHCGR	1.0				
FSHR	3.0				1.0
NRXN1	1.0				
ASB3	1.0	1.0		1.0	
ACYP2	1.0	1.0		3.0	1.0
SPTBN1	2.0	4.0	3.0	4.0	4.0
PRORSD1P	1.0				2.0
EFEMP1	10.0	5.0	2.0	5.0	14.0
AC011306.1	1.0			1.0	
VRK2	1.0	1.0		1.0	
FANCL	2.0			1.0	
AC007092.1	3.0	3.0	1.0	3.0	13.0
AC007179.2	1.0				
BCL11A	2.0	5.0	2.0	5.0	5.0
PUS10	5.0				9.0
USP34	1.0	3.0	1.0	4.0	4.0
FAM161A	1.0				
COMMD1	1.0			1.0	
B3GNT2	1.0			1.0	3.0
PSAT1P2	1.0				1.0
RSL24D1P2	1.0				1.0
EHBP1	6.0	1.0	1.0	1.0	7.0
WDPCP	2.0	1.0	1.0	1.0	1.0
UGP2	1.0				
SERTAD2	2.0	5.0	2.0	5.0	3.0
CEP68	1.0				4.0
SPRED2	1.0	1.0		2.0	2.0
AC007389.1	2.0			1.0	
MEIS1	2.0	2.0	1.0	4.0	4.0
AC009474.2	1.0				
PPP3R1	1.0	1.0		1.0	3.0
PLEK	2.0			1.0	1.0
ANTXR1	4.0	1.0		1.0	5.0
GFPT1	2.0			1.0	10.0
AAK1	3.0	1.0		2.0	5.0
ANXA4	2.0				
GMCL1	1.0				
PCBP1-AS1	2.0			2.0	
TGFA	4.0	1.0		1.0	17.0
ZNF638	1.0	3.0	1.0	3.0	1.0
DYSF	1.0	1.0		1.0	3.0
EXOC6B	1.0				
TCF7L1	1.0	1.0	2.0	1.0	
MAT2A	1.0				
VAMP5	1.0				
ATOH8	1.0				
AC133644.3	1.0				
THNSL2	1.0			1.0	
PGBD4P5	1.0				
IGKV2-23	2.0				
ACTR3BP2	1.0				1.0
ANKRD36C	1.0			2.0	
COX5B	1.0				
ACTR1B	1.0				
ZAP70	4.0			1.0	2.0
TMEM131	5.0	1.0	1.0	1.0	
LYG1	1.0				
REV1	1.0				1.0
AFF3	3.0	4.0	2.0	5.0	3.0
CHST10	1.0				1.0
NPAS2	2.0			1.0	3.0
TBC1D8	1.0	2.0		2.0	
IL1R1	1.0	2.0	2.0	2.0	9.0
IL1RL2	1.0	1.0	1.0	2.0	4.0
IL1RL1	7.0	2.0		2.0	17.0
IL18R1	3.0	2.0	1.0	3.0	17.0
IL18RAP	2.0	2.0	2.0	2.0	4.0
SLC9A4	4.0	1.0	1.0	2.0	13.0
SLC9A2	1.0	1.0	1.0	1.0	13.0
TMEM182	1.0				2.0
AC073987.1	1.0				3.0
MRPS9	1.0				
C2orf40	3.0				4.0
RANBP2	1.0			1.0	
ACOXL	14.0	5.0	5.0	6.0	14.0
BCL2L11	5.0	5.0	3.0	5.0	13.0
ANAPC1	3.0	2.0	1.0	2.0	
MERTK	1.0				1.0
FBLN7	1.0			1.0	3.0
POLR1B	1.0				
CKAP2L	1.0				1.0
IL1A	1.0				2.0
PAX8	4.0	5.0	4.0	5.0	6.0
CCDC93	1.0				
INSIG2	1.0	1.0	4.0	1.0	3.0
AC073257.2	1.0	3.0	4.0	3.0	1.0
TFCP2L1	1.0	2.0	3.0	2.0	
AC079154.1	1.0				
CNTNAP5	1.0				
BIN1	1.0				10.0
PROC	2.0				2.0
MYO7B	2.0				
NCKAP5	1.0				
MGAT5	1.0	1.0	1.0	1.0	3.0
TMEM163	1.0				2.0
RAB3GAP1	2.0				6.0
R3HDM1	1.0				5.0
MCM6	1.0				2.0
DARS	2.0				5.0
THSD7B	1.0	1.0	1.0	1.0	1.0
AC078851.1	1.0				
ARHGAP15	6.0	2.0	1.0	2.0	6.0
ZEB2	1.0				1.0
TEX41	5.0	4.0	2.0	4.0	8.0
RNU6-692P	1.0				
ORC4	1.0			1.0	
AC023469.1	1.0				1.0
FMNL2	1.0				3.0
AC012501.1	1.0				
GALNT13	1.0				
GPD2	1.0	1.0	1.0	1.0	
GALNT5	1.0	1.0	1.0	1.0	
CCDC148	2.0				1.0
PKP4	1.0				
BAZ2B	2.0	2.0		2.0	
PLA2R1	1.0	1.0		1.0	1.0
RBMS1	2.0	2.0	1.0	2.0	4.0
AC009313.1	1.0				
TANK	1.0				1.0
SLC4A10	1.0				4.0
IFIH1	8.0				8.0
KCNH7	1.0				
FIGN	1.0				4.0
COBLL1	3.0	6.0	7.0	6.0	4.0
GALNT3	1.0				2.0
TTC21B	1.0				
CERS6	1.0	4.0	1.0	4.0	
SPC25	1.0	5.0	1.0	7.0	1.0
ABCB11	1.0	6.0	9.0	7.0	3.0
DHRS9	1.0	2.0	3.0	3.0	
MYO3B	1.0				
CYBRD1	1.0	3.0		3.0	
AC104088.1	1.0				3.0
ITGA6	1.0				1.0
RAPGEF4	2.0				
AC013410.1	1.0				1.0
AC010894.3	1.0				
WIPF1	1.0				3.0
HOXD12	1.0	1.0		2.0	
HOXD4	1.0			2.0	
AGPS	1.0				
PDE11A	2.0	1.0		1.0	
OSBPL6	1.0				2.0
PLEKHA3	1.0			1.0	2.0
TTN	7.0	2.0		2.0	6.0
CCDC141	1.0	1.0		1.0	6.0
ZNF385B	3.0				6.0
CWC22	2.0				4.0
AC009478.1	1.0				2.0
UBE2E3	2.0	3.0	1.0	3.0	2.0
ITGA4	2.0	4.0	3.0	4.0	2.0
CERKL	1.0	2.0	1.0	3.0	
PPP1R1C	1.0				
PDE1A	3.0	2.0		2.0	2.0
DNAJC10	2.0				
NCKAP1	1.0				
FAM171B	1.0				
AC007319.1	2.0	2.0		2.0	2.0
CALCRL	2.0			1.0	2.0
TFPI	1.0				
WDR75	1.0				1.0
PMS1	1.0				
AC006460.2	1.0				1.0
STAT4	7.0				18.0
MYO1B	1.0	2.0	2.0	2.0	
DNAH7	1.0				
HECW2	1.0				
PLCL1	2.0	2.0	1.0	2.0	1.0
AC019330.1	4.0	2.0	1.0	2.0	4.0
SATB2	1.0	1.0		1.0	2.0
C2orf69	1.0				
SPATS2L	2.0				2.0
RNA5SP115	1.0				
PPIL3	2.0				3.0
AC007272.1	1.0				
CFLAR	1.0				1.0
CASP10	1.0			1.0	
CASP8	2.0	1.0		2.0	4.0
ALS2CR12	3.0	1.0		2.0	7.0
TRAK2	1.0			1.0	
TMEM237	1.0				4.0
CDK15	1.0			1.0	1.0
RNU6-440P	1.0	1.0	1.0	2.0	
NOP58	1.0	1.0	1.0	1.0	4.0
BMPR2	1.0	1.0	1.0	2.0	5.0
FAM117B	1.0	2.0	3.0	4.0	4.0
ICA1L	1.0	2.0	1.0	2.0	9.0
CARF	2.0	1.0	1.0	1.0	
NBEAL1	1.0	1.0	1.0	2.0	12.0
CYP20A1	1.0	2.0	2.0	2.0	
KRT18P39	2.0			1.0	7.0
AC125238.1	1.0			1.0	
RNU6-474P	1.0				1.0
CTLA4	5.0	1.0	2.0	1.0	16.0
PARD3B	1.0				
AC007362.1	1.0				
AC007679.1	1.0				1.0
INO80D	2.0	1.0		1.0	5.0
NDUFS1	1.0				4.0
ADAM23	2.0				
CREB1	1.0	1.0	1.0	1.0	
PLEKHM3	3.0				3.0
CPS1	1.0	5.0	4.0	5.0	2.0
ERBB4	3.0	2.0		2.0	4.0
AC093865.1	1.0				
IKZF2	1.0	1.0	1.0	1.0	
FN1	1.0			1.0	4.0
SMARCAL1	1.0				
DIRC3	5.0	1.0		1.0	5.0
TNS1	6.0	3.0	1.0	3.0	5.0
RUFY4	1.0	2.0		2.0	1.0
PNKD	2.0	5.0	2.0	7.0	2.0
CTDSP1	1.0	2.0	1.0	5.0	
VIL1	2.0	3.0	3.0	5.0	
USP37	3.0	3.0	1.0	7.0	1.0
TTLL4	2.0	2.0	1.0	3.0	
PRKAG3	2.0			2.0	
WNT6	3.0	1.0		1.0	
LINC00608	1.0			1.0	
CRYBA2	1.0			1.0	
IHH	1.0			1.0	
NHEJ1	2.0	2.0	1.0	2.0	1.0
SLC23A3	1.0	2.0	1.0	2.0	1.0
ZFAND2B	1.0			3.0	
DNPEP	2.0			2.0	
DES	1.0			2.0	1.0
INHA	1.0				
AC067956.1	1.0				
PAX3	1.0				1.0
AP1S3	1.0				1.0
COL4A4	1.0				2.0
COL4A3	4.0				6.0
MFF	1.0				4.0
TM4SF20	1.0				4.0
SLC19A3	1.0				
CCL20	1.0				
PID1	1.0				
TRIP12	1.0	1.0		1.0	
SP140	1.0	2.0	2.0	2.0	2.0
DIS3L2	2.0	2.0	1.0	2.0	3.0
PRSS56	1.0	3.0	2.0	4.0	1.0
GIGYF2	2.0	3.0	1.0	4.0	1.0
DGKD	4.0	4.0	2.0	4.0	5.0
USP40	1.0	1.0		2.0	1.0
UGT1A11P	1.0	1.0		1.0	1.0
UGT1A10	1.0	3.0	1.0	3.0	6.0
UGT1A6	3.0	3.0	1.0	3.0	5.0
AGAP1	1.0	2.0	1.0	2.0	
MLPH	1.0	1.0		2.0	1.0
AC124861.1	1.0				
GPR35	5.0	2.0	2.0	4.0	7.0
SNED1	1.0			1.0	1.0
PASK	1.0			1.0	
ANO7	1.0				1.0
HDLBP	1.0	2.0	2.0	5.0	1.0
FARP2	1.0	5.0	4.0	5.0	
D2HGDH	3.0	1.0	1.0	2.0	11.0
GAL3ST2	2.0	1.0		1.0	1.0
NEU4	1.0			1.0	
RBCK1	1.0				5.0
CSNK2A1	1.0				2.0
TGM3	1.0				5.0
EBF4	1.0				
SMOX	1.0	5.0	2.0	5.0	2.0
BMP2	1.0	1.0	1.0	2.0	2.0
HAO1	2.0				1.0
PLCB1	1.0	6.0	3.0	6.0	2.0
SLX4IP	2.0			3.0	1.0
JAG1	3.0	3.0	3.0	4.0	3.0
MACROD2	1.0	1.0	1.0	1.0	
KIF16B	1.0				1.0
DSTN	1.0			2.0	
DTD1	1.0				1.0
SLC24A3	2.0	1.0	1.0	1.0	3.0
RIN2	1.0	1.0		1.0	
XRN2	1.0				2.0
LINC00261	1.0	1.0		2.0	2.0
CD93	1.0	1.0	1.0	1.0	
AL118508.1	1.0			1.0	
LINC00656	1.0	1.0		1.0	1.0
DEFB121	1.0				
TSPY26P	1.0			1.0	
C20orf203	1.0			1.0	3.0
COMMD7	1.0	1.0	1.0	3.0	1.0
DNMT3B	1.0	2.0	1.0	3.0	
SUN5	1.0	1.0	1.0	2.0	
BPIFA2	1.0			1.0	
CBFA2T2	1.0	4.0	2.0	5.0	
E2F1	1.0	1.0		3.0	1.0
ZNF341	1.0	5.0	3.0	6.0	5.0
RALY	4.0	4.0	2.0	4.0	11.0
ASIP	2.0	2.0	1.0	4.0	2.0
NCOA6	1.0	4.0	2.0	6.0	3.0
HMGB3P1	1.0			3.0	
GGT7	1.0	3.0	2.0	3.0	4.0
GSS	1.0	4.0	2.0	5.0	6.0
TRPC4AP	2.0	4.0	2.0	4.0	1.0
PROCR	3.0			4.0	
UQCC1	2.0	3.0	1.0	6.0	3.0
GDF5	5.0	3.0	1.0	3.0	10.0
CEP250	1.0			5.0	1.0
CNBD2	1.0	4.0	2.0	6.0	
NDRG3	1.0	3.0	1.0	3.0	
KIAA1755	1.0	2.0		2.0	
AL009050.1	1.0				
MAFB	1.0	2.0	4.0	1.0	1.0
TOP1	1.0	2.0	1.0	3.0	3.0
ZHX3	3.0	5.0	7.0	5.0	2.0
CHD6	2.0				1.0
JPH2	1.0			2.0	8.0
HNF4A	3.0	4.0	5.0	4.0	8.0
PKIG	2.0				3.0
PLTP	2.0	5.0	7.0	6.0	
AL162458.1	1.0			1.0	
NCOA5	1.0			1.0	1.0
CD40	2.0	1.0	1.0	1.0	3.0
EYA2	3.0	4.0	2.0	4.0	2.0
ZMYND8	1.0	1.0	1.0	1.0	
RNU7-173P	1.0				
PREX1	2.0				4.0
SPATA2	1.0				2.0
RN7SL636P	1.0	1.0	1.0	2.0	2.0
PTPN1	2.0	1.0	1.0	4.0	
KCNG1	1.0				
NFATC2	5.0				8.0
ATP9A	1.0				4.0
SALL4	1.0				
TSHZ2	1.0				2.0
ZNF217	1.0			1.0	
CYP24A1	2.0	4.0	5.0	4.0	2.0
BMP7	2.0	2.0	2.0	2.0	3.0
RBM38	1.0	6.0	4.0	6.0	2.0
APCDD1L	1.0				
STX16	2.0			1.0	2.0
PIEZO1P2	1.0			1.0	
GNAS	1.0	2.0	1.0	2.0	2.0
CTSZ	1.0	2.0	1.0	2.0	5.0
ZNF831	9.0	3.0	2.0	3.0	18.0
CDH4	2.0				1.0
TAF4	1.0				1.0
LAMA5	5.0	1.0		1.0	12.0
RPS21	1.0			1.0	1.0
SLCO4A1	2.0	1.0		1.0	
OGFR	1.0				
COL9A3	2.0				2.0
CHRNA4	4.0				7.0
HELZ2	3.0	1.0		1.0	6.0
GMEB2	7.0			1.0	6.0
STMN3	3.0			1.0	5.0
RTEL1	9.0			7.0	13.0
RTEL1-TNFRSF6B	1.0			7.0	15.0
TNFRSF6B	3.0			7.0	2.0
ZGPAT	3.0	6.0	3.0	7.0	4.0
LIME1	1.0			7.0	
SLC2A4RG	1.0			7.0	
ZBTB46	9.0	1.0		7.0	5.0
DNAJC5	1.0	2.0	1.0	2.0	1.0
UCKL1	1.0			2.0	4.0
PRPF6	1.0			2.0	
SOX18	2.0			2.0	
TCEA2	3.0			2.0	3.0
OPRL1	1.0	1.0	1.0	2.0	6.0
MYT1	4.0				8.0
RPL39P40	1.0				1.0
LINC00158	1.0				1.0
JAM2	1.0				1.0
APP	1.0				
GRIK1	1.0				
SOD1	1.0				
MRAP	1.0				
IFNGR2	1.0			2.0	1.0
CLIC6	1.0				
RUNX1	8.0	3.0	1.0	3.0	4.0
CLDN14	1.0	2.0	3.0	2.0	1.0
KCNJ15	1.0	2.0	1.0	2.0	1.0
ERG	4.0	2.0	1.0	2.0	6.0
AP001043.1	1.0				
RPL23AP12	1.0	2.0	1.0	2.0	6.0
BRWD1	2.0			1.0	3.0
DSCAM	1.0				
BACE2	1.0				3.0
MX2	2.0				3.0
LINC00111	1.0				4.0
ABCG1	2.0				1.0
UBASH3A	4.0	1.0		1.0	8.0
RSPH1	1.0			1.0	
LINC00322	1.0			1.0	3.0
HSF2BP	2.0	1.0	1.0	1.0	3.0
RRP1B	1.0				1.0
AIRE	4.0			2.0	2.0
PFKL	1.0	1.0	1.0	1.0	2.0
ADARB1	1.0				
COL18A1	1.0				
COL6A1	2.0	2.0	1.0	3.0	1.0
COL6A2	2.0	2.0	2.0	2.0	2.0
MICAL3	2.0	2.0	1.0	2.0	1.0
TUBA8	1.0				2.0
TBX1	3.0			2.0	4.0
PI4KA	1.0				
LZTR1	1.0			1.0	
UBE2L3	2.0	8.0	5.0	8.0	
IGLV3-30	1.0				
IGLV3-21	1.0				3.0
IGLVI-20	1.0				
IGLV2-14	1.0				
IGLV3-4	1.0				
IGLJ4	1.0				
GGT5	1.0	3.0	2.0	3.0	
SPECC1L	1.0	1.0	1.0	4.0	
GGT1	1.0	1.0	1.0	1.0	
PITPNB	1.0				
TTC28-AS1	4.0			1.0	
TTC28	13.0	3.0	2.0	3.0	18.0
CHEK2	20.0	3.0	3.0	3.0	1.0
CCDC117	2.0			1.0	3.0
ZNRF3	19.0	1.0		3.0	10.0
C22orf31	1.0	1.0		3.0	2.0
KREMEN1	1.0	2.0	2.0	3.0	3.0
EMID1	2.0			1.0	18.0
EWSR1	1.0	1.0	1.0	1.0	
RASL10A	1.0			3.0	
AP1B1	1.0	2.0	1.0	3.0	
RFPL1S	2.0			1.0	2.0
NF2	3.0				4.0
ASCC2	3.0	4.0	2.0	7.0	7.0
MTMR3	2.0	5.0	3.0	7.0	9.0
AC003681.1	2.0			3.0	
HORMAD2	4.0	5.0	4.0	6.0	7.0
LIF	2.0			4.0	1.0
SEC14L2	1.0			1.0	
OSBP2	1.0	1.0		1.0	1.0
PATZ1	1.0	1.0		1.0	
DRG1	1.0				
SFI1	1.0	1.0		1.0	
DEPDC5	1.0				2.0
YWHAH	1.0				1.0
SLC5A1	2.0			1.0	
SYN3	4.0	2.0		3.0	1.0
TIMP3	2.0				
RBFOX2	1.0	1.0	1.0	1.0	
APOL1	1.0			1.0	
NCF4	1.0	1.0	1.0	1.0	2.0
CSF2RB	3.0	1.0	1.0	4.0	4.0
IL2RB	2.0	4.0	2.0	5.0	1.0
C1QTNF6	4.0			4.0	5.0
TRIOBP	4.0			2.0	4.0
GCAT	1.0			1.0	
BAIAP2L2	1.0			1.0	
PLA2G6	4.0	7.0	6.0	8.0	9.0
MAFF	5.0	6.0	5.0	8.0	1.0
CSNK1E	1.0				
DDX17	1.0	1.0		1.0	1.0
FAM227A	2.0	1.0	1.0	6.0	
JOSD1	1.0	4.0	3.0	6.0	
AL021707.2	1.0			5.0	
APOBEC3A	1.0			1.0	1.0
APOBEC3C	1.0				
AL031590.1	2.0				4.0
SYNGR1	2.0				2.0
TAB1	1.0	1.0	1.0	1.0	
TNRC6B	3.0	3.0	1.0	3.0	4.0
SGSM3	1.0				
GAPDHP37	1.0				2.0
MCHR1	1.0				
SLC25A17	2.0	1.0	1.0	1.0	1.0
EP300	1.0				3.0
L3MBTL2	1.0				
CHADL	1.0				1.0
ZC3H7B	1.0	1.0		4.0	3.0
PHF5A	1.0				2.0
MEI1	1.0	2.0	1.0	3.0	1.0
TTLL1	1.0	1.0		2.0	
PNPLA3	9.0	4.0	2.0	4.0	16.0
PHF21B	2.0				1.0
ATXN10	1.0	1.0		1.0	2.0
WNT7B	4.0	2.0	1.0	2.0	6.0
PPARA	1.0				2.0
TBC1D22A	2.0				2.0
IL17REL	2.0				5.0
MAPK11	1.0			2.0	
PLXNB2	2.0			2.0	3.0
SHANK3	1.0			2.0	
CNTN4	1.0			1.0	3.0
SUMF1	1.0				
ITPR1	2.0	2.0	2.0	2.0	2.0
LMCD1	1.0				1.0
LHFPL4	1.0				
CIDECP	1.0				
ATP2B2	1.0				1.0
ATG7	4.0	1.0		1.0	3.0
SYN2	4.0	6.0	6.0	11.0	6.0
ACTG1P12	1.0			4.0	2.0
TIMP4	1.0			3.0	
PPARG	3.0	10.0	12.0	10.0	5.0
MKRN2	1.0			1.0	2.0
TMEM40	1.0				1.0
CAND2	3.0				5.0
FBLN2	1.0	1.0		3.0	1.0
TMEM43	1.0				
FGD5	2.0				3.0
RPS3AP53	1.0				
COLQ	1.0			1.0	1.0
PLCL2	1.0	4.0	2.0	4.0	
TBC1D5	4.0	2.0	1.0	2.0	3.0
SATB1	1.0				2.0
KCNH8	1.0				
KAT2B	2.0	1.0	1.0	1.0	3.0
ZNF385D	3.0				
UBE2E2	1.0				3.0
NKIRAS1	1.0				
THRB	2.0	5.0	2.0	5.0	2.0
RARB	5.0	2.0	1.0	2.0	7.0
LRRC3B	1.0				1.0
SLC4A7	2.0	2.0		2.0	4.0
AC137675.1	1.0				3.0
EOMES	2.0	1.0		1.0	2.0
RBMS3	3.0	2.0	1.0	2.0	1.0
CMTM6	1.0	1.0	2.0	1.0	1.0
TRIM71	1.0				
GLB1	2.0	2.0	1.0	2.0	6.0
FBXL2	1.0				
KRT8P18	1.0				1.0
ARPP21	3.0				5.0
CTDSPL	1.0	1.0		1.0	
VILL	1.0	1.0		1.0	
PLCD1	1.0	1.0		1.0	1.0
DLEC1	2.0			2.0	
ACAA1	1.0	1.0	1.0	1.0	
XYLB	1.0			2.0	1.0
ACVR2B	1.0	1.0		2.0	
SCN5A	3.0	2.0		3.0	6.0
SCN10A	1.0	2.0		2.0	3.0
CSRNP1	1.0	1.0		1.0	
XIRP1	1.0			2.0	1.0
MYRIP	2.0				
ULK4	1.0	1.0		2.0	2.0
ACKR2	1.0	3.0	3.0	3.0	3.0
CYP8B1	1.0	1.0		3.0	3.0
FAM198A	1.0	1.0		1.0	3.0
SNRK	1.0			1.0	7.0
ANO10	1.0				5.0
ZNF445	1.0				2.0
MPRIPP1	1.0				
KIF15	1.0				2.0
TGM4	1.0				
SLC6A20	1.0				
XCR1	1.0			1.0	1.0
CCR3	1.0	2.0	1.0	3.0	1.0
CCRL2	1.0			2.0	1.0
LTF	1.0	1.0		1.0	1.0
RTP3	1.0				1.0
NBEAL2	1.0	2.0	1.0	8.0	
SETD2	2.0	3.0	3.0	7.0	2.0
SMARCC1	1.0	1.0		1.0	1.0
MAP4	1.0			1.0	1.0
CDC25A	1.0	1.0	1.0	1.0	3.0
NME6	1.0				
COL7A1	2.0	1.0	1.0	2.0	2.0
IP6K2	2.0	8.0	4.0	9.0	3.0
ARIH2	1.0	4.0	2.0	5.0	1.0
QRICH1	2.0	2.0	2.0	4.0	
USP19	1.0	1.0	1.0	4.0	
LAMB2	1.0	1.0		4.0	1.0
KLHDC8B	2.0			2.0	3.0
CCDC36	1.0	1.0		5.0	1.0
USP4	2.0	7.0	3.0	13.0	4.0
BSN	6.0	9.0	3.0	14.0	8.0
APEH	2.0			9.0	
MST1	2.0	2.0	2.0	6.0	3.0
RNF123	3.0	6.0	3.0	7.0	2.0
IP6K1	2.0	3.0	1.0	11.0	
CAMKV	1.0	5.0	4.0	11.0	3.0
ACTBP13	1.0	1.0	1.0	11.0	2.0
RBM6	5.0	8.0	8.0	14.0	5.0
SEMA3F	4.0	5.0	1.0	10.0	4.0
SLC38A3	1.0			6.0	
GNAI2	1.0	1.0	1.0	4.0	
SEMA3B	1.0	2.0		3.0	
LSMEM2	1.0			3.0	
HYAL1	1.0	1.0		3.0	
DOCK3	2.0	3.0	2.0	3.0	4.0
DNAH1	1.0				2.0
STAB1	1.0	1.0	1.0	3.0	2.0
PBRM1	2.0			1.0	1.0
GLT8D1	1.0				1.0
NEK4	3.0	1.0		2.0	3.0
ITIH4	1.0	1.0		3.0	4.0
SFMBT1	2.0	1.0		2.0	1.0
AC096887.1	2.0			2.0	
RFT1	1.0			2.0	
PRKCD	1.0				
TKT	1.0				2.0
CACNA1D	1.0	1.0		2.0	3.0
CHDH	1.0				3.0
ERC2	3.0	2.0	2.0	3.0	4.0
ARHGEF3	2.0	3.0	1.0	3.0	3.0
SLMAP	1.0	1.0		1.0	
FHIT	1.0	1.0	1.0	1.0	2.0
PTPRG	2.0	2.0	1.0	2.0	3.0
CADPS	1.0				
ATXN7	1.0				1.0
PSMD6-AS2	1.0				
PSMD6	1.0				1.0
ADAMTS9-AS2	2.0	4.0	1.0	4.0	4.0
FRMD4B	1.0	1.0		1.0	1.0
FOXP1	7.0	2.0	1.0	2.0	10.0
PROK2	1.0			1.0	1.0
CNTN3	1.0				
ZNF717	1.0				1.0
ROBO1	1.0				1.0
CADM2	3.0	6.0		6.0	6.0
EPHA3	1.0				2.0
ST3GAL6-AS1	2.0	1.0		1.0	1.0
COL8A1	4.0				5.0
CMSS1	1.0				7.0
FILIP1L	3.0				6.0
TMEM45A	1.0				
ABI3BP	1.0				2.0
NFKBIZ	2.0				
CBLB	1.0				1.0
TRAT1	1.0				3.0
GUCA1C	1.0				
PHLDB2	1.0				2.0
BOC	1.0				1.0
SIDT1	2.0	2.0	2.0	2.0	1.0
ZBTB20	4.0	1.0		1.0	
IGSF11	1.0				
STXBP5L	1.0				
IQCB1	1.0	1.0	1.0	1.0	
ILDR1	1.0			1.0	1.0
CD86	1.0	1.0	1.0	1.0	1.0
CASR	2.0	2.0	2.0	2.0	2.0
ADCY5	4.0	5.0	2.0	5.0	6.0
CCDC14	2.0	1.0	1.0	1.0	
KALRN	1.0	3.0	2.0	3.0	3.0
ITGB5	2.0	2.0	1.0	2.0	
MUC13	1.0	1.0	1.0	1.0	1.0
HEG1	1.0			1.0	2.0
SLC12A8	2.0	1.0	1.0	1.0	4.0
MCM2	2.0				
MGLL	1.0				
KBTBD12	1.0				4.0
RUVBL1	5.0				5.0
EEFSEC	10.0	2.0		2.0	13.0
GP9	1.0				
RAB43	1.0				
ISY1	1.0				2.0
COPG1	1.0	2.0	1.0	2.0	1.0
H1FX-AS1	1.0	1.0		2.0	
RHO	1.0			1.0	
AC083906.1	1.0				
COL6A4P2	1.0				
COL6A5	1.0				1.0
COL6A6	1.0				1.0
CPNE4	7.0	2.0		2.0	3.0
DNAJC13	1.0	3.0	1.0	3.0	3.0
ACAD11	1.0			1.0	
SLCO2A1	1.0				
RYK	2.0	1.0		1.0	3.0
EPHB1	4.0				
PPP2R3A	2.0	4.0	4.0	5.0	2.0
MSL2	1.0	2.0	3.0	9.0	1.0
PCCB	1.0	5.0	5.0	9.0	2.0
STAG1	2.0	9.0	13.0	9.0	2.0
NCK1	1.0	4.0	4.0	5.0	
SOX14	1.0				
HSPA8P9	1.0				1.0
CLDN18	1.0				
ARMC8	1.0				
MRAS	3.0	1.0	1.0	1.0	10.0
PIK3CB	1.0				1.0
MRPS22	1.0	1.0	1.0	1.0	1.0
ZBTB38	2.0	7.0	4.0	8.0	1.0
ATR	1.0	4.0	1.0	4.0	
SLC9A9	1.0				
PLOD2	2.0	1.0		1.0	
GYG1	1.0				
HLTF-AS1	1.0				1.0
TM4SF4	1.0				2.0
CLRN1	1.0				
P2RY14	1.0			1.0	1.0
MBNL1	1.0	1.0		1.0	
ARHGEF26-AS1	2.0			1.0	1.0
ARHGEF26	1.0	2.0		2.0	6.0
DHX36	1.0				1.0
SLC33A1	1.0				
KCNAB1	1.0	1.0		1.0	
SSR3	1.0				
RSRC1	2.0	1.0		1.0	2.0
IQCJ-SCHIP1	1.0				
IFT80	4.0	1.0	1.0	1.0	
KPNA4	1.0				
KRT8P12	1.0				
PPM1L	1.0				1.0
SERPINI2	1.0				
EGFEM1P	1.0				1.0
MECOM	4.0	4.0	1.0	4.0	5.0
ACTRT3	2.0			1.0	2.0
MYNN	4.0			1.0	5.0
LRRC31	1.0				1.0
GPR160	1.0				1.0
PHC3	1.0				
PRKCI	1.0				1.0
SKIL	1.0				1.0
KLF7P1	1.0	3.0	1.0	4.0	2.0
SLC2A2	1.0	3.0	2.0	6.0	1.0
TMEM212	1.0	2.0	1.0	3.0	
FNDC3B	2.0	7.0	3.0	9.0	2.0
TBL1XR1	1.0	1.0	1.0	1.0	3.0
KCNMB2	1.0				
ZMAT3	1.0	3.0	2.0	3.0	
GNB4	1.0			1.0	
FXR1	1.0				
SOX2-OT	1.0	2.0		2.0	2.0
ECE2	2.0	1.0		2.0	2.0
IGF2BP2	4.0	5.0	2.0	5.0	4.0
AHSG	1.0	1.0	1.0	1.0	
KNG1	2.0	1.0	1.0	2.0	
ST6GAL1	3.0	2.0	3.0	2.0	5.0
BCL6	1.0	2.0	1.0	2.0	
LPP	14.0	4.0	3.0	4.0	27.0
TP63	2.0				1.0
MB21D2	2.0				2.0
TMEM44-AS1	1.0				
ZDHHC19	1.0	5.0	2.0	5.0	
TM4SF19	1.0			1.0	
PCGF3	1.0	2.0	1.0	2.0	
IDUA	1.0	1.0	1.0	2.0	
FGFRL1	2.0	2.0	2.0	2.0	1.0
SPON2	2.0				4.0
MAEA	3.0				1.0
UVSSA	1.0			1.0	
SLBP	2.0			2.0	3.0
TACC3	5.0	2.0	1.0	2.0	14.0
FGFR3	5.0	1.0		2.0	11.0
ADD1	2.0	1.0	1.0	1.0	
GRK4	1.0	1.0	1.0	1.0	3.0
HTT-AS	1.0	1.0	1.0	1.0	
HTT	2.0	1.0	1.0	2.0	
RGS12	2.0	2.0	2.0	9.0	3.0
HGFAC	1.0	8.0	12.0	8.0	2.0
DOK7	2.0	3.0	5.0	8.0	2.0
STX18-AS1	1.0				2.0
WFS1	1.0	1.0	1.0	1.0	3.0
AFAP1	5.0	2.0		2.0	6.0
ACOX3	1.0				
SLC2A9	2.0	1.0		1.0	5.0
WDR1	1.0	1.0		1.0	1.0
AC006499.2	1.0			1.0	
C1QTNF7	3.0				2.0
PPARGC1A	2.0	1.0		2.0	2.0
SEPSECS	1.0				1.0
ANAPC4	3.0	2.0		2.0	1.0
TBC1D19	1.0				2.0
ARAP2	1.0				
TBC1D1	1.0	1.0	1.0	1.0	1.0
TLR10	2.0	1.0		3.0	2.0
TLR1	4.0	1.0		3.0	9.0
TLR6	1.0			2.0	1.0
RFC1	1.0	1.0	1.0	2.0	1.0
KLB	1.0	1.0		2.0	
APBB2	2.0				
LIMCH1	2.0				1.0
RNU6-931P	1.0				1.0
GABRB1	1.0				
NIPAL1	1.0				
TXK	1.0	1.0		1.0	
SCFD2	1.0			1.0	
LNX1	2.0			1.0	1.0
KDR	4.0				14.0
PDCL2	1.0			1.0	
NMU	1.0				2.0
KIAA1211	1.0				
REST	1.0	6.0	2.0	6.0	2.0
POLR2B	1.0			1.0	1.0
TMPRSS11E	1.0	2.0	2.0	2.0	
UGT2A1	1.0				
SULT1B1	2.0				
SULT1D1P	1.0				
SULT1E1	3.0				2.0
MOB1B	1.0				
ADAMTS3	1.0	5.0	3.0	3.0	5.0
ANKRD17	1.0	2.0	1.0	2.0	
FAM47E	1.0	3.0	3.0	4.0	
CCDC158	1.0			3.0	1.0
SHROOM3	4.0	3.0	4.0	3.0	3.0
CCNI	1.0				
CXCL13	1.0				2.0
LINC01088	1.0				1.0
FGF5	2.0	1.0		1.0	15.0
BMP3	1.0	1.0		1.0	
COPS4	1.0	2.0	1.0	2.0	2.0
CDS1	1.0				
WDFY3	1.0				
ARHGAP24	2.0				3.0
MAPK10	1.0	1.0	1.0	1.0	
C4orf36	1.0	3.0	1.0	4.0	1.0
AFF1	3.0	5.0	5.0	7.0	4.0
KLHL8	2.0	4.0	4.0	6.0	
HSD17B13	3.0	1.0	1.0	3.0	3.0
CHCHD2P7	1.0			3.0	2.0
MEPE	2.0	2.0	1.0	3.0	3.0
ABCG2	2.0	2.0	1.0	2.0	5.0
FAM13A	5.0	6.0	3.0	6.0	6.0
GRID2	1.0				
PDLIM5	2.0				2.0
BMPR1B	5.0				5.0
UNC5C	2.0				2.0
EIF4E	1.0	2.0	2.0	2.0	
METAP1	2.0				1.0
ADH1B	1.0	12.0	5.0	12.0	7.0
ADH1C	1.0	2.0	1.0	12.0	4.0
EMCN	1.0				
BANK1	2.0	5.0	6.0	5.0	
NFKB1	2.0	2.0	3.0	6.0	3.0
MANBA	2.0	2.0		3.0	3.0
SLC9B1	2.0			1.0	3.0
TACR3	1.0				1.0
AC004053.1	2.0				
TET2	2.0	5.0	2.0	8.0	2.0
PPA2	1.0	3.0	2.0	3.0	3.0
INTS12	1.0	2.0		2.0	
NPNT	2.0	2.0		2.0	8.0
DKK2	1.0				
SGMS2	1.0				
LEF1	1.0				
LEF1-AS1	4.0				1.0
EXOC7P1	1.0				
SEC24B-AS1	1.0				
CFI	1.0				2.0
ENPEP	2.0				11.0
ZNF969P	1.0				1.0
PITX2	4.0				14.0
CAMK2D	3.0				2.0
NDST4	1.0				1.0
NDUFS5P5	1.0				
USP53	3.0			1.0	5.0
FABP2	1.0	1.0		1.0	1.0
KLHL2P1	1.0			1.0	
PRDM5	1.0				
TNIP3	1.0				
EXOSC9	1.0	2.0	1.0	2.0	1.0
TRPC3	1.0	1.0		1.0	
KIAA1109	3.0	2.0	2.0	2.0	5.0
IL21-AS1	3.0	2.0	1.0	3.0	6.0
FGF2	1.0			1.0	
SPATA5	1.0	1.0		1.0	
SPRY1	1.0				
PCDH18	1.0				1.0
MAML3	5.0	1.0		1.0	8.0
INPP4B	1.0	1.0		1.0	2.0
HHIP	1.0	4.0	1.0	5.0	
ZNF827	4.0	2.0	3.0	2.0	9.0
SLC10A7	1.0				
TTC29	2.0				2.0
MIR548G	3.0				13.0
EDNRA	5.0	1.0		1.0	16.0
GTF2F2P1	1.0			1.0	1.0
ARHGAP10	1.0	4.0	3.0	4.0	9.0
NR3C2	2.0			4.0	2.0
LRBA	2.0	1.0	1.0	1.0	2.0
SH3D19	2.0				1.0
AC079340.1	1.0				
FGB	1.0				2.0
FGA	2.0				5.0
FGG	6.0				9.0
LRAT	1.0				5.0
PDGFC	2.0	2.0	1.0	2.0	4.0
RAPGEF2	1.0				1.0
MARCH1	1.0				
TLL1	1.0				
PALLD	2.0				5.0
HAND2-AS1	1.0				
ADAM29	2.0				2.0
TENM3	1.0				
WWC2	1.0	2.0	1.0	2.0	
ACSL1	1.0	3.0	1.0	3.0	3.0
SORBS2	1.0	1.0		1.0	1.0
TLR3	2.0				4.0
F11	5.0				7.0
F11-AS1	2.0				6.0
LINC01060	1.0				
PDCD6	2.0	1.0		1.0	1.0
AHRR	1.0	1.0		1.0	
TPPP	2.0	2.0	3.0	2.0	3.0
SLC12A7	1.0	5.0	4.0	5.0	
SLC6A18	1.0			6.0	1.0
TERT	18.0	6.0	2.0	6.0	33.0
MIR4457	2.0			6.0	1.0
CLPTM1L	9.0			6.0	17.0
SLC6A3	1.0				7.0
CTD-2194D22.4	1.0				1.0
ADAMTS16	2.0				2.0
ADCY2	1.0				
C5orf49	1.0				
ANKH	2.0	1.0	1.0	1.0	3.0
CDH6	1.0				1.0
PDZD2	1.0				1.0
ADAMTS12	1.0	1.0	1.0	2.0	
SLC45A2	3.0	3.0	2.0	3.0	6.0
TTC23L	1.0				
IL7R	5.0	3.0	3.0	3.0	12.0
CAPSL	1.0			2.0	1.0
UGT3A1	1.0				2.0
WDR70	1.0	1.0		1.0	1.0
LIFR	1.0				1.0
LINC00603	2.0				1.0
LINC00604	1.0	1.0	1.0		2.0
TTC33	1.0				
C7	1.0				
PLCXD3	1.0				
GHR	1.0	2.0	1.0	3.0	2.0
ZNF131	1.0				
HCN1	1.0	1.0			1.0
ANKRD55	4.0	2.0	3.0	2.0	15.0
AC008940.1	1.0				3.0
GPBP1	1.0				
RAB3C	1.0				
PDE4D	1.0	2.0	2.0	2.0	
ZSWIM6	1.0	1.0		2.0	
C5orf64	1.0				
CWC27	3.0	1.0	1.0	1.0	1.0
ADAMTS6	3.0	1.0		1.0	
CENPK	1.0				
NLN	1.0				
MAST4	1.0	2.0	1.0	2.0	1.0
PIK3R1	1.0	4.0	2.0	4.0	
ZNF366	1.0	3.0	2.0	4.0	1.0
TNPO1	1.0	4.0	2.0	5.0	
TMEM171	1.0	2.0	2.0	4.0	1.0
ARHGEF28	3.0	1.0		1.0	6.0
HMGCR	3.0	1.0	4.0	5.0	4.0
COL4A3BP	2.0	4.0	1.0	5.0	1.0
POC5	1.0	5.0	3.0	5.0	1.0
IQGAP2	1.0	2.0	1.0	2.0	
S100Z	1.0	2.0	1.0	2.0	1.0
ZBED3-AS1	1.0	2.0	1.0	2.0	8.0
PDE8B	4.0				5.0
AP3B1	1.0	3.0	1.0	3.0	
SCAMP1	1.0	1.0		2.0	
LHFPL2	3.0	2.0		2.0	1.0
BHMT	1.0				1.0
JMY	1.0				1.0
LINC00461	2.0	4.0	1.0	4.0	
MEF2C	1.0	4.0	2.0	5.0	1.0
FAM172A	2.0				
MCTP1	1.0				2.0
ELL2	1.0	1.0	2.0	2.0	
PCSK1	1.0	1.0		2.0	
ERAP1	6.0				8.0
ERAP2	1.0	1.0		1.0	
LNPEP	1.0			1.0	1.0
YTHDF1P1	1.0				
SLCO6A1	1.0				
PAM	1.0				
PPIP5K2	1.0			1.0	
C5orf30	3.0	1.0	1.0	1.0	5.0
FER	4.0	2.0	1.0	2.0	1.0
MAN2A1	1.0				
TMEM232	1.0				8.0
TSLP	10.0	1.0	1.0	1.0	19.0
WDR36	4.0	1.0	1.0	1.0	15.0
STARD4-AS1	1.0	1.0		1.0	1.0
NREP	1.0	1.0		1.0	1.0
EPB41L4A	2.0				3.0
MCC	1.0				
KCNN2	2.0				2.0
TRIM36	1.0				1.0
COMMD10	1.0				
TNFAIP8	2.0	1.0		1.0	
SRFBP1	2.0			1.0	
LOX	1.0	1.0		1.0	2.0
SNX24	1.0	1.0	1.0	2.0	
PRDM6	3.0	1.0		2.0	5.0
CEP120	3.0	2.0		2.0	6.0
RPSAP37	1.0				
MARCH3	1.0				1.0
SLC12A2	1.0	1.0		3.0	
FBN2	3.0	3.0	1.0	3.0	8.0
ADAMTS19	1.0	2.0	1.0	2.0	5.0
CHSY3	2.0				3.0
RAPGEF6	2.0	1.0		2.0	10.0
AC063976.2	1.0				
P4HA2-AS1	1.0			2.0	3.0
P4HA2	3.0	3.0	1.0	6.0	18.0
PDLIM4	2.0			4.0	2.0
SLC22A4	1.0	4.0	2.0	5.0	3.0
SLC22A5	2.0	1.0		5.0	4.0
C5orf56	13.0	4.0	3.0	6.0	21.0
IRF1	2.0	2.0		6.0	10.0
IL5	3.0	1.0	1.0	1.0	
RAD50	3.0	1.0	1.0	1.0	8.0
IL13	7.0	1.0	1.0	1.0	22.0
KIF3A	1.0	1.0	1.0	1.0	4.0
SEPT8	2.0			1.0	10.0
AFF4	1.0			2.0	1.0
HSPA4	2.0	1.0	1.0	1.0	1.0
PPP2CA	1.0			1.0	
AC005355.1	1.0			2.0	3.0
SPOCK1	2.0				2.0
MYOT	1.0				1.0
PKD2L2	1.0				1.0
FAM13B	4.0	1.0		1.0	1.0
CDC25C	1.0				
KDM3B	2.0	1.0	1.0	1.0	1.0
NRG2	1.0				1.0
CYSTM1	1.0				
PFDN1	1.0				
HBEGF	1.0				4.0
PCDHGA12	1.0				1.0
DIAPH1	2.0	1.0	1.0	1.0	
ARAP3	2.0			1.0	
PCDH1	1.0				
NDFIP1	1.0	3.0	2.0	3.0	7.0
ARHGAP26	3.0	1.0		1.0	7.0
NR3C1	3.0	1.0		1.0	2.0
KCTD16	1.0				2.0
FBXO38	1.0			2.0	1.0
HTR4	3.0	2.0		2.0	5.0
SH3TC2	2.0				
SLC26A2	1.0			1.0	
IRGM	3.0				2.0
GPX3	1.0			2.0	
TNIP1	3.0	2.0	2.0	2.0	6.0
GRIA1	1.0				3.0
SGCD	1.0				
TIMD4	1.0	5.0	6.0	5.0	4.0
ITK	1.0	1.0		2.0	1.0
CYFIP2	1.0	3.0	2.0	4.0	
ADAM19	2.0	2.0		2.0	2.0
LSM11	1.0				
EBF1	3.0	6.0	3.0	6.0	9.0
IL12B	1.0			1.0	1.0
AC008691.1	5.0				
GABRA6	1.0				
TENM2	2.0	1.0	1.0	1.0	2.0
SPDL1	5.0				
DOCK2	2.0				6.0
KCNIP1	1.0				
RANBP17	2.0	1.0		1.0	1.0
NPM1	1.0			2.0	1.0
ERGIC1	1.0				3.0
RPL7AP33	1.0			1.0	2.0
NKX2-5	1.0	1.0		1.0	2.0
CPEB4	1.0	5.0	2.0	5.0	4.0
C5orf47	1.0			3.0	
UIMC1	1.0	1.0		1.0	
FGFR4	1.0	4.0	3.0	4.0	2.0
NSD1	2.0	2.0		5.0	1.0
LMAN2	2.0	2.0	1.0	6.0	2.0
RGS14	5.0	4.0	4.0	6.0	5.0
SLC34A1	1.0	2.0	1.0	5.0	1.0
COL23A1	1.0				
FLT4	1.0				
DUSP22	1.0	3.0	2.0	5.0	
IRF4	9.0	8.0	6.0	8.0	11.0
EXOC2	5.0	6.0	5.0	6.0	2.0
GMDS	7.0	2.0		2.0	12.0
MYLK4	2.0				
SERPINB9	1.0				1.0
FARS2	1.0				
RREB1	5.0	9.0	4.0	9.0	6.0
SSR1	3.0			5.0	2.0
CAGE1	1.0				
DSP	1.0			1.0	2.0
BMP6	5.0	2.0	1.0	2.0	8.0
BLOC1S5-TXNDC5	1.0	1.0		1.0	
OFCC1	2.0	1.0	1.0	1.0	2.0
ADTRP	1.0				
HIVEP1	1.0				
PHACTR1	3.0				16.0
GFOD1	1.0			1.0	
RANBP9	1.0				2.0
JARID2	3.0			1.0	2.0
MYLIP	1.0	1.0	4.0	1.0	1.0
ATXN1	2.0	1.0		5.0	3.0
FAM8A1	2.0				3.0
NUP153	2.0				4.0
KDM1B	1.0				2.0
DEK	1.0				1.0
RNF144B	1.0				1.0
CDKAL1	8.0	3.0	2.0	3.0	15.0
CASC15	10.0	6.0	4.0	6.0	15.0
PRL	1.0				
HNRNPA1P58	1.0	1.0	1.0		11.0
DCDC2	1.0	2.0	1.0	2.0	15.0
ANKS1A	7.0	4.0	1.0	5.0	12.0
TCP11	1.0	3.0	1.0	5.0	1.0
SCUBE3	2.0	4.0	2.0	6.0	3.0
ZNF76	2.0	1.0		5.0	1.0
PPARD	7.0	6.0	2.0	6.0	1.0
FANCE	2.0	1.0		5.0	
RPL10A	1.0			4.0	1.0
TEAD3	2.0	1.0		4.0	1.0
TULP1	2.0	4.0	3.0	4.0	1.0
FKBP5	2.0	5.0	3.0	5.0	10.0
AL157823.1	2.0			3.0	
CLPSL1	1.0	1.0		3.0	1.0
SRPK1	5.0	1.0		3.0	3.0
SLC26A8	3.0	1.0	1.0	2.0	15.0
MAPK14	6.0	1.0		1.0	12.0
BRPF3	1.0			1.0	
ETV7	2.0				3.0
PXT1	1.0				
KCTD20	1.0			1.0	2.0
STK38	1.0	2.0	1.0	2.0	3.0
SRSF3	1.0			2.0	2.0
CDKN1A	10.0	1.0		1.0	22.0
CPNE5	1.0			1.0	3.0
C6orf89	1.0			1.0	4.0
PI16	1.0				1.0
FGD2	2.0			1.0	2.0
TMEM217	1.0			1.0	
BTBD9	5.0				4.0
DNAH8	1.0				
GLP1R	4.0				
ANKRD18EP	1.0				
KCNK5	1.0	1.0		1.0	3.0
KCNK17	1.0				2.0
KIF6	1.0				2.0
LRFN2	2.0	2.0		2.0	2.0
FOXP4	1.0			1.0	1.0
MDFI	1.0	1.0	1.0	5.0	1.0
BYSL	1.0			8.0	
CNPY3	1.0			3.0	
SLC22A7	2.0			1.0	1.0
ABCC10	2.0			2.0	2.0
POLR1C	1.0				
VEGFA	5.0	6.0	6.0	6.0	10.0
SUPT3H	6.0	4.0	3.0	4.0	7.0
RUNX2	5.0	4.0	3.0	4.0	4.0
CLIC5	1.0				3.0
TFAP2B	3.0	3.0		3.0	5.0
PKHD1	2.0	2.0	2.0	2.0	4.0
EFHC1	2.0				1.0
MLIP	1.0	1.0	1.0	1.0	
TINAG	1.0				
BMP5	5.0	3.0	1.0	3.0	6.0
DST	2.0				2.0
KHDRBS2	1.0				
EYS	2.0				1.0
LINC00472	1.0			1.0	
CD109	1.0	2.0	2.0	2.0	2.0
COL12A1	1.0				
FILIP1	4.0	2.0	1.0	2.0	6.0
MYO6	1.0	1.0		2.0	5.0
IRAK1BP1	1.0			1.0	
PHIP	1.0	1.0	1.0	1.0	4.0
TTK	1.0				2.0
BCKDHB	3.0	1.0		2.0	2.0
ME1	1.0				
SNAP91	2.0				2.0
TBX18	1.0	1.0		1.0	
ANKRD6	1.0			1.0	
BACH2	8.0	5.0	4.0	5.0	19.0
MIR4464	1.0			2.0	3.0
FUT9	1.0				1.0
UFL1-AS1	1.0				
FHL5	1.0				3.0
PRDX2P4	1.0			1.0	
LIN28B	1.0	2.0		4.0	1.0
ATG5	1.0	1.0	2.0	1.0	
BEND3	1.0	3.0	1.0	3.0	5.0
SCML4	3.0	1.0	1.0	1.0	2.0
FOXO3	1.0	7.0	4.0	7.0	
ARMC2	1.0	2.0		3.0	4.0
SESN1	3.0	3.0	2.0	5.0	3.0
REV3L	1.0	1.0		1.0	3.0
TRAF3IP2	4.0				6.0
FYN	1.0				
FAM229B	1.0				
HS3ST5	1.0				1.0
FRK	2.0	3.0	4.0	4.0	1.0
NT5DC1	2.0	2.0	1.0	3.0	2.0
RFX6	2.0	1.0		1.0	1.0
NUS1	1.0				
CEP85L	1.0	1.0		1.0	
TBC1D32	1.0	1.0		1.0	
SERINC1	1.0			2.0	
PKIB	1.0	2.0		2.0	
CLVS2	1.0				
HEY2	1.0	1.0		2.0	
NCOA7	1.0	1.0		2.0	2.0
CENPW	1.0	3.0	2.0	2.0	3.0
PRELID1P1	1.0	1.0		2.0	3.0
RSPO3	9.0	6.0	5.0	5.0	12.0
THEMIS	4.0				2.0
PTPRK	1.0				
LAMA2	2.0	2.0		2.0	1.0
L3MBTL3	2.0	11.0	9.0	11.0	2.0
ENPP3	1.0	1.0	1.0	1.0	1.0
ENPP1	1.0	1.0	1.0	1.0	
VNN2	1.0				1.0
EYA4	3.0	4.0	2.0	4.0	4.0
TCF21	1.0	1.0		1.0	8.0
SLC2A12	1.0				4.0
HBS1L	2.0	11.0	5.0	11.0	3.0
PDE7B	2.0	2.0		2.0	4.0
SLC35D3	1.0			1.0	
RPL35AP3	1.0	1.0	1.0	1.0	3.0
IL22RA2	1.0				
AL357060.1	2.0			1.0	
TNFAIP3	1.0	1.0	1.0	1.0	4.0
HIVEP2	4.0	1.0		2.0	7.0
AIG1	2.0				3.0
SAMD5	1.0				
UST	1.0	1.0		1.0	
TAB2	3.0				2.0
ZC3H12D	1.0				
PPP1R14C	1.0				
PLEKHG1	4.0	1.0		1.0	4.0
AKAP12	1.0	1.0	1.0	2.0	3.0
RMND1	1.0	2.0	1.0	2.0	7.0
CCDC170	8.0	2.0	2.0	3.0	18.0
ESR1	20.0	9.0	6.0	9.0	28.0
SYNE1	5.0				15.0
FBXO5	1.0				1.0
RGS17	3.0	1.0	1.0	1.0	3.0
IPCEF1	1.0				1.0
TIAM2	1.0	1.0		1.0	
SYNJ2	1.0	1.0	1.0	1.0	1.0
TULP4	1.0	1.0		1.0	
FNDC1	1.0				2.0
ACAT2	1.0				
SLC22A1	2.0	5.0	6.0	6.0	9.0
SLC22A2	2.0	4.0	4.0	6.0	13.0
LPAL2	1.0	1.0	4.0	2.0	8.0
LPA	9.0	2.0	6.0	3.0	8.0
PDE10A	5.0	1.0	1.0	2.0	6.0
RPS6KA2	1.0				
RNASET2	2.0				5.0
FGFR1OP	3.0				2.0
CCR6	1.0	1.0	1.0	1.0	5.0
SMOC2	1.0	2.0	1.0	2.0	
THBS2	2.0				2.0
WDR27	2.0				
FAM120B	1.0			2.0	
PRKAR1B	1.0	2.0	1.0	3.0	3.0
SUN1	1.0	1.0	1.0	1.0	2.0
ADAP1	1.0			2.0	
COX19	1.0			2.0	2.0
C7orf50	2.0	1.0	2.0	2.0	2.0
TMEM184A	1.0				
ELFN1	1.0				1.0
MAD1L1	9.0	1.0	1.0	1.0	19.0
GRIFIN	1.0				1.0
AMZ1	2.0	2.0	1.0	4.0	4.0
GNA12	4.0	5.0	1.0	5.0	6.0
SDK1	11.0				6.0
FOXK1	2.0				3.0
AP5Z1	1.0				
MMD2	1.0				20.0
TNRC18	21.0	1.0		2.0	32.0
FBXL18	5.0	1.0	1.0	1.0	44.0
ACTB	6.0				15.0
RNF216	2.0				24.0
FAM220A	1.0				4.0
DAGLB	2.0	5.0	5.0	5.0	3.0
KDELR2	1.0	4.0	3.0	5.0	2.0
AC073343.2	1.0			1.0	
C1GALT1	2.0				4.0
THSD7A	2.0				2.0
TMEM106B	4.0				9.0
AC005019.2	1.0				1.0
ETV1	2.0				1.0
DGKB	2.0	3.0	2.0	3.0	3.0
AGMO	2.0				3.0
ISPD	1.0				1.0
AHR	1.0	1.0		2.0	
HDAC9	4.0	3.0		3.0	15.0
AC007091.1	3.0	1.0		1.0	2.0
AC005083.1	1.0				
ITGB8	3.0	3.0	2.0	3.0	4.0
AC002486.2	1.0			1.0	
SP4	2.0	1.0	4.0	1.0	3.0
DNAH11	1.0	1.0	4.0	1.0	2.0
RAPGEF5	1.0				
STEAP1B	3.0				
IL6	1.0			4.0	1.0
STK31	1.0				1.0
OSBPL3	1.0				
MIR148A	1.0	3.0	4.0	3.0	3.0
SNX10	2.0	1.0		1.0	5.0
SKAP2	3.0				5.0
NHP2P2	1.0				2.0
HOTAIRM1	1.0			1.0	
HOXA2	1.0			1.0	
HOXA3	2.0	1.0		2.0	7.0
HOXA5	1.0			2.0	
HOXA6	1.0			2.0	3.0
HOTTIP	3.0	3.0	1.0	4.0	9.0
HIBADH	4.0	2.0		2.0	7.0
JAZF1	9.0	7.0	4.0	7.0	10.0
JAZF1-AS1	2.0	2.0	1.0	5.0	1.0
CREB5	4.0	4.0	3.0	4.0	6.0
TRIL	1.0				
CPVL	3.0				
CHN2	1.0				
CRHR2	1.0				
AQP1	1.0	2.0	2.0	3.0	
GHRHR	1.0	1.0	1.0	3.0	1.0
BBS9	1.0	2.0	1.0	2.0	
ELMO1	5.0	2.0	2.0	2.0	7.0
EPDR1	4.0	3.0	2.0	3.0	5.0
SFRP4	1.0	3.0	2.0	3.0	5.0
POU6F2	2.0	1.0		1.0	3.0
GLI3	2.0				
URGCP-MRPS24	1.0			1.0	2.0
DBNL	1.0			2.0	
AEBP1	1.0	2.0	1.0	3.0	
GCK	2.0	3.0	2.0	3.0	3.0
YKT6	1.0	1.0	1.0	3.0	
CAMK2B	1.0	2.0	1.0	2.0	3.0
NPC1L1	2.0	1.0	4.0	1.0	4.0
DDX56	1.0			1.0	2.0
TMED4	1.0			1.0	
CCM2	1.0	1.0	1.0	3.0	
IGFBP3	1.0	1.0	1.0	1.0	1.0
HMGN1P19	1.0	2.0	1.0	1.0	1.0
TNS3	1.0				3.0
AC020743.2	2.0				
GRB10	1.0	3.0	1.0	4.0	2.0
EGFR	1.0	2.0		2.0	2.0
AUTS2	6.0	1.0		1.0	7.0
CALN1	4.0				1.0
POM121	1.0	1.0	1.0	1.0	2.0
BAZ1B	1.0	3.0	2.0	6.0	
TBL2	1.0	2.0	1.0	12.0	3.0
MLXIPL	2.0	10.0	9.0	12.0	5.0
ELN	4.0				8.0
LIMK1	4.0				4.0
GTF2IRD1	4.0				6.0
NCF1	5.0			1.0	
GTF2IRD2	1.0	1.0		1.0	
TRIM73	1.0			2.0	2.0
POM121C	2.0	2.0		2.0	2.0
PMS2P3	1.0				
AC005102.1	1.0	1.0		1.0	
RHBDD2	1.0	1.0	1.0	1.0	1.0
POR	1.0	4.0	2.0	4.0	
AC007003.1	2.0				
DTX2P1	3.0				6.0
DTX2P1-UPK3BP1-PMS2P11	2.0				6.0
FAM185BP	1.0				2.0
CCDC146	1.0				2.0
PTPN12	1.0	2.0	2.0	2.0	1.0
MAGI2	1.0				
GNAI1	1.0				
PCLO	1.0				
SEMA3A	1.0				
SEMA3D	1.0				
KIAA1324L	1.0				5.0
CROT	2.0				1.0
ABCB4	2.0			1.0	1.0
ABCB1	1.0	1.0	1.0	1.0	5.0
RUNDC3B	1.0				
ADAM22	2.0				4.0
CDK6	1.0	11.0	6.0	11.0	
COL1A2	1.0	1.0		1.0	1.0
RN7SKP129	1.0				
PPP1R9A	2.0				
PON1	1.0				
DYNC1I1	1.0				1.0
SLC25A13	5.0				12.0
DLX6-AS1	1.0				
LMTK2	1.0	1.0	1.0	1.0	1.0
CYP3A7	1.0				
CYP3A43	1.0				
ZKSCAN1	1.0	1.0		2.0	4.0
STAG3	1.0			4.0	1.0
PILRA	1.0	3.0	1.0	5.0	
GIGYF1	1.0	1.0		5.0	1.0
MUC12	3.0	1.0		2.0	3.0
AP1S1	1.0				1.0
VGF	1.0				1.0
CUX1	4.0	4.0	2.0	4.0	12.0
SH2B2	1.0			1.0	3.0
ORAI2	1.0				3.0
ALKBH4	1.0				1.0
FAM185A	2.0	1.0	1.0	1.0	5.0
FBXL13	1.0				3.0
DPY19L2P2	1.0				
SLC26A5	2.0				3.0
RELN	4.0				5.0
KMT2E	1.0				2.0
SRPK2	2.0				3.0
CDHR3	4.0			1.0	7.0
AC004917.1	1.0			2.0	
COG5	2.0	2.0	2.0	2.0	1.0
SLC26A3	1.0				2.0
PPP1R3A	1.0				1.0
FOXP2	7.0	1.0		1.0	10.0
TFEC	1.0				3.0
TES	1.0				3.0
AC002066.1	3.0			1.0	7.0
CAV2	1.0	1.0		1.0	7.0
CAV1	3.0			2.0	6.0
MET	6.0	1.0	1.0	1.0	11.0
CAPZA2	1.0	2.0	1.0	3.0	
ST7	1.0				
MTND4P6	1.0				
WNT2	3.0				1.0
CFTR	1.0				
NAA38	2.0				1.0
TSPAN12	1.0	1.0	1.0	1.0	2.0
WNT16	1.0	2.0	2.0	2.0	5.0
FAM3C	1.0	2.0	2.0	2.0	2.0
PTPRZ1	1.0				
FEZF1	2.0			1.0	
CADPS2	2.0	1.0		1.0	1.0
GRM8	2.0				
ZNF800	3.0	1.0		1.0	1.0
GCC1	1.0			1.0	
PAX4	1.0			1.0	
FLNC	3.0				4.0
IRF5	11.0	2.0	1.0	2.0	18.0
TNPO3	3.0			2.0	3.0
UBE2H	1.0	2.0	1.0	2.0	1.0
AC073320.1	1.0			4.0	
ZC3HC1	3.0	3.0	1.0	4.0	7.0
COPG2	1.0				
KLF14	3.0	3.0	4.0	3.0	5.0
MKLN1	2.0	2.0		3.0	1.0
PODXL	1.0				
LRGUK	1.0				
CALD1	2.0	2.0	1.0	3.0	3.0
CNOT4	1.0	1.0		1.0	1.0
FAM180A	1.0			1.0	1.0
DGKI	2.0				
ZC3HAV1	2.0				
HIPK2	4.0				3.0
TBXAS1	3.0			1.0	
PARP12	2.0	1.0		1.0	1.0
PPP1R2P6	1.0				
MKRN1	2.0				3.0
WBP1LP1	1.0				
TRPV6	2.0				
CLCN1	2.0			1.0	1.0
CNTNAP2	2.0				1.0
ZNF746	2.0				2.0
ALDH7A1P3	1.0			1.0	
AOC1	3.0	1.0		2.0	6.0
KCNH2	1.0	1.0		2.0	6.0
NOS3	7.0	2.0		2.0	8.0
ASIC3	1.0			2.0	
SMARCD3	1.0	1.0	1.0	1.0	
PRKAG2	1.0	2.0	3.0	2.0	3.0
RNU6-604P	1.0				
DPP6	1.0				1.0
LINC01006	1.0	2.0	2.0	2.0	2.0
LMBR1	1.0				
UBE3C	1.0				3.0
PTPRN2	1.0				
CSMD1	1.0				
MCPH1	1.0				1.0
ANGPT2	2.0				1.0
AC087269.2	1.0	1.0		2.0	1.0
MSRA	4.0	14.0	8.0	14.0	9.0
RP1L1	1.0	10.0	9.0	11.0	5.0
PINX1	4.0	6.0	4.0	10.0	3.0
XKR6	7.0	16.0	8.0	17.0	17.0
BLK	6.0	2.0	2.0	12.0	7.0
LINC00208	1.0	10.0	3.0	10.0	10.0
NEIL2	1.0	2.0	2.0	8.0	
SGCZ	1.0				1.0
MSR1	1.0				
CNOT7	1.0				
FGL1	1.0				
ASAH1	1.0				
LPL	3.0	6.0	6.0	6.0	12.0
DOK2	1.0			2.0	
XPO7	1.0	2.0	1.0	2.0	2.0
DMTN	1.0	1.0	1.0	1.0	1.0
BMP1	1.0				8.0
BIN3	1.0	1.0		2.0	1.0
PEBP4	1.0			1.0	
TNFRSF10B	1.0			4.0	
DOCK5	2.0	1.0	1.0	1.0	2.0
CDCA2	2.0				2.0
EBF2	5.0	1.0	1.0	1.0	8.0
DPYSL2	1.0				
PTK2B	2.0				3.0
GULOP	3.0	1.0		1.0	2.0
CLU	4.0			1.0	10.0
SCARA5	1.0				1.0
ZNF395	1.0				1.0
RBPMS	2.0	4.0	2.0	4.0	
PURG	1.0				1.0
NRG1	5.0	1.0	1.0	1.0	8.0
AC090453.1	1.0				3.0
STAR	1.0				
ZMAT4	1.0	2.0	1.0	2.0	1.0
NKX6-3	1.0	1.0		5.0	3.0
ANK1	1.0	5.0	4.0	5.0	2.0
IKBKB	2.0				1.0
RP1	3.0				
XKR4	1.0				
IMPAD1	1.0				
UBXN2B	1.0			4.0	3.0
CYP7A1	1.0	4.0	8.0	4.0	6.0
TOX	2.0				2.0
RAB2A	2.0	1.0		1.0	
AC022182.1	2.0			1.0	2.0
CLVS1	2.0				
CYP7B1	1.0				5.0
TRIM55	1.0				
LACTB2	1.0				
EYA1	2.0	1.0	1.0	1.0	
RDH10	1.0				1.0
STAU2	2.0	1.0		1.0	2.0
UBE2W	1.0				
GDAP1	1.0				3.0
HNF4G	1.0	1.0		1.0	
ZFHX4-AS1	3.0				6.0
ZFHX4	1.0				
ZBTB10	1.0			1.0	1.0
CPNE3	1.0				2.0
CNGB3	1.0				2.0
MMP16	1.0	1.0		1.0	
LINC00534	1.0				1.0
RUNX1T1	2.0				
AC091096.1	1.0				
LINC00535	1.0				
NDUFAF6	3.0	3.0	1.0	3.0	6.0
STK3	1.0				1.0
VPS13B	1.0				1.0
RGS22	1.0				5.0
FBXO43	1.0				
POLR2K	1.0				1.0
SPAG1	1.0				
GRHL2	2.0				
NCALD	1.0				
RIMS2	2.0				
ZFPM2	2.0	3.0	2.0	3.0	
ANGPT1	2.0	2.0	1.0	2.0	3.0
EIF3E	1.0				2.0
PKHD1L1	1.0				2.0
SYBU	1.0				
TRPS1	3.0	12.0	12.0	12.0	5.0
LINC00536	2.0	3.0	3.0	3.0	2.0
EIF3H	2.0	1.0			11.0
SLC30A8	1.0	2.0	1.0	2.0	4.0
EXT1	2.0				1.0
COLEC10	1.0	1.0	1.0	1.0	2.0
MAL2	1.0				1.0
HAS2-AS1	1.0				
FAM83A	1.0				
WDYHV1	1.0				1.0
FBXO32	1.0				1.0
MTSS1	1.0				
TRIB1	1.0	4.0	6.0	15.0	3.0
PCAT1	4.0				2.0
CASC8	1.0				16.0
POU5F1B	5.0				
CASC11	2.0				3.0
PVT1	6.0	5.0	3.0	5.0	8.0
CCDC26	6.0	5.0	4.0	7.0	3.0
ASAP1	2.0	2.0	1.0	2.0	
ADCY8	1.0				
LRRC6	1.0				
TMEM71	1.0				1.0
PHF20L1	2.0				
TG	5.0				2.0
WISP1	1.0				1.0
NDRG1	1.0				
TRAPPC9	1.0				1.0
AGO2	2.0	1.0	1.0	1.0	4.0
PTK2	3.0			1.0	5.0
DENND3	1.0			2.0	
GPR20	1.0			2.0	1.0
TSNARE1	1.0				1.0
JRK	2.0				3.0
PSCA	3.0				5.0
GML	1.0				3.0
CYP11B2	1.0				2.0
TOP1MT	1.0			1.0	
NRBP2	1.0			1.0	
PLEC	1.0	5.0	3.0	7.0	
PARP10	2.0	2.0	1.0	7.0	1.0
SPATC1	1.0			4.0	
SHARPIN	1.0			3.0	
MROH1	2.0	2.0		2.0	
SCRT1	1.0			2.0	
GPT	1.0			1.0	
CBWD1	1.0			2.0	
DOCK8	1.0	5.0	2.0	6.0	1.0
KANK1	3.0				5.0
DMRT1	3.0	1.0	1.0	1.0	4.0
GLIS3	11.0	5.0	1.0	5.0	12.0
AL162419.1	2.0				
JAK2	6.0	2.0	1.0	2.0	9.0
INSL6	1.0	1.0		2.0	
PLGRKT	1.0				
MLANA	1.0			2.0	
IL33	4.0	1.0	1.0	1.0	11.0
GLDC	2.0	1.0	1.0	1.0	12.0
PTPRD	1.0				
TYRP1	1.0	1.0	1.0	1.0	3.0
TTC39B	1.0	2.0	3.0	2.0	2.0
C9orf92	1.0				
BNC2	5.0	6.0	3.0	6.0	8.0
SH3GL2	1.0				
HAUS6	1.0	1.0	1.0	1.0	2.0
ACER2	1.0				
MLLT3	1.0				
FOCAD	2.0				2.0
MIR31HG	1.0				4.0
RN7SL151P	1.0				5.0
MTAP	6.0	1.0	1.0	2.0	14.0
AL359922.1	7.0			1.0	
CDKN2A	1.0	5.0	2.0	5.0	13.0
CDKN2B-AS1	26.0	6.0	6.0	7.0	73.0
CDKN2B	3.0			5.0	2.0
UBA52P6	1.0			5.0	1.0
AL391117.1	3.0				2.0
MOB3B	5.0				3.0
LINGO2	1.0	2.0		2.0	4.0
KRT18P66	1.0				
B4GALT1	2.0	1.0		2.0	
DCAF12	1.0				
UBAP1	1.0				1.0
ARID3C	1.0				
RUSC2	1.0				
RMRP	1.0			1.0	
TMEM8B	1.0				
HRCT1	1.0			1.0	1.0
PAX5	1.0				2.0
ZCCHC7	2.0				3.0
BMS1P10	1.0				
FXN	1.0				1.0
TMC1	1.0				
ALDH1A1	1.0				
RORB	1.0				1.0
TRPM6	1.0				
PCSK5	1.0	3.0	2.0	3.0	
SLC28A3	1.0				
GADD45G	1.0	1.0	1.0	1.0	
AUH	1.0	2.0	1.0	2.0	1.0
ROR2	1.0	1.0		1.0	1.0
IARS	2.0	1.0		1.0	
BICD2	1.0	1.0		1.0	
WNK2	1.0				
PHF2	3.0	2.0	1.0	2.0	2.0
MIR4291	1.0				1.0
FBP1	1.0				
C9orf3	3.0	3.0	2.0	3.0	8.0
FANCC	2.0	1.0		2.0	1.0
PTCH1	2.0	5.0	3.0	5.0	1.0
HABP4	1.0	2.0		3.0	
TMOD1	2.0				8.0
NCBP1	1.0				2.0
XPA	1.0				2.0
HEMGN	2.0	2.0		5.0	2.0
CORO2A	1.0				5.0
TBC1D2	1.0				3.0
GALNT12	1.0				
NAMA	1.0				1.0
ERP44	1.0				1.0
SMC2	1.0				5.0
ABCA1	4.0	3.0	6.0	4.0	2.0
RNU6-996P	1.0				1.0
RPL36AP6	1.0				1.0
RNA5SP293	1.0				
PALM2	3.0	1.0		1.0	1.0
PALM2-AKAP2	1.0	2.0	1.0	2.0	3.0
SVEP1	2.0				2.0
LPAR1	2.0	3.0	2.0	3.0	
SUSD1	1.0	1.0		1.0	
COL27A1	2.0				3.0
TNFSF15	2.0				6.0
TNC	3.0	1.0		1.0	3.0
DEC1	5.0	1.0		1.0	3.0
PAPPA	3.0	2.0	1.0	2.0	2.0
PAPPA-AS1	1.0			2.0	
ASTN2	4.0	3.0	1.0	3.0	6.0
RPL35AP22	1.0				1.0
TLR4	1.0				1.0
BRINP1	1.0				1.0
PSMD5	1.0				1.0
PHF19	1.0				
TRAF1	2.0				3.0
CNTRL	1.0				1.0
DAB2IP	5.0				1.0
TTLL11	2.0				2.0
PDCL	1.0				
RABGAP1	2.0				1.0
STRBP	2.0				2.0
DENND1A	3.0				5.0
NEK6	9.0	2.0	1.0	2.0	10.0
PSMB7	2.0	1.0		1.0	2.0
NR6A1	1.0				2.0
OLFML2A	1.0				2.0
GOLGA1	1.0				
SCAI	3.0				1.0
PBX3	1.0				1.0
AL161908.1	2.0	1.0		3.0	2.0
LMX1B	7.0	1.0		2.0	9.0
ZBTB34	1.0				2.0
RALGPS1	3.0				4.0
ST6GALNAC6	1.0			1.0	
CIZ1	1.0				2.0
DNM1	2.0				2.0
TRUB2	1.0				
SLC27A4	1.0				1.0
URM1	1.0				
DOLPP1	1.0			1.0	
AL158151.1	1.0				
HMCN2	1.0				1.0
FUBP3	1.0	4.0	3.0	4.0	
MED27	1.0				1.0
DDX31	1.0				
AK8	1.0				
GFI1B	1.0	8.0	6.0	8.0	7.0
EEF1A1P5	1.0	1.0		8.0	
RALGDS	1.0	3.0	2.0	5.0	4.0
GBGT1	1.0	4.0	2.0	5.0	4.0
ABO	28.0	19.0	17.0	19.0	45.0
SURF6	1.0	1.0		13.0	3.0
RPL7A	1.0	1.0		6.0	
SURF4	1.0			6.0	1.0
ADAMTSL2	3.0	1.0	1.0	3.0	6.0
DBH	3.0			2.0	4.0
SARDH	1.0				
VAV2	3.0			2.0	5.0
BRD3	1.0	4.0	1.0	5.0	
NACC2	1.0				1.0
LHX3	1.0	1.0		3.0	2.0
GPSM1	2.0	4.0	2.0	5.0	4.0
CARD9	1.0			5.0	1.0
SNAPC4	3.0	1.0	1.0	7.0	
MAMDC4	1.0				1.0
ABCA2	1.0				
C9orf139	1.0				
EXD3	6.0				4.0
PNPLA7	1.0				1.0
ARRDC1	4.0				
EHMT1	1.0				
CRLF2	2.0				
PRKX	1.0				
GPR143	1.0				
SHROOM2	3.0				
WWC3	1.0				
ARHGAP6	2.0				
GPM6B	1.0				
TXLNG	1.0				
RAI2	1.0				
MAP3K15	3.0				
RPS6KA3	1.0				
PCYT1B	4.0				
POLA1	1.0				
CXorf21	1.0				
GK	1.0				
DMD	3.0				
FAM47C	1.0				
SYTL5	3.0				
SRPX	5.0				
AF241726.2	1.0				
NDP	1.0				
SSX5	1.0				
MAGED1	1.0				
KDM5C	1.0				
IQSEC2	1.0				
HSD17B10	1.0				
HUWE1	1.0				
PHF8	1.0				
MAGED2	1.0				
PFKFB1	1.0				
SPIN3	2.0				
FAAH2	1.0				
ZC3H12B	1.0				
AR	1.0				
OPHN1	1.0				
PJA1	2.0				
EDA	1.0				
TEX11	4.0				
GPR174	1.0				
ITM2A	1.0				
TBX22	1.0				
POF1B	1.0				
DACH2	1.0				
TSPAN6	1.0				
RNU6-934P	1.0				
RAB40A	1.0				
MORC4	4.0				
GUCY2F	1.0				
TDGF1P3	1.0				
HTR2C	1.0				
AKR1B1P8	1.0				
DOCK11	1.0				
IL13RA1	2.0				
ZCCHC12	1.0				
SEPT6	1.0				
BCORL1	2.0				
ELF4	1.0				
ZNF280C	1.0				
FRMD7	1.0				
RAP2C-AS1	2.0				
GPC4	1.0				
GPC3	1.0				
LINC00629	1.0				
PLAC1	1.0				
FAM122B	1.0				
FHL1	1.0				
RNU6-320P	1.0				
AL390879.1	1.0				
GPR101	1.0				
F9	1.0				
SPANXB1	1.0				
ZNF275	1.0				
ATP2B3	1.0				
DUSP9	1.0				
ABCD1	1.0				
ARHGAP4	1.0				
IRAK1	2.0				
MECP2	2.0				
UBL4A	1.0				
GAB3	1.0				
F8	1.0				
FUNDC2	1.0				
VBP1	1.0				
TMLHE	1.0				
AL031281.2	4.0				
AL133304.3	3.0				
PTCSC2	11.0				
AC007563.2	6.0				
AC022414.1	3.0				
LINC02036	3.0				
AL132857.1	1.0				
LINC01229	4.0				
CFAP47	1.0				
RPSAP25	1.0				
AL157371.2	4.0				
AL158064.1	2.0				
SOX9-AS1	4.0				
AL133304.2	1.0				
AC025419.1	2.0				
AC103957.2	3.0				
AC087564.1	2.0				
AL592429.2	3.0				
STN1	11.0				
AL133464.1	1.0				
SGO2	1.0				
RF00019	9.0				
AL157937.1	2.0				
AP003071.2	1.0				
AC104574.2	1.0				
AC004253.2	1.0				
AL135926.1	2.0				
AC105411.1	1.0				
RBM15-AS1	1.0				
AC011481.3	13.0				
AC024901.1	2.0				
AC114977.2	3.0				
EMSY	1.0				
AC091180.5	3.0				
AC044784.1	3.0				
CST9LP2	1.0				
AC021506.1	1.0				
GAREM1	2.0				
LINC01483	2.0				
LINC01270	1.0				
AC239584.1	1.0				
DIRC3-AS1	3.0				
AC044784.2	3.0				
AC007220.1	4.0				
GTF3AP1	5.0				
AC093277.1	3.0				
CRYZL2P	1.0				
NECTIN2	3.0				
BX842242.1	4.0				
AC022031.2	3.0				
AL365259.1	1.0				
AL160270.2	2.0				
AC079168.2	1.0				
AC104581.4	1.0				
ADGRL3	1.0				
AC103718.1	3.0				
AL359182.1	2.0				
TMEM202-AS1	1.0				
ADAMTS7P3	1.0				
BX248415.1	1.0				
MCUB	1.0				
AC093655.1	1.0				
LINC01091	2.0				
PECAM1	2.0				
AC002996.1	2.0				
HSD52	1.0				
LINC01358	2.0				
AC116366.1	1.0				
AC013436.1	1.0				
FLJ12825	2.0				
AP002989.1	1.0				
LINC01412	1.0				
AC091114.1	7.0				
AC022748.1	1.0				
TARID	3.0				
AC013565.1	1.0				
LINC02188	1.0				
PDXDC2P-NPIPB14P	1.0				
PLPP3	3.0				
AP000317.2	4.0				
LINC02577	4.0				
CCND3P1	1.0				
AC073115.2	3.0				
LINC02257	2.0				
C20orf204	2.0				
AL121790.1	2.0				
MIR4435-2HG	8.0				
AC025946.1	1.0				
AC005726.1	1.0				
AL358876.1	2.0				
FAM241A	1.0				
LINC02356	7.0				
AC010326.1	1.0				
AC022748.2	3.0				
SUGCT	2.0				
AC090912.1	2.0				
AL512631.1	1.0				
AC007785.3	1.0				
ARHGAP45	1.0				
AC008537.1	3.0				
PPIAP55	2.0				
ACP7	1.0				
AL034346.1	2.0				
AC011586.2	1.0				
LINC00540	3.0				
AC034114.2	4.0				
AC016831.1	2.0				
AC020916.1	1.0				
FRG1JP	1.0				
AL078624.1	1.0				
AC009108.4	1.0				
CNTNAP3P2	1.0				
AL356234.2	3.0				
SATB1-AS1	8.0				
AC090844.2	1.0				
AP000820.2	3.0				
AP000787.1	1.0				
AJ009632.2	2.0				
LINC02357	3.0				
LINC01301	3.0				
AC034102.3	3.0				
AC024597.1	1.0				
Z94721.1	3.0				
AL513542.1	5.0				
HORMAD2-AS1	3.0				
LINC00824	5.0				
MAFTRR	2.0				
AC092723.4	4.0				
MIR3681HG	3.0				
LINC01359	1.0				
IQCN	2.0				
ATP5MG	2.0				
AL137145.1	1.0				
AL354740.1	3.0				
SAMMSON	1.0				
AL139383.1	1.0				
B3GLCT	3.0				
COQ8B	2.0				
CYP2B7P	1.0				
AC007785.1	1.0				
AC018653.2	1.0				
AC010422.6	1.0				
TNS2	5.0				
AC107029.2	1.0				
AL591416.1	1.0				
LINC02341	6.0				
ERICH3-AS1	1.0				
HELLPAR	2.0				
LINC01829	1.0				
AL022068.1	4.0				
LINC01162	2.0				
CCAT2	6.0				
PRNCR1	2.0				
AC004801.5	1.0				
JADE2	2.0				
PKN2-AS1	7.0				
AC073288.1	1.0				
LINC01749	1.0				
GLYATL1B	1.0				
PCAT19	3.0				
RPL23AP61	1.0				
DUBR	1.0				
LINC00506	1.0				
AL929302.1	1.0				
AC091132.4	1.0				
GVQW3	1.0				
LINC01517	1.0				
AC087645.2	3.0				
AC068473.3	1.0				
RFLNA	6.0				
AC018521.1	1.0				
AC010280.3	1.0				
AC002383.1	1.0				
AC002069.1	1.0				
AP002512.3	3.0				
LINC02489	1.0				
AC069368.1	3.0				
AP001528.1	1.0				
ZPR1	7.0				
SKINT1L	1.0				
AL024498.2	1.0				
LINC01481	1.0				
LINC02513	1.0				
LINC02507	2.0				
AC007100.1	5.0				
LINC01122	8.0				
AC114271.1	1.0				
AL445529.1	1.0				
LINC01524	4.0				
RMC1	4.0				
AC097662.1	1.0				
CABCOCO1	2.0				
AC015977.1	1.0				
AC003686.1	1.0				
AC122685.1	2.0				
AL109840.2	2.0				
LINC02022	1.0				
GUCY1A1	2.0				
PRELID3B	1.0				
ADGRV1	2.0				
U52111.1	1.0				
AC024475.4	1.0				
AC119674.2	4.0				
AL590556.2	1.0				
AL035666.1	1.0				
AC025034.1	1.0				
AC094104.1	1.0				
AC099518.3	1.0				
BBOX1-AS1	2.0				
AL050403.1	1.0				
AL050403.2	2.0				
USF3	1.0				
LINC01169	3.0				
AC009126.1	1.0				
LINC02227	3.0				
AC005746.2	1.0				
AL512328.1	1.0				
AL121917.1	2.0				
AC100803.2	1.0				
AC026746.1	1.0				
AC021755.1	1.0				
COP1	3.0				
KIZ	1.0				
AC016766.1	2.0				
AL049825.1	4.0				
AC011603.3	3.0				
LINC01700	2.0				
SEM1	3.0				
LINC01708	6.0				
AC142391.1	1.0				
AC004882.1	1.0				
CASC19	4.0				
AHSA2P	1.0				
PRXL2B	1.0				
DSG1-AS1	1.0				
AL136359.1	1.0				
DARS-AS1	2.0				
AC243312.1	4.0				
AC022400.3	1.0				
AP001189.5	1.0				
AC090877.2	3.0				
AC007344.1	3.0				
AC015845.2	1.0				
AL035411.1	1.0				
FO393400.1	1.0				
AP005328.1	1.0				
AC003973.2	1.0				
AP001189.2	5.0				
AL162411.1	1.0				
TH2LCRR	1.0				
AP003306.1	1.0				
MRTFA	3.0				
AL109837.2	1.0				
SMG1P3	1.0				
AC007491.1	1.0				
DLX2-DT	1.0				
PPIAP88	1.0				
AP003500.1	1.0				
LINC-PINT	3.0				
LINC01426	2.0				
LINC01505	1.0				
LINC01185	1.0				
ZNF812P	2.0				
CARMIL2	1.0				
LINC01438	7.0				
AC004704.1	2.0				
HLX-AS1	1.0				
AC108516.1	1.0				
LINC01841	1.0				
AC008543.1	1.0				
RTL9	2.0				
AL160408.6	1.0				
AC012625.1	1.0				
AL590385.2	2.0				
LNCAROD	2.0				
DEFB108E	1.0				
LINC01956	3.0				
TENT5A	2.0				
AC022784.1	5.0				
SAMD12-AS1	1.0				
MIR29B2CHG	1.0				
RF00024	1.0				
AC104129.1	2.0				
PCNX1	1.0				
AC099520.1	3.0				
LINC01470	2.0				
AC243960.1	1.0				
LINC02210-CRHR1	1.0				
LINC01780	1.0				
AC005165.1	2.0				
MIR6078	1.0				
AC008758.1	1.0				
AC092952.1	1.0				
AL356417.3	4.0				
AC135782.3	1.0				
SPATA48	2.0				
LINC02265	1.0				
LNCNEF	1.0				
LINC01934	2.0				
AC063979.2	1.0				
PLPPR1	2.0				
AC108751.3	1.0				
AC013489.2	1.0				
AC108047.1	1.0				
AC008608.1	1.0				
LINC01991	2.0				
AL139246.3	1.0				
LINC00869	1.0				
AP002954.1	3.0				
MIR193BHG	1.0				
AL136982.6	1.0				
AD000090.1	1.0				
AC104123.1	3.0				
JCAD	1.0				
IDH2-DT	1.0				
AC105343.1	1.0				
AL109933.2	3.0				
AL359636.1	1.0				
AL359644.1	4.0				
ECPAS	1.0				
LINC02459	2.0				
GRAMD2B	2.0				
LINC01184	4.0				
AC010451.3	2.0				
AC015687.1	2.0				
AL080248.1	1.0				
LINC02517	2.0				
AC090833.1	3.0				
AL133346.1	2.0				
AC099335.1	1.0				
AC110285.1	1.0				
PRSS2	2.0				
AL035401.1	3.0				
Z84488.2	1.0				
AL035530.2	1.0				
AL032822.1	2.0				
GMDS-DT	1.0				
AC012055.1	1.0				
AC012339.2	2.0				
LINC01979	1.0				
AC103987.3	1.0				
AC068418.2	1.0				
AP003555.3	1.0				
AC013403.1	2.0				
AL354813.1	1.0				
LINC01488	2.0				
AC046176.1	1.0				
AL136131.2	1.0				
LINC01482	2.0				
AP000662.1	1.0				
AL162384.1	2.0				
AL031599.1	3.0				
AC091825.1	2.0				
FLJ40194	1.0				
KMT5A	3.0				
LINC01258	1.0				
LINC02267	1.0				
AC097478.1	1.0				
LINC02607	1.0				
AC008278.1	1.0				
AC007493.1	2.0				
AC008906.1	1.0				
DRAIC	1.0				
AC009163.4	2.0				
PRMT5P1	2.0				
AC093908.1	1.0				
AL157394.1	1.0				
GUCY1B1	1.0				
AL033539.1	3.0				
AC068985.1	1.0				
AC097375.1	1.0				
AC005062.1	2.0				
AL596218.1	2.0				
AC011287.1	2.0				
KDM7A	1.0				
LINC02398	3.0				
AP002026.1	1.0				
LINC02544	1.0				
AP002986.1	1.0				
LINC01808	3.0				
SCHLAP1	1.0				
PJVK	1.0				
AC093459.1	1.0				
GRK2	1.0				
AC104389.4	1.0				
AC097375.2	1.0				
LINC01278	2.0				
AC005670.2	1.0				
AC090518.1	1.0				
CEMIP2	1.0				
AC010451.1	2.0				
AL035078.4	1.0				
AC073862.3	1.0				
AC022639.1	2.0				
AL451074.1	1.0				
DISP3	1.0				
CASC20	1.0				
AL355997.1	1.0				
AC245884.5	1.0				
ADGRB2	1.0				
AC007686.3	1.0				
AL161646.2	1.0				
AC008694.1	1.0				
HDGFL3	1.0				
AC046168.1	2.0				
Z92544.2	1.0				
RSPH14	1.0				
LINC01833	2.0				
AC009055.1	1.0				
AC091826.2	1.0				
AL080243.2	1.0				
AC006972.1	1.0				
LINC01376	4.0				
STX17-AS1	1.0				
CCND2-AS1	3.0				
AL358613.3	1.0				
AC091180.2	1.0				
AC002310.4	1.0				
LKAAEAR1	1.0				
AL121983.2	1.0				
AP001636.3	1.0				
AL513329.1	2.0				
AL359633.2	1.0				
GPR1-AS	1.0				
NACAP6	1.0				
AC137579.1	1.0				
AL033504.1	1.0				
AC008794.1	1.0				
LINC01141	2.0				
AC018730.2	1.0				
SUMO2P13	1.0				
AC008467.1	2.0				
LINC01102	1.0				
LINC02238	1.0				
SGO1-AS1	1.0				
AC048383.1	1.0				
MIR3142HG	1.0				
SPOUT1	2.0				
AC099489.1	2.0				
LRMDA	1.0				
AC116366.3	1.0				
AC020661.1	3.0				
AC005524.1	2.0				
AC011294.1	1.0				
AC007422.2	2.0				
AC026765.1	1.0				
THEM7P	4.0				
AC100861.2	1.0				
AC111194.2	2.0				
AL049792.1	1.0				
AC087379.1	1.0				
LINC01478	1.0				
AC073115.1	2.0				
SEMA3F-AS1	2.0				
AL683813.1	1.0				
AL583859.2	1.0				
AL583808.1	1.0				
AL033527.5	1.0				
MIR4713HG	2.0				
AC243772.2	1.0				
AC087482.1	1.0				
AC022201.1	1.0				
WARS2-AS1	1.0				
LINC02546	2.0				
AP003973.2	1.0				
AL353072.2	1.0				
AC107029.1	1.0				
AC114812.1	1.0				
MACO1	2.0				
AC108751.4	1.0				
LINC01900	1.0				
LINC02068	1.0				
AP003555.2	3.0				
CLCN3P1	1.0				
AP002761.2	1.0				
NWD2	1.0				
C20orf181	2.0				
RF01233	1.0				
AC010271.1	1.0				
C1QTNF12	1.0				
AC100830.1	1.0				
AC108935.1	1.0				
AC026688.2	1.0				
AL592287.1	2.0				
AC107959.4	1.0				
AL163541.1	1.0				
ASH2LP2	1.0				
AL133456.1	2.0				
LINC01242	1.0				
AL357052.1	2.0				
AC022878.1	1.0				
AC006299.1	1.0				
LINC02003	1.0				
UTP25	1.0				
AC096639.1	1.0				
AC244034.1	1.0				
AL157911.1	1.0				
LRRC52-AS1	1.0				
AC003084.1	1.0				
RIPOR3	2.0				
LINC01681	1.0				
AC136759.1	3.0				
AC008079.1	1.0				
NEURL1	2.0				
LINC01629	1.0				
AC016705.2	1.0				
NDUFB4P4	1.0				
AC108025.1	1.0				
LHFPL6	1.0				
AC087379.2	1.0				
AL356052.1	1.0				
AC145343.1	1.0				
AC103409.1	1.0				
AC090398.1	1.0				
LINC02613	1.0				
AC084816.1	1.0				
AC091180.4	1.0				
AC009899.1	2.0				
PPIAP68	1.0				
AC090589.3	2.0				
AC097467.3	1.0				
AC103855.2	1.0				
AL138830.2	2.0				
AL157902.1	2.0				
AL121722.1	1.0				
AP003969.2	1.0				
ADGRG4	2.0				
LINC01504	1.0				
AB015752.1	1.0				
AC025569.1	1.0				
AC013652.1	1.0				
AL365356.5	1.0				
Z99127.1	1.0				
AC053527.1	2.0				
AC006305.1	1.0				
AC005410.1	1.0				
RF00006	1.0				
LINC01565	1.0				
SMCO4P1	1.0				
AC136628.3	1.0				
LINC01787	1.0				
AL034417.2	2.0				
AC138028.6	1.0				
LINC02029	2.0				
AL691420.1	3.0				
AC026316.4	1.0				
ADGRL2	1.0				
AC126773.1	1.0				
THORLNC	1.0				
MIR325HG	2.0				
AL078590.3	1.0				
CFAP299	2.0				
AC008014.1	3.0				
AL031123.1	2.0				
LINC01620	3.0				
INAVA	3.0				
LINC02205	1.0				
AL138927.1	1.0				
AC016382.1	1.0				
ZNF646P1	1.0				
LINC01884	2.0				
AL512271.1	1.0				
AC011124.1	1.0				
ADGRE2	1.0				
AC008716.1	1.0				
C5orf66	3.0				
LINC01630	1.0				
AC211433.2	1.0				
AC017002.3	1.0				
AC079160.1	1.0				
AC022509.2	2.0				
ABHD15-AS1	1.0				
AC106733.1	1.0				
FAM167A-AS1	1.0				
Z94721.2	2.0				
AC013762.1	1.0				
AC109329.1	1.0				
AC114977.1	2.0				
AC113143.2	1.0				
ATE1-AS1	1.0				
AC244502.1	1.0				
LINC01592	1.0				
AC091979.2	2.0				
AC018716.2	1.0				
AP001266.2	2.0				
AC091860.2	1.0				
C5orf67	3.0				
AL356364.1	2.0				
SDR42E1P5	1.0				
AL157838.1	1.0				
AL022310.1	1.0				
AC004039.1	2.0				
AC020558.1	1.0				
AP001189.6	2.0				
AC244669.2	1.0				
AC245100.1	1.0				
OTULINL	1.0				
AC079779.2	1.0				
AC074138.1	1.0				
AC004784.1	1.0				
MIR100HG	3.0				
AL139317.5	1.0				
LINC01227	1.0				
AC009055.2	1.0				
CASC18	2.0				
AL590824.1	1.0				
RCC1L	2.0				
AL391280.1	2.0				
EIF1B-AS1	1.0				
AC025773.1	1.0				
AL627223.1	1.0				
AP005205.2	1.0				
AC022509.3	1.0				
AC106772.2	1.0				
AL591485.1	1.0				
AC015574.1	3.0				
SLC44A3-AS1	1.0				
AC092903.1	1.0				
AC018639.1	3.0				
TPTEP2-CSNK1E	1.0				
AL603840.1	1.0				
AC068234.1	1.0				
AC087763.1	1.0				
ARMH3	2.0				
RPL32P23	1.0				
LINC02085	1.0				
LINC01876	2.0				
TMCO1-AS1	1.0				
AL117382.1	2.0				
ATP5F1E	4.0				
DLEU1-AS1	1.0				
AL450311.2	1.0				
AL356476.1	1.0				
FAM234A	1.0				
SCX	1.0				
LYPLAL1-AS1	2.0				
LIF-AS1	1.0				
LINC01451	1.0				
PRKN	1.0				
AL591368.1	1.0				
AL137781.1	1.0				
CCDC9B	1.0				
AC007656.1	1.0				
AC104984.2	1.0				
MAP3K21	1.0				
LINC02576	2.0				
DMAC1	1.0				
AC012354.1	1.0				
AP000904.1	1.0				
AC020934.2	1.0				
AC138932.1	3.0				
DEUP1	1.0				
WHRN	1.0				
AC046168.2	1.0				
TENT5C	1.0				
AL357146.1	1.0				
AC068831.7	1.0				
AL359317.2	1.0				
LINC02537	2.0				
MIR4432HG	1.0				
AC008556.1	1.0				
LINC02020	1.0				
AC016044.1	1.0				
AC241644.2	1.0				
BICRA	1.0				
AC073072.2	2.0				
AC024023.1	1.0				
AC011990.1	1.0				
IMPDH1P5	1.0				
AL023495.1	1.0				
AC027290.1	1.0				
CFAP70	1.0				
MIR7154	3.0				
AL445426.1	1.0				
CASTOR2	3.0				
AC074281.2	2.0				
ADGRE5	1.0				
LINC01228	1.0				
AC080068.1	1.0				
AC026780.2	1.0				
LAMC1-AS1	2.0				
AC138512.1	4.0				
LINC01391	1.0				
AC245427.1	1.0				
AC002378.1	2.0				
IGHV7-4-1	1.0				
AL391883.1	2.0				
AC098613.1	1.0				
AC020718.1	1.0				
AC090114.3	1.0				
AC104825.1	1.0				
LINC01429	1.0				
PUDPP2	1.0				
AC020687.1	2.0				
AC009804.2	1.0				
TTC41P	1.0				
AC027369.1	1.0				
AC112128.1	1.0				
AC024145.1	1.0				
LINC01819	1.0				
AC008696.2	1.0				
PATJ	2.0				
HACD2	1.0				
TMEM266	2.0				
LINC02608	1.0				
AC113554.1	1.0				
ENTR1	1.0				
DNAJB5P1	1.0				
LINC01828	1.0				
AL132671.2	1.0				
BX470209.1	1.0				
AL035420.3	1.0				
AL359317.1	1.0				
RF00096	1.0				
LINC01714	1.0				
AC107021.2	1.0				
LINC01320	1.0				
Z93930.2	2.0				
AC098872.1	1.0				
AC004987.3	1.0				
AC109635.1	1.0				
AL138920.1	1.0				
AC026120.2	1.0				
PAX8-AS1	1.0				
TOPORSLP	1.0				
AC099062.1	1.0				
AC138150.1	1.0				
NSMCE1-DT	1.0				
NOL4L	1.0				
AL445471.2	2.0				
AL356417.1	2.0				
MTRF1LP2	1.0				
AC011491.1	1.0				
AC097637.1	1.0				
AL139420.1	1.0				
SPRY4-AS1	1.0				
AL138733.1	1.0				
AC008537.4	1.0				
CFAP65	1.0				
AL080276.2	1.0				
AC068134.4	1.0				
AC004080.6	1.0				
AC021755.2	1.0				
AC008687.1	1.0				
HAGLR	1.0				
LINC01484	1.0				
AL133355.1	2.0				
AC091979.1	1.0				
AC021087.3	1.0				
AC094104.2	1.0				
AP000229.1	1.0				
UMAD1	1.0				
AP003399.1	1.0				
AC087521.3	1.0				
ZNF561-AS1	1.0				
AC020911.2	1.0				
AC118942.1	1.0				
AC007000.3	1.0				
AC211433.1	1.0				
CD81-AS1	1.0				
AL807776.1	1.0				
ZNF767P	1.0				
AC090771.2	1.0				
AC241952.1	1.0				
AC025575.1	1.0				
AC138627.1	2.0				
AL445250.1	3.0				
AC005632.1	1.0				
LINC01460	1.0				
AC114284.1	1.0				
AC090136.1	1.0				
INAFM2	1.0				
AC018467.1	1.0				
ACTG1P22	1.0				
MIR9-3HG	1.0				
AC092691.1	1.0				
AC109466.1	2.0				
AC011352.2	1.0				
BAHCC1	2.0				
MAP3K20	1.0				
NXNP1	1.0				
EEF1AKNMT	1.0				
STPG4	1.0				
AC005740.2	1.0				
AL356022.1	1.0				
AC008591.1	1.0				
AL033527.4	1.0				
AP001476.1	1.0				
AL158209.1	3.0				
CTXND1	1.0				
CASTOR1	1.0				
PYM1	1.0				
LINC02539	1.0				
AL390957.1	1.0				
AC010240.1	1.0				
LINC01271	1.0				
MIR8070	1.0				
AL080285.1	1.0				
LANCL1-AS1	1.0				
AC058791.1	1.0				
TMEM26-AS1	1.0				
LINC01362	1.0				
LINC01725	1.0				
OSMR-AS1	1.0				
UBE2V1P15	1.0				
SLC35E2A	1.0				
AC006254.1	1.0				
AL357507.1	1.0				
AC091812.1	1.0				
AC090115.1	1.0				
AL136441.1	1.0				
FAM91A3P	1.0				
LINC01138	1.0				
SCAT2	1.0				
RIPOR1	2.0				
AL365356.4	1.0				
AP005233.2	1.0				
AL163932.1	2.0				
AP000763.3	1.0				
MYL12BP2	1.0				
AC093827.5	1.0				
AC087286.4	1.0				
RPS26P45	1.0				
AC022417.1	1.0				
AC018445.3	1.0				
LINGO1-AS1	1.0				
AP003557.2	1.0				
AC145285.2	1.0				
AC091576.1	1.0				
RF00017	1.0				
AL356108.1	1.0				
AC022144.1	1.0				
AC138305.1	1.0				
AC068633.1	2.0				
LINC01793	1.0				
AL360014.1	1.0				
AC002101.1	1.0				
AC008537.3	1.0				
AC092590.1	1.0				
AC103876.1	2.0				
AC002463.1	1.0				
AC068152.1	2.0				
AC090124.1	1.0				
AC097372.2	1.0				
PPIAP43	1.0				
AC107208.1	1.0				
AC008677.3	1.0				
LINC02528	1.0				
AP001122.1	1.0				
AC009264.1	1.0				
AP004609.2	1.0				
AL669970.2	1.0				
UNQ6494	2.0				
AL161629.1	1.0				
AL033519.3	1.0				
CRYBG1	1.0				
LINC01980	1.0				
LINC01967	1.0				
AC068295.1	1.0				
KIAA2012	1.0				
AC019211.1	1.0				
AC009226.1	2.0				
TEPSIN	1.0				
AL596275.2	1.0				
AL355994.1	1.0				
AC103855.3	1.0				
LINC01609	1.0				
AC016134.1	1.0				
AC098588.1	1.0				
MTATP6P20	1.0				
MYCNUT	1.0				
LINC01710	1.0				
MIR217HG	1.0				
STIMATE	2.0				
CROCC2	1.0				
AC022424.2	1.0				
LINC02121	1.0				
MIR222HG	1.0				
AL139418.1	1.0				
PRAG1	1.0				
MFSD13A	1.0				
AP003774.3	1.0				
AP003100.2	1.0				
AL445253.1	1.0				
AL139393.2	1.0				
AC058822.1	2.0				
AC073916.1	1.0				
PLPPR3	1.0				
AP005233.1	2.0				
LTO1	1.0				
JADE3	1.0				
BABAM2	2.0				
LINC01798	1.0				
AC009779.3	1.0				
AC009271.1	2.0				
AC112178.1	1.0				
AC126283.2	1.0				
AC007384.1	1.0				
LINC01753	1.0				
SHISAL2A	1.0				
GAPDHP35	1.0				
AC124248.1	1.0				
AL031056.1	1.0				
AC010198.1	1.0				
AL355596.1	1.0				
AL365295.1	2.0				
AC097714.1	1.0				
FO393414.1	1.0				
AC004066.1	1.0				
AC016769.3	1.0				
AC010881.1	1.0				
AL158151.4	1.0				
AC004834.1	1.0				
AC024085.1	1.0				
LINC01179	1.0				
LINC01152	1.0				
VAMP9P	1.0				
BX537318.1	1.0				
LINC02499	2.0				
AC005842.1	1.0				
MAP4K3-DT	1.0				
AP006294.1	1.0				
AC090510.3	1.0				
AL109933.4	1.0				
AC008012.1	1.0				
AC073072.1	1.0				
AC103702.1	1.0				
RF00026	1.0				
CFAP74	1.0				
INTS11	2.0				
AC103724.4	1.0				
AC132938.3	2.0				
AL133412.1	1.0				
AC093772.1	1.0				
LARGE1	1.0				
AL513220.1	1.0				
REC114	2.0				
LINC02542	1.0				
AC018645.1	1.0				
KDF1	1.0				
AC011477.6	1.0				
LINC01868	1.0				
MIRLET7BHG	1.0				
AC115619.1	1.0				
AC004990.1	1.0				
AC104695.2	1.0				
AC024230.1	1.0				
AC069222.1	1.0				
CR392000.2	1.0				
AL136228.1	1.0				
AC010634.1	1.0				
AL161935.1	1.0				
AL359715.3	1.0				
AC013480.1	1.0				
SERPINA2	1.0				
AL390726.3	1.0				
RSRP1	1.0				
FDX2	1.0				
LIX1-AS1	1.0				
ICE1	1.0				
AL591122.1	1.0				
MIR3936HG	1.0				
AL357054.2	1.0				
AL356130.1	1.0				
ADGRL1	1.0				
AC010230.1	1.0				
AC103724.3	1.0				
AL445466.1	1.0				
CRAMP1	1.0				
AL121612.1	1.0				
BX323043.1	1.0				
METTL27	1.0				
AP000808.1	1.0				
INTS14	1.0				
AC092139.2	1.0				
AC120114.3	1.0				
AC004585.2	1.0				
FLJ31356	1.0				
AL592164.1	1.0				
AC015969.1	1.0				
AC027369.2	1.0				
AC092422.1	1.0				
AC069454.1	1.0				
AC116049.2	1.0				
LINC02545	1.0				
AL356804.1	1.0				
SNRPGP16	1.0				
AC092991.1	1.0				
AC139749.1	1.0				
SELENOI	1.0				
AP006216.2	1.0				
TSPOAP1	1.0				
ERICH4	1.0				
AC008537.2	1.0				
AC243960.4	1.0				
AC114786.1	1.0				
MIR4422HG	1.0				
AC010683.1	1.0				
UGT2B25P	1.0				
AL606760.1	1.0				
LINC01975	2.0				
AC134407.2	1.0				
MYMK	1.0				
LINC01768	1.0				
AC100802.1	1.0				
SPTY2D1OS	1.0				
AC147055.3	1.0				
AC107973.1	1.0				
AL031432.1	1.0				
BX323845.2	1.0				
AC105105.2	1.0				
AL358075.4	1.0				
AL591518.1	1.0				
AC100803.1	1.0				
AC074032.1	1.0				
CCNT2-AS1	1.0				
AL591742.2	1.0				
POC1B-AS1	1.0				
AC091939.1	1.0				
AL445648.1	1.0				
AC021739.3	1.0				
AC004540.2	1.0				
AL391650.2	1.0				
SLC22A20P	1.0				
AC008758.5	1.0				
AP002754.2	1.0				
MZF1-AS1	1.0				
AL022326.1	1.0				
AC009171.2	1.0				
AC013724.1	1.0				
AC073529.1	1.0				
AC135012.3	1.0				
AC025280.3	1.0				
AC020658.2	1.0				
AL589740.1	1.0				
AC096577.1	1.0				
AL139246.2	1.0				
AC093895.1	2.0				
MTCYBP42	1.0				
AC013553.4	1.0				
AC025219.1	1.0				
RFPL4AP6	1.0				
CFAP57	1.0				
CTBP1-DT	1.0				
LINC02550	1.0				
AC104472.3	1.0				
LINC02219	1.0				
AL358214.1	1.0				
LINC01861	1.0				
AL353708.2	1.0				
RP3-469D22.1				7.0	
AL031284.1				7.0	
TMEM57		5.0	6.0	7.0	
TMEM61				1.0	3.0
RP11-12C17.2				1.0	
GYG1P3				1.0	
MIR4422				1.0	
RP11-101C11.1		1.0	4.0	1.0	9.0
ANGPTL3				3.0	
AL138847.1				2.0	
ATG4C		3.0	4.0	3.0	
RP4-771M4.3				3.0	
RP4-771M4.2		1.0	1.0	2.0	
RNU7-122P				1.0	
SARS		1.0	4.0	5.0	1.0
SORT1		2.0	4.0	5.0	
MYBPHL		1.0	3.0	5.0	2.0
CYB561D1				3.0	
RNU6V				1.0	
RP5-1160K1.3		1.0	1.0	1.0	
MIR197				1.0	
AMIGO1		1.0		3.0	1.0
GPR61				2.0	
RP5-1160K1.8				2.0	
RP5-1160K1.1				4.0	
AC000032.2				4.0	
GSTM5		1.0	2.0	6.0	1.0
RP4-735C1.4		1.0	2.0	6.0	
GSTM3		1.0	1.0	4.0	
GSTM2		4.0	6.0	4.0	
GSTM1				4.0	
RNU6ATAC35P				9.0	
RP11-295M18.6				10.0	
MARC2		1.0	1.0	7.0	
RP11-295M18.2				10.0	
HLA-AS1		5.0	4.0	11.0	3.0
RP5-855F14.2				1.0	
U8				6.0	1.0
IRF2BP2		1.0	4.0	3.0	
RP4-781K5.2				3.0	
RP4-781K5.9				3.0	
RP4-781K5.4				6.0	
RP4-781K5.6		1.0		6.0	
RP4-781K5.7		4.0	6.0	6.0	3.0
RP4-781K5.8		2.0	2.0	7.0	
GPAM		5.0	6.0	5.0	
MIR611				12.0	
MIR1908				12.0	
AP000770.1		3.0	5.0	3.0	5.0
AP006216.10				11.0	1.0
AP006216.11				11.0	
APOA5		1.0	2.0	11.0	2.0
AP006216.5		2.0	5.0	11.0	1.0
APOA4				11.0	
ZNF259		11.0	10.0	11.0	18.0
APOA1		1.0	1.0	3.0	
AP006216.12		3.0	6.0	4.0	6.0
SIK3-IT1				4.0	
AP000936.1				3.0	
AP000936.4		1.0	2.0	5.0	1.0
AP000936.5		4.0	6.0	5.0	9.0
RP11-109L13.1		2.0	3.0	5.0	
RP11-109L13.5		1.0	1.0	5.0	1.0
PAFAH1B2				6.0	
GLULP3		1.0		9.0	
RP11-266E8.2		4.0	3.0	9.0	
AC008147.2		1.0		5.0	
AC008147.1				5.0	
AC140061.11				5.0	
AC140061.10				5.0	
AC140061.12				5.0	
AC140061.9				5.0	
AC140061.8				5.0	
AC140061.7				5.0	
AC140061.1				3.0	
AC140061.6				3.0	
AC140061.5				2.0	
AC140061.4				2.0	
AC140061.3				2.0	
AC140061.2		1.0	1.0	2.0	
RP11-112N23.1				2.0	
LIMA1		6.0	3.0	8.0	2.0
FAM186A		1.0		2.0	1.0
Y_RNA		19.0	20.0	45.0	69.0
RP11-60E8.2				5.0	
AC002395.1				20.0	
RP3-473L9.4		1.0		18.0	4.0
RP11-162P23.2		11.0	6.0	15.0	17.0
NAA25		9.0	4.0	14.0	12.0
HECTD4		14.0	7.0	18.0	23.0
PTPN11		12.0	9.0	16.0	21.0
HNF1A-AS1		8.0	5.0	12.0	4.0
AC079602.1				12.0	
RP11-216P16.2				10.0	1.0
OASL		5.0	4.0	11.0	4.0
GAS6-AS2				6.0	
RP11-199F6.4				6.0	
LINC00454				6.0	
TMEM255B				6.0	
GAS6-AS1		1.0		6.0	
LINC00452				6.0	
RP11-355N15.1		1.0	2.0	5.0	
RP11-325K4.3				2.0	
RP11-325K4.2				2.0	
AC012181.1		2.0	5.0	2.0	5.0
HERPUD1		1.0	2.0	2.0	
NLRC5		3.0	3.0	4.0	
RP11-322D14.1				4.0	
RP11-510M2.5				1.0	
RNU6-1061P				2.0	
TAT				2.0	
RP11-432I5.1				2.0	
RP11-510M2.6				1.0	
ZNF19		1.0	4.0	2.0	6.0
CHST4				1.0	
RP11-498D10.3				1.0	
RP11-498D10.6				1.0	
ATXN1L				1.0	
ZNF821		1.0	1.0	1.0	
IST1		1.0	4.0	1.0	
RP11-498D10.5				1.0	
RP11-498D10.8				4.0	
ATP5A1P3		1.0	1.0	4.0	
RP11-384M15.3				6.0	
HP				6.0	
RP11-328J14.1				2.0	6.0
RPL7AP64		1.0	1.0	3.0	
MIR324				5.0	
DVL2		1.0	1.0	5.0	
CTD-2026D20.2		1.0	1.0	3.0	
RP11-138C9.1				2.0	
RP11-580I16.2				1.0	2.0
TBKBP1		1.0	1.0	2.0	2.0
LOC100421166				4.0	
MIR4524B				4.0	
ABCA9				4.0	
SOCS3				7.0	
RN7SL236P				7.0	
SNORA30				7.0	
RP11-806H10.4		1.0	1.0	7.0	1.0
LIPG		3.0	3.0	3.0	
RP11-813F20.1		2.0	3.0	2.0	1.0
ATG4D		1.0	1.0	6.0	
RNU7-140P				6.0	
MIR1238				6.0	
CDKN2D		1.0	1.0	7.0	
AP1M2		3.0	1.0	8.0	1.0
CTC-539A10.7				9.0	
AC011475.1				5.0	
KRI1		1.0		6.0	3.0
MIR4748				2.0	
AC007229.3				1.0	
MIR199A1				1.0	
TMED1				1.0	1.0
C19orf38		1.0	1.0	1.0	3.0
CARM1		1.0	4.0	2.0	
YIPF2				2.0	
C19orf52				2.0	2.0
RN7SL298P				4.0	
C19orf80		1.0	2.0	4.0	
CTC-510F12.2		1.0	1.0	4.0	
CTC-510F12.6				1.0	
CTC-510F12.4				1.0	
RN7SL70P				4.0	
AC005932.1				4.0	
AC004447.2		4.0	7.0	4.0	2.0
ARMC6				4.0	
SUGP2		4.0	7.0	4.0	2.0
RNU6-1028P				7.0	
AC138430.4		6.0	8.0	8.0	
TSSK6				8.0	
PHF5CP				8.0	
NDUFA13				8.0	
CTC-260F20.3				8.0	
YJEFN3				8.0	
PBX4		3.0		9.0	1.0
CTC-412M14.6		1.0	1.0	5.0	
CTC-412M14.5				5.0	
CTC-559E9.9				3.0	2.0
CTC-559E9.2				3.0	
ZNF14		3.0	4.0	5.0	
LINC00663				3.0	
CTC-559E9.4				3.0	2.0
CTC-559E9.6				2.0	2.0
ZNF506				2.0	
AC138472.6				1.0	10.0
AC138472.4				1.0	
ZNF180				1.0	8.0
CEACAM20		1.0	4.0	1.0	13.0
CEACAM22P		1.0	4.0	3.0	14.0
IGSF23		1.0	3.0	3.0	6.0
PVR		2.0	1.0	3.0	5.0
CEACAM19		1.0	4.0	3.0	1.0
CTB-171A8.1		3.0	5.0	5.0	14.0
CEACAM16				4.0	10.0
snoZ6		2.0	5.0	6.0	15.0
SNORA70		2.0	2.0	14.0	
AC092066.6				4.0	
BCL3		3.0	7.0	4.0	13.0
PVRL2		7.0	9.0	18.0	28.0
CTB-129P6.4		3.0	4.0	18.0	8.0
APOC4		2.0	6.0	18.0	17.0
APOC4-APOC2		2.0	6.0	18.0	18.0
APOC2		2.0	6.0	18.0	5.0
CTB-129P6.11				18.0	2.0
RNU6-611P				2.0	
CLASRP				2.0	
ZNF296				1.0	
CTB-179K24.3		1.0	1.0	1.0	14.0
GEMIN7		1.0	2.0	1.0	13.0
EIF5AP3				2.0	
AC005757.6				2.0	
PPP1R37		1.0	3.0	2.0	2.0
BLOC1S3				5.0	
AC005779.1				5.0	
NKPD1				2.0	
TRAPPC6A		2.0	3.0	4.0	8.0
AC005779.2		1.0	2.0	8.0	19.0
AC006126.3		4.0	5.0	8.0	21.0
AC006126.4		2.0	2.0	8.0	3.0
RN7SL345P		1.0	1.0	9.0	
IZUMO1		1.0	1.0	13.0	
FUT1				13.0	
NTN5				6.0	
SEC1P		3.0	3.0	9.0	
AC010492.4				5.0	
CTD-2337J16.1				4.0	
RNU6-1307P				4.0	
AC098789.1				4.0	
AC010492.5				4.0	
LILRB2				4.0	
MIR4752				4.0	
AC010518.3		2.0	3.0	4.0	
AC008984.5				4.0	
AC008984.7		1.0	2.0	2.0	
VN1R104P				2.0	
AC008984.6				2.0	
LILRA4				2.0	
RPS9				6.0	
LILRA6				6.0	
LILRA3		1.0	2.0	4.0	1.0
LILRA5				2.0	
AC008984.2				2.0	
CTD-2623H2.7				1.0	
CTD-2619J13.1				1.0	
ZSCAN18				1.0	
ZNF329		1.0	4.0	1.0	
ZNF274				1.0	
AC098828.3				3.0	
RN7SL140P		2.0	6.0	3.0	
RNU6-961P				3.0	
PUM2		1.0	1.0	1.0	1.0
C2orf43		1.0	4.0	1.0	1.0
RP11-116D2.1		2.0	5.0	2.0	6.0
TDRD15		2.0	5.0	3.0	1.0
RP11-79J24.1		1.0	3.0	2.0	
AC067959.1		1.0	4.0	1.0	4.0
AC011752.1				1.0	2.0
RNU6-986P				20.0	
FNDC4				21.0	
IFT172				21.0	
AC109829.1		10.0	11.0	21.0	1.0
AC074091.1				10.0	
C2orf16				11.0	
ZNF512		2.0	1.0	10.0	
RP11-158I13.2		2.0	1.0	10.0	
AC110084.1		8.0	9.0	8.0	4.0
RBKS		8.0	7.0	10.0	3.0
RP11-674I16.1				5.0	
BRE		7.0	8.0	9.0	2.0
LRPPRC				2.0	6.0
RNU6-1048P				1.0	
AC093901.1		2.0	2.0	2.0	
AC009960.1				2.0	
AC009960.2				2.0	
AC009960.4				3.0	
AC009960.5				3.0	
AC009960.7				3.0	
AC009960.6				3.0	
MTND4P30				3.0	
AC009960.3		1.0	1.0	3.0	
RP3-477O4.16				4.0	
RPL36P4				4.0	
RPL37P1				6.0	
RP3-477O4.5				4.0	
C20orf173				4.0	
ERGIC3		4.0	2.0	6.0	
FER1L4		6.0	4.0	6.0	
RN7SL615P				2.0	
RP5-881L22.6				4.0	
MIR3646				4.0	
AL132772.1				4.0	
RP5-1013A22.5				4.0	6.0
RP5-1013A22.2				4.0	
RP5-881L22.4				4.0	
C20orf62				4.0	1.0
snoU13		17.0	12.0	31.0	17.0
SCARNA17				5.0	
SCARNA18				5.0	
RN7SKP221				5.0	
PI4KAP2				3.0	
RIMBP3C				6.0	
AC026166.2				3.0	
UGT2B29P		1.0	1.0	2.0	
UGT2B17				3.0	
RN7SL728P				2.0	
SLC39A8		8.0	6.0	7.0	
RPL27AP5				1.0	
RP11-229C3.4				2.0	
GCNT4				2.0	
RP11-229C3.2		1.0		2.0	
CTD-2503O16.4		1.0	4.0	2.0	1.0
ANKRD31		3.0	4.0	3.0	4.0
SUMO2P5				2.0	
CTD-2235C13.2		1.0	2.0	4.0	2.0
CTD-2235C13.3				5.0	
CTD-2235C13.1				5.0	
CTC-366B18.2				1.0	
CTC-366B18.4				1.0	
ANKDD1B		1.0	4.0	5.0	4.0
POLK				1.0	
RNU6-680P				5.0	
SLC25A5P9		1.0	2.0	5.0	
RP11-524L6.4		1.0	4.0	1.0	1.0
RP11-524L6.3		1.0	3.0	1.0	
BIN2P2				1.0	
RP11-524L6.2				1.0	1.0
HMGB3P17		1.0	1.0	4.0	
CSNK1G3		2.0	4.0	4.0	
APOOP1				5.0	
HAVCR1		2.0	5.0	2.0	2.0
RP1-13D10.5				1.0	
MIR4639				1.0	
U3		3.0	1.0	20.0	15.0
RP1-13D10.2				2.0	
RP1-13D10.3				2.0	
MRPL42P2				2.0	
LRRC16A		12.0	8.0	12.0	53.0
SCGN		10.0	5.0	11.0	35.0
TPI1P3				3.0	
AIRN				2.0	
IGF2R		4.0	6.0	5.0	15.0
RP11-288H12.3		1.0	2.0	5.0	
RP11-288H12.4				5.0	2.0
RP11-317M22.1				6.0	
RP1-276N6.2				3.0	
SLC22A3		4.0	6.0	4.0	16.0
RP1-81D8.3		3.0	6.0	3.0	
PLG		1.0	1.0	3.0	7.0
RP1-81D8.4		2.0	5.0	3.0	18.0
AC005094.2				1.0	
AC004595.1				1.0	
MIR1183				1.0	
RNU6-1097P				1.0	
AC004938.5				1.0	
RNU6-1151P				13.0	
RP11-115J16.3				13.0	
RP11-115J16.1		13.0	18.0	14.0	9.0
RNU6-526P				12.0	
RP11-115J16.2		3.0	2.0	12.0	1.0
NATP				3.0	
RP11-685B14.1				3.0	
RP11-685B14.3				3.0	
NAT2		3.0	4.0	3.0	1.0
RP11-53M11.4				2.0	1.0
RP11-53M11.2		2.0	5.0	2.0	1.0
RP11-53M11.3				2.0	2.0
RP11-114M5.3				4.0	
RN7SL590P				16.0	
RP11-136O12.2		16.0	16.0	16.0	21.0
RN7SL157P				2.0	
RP11-145E5.5		6.0	3.0	7.0	34.0
NIPSNAP3A				2.0	
NIPSNAP3B				2.0	
RP11-217B7.2		2.0	1.0	4.0	5.0
RP11-430N14.4		4.0	2.0	19.0	3.0
LCN1P2		1.0	1.0	18.0	5.0
LCN1P1				18.0	1.0
SMIM1		5.0	3.0	5.0	
RN7SL574P				5.0	
RP1-286D6.5				5.0	
TP73-AS1				5.0	
LRRC47				5.0	
CEP104				5.0	
CCDC27				5.0	
RNU6-731P				1.0	
RP11-58A11.2				1.0	
ZBTB48				2.0	
NOL9		1.0	1.0	1.0	
TAS1R1				2.0	
RP4-706G24.1		2.0	1.0	6.0	1.0
SYF2		2.0		6.0	
RP3-465N24.6				6.0	
C1orf63		4.0	2.0	6.0	1.0
RP11-335G20.7				4.0	
RNU6-1171P				4.0	
RHD		1.0		6.0	
TMEM50A		2.0	1.0	6.0	
RNA5SP44				3.0	
RP11-416A14.1				5.0	
PABPC4		7.0	7.0	10.0	
RP11-69E11.8		4.0	3.0	10.0	
SNORA55				9.0	
RP11-69E11.4		2.0	2.0	9.0	
BMP8A		1.0		7.0	
RPS15AP10				2.0	
RP11-767N6.2				1.0	
RP11-767N6.7				2.0	
NASP		2.0		5.0	
CCDC17				4.0	
IPP		1.0	1.0	5.0	
GPBP1L1		1.0	1.0	4.0	
RP5-850O15.4				2.0	
RP5-850O15.3		1.0	1.0	2.0	
RNU6-1253P				2.0	
PHBP12				2.0	
VPS25P1				2.0	
AL365331.2				8.0	
AL157902.3		3.0	3.0	8.0	1.0
FAM46C		7.0	2.0	8.0	1.0
RP11-458I7.1				1.0	
VPS45				1.0	
SNORA40		3.0	3.0	13.0	
RP11-316M1.12				8.0	
RP11-316M1.3		2.0		8.0	2.0
FAM63A				8.0	
PRUNE		1.0	1.0	8.0	
OR10K2		2.0		3.0	
OR10T1P		1.0		3.0	
EI24P2				3.0	
OR10K1		1.0	1.0	2.0	
OR10R2				2.0	
OR10R3P				2.0	
OR10R1P				3.0	
RP11-144L1.4				3.0	
OR6Y1		2.0		4.0	
OR6P1				5.0	
OR10X1		3.0	2.0	6.0	
OR10Z1		1.0	1.0	6.0	
SPTA1		6.0	5.0	6.0	
OR6K1P		3.0	1.0	4.0	
OR6K2		2.0		3.0	
OR6K3				3.0	
OR6K4P				3.0	
OR6K5P		3.0	1.0	3.0	
OR6K6		2.0		3.0	
OR6N1				3.0	
OR6N2				3.0	
OR2AQ1P				3.0	
RP11-53A1.2				6.0	
RP4-613A2.1				1.0	
RNA5SP78				1.0	
HMGN2P19				1.0	
RNU4-21P				1.0	
NUP133				1.0	
OR14A16		1.0		6.0	
HSD17B7P1				8.0	
OR6R1P		1.0		8.0	
OR11L1		2.0	2.0	8.0	
TRIM58		8.0	5.0	8.0	
OR2W3		8.0	5.0	8.0	
OR2T8		3.0	1.0	8.0	
RN7SL232P		2.0	1.0	3.0	3.0
CDC123		2.0		4.0	2.0
RP11-186N15.3				4.0	1.0
RP11-523O18.5				2.0	
RP11-523O18.1		1.0		3.0	
RNU6-697P				1.0	
RNU6-571P				1.0	
DDX50				2.0	
RN7SL373P				2.0	
MED28P1				2.0	
ACTBP14		1.0	1.0	2.0	
DDX21				2.0	
KIAA1279		2.0	1.0	2.0	1.0
SRGN		1.0	1.0	1.0	2.0
RP11-259F16.3				2.0	
SUPV3L1				5.0	
RP11-227H15.4		2.0	2.0	5.0	3.0
VPS26A		2.0	1.0	2.0	
RP11-227H15.5				5.0	
RP11-227H15.7				7.0	
AC016821.1				7.0	
TACR2		1.0	1.0	2.0	
ATP5G1P7				1.0	
TMEM256P1		1.0	1.0	2.0	3.0
NEUROG3				1.0	
RP11-343J3.7				1.0	
RP11-343J3.6				1.0	
RP11-343J3.2				1.0	3.0
RP11-343J3.5				1.0	
MTND2P15				1.0	
MTND1P20		1.0	1.0	1.0	
C10orf35				1.0	2.0
MARK2P9				1.0	
AL161652.1				1.0	
IDE		1.0	1.0	1.0	3.0
HHEX		1.0		4.0	3.0
RP11-57H14.2				4.0	
RP11-139K1.2				4.0	
SCGB1C1				5.0	
AC069287.1				5.0	
RP11-304M2.5		1.0		5.0	
RIC8A				5.0	1.0
PSMD13		2.0	1.0	7.0	3.0
NLRP6		4.0	1.0	9.0	
RP11-304M2.3		1.0		5.0	
RP11-326C3.2		1.0	1.0	9.0	
IFITM5		3.0	2.0	9.0	
RP11-326C3.4		1.0	1.0	9.0	
ATHL1		1.0	1.0	9.0	
IFITM2		6.0	5.0	9.0	
RP11-326C3.7				9.0	
IFITM1				9.0	
RP11-326C3.11		2.0	1.0	8.0	
IFITM3		2.0	2.0	8.0	
RP11-326C3.10				8.0	
RP11-326C3.14				8.0	
RP11-326C3.13		1.0	1.0	7.0	
RP11-326C3.15		2.0	1.0	7.0	
RP11-326C3.12		1.0	1.0	7.0	
AC132217.4				7.0	
MIR483				7.0	
MIR4686		1.0	1.0	7.0	5.0
IGF2		4.0	2.0	7.0	5.0
IGF2-AS		4.0	2.0	7.0	3.0
KCNQ1DN				2.0	2.0
CDKN1C				2.0	
KCNQ1-AS1				2.0	3.0
RP11-16F15.1				1.0	
RP11-16F15.4		1.0	1.0	1.0	
RP11-16F15.2				1.0	
RN7SKP50				2.0	
RP11-540A21.2				4.0	2.0
RNF141				1.0	
RP1-239B22.5				1.0	
SDHCP4				1.0	
NCR3LG1				1.0	1.0
NUCB2				1.0	
ABCC8		1.0	1.0	1.0	
RP11-17G12.3				8.0	
DDB2		2.0	2.0	8.0	
NR1H3		3.0	2.0	8.0	2.0
FNBP4		2.0	1.0	7.0	2.0
ARAP1-AS2				2.0	
RPS12P20				2.0	
MIR4692				2.0	
STARD10		1.0	1.0	3.0	1.0
FCHSD2		2.0	2.0	3.0	3.0
RP11-676F20.3				2.0	4.0
RP11-676F20.1				2.0	
RN7SL222P		7.0	2.0	5.0	3.0
AP000620.1				4.0	
CTD-2383M3.1				4.0	
RP11-264F23.1				3.0	
RP11-264F23.3		7.0	3.0	7.0	8.0
RP11-264F23.4		1.0		7.0	8.0
C12orf5				4.0	
RP11-860B13.1				2.0	
RP11-860B13.3				2.0	
MRPS35				2.0	
MANSC4				2.0	1.0
RP11-89H19.1		1.0	1.0	2.0	
TMEM106C				3.0	
COL2A1		1.0		3.0	
RP1-228P16.3		1.0		3.0	
RP1-228P16.1				3.0	
RP1-228P16.4		3.0	2.0	3.0	
RP1-228P16.5		2.0	1.0	3.0	
SENP1		1.0	1.0	3.0	
RNU6-1203P				2.0	
RP1-228P16.7				2.0	
PFKM		2.0	1.0	2.0	
RP11-474C8.3				2.0	
ASB8		1.0		2.0	
RP11-370I10.2		1.0	1.0	2.0	
H1FNT		2.0	1.0	2.0	
RP11-370I10.4				2.0	
OR5BK1P				2.0	
AC024257.1				2.0	
ZNF641		1.0		2.0	
RP11-370I10.6		2.0	1.0	2.0	
OR5BT1P				2.0	
OR5BJ1P				2.0	
OR8S21P				2.0	
OR8T1P				1.0	
LALBA		1.0	1.0	2.0	
OR8S1		1.0		2.0	
OR5BS1P				2.0	
OR11M1P		1.0	1.0	1.0	
SNORA34				1.0	
SNORA2A				1.0	
SNORA2B				2.0	
KANSL2				2.0	
CCNT1		1.0	1.0	2.0	
RP3-405J10.2				6.0	
RP3-405J10.4				6.0	
MIR1293				6.0	
RNU6-1093P		3.0	1.0	6.0	
RNU6-769P				4.0	
RNU6-238P				2.0	
MIR3198-2				5.0	
RN7SL390P				5.0	
HNRNPA1				5.0	
SMUG1		2.0	1.0	3.0	
RP11-968A15.8		3.0	1.0	5.0	
CBX5		5.0	1.0	5.0	
RP11-968A15.2				5.0	
AC090673.1				1.0	
RP11-366L20.2				3.0	
AC002979.1				8.0	
RP11-686G8.1				11.0	
RP11-686G8.2				7.0	
PCNPP1				5.0	
RPS2P41				13.0	
RP3-462E2.5				10.0	
ADAM1A		1.0		11.0	
ADAM1B		3.0	1.0	9.0	
TMEM116		6.0	1.0	9.0	3.0
MAPKAPK5		5.0	2.0	14.0	4.0
RPS2P5				2.0	
TAOK3		2.0	1.0	2.0	
PDX1				3.0	
ATP5EP2		1.0	1.0	3.0	
LINC00543				3.0	
CDX2				3.0	
PDX1-AS1		4.0	2.0	4.0	
TOMM22P3		1.0	1.0	2.0	3.0
C13orf35		1.0	1.0	4.0	
AL162711.1				4.0	
ATP11A-AS1				4.0	
AL356740.1				4.0	
LINC00565		1.0	1.0	1.0	
KLHL33				2.0	
RP11-203M5.6				2.0	
RP11-203M5.7				2.0	
APEX1				2.0	
TMEM55B				2.0	
RP11-203M5.8				2.0	
RNASE10				2.0	
OSGEP				2.0	
PNP		2.0	1.0	2.0	
RP11-96D24.1		1.0	1.0	1.0	3.0
PLEKHG3		1.0	1.0	4.0	
SPTB		4.0	2.0	4.0	
RPPH1-2P				3.0	
CHURC1				3.0	
CHURC1-FNTB		6.0	3.0	7.0	
FNTB		6.0	3.0	7.0	
FOXN3-AS2				2.0	
RN7SKP107				2.0	
RP11-944C7.1				2.0	
FOXN3		2.0	1.0	2.0	
RP11-33N16.3		2.0	1.0	2.0	
AL157871.2				2.0	
RP11-638I2.6				2.0	
MIR345				2.0	
RN7SL523P				2.0	
AL157871.1				2.0	
RP11-638I2.9				2.0	
RP11-638I2.10				2.0	
YY1				2.0	
SLC25A29				2.0	
WARS				2.0	
RP11-638I2.8				2.0	
SLC25A47		2.0	2.0	2.0	
RP11-566J3.2		2.0		5.0	
DLK1		6.0	3.0	6.0	2.0
LINC00523		1.0		5.0	
RP11-566J3.4		1.0		6.0	
MIR1266				1.0	
RP11-430B1.2				1.0	
GNB5				1.0	
RP11-349G13.3				5.0	
IGDCC4		1.0	1.0	5.0	
IGDCC3				1.0	
DPP8		4.0	3.0	5.0	
MIR4511				4.0	
RP11-16E23.3				5.0	
RP11-16E23.4				5.0	
DENND4A		6.0	4.0	6.0	
RP11-307C19.1		2.0	1.0	2.0	2.0
MIR5094				2.0	
RP11-493E3.1				1.0	
MIR5009				1.0	
RNU6-1111P				1.0	
RNU7-111P				1.0	
C15orf38				1.0	
C15orf38-AP3S2		1.0	1.0	2.0	3.0
Z69890.1				6.0	
RGS11				7.0	
PDIA2				7.0	
ITFG3		6.0	3.0	6.0	1.0
LUC7L		2.0	2.0	6.0	
HNRNPCP4		1.0	1.0	4.0	
TNP2				4.0	
PRM3				4.0	1.0
PRM2				4.0	
PRM1				4.0	
MIR548H2				5.0	
RP11-57A19.5				5.0	
NUPR1		1.0		7.0	
RP11-666O2.1		2.0	1.0	6.0	
NPIPB7				6.0	
APOBR				7.0	
RP11-2C24.6				2.0	
ZNF629		2.0	2.0	2.0	
RP11-2C24.5				2.0	1.0
SRCAP				2.0	
RP11-2C24.4				1.0	
PHKG2				2.0	
C16orf93				2.0	
RNF40				2.0	
RP11-120K18.3				5.0	
RP11-120K18.2				5.0	
COX6A2				4.0	
ZNF843				4.0	
ITGAX		1.0	1.0	5.0	
ITGAD		4.0	1.0	5.0	
RPL35AP33				2.0	
SMPD3		1.0	1.0	2.0	1.0
RNA5SP429				4.0	
RP11-354M1.2				3.0	
CDH3				6.0	
CDH1		4.0	2.0	4.0	
RP11-61F12.1				3.0	
COTL1				3.0	
TLDC1		3.0	1.0	3.0	
RP5-1142A6.9				4.0	
RP5-1142A6.7				5.0	
RP5-1142A6.8				5.0	
CDT1		2.0	1.0	6.0	
APRT		1.0	1.0	6.0	1.0
RP5-1142A6.2		1.0		5.0	3.0
GALNS		4.0	2.0	6.0	8.0
AC092384.1				6.0	
TRAPPC2L				4.0	
PABPN1L		1.0	1.0	4.0	
RP11-830F9.5				4.0	
HNRNPA1P16				5.0	
SNORD91B				2.0	
SNORD91A				2.0	
SGSM2		1.0		3.0	
TSR1				2.0	
AC007421.1				7.0	
SAT2				8.0	
RP11-199F11.2		1.0	1.0	5.0	
SHBG		3.0	3.0	8.0	1.0
WRAP53		2.0	1.0	5.0	
RP11-849F2.9				3.0	
RP11-849F2.10				3.0	
AC135178.7				3.0	
SNORA69				3.0	1.0
ODF4				3.0	
CTC1				2.0	
PFAS		1.0		3.0	
SLC25A35		1.0	1.0	3.0	
RANGRF				3.0	
ARHGEF15		1.0		3.0	
RP11-849F2.4				3.0	
RAI1-AS1				5.0	
SMCR5				4.0	
RP1-253P7.1				4.0	
AC087163.3				1.0	
AC087163.2				2.0	
LRRC48		1.0	1.0	3.0	
ATPAF2		1.0	1.0	5.0	
GID4		2.0		5.0	
TOM1L2				3.0	
RP11-64J19.1				3.0	
C17orf103		2.0	1.0	3.0	
RP11-192H23.5				3.0	
RP11-192H23.8				3.0	
RP11-192H23.7				3.0	
RPS12P28				1.0	
PIGS				3.0	
ALDOC				3.0	
SPAG5		2.0	1.0	3.0	
SPAG5-AS1		2.0	1.0	3.0	
RP11-192H23.6				3.0	
SGK494				3.0	
KIAA0100				3.0	
SDF2				2.0	
RP11-192H23.4		4.0	3.0	4.0	2.0
RP11-20B24.3				5.0	
ERAL1		2.0		5.0	
MIR144		1.0	1.0	5.0	
RP11-20B24.7				5.0	
RP11-20B24.4				5.0	
DHRS13				5.0	
FLOT2		2.0		5.0	
FAM222B		2.0	2.0	5.0	
PHF12		1.0		5.0	
RP11-995C19.2		1.0		9.0	
RN7SL199P				9.0	
FAM215B				9.0	
LRRC37A2		9.0	3.0	9.0	1.0
ARL17A		9.0	3.0	9.0	1.0
RP11-567L7.7		1.0	1.0	2.0	3.0
GDPD1		1.0		2.0	
YPEL2				4.0	3.0
RP11-567L7.5				4.0	
RP11-567L7.6		6.0	2.0	7.0	
FLJ45079		1.0	1.0	1.0	
RNU1-80P				1.0	
AC021593.1				6.0	
EIF5AP2				6.0	
TK1				5.0	
TNRC6C-AS1				6.0	
TMC6		6.0	3.0	6.0	
TMC8		5.0	3.0	6.0	
SYNGR2				6.0	
C17orf99		2.0	1.0	6.0	
AFMID		2.0	1.0	4.0	
MIR4525				1.0	
WDR45B				1.0	
RAB40B		1.0	1.0	1.0	
RP11-388C12.1				2.0	
RP11-388C12.8				2.0	
RP11-388C12.5		1.0	1.0	2.0	
FN3K		1.0		2.0	
TBCD		1.0	1.0	2.0	
AC068014.1				2.0	
AC068014.2				2.0	
RP11-567O16.1				2.0	
ZNF750				1.0	
RP11-1197K16.2				1.0	
B3GNTL1		1.0	1.0	2.0	
C18orf25		7.0	3.0	7.0	
AC020934.1				5.0	
KLF1		4.0	1.0	5.0	
AD000092.3				5.0	
MIR5695				5.0	
CALR				5.0	
CTD-2265O21.7		1.0	1.0	5.0	
GCDH		4.0	3.0	5.0	
SYCE2		2.0	1.0	5.0	
FARSA		1.0		5.0	
CTC-425F1.2				5.0	
MAST1				5.0	
CTD-2528A14.5				8.0	
CTD-3032J10.4				9.0	
CTD-3032J10.2		2.0	1.0	9.0	
CTD-3032J10.3				5.0	
USE1				3.0	
AC005621.1				3.0	
PDCD5		5.0	3.0	6.0	
SNORA68				8.0	
RPS12P31				4.0	
ANKRD27		2.0	2.0	7.0	
MIR330				6.0	
AC006132.1				6.0	1.0
MIR642A				7.0	
OPA3				3.0	11.0
GPR4				1.0	
QPCTL		1.0	3.0	8.0	3.0
EML2				6.0	10.0
CTD-3187F8.7				4.0	
SIGLEC21P				4.0	
SIGLEC22P				4.0	
CTD-3187F8.11				4.0	
CTD-3187F8.14				4.0	
SIGLEC20P				4.0	
CD33		4.0	1.0	4.0	
SIGLECL1				4.0	
CTD-3187F8.2				4.0	
ATAD2B		5.0	2.0	8.0	
SDHCP3				9.0	
RN7SL610P				7.0	
UBXN2A		8.0	6.0	9.0	
C2orf44				7.0	
MFSD2B		7.0	5.0	7.0	
RNU6-370P				7.0	
FKBP1B				7.0	
SF3B14				5.0	
RNU6-958P				8.0	
AC011242.6				3.0	
AC011242.5				2.0	1.0
SIX3-AS1				3.0	
AC012354.8				2.0	
AC093702.1				2.0	2.0
RP11-89K21.1		1.0	1.0	3.0	5.0
SIX3				3.0	
AC012354.6		2.0	1.0	3.0	3.0
AC079807.4		2.0	1.0	2.0	
AC009970.1		3.0	1.0	5.0	1.0
CERS6-AS1				2.0	
NOSTRIN		5.0	1.0	5.0	
G6PC2		2.0	1.0	6.0	
AC013467.1				1.0	
HNRNPA1P39		1.0	1.0	1.0	
SP9				1.0	
AC018470.1				1.0	
AC018470.4				1.0	
CIR1		1.0	1.0	1.0	
SCRN3		1.0	1.0	1.0	
GPR155				1.0	
AC068138.1		6.0	8.0	3.0	9.0
AL031655.1				6.0	
AL031655.2				6.0	
GAPDHP54				2.0	
RAE1				6.0	
RP4-800J21.3		1.0	1.0	6.0	
AP000304.12		4.0	2.0	4.0	
ITSN1		4.0	2.0	4.0	
AP001062.8				1.0	
C21orf2				1.0	
AP001062.7				1.0	
AP001062.1				1.0	
AP001062.9				1.0	
AP001063.1				1.0	
DNMT3L				2.0	
TRPM2				1.0	
CABP7				4.0	2.0
UQCR10		2.0	2.0	4.0	
RP1-76B20.11				2.0	5.0
RP1-76B20.12				2.0	5.0
ZMAT5		2.0	2.0	4.0	3.0
RNU6-331P				7.0	
RP1-102K2.6				4.0	3.0
RP1-102K2.8				3.0	
RP3-438O4.4		4.0	4.0	5.0	5.0
OSM		1.0	1.0	2.0	1.0
RP1-127L4.10				1.0	
AP1B1P2				1.0	
RP1-90G24.8		1.0	1.0	1.0	
AP1B1P1				1.0	
RP1-127L4.7				1.0	
C22orf42		1.0	1.0	1.0	
RFPL2				1.0	
IGLCOR22-1				1.0	
RP1-90G24.10				1.0	
SLC5A4				1.0	
TST		2.0		8.0	
RN7SKP214				8.0	
RP5-1170K4.7				8.0	
TEX33		3.0	1.0	5.0	
MPST		4.0	2.0	8.0	
KCTD17		5.0	3.0	8.0	
TMPRSS6		8.0	3.0	9.0	
AL022314.1				5.0	
A4GALT		4.0	2.0	4.0	
AC026166.1				3.0	
GSTM5P1		8.0	3.0	12.0	4.0
RNU6-404P				2.0	
TSEN2				2.0	
CRIP1P1				2.0	1.0
RAF1		3.0	2.0	3.0	1.0
NRADDP		2.0	1.0	7.0	
SCAP		2.0	2.0	3.0	
PTPN23		2.0	1.0	5.0	
NCKIPSD		1.0	1.0	9.0	1.0
PRKAR2A		2.0	1.0	7.0	2.0
RP13-131K19.2				6.0	1.0
WDR6				6.0	
MIR425				4.0	
NDUFAF3				5.0	
MIR191				4.0	
IMPDH2				3.0	1.0
RP13-131K19.6				3.0	
RN7SL182P				4.0	
P4HTM		1.0		6.0	
DALRD3				6.0	
QARS		2.0	1.0	4.0	2.0
RP11-694I15.7				4.0	1.0
GPX1		2.0		11.0	5.0
RHOA-IT1				11.0	
RHOA		8.0	6.0	12.0	1.0
TCTA				10.0	
BSN-AS1				9.0	
RP13-1056D16.2				6.0	
CDHR4		2.0	1.0	7.0	
FAM212A				5.0	
UBA7				7.0	
MIR5193				5.0	
AC139451.1		1.0	1.0	9.0	
RN7SL217P				11.0	
TRAIP		4.0	2.0	10.0	2.0
MST1R		3.0		10.0	
RBM5		3.0	3.0	7.0	
RP11-493K19.3		3.0	1.0	11.0	3.0
RP11-797D24.4				2.0	
ZNF148				1.0	
NME9				1.0	
RP11-788A4.1		1.0	1.0	1.0	
RNU1-70P		2.0	2.0	6.0	
PP13439		1.0	1.0	3.0	
PLD1		2.0	1.0	3.0	
MIR548AQ				4.0	
RP11-132N15.1		2.0	2.0	2.0	4.0
RP11-132N15.2		1.0	1.0	2.0	
RP11-132N15.3		1.0	1.0	2.0	1.0
LINC00885		2.0	2.0	5.0	
SLC51A				6.0	
PCYT1A		1.0	1.0	6.0	
U4				5.0	
RNU6-42P				5.0	
PIGX		1.0	1.0	5.0	
PAK2		5.0	1.0	5.0	
RP11-1406H17.1				1.0	
PPP2R2C				1.0	
RP11-147K6.1				2.0	
PKD2		1.0		2.0	3.0
KRT19P3				1.0	3.0
LRIT3				1.0	
EGF		5.0	1.0	5.0	1.0
RP11-780M14.1				3.0	
FREM3				3.0	
RP13-578N3.3		3.0	2.0	3.0	
RP11-673E1.1		2.0	1.0	4.0	
RP11-673E1.4		4.0	3.0	4.0	
GYPB		4.0	2.0	4.0	
GYPA		5.0	1.0	3.0	
RP11-701P16.1				3.0	
RP11-701P16.2				3.0	
MIR4635				5.0	
RBBP4P1				1.0	
MIR4637				1.0	
RP11-466P24.4				3.0	
RP11-466P24.6		1.0	1.0	4.0	
RP11-466P24.7		1.0	1.0	2.0	
SV2C		4.0	3.0	4.0	
AC008581.1				2.0	
HMGB1P35				2.0	
RN7SL554P				3.0	
RP3-429O6.1		4.0	1.0	4.0	5.0
RP11-69L16.4				5.0	1.0
RP3-348I23.3				3.0	
RNU6-987P				6.0	
AL160037.1				7.0	
PRELID1P2				10.0	
HIST1H2AA		1.0		12.0	
HIST1H2BA				12.0	
HIST1H2BPS1				12.0	1.0
HIST1H2APS1		1.0	1.0	12.0	1.0
SLC17A4		6.0	2.0	8.0	17.0
SLC17A1		6.0	3.0	12.0	18.0
SLC17A3		10.0	6.0	11.0	42.0
HIST1H2APS2		1.0		10.0	2.0
U91328.20				12.0	
SLC17A2		3.0	1.0	8.0	9.0
TRIM38		4.0	3.0	12.0	3.0
U91328.21		2.0		12.0	17.0
U91328.19		3.0	1.0	12.0	18.0
U91328.22		1.0	1.0	12.0	1.0
HIST1H1PS2				12.0	
HIST1H3A				12.0	
HIST1H4A		6.0	3.0	12.0	3.0
HIST1H4B				12.0	2.0
HIST1H3B		4.0		12.0	1.0
HIST1H2AB		1.0	1.0	12.0	6.0
HIST1H2BB				13.0	
U91328.2				13.0	
HIST1H3C		2.0		14.0	4.0
HIST1H1C		5.0	2.0	16.0	4.0
HIST1H1A				12.0	
HFE		7.0	3.0	13.0	13.0
HIST1H4C		6.0	2.0	13.0	
HIST1H1T		2.0		14.0	18.0
HIST1H2BC		3.0	1.0	14.0	7.0
HIST1H2AC		10.0	5.0	14.0	12.0
HIST1H1E		1.0		14.0	15.0
HIST1H2BD		5.0	4.0	14.0	9.0
LARP1P1				14.0	
HIST1H3E				9.0	1.0
HIST1H2APS3		1.0		7.0	
HIST1H1D				7.0	
HIST1H4F		1.0	1.0	7.0	
HIST1H3F				7.0	
HIST1H2BH		2.0	1.0	6.0	9.0
HIST1H3G		5.0	3.0	7.0	2.0
HIST1H2APS4				7.0	
HIST1H2BI				7.0	
HIST1H4H		2.0	1.0	9.0	22.0
HIST1H4G				7.0	3.0
HIST1H3PS1		7.0	3.0	11.0	49.0
RNU6-1259P		4.0	2.0	11.0	25.0
RNU6-502P				11.0	
CTA-14H9.5		1.0	1.0	11.0	
BTN1A1		2.0	1.0	12.0	5.0
HCG11				11.0	
HMGN4		7.0	3.0	9.0	39.0
GUSBP2		10.0	6.0	11.0	58.0
RP11-209A2.1		9.0	3.0	11.0	27.0
PRSS16		3.0	2.0	8.0	9.0
VN1R10P		7.0	3.0	9.0	20.0
ZNF204P		1.0	1.0	11.0	4.0
ZNF391		4.0	2.0	12.0	24.0
POM121L2		1.0	1.0	10.0	17.0
RP1-261G23.7				6.0	
RP11-425D10.1		1.0	1.0	7.0	
PTCHD3P3				7.0	
CCDC162P		6.0	3.0	7.0	
C6orf183		4.0	3.0	8.0	
AL109947.2				3.0	
RP5-919F19.5		1.0		3.0	
AK9		5.0	3.0	6.0	
RN7SL617P				3.0	
CTA-331P3.1				2.0	
DDO		1.0	1.0	3.0	
SLC22A16		2.0	1.0	3.0	
MIR588		6.0	3.0	6.0	1.0
CTA-212D2.2				11.0	
RP11-12A2.3		6.0	6.0	5.0	5.0
AC006150.1				2.0	
AC006045.3		2.0	1.0	2.0	3.0
AC006458.3				2.0	
RNU6-979P				4.0	
TUBG1P				1.0	
URGCP		1.0	1.0	1.0	
UBE2D4				1.0	
AC004985.12				1.0	
POLR2J4				1.0	
RP5-1165K10.2				1.0	
PGAM2				2.0	
AC017116.11				2.0	
MIR4649				3.0	
RNA5SP230				3.0	
MYL7				3.0	
POLM				2.0	
POLD2				3.0	
ARPC1B		2.0	1.0	2.0	
PDAP1				2.0	
BUD31				2.0	
PTCD1				2.0	
ATP5J2-PTCD1				2.0	
ARPC1A		2.0	1.0	3.0	
RP11-390E23.6		2.0		5.0	
RNU6-11P		5.0	2.0	5.0	
HYALP1				5.0	
WASL				5.0	
HYAL4				4.0	
MIR4286				10.0	
RNA5SP252				10.0	
C8orf74		2.0	2.0	10.0	
SOX7		8.0	7.0	11.0	4.0
CTD-2135J3.3		4.0	4.0	10.0	1.0
MIR486				5.0	
RP11-930P14.1				5.0	
AGPAT6		1.0		4.0	
RP11-360L9.8		1.0		4.0	
RP11-930P14.2		1.0		4.0	
RN7SL149P				4.0	
RP11-503E24.2				4.0	
RP11-503E24.3		2.0	2.0	5.0	
SMIM19		4.0	2.0	5.0	
SLC20A2		2.0	1.0	5.0	
RP11-654G14.1				1.0	
RN7SL826P				2.0	
GS1-393G12.12				2.0	
DGAT1		1.0	1.0	2.0	1.0
TMEM249				1.0	
SLC52A2				1.0	
FBXL6				1.0	
HSF1				2.0	
BOP1		1.0		2.0	1.0
RP11-307I14.3				8.0	
MIR101-2				8.0	
RP11-125K10.5				8.0	
AL158147.2				8.0	
RCL1		8.0	5.0	8.0	2.0
C9orf53				5.0	
RP11-149I2.4				5.0	
VPS13A		3.0	1.0	3.0	
AL162389.1		2.0	1.0	2.0	2.0
RNU6-1064P				2.0	
RN7SL659P				2.0	
RP11-247A12.7		1.0	1.0	2.0	
RP11-247A12.8				1.0	
PPP2R4		1.0		2.0	
IER5L				1.0	
RP11-247A12.2				1.0	1.0
CRAT				2.0	
MIR548AW				7.0	
RP11-415H23.4				8.0	
RNU7-21P				8.0	
RP11-295G24.4				8.0	
TSC1				7.0	
GTF3C5				8.0	4.0
SURF1				7.0	
SURF2				7.0	
C9orf96		4.0	3.0	6.0	3.0
REXO4				4.0	
ADAMTS13		2.0	1.0	4.0	9.0
DKFZP434A062				4.0	
DNLZ				5.0	
SDCCAG3				6.0	3.0
PMPCA		1.0		5.0	
SEC16A		3.0	3.0	8.0	
C9orf163		1.0	1.0	6.0	
INPP5E		2.0	1.0	6.0	
AL008733.1				4.0	
LINC00982		1.0		4.0	
CCDC163P				2.0	
PRDX1				4.0	
HMGB1P48		1.0		4.0	
MMACHC				3.0	
RP11-630I5.1		3.0		3.0	
RP4-533D7.4				1.0	
PIK3R3		2.0		2.0	3.0
TCEB1P19				1.0	
RP11-82K18.2				1.0	
GTF2B		1.0		1.0	
PKN2		1.0	1.0	4.0	
HMGCS2				1.0	
PYGO2				1.0	
RP11-307C12.12				1.0	
CKS1B				5.0	
MIR4258				4.0	
LENEP				5.0	
SHC1				4.0	
PBXIP1				1.0	
KRTCAP2		2.0	1.0	5.0	
MUC1				5.0	
MIR92B				5.0	
RP11-263K19.6				5.0	
MTX1P1				4.0	
AL713999.1				4.0	
SCAMP3				4.0	
RP11-201K10.3		1.0	1.0	5.0	
TRIM46		1.0		5.0	
RP11-263K19.4		2.0		5.0	
FAM189B				4.0	
RP11-553K8.2		2.0	1.0	3.0	2.0
ATP6V1G3				2.0	5.0
MIR181B1				2.0	
MIR181A1				2.0	
RP11-16L9.3		1.0		7.0	
RP11-16L9.4		7.0	4.0	7.0	3.0
AC105941.1				1.0	
RP11-382E9.1		2.0	1.0	3.0	4.0
RP11-90O23.1				4.0	
SNORA77				6.0	
ATP2B4		4.0	2.0	4.0	
RP11-383G10.3				6.0	
RP11-383G10.5				7.0	
RP11-323I1.1		2.0	1.0	2.0	
EGLN1		1.0		1.0	
RP11-285G1.2		2.0		3.0	
TMEM72				3.0	
RP11-285G1.9				3.0	
TMEM72-AS1		3.0	1.0	3.0	
RP11-285G1.14				1.0	
RASSF4				1.0	
RP11-67C2.2		1.0	1.0	5.0	
ALOX5		1.0	1.0	5.0	
RP11-671E7.1				6.0	
FAM21C		5.0	4.0	6.0	2.0
RP11-1H15.1				1.0	
RP11-1H15.2		1.0		1.0	
RP11-748C4.1				1.0	
PCNAP4				2.0	
E2F8		2.0		2.0	1.0
RP11-428C19.4		2.0	1.0	2.0	2.0
AC132216.1				2.0	
LMO2		2.0	1.0	2.0	1.0
NPAT		3.0	1.0	4.0	
ACAT1				3.0	1.0
AP005718.1				3.0	
RP11-392P7.1				1.0	
RPL13AP20				1.0	
MIR614				1.0	
GPRC5D				1.0	
GPRC5A		1.0		1.0	
RP11-392P7.6				1.0	
SP1		3.0	2.0	3.0	
AMHR2				2.0	
U7				10.0	
RP3-462E2.3		1.0	1.0	11.0	
AC003029.1		7.0	3.0	13.0	14.0
RP1-267L14.3		1.0		9.0	
RP11-173P15.3				8.0	
MIR4700				6.0	
RP11-728G15.1		4.0	4.0	7.0	3.0
MLEC		4.0	2.0	8.0	
UNC119B		2.0	1.0	6.0	
RP11-173P15.5				6.0	
ACADS		2.0	2.0	6.0	
RP11-173P15.7		3.0	3.0	5.0	
CLIC1P1		1.0	1.0	8.0	
RPL12P33		5.0	3.0	8.0	1.0
RNU6-53P				1.0	
POMP		1.0		1.0	
SLC46A3				1.0	
MIR320D1		1.0		2.0	
COMMD6		1.0		3.0	
TBC1D4		3.0	2.0	3.0	
ESR2		1.0		1.0	3.0
AL139022.1				6.0	
MIR4706				6.0	
RP11-840I19.5				6.0	
RP11-840I19.3				6.0	
MAX		6.0	3.0	7.0	
SRP14		1.0	1.0	6.0	
RP11-349G13.1				4.0	
HNRNPA1P44				4.0	
RP11-390D11.1				1.0	
MYO9A		3.0	2.0	3.0	2.0
PKM				3.0	
PARP6		1.0		2.0	
CELF6		1.0	1.0	2.0	1.0
RP11-106M3.3		2.0	1.0	2.0	2.0
RP11-106M3.2		2.0	1.0	2.0	2.0
CYP1A1		6.0	3.0	9.0	
MIR4513				5.0	
SNORD112		6.0	3.0	15.0	9.0
RN7SL510P				2.0	
UBE2Q2		2.0	3.0	2.0	
NRG4		2.0	3.0	2.0	
C15orf27		2.0	1.0	2.0	2.0
RP11-762H8.4				4.0	
RP11-762H8.2				4.0	
RP11-762H8.1				3.0	
RP11-762H8.3		2.0		4.0	2.0
DNAJA4		2.0		4.0	
WDR61				4.0	1.0
ACSBG1		3.0		4.0	
DDX11L10				3.0	
WASIR2				3.0	
SNRNP25		1.0	1.0	4.0	
Z69720.2				4.0	
WASH4P				3.0	
Z84812.4				3.0	
POLR3K		2.0	1.0	4.0	
RHBDF1		1.0	1.0	4.0	
NPRL3		4.0	2.0	4.0	
MPG		1.0		4.0	
Z69666.2				4.0	
HBZ		3.0	2.0	4.0	
HBZP1		3.0	1.0	4.0	
Z84721.4		1.0		4.0	
HBM		4.0	1.0	4.0	
HBA2				4.0	
HBA1				4.0	
LA16c-OS12.2				4.0	
MRPL28		1.0		4.0	
PPP4C				3.0	
YPEL3				3.0	
RP11-455F5.4				3.0	1.0
FAM57B		1.0		4.0	
ALDOA		1.0	1.0	3.0	
TBX6		2.0		3.0	
RP11-455F5.3				3.0	
AC135048.1				5.0	
FBXL19				3.0	
AC135048.13				3.0	
ORAI3				3.0	
SETD1A		3.0		5.0	
HSD3B7				5.0	
ACD				3.0	
PARD6A				3.0	
C16orf86				3.0	
RLTPR		1.0	1.0	3.0	
ENKD1		1.0		3.0	
CTRL				3.0	
CTC-479C5.12				3.0	
CTC-479C5.17				3.0	
PSKH1		1.0	1.0	3.0	
LCAT		1.0		3.0	
SLC12A4		1.0		3.0	
DPEP3				2.0	
DPEP2				2.0	
RP11-96D1.9				3.0	
RPS12P27				3.0	
RP11-96D1.5				4.0	
RP11-96D1.10				3.0	
RP11-96D1.11				3.0	
ESRP2				3.0	
RP11-96D1.6				3.0	
RP11-96D1.7				2.0	2.0
PLA2G15				3.0	2.0
RP11-21B21.4		2.0	1.0	7.0	2.0
TMEM88				5.0	
CYB5D1				5.0	
LSMD1		1.0		5.0	3.0
HES7		1.0		2.0	
VAMP2				1.0	
SNORD118				1.0	
RP11-599B13.7				1.0	
MIR3676				1.0	
C17orf59				1.0	
RP11-599B13.8				1.0	
PER1				1.0	
RP11-599B13.6				1.0	
TMEM107		1.0		1.0	
LINC00324				1.0	
AC005730.2				3.0	
KCTD9P1				4.0	
RNU6-258P				4.0	
SPECC1		4.0	2.0	4.0	
AC005288.1				6.0	
AC087491.2				6.0	
TCAP				6.0	
PNMT				6.0	1.0
NEUROD2		1.0	1.0	6.0	1.0
PGAP3		3.0	2.0	7.0	1.0
MIR4728				5.0	
MIEN1				5.0	
RP11-94L15.2		2.0	1.0	5.0	2.0
ERBB2		3.0	1.0	8.0	
RP11-798G7.4				6.0	
RP11-707O23.5		1.0		7.0	
RPS26P8		3.0	2.0	7.0	
LRRC37A4P		1.0		10.0	1.0
RP11-798G7.6				8.0	
RP11-798G7.7				6.0	
DND1P1		3.0	1.0	7.0	
CRHR1-IT1		3.0		7.0	
RP11-105N13.4		14.0	7.0	14.0	6.0
RP11-293E1.2				14.0	
RP11-293E1.1		1.0		14.0	
STH				11.0	
RP11-669E14.6				8.0	
RP11-259G18.2		3.0	1.0	11.0	
RP11-259G18.3		5.0	2.0	11.0	
RP11-259G18.1				11.0	
RN7SL656P				5.0	
LRRC37A		2.0	1.0	10.0	
RPS7P11				9.0	
WNT3		5.0	1.0	8.0	3.0
RP11-63A1.2		1.0	1.0	2.0	1.0
RP11-63A1.1				2.0	1.0
RNU6ATAC3P				2.0	
RP11-156P1.2		1.0	1.0	3.0	16.0
MIR152				1.0	
RP5-890E16.2		1.0		1.0	
RP5-890E16.4				1.0	
RNU6-1201P				1.0	
COPZ2				1.0	
RP11-433M22.1				1.0	
RP11-433M22.2				1.0	
RP11-332H18.3				3.0	
TBX2				3.0	1.0
RP11-332H18.5		3.0	2.0	3.0	4.0
RP11-332H18.4		3.0	2.0	3.0	3.0
AC139149.1				2.0	
RP13-766D20.1				2.0	
RP13-766D20.2		1.0	1.0	3.0	
FSCN2				3.0	
ACTG1		1.0	2.0	3.0	
C17orf70				3.0	
AC004490.1				1.0	
AC016586.1				4.0	
CTD-2622I13.3				4.0	
MAP2K2		3.0	3.0	4.0	1.0
CTC-425F1.4				4.0	
GADD45GIP1				4.0	
AC092069.1		2.0	1.0	4.0	
DAND5		2.0	1.0	4.0	
RAD23A				4.0	
CTC-239J10.1				2.0	
AC005387.3				2.0	
AC005253.2				2.0	
AC005253.4				2.0	
UBA52				2.0	
FKBP8		1.0		2.0	
AC005387.2				2.0	
KXD1				2.0	
CRLF1				2.0	
CTD-2540B15.6				7.0	
CTD-2540B15.12		6.0	2.0	7.0	10.0
CTD-2540B15.11				8.0	
CEBPA				8.0	
AC008738.1				8.0	
CTD-2540B15.7				8.0	
CEBPA-AS1				8.0	
CTD-2540B15.9		2.0		8.0	
AKR1B1P7				8.0	
CEBPG				7.0	
MIA				2.0	
EGLN2				4.0	
CYP2T2P				4.0	
CYP2F1P		1.0		4.0	
CTC-490E21.10		1.0	1.0	4.0	1.0
CTC-490E21.12		4.0	2.0	4.0	3.0
MIA-RAB4B				2.0	
RAB4B-EGLN2		1.0	1.0	4.0	
KCNN4		3.0	2.0	4.0	3.0
AC115522.3				4.0	
IRGC				2.0	
SMG9		1.0		4.0	1.0
LYPD5				4.0	9.0
CTB-33G10.11		1.0	1.0	2.0	
RRAS		1.0	1.0	2.0	
PRRG2				2.0	
NOSIP		1.0	2.0	3.0	1.0
AC017078.1				1.0	
AC017006.2				1.0	
AC017006.3				1.0	
RNU1-32P				3.0	
MIR4432				3.0	
AC007381.2		2.0	1.0	3.0	3.0
AC092667.2				4.0	
AC096670.3				6.0	
AC108463.1		2.0	2.0	4.0	1.0
AC108463.2				4.0	
RP11-181E10.3				4.0	
MIR4435-1HG		7.0	5.0	7.0	11.0
AC068491.3		2.0		3.0	
AC017002.2		2.0	1.0	4.0	
AC017002.1		2.0	1.0	4.0	
AC016683.5				3.0	
RP11-65I12.1				4.0	
PSD4		2.0	2.0	4.0	
AC016683.6		4.0	3.0	4.0	7.0
HOXD13				2.0	1.0
HOXD11		2.0	2.0	2.0	
AC009336.1				2.0	
HOXD9				2.0	
MIR10B				2.0	
HOXD10		2.0	2.0	2.0	
HOXD-AS2		1.0	1.0	2.0	
HOXD8				2.0	
HOXD3		2.0	2.0	2.0	
EVX2		2.0	2.0	2.0	
AC104076.2				2.0	1.0
AC104076.3				2.0	
C2orf62				4.0	
AC021016.6				4.0	
RP11-378A13.2				5.0	
MIR26B				5.0	
SLC11A1				5.0	
STK36		2.0	1.0	2.0	
CYP27A1		1.0		2.0	
COX4I2		1.0	1.0	3.0	
BCL2L1		2.0	1.0	4.0	
RP11-243J16.7				4.0	
RP11-410N8.3				6.0	
C20orf112		6.0	4.0	6.0	
FTLP1				2.0	
MMP9				2.0	
ZNF335		2.0		6.0	
PCIF1		1.0		6.0	
COX6CP2		3.0	1.0	4.0	
AJ006998.2		4.0	3.0	4.0	1.0
LINC00649		4.0	2.0	4.0	
AP000569.9				4.0	
AP000695.1				2.0	
PSMD4P1				2.0	
CHAF1B				2.0	
AP000695.6		2.0	3.0	2.0	1.0
AP000695.4		2.0	3.0	2.0	1.0
AP000696.2				1.0	
AP000697.6		1.0		1.0	
SIM2				1.0	
BPIFC		1.0	1.0	3.0	
FBXO7		3.0	1.0	3.0	
CTA-941F9.9		1.0		1.0	
RNU6-1161P				1.0	1.0
FBLN1				1.0	2.0
WI2-85898F10.1				1.0	2.0
CR536603.1				2.0	
CITF22-92A6.1		1.0		2.0	2.0
MIOX				4.0	
LMF2				4.0	
SCO2		1.0		4.0	
CTA-384D8.36				4.0	
TYMP				4.0	
CTA-384D8.35		1.0	1.0	4.0	
CTA-384D8.34		1.0		4.0	
CTA-384D8.31				4.0	
SYCE3				4.0	
CPT1B		2.0	1.0	4.0	
ADM2				4.0	
NCAPH2		1.0	1.0	4.0	
ODF3B		3.0	1.0	4.0	
CHKB-CPT1B		2.0	1.0	4.0	
CHKB		3.0	1.0	3.0	
KLHDC7B				4.0	
CHKB-AS1				3.0	
CTA-384D8.33		1.0	1.0	3.0	
MAPK8IP2		1.0	1.0	3.0	
ARSA		1.0	1.0	4.0	
AC091492.2				9.0	
MIR3714				2.0	
RP13-480C15.1				6.0	
MITF		1.0		1.0	
RP11-438D8.2		1.0	1.0	6.0	
XRN1		4.0	1.0	4.0	
RPL6P9				4.0	
RNA5SP143		1.0	1.0	4.0	
PLS1		2.0	1.0	3.0	1.0
RNU7-18P				4.0	
TFRC		4.0	2.0	4.0	
FBXL5		1.0		2.0	
CC2D2A		1.0	1.0	2.0	
RP11-380P13.2				1.0	
RP13-497K6.1				1.0	
RP11-380P13.1		1.0		1.0	
RP11-231C18.2		2.0	1.0	2.0	
RP11-231C18.1				2.0	
RP11-545H22.1		2.0	1.0	2.0	
AC006552.1		5.0	3.0	5.0	
KIT		2.0	1.0	4.0	
AC112249.1				3.0	
RNU6-145P				3.0	
RP11-688H10.1				3.0	
RNU6-615P				2.0	
LIN54		1.0		2.0	
RP11-476C8.2				5.0	
GAPDHP60		1.0		4.0	
RP11-529H2.1		3.0	2.0	4.0	1.0
OSMR		1.0		1.0	
CTD-2127H9.1				1.0	
MEF2C-AS1		7.0	5.0	7.0	
RN7SL562P				6.0	
CTD-2301A4.1				6.0	
PFN3				4.0	
MXD3		2.0	1.0	3.0	
F12		1.0		4.0	
GRK6		1.0		4.0	
RP11-405O10.2				6.0	
AL050335.1		2.0	1.0	2.0	
GMPR		4.0	2.0	4.0	
XXbac-BPGBPG34I8.1		2.0		6.0	36.0
HNRNPA1P1		6.0	1.0	6.0	13.0
ZNF184		7.0	1.0	8.0	34.0
NPM1P51		1.0	1.0	7.0	
AL035588.1				7.0	
RP11-298J23.5				7.0	
TFEB		7.0	3.0	7.0	
PGC		1.0	1.0	7.0	
RP11-298J23.8				5.0	
PRICKLE4		4.0	1.0	5.0	
TOMM6				4.0	
RP11-298J23.9				4.0	
SNORA8				4.0	
FRS3		1.0		5.0	
USP49		2.0	1.0	4.0	
RP5-973N23.4				2.0	
MED20		1.0		5.0	
CCND3		9.0	4.0	10.0	
RNU6-761P				9.0	
RP11-533O20.2		1.0		8.0	
TAF8		3.0	2.0	8.0	
RP11-7K24.3				3.0	
C6orf132				3.0	
RP1-261G23.5				1.0	
RP11-344J7.2		2.0	2.0	2.0	10.0
AL109615.1				2.0	
RP5-1120P11.3				2.0	
RP5-1120P11.4				2.0	
RP5-1120P11.1		2.0	1.0	2.0	4.0
CEP57L1				4.0	
RP11-425D10.4				6.0	
MICAL1		1.0		3.0	
ZBTB24		1.0		2.0	
FIG4		3.0	1.0	4.0	
TPD52L1				1.0	
HDDC2		1.0		1.0	
CTA-31J9.2				3.0	
RP1-287H17.1		4.0	1.0	4.0	
RP11-557H15.4				3.0	2.0
RP3-352A20.1		5.0	2.0	4.0	
MYB-AS1				7.0	
MIR548A2				6.0	
MYB		7.0	4.0	7.0	
RP1-32B1.4		1.0	1.0	3.0	
RP3-388E23.2		3.0		4.0	
AHI1		5.0		5.0	
LINC00271		3.0	1.0	3.0	
AL360178.1				2.0	
RP1-155D22.2		3.0	1.0	3.0	
AC147651.4				2.0	
UNCX		2.0	3.0	2.0	
AC073094.4		1.0		2.0	
AC004854.4				4.0	
MIR4657				4.0	
PPIA				4.0	
H2AFV		4.0	2.0	4.0	
PURB				4.0	
AC013436.6				6.0	
IKZF1		6.0	3.0	8.0	2.0
AC073850.6				3.0	
CD36		4.0		4.0	
SEMA3C				2.0	
RP4-604G5.3				3.0	
AZGP1		1.0		3.0	
AZGP1P1		1.0		3.0	
ZSCAN21				2.0	
COPS6				2.0	
MIR25				2.0	
MIR93				2.0	
MIR106B				2.0	
AP4M1				2.0	
ZNF3		2.0	1.0	2.0	
MCM7				2.0	
TAF6				2.0	
RP11-506M12.1				3.0	
CNPY4				3.0	
MBLAC1				3.0	
AC073842.18		1.0		2.0	
LAMTOR4				2.0	
C7orf43				2.0	
MIR4658				2.0	
GPC2		1.0		2.0	
AC073842.19				2.0	
GAL3ST4				2.0	
PVRIG2P				5.0	
SPDYE3				5.0	
PMS2P1		4.0	1.0	5.0	
STAG3L5P		1.0		5.0	
STAG3L5P-PVRIG2P-PILRB		1.0		5.0	
PILRB		1.0		5.0	
ZCWPW1		1.0		4.0	
GNB2		1.0		6.0	
POP7		2.0	1.0	4.0	
TFR2		5.0	3.0	7.0	
ACTL6B				6.0	
EPO		2.0		5.0	
ZAN		4.0	2.0	5.0	
RN7SL750P				2.0	
SLC12A9		1.0		6.0	
EPHB4				3.0	
RN7SL549P		3.0		6.0	
RP13-650G11.1				5.0	
MUC3A		2.0	1.0	4.0	
RP11-395B7.2				1.0	
RP11-395B7.4				2.0	
MUC17		1.0	1.0	2.0	
RN7SKP54				2.0	
RP11-395B7.7				2.0	
TRIM56		1.0		2.0	
SERPINE1				1.0	
RP11-148K1.10				2.0	
CDK5		1.0		2.0	
RP11-148K1.12				1.0	
FASTK				1.0	
TMUB1				1.0	
ATG9B				2.0	
SLC4A2		1.0		2.0	
AGAP3				1.0	1.0
ABCB8				2.0	
FP15737		1.0	1.0	3.0	
RNU4-71P		1.0		3.0	
RP11-583M2.2		1.0		2.0	1.0
SLC25A37		3.0	1.0	3.0	2.0
RP11-1007J8.1				2.0	
RP11-70J12.1				3.0	
RP11-6J24.3				2.0	
PPAPDC2				2.0	
RP11-6J24.6		1.0		2.0	
CDC37L1				3.0	
SPATA6L		2.0		2.0	
AK3		3.0	1.0	5.0	
RP11-307I14.4		4.0	1.0	5.0	1.0
RP11-307I14.2		3.0	1.0	5.0	
PES1P2		1.0		1.0	
RP11-284P20.3				1.0	
LINC00583				1.0	
ACO1		1.0		1.0	
DDX58				1.0	
RP11-535C21.3				5.0	
RNU6-918P		2.0	1.0	2.0	
ANP32B		3.0	1.0	5.0	7.0
RNA5SP296				1.0	
MIR4672				1.0	
ENG				1.0	
RP11-228B15.4				1.0	
AK1		1.0		1.0	
RP11-203J24.9				1.0	
ST6GALNAC4				1.0	
OBP2B		3.0	2.0	7.0	2.0
MED22		1.0	1.0	6.0	
RP11-244N20.7				6.0	
SNORD24				5.0	
SNORD36B				5.0	
SNORD36A				5.0	
SNORD36C				5.0	
SLC2A6		3.0	2.0	3.0	3.0
CACFD1		2.0	1.0	3.0	1.0
RNU6-537P				4.0	
MTOR-AS1		1.0		4.0	
AL391650.1				1.0	
TRIM63		1.0		1.0	
PDIK1L		2.0	1.0	2.0	
RP11-415J8.7				1.0	
AL513327.1				1.0	
MIR3605				1.0	
RN7SKP16				1.0	
A3GALT2		1.0		1.0	
RP11-415J8.3		1.0		1.0	
PHC2				1.0	
RP11-415J8.5				1.0	
RNU6-608P				4.0	
RP4-635E8.1				2.0	
RP11-399E6.4				2.0	
FOXO6		2.0	1.0	2.0	
RNU6-1026P				1.0	
RP1-158P9.1		3.0	2.0	3.0	4.0
RNA5SP20				1.0	
RN7SL370P				1.0	
ZZZ3		1.0		2.0	
RP11-181C21.4				1.0	
NSRP1P1		1.0		2.0	
RP11-181C21.6				2.0	
NEXN-AS1				2.0	
FAM73A		1.0		2.0	
NEXN		1.0		2.0	
RNU6-1102P				1.0	
RP11-386I14.3				1.0	
RNA5SP22				1.0	
RNFT1P2				1.0	
GIPC2		2.0	2.0	2.0	
RP11-307C12.11				7.0	
EFNA4				7.0	3.0
EFNA3				7.0	3.0
MIR214				4.0	
MIR199A2				4.0	
DNM3OS				4.0	
RP4-798P15.3		2.0	1.0	5.0	
TSEN15		2.0	1.0	2.0	
MIR1231				2.0	
IPO9-AS1				2.0	3.0
IPO9		2.0		3.0	
SHISA4		1.0		2.0	
RP11-465N4.2				1.0	
RP11-307B6.3				2.0	
TIMM17A				1.0	
RNPEP				1.0	
SNORA72				3.0	
RAB7L1		1.0		2.0	
NUCKS1		2.0	1.0	2.0	
SLC41A1				2.0	
RP11-365D23.4				1.0	
RP11-129O7.2				3.0	
RN7SKP241				6.0	
PRTFDC1		6.0	1.0	6.0	
RNA5SP319				1.0	
RP11-524O24.2				1.0	
DNA2				1.0	
SLC25A16		1.0		1.0	2.0
COX20P1				1.0	
RP11-119F7.3				1.0	
TET1		1.0		1.0	
PPIF		2.0	1.0	6.0	
RP11-342M3.5		2.0		5.0	
RP11-76P2.4				5.0	
PLCE1-AS1		3.0	1.0	7.0	3.0
SEC31B				2.0	
NDUFB8				1.0	
HIF1AN		1.0		1.0	
RP11-179B2.2				3.0	
FAM178A				3.0	
PAX2		3.0		3.0	1.0
C10orf32		1.0		6.0	
RP11-753C18.8				4.0	
RP11-724N1.1				4.0	
C10orf32-ASMT		4.0		6.0	2.0
RNU6-372P				5.0	
RNU6-728P				1.0	1.0
MIR3941				2.0	
MIR4296				1.0	
H19		2.0	1.0	2.0	1.0
AC013791.2				3.0	
RP11-587D21.1				1.0	
LINC00678		1.0		2.0	1.0
RP11-587D21.4		4.0	1.0	4.0	
RP4-710M3.1				2.0	3.0
RP4-710M3.2		1.0		2.0	
SEC14L1P1				1.0	
RP11-613D13.5		1.0		1.0	
HSD17B12		2.0		2.0	
ALKBH3				1.0	
RP11-793I11.1		8.0	3.0	9.0	5.0
NDUFA3P2				3.0	
AP000807.2				3.0	
AP000807.1				3.0	
PPP6R3		3.0	1.0	3.0	
LRP5		2.0	1.0	3.0	
RP11-543P15.1				2.0	
RP5-1063M23.2				2.0	
RP5-1063M23.1				2.0	
CDKN1B		2.0		3.0	
RP11-180M15.4				3.0	
MIR613				3.0	
RP11-59H1.4				2.0	
RP11-180M15.3		1.0		3.0	
GPR19		1.0		3.0	
RP11-474P2.2				1.0	
RP11-474P2.4				1.0	
SLC38A2		1.0		1.0	
RP11-96H19.1		1.0		1.0	3.0
RP11-70F11.7		1.0		4.0	3.0
RP11-70F11.2				4.0	
RP11-70F11.11				4.0	
BCDIN3D-AS1				4.0	
BCDIN3D				4.0	
RP11-70F11.8				4.0	
NACA				3.0	
HSD17B6		3.0	1.0	5.0	1.0
AC090673.2				3.0	
RP11-366L20.3				5.0	
RN7SL804P		1.0		3.0	
RP11-159A18.1		3.0	2.0	3.0	1.0
YEATS4		1.0	1.0	4.0	
RP11-956E11.1		2.0		3.0	
FRS2				3.0	
SOCS2		2.0	1.0	3.0	3.0
RP11-887P2.3		1.0		1.0	
SOCS2-AS1		1.0		3.0	
RP11-512N21.1				2.0	
RP11-554E23.3				2.0	
RP11-554E23.2		1.0		2.0	
CCDC53		2.0	1.0	2.0	6.0
DRAM1		2.0	1.0	3.0	1.0
RP11-554E23.4				2.0	
RP3-521E19.2				5.0	
RN7SKP71				5.0	
RN7SL865P				3.0	
RP11-110L15.1		3.0	2.0	3.0	
RP11-512M8.3				2.0	
RPL21P1				2.0	
CLIP1		2.0		2.0	2.0
RP11-324E6.8				2.0	
HCAR1		5.0	4.0	5.0	
RP11-197N18.7				4.0	
hsa-mir-8072		1.0	1.0	3.0	
SETD8		2.0	1.0	5.0	2.0
RP11-408I18.9				2.0	
FAM101A		5.0	5.0	6.0	11.0
AL139328.1				3.0	
CHCHD2P11		1.0		3.0	
DGKH		4.0	3.0	4.0	
RP11-432M24.4		1.0		1.0	
ARL11				1.0	
AL135901.1				2.0	
EBPL		2.0	1.0	2.0	1.0
KPNA3		1.0		2.0	
RNY4P30		1.0		1.0	
CTAGE10P		1.0		1.0	
RNY4P9				2.0	
MIR16-1				1.0	
RPL18P10				1.0	
TRIM13				1.0	
KCNRG				1.0	
RP11-175B12.2		2.0		5.0	5.0
DLEU7		2.0		2.0	1.0
RP11-318G21.4				1.0	
RN7SL810P				1.0	
EDNRB		1.0		1.0	
RNF219-AS1				1.0	
SNORD8				1.0	
RP11-689J19.1				1.0	
EIF4EBP1P1				1.0	
RN7SL650P				1.0	
RAB2B				1.0	
CHD8		1.0		1.0	
RP11-124D2.7				4.0	
PPP1R3E				4.0	
PABPN1		1.0		3.0	
AL049829.1				3.0	
SLC22A17				3.0	
EFS				3.0	
RP11-124D2.3				3.0	
IL25		1.0		3.0	
HOMEZ		3.0	1.0	4.0	
BCL2L2				4.0	
BCL2L2-PABPN1		1.0		3.0	
RNU6-802P		1.0		3.0	
ADCY4		1.0	1.0	3.0	
RP11-934B9.3		1.0	1.0	3.0	
RIPK3				3.0	
CTD-2568P8.1		1.0		1.0	3.0
PPM1A				1.0	
RP11-1042B17.1				1.0	
RP11-1042B17.2				1.0	
RP11-1042B17.5				1.0	
CHGA				1.0	
RP11-862G15.1				1.0	
RP11-862G15.2				1.0	
RP11-1008C21.2		1.0		1.0	
RP11-1008C21.1				1.0	
RP11-346D14.1		1.0		1.0	
RP11-321F6.1				2.0	2.0
RP11-158M2.3				2.0	
RP11-158M2.5				2.0	
MIR1276				2.0	
RP11-158M2.6				2.0	
RNU6-231P				1.0	
MIR548AP				1.0	
RP11-158M2.4				2.0	
KLHL25		1.0		2.0	
RP11-35O15.1		3.0	2.0	4.0	
JMJD8				3.0	
LA16c-313D11.12				2.0	1.0
LA16c-380A1.1				2.0	
METRN				2.0	
FAM173A				2.0	
CCDC78				2.0	
HAGHL		2.0	1.0	2.0	
MSLN				3.0	
MSLNL				3.0	
MIR662				3.0	
WDR24				2.0	
FBXL16				2.0	
NARFL		2.0	1.0	3.0	
RN7SL219P				1.0	
MIR1225				2.0	
RP11-304L19.1				2.0	
NPW				1.0	
SLC9A3R2				1.0	
TSC2		1.0		2.0	
PKD1		2.0	1.0	3.0	
RP11-304L19.3				2.0	
NTHL1				1.0	
RP11-304L19.2				3.0	
MIR4516				3.0	
MIR3180-5				3.0	
RP11-304L19.5				3.0	
SNORD60				3.0	
RP11-304L19.4		1.0		3.0	
RAB26				3.0	
TRAF7		1.0	1.0	4.0	
MLST8		1.0		4.0	
AC009065.3				4.0	
RP11-304L19.8				3.0	
PGP		3.0	1.0	3.0	
RP11-304L19.12				3.0	
DNASE1L2				3.0	
BRICD5				4.0	
E4F1				3.0	
CASKIN1		2.0	1.0	4.0	
RP11-304L19.11				3.0	
ECI1				3.0	
RNPS1				3.0	
AC009065.1				3.0	
RP11-462G12.2				3.0	
RP11-462G12.1				3.0	
PPL		2.0		3.0	
MIR1972-1				2.0	
RP11-680G24.5				2.0	
RP11-72I8.1				2.0	
NTAN1		1.0		2.0	
PDXDC1		2.0	3.0	2.0	
CTD-2515A14.1		1.0		3.0	
SLC5A11				2.0	
CTD-2574D22.4				2.0	
CTD-2574D22.2				2.0	
HIRIP3				2.0	
INO80E				2.0	
RNU6-1153P				2.0	
RP11-44F14.5				2.0	
AKTIP				2.0	1.0
RBL2		2.0	1.0	2.0	
RP11-158I3.3				1.0	
LINC00917		1.0		1.0	
RP5-1142A6.5				3.0	
CTU2		1.0	1.0	3.0	3.0
MIR4722				3.0	
RNF166		1.0	1.0	3.0	2.0
SPEM1		1.0	1.0	3.0	3.0
C17orf74				3.0	
FGF11		1.0		3.0	
RP11-104H15.8				3.0	
RP11-104H15.10		1.0		3.0	
SLC35G6				4.0	
CHRNB1		1.0		3.0	1.0
RP11-104H15.7		3.0	2.0	3.0	3.0
TMEM102				3.0	
RP11-104H15.9				3.0	
EFNB3		2.0	1.0	4.0	
RP11-218M11.3				4.0	
RP11-218M11.1				4.0	
KRT17P3				4.0	
ALOX12P1		1.0		4.0	
RP11-271K11.1				4.0	
TBC1D29		2.0	1.0	4.0	
RP11-218M11.6				4.0	
AC006050.2		1.0		4.0	
SMURF2P1				3.0	
GOSR1				4.0	
CTD-2349P21.1				2.0	
RNU6-298P				3.0	
RP13-753N3.1				3.0	
CTD-2349P21.11				3.0	2.0
TEFM				4.0	
RP11-848P1.5				3.0	
MIR4733				3.0	
RP11-142O6.1				2.0	
RP11-271K11.5				3.0	
RP11-848P1.9		2.0		3.0	1.0
AK4P1				3.0	
AC006449.1				2.0	
CISD3				2.0	
RNA5SP440				2.0	
CTB-58E17.5				2.0	
RNU6-866P				2.0	
MLLT6				2.0	
PCGF2		1.0		2.0	
PSMB3		1.0		2.0	
PIP4K2B		1.0		2.0	
CWC25				1.0	
HEXIM1		1.0		1.0	
HEXIM2				1.0	
RP13-890H12.2		1.0		1.0	
ACBD4		1.0		2.0	
AC002117.1		1.0		1.0	
CTD-2020K17.1				1.0	
RNU1-42P				1.0	
RP11-501C14.5		1.0		3.0	
RNU6-826P				3.0	
RP11-501C14.7				3.0	
RP11-501C14.6		1.0		3.0	
TACO1				3.0	
RP11-51F16.9		1.0		3.0	
RP11-51F16.5				3.0	
DCAF7				3.0	
MAP3K3		3.0	2.0	3.0	
RN7SL805P				2.0	
CSH2				3.0	
GH2		1.0		3.0	
RP11-630H24.3		2.0	1.0	3.0	
CSH1				3.0	
RP11-630H24.4				3.0	
CSHL1		3.0	2.0	3.0	
GH1				3.0	
CD79B				3.0	
SMARCD2				2.0	
TCAM1P				2.0	
KCNJ16		1.0		1.0	
KCNJ2				1.0	
AC002539.1		1.0		1.0	
MIR657				1.0	
MIR338				1.0	
MIR1250				1.0	
RP11-149I9.2				1.0	
AATK		1.0		1.0	
AATK-AS1				1.0	
AC105247.1				4.0	
CABLES1		4.0	2.0	4.0	
TMEM241				3.0	
RIOK3				3.0	2.0
C18orf8		3.0		3.0	5.0
MIR4744				2.0	
RP11-15F12.1		1.0		2.0	
RP11-15F12.3				2.0	
DYM		3.0	2.0	3.0	
RP11-110H1.9		1.0		3.0	
SDCCAG3P1				1.0	
RP11-866E20.3				1.0	
FAM60CP				1.0	
RNU6-567P		2.0	2.0	2.0	
RPS3AP49				5.0	
RNU4-17P		3.0	1.0	5.0	
RP11-795H16.2		3.0		5.0	5.0
RP11-795H16.3		2.0		5.0	1.0
RP11-396N11.1		3.0		3.0	3.0
RP11-751H17.1				2.0	
GALR1		2.0	1.0	2.0	
C19orf77				3.0	
NFIC		4.0	2.0	4.0	
AC027319.2				2.0	
MIR4747				5.0	
ARRDC5				2.0	
PLIN3				2.0	
CTB-25J19.9				1.0	
AC010311.1				3.0	
ZNF557				1.0	
ILF3-AS1				6.0	
TMEM160				3.0	
RN7SL533P				4.0	
NPAS1				3.0	8.0
SAE1		1.0		4.0	
AC105393.2		2.0		3.0	
AC093326.1				2.0	1.0
AC093326.2				3.0	
AC093326.3		3.0		3.0	5.0
TMEM18		6.0	1.0	6.0	5.0
AC092159.2				6.0	
AC092159.3				3.0	
RNA5SP91				2.0	
RNU6-105P				2.0	
AC007969.5				3.0	
RPL21P38		1.0		2.0	
RN7SKP43				1.0	
AC009492.1		1.0		1.0	3.0
KCNE4		2.0	1.0	2.0	
RP5-1002M8.4				2.0	
CRNKL1				2.0	
C20orf26		2.0	1.0	2.0	
RN7SL511P		1.0		4.0	
SNTA1		3.0	2.0	5.0	1.0
C20orf144				2.0	
ACTL10				2.0	
RP1-63M2.5				2.0	
PXMP4		2.0	1.0	5.0	1.0
RP4-553F4.2		1.0		5.0	
RPL31P2				6.0	
NECAB3				2.0	
RPS2P1		3.0	2.0	4.0	
RP1-64K7.4				4.0	
EIF2S2				4.0	
MIR4755				4.0	
CTD-3216D2.4		2.0		5.0	1.0
CDC42P1				4.0	
ITCH-AS1				4.0	
ITCH		4.0	3.0	6.0	3.0
RP11-346K17.3		2.0	2.0	5.0	
PIGU		4.0	2.0	7.0	8.0
TP53INP2		1.0	1.0	4.0	
MIR499A				5.0	
ACSS2		1.0		5.0	1.0
MYH7B		3.0	2.0	5.0	6.0
EIF6				5.0	
FAM83C-AS1				5.0	
FAM83C		3.0	1.0	5.0	
RP4-614O4.11		2.0	1.0	5.0	3.0
EDEM2		6.0	4.0	6.0	20.0
MMP24-AS1		5.0	3.0	6.0	9.0
MMP24		5.0	3.0	6.0	9.0
GDF5OS		1.0		3.0	1.0
MIR1289-1				3.0	
RP3-477O4.14				4.0	1.0
SPAG4		2.0		5.0	
RN7SKP271				5.0	
RNU6-759P				5.0	
CPNE1		1.0	1.0	6.0	
RP1-309K20.6				6.0	
RBM12				6.0	
NFS1		3.0	1.0	6.0	5.0
ROMO1				5.0	
RBM39		3.0	1.0	5.0	2.0
RPF2P1				4.0	
COX7BP2				2.0	
HIGD1AP16				2.0	
RNU4-40P				2.0	
PHF20		2.0	1.0	4.0	
RNU6-937P				1.0	
SCAND1				4.0	5.0
RP4-550H1.5				4.0	
RP11-234K24.3				1.0	
AL121895.1				1.0	
RP4-550H1.4		1.0	1.0	4.0	
EPB41L1		2.0	1.0	4.0	
AAR2		2.0	1.0	2.0	1.0
DLGAP4		4.0	2.0	4.0	2.0
RN7SL156P				3.0	
SOGA1		3.0	1.0	3.0	
TLDC2		1.0		3.0	
SAMHD1		2.0	1.0	5.0	
RP4-723E3.1		2.0		2.0	9.0
RP5-1022J11.2				2.0	
MRPS33P4				2.0	
AP001422.3				2.0	
JAGN1				2.0	
RNU6-882P				2.0	
PRRT3				2.0	
RP11-1020A11.2				2.0	
IL17RE				2.0	
CRELD1				2.0	
RP11-1020A11.1				2.0	
PRRT3-AS1				2.0	
EMC3				2.0	
IL17RC		2.0	1.0	2.0	
ACVR2B-AS1		2.0	1.0	2.0	
DDTP1				2.0	
RPL18AP7				2.0	
EXOG		1.0		4.0	
CTD-2330K9.3		2.0		9.0	
MON1A		2.0		9.0	1.0
CTD-2330K9.2				9.0	
MIR566				8.0	
GNAT1		1.0	1.0	7.0	2.0
SERBP1P3				2.0	
RP11-894J14.5		2.0	1.0	2.0	7.0
FAM208A		2.0	1.0	2.0	1.0
CCDC66		1.0	1.0	2.0	
H1FX		1.0		2.0	
NUP210P3		1.0		2.0	
HMCES				2.0	
RP13-685P2.8		1.0		1.0	1.0
RP13-685P2.7				1.0	
RP11-529F4.1				1.0	1.0
RPL32P3				1.0	
RP11-423E7.1				4.0	
RN7SL141P				4.0	
BZW1P1		1.0		4.0	
GHSR		4.0	3.0	4.0	
MIR1224				2.0	
ALG3				2.0	
CAMK2N2				1.0	
VWA5B2				2.0	
EIF2B5		2.0		2.0	2.0
PSMD2		1.0		2.0	
RP11-537I16.2				4.0	
SENP2		2.0	1.0	4.0	
ETV5-AS1				3.0	
ETV5		2.0	1.0	3.0	
DGKG		3.0	1.0	3.0	
KRT18P63				2.0	
LCORL		4.0	3.0	4.0	
FIP1L1		2.0	1.0	2.0	1.0
PRKG2		2.0	1.0	2.0	1.0
DSPP				1.0	
DMP1				2.0	
RP11-742B18.1		2.0		2.0	
RN7SL89P		2.0		3.0	
AC079341.1				2.0	
CCNA2				2.0	
BBS7				2.0	
TMEM155				2.0	
RP11-170N16.3				1.0	
NUDT6		1.0		1.0	
KRT18P51		2.0		2.0	1.0
HHIP-AS1		4.0	1.0	4.0	
RP13-539F13.2		1.0		2.0	
RP13-539F13.3				3.0	
ANAPC10		5.0	1.0	6.0	
ABCE1				5.0	
OTUD4		3.0	1.0	6.0	
RPS4XP6				1.0	
NIPBL		1.0		1.0	
C5orf42				1.0	
RP11-648M2.2				1.0	
CCDC152				2.0	
RP11-116B13.1		2.0	1.0	3.0	
RPS3AP22				2.0	
CTC-498M16.3				2.0	
CTC-498M16.2				2.0	
CTC-498M16.4				2.0	2.0
TMEM161B-AS1		2.0		2.0	
CTD-2337A12.1		3.0		4.0	2.0
KRT8P33				2.0	
CTC-228N24.3		5.0	1.0	5.0	6.0
AC063976.3				1.0	
AC063976.7				2.0	
CTD-3224K15.3				1.0	
CTD-3224K15.2				1.0	
RNU6-236P				1.0	
CXXC5		1.0		1.0	
CTB-35F21.1		1.0		1.0	
SLIT3		3.0	2.0	3.0	2.0
FGF18		3.0	1.0	3.0	1.0
FBXW11		2.0	1.0	2.0	
RNA5SP200				2.0	
RNU6-500P		1.0		1.0	
STC2		1.0		1.0	
ZNF346-IT1				3.0	
ZNF346		2.0	1.0	5.0	
HIST1H2BE		5.0	2.0	10.0	
HIST1H4D				10.0	
HIST1H1PS1				9.0	
HIST1H2AD				9.0	
HIST1H2BF		1.0	1.0	9.0	
RP1-34B20.4				9.0	
HIST1H4E		2.0	1.0	9.0	4.0
HIST1H2BG				8.0	
HIST1H2AE				8.0	
HIST1H3D				9.0	4.0
AL021917.1				9.0	
BTN3A2		4.0	2.0	9.0	22.0
BTN2A2		3.0	1.0	9.0	6.0
BTN3A1		1.0		8.0	4.0
BTN2A3P				9.0	1.0
RP11-239L20.3		1.0		8.0	3.0
LINC00240		5.0	2.0	13.0	9.0
AL138721.1				3.0	
MKRNP2		2.0	1.0	3.0	18.0
RP3-340B19.3		1.0	1.0	4.0	4.0
RP3-340B19.2		3.0	1.0	4.0	1.0
RP3-340B19.5				4.0	
RPS17P5		3.0		3.0	
RP4-753D5.3		1.0		3.0	
RP11-250B2.6		1.0	1.0	2.0	
RPL17P25				2.0	
SUMO2P8				6.0	
RP11-425D10.10				5.0	
AL109947.1				2.0	
SMPD2				2.0	
CD164		1.0		5.0	
PPIL6		2.0		4.0	
RP1-293L8.2				2.0	
RP11-624M8.1		2.0	1.0	2.0	1.0
VIMP1				2.0	
RPS4XP9		5.0	3.0	3.0	5.0
RP3-332B22.1		1.0		1.0	
AL360007.1		3.0	1.0	3.0	
RP11-753B14.1		1.0		3.0	
VTA1		1.0		2.0	
GPR126		3.0	1.0	3.0	
RP3-443C4.2				6.0	
AC006028.11				4.0	
RNU7-143P				3.0	
AC079780.3				3.0	
RPS2P32				2.0	
TRA2A				2.0	
IGF2BP3		3.0	2.0	3.0	2.0
AC018705.5		1.0	1.0	3.0	
DDC		3.0	2.0	3.0	
BCL7B		3.0		9.0	
FAM133B		1.0	1.0	8.0	
JHDM1D				2.0	
RNY5		2.0	1.0	2.0	
RNY4		1.0		2.0	
RNY3				2.0	
RNY1				2.0	
PDIA4		1.0		1.0	
TMEM176B				2.0	
TMEM176A		1.0	1.0	2.0	
RP5-1051J4.4				2.0	
RNA5SP255		1.0		2.0	
RP11-145O15.3				2.0	
DLC1		3.0	1.0	3.0	
AC018607.1				3.0	
RN7SL798P				1.0	
LYN		3.0	1.0	3.0	
RP11-140I16.3		1.0		2.0	
RP11-140I16.2		1.0		2.0	
PLAG1		2.0	1.0	2.0	
CHCHD7				2.0	
RP11-33E15.1		2.0	1.0	2.0	
RP11-99I9.2				1.0	
ENPP2		1.0		1.0	
RP11-274M4.1		1.0		5.0	9.0
RP11-419K12.1		5.0	3.0	6.0	2.0
GSDMC		1.0		2.0	
ZFAT-AS1		1.0		3.0	
ZFAT		3.0	2.0	3.0	
CTD-2342N23.2				3.0	
CTD-2342N23.3		1.0		1.0	
MIR30B				1.0	
MIR30D				1.0	
AC083843.1		1.0		1.0	
RP11-435O5.7				1.0	
MT1P1				2.0	
RP11-435O5.2		1.0		3.0	
RP11-435O5.6				5.0	
RP11-435O5.5				5.0	
RP11-435O5.4				4.0	
HSD17B3				2.0	
SLC35D2		2.0	1.0	4.0	
RNA5SP292		1.0		2.0	
AL137024.1				2.0	
RP11-45A16.4				2.0	
HSPA5				1.0	
RP11-65N13.6				1.0	
RABEPK				1.0	
RP11-65N13.8		1.0		1.0	
GAPVD1				2.0	
RP11-5P18.5				1.0	
HSPB7				2.0	1.0
RP11-5P18.10				2.0	
CLCNKB		1.0		2.0	
FAM131C		1.0	1.0	2.0	
C1orf64				1.0	
SLC50A1				3.0	
DPM3				3.0	
RNU7-150P				3.0	
EFNA1		2.0	1.0	3.0	1.0
RP11-243J18.2				2.0	
MSTO1				2.0	2.0
MSTO2P				2.0	2.0
HSPA6				4.0	
RPS23P10				4.0	1.0
RP11-5K23.5				4.0	
HSPA7				7.0	
RP11-25K21.6		3.0	2.0	7.0	1.0
FCGR3A		5.0	2.0	7.0	
FCGR2C		1.0		7.0	
FCGR2B		5.0	4.0	7.0	
RP11-16L9.2		1.0		4.0	2.0
TSNAX				1.0	
TSNAX-DISC1		1.0		1.0	
LINC00582		1.0		1.0	
RP11-474C8.4				1.0	
RP11-474C8.5				1.0	
C12orf68				1.0	
DKFZP779L1853				1.0	
C12orf54				1.0	
RP11-722P11.4				1.0	
RNA5SP373				4.0	
RP3-521E19.3				4.0	
MIR1302-1				6.0	
RP11-216P16.4		3.0	3.0	6.0	2.0
TUBGCP4				1.0	
TP53BP1		1.0		5.0	
PIN4P1				4.0	
FRMD5		6.0	8.0	6.0	
AC073940.1				6.0	
AC090519.2				6.0	
CTD-2524L6.3		1.0		3.0	1.0
RNA5SP399				3.0	
NR2E3		1.0		3.0	
RN7SL319P				2.0	
DNM1P49				2.0	
RP11-24M17.5		2.0		2.0	
RP11-167P11.2				1.0	
RANBP10		1.0		3.0	1.0
RP11-514D23.1		1.0		1.0	1.0
SNAI3-AS1		2.0		3.0	4.0
CHMP1A		5.0	3.0	7.0	5.0
RP11-368I7.4				7.0	
SPATA2L		2.0	1.0	6.0	3.0
SCARNA21				5.0	
AC025335.1				2.0	
TRAPPC1				3.0	
RP11-1099M24.7				3.0	
CNTROB				2.0	
AC135178.1		1.0		2.0	
RPL26				1.0	
RNF222				1.0	
RP11-849F2.5				1.0	
KRBA2				1.0	
RP11-849F2.7				1.0	
RP5-882C2.2		1.0		5.0	
SHC1P2				5.0	
RN7SL507P				4.0	
CTB-175E5.7		2.0		6.0	1.0
UBTF		1.0		6.0	1.0
AC003102.3				4.0	
SLC4A1		4.0	1.0	5.0	1.0
AC003043.1		4.0	1.0	5.0	1.0
RNU6-453P				4.0	
RUNDC3A				5.0	
RP11-619I22.1				6.0	
RP11-1058N17.1		2.0		3.0	2.0
AC006273.4				2.0	
AC006273.5				2.0	
AC006273.7		1.0	1.0	3.0	
MIR4745				3.0	
MIR3187				3.0	
PRTN3				4.0	
MISP				2.0	
PTBP1		2.0	1.0	3.0	
LPPR3		1.0		4.0	
ELANE				4.0	
CFD		1.0		3.0	
PLEKHJ1				1.0	
MIR1227				1.0	
SF3A2				1.0	
AC007292.4				3.0	
AC007292.1				2.0	
AC007292.6				4.0	
FSD1				2.0	
AC007292.7				2.0	
MPND				3.0	
AC007292.3				3.0	
SH3GL1		2.0	1.0	4.0	
CHAF1A		3.0	2.0	4.0	
STAP2				2.0	
CTB-50L17.9		1.0		4.0	
CTB-50L17.16				4.0	
RN7SL528P				4.0	
AC011498.1				4.0	
PLIN5		1.0		4.0	
RN7SL121P				4.0	
HDGFRP2		4.0	3.0	4.0	
PLIN4		1.0		4.0	
CTB-50L17.14				4.0	
LRG1				4.0	
SEMA6B				4.0	
UBXN6		1.0		4.0	
CTD-2085J24.5				2.0	
CTD-2085J24.3		2.0	1.0	2.0	
RN7SKP22				2.0	
CTD-2085J24.4				2.0	
SLC7A9		2.0	1.0	2.0	
TDRD12		1.0		2.0	
CEP89		2.0	2.0	3.0	
RN7SL758P				2.0	
SHKBP1				1.0	
NUMBL				2.0	
SPTBN4				2.0	
ADCK4		1.0	1.0	2.0	
MIR150				3.0	
CTD-3148I10.13				3.0	
hsa-mir-150				3.0	
FCGRT		2.0	5.0	3.0	6.0
RCN3		2.0	4.0	3.0	1.0
AC010883.5				5.0	
ZFP36L2				5.0	1.0
AC079988.3				2.0	
RN7SKP38				1.0	
PCK1		1.0		1.0	
RP4-718J7.4				1.0	
ZBP1				1.0	
CTCFL				2.0	
CSF2RBP1				4.0	
LL22NC01-81G9.3		2.0	1.0	4.0	
RP1-151B14.6				4.0	
Z97055.1				4.0	2.0
RP4-796I17.5				4.0	
PNPLA5				4.0	
SAMM50		1.0	1.0	4.0	14.0
SNORD50				1.0	
RN7SKP240				2.0	
CASC14		1.0		1.0	
RP3-425P12.4				4.0	
RP11-191A15.1				4.0	
RP11-191A15.2				4.0	12.0
RNY5P5				4.0	
CMAHP		4.0	2.0	4.0	11.0
RP11-191A15.4				3.0	3.0
KATNBL1P5				4.0	
RP3-522P13.1		1.0		4.0	
RP3-522P13.2		1.0	1.0	4.0	1.0
RP3-522P13.3		2.0	1.0	4.0	5.0
ABT1		3.0		5.0	14.0
RP11-457M11.6		1.0		5.0	
HIST1H2BK				6.0	
HIST1H4I				6.0	
HIST1H2AH				6.0	
MIR3143		1.0		6.0	
COX6A1P2		1.0		1.0	1.0
RPL12P2				1.0	
RP1-261G23.4				1.0	2.0
GSTA7P				6.0	
GSTA2		3.0	1.0	6.0	
RP1-152L7.1		2.0	1.0	6.0	
GSTA1		3.0	1.0	6.0	
GSTA6P				6.0	
GSTA5				3.0	
AC092849.1				2.0	
RP11-44M6.1		2.0		2.0	
RN7SL416P				3.0	
RP11-44M6.3				4.0	
SAP25				4.0	
TSC22D4				2.0	
NYAP1		1.0		2.0	
LRCH4		2.0	1.0	6.0	
AGFG2				3.0	
VLDLR		3.0	1.0	3.0	
RP11-125B21.2		3.0	1.0	3.0	
TMEM8C		1.0	1.0	3.0	3.0
LCE5A		1.0		3.0	
CRCT1				3.0	1.0
RP1-91G5.3		3.0	1.0	3.0	3.0
LRRC3C		1.0	1.0	6.0	
RP11-387H17.4		1.0		6.0	2.0
RNU6-306P				4.0	
HNRNPRP1				1.0	
AL359697.1				1.0	
RP4-635E18.6				2.0	
EXOSC10		1.0		2.0	
RP5-936J12.1		1.0		2.0	2.0
CWF19L1				5.0	
BLOC1S2		1.0	1.0	5.0	
PKD2L1		4.0	2.0	5.0	1.0
AL139819.1				4.0	
RP11-34D15.2		3.0	2.0	4.0	
RP11-221N13.2				2.0	
RP11-221N13.3				2.0	
RP11-230G5.2		2.0		2.0	3.0
AL138479.3		1.0	1.0	6.0	
MIR5580				6.0	
ATP5C1P1		1.0		6.0	
C14orf64		2.0		2.0	
RP11-1055B8.6		1.0		2.0	
MIR4740				2.0	
MIR3186				2.0	
RP11-1055B8.8				2.0	
RP11-1055B8.7		2.0		3.0	1.0
RP11-111J6.2		3.0	1.0	3.0	
RDH14				2.0	
RNU6-1215P				2.0	
NT5C1B-RDH14				2.0	
NT5C1B				2.0	1.0
RP11-444A22.1		4.0		4.0	9.0
AC007131.2				1.0	2.0
UPK3A				3.0	
FAM118A		2.0		2.0	
SMC1B		1.0		2.0	2.0
CTC-276P9.1				3.0	
PCBD2				3.0	
CATSPER3				3.0	
PITX1		3.0	1.0	3.0	
CTC-349C3.1		3.0	2.0	6.0	1.0
GFRAL		3.0		4.0	
HMGCLL1		1.0		2.0	
RP1-170O19.23				2.0	
RP1-170O19.21				4.0	
HOXA9				4.0	
HOXA-AS4				4.0	
MIR196B				4.0	
HOXA11				4.0	2.0
HOXA11-AS				4.0	
HOXA13				4.0	
EVX1-AS				4.0	
RP1-170O19.22		1.0		2.0	4.0
HOXA-AS3		1.0		4.0	4.0
HOXA7				4.0	
RP1-170O19.20		2.0		4.0	
HOXA10		2.0		4.0	
RP1-170O19.14		1.0		4.0	
RP1-170O19.17				4.0	
AC073150.6				2.0	4.0
AC004549.6		1.0		2.0	
TAX1BP1		2.0		2.0	
RN7SL365P				1.0	
AC116154.1				2.0	
KB-1047C11.2		2.0		2.0	
AL590822.1				4.0	
RP11-181G12.5				4.0	
C1orf86		1.0		4.0	
RP11-181G12.4		2.0		4.0	
RP11-415K20.1		5.0	3.0	5.0	4.0
RN7SL24P				2.0	
RP11-4M23.2				2.0	
RP11-4M23.3				2.0	
HMGCL				2.0	
FUCA1				2.0	
CNR2		2.0	2.0	2.0	
RP3-465N24.5				5.0	
SDHDP6				3.0	
AKR1A1		3.0	2.0	5.0	3.0
RP11-90C4.1		1.0	1.0	1.0	1.0
RP11-90C4.2				1.0	
RP4-710M16.1				3.0	1.0
RP4-710M16.2		2.0	1.0	2.0	2.0
RUSC1				2.0	
MIR555				1.0	
CLK2		1.0		2.0	
HCN3		1.0		2.0	1.0
PKLR				2.0	
FDPS		1.0		2.0	
RUSC1-AS1				2.0	
NUAK2		3.0	1.0	5.0	
EPRS				2.0	1.0
GCSAML-AS1				4.0	
OR2C3				4.0	
OR2G2				4.0	
RP11-978I15.10		3.0	2.0	4.0	
OR2G3				3.0	
RNU6-691P				3.0	
OR14L1P				3.0	
OR3D1P				3.0	
RP11-634B7.4		3.0	1.0	3.0	
OR13G1				3.0	
OR6F1				3.0	
RP11-634B7.5				3.0	
OR14A2				3.0	
OR14K1				3.0	
OR1C1		2.0	2.0	3.0	
OR9H1P				3.0	
ARHGAP21		2.0		2.0	
RP11-165A20.3				5.0	
ENKUR				3.0	
GPR158-AS1				1.0	
RP11-80K21.3				1.0	1.0
SFXN2		2.0		2.0	
WBP1L		3.0	2.0	5.0	2.0
ARL3				2.0	1.0
RNA5SP330				4.0	
RP11-318C2.1				3.0	2.0
C11orf58		2.0	1.0	3.0	1.0
TRPT1				4.0	
RP11-783K16.14				5.0	
DNAJC4				5.0	
VEGFB		1.0	1.0	5.0	
FKBP2				5.0	
RP11-783K16.5				5.0	
RP11-783K16.13		2.0		5.0	
FERMT3		1.0	1.0	4.0	
NUDT22				4.0	
PPP1R14B				5.0	
PLCB3		1.0		5.0	
BAD		2.0	1.0	5.0	
GPR137		2.0	1.0	5.0	
KCNK4				5.0	
RP11-783K16.10				5.0	
STIP1				3.0	
RN7SL309P		1.0		4.0	
KRT8P26		2.0	1.0	4.0	2.0
KAT5		1.0	1.0	4.0	
RP11-770G2.2				5.0	2.0
RNU6-735P				3.0	
RP11-490G8.1		3.0	3.0	3.0	
METAP2				3.0	
RP11-167N24.3				3.0	
USP44				1.0	
MIR4498				3.0	
RAB35		3.0	1.0	3.0	
CCDC64				3.0	
GCN1L1		1.0	1.0	3.0	
PLA2G1B				2.0	
RPS27P25				4.0	
RP1-166H1.2		4.0	4.0	6.0	1.0
COX6A1		3.0	3.0	8.0	1.0
TRIAP1		1.0		8.0	
RPL31P52				7.0	
AL021546.6		3.0		8.0	
GATC		3.0		8.0	
SRSF9				6.0	
DYNLL1		2.0		6.0	
DYNLL1-AS1				4.0	
RPL29P24				3.0	
COQ5		1.0		3.0	
POP5				7.0	
RPL11P5		4.0	4.0	6.0	1.0
NUFIP1		1.0		1.0	
SNORA73				6.0	
PSMB11		1.0		3.0	
CDH24		1.0		3.0	
RP11-298I3.5				3.0	
AJUBA				3.0	
PSMB5		3.0	1.0	3.0	
ACIN1				7.0	
RP11-298I3.4				3.0	
C14orf93				3.0	
STXBP6		5.0	3.0	5.0	
AL355885.1				2.0	
RNU7-41P				2.0	
RAB15				5.0	
MIR5694				1.0	
EIF2S1				1.0	
PLEK2		1.0	1.0	1.0	
TMEM229B				1.0	1.0
PNMA1				3.0	
MIR4505				6.0	
RP5-1021I20.1				6.0	
ELMSAN1		6.0	7.0	6.0	
RP11-600F24.7		4.0		7.0	1.0
TRMT61A		1.0	1.0	7.0	
RNU7-160P				8.0	
BAG5				8.0	
RNU4-68P				7.0	
RP11-894P9.2				8.0	
APOPT1		2.0	1.0	7.0	
RP11-73M18.2		4.0	2.0	8.0	1.0
FBXL22				1.0	
MIR422A		1.0		1.0	
DAPK2		1.0		2.0	
ZFAND6		1.0		1.0	
RNU4-36P				2.0	
ZFP90		2.0	1.0	4.0	
AC092143.1				4.0	
RP11-566K11.4				4.0	
RP11-566K11.7		2.0	1.0	4.0	1.0
RP11-566K11.5				6.0	
CENPBD1				6.0	
U6				2.0	
RN7SL17P				2.0	
UPF3AP2				2.0	
CCDC144CP		2.0	1.0	2.0	
AC004702.2		1.0		3.0	
RP11-1094M14.7				4.0	
RP11-686D22.10				4.0	
RP11-686D22.9				4.0	
RP11-1094M14.9				4.0	
RP11-1094M14.8				4.0	
RP11-1094M14.4				4.0	
RP11-1094M14.10		1.0	1.0	4.0	
SLFN13		1.0		3.0	
RP11-1094M14.5		2.0	1.0	4.0	
SLFN12L		4.0	1.0	4.0	
RP11-1094M14.12		2.0		3.0	
RP11-1094M14.14				3.0	
RP11-1094M14.1		1.0		3.0	
SNORD7				4.0	
PEX12				4.0	
SLFN14		3.0	1.0	3.0	
RP11-1094M14.11				4.0	
AP2B1		4.0	1.0	4.0	
CTC-507E2.2				4.0	
CTC-507E2.1				4.0	
RPL17P42				2.0	
RP1-161P9.5				2.0	
C17orf50				2.0	
RASL10B		1.0		2.0	
MMP28				2.0	
NT5C3B				1.0	
RP11-156E6.1		1.0		1.0	
LEPREL4				1.0	
KLHL10				1.0	
RN7SL871P				1.0	
ACLY				1.0	
FKBP10				1.0	
TMUB2		1.0	1.0	5.0	
C17orf53		1.0	2.0	5.0	
ASB16				5.0	
ASB16-AS1				5.0	
ATXN7L3				5.0	
RNU7-101P				5.0	
RP11-666A8.1				1.0	
SPHK1				1.0	
AANAT				1.0	
RHBDF2				1.0	
PRPSAP1				1.0	
UBE2O		1.0		1.0	
RP11-936I5.1				1.0	
MIR4316				1.0	
RP11-219G17.6				3.0	
THA1P		1.0	1.0	1.0	
BIRC5				3.0	
AC087645.1				3.0	
TMEM235				3.0	
RP11-219G17.4		1.0	1.0	1.0	
CCDC40				3.0	
GAA		1.0		3.0	
EIF4A3		3.0	2.0	3.0	
CARD14				3.0	
RNU6-9				1.0	
MED16		1.0	1.0	2.0	
R3HDM4		1.0	1.0	1.0	
AC005391.2				1.0	
KISS1R				1.0	
HMGB2P1				4.0	
STK11		1.0		5.0	
CTD-2369P2.2		1.0	1.0	6.0	
MIR4322				6.0	
CTD-2369P2.4				6.0	
CTD-2369P2.8				3.0	
ICAM4				3.0	
S1PR2		2.0	2.0	6.0	
CTD-2369P2.5		1.0		6.0	1.0
MIR638				4.0	
RPS3AP50		1.0	1.0	4.0	
AC002128.4				3.0	
AC002128.5				3.0	
FXYD7				3.0	
FAM187B		1.0	1.0	2.0	
LSR				3.0	
FXYD5		2.0	1.0	3.0	
FBXO46				7.0	1.0
PPP1R15A		2.0		2.0	
NUCB1-AS1				2.0	
HSD17B14				4.0	
PLEKHA4		1.0		3.0	
TULP2				2.0	
NUCB1				2.0	
NLRP2		1.0		3.0	
CTC-550B14.7		3.0	1.0	3.0	
GP6		3.0	1.0	3.0	
CTC-550B14.6		2.0	1.0	3.0	
EPS8L1				2.0	
RDH13		1.0		3.0	
SNRPEP5				3.0	
AC011747.3		3.0		3.0	
AC011747.4		3.0		3.0	
AC011747.6		3.0	2.0	3.0	
AC011747.7				3.0	
SNORA70F				6.0	
AC019181.3				6.0	
AC005540.3		2.0	2.0	2.0	
GLS				2.0	
AC009469.1				3.0	
HMGB1P9				3.0	
RP11-378A13.1				6.0	
GPBAR1				6.0	
AAMP				6.0	
ARPC2		3.0	1.0	6.0	
TMBIM1		3.0	2.0	7.0	1.0
RNU6-136P				3.0	
RQCD1		1.0		3.0	
PLCD4		1.0		3.0	
RP11-352D3.2				3.0	
RP4-779E11.3		1.0	1.0	3.0	
ADRA1D		1.0	1.0	3.0	
RP11-103J8.1		2.0	1.0	4.0	6.0
HSPEP1		1.0		1.0	
MTND1P9				2.0	
MTRNR2L3				2.0	
AF131217.1		1.0		1.0	
RPL23P2				1.0	
RWDD2B				1.0	
LTN1		1.0	1.0	1.0	
GAPDHP14				1.0	
AF124730.4				2.0	
LINC00189		1.0		2.0	
BACH1		1.0		2.0	
YDJC		2.0		3.0	
KB-1440D3.14				3.0	
SDF2L1				3.0	
MIR301B				2.0	
MIR130B				2.0	
KB-1440D3.13				2.0	
CCDC116				3.0	
PPIL2				2.0	
AC002059.10				3.0	
SNORD125				3.0	
GAS2L1				3.0	
CTA-85E5.6				5.0	
RP11-24F11.2		1.0	1.0	2.0	1.0
AC104304.1				2.0	
SNORD77				3.0	
ALS2CL		1.0		1.0	
TMIE				1.0	
TDGF1		1.0		2.0	1.0
PRSS50		2.0		2.0	
KIF9-AS1		1.0		5.0	
KIF9		4.0	1.0	5.0	
RP11-708J19.2				3.0	
AC099778.1		3.0	1.0	3.0	
RN7SL870P				3.0	
ELP6				3.0	
CSPG5				3.0	
RP11-717D12.1		1.0		1.0	
RP11-395P16.1				1.0	
AC026318.1				1.0	
MIR1226				1.0	
DHX30		1.0	1.0	1.0	
RN7SL664P		1.0	1.0	1.0	
RP11-1029M24.1				1.0	
SNRPFP4				1.0	
RNU7-128P				1.0	
NDUFB1P1				1.0	
MIR4443				1.0	
CAMP				1.0	
TMA7				1.0	
RP11-24C3.2				1.0	
TREX1				1.0	
AC104448.1				1.0	
PLXNB1				2.0	
CCDC51				1.0	
SHISA5		1.0	1.0	1.0	
PFKFB4				2.0	1.0
ATRIP				1.0	
TMEM89				2.0	
SLC26A6				2.0	
MIR4793				4.0	
RP11-148G20.1				7.0	
RP11-572O6.1				7.0	
UQCRC1				2.0	
CELSR3		1.0		6.0	1.0
AC099668.5				6.0	
AMIGO3				7.0	
GMPPB				7.0	
U73169.1				2.0	
SEMA3B-AS1				3.0	
IFRD2		2.0	1.0	3.0	
NAT6				3.0	
U73166.2				3.0	
HYAL3				3.0	
HYAL2				3.0	
RASSF1				3.0	
TUSC2				3.0	
ZMYND10-AS1				4.0	
ZMYND10				4.0	
C3orf18				2.0	1.0
CACNA2D2		4.0	2.0	4.0	2.0
HEMK1		1.0	1.0	2.0	
ZNF652P1				2.0	
ST13P14				1.0	
MANF				2.0	
RP11-89F17.5				2.0	
RBM15B		2.0	1.0	2.0	
VPRBP		2.0	2.0	2.0	
RNU6ATAC29P				2.0	
RNA5SP132		1.0		3.0	
TEX264		1.0		3.0	
RAD54L2		2.0	2.0	3.0	
GRM2		2.0	1.0	3.0	
IQCF2				1.0	
RN7SL504P				1.0	
IQCF5-AS1		1.0	1.0	1.0	
IQCF5				1.0	
IQCF1		1.0		1.0	
RRP9				1.0	
TNNC1				3.0	
NISCH		2.0	2.0	3.0	
SMIM4				1.0	
NT5DC2		1.0		1.0	
RNU6-856P				1.0	
RNU6ATAC16P				1.0	
RP5-966M1.5				2.0	
RP5-966M1.4				2.0	
ITIH4-AS1				3.0	
MUSTN1				3.0	
ITIH3		1.0		3.0	
RP5-966M1.6		2.0		3.0	4.0
TMEM110-MUSTN1		1.0		3.0	1.0
ITIH1		1.0		3.0	
FLNB		3.0	1.0	3.0	
PLS1-AS1				2.0	
RN7SKP25				2.0	
RN7SL492P				1.0	
RN7SL357P				1.0	
SPINK2		1.0		1.0	
RP11-673E1.3				1.0	
GYPE				1.0	
CTD-2288O8.1		1.0	1.0	3.0	
PELO		1.0		3.0	
ITGA1		5.0	6.0	5.0	
LINC01033				1.0	
ARL15		6.0	5.0	6.0	
AC022431.3				7.0	
AC022431.2		7.0	9.0	7.0	4.0
HSPD1P11				1.0	
AC008592.3		1.0		1.0	
AC008592.4				1.0	
RHOBTB3		1.0	1.0	2.0	
GLRX		1.0	1.0	1.0	
AC008592.8				1.0	
C5orf27				1.0	
AC008592.5		1.0		2.0	
MIR1303		2.0	1.0	3.0	
RN7SL439P				2.0	
CNOT8				1.0	
MRPL22		1.0	1.0	2.0	
GEMIN5		1.0		2.0	
RP1-80N2.3		1.0		2.0	
LY86				1.0	
RP1-80N2.2		2.0	1.0	4.0	
BTN3A3		3.0	2.0	10.0	7.0
BTN2A1		7.0	2.0	11.0	28.0
TRNAI2				8.0	
VN1R12P		4.0	2.0	8.0	13.0
VN1R13P		3.0		7.0	4.0
VN1R11P		2.0		6.0	2.0
RNU2-62P				3.0	10.0
AL355353.1		1.0		4.0	
RP11-385F7.1		1.0	1.0	5.0	
CD2AP		5.0	2.0	6.0	
RP11-697G4.4		1.0		3.0	
LACE1				3.0	
RN7SKP56				1.0	
NCOA7-AS1				2.0	
RPL21P66				2.0	
TAAR9				2.0	
TAAR7P				2.0	
TAAR8				2.0	
STX7		2.0		2.0	
CITED2		2.0	2.0	2.0	
SNORA42				1.0	
ANKRD61		1.0		1.0	
RN7SL851P				1.0	
RNU6-218P				1.0	
AIMP2		1.0		1.0	
EIF2AK1		1.0		1.0	
PMS2				1.0	
BZW2		2.0	2.0	2.0	
AC073333.8				2.0	
ANKMY2				2.0	
AC006159.5				2.0	3.0
AC006159.4				2.0	
AC006159.3		1.0		1.0	
AC009276.4		2.0	1.0	2.0	
TUBB3P2				2.0	
BPGM				2.0	
RP11-10A14.3		2.0		10.0	
RP11-10A14.6		4.0	2.0	13.0	
PPP1R3B		4.0	1.0	11.0	1.0
RP11-10A14.4		5.0	3.0	11.0	1.0
RP11-10A14.5		3.0	1.0	13.0	
ERI1		7.0	2.0	11.0	5.0
CA3		1.0		2.0	
CA1		1.0	1.0	2.0	
RP11-176F3.7				2.0	
SNORD121B				2.0	
SNORD121A				2.0	
OSTCP8				1.0	
UBE2R2		1.0		2.0	
UBAP2		1.0	1.0	2.0	
MIR4289		5.0	2.0	4.0	
BARHL2		1.0		1.0	
RP11-142J21.1				1.0	
CTD-2050N2.1		1.0		1.0	2.0
RP11-154H12.2				1.0	
RP11-154H12.3		1.0		1.0	
KCNG2				1.0	
AMT				9.0	
NICN1-AS1				9.0	
NICN1		2.0	1.0	9.0	
RP11-10A14.8		5.0	3.0	8.0	3.0
RP11-1081K18.1				7.0	
TNKS		10.0	6.0	12.0	5.0
RP11-177H2.2		2.0		7.0	
RP11-436D23.1		5.0	2.0	5.0	1.0
FAM43B				2.0	
CDA		2.0	2.0	2.0	
PINK1				2.0	
RP1-150O5.3				3.0	
ID3				3.0	
ASAP3		1.0	1.0	4.0	
E2F2		3.0	2.0	4.0	
LDLRAP1		3.0	2.0	3.0	
DPPA2P2		1.0	1.0	4.0	
MIR1976				3.0	
RPS6KA1		2.0		3.0	1.0
RP1-212P9.3		1.0	1.0	2.0	
OPRD1				2.0	
RP1-212P9.2		1.0		2.0	
EPB41		2.0		3.0	
RP4-604A21.1				1.0	
TMEM200B		1.0		2.0	
RP11-242O24.3				1.0	
RP11-242O24.5				1.0	
SRSF4				1.0	
RP3-437I16.1				1.0	
PTPRU		1.0		1.0	
SLC2A1		1.0		3.0	
SLC2A1-AS1		3.0	1.0	3.0	
LINC00853				1.0	
PDZK1IP1				1.0	
TAL1		1.0	1.0	1.0	
RP1-18D14.7		1.0	1.0	1.0	
STIL				1.0	
CYP4A22-AS1				1.0	
RP11-230B22.1		5.0	3.0	5.0	1.0
CD1E				1.0	
OR10T2		1.0		2.0	
RP11-144L1.8				2.0	
PIGC		3.0	1.0	6.0	
NPM1P40				1.0	
RP11-134P9.3				2.0	
RP11-134P9.1		1.0	1.0	2.0	
RNU6-487P				2.0	
FMOD		1.0		2.0	
CHIT1				2.0	
BTG2		2.0	1.0	2.0	
RP11-435P24.2		1.0		2.0	
RP11-543B16.3				1.0	
RP11-543B16.2				1.0	4.0
AC092017.1		1.0	1.0	1.0	
RCOR3				1.0	
RP11-15I11.2		3.0		3.0	
RP11-15I11.3		1.0	1.0	3.0	
RNU6-1304P				2.0	
RP11-145A3.4				1.0	
RP11-145A3.1		1.0		2.0	
RP11-145A3.2				2.0	
EPHX1				1.0	
SRP9		1.0		2.0	
OR2AJ1				4.0	
MIR4294				1.0	
WDFY4				1.0	
RP11-481G8.2				2.0	
ZMIZ1-AS1		2.0		2.0	
ZDHHC13				1.0	
RP11-467L20.10				4.0	
DAGLA				4.0	
RPS6KB2		1.0	1.0	2.0	
AP003419.16				2.0	
PTPRCAP				2.0	
GPR152				1.0	
CTC-1337H24.1				1.0	
CTC-1337H24.2				1.0	
TMEM134				1.0	
CDK2AP2				1.0	
CORO1B				2.0	
CABP4				1.0	
AIP		1.0		1.0	
PITPNM1				1.0	
CABP2				1.0	
RP11-712B9.4				2.0	
RP11-712B9.5				2.0	
ENDOD1		1.0	1.0	2.0	
SESN3				1.0	
RP11-712B9.2		1.0	1.0	1.0	
RP11-110I1.14		1.0	1.0	3.0	
RP11-110I1.13				3.0	
H2AFX				2.0	
DPAGT1		1.0		2.0	
HYOU1		1.0	1.0	3.0	
VPS11				3.0	
HMBS				3.0	
C2CD2L				3.0	
HINFP				2.0	
ASUN		1.0	1.0	1.0	
AAAS				2.0	
NFE2				4.0	
HSPA8P14				7.0	
SLC25A3P2				4.0	
RLIMP1				4.0	
SUGT1P3		2.0	2.0	4.0	
TPTE2P5		2.0	1.0	4.0	2.0
UCHL3				1.0	
RP11-29G8.3				1.0	2.0
RP11-16E12.1				2.0	
RP11-16E12.2		2.0	1.0	2.0	
RP11-5N19.3				1.0	
RFX7		2.0		2.0	
RP11-48G14.1				2.0	
RP11-48G14.2				2.0	
MNS1		1.0		1.0	
TEX9		2.0	1.0	2.0	
Z97634.3		1.0	1.0	3.0	
NME4				4.0	
DECR2				4.0	
MIR5587				3.0	
MIR3176		1.0		3.0	
LA16c-366D1.3				3.0	
C16orf11				3.0	
NHLRC4				3.0	
Z98881.1				3.0	
WFIKKN1		1.0	1.0	4.0	
CAPN15		1.0		3.0	
PIGQ		2.0		4.0	
RAB40C				5.0	
RP11-485G7.6				3.0	
AC009121.1				3.0	
CTD-3088G3.4				2.0	
RP11-485G7.5				3.0	
CTD-3088G3.8				3.0	1.0
FBXL8				2.0	
RP11-5A19.5				2.0	
HSF4				2.0	
KIAA0895L		1.0	1.0	2.0	
E2F4		1.0		2.0	
ELMO3		1.0		1.0	
MIR328				1.0	
TMEM208				2.0	
TRADD				2.0	
NOL3				2.0	
EXOC3L1				2.0	
LRRC29				2.0	
AC040160.1				2.0	
FHOD1				2.0	
SLC9A5		1.0	1.0	2.0	
THAP11		1.0	1.0	1.0	
CTC-479C5.11				1.0	
AC040162.1				2.0	
CTC-479C5.10				2.0	
NRN1L				3.0	
TSNAXIP1				2.0	
CENPT		1.0	1.0	1.0	
EDC4				2.0	
RP4-536B24.2				2.0	
GS1-21A4.1				2.0	
GS1-21A4.2				2.0	
RP4-536B24.3				2.0	
CA5A				3.0	
ZNF276		3.0	2.0	6.0	7.0
VPS9D1-AS1				6.0	
AC091177.1				2.0	
RN7SL138P				2.0	
RP11-848P1.3				2.0	
RP11-848P1.2				2.0	
DPRXP4				2.0	
RP11-848P1.4				2.0	
RNF135		1.0		2.0	
RP11-690G19.3				6.0	
RP11-690G19.4				5.0	
RNU6-233P				5.0	
CDK12		7.0	5.0	8.0	1.0
RP11-527L4.2				3.0	
PPY				3.0	
NAGS				4.0	
TMEM101		1.0	1.0	4.0	1.0
LSM12				6.0	
RP11-546M21.6				6.0	
RNU6-131P		3.0	1.0	6.0	
HDAC5		2.0	1.0	6.0	1.0
AC091132.2				3.0	
RN7SL730P				9.0	
ARHGAP27		2.0		3.0	
AC091132.1				9.0	
RP11-613C6.4				3.0	
KAT7				3.0	
FAM117A		3.0	2.0	3.0	
RNU1-60P				2.0	
CTD-2200P10.1				2.0	
RNU1-108P				2.0	
CTD-2200P10.3				2.0	
RNU1-52P				2.0	
RNU1-85P				2.0	
RAD51C		1.0	1.0	2.0	
RN7SL716P				2.0	
AC099850.1				2.0	1.0
RNU2-58P				2.0	
SKA2		1.0	1.0	2.0	2.0
AC004528.1				6.0	
AC004528.4				6.0	
GRIN3B		1.0		6.0	
RNU6-2				6.0	
AC011558.5				7.0	
POLR2E				6.0	
TMEM259				6.0	
CNN2		5.0	1.0	7.0	
HMHA1		4.0	4.0	7.0	1.0
CTB-50L17.5				3.0	
MIR4746				3.0	
CTB-50L17.7				3.0	
RTBDN				1.0	
CTD-2265O21.3				1.0	
CTD-2528A14.3				3.0	
HAUS8				4.0	1.0
OCEL1				1.0	
AC010646.3				1.0	
TNNI3				2.0	
CTD-2587H24.4				2.0	
CTD-2587H24.10				2.0	
AC010327.2		1.0		2.0	1.0
AC010327.1				2.0	
TNNT1				2.0	
DNAAF3				2.0	
CTD-2587H24.5				2.0	
SYT5				2.0	
PTPRH		2.0		2.0	
AC016747.3				3.0	
RP11-493E12.1		1.0	1.0	3.0	
C2orf74		1.0	1.0	3.0	
KIAA1841		3.0	2.0	3.0	2.0
AC016894.1				2.0	
SNORA70B				2.0	
AC092573.2		1.0	1.0	1.0	
CDCA7				1.0	
CAPN10-AS1				4.0	
DUSP28				3.0	
RNPEPL1		3.0	1.0	4.0	
CAPN10		1.0	1.0	4.0	
ANKMY1		1.0	1.0	3.0	
SPEF1				1.0	
CENPB				1.0	
HSPA12B		1.0	1.0	2.0	
C20orf27		1.0	1.0	2.0	
CDC25B				1.0	
DEFB124				1.0	
LINC00028				1.0	
RP3-324O17.4				3.0	
REM1				1.0	
HM13		3.0	1.0	3.0	
RP11-243J16.8		1.0	1.0	3.0	
FOXS1		1.0		4.0	
TPX2		2.0		3.0	
DUSP15				4.0	
MYLK2		2.0		3.0	
ZSWIM1				5.0	
NEURL2				5.0	
CTSA				5.0	
RP3-337O18.9				5.0	
ZSWIM3				5.0	
SPATA25				5.0	
RP4-813D12.2				2.0	
RP4-813D12.3				2.0	
HMGB1P1		1.0	1.0	2.0	
AL773604.8				4.0	
UBE2G2				4.0	
SUMO3				4.0	
PTTG1IP		4.0	3.0	4.0	
ITGB2				4.0	
RN7SL349P				1.0	
APOL2				1.0	
MYH9		1.0	1.0	2.0	
RP4-633O19__A.1				2.0	
RP3-402G11.25				2.0	
RP3-402G11.26				2.0	
RP3-402G11.27				2.0	
RP3-402G11.28		1.0		2.0	
PANX2				2.0	
TRABD		1.0		2.0	
SELO		2.0		2.0	
MOV10L1		1.0	1.0	2.0	
HDAC10				2.0	
AL022328.1				1.0	
TUBGCP6		1.0		2.0	
MAPK12		1.0		2.0	
SBF1				2.0	
RNU6-409P				2.0	
AC107622.1		1.0	1.0	1.0	2.0
BSN-AS2		2.0	1.0	4.0	
DAG1		3.0	1.0	7.0	2.0
KRT18P35				4.0	
RNU6-425P				3.0	
RP11-485G4.2				3.0	
GK5		1.0	1.0	3.0	
TFDP2		3.0	2.0	4.0	
RNU6-1294P				1.0	
RNU1-100P				1.0	
AC109992.1				2.0	
RP11-383G6.4				2.0	
TRPC1		1.0	1.0	1.0	
RNU7-47P				1.0	
RP11-372E1.1				1.0	
PCOLCE2		1.0	1.0	2.0	1.0
RP11-372E1.7				2.0	
RP11-372E1.4		2.0	1.0	2.0	
PAQR9				2.0	
RP11-372E1.6				2.0	
U2SURP				2.0	
RP11-799M12.2				1.0	
RNU6-887P				2.0	
RNU6-35P				3.0	
RP11-63B13.1		1.0		1.0	
HSPD1P5		3.0	1.0	3.0	
RP11-560J1.2		1.0	1.0	1.0	
VN1R14P				7.0	
RP11-457M11.2				7.0	
ZNF322		3.0	1.0	7.0	17.0
MIR4641				1.0	
RP1-302G2.5				2.0	
SLC35B2				2.0	
MIR4647				2.0	
NFKBIE		1.0	1.0	2.0	
SLC29A1		1.0	1.0	2.0	
HSP90AB1				2.0	
TMEM151B				2.0	
TCTE1				2.0	
RP11-444E17.6				2.0	
RNU6-653P				3.0	
RP1-172I22.1				2.0	
RNU4-76P		2.0		2.0	
EPB41L2		4.0	3.0	4.0	
RP11-15H7.2		3.0	2.0	3.0	
ATP5F1P6		2.0	2.0	2.0	
RNU6-1091P				1.0	
RN7SL7P		3.0	1.0	3.0	
SAMD9		1.0	1.0	1.0	
MOSPD3				7.0	
FBXO24		1.0		7.0	
PCOLCE-AS1		1.0		7.0	
PCOLCE				7.0	
AC100802.3		4.0	3.0	4.0	1.0
NPM2				3.0	
RBPMS-AS1				2.0	
RP11-360L9.4				1.0	
RNU7-181P				2.0	
MIR5194				2.0	
FAM49B		2.0	1.0	2.0	1.0
GRINA		1.0	1.0	6.0	
CTD-3065J16.6				4.0	
CTD-3065J16.9				3.0	
EXOSC4				3.0	
GPAA1				3.0	
CYC1		1.0	1.0	3.0	
KIAA1875				3.0	
OPLAH		3.0	1.0	4.0	
MAF1				3.0	
RP11-149I2.5				1.0	
NANS		1.0		2.0	1.0
TRIM14				2.0	3.0
CDC26				1.0	
PRPF4		1.0		1.0	
RNF183				1.0	
WDR31				1.0	
SLC31A1				1.0	
EDC3				7.0	
RP11-397A16.1		1.0		1.0	2.0
RP11-397A16.2				1.0	
AC003075.4		6.0	2.0	6.0	
RNA5SP40				1.0	5.0
RP13-392I16.1		1.0	1.0	1.0	
RP1-37C10.3		3.0	1.0	3.0	
CROCC		1.0		3.0	
MFAP2		3.0	1.0	3.0	
RP3-329E20.2				3.0	
RP5-1071N3.1				3.0	
RP11-348A7.1				1.0	
UBE2V1P8				1.0	
CTPS1		2.0	1.0	2.0	
SLFNL1				2.0	
HIST2H2BE				4.0	
HIST2H2AC				4.0	
HIST2H2AB				4.0	
BOLA1		1.0		4.0	
SF3B4				4.0	2.0
RP4-560B9.6				4.0	
RP4-560B9.4				4.0	
SCARNA20		2.0	1.0	6.0	1.0
RP4-612B18.3				4.0	
RP4-612B18.1				3.0	
RP4-560B9.5				4.0	
METTL13		3.0	2.0	4.0	
AC119673.1				2.0	
AL592310.1				2.0	
ZNF847P		1.0		2.0	
RNA5SP300				2.0	
CCDC3		2.0	1.0	2.0	
RN7SKP202				3.0	
RNU7-23P				2.0	
MIR3163				2.0	
C11orf86				2.0	
PC		2.0	1.0	2.0	3.0
POLD4				2.0	
RN7SKP239				2.0	
ADRBK1				2.0	
ANKRD13D				2.0	
SSH3		2.0	1.0	2.0	
AP003419.11				3.0	
CLCF1				3.0	
RPL37P2				2.0	
UNC93B5		2.0	1.0	2.0	
RP11-655M14.6				2.0	
AP003385.1				2.0	
OR7E11P				2.0	
RP11-655M14.14				2.0	
ALDH3B2		1.0		2.0	
RP11-655M14.4				2.0	3.0
SERPINH1		2.0	1.0	2.0	
CTD-2530H12.8				2.0	
CTD-2530H12.4				2.0	
GDPD5				2.0	
FLI1		5.0	3.0	6.0	
KCNJ1				4.0	
CCDC77				4.0	
B4GALNT3		4.0	3.0	5.0	
RP11-284H19.1		2.0	3.0	4.0	
RP11-967K21.2				2.0	
RP11-967K21.1				2.0	1.0
RNU4-54P				2.0	
RP11-996F15.2		2.0	1.0	3.0	
ERGIC2		2.0	1.0	4.0	
OVCH1-AS1		2.0	1.0	4.0	
RP11-366L20.4				4.0	2.0
RP11-118B13.1				2.0	
E2F7		2.0	1.0	2.0	
RP11-887P2.5				2.0	
RP11-512N21.3				2.0	
RP11-210L7.1		3.0	2.0	3.0	6.0
RP11-282O18.3				5.0	
RP11-282O18.7				5.0	
RP11-282O18.6				5.0	
RP11-972P1.8		1.0	1.0	3.0	
SNRNP35				3.0	
AL136123.1				2.0	
MIR4502				2.0	
CLCP2		1.0	1.0	2.0	
CDC16		1.0		2.0	
LINC01054				1.0	
CHAMP1				1.0	
DHRS1				2.0	
CIDEB				2.0	
LTB4R2				2.0	
LTB4R		1.0		2.0	
NOP9				2.0	
RNU2-14P		2.0	1.0	5.0	
SMOC1		4.0	1.0	4.0	
RP3-449M8.9				2.0	
RP3-449M8.6				2.0	
MIR4709				2.0	
RAP1AP				2.0	
ISCA2		1.0		2.0	
CTD-2207P18.1				2.0	
RP11-600F24.2		2.0		7.0	
DUT				2.0	
AC108137.1				2.0	5.0
AC087738.1				4.0	
AC027807.1				3.0	
GOLGA6L4		1.0		3.0	
RP11-182J1.15				3.0	
RP11-182J1.14		3.0	1.0	3.0	
RN7SL417P				3.0	
RP11-671M22.4				3.0	
AC136704.1				3.0	
DNM1P51		1.0		3.0	
CSPG4P5				3.0	
RP11-671M22.6				3.0	
RP11-182J1.13				3.0	
RP11-343B18.2		1.0		2.0	7.0
RP11-63A23.2		2.0	1.0	2.0	
KRT18P47				2.0	
AC067805.1				2.0	
RP11-320A16.1				2.0	
CTD-3076O17.1		2.0	1.0	2.0	
CTD-3076O17.2				2.0	
LA16c-306A4.2				3.0	
RP11-161M6.2				3.0	
AC009041.2				3.0	
LA16c-366D3.1				3.0	
SOX8				3.0	
LMF1		3.0	2.0	3.0	
RP11-161M6.3				3.0	
CTC-277H1.7				1.0	
RN7SKP118				1.0	
PLEKHG4				1.0	
KCTD19				1.0	
AC004158.3				2.0	
AC004158.2		2.0	2.0	3.0	3.0
ABHD15		2.0	1.0	3.0	
TP53I13		1.0	1.0	3.0	1.0
RP11-68I3.4				3.0	1.0
RP11-68I3.7				3.0	
RP11-68I3.2		3.0	2.0	4.0	1.0
GIT1		2.0	1.0	3.0	
ANKRD13B				3.0	
RP11-58O9.1		2.0	1.0	3.0	
TOP2A		1.0	1.0	3.0	
IGFBP4		1.0		3.0	1.0
TNS4				3.0	1.0
RP11-463M16.5				2.0	
RP11-501C14.9				2.0	
RP11-463M16.4		2.0	1.0	2.0	4.0
ATP5G1				2.0	
CALCOCO2				2.0	
C17orf67		2.0	1.0	3.0	7.0
CTD-2535L24.2		3.0	2.0	3.0	
AC130469.2				3.0	
MYO1F		2.0	2.0	4.0	1.0
ZNF536		2.0	1.0	2.0	
CTD-2293H3.1				3.0	
CTC-454I21.4		1.0	1.0	2.0	
ZNF585B		1.0		2.0	
ZNF420		2.0	2.0	3.0	
CTC-454I21.3		2.0	1.0	3.0	1.0
ZNF585A		1.0	1.0	3.0	1.0
CTC-435M10.10				2.0	
CTC-435M10.6		1.0		2.0	
B3GNT8		1.0		2.0	
C19orf69				2.0	
CTC-435M10.3		1.0	1.0	3.0	1.0
B9D2				2.0	
BCKDHA		1.0	1.0	2.0	1.0
EXOSC5				2.0	
AC011526.1				2.0	1.0
ATP5SL		1.0		2.0	
AC079779.7				3.0	
FAM150B		1.0	1.0	3.0	
SH3YL1		3.0	2.0	3.0	
RN7SL66P		1.0	1.0	1.0	
SNORA51		2.0	1.0	5.0	
C2orf48				1.0	
HPCAL1				1.0	
PGAM1P6				3.0	
AC066692.3				4.0	
AC013267.1				4.0	
SNORD14				4.0	
DNAJC27		4.0	1.0	5.0	
DNAJC27-AS1		2.0		4.0	
RP11-509E16.1				3.0	
POMC		1.0	1.0	3.0	
RP11-458N5.1		3.0		5.0	1.0
AC012457.2		1.0		5.0	
AC006369.3		2.0	1.0	2.0	3.0
AC010878.3		2.0	1.0	4.0	
CDC42EP3		1.0		2.0	
RNU6-566P				2.0	2.0
AC019129.2		2.0	1.0	2.0	2.0
RP11-559M23.1				2.0	
PPM1B				2.0	3.0
RN7SKP208				2.0	3.0
MIR217				2.0	
MIR216A				2.0	
MIR216B				2.0	
RP11-481J13.1		2.0	1.0	2.0	3.0
AC011306.2				2.0	2.0
AC021016.8		1.0		5.0	
RN7SL764P				2.0	
FAM134A		1.0		2.0	
CNPPD1		1.0		2.0	
MIR1471				2.0	
NPPC		2.0	1.0	2.0	
AC105461.1				2.0	1.0
MIR562				2.0	
MIR3133				3.0	
AC110299.5				3.0	
STK25				2.0	
RP11-199O14.1		5.0	3.0	4.0	12.0
RP4-553F4.6		1.0	1.0	5.0	
RNA5SP483				5.0	
RP4-614O4.12				5.0	
AL121753.1				6.0	
MT1P3				6.0	
HMGB3P2				4.0	
LINC00657		3.0	1.0	4.0	2.0
RPS3AP3				5.0	
RBL1		4.0	1.0	5.0	
RPN2		2.0	1.0	3.0	
GHRH		2.0		3.0	
ARFGEF2		2.0	1.0	2.0	
STAU1		1.0		2.0	
ZNFX1				2.0	
DDX27		2.0	1.0	2.0	
ZFAS1		1.0	1.0	2.0	
SNORD12C				2.0	
SNORD12B				2.0	
SNORD12				2.0	
RP11-380D15.2				1.0	
RP11-380D15.3		1.0	1.0	1.0	
FAM210B				2.0	
HDAC11-AS1				3.0	
HDAC11		2.0	2.0	3.0	1.0
CCDC12		1.0	1.0	6.0	
KLHL18		2.0	2.0	6.0	
RP11-447M4.1		2.0		4.0	
RYBP		4.0	1.0	4.0	
AC007919.18		1.0	1.0	5.0	
TNFSF10		4.0	3.0	5.0	
LIPH		2.0	1.0	3.0	
TMEM41A				2.0	
RP11-572O17.1				2.0	
AC016773.1				2.0	2.0
TMEM129				2.0	
GPR78		2.0	1.0	2.0	
CPZ		2.0	1.0	2.0	
RN7SKP235				4.0	
RPS23P4		4.0	3.0	4.0	
CLDN22				2.0	
CLDN24				2.0	
WWC2-AS1				1.0	
NPR3		3.0	1.0	3.0	7.0
AC026703.2				3.0	
AC026703.1		3.0	1.0	3.0	7.0
CTD-2218G20.2				2.0	
CTD-2066L21.1				2.0	
CTD-2066L21.2				2.0	
CTD-2066L21.3		2.0	1.0	2.0	
SLC38A9		2.0	1.0	2.0	
RP11-434D9.1		2.0	1.0	2.0	
RP11-83M16.6		2.0	1.0	2.0	
RP11-434D9.2		2.0	1.0	2.0	
CTD-2197I11.1				2.0	
RP11-47F1.1				2.0	
AC034220.3		3.0	1.0	5.0	4.0
AC138517.1				1.0	
TMEM173				1.0	
AC138517.5		1.0	1.0	1.0	
AC138517.4				2.0	
ECSCR				1.0	
UBE2D2		1.0		2.0	
FNDC9				2.0	
CTB-109A12.1				3.0	
CTB-47B11.3				2.0	
MIR3912				2.0	
AC011410.1		2.0	1.0	2.0	1.0
CTB-78H18.1				2.0	
C5orf50				2.0	
RAB24		1.0		3.0	
PRELID1				3.0	
RP11-281O15.7				2.0	
ZNF354C				2.0	
ADAMTS2		2.0	1.0	2.0	
RP11-252I14.2				2.0	
CTB-129O4.1				2.0	
GFPT2		2.0	1.0	2.0	
MAPK9				2.0	
RP11-457M11.5		9.0	3.0	5.0	4.0
RP11-239L20.6				7.0	
XXbac-BPGBPG24O18.1		1.0		4.0	12.0
RP3-510O8.4				2.0	
ARMC12		2.0	1.0	2.0	
RP3-510O8.3				2.0	11.0
CLPSL2				3.0	2.0
CLPS		1.0		3.0	
RP11-812I20.2				2.0	
MIR4463				2.0	
RP11-415D17.4		1.0		2.0	
RP11-415D17.1				2.0	2.0
RNU1-34P				2.0	
RPL26P20		1.0		2.0	
SENP6		2.0	1.0	2.0	4.0
RP11-250B2.5				2.0	
RP11-250B2.2				2.0	
RP11-11L12.2		2.0	1.0	2.0	1.0
RP11-250B2.3		1.0		2.0	
RP1-39J2.1				2.0	
TTYH3				2.0	
CTA-293F17.1				2.0	
SNORD56		1.0	1.0	6.0	
AC023669.2		2.0	1.0	2.0	2.0
RBM48		1.0		2.0	
PEX1				2.0	
RN7SL569P				2.0	3.0
EZH2				2.0	
RP11-203E8.1		2.0	1.0	2.0	
AC105242.1		2.0	1.0	1.0	
MIR661				7.0	
AL359253.1				2.0	
RP11-332M4.1		2.0	1.0	2.0	
RP11-180I4.1				2.0	
RP11-180I4.2		2.0	1.0	2.0	2.0
RP11-508N12.4				2.0	
ZNF462		2.0	1.0	2.0	
WI2-1959D15.1		1.0	1.0	3.0	
QSOX2		2.0	1.0	3.0	
NPPA-AS1		1.0	1.0	3.0	
NPPB		1.0		2.0	2.0
RP5-934G17.6				2.0	
RP3-476K8.4				2.0	
RP3-476K8.3				2.0	
HMGN2		1.0		3.0	
ZNF683		1.0		3.0	
DHDDS		1.0		2.0	
LIN28A		2.0	1.0	2.0	1.0
RP11-420K8.2				4.0	
RP1-144F13.3				3.0	
RNU7-80P				1.0	
PKMP1		1.0		2.0	2.0
BCAS2				2.0	
TRIM33		2.0	2.0	2.0	
RP11-350G8.4		1.0	2.0	4.0	
RP11-350G8.3				4.0	
RP11-350G8.5		1.0	1.0	5.0	
RP11-350G8.7				5.0	
SHE		1.0	1.0	5.0	
RP11-16L9.1				2.0	
OR6D1P		1.0	1.0	1.0	
CUBNP2				1.0	
OR13A1				1.0	
CTGLF10P		1.0		5.0	
ZFAND4				3.0	
RP11-109G10.2				1.0	
RP11-481A12.2				1.0	
AGAP7		1.0	1.0	1.0	1.0
RNU6-543P		5.0	4.0	9.0	1.0
RP11-144G16.1		2.0	1.0	9.0	
RP11-351O1.3		2.0	1.0	6.0	
RP11-129J12.2		3.0		4.0	11.0
RP11-129J12.1				4.0	
NKX2-3		2.0	2.0	4.0	7.0
RP11-302K17.3				1.0	1.0
RP11-302K17.4				1.0	
NOLC1				1.0	
LDB1		1.0	1.0	1.0	
PPRC1				1.0	
RP11-332O19.2				4.0	
MARCKSL1P1				4.0	
RP11-541N10.3		1.0	1.0	2.0	1.0
OBFC1				2.0	7.0
RRM1-AS1				2.0	
OR55B1P		2.0	2.0	2.0	
RRM1		1.0	1.0	2.0	
RP11-23F23.2				2.0	
MIR130A				3.0	
YPEL4				3.0	
CLP1		1.0	1.0	3.0	
ZDHHC5		1.0		3.0	
AP000662.4		1.0	1.0	3.0	5.0
RAD9A		1.0		2.0	
RNU6-1238P				2.0	
PPP1CA		1.0		2.0	
TBC1D10C				2.0	
CARNS1		1.0		2.0	
KLRC4				6.0	
RP11-277P12.20				6.0	
KLRC4-KLRK1				6.0	
KLRC3				6.0	
NKG2-E		5.0	2.0	6.0	
KLRC2		5.0	2.0	6.0	
KLRC1		1.0	1.0	6.0	
RP11-125O5.2		2.0	1.0	5.0	
RP11-972K6.1				1.0	
ATP5G2				1.0	
RP11-793H13.10		1.0	1.0	1.0	
ATF7		1.0	1.0	1.0	
RP11-486A14.1				1.0	
NUDT4				1.0	
UBE2N				1.0	
RP11-486A14.2		1.0	1.0	1.0	
RP11-503G7.1				1.0	
RP11-503G7.2				1.0	
MUC8				1.0	
RBM22P2				1.0	
MFAP1P1				1.0	
HMGB1		1.0	1.0	1.0	
AL133318.1		2.0	1.0	3.0	1.0
RGS17P1				3.0	
AL162497.1				1.0	
IRS2		2.0	1.0	1.0	2.0
PROZ				2.0	
PCID2		1.0	1.0	2.0	
CUL4A		1.0	1.0	4.0	
SLC25A21-AS1				1.0	
RNU6-273P				1.0	
RNU6-886P				2.0	
CTD-2002H8.2				2.0	
HMGB1P14				1.0	
AL132989.1				1.0	
RNU6-341P				1.0	
RP11-349A22.5				2.0	
ARID4A		1.0	1.0	1.0	
C14orf37		1.0		2.0	
PSMA3				2.0	
CTD-2509G16.2		1.0	1.0	1.0	
RP5-1021I20.2		2.0	1.0	6.0	
RP5-1021I20.7				2.0	
PTGR2				2.0	
RP5-1021I20.4				2.0	
RN7SL530P				1.0	
RP5-892G5.2				1.0	
LIN52		1.0	1.0	2.0	
RP11-1070N10.3				1.0	
SNHG10				1.0	
SCARNA13				1.0	
GLRX5		1.0	1.0	1.0	
RP11-1070N10.4				1.0	
RNU6-244P				3.0	
MIR4309		1.0	1.0	4.0	
CTD-2555C10.3		1.0		4.0	
ANKRD9		3.0		3.0	
TECPR2				3.0	
RP11-45P15.4				2.0	
SNORA28				2.0	
HMGB3P26				5.0	
RP11-600F24.1				6.0	
EIF5		1.0		3.0	
AL139300.1				5.0	
RNU6-1287P				1.0	
SNX22				1.0	
SNX1				2.0	
PPIB				1.0	
CSNK1G1		2.0	2.0	3.0	
CTD-2116N17.1		2.0	2.0	3.0	
PTPLAD1		1.0	1.0	1.0	
RNU6-19P				1.0	
VWA9				1.0	2.0
RAB11FIP3		3.0	2.0	3.0	
RP1-196A12.1				3.0	
AL049542.1				3.0	
CHTF18		1.0	1.0	2.0	
GNG13		1.0		1.0	
PRR25				1.0	
RPUSD1				2.0	
RP11-95P2.1		1.0	1.0	1.0	
SRL				1.0	
CDC37P1				1.0	
RP11-1348G14.6				1.0	
NPIPB9				2.0	
RP11-57A19.4		1.0	1.0	3.0	
EIF3C				1.0	
CD2BP2				1.0	
RP11-347C12.10				1.0	
MYLPF				1.0	
TBC1D10B				1.0	
RP11-347C12.2		1.0	1.0	1.0	
STX4		1.0		4.0	
B3GNT9				2.0	
C16orf70		1.0	1.0	2.0	
AGRP				4.0	
CTD-2012K14.2				2.0	
CTD-2012K14.3				2.0	
CTD-2012K14.4				2.0	
RP11-297D21.4		1.0		4.0	
FAM65A		1.0	1.0	4.0	2.0
CTD-2012K14.6				2.0	
ATP6V0D1		2.0	3.0	4.0	
CTD-2555A7.2		3.0	2.0	5.0	8.0
CTD-2555A7.3				4.0	
RP11-209D14.2				1.0	
RP11-434D2.6		1.0	1.0	3.0	
AC015818.5		1.0	1.0	3.0	
KRT16P5				3.0	
RP11-434D2.7				2.0	
AC025627.9				2.0	
AC015818.6				1.0	
AC008088.4				1.0	
RP11-434D2.9				1.0	
NOS2P3		1.0		3.0	
LGALS9B		2.0		3.0	
KRT16P3				2.0	
AC015818.3				2.0	
UNC119				2.0	
RPL31P58				2.0	
RNU6-990P				1.0	
LRRC37BP1				1.0	
RN7SL316P		2.0	1.0	3.0	
CTD-2349P21.6				3.0	
SUZ12P		1.0	1.0	3.0	
RP11-798G7.8				7.0	
RP11-798G7.5				7.0	
BRIP1				1.0	2.0
RP13-991F5.2				2.0	
NARF-IT1				2.0	
NARF				2.0	
AC004221.2				2.0	
ATP5D				2.0	
CIRBP-AS1				1.0	
RPS15P9				1.0	
AC005330.2				1.0	
C19orf26				2.0	
CIRBP				1.0	
C19orf24		1.0	1.0	1.0	
EFNA2				1.0	
MUM1				1.0	
C19orf70				1.0	
RPL36		1.0	1.0	1.0	
HSD11B1L		1.0	1.0	1.0	
LONP1		1.0		1.0	
SAFB				1.0	
CATSPERD				1.0	
NDUFA7				2.0	
RPS28		1.0	1.0	2.0	
AC010323.1				2.0	
CTD-2550O8.7		1.0	1.0	2.0	
MIR4999				2.0	
RAB11B		1.0	1.0	2.0	
CD320				2.0	1.0
RAB11B-AS1		2.0	3.0	2.0	
KANK3				2.0	
RP11-886P16.6				2.0	
MARCH2		1.0	1.0	2.0	
AC010422.1				1.0	
CTD-2192J16.15				1.0	
CTD-2192J16.22				1.0	
CTD-2192J16.20				1.0	1.0
ZNF791		1.0	1.0	1.0	
MAN2B1				1.0	
CTD-2192J16.24				1.0	
WDR83		1.0	1.0	1.0	
WDR83OS				1.0	
ZNF490		1.0	1.0	1.0	
FBXW9				1.0	
CTD-2659N19.2				1.0	
SNORD41				1.0	
CTD-2192J16.26				1.0	
TNPO2				1.0	
AC005776.1		1.0	1.0	1.0	
LLNLR-246C6.1				1.0	
AC005785.2				1.0	
BRD4				1.0	
AKAP8L				1.0	
AKAP8				1.0	
CTD-2231E14.5		2.0	1.0	3.0	
CIB3				1.0	
TPM4		2.0	1.0	3.0	
RAB8A		2.0	1.0	3.0	
CTD-2231E14.8		1.0	1.0	3.0	
HSH2D				3.0	
CTD-2540B15.13				3.0	
LRP3		1.0		3.0	
RSPH6A		2.0		4.0	8.0
AC092301.3				5.0	
RP11-214J9.1				1.0	
AC011742.3				1.0	
SMARCE1P6				1.0	
AC011742.5				1.0	
PPIL1P1				1.0	
GAREML				1.0	
RAB10		1.0	1.0	1.0	
RP11-270B14.1		1.0	1.0	1.0	
MIR5192				1.0	
AC018462.2				1.0	
AC018462.3				1.0	
RP11-803D5.4				2.0	
RPS14P4				1.0	
MIR4435-2				1.0	
AC068491.2				2.0	
RP11-68E19.1		2.0	1.0	2.0	
AC009961.5				4.0	
CD302				4.0	
LY75-CD302		4.0	3.0	4.0	
LY75		4.0	3.0	4.0	
AGAP1-IT1				2.0	
RP4-610C12.4		1.0		3.0	
RP4-610C12.3		1.0		3.0	
RP4-610C12.1		1.0		3.0	1.0
DEFB115		2.0	2.0	3.0	
HM13-IT1				3.0	
RNA5SP481				1.0	
RP1-310O13.7				2.0	
RNA5SP482				4.0	
CCM2L				2.0	
HCK		4.0	3.0	4.0	
RP11-410N8.1				2.0	
MIR4325				1.0	
RP3-481F12.1		1.0	1.0	1.0	
SPO11		1.0		1.0	
AP000301.1				2.0	
RPS5P3				2.0	
AP000302.58				2.0	
DNAJC28		1.0	1.0	2.0	
BTF3P6				2.0	
TMEM50B				2.0	
GART		1.0		2.0	
SON				2.0	
RPL31P1				1.0	
H2BFS				1.0	
CNN2P1				2.0	
CTA-85E5.10		2.0	1.0	3.0	3.0
RTCB				1.0	
RP3-508I15.10				6.0	
TOMM22				6.0	
RP3-508I15.9		1.0	1.0	6.0	
CBY1		1.0	1.0	6.0	
MYD88				1.0	
OXSR1				1.0	
UCN2				1.0	
MIR711				1.0	
PRKAR2A-AS1				2.0	
SLC25A20				2.0	2.0
CBX5P1				1.0	
ZNF654				2.0	
CGGBP1		1.0	1.0	2.0	
RP11-159G9.5		1.0	1.0	2.0	
TF		2.0	2.0	2.0	
RP11-404G16.2		1.0	1.0	2.0	
SRPRB				2.0	1.0
TFP1				2.0	2.0
RP11-789L4.1				1.0	
YWHAQP6				3.0	
RASA2		3.0	2.0	3.0	
HMGN2P25				2.0	
RNU6-509P				2.0	
ATP1B3-AS1				2.0	
RP11-271K21.11		1.0		2.0	
ATP1B3		2.0	1.0	2.0	
RP11-480A16.1		1.0		2.0	
AC024937.4		2.0	1.0	3.0	
AC024937.2				3.0	
SDHAP1				2.0	
CTD-2002J20.1				2.0	
SMCO1				2.0	
AC092933.4				2.0	
AC092933.3				2.0	
WDR53				1.0	
RNF168		2.0	2.0	2.0	
RP11-115L11.1				1.0	
FAM200B				1.0	
RP11-442P12.2				1.0	
BST1		1.0	1.0	1.0	
RP11-617D20.2				4.0	
RP11-617D20.1		4.0	3.0	5.0	1.0
AC021860.1		4.0	3.0	5.0	
KLF3		3.0	1.0	5.0	
MIR5591				2.0	
SLC10A6		1.0	1.0	3.0	
PTPN13		2.0	3.0	3.0	
NKD2				3.0	
CTC-503K11.2				1.0	
MIR3141		2.0	2.0	2.0	
CTC-280C13.1		1.0		1.0	
KIF4B				1.0	
AC008410.1		1.0	1.0	1.0	
CTD-2311A18.1		1.0		1.0	
RP11-779O18.1		1.0	1.0	3.0	
RP11-779O18.2				3.0	
RP11-779O18.4				3.0	
RP11-779O18.3		2.0	1.0	3.0	
DUSP1		1.0		3.0	
RP11-536N17.1				2.0	
RP1-190J20.2				1.0	
RN7SL332P				1.0	
JARID2-AS1				1.0	
RP1-30M3.5				2.0	
TDP2				2.0	1.0
ACOT13		2.0	2.0	2.0	4.0
C6orf62		1.0	1.0	2.0	3.0
RP1-30M3.6				2.0	
KIAA0319		2.0	1.0	2.0	2.0
RP1-245M18.2				3.0	1.0
PPIAP29				4.0	
FAM65B		5.0	4.0	5.0	22.0
ASS1P1				3.0	2.0
RN7SL334P				3.0	
RP3-425P12.1		1.0		3.0	
RP3-425P12.2		1.0	1.0	3.0	1.0
RP3-425P12.5				3.0	1.0
RP11-367G6.3		2.0	1.0	3.0	12.0
AL590084.1		1.0	1.0	2.0	3.0
RP1-153G14.4				8.0	
MCFD2P1		3.0	2.0	8.0	7.0
RP1-249I4.2				2.0	
RP11-428F8.2				1.0	
SLC16A10		1.0	1.0	1.0	
RNU4-35P		1.0	1.0	2.0	1.0
GJA1		1.0		2.0	
ALDH8A1				4.0	
RP11-12A2.1				2.0	
RNU6-215P				2.0	18.0
WIPI2		2.0	2.0	2.0	27.0
SNX13		5.0	4.0	6.0	
RP11-126L15.4				5.0	
UFSP1				6.0	
ACHE		4.0	2.0	6.0	
TRIP6				6.0	
SRRT		1.0	1.0	6.0	
MIR4660				7.0	
RP11-62H7.2		1.0		6.0	1.0
AC051642.1				3.0	1.0
RNU6-519P				1.0	
UBE2V2				1.0	
PRKDC				1.0	
MCM4		1.0	1.0	1.0	
TMEM75				3.0	
MIR1205				3.0	
RNU1-106P				4.0	
TSSK5P1				3.0	
FAM203A				2.0	
RP11-15B24.5		2.0	1.0	2.0	
Z98044.1		2.0	1.0	2.0	2.0
H6PD		1.0		3.0	
RP11-426L16.3				3.0	
PPM1J				2.0	6.0
RP11-426L16.9				2.0	
FAM19A3		2.0	1.0	2.0	
RP11-426L16.7				2.0	3.0
MOV10				3.0	
RHOC				3.0	2.0
RP11-426L16.10				3.0	2.0
RP4-712E4.1				2.0	
RP4-712E4.2		1.0		2.0	
RP1-79C4.4				1.0	
RP1-79C4.1				1.0	5.0
RP11-168O16.1				2.0	
RP11-168O16.2				2.0	
RP11-95P13.2		3.0	1.0	4.0	14.0
RP11-453O22.1		1.0		1.0	
JMJD1C-AS1		1.0	1.0	5.0	
ADAMTS14		2.0		2.0	
FIBP				4.0	
CCDC85B				4.0	
C11orf68				3.0	
DRAP1				3.0	
SNX32				6.0	
MUS81				4.0	
EFEMP2		2.0		4.0	
CTSW				4.0	
FOSL1		2.0	1.0	4.0	
RP11-452H21.2				3.0	
RP11-452H21.4				3.0	
RP11-452H21.1		3.0	1.0	3.0	
RP11-121M22.1				3.0	2.0
ADAMTS15				3.0	
RP11-380L11.4				4.0	
DNAH10OS		1.0		4.0	
RP11-380L11.3				4.0	
RP11-214K3.23				4.0	
RP11-214K3.22				4.0	
RP11-214K3.21				4.0	
RP11-214K3.19				4.0	
RP11-214K3.18				4.0	
CCDC92		4.0	3.0	4.0	3.0
RP11-214K3.20				4.0	
ZNF664		1.0		5.0	1.0
RP11-798K3.2		1.0		1.0	
AC048382.4		1.0		1.0	
RP11-182J1.10		1.0		1.0	
RP11-182J1.11				1.0	
GOLGA6L5				1.0	
UBE2Q2P1				1.0	
RP11-182J1.12				1.0	
AC134300.1		3.0		3.0	1.0
CTD-2313J23.1				1.0	
RBBP6		1.0		1.0	
C16orf92				3.0	
RP11-391L3.5				3.0	
LA16c-444G7.1		2.0	1.0	2.0	6.0
RNU7-135P				3.0	
RP11-1079K10.3		2.0	1.0	3.0	4.0
RP11-1079K10.2				3.0	1.0
RP11-81K2.1		3.0	2.0	3.0	11.0
CTD-3193O13.9				1.0	
CTD-3193O13.11				1.0	
CTD-3193O13.10				1.0	
RNA5SP463				1.0	
RN7SL115P				1.0	
CTD-3193O13.13				1.0	
TGFBR3L				1.0	
CTD-3193O13.1				1.0	
SNAPC2				1.0	
CTXN1				1.0	
CTD-3193O13.8				1.0	
EVI5L				1.0	
LRRC8E				1.0	
TIMM44				1.0	
RN7SL94P				1.0	
UBL5				1.0	
AC008752.3				2.0	
FBXL12				1.0	
CTD-2623N2.11				2.0	
JUND		1.0		3.0	1.0
MIR3188		1.0		3.0	
RPL39P38		1.0	1.0	3.0	1.0
KIAA1683		2.0		4.0	1.0
PDE4C		2.0	1.0	5.0	
AC144450.2				1.0	
AC144450.1				1.0	
NEB		2.0	1.0	2.0	
RFTN2		1.0		1.0	
AC007563.4				3.0	
RNA5SP120				3.0	
AC007563.3		2.0		3.0	
FABP5P14				3.0	
AC007557.4				2.0	
AC007563.5		3.0	2.0	3.0	9.0
RP11-316O14.1				2.0	
AC053503.11		2.0	1.0	4.0	
GMPPA				2.0	
ASIC4				2.0	
SPEG		4.0	1.0	4.0	
RP1-5O6.5				8.0	
RN7SL704P				8.0	
AL021977.1				8.0	
TMEM184B		1.0		8.0	
ADSL				1.0	
RNU6-495P				4.0	
TEF		3.0	3.0	4.0	2.0
RN7SL567P				1.0	
HHATL				1.0	
NKTR				1.0	
RP4-613B23.1				1.0	
ZBTB47				1.0	
CCDC13		1.0		2.0	
HHATL-AS1				2.0	
CCDC13-AS1				2.0	
KLHL40		1.0		1.0	
RP11-3B7.7				4.0	
RP11-3B7.1				4.0	
C3orf62				5.0	
MIR4271				4.0	
C3orf84				2.0	1.0
ZCCHC4				2.0	
NDUFS4		1.0		1.0	
AC025175.1				1.0	
ASS1P9				1.0	
CTD-2081C10.1		1.0		1.0	
AC022431.1				4.0	
CTC-236F12.4		1.0	1.0	4.0	
RPEP1				1.0	
VCAN		1.0		1.0	
VCAN-AS1				1.0	
CTC-467M3.3		1.0		3.0	
CTC-467M3.2				3.0	
CTC-467M3.1		3.0	1.0	3.0	1.0
RNU6-1106P				2.0	
NPM1P13				1.0	
TWIST1				2.0	1.0
EVX1		1.0		3.0	
SGK223		5.0	2.0	8.0	3.0
CTA-398F10.1		4.0	3.0	5.0	
CLDN23		3.0	1.0	4.0	2.0
AC087269.1		2.0	1.0	4.0	
RP11-211C9.1		4.0	1.0	12.0	1.0
MFHAS1		10.0	7.0	12.0	6.0
RP11-10A14.7				7.0	
LINC00599		1.0	1.0	11.0	
RP11-212F11.1				10.0	
AF131215.6				8.0	
AF131215.9		1.0		5.0	
AF131215.2				5.0	
AF131215.3				6.0	
AF131215.5				6.0	
AF131215.4				7.0	
RP11-148O21.3				10.0	
RP11-148O21.4				10.0	
RP11-148O21.2				10.0	
RNA5SP272				1.0	
RP11-586K2.1		1.0		1.0	
GKAP1		2.0	1.0	3.0	
HNRNPK		1.0		3.0	
RMI1		2.0	1.0	3.0	
RP11-158D2.2		1.0		2.0	
RP11-62C3.8				1.0	
NOL8				1.0	
CENPP		1.0		1.0	
OGN				1.0	
RP11-121A14.2				2.0	1.0
RP11-121A14.3				2.0	
RNA5SP66				1.0	
MIR3119-2				1.0	
ISCUP1				1.0	1.0
RP11-297H3.3		1.0	1.0	1.0	5.0
METTL11B				1.0	3.0
MIR3168		1.0		3.0	
RN7SL597P		1.0	1.0	3.0	
KBTBD6				3.0	
WBP4		2.0	1.0	3.0	
TJP1		1.0		1.0	
ENO3				3.0	
RP5-1050D4.3				3.0	
RP5-1050D4.2				3.0	
RP5-1050D4.4				2.0	
AC004771.1				2.0	
RP5-1050D4.5				1.0	
AC109333.10				2.0	
SPAG7		1.0	1.0	3.0	
CAMTA2		1.0		3.0	
INCA1				1.0	
KIF1C		1.0		2.0	
SLC52A1				3.0	
ABCA10		2.0	3.0	2.0	
RP11-619L19.2				1.0	
AC093166.2				1.0	
AC093166.3		1.0	1.0	1.0	1.0
MIR4771-1				2.0	
AC104651.1				2.0	
AC093166.4				2.0	
AC112721.1		1.0	1.0	2.0	
AC112721.2		2.0	1.0	2.0	
COL6A3		1.0		2.0	
TMEM212-IT1				1.0	
TMEM212-AS1				2.0	
AC092964.2				2.0	
AC092964.1				2.0	
RP11-94D20.1		2.0	1.0	1.0	1.0
LINC00094		1.0		5.0	
RP11-374P20.4		3.0	1.0	5.0	
RP11-466L17.1				1.0	4.0
PIGQP1				1.0	
RP11-90C4.3		1.0		1.0	4.0
RP11-58K22.2				2.0	
RP11-58K22.5				2.0	
RP11-58K22.4				2.0	
ARF1P2				2.0	
SRP68P3				2.0	
FAM106B				2.0	
RP11-434D2.2				3.0	
USP32P3				3.0	
RN7SKP274				1.0	
RDM1				2.0	
LYZL6		2.0		2.0	
CTB-186H2.1		1.0		2.0	
CTB-186H2.3				2.0	
AC015849.16				2.0	
LRRC37A9P				2.0	
CTB-186H2.2				2.0	
CCL16				2.0	
CCL14				2.0	
CCL15-CCL14				2.0	
WDR18				6.0	
GRB14		1.0	1.0	4.0	
HRH3				1.0	
MTG2				1.0	
OSBPL2		1.0		2.0	
RP11-427P5.2				2.0	
PRSS44				2.0	
PRSS42				2.0	
PRSS45		2.0		2.0	
CISH		2.0		2.0	
MAPKAPK3				2.0	
RNU6-524P				1.0	
RP11-254I22.3				1.0	
RP11-254I22.1		1.0		1.0	2.0
GMDS-AS1		3.0	2.0	3.0	2.0
RP3-470L22.1		2.0		3.0	7.0
RP11-349J5.2				2.0	
AC004895.1				1.0	
AC004895.4				1.0	
ADH1A				12.0	
RP11-696N14.1		5.0	4.0	15.0	
OSCP1				2.0	
MRPS15				2.0	
CSF3R		2.0	2.0	2.0	
RP11-430H12.2				3.0	
VCAM1		1.0	1.0	2.0	
RP5-1033H2.1		2.0	2.0	3.0	
RP4-575N6.4				3.0	
S1PR1		1.0	1.0	3.0	
RP4-575N6.5				3.0	
RP4-575N6.2				2.0	
PPIAP7		2.0	1.0	2.0	
RNA5SP60				4.0	
DARC		3.0	1.0	4.0	
CADM3		1.0	1.0	4.0	
CTA-134P22.2		4.0	2.0	4.0	
MRPS21P3				1.0	
RP11-75C23.1				1.0	
EEF1A1P32				1.0	
RP11-553K8.5				2.0	1.0
PEBP1P3				2.0	
RP5-1087E8.2				1.0	
RP5-1087E8.3				1.0	
ADCK3		1.0	1.0	1.0	1.0
RNU6-968P				3.0	
RP5-940F7.2		3.0	2.0	3.0	
RP4-580N22.2				3.0	
RP11-379F12.3				3.0	
RP11-379F12.4				3.0	
TAF3				1.0	
RN7SKP39				2.0	
RP11-351M16.3		2.0	2.0	3.0	
WAC-AS1		1.0		3.0	
WAC		2.0	1.0	4.0	
AC067742.1				1.0	
C10orf105				1.0	
C10orf54		1.0	1.0	1.0	
CDH23		1.0	1.0	1.0	
RP11-452K12.3				2.0	
FRAT2		1.0	1.0	2.0	
RP11-452K12.4		2.0	1.0	2.0	
RRP12		2.0	1.0	2.0	
ARHGAP19-SLIT1				2.0	2.0
RP11-1007G5.2				3.0	
RP11-264E20.2		1.0		2.0	
RP11-264E20.1		2.0	2.0	3.0	1.0
RP11-744N12.3		1.0	1.0	6.0	
RN7SL391P				5.0	
RP1-102E24.8		3.0	2.0	4.0	
RP1-102E24.1		1.0		4.0	
RP1-102E24.9				3.0	
SCNN1A		1.0	1.0	4.0	
CD27-AS1				3.0	
CD27				2.0	
RP11-1143G9.2		1.0	1.0	2.0	1.0
CPSF6		1.0	1.0	2.0	
RN7SL272P				2.0	
KATNBL1P1				3.0	
CTD-2555O16.4				1.0	
CTD-2555O16.3				1.0	
AKAP5				1.0	
CTD-2555O16.2				1.0	
ZBTB25		1.0	1.0	1.0	
RP11-973N13.4				1.0	
MTHFD1				1.0	
JDP2				2.0	
BATF		2.0	2.0	2.0	
RNU6-1316P				1.0	
AL117209.1				1.0	
RP11-365N19.2		1.0	1.0	3.0	
AMN				3.0	
CDC42BPB		2.0	2.0	4.0	
CTD-2382E5.4				3.0	
RP11-23P13.6				3.0	
RP11-23P13.7				3.0	
CTD-2382E5.1		1.0	1.0	3.0	
PLA2G4E				3.0	
CTD-2382E5.2				2.0	
DCTPP1				1.0	
SEPHS2				1.0	
RP11-297C4.3				1.0	
RNU7-61P				1.0	
RP11-297C4.1				2.0	
MIR4518				2.0	
ZNF771				1.0	
RP11-297C4.2				2.0	
RP11-322D14.2				3.0	
RP11-407G23.1				3.0	
RP11-542M13.3		2.0	1.0	3.0	
RP11-818O24.3				2.0	
PITPNA-AS1				2.0	
MYO1C		2.0	2.0	2.0	
CTD-2545G14.7				4.0	
CTDNEP1				4.0	
CLDN7				4.0	
RP1-4G17.2				4.0	
GABARAP				4.0	
RP1-4G17.5				4.0	
ELP5				4.0	
AC002553.1				1.0	
RPLP1P11				1.0	
ZSWIM7				1.0	
TTC19		1.0	1.0	1.0	
ADORA2B				1.0	
NCOR1				1.0	
MIR1288				1.0	
PIGL		1.0	1.0	1.0	
PSMD3		1.0	1.0	4.0	
RP11-387H17.6		2.0		4.0	8.0
CSF3				4.0	
SNORD124				3.0	
NR1D1		2.0	2.0	2.0	3.0
MSL1		1.0		2.0	1.0
CASC3		1.0		2.0	
CTD-2267D19.2				1.0	
CTD-2267D19.4				1.0	
RNA5SP441				1.0	
RARA				1.0	
CTD-2267D19.3				1.0	
AC073508.1				2.0	
AC090283.3				2.0	
KRT24				2.0	
KRT223P		2.0	2.0	2.0	1.0
KRT25				2.0	
KRT222				2.0	
RN7SL739P				6.0	
RP11-669E14.4				6.0	
CTC-782O7.1		4.0	2.0	4.0	2.0
CTD-2369P2.12		1.0	1.0	2.0	
ICAM3		1.0	1.0	2.0	1.0
ZGLP1		1.0	1.0	2.0	3.0
CTD-2369P2.10		1.0	1.0	2.0	2.0
FDX1L		1.0	1.0	2.0	2.0
MIR1181				1.0	
CTD-2562J15.6		2.0	1.0	2.0	
RN7SL844P				2.0	
CTD-2013N17.1				2.0	
CTD-2013N17.4				2.0	
RN7SL146P				1.0	
CTD-3222D19.7				1.0	
CTD-3222D19.11				1.0	
CTD-3222D19.10				1.0	
CTD-3222D19.5				1.0	
C19orf44		1.0		2.0	
SLC35E1		1.0	1.0	1.0	
MED26		1.0		1.0	
CTC-429P9.4		1.0		1.0	
CTC-429P9.2		1.0		1.0	
CTD-3222D19.2		2.0	2.0	2.0	
CHERP		1.0		2.0	
CTC-429P9.3				1.0	
CTC-429P9.5				1.0	
CTD-2538G9.3		1.0	1.0	1.0	
CTC-429P9.1				1.0	
SMIM7				1.0	
TMEM38A		1.0	1.0	1.0	
NWD1				1.0	
CTD-3137H5.1				4.0	
AC010335.1				4.0	
SSBP4				4.0	
ISYNA1				4.0	
MAU2		3.0		5.0	
LPAR2				4.0	
GMIP		2.0		5.0	
ATP13A1				4.0	
ZNF101		3.0	2.0	5.0	4.0
ZNF576				3.0	
RN7SL368P				2.0	
AC006953.1				2.0	
SRRM5				3.0	
ZNF428				2.0	11.0
FAM83E		1.0	1.0	2.0	
SPACA4				2.0	
AC022154.7				2.0	
SPHK2		1.0		3.0	
CA11		2.0	2.0	3.0	
SULT2B1		1.0	1.0	2.0	
RPL18				2.0	
AC007248.7				2.0	1.0
MIR4772				2.0	
AC007278.2		1.0	1.0	2.0	
AC007278.3				2.0	
IL1F10		3.0	1.0	7.0	
RNU6-1180P		6.0	2.0	7.0	
IL36RN				7.0	
IL1RN		1.0	1.0	7.0	1.0
MARCH7				3.0	
RMRPP3				2.0	
MIR4785				1.0	
AC068196.1				2.0	
AC104820.2		2.0	2.0	2.0	1.0
MIR4437				1.0	
AC020595.1		2.0	1.0	3.0	
SIRPA		2.0	1.0	3.0	
RP4-684O24.5		2.0	1.0	3.0	
PDYN				3.0	
EDN3		1.0		2.0	3.0
ARFRP1		2.0	1.0	7.0	1.0
RP4-583P15.14				7.0	
RP4-583P15.10				7.0	
RP4-583P15.15		5.0	3.0	7.0	4.0
CTA-85E5.7				4.0	
CTA-223H9.9				2.0	
RNU6-476P				2.0	
HMGN2P10				3.0	
RNU6ATAC22P				3.0	
XRCC6				2.0	
C22orf46				3.0	
Z83840.1				2.0	
NHP2L1		1.0	1.0	2.0	
CMC1		1.0	1.0	1.0	
ZCWPW2		1.0	1.0	1.0	
HIGD1A		1.0		3.0	
RP11-70C1.3		3.0	3.0	3.0	
RP11-141M3.5		3.0	3.0	3.0	3.0
KRBOX1		3.0	3.0	4.0	6.0
RP11-708J19.1				4.0	
DNAJB8				3.0	1.0
TMED10P2		1.0	1.0	4.0	2.0
GATA2		2.0		3.0	
RP11-475N22.4		3.0	3.0	3.0	1.0
DNAJB8-AS1				3.0	
C3orf27		4.0	3.0	4.0	3.0
RPN1		4.0	2.0	4.0	
AC092463.1				3.0	
AC097382.5				4.0	
RN7SKP292				4.0	
AC097382.1				4.0	
TBC1D14		3.0	3.0	4.0	
RP11-600L4.1		1.0	1.0	1.0	1.0
RP11-83C7.1		2.0	2.0	2.0	6.0
RP11-83C7.2		2.0	2.0	2.0	
RP11-213G21.1		1.0		2.0	
RP11-213G21.2		2.0	2.0	2.0	
PPBPP1				2.0	
PF4V1				2.0	
CXCL1				2.0	
CXCL6		2.0	2.0	2.0	
PPBPP2				1.0	
RP11-629B11.4		1.0		2.0	
CXCL2		2.0	2.0	2.0	1.0
MTHFD2L		1.0		2.0	1.0
ANTXR2		1.0	1.0	1.0	
PLAC8				1.0	
AF224669.3				1.0	
TET2-AS1				4.0	
EEF1A1P9				3.0	
RP11-477G18.2				1.0	
RP11-73K9.2				1.0	
AP1AR				1.0	
C4orf32		1.0	1.0	1.0	3.0
CETN4P				1.0	1.0
BBS12		1.0	1.0	1.0	
RP11-18H21.1		1.0	1.0	1.0	
RP11-79C6.1				3.0	
CTD-2113L7.1		1.0		2.0	2.0
SPEF2				2.0	3.0
YBX1P5				3.0	
RP11-389C8.2				3.0	
AC116366.6		1.0	1.0	6.0	
AC116366.5		1.0	1.0	5.0	1.0
ADRB2		3.0	3.0	3.0	
RP11-32D16.1		3.0	2.0	4.0	2.0
CTD-2301A4.5				2.0	
GMNN				2.0	11.0
RP3-369A17.5				2.0	
AL512428.1				2.0	
HSPD1P10				2.0	
GJB7		1.0		2.0	
ZNF292		2.0	2.0	2.0	
AC024028.1		1.0	1.0	2.0	1.0
AC091801.1		1.0	1.0	2.0	1.0
FLJ20306				4.0	
AC072052.7				4.0	
GRID2IP				4.0	
AC005017.2				2.0	
RP4-607J23.2				3.0	
RP11-307C18.1				3.0	
RPS3AP26				3.0	
BAIAP2L1		3.0	3.0	4.0	
BRI3		1.0		3.0	
RP11-511P7.4				1.0	
STRADBP1				1.0	
GIMAP7		1.0	1.0	1.0	
GIMAP4				1.0	
GIMAP8				1.0	
CHD7		4.0	3.0	4.0	1.0
RP11-578O24.2				1.0	
PRKRIRP7				1.0	
ZC2HC1A		1.0		1.0	
IL7		1.0	1.0	1.0	
GDI2P2				4.0	
RPL31P12		2.0		4.0	2.0
NEGR1		4.0		4.0	
CASC10		1.0		4.0	2.0
MIR1915				4.0	
RN7SKP219				3.0	
AC090559.2				9.0	
MIR4487				10.0	
PSMC3		4.0	2.0	10.0	
RNU6-1302P				8.0	
RP11-750H9.5		3.0	1.0	10.0	1.0
SLC39A13		2.0	1.0	10.0	
RAPSN		4.0		9.0	3.0
TEX40				3.0	
TRMT112				2.0	
ESRRA				3.0	
AP003774.1				2.0	
RP11-450K4.1				2.0	
HCAR2				5.0	
HCAR3				5.0	
RP11-324E6.9				5.0	
RP11-324E6.4				5.0	
RP11-324E6.6		3.0	2.0	5.0	
DENR				5.0	
RP11-214K3.5				4.0	
RNU7-30P				3.0	
SNORA11B				3.0	
RPS6KA5		2.0	1.0	3.0	
C14orf159		3.0		3.0	
RP11-34F13.2		1.0		3.0	
RNU6-1				2.0	
SKOR1		1.0		3.0	
RP11-34F13.3		1.0		3.0	2.0
RNU6-1339P				3.0	
GLYR1				3.0	
GP2				3.0	
RP11-429K17.1				3.0	
ACSM5				3.0	
RP11-1348G14.1		1.0		6.0	
RP11-1348G14.5				7.0	
RP11-24N18.1		1.0		7.0	
TUFM		2.0		7.0	
MIR4721				7.0	
RP11-22P6.2				7.0	
RP11-22P6.3				7.0	
SNORA43				8.0	1.0
RP11-1348G14.4		1.0		6.0	2.0
ATXN2L		3.0	1.0	7.0	
RP11-196G11.2				3.0	
ZNF668				2.0	
ZNF646				1.0	
VKORC1				1.0	
AC135050.5				1.0	
PRSS53				1.0	
RP11-196G11.1				1.0	
AC006534.1				3.0	
AC006534.2				4.0	
MC4R		3.0		3.0	1.0
RN7SKP33				2.0	
RP11-323C15.1		1.0		2.0	
RP11-323C15.2				2.0	
ADAMTS9		1.0	1.0	3.0	
RN7SL752P				2.0	
RP11-263I1.1				2.0	
PLXND1		2.0		2.0	1.0
TMCC1				1.0	
RP11-93K22.6				1.0	
TMCC1-AS1		1.0		1.0	
MIR5704				1.0	
AC024568.1				2.0	
RP1-86C11.7				3.0	
HIST1H2AG				4.0	
HIST1H2BJ				3.0	
LINC00951				2.0	
RP11-552E20.4				2.0	
RNU6-250P				2.0	
TDRG1				2.0	
RP11-36B6.1		1.0		3.0	1.0
AC016831.5				1.0	
AC016831.3				1.0	
RNU2-54P		3.0		2.0	
OXLD1				4.0	
CCDC137				4.0	
AC139530.1				4.0	
ARL16				4.0	
HGS				4.0	1.0
RNU6-291P				2.0	
RPL39P6				2.0	
RP11-56N19.5				2.0	3.0
C1orf167				3.0	3.0
AGTRAP				2.0	3.0
AL391357.1				1.0	
DDOST				2.0	
KIF17		1.0	1.0	3.0	1.0
PINK1-AS				1.0	
AL645859.1				1.0	
MECR				1.0	
RP11-435P24.3				1.0	
RP11-318L16.6				1.0	
RP11-359E8.3				1.0	5.0
ARPC3P2				1.0	
NEK2		1.0		4.0	
RP11-122M14.1				4.0	
RP11-122M14.3		1.0		2.0	
TAF5L				1.0	
URB2		1.0		1.0	
RP11-438H8.8				4.0	
OR2X1P				4.0	
OR2L13		1.0	1.0	4.0	
OR2L8				4.0	
SNORD74		1.0		2.0	
MED6P1		1.0	1.0	2.0	1.0
PTEN		1.0	1.0	2.0	
TBC1D12		1.0		2.0	
CYP2C18		1.0		3.0	
CYP2C19		2.0		4.0	
MTND4P19		1.0		2.0	
CYP17A1-AS1				5.0	
PFN1P11				6.0	
PTGES3P4				6.0	
CYP17A1				5.0	1.0
ST13P13				4.0	
RP11-332O19.5				1.0	1.0
MIR3657				5.0	
ERP29				3.0	
RHOF		2.0	1.0	3.0	
TMEM120B		3.0	1.0	3.0	
PDS5B		4.0		4.0	
LDHBP1		2.0	1.0	4.0	
LAMP1		1.0	1.0	5.0	
RP11-356O9.2				1.0	
CD24P2				2.0	
RP11-69H7.3				1.0	
AC113208.1				1.0	
RP11-69H7.2				1.0	
CTD-2012K14.7				2.0	
RNU6-430P				3.0	
RP1-168P16.3				5.0	
RP11-104N10.1		3.0	2.0	6.0	
RNU7-117P				7.0	
RPL13		2.0	1.0	6.0	
SNORD68				6.0	
GAS8		3.0	2.0	5.0	7.0
C16orf3				5.0	
URAHP		3.0	2.0	4.0	7.0
AKAP10		2.0	1.0	3.0	
CTB-39G8.2				1.0	
CTB-39G8.3				2.0	
POLR3KP2				1.0	
SSTR2				1.0	
COG1				1.0	
RP11-661C3.2				1.0	
FAM104A		1.0		1.0	
C17orf80				1.0	
CPSF4L				1.0	
RP11-143K11.5				1.0	
RP11-143K11.1				1.0	
AC061992.2		1.0	1.0	5.0	2.0
HSPBP1		1.0	1.0	4.0	
ID2				2.0	
AC007381.3		2.0		2.0	5.0
RP11-493E12.2				2.0	
AHSA2				3.0	2.0
RP11-355B11.2		1.0	1.0	3.0	
XPO1		2.0	1.0	4.0	1.0
RN7SL51P				2.0	
AL160175.1				1.0	
RNU1-134P				2.0	
MIR941-2				2.0	
MIR941-3				2.0	
MIR941-1				2.0	
MIR1914				2.0	
MIR647				2.0	
AL118506.1				2.0	
TPD52L2				3.0	
ZNF512B				4.0	3.0
DUSP18				1.0	
CTA-963H5.5				1.0	
MIR3200				1.0	
SLC35E4				1.0	
RN7SL500P				2.0	
DENND6B		1.0		2.0	
PPP6R2		1.0		2.0	
RNU6-822P				1.0	
NPRL2				4.0	
CYB561D2				4.0	
TMEM115				4.0	
XXcos-LUCA11.4				3.0	
RNA5SP131				3.0	
XXcos-LUCA11.5				4.0	
RNU6-32P				1.0	
WDR19				1.0	
MIR5685				1.0	
HMGB1P20				1.0	
ELOVL5		1.0		1.0	
RP1-45N11.1				1.0	
RNU6-1299P				3.0	
PDSS2				3.0	
RP11-787I22.3				3.0	
RNU6-960P				1.0	
AC083863.5				4.0	
KBTBD2		1.0		4.0	
RP9P				4.0	
AVL9		4.0	1.0	4.0	
AC011738.1				1.0	
COA1				1.0	1.0
HECW1				1.0	
STK17A		1.0		1.0	
MIR3609				1.0	
TMEM130				1.0	
TRRAP		1.0		1.0	
TRIM60P15				1.0	
MTND1P7				1.0	
RNU6-656P				1.0	
RP11-101E19.4				1.0	
MTND6P20				1.0	
RP11-101E19.7				1.0	
LINC00293		1.0		1.0	
RNU4ATAC11P				1.0	
VDAC1P11				2.0	
NUTM2F		1.0		1.0	
RP11-307E17.9				1.0	
ZNF169				2.0	
RP11-307E17.8				1.0	
HIATL1				1.0	
MIER1		1.0	1.0	2.0	
SLC35D1		2.0		2.0	
RP11-76N22.2		3.0	2.0	3.0	3.0
RP11-29H23.7				2.0	
RP11-29H23.6				2.0	
RP11-29H23.4		2.0	1.0	2.0	
ASH1L-AS1				2.0	
DAP3P1				2.0	
RP11-29H23.5				2.0	2.0
LARP4B		3.0	3.0	4.0	
RNA5SP308				1.0	
RP11-492M23.2		2.0	1.0	2.0	1.0
C10orf126				1.0	
RP11-178G16.4				1.0	
RP11-178G16.5				1.0	
RAB5CP1				1.0	
AL137224.1				1.0	
ELF5		1.0	1.0	1.0	
RP4-594L9.2				1.0	
CAT				1.0	
SLC38A4		2.0	1.0	2.0	1.0
SPRYD4				2.0	
RP11-153M3.1				2.0	
TIMELESS				2.0	
MIP		1.0		2.0	
GLS2		2.0	2.0	2.0	
RNU6-879P				7.0	
AC126614.1				7.0	
RP11-756H6.1				7.0	
INHBE		2.0	2.0	5.0	
ARHGAP9				4.0	
R3HDM2		6.0	8.0	7.0	
MIR4714				1.0	
RP11-697E22.3				2.0	
DDX52				1.0	
RP11-697E22.2				3.0	3.0
AC091199.1		1.0	1.0	1.0	1.0
RP11-115K3.2				1.0	
RP11-136H19.1				3.0	
RP13-516M14.2				1.0	
AC132872.1				1.0	
CCDC57				1.0	
SLC16A3		1.0	1.0	1.0	
CSNK1D				1.0	
AC132872.2				1.0	
RP11-116O18.1				1.0	
RP11-116O18.3		1.0	1.0	2.0	
RNU6-708P				1.0	
ATP9B				2.0	
RNU6-317P		1.0	1.0	7.0	
BCAT2		1.0	1.0	7.0	
AC079779.4		1.0	1.0	2.0	
RP11-387A1.5				2.0	
HOXD-AS1				2.0	
MIR4756				5.0	
BCAS1		4.0	3.0	6.0	1.0
RP1-309F20.4				2.0	
RP1-309F20.3		2.0	1.0	2.0	2.0
GNAS-AS1				2.0	1.0
RP4-806M20.3				2.0	
RN7SL216P				2.0	
RNA5SP125				2.0	
AC133680.1		2.0	1.0	2.0	2.0
RN7SL172P				1.0	
RNU4-62P				1.0	
FBXO40				1.0	
GOLGB1		1.0	1.0	2.0	
HCLS1				1.0	
AC072031.1				2.0	
EAF2				2.0	
SLC15A2		2.0	3.0	2.0	
RP11-237P21.1		1.0	1.0	2.0	
AC092989.1				2.0	
TDGF1P6				2.0	
RP11-463H24.1		7.0	6.0	9.0	
RNY4P4				2.0	
HMGN1P10		1.0	1.0	2.0	
RNU7-198P				2.0	
RP11-731C17.2				5.0	
RP11-85F14.1		1.0	1.0	5.0	
RP11-731C17.1		6.0	3.0	6.0	2.0
SLC35G2		1.0	1.0	7.0	
RP11-85F14.5		1.0	1.0	4.0	
RP11-641D5.2				3.0	1.0
RP11-641D5.1				3.0	
RP11-44H4.1		1.0		1.0	3.0
AC026740.1				2.0	
CTD-2589H19.6				2.0	
ZDHHC11B		1.0		3.0	
CEP72				2.0	
ZDHHC11		1.0		3.0	
AC108105.1		1.0	1.0	1.0	8.0
SNORA63		2.0	1.0	4.0	7.0
PTGER4				1.0	
RPL7P22				2.0	
AC063979.1				2.0	
CTC-347C20.1		2.0	2.0	3.0	2.0
CTD-2376I4.1		1.0		2.0	
CTD-2376I4.2				2.0	
CTC-250P20.2				2.0	
CTC-250P20.1				3.0	
FCHO2		3.0	2.0	5.0	
RP11-232L2.1				4.0	
AC116345.1		2.0	2.0	3.0	
TMEM174				3.0	
RP11-232L2.2		3.0	2.0	4.0	
FTH1P5		1.0	2.0	2.0	1.0
LINC00473		2.0	2.0	2.0	
SNORD45				1.0	
GAPDHP72		1.0	1.0	1.0	
AC147651.2				2.0	
AC147651.5				2.0	
LINC01007		1.0	1.0	1.0	5.0
MYL10				1.0	4.0
COL26A1				1.0	
STC1		2.0	3.0	2.0	
RP11-103H7.2				1.0	
RNU6-869P				1.0	
RP11-103H7.1		1.0	1.0	1.0	1.0
RP11-103H7.3				1.0	
AC027228.1				3.0	
RP11-650L12.2				1.0	1.0
PSMA4		1.0		3.0	
RP11-335K5.2				1.0	
RPL18P11				1.0	
RP11-160C18.2				3.0	13.0
CYP2A7				3.0	
CYP2G1P				3.0	
RP11-276H7.3		2.0	3.0	5.0	
ARHGEF19-AS1		3.0	3.0	5.0	
C1orf134				3.0	
RSG1				3.0	
EPHA2		1.0	1.0	5.0	
RP11-276H7.2				5.0	
ARHGEF19		3.0	3.0	5.0	
ANO7P1				5.0	
RN7SL501P				3.0	
RN7SL165P		1.0		4.0	
PIGV		2.0	2.0	4.0	1.0
RP5-833A20.1				1.0	
ACTBP12				3.0	
AL451010.1				3.0	
C1orf146				3.0	
GLMN		1.0	1.0	4.0	
RP4-593M8.1				3.0	
EVI5		4.0	3.0	5.0	
PRMT6		3.0	1.0	3.0	
RNU6-884P				6.0	
RP11-61L14.6				4.0	
AL606500.1				4.0	
F13B		1.0	1.0	1.0	5.0
ASPM				1.0	4.0
RP11-32D17.4				1.0	
ZBTB41		1.0	1.0	1.0	6.0
RP11-445P17.6				2.0	
RP11-445P17.3				2.0	
RP11-445P17.8				1.0	
AKR1CL1				2.0	
AKR1C4		2.0	2.0	2.0	
TATDN1P1				6.0	
RP11-351O1.4				7.0	
MIR1296				6.0	
MRPL35P2		5.0	3.0	5.0	
RP11-111N20.4				5.0	
RP11-170M17.1		3.0	2.0	5.0	
RP11-402D21.2				1.0	
FGFBP3				1.0	1.0
TNKS2		1.0	1.0	1.0	
RP11-348J12.2				8.0	
CYP26C1				8.0	
NIP7P1		1.0	1.0	8.0	
TPM4P1		1.0		3.0	
RP11-316M21.9		1.0	1.0	3.0	
RP11-316M21.7				2.0	
CHUK				2.0	
RP11-159H3.1		2.0	1.0	2.0	3.0
RN7SKP151				3.0	
BTBD10				3.0	
RP11-770G2.4		1.0		3.0	
RP11-770G2.5				3.0	6.0
RP11-211G23.2		1.0		2.0	2.0
AP000439.5		1.0	1.0	2.0	
AP000439.2				2.0	2.0
UBE2L2				3.0	
AC087239.1				2.0	
LYRM5				2.0	
KRAS		2.0	2.0	2.0	
RP3-405J10.3				3.0	
RP4-605O3.4		2.0		3.0	4.0
CERS5		1.0		3.0	4.0
LARP4		1.0		5.0	4.0
RP11-60E8.4				3.0	
RN7SL519P				3.0	
RP11-60E8.3				3.0	
TMPRSS12				3.0	3.0
METTL7A		1.0	1.0	1.0	
RP11-407N8.4				1.0	
HIGD1C				1.0	
RP11-511B23.2		1.0	1.0	1.0	
RNU7-184P				1.0	
RP11-328J6.1		1.0	1.0	1.0	
AC002978.1				3.0	
RP11-124D2.1				1.0	
RNU6-1046P				4.0	
C14orf164		1.0	1.0	4.0	
CBLN3				6.0	
SDR39U1				6.0	
KHNYN				6.0	
RP3-514A23.2				3.0	
SERPINA2P		1.0	3.0	3.0	2.0
RP11-349I1.2				3.0	6.0
SERPINA11				3.0	
RP11-982M15.2				2.0	
LINC00638				2.0	
RPS26P49				2.0	
RPS2P4				2.0	
CTD-3051D23.1				2.0	
ZBTB42		1.0		2.0	
AKT1		1.0	3.0	2.0	
WDR76		2.0	1.0	4.0	
RPSAP55		1.0	1.0	1.0	
AC007950.1				2.0	
RP11-327J17.2		2.0	1.0	3.0	
PKD1P6				1.0	
NPIPP1				1.0	
RP11-1186N24.5				1.0	
RP11-483P21.6				5.0	
MLYCD				5.0	
RP11-505K9.4		5.0	6.0	5.0	
OSGIN1		1.0	1.0	5.0	
NECAB2				5.0	
CTD-3057O21.1				1.0	
RP11-863P13.5				1.0	
TLCD2		1.0	2.0	5.0	
MIR22HG		4.0	6.0	5.0	
WDR81		2.0	1.0	5.0	
RP11-961A15.1		1.0		5.0	
SERPINF2		2.0	3.0	5.0	
SERPINF1				5.0	
PRPF8				6.0	
SMYD4				2.0	4.0
ASGR2		1.0	1.0	2.0	
EIF5A		1.0	1.0	2.0	
GPS2		1.0	1.0	2.0	
RP11-542C16.2				2.0	
AC026954.6				3.0	
YBX2		2.0	2.0	2.0	
NEURL4		1.0	1.0	3.0	1.0
TMEM95		2.0	2.0	3.0	1.0
KCTD11		1.0	1.0	3.0	
RP11-542C16.1		1.0	1.0	3.0	
TNK1		2.0	1.0	4.0	1.0
TMEM256-PLSCR3		1.0	1.0	4.0	
C17orf61-PLSCR3		1.0	1.0	4.0	
TMEM256				4.0	
TNFSF13		2.0	4.0	8.0	
SNORA67		3.0	2.0	8.0	4.0
SNORD10				8.0	
CD68		2.0	2.0	8.0	
AC113189.5		1.0		8.0	
SOX15				7.0	
MPDU1				8.0	
SENP3		1.0		8.0	
SENP3-EIF4A1		2.0		8.0	4.0
RPL29P2				4.0	
RP11-1099M24.8		1.0	1.0	2.0	
GUCY2D		2.0	1.0	2.0	
ALOX15B				2.0	
RP11-599B13.3				1.0	
ALOX12B		1.0	1.0	2.0	
AC129492.6				2.0	
MIR4314				2.0	
ALOXE3				2.0	
RP11-55L4.2				2.0	
RP11-55L4.1				2.0	
WDR16				2.0	
USP43		2.0	2.0	2.0	
RP11-131K5.2				1.0	
AC005304.1				1.0	
RP11-131K5.1				1.0	
COX10-AS1		1.0	1.0	1.0	
MIR33B				3.0	
AC122129.1				2.0	
SREBF1		2.0	1.0	3.0	
EVI2A				2.0	
EVI2B				2.0	
CTD-2370N5.3				2.0	
Metazoa_SRP				3.0	1.0
RP11-708H21.1				1.0	
RP11-708H21.4		1.0	1.0	2.0	
GNGT2				3.0	3.0
RP1-62O9.3		1.0	1.0	3.0	9.0
RP11-1079K10.1				3.0	
PHB				3.0	4.0
RP11-1079K10.4				3.0	
AC004797.1				2.0	
RP11-1079K10.5				2.0	
NGFR		1.0	1.0	2.0	
RP5-1029K10.2		1.0	1.0	1.0	
RP5-1029K10.4				1.0	
NT5C				1.0	
RP11-649A18.5				1.0	
RP11-649A18.4				1.0	
RP11-649A18.7				1.0	
SLC16A5				2.0	
ARMC7				1.0	
SUMO2				1.0	
HN1		1.0	1.0	1.0	
MIR4738				1.0	
RP11-552F3.4				1.0	
ITGB4				1.0	
GALK1				1.0	
UNC13D				1.0	
AC090340.1				3.0	
ONECUT2		3.0	2.0	3.0	
AC006538.1				1.0	
AC006538.4				1.0	
SLC39A3				1.0	
SGTA		1.0	1.0	1.0	
THOP1		1.0	1.0	1.0	
ZNF554				1.0	
ZNF555				1.0	
AC005944.2				3.0	
AES		1.0	1.0	3.0	
GNA11		2.0	2.0	3.0	
TLE2				3.0	
CTD-2278I10.4				1.0	
ANO8				1.0	
CTD-2278I10.1				1.0	
CTD-2521M24.5				1.0	
ABHD8				1.0	
MRPL34				1.0	
DDA1				1.0	1.0
AC007192.6				5.0	
IL12RB1		2.0		5.0	
PIK3R2		1.0	1.0	5.0	3.0
CTD-2527I21.14				2.0	
SCN1B				2.0	
CTD-2527I21.9				2.0	
AC020907.1				2.0	
GRAMD1A				2.0	
HPN		2.0	5.0	2.0	
HPN-AS1		2.0	5.0	2.0	
FXYD3				4.0	
RPL13A				2.0	
SNORD32A				2.0	
SNORD33				2.0	
SNORD34				2.0	
SNORD35A				2.0	
SNORD35B				2.0	
CTD-3148I10.9				2.0	
FLT3LG				2.0	
CTD-3148I10.15				2.0	
ABHD1				6.0	
PREB				6.0	
TCF23				6.0	
AC013403.13		6.0	6.0	6.0	4.0
ATRAID				1.0	
C2orf53		1.0	1.0	6.0	
SLC5A6		1.0	2.0	6.0	
CAD				1.0	
MIR4263				2.0	
RP11-674I16.2				3.0	
AC007365.1				4.0	
AC007365.3				5.0	
AC007365.4				5.0	
TIA1				1.0	
C2orf42		1.0	1.0	1.0	
METTL21A		1.0	1.0	1.0	
RPL37AP1				1.0	
TTPAL				1.0	
SNORD42				1.0	
HSCB				3.0	7.0
RP1-130H16.16				1.0	
KIAA1658				1.0	
RP4-539M6.20				1.0	
RNU6-564P				1.0	
RP4-539M6.21				1.0	
TBC1D10A		1.0		3.0	
SF3A1				2.0	
CCDC157		1.0	1.0	2.0	
RP4-539M6.19				1.0	
RNF215				1.0	
RPL31P20				2.0	
THRB-IT1				2.0	
THRB-AS1				1.0	
RP11-317L10.1				1.0	
MIR4792				1.0	
PTH1R		1.0		2.0	
RP13-131K19.7				5.0	
RP13-131K19.1				5.0	
RNA5SP130				4.0	1.0
RP11-305O4.3				4.0	
RP11-305O4.2				4.0	
RNU6-1284P				3.0	
RP11-102M11.1				5.0	
RP11-102M11.2		2.0	2.0	7.0	2.0
IL20RB-AS1		1.0	1.0	3.0	
IL20RB		1.0	1.0	4.0	
RP11-408H1.3		1.0		3.0	
SH3BP2				1.0	1.0
MFSD10				1.0	
NOP14-AS1				1.0	
AL590235.1				3.0	
RP11-529E10.6				3.0	
LRPAP1		1.0	1.0	3.0	
RP11-1267H10.2		1.0	1.0	5.0	
RP11-1267H10.1				5.0	
RP11-1267H10.3		5.0	5.0	6.0	1.0
UGT2B15		4.0	3.0	6.0	1.0
RP11-1267H10.4				4.0	
SCARB2		2.0	2.0	3.0	
FAM47E-STBD1		2.0	2.0	4.0	
MIR5705				3.0	
RP11-529H2.2				1.0	
RP11-710E1.2		1.0	1.0	1.0	
NUDT9				1.0	
SPARCL1		1.0	2.0	1.0	1.0
PCNAP1				5.0	
ADH4		3.0	3.0	5.0	
ADH5				5.0	
MIR581				4.0	
RN7SL801P				4.0	
AC008391.1				1.0	
AL591069.1				2.0	
RN7SL13P				1.0	
AC091654.7				2.0	
AC074121.4		1.0	1.0	1.0	
AC005086.1				2.0	
AC005086.3				2.0	
AC005086.2				2.0	
AC005086.4				2.0	
AC005088.1				2.0	
RP11-138A9.1				4.0	
RP11-138A9.2				4.0	1.0
MIR29B1		3.0	3.0	4.0	5.0
AC016831.7		3.0	3.0	4.0	5.0
MKLN1-AS1		3.0		6.0	7.0
SNORA20				1.0	
RP11-775E10.1		1.0	1.0	1.0	3.0
RNU6-1213P		1.0	1.0	1.0	5.0
RP11-941H19.3				1.0	
RP11-48B3.3				1.0	
RP11-48B3.4		1.0	1.0	1.0	
RPSAP47		1.0	1.0	1.0	
RP11-48B3.2				1.0	
RNU2-71P				1.0	
SLC25A51P3				1.0	
CKS1BP7				1.0	
ZNF704		1.0	1.0	1.0	
PAG1		2.0	2.0	2.0	
GS1-393G12.14				2.0	
TONSL				2.0	
AC084125.4				2.0	
CTD-2517M22.16				3.0	
KIFC2				2.0	
FOXH1				2.0	
CTD-2517M22.14				2.0	
CTD-2517M14.5				2.0	
SLC39A4		1.0	1.0	2.0	
VPS28				2.0	
CYHR1		1.0	1.0	3.0	
PPP1R16A				2.0	
CPSF1				2.0	
UBQLN1				2.0	
RP11-522I20.3				2.0	
MIR7-1				2.0	
RP11-575L7.8				3.0	
MIR4669				1.0	
RXRA		1.0	1.0	1.0	
NT5C1A				1.0	
FPGT-TNNI3K		3.0		3.0	
TNNI3K		3.0		3.0	
LRRC53				3.0	
C1orf173				3.0	
SYPL2		3.0	2.0	3.0	
ATXN7L2				3.0	
WARS2-IT1				1.0	
WARS2				2.0	
RAB18		2.0	1.0	2.0	
RNU6-657P				2.0	
RP11-391J2.3				4.0	
CTBP2P2		1.0		2.0	
CEND1				4.0	
SLC25A22		1.0		4.0	
RPLP2				4.0	
SNORA52				4.0	
AP006621.8				4.0	
EFCAB4A				4.0	
POLR2L		1.0		3.0	
RP11-1391J7.1				2.0	
PIDD				4.0	
CD151		2.0	1.0	3.0	1.0
TSPAN4				2.0	
CHID1				2.0	2.0
RP11-351I24.3				2.0	
RP11-351I24.1				2.0	1.0
BBOX1		1.0		1.0	
RP11-1L12.3		2.0	1.0	1.0	1.0
CTD-2007L18.5				1.0	
AP003096.1		1.0		1.0	
GAL		1.0		1.0	
FGF19		1.0		1.0	
CCND1		1.0		1.0	2.0
ORAOV1		1.0		1.0	
RP11-469H8.8				1.0	
AQP5				1.0	
AQP2				1.0	
RP11-469H8.6				1.0	
AQP6				1.0	
RACGAP1		1.0		1.0	
CSPG4P11				1.0	
AC136698.1				1.0	
RN7SL331P				1.0	
AC103965.1				1.0	
RP11-331F4.1				1.0	
CTRB1		1.0		1.0	1.0
RP11-331F4.4				1.0	
RP11-158I3.1				1.0	1.0
RN7SL624P				4.0	
AC090617.1				4.0	
AC130689.5				4.0	
AL450226.2				4.0	
RP1-59D14.5		1.0		2.0	
RP1-59D14.1				2.0	
AC006435.1				2.0	
MNT		1.0		2.0	
METTL16				2.0	
MIR4759				1.0	
AP001601.2		1.0		1.0	
ADAMTS5		1.0		1.0	
RP11-646D13.1				2.0	
SNORD66				2.0	2.0
EIF4G1				2.0	
FAM131A		1.0		2.0	
CLCN2				2.0	
C4orf3				1.0	
RNU4-33P				1.0	
PDE5A		1.0		1.0	2.0
RPL3P6				1.0	
CTD-2194F4.2				1.0	
CAST		1.0		1.0	9.0
CTC-228N24.1		1.0		2.0	
KDELC1P1				3.0	
MIR586				3.0	
CTA-398F10.2		6.0	1.0	8.0	11.0
RNU7-55P				5.0	
RP11-981G7.1				12.0	
AF131215.1				7.0	
AF131215.8		5.0	2.0	10.0	3.0
RP11-148O21.6				9.0	
OR7E161P				11.0	2.0
DEFB136		11.0	6.0	12.0	4.0
DEFB135				12.0	
DEFB134		1.0		12.0	
RP11-481A20.4		1.0		12.0	
RP11-481A20.10				12.0	2.0
RP11-481A20.11		2.0	1.0	12.0	1.0
RP11-116B19.2				1.0	
VENTXP6				1.0	
RP11-624L12.1		3.0	1.0	3.0	
MYOF				3.0	
FAM110D		1.0		2.0	
ZNF593				2.0	
RP11-96L14.7				2.0	
CNKSR1				2.0	
SHMT1P1				1.0	
ST3GAL3		2.0	2.0	2.0	
RPL5P6		3.0	2.0	2.0	
ZNF644				2.0	
UBE2Q1				3.0	
UBE2Q1-AS1				3.0	
TDRD10		2.0	2.0	4.0	
RP11-160H22.3				1.0	
RPL30P1		1.0	1.0	1.0	
RC3H1-IT1				1.0	
RP11-269F20.1		1.0	1.0	1.0	
AKT3		1.0	1.0	1.0	
AKT3-IT1				1.0	
AKR1C5P				1.0	
AKR1C3		1.0	1.0	2.0	
RP11-477L16.2				1.0	
GFRA1		1.0	1.0	1.0	
AC051649.6		1.0		2.0	
SAA1				1.0	
RNA5SP334				1.0	
ST13P5				1.0	
HPS5		1.0	1.0	1.0	
GTF2H1				1.0	
ZNF408		1.0	2.0	2.0	
ATG13				2.0	
OR4A42P				2.0	
OR4A44P		2.0	2.0	2.0	2.0
OR4A41P		1.0		2.0	
RP11-56P9.6				3.0	
RP11-56P9.4		1.0	1.0	3.0	
RP11-56P9.8				2.0	2.0
RP11-56P9.5		2.0	2.0	3.0	
RP11-56P9.10				3.0	
TRIM51CP		1.0		2.0	
FOLH1		1.0	1.0	3.0	1.0
RP11-707M1.1		4.0	3.0	4.0	10.0
RP11-707M1.9				1.0	2.0
RP11-163O19.11		1.0	1.0	1.0	
RP11-163O19.10				1.0	
TRIM51DP				1.0	
RP11-163O19.3				1.0	
RP11-163O19.8				1.0	
OR4A1P				1.0	
RP11-707M1.7				1.0	
TRIM51FP				1.0	
RP11-163O19.1		1.0	1.0	1.0	
RP11-347H15.2				2.0	
RP11-347H15.3				2.0	
RP11-347H15.4				2.0	
RP11-347H15.5				2.0	
RP11-574M7.1		2.0	3.0	2.0	1.0
OR4C46		1.0	1.0	1.0	
OR4C50P				1.0	2.0
RP11-72M10.2				1.0	
RP11-72M10.8				1.0	
TRIM51HP		1.0	1.0	2.0	
RP11-72M10.5				2.0	
OR4A11P				2.0	
OR4A12P				2.0	
OR4A16		1.0	1.0	2.0	
TRIM48		2.0	3.0	1.0	3.0
RP11-72M10.4				1.0	
RP11-72M10.7				1.0	
OR4C14P				1.0	
OR4C15				2.0	
OR4C16		1.0	1.0	2.0	
OR4C11		1.0	1.0	2.0	1.0
RP11-738O11.12				2.0	
OR5W1P				1.0	
OR5W2		1.0	1.0	1.0	1.0
OR5I1				1.0	
OR10AF1P				1.0	
OR10AK1P				1.0	
RP11-738O11.9				2.0	
RP11-738O11.13				2.0	
TRIM51				1.0	
OR5T3				2.0	
OR5T1		1.0	1.0	2.0	
OR8H1				1.0	
OR8I1P				1.0	
OR5T2		1.0	2.0	2.0	
OR5M5P				1.0	
OR5M11				1.0	
OR5M13P				1.0	
OR5M10		1.0	1.0	1.0	
AC023157.1				1.0	
RP11-467L13.4				1.0	
RP11-467L13.5		1.0	1.0	1.0	
AMN1		1.0	1.0	1.0	
H3F3C				1.0	
RNU6-1069P				1.0	
SNORA25				2.0	
RP11-428G5.4		1.0	1.0	1.0	
RP11-428G5.6		1.0	1.0	1.0	
RP11-428G5.5		1.0	1.0	1.0	
RP11-428G5.1		1.0	1.0	1.0	
AC023050.1				1.0	
RP11-428G5.2		1.0	1.0	1.0	
RP11-428G5.7				1.0	
RP11-50I19.1				1.0	
AVPR1A		1.0	1.0	1.0	
RNU6-36P				1.0	
RP11-1016B18.1		1.0	1.0	1.0	
PARPBP		2.0	1.0	2.0	
NUP37		2.0	1.0	2.0	
PMCH				2.0	
RN7SL793P				2.0	
RP11-18O15.1		2.0	1.0	2.0	1.0
RP11-162N7.1				2.0	
RP4-601P9.2				2.0	
RP11-216P16.6				4.0	
Z98941.1				4.0	
P2RX7		3.0	3.0	4.0	
RP11-340F14.5				3.0	
P2RX4		3.0	3.0	4.0	
CAMKK2		3.0	3.0	4.0	2.0
RANP8				2.0	
N6AMT2				2.0	
XPO4		2.0	1.0	2.0	
LINC00332		1.0	1.0	1.0	1.0
RPL17P51				1.0	
RNU6-1258P				1.0	
MAP1A		4.0	3.0	4.0	
PPIP5K1				4.0	
RP11-643M14.1				2.0	
C2CD4A				2.0	
NPM1P47		1.0	1.0	2.0	3.0
C2CD4B				1.0	
DNM1P33				2.0	1.0
RN7SL429P				2.0	
GOLGA6A				2.0	
CTD-2536I1.1		1.0	1.0	1.0	
LA16c-306A4.1				1.0	
RP11-161M6.5				1.0	
AC009041.1				1.0	
C1QTNF8		1.0	1.0	1.0	
LA16c-349E11.1				1.0	
SSTR5-AS1		1.0	1.0	1.0	
SSTR5				1.0	
LA16c-381G6.1				1.0	
LA16c-329F2.1				1.0	
MIR3177				1.0	
HN1L				1.0	
MAPK8IP3		1.0	1.0	1.0	
LA16c-361A3.3				1.0	
CRAMP1L				1.0	1.0
LA16c-431H6.6				1.0	
NME3				1.0	
MRPS34				1.0	
EME2				1.0	
IGFALS		1.0	1.0	1.0	
HAGH				1.0	
FAHD1				1.0	
MEIOB				1.0	
SPSB3		1.0	1.0	1.0	
NUBP2		1.0	1.0	1.0	
LA16c-429E7.1				1.0	
AL499628.1				1.0	
XX-DJ76P10__A.2				1.0	
RN7SL367P				1.0	
MSRB1				1.0	2.0
NDUFB10				1.0	
RPS2				1.0	
SNORA10				1.0	
HS3ST6		1.0	1.0	1.0	
SNORA64				1.0	
AC005363.9				1.0	
RNF151				1.0	
AC005606.1				1.0	
GFER				1.0	
AC005606.14				1.0	
SYNGR3				1.0	
SNHG9				1.0	
TBL3				1.0	
NOXO1				1.0	
RP11-19H6.1				1.0	
RP11-420N3.2		1.0	1.0	1.0	
MIR1538				4.0	
NFAT5		6.0	3.0	6.0	5.0
RP11-960L18.1				2.0	
SMCR2				1.0	
RNU6-288P				2.0	
CTC-264K15.6		2.0	1.0	2.0	
RP11-214C8.2				2.0	
C17orf72				2.0	
ICAM2				2.0	
RP11-476K15.1		1.0	1.0	1.0	
CTD-2015H3.2				1.0	
RP11-176N18.2		1.0	1.0	1.0	
CTC-482H14.5				1.0	
PTPRS				1.0	
CTC-429L19.3				2.0	
KEAP1				2.0	2.0
AC012314.19				5.0	
CTB-83J4.1				4.0	
AC010492.2				4.0	
LILRB3				5.0	
AC010150.2				1.0	
ASXL2		3.0	2.0	3.0	
CDKN2AIPNLP2				1.0	2.0
SLC35F6				1.0	
CENPA		1.0	1.0	1.0	1.0
RN7SL690P				2.0	
INSM1		1.0	1.0	2.0	
RALGAPA2				2.0	
ZNF877P				2.0	
PLK1S1		2.0	1.0	2.0	
RP4-777D9.2				2.0	
RP5-984P4.1				1.0	
GSTM3P1				1.0	
NKX2-2				1.0	
NKX2-2-AS1				1.0	
RP5-984P4.4		1.0	1.0	1.0	
RP13-152O15.5				2.0	
RGS19		1.0	1.0	2.0	
C20orf201				2.0	4.0
NPBWR2				2.0	1.0
LINC00176				2.0	
RIMKLBP1				1.0	
AP000688.11				1.0	
RNU6-992P				1.0	
CBR1				1.0	
AP000688.15				1.0	
AP000688.29				1.0	
AP000688.1				1.0	
SETD4		1.0	1.0	1.0	
AP000688.14		1.0	1.0	1.0	
APOL5				1.0	
PRDX3P1				5.0	
AL021707.1				5.0	
RP3-508I15.18				5.0	
RP3-508I15.19				5.0	
RP3-508I15.20				5.0	
RP3-508I15.21				5.0	
RP3-508I15.22				5.0	
GTPBP1				6.0	1.0
SUN2		1.0		5.0	1.0
RP3-508I15.14				5.0	1.0
RBX1		1.0	1.0	2.0	
XPNPEP3				3.0	
C3orf38		1.0	1.0	2.0	
PDLIM1P4		1.0	1.0	1.0	
RNU6-26P				1.0	
ST3GAL6		1.0	1.0	2.0	1.0
DCBLD2				1.0	
ZNF90P1				1.0	
IMPG2				1.0	
SENP7		1.0	1.0	1.0	
RP11-144C15.1				1.0	
TRMT10C		1.0		2.0	1.0
RP11-234A1.1				2.0	
RP11-454H13.1		1.0	1.0	2.0	
RNU6-1256P				1.0	
PCNP				2.0	
ZBTB11				1.0	
RNU6-789P				3.0	
RPL7L1P7				1.0	
BPESC1				1.0	
SORCS2		1.0	1.0	1.0	
RP11-539G18.1				2.0	
RP11-539G18.2				1.0	
SMIM14				1.0	
UBE2K		2.0	1.0	2.0	
PRDX4P1		1.0	1.0	1.0	
GABRA2		1.0	1.0	1.0	
RP11-436F23.1				1.0	
RP11-84C13.1				3.0	
TIGD2				3.0	
RP11-84C13.2				3.0	
RNU6-907P				3.0	
TBCAP3				2.0	
AC004069.1				7.0	
SNORA31				8.0	2.0
AC004069.2		1.0		7.0	4.0
RP11-556I14.1		4.0	3.0	7.0	1.0
AC008964.1				1.0	
RICTOR		1.0	1.0	1.0	
FYB		1.0		2.0	
SERBP1P6				1.0	
CTD-2265D6.2				1.0	
CTD-2325A15.2				2.0	
CTD-2201E18.4				2.0	
CTD-2201E18.2		1.0		2.0	
CTD-2201E18.1		1.0	1.0	2.0	
MIR582				2.0	
RP11-61G23.1		1.0	1.0	1.0	
AC010240.2				2.0	1.0
ATP6V0E1P1				2.0	
CTC-350I8.1				2.0	
AC010240.3		2.0	2.0	2.0	2.0
RP11-485M7.1				3.0	
ZCCHC10				3.0	
RNU6-456P		1.0	1.0	2.0	
AC005355.2				2.0	
RN7SL541P				2.0	
PHF15		4.0	2.0	4.0	4.0
CTC-349C3.2				1.0	
WNT8A				2.0	
RNU6-460P				2.0	
RNU6-888P				1.0	
KIF20A				2.0	
NME5		1.0	1.0	2.0	2.0
BRD8				1.0	
RP11-256P1.1				1.0	
REEP2				1.0	
FAM53C				1.0	
MIR218-2				2.0	
AL356776.1				1.0	
AL080276.1				1.0	
OPRM1		1.0	1.0	1.0	
SDIM1				1.0	
AL590482.1				1.0	
RP11-449P15.2				1.0	
GET4		1.0	1.0	1.0	
RP11-611L7.1				1.0	
AC073343.1				1.0	
AC073343.13		1.0	1.0	1.0	
ZNF12		1.0	1.0	1.0	
PMS2CL				1.0	
ZNF316				1.0	
EEF1A1P26				1.0	
AC096582.7				1.0	
RNU6-241P				1.0	
RP11-638I8.1		1.0	1.0	1.0	
CICP20				1.0	
AC096582.9				1.0	
RNU6-326P				1.0	
SEPT7P2				1.0	
AC096582.8				1.0	
AC096582.1				1.0	
IGFBP1				1.0	
AC073115.6				2.0	3.0
RNU7-76P				2.0	
AC023669.1		1.0	1.0	1.0	
AC004869.3		1.0		2.0	
AC004869.2		3.0	2.0	2.0	
AC011294.3		3.0	3.0	3.0	
EPS15P1				1.0	
AC004901.1		1.0	1.0	1.0	
AC004870.4				1.0	
VPS37D		1.0	1.0	4.0	
DNAJC30				2.0	
MIR4284				3.0	
RN7SL265P				3.0	
LINC00035		1.0		3.0	
ABHD11		1.0	1.0	3.0	
WBSCR22				3.0	
STX1A		2.0	2.0	3.0	1.0
AC022173.2				2.0	
CREB3L2		2.0	1.0	2.0	
RNA5SP276				1.0	
RP11-629O1.2		1.0	1.0	1.0	
ST3GAL1				1.0	
MIR23B				2.0	
MIR27B				2.0	
MIR3074				2.0	
RP11-67K19.3				3.0	
RP11-264C15.2		3.0	1.0	3.0	3.0
HNRNPA1P15				1.0	
MAPKAP1		2.0	1.0	2.0	
RP11-380J14.1				1.0	
MIR3972				1.0	
PADI3				1.0	
PADI1		1.0	1.0	1.0	
RP11-293K19.1				3.0	
RP11-231N3.1				1.0	
RNA5SP332				1.0	
RRAS2		2.0	1.0	2.0	1.0
RP11-21L19.1				2.0	
RP11-140L24.3				1.0	
COPB1		1.0	1.0	1.0	
RNU7-49P				1.0	
PSMA1		1.0	1.0	1.0	1.0
CALCP				1.0	
CYP2R1		1.0	1.0	1.0	
INSC		1.0	1.0	1.0	
AP002387.1		1.0	1.0	1.0	
DHCR7		1.0	1.0	1.0	
RP11-660L16.2		1.0	1.0	1.0	
NADSYN1		1.0	1.0	1.0	
RP11-684B2.3				1.0	
KRTAP5-7				1.0	
KRTAP5-8				1.0	
KRTAP5-9				1.0	
CCDC38				3.0	
HAL		2.0	1.0	2.0	
RP11-256L6.3				2.0	
LTA4H				2.0	
RP11-256L6.2				2.0	
AMDHD1				2.0	
RP11-545M17.2				1.0	
RP11-545M17.1				1.0	
RP11-545M17.3				1.0	
SEC23A		1.0	1.0	1.0	
GEMIN2				1.0	
RPL7AP2				1.0	
RP11-407N17.4				1.0	
TRAPPC6B		1.0	1.0	1.0	
PNN				1.0	
CTD-3098H1.2		1.0	1.0	1.0	
AC124853.1				1.0	
TPRX1				1.0	
CRX				1.0	
BSPH1		1.0	1.0	1.0	2.0
ELSPBP1				1.0	
KLK7				1.0	
KLK8				1.0	
KLK10		1.0	1.0	1.0	
CTC-518B2.12		1.0	1.0	1.0	
KLK12				1.0	
CTC-518B2.9				1.0	
CTC-518B2.10				1.0	
KLK6				1.0	
KLK11				1.0	
KLK13				1.0	
CTB-147C22.9				1.0	
KLK9				1.0	
RPL17P11				3.0	
AC114812.9				3.0	1.0
UGT1A2P				3.0	
AC114812.10		1.0		3.0	1.0
AC114812.5				3.0	
UGT1A8				3.0	4.0
AC114812.8		1.0		3.0	1.0
UGT1A5		3.0	1.0	3.0	4.0
UGT1A4		2.0		3.0	4.0
UGT1A3		1.0		3.0	4.0
DNAJB3				3.0	
UGT1A1		3.0	1.0	3.0	6.0
UGT1A9		3.0	1.0	3.0	6.0
UGT1A7		3.0	1.0	3.0	6.0
PFDN4				4.0	
RP13-644M16.5				2.0	
RP13-644M16.1				2.0	
RP13-644M16.3				1.0	
UGT2B7		2.0	1.0	2.0	
SLC4A4		1.0	1.0	1.0	1.0
RNA5SP163				2.0	
GC		2.0	1.0	2.0	
RP11-545L5.1		1.0	1.0	1.0	1.0
NPFFR2		1.0	1.0	1.0	1.0
RP11-373J21.1				1.0	
RP11-40H19.1				2.0	
snoMe28S-Am2634				2.0	
AC011308.1				1.0	
ECEL1		1.0		4.0	
CHRND				4.0	
TIGD1				4.0	
MIR5001				4.0	
CHRNG				4.0	
EIF4E2				4.0	
RP11-465K16.1				2.0	
UBL7				4.0	
UBL7-AS1				4.0	
SEMA7A		2.0	1.0	2.0	
RNA5SP46				2.0	
TMEM125				2.0	
C1orf210				2.0	
EBNA1BP2		2.0	1.0	2.0	
WDR65		2.0	1.0	2.0	
RP4-706L14.2				2.0	
USP33		2.0	2.0	2.0	
RP11-386I14.4				2.0	
RP11-386I14.2				2.0	
FUBP1				2.0	
DNAJB4		2.0	2.0	2.0	
RNU6-1042P				4.0	
RP11-68I18.10				2.0	
TNFAIP8L2				3.0	
LYSMD1		2.0	1.0	3.0	
TMOD4				3.0	3.0
GABPB2				4.0	2.0
SCNM1		2.0	1.0	3.0	
VPS72				3.0	3.0
RP11-46A10.2				2.0	
RP11-46A10.4				2.0	
RP11-46A10.6				2.0	
RP11-46A10.8				2.0	
KIAA1614		2.0	1.0	2.0	
RP11-46A10.5				2.0	
AL162431.1				2.0	
STX6				2.0	
XPR1				2.0	
FCF1P7				2.0	
MIR4677				2.0	
LINC00200				2.0	
ADARB2				2.0	
A1CF		3.0	3.0	3.0	
ATOH7				2.0	
RNU6-1231P				3.0	
AC068896.1				2.0	
METTL10		2.0	1.0	2.0	
FAM175B				2.0	
RP11-12J10.3		4.0	2.0	4.0	
UBQLN3				2.0	
AC087380.14				2.0	
OR52V1P				2.0	
OR52H1				2.0	
OR52H2P				2.0	
OR52B5P				2.0	
OR52T1P				2.0	
HNRNPA1P53				2.0	
OR52B6				2.0	
UBQLNL				2.0	
TRIM6				2.0	
HBG2		3.0	1.0	6.0	
HBE1		1.0		3.0	
AC104389.28				3.0	
AC015691.13				5.0	
TRIM6-TRIM34				5.0	
COX6CP5				2.0	
RP11-236J17.3				2.0	
RP11-236J17.5				2.0	
RP11-236J17.6				2.0	
RP5-1024C24.1		2.0	3.0	2.0	
RP11-283I3.1				2.0	
RP11-283I3.2				2.0	
RP11-283I3.4		1.0		2.0	
RP11-283I3.6				2.0	
SLC6A12				2.0	
KDM5A				2.0	
RERG-AS1		1.0		2.0	
RP11-123K3.4				3.0	
NUDT15				2.0	
MED4-AS1				2.0	
SUCLA2				2.0	
MED4		2.0	2.0	2.0	
RP11-62C7.2				3.0	
RP11-624L4.1		3.0	2.0	3.0	2.0
ISCA1P4				2.0	
CHAC1		2.0	1.0	2.0	
RP11-540O11.6		1.0		2.0	
DLL4				2.0	
RN7SL497P				2.0	
RNU6-1169P				2.0	
RTF1		2.0	1.0	2.0	2.0
DUOXA2				2.0	
DUOXA1		2.0	1.0	2.0	
DUOX1				2.0	
CTD-2651B20.1				2.0	
SHF				2.0	
RP11-519G16.2				2.0	
CTD-2651B20.7				2.0	
CTD-2651B20.6				2.0	
SNORA11				2.0	
CTD-2651B20.2		2.0	1.0	2.0	
CTD-2651B20.3		2.0	1.0	2.0	
SLC28A2				2.0	
CTD-2651B20.5		2.0	1.0	2.0	
CTD-2651B20.4		2.0	1.0	2.0	
RNU6-953P				2.0	
GATM				2.0	
MIR147B				2.0	
RNU7-5P				2.0	
SPATA5L1		2.0	1.0	2.0	
RP11-519G16.5				2.0	
RP11-519G16.3		1.0		2.0	
SLC30A4		1.0		2.0	
BLOC1S6				2.0	
RP11-96O20.4		2.0	1.0	2.0	
SQRDL		2.0	1.0	2.0	
RP11-718O11.1				2.0	
RNU6-449P				2.0	
WDR72		3.0	3.0	2.0	
RN7SL327P				3.0	
DNM1P34		1.0	1.0	3.0	
ANP32BP1				3.0	
MIR631				3.0	
RP11-817O13.6				3.0	
MAN2C1				3.0	
RPL13P4				2.0	
GOLGA6D				3.0	
NEIL1				4.0	
RP11-817O13.8				3.0	
COMMD4		2.0	1.0	4.0	
CTD-2026K11.3				4.0	
CTD-2026K11.2		1.0	1.0	4.0	1.0
IMP3				4.0	
PTPN9		1.0		4.0	
CTD-2323K18.1		3.0	2.0	4.0	
SNUPN		1.0		4.0	
RP11-24M17.4		1.0		2.0	
MIR4313				2.0	
FBXO22				2.0	
RP11-326L17.1				2.0	
MIR549				2.0	
RP11-351M8.2				2.0	
RP11-351M8.1				2.0	
KIAA1199		2.0	2.0	2.0	
CTD-2194A8.2				2.0	
ACSM2A				2.0	
DNAH3		2.0	1.0	2.0	5.0
RN7SKP142		1.0		2.0	
RP11-7O14.1		4.0	4.0	4.0	1.0
RP11-295M3.2				4.0	
CHD9		4.0	3.0	4.0	
RNU6-1262P				2.0	
RP11-96D1.3				2.0	
SLC7A6		2.0	1.0	2.0	
SLC7A6OS				2.0	
PRMT7		1.0		2.0	
RPL17P43				2.0	
SNORA59B				2.0	
CTB-187M2.3				2.0	
SLC47A1		2.0	1.0	2.0	
RP11-1113L8.1		1.0	1.0	2.0	
RP11-1113L8.2				1.0	
RP11-1113L8.6				1.0	
RP11-1113L8.7				1.0	
MTND1P14				1.0	
TRNAQ41P				1.0	
MTND2P12				1.0	
AC025627.4				1.0	
AC025627.7				2.0	
CTD-2104P17.1				1.0	
RP5-906A24.2				2.0	
RPL19		1.0	1.0	2.0	
ARL5C				2.0	
CACNB1				2.0	
STAC2		1.0		2.0	
RN7SL448P		1.0		5.0	
TBX4		1.0		2.0	3.0
RP11-15K2.2				2.0	
snR65				2.0	
RP11-286N3.2				2.0	
EPB41L3		2.0	1.0	2.0	
RP11-552O4.1				2.0	
RP11-552O4.2				2.0	
AQP4				2.0	
RP11-1096D5.2				2.0	
RP11-879F14.1		2.0	1.0	2.0	
RGS9BP				2.0	
CTD-2538C1.2				2.0	
NUDT19				2.0	
CTD-2538C1.3		2.0	2.0	2.0	
CTC-379B2.4				2.0	
CTD-2293H3.2				2.0	
ZNF568		2.0		2.0	
CTD-3220F14.1				1.0	
CTD-3220F14.2				2.0	
HKR1		2.0	2.0	2.0	
AC012309.5				2.0	
CTD-3064H18.4				2.0	
ZNF571-AS1		2.0	1.0	2.0	
ZNF540		2.0	1.0	2.0	
ZNF571		2.0	1.0	2.0	
ZNF793		1.0	1.0	2.0	
CTD-2554C21.2				2.0	
AC016582.2		2.0	1.0	2.0	
CTD-2554C21.3				2.0	
ZNF573				2.0	
CTD-2554C21.1				2.0	
DDX1		2.0	2.0	2.0	
AC008278.3		1.0		2.0	
AC008271.1		1.0		3.0	
TPM3P7				2.0	
PTGES3P2				2.0	
AC010150.1				2.0	
CCDC121				3.0	
SNORA36				3.0	
SUPT7L				5.0	
C2orf73		4.0	4.0	5.0	
EGR4				2.0	
RNU6-111P		2.0	1.0	2.0	
AC074008.1		1.0	1.0	2.0	
FBXO41				2.0	
NAT8				2.0	
ALMS1P				2.0	
ALMS1		2.0	2.0	2.0	
AC073257.1				3.0	
AC009480.4		2.0	1.0	2.0	
MBD5		2.0	1.0	2.0	
RIF1				2.0	
UBE2V1P6				4.0	
LRP2		2.0	2.0	3.0	3.0
AC016751.2				2.0	
AC016751.3				2.0	
KIAA1715		2.0	2.0	2.0	
AC009336.24				2.0	
HOXD1				2.0	
AC016739.2				2.0	
AC068706.2				2.0	
AC068706.1		2.0	1.0	2.0	
MIR3128				2.0	
AC079305.10				2.0	
RP11-337N6.2				2.0	
RP11-337N6.1				2.0	
HNRNPA3				2.0	
DNAJC19P5				2.0	
AC074286.1				2.0	
NFE2L2		2.0	1.0	2.0	
DYNLRB1				2.0	
MAP1LC3A		2.0	1.0	3.0	4.0
RP6-11O7.2				2.0	
RP5-1042K10.12				2.0	
RP4-591N18.2				2.0	
MKL1		2.0	1.0	2.0	5.0
RP11-343B5.1				2.0	
RP11-795A2.2				2.0	
PSMD10P2				2.0	
RP11-795A2.3				2.0	
RP11-573D15.8		2.0	2.0	2.0	
HRG				3.0	
RNU7-151P				2.0	
UBE2D3		2.0	2.0	2.0	
RP11-10L12.4		1.0	1.0	2.0	
CISD2				2.0	
SLC9B2		2.0	1.0	2.0	1.0
BDH2		1.0	1.0	2.0	1.0
CENPE				2.0	
C9		5.0	4.0	5.0	
DAB2		5.0	4.0	5.0	
CTC-537E7.3		2.0	2.0	2.0	4.0
RPS2P28				2.0	
RP11-213N20.1				2.0	
ZNF318		2.0	2.0	2.0	4.0
RP3-335N17.2		1.0		2.0	
SNORA14A				4.0	
TMEM120A				3.0	
STYXL1				3.0	
RSBN1L-AS1				2.0	
PHTF2		3.0	3.0	3.0	
RNA5SP245				4.0	
RP11-306G20.1		4.0	2.0	4.0	5.0
KLHDC10				3.0	
AC104133.1		2.0	2.0	2.0	2.0
SHH		2.0	2.0	2.0	
RBM33				2.0	
AC005534.6				2.0	
C7orf13				2.0	
AC005534.8				1.0	
RNF32				2.0	
RNU6-729P				7.0	
RP11-981G7.2				8.0	1.0
FAM167A		4.0	2.0	11.0	3.0
C8orf12		7.0	4.0	12.0	4.0
C8orf49				7.0	2.0
GATA4		6.0	3.0	7.0	1.0
RP11-481A20.8				3.0	
OR7E160P				3.0	1.0
RP11-1236K1.11				3.0	
DEFB130				2.0	
AC012119.1				2.0	
RP11-175E9.2				2.0	
RP11-175E9.1		2.0	2.0	2.0	
RP11-213G6.2				2.0	
NRG1-IT3				1.0	
RP11-274B18.2				2.0	
RP11-274B18.3				2.0	
TMEM252				2.0	
PGM5				2.0	
RP11-274B18.4		2.0	2.0	2.0	
FAM122A				2.0	
RP11-203L2.3				2.0	
RP11-203L2.4				3.0	
PIP5K1B		3.0	3.0	3.0	
MRPS6P2				1.0	
RNA5SP355				1.0	
MIR3613				1.0	
TRIP11		1.0		1.0	
FBLN5				1.0	
AC091133.1				1.0	1.0
LIMD2				1.0	
RP11-51F16.8		1.0		1.0	
RP11-110H1.1		1.0	2.0	2.0	
C18orf32				2.0	
RPL17-C18orf32				2.0	
RP11-110H1.4				2.0	
MIR1539				2.0	
RPL17				2.0	
SNORD58C				2.0	
SNORD58A				2.0	
SNORD58B				2.0	
RP11-110H1.8		1.0	2.0	2.0	
SRP72P1				2.0	
AC092316.2				3.0	
AC092316.1				3.0	
RP11-548H3.1				1.0	
BCS1L				2.0	
ZNF142				2.0	
RNF25				2.0	
CDK5RAP1		2.0	1.0	4.0	6.0
RP1-63M2.6				1.0	
CTD-3216D2.5				3.0	
AHCY		1.0		3.0	3.0
RP3-329A5.8		2.0	1.0	5.0	
LINC00577		4.0		4.0	
CDC14B		1.0		2.0	2.0
NANOGP6				2.0	
ABCC2		2.0	2.0	2.0	
PHLDA2				1.0	
SNORA54				2.0	
SLC22A18		1.0		1.0	3.0
NAP1L4		1.0	1.0	2.0	3.0
RP11-424C20.2				1.0	
RP11-80N2.2				2.0	
SLCO1B3		2.0	2.0	2.0	
LST3		2.0	2.0	2.0	
SLCO1B7		2.0	2.0	2.0	
IAPP		1.0		1.0	
TCEB1P31				1.0	
PYROXD1				1.0	
RECQL				1.0	
C12orf39		1.0		1.0	
GYS2		1.0		1.0	
AC002306.1				4.0	
AC064852.4				2.0	
RNU6-107P				3.0	
KCNJ13				3.0	
AC106876.2		1.0		2.0	
NEU2				2.0	
NGEF		2.0		2.0	
INPP5D		2.0	1.0	2.0	
RN7SL32P				2.0	
ATG16L1		2.0	1.0	3.0	3.0
SCARNA5				2.0	
SCARNA6				2.0	
SAG		2.0	1.0	4.0	
RP11-400N9.1				4.0	
AC019221.4		4.0	2.0	4.0	4.0
UGT1A12P		1.0		1.0	
RP11-289A15.1				1.0	
UGT1A13P				1.0	
MROH2A		1.0		1.0	2.0
HJURP		1.0		1.0	
MSL3P1				1.0	
AC005538.5				1.0	
TRPM8		1.0		1.0	1.0
SPP2		1.0		1.0	
AC006037.2		1.0		1.0	
RP11-84D1.1				3.0	
RP11-84D1.2		1.0	2.0	3.0	3.0
NDUFA5P10				3.0	
RP4-735C1.6		3.0	1.0	3.0	2.0
RP11-54A4.2		1.0		6.0	1.0
AL356356.1				5.0	
MIR4257				5.0	
ADAMTSL4-AS1				6.0	
RN7SL473P		1.0	1.0	6.0	
RN7SL600P		2.0	2.0	6.0	
MCL1				7.0	1.0
RNU7-57P				2.0	
ATP8B2		1.0	1.0	3.0	
MPZ				1.0	
C1orf192				1.0	
RP11-122G18.5				1.0	
RP11-122G18.8				1.0	
RRM2P2				1.0	
PCP4L1				2.0	
SDHC		1.0	2.0	1.0	
RNU6-481P		1.0	2.0	1.0	
RP11-122G18.7		1.0	2.0	1.0	
RPS23P9				5.0	
FCGR3B		3.0	2.0	5.0	
RP11-25K21.1				5.0	
RPL31P11		1.0	2.0	4.0	
FCRLA		2.0	1.0	3.0	
FCRLB				3.0	
RN7SL466P		3.0	3.0	3.0	
DUSP12		1.0	2.0	3.0	
RP11-474I16.8				3.0	
ATF6		1.0	2.0	3.0	
RP11-456P18.2				1.0	
MIR511-1				2.0	
MRC1L1		2.0	2.0	2.0	
TMEM236		1.0		2.0	
MIR4491		1.0		2.0	
RNU2-60P				2.0	
RPS25				2.0	
TRAPPC4				2.0	
MIR3656				2.0	
SLC37A4				2.0	
RP11-110I1.6		1.0	1.0	2.0	
CCDC84				2.0	
RN7SL546P		1.0	1.0	3.0	
RP11-661D19.1				4.0	
RCOR1		4.0	4.0	4.0	
RP11-661D19.3		2.0	2.0	2.0	2.0
RP11-521B24.5				2.0	
CRIP2				2.0	
CRIP1		1.0		2.0	
C14orf80		1.0	1.0	2.0	
TMEM121				2.0	
ATP5G1P1				2.0	
ELK2BP		1.0	2.0	1.0	
ACTBP7				2.0	
CTD-2501E16.1				4.0	
CTD-2501E16.2				6.0	
RP11-219B17.1		6.0	5.0	6.0	2.0
MIR629				3.0	
TLE3		3.0	2.0	3.0	
MIR1827				1.0	
TBC1D2B		1.0	2.0	1.0	
CIB2				1.0	
SH2D7		1.0	1.0	1.0	
DPH1				4.0	
OVCA2				4.0	
RP11-667K14.4				4.0	
RP11-667K14.3				4.0	
MIR132				4.0	
MIR212				4.0	
HIC1		2.0	1.0	4.0	
RP11-667K14.8				5.0	
RP11-667K14.5		1.0	1.0	7.0	
RP1-48J14.1				1.0	
TBC1D27		1.0	2.0	1.0	1.0
AC104024.1		1.0	2.0	2.0	1.0
AC104024.2		1.0	2.0	2.0	
RP11-416I2.1		2.0	2.0	2.0	
KANSL1-AS1				5.0	
DHX40		1.0		3.0	
NDUFB8P2				3.0	
RP5-1073F15.1				3.0	
RP11-178C3.1		1.0		2.0	4.0
RNFT1				2.0	
RP11-353N14.4				1.0	
AC100791.1				1.0	
RP11-353N14.5				1.0	1.0
TBC1D16		1.0	2.0	1.0	
RP11-299P2.1				2.0	
AC011450.1				1.0	
SUMO1P4				1.0	
MIR4324				1.0	
AC010524.4				1.0	
CTC-301O7.4				1.0	
CD37				1.0	
TEAD2				1.0	
PTH2				1.0	
CTD-3148I10.1				1.0	
CCDC155				1.0	4.0
PIH1D1		1.0	1.0	1.0	
SLC17A7				1.0	1.0
PRMT1				1.0	
MIR5088				1.0	
ADM5				1.0	
CTB-33G10.6				1.0	
CTB-33G10.1		1.0	1.0	1.0	
TSKS				1.0	4.0
CPT1C		1.0	2.0	1.0	
RNU6-841P				1.0	
PTOV1				1.0	
AC018766.6				1.0	
MIR4749				1.0	
AC018766.5				1.0	
AC018766.4				1.0	
PNKP				1.0	
MIR4750				1.0	
MIR4751				1.0	
PTOV1-AS1				1.0	
AKT1S1				1.0	
TBC1D17				1.0	
CTC-326K19.6				1.0	
SIGLEC11				1.0	
RASGRP3		1.0	2.0	1.0	
TCF7L1-IT1				1.0	
RNU6-674P				1.0	
AC093162.3				1.0	
AC104782.3		3.0	2.0	3.0	
AC092570.2		1.0	1.0	1.0	
AC092570.3				1.0	
RFX8		1.0	1.0	1.0	
RPP14		1.0		2.0	
RP11-80H18.4				2.0	
PXK		3.0	3.0	4.0	1.0
PDHB		1.0		3.0	
RP11-802O23.3				3.0	
RP11-6F2.5				5.0	
LINC00880		5.0	5.0	5.0	4.0
LINC00881				5.0	1.0
LEKR1		2.0	2.0	7.0	
RBPJ		1.0	2.0	1.0	
AF213884.3				1.0	
MND1				1.0	
KIAA0922		2.0	2.0	2.0	
RNU6-299P				2.0	
RPL17P22				2.0	
RNA5SP184				2.0	
RP11-365H8.2				1.0	
FABP5P5				1.0	
AC008592.7				1.0	
RP3-416J7.5		4.0	4.0	4.0	
RP3-416J7.4				4.0	
RP3-453I5.2				1.0	
MAP3K5		1.0	2.0	1.0	
AC020743.4		4.0	4.0	4.0	4.0
RP11-1149M10.2				1.0	
MIR4673				4.0	
NOTCH1		1.0	1.0	5.0	
RP11-345P4.9				1.0	
MMP23B				1.0	
RP11-345P4.10		1.0		1.0	
RP11-345P4.7				1.0	
MMP23A				1.0	
MIB2				1.0	
SLC35E2B				1.0	
RP11-345P4.6				1.0	
CDK11A				1.0	
RP1-283E3.8				1.0	
CDK11B				1.0	
RN7SL180P				3.0	
MIR3116-1				3.0	
INADL		3.0		3.0	
RP4-736I12.1				1.0	
UBE2WP1		1.0		1.0	
EEF1A1P11		1.0		1.0	1.0
RP5-898J17.1				1.0	
RP11-750H9.7				5.0	
PTPMT1				3.0	
RNU5E-10P				3.0	
KBTBD4				3.0	
FAM180B				4.0	1.0
C1QTNF4				4.0	
RN7SL652P				3.0	
RP11-692M12.5				2.0	
RNA5SP340				3.0	
RP11-692M12.4				5.0	
NUP160		3.0	1.0	6.0	2.0
DUSP6		1.0		1.0	
RP11-1109F11.3				1.0	
RP11-1109F11.5		1.0		1.0	
POC1B				1.0	
C15orf61		1.0		2.0	
RP11-502I4.3				2.0	
IQCH-AS1		2.0		3.0	
RP11-311C24.1				3.0	
CTD-2033A16.1				3.0	
NQO1				3.0	1.0
CTD-2033A16.3		2.0		3.0	
MIR1203				2.0	
RNU6-1152P				2.0	
RP11-456D7.1		2.0		2.0	
MPV17L2				3.0	
RAB3A				3.0	
AC068499.10		2.0	1.0	3.0	
RP11-443B20.1				3.0	
CENPO		2.0		3.0	
SUCLA2P3				1.0	
RP11-775H9.1				2.0	
RP11-775H9.2		2.0		2.0	
FBXL17		1.0		1.0	
RP3-329A5.1				3.0	
AC006014.1				2.0	
NSUN5P1				2.0	
STAG3L1				2.0	
AC006014.8				2.0	
RN7SL98P				1.0	
FTH1P12				2.0	
RNU6-246P				2.0	
HMGN2P16				2.0	
CCDC171		3.0		3.0	
RP11-864J10.2		1.0		1.0	
PRDM4				1.0	
RP11-864J10.4				1.0	
RP11-78I14.1				3.0	
AC007401.1				2.0	
AC007401.2		1.0		3.0	
RP11-427H3.3				1.0	
NFU1		1.0		1.0	
DNER				1.0	
RP11-23D24.2		1.0		1.0	6.0
RP11-217E22.5		1.0		1.0	6.0
MIR2113				1.0	
KCNB2		2.0		2.0	
RP4-562D20.2		1.0		2.0	
FSHB		1.0		2.0	14.0
C16orf13				2.0	
AL022341.1				2.0	
FAM195A				2.0	
AL022341.3				2.0	
LA16c-349E10.1				2.0	
RHBDL1				2.0	
LA16c-313D11.9				2.0	
STUB1				2.0	
WDR90				2.0	
RHOT2		1.0		2.0	
SNAI3		1.0		3.0	
RP1-120G22.11				1.0	
LINC00337				1.0	
HES3				1.0	
CHD5				1.0	
RNF207		1.0		1.0	
GPR153				1.0	
ACOT7				1.0	
ICMT				1.0	
MIR5584				1.0	
SGIP1		1.0		1.0	
RNA5SP52		2.0		1.0	
C1orf132		2.0		2.0	
CD34		1.0		1.0	
ESRRG		1.0		1.0	
RP11-809M12.1				1.0	
TMEM26		2.0	1.0	1.0	1.0
AC068858.1				1.0	
TSPAN18				1.0	
TP53I11		1.0		1.0	
RP11-740D6.3				1.0	
C11orf45				1.0	
TP53AIP1				1.0	
CACNA1C-IT1				1.0	
CACNA1C-IT2				1.0	
KNOP1P1		1.0		1.0	
RP11-615I16.1				1.0	2.0
LINC00477				1.0	
RP11-444D3.1		1.0	1.0	2.0	1.0
RP11-438D14.2				1.0	
AC023158.1				1.0	
SYT10		1.0		1.0	
RNU6-472P		2.0	1.0	2.0	
RP13-7D7.1		1.0		1.0	
SNORD83		1.0		3.0	
MIR548C				3.0	
RP11-338E21.2				3.0	
RP11-338E21.1		1.0	1.0	3.0	
RASSF3		2.0	1.0	3.0	
RP11-998D10.1				3.0	
RNASE13				3.0	
RNASE8				3.0	
RP11-998D10.7				3.0	
TMEM253				3.0	
RP11-998D10.5				3.0	
RNU6-252P				3.0	
RNASE7				3.0	
ARHGEF40		3.0		3.0	
ZNF219		1.0		3.0	
RP11-998D10.4				3.0	
NDRG2				3.0	
TPPP2				3.0	
AL161668.5				3.0	
CMTM5				3.0	
MIR208A				3.0	
CTD-2201G16.1				3.0	
MIR208B				3.0	
THTPA				1.0	
NGDN		1.0		2.0	
ZFHX2				1.0	
RP11-66N24.4				1.0	
RNU3P3		1.0		1.0	
RP11-789A21.1				1.0	
CTD-2128A3.3				1.0	
CTD-2128A3.2		1.0		1.0	
LINC00911				1.0	
RN7SL506P				1.0	
ADPGK				2.0	
ADPGK-AS1		2.0		2.0	1.0
RP11-272D12.1				1.0	1.0
FOPNL				1.0	
RP11-256I9.2				1.0	
RP11-256I9.3		1.0		1.0	1.0
LINC00922				1.0	1.0
CDH2		1.0		1.0	
CTD-2540F13.2				3.0	
LGALS7				2.0	
LGALS7B				2.0	
RNU6-140P				1.0	
CAPN12		2.0		3.0	
MIR641				1.0	
CNTD2				1.0	
CTC-425O23.2		1.0		1.0	
C19orf47				1.0	
GSTM3P2				1.0	
TANC1		1.0		1.0	
RP11-65L3.4				2.0	
RP11-65L3.2				2.0	
RP11-171I2.5				2.0	
RP11-171I2.2				2.0	
TTN-AS1		2.0		2.0	5.0
RP11-88L24.4				1.0	1.0
RNU7-104P				1.0	
SESTD1		1.0		1.0	1.0
AC053503.6				2.0	
AC053503.4				2.0	
MIR4777				1.0	
B3GNT7		1.0		2.0	
ZBTB8OSP2		1.0		2.0	
AC017104.4				2.0	
ARMC9				1.0	
AC017104.6				2.0	
TGM2				1.0	
BPI				2.0	
CTD-2308N23.2				1.0	
MN1		2.0		2.0	
ARIH2OS				3.0	
RP11-145M9.5				1.0	
RP11-145M9.2		1.0		1.0	
MTHFD2P7				1.0	
RP11-381K20.5		1.0		1.0	
HNRNPA0				1.0	
RP11-381K20.4				1.0	
KLHL3				1.0	3.0
RP11-325L7.1				1.0	
RP11-325L7.2				1.0	
RNU6-1148P		1.0		1.0	
RP11-166J22.1				1.0	
RN7SL682P				1.0	1.0
CDC23				1.0	
GFRA3		1.0		1.0	
CTC-209H22.3				1.0	
BNIP1		1.0		1.0	
CREBRF				1.0	
HNRNPLP1				1.0	
RP11-288G3.3				1.0	
RP11-288G3.4		1.0		1.0	
RP3-512B11.3				1.0	
PPIL1		1.0		1.0	
SLC35F1		2.0		2.0	
PLN				1.0	
SSXP10				1.0	
RNU6-1286P				1.0	
RP1-276J11.2				1.0	
RP1-276J11.3		1.0		1.0	
RNU2-8P		1.0		1.0	
RP11-129H15.1				1.0	
SLC25A5P7				1.0	
HMGB3P18		2.0		1.0	
RNU1-18P		1.0		1.0	4.0
RP4-662A9.2				1.0	
RP3-323P13.2				2.0	13.0
AC002076.10				1.0	
TFPI2				1.0	
GNG11				1.0	
GNGT1		1.0		2.0	
AC009362.2				2.0	
MKLN1-AS2		1.0		2.0	
MIR490				1.0	
KRT8P51				1.0	
hsa-mir-490		1.0		1.0	
CHRM2		1.0		1.0	
RP11-184B22.2		1.0		1.0	3.0
RP11-205K6.1				2.0	
RP11-205K6.2				2.0	
AL356309.1		1.0	1.0	2.0	
RP11-123K19.1		1.0		2.0	5.0
RXRG		1.0		1.0	
RP11-280O1.2				1.0	2.0
RNU6-271P		1.0		3.0	
ZNF518A		1.0		2.0	
MIR3920				1.0	
RP11-748H22.1				1.0	
TRPC6		1.0		1.0	1.0
RNU4-23P				1.0	
ATP5F1P5		1.0		1.0	
BSX				1.0	
C11orf63				1.0	
MIR4508		1.0		1.0	
RP11-73C9.1				1.0	
MKRN3				1.0	
NARG2				3.0	
MRPL46				1.0	
AC013489.1				1.0	
RP11-97O12.7		1.0		1.0	
MRPS11				1.0	
RP11-97O12.6				1.0	
DET1				1.0	
MIR193B				3.0	
MIR365A				3.0	
MKL2				3.0	
RP11-65J21.3		3.0		3.0	1.0
SNORA62				3.0	
RPL7P48		1.0		1.0	
RNU6-1131P				2.0	
SKOR2		2.0		2.0	
CTD-2130O13.1				2.0	
RP11-482H16.1		1.0		2.0	
CCDC85A		1.0		1.0	
GPR45				1.0	
RP11-332H14.1				1.0	
AC012360.1		1.0		1.0	
AC012360.2				1.0	
TGFBRAP1				1.0	
AC018717.1		2.0		2.0	3.0
RNU7-147P				1.0	
LSAMP		1.0		1.0	2.0
RP11-384F7.2		1.0		1.0	2.0
SAR1B				2.0	
RNU6-897P				1.0	
RP11-809N15.2				2.0	
HACE1		1.0		2.0	
RP11-809N15.3		1.0		2.0	
KDM4C		1.0		1.0	
RP11-158D2.1				1.0	
RP11-6F6.1		2.0		1.0	
RP11-16L21.7				2.0	
PTGR1		2.0	1.0	2.0	
LRRC37A5P				2.0	
ZNF483		2.0	1.0	2.0	
AL138935.1				2.0	
RP11-335E6.3				2.0	
LINC00466		2.0	1.0	2.0	
RP5-1028L10.1				1.0	
RP5-1028L10.2				1.0	
KCNC4-AS1				1.0	
SLC6A17		1.0	1.0	1.0	
KCNC4				1.0	
RP11-355F22.1		2.0	1.0	2.0	1.0
RN7SL188P				1.0	
RP11-757G1.6				1.0	1.0
MIR3164				4.0	
RP11-554A11.7		3.0	1.0	4.0	2.0
RP11-554A11.8		1.0	1.0	3.0	8.0
RP11-554A11.9				3.0	
IFITM9P				1.0	
GAPDHP70		1.0	1.0	1.0	1.0
GRM5-AS1		1.0	1.0	1.0	
GRM5		2.0	1.0	2.0	7.0
AP001482.1		1.0	1.0	1.0	
CBX3P7				3.0	
RP11-745I13.1				2.0	
RP11-643G5.6		1.0	1.0	1.0	
FOLH1B				1.0	
TRIM77				1.0	
RP11-313I2.13		1.0		1.0	
RP11-313I2.5				1.0	
UBTFL2				1.0	
RP11-313I2.11		1.0	1.0	1.0	
RP11-313I2.6				1.0	
RP11-313I2.10				1.0	
TRIM64DP				1.0	
RP11-358N4.3				1.0	
RP11-358N4.5				1.0	
TRIM49		1.0	1.0	1.0	
TRIM53BP				1.0	
RP11-358N4.6				1.0	
TRIM64EP				1.0	
RP11-529A4.10				1.0	
RP11-716D19.1				1.0	
UBTFL1				1.0	
AP000648.6				1.0	
TRIM49C		1.0		1.0	
NAALAD2				1.0	
RP11-121L10.3				1.0	
CHORDC1				1.0	
DISC1FP1		1.0	1.0	1.0	
AP002364.1				1.0	
RNA5SP364				1.0	
RP11-474L23.3				1.0	
C12orf29				1.0	
CEP290		1.0	1.0	1.0	
DCT		2.0	2.0	2.0	
RP11-472N19.3				1.0	
RNU6-366P				1.0	
RP11-30G8.1		1.0	1.0	1.0	7.0
RP11-30G8.2		1.0	1.0	1.0	
AC090696.2				1.0	
RPL5P32				1.0	
RPL41P2				1.0	
RP11-578F21.3				1.0	
RP11-536P16.2				1.0	
RP11-483E23.2				1.0	
RP11-578F21.9		1.0	1.0	1.0	11.0
RP11-578F21.10				1.0	
AC055876.1				1.0	
WHAMMP2				1.0	7.0
GOLGA8M				1.0	8.0
RP11-578F21.6				1.0	
RP11-578F21.12		1.0	1.0	1.0	2.0
RP11-578F21.13				1.0	
GOLGA6L7P				1.0	
WI2-2334D6.1				1.0	
APBA2		1.0	1.0	1.0	8.0
FAM189A1		1.0	1.0	1.0	7.0
MIR211				1.0	
TRPM1		1.0	1.0	1.0	
MYEF2		1.0	1.0	1.0	
AC066612.1				1.0	
RP11-605F22.2		1.0	1.0	1.0	
RP11-605F22.1		1.0	1.0	1.0	5.0
SLC12A1		1.0	1.0	1.0	5.0
ZNF469		2.0		4.0	2.0
ZC3H18		1.0	1.0	1.0	1.0
IL17C				2.0	
MVD		1.0	1.0	2.0	2.0
RP11-830F9.7				5.0	
RP11-830F9.6		2.0	1.0	5.0	
CTD-2555A7.1		1.0	1.0	5.0	8.0
RP11-46C24.3				1.0	1.0
LINC00304		1.0		1.0	2.0
SLC22A31				2.0	7.0
RP11-46C24.7				2.0	
RP11-46C24.6		1.0		3.0	
AC137932.1		1.0		4.0	
ZNF778		1.0	1.0	3.0	
RP11-46C24.5		2.0	1.0	4.0	9.0
AC137932.5		2.0	1.0	5.0	
AC137932.6		2.0	1.0	5.0	
RP1-168P16.2		1.0		2.0	
RP1-168P16.1				2.0	
RP11-356C4.3				3.0	
TUBB8P7		3.0	2.0	3.0	
FAM157C		3.0	2.0	3.0	2.0
RP11-356C4.5				3.0	
RNU6-355P				3.0	
LRRC46				2.0	
SCRN2				2.0	
RP11-6N17.4				1.0	
MRPL10				2.0	
RP11-6N17.1				1.0	
RP11-6N17.2				1.0	1.0
RMDN2-AS1		1.0	1.0	1.0	4.0
CYP1B1-AS1		1.0	1.0	1.0	4.0
AC009229.6				1.0	
AC011233.2		1.0	1.0	1.0	
AL035252.1		1.0	1.0	3.0	
ENTPD6		3.0	3.0	3.0	
PYGB				4.0	
NANP				3.0	
RN7SL594P				2.0	
RNU6ATAC17P		3.0	1.0	3.0	
RP4-694B14.5				4.0	
NINL				4.0	
NCOR1P1		1.0	1.0	2.0	
RP13-329D4.3		2.0	2.0	2.0	
RP3-410C9.2				1.0	
MIR663A		1.0	1.0	3.0	
ID1				3.0	
MIR3193				2.0	
TM9SF4		1.0	1.0	3.0	
RP5-1184F4.5		1.0	1.0	2.0	
ASXL1		2.0	1.0	3.0	
RP5-1085F17.3				1.0	
MAPRE1				3.0	
RP5-1085F17.4				1.0	
EFCAB8		1.0	1.0	1.0	
BPIFB2		2.0	1.0	2.0	
HDHD1P3		1.0	1.0	2.0	
AL121756.1				2.0	
BPIFB6				2.0	
BPIFB3				2.0	
BPIFB4		1.0	1.0	1.0	
RP11-49G10.3				2.0	
BPIFA3				2.0	
AL121901.1				2.0	
BPIFA1		2.0	1.0	2.0	
RPL12P3				2.0	
BPIFA4P				2.0	
BPIFB1		1.0	1.0	2.0	
BPIFB9P				2.0	
BPIFB5P				2.0	
CHMP4B		1.0	1.0	3.0	
TPM3P2		3.0	1.0	3.0	1.0
PIGPP3		2.0	1.0	4.0	2.0
RP5-1125A11.1				4.0	
RP5-1125A11.4				3.0	
XPOTP1				2.0	
RP4-785G19.5		2.0	1.0	3.0	
RP4-785G19.2				2.0	
ITCH-IT1		1.0		2.0	
MIR644A				2.0	
FDX1P1				2.0	
RNU6-407P				4.0	
AL132768.1				2.0	
DSN1				2.0	
RPS27AP3				2.0	
MANBAL				2.0	
SRC		1.0	1.0	1.0	
AP001046.5				1.0	
AP001046.6		1.0	1.0	1.0	4.0
SIK1				1.0	
CTA-268H5.12				2.0	
MIR1249				3.0	
CTA-268H5.14				3.0	
CTA-268H5.9				3.0	
NUP50				3.0	
KIAA0930		3.0	1.0	3.0	
PA2G4P4				2.0	
LINC00886		1.0	1.0	2.0	
RNU6-923P				2.0	
RXFP3		2.0	1.0	3.0	
RP11-1084J3.1		1.0	1.0	3.0	
AMACR		1.0	1.0	3.0	
RP11-1084J3.4		1.0	1.0	3.0	
RP11-1084J3.3				3.0	
C1QTNF3				1.0	
CTD-2024P10.2		1.0	1.0	2.0	
PPARGC1B		2.0	1.0	2.0	
PDE6A				2.0	
RP3-416J7.1				2.0	
RP1-20B11.2				5.0	
HUS1B				1.0	
RP11-532F6.2				1.0	
RP11-532F6.3				1.0	
AC098592.6				1.0	
AC098592.7		2.0	2.0	2.0	1.0
AGR3				1.0	
RP11-3L8.3		1.0	1.0	1.0	1.0
RN7SL849P				1.0	
LURAP1L				1.0	
RP11-62F24.2				3.0	
RP11-335H2.2				3.0	
RP11-169K16.6				1.0	
RP11-169K16.7		1.0	1.0	2.0	
RP11-169K16.8				2.0	
FBLIM1				1.0	
RP11-169K16.9				2.0	
SPEN		1.0		2.0	
SZRD1				1.0	
SPATA21		1.0	1.0	1.0	
RP4-798A10.2				1.0	
CROCCP3				1.0	
NECAP2				1.0	
RP4-654C18.1				1.0	
TCEA3				1.0	
LPHN2		1.0	1.0	1.0	1.0
CCBL2		2.0	1.0	2.0	
RBMXL1				2.0	
GBP3				2.0	
RP11-413P11.1		1.0	1.0	1.0	9.0
SCARNA16		1.0	1.0	1.0	
RP5-1180E21.4				4.0	
RP5-1180E21.5				4.0	
DENND2D		3.0	1.0	4.0	
CHI3L2				4.0	
DRAM2				1.0	
RP5-1042I8.7				1.0	
RP11-235D19.2				6.0	
RP11-235D19.3		3.0	1.0	6.0	3.0
OAZ3				1.0	
RP11-98D18.3				1.0	
RP11-98D18.2				1.0	
RP11-98D18.16				1.0	
RP11-98D18.17				1.0	
LINGO4				1.0	
C2CD4D				1.0	
AL450992.2				1.0	
THEM5				1.0	1.0
MRPL9				1.0	
TDRKH				1.0	
RP11-98D18.9				1.0	
THEM4				1.0	
RNA5SP69		2.0	2.0	3.0	
RP5-1098D14.1				1.0	
RP11-532L16.3		1.0	1.0	1.0	
RP11-532L16.1				1.0	
PARD3-AS1				1.0	
CCDC58P2		1.0	1.0	2.0	
RP11-96B5.4				2.0	
RN7SL284P				2.0	
DLG5-AS1				2.0	
H2AFZP5		1.0	1.0	1.0	
POLR3A				1.0	
RP13-631K18.5				1.0	
RP13-631K18.3				1.0	
RP13-631K18.2		1.0	1.0	1.0	
MICAL2				1.0	
EHF		1.0	1.0	1.0	
AP001350.1				1.0	
AP000445.3				1.0	
ZFP91-CNTF				2.0	
AP000445.1				1.0	
CTD-2531D15.5				2.0	
AP003064.1				2.0	
SCGB1A1				2.0	2.0
CTD-2531D15.4				2.0	1.0
ASRGL1				2.0	
AHNAK		2.0	2.0	2.0	3.0
RP11-802F5.1				1.0	
TENM4		1.0	1.0	1.0	
RP11-153F5.3				2.0	
RPL7P41		1.0	1.0	2.0	1.0
KRT78		1.0	1.0	2.0	
KRT79				2.0	
ST13P3		1.0	1.0	1.0	
RP11-114F10.2				1.0	
SSH1				2.0	
RP11-25E2.1		3.0	2.0	2.0	7.0
LINC00412		1.0	1.0	1.0	
RPL21				1.0	
SNORD102				1.0	
SNORA27				1.0	
RASL11A				1.0	
USP12-AS2				1.0	
RNU6-73P				1.0	
RP11-58E21.4				1.0	
RP11-58E21.3				1.0	
C14orf182		1.0	1.0	1.0	
RPL13P6				1.0	
EXOC3L4		3.0	2.0	3.0	
RP11-736N17.8		1.0		3.0	
LINC00677		2.0	2.0	3.0	
RP11-736N17.4				3.0	
RPL21P12				3.0	
TNFAIP2		2.0	2.0	3.0	
RP11-219B17.2				1.0	
RP11-2I17.1				2.0	
SENP8				3.0	
RP11-2I17.4		1.0	1.0	2.0	
GRAMD2		1.0	1.0	2.0	
ZNF768				3.0	
AC002310.12		1.0	1.0	2.0	
AC002310.10				2.0	
ZNF764				2.0	
ZNF688				2.0	
AC002310.13		1.0	1.0	2.0	
AC002310.7		1.0		2.0	
ZNF785		1.0		2.0	
ZNF747		1.0	1.0	2.0	
ZNF319		1.0		2.0	
USB1				2.0	
MMP15		2.0	1.0	2.0	
RP11-525K10.3		1.0	2.0	1.0	1.0
RP11-115K3.1				2.0	1.0
RP11-855A2.3				2.0	
RN7SL622P				2.0	
RP11-855A2.5				2.0	3.0
RP11-84E24.3				1.0	
AC007461.1				1.0	
SOX9				1.0	
AC005152.3		3.0	1.0	1.0	2.0
RP11-84E24.2				1.0	2.0
AC007461.2		1.0	1.0	1.0	
AC005152.2		1.0	1.0	1.0	4.0
RP11-595B24.1		1.0	1.0	1.0	1.0
NARS				1.0	
RP11-35G9.3		1.0	2.0	1.0	2.0
RP11-35G9.5		1.0	2.0	1.0	2.0
RP11-845C23.2				1.0	
RP11-1151B14.2		1.0	2.0	1.0	2.0
MIR122		1.0	1.0	1.0	
AC105105.1				1.0	
RP11-845C23.3				1.0	
RP11-1151B14.3		1.0	1.0	1.0	
NEDD4L				1.0	
ALPK2				1.0	
PALM				1.0	
CTD-3149D2.4				1.0	
FCHO1		1.0	1.0	1.0	
B3GNT3				1.0	
CTC-461H2.2				5.0	
CTC-461H2.3		1.0	1.0	5.0	
GPATCH1		2.0	1.0	3.0	1.0
RN7SL34P				1.0	
AC108488.3				3.0	
RPS7				3.0	
AC010907.2				3.0	
TMSB4XP2				3.0	
RP13-512J5.1				3.0	
RNASEH1				3.0	
COLEC11		3.0	4.0	3.0	
RP11-191L17.1		1.0	1.0	1.0	
FOXN2				1.0	
PPP1R21				1.0	
RNU6-175P				1.0	
GPR39		1.0	1.0	1.0	
AC007556.3				2.0	1.0
AC092614.2				2.0	
RN7SL359P		1.0	1.0	2.0	
AC073254.1		1.0		2.0	
EFHD1		2.0	2.0	3.0	
ADAM33				2.0	
SIGLEC1				2.0	
RPS10P2				1.0	
RNU2-52P				2.0	1.0
RP3-450M14.1				1.0	
LPIN3				1.0	
RNU6-872P		2.0	1.0	2.0	
RP1-100J12.1				1.0	
AF129075.5				1.0	
CCT8		1.0	1.0	1.0	
MAP3K7CL		1.0	1.0	1.0	
USP16				1.0	
RPL12P9				1.0	
SNORA32		1.0		2.0	
AP001610.9				1.0	
TMPRSS2		1.0	1.0	1.0	
MIR648				2.0	
XXbac-B476C20.14				2.0	
XXbac-B476C20.13				2.0	
RHEBP3				1.0	
XXbac-B476C20.17				1.0	
RN7SL268P				3.0	
MIF				2.0	
AP000350.4		1.0	1.0	2.0	
AP000350.6		1.0	1.0	2.0	
AP000350.7				2.0	
KB-1125A3.11				2.0	
SLC2A11				3.0	
AP000350.10				3.0	
AP000350.5				2.0	
AP000350.8				2.0	
GSTT2B				2.0	
KB-1125A3.10				2.0	
KB-226F1.2		1.0	1.0	2.0	
AP000351.3				1.0	
GSTT2				1.0	
MTND1P13				1.0	
EIF4EBP1P2				1.0	
AP000351.8		1.0	1.0	1.0	
DDTL		1.0	1.0	2.0	
DDT				2.0	
AP000351.4		1.0	1.0	1.0	
GSTTP1				1.0	
AP000351.9				1.0	
AP000351.10				1.0	
KB-226F1.1				1.0	
GSTTP2				1.0	
GSTT1				1.0	
AP000351.13				1.0	
CABIN1		1.0	1.0	3.0	
KB-318B8.7				1.0	
SUSD2				3.0	
AP000354.4				3.0	
AP000354.2				3.0	
POM121L9P		1.0	1.0	3.0	
BCRP1				3.0	
SPECC1L-ADORA2A		2.0	1.0	4.0	
AP000355.2				2.0	
ADORA2A-AS1		1.0	1.0	3.0	
GUCD1		1.0	1.0	1.0	
SNRPD3		1.0	1.0	1.0	
UPB1		2.0	2.0	3.0	
FAM211B		1.0	1.0	1.0	
AP000356.2				1.0	
BCRP3				1.0	
POM121L10P		1.0	1.0	1.0	
AP000356.1				1.0	
ARL5AP4		1.0	1.0	1.0	
AP000358.5		1.0	1.0	1.0	
CRIP1P4		1.0	1.0	1.0	
AP000357.4				1.0	
PIWIL3		1.0	1.0	1.0	
SGSM1		1.0	1.0	1.0	
EGOT				1.0	
AC018816.3		1.0	1.0	1.0	
BHLHE40-AS1				1.0	
RBMS3-AS3				1.0	
RNU6ATAC4P		1.0	1.0	2.0	
RP11-129K12.1				2.0	
PRADC1P1				2.0	
RP11-129K12.4				2.0	
RP11-129K12.3				2.0	
EPM2AIP1				2.0	
TRANK1				1.0	1.0
MLH1		1.0		2.0	1.0
RP11-285J16.1				1.0	
AC097359.2				1.0	
RP11-259K5.1		1.0	1.0	1.0	
RP11-259K5.2				1.0	
AC097359.1				1.0	
TCEA1P2				1.0	
LRRFIP2				2.0	
GOLGA4				1.0	
RP11-432B6.1				1.0	
RP11-432B6.3		1.0	1.0	1.0	
RP11-557J10.5				1.0	
RP11-557J10.3				1.0	
MMAA		1.0	1.0	1.0	
RP11-557J10.4				1.0	
C4orf51				1.0	4.0
RP11-181K12.2				1.0	5.0
RPL19P11		1.0	2.0	1.0	5.0
CTD-2127O16.2				1.0	
CTD-2207L17.2				2.0	
CTD-2207L17.1				2.0	
CTD-2175A23.1				2.0	
EFNA5		1.0	1.0	1.0	
AC010609.1				2.0	
CTC-248O19.1				2.0	
ERHP2				1.0	
MLIP-AS1		1.0	1.0	1.0	
HSPD1P16				1.0	
MYCT1		1.0	1.0	1.0	1.0
VIP				1.0	7.0
SYNJ2-IT1				1.0	
SNX9		1.0		2.0	
MIR3918				1.0	
EZR-AS1				1.0	
EZR		1.0	1.0	1.0	
OSTCP1				1.0	
SYTL3				1.0	
CYP2W1		1.0	1.0	1.0	
MIR339				1.0	
AC073957.15				1.0	
CTD-2227E11.1		2.0	1.0	3.0	2.0
RNU6-1198P				3.0	
FAM131B				2.0	1.0
RP11-563K23.1				2.0	
AC093673.5				2.0	1.0
TAS2R62P				1.0	
TAS2R60				1.0	
ZYX		1.0		2.0	1.0
EPHA1		1.0	1.0	2.0	
EPHA1-AS1		1.0	1.0	2.0	1.0
AC091171.1				1.0	
NUDT18				1.0	
FGF17				1.0	
FAM160B2				1.0	
HR				1.0	
SOX17				2.0	
RP11-716D16.1		1.0	1.0	1.0	3.0
RP11-347C18.5				1.0	
RP11-347C18.1				1.0	
RP11-347C18.3				3.0	
RP11-347C18.4				3.0	
CCNE2				1.0	
TP53INP1		1.0	1.0	3.0	
HMGA1P4				1.0	
RN7SL560P				1.0	
ZDHHC12				1.0	
RP11-545E17.3				1.0	
WDR34				1.0	
SET				1.0	
ZER1				1.0	
PKN3		1.0	1.0	1.0	
LRLE1				6.0	
ENPP7P1				7.0	
FAM85B				7.0	
FAM86B3P		7.0	3.0	8.0	
ALG1L13P		2.0	2.0	8.0	
CTD-3023L14.3		5.0	3.0	7.0	1.0
LINC00529		5.0	4.0	9.0	2.0
AL590822.2				3.0	
RP11-181G12.2				3.0	
KLHDC8A		2.0	1.0	3.0	
CRABP1				1.0	1.0
RP11-5O23.1		2.0		2.0	
FAH				1.0	
RN7SL105P				1.0	
RILP				1.0	
SCARF1				1.0	
AC015849.12				1.0	
AC015849.13				1.0	
AC015849.14				1.0	
CCL5				1.0	
TAF15		1.0		1.0	
AC015849.19				1.0	
C17orf66				1.0	
AC015849.2				1.0	
RP11-104J23.1				1.0	
CCL15				2.0	
NSFP1				2.0	
AL133245.2				1.0	
YIPF4		1.0		2.0	
GFRA4				1.0	
ATRN		1.0		1.0	
RN7SL321P				2.0	
FBXW12		2.0		2.0	1.0
RSPH10B				1.0	
RPL30P9				3.0	
RPS18P13				4.0	
KLHL26				3.0	
CTC-455F18.3				1.0	
MIR129-2				2.0	
AC105030.1				2.0	
AF213884.2				5.0	
RP11-499E18.1		2.0	3.0	6.0	
AF213884.1		5.0	1.0	6.0	
RP11-111D3.1				2.0	
RNU6-125P				1.0	
RP5-1018K9.1				1.0	1.0
AL671972.1				1.0	
AP006621.5		1.0	1.0	3.0	
AP006621.1		1.0	1.0	2.0	
AP006621.6				2.0	
TALDO1				2.0	
PDDC1				2.0	
RP11-342M21.2				2.0	
AAGAB				1.0	
RP11-571O6.1		2.0	1.0	2.0	2.0
GP1BA		2.0	1.0	3.0	
SLC25A11		2.0		3.0	
RNF167				3.0	
PFN1				3.0	
RP11-75C10.7				1.0	
RP11-75C10.9				1.0	
RP11-13K12.2				1.0	
RP11-13K12.1				1.0	
AP001476.2		1.0	1.0	3.0	2.0
AP001476.4				3.0	
AP001476.3				2.0	
PSMA6P3				1.0	
FTCD-AS1				2.0	
AP001471.1				2.0	
FTCD				2.0	
SPATC1L				2.0	
MIR548AO				1.0	
RPS29P2				1.0	
CTD-3080F16.3				1.0	
RNU6-895P				1.0	
SFRP1		2.0	1.0	1.0	
RP11-473E2.2				2.0	
RP11-473E2.4		2.0	2.0	2.0	1.0
RP11-473E2.3		1.0	1.0	2.0	
OR2F1				1.0	
RP4-669B10.6				2.0	
OR2Q1P				2.0	
SLC16A1P1				2.0	
OR6B1		2.0		2.0	
OR2A5				2.0	
RP4-669B10.3				2.0	
RP4-680D5.8				1.0	
CASP9		1.0		2.0	
AGMAT				1.0	
RP4-680D5.2				1.0	
DNAJC16		1.0	1.0	2.0	
LHPP		1.0		3.0	
FAM53B		4.0	2.0	4.0	
NPM1P31		1.0	1.0	1.0	
RP11-298J20.4		1.0		2.0	
BCL2L14		2.0	1.0	2.0	
RERG-IT1				1.0	
MEMO1P5		1.0	1.0	1.0	
CLDN10		1.0	1.0	1.0	
CLDN10-AS1				1.0	
RP11-371E8.2				1.0	
ITPK1-AS1				2.0	
RNU6-844P				1.0	
CTD-2515H24.3				1.0	
CTD-2515H24.4				1.0	
CTD-2515H24.1		1.0	1.0	1.0	
GCOM1				1.0	
POLR2M				1.0	
RAB8B		1.0		1.0	
RPS27L				1.0	
ODF3L1				1.0	
AC019294.1				2.0	
RP11-24M17.3				2.0	
DNM1P35				2.0	
RP11-593F23.1				1.0	1.0
KRT8P23				2.0	
RCN2		1.0		1.0	1.0
PSTPIP1		1.0		3.0	1.0
CTC-508F8.1				1.0	
CTD-2033A16.2				2.0	
NOB1				2.0	
RNU4-13P		1.0	1.0	4.0	
TBC1D3P1				2.0	
TBC1D3P1-DHX40P1		2.0	1.0	2.0	3.0
RP11-178C3.2		2.0	1.0	2.0	3.0
DHX40P1				2.0	
HMGN1P28				2.0	
CTB-184G21.3				4.0	
C19orf40				3.0	
RPL31P61				1.0	
ZNF345				1.0	1.0
ZNF383				1.0	
CTD-3064H18.2				1.0	
CTD-3064H18.1				1.0	
AC079779.5				2.0	
AC079779.6				2.0	
AC092839.1				2.0	
AC092839.4				2.0	
AC092839.3		1.0	1.0	2.0	
RP11-426K3.1				1.0	
RN7SL548P				2.0	
AC016738.4				1.0	
RPL31				1.0	
EPB41L5		2.0	2.0	2.0	
ACVR2A				1.0	
RP11-459I19.1				2.0	
AC009974.11				2.0	
CHPF				2.0	
RNA5SP478		1.0	1.0	1.0	
RP4-737E23.2		1.0	1.0	1.0	2.0
NXT1				1.0	
RP3-322G13.5				1.0	
GZF1				1.0	
RP3-322G13.7		1.0	1.0	1.0	
AL096677.1		1.0		1.0	
RNA5SP479				1.0	
NAPB		1.0	1.0	1.0	
CSTL1		1.0	1.0	1.0	
CST11				1.0	
CST12P		1.0	1.0	1.0	
CST8		1.0	1.0	1.0	
RP3-333B15.4		1.0	1.0	1.0	
CST13P		1.0		1.0	
CST9LP1		1.0	1.0	1.0	
CST9L		1.0	1.0	1.0	
RP11-218C14.2		1.0	1.0	1.0	1.0
CST9		1.0	1.0	1.0	
CST3				1.0	
RP11-218C14.8				1.0	
RP11-218C14.5		1.0	1.0	1.0	
CST4		1.0	1.0	1.0	
CST2P1		1.0	1.0	1.0	
CST1		1.0	1.0	1.0	
XXyac-YX60D10.1		1.0		1.0	
CST2		1.0	1.0	1.0	
CST5		1.0	1.0	1.0	
CSTP1		1.0	1.0	1.0	
RP5-831C21.1		1.0	1.0	1.0	
GGTLC1				1.0	
POM121L3P		1.0	1.0	1.0	
RP4-583P15.11				1.0	
AL158091.1		1.0		1.0	7.0
ABHD16B				1.0	1.0
C20ORF135				1.0	
RNA5SP126				1.0	
RNU6-1105P				1.0	
RP11-573D15.6				1.0	
RP11-573D15.9				1.0	
EIF4A2				1.0	
SNORD2				1.0	
RP11-135A1.2				1.0	
RP11-135A1.3		1.0	1.0	1.0	
RP11-407B7.1				1.0	
HES1				1.0	
MIR4450				1.0	
MIR548AH				1.0	
RP11-359D14.2				1.0	
RP11-359D14.3		1.0	1.0	1.0	
RP11-328K4.1		2.0	1.0	2.0	
RP11-125O18.1		1.0	1.0	1.0	
USP38		1.0		2.0	3.0
RP11-284M14.1		2.0	1.0	2.0	1.0
CTD-2228K2.5				1.0	
RP11-310P5.2				1.0	
MIR4456				1.0	
EXOC3				1.0	
CTD-2228K2.7				1.0	
SLC9A3		1.0		1.0	
MIR4459				1.0	
RP11-480N24.4				2.0	
RP11-392A23.4				2.0	
RP11-11D8.3				1.0	
RRAGD		1.0	1.0	1.0	
RP11-15G8.1		1.0		1.0	
AC003090.1		4.0	2.0	3.0	6.0
AC073934.6		1.0	1.0	1.0	
SND1		1.0	1.0	1.0	1.0
AC025594.1				2.0	
RP11-309L24.6				2.0	4.0
RN7SL306P				2.0	
KCP				2.0	
ODCP				1.0	
RP11-128A6.3		1.0	1.0	1.0	11.0
RP11-286H14.2				1.0	
RP11-286H14.1		1.0	1.0	1.0	3.0
RP11-286H14.3				1.0	
TPI1P2				1.0	
RP11-286H14.4				1.0	
TSPAN33				1.0	
AC073133.2				1.0	
AC073133.1				1.0	
MIR598				4.0	
AC037459.4				2.0	
C8orf58				2.0	
RP11-582J16.5		1.0	1.0	2.0	
CTD-3247F14.2				1.0	
EGR3				1.0	
CCAR2		1.0	1.0	2.0	
RP11-459E5.1				1.0	
RP5-849H19.2				2.0	
RP11-20O24.1				1.0	
RANP5				1.0	
RP5-1065J22.8				2.0	
TMEM167B				2.0	
SCARNA2		1.0	1.0	2.0	1.0
RP5-1065J22.4				2.0	
C1orf194				2.0	
TAF13		1.0	2.0	2.0	1.0
WDR47				1.0	
PSMA5		1.0		2.0	
EPS8L3		1.0	2.0	1.0	
RP4-781K5.5				4.0	
TIRAP				4.0	
RP11-712L6.5				4.0	
IFIT1P1				1.0	
SNORA16				1.0	
N4BP2L1				1.0	
RNU6-659P				1.0	
KRT18P7				1.0	
ADAM20				1.0	
MED6				1.0	
CTD-2540L5.5				1.0	1.0
RP11-486O13.4		1.0	1.0	1.0	
RN7SL192P				2.0	
CTC-215O4.4				2.0	
ZNF226				1.0	2.0
ZNF227		1.0	2.0	1.0	12.0
ZNF235				1.0	12.0
ZNF233				1.0	6.0
ZNF112				1.0	3.0
CTC-512J12.6		1.0	3.0	1.0	4.0
ZNF285				1.0	2.0
CTC-512J12.4				1.0	7.0
ZNF229		1.0	2.0	1.0	8.0
AC069278.4				1.0	
ZNF285B				1.0	2.0
AC005757.7				2.0	
CKM		3.0	4.0	4.0	12.0
RPS16P9				4.0	
L47234.1				3.0	
KLC3				4.0	9.0
ERCC2		1.0		3.0	9.0
CD3EAP		1.0		3.0	
PPP1R13L		2.0	1.0	3.0	4.0
ERCC1		1.0	1.0	3.0	14.0
FOSB				2.0	
PPM1N				2.0	7.0
RTN2		1.0		2.0	
VASP		1.0	1.0	2.0	7.0
AC074212.3		1.0	1.0	4.0	1.0
AL035045.1		1.0	2.0	1.0	1.0
RP5-905G11.3				1.0	
RNU6-192P				1.0	
RP1-1J6.2		1.0	1.0	1.0	
PLCG1				4.0	
RPL24P4		1.0	1.0	2.0	
GNMT				2.0	
PTCRA				3.0	
RP3-475N16.1		1.0	2.0	3.0	
PEX6				2.0	
PPP2R5D				3.0	
RP11-466F5.4				1.0	
RP11-466F5.10				1.0	
ALDH9A1				1.0	3.0
RP11-466F5.8		1.0		1.0	1.0
RP11-466F5.6				1.0	3.0
AP000758.1				2.0	
AP002348.1				2.0	
AC000003.2				1.0	
AC097381.1				1.0	
RN7SL352P				1.0	
RP11-157J24.1				1.0	
RP11-157J24.2		1.0		1.0	3.0
AP000428.1				1.0	
RP5-1115A15.1				4.0	
C1orf200				2.0	
RP11-558F24.2				2.0	
RP11-558F24.4				2.0	
PIK3CD		2.0	1.0	2.0	4.0
RP5-1077B9.5				2.0	
RN7SL649P		1.0	1.0	1.0	
RNU6-777P				1.0	
MIIP		1.0		2.0	
RP11-426M1.2				1.0	
MFN2		1.0		2.0	
TNFRSF8				1.0	1.0
RP11-182I10.1				2.0	
RP11-182I10.2				2.0	
SLC2A3P2				2.0	
RP4-535B20.4				1.0	
RP11-182I10.3		1.0	1.0	2.0	
RNU6-1176P		1.0	1.0	1.0	
MIR3671				1.0	
MIR101-1				1.0	
RP4-535B20.1				1.0	
RP4-535B20.2				1.0	
LMO4		1.0	1.0	1.0	
RP4-612C19.1				2.0	
RP4-612C19.2				2.0	
TMED5		1.0	1.0	4.0	
RP4-717I23.3		2.0	1.0	5.0	
CCDC18		2.0	2.0	2.0	
LINC00568		1.0	1.0	3.0	
RP1-15D23.2		1.0	1.0	1.0	10.0
RP11-363N22.2		2.0	1.0	2.0	
AL359878.1				2.0	
GTPBP4				1.0	
SNORA14				2.0	
RP11-536K7.5				2.0	2.0
RP11-414H17.2				2.0	1.0
KRT8P37		1.0	1.0	1.0	2.0
RP11-428L9.2		1.0	1.0	1.0	21.0
RP11-428L9.1				1.0	11.0
APBB1IP		1.0	1.0	1.0	
AL137026.1				2.0	
CXCL12		2.0	1.0	2.0	
RP11-380G5.3				1.0	
RN7SL644P				3.0	
B4GALNT4		1.0	1.0	5.0	
RP11-872D17.4				1.0	
AP000781.1				1.0	
PRG2				2.0	
TNKS1BP1				1.0	
SSRP1				1.0	
RP11-872D17.8				2.0	2.0
PRG3		1.0		1.0	
AP001362.1				5.0	
KCNK7				5.0	
MIR4690				3.0	
SIPA1		1.0	1.0	4.0	
MIR4489				3.0	
MAP3K11		1.0		5.0	
PCNXL3		1.0	1.0	5.0	
TSGA10IP				2.0	
PRKRIR		1.0	1.0	1.0	1.0
RP11-111M22.4				1.0	
RP11-111M22.2				1.0	
RP11-111M22.5				1.0	
C11orf30				2.0	2.0
RP11-111M22.3		1.0	1.0	1.0	
RP11-672A2.7		2.0	1.0	2.0	22.0
RP11-672A2.6		1.0	1.0	2.0	1.0
RP11-672A2.5				2.0	3.0
AP001189.4		1.0	1.0	1.0	1.0
RP11-672A2.4				1.0	1.0
RP11-672A2.3				1.0	
AP001925.1				2.0	
FLI1-AS1				4.0	
AC034102.1				1.0	
SUOX		1.0		1.0	
RP11-603J24.4		1.0	1.0	1.0	3.0
NAB2				3.0	
AC023237.1				3.0	
MYO1A				1.0	
TMEM194A				3.0	
RP11-545N8.3				3.0	9.0
RP11-796E2.4		1.0	1.0	1.0	
C12orf79		1.0	1.0	1.0	
BTG1				1.0	
RPL21P106				1.0	
MYL2				4.0	
CCDC63		4.0	1.0	4.0	4.0
RP1-46F2.2		1.0		4.0	10.0
RP1-128M12.3				2.0	
RPL7AP60				2.0	
RNY4P14				1.0	
GPR18				1.0	
GPR183				1.0	
MIR623				1.0	
HMGB3P4				1.0	
C14orf119				5.0	
CEBPE		4.0	2.0	4.0	
RNU6-1138P				4.0	
RP11-561B11.1				2.0	1.0
DNAJC8P1				2.0	
RP11-561B11.6				2.0	
RP11-561B11.3		1.0		2.0	1.0
LGALS3		2.0	2.0	2.0	
DLGAP5		1.0	1.0	2.0	
RP11-454L9.2				2.0	
RPL21P6				2.0	
FBXO34		1.0	1.0	2.0	
TBPL2		1.0	1.0	2.0	
ATG14		1.0	1.0	2.0	
RP11-131H24.4				1.0	
MIR4506				1.0	
FAM181A				1.0	
ASB2		1.0	1.0	1.0	1.0
LINC00521				1.0	1.0
OTUB2				1.0	
RP11-81A1.3		1.0	1.0	2.0	
MTHFS		1.0		2.0	
ST20		1.0	1.0	2.0	
ST20-MTHFS		2.0	2.0	2.0	
C15orf37		1.0	1.0	2.0	
C15ORF37		1.0	1.0	2.0	
BCL2A1		2.0	2.0	2.0	
RP11-81A1.8				2.0	
AC015871.1				2.0	
AC092117.2				1.0	
TCEB2				1.0	
SNORA3				1.0	2.0
LA16c-352F10.1				1.0	
SRRM2-AS1				1.0	
PRSS33		1.0	1.0	1.0	
PRSS41				1.0	
PRSS21				1.0	
ZG16B				1.0	
RP11-876N24.5				2.0	
RP11-876N24.4				2.0	
RP11-876N24.2				2.0	
DEXI				2.0	
CIITA		2.0	1.0	2.0	
RP11-66H6.3				1.0	
RP11-396B14.2		1.0	1.0	3.0	3.0
CTC-527H23.2				1.0	
CTC-527H23.3				1.0	
CTC-527H23.4				1.0	
AC007611.1				1.0	
N4BP1				1.0	
RP11-42I10.1		1.0	1.0	1.0	
RP11-67A1.2		1.0	1.0	3.0	
RP11-615I2.1		2.0	3.0	3.0	
RP11-542M13.2		3.0	2.0	3.0	5.0
RP11-141J13.5				1.0	
SMTNL2				1.0	
PELP1				2.0	
AC091153.4				2.0	
KRT8P34				3.0	
AC079199.2				3.0	
SERPINB3				1.0	
SERPINB11		1.0	1.0	1.0	
NCLN				2.0	
CELF5		2.0	1.0	2.0	
AC093063.3				1.0	
AC093063.2				1.0	
AC006133.3				1.0	
LGALS14				1.0	
LGALS17A		1.0		1.0	
CLC		1.0	1.0	1.0	
LEUTX				1.0	
AC018755.1				1.0	
AC018755.17				1.0	
RPL9P33				2.0	
SIGLEC14				4.0	
RPL7P51				4.0	
ZNF175				1.0	
AC018755.16				1.0	
SIGLEC5		1.0	1.0	4.0	
AC006272.2		1.0	1.0	2.0	
AC006272.1				2.0	
FPR2				1.0	
FPR3		1.0	1.0	2.0	
ZNF577				2.0	
FPR1				2.0	
AC007464.1				2.0	
RP11-373D23.3				2.0	
SNRPGP7				1.0	
FOSL2		1.0		2.0	
AC104695.4				2.0	
PLB1		1.0	1.0	2.0	
RN7SL210P				2.0	
FAHD2CP		1.0	1.0	2.0	
GPAT2		1.0	1.0	2.0	
CIAO1		1.0	1.0	1.0	
AC012307.3				1.0	
TMEM127				1.0	
SNRNP200				1.0	
AC021188.4		1.0	1.0	1.0	
NCAPH				1.0	
ITPRIPL1				1.0	
RP11-363D14.1				2.0	
NEURL3		1.0	1.0	2.0	
ARID5A		1.0	1.0	2.0	
KANSL3		1.0	1.0	1.0	
FER1L5				1.0	
MIR3127				2.0	
RP11-353K11.1				2.0	
CNNM4		2.0	2.0	2.0	
CNNM3				2.0	
LMAN2L				2.0	
ANKRD23		1.0	1.0	2.0	
ANKRD39		1.0	1.0	2.0	
AC079395.1				1.0	
TRIM43CP		1.0	1.0	1.0	
AC018892.8				1.0	
AC018892.3				1.0	
IGKV2OR2-1				1.0	
IGKV2OR2-2				1.0	
IGKV1OR2-3				1.0	
AC018892.9				1.0	
FAM178B				2.0	
MAP4K4		1.0	1.0	1.0	
AC007271.3				2.0	
AC007248.6				1.0	5.0
AC125238.3				1.0	2.0
CD28		1.0	1.0	1.0	9.0
MIR4776-2				1.0	
AC079610.1		1.0	1.0	2.0	1.0
AC108066.1				1.0	
SP140L				2.0	
AC005104.3				3.0	
SEPT2		1.0		5.0	
AC114730.11				2.0	
AC114730.8				2.0	
AC114730.7				2.0	
AC114730.5				1.0	
ING5		1.0		2.0	
AC114730.3				1.0	
AC114730.2				1.0	
CXXC11				1.0	
PDCD1		1.0	1.0	1.0	
AC131097.4				1.0	
AC131097.3				1.0	
RN7SL443P				1.0	
TOX2		1.0	1.0	1.0	4.0
RN7SL672P				1.0	
OLIG2				1.0	
LINC00945				1.0	
OLIG1				1.0	
AP000289.6				1.0	
AP000282.2		1.0	1.0	1.0	
AF015262.2				2.0	
AP001437.1				1.0	
DYRK1A		1.0	1.0	1.0	
AP001057.1				1.0	
AP001058.3				1.0	
AP001059.5				1.0	
ICOSLG		1.0	1.0	1.0	
ADORA2A		1.0		2.0	
CITF22-24E5.1				1.0	
PVALB				1.0	
CTA-833B7.2		1.0	1.0	1.0	2.0
RP3-408N23.4				1.0	
JTBP1				1.0	
MIR4766				1.0	
DNAJB7				1.0	
ST13				1.0	
TOB2				1.0	
CNTN4-AS1				1.0	
TRNT1				1.0	
CRBN				1.0	
IL5RA		1.0	1.0	1.0	
RP11-97C16.1				1.0	
SEC13P1				1.0	
CCR4				1.0	
AC112211.3				2.0	
TMPPE		1.0		2.0	
RN7SL296P				2.0	
MIR4787				1.0	
RP11-804H8.5				1.0	
RP11-804H8.6				1.0	
RP11-90K6.1				1.0	
SLC9C1				1.0	
CD200		1.0	1.0	1.0	
RP11-484K9.4				1.0	
CD200R1		1.0	1.0	1.0	
GTPBP8				1.0	
C3orf17				1.0	
POU5F1P6				3.0	
SNORA24		2.0	2.0	3.0	
MARK2P8				2.0	
RAB7A				3.0	
ACAD9		1.0		3.0	
RP11-723O4.6		3.0	1.0	3.0	
KIAA1257		3.0	1.0	3.0	
MIR28				3.0	
LINC01063				1.0	
NRROS		1.0	1.0	1.0	
RNA5SP158		1.0	1.0	3.0	
RP11-791G16.4				2.0	
LINC00575				3.0	
SCD5		3.0	1.0	3.0	
IL2		1.0	1.0	1.0	6.0
ADAD1				1.0	
RP11-461L13.3				1.0	
RP11-461L13.2				1.0	
FBXW7		1.0	1.0	1.0	
ANKRD33B-AS1				1.0	
RP11-54F2.1				1.0	
RP11-215G15.5				1.0	
RP11-215G15.4				1.0	
ANKRD33B		1.0	1.0	1.0	
CTC-551A13.2				1.0	1.0
RP11-114H7.1		1.0		1.0	2.0
RP11-114H7.2				1.0	
RP11-114H7.3		1.0	1.0	1.0	9.0
CDC42SE2		3.0	2.0	3.0	16.0
CTC-432M15.3		3.0	2.0	3.0	15.0
FNIP1		3.0	2.0	3.0	10.0
IL3		1.0		3.0	4.0
CSF2		2.0	2.0	3.0	3.0
AC063976.1				1.0	
IL4				1.0	5.0
AC004237.1				1.0	1.0
AC004041.2		1.0	1.0	1.0	24.0
CCNI2				1.0	12.0
AC005740.4		1.0	1.0	2.0	
RNF14				2.0	
AC005740.5				2.0	
GNPDA1		2.0	1.0	2.0	
ANXA6				3.0	
MIR5690				4.0	
LHFPL5		1.0	1.0	3.0	15.0
MRPS10				1.0	
GUCA1A				1.0	
GUCA1B				1.0	
TRERF1		1.0	1.0	1.0	
CARD11				1.0	2.0
EEF1A1P27		1.0	1.0	1.0	2.0
ABCB5				1.0	
AC073072.5		3.0	2.0	4.0	1.0
AC073072.6		1.0	1.0	4.0	1.0
AC073072.7				1.0	2.0
RNU6-565P				2.0	
RPS10P14				2.0	
TBRG4				1.0	
SNORA5A				1.0	
SNORA5C				1.0	
SNORA5B				1.0	
NACAD				1.0	
CCL26		1.0	1.0	1.0	
CCL24		1.0	1.0	1.0	
HIP1		1.0		2.0	
AC005077.5		1.0	1.0	1.0	
SRRM3		1.0	1.0	1.0	
RN7SL212P				1.0	
HSPB1				1.0	
RP4-800G7.1		1.0	1.0	1.0	
ZNF398				1.0	
ZNF212				1.0	
ZNF282				1.0	
RP11-875O11.3				3.0	
TNFRSF10C		3.0	2.0	3.0	1.0
TNFRSF10D				2.0	
RP11-875O11.2				3.0	
RP11-33I11.2				2.0	
RNU4-25P				3.0	
RP11-39K24.2				2.0	
AL161450.1		1.0		2.0	1.0
PDCD1LG2				2.0	2.0
RP11-574F11.3				2.0	
KIAA1432		2.0	2.0	2.0	
AK4P4		1.0	1.0	2.0	
ERMP1		2.0	2.0	2.0	
KIAA2026		1.0	1.0	2.0	
MIR4665				1.0	
RANBP6		1.0		1.0	
RP11-218I7.2		1.0	1.0	1.0	9.0
RP11-575C20.1		1.0	1.0	1.0	6.0
TPD52L3		1.0	1.0	1.0	
UHRF2				1.0	1.0
RP11-307L3.4				1.0	
RN7SL25P				1.0	
RP11-472F14.4				1.0	
NFIL3				1.0	
RNU6-432P				1.0	
TNFSF8		1.0	1.0	1.0	6.0
RP11-413M3.4				1.0	
RP11-629G13.1				1.0	
RNU7-187P				1.0	
AC018880.2		1.0		1.0	
RPL6P5		1.0	1.0	1.0	1.0
FCF1P5				1.0	
REV3L-IT1				1.0	
BRD7P4				1.0	
EPHX2				1.0	
TMEM81				4.0	
RP11-536L3.4				5.0	
RP11-383G10.1		3.0	1.0	4.0	
RP11-384C4.6				2.0	
RP11-384C4.3				1.0	
RP11-384C4.7				1.0	
PPP2R5A		1.0		2.0	2.0
SNORA16B				1.0	
RP11-384C4.2				1.0	
TMEM206		1.0		2.0	
MIR1537				1.0	
RNU5E-2P				1.0	
LYST		2.0		2.0	
RP11-800A3.2				3.0	
RP11-800A3.4				2.0	
OR8R1P				2.0	
P2RY6				3.0	
RP11-932A10.1				1.0	
NAA30		1.0		1.0	
PRAM1		1.0		2.0	
ZNF414				3.0	
PSMD8				1.0	
AC005789.9				1.0	
AC005789.11				1.0	
CATSPERG				1.0	
SPRED3				1.0	
FAM98C				1.0	
RASGRP4		1.0		1.0	
RYR1				1.0	
CXCR6		1.0		2.0	
CCR9				1.0	
LZTFL1				1.0	1.0
FYCO1		3.0	1.0	3.0	
CCR1				2.0	
TECRP1				2.0	
RP11-397E7.4				3.0	
RP11-434D11.1				1.0	
RNU6-752P				1.0	
LMNB1				1.0	
RP11-434D11.4		1.0		1.0	
RP5-991C6.2		1.0		5.0	
FAM46A		5.0	2.0	5.0	2.0
RP5-991C6.4				5.0	
RN7SL642P				1.0	
GS1-24F4.2		2.0	1.0	2.0	
DEFB1				2.0	
XKR5				2.0	2.0
GS1-24F4.3				2.0	
DEFA4		1.0	1.0	2.0	
DEFA8P				2.0	
DEFA9P				2.0	
DEFA10P		1.0		2.0	
DEFA1				2.0	
DEFT1P				2.0	
DEFA3		1.0	1.0	2.0	
DEFA6				2.0	
DEFA1B		1.0	1.0	2.0	
DEFT1P2				2.0	
DEFA11P		1.0		2.0	
DEFA7P		2.0	1.0	2.0	
DEFA5		1.0	1.0	2.0	
AF238378.7		1.0	1.0	2.0	
BAK1P1				1.0	1.0
NANOGP3				1.0	
AL591034.1		1.0	1.0	1.0	
RP1-27K12.4				1.0	
GCLC				1.0	
SNORD65				1.0	
RP11-141A19.2		2.0		2.0	
ZNF859P				2.0	
RP11-159H22.2				3.0	
RP11-159H22.1		1.0	1.0	3.0	
RP11-57A19.2				2.0	1.0
RP11-435I10.5		2.0		3.0	
NPIPB6		2.0		3.0	
EIF3CL		1.0		3.0	
SULT1A2		1.0		5.0	
SULT1A1		4.0	1.0	4.0	
NPIPB8		1.0		4.0	
CCDC101				6.0	
CD19				2.0	1.0
NFATC2IP				2.0	
RP11-28G8.1				2.0	
RPTOR		2.0		2.0	
CADM2-AS2				1.0	
RP1-224A6.9				2.0	
CTBP2P8				2.0	
MIR1262				2.0	
RPS7P4		1.0	1.0	2.0	
WLS		2.0	2.0	2.0	
RP4-671G15.2				4.0	1.0
CTTNBP2NL				3.0	3.0
ST7L		3.0	1.0	5.0	1.0
RP11-177F11.1				2.0	
AL646016.1				2.0	
RP11-14C22.6		2.0	2.0	2.0	1.0
SVILP1				2.0	
RP11-556E13.1		2.0	2.0	2.0	1.0
LRP4-AS1				3.0	
CKAP5				3.0	2.0
RP11-390K5.3				3.0	
RP11-390K5.6				3.0	
RP11-390K5.1				4.0	
RN7SL772P		1.0		6.0	
RP11-17G12.2				6.0	
PACSIN3		1.0		5.0	
ARFGAP2				3.0	
snosnR66				1.0	
RP11-65M17.1		1.0		2.0	
RP11-65M17.3		2.0	2.0	2.0	
ACA59				2.0	2.0
RP11-654D12.1				2.0	
RP11-654D12.2		2.0	2.0	2.0	7.0
RP11-567C2.1		2.0	2.0	2.0	
FABP3P2		5.0	4.0	4.0	4.0
RPL7L1P12				2.0	
AC015884.1				2.0	
MIR3183				2.0	
TIMM22				2.0	
ABR		2.0	2.0	2.0	
RP11-209M4.1		2.0	2.0	3.0	6.0
SOST		1.0	1.0	3.0	
CTC-501O10.1				2.0	4.0
DUSP3				3.0	
G6PC3				2.0	
AP001010.1				2.0	
RN7SL362P				2.0	
RNMT		1.0	1.0	2.0	
WDR88		1.0	1.0	2.0	
AC013480.2		3.0	1.0	4.0	1.0
PKDCC		3.0	2.0	5.0	1.0
AC093110.3				3.0	
RP11-19E11.1		1.0	1.0	2.0	2.0
EN1		2.0	2.0	2.0	
AC007358.1		2.0	2.0	2.0	2.0
RP5-1099D15.1				2.0	
RP11-103J8.2		2.0	2.0	3.0	
C20orf187				3.0	
AF064858.7		2.0	2.0	2.0	2.0
AF064858.11				2.0	
AF064858.6				2.0	1.0
AF064858.8				2.0	
AC000067.1		3.0	3.0	3.0	
GP1BB		2.0	1.0	4.0	
SEPT5		4.0	3.0	4.0	
CTA-747E2.10				3.0	
KLF3P2				1.0	
RP11-6F2.3				1.0	
RN7SKP177				1.0	
RP11-460I19.2				2.0	
TMEM175				1.0	
DGKQ				2.0	
SLC26A1				2.0	
RNF212		1.0	1.0	2.0	
HSP90AB3P		3.0	1.0	3.0	2.0
RP1-244F24.1				4.0	
RNU6-813P				3.0	
FAM188B				2.0	
INMT-FAM188B				2.0	
NME8				3.0	2.0
C7orf76				2.0	1.0
SHFM1		3.0	3.0	3.0	3.0
RNA5SP240				2.0	
ING3		2.0	2.0	2.0	1.0
CPED1		3.0	2.0	3.0	2.0
HMGN1P18				1.0	
RNA5SP241				2.0	
RNU6-517P				2.0	
RP11-3L10.1		1.0	1.0	2.0	
RP11-3L10.2		2.0	2.0	2.0	1.0
RP11-3L10.3		2.0	2.0	2.0	1.0
RNU6-682P				2.0	
RP1-140A9.1				1.0	
CALML6				1.0	
TMEM52				1.0	
C1orf222				1.0	
RP11-34A14.3		1.0		1.0	
R3HCC1L				1.0	
RP11-282M16.1		1.0		1.0	1.0
KCTD15		1.0		1.0	
CHST8				1.0	
MARS2				1.0	
AC011997.1				1.0	
AC005237.2				1.0	
MTERFD2		1.0		1.0	
AC005237.4				1.0	
PPP1R7				1.0	
TMEM110				2.0	1.0
RP11-72H11.1		1.0		1.0	
SNORD63				2.0	
TFAP2D				2.0	
FTLP15				2.0	
TTC4P1				2.0	
AC073115.7		2.0		2.0	3.0
RGS16		1.0	1.0	1.0	
RP11-317P15.4				1.0	
RP11-317P15.5				1.0	
RNASEL				1.0	
RGS8				1.0	
RGSL1				1.0	
LRRTM4		1.0		1.0	
HCRTR2		2.0	1.0	3.0	
RP11-472I20.1				1.0	
FARP1-AS1				1.0	
FARP1				1.0	
STK24		1.0		1.0	
CTD-2329C7.2				1.0	
LIN7C				3.0	2.0
RP11-435I10.3				3.0	
AC007422.1				1.0	1.0
AC010987.5		2.0		2.0	3.0
RASA2-IT1				2.0	
NLGN1		1.0		1.0	
ZMIZ2		3.0		3.0	
OGDH		1.0	2.0	4.0	1.0
GTF2IRD2B				1.0	
WBSCR16		1.0		1.0	4.0
CTD-3023L14.1				5.0	
CTD-3023L14.2				5.0	
ACTRT2		1.0		2.0	
RP11-185B14.1				2.0	
ENO1-IT1				2.0	
ENO1-AS1				2.0	
RNU6-304P				2.0	
HMGN2P17				2.0	
RP3-477M7.5				1.0	
ENO1		2.0		2.0	
PLOD1				1.0	
SRRM1		1.0		2.0	
RP11-492M19.3				1.0	
RP4-785J1.1		1.0		1.0	
RP5-968P14.2				2.0	
RP1-50O24.6				2.0	
NR0B2				2.0	
GPN2				2.0	
C1orf172		1.0	2.0	2.0	
NUDC		1.0		2.0	
AL109927.1				1.0	
THEMIS2				1.0	
PPP1R8				1.0	
RPA2		1.0		1.0	
SMPDL3B				1.0	
RP11-460I13.2				1.0	
RP1-92O14.3				1.0	
ELOVL1		1.0		1.0	
MED8				1.0	
RP1-92O14.6				1.0	
MPL				1.0	
CDC20				1.0	
MUTYH				2.0	
TOE1				2.0	
RP11-291L19.1				1.0	
TMA16P2				2.0	
RP4-533D7.3				2.0	
RP4-533D7.5				2.0	
RP11-322N21.2				2.0	
MRPL53P1				2.0	
RNU7-70P				2.0	
PRPF3		2.0	1.0	4.0	
RP11-284F21.8				1.0	
RP11-98G7.1				1.0	
IQGAP3				1.0	
SH2D2A		1.0		1.0	
INSRR				2.0	
YBX1P9				1.0	
LIN9				1.0	
OR2B11		2.0	1.0	6.0	
NLRP3		6.0	3.0	6.0	
OR2W5				6.0	
AL672294.1				2.0	
RNU6-1205P				2.0	
AL672183.2				2.0	
ZNF672				2.0	
ZNF692				2.0	
PGBD2		2.0	1.0	2.0	
RSU1		2.0		2.0	
RNU2-24P				1.0	
RNU7-12P				1.0	
AL160291.1				1.0	
YME1L1				1.0	
MASTL		1.0		1.0	
ACBD5				1.0	
RP11-436D10.3				1.0	7.0
ADO		1.0		1.0	
HELLS		2.0		2.0	
RP11-119K6.6		1.0		2.0	
RNU6-447P				2.0	
AKIP1				3.0	
EXPH5				1.0	
AP000908.1				5.0	
AP002956.1				1.0	
PDZD3				1.0	
ABCG4		1.0		1.0	
NLRX1				1.0	
CCDC153				1.0	
CBL		1.0		1.0	
RNU6-262P				1.0	
MCAM		1.0		1.0	
ACA64				2.0	
RNF26				1.0	
RP11-334E6.10				1.0	
MFRP		1.0		1.0	
C1QTNF5		1.0		1.0	
USP2				1.0	1.0
RP11-334E6.3				1.0	
USP2-AS1				1.0	
POU2F3				1.0	1.0
RP5-1154L15.2				5.0	
RNU7-103P				5.0	
RP5-1154L15.1				5.0	
RP11-218M22.1		1.0	1.0	4.0	1.0
RP11-218M22.2		1.0		4.0	
RP3-454B23.1		2.0	1.0	2.0	
TNFRSF1A		3.0		4.0	
PLEKHG6		1.0	1.0	4.0	
TAPBPL				1.0	1.0
KLRK1				5.0	
AC004466.1				3.0	
RP5-1057I20.2				3.0	2.0
RAPGEF3		1.0		3.0	4.0
ANKRD33				1.0	1.0
RP11-1100L3.4				1.0	
ACVRL1		1.0		1.0	
ACVR1B				1.0	
RP11-834C11.7				3.0	
RP11-834C11.3		2.0		3.0	3.0
RP11-834C11.6		1.0		2.0	2.0
RP11-834C11.5		2.0		2.0	1.0
RP11-834C11.4				2.0	
RNU6-950P				3.0	
MIR148B				3.0	
RN7SL744P				3.0	
GPR84				3.0	
ZNF385A		1.0		3.0	
RP11-753H16.3		1.0		3.0	1.0
RP11-753H16.5		1.0		3.0	
RNU6-595P				1.0	
USP15		1.0		1.0	
RN7SL737P		1.0		2.0	
RP11-356O22.4		2.0		2.0	
MRPL42				2.0	
RP11-423G4.7				2.0	
RNU6-361P				1.0	
DAO		1.0	1.0	2.0	
SVOP		1.0		2.0	
AC190387.1				1.0	
USP30-AS1		1.0		1.0	
RNA5SP372				1.0	
USP30		1.0		1.0	
ALKBH2				1.0	
RP11-968O1.5				1.0	
ACACB				1.0	2.0
RP1-46F2.3				2.0	
MORN3		2.0	1.0	2.0	
RP11-347I19.8				2.0	
AC084018.1				2.0	
SETD1B		2.0	1.0	2.0	
RP11-7M8.2				2.0	
HPD		1.0		2.0	
RNU7-170P		1.0		2.0	
PSMD9		2.0	1.0	2.0	
RP11-87C12.2		2.0		2.0	
WDR66		2.0	1.0	2.0	
RP11-87C12.5				3.0	
BCL7A		2.0	1.0	3.0	
AC156455.1		2.0	2.0	3.0	
MLXIP		1.0	1.0	3.0	
OGFOD2				3.0	
RP11-197N18.2				3.0	
ARL6IP4				3.0	
MIR4304				3.0	
RN7SL133P				2.0	
RPL35AP31				2.0	
ABCC4		1.0		1.0	
PTBP1P				1.0	
MIR4708		1.0		1.0	
CTD-2509G16.5				1.0	
RPL21P9				1.0	
RP11-1012A1.10				1.0	
RN7SL213P				1.0	
RP11-1012A1.7				1.0	
RDH12				1.0	
ZFYVE26		1.0		1.0	
RN7SL348P				2.0	
ANKDD1A		1.0		2.0	
AC069368.3		2.0	1.0	2.0	
MIR3680-2				1.0	
SLC7A5P1				1.0	
RP11-368N21.1				1.0	
SPN		1.0		1.0	
RP11-345J4.8				1.0	
CA5AP1		1.0		1.0	
QPRT				1.0	
snoU109		1.0		2.0	
RP11-615I2.2				2.0	
RP11-615I2.3				1.0	
RP11-252K23.1				1.0	
RP11-252K23.2				3.0	1.0
RP11-680G10.1		2.0		2.0	
AC099684.1				3.0	
CTD-2545H1.1				3.0	
CHRNE				2.0	
C17orf107				2.0	
MINK1		2.0		3.0	
CTC-421K24.1				1.0	
DUSP14		1.0		2.0	
TADA2A		1.0		2.0	
SYNRG		1.0		2.0	
MIR142		2.0	1.0	2.0	
MIR4736				2.0	
BZRAP1				2.0	
BZRAP1-AS1		2.0	1.0	2.0	9.0
CTD-2006K23.2				5.0	
MIR3615				5.0	
RAB37		5.0	1.0	5.0	
CD300LF		5.0	1.0	5.0	
SLC9A3R1				5.0	
RP11-456K23.1		1.0		2.0	1.0
DOK6		1.0	1.0	3.0	
DOHH				2.0	
RN7SL866P				2.0	
SBSN		2.0	1.0	2.0	1.0
AD000090.2				2.0	
TMEM147		1.0	1.0	2.0	
KRTDAP				2.0	
DMKN				2.0	
ATP4A				2.0	1.0
CTB-186G2.4				2.0	
hsa-mir-125a		1.0		3.0	
MIR99B				3.0	
MIRLET7E				3.0	
MIR125A				3.0	
AC018755.2				3.0	
LINC00085				3.0	
LENG1				2.0	
TSEN34				2.0	
CTD-3093M3.1		1.0	1.0	2.0	
AC012314.20				2.0	
PRPF31				2.0	
AC012314.8				2.0	
TMC4		1.0		2.0	
MBOAT7		1.0	1.0	2.0	
CNOT3				2.0	
RP11-333O1.1				2.0	
MIR3125				2.0	
TRIB2		2.0		2.0	
RNA5SP90				2.0	
CAPN14		1.0		2.0	
EHD3		2.0	1.0	2.0	
ARHGAP25		1.0		1.0	
AC008277.1				1.0	
DOCK10		3.0	1.0	3.0	
RP4-576H24.5				2.0	
SIRPG				2.0	
RP11-77C3.3				2.0	
RP4-576H24.4		2.0	1.0	2.0	
SIRPB1		2.0	1.0	2.0	
RN7SL561P				2.0	
RP4-673D20.1		2.0	1.0	2.0	
RP4-673D20.5				2.0	
RP4-673D20.4				2.0	
RP5-968J1.1		2.0	1.0	2.0	
AL441988.1		1.0		1.0	
MLLT10P1				1.0	
FRG1B		1.0		1.0	
DEFB116				2.0	
RPL31P3				2.0	
HAUS6P2		1.0		1.0	
RNA5SP480				1.0	
DEFB117				1.0	
DEFB118				1.0	
DEFB119				1.0	
HM13-AS1				3.0	
RNU6-384P		1.0		3.0	
RPL39P				1.0	
AL121914.1				1.0	
AURKA				1.0	
CSTF1				1.0	
CASS4		1.0		1.0	
TUBB1		2.0	1.0	2.0	
SLMO2				2.0	3.0
NELFCD		1.0		2.0	3.0
ATP5E				2.0	
SNRPGP13				1.0	
MIR4761				3.0	
MIR185				1.0	
COMT				3.0	
ARVCF		3.0		3.0	
TANGO2				3.0	
TXNRD2				3.0	1.0
GATSL3				2.0	1.0
RP1-130H16.18				2.0	1.0
XX-C283C717.1				1.0	
AC099535.1				2.0	
NEK10		1.0		2.0	3.0
ARHGEF3-AS1		2.0	1.0	2.0	
ABCC5-AS1				2.0	
EEF1A1P8		1.0	1.0	2.0	
HTR3D		1.0		2.0	1.0
HTR3C				2.0	
ABCC5		1.0		2.0	
RP11-778D9.9				2.0	
HTR3E-AS1				1.0	
HTR3E				1.0	
HSP90AA5P		1.0		1.0	
RP11-778D9.13				1.0	
RP11-778D9.12				1.0	
RP11-778D9.4				1.0	
DVL3				1.0	
AP2M1				1.0	
ABCF3		1.0		1.0	
POLR2H		1.0		1.0	
THPO		1.0		1.0	
CHRD		1.0		1.0	
RP11-433C9.2				1.0	
CCDC96		1.0	1.0	3.0	
RP11-367J11.2		3.0	2.0	3.0	
TADA2B		2.0	1.0	3.0	
GRPEL1				3.0	
RP11-548H18.2				1.0	
RP11-33B1.4				1.0	
RNU6-1217P		1.0		1.0	
RP11-33B1.2				1.0	
RP11-33B1.3				1.0	
RP11-33B1.1				2.0	2.0
RP11-752L20.5				1.0	11.0
AC097455.1				1.0	
FAM160A1		1.0		1.0	
RP11-154F14.2				2.0	
AC010376.1		1.0		1.0	
CTD-2236F14.1				2.0	
F2RL2		1.0	1.0	2.0	
RN7SKP57				1.0	
AC093267.1				1.0	
CTB-36H16.2				2.0	
SNX2		1.0		2.0	
RN7SL689P				1.0	
RN7SL711P		1.0		1.0	
AC106786.1				2.0	
PPIC				1.0	
RP11-359P5.1				1.0	
CTB-127C13.1				2.0	
FABP6		2.0	1.0	2.0	
NHP2				2.0	
RP11-889L3.4				2.0	
GMCL1P1		2.0	1.0	2.0	
RMND5B				2.0	
HNRNPAB				2.0	
PHYKPL				2.0	
RP5-1086L22.1				2.0	
RP5-894D12.5				2.0	
RP5-894D12.3		2.0	1.0	2.0	
DLL1				2.0	
RP5-894D12.4				2.0	
MIR1302-6				1.0	
AC091697.1				1.0	
AC004854.5		1.0		3.0	
RP4-647J21.1				3.0	1.0
RP4-673M15.1		1.0		1.0	1.0
MYO1G		2.0	1.0	3.0	
SNHG15				3.0	
GJC3				1.0	
RP4-604G5.1				2.0	
TRIM4				1.0	
MEPCE				2.0	
RP11-758P17.2				2.0	
PPP1R35				2.0	
RP11-758P17.3				2.0	
C7orf61				2.0	
RNU6-1010P				2.0	
RP11-751K21.1				3.0	
AC093107.7		2.0	1.0	3.0	
RNU6-1154P				3.0	
RP11-644N4.1				3.0	
C7orf73		1.0		3.0	
SLC13A4		1.0		3.0	
NUP205		1.0		3.0	
JHDM1D-AS1		1.0		1.0	
RNU6-797P				1.0	
RP11-582J16.4				1.0	
RP11-582J16.3				2.0	
PPP3CC				1.0	
PDLIM2		1.0		2.0	
SORBS3				2.0	
C8orf4				1.0	
RP11-470M17.2		1.0		1.0	
RP11-359E19.2				1.0	
RP11-550A5.2				2.0	
NSMCE2		2.0	1.0	2.0	
RP11-10J21.4				3.0	
RP11-10J21.3				3.0	
RP11-10J21.6		1.0		2.0	
CTD-3064M3.1				3.0	
SLC45A4		3.0		3.0	
RP11-10J21.5		1.0		2.0	
EPPK1				3.0	
SLC1A1				1.0	
HNRNPA1P41		1.0		1.0	
AL158147.1		1.0		1.0	3.0
RP11-39K24.9				1.0	
MTND6P5				1.0	
MTND1P11				1.0	
RP11-39K24.4				1.0	
RP11-39K24.14				1.0	
RP11-39K24.12				1.0	
RP11-39K24.13				1.0	
MTND4P14				1.0	
MTND5P14				1.0	
IGHEP2				1.0	
RP11-39K24.7				1.0	
RP11-172F4.2				3.0	
ZNF367		3.0	1.0	3.0	
C9orf156				2.0	8.0
GPR144				1.0	3.0
RNU6-1141P				1.0	
RN7SKP37				1.0	
MIR670				1.0	
AC023085.1				1.0	
NCAPG				1.0	
CTB-35F21.2				1.0	
RP11-17E13.2				1.0	
TYW3				1.0	
CPN1				1.0	
LINC00263				3.0	
RP11-612B6.1				2.0	
RP11-283G6.5		2.0	1.0	2.0	4.0
RP11-283G6.4		2.0	1.0	2.0	4.0
RP11-513G19.1		1.0		2.0	
RP11-612B6.2				2.0	
ST13P4				1.0	
RPL34P26				2.0	
AL138696.1				2.0	
RPS3AP46				1.0	
AL163953.2				1.0	
AL163953.3		1.0		2.0	
BOLA2B				1.0	
SLX1A				1.0	
CORO1A				1.0	
RP11-455F5.5				1.0	
SLX1A-SULT1A3				1.0	
SULT1A3				1.0	
RP11-314O13.1		1.0		1.0	
RP11-1055B8.3				1.0	
RP11-1055B8.4				1.0	
RP11-1055B8.2		1.0		1.0	
TMEM105				1.0	
AC080002.1		1.0		1.0	2.0
FAM109B				1.0	
SMDT1				1.0	
RP1-257I20.14				1.0	
OLA1P1				2.0	
CYP2D6		1.0		2.0	
RP4-669P10.19				2.0	
CYP2D7P1		1.0		2.0	
NDUFA6				1.0	
NDUFA6-AS1		1.0		2.0	
RP4-669P10.16				2.0	
CYP2D8P1				2.0	
TCF20				2.0	
C3orf65				2.0	
CTB-51E13.1				1.0	
FBXO8		1.0		1.0	
CEP44				1.0	
RP11-148L24.1				1.0	
RP11-317O24.3				1.0	
RP11-317O24.2		1.0		1.0	
CTD-2089N3.1				1.0	
CTD-2089N3.2				1.0	
CTD-2089N3.3				1.0	
RP4-625H18.2				1.0	1.0
ID4		1.0		1.0	
RP1-167F1.2		1.0		1.0	5.0
NPM1P36		1.0		1.0	
RP11-132M7.2				1.0	
RP11-132M7.3				1.0	
HOXA1				1.0	1.0
HOXA4				2.0	
HOXA-AS2				2.0	2.0
RPL35P4				1.0	3.0
HNRNPA1P73				1.0	4.0
AC004009.3		1.0		1.0	4.0
EIF4HP1		1.0		1.0	1.0
PSMC1P2				1.0	
RP11-463D19.1		1.0		1.0	
RP11-463D19.2		1.0		1.0	
RP11-406O23.2				1.0	
AKAP2		2.0	1.0	2.0	3.0
RP11-284G10.1		1.0		1.0	3.0
RP11-710F7.2				2.0	
RP11-361D14.2		2.0		2.0	
RP11-195M16.3				2.0	
RP11-195M16.1				2.0	
SNORA26		1.0		3.0	1.0
BGLAP				1.0	
PAQR6				1.0	
PMF1		1.0		1.0	1.0
TMEM79				1.0	
SMG5				1.0	
RP11-312P12.3				1.0	
POLR3DP1				1.0	
RP11-464O2.2				3.0	
COX7CP1				1.0	
OGFOD1P1				1.0	
MLNR				1.0	
FNDC3A		1.0	1.0	1.0	
NPM1P42		1.0	1.0	1.0	1.0
AC009166.5				2.0	
RP11-454F8.2				1.0	
RNA5SP427		1.0		1.0	
RP11-44F14.4				1.0	
RP11-44F14.1				1.0	
RP11-44F14.8				1.0	
RP11-44F14.2				1.0	
AC009159.1				2.0	
RP11-345M22.2		3.0	2.0	4.0	5.0
RP11-345M22.1		4.0	2.0	4.0	10.0
CTD-2377D24.4				1.0	1.0
RN7SL125P				1.0	
TTLL6		1.0	1.0	1.0	3.0
CTD-2244F11.2				1.0	1.0
MIR21				4.0	
RNU6-450P				4.0	
RN7SL789P				1.0	
CTC-244M17.1				2.0	
WDR87				2.0	
AC079354.3				2.0	
AC079354.1		2.0	2.0	2.0	2.0
RN7SL753P				2.0	
AC064836.3				2.0	
RP11-686O6.1				2.0	
RN7SL40P		1.0	1.0	2.0	
RP11-686O6.2		1.0	1.0	2.0	
CYB5P4		1.0		1.0	
RP11-189G24.2		1.0		1.0	
RP4-753D10.5		1.0	1.0	1.0	
SSTR4				1.0	
THBD		1.0	1.0	1.0	
RP4-753D10.3				1.0	
RP5-1100I6.1		1.0	1.0	1.0	
RP5-1100I6.2		1.0		1.0	
RNU1-23P				1.0	
RP4-564O4.1		1.0		1.0	1.0
GAPDHP53		1.0		1.0	
RP11-526K17.2				1.0	
SYNDIG1				1.0	
RP5-860P4.2		1.0		1.0	
RNU6-1257P				1.0	
CST7		1.0		1.0	
APMAP				1.0	
VSX1				1.0	
ACSS1		1.0	1.0	1.0	
FAM182A				1.0	
RP4-610C12.2				1.0	
DKKL1P1				1.0	
RP5-854E16.2		1.0		1.0	
RNU1-94P				1.0	
TTLL9		1.0		4.0	
LRRC37A15P				1.0	
KRT8P46				1.0	
RP11-10L12.1				1.0	
RP11-10L12.2				1.0	
RP11-364L4.3		1.0	1.0	1.0	
CTA-363E19.2				2.0	
CTA-360L10.1				2.0	
PRKAR2B		1.0		2.0	
HBP1		1.0	1.0	2.0	
CTB-20D2.1				2.0	
SNORD9				1.0	
DDX42				1.0	
SNORD75				1.0	
AC025750.6				1.0	
AC025750.5				1.0	
KCNG3		1.0		1.0	2.0
AC005592.2		1.0		1.0	
HSPA8P15				2.0	5.0
ZBTB2				1.0	
C6orf211		1.0	1.0	2.0	
NOV				2.0	1.0
RP11-775B15.3				1.0	
RP11-775B15.2		1.0		2.0	1.0
RN7SKP153				1.0	
RANP3				1.0	
RP11-233G1.4				1.0	
MGP		1.0		1.0	
ART4				1.0	
ERP27				1.0	
CTB-58E17.9				2.0	
MIR4726				2.0	
CCDC103				1.0	
FAM187A				1.0	
AC015936.3				1.0	
CTD-2534I21.8				1.0	
CTD-2534I21.9				1.0	
EFTUD2				1.0	
KIF18B		1.0		1.0	
GFAP				1.0	1.0
AC017084.1				1.0	
TGFA-IT1				1.0	
AC110620.1				1.0	
MIR5590				1.0	
AC016725.4		1.0		1.0	3.0
ACMSD		1.0		1.0	
COX5BP8				1.0	
RP11-345I18.6				1.0	
RP11-499O7.7				1.0	
RP11-499O7.4				1.0	
AKR1C2		1.0		1.0	
AKR1C1		1.0		1.0	1.0
RN7SL766P				2.0	
FGF9		2.0	1.0	2.0	3.0
RP11-521C20.3				3.0	
RP11-521C20.1				2.0	
RP11-521C20.2		1.0		4.0	
RN7SL551P				1.0	
RP11-669I1.1				1.0	
C18orf63				1.0	
CYB5A		1.0		1.0	
AL121652.1				1.0	
DPY30		1.0		1.0	1.0
MIR4765				1.0	
BIRC6		1.0		2.0	1.0
RP11-813N20.3				1.0	
ASF1A		1.0	1.0	2.0	
MCM9		2.0	1.0	2.0	
TECPR1				1.0	
MYH16		1.0		1.0	
AC005020.1				2.0	
ZKSCAN5				2.0	
FAM200A		1.0		2.0	
ZNF655				2.0	
GS1-259H13.10		1.0	1.0	2.0	
ZNF789				1.0	
ZNF394				1.0	
RP11-63A2.2				1.0	
C10orf107		1.0		1.0	4.0
PPP1R32				1.0	
RP11-286N22.10				1.0	
MIR4488				1.0	
RP11-794G24.1				1.0	
RP11-286N22.8				1.0	
RP11-405A12.2				1.0	1.0
RP11-664H17.1		1.0		1.0	2.0
SMARCD1				1.0	
COX14				2.0	1.0
ASIC1				1.0	
LINC00936				1.0	2.0
RNA5SP365				1.0	
ULK3				3.0	
RP11-414J4.2		1.0		4.0	1.0
CPLX3				3.0	
SCAMP2		1.0	1.0	2.0	
RP11-160C18.4				2.0	
RN7SL363P				2.0	3.0
AC068831.15				4.0	
HDDC3				4.0	
AC068831.3				4.0	
UNC45A				4.0	
SWSAP1				2.0	
EPOR				2.0	
CTD-2342J14.6				1.0	1.0
CCDC151		1.0	1.0	2.0	
AC015977.6				1.0	3.0
AC015977.5				1.0	3.0
RN7SL267P				1.0	
RP1-278O22.1				2.0	
RP1-278O22.2		2.0	1.0	2.0	
MRPS16P2		1.0	1.0	2.0	7.0
RPL36P20				1.0	
RP11-626A1.1		1.0		1.0	
TRAK1				1.0	
PRDM8				1.0	2.0
SALL4P7				1.0	
RP11-1042B17.4				1.0	
RP11-1042B17.3		1.0		1.0	
C14orf39				1.0	1.0
AC009065.2				1.0	
MIR940		1.0		1.0	
ZFP64				1.0	
MIR3668		1.0		1.0	1.0
RP11-648O15.1				2.0	
RP11-73E17.3				1.0	
IGBP1P1				1.0	
RP11-85K15.2		1.0		1.0	2.0
SRP54				1.0	
MIR4526				2.0	
RP11-701H16.4				2.0	
LDLRAD4				2.0	
RPL23AP46		2.0	2.0	2.0	1.0
AC004458.1				2.0	1.0
RP11-375N15.2		6.0	4.0	8.0	1.0
RPL19P13				8.0	
CTC-493P15.2				7.0	
MTMR9		3.0	1.0	7.0	
AF131216.5				8.0	
RN7SL293P				7.0	
RNU6-1084P				7.0	
TDH				8.0	
RP11-168F9.2				1.0	
MIR551A				1.0	
MEGF6		1.0		1.0	
THAP3				1.0	
DNAJC11				1.0	
RP11-776H12.1		1.0		1.0	
RP11-436K8.1				1.0	
RP11-91I11.1		1.0		1.0	1.0
HSP90B3P				1.0	
RN7SL235P		1.0	1.0	2.0	
RP4-621B10.8				2.0	
RP4-775D17.1		2.0	1.0	2.0	
KIAA1107				2.0	
RN7SL824P				2.0	
GFI1		2.0		2.0	
SNORD21				3.0	
SNORA66				3.0	
RPL5		1.0		3.0	
FAM69A		2.0	1.0	3.0	
GS1-174L6.4				1.0	
HMCN1		1.0		1.0	
RP11-224O19.4				2.0	
RP11-224O19.5				2.0	
RP11-224O19.2				2.0	
AC096643.1				2.0	1.0
CHRM3-AS2				1.0	
CHRM3		1.0		1.0	
RP13-463N16.6				1.0	1.0
RP11-336A10.4		1.0		1.0	
RP11-336A10.7				1.0	
RN7SL445P				1.0	
RP11-336A10.5				1.0	
ASB13				1.0	
NUDT5				2.0	
RP11-137H2.6				1.0	1.0
TSPAN14		1.0		1.0	1.0
FAM213A				1.0	
RP11-413N13.1		1.0		1.0	2.0
CTC-497E21.5				1.0	1.0
RP11-800A3.7				1.0	
AP002761.1				1.0	
MIR196A2				2.0	
HOXC-AS1		1.0		2.0	
HOXC8				2.0	
AC012531.25				2.0	
MIR615				2.0	
HOXC-AS3				2.0	2.0
RP11-834C11.14		1.0		2.0	4.0
RP11-834C11.12		2.0		2.0	5.0
HOXC9		1.0		2.0	
RP11-129B9.2				1.0	
RP11-129B9.1				1.0	
NTN4		1.0		1.0	
SNRPF				1.0	
RP11-536G4.2		1.0		1.0	
RP11-536G4.1				1.0	
AL162759.1		2.0		2.0	
RP11-353P15.1		1.0		1.0	
TCEB1P2				1.0	
TYRO3				1.0	
NDUFAF4P1				1.0	
MIR4716				1.0	
RP11-325E5.4				1.0	
RN7SL307P				1.0	
COPS2				2.0	
GALK2		2.0	1.0	2.0	4.0
RP11-353B9.1		1.0		1.0	7.0
RP11-592N21.1				2.0	
RP11-592N21.2				2.0	
AC108861.1				1.0	
RP11-797A18.4				2.0	
RP11-797A18.3		1.0		2.0	
RP11-797A18.6				2.0	
TSPAN3				2.0	2.0
RP11-109M19.1				1.0	
TEPP				1.0	
SNORA76				3.0	
RP11-77K12.1		2.0		3.0	8.0
RP11-459C13.1		1.0		1.0	2.0
RPL21P123				1.0	
RP11-82O19.2				3.0	
RP11-82O19.1				3.0	
AC104984.4				2.0	
RP11-1148O4.1				2.0	
MIR3184				4.0	
MIR423				4.0	
RP11-354P11.3				4.0	
RP11-354P11.8		1.0		4.0	
RP11-1148O4.2		1.0		4.0	
MIR4734				1.0	
CTB-58E17.1				1.0	
CTB-58E17.3				1.0	
RP11-464D20.2				1.0	
RP11-464D20.6				1.0	
TLK2		1.0		2.0	
RP11-674N23.4				2.0	
SOGA2		2.0		2.0	
TSHZ3		1.0		1.0	
AC007796.1				1.0	
AC074212.6				4.0	
DMPK				4.0	
AC011530.4				4.0	
SIX5				4.0	
AC074212.5				4.0	
RP11-734K21.2				1.0	
RP11-734K21.5				1.0	
RP11-734K21.4		1.0		1.0	
RP11-734K21.3				1.0	
AC113608.1				1.0	
KCNS3		2.0		2.0	
RNU6-766P				1.0	
AC074019.1		1.0		1.0	
AC114788.1		2.0		2.0	
RP11-648F7.1				1.0	
AC114788.2				2.0	
AP000318.1				2.0	
KCNE2				1.0	
AP000320.6				1.0	
SMIM11				1.0	
AP000320.7		2.0		2.0	11.0
AP000318.2		1.0		2.0	11.0
RNU6-225P				2.0	
XXbac-B562F10.11				2.0	
KLHL22-IT1				2.0	
RN7SL812P				2.0	
KRT18P5				2.0	
AC007731.1				2.0	
ZNF74				2.0	
SCARF2		2.0		2.0	
USP41				2.0	
KLHL22		2.0		2.0	
AC133141.1				1.0	
RPS12P5				1.0	
RP11-889D3.1				1.0	
CACNA2D3		1.0		1.0	
RP11-368I23.3				1.0	
RP11-368I23.4		1.0		1.0	
RP11-368I23.2				1.0	
RP11-152C17.1		1.0		2.0	
BTC		1.0		1.0	2.0
GSTCD		1.0		2.0	
RP11-45L9.1		1.0		1.0	
RFESD				1.0	
CTD-2154I11.2				1.0	
SPATA9		1.0		1.0	
CTD-2334D19.1		1.0		1.0	6.0
CTC-441N14.2				1.0	
ZNF474				1.0	
CTD-2283N19.1				2.0	
CTB-4E7.1				1.0	
NIPAL4				2.0	
AC106801.1				1.0	
RNU6-390P				1.0	
AC008694.2				1.0	
SOX30				1.0	
RASGEF1C		1.0		1.0	
BTF3P7				1.0	
MIR4282				2.0	
KNOP1P4				1.0	
KCNQ5		2.0		2.0	
RP11-249L21.4				2.0	
ARMC2-AS1				2.0	
RN7SKP77				1.0	
RP11-308N19.5		2.0		2.0	
RP11-308N19.4				1.0	
RP5-1160K1.6				1.0	
GNAT2				1.0	
AMPD2				1.0	
FAM24A				2.0	
CUZD1				1.0	2.0
FAM24B				1.0	2.0
C10orf88		2.0	1.0	2.0	
PSTK				2.0	
RP11-564D11.3				2.0	
IKZF5				2.0	
OR52U1P				3.0	
TRIM34				3.0	
TRIM22				3.0	
OR52P1P				3.0	
RP11-298P3.4				1.0	
RNU2-51P				1.0	
COX16				1.0	
SYNJ2BP-COX16		1.0	1.0	1.0	
SYNJ2BP		1.0	1.0	1.0	
RP11-417N10.3				1.0	2.0
RP11-328J14.2		2.0	2.0	2.0	
RNU6-385P				1.0	3.0
AC092289.1				1.0	
RNU7-90P				2.0	
RP5-991G20.1		2.0	2.0	2.0	4.0
KRT18P18				2.0	
RNU7-186P				2.0	
RP11-290H9.4				3.0	1.0
RN7SL669P				1.0	
CTC-398G3.6				1.0	
RFXANK				2.0	
NR2C2AP				2.0	7.0
MEF2BNB		1.0	1.0	2.0	
MEF2BNB-MEF2B		2.0	2.0	2.0	1.0
MEF2B		2.0	2.0	2.0	1.0
AC007041.1				1.0	
RNA5SP86				1.0	
SLC7A15P		1.0	1.0	1.0	2.0
AC012065.7		1.0	1.0	1.0	6.0
RP11-130L8.1				1.0	1.0
RN7SKP66				1.0	
AC007098.1				1.0	
RP11-511I11.2				1.0	
RP11-511I11.1				1.0	
DBIL5P2				1.0	
AC009404.2				1.0	
AC009312.1				1.0	
DDX18		1.0	1.0	1.0	
HTR5BP				1.0	1.0
AC079354.2				1.0	
SNORD70				1.0	
SNORD11B				1.0	
SNORD11				1.0	
SUMO1				1.0	
RP11-27M5.1				1.0	
AC073410.1				1.0	
AC098831.4				2.0	
RPL7P14				1.0	
SNORA1				3.0	
AC023271.1				1.0	
AC023271.2				1.0	
RN7SL670P				2.0	
MRPL50P2				1.0	
RP11-363J17.1				1.0	
ABI2				1.0	1.0
RAPH1		2.0	2.0	2.0	4.0
RP3-511B24.5				4.0	
RPL23AP81				4.0	
RP3-511B24.6				4.0	
AC104306.1				1.0	
AC104306.2				1.0	
DYNC1LI1				1.0	
CMTM7				1.0	1.0
CTD-2503O16.3				1.0	
CTD-2503O16.1				1.0	
HMGN2P4				2.0	
HAVCR2				2.0	
CTB-120L21.1				1.0	
RP1-249F5.3				1.0	
MAS1				1.0	
AGPAT4		1.0	1.0	1.0	
MAP3K4				1.0	1.0
RP11-52M17.1				1.0	
RP11-146N23.4				1.0	
DENND4C		1.0	1.0	1.0	
HAND1				1.0	
CTB-158E9.1		1.0		1.0	1.0
CTB-158E9.2				1.0	
SAP30L				1.0	
SAP30L-AS1				1.0	
RNU1-88P				1.0	3.0
LAP3P2				1.0	
RAB44				1.0	2.0
RP11-628K18.1				1.0	
AL031005.1				1.0	
PPP1R11P1		1.0	1.0	2.0	
RP11-293F5.8		2.0	2.0	2.0	1.0
RP11-293F5.1		1.0	1.0	2.0	
NBPF2P		1.0	1.0	2.0	
HS6ST1P1				2.0	
CROCCP5		1.0	1.0	2.0	
NBPF3		3.0	3.0	3.0	
PFN1P10				3.0	
RP11-63N8.3		1.0	1.0	2.0	
AL359815.1				2.0	
RP11-132G19.3				2.0	
OR10J5				2.0	
RP11-740C1.2				2.0	
OR10AE1P		2.0	2.0	2.0	
APCS		1.0	1.0	2.0	
OR10J6P		1.0	1.0	2.0	
LINC00709		3.0	3.0	2.0	9.0
FAM170B				2.0	
C10orf128				1.0	1.0
FAM170B-AS1		1.0	1.0	3.0	
GALNT18		1.0	1.0	1.0	
AP000769.7				3.0	
AP000769.8		1.0	1.0	2.0	
SCYL1		1.0	1.0	4.0	
AP000769.1		1.0		2.0	3.0
MALAT1				3.0	1.0
FGF23		1.0	1.0	1.0	1.0
FGF6		1.0	1.0	1.0	1.0
C12orf4		2.0	2.0	2.0	2.0
RAD51AP1				2.0	1.0
RP11-234B24.5				1.0	
DYRK4		1.0	1.0	1.0	2.0
RP11-500M8.7				1.0	
RP11-500M8.6				1.0	
AKAP3				1.0	
RP11-1060G2.1		2.0	1.0	2.0	
RP11-1060G2.2				2.0	
RP11-482D24.2				1.0	
RP11-482D24.3				1.0	
RFX4		1.0	1.0	1.0	
RP11-144F15.1		1.0	1.0	1.0	
EEF1B2P4				3.0	
RPL30P12		1.0		3.0	
C12orf23				3.0	
MTERFD3				3.0	
RP11-412D9.4		2.0	2.0	3.0	
CRY1				2.0	
ISCU				1.0	
RP11-689B22.2				1.0	
SART3				1.0	
GPR133		1.0	1.0	1.0	
RP11-638F5.1				1.0	
RP11-507J18.1		2.0	1.0	2.0	
RP11-108K3.1		3.0	2.0	3.0	8.0
RNU6-981P				3.0	
MED1		1.0		4.0	5.0
RP11-118B18.1		1.0	1.0	1.0	2.0
AC016732.2				1.0	
RN7SKP281				1.0	
AC068754.1				2.0	
HNRNPA1P23				2.0	
CSTA		1.0	1.0	2.0	
RP11-592P9.1				1.0	
PARP9		2.0	2.0	2.0	
RP11-299J3.8				1.0	
KPNA1		1.0	1.0	2.0	1.0
PARP15		1.0	1.0	2.0	
DTX3L		1.0	1.0	2.0	
IBSP		2.0	2.0	3.0	1.0
SEPHS2P1		1.0	1.0	1.0	
RP11-491H9.3				3.0	
ARG1		1.0		2.0	1.0
RNU4-18P				1.0	
MED23		1.0	1.0	2.0	
CTAGE9				1.0	
OR2A4				1.0	
RP5-988G15.1		1.0	1.0	1.0	
MIR548H5				1.0	
RP3-323K23.3				1.0	
RN7SKP245				1.0	
RP1-131F15.2				1.0	
RP11-69I8.2		1.0	1.0	1.0	
CTGF				1.0	
RP11-69I8.3				1.0	
RP11-394G3.2		1.0	1.0	1.0	
RP11-158I9.1		2.0	1.0	2.0	2.0
SETP16				2.0	
DDX6				3.0	
DEF6		1.0		4.0	1.0
AC002454.1		2.0	1.0	2.0	
AF178030.2				2.0	
CTD-2384B9.1				2.0	
LINC00942				2.0	
FBXL14				2.0	
ERC1		1.0		3.0	
WNT5B		2.0	2.0	2.0	
RP11-463O9.6				2.0	
CTD-2015G9.1				2.0	
RP11-58A18.1		2.0	2.0	2.0	6.0
CTD-2015G9.2				2.0	6.0
KRT18P61				2.0	
AC079005.1				2.0	
RP11-264B14.2				1.0	
AC005884.1				1.0	
RP11-264B14.1				1.0	1.0
RN7SL277P				1.0	
RPS14P3				1.0	
MINOS1-NBL1		1.0		1.0	2.0
RP5-1056L3.1		1.0		1.0	3.0
HTR6				1.0	
TMCO4				1.0	
RN7SL421P				2.0	
RN7SL386P				2.0	
RNU6-1022P				2.0	
RN7SL768P				2.0	
RN7SL186P				2.0	
RNU6-776P				2.0	
RP1-224A6.3		1.0		2.0	
LINC00339		1.0	1.0	2.0	5.0
CDC42-IT1				2.0	
RP1-224A6.8				2.0	
CELA3A				2.0	
MIR4418		1.0		2.0	4.0
HTR1D		1.0		1.0	
RP5-1057J7.1				1.0	1.0
CATSPER4				1.0	
RN7SL490P				2.0	
AIM1L		1.0	1.0	2.0	
AL136115.1				1.0	
RP4-534N18.2				1.0	
RP11-84A19.4				1.0	1.0
RNU6-510P				1.0	
FHL3		1.0		1.0	2.0
POU3F1				1.0	
UTP11L				1.0	
OXCT2P1				3.0	
RP11-399E6.2				1.0	
RP11-399E6.1		1.0		1.0	
RP11-334A14.8				1.0	
PODN				1.0	
RP11-334A14.5				1.0	
SLC1A7		1.0		1.0	1.0
RNU7-95P				1.0	
GLIS1		1.0		1.0	
SOD2P1				1.0	
RNA5SP56		2.0	1.0	1.0	2.0
RNU6-157P				3.0	
RP11-412H9.1		2.0		2.0	10.0
RP11-412H9.2				1.0	5.0
CTD-2090I13.3				1.0	
BTF3P9		1.0		1.0	
RP11-275O4.4		1.0		1.0	
TUBB8P10				1.0	
TUBB8P9				1.0	
CTD-2090I13.1				1.0	
RP11-275O4.3				1.0	
JMJD4				1.0	
SNAP47-AS1				1.0	
MIR5008				1.0	
WNT9A		1.0		1.0	
CICP26		1.0		1.0	2.0
RPL36AP55				1.0	
RNU4ATAC6P				2.0	
TPRKBP1				2.0	
RP11-330O11.3				1.0	
ZNF438		1.0		1.0	2.0
LINC00948				1.0	
RP11-153K11.3		1.0		1.0	
KRT19P4				1.0	
PBLD		1.0		1.0	
TMEM14D		1.0		1.0	
TPRX1P1				1.0	
AL133481.1				1.0	
RP11-342M3.2				1.0	
EIF5AL1				1.0	
RP11-342M3.1				1.0	
PCGF5		1.0		1.0	
RN7SL21P				2.0	
RP11-170J3.2				2.0	
RNU6-43P				1.0	
RP11-179H18.5				2.0	
RP11-179H18.7				2.0	1.0
MRPL23-AS1		1.0		1.0	
TNNT3				2.0	1.0
MRPL23		1.0		2.0	
LMO1		2.0		2.0	
RP11-504G3.4				1.0	
RP11-137N23.1				1.0	
SPTY2D1-AS1				1.0	1.0
SPTY2D1		1.0		1.0	
MTL5				1.0	
RP11-211G23.1				1.0	2.0
RN7SKP297		1.0		1.0	
AP001324.1				1.0	
SNORD43				1.0	
MIR4696				1.0	
AP002954.6				3.0	
RNU6-376P		1.0		3.0	
TREH				3.0	
AP002954.4		2.0	1.0	3.0	4.0
RP11-680F20.11				1.0	
RP11-680F20.4				1.0	
RP11-680F20.6		1.0		1.0	
RP11-680F20.12				1.0	
RP11-680F20.9				1.0	
DDX25				1.0	
RP11-680F20.5				1.0	
CDON				1.0	
RP5-951N9.2				1.0	
RP5-951N9.1				1.0	
RP11-664D1.1		1.0		1.0	1.0
MRPS18CP4				1.0	
RNU6-491P				1.0	
GNAI2P1		1.0		1.0	
RN7SL676P				1.0	
RP11-874G11.1				1.0	
RNU6-594P				1.0	
RN7SL312P				1.0	
DDIT3				1.0	
MIR616				1.0	
DCTN2				1.0	
RP11-571M6.18				2.0	
MIR26A2				2.0	
RP11-620J15.1				2.0	
CTDSP2				2.0	
RP11-620J15.2		2.0		2.0	2.0
AVIL				2.0	
RP11-58A17.4		1.0		1.0	1.0
RNA5SP362		1.0		1.0	1.0
RN7SL630P				1.0	
RP11-887P2.6				1.0	
LINC00485		3.0	2.0	1.0	4.0
RP11-231I16.1				1.0	
TESC		1.0	1.0	2.0	
FBXW8		1.0		2.0	
IL31				2.0	
B3GNT4		1.0		2.0	
DIABLO		1.0		2.0	
RP11-512M8.5		1.0		2.0	
VPS33A				2.0	
HIP1R		2.0	3.0	3.0	
RNA5SP28				1.0	
DLEU7-AS1		1.0		1.0	
MIR548AR				1.0	
RP11-524O1.4				1.0	
SUPT16H				1.0	
RP11-964E11.2				1.0	
RN7SL452P				4.0	
RP11-248J18.2				4.0	
ATL1				4.0	
RP11-390D11.2				1.0	
RNU2-65P				1.0	
AC022872.1				1.0	
RP11-24D15.1		1.0		1.0	7.0
CTD-2323K18.3				1.0	
CTD-2323K18.2				1.0	
CTD-2643K12.1				1.0	
CTD-2643K12.2				1.0	
CTD-2643K12.3		1.0		1.0	
CTD-3049M7.1		1.0		1.0	
PGPEP1L				1.0	
RP11-654A16.3		1.0		1.0	
RP11-424I19.1				1.0	
RP11-424I19.2		1.0		3.0	
LA16c-390E6.5				1.0	
LA16c-390E6.4				1.0	
LA16c-390E6.3				1.0	
RPS3AP2				1.0	
LA16c-385E7.1				1.0	
CCDC154				1.0	
TELO2				1.0	
TMEM204				1.0	
AC005356.1				1.0	
RP11-295D4.1				1.0	
CORO7-PAM16		1.0		1.0	
VASN				1.0	
DCUN1D3				1.0	
LYRM1		1.0		1.0	
ERI2				1.0	
CHTF8				1.0	
CIRH1A		1.0		1.0	
RP11-140H17.1				1.0	
RAB34				2.0	
SNORD42B				2.0	
AC010761.8				2.0	
SNORD4A				2.0	
SNORD42A				2.0	
SNORD4B				2.0	
TLCD1				2.0	
AC010761.14				2.0	
TRAF4		2.0	1.0	2.0	
AC010761.9				2.0	
AC010761.10				2.0	
PROCA1				2.0	
RPL23A				2.0	
NEK8				2.0	
AC010761.6				2.0	
SUPT6H				2.0	
CTC-542B22.1				1.0	1.0
COPRS				1.0	
UTP6		1.0		1.0	
CTC-542B22.2				1.0	
RP11-1072C15.3				1.0	
RP11-1072C15.2				1.0	
RP11-1072C15.4				1.0	
RN7SL819P				1.0	
RP11-1072C15.1				1.0	
C17orf104		1.0		1.0	1.0
CCDC43				1.0	
DBF4B				1.0	
DCAKD		1.0		2.0	
RNU6-446P				1.0	
MRC2		1.0		1.0	
RNA5SP444				1.0	
RNU7-155P				1.0	
RNU6-305P		2.0		1.0	1.0
PYCR1				1.0	
RP11-498C9.13				1.0	
NOTUM				1.0	
RP11-498C9.17				1.0	
STRA13				1.0	
MAFG-AS1				1.0	
MYADML2				1.0	
AC137723.5				1.0	
LRRC45				1.0	
SMCHD1		1.0		1.0	
RP11-703M24.5		1.0		1.0	
RP11-807E13.2		1.0		1.0	
RP11-807E13.3				1.0	
CEP192		1.0		1.0	
RP11-254G11.1				1.0	
RNU6-120P				1.0	
EXOGP1		1.0		1.0	
SNORD23				1.0	
RP11-296E23.1				1.0	
ESCO1				1.0	
GREB1L		1.0		1.0	
RP11-619L19.1				1.0	4.0
RP11-17M16.2				1.0	
RP11-17M16.1				1.0	
ZNF516		1.0		1.0	
LINC00908				1.0	
GADD45B				1.0	
RNU6-993P				1.0	
TCEB1P28				1.0	
RNA5SP468				3.0	
CTB-52I2.3				3.0	
ARRDC2		3.0	1.0	3.0	
CTB-52I2.4				3.0	
KCNN1				3.0	
MIR640				1.0	
COX6B2				3.0	
TMEM190				1.0	
CTD-2105E13.15				1.0	
TMEM238				1.0	
CTD-2105E13.13				1.0	
SUV420H2				3.0	
AC020922.1				3.0	
CTD-2105E13.6				3.0	
FAM71E2				3.0	
RPL28				1.0	
UBE2S				1.0	
SBK2				1.0	
SBK3		1.0		2.0	
CTD-2537I9.5				2.0	
ZNF579				2.0	
FIZ1		1.0	1.0	2.0	
ZNF524				2.0	
SSC5D		1.0		1.0	
MYT1L				1.0	2.0
AC010969.1				1.0	
RP11-254F7.1				1.0	
RP11-254F7.2				1.0	
RP11-254F7.3				1.0	
AC104794.4				1.0	
KLF11		1.0		1.0	
CYS1		1.0		1.0	
CISD1P1		1.0		1.0	3.0
LINC00954				1.0	
RNU6-936P				2.0	
RNA5SP92				1.0	
AC083949.1		1.0		2.0	2.0
EML4				1.0	2.0
COX7A2L		1.0		1.0	
RP11-474G23.2				1.0	
AC017083.1				1.0	
RP11-474G23.3				1.0	
PNO1				1.0	
RP11-474G23.1		1.0		1.0	3.0
RPS20P10		1.0		1.0	1.0
AC062029.1		1.0		1.0	
AC104134.2				1.0	
EIF2AK3		1.0		1.0	
AC012668.3				1.0	
AC012668.1				1.0	
AC012668.2		1.0		1.0	
RPL7L1P9				1.0	
MIR3131				1.0	
RP11-33O4.1				1.0	
DNAJB2				2.0	
MIR153-1				2.0	
RESP18				1.0	
AC053503.2				1.0	
TUBA4A		1.0		2.0	
TUBA4B				2.0	
PTPRN		1.0		2.0	
AC114803.3		1.0		2.0	
AC017104.2				1.0	
SNORA75				1.0	
SNORD20				1.0	
AC017104.1				1.0	
RNU2-22P				1.0	
NCL		1.0		1.0	
SNORD82				1.0	
LINC00471				1.0	
C2orf82				2.0	
BOK-AS1				1.0	1.0
RP11-367H1.1				1.0	
RNA5SP122				1.0	
BOK		1.0		1.0	
THAP4				1.0	
RN7SL839P				1.0	
SLC4A11				2.0	
C20orf194		1.0		2.0	
RP5-859D4.3		1.0		2.0	12.0
snoR26		1.0		1.0	
SLA2				1.0	
RP3-343K2.4				1.0	
MROH8		1.0		2.0	
RPL27AP				1.0	
GTSF1L				1.0	
IFT52				1.0	
MYBL2		1.0		1.0	
KRT18P4				1.0	
RNU6-147P				1.0	
SNAI1		1.0		1.0	
RNF114				1.0	
HLCS-IT1				1.0	
HLCS		1.0		1.0	
ZNRF3-IT1				1.0	
H1F0				1.0	
GALR3				1.0	
ANKRD54				1.0	
NOL12				3.0	4.0
CHCHD4P4				1.0	
AC083855.5				1.0	
HRH1				1.0	1.0
AC026185.1				1.0	
RP11-169K17.2				1.0	
VGLL4		1.0		1.0	
RP11-169K17.3				1.0	
RP11-169K17.4				1.0	
RP11-627J17.1				2.0	
AC123900.2				1.0	
SUSD5		1.0		2.0	1.0
CRTAP		1.0		3.0	
MIR26A1				1.0	
PPP2R2DP1				1.0	
RP11-372H2.1		3.0	2.0	1.0	2.0
CTNNB1		1.0		1.0	
RP11-136C24.1				1.0	
RP11-136C24.2				1.0	
POMGNT2				1.0	
AC109583.1				1.0	
MYL3				1.0	
CCDC71		1.0	1.0	2.0	
RNU6-108P				1.0	
RNU6-483P				1.0	
PDE12				1.0	
RP11-755B10.4				1.0	
RNU6ATAC26P				1.0	
ARF4		1.0		1.0	
RP11-755B10.2				1.0	
DNAH12				1.0	1.0
DENND6A				1.0	
SUCLG2		1.0		1.0	
RP11-274H2.2				1.0	
PLSCR4				1.0	
ZIC4-AS1				1.0	
ZIC4				1.0	
ZIC1				1.0	
RP11-649A16.1		1.0		1.0	
NPM1P28		1.0		1.0	1.0
RP11-362A9.3		1.0		1.0	1.0
RP11-211G3.2				2.0	
RTP2				2.0	
RP11-211G3.3		1.0		2.0	
AC063932.1				1.0	
LETM1				1.0	
RP11-22A3.2		1.0		1.0	1.0
RP11-22A3.1		1.0		1.0	2.0
RN7SKP30				1.0	
RP11-528I4.2				1.0	
CLOCK		1.0		1.0	
RP11-766F14.2		1.0		1.0	
MTTP				1.0	1.0
RP11-766F14.1				1.0	
RP11-728C8.1		1.0		1.0	
MIR578				1.0	
HADHAP1				1.0	
CPE		1.0		1.0	
CTD-2083E4.6				1.0	
CTD-2083E4.5				1.0	
SDHA		1.0		1.0	
CTD-2004A9.1				1.0	
CTD-2325A15.3				1.0	
AK4P2		1.0		1.0	
CTC-575I10.1				1.0	
CBX3P3		1.0		1.0	
RNU6-482P				1.0	
APC		1.0		1.0	
CTC-554D6.1				1.0	
KIAA1024L		1.0		2.0	3.0
CTC-575N7.1		2.0	1.0	2.0	8.0
MIR3936				3.0	
RP11-546B8.1		1.0		1.0	
RN7SL339P				1.0	
RP11-117L6.1		1.0		1.0	
RP11-546B8.5				1.0	
TLX3				1.0	
CTB-33O18.2				1.0	
CTB-33O18.3				1.0	
BOD1		1.0		1.0	
CTB-33O18.1		1.0		1.0	
CTB-43E15.1				1.0	
PNPLA1		1.0		1.0	7.0
NUDT19P4				1.0	
RP1-288M22.2		1.0		1.0	
RNU6-155P				1.0	
RP11-486E2.1		2.0	1.0	1.0	2.0
RP5-991C6.3		1.0		1.0	
AL121963.1				2.0	
NIP7P3				2.0	
COL10A1		1.0		2.0	
RP1-93H18.7				1.0	1.0
DSE		1.0		1.0	
RP1-93H18.1				1.0	
RN7SKP106		1.0		1.0	
RPS3AP23		1.0		1.0	
RP11-137J7.3				1.0	
NMBR		2.0		1.0	
RP11-440G9.1		1.0		1.0	
RP1-67K17.3		1.0		1.0	
RP1-67K17.4				1.0	
RP11-162J8.2				1.0	
SRP72P2		1.0		1.0	
RP11-732M18.3		1.0		1.0	
RP1-230L10.1		2.0	1.0	2.0	
RNU6-153P				1.0	
T		1.0		1.0	
RP3-495K2.3		1.0		1.0	
RP3-495K2.2		1.0		1.0	
RP3-495K2.1		1.0		1.0	
AC004744.3				1.0	
AKR1D1				1.0	
AC006452.1				2.0	
DENND2A		2.0		2.0	
RP11-252C15.1		1.0		1.0	
LINC00681		1.0		1.0	
CSGALNACT1		2.0	3.0	2.0	1.0
R3HCC1				1.0	
LOXL2		1.0		1.0	
RP11-177H13.2				1.0	
RP11-446E9.2				1.0	
RN7SL323P				1.0	
PENK		1.0		1.0	
SDR16C6P		1.0		1.0	
RP11-17A4.2		1.0		1.0	
RP11-328L11.1				1.0	
MIR1208		1.0		1.0	
RN7SKP226		1.0		1.0	4.0
AC083843.2		1.0		1.0	
AC083843.3				1.0	
RP11-1057B8.2				1.0	
AC104592.1				2.0	
AC110280.1				1.0	
SCXA				1.0	
CTD-3232M19.2				1.0	
RP11-120J1.1				1.0	
NFIB		2.0	1.0	2.0	
RNU6-14P				1.0	
RP11-15B24.3				1.0	
RP11-15B24.4				1.0	
RP11-1E11.1				1.0	
RP11-1E11.2		1.0		1.0	
RNU6-677P				1.0	
RP11-2B6.3		1.0		1.0	
MIRLET7DHG		1.0		1.0	
RP11-173G21.1				1.0	
RP11-202G18.1		3.0	1.0	3.0	
RP11-168K11.3				1.0	
RP11-168K11.2		1.0		2.0	
RGS3		2.0	1.0	2.0	
RP11-65J3.2				1.0	
AL353803.1		1.0		1.0	
RP11-65J3.14				1.0	
RP11-65J3.3				1.0	
RP11-492E3.51				1.0	
LINC00963				1.0	
SLC45A1				1.0	
RP1-134O19.3				1.0	
RP11-5P18.1				1.0	
RP11-5P18.3				1.0	
COX6B1P7				1.0	
MIR4654				1.0	
NOS1AP		2.0	2.0	2.0	
RP11-421L10.1		1.0	1.0	1.0	
MPP7		1.0	1.0	1.0	
INPP5A		1.0	1.0	1.0	
C11orf16				2.0	
CCDC34		1.0	1.0	1.0	3.0
RNA5SP339				1.0	
PDHX		1.0	1.0	1.0	1.0
MS4A4E				1.0	4.0
FAM89B				4.0	
SSSCA1				4.0	
RP11-356J5.5				1.0	
MRPS36P4				1.0	
RPS12P21				1.0	
RPS6P16				1.0	
AP002884.1				1.0	
C11orf34				1.0	
ST13P10				1.0	
SDHD				1.0	
PTS		1.0	1.0	1.0	
AP002884.2				1.0	
BCO2				1.0	
RP11-356J5.12				1.0	
RP11-136I14.4				1.0	
AP000997.1				1.0	
AP000997.2		1.0	1.0	1.0	
RP11-136I14.5				1.0	
AP000797.3		1.0		1.0	
AL135998.1				1.0	
MRPL52				1.0	
REM2				1.0	
SLC7A7				1.0	
LRP10				1.0	
RP11-894P9.1		1.0	1.0	2.0	
RP11-73M18.6				2.0	
RP11-73M18.10				2.0	
RP11-73M18.7				2.0	
RP11-73M18.8				2.0	
AL049840.1				2.0	
RP11-73M18.9				2.0	
XRCC3				2.0	
ZFYVE21				2.0	
MIR4713				2.0	
RP11-108K3.3				2.0	
RP11-883G14.3				1.0	
RP11-883G14.2		1.0	1.0	1.0	
CTD-3032H12.3		1.0	1.0	1.0	2.0
C17orf105				2.0	1.0
RP5-905N1.2				2.0	
FAM215A				2.0	
MPP2		1.0	3.0	2.0	
RP11-527L4.5				2.0	
RP11-527L4.6		1.0	1.0	2.0	
RP11-893F2.5				1.0	
RP11-893F2.15				1.0	
RP11-893F2.6				1.0	
SUMO2P7				1.0	
RP11-893F2.9				1.0	
TMEM92		1.0	1.0	1.0	
RPL31P60				2.0	
AC008738.2				1.0	
CTD-2540B15.10				1.0	
C2orf91				2.0	
AC104781.1				1.0	
EML6		2.0	2.0	2.0	4.0
RNU7-81P				1.0	
AC093590.1		1.0	1.0	1.0	
AC000077.2		1.0	1.0	2.0	
CTA-292E10.8				2.0	
CTA-292E10.7				2.0	
CTA-292E10.6		2.0	1.0	2.0	5.0
ZNRF3-AS1				2.0	
RNA5SP133				1.0	
RP11-20I20.1				1.0	
CRIPAK				1.0	
NKX1-1		1.0	1.0	1.0	
PCYOX1L				1.0	
RP11-394O4.3				1.0	
AC131025.8		1.0	1.0	1.0	
MIR143				1.0	
MIR145				1.0	
MIR143HG		1.0	1.0	1.0	
IL17B				1.0	
LINC00326		1.0	1.0	1.0	1.0
RP11-704J17.2				1.0	
RP11-704J17.5				1.0	
RP1-283K11.2				1.0	
AC005550.5				1.0	
RPL36AP26				1.0	
MEOX2		1.0	1.0	1.0	
AC005550.3				1.0	
AC005550.4				1.0	
CTA-242H14.1				1.0	
CTA-351J1.1				1.0	
ATXN7L1		1.0	1.0	1.0	
RP11-375N15.1		4.0	3.0	5.0	1.0
MIR597				2.0	
RP11-1E4.1		1.0	1.0	1.0	
AC120194.1				1.0	
TRAM1		1.0	1.0	1.0	
RP11-382J12.1				1.0	
RP11-78H24.1		1.0		1.0	4.0
RP11-48F14.1				1.0	
ABLIM2				1.0	3.0
RP11-123K19.2				1.0	
RP1-163G9.2				1.0	
RP11-338N10.1				2.0	
RP11-338N10.2				2.0	
CAMTA1		2.0	1.0	2.0	
RP11-338N10.3				2.0	
RP3-467L1.6				3.0	
RP3-467L1.4		1.0	1.0	2.0	
PER3		1.0	1.0	2.0	
RNU6-828P				3.0	
MIR1273D				2.0	
KIF1B		3.0	1.0	3.0	2.0
RNU6-37P				2.0	
RN7SL731P				2.0	
RP4-736L20.3				2.0	
CORT				2.0	
RP5-1113E3.3				2.0	
APITD1				2.0	2.0
APITD1-CORT				2.0	2.0
DFFA		1.0	1.0	2.0	
RP11-70P17.1				2.0	
MYCL				2.0	
RP1-118J21.5				2.0	
MFSD2A		1.0		3.0	
RP3-342P20.2				3.0	
RP1-228H13.1				1.0	
RP1-228H13.2				1.0	
HPDL		1.0	1.0	1.0	
ZSWIM5		1.0		1.0	
MIR761				1.0	
TSEN15P2				1.0	
AL589663.1				1.0	
NRD1		1.0	1.0	1.0	
RAB3B				1.0	
RP5-1007M22.2		1.0	1.0	2.0	
RP11-413E1.4				1.0	
LRRC8B		1.0		2.0	
LRRC8C		1.0	1.0	1.0	
RP11-302M6.4		1.0	1.0	1.0	
RP5-943J3.1				1.0	
RP11-96K19.4				1.0	
RP11-96K19.5				1.0	
CD53		1.0	1.0	1.0	
RP11-96K19.2				1.0	
LRIF1				1.0	
RP4-591B8.3				1.0	2.0
RPS7P2				2.0	
MIR5698				2.0	
RN7SL431P				2.0	
NUP210L		2.0	1.0	2.0	
TPM3		1.0		2.0	
MIR765				2.0	
PEAR1		2.0	1.0	2.0	
ARHGEF11		1.0	1.0	2.0	
LRRC71				2.0	
RN7SL612P				1.0	
RP11-110J1.2		1.0	1.0	1.0	
KRT8P45		1.0	1.0	1.0	
ETV3L				1.0	
CYCSP52				1.0	
ETV3				1.0	
hsa-mir-4259				1.0	
AL590560.1				1.0	
SLAMF9				1.0	
RP11-190A12.7				1.0	
CCDC19				1.0	
TAGLN2		1.0	1.0	1.0	
RP11-48O20.4				1.0	
IGSF9				1.0	
B4GALT3				2.0	
ADAMTS4		1.0	1.0	2.0	
AL590714.1				2.0	
APOA2				2.0	
TOMM40L				2.0	
MIR5187				2.0	
PPOX				2.0	
NDUFS2				2.0	
FCER1G		1.0	1.0	2.0	
NR1I3				2.0	
GM2AP2		1.0	1.0	1.0	1.0
RNU6-290P				1.0	2.0
RP1-81F6.1				1.0	
RN7SL425P				1.0	
PRRC2C		1.0		2.0	1.0
PFN1P1				1.0	1.0
RPL4P3		1.0	1.0	1.0	
DNM3-IT1				2.0	
RNU6-693P				1.0	
HNRNPA1P59				1.0	
RP11-38O14.5				1.0	
KLHL12				1.0	
ADIPOR1		1.0	1.0	1.0	
CYB5R1				1.0	
RP11-494K3.2				2.0	
NFASC		2.0	1.0	3.0	
AL583832.1				3.0	
SNRPGP10				2.0	
LEMD1		1.0	1.0	2.0	
RP11-164O23.5				1.0	
C4BPA		1.0		1.0	
YOD1				1.0	
PFKFB2				1.0	
RP11-365O16.1		1.0	1.0	1.0	
RP11-365O16.3				1.0	
FBXO28				1.0	
DEGS1				1.0	
RP11-365O16.6				1.0	
RP11-439E19.10				1.0	
RP11-397A15.4				1.0	
SCCPDH				1.0	
RP11-439E19.8		1.0	1.0	1.0	
RP11-439E19.3				1.0	
AHCTF1				1.0	
RP11-118K6.2				1.0	
RP11-118K6.3		1.0	1.0	1.0	
PFKP				1.0	
RP3-323N1.2				1.0	
PROSER2		2.0	1.0	2.0	
PDLIM1		1.0	1.0	1.0	
TECTB		2.0	2.0	2.0	
GUCY2GP		1.0	1.0	3.0	
ACSL5		2.0	1.0	2.0	
RP11-324O2.3				2.0	
RP11-324O2.6				2.0	
ZDHHC6		1.0	1.0	2.0	
RP11-567J24.4				3.0	
RN7SL749P				3.0	
AC090587.5				1.0	1.0
AC090587.4				1.0	1.0
MIR4687				1.0	
AC090804.1				1.0	
SNORA7				1.0	
OR52N3P				1.0	
OR52N2				1.0	
OR52E6				1.0	
OR52E8				1.0	
OR52E7P				1.0	
OR52E4				1.0	
LYVE1				1.0	
AC103828.1				4.0	
MIR3161				2.0	
OR5BA1P				1.0	
RP11-734C14.2		1.0	1.0	1.0	
OR10W1				1.0	
OR5BC1P				1.0	
OR5B19P				1.0	1.0
OR5B10P				1.0	1.0
OR5B21				1.0	1.0
LPXN		1.0	1.0	1.0	
RNU6-1243P				2.0	
FADS3				3.0	1.0
RP11-31L22.3				1.0	
ARAP1-AS1				1.0	
PDE2A				1.0	
AP002381.2				1.0	
RP11-735A19.2				1.0	
SRSF8				1.0	
RP11-64D24.2		2.0	1.0	3.0	
NNMT				2.0	
AP000936.2				2.0	
RNY4P6				2.0	
SCARNA11				3.0	
AP000892.8				1.0	
RNF214		1.0	2.0	3.0	
CEP164		1.0	2.0	2.0	1.0
AP000892.4				2.0	
BACE1		1.0	1.0	2.0	1.0
RNU6-592P				3.0	
PATE1		1.0	1.0	1.0	
PATE2				1.0	
PATE3				1.0	
RN7SL69P				2.0	
CD9		1.0	1.0	2.0	
RP1-96H9.5		1.0	1.0	1.0	
OVCH1				3.0	
RNU6-494P				1.0	
FGD4		1.0	1.0	1.0	
RP11-278C7.1				1.0	
DNM1L				1.0	
YARS2		1.0	1.0	1.0	
TUBA1A				2.0	
RP11-977B10.2		1.0	1.0	2.0	
RP11-161H23.5				1.0	
PRPH				1.0	
C1QL4				1.0	
RP11-161H23.9		1.0	1.0	1.0	1.0
TROAP				1.0	
DNAJC22				1.0	
MCRS1				1.0	
SPATS2		1.0	1.0	1.0	
BIN2		2.0	1.0	2.0	
CELA1				1.0	
DAZAP2				2.0	
SMAGP				2.0	
SLC4A8				1.0	
GALNT6		1.0	1.0	1.0	
RP11-834C11.11				2.0	
RP11-834C11.10				2.0	
RP11-834C11.8				2.0	
RP11-977G19.12				2.0	
RNU7-40P				2.0	
APOF				1.0	
RP11-348M3.2				1.0	
RP11-977G19.10		1.0		2.0	
RP11-977G19.11		1.0		2.0	
CNPY2				2.0	
PAN2				2.0	2.0
RNU6-343P				2.0	
SNORD59A				2.0	
RN7SL809P				2.0	
RBMS2				2.0	
ATP5B		1.0	1.0	2.0	
RP11-74M13.3				2.0	
RP11-74M13.4		2.0	1.0	2.0	1.0
RP11-196H14.3				1.0	
RNU6-1009P				1.0	
RNU5A-7P				1.0	
C12orf66		1.0	1.0	1.0	
RPS11P6				1.0	
RP11-439H13.2		2.0	1.0	2.0	
TBK1				2.0	
RP11-338E21.3				2.0	
AC025262.1				2.0	
GNS		1.0	1.0	2.0	
RP11-629N8.3				1.0	
RP11-766N7.1				1.0	
RP11-766N7.3		1.0	1.0	1.0	
RP11-766N7.4				1.0	
TBC1D30				1.0	
MIR619				1.0	
RP11-711D18.2				2.0	
RNF34				2.0	
RP13-941N14.1				1.0	
RNU6-1004P				1.0	
ORAI1		1.0	1.0	2.0	
SNORA9				1.0	
ZCCHC8		1.0	1.0	1.0	
RSRC2				1.0	
RP11-463O12.3				2.0	
VPS37B				2.0	
RILPL1				1.0	
EEF1DP3		1.0	1.0	1.0	
FRY		1.0	1.0	1.0	
LRCH1		1.0	1.0	1.0	
RP11-98F14.11				1.0	
GRTP1-AS1		1.0	1.0	2.0	
GRTP1		2.0	1.0	2.0	
DCUN1D2-AS				2.0	
DCUN1D2				3.0	
COCH				2.0	
RP11-829H16.3				2.0	
STRN3		2.0	1.0	2.0	
MIR624				1.0	
RP11-829H16.5				1.0	
AP4S1		1.0	1.0	1.0	
RP11-248J18.3				1.0	
NIN				1.0	
AL356020.1				1.0	
RP11-547D23.1				1.0	
DDHD1		1.0	1.0	1.0	
MAPK1IP1L				1.0	1.0
RP11-698F20.3		1.0	1.0	1.0	
RP11-665C16.8				1.0	
RP11-665C16.5				1.0	
RP11-804M7.1				1.0	
RNU7-116P				1.0	
RP11-804M7.2		1.0	1.0	1.0	
RPS28P1				1.0	
SGPP1				1.0	
CTD-2325P2.3				2.0	
CTD-2325P2.2				2.0	
RNU6-921P				2.0	1.0
RN7SL224P		1.0	1.0	2.0	1.0
RP11-723P16.3				2.0	
BLZF2P				2.0	
HMGN1P3				2.0	
BANF1P1				2.0	
ACTN1-AS1		1.0		2.0	1.0
RP11-226F19.1		1.0	1.0	2.0	
RP11-363J20.1				2.0	1.0
RP11-363J20.2		1.0	1.0	2.0	1.0
CATSPERB		1.0		1.0	
BTBD6				3.0	
BRF1		3.0	2.0	3.0	
PACS2				2.0	
KRT8P24				1.0	
RN7SL577P				2.0	
RP11-1129I3.1				1.0	
RP11-31H5.1				2.0	
HNRNPA3P11				1.0	
RP11-244F12.2				3.0	
TPM1		3.0	2.0	3.0	
RP11-244F12.3		1.0		3.0	
RP11-69G7.1				3.0	
GAPDHP61				1.0	
ZNF609		1.0	1.0	2.0	
MIR1272				3.0	
RBPMS2		2.0	1.0	3.0	
PIF1				3.0	
CTD-2562G15.2				1.0	
SNX33				2.0	
CTD-2026K11.1				1.0	
CSPG4				1.0	
AC105020.1				1.0	
RP11-326A19.3				1.0	
RNU7-195P				1.0	
HMGB1P8				1.0	
RP11-326A19.4				1.0	2.0
MIR3174				2.0	
ZNF710		2.0	1.0	2.0	3.0
AC068831.6				3.0	
VPS33B				3.0	1.0
AC020663.1				1.0	
ROGDI				1.0	
RP11-165E7.1				1.0	
RP11-77H9.8				2.0	
USP7		2.0	1.0	2.0	
RP11-467J12.4				1.0	
CBFB				1.0	
TPPP3				1.0	
RNU1-123P				1.0	
RP11-297D21.2				2.0	
AC009061.1				2.0	
ZDHHC1				1.0	1.0
HSD11B2				3.0	
7SK				1.0	
RN7SL33P				1.0	
SAMD11P1				1.0	
EIF4A1P9		1.0	1.0	1.0	
CAMKK1				1.0	
P2RX1		1.0	1.0	1.0	
RN7SL784P				2.0	
RP11-589P10.5				1.0	
RNASEK				2.0	
AC040977.1				2.0	
RNASEK-C17orf49				2.0	
C17orf49				2.0	
MIR497HG				2.0	
SLC16A13				2.0	
RP11-530N7.3				1.0	
RP11-589P10.7		1.0	1.0	2.0	
ALOX12		1.0	1.0	1.0	
BCL6B				2.0	
AC027763.2		1.0	1.0	2.0	
SLC16A11				2.0	3.0
RP11-78O7.2				1.0	
RP11-209D14.4				2.0	
ULK2				1.0	
RPS7P1				1.0	
CTD-2350C19.5				1.0	
SLC13A2		1.0	1.0	1.0	
RP11-321A17.5				2.0	
AC024619.2				2.0	
RP11-321A17.3				2.0	
PIPOX		2.0	2.0	3.0	
SEZ6				3.0	
MYO18A		2.0	1.0	2.0	
TIAF1				2.0	
RP11-22N12.2				1.0	
TWF1P1		1.0	1.0	1.0	
RP11-321A17.4				2.0	
CRYBA1				2.0	
NUFIP2		2.0	1.0	2.0	
RPL35AP35		1.0	1.0	1.0	
RP11-296K13.4		1.0	1.0	2.0	
MIR4523		1.0	1.0	2.0	
RNU4-34P				2.0	
RNU6-711P				2.0	
RNU6-1034P				2.0	
CORO6				2.0	
RP11-68I3.10				2.0	
RPL9P30				4.0	
RP11-338L22.2				3.0	
RP11-354P11.4				2.0	
RNU6-1267P				2.0	
SLC6A4				2.0	
RP11-354P11.2				2.0	
CTD-2349P21.5				2.0	
CTD-2349P21.10				1.0	
CTD-2349P21.9				1.0	
CRLF3		1.0	1.0	1.0	
RP5-1067M6.3				2.0	
RPL7L1P5		1.0	1.0	2.0	
RN7SL258P				2.0	
SLC25A39				2.0	2.0
FAM171A2				2.0	
GPATCH8		1.0	1.0	2.0	
MIR5089				1.0	
RN7SL270P				1.0	
RPRML				1.0	
RP11-156P1.3		1.0	1.0	1.0	14.0
AC002558.1				1.0	
RP5-867C24.1				1.0	
MYL4				1.0	4.0
RN7SL437P				1.0	
RPL31P57		1.0	1.0	1.0	3.0
TEX2				1.0	
RP11-61L19.2		1.0	1.0	1.0	
TWSG1				1.0	
RALBP1		1.0	1.0	1.0	
RP11-61L19.1		1.0	1.0	1.0	
RNU2-27P				1.0	
RP11-61L19.3				1.0	
PPP4R1				2.0	
RP11-881L2.1				2.0	
RNU6-903P		1.0		2.0	
RP11-692N5.1		2.0	1.0	2.0	
RTTN		1.0	1.0	1.0	
RP11-704C2.1		1.0	1.0	1.0	
AC018445.1				1.0	
AC005262.3				2.0	
AC005262.2		1.0	1.0	2.0	
AC005262.4				3.0	
GNA15				3.0	
CTC-232P5.3				1.0	
CTC-232P5.4				1.0	
CTB-66B24.1				1.0	
RFX2		1.0	1.0	2.0	
ACSBG2				2.0	
SH2D3A				1.0	
VAV1		1.0	1.0	1.0	
CTD-2207O23.12				1.0	
CTD-2207O23.11				1.0	
MCOLN1		1.0	1.0	1.0	
PEX11G				1.0	
C19orf45				1.0	
ZNF358				1.0	
CTD-2207O23.10				1.0	
PNPLA6				1.0	
DDX39A				1.0	
CTC-548K16.1				1.0	
CD97		1.0	1.0	1.0	
CTC-548K16.5				1.0	
CTC-548K16.2				1.0	
LINC00905				2.0	
SNX33P1				2.0	
OR1AB1P				2.0	
CTD-2231E14.4				2.0	
LINC00661				1.0	
AC020907.2				2.0	
FXYD1				2.0	
LGI4				3.0	
CTD-2527I21.4				2.0	
CTC-550B14.1				2.0	
NLRP7		1.0		2.0	
CTD-2105E13.14				3.0	
CTD-2619J13.3				1.0	
MIR4754				2.0	
AC012313.1				2.0	
CTD-2619J13.13				2.0	
CTD-2619J13.16		1.0		2.0	
CTD-2619J13.17				2.0	
CTD-2619J13.19				2.0	
ZNF837				2.0	
RPS5				2.0	
ZNF584		1.0	1.0	2.0	
CTD-2619J13.14				2.0	
ZNF132				2.0	
ZNF324B				2.0	
AC010880.1		1.0	1.0	1.0	
AL121657.4		1.0		2.0	
RNU6-577P				1.0	
VIT				1.0	
AC007899.3				1.0	
GPATCH11				1.0	
SULT6B1				1.0	
RTN4				1.0	
MEIS1-AS3		2.0	1.0	2.0	
MEIS1-AS1				2.0	
AC092669.3				2.0	2.0
MEIS1-AS2				2.0	
AC019206.1				2.0	
MXD1		2.0	1.0	2.0	
ASPRV1				2.0	
SNRNP27				2.0	
RP11-717A5.1				1.0	
RN7SL113P				1.0	
RNU7-162P				1.0	
RP11-717A5.2				1.0	
RNU7-64P				1.0	
RN7SL251P				1.0	
CAPG		1.0	1.0	1.0	
SH2D6				1.0	
ELMOD3				1.0	
AC105053.4				1.0	
RP11-548P2.2		1.0	1.0	1.0	
ST3GAL5				1.0	
AC009505.2				1.0	
NCK2		1.0	1.0	1.0	
RP11-465O11.1		1.0	1.0	1.0	
SULT1C4				1.0	
GCC2				1.0	
AC010095.5				1.0	
AC010095.6				1.0	
AC010095.7				1.0	
LIMS1		1.0	1.0	1.0	
PTPN4		2.0	1.0	2.0	
AC016691.2				1.0	
AC012363.7				2.0	
AC012363.8				2.0	
MTND3P10				2.0	
AC012363.10				2.0	
MTND4P26				2.0	
MTND5P28				2.0	
AC012363.4				2.0	
RALB		2.0	1.0	3.0	
TMEM185B				2.0	
MTND6P11				2.0	
MTND5P24				2.0	
MTND4P22				2.0	
AC013437.4				2.0	
MTND3P9				2.0	
AC013437.6				2.0	
AC013437.7				2.0	
RP11-190J23.1				2.0	1.0
AC013437.2				2.0	
GORASP2				1.0	
TLK1		2.0	1.0	2.0	
DNAJB1P1				2.0	
SDPR		2.0	1.0	2.0	
AC098872.3				2.0	
AC098617.1				2.0	
AC013476.1				1.0	
ACSL3		1.0	1.0	1.0	
MRPL44				1.0	
AC073641.2				1.0	
SERPINE2		1.0	1.0	1.0	
MIR5702		3.0	1.0	1.0	
IRS1		1.0		2.0	
LRRFIP1		1.0	1.0	1.0	
AC110619.2				1.0	
AC110619.1				1.0	
MIR149				1.0	
GPC1		1.0	1.0	1.0	
AQP12B				2.0	
AC011298.1				1.0	
AC011298.2				1.0	
AQP12A				1.0	
AGXT				2.0	
KIF1A		2.0	1.0	2.0	
AL109658.1				1.0	
RNU6-917P				1.0	
SIRPB2		1.0	1.0	1.0	
RP4-576H24.2				1.0	
SIRPD		1.0	1.0	1.0	
NSFL1C				1.0	
RP4-673D20.3				1.0	
AL049647.1				1.0	
RP5-1027G4.3				1.0	
RN7SL31P				1.0	2.0
PABPC1L				1.0	1.0
TOMM34				1.0	1.0
YWHAB		1.0	1.0	1.0	2.0
STK4		2.0	1.0	2.0	
MIR3617				2.0	
HNRNPA1P3				2.0	
SPINT5P				2.0	
WFDC11				1.0	
WFDC10B				2.0	
WFDC13		1.0	1.0	2.0	
SPINT4				2.0	
WFDC3		2.0	2.0	2.0	
RNU6ATAC38P				2.0	
UBE2C				1.0	
TNNC2				1.0	
DNTTIP1				2.0	
RN7SL243P				1.0	
AL031666.1				1.0	
AL031666.2				1.0	
RP4-569M23.4				1.0	
RP4-569M23.2				1.0	
RP4-724E16.2		1.0	1.0	1.0	
SAMD10				1.0	
RHBDD3				1.0	
CTA-984G1.5				1.0	
RPL5P34		1.0		1.0	
GOLGA2P4		1.0		1.0	
ARFGAP3		1.0		1.0	
AL049758.2				1.0	
PACSIN2		2.0	1.0	2.0	
AL022476.2		1.0	1.0	2.0	
AL022237.3				1.0	
MCAT				3.0	
TSPO		1.0	1.0	3.0	
BIK		1.0	1.0	3.0	1.0
CITF22-1A6.3				1.0	
PIM3				1.0	
ZBED4				1.0	
ALG12		1.0	1.0	1.0	
CRELD2				1.0	
MIR3134				1.0	
BTD				1.0	
ANKRD28		1.0	1.0	1.0	
RP11-44D5.1				1.0	
RN7SL4P				1.0	
BBX		2.0	1.0	2.0	
SIDT1-AS1				2.0	
MIR4446				2.0	
RN7SL767P				1.0	
PDIA5		2.0	1.0	2.0	
MYLK				1.0	
RNU6-143P				1.0	
AC080008.1				2.0	
RP11-71H17.7				1.0	
MIR544B				1.0	
RP11-71H17.1				1.0	
RP11-71H17.9				1.0	
UMPS				1.0	
ITGB5-AS1				2.0	
ENO1P3				2.0	
HMGN1P8				1.0	
PDCD10		1.0	1.0	1.0	
SERPINI1				1.0	
CPN2				1.0	
LRRC15				1.0	
ATP13A3				1.0	
GP5		1.0	1.0	1.0	
AC069257.8				1.0	
AC069257.6				1.0	
RP11-447L10.1		1.0	1.0	1.0	
TCTEX1D2				1.0	
TM4SF19-AS1				1.0	
RNU6-204P				1.0	
RP11-357G3.2				1.0	
RP11-357G3.1				1.0	
KIAA0232		2.0	1.0	3.0	
RP11-397E7.1				3.0	
RP11-397E7.2				3.0	
AC097533.1		1.0	1.0	2.0	
RN7SL335P		1.0		2.0	2.0
IL21		1.0	1.0	3.0	2.0
RP11-529H22.1				2.0	
TIGD4				2.0	
ARFIP1		2.0	1.0	2.0	
RP11-231G3.1				2.0	
ELOVL7		2.0	1.0	2.0	
GNL3LP1				2.0	
AC104113.3				1.0	
ERCC8		1.0	1.0	2.0	
NDUFAF2		1.0	1.0	1.0	
AC008498.1				1.0	
CTC-436P18.1		1.0	1.0	1.0	
CTC-436P18.3		1.0	1.0	1.0	
AC008836.1		1.0	1.0	1.0	
KIF2A		2.0	1.0	1.0	
IPO11		1.0	1.0	1.0	
RP11-95I19.2				1.0	
RP11-95I19.1				1.0	
LRRC70				1.0	
RP11-5P22.1				1.0	
RP11-287J9.1				1.0	
MAST4-IT1				2.0	
CTC-347C20.2		2.0	2.0	2.0	
MIR4804				4.0	
CTD-2339M3.1				4.0	
CTD-2631K10.1		1.0		5.0	
RP11-156N15.1		1.0	1.0	1.0	
CTD-2275D10.2				2.0	
CTD-2384B11.2		2.0	1.0	2.0	
F2R		2.0	1.0	2.0	
RN7SL208P				2.0	
F2RL1				2.0	
RNU6ATAC36P				2.0	
CRHBP		2.0	1.0	2.0	
CTC-564N23.2				1.0	
SNORA47				1.0	
AGGF1		1.0	1.0	1.0	
ZBED3				1.0	
ACTBP2				1.0	
TBCA		1.0	1.0	1.0	
MIR3661				1.0	
TCF7				1.0	
SKP1				1.0	
CTD-2410N18.5		1.0	1.0	1.0	1.0
CTD-2410N18.4				1.0	
CDKL3				1.0	
CTD-2410N18.3				1.0	
RP11-215P8.4				1.0	1.0
CTC-203F4.2				1.0	
H2AFY		1.0	1.0	1.0	
CTD-2024I7.13				1.0	
CTD-2024I7.1				1.0	
AC008781.7				1.0	
HDAC3				1.0	
FCHSD1				1.0	
RELL2				1.0	
PCDH12				2.0	
RP11-175K6.1				3.0	1.0
CTB-11I22.1		1.0	1.0	2.0	1.0
CTB-11I22.2		1.0	1.0	2.0	
RNF145		2.0	1.0	2.0	
UBLCP1				1.0	1.0
AC008697.1		1.0	1.0	1.0	8.0
AC008706.1				2.0	
PWWP2A				2.0	
RP11-34P1.1				2.0	
RP11-34P1.2				2.0	
CCNJL				2.0	
SLC22A23		1.0	1.0	1.0	
Z85986.1				2.0	
RN7SL748P				2.0	
RPL7L1				1.0	
C6orf226		1.0	1.0	1.0	
GLTSCR1L				1.0	
GPR116		2.0	1.0	2.0	
RP3-365O12.2				2.0	
RP11-157D6.1		2.0	1.0	2.0	
TNFRSF21				2.0	
GPR111				3.0	
RP11-134K13.4				1.0	
RP11-134K13.2		1.0	1.0	1.0	
SLC25A6P6		1.0	1.0	1.0	
C6orf57				1.0	
SMAP1				1.0	
METTL24				1.0	
RP11-351A11.1				1.0	
RP11-439L18.2		1.0	1.0	1.0	
RP11-439L18.1				1.0	
RP11-439L18.3				1.0	
ZDHHC14		1.0	1.0	1.0	
RNMTL1P2		1.0	1.0	2.0	
CLDN3		1.0	1.0	1.0	
CLDN4				1.0	2.0
AC005077.14				1.0	
RNU6-863P				1.0	
AC005077.9				1.0	
AC005077.8				1.0	
MDH2				1.0	
AC005077.12		1.0	1.0	1.0	
AC005077.7				1.0	
CTA-339C12.1				1.0	
CTA-357J21.1				1.0	
CTB-30L5.1		1.0	1.0	1.0	
CTB-111H14.1		2.0	1.0	3.0	10.0
CCDC71L		2.0	1.0	2.0	
RNA5SP236				3.0	
RP5-884M6.1		2.0	1.0	3.0	
AC002543.2		2.0	1.0	2.0	
AC008154.4				1.0	
AC008154.5				1.0	
SLC35B4		1.0	1.0	1.0	
AC015987.1				1.0	
AC015987.2				1.0	
LUZP6				1.0	
RNU6-223P				2.0	
MTPN		2.0	1.0	2.0	
AC104843.3				1.0	
XRCC2		1.0	1.0	1.0	
AC019084.7				1.0	
NCAPG2				1.0	
ESYT2		1.0	1.0	2.0	
RP11-1080G15.2				1.0	
RP11-1080G15.1		1.0	1.0	1.0	
TGS1		1.0	1.0	1.0	
RP11-318K15.2				2.0	
HNRNPA1P36				1.0	
CHMP4C				1.0	
SNX16				1.0	
RP13-923O23.6		1.0	1.0	1.0	
RNU6-1255P				1.0	
AC131568.1				1.0	
CTD-3064M3.3				2.0	
CTD-3064M3.4		1.0	1.0	1.0	1.0
PTP4A3				1.0	
RP11-143M1.3		1.0	1.0	1.0	
RP11-143M1.4				1.0	
FOXD4				1.0	
RP11-143M1.7				1.0	
RP11-143M1.2				1.0	
C9orf66		2.0	2.0	3.0	1.0
RP11-59O6.3		1.0	1.0	5.0	
RRAGA				1.0	
SCARNA8				1.0	
RNU6-264P				1.0	
RN7SL158P				1.0	
PLIN2				1.0	
KLF9		2.0	1.0	2.0	
TRPM3		1.0	1.0	1.0	
RP11-349K21.1				4.0	
AKR1C6P				1.0	
HNRNPH3				1.0	
RP11-9E13.4				1.0	
RUFY2		1.0		1.0	
RP11-671P2.1				1.0	4.0
TP53I3				1.0	
PFN4				1.0	
RP11-507M3.1		1.0	1.0	3.0	1.0
WDR92				1.0	
RPIA				1.0	
MIR375				1.0	
AC097468.4				1.0	
CCDC108		1.0		1.0	
LRRC14B				1.0	
CTD-2083E4.7				1.0	
CTD-2083E4.4		1.0		1.0	1.0
PLEKHG4B				1.0	
CCDC127		1.0		1.0	1.0
CTD-2218G20.1		1.0		1.0	3.0
AC092657.2		1.0		1.0	
FEZF1-AS1				1.0	
RP5-1101C3.1				1.0	1.0
RP4-713A8.1				1.0	
AL589739.1				1.0	
RP4-740C4.6				2.0	
RP4-740C4.5				2.0	
GJB5				1.0	
AL121988.1				1.0	
GJB3				1.0	
GJA4				1.0	
GJB4				1.0	
RP1-34M23.5				1.0	
SMIM12		1.0		1.0	
AL592294.1				1.0	
RP11-366L18.1		1.0		1.0	
ABCD3				1.0	
TMEM56		1.0		1.0	
RP11-57H12.2				1.0	
RP11-57H12.6		1.0		1.0	
RP11-57H12.3				1.0	
DENND2C				1.0	
RP11-759F5.1				1.0	
SLC39A1				1.0	
DENND4B				1.0	
MIR190B				1.0	
C1orf189				1.0	
C1orf43				1.0	
RP11-359E8.5				1.0	
RP11-354K1.1		2.0	1.0	3.0	
AL356310.1				3.0	
FDPSP8				3.0	
RP11-354K1.2		2.0	1.0	3.0	
RP11-261C10.4				1.0	
RP11-261C10.5				1.0	
AC092782.1				1.0	
RP11-406H21.2				1.0	
TRDMT1		1.0		2.0	
VIM		1.0		2.0	
RP11-124N14.3				2.0	
VIM-AS1		1.0		2.0	
ST8SIA6		1.0		2.0	
ARMC3		1.0		1.0	
RP11-135A24.4				1.0	
AL391839.1				1.0	
RNU6-1244P				1.0	
RP11-135A24.2				1.0	2.0
LINC01001				1.0	
PIGCP1				1.0	
DEPDC7				1.0	
TCP11L1		1.0		1.0	
CSTF3				1.0	
RNA5SP341				1.0	
RN7SKP259				1.0	
RP11-624G17.3				1.0	
RTN4RL2				1.0	
RNU7-59P				1.0	
DKFZP434E1119				1.0	
PAK1				1.0	
SIDT2				3.0	
RP11-253E3.1				1.0	
TSPAN9-IT1				1.0	
RND1		1.0		1.0	
RNU6-600P				1.0	
RP11-302B13.1				1.0	
CACNB3				1.0	
DDX23				1.0	
RP11-302B13.5		1.0		1.0	
CCDC65				1.0	
FKBP11				1.0	
AC073610.5		1.0		1.0	
RNU6-940P				1.0	
WNT1				1.0	
ARF3				1.0	
WNT10B				1.0	
DDN		1.0		1.0	4.0
RP11-386G11.3				1.0	
RP11-386G11.5				1.0	
PRKAG1				1.0	
KMT2D				1.0	
PRPF40B				1.0	
RP11-133N21.10				1.0	
FAM186B				1.0	
RP11-133N21.12				1.0	
TMBIM6				1.0	
FMNL3		1.0		1.0	
ITGA5				1.0	
RNU5E-5P				1.0	
RNA5SP367				1.0	
SPIC		1.0		1.0	
FAM109A				2.0	
AL138706.1				1.0	
CSNK1A1L				1.0	
SUPT20H		1.0		1.0	
RP11-747H7.3				1.0	
SPG21				1.0	
RP11-10O17.1		1.0		3.0	
RP11-10O17.3		2.0		2.0	
RP11-151H2.1				2.0	
SCAMP5				3.0	
AC092377.1		1.0		2.0	
RN7SL381P				3.0	
C16orf74				3.0	
GINS2				3.0	
RP11-81A22.5				2.0	
ATP6V0CP1				2.0	
RN7SL171P				2.0	
PLD2				2.0	
AC012146.7				2.0	
RP11-46I8.1				2.0	
ZFP3				2.0	
ZNF232		1.0		2.0	
USP6				2.0	
RP11-46I8.3		1.0		2.0	
ZNF594				1.0	
SCIMP		1.0		1.0	
RP11-333E1.2				1.0	
RP11-333E1.1		1.0		1.0	
RPS27AP1				1.0	
RP11-401O9.4		1.0		1.0	
RP11-401O9.3				1.0	
MYH13				1.0	
RP11-686D22.5				1.0	
RP11-686D22.4				1.0	
RP11-686D22.7				1.0	
RP11-686D22.8				1.0	
RP11-686D22.3				1.0	
SLFN12				1.0	
RP5-875H18.4				1.0	
RP11-893F2.13				1.0	
RP11-893F2.14				1.0	
ITGA3				1.0	
PDK2				1.0	
SAMD14		1.0		1.0	
PPP1R9B				1.0	
AC002401.1				1.0	
HILS1				1.0	
RP11-178C3.6				1.0	
CTD-2319I12.5				1.0	
HEATR6				1.0	
CTD-2319I12.2				1.0	
CTD-2319I12.1		1.0		1.0	
CTD-2319I12.4				1.0	
CTD-2319I12.3				1.0	
KRT18P8				1.0	
CTC-550B14.8				1.0	
NCR1				1.0	
PPP1R12C				1.0	
AC003682.16				2.0	
AC003682.17				2.0	
ZSCAN4				2.0	
ZIK1				2.0	
ZNF530				2.0	
ZNF134				2.0	
ZNF211		2.0		2.0	
ZNF551				1.0	
AC003006.7				1.0	
GALNT14				1.0	
XDH		1.0		1.0	
AC015969.3		1.0		1.0	
CNRIP1				1.0	
KRT8P10				1.0	
DUSP19				1.0	
AC064871.3				1.0	
NUP35		1.0		1.0	
ABCB6				2.0	
AC068946.1				2.0	
ANKZF1				2.0	
STK16				1.0	
ATG9A				2.0	
GLB1L				2.0	
DTYMK				1.0	
ATG4B				1.0	
AC133528.2		1.0		1.0	
AP5S1				1.0	
RP11-119B16.2				1.0	
MAVS		1.0		1.0	
PANK2		1.0		1.0	
MIR103A2				1.0	
RNF24				1.0	
PPIAP2				1.0	
ABHD12		2.0	1.0	2.0	
RP11-261P9.4				1.0	
STX16-NPEPL1		1.0		1.0	2.0
NPEPL1		1.0		1.0	
MIR296				1.0	
MIR298				1.0	
AL035250.1		1.0		1.0	
RP4-614C15.2				1.0	
RP4-614C15.3		1.0		1.0	
RP11-157P1.4				1.0	
MIR4758				1.0	
RP11-157P1.5				1.0	5.0
ADRM1				1.0	
CABLES2				1.0	
AF127577.10				3.0	
AF127577.11				3.0	
NRIP1		3.0		3.0	
RN7SL389P				1.0	
XXbac-B135H6.18				1.0	
THAP7				1.0	
THAP7-AS1				1.0	
AC002472.1				1.0	
CRKL				1.0	
XXbac-B135H6.15		1.0		1.0	
AIFM3				1.0	
TUBA3FP				1.0	
RN7SL385P				2.0	
LGALS1		1.0		2.0	
SH3BP1				2.0	
Z83844.1				2.0	
PDXP				2.0	
GGA1		1.0	1.0	2.0	
RNU6-900P				1.0	
C22orf23				1.0	
RP5-1039K5.17				1.0	
MICALL1		1.0		1.0	
SOX10				1.0	
EIF3L				1.0	
POLR2F				1.0	
MIR4534				1.0	
MIR4270				1.0	
RN7SL110P				1.0	
HACL1		1.0		1.0	
MIR563				1.0	
AC090945.1				1.0	
RN7SL859P				2.0	
RPL29P11				1.0	
RNU6-1227P		1.0		1.0	
WDR48				2.0	
RP11-2G17.1				2.0	
TM4SF1-AS1		1.0	1.0	2.0	2.0
RP11-278L15.2				2.0	
TM4SF18		1.0		1.0	2.0
TM4SF1				2.0	1.0
RP11-206M11.7				1.0	2.0
RNU6-838P				1.0	
RNU6-868P				1.0	
TEC				1.0	
OTP				1.0	1.0
CLINT1		1.0		1.0	
GPR110		1.0		1.0	
GPR115				2.0	
RP11-52J3.3				1.0	
RP11-52J3.2				1.0	
RP3-403L10.3				1.0	
PVRIG				3.0	
AC005071.1				3.0	
GATS		2.0		3.0	
RN7SL161P				1.0	
RP11-62H7.3		1.0		2.0	
RP11-981G7.3				4.0	
RP11-981G7.6				4.0	
PRSS55		1.0	1.0	4.0	
PRSS51		4.0	1.0	4.0	
SUB1P1				6.0	
RP11-297N6.4		2.0	2.0	6.0	1.0
RP11-589N15.2				6.0	
CTSB		2.0		6.0	
FDFT1		6.0	3.0	6.0	2.0
RP11-589N15.1				3.0	
RP11-10C8.2		1.0		2.0	
MTND4P7				2.0	
GNRH1				1.0	1.0
RP11-395I14.2				1.0	
KCTD9				1.0	1.0
RP11-642D21.1				1.0	
RP11-642D21.2				1.0	
AC105049.1				1.0	
RN7SL22P				2.0	
CA9				2.0	
MSMP		1.0		2.0	
RP11-112J3.15				2.0	
ARHGEF39				2.0	
TPM2		1.0		3.0	
TLN1		1.0		3.0	
CREB3		1.0		3.0	
GBA2				3.0	
RGP1		1.0		2.0	
OR7E108P				1.0	
SYK		3.0	1.0	3.0	
RP11-535M15.2		2.0		2.0	
RP11-535M15.1				2.0	2.0
ZNF510				2.0	
CTSV				2.0	2.0
HIATL2		2.0		2.0	
CTD-2026C7.1		2.0		2.0	2.0
SCNN1D				1.0	
CPSF3L		1.0	1.0	1.0	1.0
RP5-890O3.9				1.0	
TAS1R3				1.0	
RP5-902P8.10				1.0	
PUSL1				1.0	
GLTPD1		1.0		1.0	
AURKAIP1				1.0	
GNL2				1.0	
RSPO1		1.0	1.0	1.0	1.0
RP11-108L7.15				1.0	
PDZD7				1.0	
SFXN3				1.0	
KAZALD1		1.0	1.0	1.0	
RNA5SP350		1.0	1.0	1.0	
RP11-89C3.3				1.0	
MIR5693				1.0	
RP11-24B19.4				1.0	
SERPINE3		1.0	1.0	1.0	
INTS6		1.0	1.0	1.0	
RP11-24B19.3				1.0	
RNU6-234P		2.0	2.0	2.0	
AC016999.2				2.0	
TRAF3IP1		1.0		2.0	
ASB1				2.0	
RNU6-739P				1.0	
ADAMTS9-AS1		1.0	1.0	1.0	
RP11-601I15.1				1.0	
PDGFRA		1.0	1.0	1.0	
TRMT112P2				1.0	
CTD-2201I18.1		1.0	1.0	1.0	
THBS4		1.0		1.0	
SERINC5				1.0	
LINC00525				1.0	
HUS1		1.0	1.0	1.0	
PKD1L1				1.0	
RP4-740C4.7				1.0	
RP4-740C4.9				1.0	
RP4-740C4.8				1.0	
AL513477.1				1.0	
RER1		1.0	1.0	1.0	
PEX10				1.0	
PLCH2				1.0	
RP5-930J4.5				2.0	
RP5-930J4.2				2.0	
SH2D5		2.0	1.0	2.0	
RP5-930J4.4				2.0	
HP1BP3				2.0	
RP11-420K8.1				6.0	
RNU6-1058P				1.0	
RP11-184I16.3				1.0	
RP11-184I16.4				1.0	
RP4-713B5.2		2.0	1.0	5.0	
DR1		3.0	2.0	5.0	
RP11-350G8.9				4.0	
MYO3A		1.0	1.0	1.0	
RP11-435M3.2				1.0	
GAD2				1.0	
PRELID1P3				5.0	
AL391421.1				2.0	
RP11-400G3.3		1.0	1.0	1.0	
MTND4P20				1.0	
CYP2C58P				1.0	
CYP2C9				1.0	
RP11-285F16.1		1.0	1.0	1.0	
WNT8B				1.0	
KCNIP2				1.0	
C10orf76		1.0	1.0	1.0	
PITX3				1.0	
AL160011.1				1.0	
NFKB2				1.0	
FBXL15				1.0	
MIR146B		1.0	1.0	1.0	
C10orf95				1.0	
RP11-18I14.11				1.0	
PSD				1.0	
CUEDC2				1.0	
RP11-18I14.10				1.0	
TMEM180				1.0	
SIGIRR				1.0	
PKP3				1.0	
RP11-50B3.1				1.0	
RP11-50B3.4				1.0	
RNU4-86P				1.0	
RN7SL351P				1.0	
RP11-50B3.2				1.0	
RPUSD4		1.0	1.0	1.0	
FAM118B				1.0	
RP11-712L6.7				3.0	
B3GAT1		1.0	1.0	1.0	
RP11-627G23.1				1.0	
GLB1L2				1.0	
RP11-680A11.5				1.0	
C12orf10				1.0	
PFDN5				1.0	
PRR13				1.0	
RP11-793H13.8				1.0	
PCBP2				1.0	
FHP1				1.0	
AKAP11				1.0	1.0
TNFSF11		2.0	1.0	1.0	1.0
AL139318.1				1.0	
TGDS		1.0	1.0	1.0	
GPR180				1.0	
COL4A2-AS2		1.0	1.0	1.0	
COL4A2-AS1				1.0	
EIF2B2				1.0	
RP11-950C14.3				1.0	
RPS6KL1				1.0	
PGF		1.0	1.0	1.0	1.0
FOS				1.0	
RP11-293M10.5		1.0	1.0	1.0	
RP11-293M10.2				1.0	
RP11-293M10.4				1.0	
RP11-490O6.2				1.0	
SNN				1.0	
TXNDC11		1.0	1.0	1.0	
AC009095.4				2.0	
RP11-432I5.2		1.0	1.0	1.0	
MARVELD3				1.0	
PHLPP2				1.0	1.0
RPL39P31				1.0	
CTD-2545G14.2		1.0	1.0	1.0	
CLEC10A		1.0	1.0	1.0	
CTB-131K11.1				2.0	
RP11-613C6.2				2.0	
RP11-304F15.7				1.0	
RP11-304F15.3				1.0	
TAC4				1.0	
RP11-304F15.6				1.0	
RP11-304F15.4		1.0	1.0	1.0	
MIR635				2.0	
ARSG		1.0		3.0	
RP11-120M18.2		2.0	1.0	2.0	
WIPI1		2.0	1.0	2.0	
PRKAR1A				1.0	
RP11-640A1.3				1.0	
RP11-640A1.4				1.0	
TNFRSF11A		1.0	1.0	1.0	1.0
RNU6-195P				1.0	
SNRPA				1.0	
ITPKC				1.0	
C19orf54				1.0	
CTC-490E21.13		1.0	1.0	1.0	
AC092071.1				1.0	
CYP2B7P1				1.0	
CYP2B6		1.0	1.0	1.0	
CYP2A7P1				1.0	1.0
AC013472.4				2.0	
AC013472.3				1.0	
MIR4780				1.0	
SMYD1				1.0	
FABP1		1.0	1.0	1.0	1.0
IL36B				7.0	
MIR3679				1.0	
RNA5SP104				1.0	
AC005235.1		1.0	1.0	1.0	
RP11-544H14.1				1.0	
WDR12		1.0	1.0	1.0	
DDRGK1				1.0	
ITPA		1.0	1.0	1.0	
LZTS3				1.0	
RP4-738P15.1				1.0	
RP4-738P15.4				1.0	
GINS1		1.0	1.0	1.0	
VN1R108P		1.0	1.0	1.0	
RP13-401N8.1				1.0	
ZNF337				1.0	
FAM182B		1.0	1.0	1.0	
RP4-760C5.5		1.0	1.0	1.0	
RP4-760C5.3		1.0	1.0	1.0	
CTD-2514C3.1				1.0	
Z95114.4				2.0	
Z95114.5				2.0	
Z95114.6				2.0	
Z95114.7				2.0	
MTND1P10				2.0	
APOL3		2.0	2.0	2.0	
APOL4				2.0	1.0
Z95114.3				2.0	
RP5-1104E15.6				1.0	
MGAT3				1.0	
HSBP1P2				1.0	3.0
ELOVL6		1.0	1.0	1.0	3.0
DCLK2				1.0	
SLC1A3		1.0	1.0	1.0	
CTD-2353F22.1		1.0		1.0	
ATP6AP1L		1.0	1.0	1.0	
NRSN1		1.0	1.0	1.0	4.0
SNORD46		1.0	1.0	1.0	
KAAG1				1.0	1.0
RNU6-391P		1.0	1.0	1.0	
MRS2		1.0	1.0	1.0	2.0
GPLD1		1.0	1.0	1.0	4.0
ALDH5A1		1.0	1.0	1.0	3.0
KRT8P43				2.0	
RP3-369A17.4		1.0	1.0	1.0	
RP3-369A17.2				1.0	
RP11-682N22.1				1.0	
GPR22				1.0	
RN7SL178P				1.0	1.0
OR7E158P		1.0	1.0	2.0	
RP11-333A23.1		1.0	1.0	1.0	1.0
RP11-333A23.4				1.0	
NCOA2				1.0	
TNFRSF11B		1.0	1.0	1.0	2.0
RNU6-12P				1.0	1.0
RP11-278I4.1				1.0	
RP11-278I4.2				1.0	
MIR939				1.0	
MIR1234				1.0	
ADCK5				1.0	
RP11-490D19.11		1.0	1.0	1.0	
ZNF189				1.0	
ALDOB				1.0	
RP11-490D19.6				1.0	
TMEM246				1.0	
RP11-490D19.8				1.0	
CELP		1.0	1.0	1.0	
CEL				2.0	
FAM163B				2.0	4.0
DBH-AS1				1.0	
LL09NC01-254D11.1		2.0	2.0	2.0	2.0
RNU6-810P				1.0	
RP5-1073O3.2				1.0	
RAB25				1.0	
MEX3A				1.0	
AL355388.1				1.0	
LAMTOR2				1.0	
RP11-256K7.1				1.0	
RP11-375N9.2				1.0	
RP1-74B13.2		1.0		1.0	1.0
RPL29P25				1.0	
TMCO3		1.0		1.0	
RN7SL595P				1.0	
RN7SL707P				1.0	
KIAA0101		1.0		2.0	
TRIP4				1.0	
RP11-46I8.4				1.0	
CTC-524C5.2				1.0	
CTC-524C5.5				1.0	
DERL2				1.0	
NUP88				1.0	1.0
RPAIN		1.0		1.0	
C1QBP				1.0	
DHX33				1.0	
RABEP1				1.0	1.0
AC068669.1				1.0	
RAPGEFL1				1.0	1.0
CD209				2.0	
RPL21P129				2.0	
CLEC4GP1				2.0	
CLEC4G				2.0	
CLEC4M		2.0		2.0	
AC006486.1				1.0	
ERF				1.0	
PAFAH1B3				1.0	
DEDD2				1.0	
GSK3A				1.0	
AC006486.9				1.0	
CIC		1.0		1.0	
PRR19				1.0	
TMEM145				1.0	
ZNF526				1.0	
HMGN2P20				1.0	
RPL36AP13				1.0	
AC016727.1		1.0		1.0	
RP11-355B11.1				1.0	
AC016727.3				1.0	
RNU6-1145P				1.0	
AC012370.2				1.0	
AC012370.3		1.0		2.0	
AC074391.1		3.0		3.0	
KYNU		1.0		1.0	
COX5BP7				2.0	
FUNDC2P4		1.0		1.0	
CBX7		1.0		2.0	
AC098614.3				1.0	
RP11-222K16.2				1.0	
HNRNPA1P22				2.0	
RP11-431M7.3				1.0	
RP11-431M7.2				1.0	
DTHD1		1.0		1.0	
RP11-447E20.1		1.0		1.0	
AC008674.1				1.0	
CTB-43E15.4		1.0		1.0	
CTB-43E15.3				1.0	
RP1-151F17.1				1.0	
RP1-151F17.2				1.0	
HSF2				1.0	
RNU6-200P		1.0		2.0	2.0
RNU6-10P				2.0	
C9orf64		1.0		2.0	
KIF27		2.0		3.0	
RNY4P18		1.0	1.0	2.0	
RP11-1K3.1				3.0	
MIR140				1.0	
CLEC18A				1.0	
RP11-542A14.2		1.0		2.0	3.0
RP11-542A14.1				2.0	5.0
RP4-633I8.4				1.0	
RNU2-15P				2.0	
RP4-630A11.3				2.0	
LEPROT		1.0	1.0	2.0	
DNAJC6		1.0	1.0	2.0	
RN7SL854P		1.0		2.0	
RP11-454L1.2				1.0	
MIR4742				2.0	
CNIH3		1.0		1.0	
RP11-452K12.6				2.0	
RP11-452K12.7				2.0	
MIR3189				3.0	
LRRC25		2.0	1.0	3.0	
AC008397.1				4.0	
AC008073.9				2.0	
AC009228.1				2.0	
AC008073.7				2.0	
FAM228A		2.0	1.0	2.0	
RP11-299H21.1				1.0	
TMEM87B		1.0		1.0	1.0
AC009506.1				1.0	
AC009961.2				2.0	
AC009961.3		2.0	1.0	2.0	
RP11-723O4.9				1.0	1.0
RP11-723O4.3				1.0	
RP11-723O4.2				1.0	
ACPL2		1.0		1.0	
MFSD7				2.0	
RP11-1191J2.4				2.0	
RP11-440L14.4				2.0	
AC139887.4				2.0	
MYL5				2.0	
RP11-440L14.1				2.0	
HMGA1P2				2.0	
COX18				1.0	
HNRNPA1P55				1.0	
CXCL1P		1.0		1.0	
PF4				1.0	4.0
PPBP				1.0	
CXCL5				1.0	
CXCL3				1.0	
RP11-57B24.1				2.0	
MRPS36				1.0	
CCDC125		1.0		1.0	
CDK7		1.0		1.0	
RP11-256G5.1				3.0	
UBR2		3.0	1.0	3.0	
RP1-111C20.3				1.0	3.0
RSPH3				1.0	
RP1-111C20.4		1.0		1.0	1.0
TAGAP		1.0		1.0	
RP11-33I11.3		1.0		1.0	
AC022182.2				1.0	
PREX2		1.0		1.0	
KB-1254G8.1				1.0	
KB-1507C5.3				1.0	
AZIN1		1.0		1.0	
KB-1507C5.2		1.0		1.0	
RPL9				1.0	
LIAS				1.0	
RP11-1299A16.3				1.0	
TSPAN5		1.0		1.0	
ADH7				1.0	
RP11-397C12.1				1.0	
RNU4-88P				1.0	
AQP10				2.0	
MPTX1				1.0	
OR10J2P				1.0	
OR10J3				1.0	2.0
OR10J7P				1.0	
OR10J8P				1.0	
FCER1A				1.0	
RP11-550P17.5		1.0	1.0	1.0	2.0
OR10J1				1.0	
RP11-180D21.3		1.0	1.0	1.0	
RP11-419N10.5		1.0	1.0	1.0	8.0
DUSP23				1.0	
SLAMF8				1.0	
SNORD64				1.0	
C1orf204				1.0	
FCRL6		1.0	1.0	1.0	
AL353751.1				1.0	
RP11-149I23.3				1.0	
AC004812.1				2.0	
PXN-AS1				1.0	
RPS20P31				1.0	
NME2P1				1.0	
RNU4-2				1.0	
RNU4-1				1.0	
PXN		1.0	1.0	1.0	
RNU6-1088P		1.0	1.0	1.0	
SIRT4		1.0	1.0	1.0	
RP11-883G14.4				1.0	2.0
SOD1P2		1.0	1.0	1.0	1.0
RP11-437L7.1		1.0	1.0	1.0	4.0
RP11-973H7.1				1.0	2.0
SLC4A1AP		1.0	1.0	4.0	
AC074091.13		2.0	2.0	3.0	1.0
AC079753.4				1.0	
AC079753.5				1.0	
IL37		1.0	1.0	1.0	
AL080243.1				1.0	
RP11-95M15.1		1.0	1.0	1.0	6.0
RP11-95M15.2				1.0	2.0
RP11-356I2.1				1.0	1.0
AC002480.2				2.0	1.0
AC002480.5				2.0	
AC005682.5		1.0	1.0	1.0	
SNORD93				1.0	
AC005682.7				1.0	
TOMM7				1.0	
AC005682.6				1.0	
AC005682.8				1.0	
PP13004				1.0	
RP11-196O2.1				1.0	
AC083864.3		1.0	1.0	1.0	
GS1-259H13.2				1.0	
ZSCAN25				1.0	
BTBD7P2		1.0		1.0	3.0
FOXA2		1.0		1.0	
RP4-788L20.3				1.0	4.0
TNIK				1.0	
GPR139		2.0		2.0	
FMNL1				1.0	
RN7SL807P				1.0	
RP11-395N3.1				1.0	
RP11-395N3.2				1.0	
RHBDD1				1.0	
UBE2J2				1.0	
RP11-118A3.1		1.0	1.0	1.0	
AC012485.2				1.0	
SLC27A6		2.0	1.0	3.0	3.0
HMGB3P9				1.0	
RP4-790G17.7				2.0	
CA14				2.0	
APH1A				2.0	
C1orf54				2.0	
C1orf51				2.0	1.0
RP3-395P12.2				1.0	2.0
RP11-341B24.3		1.0	1.0	1.0	
RP11-603J24.9				1.0	
PA2G4				1.0	
RP11-603J24.17				1.0	
RPL41				1.0	
ZC3H10				1.0	
RP11-603J24.6				1.0	
RP11-603J24.5				1.0	
ESYT1				1.0	
RP11-44N21.4				1.0	
NUDT14				1.0	
AL928742.1				1.0	
AL928742.2				1.0	
AL928742.12				1.0	
IGHE				1.0	
RP11-731F5.1				1.0	
IGHG2				1.0	
RP11-731F5.2				1.0	
ELK2AP				1.0	
AL928768.3		1.0	1.0	1.0	2.0
IGHA1				1.0	
AL901608.1				1.0	
IGHEP1				1.0	
IGHG1				1.0	
IGHGP				1.0	
IGHD2-15				1.0	
IGHD1-14				1.0	
IGHD6-13				1.0	
IGHD5-12				1.0	
IGHD4-11				1.0	
IGHD3-10				1.0	
IGHD3-9				1.0	
IGHD2-8				1.0	
IGHD1-7				1.0	
IGHD6-6				1.0	
IGHD5-5				1.0	
IGHD4-4				1.0	
IGHD3-3				1.0	
IGHD2-2				1.0	
KIAA0125				1.0	
IGHD1-1				1.0	
IGHV6-1				1.0	
IGHVII-1-1		1.0	1.0	1.0	
ADAM6				1.0	
AB019441.29				1.0	
IGHV1-2				1.0	
AC009677.1		2.0	1.0	2.0	1.0
AC021818.1				2.0	
RP11-19J5.1				1.0	
RP11-69H7.4				2.0	
IL21R-AS1				1.0	
RP11-264B17.2				1.0	
MIR4517				1.0	
SPNS1				1.0	
RP11-264B17.4				1.0	
RP11-264B17.5				1.0	
RP11-264B17.3		1.0	1.0	1.0	
LAT		1.0	1.0	1.0	
RP1-77H15.1				1.0	
ZNF287		1.0	1.0	1.0	
SRP68P1				1.0	
RP11-92B11.3				1.0	
FAM106CP				1.0	
RP11-219A15.2				1.0	
RP11-219A15.3				1.0	
AC022596.6		1.0	1.0	1.0	
KRT16P2				1.0	
AC022596.2				1.0	
COTL1P1		1.0	1.0	1.0	
USP32P1				1.0	
RP11-219A15.4				1.0	
KRT17P1				1.0	
RP11-219A15.1				1.0	1.0
RP11-670E13.2				1.0	
RNU6-1158P				1.0	
RP11-670E13.3				1.0	
TRIM25				1.0	
RP11-670E13.5				1.0	
DGKE		1.0	1.0	1.0	
PTRH2				2.0	
CALR3		1.0	1.0	2.0	
SLC25A42				1.0	
TMEM161A				1.0	
AP2A1				1.0	
KIR2DP1				1.0	
KIR2DL1				1.0	
KIR3DP1				1.0	
CTB-61M7.1				1.0	
KIR2DL3				1.0	
KIR2DS4				1.0	
KIR3DL2				1.0	
KIR3DL1		1.0	1.0	1.0	
KIR2DL4		1.0	1.0	1.0	
RNU6-222P				1.0	
LONRF2		1.0		2.0	
RP11-462D18.2				2.0	
RRBP1		2.0	2.0	2.0	
BANF2		1.0		1.0	
DERL3		1.0	1.0	1.0	
SMARCB1				1.0	
THOC5		2.0	1.0	2.0	5.0
CTA-256D12.11		2.0	1.0	2.0	1.0
NIPSNAP1				2.0	
NEFH				2.0	
RPS15AP38		1.0	1.0	1.0	
BX470187.1				1.0	
RP5-1119A7.14				1.0	
TXN2				1.0	
AC117490.2				1.0	
CTD-2078B5.2		2.0	1.0	2.0	
CCDC11P1				2.0	
RNA5SP185				1.0	
PSMC1P4				1.0	
RN7SL47P				1.0	
RNU6-344P				1.0	
RP11-10J5.1				1.0	1.0
RP11-356I2.4		1.0		1.0	
RP11-240M16.1				1.0	
RP11-445F6.2				1.0	
TXLNB		1.0	1.0	1.0	
GPR31				1.0	
TCP10L2				1.0	
RP11-517H2.6		1.0	1.0	1.0	8.0
CHPF2				1.0	
MIR671				1.0	
RP4-548D19.3				1.0	
RP5-1070G24.2				1.0	
IQCA1P1				1.0	
ABCF2				1.0	
RNU6-1202P				1.0	
RP11-91I20.4				1.0	
RP11-163N6.2		1.0	1.0	1.0	4.0
MIR1207				1.0	
TUBB8P1				1.0	
TLE4		2.0	1.0	2.0	
SEC61A2				1.0	2.0
RP11-325D15.2				1.0	
C10orf11		1.0		1.0	
MIR1284				1.0	
FOXP1-IT1				1.0	
RP11-538P18.1				1.0	1.0
RP11-3K16.2				1.0	
RP11-738E22.3				1.0	
NOA1				1.0	
ARHGEF38-IT1				1.0	
ARHGEF38		1.0		1.0	
CTD-2363C16.1				1.0	
CTD-2363C16.2				1.0	
AC006026.9		1.0		1.0	
AC006026.10				1.0	
CCDC126				1.0	
RP11-272L13.4				1.0	
DPYD		1.0		1.0	1.0
SNAPC3				1.0	
PSIP1		1.0		1.0	
RP11-462G12.4				3.0	
RP4-583K8.1				1.0	
AL590431.1				1.0	
SNORA58				1.0	
HAX1		1.0	1.0	1.0	
SNORD59				1.0	
RNU6-239P				1.0	
RP5-956O18.2		1.0	3.0	1.0	
RP5-956O18.3		1.0	3.0	1.0	
AL691479.1				1.0	
PGBD5				1.0	
AL356214.1				1.0	
FFAR4		1.0	2.0	1.0	
RBP4				1.0	
PDE6C				1.0	
MIR5582				1.0	
SNORD67				1.0	
AP001891.1		1.0	1.0	1.0	
TAGLN		1.0	1.0	2.0	3.0
DSCAML1				1.0	
RP11-14C10.1				1.0	
RPS24P17				1.0	
RNU6-468P				1.0	
RP11-524F11.2				1.0	
PEMT		1.0	2.0	1.0	
CD300LG				1.0	
ZNF865				1.0	
ZNF784				1.0	
ZNF580				1.0	
ZNF581				1.0	
OST4				1.0	
KHK				1.0	
DNAJC5G		1.0	1.0	1.0	
UCN				1.0	
SLC30A3				1.0	
MPV17				1.0	
GTF3C2				2.0	
TRIM54				1.0	1.0
RP11-465L10.10				1.0	
SLC12A5		1.0	1.0	1.0	
RPL13P2				1.0	1.0
BAP1				1.0	
PHF7				2.0	1.0
SEMA3G				2.0	
MIR4452				1.0	
HSD17B11				1.0	
RP11-313P13.5				1.0	
NSUN5P2				1.0	
AC005488.11				1.0	
AC005488.1				1.0	
TRIM74				1.0	
STAG3L3				1.0	
NSUN5				1.0	
NCF1B				1.0	
GTF2IRD2P1		1.0	1.0	1.0	
POM121B				1.0	
TRIM50				1.0	
RP11-483G21.3				1.0	
FZD9		1.0	1.0	2.0	
SLC35G5				3.0	
AF131216.6		3.0	1.0	3.0	
RP11-1105O14.1				1.0	
INTS10		1.0	3.0	1.0	
SLC18A1		1.0	1.0	1.0	
RP11-114M5.1				1.0	
RP11-392O17.1		2.0		2.0	6.0
RP11-95P13.1		2.0		2.0	7.0
RPL17P41				1.0	
RNU6-964P				1.0	
FBXO36-IT1				1.0	
RNU6-1027P				1.0	
FBXO36		1.0		1.0	
RPS26P52				1.0	
CTD-2135D7.3				1.0	
ERCC4		1.0		1.0	
CTD-2135D7.2		1.0		1.0	
RHOBTB1				1.0	
LINC00845		1.0	1.0	1.0	
RP11-514A9.1				1.0	
AC144521.1		2.0	1.0	2.0	14.0
CTD-2203A3.1		1.0	1.0	1.0	1.0
RP5-894A10.6				1.0	
RNU1-82P				1.0	
KIAA1147				1.0	
SSBP1				1.0	
WEE2-AS1		1.0	1.0	1.0	
WEE2		1.0	1.0	1.0	
OR9A4				1.0	
CLEC5A				1.0	
TAS2R38				1.0	
MGAM		1.0	1.0	1.0	
ZIC5		1.0		2.0	
ZIC2				2.0	
LINC00554		1.0		2.0	
CTD-2335O3.3		1.0		1.0	1.0
SNX18P2				1.0	
ANKRD19P		1.0		2.0	
ZNF484				1.0	
RP11-526D8.7		1.0		1.0	
ALOX15P2				1.0	
CELA2B				2.0	
SFN				2.0	
MTF2		4.0	1.0	4.0	
PIAS3				1.0	
ANKRD35				1.0	
NUDT17				1.0	
POLR3C				1.0	
RNF115		1.0		1.0	
CD160				1.0	
GPR89A				1.0	
PDZK1		1.0		1.0	
RP11-96C23.9				1.0	
RN7SL733P				1.0	
FAM35A		1.0		1.0	
RP11-328K15.1		1.0		1.0	2.0
RP11-21A7A.4				1.0	2.0
RP11-21A7A.3				1.0	
FLRT1		1.0		1.0	
RP11-21A7A.2				1.0	3.0
MIR1237				1.0	
AP003774.6				1.0	1.0
RPS6KA4		1.0		1.0	4.0
AP003774.5				1.0	1.0
AP005273.1				1.0	
AP006288.1		1.0		1.0	
SLC22A12		1.0		1.0	
AP001092.4				1.0	
AP001462.6				1.0	
MEN1		1.0		1.0	1.0
PYGM				1.0	
SF1				1.0	
RP11-869B15.1				1.0	
MAP4K2				1.0	
CDC42BPG		1.0		1.0	1.0
EHD1				1.0	
ZFPL1				1.0	
AP003068.6				1.0	
AP003068.9				1.0	
ZNHIT2				1.0	
AP003068.12				1.0	
FAU				1.0	
MRPL49				1.0	
RNU2-23P				1.0	
AP003068.17				1.0	
SPDYC				1.0	
AP003068.18				1.0	
PGAM1P8				1.0	
CDCA5				1.0	
VPS51				1.0	
SYVN1		1.0		1.0	
HIGD1AP10				1.0	
AP003068.23				1.0	
TM7SF2				1.0	
BANF1				1.0	
CST6				1.0	1.0
RP11-1167A19.2				1.0	
EIF1AD				1.0	
GAL3ST3		1.0		1.0	1.0
SF3B2				1.0	
MIR1228				1.0	
RP11-58A17.3				1.0	
XRCC6BP1				1.0	
RP11-620J15.3		1.0		1.0	
RP11-345M22.3		3.0	2.0	1.0	1.0
RP11-515O17.2				1.0	
RP11-515O17.3				1.0	
HLF		1.0		1.0	
RP11-77O7.1				1.0	
AC092431.2				1.0	
RP11-747H12.7				1.0	
AC073648.1				1.0	
RP11-747H12.5				1.0	
RP11-747H12.6				1.0	
ENPP7P10		1.0		1.0	
USP17L25				1.0	
USP17L26				1.0	
USP17L5				1.0	
USP17L27				1.0	
USP17L28				1.0	
USP17L29				1.0	
USP17L9P				1.0	
USP17L30				1.0	
USP17L6P				1.0	
RNA5SP153				1.0	
RP11-1396O13.15				1.0	2.0
RP11-1396O13.13		1.0		1.0	
RP11-1396O13.14				1.0	
OR7E86P				1.0	
OR7E84P				1.0	
AC116655.1				1.0	
UNC93B7				1.0	1.0
OR7E83P		1.0		1.0	
RP11-1396O13.22		1.0		1.0	
RP11-1396O13.1		1.0		1.0	
MIR548I2				1.0	
OR7E85P				1.0	1.0
RP11-1396O13.2		1.0		1.0	
RP11-264E23.1				1.0	
AC097493.1		1.0		1.0	1.0
ENPP7P11		1.0		1.0	1.0
FAM86MP				1.0	
ALG1L3P				1.0	
RP11-751L19.1		1.0		1.0	3.0
OR7E35P		1.0		1.0	2.0
DRD5				1.0	
RNA5SP154				1.0	
RP13-560N11.1				1.0	
RP11-448G15.1				1.0	
RP11-448G15.3		1.0		1.0	3.0
MIR3138				1.0	
RNA5SP155				1.0	
RP11-480G3.1		1.0		1.0	
AC006499.7		1.0		1.0	
AC006499.6				1.0	4.0
AC006499.9				1.0	
AC006499.8				1.0	
AC006499.5		1.0		1.0	
AC006499.4				1.0	1.0
AC006499.3				1.0	
AC006499.1				1.0	1.0
RP11-136I13.1		1.0		1.0	4.0
ZNF518B		1.0		1.0	1.0
RP11-136I13.2		1.0		1.0	
CLNK		1.0		1.0	3.0
RP11-61G19.1		1.0		1.0	4.0
SPP1		1.0		1.0	
RNU1-36P				1.0	
RNU6-818P				1.0	
RNU6ATAC31P				1.0	
RP11-147K6.2				1.0	
RNU6-1298P				1.0	
RNU6-112P				1.0	
PPM1K				1.0	3.0
RP11-10L7.1		1.0		1.0	
HERC6				1.0	
CTD-2024P10.1				1.0	
RAI14		1.0		1.0	
RP11-480N24.3				1.0	
CRIP3				1.0	
TTBK1				1.0	
RNU4ATAC15P				1.0	
RP11-326F20.5		1.0		1.0	
SPINK4				1.0	
AC007392.3		1.0		1.0	3.0
RP11-328K22.1				1.0	
CDHR1				1.0	
LRIT1				1.0	
RGR		1.0		1.0	
LINC00858				1.0	
LRIT2				1.0	
METTL7B				1.0	
BLOC1S1				1.0	
CD63				1.0	
RP11-644F5.11				1.0	
RP11-644F5.12				1.0	
RP11-762I7.4				1.0	
RP11-644F5.10		1.0		1.0	1.0
GDF11				1.0	
SARNP				1.0	
RP11-762I7.5				1.0	
ITGA7				1.0	
NDUFA12P1				1.0	
GJD2		1.0		1.0	1.0
RP11-814P5.1				1.0	
AC069082.1				1.0	
RASGRF1		1.0		1.0	1.0
NOG		2.0		1.0	2.0
API5P2				1.0	
AC011998.2				1.0	
AC011998.1		1.0		1.0	
RP1-69D17.3				2.0	
RP1-69D17.4				2.0	1.0
RP11-570H19.2		1.0		1.0	
CTD-2586B10.1				1.0	
AC092566.1		1.0		1.0	5.0
ACTL9				1.0	
RP11-294L13.1				1.0	
RP11-118D22.3				1.0	
LCE1F				1.0	
LCE1D		1.0		1.0	
LCE1C		1.0		1.0	
LCE1B				1.0	
LCE1A				1.0	
LCE6A				1.0	
KPRP				1.0	
LINC00899				2.0	
CTC-458I2.2				1.0	
AL353354.1				1.0	
AL353354.2				1.0	
ATPIF1				1.0	
RP5-1092A3.4				1.0	
PTAFR				1.0	
DNAJC8		1.0		1.0	
SESN2				1.0	
RP5-1092A3.5				1.0	
RGL1		1.0		1.0	5.0
ST8SIA6-AS1				1.0	
PRPF38AP2		1.0		1.0	
PTPLA		1.0		1.0	
RP11-390B4.5		1.0		1.0	
STAM		1.0		1.0	
snoR442				1.0	
RP11-390B4.3				1.0	
SLC39A12-AS1				1.0	
RP11-109I13.2		1.0		1.0	
ARL5AP2				1.0	
RPL7P36				1.0	
CNNM1		1.0		1.0	
GOT1				1.0	
RP11-441O15.3		1.0		1.0	
RP11-316M21.6				1.0	
SNORA12				2.0	
PHBP9				1.0	
RNU6-422P				1.0	
RP11-179H18.4				2.0	
RN7SL846P				1.0	
HEPHL1		1.0	1.0	1.0	
PANX1		1.0	1.0	1.0	
RP11-680H20.2		1.0		1.0	
AP000708.1		1.0		1.0	
RNU6-1156P				1.0	
FEZ1				1.0	
EI24				1.0	
STT3A-AS1				1.0	
FAHD2P1				1.0	
RP11-247L20.3				2.0	
CDKL1		2.0		2.0	
MAP4K5				2.0	
NPTN				1.0	2.0
RP11-434E6.2		1.0		1.0	
RNU6-1155P				1.0	
SLC38A7				1.0	
GOT2		1.0		1.0	
RP11-410D17.2				1.0	
RN7SL143P				1.0	
GEMIN8P2				1.0	
PSMD7P1				1.0	
CTB-54O9.9				1.0	
DUS3L				1.0	
AC011499.1				1.0	
PRR22				1.0	
AC024592.9				1.0	
FUT5				1.0	
AC024592.12				1.0	
EXOSC3P2				1.0	
AC104695.3				1.0	1.0
RP11-373D23.2				1.0	
RP11-171I2.4				1.0	
PARVB				1.0	7.0
FLNB-AS1				1.0	
DNASE1L3				1.0	
RP11-359I18.5		1.0		1.0	
KCTD6		1.0		1.0	
RP11-359I18.1				1.0	
ACOX2		1.0		1.0	
RP11-475O23.2				1.0	
FAM107A				1.0	
AC008850.3				1.0	
CTD-2260A17.2		1.0		1.0	5.0
AC011406.2				2.0	
RPS20P4				2.0	
TIGD6				2.0	
CSF1R		1.0	1.0	2.0	
HMGXB3		2.0	1.0	2.0	
GFOD1-AS1				1.0	
RPS4XP7		1.0		1.0	
RN7SKP204				1.0	
AL583828.1				1.0	
RN7SL303P				1.0	
RP11-875O11.1		1.0		1.0	
RHOBTB2		1.0		1.0	
SMU1				1.0	
RP11-274J16.5				1.0	
RP11-370F5.4				1.0	
SUSD3				1.0	
C9orf89				1.0	
NINJ1		1.0		1.0	
MURC		1.0		1.0	
RN7SKP87				1.0	
MSANTD3-TMEFF1		1.0		1.0	
TMEFF1		1.0		1.0	
RP11-9M16.2				1.0	
AKNA		1.0	1.0	1.0	
DFNB31				1.0	2.0
ARHGAP26-IT1				1.0	
RP11-298J20.3				1.0	
ZNF598				1.0	
AC012317.1				1.0	
NPR2				1.0	
RP11-112J3.16				1.0	
MRPS6P4				1.0	
RP11-13A1.3				1.0	
TIMM9P1				1.0	
RNU6-60P				1.0	
LACTB				1.0	
APH1B		1.0	1.0	1.0	
RP11-3K24.2				1.0	
USP32		1.0	1.0	1.0	
ZNF569				2.0	
ZNF527				2.0	
CTD-2528L19.3				1.0	
CTD-2528L19.6				1.0	
ZNF781				1.0	
CTD-2528L19.4		1.0	1.0	1.0	
ZNF607		1.0	1.0	1.0	
ZFP30				1.0	
CTC-537E7.1		1.0	1.0	1.0	3.0
CTC-537E7.2				1.0	1.0
TMEM60				1.0	
RSBN1L				1.0	
WBP1LP2				1.0	
BANF1P5				1.0	
BCAP29				1.0	
SLC26A4-AS1		1.0	1.0	1.0	
SLC26A4				1.0	
ARF5				1.0	
FSCN3				1.0	
RP11-20L24.1				1.0	
RP11-280O24.1				1.0	
RP11-151F5.2				1.0	
CTA-215D11.4				1.0	
RP11-431K24.1		1.0		1.0	7.0
RN7SL721P				1.0	
UBE2V2P3				1.0	
UBIAD1				1.0	4.0
RNA5SP41				1.0	
AL359771.1				1.0	
CTA-520D8.2				1.0	
PDPN		1.0		1.0	
RP11-108M9.1				1.0	
RP11-108M9.2				1.0	
MIR3675				1.0	
U1				1.0	
RP11-108M9.4				1.0	
RP11-108M9.5				1.0	
RNU1-2				1.0	
RP11-108M9.6				1.0	
PADI2		1.0		1.0	
MIR4419A				1.0	
RP5-979D14.1				1.0	
KDM1A				1.0	
RP1-184J9.2				1.0	
RP11-569G9.7				2.0	
FOXE3				1.0	
FOXD2-AS1				1.0	
FOXD2		1.0		1.0	
RP4-666O22.3				1.0	
RPL21P24				1.0	
RP11-511I2.2				1.0	
AL356458.1		1.0		1.0	
ATP6V0E1P4				1.0	1.0
HMGB1P45		1.0		1.0	4.0
FCF1P6				1.0	
RP4-705F19.1		1.0		1.0	12.0
SSBP3				1.0	5.0
RNA5SP51				1.0	
RP11-386I23.1				2.0	
RNU6-970P				2.0	
RN7SL692P		1.0		2.0	
AC093577.1				2.0	
RNU6-210P		1.0		2.0	
FNBP1L				1.0	
RP11-337C18.7				1.0	
RP11-337C18.10				1.0	
FMO5				1.0	
RP11-196G18.22				1.0	
RP11-196G18.24				1.0	
HIST2H2BC				1.0	
HIST2H2AA4				1.0	
HIST2H3A				1.0	
HIST2H4B				2.0	
PSMD4		1.0		2.0	
RP11-126K1.2				1.0	
RN7SL444P				1.0	
PI4KB				1.0	
ZNF687				1.0	
RP11-397P13.6				1.0	
RP11-397P13.7				1.0	
LAX1				1.0	
ZBED6				1.0	
ZC3H11A		1.0		1.0	
MIR3122				1.0	
DTL				1.0	1.0
INTS7		1.0		1.0	
CNIH4				1.0	
RP11-1B20.1				1.0	
CTD-2090I13.2				1.0	
RPL23AP23				1.0	
AL391994.1				1.0	
RP11-382D8.3				1.0	
RP11-382D8.5				1.0	
GGPS1		1.0		1.0	
ARID4B		1.0		2.0	
TBCE				1.0	
OTUD1		1.0		1.0	
RP11-119F7.5				1.0	
RP11-119F7.6				1.0	
CCAR1				1.0	3.0
MIR3157				2.0	
CCNJ				2.0	
NPM1P25				1.0	
BLNK				1.0	
MIR607		1.0		1.0	
LCOR				1.0	
SFXN4				1.0	
PRDX3				1.0	
MIR4681				1.0	
RP11-79M19.2				1.0	
MIR4682				1.0	1.0
MCMBP				1.0	
RP11-62L18.3		1.0		1.0	3.0
MIR4298				3.0	
AC051649.12		1.0		3.0	3.0
C11orf89				3.0	
AC051649.16		1.0		3.0	2.0
SYT8				3.0	
RNU6-593P				2.0	
CTD-3236F5.1				2.0	
RP11-452G18.1				1.0	
PIK3C2A		2.0		2.0	2.0
PHF21A		1.0		1.0	
OR4C4P				3.0	
OR4C5		2.0	2.0	3.0	
OR4C2P		1.0	2.0	2.0	1.0
OR4C10P				2.0	
TRIM51GP				1.0	
CTD-2026G22.1		1.0		2.0	2.0
AP000662.9				2.0	
C11orf31				1.0	
BTBD18				1.0	
TMX2		1.0		2.0	
TMX2-CTNND1		1.0		2.0	1.0
RP11-691N7.6				1.0	1.0
CTNND1				1.0	1.0
RP11-1167A19.6		1.0		1.0	
SART1				1.0	
CCDC87				1.0	
RNU4-39P				1.0	
RP11-658F2.8				1.0	
CCS				1.0	
RBM14				1.0	
RBM4		1.0		1.0	
RBM4B				1.0	
NUDT8				1.0	
ACY3				1.0	
RP11-655M14.13				1.0	
TBX10				1.0	
AP003385.2				1.0	
RP5-903G2.2				1.0	
RP5-901A4.5				1.0	
OR7E1P				1.0	
NDUFS8				1.0	
MIR4691				1.0	
ALDH3B1				1.0	
RP5-901A4.1				1.0	
UNC93B1		1.0		1.0	
ANO1-AS1				1.0	
RP11-805J14.3		1.0		1.0	
MIR326				1.0	
SNORD15A				1.0	
ARRB1		1.0		1.0	
RPS3				1.0	
SNORD15B				1.0	
ZNF123P				1.0	
ARHGAP32		1.0		1.0	
RP11-598F7.6				1.0	
IQSEC3				1.0	
RP11-377D9.3				1.0	
KIAA1467		1.0		1.0	
GSG1		1.0		1.0	
RPL30P11		1.0		1.0	
ATF7IP				1.0	
COQ10A				1.0	
RP11-977G19.14				1.0	
RP11-305O6.3				1.0	
RBMS1P1				1.0	
AC078889.1				1.0	
TMBIM4				1.0	
IRAK3		1.0		1.0	
RP1-81P11.1		1.0		1.0	
RNA5SP369				1.0	
RNU6-1183P				1.0	
RP11-511H9.4				1.0	
GNPTAB				1.0	
MIR3652				1.0	
AC078819.1				1.0	
RP11-642P15.1				1.0	
TDG				1.0	3.0
GLT8D2				1.0	
HSP90B1				1.0	1.0
RIC8B				1.0	
RPS11P5				1.0	
RNU6-327P				1.0	
ANKLE2				1.0	
GOLGA3		1.0		1.0	
CHFR				1.0	
HNRNPA1P30				1.0	
PPIAP27				1.0	
RPSAP54				1.0	
RNU6-51P				1.0	
LATS2-AS1				1.0	
RNU4-9P				1.0	
LATS2		1.0		1.0	
CAB39L		1.0		1.0	
PSMD10P3		1.0		1.0	
KLF5				1.0	
PIBF1				1.0	
MIR17HG		1.0		1.0	
GPC5				1.0	
AE000658.22				1.0	
METTL3		1.0		1.0	
SALL2				1.0	
RABGGTA				1.0	
NKX2-1		1.0		1.0	
NKX2-1-AS1		1.0		1.0	
PHKBP2				1.0	
RP11-896J10.3				1.0	2.0
SFTA3				1.0	
RNU6-419P				1.0	
RP4-647C14.3				1.0	
PAPLN		1.0		1.0	
RP4-647C14.2				1.0	
PSEN1				1.0	
CTD-2207P18.2				1.0	
RP11-270M14.5				1.0	
TGFB3		1.0		1.0	
TTLL5				1.0	
IFT43		1.0		1.0	
RP11-529H20.6				1.0	
RP11-529H20.5				1.0	
NDUFB1				1.0	
CPSF2				1.0	
ATXN3		1.0		1.0	
MIR770				1.0	
MIR493				1.0	
MIR337				1.0	
MIR665				1.0	
RTL1		1.0		1.0	
MIR431				1.0	
MIR433				1.0	
MIR127				1.0	
MIR432				1.0	
MIR136				1.0	
AL117190.3				1.0	
AL117190.1				1.0	
MIR370				1.0	
SNORD113-1				1.0	
SNORD113-2				1.0	
SNORD113-3				1.0	
SNORD113-4				1.0	
MEG8				1.0	
RP11-123M6.2				1.0	3.0
CTD-3051D23.4				1.0	
TEX22				2.0	
RP11-540O11.4				2.0	1.0
RP11-540O11.7				2.0	
CYCSP2				1.0	
NUSAP1				1.0	
RP11-227D13.1				1.0	
RP11-394B5.2				1.0	
TNFAIP8L3		1.0		1.0	1.0
RP11-108K3.2		1.0		1.0	
RP11-108K3.5				1.0	
RP11-108K3.4				1.0	
HMGN2P47				1.0	
RP11-279F6.3				1.0	1.0
HEXA-AS1				1.0	
RP11-106M3.1				1.0	
MIR630				1.0	
RP11-1006G14.4				1.0	
RP11-361M10.3		1.0		1.0	
RN7SL485P				1.0	
RP11-1006G14.3				1.0	
RP11-1006G14.2				1.0	
RP11-1006G14.1				1.0	
ARIH1				1.0	1.0
RP11-247C2.2				1.0	
ISLR		1.0		2.0	
ISLR2				1.0	
STRA6				2.0	
RP11-60L3.1				2.0	
CCDC33		1.0	1.0	2.0	2.0
RP11-665J16.1		1.0		2.0	1.0
CTD-2311M21.3				1.0	
RP11-60L3.2				1.0	
CYP11A1		1.0		1.0	1.0
CTD-2311M21.2				1.0	
ARID3B				1.0	
RP11-331H13.1				1.0	
RN7SKP217				1.0	
RP11-761I4.4				1.0	
STARD5				1.0	
RP11-761I4.3				1.0	
IL16		1.0		1.0	
TMC3				1.0	
CTD-2034I4.2				1.0	
CTD-2034I4.1		1.0		1.0	
RP11-342A23.1		1.0		1.0	
EFTUD1P1				1.0	
RP13-262C2.3		1.0		1.0	
RP11-182J1.16				1.0	
RP11-182J1.5				1.0	
RP11-182J1.1				1.0	
EGLN1P1				1.0	
LINC00933				1.0	
ZSCAN2		1.0		1.0	
SCAND2P				1.0	
WDR73				1.0	
RP11-158M2.2				2.0	
RP11-815J21.1				2.0	1.0
RNA5SP402				1.0	
RP11-90E5.1				1.0	
VIMP				1.0	
SNRPA1				1.0	
RP11-299G20.2				1.0	
MIR3677				1.0	
MIR4717				1.0	
ABCA3				1.0	
ABCA17P		1.0		1.0	
CCNF				1.0	
RP11-20I23.8				1.0	
RP11-20I23.7				1.0	
CTD-3126B10.1				1.0	
RP11-20I23.13				1.0	
RP11-20I23.11				1.0	
AC141586.5				1.0	
PDPK2				1.0	
PDPK1		1.0		1.0	
RP11-20I23.6				1.0	
UBALD1				1.0	
RN7SL850P				1.0	
NUDT16L1				1.0	
RP11-709D24.6				1.0	
ANKS3				1.0	
MGRN1		1.0		1.0	
RP11-77H9.6				1.0	
CARHSP1				1.0	
RP11-65J21.1				1.0	
RP11-680G24.4				1.0	
RRAD				2.0	
FAM96B				2.0	
CES3		2.0		2.0	
CDH16				2.0	2.0
CES4A				2.0	
CES2				2.0	1.0
RP11-361L15.4				2.0	
KARSP3				1.0	
RNU4-30P				1.0	
RNU6-22P				1.0	
TMED6				1.0	
RP11-343C2.10				1.0	
RP11-343C2.9				1.0	
RP11-343C2.7				1.0	
TERF2		1.0		1.0	
RP11-77K12.3				2.0	
RP11-77K12.4				1.0	3.0
RP11-254F19.2		1.0		1.0	
AC025280.1				1.0	
USP10				1.0	
RP11-254F19.3		1.0		1.0	
ZDHHC7				1.0	
RP1-178F10.1				1.0	
FLII				1.0	
MIEF2				1.0	
TOP3A				1.0	
RP11-258F1.1				1.0	
ALKBH5				1.0	
AC107983.4				1.0	
RN7SL639P				1.0	
CTD-2303H24.2				1.0	
CCDC144B		1.0		1.0	
RP11-338L22.3				1.0	
AC104996.1				1.0	
RNY4P13				1.0	
RP11-848P1.7		1.0		1.0	
SUZ12				1.0	
CTC-296K1.3				1.0	
CTC-296K1.4				1.0	
ADAM11		1.0		1.0	
GJC1				1.0	
RP11-6N17.10				1.0	
MIR633				1.0	
RP11-180P8.2				1.0	
RP11-180P8.3				1.0	
RP11-180P8.4				1.0	
RP11-180P8.1		1.0		1.0	
AMZ2				1.0	
SLC16A6				1.0	
AC003051.1		1.0		1.0	4.0
LINC01028				1.0	
RP11-16C1.1				1.0	
MIR3678				1.0	
RNU6-938P				1.0	
RP11-16C1.3				1.0	
RP11-16C1.2				1.0	
KIAA0195				1.0	
GRB2		1.0		1.0	
RAC3				1.0	
DCXR				1.0	
RP13-650J16.1				1.0	
RFNG				1.0	
GPS1				1.0	
DUS1L				1.0	
RP11-720L2.4				1.0	
RP11-720L2.3				1.0	
COLEC12		1.0		1.0	
EMILIN2		1.0		1.0	
RP11-794M8.2				1.0	
RP11-794M8.1				1.0	
INO80C				1.0	
RP11-322E11.5		1.0		1.0	
RP11-322E11.6		1.0		1.0	
RP11-30L3.2				1.0	
AC005786.5				1.0	
AC005786.3				1.0	
HMG20B		1.0		1.0	
CACTIN-AS1				1.0	
AC005786.7				1.0	1.0
GIPC3				1.0	
TBXA2R				1.0	
CACTIN				1.0	
CTC-503J8.2				1.0	
CTC-503J8.6				1.0	
CTC-503J8.4				1.0	
MLLT1		1.0		1.0	
C19orf66				1.0	
CTD-2240E14.4				1.0	
SNORD105				1.0	
SNORD105B				1.0	
EIF3G				1.0	1.0
PPAN-P2RY11				1.0	
P2RY11				1.0	
L34079.3				1.0	
L34079.4				1.0	
PINLYP				1.0	
PHLDB3				1.0	7.0
ETHE1				1.0	4.0
XRCC1		1.0		1.0	1.0
L34079.2				1.0	
IRGQ				1.0	
ZNF575				1.0	
CTD-2537I9.16				1.0	
ZNF628				1.0	
NAT14				1.0	
ISOC2				1.0	
RP11-644K8.1		1.0		1.0	
MATN3				1.0	
LAPTM4A				1.0	
AC098828.2		1.0		1.0	
AC007041.2				1.0	
MIR1301				1.0	
AC012074.2		1.0		1.0	
AC012074.1				1.0	
AL133244.1				1.0	
CAMKMT		1.0		1.0	2.0
SOCS5		1.0		1.0	
AC016722.1				1.0	
RP11-333I13.1		1.0		1.0	
AC016722.2				1.0	
TSPYL6				1.0	
RP11-554J4.1				1.0	
PNPT1		2.0	1.0	1.0	3.0
SMEK2		1.0		1.0	
AC007389.2				1.0	
RN7SL635P				1.0	
Vault				2.0	
MIR3126				1.0	
AC007881.4		1.0		1.0	
MCEE				1.0	
MPHOSPH10				1.0	
PAIP2B				1.0	
MIR4436A				1.0	
IGKC				1.0	
IGKJ5				1.0	
IGKJ4				1.0	
IGKJ3				1.0	
IGKJ2				1.0	
IGKJ1				1.0	
IGKV4-1				1.0	
IGKV5-2				1.0	
ANKRD36BP2				1.0	
AC096579.7		1.0		1.0	
AC096579.13		1.0		1.0	
AC013402.2		1.0		1.0	
AC068535.4				1.0	
RP11-297J22.1				1.0	
GLI2		1.0		1.0	
AC012462.2				1.0	
AC012462.3				1.0	
AC012462.1		1.0		1.0	1.0
AC010886.2				1.0	
CXCR2P1				2.0	
CXCR2				2.0	
AC021016.7				1.0	
WNT10A				1.0	
AC073128.10				1.0	
KRT8P30				1.0	
CDK5R2				1.0	
FEV		1.0		1.0	
AC097468.7				1.0	
AC019109.1		1.0		1.0	
AC068134.10				1.0	
ECEL1P3				1.0	1.0
ALPP		1.0		1.0	1.0
AC068134.8				1.0	
ECEL1P2		1.0		1.0	
AC068134.5				1.0	
AC068134.6				1.0	
ALPPL2				1.0	
DIS3L2P1		1.0		1.0	
ALPI		1.0		1.0	
TMEM230				1.0	
PCNA				1.0	
RNA5SP474				1.0	
CDS2		1.0		1.0	
RP4-775C13.1				1.0	
RP4-775C13.2				1.0	
AL109618.1		1.0		1.0	
SRSF9P1				1.0	
AP000692.10		1.0		1.0	
AP000692.9				1.0	
DOPEY2				1.0	
MORC3		1.0		1.0	
RNA5SP497				1.0	
CBX6				1.0	
CTA-150C2.13		1.0		1.0	
Z82214.3				2.0	
TTLL12		2.0		2.0	
SCUBE1				2.0	
RIBC2				1.0	2.0
RP1-102D24.5		1.0		1.0	
RP1-37M3.8				1.0	
RP6-109B7.5				1.0	
RP6-109B7.3				1.0	
RP6-109B7.2				1.0	
C22orf26				1.0	2.0
FLJ27365				1.0	2.0
RP6-109B7.4				1.0	
C3orf83				1.0	
AC093611.1				1.0	
LINC00620		1.0		1.0	
WNT7A				1.0	
RP11-536I6.1		1.0		1.0	
RNA5SP124				1.0	
SLC6A6				1.0	
AC132515.1				1.0	
CLASP2		1.0		1.0	
AC104304.2				1.0	
LUZPP1				1.0	
LRRC2				1.0	
WNT5A-AS1				1.0	
RP11-875H7.5				1.0	
WNT5A		1.0		1.0	2.0
ZBTB20-AS3				1.0	
H1FOO				1.0	
HMGB3P14				1.0	
AC010207.1				1.0	
HMGB3P13		1.0		1.0	
MIR4788				1.0	
ANAPC13		1.0		1.0	
CEP63				1.0	
RP11-445J14.1				1.0	
RP11-305O4.1		1.0		1.0	
RP11-550I24.3				1.0	
RP11-550I24.2		1.0		1.0	
VEPH1				1.0	
RN7SKP46		1.0		1.0	
RP11-290K4.1				1.0	
RP11-113A11.1				1.0	
RP11-538P18.2				1.0	
MLF1				1.0	
RN7SL637P				1.0	
TRA2B		1.0		1.0	
RP11-443P15.2				1.0	
LPP-AS1				1.0	
NKX3-2		1.0		1.0	
AC006445.8				1.0	
BOD1L1				1.0	
AC006160.4				1.0	
RN7SL315P				1.0	
LAP3		1.0		1.0	
AC006160.5		1.0		1.0	
MED28				1.0	
FAM184B				1.0	
RN7SL558P				1.0	
ZBTB12P1				1.0	
KRT18P25				1.0	
RP11-333E13.4		1.0		1.0	
RNU6-1112P				1.0	
N4BP2				1.0	
SLC10A4				1.0	
ZAR1				1.0	
FRYL		1.0		1.0	
OCIAD1				1.0	
AC084209.1				1.0	
RPL34-AS1		1.0		1.0	
RP11-58H15.3				1.0	
SMARCA5-AS1				1.0	
RP11-481K16.2				1.0	
GUSBP5				1.0	
GAB1				1.0	
SMARCA5		1.0		1.0	
C5orf22		1.0		1.0	
DROSHA				1.0	
MIR580				2.0	
RNU6-1305P				2.0	
LMBRD2				2.0	1.0
NADK2				2.0	
SKP2		2.0		2.0	
CTD-2124B8.2				1.0	
RNU7-75P				1.0	
NUP155		1.0		1.0	
RNU6-1190P				1.0	
CTD-2232E5.2				1.0	
LINC01023				1.0	1.0
CTC-329H14.1				1.0	
CTC-505O3.3		1.0		1.0	
CTC-505O3.2				1.0	
ZNF608		1.0		1.0	
CTC-276P9.2				2.0	
CTC-276P9.3				2.0	
CTD-2301A4.3				1.0	
PRR7-AS1				1.0	
PRR7				1.0	
TXNDC5		1.0		1.0	
DPRXP2				1.0	
MEA1				1.0	
KLHDC3				1.0	
RP1-20C7.6		1.0		1.0	
RN7SL403P				1.0	
RP11-387M24.5				1.0	
CUL7				1.0	
KLC4				1.0	
MRPL2				1.0	
PTK7				1.0	
RRP36				1.0	
AL035467.1				1.0	
AL132875.1				1.0	
RP1-92C4.1				1.0	
RP1-92C4.2		1.0		1.0	
ELOVL4				1.0	
RP11-296E7.1				1.0	
AK4P5				1.0	
RP11-379B8.1				1.0	1.0
GOPC		1.0		1.0	1.0
DCBLD1		1.0		1.0	
PPP1R14BP5				1.0	2.0
REPS1				1.0	
ABRACL		1.0		1.0	
RP11-477D19.2				1.0	
CLDN20				1.0	
TFB1M				1.0	
RN7SL173P				1.0	
CACYBPP3				1.0	
TMEM181				1.0	
AC093376.1				1.0	
SLC29A4				1.0	37.0
AC009473.1				1.0	
AC006042.7		1.0		1.0	
AC006042.8				1.0	
RPA3-AS1		1.0		1.0	
GLCCI1		1.0		1.0	
AC006042.6				1.0	
ICA1				1.0	
AC099342.1				1.0	
S100A11P2				1.0	
DPY19L2P1		1.0		1.0	
TBX20				1.0	
CTB-161K23.1				1.0	
AKAP9				1.0	
CYP51A1		1.0		1.0	
LRRD1		1.0		1.0	
CTB-10G5.1				1.0	
ERVW-1				1.0	
AC007566.11		1.0		1.0	
GATAD1				1.0	
AC007566.10				1.0	
ANKIB1				1.0	
RP5-1136G13.1				1.0	
RP5-1136G13.2		1.0		1.0	
AC005229.1				1.0	
CUL1				1.0	
RNU6-650P				1.0	
COX6B1P1				1.0	
C8orf48				1.0	
CTC-756D1.1				2.0	
CTC-756D1.3				2.0	
CTC-756D1.2				2.0	
ADAM28		1.0		1.0	
RP11-624C23.1				1.0	
RP11-98P2.1				1.0	
PPP2R2A		1.0		4.0	
RNU6-1086P				1.0	
RP11-16P20.2		1.0		1.0	
MIR3622A				1.0	
CCDC25				1.0	
RP11-16P20.3				1.0	
SCARA3				1.0	
GTF2E2				1.0	
RP11-17A4.3				1.0	
LINC00968		1.0		1.0	
RP11-379I19.1				1.0	
RP11-379I19.3		1.0		1.0	3.0
RP11-3N13.2		1.0		1.0	
RP11-758M4.4				1.0	
PI15				1.0	
CRISPLD1		1.0		1.0	1.0
RP11-300E4.2				1.0	
COL14A1		1.0		1.0	
RP11-557C18.3				1.0	
DERL1				1.0	
ZHX2		1.0		1.0	
RP11-557C18.4				1.0	
GLI4		1.0		2.0	
RP13-582O9.5				1.0	
RP13-582O9.7				1.0	
AC087793.1				1.0	
ZFP41		1.0		2.0	
ZNF696				1.0	
KM-PA-2				1.0	
LINC00961				1.0	2.0
PGAM1P2				1.0	
OR2S2				1.0	
YBX1P10				1.0	
RP11-327L3.3		1.0		1.0	
SPATA31C2		1.0		1.0	
BEND3P2				1.0	
RP11-62C3.6				1.0	
MIR4670				1.0	
RP11-19J3.5				1.0	
ECM2		1.0		1.0	
RNU6-714P				1.0	
EEF1DP2				1.0	
FAM120AOS				1.0	
FAM120A		1.0		2.0	
MIRLET7A1				1.0	
MIRLET7F1				1.0	
RP11-2B6.2				1.0	
MIRLET7D				1.0	
PTPDC1		1.0		1.0	
MIR2278				2.0	
RP11-49O14.3				1.0	
RP11-49O14.2				1.0	
RP11-308N19.1		1.0		1.0	
RNA5SP294				2.0	
KIAA0368		2.0	1.0	2.0	
HDHD3				1.0	
POLE3		1.0		1.0	
ALAD				1.0	
C9orf43				1.0	
BSPRY				1.0	
RP11-523L1.2				1.0	
RP11-787B4.2		1.0		1.0	
AHCYP2		2.0		2.0	
FBXW2				2.0	4.0
MEGF9				2.0	
C5		1.0		1.0	
RP11-57C19.2				1.0	
PRDM12				1.0	
AC064852.5				1.0	
RP11-399K21.13				1.0	
RP11-399K21.14				1.0	
RP11-399K21.10		1.0		1.0	
ZNF503-AS2				1.0	
RNU6ATAC33P				2.0	
MTA2				1.0	
RP11-831H9.3				1.0	
ROM1		1.0		1.0	
B3GAT3				1.0	
INTS5				1.0	
EEF1G				1.0	
MIR3654				1.0	
EML3				1.0	
GANAB				1.0	
RP11-831H9.11				1.0	
C11orf48				1.0	
KCTD21				1.0	
USP35		1.0		1.0	
RN7SL513P				3.0	
RNA5SP96				1.0	
RNU6-1216P				1.0	
NPM1P46		1.0		1.0	
SNORA4				1.0	
SF3B1				1.0	
TMEM198				1.0	
CTD-2081C10.7				1.0	
RP11-575L7.4		1.0		2.0	
SNORA84				1.0	
CD52				1.0	
UBXN11				2.0	
RNU6-969P				1.0	
RP4-631H13.2				1.0	
ECHDC2				1.0	
ZYG11B				1.0	
ZYG11A		1.0		1.0	
RN7SL653P				1.0	
GAPDHP46				1.0	
PRKAR1AP				1.0	
BTBD8		1.0	1.0	1.0	
RNU4-59P				1.0	
RP11-330C7.3				2.0	
RP11-330C7.4				2.0	
CCNJP2				2.0	
RN7SKP123				2.0	
RP4-717I23.2				1.0	
RP11-84O12.3		1.0		1.0	2.0
RP11-84O12.4				1.0	
RP11-363I22.3		1.0	1.0	2.0	
UBE2D3P3				2.0	
RNU6-1309P				2.0	
C1orf56				2.0	
CDC42SE1				2.0	
SELE				1.0	
C1orf112		1.0		1.0	2.0
RNU7-183P		1.0	1.0	1.0	
CTA-277P6.1				1.0	
RP11-61J19.2				1.0	
NENF		1.0		1.0	
LDHAP2				1.0	
C1orf100		1.0		1.0	
RP11-543F8.3				1.0	3.0
RP11-543F8.2		1.0	1.0	1.0	2.0
AC139143.2				2.0	
RP11-324P9.1		1.0	1.0	1.0	
RP11-1143G9.4				2.0	
LYZ		1.0		2.0	
CMKLR1		1.0	1.0	1.0	2.0
URAD		1.0	1.0	1.0	
PAN3				1.0	
FLT1		1.0		1.0	1.0
RP11-172E9.2		1.0	1.0	1.0	1.0
RN7SKP2		1.0	1.0	1.0	
CYCSP34				1.0	
RNA5SP32				1.0	
RNA5SP39				1.0	
TNFSF13B		1.0		1.0	
LINC00399		1.0	1.0	1.0	
FAM96A				1.0	
AC100830.4				1.0	
AC100830.5				1.0	
OAZ2				1.0	
AC100830.3		1.0	1.0	1.0	
FAM219B				1.0	
CTD-2235H24.2				1.0	
RPP25		1.0		1.0	1.0
RP11-151H2.3				1.0	
MPI				1.0	
COX5A				1.0	1.0
RP11-38G5.3				1.0	2.0
RNU6-667P		1.0	1.0	1.0	
RP11-38G5.2				1.0	
RP11-38G5.4				1.0	
RP11-568J23.7				1.0	
RP11-568J23.1		1.0	1.0	1.0	
COX4I1				1.0	
RP11-159D12.2				1.0	
VEZF1		1.0	1.0	1.0	
RP11-159D12.5				1.0	
SRSF1				1.0	
MPO		1.0		1.0	
LPO		1.0	1.0	1.0	
RP11-579O24.1				1.0	
RP11-579O24.3				1.0	
PPM1E		1.0		1.0	3.0
AC100832.1				1.0	
CTD-2510F5.4				1.0	
SMG8				1.0	
PRR11				1.0	
CTD-2510F5.6				1.0	
NAT9		1.0		1.0	
TMEM104				1.0	
METRNL		1.0	1.0	1.0	
AC139099.4		1.0		1.0	
RP11-567M16.2				1.0	
RP11-567M16.3		1.0		1.0	
CTDP1		1.0	1.0	1.0	
RP11-567M16.5				1.0	
AC007787.2				1.0	
LYL1		1.0		1.0	
AC005546.2				1.0	
CTC-250I14.3				1.0	
STX10				1.0	
IER2				1.0	
TRMT1				1.0	
NACC1				1.0	
ZNF283				1.0	2.0
RNU6-1041P				1.0	
MIR516A2				1.0	
MIR519A2				1.0	
RNU6-165P				1.0	
HMGN1P32				1.0	
SEPT7P8				1.0	
AC008753.3				1.0	
MIR371B				1.0	
MIR371A				1.0	
MIR372				1.0	
MIR373				1.0	
AC008753.4				1.0	
NLRP12		1.0	1.0	1.0	
AC008753.6				1.0	
AC008440.10				1.0	
MYADM				1.0	
RPL5P9				1.0	
CXCR4		1.0	1.0	1.0	1.0
AL049539.1				2.0	
RSL24D1P6				1.0	
MIR1825				2.0	
PLAGL2		1.0		1.0	
POFUT1				2.0	
AL121897.1				2.0	
KIF3B		2.0	1.0	2.0	
RP11-410N8.4		1.0	1.0	1.0	
OSER1		1.0		2.0	2.0
OSER1-AS1		1.0	1.0	2.0	2.0
GDAP1L1				2.0	
TRERNA1				1.0	
UBE2V1		1.0		1.0	
TMEM189-UBE2V1		1.0		1.0	
TMEM189				1.0	
RP11-112L6.3		1.0	1.0	1.0	
RP11-112L6.2				1.0	
RP11-112L6.4		1.0	1.0	1.0	
CEBPB				1.0	2.0
RP11-290F20.2		1.0	1.0	1.0	2.0
RP11-290F20.1		1.0	1.0	1.0	1.0
RP11-290F20.3		1.0	1.0	1.0	2.0
AC006946.16				1.0	
AC006946.17				1.0	
AC006946.12				1.0	
CECR6				1.0	
CECR7				1.0	
IL17RA		1.0		1.0	
AC006946.15		1.0		1.0	
CECR5				1.0	
CECR5-AS1				1.0	
AC005300.5				1.0	
AC005399.1				1.0	
CECR1		1.0	1.0	1.0	
FAM32B				1.0	
APOBEC3F				1.0	
CTA-150C2.20				2.0	
RP4-742C19.12				2.0	
APOBEC3H		1.0		2.0	
APOBEC3G				2.0	
DSTNP4		1.0	1.0	1.0	
CX3CR1		2.0	1.0	2.0	
RP11-331G2.6				2.0	
VIPR1		1.0	1.0	1.0	
VIPR1-AS1				1.0	
SS18L2				1.0	
SEC22C				1.0	
RP11-70C1.1				1.0	
ZNF662		1.0	1.0	1.0	
KRBOX1-AS1				1.0	
AC104434.1		1.0		1.0	3.0
NRBF2P2				1.0	
UQCRC2P1		2.0	1.0	2.0	
CCR2				2.0	
CCR5				1.0	
WWP1P1				1.0	
RP11-576N17.2				1.0	
RP11-576N17.3				1.0	
RP11-576N17.5		1.0	1.0	1.0	
COQ2				1.0	
CTB-13H5.1				1.0	
PDGFRB		1.0	1.0	1.0	
CDX1				1.0	
RP11-360O19.4				1.0	
RP11-360O19.1				1.0	
RP11-360O19.5				1.0	
GCNT2		1.0		1.0	
TREML1				1.0	
TREM2				1.0	
TREML2		1.0		1.0	
RNA5SP207				1.0	
TREML5P				1.0	
TREML3P				1.0	
TREML4				1.0	
AARS2				1.0	
AC083867.4				1.0	
GS1-24F4.1		1.0	1.0	1.0	
NDUFS5P6		1.0		1.0	
RP11-26E5.1		1.0	1.0	1.0	
PCNPP2		7.0	3.0	1.0	
C9orf47				1.0	
RP11-82L18.4				1.0	
RP11-791O21.5				1.0	
S1PR3		1.0	1.0	1.0	
SHC3		1.0		1.0	
OR2K2		1.0	1.0	1.0	
DNAJC25		1.0	1.0	1.0	
DNAJC25-GNG10		1.0	1.0	1.0	
GNG10				1.0	
C9orf84				1.0	
RP11-134N8.2		1.0		1.0	
RPL34P1				1.0	
RP1-69E11.3				1.0	
GPR161				1.0	
TIPRL		1.0		1.0	2.0
RP11-295P9.12				1.0	
RP11-295P9.8				1.0	
AL157392.1				1.0	
RP11-295P9.6				1.0	
RNA5SP301				1.0	
RP11-295P9.3				1.0	
RP11-353M9.1				1.0	
CTD-2643I7.1				1.0	
HBG1				1.0	
OR51AB1P				1.0	
OR51B4				1.0	
OR51B3P				1.0	
OR51B2				1.0	
OR51B8P				1.0	
OR51B5				1.0	
RP11-222N13.1		2.0	1.0	1.0	
AP003733.1				1.0	
RP11-810P12.1				1.0	3.0
FTH1		1.0		1.0	
FRMD8				1.0	
NEAT1				1.0	
RP11-335F8.2				2.0	
RPL34P23				2.0	
RPS26P43				2.0	
RPL31P47				2.0	
SNORD14E				2.0	
SNORD14D				2.0	
SNORD14C				2.0	
HSPA8		2.0		2.0	
CLMP				2.0	
RP11-417L19.4				1.0	
PUS1				1.0	
ULK1				1.0	
EP400		1.0		1.0	
RN7SL598P				1.0	
RP11-349A22.3				1.0	
ACTR10		1.0		1.0	
HSBP1P1				1.0	
RP11-517O13.1				1.0	
TIMM9				1.0	
KIAA0586		1.0		1.0	
RPL7AP6				2.0	
RP11-109N23.6				1.0	
RP11-109N23.1				1.0	
RN7SL586P				1.0	
ZFYVE1		1.0		1.0	2.0
DCAF4				1.0	
COQ6				1.0	
CCDC176		1.0		2.0	
AC005484.5		1.0		2.0	
ALDH6A1		1.0		2.0	
ENTPD5		1.0		1.0	
WDR20				1.0	
MOK		1.0		1.0	
RN7SL376P				1.0	
RP11-111A22.1				1.0	
C15orf57				1.0	
RPUSD2				1.0	
CASC5		1.0		1.0	
RP11-844G16.1				1.0	
AC068831.10		1.0		1.0	1.0
AC068831.11				1.0	
AC068831.12				1.0	
RP11-429P3.2				1.0	
RP11-429P3.4				1.0	
RNY4P3				1.0	
RP11-429P3.3				1.0	
RP11-429P3.5				1.0	
CNEP1R1				1.0	
RN7SL426P				2.0	
AC087294.2				2.0	
TMEM11				2.0	
RP11-20B24.6				1.0	
RP11-20B24.5		1.0		1.0	
MYO1D		1.0		1.0	
PIGW				1.0	
DHRS11				1.0	
GGNBP2		1.0		1.0	
CTB-75G16.1				1.0	
MYO19				1.0	
RP13-638C3.6				2.0	
RP13-638C3.2				2.0	
RP13-638C3.3				2.0	
RP13-638C3.4				2.0	
RNU6-1278P				1.0	
ATP5A1				1.0	
HAUS1		1.0		1.0	
RNF165		2.0		2.0	
CHCHD2P3				1.0	
LSM14A		1.0		1.0	
AD000684.2				2.0	
HAMP		1.0		2.0	
USF2		1.0		2.0	
MAG				2.0	
CD22				2.0	
ERLEC1				1.0	
GPR75-ASB3		1.0		1.0	1.0
CHAC2				1.0	
RN7SL95P				1.0	
RN7SL813P				1.0	
AC005220.3				1.0	
RN7SL757P				1.0	
SDC4P				1.0	
SIRPAP1				1.0	
SEC14L3				1.0	
RP4-539M6.14				1.0	
SEC14L4		1.0		1.0	
SEC14L6				1.0	
RP11-383G6.3				1.0	
RP11-646E18.4				1.0	
RP11-225N10.1		1.0		1.0	
ATP11B				1.0	
TNK2-AS1		1.0		2.0	
AC124944.3				2.0	
RP11-352G9.1				2.0	
RN7SL773P				2.0	
RNU2-11P		1.0		2.0	
AC024937.6				2.0	
AC124944.5				2.0	
TNK2		2.0		2.0	
TCEB1P33				1.0	
RNA5SP159				1.0	
RP11-333E13.2				1.0	
PABPC1P1				1.0	
PDS5A		1.0		1.0	
CTD-2589H19.4				1.0	
RP11-661C8.3				1.0	
RP11-43F13.3		1.0		1.0	
AC116351.1				1.0	
AC116351.2		1.0		1.0	
RP11-43F13.4				1.0	
RP11-661C8.2				1.0	
CTD-3080P12.3				1.0	
CTXN3		1.0		1.0	
CTC-548H10.2				1.0	
CTB-17P3.4				1.0	
CCDC69		1.0		1.0	
GM2A				1.0	
FAM114A2		1.0		1.0	
MFAP3		1.0		2.0	
RP11-844P9.4		1.0		1.0	
RP11-826N14.4				1.0	
RP11-844P9.2				1.0	
SIMC1				1.0	
TUBB2A		1.0		1.0	
RIPK1				1.0	
TUBB2BP1				1.0	
RP1-40E16.9				1.0	
BPHL				1.0	
RP1-40E16.11				1.0	
AC006482.1		1.0		1.0	
AC018641.7		1.0		1.0	
SLC25A5P5				1.0	
LSM5				1.0	
ZNRF2P1				1.0	
MIR550A2				1.0	
RP11-225B17.2				1.0	
RP11-225B17.1				1.0	
DPY19L1P1		1.0		1.0	
RP11-265E18.1				1.0	
DPY19L1P2				1.0	
RNU6-388P				1.0	
NT5C3A		1.0		1.0	
FKBP9		1.0		1.0	
AC074338.4				1.0	
RN7SL505P				1.0	
AC074338.5				1.0	
RP9				1.0	
RNA5SP229				1.0	
AC006195.2				1.0	
STAG3L2		1.0		1.0	5.0
AC000123.4				1.0	
SDAD1P1				3.0	
RP11-14I17.2				3.0	
RP11-14I17.1				3.0	
BNIP3L		3.0	1.0	3.0	1.0
RP11-14I17.3				3.0	
RNU7-177P				1.0	
MTDH		1.0		2.0	
LAPTM4B				1.0	
RP11-661A12.9				1.0	
NAPRT1				1.0	
RP11-661A12.7				1.0	
TIGD5				1.0	
RP11-661A12.14				1.0	
TSTA3				1.0	
RP11-661A12.12				1.0	
RNU7-109P				1.0	
GSDMD				1.0	
MROH6				1.0	
EEF1D				1.0	
PYCRL		1.0		1.0	
ZNF623				1.0	
RP11-247A12.1				1.0	
AL158151.2				1.0	
RP11-344H11.4				1.0	
RP11-344H11.5				1.0	
OSTCP2				1.0	
TRNP1				1.0	
FAM46B				1.0	2.0
AHCYL1				1.0	
LINC00083				1.0	
C1orf220		1.0	1.0	2.0	
C1ORF220		1.0	1.0	2.0	
TEX35		1.0	1.0	2.0	
GS1-122H1.1				1.0	
GS1-122H1.3				1.0	
GS1-122H1.2		1.0	1.0	1.0	
RNA5SP323				1.0	
CEP55				1.0	
CTD-2589M5.4				1.0	
MIR4688				1.0	
MDK				1.0	
CHRM4				1.0	
RP11-425L10.1				1.0	
MIR3160-2				1.0	
OR4C9P				1.0	
UBTFL7				1.0	
RP11-107P7.1				2.0	
RP11-107P7.6				2.0	
RP11-107P7.2				2.0	
RP11-107P7.5				2.0	
RP11-107P7.4		2.0	2.0	2.0	
CBX3P8				1.0	
RP11-61N20.3				1.0	
TYRL		1.0	2.0	1.0	
OR4C13				1.0	
RP11-227P3.1				1.0	
OR4C12		1.0	2.0	1.0	1.0
AC110283.1		2.0	3.0	1.0	2.0
OR4A5				1.0	
OR4A7P				1.0	
OR4A8P				1.0	
OR4A2P				1.0	
OR4A3P		1.0	2.0	1.0	
OR4A4P				1.0	
OR4R2P				1.0	
OR4A15		1.0	1.0	1.0	2.0
OR4A9P				1.0	
OR4X7P				1.0	
RP11-131J4.12				1.0	
OR4A10P				1.0	
OR4A17P		1.0	1.0	1.0	
OR4A13P				1.0	
OR4A14P				1.0	
OR4A21P				1.0	
OR4C6				1.0	
OR4V1P				1.0	
OR4P1P				1.0	
RP11-674C21.9				1.0	
OR5D2P		1.0	1.0	1.0	1.0
OR5D3P				1.0	
OR5D17P				1.0	
OR5D15P				1.0	
OR5D14				1.0	
OR5L1				1.0	
OR5D18				1.0	
OR5L2		1.0	1.0	1.0	
OR5D16				1.0	
OR9M1P				1.0	1.0
OR5F2P				1.0	
OR5AS1				1.0	
OR5AQ1P				1.0	
OR5J1P		1.0	2.0	1.0	
OR5BE1P				1.0	
OR8I2				1.0	
OR8I4P				1.0	
OR8H2				1.0	
OR8V1P				1.0	2.0
RP11-444K7.8				1.0	
OR8J2				1.0	
OR8K1				1.0	
RPL5P29				1.0	
OR8J1				1.0	
OR8U1				1.0	
OR5AL2P		1.0	2.0	1.0	
OR5R1				1.0	1.0
OR5AL1				1.0	
OR5AR1				1.0	
OR2AH1P				1.0	
RP11-59K5.1				1.0	
OR9G1		1.0	2.0	1.0	1.0
RP11-100N3.2				1.0	
OR9G4				1.0	
OR9G2P				1.0	
RN7SL786P		2.0	1.0	2.0	
CTD-2530H12.1		1.0	1.0	2.0	
CTD-2530H12.2				2.0	
MOGAT2				2.0	
DGAT2		1.0	1.0	2.0	
RN7SL529P				1.0	
RPL23AP64				1.0	
RP11-110I1.11				1.0	
RP11-110I1.5				1.0	
RP11-110I1.12				1.0	
RP5-940J5.6				1.0	
RP4-761J14.8				1.0	
ACRBP				1.0	
ING4				1.0	
ZNF384				1.0	
CHD4				1.0	
RP11-256L11.3				1.0	
KCTD10		1.0	1.0	1.0	2.0
UBE3B				1.0	
RNU6-927P		1.0	1.0	1.0	1.0
UBC				1.0	
MIR5188				1.0	
RPL22P19				1.0	
DHX37				1.0	
RP11-50C13.2				1.0	
MT4		1.0	1.0	1.0	
BBS2		1.0	1.0	1.0	
MT2A				1.0	
RP11-249C24.10				1.0	
MT1L		1.0	2.0	1.0	
MT1E				1.0	
AC026461.1				1.0	
MT1M				1.0	
MT1JP				1.0	
MT1A				1.0	
MT1DP				1.0	
MT1CP				1.0	
RP11-249C24.11		1.0	1.0	1.0	
MT1B				1.0	
MT1F		1.0	1.0	1.0	
MT1G		1.0	2.0	1.0	
MT1X				1.0	
MT1H				1.0	
RP11-343H19.2				1.0	
DPPA2P4		1.0	1.0	1.0	
RP11-343H19.1		1.0	2.0	1.0	
NUP93		1.0	2.0	1.0	
MIR138-2				1.0	
RASD1				1.0	
RP11-524F11.1				1.0	
MED9				1.0	
RP11-813F20.2		1.0	2.0	1.0	
RNA5SP457				1.0	
RP11-813F20.4				1.0	
CTC-429C10.2				1.0	
CTD-2587H19.1				1.0	
LAIR1				1.0	
RP5-998H6.2				1.0	
CDH22				1.0	
CTD-2653D5.1				1.0	
SULF2		1.0	2.0	1.0	
RNU6-462P				2.0	
AC091729.9		1.0	2.0	1.0	
ZFAND2A				1.0	
RAC1				1.0	
GPIHBP1		1.0	2.0	1.0	
RP11-363H12.1				1.0	
PIGK		1.0	1.0	1.0	
RP11-313F23.2				1.0	
TUBB8P4				1.0	
RP11-313F23.3		1.0	1.0	1.0	
RP11-313F23.4				1.0	
AC087897.1		1.0	1.0	1.0	
CPNE8		1.0	1.0	1.0	
RPL7P44				1.0	
CLN5		1.0	1.0	1.0	
IRG1				1.0	
DHX9P1				1.0	
MYCBP2				1.0	
FBXL3		1.0	1.0	1.0	
SEC11C		1.0	1.0	1.0	
RP11-577H5.1				1.0	
IPO8		1.0		1.0	1.0
PCNPP3				1.0	
RP11-221N13.4				1.0	2.0
SUB1P2				1.0	
RPS2P2				1.0	
ABCD4				1.0	
VRTN		1.0		1.0	
AC105036.1				1.0	
SHOX2				1.0	
RP11-290K4.2				1.0	
AC004066.3				1.0	
GTF2H5				1.0	
BRAF		1.0		1.0	
RNU4-74P				1.0	
TMEM178B		1.0		1.0	
RP4-635E18.8				1.0	
SRM				1.0	
RP4-635E18.7				1.0	
MASP2				1.0	
RP11-231P20.5				1.0	
RP11-231P20.2				1.0	
RP11-247C2.1				1.0	
RP11-307L14.1				1.0	
RP11-307L14.2				1.0	2.0
OR2AK2				1.0	
OR2L9P				1.0	
OR2L1P				1.0	
OR2L6P				1.0	
OR2L5				1.0	
OR2L2				1.0	
RP11-175I17.6				1.0	
FAM25E				1.0	
AGAP4				1.0	
SNORA74				2.0	
NCOA4		1.0		2.0	
TIMM23		1.0	1.0	2.0	
PARGP1				2.0	
RP11-862P13.1				1.0	
GPHN		1.0	1.0	1.0	
RP11-618K16.4				1.0	
GAPDHP38				1.0	
CALM3				1.0	
CTB-12A17.3				1.0	
PPP5D1		1.0	1.0	1.0	7.0
AC011551.3		1.0	1.0	1.0	2.0
RPS20P14		1.0	1.0	2.0	2.0
RP11-42D20.1				2.0	
AC007690.1				2.0	
RP11-395D3.1		1.0	1.0	1.0	
RP11-125P18.1		1.0	1.0	1.0	
CHCHD6		1.0	1.0	1.0	
PLXNA1				1.0	1.0
RP11-613F7.1				1.0	
RNU6-1247P				1.0	
RNY4P20				1.0	
RP1-292B18.4				1.0	1.0
EXOC8				1.0	
SPRTN				1.0	
MFAP1				2.0	
RP11-849F2.8				1.0	
EDN1		1.0		1.0	
RP3-451B15.3				1.0	
RP11-817O13.1				1.0	
MKI67IPP4				1.0	
GOLGA6C				1.0	
RN7SL489P				1.0	
AC019117.1		2.0	1.0	2.0	
RP11-309M7.1		1.0		1.0	
AC019117.2				2.0	
AC017060.1		1.0	1.0	2.0	
MTND2P29				1.0	
ELAVL4		1.0		1.0	
RP11-388G3.1		1.0		1.0	
POMGNT1				1.0	
AC116533.1				1.0	
RPS13				1.0	
SNORD14A				1.0	
SNORD14B				1.0	
UBE2L6				1.0	
RPS4XP13				1.0	
RP11-702B10.2		2.0		1.0	3.0
RP11-702B10.1		2.0	1.0	1.0	3.0
ENDOU				1.0	
RP1-197B17.3				2.0	
RP11-406H23.2				1.0	
RP11-709D24.5				1.0	
SUB1P3				1.0	
NMRAL1				1.0	
HMOX2				1.0	
C16orf96				1.0	
CDIP1		1.0		1.0	
OMG				1.0	1.0
RP11-2N1.1				2.0	
RP11-2N1.2				2.0	
CTB-102L5.7				1.0	
CTB-102L5.8				1.0	
RN7SL663P				1.0	
ZNF324				1.0	
AC011753.6				1.0	
BMS1P19		1.0		1.0	
AC109815.2				1.0	
RPL22P11				1.0	
BRWD1-AS1				1.0	
HMGN1				1.0	
RNF6P1		1.0		1.0	
LCA5L				1.0	1.0
WRB				1.0	
GORASP1				1.0	
TTC21A				1.0	
ABHD6				1.0	1.0
RP11-315J22.5				1.0	
MIR4448				1.0	
PARL				1.0	
CYP2AB1P				1.0	
RP11-610P16.1				1.0	
CTD-2037K23.2				1.0	
PIM1				1.0	2.0
AC024084.1				1.0	
WDR60		1.0		1.0	
TMCC1P1				1.0	
RP11-273P3.1				1.0	
RP11-127H5.1		1.0		1.0	5.0
RP11-331F9.3				1.0	
RP11-331F9.4				1.0	
SIT1				1.0	
CCDC107				1.0	
CD72				1.0	
AC002310.17				1.0	
RP11-146F11.4				2.0	
RP11-146F11.5				2.0	
ZNF689				2.0	
RP11-6N13.1		1.0		1.0	6.0
RP11-165H23.1		1.0		1.0	
MTND1P34				1.0	
FAM76B		1.0		1.0	
CEP57				1.0	
LINC00676				1.0	1.0
GPX2				1.0	
CTD-2509G16.3				1.0	
RP4-693M11.3				1.0	
DNAL1				1.0	
RNU6-265P				1.0	
MEGF11				1.0	
RNU6-1057P				1.0	
SH3GL1P2				1.0	
C19orf60				1.0	
U62631.5				1.0	
AC016757.3				1.0	
KLHL30				1.0	
ILKAP		1.0		1.0	
AC096574.4				1.0	
FAM132B				1.0	
SPINK8				1.0	1.0
LRIG1		1.0		1.0	
NPHP3				1.0	
RNA5SP140				2.0	
AC124944.4				1.0	
INTU		1.0		1.0	
LARP1				1.0	
RNU6-1114P		1.0		1.0	
KPNA7		1.0		1.0	
SMURF1				1.0	
NKX3-1				1.0	1.0
KB-1683C8.1		1.0		1.0	
RP11-4O1.2				1.0	
CFHR2		1.0	1.0	1.0	8.0
CFHR4		1.0	1.0	1.0	2.0
RP11-800A3.3		1.0	1.0	1.0	1.0
IFI27				1.0	1.0
IFI27L2				1.0	1.0
DDX24				1.0	
IFI27L1		1.0	1.0	1.0	1.0
SERPINA4				1.0	1.0
SERPINA3				1.0	
SERPINA5		1.0	1.0	1.0	1.0
RP11-986E7.7				1.0	
ADIPOR1P2				1.0	
IGHG3				1.0	
RP11-417P24.1		1.0	1.0	1.0	
IGHD				1.0	
RP11-467I17.1		1.0	1.0	1.0	
MAF				1.0	1.0
HSPB9				1.0	
RP11-358B23.1				1.0	
DHX58				1.0	
KAT2A		1.0	1.0	1.0	
CTD-2132N18.3		1.0	1.0	1.0	3.0
KCNH4				1.0	
SLC35B1				1.0	
RP11-118B18.2		1.0	1.0	2.0	1.0
SNRPGP4				1.0	
ZCCHC2		1.0	1.0	1.0	
AC008555.1				1.0	
AC008555.2				1.0	
LOC401913				1.0	
CTC-523E23.14				1.0	
CTC-523E23.15				1.0	
CTC-523E23.6				1.0	
CTC-523E23.8				1.0	
CTC-523E23.5				1.0	
CTC-523E23.11				1.0	
ZNF30				1.0	
LINC00904		1.0	2.0	1.0	
AC092570.4				1.0	
RP5-1125K23.1				1.0	
EIF3B				1.0	
SNX8		1.0	1.0	1.0	
AC080080.1				1.0	
CHCHD2P6				1.0	
RNU7-179P				1.0	
RP4-680D5.4				1.0	
DDI2				1.0	
ECM1				2.0	
TARS2				2.0	
RP11-68I18.2				1.0	
SNORA41				1.0	
HMGN2P46				1.0	
GOLGA5P1				1.0	
MIR4285				1.0	
RCVRN				1.0	
RNU6-16P				1.0	
RP11-313I2.2				1.0	
RP11-81M19.3				1.0	
RP11-313I2.8				1.0	
AP000648.3				1.0	
RP11-81M19.1				1.0	
MTND1P35		1.0		1.0	
TRIM49D2P				1.0	
RP11-529A4.4				1.0	
RP11-529A4.15				1.0	
TRIM51BP				1.0	
TRIM64B				1.0	
TRIM49D1				1.0	
TRIM53AP				1.0	
RP11-529A4.9				1.0	
RP11-529A4.12				1.0	
TRIM51EP				1.0	
RP11-313I2.7				1.0	
RNU1-117P		1.0	1.0	1.0	
DAP3P2				1.0	
AC007969.4				1.0	
DCAF17				1.0	
RNU6-1166P				1.0	
GAPDHP71				1.0	
SUMO2P6		1.0		1.0	
RP11-267A15.1				1.0	
RP11-62F24.1				1.0	
RP11-568K15.1		1.0		1.0	
DHH				1.0	1.0
RP11-386G11.8				1.0	
TUBA1B				1.0	
RHEBL1				1.0	
LMBR1L		1.0		1.0	
RP11-386G11.10				1.0	
C16orf62		1.0		1.0	
AC007679.4				1.0	
AC007679.3				1.0	
GALNT10				1.0	
RP3-437C15.2		1.0		1.0	2.0
RP3-437C15.1				1.0	1.0
CALCR		1.0		1.0	
AL353629.1				1.0	
RP11-159N11.4				1.0	
MIR4301				1.0	
ANKK1				1.0	
RP11-159N11.3				1.0	
DNMBP-AS1				1.0	
ATG16L2				1.0	
RN7SL195P				1.0	
MED17				1.0	
VSTM5		1.0	1.0	1.0	1.0
HPRTP4				1.0	
HPRTP3				1.0	
RP11-715G18.3				1.0	
RP11-680H20.1		1.0	1.0	1.0	
RP11-434C1.1				1.0	
RNU6-1261P				1.0	
RP11-434O22.2				1.0	
CFL2		1.0	1.0	1.0	
RP11-434O22.1				1.0	
C15orf59				1.0	1.0
MESP2				1.0	
RP11-167H9.1				1.0	2.0
HNRNPA1P9				1.0	
RECQL4				1.0	
CTD-2517M22.17				1.0	
LRRC14		1.0	1.0	1.0	
AC084125.1				1.0	
MFSD3		1.0	1.0	1.0	
ARHGAP39		1.0	1.0	1.0	
LRRC24		1.0	1.0	1.0	
C8orf82				1.0	
AC084125.2				1.0	
AC084125.3				1.0	
CTD-2517M22.9				1.0	
AF186192.6				1.0	
ZNF34				1.0	
RN7SL395P				1.0	
RPL8				1.0	
ZNF251		1.0	1.0	1.0	
ZNF517				1.0	
ZNF250		1.0	1.0	1.0	
ZNF16		1.0	1.0	1.0	
RP5-1047A19.4				1.0	
TMED10P1				1.0	
ZNF252P-AS1				1.0	
RP5-1047A19.6				1.0	
ZNF252P				1.0	
ORM2				1.0	
RP11-703P11.1		1.0		1.0	
DPH5				1.0	
RP11-421L21.3		1.0		1.0	
MTND5P20				1.0	
RP11-312J18.3				1.0	
LY9		1.0		1.0	
CD244				1.0	
RP11-534L20.5				1.0	
RP11-534L20.4				1.0	
C1orf147		1.0		1.0	
RASSF5				1.0	
OR4C3		1.0		1.0	
OR4A45P				1.0	
CREBL2				1.0	
RASA3		1.0		1.0	
RASA3-IT1				1.0	
RP11-173D9.1				2.0	
PPP2R3C		1.0		2.0	
FAM177A1		1.0		2.0	
PSMA6				1.0	
RP11-973N13.5				1.0	
HSPA2				1.0	
PPP1R36				1.0	
RP11-973N13.3				1.0	
AC007182.6				1.0	
FLVCR2				1.0	
RP11-146F11.3				1.0	
RP11-146F11.2				2.0	
PRR14		1.0		2.0	
RNU6-416P		1.0		2.0	
FBRS				2.0	
CTD-3060P21.1		1.0		1.0	
RP11-314A20.2				1.0	
RP11-314A20.1				1.0	
RP11-314A20.5				1.0	
CXCL16				1.0	
ZMYND15				1.0	
ARRB2		1.0		1.0	
MED11				1.0	
VMO1				1.0	
PSMB6				1.0	
RP5-1028K7.2				1.0	
CCR7		1.0		1.0	
ICT1				1.0	
RNU6-362P				1.0	
RN7SL573P				1.0	
RP11-1112G13.3				1.0	
CDR2L				1.0	
KCTD2		1.0		1.0	
ATP5H				1.0	
AC111186.1				1.0	
CTD-3252C9.2				1.0	
RN7SL619P				1.0	
MIR24-2				1.0	
MIR27A				1.0	
MIR23A				1.0	4.0
MIR181C				1.0	
MIR181D				1.0	
ZSWIM4		1.0		1.0	
NANOS3				1.0	
AC008686.1				1.0	
MIR3191				1.0	
PRR24				1.0	
BBC3		1.0		1.0	
CCDC9				1.0	
AC013460.1		1.0		1.0	
AC013444.2				1.0	
MTND5P25				1.0	
MTND4P23				1.0	
AC005037.6				1.0	
RP4-644L1.2		1.0	1.0	1.0	2.0
LINC00693				1.0	
SETP11				1.0	
P2RY13				1.0	
GPR87				1.0	
P2RY12				1.0	
MED12L		1.0		1.0	1.0
RP1-134E15.3				1.0	
PRDM1		1.0		1.0	2.0
RP11-73O6.3				1.0	
SAMD3				1.0	
CDK13		1.0		1.0	
RP11-632K21.7		1.0		1.0	
RP11-632K21.3				1.0	
GIMAP6				1.0	
RP11-594N15.2		1.0		1.0	
PKIA				1.0	
RP11-79H23.3		1.0		1.0	
RNU6-605P				1.0	
RP5-864K19.4		1.0		1.0	
MYCBP				1.0	
GJA9				1.0	
RHBDL2		1.0		1.0	
RP11-690P14.4				1.0	
CC2D2B				1.0	
RP13-81N3.1				1.0	
TAS2R7				1.0	
TAS2R8				1.0	
TAS2R9				1.0	
YBX3				1.0	
RP13-81N3.2		1.0		1.0	
RP11-326A19.5				1.0	
FANCI		1.0		1.0	4.0
BCAR4				1.0	
RP11-166B2.3				1.0	
COX6CP1				1.0	
RP11-166B2.5				1.0	
RSL1D1				1.0	
RP11-166B2.8		1.0		1.0	
GSPT1				1.0	
AC007216.1				1.0	
TNFRSF17				1.0	
AC007216.2				1.0	
UBL5P4				1.0	
RP11-166B2.1		1.0		1.0	
RP11-376M2.2				1.0	
RPL27				1.0	
IFI35				1.0	
RND2				1.0	
CTD-3199J23.4				1.0	
PTGES3L-AARSD1				1.0	
PTGES3L				1.0	
RUNDC1				1.0	
VAT1		1.0		1.0	
BRCA1				1.0	
RNU6-1137P				1.0	
ARL4D				1.0	
LINC00910		1.0		1.0	
AC109828.1				1.0	
AC074117.10				1.0	
SNX17				1.0	
ZNF513				1.0	
FTH1P3				1.0	
EIF2B4				1.0	
NRBP1				1.0	
ETAA1		1.0		1.0	
RNU1-55P				1.0	
RP5-967N21.2		1.0		1.0	
RP5-967N21.7				1.0	
TRMT6				1.0	
MCM8				1.0	
CHGB				1.0	
RN7SL498P				1.0	
CRLS1		1.0		1.0	
LRRN4				1.0	
RP13-30A9.1				1.0	
RP13-30A9.2				1.0	
RP11-93B14.6				1.0	
RP11-93B14.5				1.0	
LINC00686				1.0	
KCNJ4				1.0	
KDELR3				1.0	
DMC1				1.0	
DNAL4				1.0	
SLC25A14P1				1.0	
RPL30P5				1.0	
HELQ				1.0	
MRPS18C				1.0	
FAM175A		1.0		1.0	
RP11-701P16.5				1.0	
MIR3945				1.0	
RP11-637O19.2				1.0	
TMEM14B				1.0	
MAK				1.0	
RP11-637O19.3		1.0		1.0	3.0
SYCP2L		1.0		1.0	3.0
GCM2				1.0	
KB-1836B5.3				1.0	
KB-1836B5.1				1.0	
EIF4EBP1		1.0		1.0	
RP11-465B22.5		1.0	1.0	1.0	
MIR200B				1.0	
MIR200A				1.0	
MIR429				1.0	
RP11-465B22.8				1.0	
TTLL10				1.0	
C1orf159				1.0	
C10orf71-AS1				1.0	
C10orf71		1.0	1.0	1.0	
AC131971.1				1.0	
CARS-AS1				1.0	
CARS				1.0	
RP11-15D14.2		1.0	1.0	1.0	
PTH		1.0	1.0	1.0	
RP11-15D14.1				1.0	
LINC00935				1.0	
RPS28P8				1.0	
KARSP1				1.0	
VWA8		1.0	1.0	1.0	
RP11-325E5.1				1.0	1.0
RP11-352D13.6				1.0	
RP11-352D13.5				1.0	
GLCE				1.0	
AC132068.1				1.0	
AC002044.4				1.0	
AC005264.2				2.0	
AC011465.1				1.0	
RP11-521D12.5				1.0	
TAF1B		1.0	1.0	1.0	
SEMA4C				1.0	
INHBB				1.0	3.0
AC012363.13		1.0	1.0	1.0	2.0
CCDC58		1.0	1.0	1.0	
FAM162A				1.0	
DNAJB11				1.0	
FETUB				1.0	
RP11-134F2.2				1.0	
ADIPOQ-AS1				1.0	
ADIPOQ				1.0	
RP11-529E10.7				1.0	
RBM47		1.0	1.0	1.0	
RP11-510H23.1				1.0	
RNF217		1.0	1.0	1.0	
SGK1		1.0	1.0	1.0	
RP11-204P2.3				1.0	
RP11-55K22.5				1.0	
PEX7				1.0	
IL20RA				1.0	
CCT6P1				1.0	
INTS4L2		1.0	1.0	1.0	
RP11-252P18.1				1.0	
GUSB		1.0	1.0	1.0	
VKORC1L1				1.0	
TPST1		1.0	1.0	1.0	
GS1-124K5.7				1.0	
GS1-124K5.8				1.0	
GS1-124K5.3				1.0	
GS1-124K5.4				1.0	
GS1-124K5.9				1.0	
RP4-756H11.1				1.0	
AC006001.1				1.0	
GS1-124K5.10		1.0	1.0	1.0	
GS1-124K5.11		1.0	1.0	1.0	
GS1-124K5.12				1.0	
GS1-124K5.2				1.0	
RP11-792A8.3				1.0	
GTF2IRD1P1				1.0	
KCTD7		1.0	1.0	1.0	
RABGEF1		1.0	1.0	1.0	
GNAQ		1.0	1.0	1.0	
RP11-336N8.1				1.0	
RN7SKP59		1.0	1.0	1.0	
RP11-336N8.2				1.0	
RP11-336N8.3				1.0	
MVB12B				1.0	4.0
RP11-227B21.2				1.0	
NOS1				1.0	
RP4-549L20.3				1.0	
EXTL2		1.0		1.0	
SLC30A7				1.0	
RPL35AP26				2.0	
RP11-603J24.7				1.0	
DGKA				1.0	
PMEL				1.0	
CDK2				1.0	
RP11-973D8.4				1.0	
MIR621				1.0	1.0
CTD-3065B20.2				1.0	
CTD-3065B20.3				1.0	
CTD-3065B20.1				1.0	
RP11-387D10.3				1.0	
RP11-387D10.2		1.0		1.0	1.0
CTD-3203P2.2				1.0	3.0
KLF8P1				1.0	
KPNA2		1.0		1.0	3.0
AC005176.2				1.0	
AC005176.3				1.0	
LGALS16				1.0	
AC009238.6				1.0	
AC009238.8				1.0	
AC009238.7				1.0	
UBTFL5				1.0	
AC133104.2				1.0	
KCNIP3				1.0	
FAHD2A		1.0		1.0	
RNU7-96P				1.0	
ACVR1C		1.0		1.0	
RP11-105N14.1				1.0	
RP11-105N14.3				1.0	2.0
SP110				1.0	
RNU6-1149P				1.0	
TMPRSS3				1.0	
RNA5SP496				1.0	
AC005003.1				1.0	
LIMK2				1.0	
PIK3IP1				1.0	
RP3-400N23.6		1.0		1.0	
RP11-247I13.3				1.0	
PISD				1.0	
FAM172BP				1.0	
RP11-231E6.1		1.0		1.0	
BTLA				1.0	
TERC				1.0	1.0
RP11-816J6.3		1.0		1.0	1.0
RP11-362K14.5				1.0	
RP11-362K14.7				1.0	
RP11-362K14.6				1.0	
LRRC34				1.0	
AC010468.3				1.0	
AC010468.1		1.0		1.0	2.0
CAMK4				1.0	9.0
RNU7-53P		1.0	1.0	1.0	9.0
MIR4651				1.0	
RPL7L1P3				1.0	
LINC00998				1.0	
RP11-736E3.1		1.0		1.0	
RP11-140C18.2				1.0	
RP11-575L7.2				1.0	
RP11-300I6.5				1.0	
EDNRB-AS1				1.0	
RP11-161I6.2		1.0		1.0	3.0
CFHR1				1.0	
CFHR3		1.0		1.0	
SNORA14B				1.0	
ARID4B-IT1				1.0	
MIR4753				1.0	
RBM34				1.0	
TOMM20				1.0	
PHLDB1				1.0	
RP11-521B24.3				1.0	
RP11-146F11.1				1.0	
RNU6-1043P				1.0	
CTF2P				1.0	
FBXL19-AS1				1.0	
HCRT				1.0	
CTD-2527I21.7				1.0	
PPDPF				1.0	
C20orf195				1.0	
PTK6				1.0	
SRMS				1.0	
RAB6B				1.0	1.0
RNY4P16		2.0	1.0	2.0	
SRPR				1.0	
CFL1P5				1.0	
CHCHD2P2				1.0	
SMIM8				1.0	
RP1-102H19.8				1.0	
AC020743.3		1.0		1.0	1.0
RP11-491H19.1				1.0	
HDAC1P1				1.0	
RP11-429H9.4				1.0	
RP11-162K11.4				1.0	
AC051649.1				1.0	
RP11-382M14.1		1.0		1.0	1.0
AC068641.1				1.0	
RP11-981P6.1				1.0	1.0
CTD-3094K11.1				1.0	3.0
CTB-60B18.12				1.0	
CTB-60B18.18				1.0	
KCNA7				1.0	
RN7SL708P				1.0	
LIN7B				1.0	
C19orf73				1.0	
HRC				1.0	
CGB7				1.0	
NTF4				1.0	
SNRNP70		1.0		1.0	
PPFIA3				1.0	3.0
AC092684.1		1.0		1.0	3.0
RP11-136K14.3				1.0	
RPS27P12				1.0	
AL354732.1				1.0	2.0
RP11-108O10.2		1.0		1.0	
ALG9-IT1				1.0	
SIK2				1.0	
PPIHP1				1.0	
RNU6-893P				1.0	
RP11-708L7.9				1.0	
TIMM8B				1.0	
RP11-708L7.6				1.0	
C11orf57				1.0	
PIH1D2				1.0	
HOXC13				1.0	
HOXC12		1.0		1.0	
AC012531.23				1.0	2.0
HOXC11				1.0	
HOXC-AS5				1.0	
HOTAIR				1.0	
RNU6-989P				1.0	
RP3-344J20.1		2.0		1.0	2.0
AC004540.4				1.0	1.0
AC004540.5				1.0	1.0
RP11-1102P16.1		1.0		1.0	1.0
RP11-217B7.3		1.0		1.0	2.0
MIR378F				1.0	
RNU11-3P				1.0	
INA				1.0	
PCGF6		1.0		1.0	
RP11-449L13.2				1.0	
MIR558				1.0	
RP3-510D11.2				1.0	
RP3-510D11.1		1.0	1.0	1.0	
S100A9				1.0	2.0
S100A12				1.0	
AL591704.5				1.0	
S100A8		1.0	1.0	1.0	
AL591704.7				1.0	
S100A7A				1.0	
AL591704.9				1.0	
S100A7L2				1.0	
PGLYRP4				1.0	
UFC1				1.0	
RP11-297K8.2				1.0	
USP21				1.0	
VN1R5				1.0	
ZNF496				1.0	
ADIPOR1P1		1.0	1.0	1.0	
RP11-108B14.1				1.0	
RNU6-1274P				1.0	
RPL13AP5				1.0	
PIK3AP1		1.0	1.0	1.0	
RP11-173D9.5				1.0	
RNU6-549P				1.0	
RP11-815J21.2		1.0	1.0	1.0	
RP11-815J21.3				1.0	
RP11-815J21.4				1.0	1.0
RP11-572F4.1				1.0	
RP11-144N1.4				1.0	
GLG1		1.0	1.0	1.0	
RNY4P8				1.0	
CDC6				1.0	
WIPF2		1.0	1.0	1.0	
OR4D1				1.0	
MSX2P1				1.0	
OR4D2				1.0	
EPX		1.0	1.0	1.0	
MKS1				1.0	
MIR454				1.0	
MIR301A				1.0	
CTD-2510F5.2				1.0	
TEX19				1.0	
UTS2R		1.0	1.0	1.0	
RP13-20L14.1				1.0	
RP13-20L14.4				1.0	
SECTM1				1.0	
HEXDC				1.0	
OGFOD3				1.0	
SERTAD3				1.0	
CTC-492K19.4				1.0	
PLD3				1.0	
PRX				1.0	
BLVRB				1.0	
HIPK4				1.0	
KLK14				1.0	
CTD-3187F8.15				1.0	
SIGLEC7				1.0	
SIGLEC19P				1.0	
SIGLEC18P				1.0	
CTD-3187F8.6				1.0	
SIGLEC17P				1.0	
AC008440.5				1.0	
PRKCG				1.0	
RNU6-242P				1.0	2.0
AC093609.1		1.0	1.0	1.0	4.0
AC068492.1				1.0	3.0
GPR27				1.0	
EIF4E3		1.0	1.0	1.0	2.0
LTC4S				1.0	
MGAT4B				1.0	
MIR1229				1.0	
RN7SKP150				1.0	
CTC-241N9.1				1.0	
SQSTM1		1.0	1.0	1.0	
C5orf45				1.0	
MAML1				1.0	
AC093620.5				1.0	
AC092171.2				1.0	
RP11-1275H24.2				1.0	
RP11-1275H24.1				1.0	
RP11-1275H24.3				1.0	
AC092171.4				1.0	
MIR589				1.0	
AF228730.8				1.0	
AF228730.1				1.0	
RPS3AP30				1.0	
MIR3686				1.0	
hsa-mir-3673				1.0	
AC011652.2				1.0	
AC011652.1				1.0	
AC016178.1				1.0	
hsa-mir-3669				1.0	
AC016178.2				1.0	
SPHKAP		1.0		1.0	
RNU6-861P				1.0	
RP11-328D5.1				1.0	
OR4P4				1.0	
OR4S2				1.0	
RP11-535A19.2				1.0	
RP11-535A19.1				1.0	
TMEM97				1.0	
POLDIP2				1.0	
MIR4723				1.0	
VTN		1.0	1.0	1.0	
CTB-96E2.2				1.0	
CTD-2350C19.1				1.0	
CTD-2350C19.2				1.0	
H3F3BP2				1.0	
TNFAIP1				1.0	
TMEM199		1.0	1.0	1.0	
CTB-96E2.3		1.0	1.0	1.0	
CTB-96E2.7				1.0	
SARM1		1.0	1.0	1.0	
SLC46A1				1.0	
RN7SKP69				1.0	
BFSP1				1.0	
PHBP8				1.0	
MAATS1				1.0	
NR1I2		1.0	1.0	1.0	
GSK3B				1.0	
AC091729.8				1.0	
GPR146				1.0	
RP11-449P15.1				1.0	
AC091729.7				1.0	
GPER1				1.0	
CTC-573M9.1		1.0		1.0	2.0
OR2A25				1.0	
RP4-681L3.2				1.0	
SLC26A9		1.0		1.0	
CYTL1		1.0		1.0	1.0
STK32B				1.0	
RN7SKP295				1.0	
RNU6-620P				1.0	
CTC-484M2.1				1.0	
HAPLN1		1.0		1.0	
SLC30A2				1.0	1.0
EXTL1				1.0	
CFL1P6				1.0	1.0
AL713997.1				1.0	1.0
C1orf127		1.0		1.0	3.0
ALX4		1.0		1.0	1.0
RP11-20L19.1				1.0	
CCER1		1.0		1.0	
RN7SL703P				1.0	
RNA5SP150				1.0	
PRDM13				1.0	
RP3-359N14.2		1.0		1.0	
AC147651.3		1.0		1.0	
PDGFA				1.0	
AC147651.1		1.0		1.0	
.		31.0	31.0		
GPATCH2		2.0	1.0		
AF127577.12		2.0	3.0		5.0
CDK8		1.0			2.0
RP11-362I1.1		4.0	1.0		6.0
CTD-2653M23.3		1.0			
KRT18P16		1.0			
MIR5007		1.0	1.0		
RP11-338H14.1		1.0	1.0		5.0
RP11-307O10.1		1.0	1.0		
CTD-2141G3.1		1.0			
RP5-899B16.1		2.0	1.0		
RP11-145E17.2		1.0	1.0		
SUMO2P2		1.0	1.0		1.0
FCF1P10		2.0	1.0		
VGLL3		2.0	1.0		
COX6CP6		1.0			
RP11-536O18.1		1.0	1.0		
RP11-562L8.1		2.0			
CTD-2378E21.1		1.0			2.0
RP11-643N23.1		1.0			
AC113134.1		1.0			
HSPA8P13		1.0			
RPL21P41		1.0	1.0		
RNU2-3P		1.0	1.0		5.0
RP11-313E19.1		1.0			
HFM1		1.0	1.0		
RP11-574M7.2		2.0	3.0		3.0
RP11-147G16.1		2.0	2.0		
CTC-340D7.1		2.0	1.0		
ARMC10P1		2.0			1.0
RP11-608B3.1		1.0			
RP13-359K18.1		1.0			
RP11-125N22.2		1.0			
RP11-297L6.2		1.0			
CTD-2576F9.1		2.0			
RP11-863N1.4		1.0			1.0
ARIH2P1		1.0			
AC093375.1		3.0			
RP11-354K4.2		1.0			
AC005027.3		1.0			
AC098592.8		1.0	1.0		
RP11-132E11.2		1.0	1.0		
RNU6-1211P		1.0	1.0		1.0
N6AMT1		1.0	1.0		
IBTK		1.0	1.0		
RP11-509J21.3		1.0	1.0		
AC008268.2		1.0	1.0		
AC005741.2		1.0	1.0		16.0
STARD3NL		2.0	2.0		3.0
RP11-224P11.1		1.0			
LINC00938		1.0			
RNU6-54P		1.0			
DNAJC5B		1.0			
AC118345.1		1.0			
RP1-130G2.1		1.0			
KRT18P3		1.0			1.0
RP11-442O18.1		1.0			1.0
RP11-222A11.1		1.0			
CTC-465D4.1		1.0			3.0
RP5-899B16.2		1.0			2.0
RN7SL547P		2.0	2.0		
CHCHD4P2		1.0			4.0
AC073551.1		1.0			2.0
RP11-362B23.1		2.0			
AC108057.1		1.0	1.0		
CTAGE16P		1.0			
RP11-347K2.1		1.0			2.0
ISG20		1.0			5.0
RP11-352E6.1		1.0			
SERF1AP1		1.0			
STMN1P2		1.0			
RP3-449H6.1		2.0	1.0		3.0
RNA5SP214		1.0			2.0
VGLL2		2.0			3.0
HIGD1AP18		1.0			
RP11-350G13.1		1.0			
MTND3P1		1.0	1.0		8.0
AC011648.1		1.0	1.0		
XKR9		1.0	1.0		1.0
RP11-977P2.1		1.0	1.0		1.0
AC012150.1		3.0	1.0		
HDGFL1		1.0	1.0		1.0
RP5-965F6.2		1.0			2.0
RNA5SP431		1.0			
RPS26P35		1.0	1.0		1.0
AC011286.1		1.0			
RP11-91P17.1		2.0	1.0		
NR4A2		1.0			
ACTG1P13		1.0			
RP11-324H7.1		1.0	2.0		6.0
RP11-326E22.1		1.0			1.0
CTA-109P11.1		1.0			
MIR572		1.0			
RP11-254A17.1		1.0			1.0
PSMC1P12		1.0			
RP11-644L4.1		1.0			
HSP90AB2P		1.0			
HNRNPA1P67		1.0			1.0
RNU2-36P		1.0			
CTD-2021J15.1		1.0			
RP11-184A2.3		1.0			
RP11-385J1.2		1.0			
SPCS3		1.0	1.0		
RP11-212J19.1		1.0			
KRT18P56		1.0			2.0
RP11-13A1.1		1.0			
AC016194.1		1.0			1.0
RP3-359N14.1		1.0			
RP11-810P12.6					2.0
RP11-691L4.2					2.0
RP11-703H8.9					2.0
RP11-959F10.5					2.0
RP1-65P5.1					13.0
RP11-781A6.1					2.0
PHLPP1					1.0
VPS4B					1.0
AC092594.1					7.0
AC010096.1					5.0
AC010096.2					8.0
AP001604.3					3.0
AC005062.2					2.0
OSR1					1.0
CTC-344H19.4					10.0
ZNF45					2.0
RP11-78B10.2					4.0
RP11-138I18.2					5.0
CD177P1					8.0
TEX101					10.0
ZNF221					10.0
ZNF230					1.0
ZNF222					2.0
ZNF223					2.0
ZNF284					2.0
CCDC61					10.0
IGFL4					10.0
AC007193.6					8.0
AC006262.6					8.0
HIF3A					11.0
PRKD2					4.0
AP2S1					7.0
PRSS1					2.0
RP11-575N15.1					15.0
NSMCE1					2.0
CTD-3138F19.1					1.0
RP11-443I9.1					1.0
AC064834.1					2.0
RP4-555D20.2					2.0
RP11-777N19.1					27.0
RP11-805I24.4					2.0
RP11-255I10.2					5.0
RP11-269F21.3					5.0
MAP3K14-AS1					1.0
RP11-76I14.1					5.0
FAP					1.0
FAM73B					1.0
RP5-1051H14.2					3.0
DAPP1					2.0
RP11-686D16.1					6.0
RP11-570L15.2					5.0
RNU4-28P					8.0
RP3-522D1.1					4.0
RP11-31F15.2					2.0
RP11-389O22.5					24.0
HIPK1					18.0
RP4-590F24.1					11.0
SYT6					4.0
RP4-543J13.1					3.0
CASQ2					2.0
ATP1A1					1.0
AL136376.1					1.0
C1orf106					2.0
DKFZP667F0711					3.0
RP11-120C12.3					2.0
PHRF1					1.0
CD3E					2.0
ATP5L					3.0
MVK					1.0
ANKRD13A					2.0
HVCN1					1.0
AL512505.1					1.0
KDM8					3.0
GSG1L					1.0
AC096559.1					5.0
FOXI3					3.0
INPP1					4.0
NAB1					3.0
AC125238.2					2.0
ICOS					6.0
RP11-359G22.2					2.0
FLT1P1					2.0
RP11-395I6.2					3.0
ATP5LP4					3.0
CTB-113I20.1					5.0
RP11-204E9.1					1.0
RP11-514O12.4					3.0
RP1-167A14.2					3.0
RP11-91I20.1					1.0
RP11-89M16.1					14.0
AC068570.1					2.0
RP11-23B15.1					12.0
CEP128					6.0
RP3-395M20.8					2.0
RP11-770J1.4					1.0
RP3-333H23.8					5.0
RP1-135L22.1					2.0
RP1-309H15.2					8.0
RP4-810F7.1					16.0
TRAF3IP2-AS1					6.0
ZNF890P					38.0
ZNF815P					31.0
PADI4					4.0
ARHGEF10L					4.0
PLEKHO1					1.0
RP4-799G3.1					4.0
RP4-799G3.2					4.0
RP1-186E20.1					4.0
KRT83					1.0
KRT82					2.0
RP11-1020M18.10					2.0
KRT6A					2.0
KRT1					2.0
RP11-641A6.5					2.0
GABRG3					8.0
RP11-100M12.3					7.0
RP11-483E23.4					9.0
AC107057.1					2.0
RNU6ATAC37P					2.0
RN7SL104P					2.0
AC010745.4					4.0
RP11-314C9.2					2.0
RNY4P15					4.0
AC007163.6					4.0
ALS2CR11					4.0
RP11-128M1.1					4.0
ATG3P1					2.0
BCAS4					4.0
RP11-325I22.2					10.0
RP3-348I23.2					5.0
RNF19A					4.0
RP11-130C19.3					4.0
CNTLN					3.0
RP11-452D2.1					4.0
KRT18P13					3.0
RHOU					2.0
KRT85					1.0
KRT77					1.0
RP11-641A6.3					1.0
ZNF90					8.0
PTHLH					10.0
RP11-503D12.1					4.0
CASC9					4.0
RPS15AP5					4.0
RP11-78A18.2					1.0
ATE1					5.0
RP11-116D17.1					3.0
AC079412.1					2.0
RP11-574O16.1					3.0
AC010887.1					2.0
RP11-19O2.4					2.0
MIER3					2.0
RP11-382A18.2					3.0
RP11-82L2.1					1.0
AL359552.1					2.0
RP11-438P9.1					2.0
RP11-438P9.2					2.0
RP11-380I20.2					2.0
RPS15AP27					2.0
RP11-240E2.2					2.0
RP11-505C13.1					2.0
RP1-20B21.4					1.0
RN7SL591P					2.0
RPS27P20					1.0
AC104801.1					1.0
RP11-357F12.1					1.0
AC114973.1					2.0
PKMP4					1.0
RPL36AP35					1.0
ITPRIP					8.0
ZAR1L					1.0
CTD-3184A7.4					1.0
KRT18P43					1.0
RP11-255B23.4					5.0
LINC01059					2.0
RP11-400N13.2					4.0
CTD-2200A16.1					1.0
RP11-815M8.1					6.0
RP11-758N13.1					7.0
ZRANB3					5.0
AC093391.2					3.0
ZNF682					4.0
RP11-325I22.1					2.0
HERC2P9					2.0
RN7SL194P					2.0
RP5-1077H22.2					1.0
RP11-567B20.2					2.0
RP5-1027O11.1					1.0
RP11-292F22.5					1.0
RP11-95I16.2					2.0
RP11-159H3.2					4.0
KRT71					1.0
RNU6-148P					1.0
RP11-139B1.1					4.0
HOXB-AS3					4.0
HOXB6					4.0
RP11-1094H24.3					1.0
AC011523.2					2.0
KLK2					3.0
AC016735.1					9.0
AC092155.1					1.0
RP11-305P22.9					1.0
PPATP1					1.0
MIR4795					1.0
LINC00883					1.0
IRX4					1.0
RP11-328M4.2					1.0
PNLDC1					1.0
AC006481.1					3.0
RP11-89K10.1					1.0
PCAT2					1.0
RP11-255B23.1					1.0
CCAT1					1.0
MYC					1.0
TUFT1					1.0
CTC-518P12.6					4.0
AC110781.3					2.0
RN7SL88P					1.0
SPRY4					1.0
RP11-116N8.1					4.0
RP11-23J9.5					4.0
CCDC180					4.0
RP11-23J9.4					4.0
RP11-23J9.7					4.0
RP11-546O6.4					8.0
RP11-183G22.1					3.0
RP11-296A18.3					4.0
RNF11					3.0
RP11-433J22.3					3.0
KIFAP3					5.0
RPL12P8					2.0
RP11-464F9.1					2.0
NEURL					7.0
RP11-7F17.7					4.0
MAPKBP1					2.0
RP11-2E17.1					3.0
ARNT2					3.0
AC018890.6					3.0
AP000330.8					3.0
PEX26					2.0
COL25A1					3.0
CCDC109B					6.0
PLA2G12A					4.0
RP11-380D23.1					3.0
RP11-380D23.2					4.0
AC024198.1					10.0
MIR297					4.0
LYPLA1P2					4.0
AC004062.2					8.0
RNU6-289P					3.0
RP11-274B21.1					3.0
CCDC136					2.0
RP11-545A16.3					1.0
AC021218.2					1.0
RP5-836E8.1					1.0
XRRA1					1.0
RP11-761N21.1					1.0
RP11-278H7.3					2.0
GLUDP5					1.0
LBX1					1.0
RNU2-43P					1.0
RP11-107I14.5					2.0
DPCD					1.0
RP11-225H22.5					4.0
SFR1					3.0
WDR96					1.0
CCDC147					1.0
RP11-127O4.3					4.0
YWHAZP5					1.0
RP11-56I23.1					1.0
RP11-298H24.1					1.0
SORCS1					1.0
AL356215.1					1.0
RAB39A					1.0
CUL5					1.0
RP11-144G7.2					1.0
RP11-25I9.2					1.0
RP11-27G22.1					1.0
SNORD116					3.0
E2F6					1.0
RNA5SP84					1.0
AC009474.1					1.0
TSGA10					1.0
FAM83F					1.0
RANGAP1					1.0
RP11-483E7.1					1.0
RP11-317M11.1					1.0
RP3-398G3.5					1.0
RP1-200K18.1					4.0
RNA5SP224					1.0
DMRT3					1.0
RNU6-1073P					1.0
DMRT2					1.0
TAF5					2.0
CXCR5					1.0
SNRPEP8					1.0
RNU6-410P					1.0
AC092415.1					1.0
OCM					13.0
CYTH3					9.0
INSL4					5.0
OR10AH1P					9.0
CCZ1					6.0
RP4-763G1.1					3.0
RP11-402G3.4					1.0
RP11-476B1.1					7.0
RP11-261N11.8					4.0
RP4-668J24.2					3.0
MED18					1.0
BAI2					2.0
RP4-598G3.1					2.0
RP11-285A18.2					1.0
RP11-960D24.1					4.0
RP11-63C8.1					2.0
RP11-111A21.1					1.0
RP11-7F17.5					1.0
RP11-382A20.4					1.0
BNC1					1.0
AC079163.1					1.0
ZNF589					2.0
AC074389.1					1.0
RNU6-1103P					2.0
RP11-458K10.1					1.0
RP11-575I8.1					1.0
HMGB3P23					1.0
RPL34P6					2.0
DPT					10.0
RP11-958J22.3					5.0
NTF3					2.0
RP11-9L18.2					2.0
RCSD1					2.0
ADCY10					2.0
TBX19					3.0
RP5-1059H15.1					8.0
MIR557					1.0
RP5-968D22.1					1.0
QRSL1P1					1.0
RP5-968D22.3					2.0
XCL1					7.0
AL049798.1					3.0
SUMO1P2					4.0
SELP					2.0
SCYL3					2.0
RP11-297H3.4					4.0
RP11-576I22.2					2.0
RP11-545I10.2					3.0
FMO6P					1.0
RP1-127D3.4					6.0
FMO1					2.0
GOT2P2					1.0
GORAB					1.0
AP001258.4					1.0
DTX4					1.0
PLAC9					2.0
SPTLC1P2					9.0
RP11-489C13.1					3.0
AL357932.1					4.0
C1orf53					4.0
TACC2					6.0
DMBT1					6.0
RP11-318C4.2					4.0
RP11-107C16.2					1.0
ACADSB					3.0
HMX3					5.0
RP11-282I1.1					5.0
RP11-325F22.2					1.0
LINC01004					1.0
TUBB4BP6					1.0
RP11-295D22.1					1.0
RP11-360A18.2					6.0
RP11-360A18.1					2.0
MIR147A					1.0
CDK5RAP2					1.0
GSN					1.0
MIR4478					1.0
NDUFA8					1.0
RBM18					1.0
RP11-542K23.10					1.0
OR1L4					1.0
PKNOX1					1.0
AGPAT3					2.0
MUC16					1.0
ECSIT					3.0
CEP152					2.0
RP11-138E16.1					2.0
CTD-2647E9.1					5.0
GABPB1					2.0
RP11-707P17.1					3.0
HNRNPA1P48					2.0
SGOL2					2.0
RP11-513G11.4					5.0
ABC12-47043100G14.2					3.0
RP11-744J10.3					2.0
ZNF782					3.0
GABBR2					4.0
ACOT11					5.0
FAM151A					4.0
MROH7-TTC4					5.0
RP11-67L3.5					4.0
RP11-67L3.4					4.0
GOT2P1					6.0
PPAP2B					22.0
EREG					4.0
PPAPDC3					2.0
RP11-275F13.1					2.0
RP11-191G24.1					1.0
EEF1GP7					2.0
RP3-395M20.9					3.0
RP13-279N23.2					1.0
IFFO2					1.0
AKR7A3					1.0
AKR7A2					1.0
VAV3-AS1					2.0
FCAMR					1.0
CCDC81					1.0
RN7SKP250					2.0
RP1-7G5.6					1.0
GPN3					2.0
RP11-307N16.6					2.0
RP11-97O12.3					3.0
CTB-41I6.1					2.0
AC107993.1					1.0
PTRF					1.0
ANKRD36B					2.0
KIAA1211L					2.0
DPP4					1.0
GCG					1.0
MFSD6					2.0
STAT1					2.0
IMPDH1P10					1.0
AC009965.2					1.0
RP11-93B21.1					2.0
RP11-278L15.4					1.0
RP11-430L16.1					2.0
AC195454.1					1.0
RNU7-74P					1.0
RNU4-64P					4.0
WDR41					2.0
RP11-631F7.1					2.0
SASH1					2.0
RP11-91I20.3					1.0
SLA					2.0
MAP3K19					1.0
UBXN4					1.0
HNRNPKP2					1.0
UBBP1					1.0
AC010146.2					1.0
AC092786.1					3.0
RP11-752L20.1					19.0
RP11-116N8.4					1.0
DPPA3P2					1.0
AHCYP7					1.0
FOXE1					1.0
RP11-414B7.1					1.0
RP11-606D9.1					2.0
RNA5SP30					2.0
AC007879.5					2.0
RP11-12M9.3					2.0
FECHP1					2.0
RP11-524K22.1					3.0
UPK3B					9.0
AL359091.2					1.0
CTD-2015H3.1					1.0
UPK3BP1					2.0
RP11-489N22.3					3.0
AL162430.2					2.0
AC099805.1					1.0
LGMN					1.0
TMEM251					1.0
RP11-371E8.4					1.0
BTBD7					1.0
PRIMA1					1.0
FAM181A-AS1					1.0
SERPINA9					1.0
SERPINA12					1.0
SERPINA13P					1.0
RP11-986E7.2					1.0
PSMC1					1.0
C1orf116					1.0
SLC1A2					2.0
RP11-6N17.9					2.0
C2orf15					1.0
AC018690.1					1.0
FAM149A					1.0
MED7					1.0
CTD-2501M5.1					1.0
CTD-2560E9.3					1.0
RNF19B					1.0
IRF2BPL					1.0
RNA5SP428					1.0
AC009299.2					1.0
RP1-28O17.1					1.0
RP5-1112D6.7					1.0
RP11-61D3.1					1.0
MEGF8					6.0
AC067968.3					6.0
ZNF234					1.0
CTD-2501B8.5					5.0
CEACAMP7					2.0
PSG4					2.0
ZNF155					7.0
ZNF225					6.0
IGFL1P2					6.0
AC007193.10					3.0
FZD2					2.0
PSG9					1.0
RP11-22P4.1					8.0
METTL9					3.0
AC010547.9					2.0
RNU4-69P					2.0
AC091969.1					3.0
RP11-300M24.1					4.0
AC016768.1					1.0
RP11-944L7.4					2.0
RP11-944L7.5					1.0
ZNF660					1.0
AC093786.1					2.0
NAA11					1.0
CTC-340A15.2					1.0
PDK1					1.0
RP11-154D9.1					1.0
RP11-99J16__A.2					4.0
RP11-460B17.3					2.0
DCHS2					3.0
GUCY1A3					4.0
CTB-47B8.4					4.0
RP11-173D14.3					4.0
NTRK3-AS1					8.0
ZNF564					1.0
GJA8					1.0
CEACAMP8					1.0
TEK					1.0
CDC5L					4.0
RP11-104D3.2					1.0
RP11-115J23.1					3.0
RNA5SP128					1.0
RP11-774O3.1					2.0
RP11-774O3.3					1.0
RP11-474J18.1					1.0
RP3-399L15.3					1.0
RP11-196O16.1					1.0
ISPD-AS1					1.0
PCDH8P1					2.0
RP11-168G16.2					1.0
LINC00593					1.0
AC127383.1					2.0
AC114765.1					1.0
CCDC134					1.0
RP11-534N16.1					1.0
RP11-71E19.2					5.0
EFCC1					4.0
CNBP					4.0
AC017048.1					1.0
RNU6ATAC14P					1.0
AC092162.1					1.0
AC079305.11					1.0
AC079305.8					1.0
AC073834.3					1.0
AC093911.1					1.0
RP11-512G4.1					1.0
SSFA2					1.0
ISY1-RAB43					2.0
RP11-51L5.3					1.0
SNX4					1.0
RP11-71E19.1					1.0
RP11-71E19.5					1.0
C3orf56					1.0
RP11-88I21.2					1.0
TPRA1					1.0
NEK11					1.0
RP11-1220K2.2					1.0
TRBJ2-2					2.0
TRBC2					1.0
RP11-114L10.2					1.0
TRPV5					1.0
FAM115D					1.0
RP11-61L23.2					1.0
PSG7					1.0
RP11-115D19.1					1.0
SNCA					1.0
RP11-478L17.1					1.0
RP11-297L17.2					2.0
AC007403.2					1.0
AC023115.2					1.0
AC023115.1					1.0
AC010987.6					1.0
RN7SL831P					2.0
LINC01065					2.0
RP11-53L24.1					1.0
ACO2					2.0
SREBF2					3.0
RP11-318I4.1					2.0
NDUFB11P1					1.0
RPL26P31					1.0
CCDC67					1.0
TAF1D					1.0
RUVBL2					3.0
LHB					3.0
HMX1					1.0
IZUMO2					2.0
SMARCE1					3.0
LINC01031					1.0
RNU6-983P					1.0
RP11-2L13.1					2.0
HMX2					1.0
B3GALTL					1.0
AC016739.1					2.0
AC013444.1					2.0
RP11-478H13.1					1.0
IGHMBP2					1.0
RP11-507B12.2					2.0
RP11-640N20.6					1.0
MIR2117					1.0
PACRG					1.0
CAHM					1.0
QKI					1.0
RP11-408N14.1					8.0
AC004769.1					5.0
HINT1					7.0
AC097662.2					5.0
AC064853.3					3.0
RNU6-929P					1.0
CCDC68					2.0
CTD-2171N6.1					2.0
RNA5SP459					2.0
RP11-214L13.1					1.0
CTD-2008L17.1					3.0
CTD-2008L17.2					4.0
RP11-456O19.2					3.0
WDR7					2.0
C2orf83					3.0
CNBD1					1.0
RP5-1185K9.1					2.0
RP5-828K20.1					1.0
RP11-340B24.3					4.0
PTCHD2					3.0
FBXO2					2.0
LRRC52					2.0
RP11-7G12.1					3.0
FMO8P					1.0
ILDR2					1.0
DUSP27					2.0
SFTA1P					1.0
RP11-317J19.1					1.0
RP11-778O17.4					1.0
TSPAN11					2.0
NME1P1					3.0
RP11-8P11.3					2.0
CACNB4					1.0
RP13-143G15.4					3.0
AC073130.3					2.0
AC003084.2					2.0
RN7SKP191					2.0
TXN					2.0
AL161731.1					2.0
RP11-306I1.1					2.0
MNAT1					2.0
RP11-193F5.1					2.0
OR4A6P					1.0
CTD-2005H7.2					1.0
CTB-88F18.4					1.0
AC006926.1					1.0
RN7SKP155					4.0
DYDC2					1.0
RPL29P30					1.0
C15orf60					2.0
RP11-149P14.1					1.0
CSNK2A2					1.0
RP11-438L19.1					1.0
CTD-2260A17.1					3.0
RP11-439H9.1					8.0
RP1-59B16.1					10.0
C6orf222					10.0
RADIL					12.0
USP42					4.0
RP11-202D1.3					1.0
RPL29P32					1.0
AC090666.1					1.0
RP11-289E15.1					1.0
RP11-397A16.3					1.0
RP11-456O19.4					1.0
CTD-2526M8.2					1.0
RP11-93L9.1					4.0
GJA3					1.0
RP11-17A1.3					1.0
RP11-91I8.3					2.0
MADCAM1					2.0
AC005775.2					2.0
CTA-21C21.1					2.0
RP1-71H24.1					1.0
FAM211A					4.0
AL359546.1					1.0
SLC25A45					1.0
DPP3					1.0
CTD-3032H12.2					1.0
MIR1202					1.0
AC004920.3					1.0
RP11-60I3.5					1.0
RP11-471L13.2					3.0
C7orf10					2.0
RXFP4					2.0
RNU7-114P					1.0
RP11-438N16.1					1.0
SNORD36					2.0
RP11-210M15.2					2.0
RP11-356O24.1					2.0
C16orf47					2.0
KCNC3					1.0
AC062031.1					1.0
LINC00237					1.0
ZBED1P1					2.0
RP11-255I10.1					2.0
RP11-477G18.1					2.0
RANP6					4.0
RP11-438C19.2					2.0
RP11-461O14.3					1.0
RNU6-263P					2.0
RP11-474L11.3					1.0
RP11-464F9.21					1.0
BLM					1.0
RP11-510M2.1					1.0
PCDHGA1					1.0
PCDHGA2					1.0
PCDHGA3					1.0
PCDHGB1					1.0
PCDHGA4					1.0
PCDHGB2					1.0
PCDHGA5					1.0
PCDHGB3					1.0
PCDHGA6					1.0
PCDHGA7					1.0
PCDHGB4					1.0
PCDHGA8					1.0
PCDHGA9					1.0
PCDHGB6					1.0
PCDHGA10					1.0
PCDHGB7					1.0
PCDHGA11					1.0
PCDHGC3					1.0
PCDHGC4					1.0
PCDHGC5					1.0
RP4-633H17.2					6.0
RNU6-830P					1.0
LINC00841					4.0
RP11-20J15.2					8.0
RP11-563P16.1					6.0
FDX1					1.0
RP4-601P9.1					5.0
RP11-326A19.2					8.0
ZNF774					3.0
RN7SL830P					8.0
RP11-700N1.1					6.0
RP11-203B7.1					1.0
RP11-292D4.3					10.0
RP11-588K22.2					2.0
AL159977.1					1.0
LINC00114					1.0
RP11-417E7.2					1.0
MMP3					1.0
BCAN					1.0
RP11-284F21.10					1.0
FKBP7					1.0
RPS6P2					1.0
RP11-381K20.2					1.0
RP11-470E16.1					3.0
RP11-638I2.4					1.0
AXL					1.0
POU4F2					3.0
RP3-393E18.1					1.0
RP11-702F3.2					2.0
RP11-810P12.5					3.0
STARD9					1.0
RP11-392O1.4					4.0
AC064865.1					2.0
RP11-471B18.1					1.0
AL512640.1					6.0
ING1					2.0
VDAC3P1					3.0
RP11-648K4.2					4.0
LINC00925					3.0
RTN3P1					2.0
NREP-AS1					2.0
RP11-235G24.1					6.0
KHSRPP1					2.0
AC092846.1					1.0
RP11-240D10.4					1.0
KIAA1462					2.0
RP11-429B14.1					2.0
RP11-22H5.2					2.0
CTD-3253I12.1					1.0
RP11-292E2.2					1.0
GUCY1B3					5.0
TMEM41B					1.0
C1orf234					1.0
MRPS14					1.0
DUSP10					2.0
PTPN20B					2.0
POSTN					2.0
LINC00343					2.0
LINC00520					2.0
RP11-178L8.4					1.0
RPL21P122					2.0
AP1M1					2.0
PDGFB					1.0
CLDN11					2.0
STIM2					4.0
RP11-692D12.1					2.0
KLKB1					3.0
ACSL6					11.0
AC034228.7					7.0
VTRNA2-1					1.0
RP11-440G5.2					2.0
MS4A13					1.0
CD6					1.0
RPLP0P2					1.0
RP11-244F12.1					1.0
DRAXIN					2.0
HYI-AS1					2.0
AL591415.1					3.0
SLC16A1					3.0
RP4-663N10.2					4.0
RP5-1139B12.3					1.0
COG2					2.0
KCNIP2-AS1					2.0
GSTO2					2.0
RP11-45P22.2					2.0
NHLRC2					3.0
RNU6-709P					2.0
VWA2					3.0
KIF18A					2.0
RP11-702F3.3					2.0
SLC22A20					2.0
RP11-831A10.2					1.0
SCN8A					2.0
RP11-923I11.5					2.0
RP11-983P16.4					2.0
TENC1					2.0
SOAT2					3.0
CALCOCO1					3.0
RP11-686F15.3					1.0
TRPV4					2.0
RP11-1028N23.3					2.0
RP11-1028N23.4					2.0
ACE3P					1.0
CTD-3105H18.14					5.0
CTD-3105H18.16					6.0
ZNF100					1.0
AC003973.1					2.0
RNU6-627P					3.0
SLC38A11					1.0
RP4-697P8.3					3.0
APCDD1L-AS1					3.0
MGC4294					1.0
MOBP					2.0
KIAA2018					1.0
RPL21P43					2.0
MTND1P22					3.0
RP13-487K5.1					2.0
IRX1					2.0
GPR98					2.0
RNU2-48P					2.0
RP11-793K1.1					2.0
TRMT11					1.0
AC091705.1					1.0
NFE2L3					2.0
AC004947.2					3.0
AC093106.7					3.0
ZNF775					2.0
RNA5SP254					3.0
RP11-296L22.7					4.0
TOR2A					3.0
RP4-734G22.3					3.0
EBLN1					1.0
C2orf70					1.0
PHACTR2					1.0
RP11-543C4.3					1.0
GPR149					1.0
RNU6-1032P					1.0
NT5DC4					1.0
RP11-56P9.11					2.0
RP11-347H15.1					1.0
OR8K4P					1.0
RP11-341G23.4					2.0
RP11-158C21.2					5.0
PLRG1					3.0
CYP4V2					5.0
RP11-215A19.2					3.0
AC079298.1					2.0
RBM46					2.0
RN7SKP291					1.0
STRC					1.0
AC011330.5					1.0
ESYT3					1.0
RN7SL250P					1.0
FGF3					1.0
RP11-626H12.1					3.0
FTH1P7					1.0
EIF4H					1.0
RP11-431K24.4					1.0
RP5-837I24.4					1.0
C1orf85					1.0
RP1-102G20.5					1.0
RP11-134G8.7					1.0
RP11-626H12.2					1.0
RP11-61O1.1					1.0
RP11-265N7.2					1.0
MEF2A					1.0
RP11-66B24.5					1.0
RP11-134D3.1					1.0
RN7SL111P					1.0
LMCD1-AS1					1.0
RP11-443J23.1					1.0
RP11-511B7.1					1.0
RP11-168A11.1					1.0
LYRM7					4.0
MARK2P11					1.0
RP11-679B17.2					1.0
E2F3					1.0
RP11-518I13.1					1.0
LINC01057					1.0
RP1-10C16.1					1.0
TXNRD1					1.0
MIR4519					1.0
AC106782.20					1.0
LINC00879					1.0
AC110771.1					1.0
DRD4					2.0
TOLLIP-AS1					2.0
BRSK2					3.0
KRTAP5-5					1.0
AC068580.7					2.0
ASCL2					1.0
RP13-870H17.3					1.0
MOB2					1.0
KRTAP5-4					1.0
RP11-43F13.1					1.0
LPHN1					1.0
HSP90AB7P					2.0
RP11-275N1.1					5.0
MUC5AC					4.0
RNY1P5					3.0
AL583784.1					1.0
RP11-798K3.3					1.0
RP11-543G18.1					2.0
CTB-134H23.2					1.0
AC004066.2					3.0
ARL2BPP4					3.0
AC004775.5					2.0
CTB-49A3.2					4.0
FSTL4					4.0
MIR146A					1.0
IL1R2					1.0
MLTK					1.0
RP11-528A4.2					2.0
RNA5SP192					1.0
RP11-431K24.2					1.0
RP11-449I17.5					1.0
STK33					1.0
RP11-356O9.1					1.0
PMP22					1.0
FTCDNL1					2.0
AC007383.6					1.0
DYTN					1.0
RP4-539M6.22					1.0
ACAP2					1.0
AC068610.5					2.0
RP11-222O23.1					2.0
RP11-380D11.2					1.0
RP11-946L20.4					1.0
COG8					1.0
AC079248.1					1.0
CTC-499J9.1					1.0
RNU1-7P					1.0
RP11-266E14.1					2.0
RP11-221J22.1					1.0
RP11-152K4.2					1.0
PES1					1.0
AC137527.2					1.0
RP11-343J18.2					1.0
TRBV8-1					1.0
TRBV30					1.0
AC106053.1					3.0
ERCC5					2.0
METTL21EP					2.0
HAAO					2.0
AC098824.6					3.0
AC016735.3					3.0
AC019129.1					6.0
PREPL					1.0
AC067957.1					2.0
AC009236.1					4.0
RP11-680B3.2					1.0
RP11-278L15.3					2.0
WWTR1					2.0
GRM3					5.0
TMEM243					5.0
AC002069.5					3.0
PIGCP2					5.0
RP11-31K23.1					4.0
TEX30					1.0
MEIS3					1.0
AC104654.1					1.0
AC016735.2					1.0
SLC3A1					4.0
RP5-1069C8.2					1.0
CPB1					1.0
RP11-167H9.5					1.0
RP11-423J7.1					1.0
TP53TG1					4.0
CTA-326K9.1					1.0
NSMAF					1.0
RP11-4K16.2					1.0
CTC-327F10.1					1.0
RP1-209A6.1					6.0
MAPK13					3.0
MTCH1					1.0
TBC1D22B					1.0
RNF8					1.0
CCDC167					1.0
MDGA1					1.0
RCN1					2.0
AC096971.1					1.0
CTD-2247C11.1					3.0
KRT8P28					1.0
GPN3P1					1.0
ALDH18A1					1.0
ENTPD1					1.0
RP11-429G19.3					1.0
RP11-248J23.7					1.0
RP11-133K1.6					1.0
RP11-140I24.1					1.0
LINC01082					1.0
AC096558.1					1.0
RP11-570L15.1					2.0
RP11-379J5.5					1.0
CLRN1-AS1					1.0
RP11-166N6.3					1.0
RP11-166N6.2					1.0
GDNF-AS1					1.0
NAPEPLD					3.0
RP11-597M17.1					1.0
AC027238.1					1.0
WDR38					1.0
RP11-91K11.2					4.0
ALDH7A1P4					2.0
AC005549.3					1.0
FSCN1					3.0
RP11-740N7.3					6.0
RP1-118J21.24					1.0
RP11-434I12.2					1.0
CNGA4					1.0
PRRG4					2.0
QSER1					1.0
RP1-130L23.1					2.0
RP11-384P14.1					2.0
CDKN3					1.0
RP11-739L10.1					1.0
PSME4					2.0
CCDC88A					1.0
RP11-64C1.1					1.0
IL17RD					1.0
LDHAP1					1.0
CTD-2247C11.2					2.0
CTD-2297D10.1					2.0
ALG3P1					2.0
XXyac-YX65C7_A.2					2.0
WBSCR27					1.0
WBSCR28					2.0
LINC01003					2.0
RP11-219J21.2					1.0
RP11-272P10.3					1.0
SPATA17					1.0
RNU1-141P					1.0
RPS27A					1.0
RP11-779P15.1					1.0
RP11-201E8.1					1.0
RP11-299D14.2					1.0
RP11-338L18.1					1.0
RPSAP34					1.0
AC002511.3					1.0
ZFP14					1.0
PLA2G2E					2.0
PLA2G5					2.0
RNU6-465P					1.0
DYRK3					2.0
IL20					2.0
RP11-68D19.1					4.0
OR7E59P					2.0
DLD					3.0
FFAR2					2.0
MIR4462					1.0
IGHJ1P					1.0
IGHV4-4					1.0
RP1-34H18.1					1.0
DAAM2					1.0
RP11-486P11.1					1.0
RP4-749H3.1					2.0
PPIE					1.0
REG4					2.0
RP11-242G20.1					2.0
RPL5P26					3.0
MARCH5					2.0
RP11-57H14.4					3.0
RP11-57H14.3					3.0
AC129929.5					3.0
OSBPL5					3.0
AC108448.3					3.0
RP11-320N7.2					3.0
HSPA8P5					2.0
RP11-320N7.1					4.0
RP11-413B19.2					3.0
RP11-541G9.1					2.0
RP11-768F21.1					2.0
LINC00382					3.0
SPRY2					3.0
RP11-23P13.4					1.0
PEAK1					3.0
RP11-307C19.2					2.0
RP11-958N24.1					3.0
UBE2G1					3.0
CTD-2666L21.1					1.0
AC007250.4					2.0
RN7SL361P					2.0
RNA5SP111					2.0
PTPRT					1.0
SRSF6					1.0
L3MBTL1					1.0
RP5-1030M6.3					3.0
R3HDML					2.0
Z97053.1					3.0
RPL24P7					2.0
RP11-245J9.4					1.0
RP11-42A4.1					3.0
RP11-555K12.2					3.0
CTB-57H20.1					1.0
ELK1P1					3.0
GTF2I					3.0
AC083884.8					3.0
YWHAG					2.0
RASA4DP					3.0
RP11-537H15.3					1.0
CHCHD2P9					3.0
RP11-154D17.1					3.0
LPPR1					3.0
PLK2					2.0
MCHR2					1.0
RP11-351A20.1					1.0
AC037445.1					1.0
AC068490.2					2.0
AC068490.1					1.0
CTB-85P21.1					1.0
IGFL1					1.0
CTB-95D12.1					1.0
RP11-255N24.4					1.0
ACYP1					1.0
RP11-135J2.4					1.0
RP11-135J2.3					1.0
TIPARP-AS1					1.0
C7orf72					1.0
TCHH					1.0
SPRR2B					1.0
SPRR2E					1.0
RP11-619A14.3					2.0
RP11-74K11.2					2.0
RP4-697K14.3					2.0
SLC25A46					1.0
GFRA2					1.0
BTNL10					1.0
AC093166.1					1.0
AC034228.4					1.0
RP11-13P5.1					3.0
SLC22A14					2.0
AL137019.1					2.0
RNY1P8					1.0
STAC					1.0
ITGA9					1.0
AC118653.2					1.0
CSRP1					1.0
RP11-400N13.1					1.0
RP11-293M10.1					2.0
AC010733.4					5.0
LEPREL1					1.0
AC008703.1					5.0
S100A11					1.0
KSR1					1.0
RP1-66C13.4					3.0
SNRPGP2					1.0
RP11-642D6.1					4.0
AC093159.1					1.0
SLC2A13P1					1.0
INSL5					1.0
RNU6-1060P					3.0
LRRC55					1.0
MIR920					6.0
RP1-193H18.3					8.0
UXS1					6.0
NEK4P1					4.0
FAM53A					6.0
RNU6-962P					5.0
RP11-467H10.2					7.0
RP11-537H15.4					2.0
RP11-355O1.11					1.0
SLC35E2					1.0
DMXL2					1.0
AC007970.1					1.0
RP11-408A13.2					1.0
TTLL11-IT1					1.0
RC3H2					2.0
AF212831.2					1.0
VDAC3					1.0
RP11-131L23.1					1.0
NELFA					1.0
FAM193A					1.0
LIFR-AS1					1.0
RP11-567M16.1					4.0
AC073218.1					2.0
COL5A2					1.0
RP1-213J1P__B.1					1.0
TLR9					1.0
TWF2					1.0
RP11-228O6.2					1.0
RP11-478H13.4					1.0
STON1-GTF2A1L					1.0
KRT18P19					3.0
IMPG1					1.0
GARNL3					1.0
NACA2					1.0
AC022201.4					1.0
WDR82					2.0
AC007383.4					3.0
RP11-396O20.2					3.0
LINC00458					2.0
FAM136A					2.0
RNU6-699P					2.0
RP11-122C21.1					1.0
BARX1					3.0
LPHN3					1.0
AE000661.37					2.0
RP5-1031J8.1					1.0
CELSR1					1.0
RP11-530I17.1					2.0
CTD-2128F4.1					1.0
NECAP1P1					1.0
GPR141					2.0
TRGC2					1.0
FAM183B					1.0
AC006326.3					2.0
RP11-600K15.1					2.0
GS1-44D20.1					1.0
RP11-21C17.1					2.0
RSPO2					2.0
AP001331.1					1.0
TMEM74					1.0
RPS27AP14					2.0
RP3-435K13.1					3.0
RP4-663N10.1					6.0
RALGPS2					1.0
AL079339.1					1.0
RP11-383I23.2					1.0
RP11-608O21.1					1.0
RP11-445O3.3					1.0
CTC-436K13.6					1.0
AC016903.1					1.0
RP11-396O20.1					1.0
RP11-160H22.5					2.0
TYW1B					3.0
RP11-214L19.1					1.0
ALDOAP1					1.0
HAND2					2.0
DPY19L2					1.0
PCGEM1					2.0
RP11-231I13.2					1.0
RN7SL868P					1.0
RP11-700E23.3					1.0
RP4-666F24.3					2.0
HIST2H2BF					1.0
RP11-196G18.21					1.0
RP11-196G18.3					1.0
RP11-798K3.4					1.0
GCSHP1					1.0
HMGB1P13					1.0
C3orf33					1.0
NEK5					1.0
RNU6ATAC21P					1.0
RP11-58A17.2					1.0
RALGAPA1					1.0
AC116035.1					1.0
SAYSD1					1.0
RN7SL797P					1.0
RP11-63E9.1					1.0
VWA1					1.0
RNF216-IT1					3.0
IL12A-AS1					3.0
RP11-556I14.2					2.0
RLN2					2.0
GAREM					2.0
AC142293.3					4.0
RP11-962G15.1					3.0
RP5-973M2.2					1.0
LINC00511					1.0
RP11-1124B17.1					1.0
POC1A					1.0
UGT8					1.0
RP11-374N7.1					4.0
NDUFA12					2.0
RP11-554D15.1					1.0
RNA5SP225					1.0
MTHFD1L					1.0
RP11-302L19.1					1.0
RP11-504A18.1					1.0
GRAMD3					1.0
RP11-517I3.1					1.0
AL390877.1					1.0
FLJ14816					2.0
RP11-8L2.1					2.0
RP11-593P24.4					2.0
RP11-535A5.1					2.0
AC011525.2					3.0
RP11-332P22.2					1.0
FFAR3					1.0
CAPNS1					1.0
CTB-60B18.6					1.0
RP11-567B20.1					1.0
RP11-171N4.3					1.0
CTC-529L17.2					1.0
RP11-155L15.1					1.0
LINC00670					2.0
TRIM64C					1.0
PGLYRP1					2.0
ENPP7					3.0
ZNF107					3.0
SDCBP					1.0
RP11-463J7.2					1.0
HMGN2P39					1.0
RP11-188I24.1					1.0
AC098817.5					1.0
PDZRN3					1.0
TTPA					1.0
CTD-3046C4.1					1.0
RP11-572H4.1					1.0
RFC3P1					1.0
RP11-993B23.1					1.0
ANAPC16					1.0
C10orf55					1.0
LAMB3					4.0
RP1-28O10.1					4.0
HSD11B1					4.0
DIEXF					4.0
RP11-372M18.2					1.0
RP1-272L16.1					2.0
SERTAD4-AS1					1.0
RP4-667H12.4					2.0
KCNH1					2.0
RP11-552D8.1					2.0
RP11-565J7.1					2.0
CR2					1.0
PLXNA2					1.0
CAMK1G					1.0
SYT14					1.0
OR7D1P					1.0
ZNF812					2.0
CNN1					3.0
TECR					1.0
ZNF98					1.0
AFAP1L1					1.0
CLTA					1.0
GNE					1.0
FBXO6					1.0
RP11-64I17.1					1.0
RP11-855O10.3					1.0
RP11-923I11.6					1.0
PPP1CC					1.0
RP11-316E14.6					1.0
PROX2					1.0
RP11-65J21.4					1.0
ST3GAL2					1.0
NXPH3					1.0
ERN1					1.0
UBQLN4P2					1.0
TBR1					1.0
RP5-907D15.3					1.0
RNU1-96P					1.0
CTD-2347I17.1					1.0
CTC-436K13.3					1.0
CBX3					1.0
GATSL2					1.0
SWI5					1.0
RNU6-1246P					1.0
RP11-78H18.2					1.0
PSMD5-AS1					1.0
RP11-1398P2.1					1.0
AC012391.1					1.0
PRR4					1.0
ACTR3					1.0
ZNF197					1.0
RNU6-412P					1.0
RP11-32B11.2					1.0
NFU1P2					1.0
RN7SKP263					1.0
RNU6-815P					1.0
RAD23B					1.0
RP4-799D16.1					1.0
SEPN1					1.0
RP1-317E23.6					1.0
RP11-117D22.1					1.0
NDC1					1.0
YIPF1					1.0
CDCP2					1.0
RP11-446E24.4					1.0
CYB5RL					1.0
AC099796.1					1.0
PARS2					1.0
TTC22					1.0
C1orf168					1.0
FNDC7					1.0
KMT2A					1.0
RP11-429A20.3					1.0
RP11-571M6.7					1.0
ADAM21P1					1.0
RP11-718G2.5					1.0
CTD-2540L5.6					1.0
TM4SF5					1.0
TMIGD1					1.0
PRR15L					1.0
CCDC159					1.0
ZNF627					1.0
ZNF823					1.0
ZNF737					1.0
CEACAMP3					1.0
CTC-490G23.2					1.0
LYPD3					1.0
CCDC8					1.0
RHOB					1.0
AC023137.2					1.0
RN7SKP27					1.0
RP1-191L6.2					1.0
RNA5SP484					1.0
EMILIN3					1.0
RNU6-1018P					1.0
RP11-656A15.1					1.0
C4orf40					1.0
CSN3					1.0
AMBN					1.0
RUFY3					1.0
RNU4ATAC9P					1.0
RP11-580P21.1					1.0
AC112518.3					1.0
RN7SL218P					1.0
AC097470.1					1.0
RP11-727M10.1					1.0
PPP1R2P3					1.0
RP3-428L16.1					1.0
MRPS24					2.0
RP11-697B24.1					1.0
TEX10					1.0
C9orf114					1.0
LL09NC01-251B2.3					1.0
RNU6ATAC28P					1.0
PMS2P5					1.0
AC004166.6					1.0
RP11-108N13.1					1.0
LINC00854					1.0
TRPM5					1.0
MRGPRG-AS1					1.0
AC109309.4					1.0
ARF4P4					1.0
RP11-412H8.2					1.0
RP11-685G9.4					1.0
RP11-1021N1.1					1.0
RP11-142G1.2					1.0
EIF4EBP2P					1.0
FITM2					1.0
KCNS1					1.0
AC020626.1					1.0
VPS8					1.0
DMGDH					1.0
COL21A1					1.0
PARK2					1.0
CTB-107G13.1					1.0
MNX1-AS1					1.0
RNA5SP258					1.0
ANKS6					2.0
NBPF7					1.0
RP11-114O18.1					1.0
CTD-2021H9.2					1.0
CTD-2021H9.3					1.0
CSPG4P13					1.0
UBE2E2-AS1					1.0
RPL21P67					1.0
PSMC2					1.0
ZNF767					1.0
KLHL7-AS1					1.0
AC004014.4					1.0
