gene	score
A1BG	0.1628943661971831
A1CF	0.752173645320197
A2M	0.49768764967499146
A2ML1	0.4768720130932897
A3GALT2	0.5293572453371592
A4GALT	0.5479034175334323
A4GNT	0.5535875190258752
AAAS	0.7346674233825198
AACS	0.6652646212847555
AADAC	0.479715166461159
AADACL2	0.5032719101123595
AADACL3	0.4112967359050445
AADACL4	0.3293491827637444
AADAT	0.6809445214979196
AAED1	0.6300258620689655
AAGAB	0.6950060362173038
AAK1	0.7320925181013677
AAMDC	0.35215010570824523
AAMP	0.7806599634369288
AANAT	0.49741573033707864
AAR2	0.5803493333333334
AARD	0.3099746376811594
AARS	0.7348119787717968
AARS2	0.6121446398184912
AARSD1	0.45470646766169154
AASDH	0.5924839679358718
AASDHPPT	0.7893613861386138
AASS	0.7213512160228898
AATF	0.6612114695340502
AATK	0.4574417122040073
ABAT	0.671824203821656
ABCA1	0.702889075067024
ABCA10	0.3730152957171992
ABCA12	0.7219284839578741
ABCA13	0.3901812107714112
ABCA2	0.6371110783736005
ABCA3	0.6497312775330396
ABCA4	0.6480228371843094
ABCA5	0.777290192926045
ABCA6	0.49516354292623943
ABCA7	0.48336509166021174
ABCA8	0.4599681056701031
ABCA9	0.47649853971962614
ABCB1	0.6363104503716659
ABCB10	0.5861381306865178
ABCB11	0.7298776978417266
ABCB4	0.667581426056338
ABCB5	0.6519800460475825
ABCB6	0.6786459627329192
ABCB8	0.519710050614606
ABCB9	0.6770260942760943
ABCC1	0.6409799470298903
ABCC10	0.6243722772277227
ABCC11	0.4595249277456647
ABCC12	0.6347771084337349
ABCC2	0.6169844026940801
ABCC3	0.5951143767705382
ABCC4	0.6766492637215529
ABCC5	0.7526221221221221
ABCC6	0.6009189094722125
ABCC8	0.7614541984732824
ABCC9	0.7531166240409207
ABCD2	0.7862043378995435
ABCD3	0.7822367346938774
ABCD4	0.6506874304783092
ABCE1	0.9085643564356436
ABCF1	0.7406439578264395
ABCF2	0.8026651305683563
ABCF3	0.7611629013079667
ABCG1	0.5206392857142857
ABCG2	0.627461273666093
ABCG4	0.7640250659630606
ABCG5	0.5926202422145328
ABCG8	0.6487735490009514
ABHD1	0.5856936488169365
ABHD10	0.632175965665236
ABHD11	0.5493250414593698
ABHD12	0.6152386018237082
ABHD12B	0.5956578581363005
ABHD13	0.8046173708920188
ABHD14A	0.4473913793103449
ABHD14B	0.6064282238442822
ABHD15	0.5757821100917431
ABHD16A	0.7221984435797666
ABHD16B	0.6421837672281776
ABHD17A	0.6099528301886793
ABHD17B	0.8337747747747748
ABHD17C	0.7194020833333333
ABHD2	0.7971876379690949
ABHD3	0.7401307692307693
ABHD4	0.7295043630017451
ABHD5	0.7555944333996024
ABHD6	0.6678724137931035
ABHD8	0.6027787021630615
ABI1	0.7961869688385268
ABI2	0.6795802098950524
ABI3	0.5615130813953488
ABI3BP	0.6351290413269609
ABL1	0.6439829974811083
ABL2	0.783549186128804
ABLIM1	0.6945631174533479
ABLIM2	0.7089634408602151
ABLIM3	0.7683666169895678
ABR	0.7202062615101289
ABRA	0.5890690161527166
ABRACL	0.775423076923077
ABT1	0.6677380952380952
ABTB1	0.712596694214876
ABTB2	0.7486715384615384
AC000003.2	0.017858267716535432
AC002310.13	0.3523513513513513
AC002451.1	0.09534915254237288
AC002472.1	0.007946902654867256
AC002472.13	0.5241220715166461
AC002553.1	0.13462222222222223
AC002985.3	0.7185769230769231
AC003002.4	0.012893617021276595
AC003002.6	0.1290259067357513
AC003005.4	0.4806153846153846
AC003006.7	0.16734131736526947
AC003043.1	0.06016666666666667
AC003101.1	0.13794715447154474
AC003102.1	0.012521739130434783
AC004017.1	0.10395135135135136
AC004076.7	0.2208288770053476
AC004076.9	0.3385230769230769
AC004381.6	0.6143863476425053
AC004466.1	0.28902
AC004528.1	0.0016875
AC004817.1	0.3311304347826087
AC004824.2	0.0384025974025974
AC004899.1	0.3671341853035144
AC005003.1	0.4162809917355372
AC005008.2	0.20177005347593585
AC005082.1	0.03463316582914573
AC005477.1	0.011421052631578948
AC005481.5	0.016525252525252523
AC005488.1	0.217953125
AC005493.1	0.0037179487179487183
AC005544.1	0.1360849315068493
AC005549.3	0.19156756756756757
AC005606.1	0.06101754385964912
AC005609.1	0.39978873239436624
AC005841.1	0.40414927768860354
AC006014.1	0.4560757575757576
AC006116.20	0.28905252100840334
AC006126.3	0.1436806282722513
AC006132.1	0.12895959595959594
AC006372.1	0.2135
AC006435.1	0.19447302904564318
AC006449.1	0.09979234972677596
AC006455.1	0.5429387755102041
AC006486.1	0.38957707509881423
AC006486.9	1.0
AC006538.4	0.14675510204081632
AC006547.14	0.37974899328859063
AC006946.15	0.07493382352941177
AC006967.1	0.04068996960486322
AC007040.11	0.7000299401197605
AC007204.1	0.12398984771573603
AC007216.2	0.08879285714285713
AC007375.1	0.29776447876447876
AC007377.1	0.08089473684210526
AC007382.1	0.11653623188405797
AC007390.5	0.6938034188034188
AC007401.2	0.0038852459016393446
AC007405.2	0.03716402116402116
AC007421.1	0.6596666666666666
AC007431.1	0.5476054421768708
AC007461.1	0.03461194029850746
AC007557.1	0.2425
AC007773.3	0.0007142857142857143
AC007919.2	0.07444915254237289
AC007952.1	0.00735
AC007952.5	0.04628512396694215
AC007952.6	0.03795708154506437
AC007956.1	0.20386381322957198
AC008060.7	0.011272727272727271
AC008132.1	0.009657777777777777
AC008132.13	0.07086851211072664
AC008267.1	0.13343333333333335
AC008271.1	0.07975625
AC008372.1	0.048740740740740744
AC008387.1	0.011235294117647059
AC008394.1	0.08881081081081081
AC008443.1	0.253195530726257
AC008498.1	0.09752972972972973
AC008686.1	0.046214285714285715
AC008914.1	0.02624242424242424
AC008948.1	0.0379247311827957
AC008964.1	0.016611842105263157
AC009041.2	0.15203333333333333
AC009065.1	0.428252380952381
AC009365.3	0.29424242424242425
AC009403.2	0.04590780141843972
AC009802.1	0.4006176470588235
AC009892.10	0.008721649484536083
AC010327.2	0.015472972972972973
AC010368.2	0.0051600000000000005
AC010441.1	0.1729166666666667
AC010536.1	0.03950268336314848
AC010547.9	0.4691885245901639
AC010760.1	0.05696428571428571
AC011239.1	0.09686821705426357
AC011294.3	0.007875
AC011298.1	0.0752212389380531
AC011366.3	0.1310689655172414
AC011475.1	0.01690625
AC011500.1	0.2709090909090909
AC011530.4	0.5097027027027028
AC011551.3	0.07965483870967742
AC011755.1	0.018026143790849672
AC011897.1	0.17491118421052632
AC011997.1	0.0689608938547486
AC012123.1	0.5556171875
AC012215.1	0.16665610859728508
AC012313.1	0.36521019108280256
AC012360.1	0.04542857142857143
AC012360.2	0.10697777777777778
AC012414.1	0.012261574074074074
AC012485.1	0.0018571428571428571
AC012493.2	0.8020822784810127
AC013269.5	0.2778217391304348
AC013449.1	0.7093940520446097
AC013468.1	0.004178571428571429
AC013469.1	0.062410256410256416
AC015660.1	0.005866666666666667
AC015688.3	0.14102898550724638
AC015987.2	0.6394172185430463
AC015989.1	0.039338028169014085
AC015989.2	0.08483529411764706
AC016251.1	0.21547120418848167
AC016559.1	0.04715384615384616
AC016586.1	0.09372413793103448
AC016722.1	0.04282386363636364
AC016722.2	0.052755555555555556
AC016745.1	0.3057888349514563
AC016757.3	0.014485714285714286
AC016885.1	0.11180481927710843
AC017028.1	0.018163636363636364
AC017104.2	0.010482993197278911
AC018445.1	0.06126315789473684
AC018470.1	0.7469192073170732
AC018512.1	0.14611904761904762
AC018630.1	0.014888157894736841
AC018755.1	0.053116666666666666
AC018816.3	0.20052991452991453
AC018867.1	0.01234375
AC018867.2	0.957875
AC019171.1	0.5962513089005236
AC019206.1	0.4391276595744681
AC019294.1	0.317380042462845
AC020629.1	0.02015
AC020907.1	0.2132156862745098
AC020922.1	0.011655172413793104
AC020952.1	0.4049683257918552
AC021218.2	0.0033464566929133858
AC021860.1	0.04578450363196126
AC022210.1	0.01115625
AC022400.2	0.407798353909465
AC022431.2	0.057918367346938775
AC022498.1	0.09086428571428572
AC022819.2	0.0901764705882353
AC023469.1	0.15964186046511628
AC023590.1	0.07489041095890411
AC023632.1	0.04849640287769784
AC024257.1	0.29252
AC024580.1	0.5871055718475073
AC024592.12	0.4778476821192053
AC024940.1	0.33722522522522524
AC025262.1	0.3171666666666667
AC025263.3	0.0
AC025278.1	0.4086071428571429
AC025287.1	0.22234062500000001
AC026202.1	0.5192297592997812
AC026310.1	0.0699385026737968
AC026369.1	0.2367008547008547
AC026407.1	0.8840333333333333
AC026461.1	0.0024000000000000002
AC026703.1	0.050512315270935956
AC026740.1	0.047859770114942524
AC027228.1	0.019548192771084338
AC027307.3	0.06649626865671643
AC027309.1	0.05822680412371134
AC027763.2	0.0717
AC037199.1	0.0003333333333333333
AC037459.4	0.3726045627376426
AC040160.1	0.6831107266435986
AC040977.1	0.13162857142857143
AC051642.1	0.006047619047619047
AC055736.1	0.6737857142857143
AC061975.10	0.17587301587301588
AC061992.1	0.3507142857142857
AC062017.1	0.06366037735849057
AC064874.1	0.003614678899082569
AC068039.1	0.08991999999999999
AC068533.7	0.8782384615384616
AC068620.1	0.6470780141843971
AC068987.1	0.5030940594059405
AC069368.3	0.7452289156626506
AC069547.1	0.0029863013698630137
AC069547.2	0.015540322580645161
AC073063.1	0.8420606060606061
AC073188.1	0.5938216374269005
AC073342.1	0.28368539325842695
AC073343.1	0.3843361462728551
AC073528.1	0.35339393939393937
AC073569.1	0.0024166666666666664
AC073610.5	0.958
AC073657.1	0.06704964539007092
AC074091.13	0.3583904282115869
AC074212.3	0.3909282664389411
AC074389.6	0.1339278846153846
AC078925.1	0.39333916849015316
AC079210.1	0.313
AC079341.1	0.053312
AC079354.1	0.412859537834164
AC079354.2	0.7636091954022988
AC079602.1	0.12094652406417113
AC079612.1	0.011271708683473389
AC083862.1	0.31878260869565217
AC084121.16	0.02652749140893471
AC087239.1	0.005833333333333333
AC087477.1	0.17460309278350514
AC087645.1	0.27896573875802994
AC090186.1	0.10635135135135135
AC090427.1	0.5179411764705882
AC090574.1	0.05936477987421384
AC090616.2	0.4295839416058394
AC090673.2	0.01148421052631579
AC091150.1	0.1865798969072165
AC091801.1	0.12862540716612378
AC091948.1	0.15472
AC092291.2	0.20429447852760735
AC092384.1	0.013375
AC092675.3	0.039578947368421054
AC092687.4	0.19611666666666666
AC092782.1	0.04013461538461539
AC092811.1	0.012961904761904761
AC092850.1	0.09631568228105905
AC092964.1	0.01959615384615385
AC092964.2	0.042466666666666666
AC093157.1	0.05236274509803922
AC093323.1	0.029428571428571432
AC093677.1	0.10901893939393939
AC093802.1	0.005107142857142857
AC096582.1	0.20409328358208956
AC096644.1	0.13755223880597017
AC096677.1	0.4458865384615384
AC097381.1	0.10257703927492448
AC099344.1	0.4381111111111111
AC099552.4	0.13422404371584698
AC102948.2	0.016436363636363638
AC103809.2	0.8216535433070866
AC104057.1	0.40805460218408734
AC104472.1	0.05928870292887029
AC104532.2	0.8020980392156862
AC104534.3	0.7728
AC104667.3	0.009081632653061224
AC104794.4	0.007815384615384615
AC104809.3	0.39952955578873733
AC104841.2	0.010559322033898305
AC105020.1	0.007235668789808917
AC106017.1	0.05821379310344828
AC106873.4	0.014387500000000001
AC106876.2	0.044069444444444446
AC107021.1	0.0416031746031746
AC108868.1	0.005481481481481481
AC109583.1	0.01317948717948718
AC109829.1	0.36849466192170816
AC110084.1	0.18028
AC110615.1	0.797679012345679
AC110619.2	0.005369426751592356
AC110771.1	0.003406666666666667
AC110781.3	0.08010861423220973
AC110792.1	0.06104424778761062
AC111200.1	0.006324324324324324
AC112205.1	0.003828571428571429
AC112693.2	0.03564661654135338
AC112715.2	0.07059550561797753
AC112721.1	0.087765625
AC114494.1	0.22123529411764706
AC114546.1	0.174016
AC114783.1	0.3543169164882227
AC116407.2	0.14345023696682466
AC117395.1	0.2102877358490566
AC117834.1	0.911530612244898
AC119673.1	0.4205849056603774
AC120194.1	0.5917258064516129
AC121757.1	0.08470588235294117
AC124890.1	0.06544274809160305
AC126614.1	0.08891467576791809
AC127496.1	0.19463727959697733
AC129492.6	0.2654894736842105
AC131097.4	0.1968826530612245
AC131935.1	0.07647999999999999
AC131971.1	0.0016862745098039217
AC132186.1	0.028952789699570818
AC132192.1	0.052247999999999996
AC132216.1	0.49848058252427185
AC132872.2	0.021580536912751677
AC135048.1	0.4021959287531806
AC135178.1	0.04812107623318385
AC135983.2	0.05847257383966245
AC136297.1	0.003803921568627451
AC136604.1	0.18108050847457627
AC137056.1	0.02036241610738255
AC137932.1	0.34646315789473686
AC138393.1	0.06572222222222222
AC138517.1	0.3907040816326531
AC138647.1	0.5375462184873949
AC138655.1	0.07400925925925926
AC138969.4	0.4062274052478134
AC139100.2	0.021510703363914373
AC139426.2	0.2151969696969697
AC139768.1	0.1973448275862069
AC140061.12	0.14826482213438735
AC140481.2	0.15577014925373134
AC142381.1	0.5215979899497487
AC144568.2	0.007699248120300752
AC145676.2	0.005070175438596491
AC174470.1	0.013265765765765767
AC187652.1	0.11906363636363636
AC226150.4	0.37059920634920634
ACAA1	0.6380420289855073
ACAA2	0.7311371087928465
ACACA	0.7682640918580376
ACACB	0.6328882606354335
ACAD10	0.610874581139301
ACAD11	0.6662696192696193
ACAD8	0.6137374631268436
ACAD9	0.6424129821260584
ACADL	0.7048942652329749
ACADM	0.7004044117647058
ACADS	0.6325633116883117
ACADSB	0.6220061728395062
ACADVL	0.6419724137931034
ACAN	0.4587150690940996
ACAP1	0.6652994440031771
ACAP2	0.6994282807731435
ACAP3	0.6915848287112561
ACAT1	0.6795642857142857
ACAT2	0.6597847730600293
ACBD3	0.7597254290171607
ACBD4	0.5160051369863013
ACBD5	0.7111388888888889
ACBD6	0.6364213649851632
ACBD7	0.7593426573426574
ACCS	0.6281421319796955
ACCSL	0.472940876656473
ACD	0.3970081818181818
ACE	0.5443487315410829
ACER1	0.6289804347826088
ACER2	0.7253975903614458
ACER3	0.6990092024539878
ACHE	0.5958313758389262
ACIN1	0.7909800895968143
ACKR2	0.3774874651810585
ACKR3	0.6501292517006803
ACKR4	0.6104224376731302
ACLY	0.7609045419553503
ACMSD	0.8046852791878173
ACN9	0.5962259414225941
ACO1	0.7509021739130435
ACO2	0.7472658079625293
ACOT1	0.48890717821782176
ACOT11	0.5923119266055046
ACOT12	0.6305994065281899
ACOT13	0.6960078125
ACOT2	0.42058457997698506
ACOT4	0.4366598465473146
ACOT6	0.5156198830409358
ACOT7	0.5763333333333333
ACOT8	0.5959402985074627
ACOX1	0.6767599261311174
ACOX2	0.546094186902134
ACOX3	0.5971335877862596
ACOXL	0.6391850258175559
ACP1	0.7619871794871795
ACP2	0.6309402985074627
ACP5	0.5683741007194245
ACP6	0.5691220423412204
ACPL2	0.6508741808650066
ACPP	0.5572114735658042
ACPT	0.566883855981417
ACR	0.3940667613636364
ACRBP	0.5744816082121471
ACRV1	0.41926930693069303
ACSBG1	0.5968873841767641
ACSBG2	0.5418699588477366
ACSF2	0.6078120689655172
ACSF3	0.5355284552845528
ACSL1	0.6674136212624585
ACSL3	0.6918501228501228
ACSL5	0.6125541501976285
ACSL6	0.7113490276356191
ACSM1	0.499880895283773
ACSM2A	0.4613903133903134
ACSM2B	0.4593129200896191
ACSM3	0.5660985267034991
ACSM4	0.5745626643295355
ACSM5	0.5120311958405546
ACSS1	0.5602470214455917
ACSS2	0.6907757092198582
ACSS3	0.7279226804123712
ACTA1	0.8248792452830188
ACTA2	0.7719187935034802
ACTB	0.8123489208633093
ACTBL2	0.7047755102040816
ACTC1	0.8174314516129033
ACTG1	0.7449678284182305
ACTG2	0.6035498891352551
ACTL10	0.49960851926977684
ACTL6A	0.813530303030303
ACTL6B	0.7932344961240311
ACTL7A	0.5725861635220126
ACTL7B	0.5252954822954823
ACTL8	0.5363718120805369
ACTL9	0.5148367609254498
ACTN1	0.72620957309185
ACTN2	0.716578856152513
ACTN3	0.6126872146118721
ACTN4	0.7345657407407408
ACTR10	0.6771563088512241
ACTR1A	0.7765365853658537
ACTR1B	0.7566958637469586
ACTR2	0.8794982456140351
ACTR3	0.8948471760797342
ACTR3B	0.7854049429657795
ACTR3C	0.5819575757575758
ACTR5	0.7102410313901345
ACTR6	0.6703375262054507
ACTR8	0.8280786082474226
ACTRT2	0.5687950581395349
ACTRT3	0.5938057142857143
ACVR1	0.8251463815789474
ACVR1B	0.6694834663625997
ACVR1C	0.738218878248974
ACVR2A	0.8632068181818181
ACVR2B	0.7732803180914513
ACVRL1	0.5868075639599555
ACY1	0.6592829204693612
ACY3	0.44116666666666665
ACYP1	0.4374769230769231
ACYP2	0.2866075085324232
AD000671.6	0.7027076923076924
ADA	0.6123542372881355
ADAD1	0.7533977415307402
ADAD2	0.46885153181461114
ADAL	0.7636772727272727
ADAM10	0.6965204741379311
ADAM11	0.6389175097276265
ADAM12	0.5803163659793814
ADAM15	0.5275350206003532
ADAM17	0.7212190923317684
ADAM18	0.49023154574132494
ADAM19	0.5517599130907116
ADAM2	0.4630467601870408
ADAM20	0.3409184168012924
ADAM21	0.3400398642917727
ADAM22	0.7648862559241707
ADAM23	0.7914882051282052
ADAM28	0.5418751608751609
ADAM29	0.0125625
ADAM30	0.3203169014084507
ADAM32	0.4427875
ADAM33	0.4232277039848198
ADAM7	0.5197484394506866
ADAM8	0.32160282685512365
ADAM9	0.6716024096385542
ADAMDEC1	0.45908895405669603
ADAMTS1	0.6068293471234648
ADAMTS10	0.7057160839160839
ADAMTS12	0.5865675485008819
ADAMTS13	0.49288478581979317
ADAMTS14	0.6045199102636006
ADAMTS15	0.6278625858838226
ADAMTS16	0.5789371584699453
ADAMTS17	0.6792173089071384
ADAMTS18	0.6613019260801666
ADAMTS19	0.7295034612964129
ADAMTS2	0.6255512333965845
ADAMTS20	0.6620271197007481
ADAMTS3	0.6770682730923695
ADAMTS4	0.5730497271073377
ADAMTS5	0.6621225416036309
ADAMTS6	0.8741987480438184
ADAMTS7	0.5228067349926794
ADAMTS8	0.5251165803108808
ADAMTS9	0.7087429388630676
ADAMTSL1	0.6944822030723118
ADAMTSL2	0.6093888520238886
ADAMTSL3	0.6179217227287016
ADAMTSL4	0.5204250474383302
ADAMTSL4-AS1	0.12480645161290321
ADAMTSL5	0.5452369263607257
ADAP1	0.5128076463560334
ADAP2	0.585984399375975
ADAR	0.5233866292660121
ADARB1	0.6489502145922748
ADARB2	0.7141699819168174
ADAT1	0.5451345454545454
ADAT2	0.6986329588014981
ADAT3	0.5017604166666667
ADC	0.6497008985879332
ADCK1	0.6164034285714285
ADCK2	0.4615269461077844
ADCK3	0.6448087535680304
ADCK4	0.638145896656535
ADCK5	0.4950400381315539
ADCY1	0.7279515706806282
ADCY10	0.5784986845951476
ADCY2	0.705538914323087
ADCY3	0.6751591672263264
ADCY4	0.6909070307960488
ADCY5	0.7152041884816754
ADCY6	0.6728120567375886
ADCY7	0.5928366228070175
ADCY8	0.771310618066561
ADCY9	0.6767679255610289
ADCYAP1	0.7925849056603773
ADCYAP1R1	0.731710843373494
ADD1	0.683942043222004
ADD2	0.6876999125109362
ADD3	0.7900989130434782
ADGB	0.5816758074344911
ADH1A	0.5444659248956885
ADH1B	0.571
ADH1C	0.5531537396121884
ADH4	0.5248935912938332
ADH5	0.6824323144104804
ADH6	0.4964673024523161
ADH7	0.5313002450980392
ADHFE1	0.7583807890222986
ADI1	0.46395642201834864
ADIG	0.31433615819209043
ADIPOQ	0.5857579185520362
ADIPOR1	0.78690625
ADIPOR2	0.7641019108280255
ADIRF	0.37776683937823835
ADK	0.7940718085106384
ADM	0.5371444759206798
ADM2	0.25461967213114756
ADM5	0.10196153846153846
ADNP	0.8063806078147612
ADNP2	0.5001758373205741
ADO	0.6281331877729258
ADORA1	0.6403487858719646
ADORA2A	0.6171203319502074
ADORA2B	0.674503144654088
ADORA3	0.5128769771528998
ADPGK	0.6543872180451128
ADPRH	0.6337581395348837
ADPRHL1	0.7007690972222221
ADPRHL2	0.7068955752212389
ADPRM	0.642916271721959
ADRA1A	0.47892573753814854
ADRA1B	0.7438289473684211
ADRA1D	0.57996632996633
ADRA2A	0.6880684039087948
ADRA2B	0.5000520393811533
ADRA2C	0.5234011976047904
ADRB1	0.6311673758865248
ADRB2	0.6406790633608815
ADRB3	0.49621088435374144
ADRBK1	0.7025153751537515
ADRBK2	0.7514585427135678
ADRM1	0.7065993091537133
ADSL	0.7091716867469879
ADSS	0.8360516666666666
ADSSL1	0.5222590866728798
ADTRP	0.3570896130346232
AE000662.92	0.007889908256880733
AEBP1	0.553925413130862
AEBP2	0.6622062937062937
AEN	0.48125500910746816
AES	0.5107295454545454
AF131215.5	0.011131736526946108
AF165138.7	0.3831708185053381
AFAP1	0.7173318485523386
AFAP1L1	0.7196587510993843
AFAP1L2	0.5998169123351436
AFF1	0.5160193548387096
AFF3	0.6108991083998123
AFF4	0.8528665526090675
AFG3L2	0.7497518923465097
AFM	0.37336846095526915
AFMID	0.5045912897822445
AFP	0.4873884297520661
AFTPH	0.7275216049382717
AGA	0.6291035781544255
AGAP1	0.6195310504933256
AGAP10	0.6293360594795538
AGAP2	0.675379157427938
AGAP2-AS1	0.46106719367588933
AGAP3	0.5892391304347826
AGAP4	0.6934263018534863
AGAP5	0.7234705882352941
AGAP6	0.7024530988274708
AGAP7	0.6997178082191781
AGAP8	0.7305714285714285
AGAP9	0.6916118472330475
AGBL1	0.5732399115533444
AGBL2	0.47900930487137383
AGBL3	0.4931816838995569
AGBL4	0.7081485319516407
AGBL5	0.694507705479452
AGER	0.5856829268292683
AGFG1	0.8400918635170603
AGFG2	0.6482235157159487
AGGF1	0.6308654019873533
AGK	0.68956301369863
AGL	0.7855648104819841
AGMAT	0.6500124555160143
AGMO	0.6752872996300864
AGO1	0.8335621761658031
AGO2	0.7539574879227053
AGO3	0.8695507745266782
AGO4	0.8295115511551154
AGPAT1	0.6613252788104089
AGPAT2	0.5540873786407767
AGPAT3	0.7535735930735931
AGPAT4	0.5742531055900622
AGPAT5	0.7019547244094488
AGPAT6	0.776466037735849
AGPAT9	0.7445775729646696
AGPS	0.8107915789473684
AGR2	0.6110353697749197
AGR3	0.5981592178770949
AGRN	0.5491109939361982
AGRP	0.46181171548117156
AGT	0.4882185954500495
AGTPBP1	0.7286845124282983
AGTR1	0.7342060810810811
AGTRAP	0.39995910780669147
AGXT	0.5501234096692111
AGXT2	0.6930441347270616
AHCTF1	0.593671995874162
AHCY	0.8068627002288329
AHCYL1	0.8405705263157895
AHCYL2	0.7334480946123522
AHDC1	0.6991192468619247
AHI1	0.6156273148148149
AHNAK	0.39719169034636354
AHNAK2	0.3391952580195258
AHR	0.5844199623352165
AHRR	0.382050475493782
AHSA1	0.5618349206349207
AHSA2	0.5596835016835017
AHSG	0.4289714285714286
AHSP	0.596502262443439
AICDA	0.7234303278688524
AIDA	0.8867853658536585
AIF1	0.6099457627118644
AIF1L	0.6542996515679442
AIFM2	0.696
AIFM3	0.7358465553235909
AIG1	0.7665365853658537
AIM1	0.5497130627774255
AIM1L	0.4966125116713352
AIM2	0.10311559633027523
AIMP1	0.6615095890410959
AIMP2	0.642604609929078
AIP	0.6711364653243848
AIPL1	0.49376029411764705
AIRE	0.4327493449781659
AJAP1	0.5232482269503546
AJUBA	0.6763391203703704
AK1	0.6069554794520547
AK2	0.6377978142076502
AK3	0.7460226628895185
AK4	0.7081584415584417
AK5	0.7477642276422765
AK7	0.6284498977505113
AK8	0.6143546255506608
AK9	0.5644308984474421
AKAP1	0.48866106870229004
AKAP10	0.7155885022692889
AKAP11	0.5971654180401558
AKAP12	0.3680227120908483
AKAP13	0.5108611842105263
AKAP2	0.24110280373831777
AKAP3	0.5559316189362945
AKAP5	0.42013530927835047
AKAP6	0.6372640906449739
AKAP7	0.6605657370517929
AKAP8	0.6040354609929077
AKAP8L	0.7507150715071507
AKAP9	0.6426736472026903
AKIP1	0.48890659340659337
AKIRIN1	0.8850923076923076
AKIRIN2	0.9183829787234041
AKNA	0.35397653750444363
AKNAD1	0.359416875
AKR1A1	0.7361290983606558
AKR1B1	0.5730480132450331
AKR1B10	0.5407310924369748
AKR1B15	0.4609876203576341
AKR1C1	0.4829
AKR1C2	0.5360890937019969
AKR1C3	0.5273105022831049
AKR1C4	0.5375705229793978
AKR1CL1	0.4656197604790419
AKR1D1	0.7378785046728972
AKR1E2	0.5054289897510982
AKR7A2	0.6873742331288343
AKR7A3	0.6513749999999999
AKR7L	0.6979387308533916
AKT1	0.7317853810264386
AKT1S1	0.7093659043659043
AKT2	0.6247253613666228
AKT3	0.8834578754578755
AKTIP	0.6912225130890053
AL009178.1	0.040211009174311925
AL020996.1	0.08747177419354839
AL021546.6	0.6675508021390374
AL021920.2	0.028710280373831776
AL022328.1	0.567
AL031320.1	0.0055294117647058825
AL031590.1	0.0060526315789473685
AL031663.1	0.03397872340425532
AL031663.2	0.010616438356164385
AL031666.2	0.2679741697416974
AL033381.1	0.023535353535353538
AL035252.1	0.1256842105263158
AL035406.1	0.007
AL035588.1	0.12644444444444444
AL035681.1	0.004619047619047619
AL049747.1	0.009954022988505748
AL049840.1	0.00760625
AL050302.1	0.11433823529411766
AL050303.1	0.7127340425531915
AL078585.1	0.05405555555555555
AL079342.1	0.07366834170854271
AL096677.1	0.008025641025641026
AL109659.1	0.03216342412451362
AL109927.1	0.2842820512820513
AL117190.2	0.2857202797202797
AL117190.3	0.18080571428571426
AL118506.1	0.008447552447552447
AL121761.2	0.05652597402597403
AL121895.1	0.11202083333333333
AL121901.1	0.008313131313131312
AL132989.1	0.07649137931034483
AL133262.1	0.3406120218579235
AL133318.1	0.13247272727272727
AL133373.1	0.005485849056603774
AL133481.1	0.09702487562189055
AL135998.1	0.006615384615384616
AL136115.1	0.11769709543568464
AL136218.1	0.6336201117318436
AL136376.1	0.5960376569037658
AL136531.1	0.22067615658362988
AL137002.1	0.016
AL137026.1	0.5594807692307693
AL137798.1	0.2638886554621849
AL138764.1	0.7449923954372624
AL138815.1	0.3328055555555556
AL138815.2	0.03893434343434343
AL138847.1	0.012261802575107296
AL139080.1	0.02092452830188679
AL139099.1	0.05487155963302752
AL139147.1	0.08998979591836734
AL139333.1	0.32696875
AL158091.1	0.0060395480225988694
AL158147.2	0.03447169811320755
AL160175.1	0.023666666666666666
AL160274.1	0.2267577639751553
AL160286.1	0.22115887850467292
AL161450.1	0.011279069767441861
AL161645.2	0.028307692307692308
AL161915.1	0.04453086419753087
AL162407.1	0.25263819095477386
AL162424.1	0.2344878048780488
AL162431.1	0.020727941176470588
AL163636.6	0.0195
AL353354.1	0.43223913043478257
AL353354.2	0.14364102564102565
AL353583.1	0.45176683937823836
AL353608.1	0.15396296296296297
AL353791.1	0.8670408163265306
AL354718.1	0.08707112970711296
AL354808.2	0.0037948717948717947
AL354898.1	0.5437740524781342
AL354993.1	0.9983333333333334
AL355149.2	0.024858695652173912
AL355390.1	0.11964444444444446
AL355490.1	0.054087591240875914
AL355531.2	0.2220285714285714
AL356215.1	0.07196296296296296
AL356356.1	0.316268
AL357673.1	0.015945812807881776
AL358113.1	0.43390425531914895
AL358333.1	0.38074719101123594
AL358813.2	0.00481549815498155
AL359091.2	0.026021406727828746
AL359195.1	0.04515853658536585
AL359693.1	0.010782608695652174
AL359878.1	0.016784810126582277
AL360004.1	0.012551724137931035
AL360181.1	0.002419354838709678
AL365202.1	0.03117258883248731
AL390778.1	0.0697542372881356
AL391152.1	0.1025925925925926
AL391421.1	0.007579617834394904
AL441883.1	0.526734375
AL445665.1	0.6502337662337662
AL445989.1	0.16438364779874215
AL450307.1	0.005816091954022989
AL513478.1	0.07339516129032259
AL583828.1	0.018115384615384617
AL589739.1	0.029727506426735217
AL589765.1	0.22078048780487805
AL590235.1	0.2922751677852349
AL590452.1	0.4190125523012552
AL590483.1	0.30506748466257666
AL590560.1	0.010437499999999999
AL590708.2	0.047002976190476185
AL590714.1	0.20489285714285713
AL590822.1	0.049234126984126984
AL590822.2	0.030786713286713285
AL590867.1	0.31107605985037406
AL591025.1	0.0045925925925925926
AL591479.1	0.03881889763779527
AL591684.1	0.027849162011173188
AL591806.1	0.08908029197080293
AL592284.1	0.27697489539748954
AL596220.1	0.2215
AL603965.1	0.05629605263157895
AL606500.1	0.0031
AL626787.1	0.10400966183574879
AL627171.1	0.005028571428571428
AL627171.2	0.26493798449612405
AL627309.1	0.1979573820395738
AL645608.1	0.4175797101449275
AL645608.2	0.0276875
AL645728.1	0.004892857142857143
AL645730.2	0.19723024054982818
AL645922.1	0.24352083333333333
AL646016.1	0.29093023255813955
AL669831.1	0.05690825688073395
AL807752.1	0.0013733333333333334
AL929472.1	0.06557894736842106
AL953854.2	0.6440480769230769
ALAD	0.7029488272921108
ALAS1	0.6946398779247203
ALB	0.48546358118361155
ALCAM	0.8291627586206897
ALDH16A1	0.541387077294686
ALDH18A1	0.7967996201329535
ALDH1A1	0.6892627450980392
ALDH1A2	0.7434361158432709
ALDH1A3	0.6782949886104783
ALDH1B1	0.645130289532294
ALDH1L1	0.6583484745762712
ALDH1L2	0.7517362728785357
ALDH2	0.586056338028169
ALDH3A1	0.5186402298850574
ALDH3A2	0.5639663941871027
ALDH3B1	0.5349190101237346
ALDH3B2	0.5088149171270718
ALDH4A1	0.6720764075067024
ALDH5A1	0.6034714587737844
ALDH6A1	0.8143482758620689
ALDH7A1	0.751128476821192
ALDH8A1	0.668472471190781
ALDH9A1	0.6931911764705883
ALDOA	0.6472579617834395
ALDOB	0.7682045929018789
ALDOC	0.7569179600886918
ALG1	0.6156662515566625
ALG10	0.7046683480453972
ALG10B	0.7154687100893997
ALG11	0.6862830985915493
ALG12	0.6007454350161117
ALG14	0.6178591954022988
ALG1L	0.5896701754385966
ALG2	0.6230304709141274
ALG3	0.6935719120135364
ALG5	0.7733914988814318
ALG6	0.7133396674584322
ALG8	0.604615990990991
ALG9	0.6761586879432624
ALK	0.6366319191919192
ALKBH1	0.5928952536824877
ALKBH2	0.6222424242424243
ALKBH3	0.6042772277227723
ALKBH4	0.5833207207207207
ALKBH5	0.7681070496083551
ALKBH6	0.5822981744421907
ALKBH7	0.5878030973451328
ALKBH8	0.6539775739041794
ALLC	0.6032913580246914
ALMS1	0.4002336343115124
ALOX12	0.6265066876475216
ALOX12B	0.5561837037037036
ALOX15	0.48117175301632364
ALOX15B	0.4446576
ALOX5	0.7516662921348314
ALOX5AP	0.733272
ALOXE3	0.5394774503908598
ALPI	0.5170747451868629
ALPK1	0.5177020725388601
ALPK2	0.312149544863459
ALPK3	0.42386833756345177
ALPL	0.6490507328072153
ALPP	0.5345050055617352
ALPPL2	0.4977720504009164
ALS2	0.7159794721407624
ALS2CL	0.5770493892724377
ALS2CR11	0.32894092587333146
ALS2CR12	0.5494209968186639
ALX1	0.8653680981595092
ALX3	0.6405951035781544
ALX4	0.7837192575406032
ALYREF	0.772247572815534
AMACR	0.5710805523590334
AMBN	0.5802106382978723
AMBP	0.511100981767181
AMBRA1	0.7926128472222222
AMD1	0.8767999999999999
AMDHD1	0.7057170418006431
AMDHD2	0.5547117988394584
AMER2	0.5580018518518519
AMER3	0.4200105782792666
AMFR	0.6528502202643172
AMH	0.3724774193548387
AMHR2	0.594361663652803
AMICA1	0.41348991696322657
AMIGO1	0.5394446764091858
AMIGO2	0.6763731343283582
AMIGO3	0.5041226012793177
AMMECR1L	0.9253627450980392
AMN	0.37706526315789474
AMN1	0.6967011952191234
AMOTL1	0.6632821138211382
AMOTL2	0.5741898181818181
AMPD1	0.703742782152231
AMPD2	0.6171187888198758
AMPD3	0.7062222222222222
AMPH	0.607737721021611
AMT	0.6572492063492064
AMTN	0.5036742268041238
AMY1A	0.6829086357947435
AMY1B	0.696296992481203
AMY1C	0.6769422632794457
AMY2A	0.6667538100820632
AMY2B	0.6397666248431618
AMZ1	0.5200583244962884
AMZ2	0.6342335664335664
ANAPC1	0.7793956043956044
ANAPC10	0.7685971223021583
ANAPC11	0.23920353982300885
ANAPC13	0.7798372093023256
ANAPC15	0.3783142857142857
ANAPC16	0.827563492063492
ANAPC2	0.706647963800905
ANAPC4	0.7678480769230769
ANAPC5	0.7328938134810712
ANAPC7	0.8090689102564103
ANG	0.45789285714285716
ANGEL1	0.6891206715634837
ANGEL2	0.770103406326034
ANGPT1	0.8663498920086393
ANGPT2	0.7320123626373626
ANGPT4	0.5539107929515419
ANGPTL1	0.7742987421383648
ANGPTL2	0.7310512295081967
ANGPTL3	0.663438679245283
ANGPTL4	0.5703502538071066
ANGPTL5	0.7232164948453608
ANGPTL6	0.5678579234972678
ANGPTL7	0.6670977130977132
ANHX	0.4178680800942285
ANK1	0.6964752906976744
ANK2	0.6597714879852126
ANK3	0.7553078291814946
ANKAR	0.7155343915343916
ANKDD1A	0.5838471760797341
ANKDD1B	0.5537254273504274
ANKEF1	0.625296195652174
ANKFN1	0.67216
ANKFY1	0.7159443717277487
ANKH	0.633008275862069
ANKHD1	0.8662607348384241
ANKIB1	0.7691105730427764
ANKK1	0.5240502092050209
ANKLE1	0.40680042918454934
ANKLE2	0.5270448039825762
ANKMY1	0.49068112911657086
ANKMY2	0.6349488448844884
ANKRA2	0.8354152542372882
ANKRD1	0.7754965034965035
ANKRD10	0.6700575342465753
ANKRD11	0.5916957360188558
ANKRD12	0.6954074074074075
ANKRD13A	0.7011625560538117
ANKRD13B	0.7307877906976744
ANKRD13C	0.7979999999999999
ANKRD13D	0.6172023182297155
ANKRD16	0.5452592592592592
ANKRD17	0.8697787234042553
ANKRD18A	0.38122528735632183
ANKRD18B	0.4760384937238494
ANKRD2	0.608897435897436
ANKRD20A1	0.4497972375690608
ANKRD20A2	0.4505151181968114
ANKRD20A3	0.4498054554812146
ANKRD20A4	0.4433478500551268
ANKRD22	0.7090922619047619
ANKRD23	0.5797221418234443
ANKRD24	0.4693185557586837
ANKRD26	0.4806632275132275
ANKRD27	0.6379909638554218
ANKRD28	0.8561578947368421
ANKRD29	0.6591770072992701
ANKRD30A	0.39984562555986863
ANKRD30B	0.38894542483660133
ANKRD30BL	0.37746563814866757
ANKRD31	0.37336151307438437
ANKRD32	0.7153901960784314
ANKRD33	0.4547275862068966
ANKRD33B	0.5767872105843439
ANKRD34A	0.6916487414187643
ANKRD34B	0.5313336371923428
ANKRD34C	0.5264746543778802
ANKRD35	0.597673480365788
ANKRD36	0.36846204539907246
ANKRD36C	0.3380706241201314
ANKRD37	0.6086678832116789
ANKRD39	0.6659788519637462
ANKRD40	0.6141748120300752
ANKRD42	0.7270443407234539
ANKRD44	0.7389073203492277
ANKRD45	0.6666393442622951
ANKRD46	0.7627076923076923
ANKRD49	0.7212305936073059
ANKRD50	0.7957845927379784
ANKRD52	0.8110024077046549
ANKRD53	0.40768612334801757
ANKRD54	0.7161312649164678
ANKRD55	0.689123975409836
ANKRD6	0.6802772772772773
ANKRD60	0.41527902946273826
ANKRD61	0.46126516853932586
ANKRD62	0.4947136498516321
ANKRD63	0.6525632183908046
ANKRD65	0.2086985172981878
ANKRD66	0.5019776785714286
ANKRD7	0.5359759704251387
ANKRD9	0.5754629324546952
ANKS1A	0.671829619921363
ANKS1B	0.757696223316913
ANKS3	0.5820326278659612
ANKS4B	0.6514787644787645
ANKS6	0.6803624420401855
ANKUB1	0.5681780415430268
ANKZF1	0.5803380916604056
ANLN	0.6328284339925173
ANO1	0.6828643954575818
ANO10	0.646718018018018
ANO2	0.681898777173913
ANO3	0.8206946564885497
ANO4	0.832475302889096
ANO5	0.682986941580756
ANO6	0.5829061452513967
ANO7	0.4820932347924957
ANO8	0.5659971042471043
ANO9	0.5067031888798037
ANP32A	0.7835127118644067
ANP32B	0.8883918367346939
ANP32D	0.9692999999999999
ANP32E	0.8030027322404372
ANPEP	0.543784793814433
ANTXR1	0.7435829694323144
ANTXR2	0.6477286914765906
ANTXRL	0.14745084269662923
ANXA1	0.7099068541300527
ANXA10	0.8430920245398773
ANXA11	0.6938002244668912
ANXA13	0.700555905511811
ANXA2	0.686439024390244
ANXA2R	0.009347222222222222
ANXA3	0.7132171532846716
ANXA4	0.6922614107883818
ANXA5	0.7885422680412371
ANXA6	0.7576767895878525
ANXA7	0.8419192073170731
ANXA8	0.6976196721311475
ANXA8L1	0.6822251968503937
ANXA8L2	0.6766271450858035
ANXA9	0.6400742296918768
AOAH	0.5805039439088518
AOC1	0.4872985507246377
AOC2	0.5202447368421053
AOC3	0.5265603448275862
AOX1	0.6237712092130518
AP000275.65	0.7405475113122172
AP000295.9	0.5954489311163895
AP000304.1	0.012199999999999999
AP000304.12	0.6323131313131313
AP000322.53	0.30402527075812275
AP000322.54	0.5595337301587302
AP000350.10	0.7886195652173913
AP000350.4	0.19731122448979593
AP000679.2	0.02175177304964539
AP000688.1	0.002576923076923077
AP000695.1	0.6879253333333333
AP000708.1	0.1288690476190476
AP000721.4	0.3239806451612903
AP000758.1	0.7554736842105263
AP000769.1	0.45807894736842103
AP000783.1	0.6659880952380952
AP000867.1	0.38616346153846154
AP000889.3	0.27073245614035085
AP000974.1	0.039566523605150214
AP001024.1	0.031854771784232364
AP001024.2	0.06683396226415093
AP001055.1	0.429712927756654
AP001094.1	0.09025161290322581
AP001350.1	0.09096385542168675
AP001362.1	0.030507042253521126
AP001421.1	0.007666666666666666
AP001468.1	0.1706559714795009
AP001579.1	0.005781818181818182
AP001631.10	0.14947293447293447
AP001652.1	0.006147286821705427
AP001816.1	0.05629281767955801
AP001885.1	0.0842274678111588
AP001888.1	0.32285507246376816
AP001925.1	0.33233333333333337
AP002348.1	0.20422388059701493
AP002353.1	0.11013793103448276
AP002884.2	0.22836249999999997
AP002884.3	0.6053293051359516
AP002956.1	0.01953846153846154
AP003041.2	0.0031875000000000002
AP003062.1	0.05772329246935202
AP003068.23	0.11961811023622047
AP003068.6	0.5958938053097345
AP003733.1	0.09951141552511415
AP003774.4	0.0592
AP005482.1	0.019545454545454546
AP006621.5	0.0304
AP1AR	0.7675665722379604
AP1B1	0.7097519650655021
AP1G1	0.7486426056338028
AP1G2	0.7340992234685073
AP1M1	0.6900213523131672
AP1M2	0.6255765171503958
AP1S1	0.6564934210526316
AP1S3	0.5103037974683544
AP2A1	0.696767987065481
AP2A2	0.6227862595419847
AP2B1	0.7208079096045198
AP2M1	0.787644699140401
AP2S1	0.577156862745098
AP3B1	0.7608138030194105
AP3B2	0.6923908296943232
AP3D1	0.6755893197711379
AP3M1	0.8725684210526317
AP3M2	0.7248826366559485
AP3S1	0.9685555555555556
AP3S2	0.6807406015037594
AP4B1	0.719456577815993
AP4E1	0.7050588235294118
AP4M1	0.7454582798459564
AP4S1	0.48363934426229505
AP5B1	0.5017669291338582
AP5M1	0.7315965346534653
AP5S1	0.5854398976982097
AP5Z1	0.5675943962641761
APAF1	0.7703103644646925
APBA1	0.7378121927236971
APBA2	0.6454864603481625
APBA3	0.5148784757981463
APBB1	0.7353711340206186
APBB1IP	0.5595558974358974
APBB2	0.731527975584944
APBB3	0.7321482843137255
APC	0.7668616907437132
APC2	0.6447303964757709
APCDD1	0.543625754527163
APCDD1L	0.5236563192904656
APCS	0.384
APEH	0.6886124284546198
APEX1	0.7201440860215054
APH1A	0.7880493827160494
APH1B	0.6820140186915887
API5	0.8437930402930404
APIP	0.6831521739130435
APITD1	0.5640290697674419
APLF	0.4759320083682008
APLNR	0.5961580645161291
APLP1	0.6619394736842105
APLP2	0.6839520958083832
APMAP	0.7266323529411765
APOA1	0.5360197132616488
APOA1BP	0.6157201735357917
APOA2	0.3398969957081545
APOA4	0.450172619047619
APOA5	0.48783454106280194
APOB	0.5470130879345603
APOBEC1	0.47414548802946593
APOBEC2	0.692754491017964
APOBEC3A	0.4459562682215743
APOBEC3B	0.3790746527777778
APOBEC3C	0.4115522388059702
APOBEC3D	0.31080720720720717
APOBEC3F	0.26427006172839507
APOBEC3G	0.335493399339934
APOBEC3H	0.27703869047619045
APOBEC4	0.502370786516854
APOBR	0.20619374313940725
APOC1	0.19587037037037036
APOC3	0.38503255813953485
APOC4-APOC2	0.3865988023952096
APOD	0.38897430830039526
APOE	0.4504258992805755
APOF	0.35838791732909375
APOH	0.5765054054054054
APOL1	0.12924098671726755
APOL2	0.10980238095238094
APOL3	0.15299151103565364
APOL4	0.07873001776198935
APOL5	0.07683064516129032
APOL6	0.17945330739299611
APOLD1	0.6299911816578483
APOM	0.7064635294117647
APOPT1	0.16059863945578232
APP	0.7333507905138339
APPBP2	0.9149183098591549
APPL1	0.8673827534039334
APPL2	0.7000270855904659
APRT	0.5402782805429864
APTX	0.645550284629981
AQP1	0.5500266666666667
AQP10	0.544548717948718
AQP11	0.5991267326732673
AQP12A	0.4881597444089457
AQP12B	0.5078778501628665
AQP2	0.5978497409326425
AQP3	0.7203842592592593
AQP4	0.7448433179723503
AQP5	0.6257466410748561
AQP6	0.5011736111111111
AQP7	0.41077640603566534
AQP8	0.48607753479125243
AQP9	0.6186492805755396
AQPEP	0.5818972222222222
AQR	0.7983796052631579
ARAP1	0.6102959034381858
ARAP2	0.6684245614035088
ARAP3	0.6951322636600173
ARC	0.6592281879194631
ARCN1	0.664860544217687
AREG	0.5409908256880733
AREGB	0.5427374100719424
AREL1	0.7473977695167286
ARF1	0.8228867924528301
ARF3	0.7903898305084747
ARF4	0.8254999999999999
ARF5	0.8277652582159624
ARF6	0.8540649350649351
ARFGAP1	0.5271074481074481
ARFGAP2	0.7259107579462102
ARFGAP3	0.6419335443037975
ARFGEF1	0.8353087392550143
ARFGEF2	0.7537405724670604
ARFIP1	0.8534509803921569
ARFIP2	0.86598224852071
ARFRP1	0.6453110367892977
ARG1	0.6497402190923317
ARG2	0.766437125748503
ARGFX	0.19592631578947367
ARGLU1	0.9212774193548388
ARHGAP1	0.7441938775510204
ARHGAP10	0.7117674199623353
ARHGAP11A	0.5816496851745849
ARHGAP11B	0.7714711316397229
ARHGAP12	0.7863193668528864
ARHGAP15	0.7099689320388349
ARHGAP17	0.6687642505277973
ARHGAP18	0.7193991552270327
ARHGAP19	0.22253125
ARHGAP19-SLIT1	0.7349645203679369
ARHGAP20	0.585901447921532
ARHGAP21	0.622935695913118
ARHGAP22	0.6207438837920489
ARHGAP23	0.6312513707296499
ARHGAP24	0.72226264418811
ARHGAP25	0.5512404153354633
ARHGAP26	0.6445284715284715
ARHGAP27	0.509194180190263
ARHGAP28	0.6560803937653814
ARHGAP29	0.6723878934624697
ARHGAP30	0.5584608794974301
ARHGAP31	0.5163900804289544
ARHGAP32	0.6110244874715263
ARHGAP33	0.5542492537313433
ARHGAP35	0.6312787430683918
ARHGAP39	0.6295135284373274
ARHGAP40	0.5818321167883211
ARHGAP42	0.7750018331805684
ARHGAP44	0.6912202486678508
ARHGAP5	0.8760781249999999
ARHGAP8	0.04428461538461538
ARHGAP9	0.5236508038585209
ARHGDIA	0.5004375
ARHGDIB	0.7585633802816901
ARHGDIG	0.4176323529411765
ARHGEF1	0.5636350455675228
ARHGEF10	0.6577266996848267
ARHGEF10L	0.6549137931034483
ARHGEF11	0.6253000761614623
ARHGEF12	0.7002067510548523
ARHGEF15	0.632331884057971
ARHGEF16	0.5378526398739164
ARHGEF17	0.5920546923555003
ARHGEF18	0.5379578651685394
ARHGEF19	0.6579592169657422
ARHGEF2	0.6506933132227251
ARHGEF25	0.7093718446601942
ARHGEF26	0.5791829787234043
ARHGEF28	0.6101037886023559
ARHGEF3	0.6557740705433747
ARHGEF33	0.8093526570048309
ARHGEF35	0.04716571428571429
ARHGEF37	0.616972010178117
ARHGEF38	0.6756524537409493
ARHGEF39	0.7610788091068301
ARHGEF4	0.3952639764606978
ARHGEF40	0.5989421515561569
ARHGEF5	0.4964609218436874
ARHGEF7	0.6798705096073516
ARID1A	0.8177478260869565
ARID1B	0.7360457887700534
ARID2	0.8602719298245614
ARID3A	0.5388645161290323
ARID3B	0.6536088794926004
ARID3C	0.6054779516358464
ARID4A	0.7229428223844282
ARID4B	0.7252983323038913
ARID5A	0.5152233183856503
ARID5B	0.6481384417256922
ARIH1	0.7580905172413793
ARIH2	0.8602440677966101
ARIH2OS	0.22374054054054054
ARL1	0.6253073394495413
ARL10	0.6347508896797154
ARL11	0.43602645502645504
ARL13B	0.6248571428571428
ARL14	0.5357728459530026
ARL14EP	0.8707777777777779
ARL14EPL	0.46213432835820895
ARL15	0.7921496598639456
ARL16	0.6221123595505618
ARL17A	0.2837415458937198
ARL17B	0.3020625
ARL2	0.7414421052631579
ARL2BP	0.6677211895910781
ARL3	0.8471678321678321
ARL4A	0.8300343347639485
ARL4C	0.7494214285714286
ARL4D	0.6244239766081872
ARL5A	0.8948571428571428
ARL5B	0.8512972972972973
ARL5C	0.6236179775280899
ARL6	0.876069182389937
ARL6IP1	0.9351666666666667
ARL6IP4	0.4931362862010222
ARL6IP5	0.5246366047745359
ARL6IP6	0.48885185185185187
ARL8A	0.7781496062992126
ARL8B	0.632279527559055
ARL9	0.7743991031390135
ARMC1	0.8571904761904762
ARMC10	0.48089522546419095
ARMC12	0.6549370860927152
ARMC2	0.6073461292386436
ARMC3	0.6880694533762058
ARMC4	0.6031216814159291
ARMC5	0.5343306791569087
ARMC6	0.5167179261862918
ARMC7	0.5150102040816327
ARMC8	0.8230202702702702
ARMC9	0.6961957364341086
ARMS2	0.008737704918032788
ARNT	0.7932974261201143
ARNT2	0.7705619565217392
ARNTL	0.7369848066298342
ARNTL2	0.6600854632587859
ARPC1A	0.7115676767676767
ARPC1B	0.668311224489796
ARPC2	0.6860325581395349
ARPC3	0.8318613138686132
ARPC4	0.7284059405940594
ARPC4-TTLL3	0.582665611814346
ARPC5	0.7938674698795182
ARPC5L	0.746782122905028
ARPP19	0.6958360655737704
ARPP21	0.7610293819655521
ARRB1	0.6570347551342812
ARRB2	0.6471780415430267
ARRDC1	0.6177599502487562
ARRDC2	0.6079691489361702
ARRDC3	0.8473853503184714
ARRDC4	0.6759942611190818
ARRDC5	0.4990751043115438
ARSA	0.529607843137255
ARSB	0.6272814302191464
ARSG	0.6153631687242799
ARSI	0.6571520086862106
ARSJ	0.6468547758284601
ARSK	0.6681236203090508
ART1	0.4727221350078493
ART3	0.541864406779661
ART4	0.45754399999999995
ART5	0.42916178736517724
ARTN	0.4657232142857143
ARV1	0.5830416666666667
ARVCF	0.6500047142015322
AS3MT	0.6509294478527607
ASAH1	0.6460512445095168
ASAH2	0.6246649709302325
ASAH2B	0.5896
ASAH2C	0.6670604026845638
ASAP1	0.7481552
ASAP2	0.7175284090909091
ASAP3	0.611416192283365
ASB1	0.6682923976608187
ASB10	0.5333680297397769
ASB13	0.6946673960612691
ASB14	0.6884074074074075
ASB15	0.7044887429643527
ASB16	0.5379707317073171
ASB17	0.841459940652819
ASB18	0.5193485280151947
ASB2	0.6800565338276181
ASB4	0.697326717557252
ASB5	0.7362835820895522
ASB6	0.6744806800618238
ASB7	0.8093201320132013
ASB8	0.7193622448979592
ASCC1	0.5908536912751677
ASCC2	0.5790570758405004
ASCC3	0.7867903436276642
ASCL1	0.7562877192982456
ASCL2	0.48998442367601247
ASCL3	0.6087688311688312
ASCL4	0.4668671328671329
ASCL5	0.3944934782608696
ASF1A	0.9117878787878787
ASF1B	0.600878612716763
ASGR1	0.5385355371900826
ASGR2	0.44177243589743587
ASH1L	0.7887844636251542
ASH2L	0.7056189402480271
ASIC1	0.6683709999999999
ASIC2	0.7270736842105263
ASIC3	0.5184545454545454
ASIC4	0.7493281767955802
ASIC5	0.6573006465517242
ASIP	0.6277386759581881
ASL	0.7291246006389777
ASNA1	0.7615244755244756
ASNS	0.7578567901234569
ASNSD1	0.6059075630252101
ASPA	0.7735382716049383
ASPDH	0.5195015576323987
ASPG	0.4657521367521367
ASPH	0.590607190412783
ASPHD1	0.5804622905027933
ASPHD2	0.6473650442477875
ASPM	0.4808249688279302
ASPN	0.7460016233766233
ASPRV1	0.5679237410071942
ASPSCR1	0.44400366032210836
ASRGL1	0.6082475409836066
ASS1	0.7121247563352826
ASTE1	0.5071873684210526
ASTL	0.42505105853051056
ASTN1	0.7702038626609441
ASTN2	0.6943466204506066
ASUN	0.825777633289987
ASXL1	0.520777312683131
ASXL2	0.5890852582948342
ASXL3	0.6332013574660633
ASZ1	0.802929022082019
ATAD1	0.797084705882353
ATAD2	0.7099625167336011
ATAD2B	0.841769559032717
ATAD3A	0.6006118421052632
ATAD3B	0.623245652173913
ATAD3C	0.7323236797274276
ATAD5	0.5705732561681389
ATAT1	0.7082733333333334
ATCAY	0.683279534109817
ATE1	0.6833792682926829
ATF1	0.6433596673596674
ATF2	0.8972621359223302
ATF3	0.6732761904761905
ATF4	0.582745247148289
ATF5	0.5844391408114559
ATF6	0.7036146261298274
ATF6B	0.6876825266611977
ATF7	0.605057803468208
ATF7IP	0.6641632865314612
ATF7IP2	0.5653836784409257
ATG10	0.46637917485265223
ATG12	0.5306735395189003
ATG13	0.8131838235294118
ATG14	0.7604394184168013
ATG16L1	0.7458942307692307
ATG16L2	0.5798537360890302
ATG2A	0.6287370779802808
ATG2B	0.7371946308724832
ATG3	0.7590848056537103
ATG4B	0.6195830508474576
ATG4C	0.7600305343511451
ATG4D	0.5966465621230398
ATG5	0.8714345238095239
ATG7	0.6708530287984111
ATG9A	0.7726990632318501
ATG9B	0.6184245571166769
ATHL1	0.5103096960926194
ATIC	0.6982973251028807
ATL1	0.8152838915470494
ATL2	0.6160652446675031
ATL3	0.6249794520547945
ATM	0.756284702549575
ATMIN	0.5998493243243244
ATN1	0.5416082203760384
ATOH1	0.6319786259541985
ATOH7	0.6225783582089552
ATOH8	0.6238198380566801
ATOX1	0.705856
ATP10A	0.6195475466782457
ATP10B	0.5932914331465172
ATP10D	0.6119193095142513
ATP11A	0.6965138178096213
ATP11B	0.8277094594594594
ATP12A	0.6626877539175856
ATP13A1	0.6667377877596856
ATP13A2	0.5743679787704555
ATP13A3	0.7819022082018928
ATP13A4	0.6411854471955533
ATP13A5	0.6092701021768103
ATP1A1	0.7044488854727132
ATP1A2	0.6688413234301148
ATP1A3	0.63096875
ATP1A4	0.5838406658739596
ATP1B1	0.5867085953878407
ATP1B2	0.7657987987987988
ATP1B3	0.574580448065173
ATP2A1	0.6419725925925927
ATP2A2	0.774854001759015
ATP2A3	0.6419445531637312
ATP2B1	0.8394327693677649
ATP2B2	0.7372268370607029
ATP2B4	0.628824317617866
ATP2C1	0.8284084934277048
ATP2C2	0.6536127061698228
ATP4A	0.6448381294964028
ATP4B	0.6620095419847327
ATP5A1	0.6079159891598916
ATP5B	0.8114200298953662
ATP5C1	0.7487714285714285
ATP5D	0.6134882943143812
ATP5E	0.7247777777777779
ATP5EP2	0.8725208333333333
ATP5F1	0.7293971631205675
ATP5G1	0.7105161290322581
ATP5G2	0.5226843575418995
ATP5G3	0.9094520547945205
ATP5H	0.7595704225352112
ATP5I	0.7485822784810127
ATP5J	0.6615021276595745
ATP5J2	0.6293904761904762
ATP5J2-PTCD1	0.0025
ATP5L	0.7414642857142858
ATP5L2	0.6507272727272727
ATP5O	0.5542947368421053
ATP5S	0.43118859649122804
ATP5SL	0.4312388591800357
ATP6AP1L	0.5636009389671361
ATP6C	0.6707939698492462
ATP6V0A1	0.699802445907808
ATP6V0A2	0.659118930330753
ATP6V0A4	0.6454064665127021
ATP6V0B	0.5915891238670695
ATP6V0C	0.6987435897435897
ATP6V0D1	0.47854365733113674
ATP6V0D2	0.7798886310904872
ATP6V0E1	0.7420462962962964
ATP6V0E2	0.32243939393939397
ATP6V1A	0.8340519262981574
ATP6V1B1	0.5975367027677497
ATP6V1B2	0.6846652601969058
ATP6V1C1	0.8086917647058824
ATP6V1C2	0.7035169082125604
ATP6V1D	0.8666176470588235
ATP6V1E1	0.7723943217665615
ATP6V1E2	0.6915075
ATP6V1F	0.5261032258064516
ATP6V1G1	0.7611636363636363
ATP6V1G2	0.7966037735849056
ATP6V1G2-DDX39B	0.5627443609022557
ATP6V1G3	0.596544061302682
ATP6V1H	0.8670767676767677
ATP7B	0.5993725029377204
ATP8A1	0.8054450915141431
ATP8A2	0.7604289405684754
ATP8B1	0.7006040302267003
ATP8B2	0.6576657110091744
ATP8B3	0.4475826804123711
ATP8B4	0.6450379377431907
ATP9A	0.7402174643157011
ATP9B	0.6244285714285713
ATPAF1	0.6340851788756389
ATPAF2	0.6731082474226804
ATPIF1	0.4581279069767442
ATR	0.7788235110695354
ATRAID	0.5426454183266932
ATRIP	0.6021700069108501
ATRN	0.7317532467532467
ATRNL1	0.7914326982175784
ATXN1	0.6783778877887788
ATXN10	0.5425639032815198
ATXN1L	0.7605465465465465
ATXN2	0.7130527597402597
ATXN2L	0.7772372262773722
ATXN3	0.6733311546840958
ATXN7	0.7159525691699604
ATXN7L1	0.7725227272727272
ATXN7L2	0.6937618613138685
ATXN7L3	0.8535785714285714
ATXN7L3B	0.8689795918367347
AUH	0.5041758034026466
AUNIP	0.41222208588957054
AUP1	0.7848267581475128
AURKA	0.6137971391417425
AURKAIP1	0.4957674418604651
AURKB	0.6702577132486388
AURKC	0.5781984585741811
AUTS2	0.6699634570765661
AVEN	0.5726189801699717
AVIL	0.596796
AVL9	0.6142412008281574
AVP	0.47175714285714293
AVPI1	0.6671780821917809
AVPR1A	0.5727839506172839
AVPR1B	0.5060381231671555
AXDND1	0.5035174858223063
AXIN1	0.6644174830444612
AXIN2	0.6722281167108753
AXL	0.6927124917382684
AZGP1	0.32408846761453397
AZI1	0.5620015991471216
AZI2	0.6815689655172414
AZIN1	0.8882566137566138
AZU1	0.22764509394572024
B2M	0.44720297029702966
B3GALNT1	0.5596456599286563
B3GALNT2	0.6818561151079137
B3GALT1	0.8296715542521994
B3GALT2	0.8228956043956044
B3GALT4	0.4367860759493671
B3GALT5	0.470704424778761
B3GALT6	0.6553418647166361
B3GALTL	0.6551585365853658
B3GAT1	0.6802668112798265
B3GAT2	0.6798487584650112
B3GAT3	0.616352
B3GNT1	0.8309261862917399
B3GNT2	0.6872421227197346
B3GNT3	0.44285405405405404
B3GNT4	0.4612414285714285
B3GNT5	0.6439571639586411
B3GNT6	0.3910682170542636
B3GNT7	0.5869528619528619
B3GNT8	0.500162091503268
B3GNT9	0.5194747899159663
B3GNTL1	0.6224400584795322
B4GALNT1	0.5939146451033244
B4GALNT2	0.5035159045725646
B4GALNT3	0.5520986001217285
B4GALNT4	0.5288682258984598
B4GALT1	0.6206505460218409
B4GALT2	0.6946093457943925
B4GALT3	0.7065867507886435
B4GALT4	0.6187390510948906
B4GALT5	0.7544747474747474
B4GALT6	0.8303085714285714
B4GALT7	0.6561113744075829
B9D1	0.40831275720164606
B9D2	0.6154410646387832
BAALC	0.4033764434180139
BAAT	0.42330494505494504
BABAM1	0.6233240901213172
BACE1	0.7071574239713775
BACE2	0.601861407249467
BACH1	0.5238278052223007
BACH2	0.7310694444444444
BAD	0.4204661016949153
BAG1	0.4904728096676737
BAG2	0.7201959459459459
BAG3	0.5641622641509434
BAG4	0.6349699999999999
BAG5	0.6616023529411764
BAG6	0.7697116279069768
BAHD1	0.660775462962963
BAI1	0.6521680473372782
BAI2	0.6826115928799635
BAI3	0.8623391812865497
BAIAP2	0.6058352534562212
BAIAP2L1	0.6727254464285713
BAIAP2L2	0.625254748603352
BAIAP3	0.5850398009950248
BAK1	0.5956165919282511
BAMBI	0.7453344370860927
BANF1	0.8050666666666667
BANF2	0.7028365384615385
BANK1	0.49751296647691334
BANP	0.5967482319660538
BAP1	0.7378928571428571
BARD1	0.5506823104693142
BARHL1	0.795445945945946
BARHL2	0.7856792452830189
BARX1	0.7335026315789474
BARX2	0.5431558752997602
BASP1	0.7238863636363636
BATF	0.683883435582822
BATF2	0.28306521739130436
BATF3	0.7787621621621621
BAX	0.676778816199377
BAZ1A	0.8177074626865672
BAZ1B	0.7697281105990783
BAZ2A	0.6864200853298326
BAZ2B	0.8439489795918368
BBC3	0.789142144638404
BBIP1	0.3836338028169014
BBOX1	0.7313970588235295
BBS1	0.42846666666666666
BBS10	0.5081642105263158
BBS12	0.5036356534090909
BBS2	0.7740188261351052
BBS4	0.6514858823529412
BBS5	0.8783858585858586
BBS7	0.8225083732057415
BBS9	0.7272062546537602
BBX	0.7361473327688399
BCAM	0.5133242487770789
BCAN	0.5187719491993373
BCAP29	0.42737288135593215
BCAR1	0.5752395005675369
BCAR3	0.666292
BCAS1	0.4807752414398595
BCAS2	0.8365358649789029
BCAS3	0.7435834076717217
BCAS4	0.48824439461883407
BCAT1	0.680645259938838
BCAT2	0.6017660668380462
BCCIP	0.5160239520958084
BCDIN3D	0.5891704035874439
BCHE	0.5697773343974462
BCKDHA	0.3380755555555555
BCKDHB	0.6908422174840085
BCKDK	0.6529549418604651
BCL10	0.7880666666666666
BCL11A	0.8892781065088758
BCL11B	0.8129914040114613
BCL2	0.6978089171974522
BCL2A1	0.4957196029776675
BCL2L1	0.7839064039408867
BCL2L10	0.1853015873015873
BCL2L11	0.4501298969072165
BCL2L12	0.6063371522094926
BCL2L13	0.5128413407821228
BCL2L14	0.3969709794437727
BCL2L15	0.4524898550724638
BCL2L2	0.5995921985815603
BCL2L2-PABPN1	0.6371764705882353
BCL3	0.5852261251372118
BCL6	0.7722777036048064
BCL6B	0.6400515826494724
BCL7A	0.6629433333333333
BCL7B	0.6894561403508772
BCL7C	0.48451639344262293
BCL9	0.7796030959752321
BCL9L	0.7245049088359046
BCLAF1	0.9216842105263158
BCMO1	0.607223823246878
BCO2	0.6413567662565905
BCR	0.6654983108108108
BCS1L	0.7454056074766354
BDH1	0.5515247706422018
BDH2	0.6715
BDKRB1	0.35562362204724407
BDKRB2	0.5256253561253561
BDNF	0.6257449856733525
BDP1	0.3968267184942717
BEAN1	0.4035364161849711
BECN1	0.6052571428571428
BEGAIN	0.670637420718816
BEND3	0.7095022914757103
BEND4	0.8296308943089431
BEND5	0.8628863636363636
BEND6	0.8338141263940521
BEND7	0.5776924493554328
BEST1	0.5402844036697247
BEST2	0.5749644495412843
BEST3	0.4828549471661863
BEST4	0.5818354271356784
BET1	0.3847777777777778
BET1L	0.39728509719222466
BFAR	0.7342818897637795
BFSP1	0.5665603686635944
BFSP2	0.6483768996960486
BGLAP	0.575925
BHLHA15	0.5138650519031142
BHLHA9	0.3763374384236453
BHLHE22	0.693716129032258
BHLHE23	0.5677197802197802
BHLHE40	0.6726984126984127
BHLHE41	0.6695160098522168
BHMT	0.730137037037037
BHMT2	0.7020101694915254
BICC1	0.8068772727272727
BICD1	0.6932708883025506
BICD2	0.7402861244019139
BID	0.3898475609756098
BIK	0.23212052117263843
BIN1	0.720311724137931
BIN2	0.5197147736976943
BIN3	0.6765849056603773
BIRC2	0.6660505561172902
BIRC3	0.5641937919463087
BIRC5	0.370140625
BIRC6	0.8489914215686275
BIRC7	0.4060853658536585
BIRC8	0.5885732142857143
BIVM	0.754079295154185
BIVM-ERCC5	0.5538068965517241
BLACE	0.021049645390070922
BLCAP	0.8206097560975609
BLID	0.06117197452229299
BLK	0.6156240266963293
BLM	0.5406673275178431
BLMH	0.7230635593220339
BLNK	0.6300875462392108
BLOC1S1	0.756225806451613
BLOC1S2	0.5651754385964912
BLOC1S3	0.6203078602620087
BLOC1S4	0.6533842592592592
BLOC1S5	0.605015748031496
BLOC1S5-TXNDC5	0.5581552795031056
BLOC1S6	0.4908169934640523
BLVRA	0.75077734375
BLVRB	0.5912745098039216
BLZF1	0.6740668841761827
BMF	0.8486065573770492
BMP1	0.6319556277056277
BMP10	0.6334970588235295
BMP2	0.7280401691331924
BMP2K	0.6471359499431172
BMP3	0.6195997552019584
BMP4	0.7859302949061662
BMP5	0.8436047120418848
BMP6	0.6375712418300654
BMP7	0.6864947916666666
BMP8A	0.6056283987915407
BMP8B	0.5548638676844784
BMPER	0.7087391304347826
BMPR1A	0.815784496124031
BMPR1B	0.7884910344827586
BMPR2	0.8413044280442805
BMS1	0.7339242256637167
BNC1	0.6262830528846154
BNC2	0.6969721337579619
BNIP1	0.623211055276382
BNIP2	0.6196893203883496
BNIP3	0.6977045454545455
BNIP3L	0.7905254777070063
BNIPL	0.6020998719590269
BOC	0.6028908045977012
BOD1	0.5856142857142858
BOD1L1	0.48661815875317144
BOD1L2	0.8031124031007753
BOK	0.7079824561403509
BOLA1	0.6156356275303644
BOLA2	0.8178163265306122
BOLA2B	0.6470277777777778
BOLA3	0.6285990566037736
BOLL	0.7745098039215687
BOP1	0.5212949591280653
BORA	0.6202529224229543
BPGM	0.753376731301939
BPHL	0.6141663551401869
BPI	0.3393577044025157
BPIFA1	0.35471649484536083
BPIFA2	0.21495884773662552
BPIFA3	0.557126893939394
BPIFB1	0.38950557244174266
BPIFB2	0.5239514370664025
BPIFB3	0.6359100101112234
BPIFB4	0.7032664974619289
BPIFB6	0.6131197663096397
BPIFC	0.6446341232227487
BPNT1	0.7713651452282158
BPTF	0.6688935100548447
BRAF	0.8795665529010239
BRAP	0.7733594009983361
BRAT1	0.5076353919239904
BRCA1	0.3838939566704675
BRCA2	0.37462191915872495
BRD1	0.6476840390879479
BRD2	0.5915259533898305
BRD3	0.7198522848034006
BRD4	0.6927002827521207
BRD7	0.7113801369863013
BRD8	0.7074632034632035
BRD9	0.6580949839914622
BRDT	0.5567123765252759
BRE	0.6024780114722753
BRF1	0.5760042955326461
BRF2	0.5673821339950372
BRI3	0.6836188118811881
BRI3BP	0.7180696629213483
BRICD5	0.35671198156682027
BRINP1	0.8053703703703703
BRINP2	0.6689382171226832
BRINP3	0.7878724832214765
BRIP1	0.5307429755872869
BRIX1	0.7405458612975392
BRK1	0.7388833333333333
BRMS1	0.6158431001890359
BRMS1L	0.7955679999999999
BROX	0.829211350293542
BRPF1	0.7809491666666667
BRPF3	0.6831410398230088
BRSK1	0.7395929919137466
BRSK2	0.7110436018957346
BRWD1	0.616517653035306
BSCL2	0.5891816065192084
BSDC1	0.5690961538461539
BSG	0.46066089466089466
BSN	0.594321801655135
BSND	0.5070084602368866
BSPH1	0.36317509727626457
BSPRY	0.6820817901234567
BST1	0.4757108792846498
BST2	0.0991298076923077
BSX	0.7482564102564102
BTAF1	0.892625550660793
BTBD1	0.756908064516129
BTBD10	0.8620478260869565
BTBD11	0.7211237113402061
BTBD16	0.5237104779411765
BTBD17	0.6988172205438067
BTBD18	0.4600692155570204
BTBD19	0.652386690647482
BTBD2	0.5378964365256125
BTBD3	0.7897237113402062
BTBD6	0.6391040312093628
BTBD7	0.6781815980629541
BTBD8	0.5803397212543554
BTBD9	0.7455862595419847
BTC	0.6742719033232628
BTD	0.49010258780036975
BTF3	0.86151912568306
BTF3L4	0.487909604519774
BTG1	0.9169090909090909
BTG2	0.7987513812154697
BTG3	0.6368238341968911
BTG4	0.5280274841437632
BTLA	0.36738461538461537
BTN1A1	0.36974643874643875
BTN2A1	0.33291141732283464
BTN2A2	0.30963636363636365
BTN3A1	0.2432061403508772
BTN3A2	0.2071280487804878
BTN3A3	0.2573082191780822
BTNL2	0.3201267605633803
BTNL3	0.2795371352785146
BTNL8	0.2558107142857143
BTNL9	0.3603250478011472
BTRC	0.8522048780487805
BUB1	0.5828580060422961
BUB1B	0.6495071846726982
BUB3	0.7860911528150134
BUD13	0.5645346715328468
BUD31	0.7076942675159236
BVES	0.744589641434263
BX088651.1	0.02616382252559727
BX088651.2	0.0678125
BX255923.1	0.3598082524271845
BX649567.1	0.17776530612244898
BX842679.1	0.06906703910614524
BYSL	0.7017450980392157
BZRAP1	0.5576655766944114
BZW1	0.841425
BZW2	0.8313466334164589
C10orf10	0.3354153005464481
C10orf105	0.4750340425531915
C10orf107	0.5730303867403316
C10orf11	0.7833333333333333
C10orf111	0.06001342281879195
C10orf112	0.5587292207792207
C10orf113	0.34638658146964857
C10orf115	0.3393076923076923
C10orf118	0.7187659574468085
C10orf12	0.482075177935943
C10orf120	0.3049383429672447
C10orf126	0.2815076923076923
C10orf128	0.205878612716763
C10orf129	0.5202423728813559
C10orf131	0.5198236994219654
C10orf137	0.6780452393477117
C10orf2	0.6409480401093892
C10orf25	0.04170344827586207
C10orf32	0.7421176470588235
C10orf35	0.5364715447154472
C10orf40	0.11311904761904762
C10orf53	0.27003474903474906
C10orf54	0.583362363919129
C10orf55	0.1917601809954751
C10orf62	0.479210407239819
C10orf67	0.3714732394366197
C10orf68	0.12984766050054405
C10orf71	0.39935060060060057
C10orf76	0.7708824404761905
C10orf82	0.3966937119675456
C10orf85	0.029486486486486486
C10orf88	0.4860615212527964
C10orf90	0.3731206896551724
C10orf91	0.15135483870967742
C10orf95	0.3632970873786408
C10orf99	0.4350774647887324
C11orf1	0.484848717948718
C11orf16	0.3200020554984584
C11orf21	0.030541176470588235
C11orf24	0.19856642335766422
C11orf30	0.8500958333333333
C11orf31	0.6657096774193548
C11orf34	0.25564965986394556
C11orf35	0.3013827281648675
C11orf40	0.006320474777448071
C11orf42	0.8098323232323232
C11orf44	0.0057424242424242425
C11orf45	0.03420987654320987
C11orf48	0.36598363636363634
C11orf49	0.7022274193548387
C11orf52	0.42551984126984127
C11orf53	0.47823251417769375
C11orf54	0.7933940149625935
C11orf57	0.7992072538860103
C11orf58	0.5324767441860465
C11orf63	0.4046466408268734
C11orf65	0.4179450726978999
C11orf68	0.7294047619047619
C11orf70	0.7463818615751789
C11orf71	0.17462874251497007
C11orf72	0.04322883295194509
C11orf73	0.7873538461538461
C11orf74	0.4606490765171504
C11orf80	0.4679176984705026
C11orf82	0.282505214368482
C11orf83	0.46551363636363635
C11orf84	0.5525036319612591
C11orf85	0.4236661101836394
C11orf86	0.47142124542124547
C11orf87	0.5298290909090909
C11orf88	0.4359150684931507
C11orf89	0.29586345903771133
C11orf91	0.5918119402985075
C11orf94	0.44659051724137927
C11orf96	0.43895665322580646
C12orf10	0.6479055944055944
C12orf23	0.70298125
C12orf29	0.790370709382151
C12orf36	0.19684839650145775
C12orf39	0.6232594142259414
C12orf4	0.7901529902642559
C12orf40	0.37563161659513594
C12orf42	0.27074377224199286
C12orf43	0.40056888888888886
C12orf44	0.7593599999999999
C12orf45	0.5826703601108033
C12orf49	0.8100379146919432
C12orf5	0.5947026476578412
C12orf50	0.8028582230623819
C12orf52	0.3800591497227357
C12orf54	0.2709846153846154
C12orf55	0.584430981595092
C12orf56	0.6858242258652094
C12orf57	0.7340828402366864
C12orf60	0.3465692007797271
C12orf61	0.1041004016064257
C12orf65	0.5371060606060606
C12orf66	0.7966726862302482
C12orf68	0.7152371134020618
C12orf71	0.2558135593220339
C12orf73	0.41639240506329117
C12orf74	0.22466513761467888
C12orf75	0.479945945945946
C12orf76	0.26122866894197955
C12orf77	0.2736085106382979
C12orf79	0.011515021459227467
C13orf35	0.027747058823529416
C13orf45	0.04755555555555555
C14orf1	0.7915222222222221
C14orf105	0.42094170403587444
C14orf119	0.706445
C14orf132	0.008512820512820513
C14orf142	0.36576126126126124
C14orf144	0.0037317073170731706
C14orf159	0.4793528645833333
C14orf164	0.7323477321814255
C14orf166	0.8502938596491227
C14orf166B	0.5007877401646843
C14orf177	0.006033707865168539
C14orf178	0.17192
C14orf180	0.25053703703703706
C14orf182	0.09135151515151516
C14orf183	0.06718705035971223
C14orf2	0.25493624161073825
C14orf23	0.22192485549132948
C14orf28	0.9302125
C14orf37	0.3215953757225434
C14orf39	0.6711380255941499
C14orf64	0.21053240740740742
C14orf79	0.2681127694859038
C14orf80	0.307576109936575
C14orf93	0.692169014084507
C15ORF31	0.007932203389830509
C15ORF37	0.532962962962963
C15orf26	0.5718624787775891
C15orf27	0.6650324483775811
C15orf32	0.08308741258741259
C15orf37	0.16987982832618026
C15orf38	0.6168785046728972
C15orf38-AP3S2	0.6798478964401294
C15orf39	0.39880939377389407
C15orf40	0.32572989690721654
C15orf41	0.7511813725490196
C15orf43	0.6382236180904522
C15orf48	0.40563295880149813
C15orf52	0.4597210216110019
C15orf53	0.043442477876106195
C15orf54	0.4260485714285714
C15orf56	0.22403821656050954
C15orf57	0.5120135440180587
C15orf59	0.6235536585365854
C15orf60	0.5055407725321889
C15orf61	0.6308217391304348
C15orf62	0.6587407407407407
C15orf65	0.534
C16orf11	0.3929572564612326
C16orf13	0.48020637898686674
C16orf3	0.008013986013986013
C16orf45	0.38695689655172416
C16orf46	0.3759364896073903
C16orf47	0.2888735632183908
C16orf52	0.49594927536231886
C16orf54	0.47406896551724137
C16orf58	0.6331441969519344
C16orf59	0.31228117359413204
C16orf62	0.6521444141689373
C16orf70	0.7972798982188296
C16orf71	0.32627863046044864
C16orf72	0.9529736842105263
C16orf74	0.6095406976744185
C16orf78	0.420179104477612
C16orf80	0.8249831460674157
C16orf86	0.35453757225433524
C16orf87	0.42330434782608695
C16orf89	0.39109371671991483
C16orf90	0.5949567307692308
C16orf91	0.15964765784114052
C16orf92	0.3757900355871886
C16orf93	0.5048701923076923
C16orf95	0.3549252747252747
C16orf96	0.3831235324144972
C16orf97	0.06151256281407035
C16orf98	0.09813698630136986
C17orf100	0.3486632390745501
C17orf102	0.262243670886076
C17orf103	0.7890859375
C17orf104	0.8408481764206955
C17orf105	0.7411573426573427
C17orf107	0.3434986449864499
C17orf112	0.01911570247933884
C17orf47	0.3170798872180451
C17orf49	1.0
C17orf50	0.47968406593406593
C17orf51	0.1387171717171717
C17orf53	0.37947315096251266
C17orf58	0.5997326732673267
C17orf59	0.427094696969697
C17orf61-PLSCR3	0.7251684210526317
C17orf62	0.4910343347639485
C17orf64	0.5213781725888325
C17orf66	0.4711003921568628
C17orf67	0.6305597014925374
C17orf70	0.469148031496063
C17orf72	0.496176291793313
C17orf74	0.30964772727272727
C17orf75	0.7448754940711462
C17orf77	0.09852
C17orf78	0.46661601307189543
C17orf80	0.24409457900807383
C17orf82	0.1316969696969697
C17orf85	0.7873133514986377
C17orf89	0.6459862068965517
C17orf96	0.50359900373599
C17orf97	0.264504215851602
C17orf98	0.6599858156028369
C17orf99	0.3156378205128205
C18orf21	0.6577493796526054
C18orf25	0.7998418367346939
C18orf32	0.6382330827067669
C18orf42	0.5195673758865248
C18orf54	0.5527417085427135
C18orf56	0.0644766355140187
C18orf63	0.46824727272727273
C18orf8	0.7020706006322445
C19orf10	0.4869064171122995
C19orf12	0.4785471698113207
C19orf18	0.2870123839009288
C19orf24	0.2605406976744186
C19orf25	0.22473657289002558
C19orf26	0.4969601063829787
C19orf33	0.5525
C19orf35	0.3400651530108588
C19orf38	0.5083980198019802
C19orf40	0.6338093922651934
C19orf43	0.8142918454935621
C19orf44	0.3489322404371585
C19orf45	0.336568359375
C19orf47	0.5590681233933161
C19orf48	0.11119024390243902
C19orf52	0.5666479690522244
C19orf53	0.49230697674418605
C19orf54	0.5046281481481482
C19orf55	0.3957805953693495
C19orf57	0.1780066518847007
C19orf59	0.2397156862745098
C19orf60	0.5758934911242604
C19orf66	0.6101519999999999
C19orf67	0.5744180704441041
C19orf68	0.526634971796938
C19orf69	0.5042293233082706
C19orf70	0.596021505376344
C19orf71	0.36821140142517816
C19orf73	0.3627769784172662
C19orf77	0.28619815668202764
C19orf80	0.40240552995391704
C19orf81	0.6102888349514562
C19orf82	0.1286280701754386
C1D	0.6200916666666667
C1GALT1	0.7019901960784314
C1ORF220	0.04156716417910448
C1QA	0.47835140997830805
C1QB	0.3838787878787879
C1QBP	0.6376425619834711
C1QC	0.48176940133037693
C1QL1	0.6875522388059702
C1QL2	0.5690867678958785
C1QL3	0.7667823129251701
C1QL4	0.6041338582677166
C1QTNF1	0.4951700680272109
C1QTNF1-AS1	0.2892689075630252
C1QTNF2	0.6551362763915547
C1QTNF3	0.8222276422764228
C1QTNF4	0.6088527315914489
C1QTNF5	0.66075
C1QTNF6	0.46911895161290323
C1QTNF7	0.7041111111111111
C1QTNF8	0.46968585131894486
C1QTNF9	0.6017834394904459
C1QTNF9B	0.6199785932721713
C1R	0.5485030891438658
C1RL	0.42303746397694525
C1S	0.511838223632038
C1orf100	0.48222881355932207
C1orf101	0.3951486199575372
C1orf105	0.3229316888045541
C1orf106	0.5299721082854798
C1orf109	0.5894323040380047
C1orf110	0.2922430668841762
C1orf111	0.4701125226860254
C1orf112	0.5963798449612403
C1orf115	0.5720413793103448
C1orf116	0.42034562211981563
C1orf122	0.8041570680628272
C1orf123	0.8690909090909091
C1orf127	0.22318866517524236
C1orf131	0.5379144602851323
C1orf134	0.05558064516129032
C1orf137	0.014794392523364485
C1orf141	0.2694295857988166
C1orf143	0.21327745664739883
C1orf145	0.3161158940397351
C1orf146	0.74131541218638
C1orf147	0.15616988416988417
C1orf158	0.5039550827423168
C1orf159	0.24278699861687414
C1orf162	0.30666181818181815
C1orf167	0.22203861788617887
C1orf168	0.4212914156626506
C1orf170	0.2363656220322887
C1orf172	0.7017980769230769
C1orf173	0.38040395061728394
C1orf174	0.42387945205479455
C1orf177	0.5427872340425531
C1orf180	0.007510548523206751
C1orf185	0.4682146596858639
C1orf186	0.38567630057803465
C1orf189	0.5417761904761904
C1orf192	0.68654375
C1orf194	0.532078167115903
C1orf195	0.0949016393442623
C1orf198	0.6107875
C1orf200	0.03884895833333333
C1orf204	0.017376344086021504
C1orf21	0.9638055555555556
C1orf210	0.4163269230769231
C1orf213	0.29684337349397594
C1orf216	0.5341465721040188
C1orf220	0.040053030303030306
C1orf222	0.49206252605252193
C1orf226	0.508419689119171
C1orf227	0.4325233160621762
C1orf228	0.6481187150837989
C1orf229	0.06855679287305122
C1orf233	0.5167893401015229
C1orf234	0.41758545454545454
C1orf27	0.7462090784044016
C1orf35	0.5109143518518519
C1orf43	0.8616326530612245
C1orf50	0.522990990990991
C1orf51	0.6471003184713376
C1orf52	0.6285475409836065
C1orf53	0.38857077625570774
C1orf54	0.48003296703296705
C1orf56	0.39864566929133854
C1orf61	0.18000721153846153
C1orf63	0.40035048231511255
C1orf64	0.2974406779661017
C1orf65	0.40350594227504244
C1orf68	0.45068108108108107
C1orf74	0.46689298245614036
C1orf85	0.5556985507246377
C1orf86	0.2702826086956522
C1orf87	0.47788138686131393
C1orf94	0.5866865284974093
C1orf95	0.7572574850299402
C2	0.5817742574257426
C20ORF135	0.47258823529411764
C20orf112	0.5712160953800298
C20orf141	0.42191860465116277
C20orf144	0.33844155844155843
C20orf166	0.11630456852791878
C20orf173	0.20122894736842106
C20orf187	0.084953125
C20orf194	0.7905364864864864
C20orf195	0.5804394904458599
C20orf196	0.4382377495462795
C20orf197	0.005446280991735538
C20orf201	0.2760765765765766
C20orf202	0.5092142857142857
C20orf24	0.49272727272727274
C20orf26	0.6062929966650785
C20orf27	0.7064107142857142
C20orf62	0.0757932098765432
C20orf78	0.03993051359516617
C20orf85	0.5676085526315789
C20orf96	0.33689588688946015
C21orf119	0.005510204081632653
C21orf128	0.15916412213740458
C21orf2	0.45942155009451796
C21orf33	0.4635128983308042
C21orf37	0.07171710526315789
C21orf49	0.033968354430379745
C21orf54	0.010850574712643678
C21orf58	0.38363435374149657
C21orf59	0.42155936675461736
C21orf62	0.4619576107899807
C21orf67	0.05479160186625195
C21orf88	0.04704347826086956
C21orf90	0.002887323943661972
C21orf91	0.7222309523809524
C22orf15	0.3414523160762943
C22orf23	0.5822761194029851
C22orf24	0.14087769784172663
C22orf26	0.3821798561151079
C22orf29	0.12879159049360145
C22orf31	0.5231275167785234
C22orf34	0.11562448559670782
C22orf39	0.5775705128205129
C22orf42	0.007514874141876431
C22orf43	0.022636150234741786
C22orf46	0.30207280513918633
C2CD2	0.5787787682333874
C2CD2L	0.7006862367661213
C2CD3	0.5567140966247518
C2CD4A	0.3510375722543353
C2CD4B	0.4717718023255814
C2CD4C	0.570321295143213
C2CD4D	0.5261582089552239
C2CD5	0.8207599629286376
C2orf15	0.5628366197183098
C2orf16	0.21861119380768088
C2orf27A	0.21215738963531672
C2orf27B	0.30978010471204187
C2orf40	0.6033069306930693
C2orf42	0.7826015727391874
C2orf43	0.483865127582017
C2orf44	0.5356029520295202
C2orf47	0.5162933025404157
C2orf48	0.023793577981651378
C2orf49	0.7012125279642059
C2orf50	0.39000664451827244
C2orf53	0.3742078651685393
C2orf54	0.4945021598272138
C2orf57	0.22618290258449303
C2orf61	0.5695892857142857
C2orf62	0.5389163292847503
C2orf66	0.5485707762557077
C2orf68	0.5503817733990148
C2orf69	0.6710386554621848
C2orf70	0.4983648068669528
C2orf71	0.42674025974025975
C2orf72	0.4705761047463175
C2orf73	0.5396911764705882
C2orf74	0.3716517857142857
C2orf76	0.6961091954022989
C2orf78	0.30522369089984747
C2orf80	0.42703846153846153
C2orf81	0.3900281007751938
C2orf82	0.4923484848484848
C2orf83	0.179228
C2orf88	0.5258653846153846
C2orf91	0.20625
C3	0.5086766430114162
C3AR1	0.41308465608465605
C3orf14	0.6483103448275862
C3orf17	0.5251975768872321
C3orf18	0.6298555133079847
C3orf20	0.5011192982456141
C3orf22	0.21630769230769228
C3orf27	0.14486781609195404
C3orf30	0.17206618962432915
C3orf33	0.5260846047156728
C3orf35	0.26625357873210637
C3orf36	0.0186125
C3orf38	0.6242235494880546
C3orf49	0.5265358306188925
C3orf52	0.42418668831168826
C3orf55	0.3067664835164835
C3orf56	0.03733507853403141
C3orf58	0.7201139705882353
C3orf62	0.5216107382550336
C3orf65	0.03841630901287554
C3orf67	0.5186077621800165
C3orf70	0.7189037800687285
C3orf72	0.12936529680365297
C3orf79	0.09950279329608938
C3orf80	0.70256
C3orf83	0.5440763888888889
C3orf84	0.6574627659574468
C4A	0.5780884170921795
C4B	0.5756863169280692
C4BPA	0.3663498671390611
C4BPB	0.28171563342318057
C4orf17	0.4117187993680885
C4orf19	0.2654350180505415
C4orf21	0.4211768426842684
C4orf22	0.6154312114989733
C4orf26	0.2377774193548387
C4orf27	0.7610533049040512
C4orf29	0.7594824399260628
C4orf3	0.19014942528735632
C4orf32	0.6419780701754386
C4orf33	0.7251888111888112
C4orf36	0.392360824742268
C4orf40	0.20663009404388716
C4orf45	0.391112600536193
C4orf46	0.6385427350427351
C4orf47	0.6636000000000001
C4orf48	0.5580985915492958
C4orf50	0.24503301886792453
C4orf51	0.3096468926553672
C4orf6	0.1089009900990099
C5	0.6268602078444518
C5AR1	0.372832298136646
C5AR2	0.3181113445378151
C5orf15	0.5047789256198347
C5orf17	0.18375229357798165
C5orf20	0.02791696750902527
C5orf22	0.5810869565217391
C5orf24	0.8334484848484849
C5orf27	0.08947540983606558
C5orf28	0.7680270270270271
C5orf30	0.7861818181818181
C5orf34	0.6128248888888889
C5orf38	0.07231216931216931
C5orf42	0.49834671936758895
C5orf45	0.29312433155080214
C5orf46	0.3749581151832461
C5orf47	0.41459782608695656
C5orf48	0.5588345864661655
C5orf49	0.5270695652173913
C5orf50	0.46814364640883976
C5orf51	0.7460824175824177
C5orf52	0.3978290155440415
C5orf54	0.8063276450511945
C5orf55	0.015686046511627905
C5orf56	0.07521479713603818
C5orf58	0.4890663507109005
C5orf60	0.016846153846153848
C5orf63	0.35793364928909954
C5orf64	0.23156976744186045
C6	0.6321514063435069
C6ORF165	0.7004648760330578
C6ORF50	0.023165876777251185
C6orf1	0.37042499999999995
C6orf10	0.3048213228035538
C6orf100	0.007258064516129033
C6orf106	0.9273206106870229
C6orf118	0.36725531914893617
C6orf120	0.4706744730679157
C6orf123	0.008525423728813559
C6orf132	0.38874947545111205
C6orf136	0.5068409090909091
C6orf141	0.3060830860534125
C6orf15	0.30400344827586206
C6orf163	0.5586271186440678
C6orf164	0.21068108108108108
C6orf183	0.5686543313708999
C6orf195	0.006101694915254237
C6orf201	0.2655974025974026
C6orf203	0.5941075949367088
C6orf211	0.6419464285714286
C6orf222	0.2830142857142857
C6orf223	0.3096561181434599
C6orf226	0.5097823529411765
C6orf25	0.5004425956738769
C6orf47	0.4442715008431703
C6orf48	0.16841489361702128
C6orf52	0.30586544342507643
C6orf57	0.6786764705882353
C6orf58	0.3857623188405797
C6orf62	0.8810714285714286
C6orf89	0.7069806451612903
C6orf99	0.14294736842105263
C7	0.5899338284942607
C7orf10	0.5984495217853347
C7orf13	0.0031190476190476194
C7orf25	0.6718440366972478
C7orf26	0.6726158192090396
C7orf31	0.5441519524617996
C7orf33	0.022262237762237763
C7orf34	0.4006221662468514
C7orf41	0.4510874316939891
C7orf43	0.6640721040189125
C7orf49	0.3813832116788321
C7orf50	0.4576317135549872
C7orf55	0.7279468085106384
C7orf55-LUC7L2	0.8794191780821918
C7orf57	0.4890759493670886
C7orf60	0.6711934523809523
C7orf61	0.34789382716049383
C7orf62	0.5434678260869564
C7orf63	0.7379696113074206
C7orf65	0.1479847908745247
C7orf66	0.0820855614973262
C7orf69	0.05436021505376344
C7orf71	0.17256034482758623
C7orf72	0.5266778149386845
C7orf73	0.8607021276595745
C7orf76	0.009306603773584906
C8A	0.4930967432950192
C8B	0.5766782841823056
C8G	0.4117364864864865
C8orf12	0.06360975609756098
C8orf17	0.01648407643312102
C8orf22	0.3925771144278607
C8orf31	0.09801762114537445
C8orf33	0.3374901960784314
C8orf34	0.630064606741573
C8orf37	0.6282598870056497
C8orf4	0.6851953125
C8orf44	0.08972852233676976
C8orf44-SGK3	0.8650116009280743
C8orf46	0.5703465346534653
C8orf47	0.23838762214983714
C8orf48	0.32124807692307694
C8orf49	0.03662796833773087
C8orf56	0.008341463414634147
C8orf58	0.4845650224215246
C8orf59	0.7251282051282052
C8orf74	0.43884403669724775
C8orf76	0.4577181818181818
C8orf82	0.43150314465408807
C8orf86	0.16359692307692306
C8orf87	0.008703703703703703
C9	0.5054437751004016
C9orf114	0.6972704507512522
C9orf116	0.45745038167938934
C9orf117	0.48386105476673424
C9orf129	0.650695652173913
C9orf131	0.20595634095634094
C9orf135	0.5239916142557651
C9orf139	0.13541035856573705
C9orf141	0.0073665158371040715
C9orf142	0.3463547619047619
C9orf147	0.3947739463601533
C9orf152	0.40403821656050953
C9orf153	0.3069142857142857
C9orf156	0.4427541436464088
C9orf16	0.7564343434343435
C9orf163	0.16009349593495936
C9orf169	0.26679831932773107
C9orf170	0.05816666666666667
C9orf171	0.6016326530612245
C9orf172	0.5084934640522876
C9orf173	0.24845362903225807
C9orf24	0.5918526863084922
C9orf3	0.5939085545722714
C9orf37	0.03622857142857143
C9orf38	0.10568548387096774
C9orf40	0.4178814432989691
C9orf41	0.7418208556149732
C9orf43	0.34497836538461535
C9orf47	0.07039041095890411
C9orf50	0.2240051612903226
C9orf53	0.010855670103092782
C9orf57	0.4035396825396826
C9orf62	0.08287573964497041
C9orf64	0.674663101604278
C9orf66	0.2206967032967033
C9orf69	0.6263742331288343
C9orf72	0.8392535211267605
C9orf78	0.8128187134502923
C9orf84	0.49694607694637993
C9orf85	0.37770180722891566
C9orf89	0.7040635838150289
C9orf9	0.5938217054263566
C9orf91	0.6759433681073025
C9orf92	0.47905298013245035
C9orf96	0.4356948288419519
CA1	0.5418695652173913
CA10	0.6375156950672646
CA11	0.7905569007263923
CA12	0.6328532110091744
CA13	0.7083169014084507
CA14	0.5835918653576437
CA2	0.5753133462282398
CA3	0.6594212765957447
CA4	0.39457487922705314
CA5A	0.5027992351816444
CA6	0.35070962479608486
CA7	0.7793029490616622
CA8	0.8503381502890173
CA9	0.5020395647873392
CAAP1	0.7176386233269598
CAB39	0.8313093525179855
CAB39L	0.856976
CABIN1	0.6303658379076525
CABLES1	0.5707010752688172
CABLES2	0.6182226463104326
CABP1	0.6236132208157524
CABP2	0.6094809384164223
CABP4	0.41392653061224494
CABP5	0.7004873646209386
CABP7	0.7812461538461538
CABS1	0.40233940182054617
CABYR	0.49966639411283725
CACFD1	0.52279
CACHD1	0.7462600518806745
CACNA1A	0.6693108472746897
CACNA1B	0.6656184497816594
CACNA1C	0.7105799212598425
CACNA1D	0.7492665289256198
CACNA1E	0.7303694203864091
CACNA1G	0.6844628469113698
CACNA1H	0.5395309081658611
CACNA1I	0.6106104558495378
CACNA1S	0.6619079263410729
CACNA2D1	0.836673139158576
CACNA2D2	0.7625363984674329
CACNA2D3	0.8002800338409476
CACNA2D4	0.6361445846477392
CACNB1	0.799008760951189
CACNB2	0.769813464235624
CACNB3	0.6690472779369627
CACNB4	0.8227032520325203
CACNG1	0.6494888178913738
CACNG2	0.8736528925619835
CACNG3	0.7443208430913348
CACNG4	0.7849615384615384
CACNG5	0.7295382262996942
CACNG6	0.6663477366255144
CACNG7	0.7439210526315789
CACNG8	0.5616225087924971
CACTIN	0.5239399061032863
CACUL1	0.7309295302013423
CACYBP	0.7793685897435898
CAD	0.7099993390614673
CADM1	0.7578644400785854
CADM2	0.8558691860465116
CADM3	0.6836262341325811
CADM4	0.8106352459016393
CADPS	0.7848813151563753
CADPS2	0.7959143593045719
CAGE1	0.40780306021717666
CALB1	0.8894626865671642
CALB2	0.7901245136186771
CALCA	0.6204856230031949
CALCB	0.6928979591836735
CALCOCO1	0.7657164444444445
CALCOCO2	0.438095067264574
CALCR	0.5571111111111111
CALCRL	0.6981048158640227
CALD1	0.6771162540365986
CALHM1	0.5827441860465116
CALHM2	0.6375899772209567
CALHM3	0.6312120075046904
CALM1	0.7815363636363636
CALM2	0.384064
CALM3	0.692051724137931
CALML3	0.6787313432835822
CALML4	0.6264232365145228
CALML5	0.4928430656934306
CALML6	0.513225974025974
CALN1	0.7728339920948616
CALR	0.6532755798090041
CALR3	0.6706253561253561
CALU	0.803408866995074
CALY	0.4254282786885246
CAMK1	0.6304249084249084
CAMK1D	0.7523562231759657
CAMK1G	0.6458755304101839
CAMK2A	0.7655105973025048
CAMK2B	0.5928857644991212
CAMK2D	0.8363832684824903
CAMK2G	0.8662883116883118
CAMK2N1	0.8007611940298507
CAMK2N2	0.9867435897435897
CAMK4	0.5813166368515206
CAMKK1	0.6018834745762712
CAMKK2	0.6080066298342541
CAMKMT	0.5065167095115681
CAMKV	0.7203824817518248
CAMLG	0.651
CAMP	0.35860211267605635
CAMSAP1	0.5856918262150221
CAMSAP2	0.6999037527593819
CAMSAP3	0.5883448844884488
CAMTA1	0.7183981531776208
CAMTA2	0.6703030449492509
CAND1	0.8644241316270567
CAND2	0.6387856463878326
CANT1	0.562428139183056
CANX	0.7165940488841659
CAP1	0.7514709784411276
CAP2	0.6865416098226467
CAPG	0.618587219343696
CAPN1	0.5981604184829992
CAPN10	0.5679350850077279
CAPN11	0.5270666173205033
CAPN12	0.5901285511363636
CAPN13	0.499681568627451
CAPN14	0.5552476260043828
CAPN15	0.6058049959709911
CAPN2	0.6460478260869565
CAPN3	0.6660644329896908
CAPN5	0.6588965163934426
CAPN7	0.7864269662921348
CAPN8	0.47801474926253684
CAPN9	0.6549625935162094
CAPNS1	0.6177286245353161
CAPNS2	0.6207266666666666
CAPRIN1	0.8725609397944198
CAPRIN2	0.7043059701492537
CAPS	0.5338366890380313
CAPS2	0.5628795074758136
CAPSL	0.7407840909090909
CAPZA1	0.8628941176470588
CAPZA2	0.7271472081218273
CAPZA3	0.7121542288557213
CAPZB	0.6763923076923076
CARD10	0.6603564179104477
CARD11	0.7323388640714742
CARD14	0.5658274291497976
CARD16	0.17492676056338027
CARD17	0.19262087912087913
CARD18	0.05472972972972973
CARD6	0.37653129620502707
CARD8	0.24475981308411213
CARD9	0.6473223140495867
CARF	0.73011071744907
CARHSP1	0.6127940074906366
CARKD	0.5609958904109589
CARM1	0.7134283707865169
CARNS1	0.6163429776974081
CARS	0.6908252923976608
CARS2	0.5570257731958763
CARTPT	0.7225348837209302
CASC1	0.5024164540816326
CASC10	0.2555432098765432
CASC3	0.7079213286713286
CASC4	0.8069860279441118
CASC5	0.39877795527156545
CASD1	0.8433594527363184
CASKIN1	0.577731086142322
CASKIN2	0.5402207970682547
CASP1	0.42750273224043717
CASP10	0.32767127344521224
CASP12	0.3657147540983607
CASP14	0.601123188405797
CASP16	0.39660759493670883
CASP2	0.6549371146732429
CASP3	0.6740964360587002
CASP4	0.36509007633587787
CASP5	0.3367146892655367
CASP6	0.6364797570850202
CASP7	0.47574275979557074
CASP8	0.4574644644644645
CASP9	0.5130227576974565
CASQ1	0.6850864381520119
CASQ2	0.7449439728353141
CASR	0.7115475017593245
CASS4	0.4650295389048991
CAST	0.5291962059620596
CASZ1	0.6714662921348314
CAT	0.7065869017632241
CATSPER1	0.35662792714657415
CATSPER2	0.6092222222222222
CATSPER3	0.5208413333333333
CATSPER4	0.5299309523809523
CATSPERB	0.5037912832929782
CATSPERD	0.29762362030905076
CATSPERG	0.46659458278724336
CATX-2	0.1364032258064516
CAV1	0.8475419847328245
CAV2	0.6822260536398468
CAV3	0.7391085714285714
CBFA2T2	0.5910690607734806
CBFA2T3	0.5703139059304704
CBFB	0.9529587628865979
CBL	0.743135593220339
CBLB	0.7943333333333333
CBLC	0.5180855421686748
CBLL1	0.8516139630390144
CBLN1	0.6521511254019292
CBLN2	0.6297509157509157
CBLN3	0.6568388059701492
CBLN4	0.6824199999999999
CBR1	0.4913864406779661
CBR3	0.7253110647181628
CBR4	0.6733056872037915
CBS	0.5993256830601094
CBWD1	0.6908188277087034
CBWD2	0.7102545126353791
CBWD3	0.7211197718631179
CBWD5	0.7162348754448399
CBWD6	0.6793810375670841
CBWD7	0.685054131054131
CBX1	0.8219942857142857
CBX2	0.5632224669603524
CBX3	0.8197616279069767
CBX4	0.5942155361050327
CBX5	0.8599581151832462
CBX6	0.5968253424657534
CBX7	0.7405794392523365
CBX8	0.636453471196455
CBY1	0.7104941860465116
CBY3	0.3808626126126126
CC2D1A	0.6056995908825249
CC2D1B	0.6316264908976774
CC2D2A	0.6677273386511966
CC2D2B	0.7368090024330901
CCAR1	0.8080395647873393
CCAR2	0.7215921428571429
CCBE1	0.7503673805601319
CCBL1	0.4642533460803059
CCBL2	0.7238190327613104
CCDC101	0.6538693467336684
CCDC102A	0.7107136812411848
CCDC102B	0.49986546463245496
CCDC103	0.5379090909090909
CCDC104	0.6546536697247706
CCDC105	0.5151683079677708
CCDC106	0.6948405797101449
CCDC107	0.4669393414211438
CCDC108	0.49874778200253483
CCDC109B	0.5004757412398922
CCDC11	0.5629147005444646
CCDC110	0.5346801599200399
CCDC112	0.7495071258907364
CCDC113	0.6139411764705882
CCDC114	0.45412958963282934
CCDC115	0.48154
CCDC116	0.3054454409566517
CCDC117	0.6989411764705883
CCDC12	0.7911230769230769
CCDC121	0.15064511041009465
CCDC122	0.5173394342762063
CCDC124	0.6533913043478261
CCDC125	0.5844872685185185
CCDC126	0.8303988095238095
CCDC127	0.6578582677165354
CCDC129	0.3485567790777701
CCDC13	0.6157306843267109
CCDC130	0.5459516129032258
CCDC132	0.7206513671875
CCDC134	0.6134782608695651
CCDC135	0.6082673835125448
CCDC136	0.5720236471123237
CCDC137	0.5163612662942272
CCDC138	0.620357830271216
CCDC14	0.523190502484815
CCDC140	0.06366386554621849
CCDC141	0.6677796242774566
CCDC142	0.5557998477929985
CCDC144A	0.44427695167286246
CCDC144NL	0.07088828828828828
CCDC146	0.6822973728339855
CCDC147	0.7397075064710958
CCDC148	0.6862524357838795
CCDC149	0.5955043586550436
CCDC15	0.38330424387328155
CCDC150	0.6338672164948453
CCDC151	0.5158949301983836
CCDC152	0.7328276699029127
CCDC153	0.48764583333333333
CCDC154	0.24644490472245237
CCDC155	0.561213953488372
CCDC157	0.48418970380818055
CCDC158	0.729278163374266
CCDC159	0.5409803278688524
CCDC163P	0.42502212389380534
CCDC166	0.3908849449204406
CCDC167	0.7052721518987343
CCDC168	0.11072463315641587
CCDC169	0.3501640625
CCDC17	0.41008978583196043
CCDC170	0.6335714285714286
CCDC171	0.726966515323496
CCDC172	0.7327611940298507
CCDC173	0.6574098513011153
CCDC174	0.6633397058823529
CCDC175	0.3352357414448669
CCDC176	0.627531185031185
CCDC177	0.6109956989247312
CCDC178	0.33974881516587674
CCDC179	0.3445490196078431
CCDC18	0.7240726933830381
CCDC180	0.5277992454863918
CCDC181	0.6517061356297094
CCDC19	0.6426162790697674
CCDC23	0.8501896551724137
CCDC24	0.4377950963222417
CCDC25	0.853859223300971
CCDC27	0.3510167441860465
CCDC28A	0.5729248704663212
CCDC28B	0.7065181518151815
CCDC3	0.727190031152648
CCDC30	0.5085544608648057
CCDC33	0.47326353467561516
CCDC34	0.4945880503144654
CCDC36	0.4315038022813688
CCDC37	0.49544810863239575
CCDC38	0.5499906890130353
CCDC39	0.6501788366336634
CCDC40	0.42330243902439024
CCDC41	0.7919627766599597
CCDC42	0.7024362068965517
CCDC42B	0.47266314199395776
CCDC43	0.7427438271604938
CCDC47	0.7918056155507559
CCDC50	0.6134005201560468
CCDC51	0.5802768211920529
CCDC53	0.556970684039088
CCDC54	0.38785169491525423
CCDC57	0.3522120141342756
CCDC58	0.6956160714285715
CCDC59	0.41721247113163973
CCDC6	0.8202344497607655
CCDC60	0.4997661157024793
CCDC61	0.5763911290322581
CCDC62	0.517469870327994
CCDC63	0.5646458874458875
CCDC64	0.7185610795454546
CCDC64B	0.554859375
CCDC65	0.6360288582183187
CCDC66	0.5482377538829152
CCDC67	0.6452262396694214
CCDC68	0.6518226600985222
CCDC69	0.6024840667678301
CCDC7	0.4101091476091476
CCDC70	0.4376594488188976
CCDC71	0.4879135802469136
CCDC71L	0.5914906249999999
CCDC73	0.45204232505643344
CCDC74A	0.29685239491691107
CCDC74B	0.3311555555555556
CCDC77	0.6582569620253165
CCDC78	0.30366184210526315
CCDC79	0.6408732876712329
CCDC8	0.4356532608695652
CCDC80	0.6214412928759895
CCDC81	0.6076311284046693
CCDC82	0.4986386321626618
CCDC83	0.5881057324840765
CCDC84	0.6508660869565217
CCDC85A	0.6814384236453201
CCDC85B	0.7665378151260505
CCDC85C	0.6426594982078853
CCDC86	0.3767453416149068
CCDC87	0.41824058323207775
CCDC88A	0.7865758807588076
CCDC88B	0.5151567640147701
CCDC88C	0.6353760492445438
CCDC89	0.5678689189189189
CCDC9	0.5842843450479234
CCDC90B	0.6556311239193083
CCDC91	0.6485805658056581
CCDC92	0.620656
CCDC93	0.7770410132689989
CCDC94	0.5944101265822784
CCDC96	0.4257744994731296
CCDC97	0.5631021194605009
CCER1	0.4029313953488372
CCHCR1	0.5788310016787913
CCIN	0.7721213114754099
CCK	0.49760752688172044
CCKAR	0.6796332179930795
CCKBR	0.5477290748898679
CCL1	0.370879781420765
CCL11	0.3487290640394089
CCL13	0.17098639455782313
CCL14	0.246565
CCL15-CCL14	0.32189119170984454
CCL16	0.354014440433213
CCL17	0.37179396984924623
CCL18	0.3685367231638418
CCL19	0.5628285714285715
CCL2	0.42282741116751266
CCL20	0.4564893617021276
CCL21	0.5471013986013986
CCL22	0.5004558823529411
CCL23	0.3539764705882353
CCL24	0.4024139534883721
CCL25	0.31788931297709927
CCL26	0.2763455497382199
CCL27	0.518563025210084
CCL28	0.4753375
CCL3	0.43770833333333337
CCL3L1	0.42206018518518523
CCL3L3	0.3935192307692308
CCL4	0.573326923076923
CCL4L1	0.45990384615384616
CCL4L2	0.49001984126984127
CCL5	0.4700326086956521
CCL7	0.28700000000000003
CCL8	0.3490710659898477
CCM2	0.6445440729483283
CCM2L	0.7175516811955167
CCNA1	0.6072806004618937
CCNA2	0.6782781065088758
CCNB1	0.6139635949943117
CCNB1IP1	0.673117903930131
CCNB2	0.6803976608187134
CCNC	0.5106393442622951
CCND1	0.810306990881459
CCND2	0.595145728643216
CCND3	0.6105167548500882
CCNDBP1	0.6700477707006369
CCNE1	0.6897199312714776
CCNE2	0.7615891089108912
CCNF	0.6090088424437299
CCNG1	0.764764411027569
CCNG2	0.662488416988417
CCNH	0.8186526610644258
CCNI	0.8624985915492958
CCNI2	0.3752657952069716
CCNJ	0.8293709677419355
CCNJL	0.5366055276381909
CCNK	0.713073985680191
CCNL1	0.7709418960244648
CCNL2	0.6743083511777301
CCNO	0.5631309328968903
CCNT1	0.7082801387684302
CCNT2	0.9110404624277456
CCNY	0.826091575091575
CCNYL1	0.6790677083333333
CCP110	0.5699432024169184
CCPG1	0.5905225102319236
CCR1	0.48964457831325303
CCR10	0.4281120107962213
CCR2	0.4637399741267788
CCR3	0.42036546762589927
CCR4	0.5380889526542324
CCR5	0.46280959520239884
CCR6	0.5257109144542773
CCR7	0.626442238267148
CCR8	0.4093313253012048
CCR9	0.5190577464788733
CCRL2	0.3083796992481203
CCRN4L	0.6521662234042552
CCS	0.582992438563327
CCSAP	0.4981803607214429
CCSER1	0.6139448428019856
CCSER2	0.7126033755274261
CCT2	0.8486058252427184
CCT3	0.6330069605568446
CCT4	0.8484388349514563
CCT5	0.7151351689612016
CCT6A	0.8575835913312694
CCT6B	0.8748420107719928
CCT7	0.7709249592169657
CCT8	0.8422573913043478
CCT8L2	0.3330110584518167
CCZ1	0.8139750957854406
CCZ1B	0.803745417515275
CD101	0.44154630083292506
CD109	0.6338570859872612
CD14	0.3826801007556675
CD151	0.6995264705882352
CD160	0.30984403669724775
CD163	0.40106461086637296
CD163L1	0.34534980988593156
CD164	0.47242159383033416
CD164L2	0.5202448512585812
CD177	0.2734659090909091
CD180	0.5093323802716226
CD19	0.48803116883116887
CD1A	0.21347105788423154
CD1B	0.25455263157894736
CD1C	0.21410447761194032
CD1D	0.3266198347107438
CD1E	0.2765398457583548
CD2	0.2807103448275862
CD200	0.5775830618892509
CD200R1	0.30198905109489055
CD200R1L	0.26565355805243446
CD207	0.3980406015037594
CD209	0.20571032357473035
CD22	0.4117962962962963
CD226	0.35695729537366544
CD244	0.267569558101473
CD247	0.585072131147541
CD248	0.4590516206482593
CD27	0.43216952380952384
CD274	0.5022524115755627
CD276	0.5828018292682926
CD28	0.5440654761904762
CD2AP	0.7234061810154525
CD2BP2	0.6719022298456261
CD300A	0.31795474137931035
CD300C	0.35149090909090913
CD300E	0.3207771587743733
CD300LB	0.367743661971831
CD300LD	0.34222712933753946
CD300LF	0.2938301225919439
CD300LG	0.34435767511177345
CD302	0.7039386666666666
CD320	0.25245241809672386
CD33	0.20680190476190477
CD34	0.463896138482024
CD36	0.6439881847475832
CD37	0.44313386727688786
CD38	0.31127788649706456
CD3D	0.4880506666666667
CD3E	0.5887574850299402
CD3EAP	0.31201148225469727
CD3G	0.6507240356083086
CD4	0.346840616966581
CD40	0.4440266429840142
CD44	0.5390774365821095
CD46	0.2833202846975089
CD47	0.6360436363636364
CD48	0.2179485861182519
CD5	0.44173887587822014
CD52	0.3687699115044248
CD53	0.7336666666666667
CD55	0.26238481675392666
CD58	0.06671532846715329
CD59	0.21395608108108108
CD5L	0.4171408934707904
CD6	0.39310508474576267
CD63	0.5342245430809399
CD68	0.45385235732009926
CD69	0.38558009708737867
CD7	0.17704010695187164
CD70	0.29364489795918364
CD72	0.35534307692307693
CD74	0.607141577060932
CD79A	0.5132402088772846
CD79B	0.5728736559139785
CD80	0.4168677042801557
CD81	0.4408756660746003
CD82	0.5001974248927039
CD83	0.5093761261261261
CD84	0.35239671682626533
CD86	0.37832956381260097
CD8A	0.4010746987951807
CD8B	0.3729618644067797
CD9	0.5889735576923077
CD93	0.4204631956912029
CD96	0.4573828903654485
CD97	0.42746880907372403
CDA	0.6148544776119403
CDADC1	0.7778293515358362
CDAN1	0.7016585244267198
CDC123	0.8308871391076115
CDC14A	0.6726479028697572
CDC14B	0.7007625
CDC16	0.8464625623960066
CDC20	0.7888976063829787
CDC20B	0.4731141924959217
CDC23	0.754726643598616
CDC25A	0.6986040914560769
CDC25B	0.5982698815566836
CDC25C	0.6419347116430903
CDC26	0.9123545454545454
CDC27	0.9072387096774194
CDC34	0.5114320175438596
CDC37	0.6188284734133791
CDC37L1	0.8866552795031055
CDC40	0.8247350272232304
CDC42	0.7927817258883249
CDC42BPA	0.8322888026607539
CDC42BPB	0.6992863886703383
CDC42BPG	0.5714805105208692
CDC42EP1	0.44647791164658635
CDC42EP2	0.5123099273607749
CDC42EP3	0.6819199029126214
CDC42EP4	0.5654702886247878
CDC42EP5	0.5123903225806452
CDC42SE1	0.8965000000000001
CDC42SE2	0.41676969696969696
CDC45	0.73083
CDC5L	0.8485160875160875
CDC6	0.6677566628041715
CDC7	0.6884651515151515
CDC73	0.8689431818181818
CDCA2	0.36328785158587673
CDCA3	0.6321557377049181
CDCA4	0.5362603938730853
CDCA5	0.34345261669024046
CDCA7	0.6518460365853659
CDCA7L	0.5963721518987342
CDCA8	0.75575
CDCP1	0.5597416769420468
CDCP2	0.5750340557275542
CDH1	0.5082792170408751
CDH10	0.7670688153310105
CDH11	0.7203264094955489
CDH12	0.7602055498458375
CDH13	0.6183947939262473
CDH15	0.4821953947368421
CDH16	0.5765455093429778
CDH17	0.5684108298999412
CDH18	0.7686373056994819
CDH19	0.5356306532663316
CDH2	0.7784175022789426
CDH20	0.7587199248120301
CDH22	0.6876231546231546
CDH23	0.6806731430884436
CDH24	0.5695096573208722
CDH26	0.354554705882353
CDH3	0.4648346238938053
CDH4	0.6502991689750692
CDH5	0.5316169786096256
CDH6	0.7162813816343724
CDH7	0.7265410256410256
CDH8	0.7773771760154738
CDH9	0.6944567712318286
CDHR1	0.6373220456116102
CDHR2	0.4900337732919255
CDHR3	0.564595793064241
CDHR4	0.4823629807692308
CDHR5	0.2774266747133373
CDIP1	0.6733963254593176
CDIPT	0.784046875
CDK1	0.868062893081761
CDK10	0.5631069767441861
CDK11A	0.7852637096774193
CDK11B	0.599314648729447
CDK12	0.8025848739495799
CDK13	0.8337413268411442
CDK14	0.8551096345514949
CDK15	0.6978
CDK17	0.8472365038560411
CDK18	0.6404517482517482
CDK19	0.6754117647058823
CDK2	0.8063036529680365
CDK20	0.792688622754491
CDK2AP1	0.8188653846153846
CDK2AP2	0.7638528138528138
CDK3	0.674655737704918
CDK4	0.6813924050632911
CDK5	0.8128233618233618
CDK5R1	0.7992661596958175
CDK5R2	0.7798902953586498
CDK5RAP1	0.7089231805929919
CDK5RAP2	0.5560803620405924
CDK5RAP3	0.5952538552787663
CDK6	0.8832867383512545
CDK7	0.8090888888888889
CDK8	0.9037197452229299
CDK9	0.701757071547421
CDKAL1	0.7339499241274658
CDKL1	0.717055900621118
CDKL2	0.7048751279426817
CDKL3	0.584235652173913
CDKL4	0.657313559322034
CDKN1A	0.47609210526315787
CDKN1B	0.7862369337979094
CDKN1C	0.3987753510140406
CDKN2A	0.38538576158940396
CDKN2AIP	0.5633429752066116
CDKN2AIPNL	0.7885323741007194
CDKN2B	0.5156061538461538
CDKN2C	0.7297142857142858
CDKN2D	0.6087441077441077
CDKN3	0.6633213296398892
CDNF	0.568404181184669
CDO1	0.8227906976744186
CDON	0.5974234161988773
CDPF1	0.5179771863117871
CDR2	0.651447204968944
CDR2L	0.7522007233273056
CDRT1	0.4872160401002506
CDRT15	0.20520895522388058
CDRT15L2	0.07779607250755287
CDRT4	0.28238675958188153
CDS1	0.7396315789473684
CDS2	0.7232125
CDSN	0.42871634208298054
CDT1	0.4621179713340684
CDV3	0.643934328358209
CDX1	0.599353982300885
CDX2	0.5578521594684386
CDYL	0.684286783042394
CDYL2	0.6361837270341207
CEA	0.14606185567010307
CEACAM1	0.2780343612334802
CEACAM16	0.6338633004926109
CEACAM18	0.1110163043478261
CEACAM19	0.34631648351648353
CEACAM21	0.07779448621553885
CEACAM3	0.12135112359550562
CEACAM4	0.09155133928571428
CEACAM5	0.20316467780429592
CEACAM6	0.21622846441947566
CEACAM7	0.2941787234042553
CEACAM8	0.10733279220779221
CEBPA	0.7553341013824885
CEBPB	0.8918741573033708
CEBPD	0.5492102040816327
CEBPE	0.6720124223602484
CEBPG	0.674422619047619
CEBPZ	0.6427916410571604
CECR1	0.5057800829875518
CECR2	0.6103642525865144
CECR5	0.5419930939226519
CECR6	0.6803146067415731
CEL	0.4898381601362862
CELA1	0.5583802197802198
CELA2A	0.5067547974413646
CELA2B	0.4869316770186335
CELA3A	0.5375338983050848
CELA3B	0.47794716242661445
CELF1	0.8555354838709678
CELF2	0.7717542372881355
CELF3	0.7587545008183306
CELF4	0.5652797029702971
CELF5	0.6843003194888179
CELF6	0.6814830371567044
CELSR1	0.6033879532395482
CELSR2	0.6099163037303541
CELSR3	0.6889473901382298
CEMP1	0.025087155963302753
CEND1	0.4829223602484472
CENPA	0.5269749103942653
CENPB	0.700796875
CENPBD1	0.327262180974478
CENPC	0.4232940876656473
CENPE	0.4740695345818654
CENPF	0.46464457267623205
CENPH	0.6399088937093276
CENPJ	0.537968
CENPK	0.5139367088607595
CENPL	0.6287412280701755
CENPM	0.5569083333333333
CENPN	0.5220850253807107
CENPO	0.5102721617418352
CENPP	0.49226530612244895
CENPQ	0.5344306451612902
CENPT	0.40829402390438246
CENPV	0.4832180293501048
CENPW	0.56529375
CEP104	0.5511051490514906
CEP112	0.6708936605316974
CEP120	0.7001747692307693
CEP128	0.6698252148997135
CEP135	0.7442752842609216
CEP152	0.563277615808228
CEP164	0.4865254057868737
CEP170	0.7338601262748907
CEP170B	0.5052185998627317
CEP19	0.6697874015748032
CEP192	0.5059867761057911
CEP250	0.5735356783919598
CEP290	0.7913965517241379
CEP350	0.6747622377622378
CEP41	0.5893560057887121
CEP44	0.5438614540466392
CEP55	0.7215716019417476
CEP57	0.6615519999999999
CEP57L1	0.5669038686987105
CEP63	0.6451295862607338
CEP68	0.32589118065433853
CEP70	0.6961230916030535
CEP72	0.4248174133558749
CEP76	0.8306901798063623
CEP78	0.6463130217028381
CEP85	0.7443890317052271
CEP85L	0.7134457013574661
CEP89	0.5034216049382716
CEP95	0.539633552631579
CEP97	0.5947203667321546
CEPT1	0.8555013333333333
CER1	0.4764246861924686
CERCAM	0.6019236363636363
CERK	0.5687492795389049
CERKL	0.6480192525481314
CERS1	0.6195075376884422
CERS2	0.6748279742765273
CERS3	0.6533910533910534
CERS4	0.4526372549019608
CERS5	0.5032907949790795
CERS6	0.8288597402597402
CES1	0.4964291010194625
CES2	0.44943824336688015
CES3	0.4331308165057068
CES4A	0.39081614708233414
CES5A	0.4328766283524904
CETN1	0.625865625
CETN3	0.5772139037433155
CETP	0.5599093511450381
CFB	0.6256309751434035
CFC1	0.4234640883977901
CFC1B	0.3718328611898017
CFD	0.4900851449275362
CFDP1	0.5655384615384615
CFH	0.4256815689582455
CFHR1	0.30781587837837837
CFHR2	0.30557268722466957
CFHR3	0.2995775316455696
CFHR4	0.3366864820846906
CFHR5	0.3333562030075188
CFI	0.5250757430488974
CFL1	0.606056603773585
CFL2	0.8796363636363637
CFLAR	0.4349423728813559
CFTR	0.734817649926865
CGA	0.7837260273972603
CGB	0.6026129032258064
CGB1	0.5701596091205211
CGB2	0.5325582191780822
CGB5	0.5265649350649351
CGB7	0.580215625
CGB8	0.610902027027027
CGGBP1	0.9274
CGN	0.6233468118195956
CGNL1	0.5973520814880425
CGREF1	0.30824196018376726
CGRRF1	0.6239908759124088
CH17-132F21.1	0.5141666666666667
CH25H	0.5607268817204301
CHAC1	0.6083267605633802
CHAC2	0.7890749063670411
CHAD	0.7183212560386473
CHADL	0.5138473648186174
CHAF1A	0.5206717363751584
CHAF1B	0.5978069977426637
CHAMP1	0.5386576187538556
CHAT	0.6178407310704961
CHCHD1	0.6304714285714286
CHCHD10	0.6437347670250896
CHCHD2	0.702730627306273
CHCHD3	0.5366024590163935
CHCHD4	0.40529
CHCHD5	0.7187446808510638
CHCHD6	0.551490099009901
CHCHD7	0.5394928229665072
CHD1	0.8438001983143282
CHD1L	0.689212962962963
CHD2	0.7888648888888888
CHD3	0.6845521433141394
CHD4	0.8182081145584725
CHD5	0.679814044723421
CHD6	0.6657940509200907
CHD7	0.7777323943661971
CHD8	0.781802108678021
CHD9	0.81866304028227
CHDH	0.664686318131257
CHEK1	0.7568254397834911
CHEK2	0.578090909090909
CHERP	0.737047068538398
CHFR	0.5490377541142304
CHGA	0.4599387254901961
CHGB	0.4530721077654517
CHI3L1	0.5717721518987341
CHI3L2	0.5178454882571075
CHIA	0.4587839285714285
CHIC2	0.9214509803921569
CHID1	0.5478145336225596
CHIT1	0.5015568544102019
CHKA	0.6830904325032765
CHKB	0.5398576923076923
CHKB-CPT1B	0.6463555555555556
CHL1	0.6318270161290322
CHML	0.6150494458653026
CHMP1A	0.4934470588235294
CHMP1B	0.8082692307692307
CHMP2A	0.7139
CHMP2B	0.8917012195121952
CHMP3	0.8246857142857144
CHMP4A	0.58365625
CHMP4B	0.8252466960352423
CHMP4C	0.7166257142857142
CHMP5	0.8911019417475728
CHMP6	0.5644111405835543
CHMP7	0.6568296874999999
CHN1	0.6610596330275229
CHN2	0.6257250712250713
CHODL	0.7216874999999999
CHORDC1	0.6288759124087592
CHP1	0.7799166666666667
CHP2	0.5851184210526316
CHPF	0.6778784810126581
CHPF2	0.7324057835820895
CHPT1	0.7486178107606679
CHRAC1	0.5856523605150215
CHRD	0.6631601286173633
CHRDL2	0.647753164556962
CHRFAM7A	0.7269313868613139
CHRM1	0.5942235142118862
CHRM2	0.7718507462686567
CHRM3	0.6463608360836084
CHRM4	0.6913825816485226
CHRM5	0.51038
CHRNA1	0.6909947183098591
CHRNA10	0.5978033205619412
CHRNA2	0.5635126582278481
CHRNA3	0.660782729805014
CHRNA4	0.5481748971193415
CHRNA5	0.64060875
CHRNA6	0.5937941834451901
CHRNA7	0.6846557734204793
CHRNA9	0.6943127889060092
CHRNB1	0.5916963292547274
CHRNB2	0.5930169934640523
CHRNB3	0.5610196292257361
CHRNB4	0.5301879271070615
CHRND	0.6345777777777778
CHRNE	0.6013982202447163
CHRNG	0.6194373549883991
CHST1	0.7504945770065076
CHST10	0.6458910369068541
CHST11	0.7394250871080139
CHST12	0.6043268292682927
CHST13	0.6121176470588235
CHST14	0.7211252204585538
CHST15	0.6425883476599809
CHST2	0.6295897435897436
CHST3	0.6336610878661088
CHST4	0.5128802308802308
CHST5	0.5353084702907711
CHST6	0.6220415430267062
CHST8	0.4455583038869258
CHST9	0.6089088471849866
CHSY1	0.7190477081384472
CHSY3	0.7070341499628805
CHTF18	0.44319510898458264
CHTF8	0.6293448529411765
CHTOP	0.8043888888888889
CHUK	0.8357673202614379
CHURC1	0.478718487394958
CIAO1	0.7682424242424242
CIAPIN1	0.688503717472119
CIB1	0.691183266932271
CIB2	0.6354488888888888
CIB3	0.7324222222222222
CIB4	0.7410177935943061
CIC	0.6596542372881357
CIDEA	0.6100888888888889
CIDEB	0.6909083969465648
CIDEC	0.5992686230248307
CIITA	0.5566370689655172
CILP	0.6755523373983741
CILP2	0.5408974008207935
CINP	0.5431547911547912
CIR1	0.5564383116883117
CIRBP	0.6603988919667589
CIRH1A	0.7466801075268816
CISD1	0.7883133333333333
CISD2	0.5815317073170732
CISD3	0.5926518218623481
CISH	0.6327802874743326
CIT	0.8038759417378202
CITED2	0.7770282258064516
CITED4	0.6105732984293194
CIZ1	0.5217241169305725
CKAP2	0.4643905645784996
CKAP2L	0.40915711526078563
CKAP4	0.5973435776201733
CKAP5	0.831005657708628
CKB	0.7404953271028037
CKLF	0.5118753709198813
CKLF-CMTM1	0.3098616352201258
CKM	0.7586010928961749
CKMT1A	0.6861326053042122
CKMT1B	0.7052238325281803
CKMT2	0.7031556195965418
CKS1B	0.8734562211981567
CKS2	0.8347608695652174
CLASP1	0.8018523961661341
CLASP2	0.7732373949579832
CLASRP	0.6901666666666666
CLC	0.18573076923076923
CLCA1	0.5952279735682819
CLCA2	0.5504060887512899
CLCA4	0.5276085959885387
CLCC1	0.4905639246778989
CLCF1	0.7648279569892473
CLCN1	0.6256531130876747
CLCN2	0.692762012012012
CLCN3	0.8047767756482526
CLCN6	0.7571449559255631
CLCN7	0.6222874806800618
CLCNKA	0.5611886524822695
CLCNKB	0.5369858965748825
CLDN1	0.7168063583815029
CLDN10	0.8220310880829015
CLDN11	0.633014164305949
CLDN12	0.7638154506437768
CLDN14	0.6250675324675325
CLDN15	0.5612613390928726
CLDN16	0.5983636363636363
CLDN17	0.38426398210290824
CLDN18	0.714380198019802
CLDN19	0.6320230769230769
CLDN20	0.5648796068796069
CLDN22	0.49632603406326037
CLDN23	0.5405716723549487
CLDN24	0.53190625
CLDN25	0.44981506849315067
CLDN3	0.5972736842105263
CLDN4	0.614
CLDN5	0.5049917012448133
CLDN6	0.5430551558752997
CLDN7	0.621596551724138
CLDN8	0.4618844537815126
CLDN9	0.5363120393120393
CLDND1	0.7231372549019608
CLDND2	0.47305172413793106
CLEC10A	0.3323918918918919
CLEC11A	0.6366132879045997
CLEC12A	0.3615490981963928
CLEC12B	0.5649665071770335
CLEC14A	0.43495726495726494
CLEC16A	0.7022275280898876
CLEC17A	0.4376427640156454
CLEC18A	0.6268416666666667
CLEC18B	0.6261803977272727
CLEC18C	0.6174470588235293
CLEC19A	0.6029806201550387
CLEC1A	0.5108613251155624
CLEC1B	0.48332679738562095
CLEC2A	0.20424477611940298
CLEC2B	0.2416186046511628
CLEC2D	0.1458519362186788
CLEC2L	0.7084663461538461
CLEC3A	0.7149163987138264
CLEC3B	0.6339161073825503
CLEC4A	0.35761135371179037
CLEC4C	0.2052375
CLEC4D	0.39278042959427206
CLEC4E	0.45226185567010313
CLEC4F	0.2685716894977169
CLEC4G	0.38235419847328245
CLEC4M	0.18726684280052838
CLEC5A	0.45737443946188344
CLEC6A	0.43130222222222225
CLEC7A	0.3669697841726619
CLEC9A	0.4220308370044053
CLECL1	0.1647620481927711
CLGN	0.7179135802469135
CLHC1	0.6411850431447746
CLIC1	0.7046516853932584
CLIC3	0.5431238738738738
CLIC4	0.8234778156996587
CLIC5	0.4586661045531197
CLIC6	0.3455184842883549
CLINT1	0.7912378716744914
CLIP1	0.7150108695652174
CLIP2	0.7089096296296297
CLIP3	0.7368064516129031
CLIP4	0.6452744014732965
CLK1	0.647662398137369
CLK2	0.8052262156448203
CLK3	0.6246538461538461
CLK4	0.827335260115607
CLLU1	0.027638009049773753
CLLU1OS	0.046335714285714286
CLMN	0.4555685218432077
CLMP	0.7469223300970874
CLN3	0.6025567901234568
CLN5	0.5813078324225864
CLN6	0.4810038684719536
CLN8	0.5490611854684512
CLNK	0.43573188405797103
CLNS1A	0.7378936781609194
CLOCK	0.8074503067484663
CLP1	0.7429637023593466
CLPB	0.5889442970822282
CLPP	0.5264874651810585
CLPS	0.5278226600985222
CLPSL1	0.06513095238095239
CLPSL2	0.2986215139442231
CLPTM1	0.5973766081871346
CLPTM1L	0.7679800796812749
CLPX	0.8901442463533226
CLRN1	0.6473409742120344
CLRN2	0.739140306122449
CLRN3	0.4272937365010799
CLSPN	0.6105855546001719
CLSTN1	0.7113255977496484
CLSTN2	0.6986414584740042
CLSTN3	0.7116011904761904
CLTA	0.5193294117647059
CLTB	0.5816101190476191
CLTC	0.8562962962962962
CLTCL1	0.8160518108651911
CLU	0.569065685164213
CLUAP1	0.7370731292517007
CLUH	0.7166559726962458
CLUL1	0.4899628942486085
CLVS1	0.7480349854227406
CLVS2	0.858328990228013
CLYBL	0.568765037593985
CMA1	0.4818068669527897
CMAS	0.8008960573476702
CMBL	0.6715528634361233
CMC1	0.6565645161290322
CMC2	0.2904183266932271
CMIP	0.8031355371900827
CMKLR1	0.560177449168207
CMPK1	0.7215726141078839
CMPK2	0.46096020408163263
CMSS1	0.7105113636363637
CMTM1	0.29088363636363634
CMTM2	0.3459654377880184
CMTM3	0.5547952522255193
CMTM4	0.6403157894736842
CMTM5	0.6082935323383084
CMTM6	0.4488105263157895
CMTM7	0.6158256880733946
CMTM8	0.7389734513274336
CMTR1	0.791196410767697
CMTR2	0.6801009463722398
CMYA5	0.3594646140986347
CNBD1	0.44533333333333336
CNBD2	0.5326327212020033
CNBP	0.9100113636363637
CNDP1	0.5783649052841476
CNDP2	0.5733655323819978
CNEP1R1	0.724
CNFN	0.7943093525179856
CNGA1	0.6092732327243845
CNGA3	0.5750546647230321
CNGA4	0.5214717813051147
CNGB1	0.48876022877254727
CNGB3	0.5395852660300137
CNIH1	0.7684174757281554
CNIH2	0.773766129032258
CNIH3	0.8224157894736841
CNIH4	0.8202857142857143
CNKSR1	0.5194876160990712
CNKSR3	0.7161788715486195
CNN1	0.5588386243386243
CNN2	0.534033264033264
CNN3	0.8110523255813954
CNNM1	0.6829140939597316
CNNM2	0.7769002557544756
CNNM3	0.45159134615384616
CNNM4	0.6209498787388844
CNOT1	0.8286712328767123
CNOT10	0.7477949200376293
CNOT11	0.7561129032258065
CNOT2	0.8140772727272728
CNOT3	0.6058829311885612
CNOT4	0.8649918699186993
CNOT6	0.8853870056497176
CNOT6L	0.7216218274111675
CNOT7	0.6518758620689655
CNOT8	0.797190332326284
CNP	0.6863617945007237
CNPPD1	0.642949074074074
CNPY1	0.6710206896551725
CNPY2	0.498
CNPY3	0.6360428954423593
CNPY4	0.6485671641791044
CNR1	0.7558418708240534
CNR2	0.5632854961832061
CNRIP1	0.5785321888412017
CNST	0.5287921071176885
CNTD1	0.6300166389351082
CNTD2	0.502413680781759
CNTF	0.5647537313432835
CNTFR	0.7289601769911505
CNTLN	0.6558475314617619
CNTN1	0.7668818944844126
CNTN2	0.6608783783783784
CNTN3	0.6624560757496054
CNTN4	0.7185564826700899
CNTN5	0.7577409033877038
CNTN6	0.63501614481409
CNTNAP1	0.7209782324771441
CNTNAP2	0.7137901655306719
CNTNAP3	0.5706246617703904
CNTNAP3B	0.5675633748055987
CNTNAP4	0.6623595890410958
CNTNAP5	0.7035630975143403
CNTRL	0.6918355196770939
CNTROB	0.5985013206550449
COA1	0.376156010230179
COA3	0.6246735751295337
COA4	0.6454050632911392
COA5	0.5986190476190476
COA6	0.33098418972332017
COASY	0.6346959526159921
COBL	0.43914645103324346
COBLL1	0.4722017316017316
COCH	0.701702850877193
COG1	0.5825884127942065
COG2	0.6976739312657168
COG3	0.8189714964370546
COG4	0.7846144430844553
COG5	0.7771558044806518
COG6	0.7055728813559322
COG7	0.6850083892617449
COG8	0.6191168831168832
COIL	0.4464704779756326
COL10A1	0.6450411067193675
COL11A1	0.8175094017094017
COL11A2	0.6627514775413712
COL12A1	0.7751245652173913
COL13A1	0.7851471193415638
COL14A1	0.7285441906653425
COL15A1	0.5697812154696132
COL16A1	0.6588756234413964
COL17A1	0.6355226686325102
COL18A1	0.42510780187763025
COL19A1	0.7156572343833422
COL1A1	0.7306929347826087
COL1A2	0.7273893048128343
COL20A1	0.37437280058651023
COL21A1	0.7617127297481279
COL22A1	0.6783189326556543
COL23A1	0.5749688289806234
COL24A1	0.6321385099685205
COL25A1	0.7227478260869565
COL26A1	0.6674491634491634
COL27A1	0.6395980533525595
COL28A1	0.5996276595744681
COL2A1	0.6777605371130175
COL3A1	0.636640734949179
COL4A1	0.6474458333333333
COL4A2	0.5167965649985193
COL4A3	0.551935368043088
COL4A3BP	0.734058064516129
COL4A4	0.6078478382930937
COL5A1	0.6889657258064517
COL5A2	0.8008024911032028
COL5A3	0.5795094078583288
COL6A1	0.5885822851153041
COL6A2	0.6475604155276107
COL6A3	0.5623590800951626
COL6A5	0.4735563777994158
COL6A6	0.5377062207072859
COL7A1	0.5598484001242622
COL8A1	0.6426310160427807
COL8A2	0.5880295230885693
COL9A1	0.7605322368421052
COL9A2	0.7104805575935437
COL9A3	0.4962878892733564
COLCA1	0.014022900763358779
COLCA2	0.42179423868312754
COLEC10	0.7329726651480637
COLEC11	0.5806079664570231
COLEC12	0.7393560747663551
COLGALT1	0.6195695187165776
COLGALT2	0.694577479338843
COLQ	0.6633409363745498
COMMD1	0.542522891566265
COMMD10	0.7327628458498024
COMMD2	0.6642179836512262
COMMD3	0.8644837209302326
COMMD3-BMI1	0.8919523809523809
COMMD4	0.6733691756272402
COMMD5	0.4601300366300366
COMMD6	0.517787356321839
COMMD7	0.715374193548387
COMMD8	0.7444343065693431
COMMD9	0.6745085910652922
COMP	0.6183733133433283
COMT	0.39985620915032677
COMTD1	0.715381308411215
COPA	0.8322331482950039
COPB1	0.8973585926928281
COPB2	0.827140081799591
COPE	0.6917016317016317
COPG1	0.7609592476489028
COPG2	0.8561052631578947
COPRS	0.39648545861297535
COPS2	0.7709018404907976
COPS3	0.706454802259887
COPS4	0.5895478927203065
COPS5	0.7007060606060607
COPS6	0.8319034267912773
COPS7A	0.7430378378378378
COPS7B	0.5792124463519314
COPS8	0.688716814159292
COPZ1	0.7517557003257329
COPZ2	0.6839879518072288
COQ10A	0.6145061728395061
COQ10B	0.6639531680440771
COQ2	0.5805966666666666
COQ3	0.5823690685413005
COQ4	0.6339836734693878
COQ5	0.5488339160839161
COQ6	0.7117334337349398
COQ7	0.6340307262569832
COQ9	0.6513446088794926
CORIN	0.6438581314878893
CORO1A	0.5931814768460576
CORO1B	0.5550022988505747
CORO1C	0.7371777408637874
CORO2A	0.6165973741794312
CORO2B	0.7477948717948718
CORO6	0.7750269413629159
CORO7	0.2513611111111111
CORO7-PAM16	0.6362449109414758
CORT	0.17040490797546012
COTL1	0.7968111888111888
COX10	0.5981769547325102
COX11	0.5776109785202864
COX14	0.7267878787878788
COX15	0.6652737341772151
COX16	0.814258064516129
COX17	0.45236752136752134
COX18	0.6417073643410852
COX19	0.7876556291390728
COX20	0.6345586592178771
COX4I1	0.5571863905325444
COX4I2	0.6248543689320388
COX5A	0.6833403361344538
COX5B	0.6459825327510917
COX6A1	0.6576095238095239
COX6A1P2	0.5979326424870466
COX6A2	0.5734636363636364
COX6B1	0.6462631578947369
COX6B2	0.5824342105263158
COX6C	0.629
COX7A1	0.6411272727272728
COX7A2	0.43107650273224046
COX7A2L	0.5003646616541354
COX7B2	0.41652976190476193
COX7C	0.7597570093457944
COX8A	0.6441812080536913
COX8C	0.10227586206896552
CP	0.5879414610546686
CPA1	0.5622477064220184
CPA2	0.5245840490797546
CPA3	0.6199235751295337
CPA4	0.5761732851985559
CPA5	0.5936666666666667
CPA6	0.7474392220421394
CPAMD8	0.6668810126582279
CPB1	0.6202277372262773
CPB2	0.5836793692509855
CPD	0.7335617408906883
CPE	0.7171541038525964
CPEB1	0.537699494949495
CPEB2	0.7329404432132964
CPEB3	0.8526905263157896
CPEB4	0.8618916827852998
CPED1	0.5847581073896864
CPLX1	0.6930878048780488
CPLX2	0.7402089552238806
CPLX3	0.8170054945054944
CPLX4	0.7444803921568627
CPM	0.6513461538461539
CPN1	0.6374214876033057
CPN2	0.3976614420062696
CPNE1	0.613952101661779
CPNE2	0.6940013605442177
CPNE3	0.7501906158357772
CPNE4	0.8144771341463415
CPNE5	0.695903892944039
CPNE6	0.6507970204841713
CPNE7	0.5528672654690618
CPNE8	0.7869134199134199
CPNE9	0.7033583021223471
CPO	0.5650028735632184
CPOX	0.5800862619808307
CPPED1	0.63059375
CPQ	0.7310447368421054
CPS1	0.7983320994182972
CPSF1	0.7106329046087888
CPSF2	0.8045776986951364
CPSF3	0.7865903755868544
CPSF3L	0.6073191489361702
CPSF4	0.534217877094972
CPSF4L	0.5428448753462604
CPSF6	0.8321610576923076
CPSF7	0.7970516129032258
CPT1A	0.6797395672333848
CPT1B	0.6360791635548917
CPT1C	0.5458042959427207
CPT2	0.6868765996343693
CPVL	0.6448832923832923
CPXM1	0.5245342565597667
CPXM2	0.6458916666666668
CPZ	0.6082392586352149
CR1	0.3751789788666542
CR1L	0.33905194805194805
CR2	0.43955792933442894
CR769776.1	0.01411111111111111
CRABP1	0.801474074074074
CRABP2	0.6777359307359306
CRADD	0.6195021929824561
CRAMP1L	0.607212285012285
CRAT	0.6345174180327868
CRB1	0.5651044722719142
CRB2	0.4743561030235162
CRB3	0.5521226053639847
CRBN	0.8043315018315018
CRCP	0.1549263157894737
CRCT1	0.46620689655172415
CREB1	0.8134085603112841
CREB3	0.4879375
CREB3L1	0.6872844950213371
CREB3L2	0.5672159672466734
CREB3L3	0.4878441215323646
CREB3L4	0.5560904033379694
CREB5	0.8020125523012552
CREBBP	0.7716721368715084
CREBL2	0.846781512605042
CREBRF	0.823551673944687
CREBZF	0.6235674342105263
CREG1	0.5949142857142857
CREG2	0.641517382413088
CRELD1	0.602336676217765
CRELD2	0.4759930651872399
CREM	0.7669221789883268
CRH	0.6180158227848102
CRHBP	0.6914027538726334
CRHR1	0.7025197132616487
CRHR2	0.5833288508557457
CRIM1	0.7744284532671629
CRIP1	0.71803125
CRIP2	0.48307400379506643
CRIP3	0.6831186440677967
CRIPAK	0.08601591511936339
CRIPT	0.8975227272727273
CRISP1	0.4105916114790287
CRISP2	0.5769396378269617
CRISP3	0.42433649289099523
CRISPLD1	0.8235615514333896
CRISPLD2	0.6057010550996483
CRK	0.8217248322147651
CRKL	0.7951116883116883
CRLF1	0.7092708719851577
CRLF3	0.676205501618123
CRLS1	0.5526131386861314
CRMP1	0.7373
CRNKL1	0.7038832432432433
CRNN	0.2847858585858586
CROCC	0.6228795351473922
CROT	0.6563221797323137
CRP	0.42128900255754476
CRTAC1	0.6919989304812835
CRTAM	0.4639603365384615
CRTAP	0.6976394422310757
CRTC1	0.6716215316315205
CRTC2	0.7636800748362956
CRTC3	0.6958057620817844
CRX	0.6605564681724846
CRY1	0.8011205766710354
CRY2	0.6575651260504202
CRYAA	0.5571979865771811
CRYAB	0.5314483695652175
CRYBA1	0.8636052631578947
CRYBA2	0.7892438016528925
CRYBA4	0.7564364261168385
CRYBB1	0.6025989974937344
CRYBB2	0.8010616113744076
CRYBB3	0.6685900621118013
CRYBG3	0.44346886446886447
CRYGA	0.543328173374613
CRYGB	0.5447950819672132
CRYGC	0.5401285714285714
CRYGD	0.5182729885057471
CRYGN	0.5476528301886792
CRYGS	0.7100642570281125
CRYL1	0.6347461669505963
CRYM	0.7087120622568094
CRYZ	0.7054396887159533
CRYZL1	0.6336050295857988
CS	0.860115294117647
CSAD	0.6351030818278427
CSDC2	0.5822234432234432
CSDE1	0.9253769230769231
CSE1L	0.8451802388707925
CSF1	0.5161466666666666
CSF1R	0.5624724770642202
CSF2	0.3625616438356164
CSF2RB	0.3904688524590164
CSF3	0.4989903147699758
CSF3R	0.5059003359462486
CSGALNACT1	0.6588176020408164
CSGALNACT2	0.8150877192982456
CSH1	0.6029196428571428
CSH2	0.6877881773399015
CSHL1	0.5905645933014354
CSK	0.7350759753593429
CSMD1	0.7070479012345678
CSMD2	0.7097337703531402
CSMD3	0.8248250175685172
CSN1S1	0.2918095238095238
CSN2	0.22634256926952143
CSN3	0.2321832669322709
CSNK1A1	0.6274511627906976
CSNK1A1L	0.873089552238806
CSNK1D	0.715
CSNK1E	0.6268614232209737
CSNK1G1	0.8645542857142857
CSNK1G2	0.6464052388289676
CSNK1G3	0.8522248243559718
CSNK2A1	0.7052307692307692
CSNK2A2	0.8710251046025105
CSNK2A3	0.920976127320955
CSNK2B	0.8560942408376964
CSNK2B-LY6G5B-1181	0.4395794871794872
CSPG4	0.5491829164900381
CSPG5	0.6274169934640522
CSPP1	0.6648321167883211
CSRNP1	0.515507299270073
CSRNP2	0.6724064864864865
CSRNP3	0.7751234782608695
CSRP1	0.6264565916398714
CSRP2	0.6131918604651162
CSRP2BP	0.724568608094768
CSRP3	0.7903291666666666
CST1	0.17538628158844766
CST11	0.3417817589576547
CST2	0.17247619047619048
CST3	0.4724736842105263
CST4	0.2538964285714285
CST5	0.1357175572519084
CST6	0.5088386075949367
CST7	0.437656462585034
CST8	0.4027785467128028
CST9	0.16032663316582915
CST9L	0.17898989898989898
CSTA	0.47849099099099096
CSTB	0.5351398305084746
CSTF1	0.762222024866785
CSTF2T	0.6664642857142856
CSTF3	0.7101433224755701
CSTL1	0.5185969696969697
CT62	0.029924107142857145
CTA-299D3.8	0.07970909090909091
CTAGE1	0.5226884185773074
CTAGE15	0.6883824228028504
CTAGE4	0.6282011594202899
CTAGE5	0.6285315315315315
CTAGE6	0.7037438659485338
CTAGE8	0.6701954545454546
CTAGE9	0.6971927853341218
CTB-102L5.4	0.21906735751295336
CTB-129P6.11	0.062184210526315786
CTB-133G6.1	0.4687482014388489
CTB-134H23.2	0.20893568281938327
CTB-167G5.5	0.4044833948339483
CTB-186H2.3	0.2566115702479339
CTB-50L17.14	0.46510526315789474
CTB-54O9.9	0.8036
CTB-58E17.5	0.1291889534883721
CTB-60B18.6	0.002
CTB-78H18.1	0.18709621993127148
CTBP1	0.528674213836478
CTBP2	0.5422525617842073
CTBS	0.620771986970684
CTC-236F12.4	0.041922480620155037
CTC-241N9.1	0.10700369003690037
CTC-273B12.7	0.73428125
CTC-326K19.6	0.15109859154929578
CTC-349C3.1	0.288643216080402
CTC-360G5.1	0.399562358276644
CTC-360G5.8	0.7003188405797102
CTC-398G3.6	0.836559748427673
CTC-429P9.4	0.7633720930232559
CTC-432M15.3	0.8346987951807229
CTC-435M10.3	0.6922057416267943
CTC-454I21.3	0.28756181818181814
CTC-479C5.12	0.49349166666666666
CTC-487M23.8	0.6813170731707318
CTC-490E21.12	0.42060416666666667
CTC-512J12.6	0.05284615384615385
CTC-534A2.2	0.6286557788944724
CTC-554D6.1	0.4456176470588235
CTC-786C10.1	0.4566933333333333
CTC1	0.5492407114624506
CTCF	0.8583479052823315
CTCFL	0.30715395189003436
CTD-2006C1.10	0.3798142857142857
CTD-2014B16.3	0.0062362204724409455
CTD-2021H9.3	0.11511111111111112
CTD-2049J23.3	0.030646153846153847
CTD-2054N24.2	0.030138461538461538
CTD-2105E13.6	0.09589962121212121
CTD-2116N17.1	0.7380521327014219
CTD-2117L12.1	0.031144736842105263
CTD-2132N18.3	0.7786944444444445
CTD-2144E22.5	0.39577492877492876
CTD-2162K18.4	0.16267755102040818
CTD-2192J16.20	0.39500913242009134
CTD-2192J16.22	0.5406526610644258
CTD-2192J16.24	0.8059508196721311
CTD-2203A3.1	0.2114297520661157
CTD-2207O23.12	0.22336956521739132
CTD-2207O23.3	0.570331572769953
CTD-2210P24.4	0.1266893203883495
CTD-2215E18.1	0.3699368421052631
CTD-2228K2.5	0.006208695652173913
CTD-2260A17.2	0.013833333333333333
CTD-2267D19.3	0.22132258064516128
CTD-2287O16.3	0.6846428571428571
CTD-2330K9.3	0.15699145299145298
CTD-2349B8.1	0.0005
CTD-2368P22.1	0.07189382239382239
CTD-2369P2.12	0.7586382978723404
CTD-2370N5.3	0.5826870229007634
CTD-2410N18.5	0.9752727272727273
CTD-2510F5.6	0.8603013698630136
CTD-2521M24.10	0.8211481481481481
CTD-2528L19.4	0.3500061728395062
CTD-2535L24.2	0.9033043478260869
CTD-2545G14.7	0.8821111111111111
CTD-2545M3.6	0.5919024390243902
CTD-2547L24.3	0.01754255319148936
CTD-2561J22.3	0.2807466666666667
CTD-2583A14.10	0.32250322580645163
CTD-2583A14.9	0.1288372093023256
CTD-2587H24.4	0.49052258064516135
CTD-2600O9.1	0.17887390029325514
CTD-2616J11.11	0.3805076923076923
CTD-2616J11.4	0.340935393258427
CTD-3074O7.11	0.7307482100238663
CTD-3088G3.8	0.4101791702188122
CTD-3105H18.14	0.38298373983739836
CTD-3105H18.16	0.0005
CTD-3105H18.18	0.31174157303370786
CTD-3148I10.1	0.3235803278688525
CTD-3193O13.9	0.23749963316214232
CTD-3203P2.2	0.024076923076923076
CTD-3214H19.16	0.665062015503876
CTD-3214H19.4	0.597215909090909
CTD-3222D19.2	0.496
CTDNEP1	0.9228846153846153
CTDP1	0.6026653895274585
CTDSP1	0.49918749999999995
CTDSP2	0.7182471910112359
CTDSPL	0.633378698224852
CTDSPL2	0.8610598958333333
CTF1	0.6059706601466993
CTGF	0.6716883116883118
CTH	0.7237306547619047
CTHRC1	0.5766666666666667
CTIF	0.702609649122807
CTLA4	0.6573682795698924
CTNNA1	0.7212638190954773
CTNNA2	0.7169139693356048
CTNNA3	0.7667537313432836
CTNNAL1	0.7687417289220918
CTNNB1	0.8307291414752116
CTNNBIP1	0.8506515151515152
CTNNBL1	0.7440921739130435
CTNND1	0.7654070201643016
CTNND2	0.8157147117296223
CTNS	0.5591486146095718
CTPS1	0.7608738938053098
CTR9	0.8109320882852292
CTRB1	0.4648588007736944
CTRB2	0.5107895878524945
CTRC	0.5692253829321664
CTRL	0.5304703389830508
CTSA	0.6355725388601036
CTSB	0.6074
CTSC	0.6057594278283485
CTSD	0.5445076142131979
CTSE	0.5706903225806452
CTSF	0.5820865603644647
CTSG	0.4289638009049774
CTSH	0.6131881188118812
CTSK	0.5309927641099855
CTSL	0.5789468267581476
CTSO	0.5342841328413284
CTSS	0.4692120786516854
CTSV	0.5840586011342155
CTSW	0.47005109489051095
CTSZ	0.5896143410852713
CTTN	0.569506976744186
CTTNBP2	0.7090946386946387
CTTNBP2NL	0.5892233009708737
CTU1	0.7092411347517731
CTU2	0.4661374358974359
CTXN1	0.711919191919192
CTXN2	0.8285679012345679
CTXN3	0.6833787878787879
CUBN	0.6038459350202126
CUEDC1	0.6349503816793893
CUEDC2	0.758243119266055
CUL1	0.8184105392156863
CUL2	0.8459189765458422
CUL3	0.7854219030520647
CUL4A	0.7553769771528999
CUL5	0.88175
CUL7	0.5728566050650239
CUL9	0.6480477673935618
CUTA	0.5942957746478873
CUTC	0.8073519163763067
CUX1	0.6800773399014779
CUX2	0.5820191142191142
CUZD1	0.42764114114114116
CWC15	0.8836835443037975
CWC22	0.7576486486486486
CWC25	0.6757831149927219
CWC27	0.6537069243156199
CWF19L1	0.7939277777777778
CWF19L2	0.6218521803399852
CWH43	0.6740455974842767
CX3CL1	0.3592824010914052
CX3CR1	0.39438691322901853
CXADR	0.678658841940532
CXCL1	0.40838034188034184
CXCL10	0.463846511627907
CXCL11	0.4895
CXCL12	0.4227911392405063
CXCL13	0.36767195767195765
CXCL14	0.8257946428571429
CXCL16	0.20171544715447157
CXCL17	0.5916701030927835
CXCL2	0.3588262711864407
CXCL3	0.38465065502183404
CXCL5	0.3588143459915612
CXCL6	0.4159217391304348
CXCL9	0.44299227799227797
CXCR1	0.49084349258649096
CXCR2	0.4709491525423729
CXCR4	0.6840411255411255
CXCR5	0.5910520833333334
CXCR6	0.4109641185647426
CXXC1	0.7844712362301102
CXXC11	0.17784857142857144
CXXC4	0.6870674603174602
CXXC5	0.44879285714285716
CYB561	0.44455932203389836
CYB561A3	0.5530020366598778
CYB561D1	0.6204542772861357
CYB561D2	0.7801208791208791
CYB5A	0.6062166666666666
CYB5B	0.5925282258064516
CYB5D1	0.6157444168734492
CYB5D2	0.5450332717190388
CYB5R1	0.6754652087475149
CYB5R2	0.579432337434095
CYB5R3	0.6437580993520519
CYB5R4	0.7557473262032085
CYB5RL	0.6013679833679834
CYBA	0.44067399999999995
CYBRD1	0.6036654064272212
CYC1	0.67285
CYCS	0.834524193548387
CYFIP1	0.7248395522388059
CYFIP2	0.7504134536505332
CYGB	0.6702417302798982
CYHR1	0.634817679558011
CYLC2	0.29574113475177305
CYLD	0.7622150943396226
CYP11A1	0.5794602040816327
CYP11B1	0.4295025075225677
CYP11B2	0.48870422535211266
CYP17A1	0.5733062302006336
CYP19A1	0.6900079635949943
CYP1A1	0.5901218161683278
CYP1A2	0.578679365079365
CYP1B1	0.5356390827517448
CYP20A1	0.8184090909090909
CYP21A2	0.5096324535679375
CYP24A1	0.6469929078014184
CYP26A1	0.7641850079744816
CYP26B1	0.7612640901771337
CYP26C1	0.6262430232558139
CYP27A1	0.4978339768339768
CYP27B1	0.5607626943005181
CYP27C1	0.7260096308186196
CYP2A13	0.415520618556701
CYP2A6	0.4194697435897436
CYP2A7	0.4284370522006142
CYP2B6	0.3967145855194124
CYP2C18	0.4322062062062062
CYP2C19	0.43038569989929504
CYP2C8	0.409348623853211
CYP2C9	0.4669293642785065
CYP2D6	0.4262371020856202
CYP2D7P1	0.47045579793340986
CYP2E1	0.4765201535508637
CYP2F1	0.41610395010395007
CYP2J2	0.48441109969167523
CYP2R1	0.7680023148148147
CYP2S1	0.44319505494505496
CYP2U1	0.5899137380191694
CYP2W1	0.3987329598506069
CYP39A1	0.5720054945054944
CYP3A4	0.49460000000000004
CYP3A43	0.45312868852459015
CYP3A5	0.46106576402321087
CYP3A7	0.49687411883182275
CYP46A1	0.7314076086956521
CYP4A11	0.48443130990415334
CYP4A22	0.4992884043607532
CYP4B1	0.5332788177339902
CYP4F11	0.5188018575851393
CYP4F12	0.5212550200803212
CYP4F2	0.5334296296296296
CYP4F22	0.6312284866468842
CYP4F3	0.5565602294455068
CYP4F31P	0.2813873015873016
CYP4V2	0.6080249187432286
CYP4X1	0.5069663418954827
CYP4Z1	0.4679122641509434
CYP51A1	0.73825952045134
CYP7A1	0.7118645235361654
CYP7B1	0.5608674033149171
CYP8B1	0.5265039920159681
CYR61	0.7490711538461539
CYS1	0.3395263157894737
CYSLTR2	0.4603140625
CYSTM1	0.8097071428571428
CYTH1	0.6848458498023715
CYTH2	0.6754209302325581
CYTH3	0.7026979865771812
CYTH4	0.624692417739628
CYTIP	0.661262023217247
CYTL1	0.5642743682310469
CYYR1	0.6774845360824742
D2HGDH	0.41514230471771074
DAAM1	0.7721657986111111
DAAM2	0.743339705882353
DAB1	0.8149878934624697
DAB2	0.6893218283582089
DAB2IP	0.7065577689243028
DACH1	0.7140397923875432
DACT1	0.5513119946091645
DACT2	0.38458552164655785
DACT3	0.4997007168458781
DAD1	0.8575999999999999
DAG1	0.6715990722332671
DAGLA	0.7315403087478559
DAGLB	0.6325853858784893
DAK	0.6163546234509056
DALRD3	0.4937814569536424
DAND5	0.29715231788079466
DAO	0.6612656514382402
DAOA	0.1464733096085409
DAP	0.42826621160409556
DAP3	0.6166433734939759
DAPK1	0.7563096234309624
DAPK2	0.6392554744525548
DAPK3	0.7132775862068966
DAPL1	0.4303102564102564
DAPP1	0.7044333333333334
DARC	0.3911259150805271
DARS	0.8757950138504155
DARS2	0.6767732558139534
DAW1	0.6653390052356021
DAXX	0.5843482658959537
DAZAP1	0.7442753623188406
DAZAP2	0.8067566371681416
DAZL	0.6601592039800995
DBF4	0.5768098214285715
DBF4B	0.46001394169835236
DBH	0.5791543689320389
DBI	0.49207434944237916
DBN1	0.5453780202650039
DBNDD1	0.3517325174825175
DBNDD2	0.5440811287477954
DBNL	0.5599352850539292
DBP	0.655969090909091
DBR1	0.7251222929936306
DBT	0.7394757433489827
DBX1	0.6920080160320642
DBX2	0.575940226171244
DCAF10	0.6162304283604135
DCAF11	0.8177219917012448
DCAF12	0.8112342105263158
DCAF13	0.6838667687595712
DCAF15	0.6221463119709795
DCAF16	0.8310696055684454
DCAF17	0.6870536723163843
DCAF4	0.638483061480552
DCAF4L1	0.7899916387959867
DCAF4L2	0.8456365159128978
DCAF5	0.7212
DCAF6	0.6883964218455744
DCAF7	0.7834270833333333
DCAF8	0.6321637323943662
DCAKD	0.5945239234449761
DCBLD1	0.5865288683602771
DCBLD2	0.7310384615384615
DCC	0.7348434579439252
DCD	0.10976173285198557
DCDC1	0.54621875
DCDC2	0.606
DCDC2B	0.4969530303030303
DCDC2C	0.48112845528455284
DCHS1	0.6776631665299425
DCHS2	0.4850134516710581
DCK	0.6198272980501393
DCLK1	0.8291933240611962
DCLK2	0.7238239299610895
DCLK3	0.5081033386327504
DCLRE1A	0.44773572689817537
DCLRE1B	0.5043037837837838
DCLRE1C	0.5482197508896797
DCN	0.6068717557251908
DCP1A	0.7399347581552306
DCP1B	0.5438167115902965
DCP2	0.7275988258317025
DCPS	0.6821919385796545
DCST1	0.5504276773296245
DCST2	0.500791881443299
DCSTAMP	0.51923828125
DCT	0.6092723358449946
DCTD	0.6675256916996047
DCTN1	0.7217409638554216
DCTN2	0.7408324125230202
DCTN3	0.47945
DCTN4	0.8312061403508771
DCTN5	0.4602044198895027
DCTN6	0.7477054263565891
DCTPP1	0.6220943396226415
DCUN1D1	0.9057142857142857
DCUN1D2	0.6987604166666667
DCUN1D3	0.7873064516129032
DCUN1D4	0.44552713178294573
DCUN1D5	0.6286844444444445
DCXR	0.610514705882353
DDA1	0.7360353982300885
DDAH1	0.8028204225352112
DDAH2	0.7257866242038217
DDB1	0.7567375762859634
DDB2	0.7108598130841122
DDC	0.651280981595092
DDC8	0.14608689024390242
DDHD1	0.6875877551020407
DDHD2	0.7091088129496402
DDI1	0.6054307228915662
DDI2	0.7705950782997764
DDIT3	0.7182481751824817
DDIT4	0.7209432835820895
DDIT4L	0.7635443425076452
DDN	0.44265571526351816
DDO	0.555109756097561
DDOST	0.6869252873563219
DDR1	0.6371283309957924
DDR2	0.7486765550239234
DDRGK1	0.5899253731343284
DDT	0.4280410958904109
DDTL	0.5231787072243346
DDX1	0.8133344262295082
DDX10	0.7266920384951882
DDX11	0.6045638998682477
DDX17	0.8174082840236687
DDX18	0.6938511326860842
DDX19A	0.7302429906542056
DDX19B	0.7350287648054146
DDX20	0.5866310530361261
DDX21	0.6598099779897285
DDX23	0.6286219621962196
DDX24	0.5894904214559387
DDX25	0.6552475780409043
DDX27	0.7323682505399568
DDX28	0.5658879056047198
DDX31	0.5463120622568093
DDX39A	0.6419586776859504
DDX39B	0.66883842010772
DDX4	0.7715203021718602
DDX41	0.6787144638403989
DDX42	0.7788697042366107
DDX43	0.6702373968835931
DDX46	0.8612314709236032
DDX47	0.7922616372391653
DDX49	0.6516562962962963
DDX5	0.8731038732394366
DDX50	0.8729389027431421
DDX51	0.4957427272727273
DDX52	0.7138604651162791
DDX54	0.6303604838709678
DDX55	0.7059304068522483
DDX56	0.6589242902208201
DDX58	0.5983784923563521
DDX59	0.5655819819819821
DDX6	0.8894403669724771
DDX60	0.5659832433967623
DDX60L	0.5026106785317018
DEAF1	0.6145814176245211
DEC1	0.009895833333333333
DECR1	0.6045723905723905
DECR2	0.47148983739837397
DEDD	0.7282314049586778
DEDD2	0.6684817880794701
DEF6	0.6845049645390071
DEF8	0.6192702265372169
DEFA1	0.10044303797468354
DEFA1B	0.04702290076335878
DEFA3	0.0926030534351145
DEFA4	0.02877536231884058
DEFA5	0.24435915492957744
DEFA6	0.06359428571428571
DEFB1	0.31863120567375885
DEFB103A	0.31631645569620254
DEFB103B	0.3817070063694267
DEFB104A	0.2919136690647482
DEFB104B	0.2740689655172414
DEFB105A	0.41154545454545455
DEFB105B	0.472935
DEFB106A	0.5337573529411764
DEFB106B	0.4707571428571429
DEFB107A	0.4662760736196319
DEFB107B	0.5588447204968945
DEFB108B	0.348064935064935
DEFB110	0.6179285714285714
DEFB112	0.05755128205128205
DEFB113	0.4564756097560975
DEFB114	0.34133986928104576
DEFB115	0.4312324324324325
DEFB116	0.4193717277486911
DEFB118	0.294551724137931
DEFB119	0.39964756446991406
DEFB121	0.2686513157894737
DEFB123	0.5711543624161074
DEFB124	0.7044603174603175
DEFB125	0.347172131147541
DEFB126	0.32471527777777776
DEFB127	0.39352678571428573
DEFB128	0.5073913043478261
DEFB129	0.32311952191235055
DEFB130	0.4148600508905852
DEFB131	0.07814583333333333
DEFB132	0.36469166666666664
DEFB133	0.5478540145985401
DEFB134	0.29106626506024097
DEFB135	0.40499999999999997
DEFB136	0.2702123287671233
DEFB4A	0.08811904761904762
DEFB4B	0.11538461538461539
DEGS1	0.6961153846153846
DEGS2	0.6658586956521739
DEK	0.8063452914798206
DENND1A	0.6255044585987262
DENND1B	0.6608172635445363
DENND1C	0.5242293333333333
DENND2A	0.6246981004070556
DENND2C	0.6750588647512263
DENND2D	0.6226358099878196
DENND3	0.5626384583158777
DENND4A	0.7766184901090029
DENND4B	0.6496764705882353
DENND4C	0.7070833905284831
DENND5A	0.8250008382229673
DENND5B	0.6538516579406631
DENND6A	0.7866478873239436
DENND6B	0.6374124748490946
DENR	0.8201
DEPDC1	0.6572804347826087
DEPDC1B	0.707972647702407
DEPDC4	0.48188418430884183
DEPDC5	0.7642534005037783
DEPDC7	0.709685019206146
DEPTOR	0.7863001808318264
DERA	0.7125566600397615
DERL1	0.8251794871794872
DERL2	0.603034188034188
DERL3	0.6408287153652392
DES	0.7198793706293707
DESI1	0.8041575342465753
DESI2	0.6035
DET1	0.7605122324159022
DEXI	0.8913731343283582
DFFA	0.6043025718608169
DFFB	0.5242384196185286
DFNA5	0.46104108391608395
DFNB31	0.6531512415349887
DFNB59	0.8816796657381616
DGAT1	0.5858888888888889
DGAT2	0.7232845849802371
DGCR14	0.687936886395512
DGCR2	0.6532593085106383
DGCR6	0.6410901162790698
DGCR6L	0.6588892733564015
DGCR8	0.791978978978979
DGKA	0.6305624502784407
DGKB	0.8128874841972188
DGKD	0.6797062053816584
DGKE	0.7588554687500001
DGKG	0.709462100456621
DGKH	0.7405058670143415
DGKI	0.8333302752293578
DGKQ	0.49917517096265124
DGKZ	0.6413568956994562
DGUOK	0.5858463073852296
DHCR24	0.7399721311475409
DHCR7	0.55268
DHDDS	0.6764043478260869
DHDH	0.6217201907790143
DHFR	0.7851125541125541
DHFRL1	0.7391914191419142
DHH	0.5820346740638003
DHODH	0.6783946117274168
DHPS	0.6005086614173228
DHRS1	0.6252868068833651
DHRS11	0.77619795221843
DHRS12	0.5214426877470355
DHRS13	0.5900645161290322
DHRS2	0.536968
DHRS3	0.8158636363636363
DHRS4	0.5985228136882129
DHRS4-AS1	0.21055483870967745
DHRS4L2	0.6264230769230769
DHRS7	0.5336930917327293
DHRS7B	0.5724951298701298
DHRS7C	0.7270608108108108
DHRS9	0.5750390738060781
DHTKD1	0.7337867910983489
DHX15	0.8883986135181976
DHX16	0.65581091954023
DHX29	0.7872686651583711
DHX30	0.7509888544891641
DHX32	0.5961416666666667
DHX33	0.7021193181818182
DHX34	0.5972611050920911
DHX35	0.8134951573849879
DHX36	0.7554097744360903
DHX37	0.6302990750256937
DHX38	0.7390971074380166
DHX40	0.7820723025583982
DHX57	0.699846043851287
DHX58	0.5632103109656301
DHX8	0.7537833014659018
DHX9	0.769520845566647
DIABLO	0.47609756097560973
DIAPH1	0.7250698396275219
DIAPH3	0.7103653429602889
DICER1	0.7579041162227602
DIDO1	0.5278172188415596
DIEXF	0.6917627388535033
DIMT1	0.6839945205479452
DIO1	0.6135701754385965
DIO2	0.5305780051150895
DIO3	0.6763699284009547
DIP2A	0.6680038834951456
DIP2B	0.7782477558348294
DIP2C	0.724655235482396
DIRAS1	0.7858387096774193
DIRAS2	0.7766276595744681
DIRAS3	0.5982691292875989
DIRC1	0.021243902439024392
DIRC2	0.7786695501730104
DIRC3	0.36903888888888886
DIS3	0.7901642156862745
DIS3L	0.710396426577331
DIS3L2	0.6053134146341463
DISC1	0.3975186873290793
DISP1	0.5933066720257234
DISP2	0.6399977645305513
DIXDC1	0.8080716685330347
DKFZP434A062	0.010100671140939597
DKFZP434E1119	0.22647761194029853
DKFZP434H0512	0.011887931034482758
DKFZP434O1614	0.07698
DKFZP547L112	0.010910112359550563
DKFZP667F0711	0.01569747899159664
DKFZP761J1410	0.7058444022770399
DKFZP779J2370	0.1450842105263158
DKFZP779L1853	0.01980503144654088
DKK1	0.5306300366300366
DKK2	0.7099844720496895
DKK3	0.6138057324840764
DKK4	0.5036544622425629
DKKL1	0.5061633064516129
DLAT	0.6767010752688172
DLC1	0.6511557886557887
DLD	0.8342638146167558
DLEC1	0.5312
DLEU1	0.14340000000000003
DLEU2L	0.1969746835443038
DLEU7	0.6065665722379603
DLG1	0.8468574237954769
DLG2	0.769356564019449
DLG4	0.7020227642276422
DLG5	0.7457351443123938
DLGAP1	0.775161554192229
DLGAP2	0.7298154477101846
DLGAP3	0.7877409579667645
DLGAP4	0.7666375245579568
DLGAP5	0.4523719239373602
DLK1	0.674831746031746
DLK2	0.6718998073217727
DLL1	0.6579715517241379
DLL3	0.490725
DLL4	0.7449500531349629
DLST	0.7798764940239044
DLX1	0.8965125
DLX2	0.6834600000000001
DLX3	0.7712739361702128
DLX4	0.5398428874734607
DLX5	0.810156626506024
DLX6	0.7314403973509934
DMAP1	0.6723229357798165
DMBT1	0.44166119364086526
DMBX1	0.6692613390928726
DMC1	0.8909877551020409
DMGDH	0.7104043441938179
DMKN	0.2736387665198238
DMP1	0.41852500000000004
DMPK	0.5856377737226278
DMRT1	0.5774155844155844
DMRT2	0.658140909090909
DMRT3	0.6350765370138017
DMRTA1	0.5020329218106996
DMRTA2	0.7145750577367206
DMRTB1	0.3030534458509142
DMRTC2	0.5926579973992198
DMTF1	0.8596827586206897
DMTN	0.7423220640569395
DMWD	0.5528917018284106
DMXL1	0.7551073029264435
DMXL2	0.7771636316337148
DNA2	0.693476494486361
DNAAF1	0.4301888489208633
DNAAF2	0.5245974276527331
DNAAF3	0.5704901234567901
DNAH1	0.6721510307738273
DNAH10	0.6314478644067797
DNAH10OS	0.03149685534591195
DNAH11	0.6429686543406392
DNAH12	0.7172800690995466
DNAH14	0.5093641540691655
DNAH17	0.6103931207169214
DNAH17-AS1	0.35715827338129497
DNAH2	0.7070326975476839
DNAH3	0.6933562905905452
DNAH5	0.7353729987018607
DNAH6	0.7208216257668711
DNAH7	0.6850195623822634
DNAH8	0.7054526962457338
DNAH9	0.6609504056529705
DNAI1	0.6147450812660393
DNAI2	0.5950110663983904
DNAJA1	0.8137462406015038
DNAJA2	0.8436850574712643
DNAJA3	0.624162346521146
DNAJA4	0.5509770114942529
DNAJB1	0.667457711442786
DNAJB11	0.591131970260223
DNAJB12	0.7478402903811252
DNAJB13	0.658554128440367
DNAJB14	0.7390262626262626
DNAJB2	0.6303502722323049
DNAJB4	0.8127854545454545
DNAJB5	0.6766800000000001
DNAJB6	0.6279169884169885
DNAJB7	0.4198315789473684
DNAJB8	0.5721056338028169
DNAJB9	0.8401875000000001
DNAJC1	0.603053125
DNAJC10	0.8396525336091003
DNAJC11	0.6143047263681592
DNAJC12	0.5155058275058275
DNAJC13	0.8632266731802638
DNAJC14	0.7832576177285318
DNAJC15	0.6661229946524064
DNAJC16	0.7198898305084745
DNAJC17	0.6049947460595446
DNAJC18	0.6933677536231884
DNAJC19	0.9248793103448276
DNAJC2	0.8493048128342245
DNAJC21	0.6285782155272306
DNAJC22	0.6959923076923077
DNAJC24	0.5070805369127517
DNAJC25	0.7629245647969053
DNAJC27	0.7842592592592592
DNAJC28	0.5969146853146853
DNAJC3	0.8302666666666667
DNAJC30	0.4713672922252011
DNAJC4	0.4804847161572053
DNAJC5	0.7525113636363637
DNAJC5B	0.7715615942028985
DNAJC5G	0.4546102236421725
DNAJC6	0.7871004048582996
DNAJC7	0.8127425044091711
DNAJC8	0.8261784037558686
DNAJC9	0.7282725225225225
DNAL1	0.8461222222222222
DNAL4	0.6306083333333333
DNALI1	0.7374067796610169
DNASE1	0.43898141891891895
DNASE1L2	0.5190088183421517
DNASE1L3	0.5398832236842106
DNASE2	0.5275203007518797
DNASE2B	0.5081310452418096
DND1	0.5625963581183612
DNER	0.6598885047536733
DNHD1	0.5028714926462918
DNLZ	0.38260687022900763
DNM1	0.7941516393442623
DNM1L	0.8177898550724637
DNM2	0.6655338345864661
DNM3	0.7273047313552525
DNMBP	0.5526989374262101
DNMT1	0.5949970138111236
DNMT3A	0.7222216844143271
DNMT3B	0.6353824079850281
DNMT3L	0.43216105769230767
DNPEP	0.6456491458607095
DNPH1	0.40486167800453515
DNTT	0.6817249683143219
DNTTIP1	0.7220691964285715
DNTTIP2	0.43822535211267605
DOC2A	0.6711095890410959
DOC2B	0.7108744292237443
DOCK1	0.7289804437758556
DOCK10	0.8086249042145593
DOCK2	0.7435791505791506
DOCK3	0.8232118909253465
DOCK4	0.8029349553128103
DOCK5	0.7301556405353729
DOCK6	0.6936455089820359
DOCK7	0.8233984306887533
DOCK8	0.6956549295774648
DOCK9	0.7781140418929403
DOHH	0.5464259259259259
DOK1	0.5090467479674796
DOK2	0.5101164465786315
DOK3	0.41445650048875854
DOK4	0.6942987341772152
DOK5	0.7924006024096385
DOK6	0.7785892255892255
DOK7	0.5710337711069419
DOLK	0.7249766233766234
DOLPP1	0.8264697674418605
DONSON	0.5808661338661338
DOPEY1	0.789898323225116
DOPEY2	0.6372231930103256
DOT1L	0.6000546309696092
DPAGT1	0.6557325102880658
DPCD	0.4294658385093168
DPCR1	0.12122312138728324
DPEP1	0.5599921383647798
DPEP2	0.4426208017334778
DPEP3	0.4731596998928189
DPF1	0.7898959999999999
DPF2	0.7532929104477611
DPF3	0.7210719557195573
DPH1	0.603817802503477
DPH2	0.5967577962577962
DPH3	0.89440625
DPH5	0.7723148614609572
DPH6	0.7927675070028011
DPH7	0.4788140161725067
DPM1	0.6822207084468664
DPM2	0.5229299065420561
DPM3	0.5507208121827412
DPP10	0.8147632696390658
DPP3	0.7597013888888889
DPP4	0.6530330508474576
DPP6	0.6918881074168798
DPP7	0.4543720693170234
DPP8	0.8561413721413721
DPP9	0.6359948109710897
DPPA2	0.361524236983842
DPPA3	0.034272727272727274
DPPA4	0.37300191570881225
DPPA5	0.49927213114754093
DPRX	0.2079533527696793
DPT	0.7692153284671532
DPY19L1	0.7780982456140351
DPY19L2	0.637823051948052
DPY19L3	0.7104719411223551
DPY19L4	0.7988250652741514
DPY30	0.920525641025641
DPYD	0.7605699440447642
DPYS	0.6517177322074789
DPYSL2	0.610015681544029
DPYSL3	0.7513981373690338
DPYSL4	0.5818658428949691
DPYSL5	0.7153300283286119
DQX1	0.6576074249605055
DR1	0.8727368421052631
DRAM1	0.6896666666666667
DRAM2	0.78445197740113
DRAP1	0.6978614457831325
DRAXIN	0.6034229607250755
DRC1	0.5849079229122056
DRD1	0.7331340996168583
DRD2	0.7731059782608696
DRD3	0.6884648437499999
DRD4	0.5161057401812689
DRD5	0.5921415343915344
DRG1	0.8221415094339621
DRG2	0.69703981264637
DRGX	0.7058951841359774
DROSHA	0.794502230720204
DSC1	0.5762155655095186
DSC2	0.5381223491027732
DSC3	0.5806245883644346
DSCAM	0.7690521813515826
DSCAML1	0.7326443019240256
DSCC1	0.763888045540797
DSCR3	0.7169903846153846
DSCR4	0.024430894308943088
DSCR8	0.10442995169082125
DSE	0.7563895027624309
DSEL	0.7407991120976692
DSG1	0.66482912723449
DSG2	0.4720962591240876
DSG3	0.4831059053196681
DSG4	0.6072681460933887
DSN1	0.6500370919881305
DSP	0.7228080763257155
DSPP	0.26385878260869566
DST	0.6423459775787915
DSTN	0.8246802325581395
DSTYK	0.7292408056042031
DTD1	0.7488657407407407
DTD2	0.7598109756097561
DTHD1	0.6125811298076923
DTL	0.6921272885789015
DTNA	0.7924818081587651
DTNB	0.7963384379785605
DTNBP1	0.6299655737704918
DTWD1	0.50353125
DTWD2	0.7286666666666666
DTX1	0.6597857142857143
DTX2	0.5847351778656126
DTX3	0.8007017937219731
DTX3L	0.38462770216172937
DTX4	0.6169224043715847
DTYMK	0.4610910683012259
DUOX1	0.6462268219059939
DUOX2	0.6285153374233129
DUOXA1	0.4664852420306966
DUOXA2	0.48088920863309353
DUPD1	0.6413760932944607
DUS1L	0.6183538840937115
DUS2	0.7189783281733746
DUS3L	0.5246682692307693
DUS4L	0.7937624999999999
DUSP1	0.7724262295081967
DUSP10	0.7578060453400504
DUSP11	0.4576013071895425
DUSP12	0.6209196581196581
DUSP13	0.5282732615083251
DUSP14	0.8098076923076923
DUSP15	0.5697792792792793
DUSP16	0.6596427203065134
DUSP18	0.5745253731343284
DUSP19	0.7460971786833855
DUSP2	0.5838823529411765
DUSP22	0.7563295019157088
DUSP23	0.6457428571428571
DUSP26	0.7435061224489795
DUSP27	0.5712266666666667
DUSP28	0.5331613924050633
DUSP3	0.5938084415584416
DUSP4	0.659063076923077
DUSP5	0.7874386694386694
DUSP6	0.8323977695167286
DUSP7	0.6193860369609857
DUSP8	0.5435161964472309
DUT	0.4818669724770642
DUX4	0.04335351882160393
DUX4L2	0.0762375
DUX4L3	0.0739442119944212
DUX4L4	0.02359795570698467
DUX4L5	0.05610014947683109
DUX4L6	0.03755993690851735
DUX4L7	0.10755192034139402
DUXA	0.30939722863741337
DVL1	0.6675687903970452
DVL2	0.732215064420218
DVL3	0.7087508690614137
DXO	0.6559012345679013
DYDC1	0.49978484107579463
DYDC2	0.2815778443113772
DYM	0.6716928406466514
DYNAP	0.2344645892351275
DYNC1H1	0.7379676554681917
DYNC1I1	0.7014040178571428
DYNC1I2	0.8671096153846154
DYNC1LI1	0.6964
DYNC1LI2	0.7836850828729282
DYNC2H1	0.8079413837877945
DYNC2LI1	0.5751931330472103
DYNLL1	0.7985441176470589
DYNLL2	0.8468846153846153
DYNLRB1	0.43843103448275866
DYNLRB2	0.49247577092511013
DYNLT1	0.5185837320574163
DYRK1A	0.8093916083916084
DYRK1B	0.7971545893719807
DYRK2	0.7370721649484535
DYRK3	0.7355198135198135
DYRK4	0.5281419913419914
DYSF	0.7052506226650062
DYTN	0.5038482384823848
DYX1C1	0.5713386114494519
DZANK1	0.55590503875969
DZIP1	0.6115117924528302
DZIP1L	0.5161841609050911
DZIP3	0.7852002518891688
E2F1	0.5447079754601227
E2F2	0.5790013531799729
E2F3	0.8418872017353579
E2F4	0.6569800918836141
E2F5	0.6223463414634146
E2F6	0.617500872600349
E2F7	0.5574697569248163
E2F8	0.6359764243614932
E4F1	0.5482250174703005
EAF1	0.7024454277286135
EAF2	0.6189482200647249
EAPP	0.525994011976048
EARS2	0.5807017341040462
EBAG9	0.6441468253968253
EBF1	0.8231157205240175
EBF2	0.7423554119547657
EBF3	0.8301159793814432
EBF4	0.6081148282097649
EBI3	0.48377844311377244
EBLN1	0.17590501043841336
EBLN2	0.1320919540229885
EBNA1BP2	0.643654411764706
EBPL	0.4729525773195876
ECD	0.6142643312101911
ECE1	0.6722008888888888
ECE2	0.6303552557616638
ECEL1	0.7131787773933103
ECH1	0.5328073555166375
ECHDC1	0.5592394822006472
ECHDC2	0.5714839797639123
ECHDC3	0.5597219047619048
ECHS1	0.6583787878787879
ECI1	0.5768326771653544
ECI2	0.5633466334164589
ECM1	0.5011293916023993
ECM2	0.5651676348547718
ECSCR	0.3784320388349514
ECSIT	0.5125892634207241
ECT2	0.7636533559898047
ECT2L	0.6269287733182589
EDAR	0.6842445820433436
EDARADD	0.49055882352941177
EDC3	0.7383065789473684
EDC4	0.7936445332001998
EDDM3A	0.28837800687285225
EDDM3B	0.318058064516129
EDEM1	0.7599476351351352
EDEM2	0.7016838534599729
EDEM3	0.8199989212513484
EDF1	0.7702666666666667
EDIL3	0.8246781818181818
EDN1	0.5956186666666666
EDN2	0.4545578947368421
EDN3	0.32285878962536024
EDNRA	0.7081535648994516
EDNRB	0.5307730414746544
EEA1	0.7699844398340249
EED	0.9131986970684038
EEF1A1	0.8808909090909091
EEF1A2	0.6918864468864468
EEF1B2	0.7868445229681978
EEF1D	0.5031879637262984
EEF1E1	0.26111041009463726
EEF1E1-BLOC1S5	0.6793756906077348
EEF1G	0.7288980392156863
EEF2	0.6454403048264182
EEF2K	0.71557722007722
EEFSEC	0.6829650602409638
EEPD1	0.6654371794871795
EFCAB1	0.7482655172413792
EFCAB10	0.5205198412698412
EFCAB11	0.4378221649484536
EFCAB12	0.41791797235023037
EFCAB13	0.4619730807577268
EFCAB14	0.7674759427828348
EFCAB2	0.4752159468438538
EFCAB3	0.6284825819672131
EFCAB4A	0.5303001605136437
EFCAB4B	0.5683354683746997
EFCAB5	0.4772600140548138
EFCAB6	0.43639899149070277
EFCAB7	0.7437603833865815
EFCAB8	0.4960204968944099
EFCAB9	0.5519796437659032
EFCC1	0.5086163708086785
EFEMP1	0.7829938461538462
EFEMP2	0.6462771587743732
EFHB	0.5144685108887581
EFHC1	0.6416628571428572
EFHD1	0.6428623376623377
EFHD2	0.6590936639118458
EFNA1	0.6737053571428572
EFNA2	0.6160377833753149
EFNA3	0.8547142857142856
EFNA4	0.5317369668246446
EFNA5	0.8853809523809524
EFNB2	0.8656724137931036
EFNB3	0.7533306613226453
EFR3A	0.7737820247933884
EFR3B	0.7298905472636815
EFS	0.6200043066322136
EFTUD1	0.722943538268507
EFTUD2	0.7624108374384236
EGF	0.5365714938328003
EGFL7	0.4458108108108108
EGFL8	0.6036755793226382
EGFLAM	0.6432688110281448
EGFR	0.6182125581395348
EGLN1	0.4947914979757085
EGLN2	0.6214113785557988
EGLN3	0.6681241050119332
EGR1	0.7552873862158648
EGR2	0.672657894736842
EGR3	0.744890909090909
EGR4	0.48147713004484305
EHBP1	0.7791591992373689
EHBP1L1	0.4174332356634575
EHD1	0.7228317610062893
EHD2	0.6452288037166086
EHD3	0.7580714285714285
EHD4	0.7157899686520376
EHF	0.7251184210526316
EHHADH	0.6114174825174825
EHMT1	0.643009765625
EHMT2	0.7286273838630807
EI24	0.7176454545454546
EID1	0.6694933687002652
EID2	0.4083730017761989
EID2B	0.130625748502994
EID3	0.5523789808917198
EIF1	0.9093673469387754
EIF1AD	0.8011494252873563
EIF1B	0.8402592592592593
EIF2A	0.6806301518438178
EIF2AK1	0.5119569093610699
EIF2AK2	0.42825538793103446
EIF2AK3	0.6633239856801909
EIF2AK4	0.7437635535307516
EIF2B1	0.6660947580645161
EIF2B2	0.7310744680851065
EIF2B3	0.7254935691318328
EIF2B4	0.6319253539253539
EIF2B5	0.7445806132542038
EIF2D	0.6692314709236032
EIF2S1	0.8946382113821137
EIF2S2	0.897889534883721
EIF2S3L	0.851791932059448
EIF3A	0.7445798629414866
EIF3B	0.6183817537643933
EIF3C	0.8091380368098159
EIF3CL	0.8266159574468085
EIF3D	0.6698387096774194
EIF3E	0.676711111111111
EIF3F	0.5516976744186046
EIF3G	0.5969459962756052
EIF3H	0.47138888888888886
EIF3I	0.8132326283987915
EIF3J	0.907608695652174
EIF3K	0.45146739130434776
EIF3L	0.6276787264833574
EIF3M	0.828356940509915
EIF4A1	0.7527713841368584
EIF4A2	0.930607476635514
EIF4A3	0.7546432989690722
EIF4B	0.8250838323353294
EIF4E	0.6093211920529801
EIF4E1B	0.5905096952908587
EIF4E2	0.7803517587939698
EIF4E3	0.6658846153846154
EIF4EBP1	0.6707979274611399
EIF4EBP2	0.8792043010752689
EIF4EBP3	0.790046875
EIF4ENIF1	0.8241621835443038
EIF4G1	0.7132169149868536
EIF4G2	0.9096714801444042
EIF4G3	0.7624754754754755
EIF4H	0.8211913043478261
EIF5	0.8938864468864469
EIF5A	0.7474480874316939
EIF5A2	0.8663983739837399
EIF5AL1	0.881572864321608
EIF5B	0.7792688011913627
EIF6	0.833878431372549
ELAC1	0.7130214477211796
ELAC2	0.6019092797783934
ELANE	0.45597714285714286
ELAVL1	0.5235642317380352
ELAVL2	0.9063647058823529
ELAVL3	0.782046511627907
ELAVL4	0.882639175257732
ELF1	0.7934072727272727
ELF2	0.7683653846153847
ELF3	0.5692480499219968
ELF5	0.7521176470588234
ELFN1	0.668894257064722
ELFN2	0.7179569779643231
ELK3	0.7509017094017094
ELK4	0.5968388017118402
ELL	0.6012230142566191
ELL2	0.7184415011037528
ELL3	0.6211589008363202
ELMO1	0.6486433189655173
ELMO2	0.7020208845208846
ELMO3	0.6812587832047986
ELMOD1	0.8439235474006117
ELMOD2	0.7968422459893049
ELMOD3	0.6731885369532429
ELMSAN1	0.6979524874231414
ELN	0.5663292204150309
ELOF1	0.2986425339366516
ELOVL1	0.7542950819672132
ELOVL2	0.7429932126696833
ELOVL3	0.4880455445544554
ELOVL4	0.8176338383838384
ELOVL5	0.5486995708154506
ELOVL6	0.7977222222222222
ELOVL7	0.7673543956043957
ELP2	0.6808841940532081
ELP3	0.7704186369958276
ELP4	0.4728842239185751
ELP5	0.5648866995073892
ELP6	0.5533015564202335
ELSPBP1	0.4889630314232902
ELTD1	0.7147693942614239
EMB	0.46157957957957957
EMC1	0.7330817901234568
EMC10	0.5044725925925926
EMC2	0.783175
EMC3	0.7117432835820895
EMC4	0.8110738916256157
EMC6	0.7773426573426573
EMC7	0.6991454545454545
EMC8	0.8053801652892562
EMC9	0.7663697749196142
EMCN	0.370474358974359
EME1	0.48753448275862066
EME2	0.32080025608194623
EMG1	0.7294583333333334
EMID1	0.6242664319248826
EMILIN1	0.599042677012609
EMILIN2	0.5052281717317897
EMILIN3	0.6302090614886732
EML1	0.6895762711864407
EML2	0.5913427141963727
EML3	0.6649753901560623
EML4	0.7744450980392157
EML5	0.8309811518324607
EML6	0.750225215114104
EMP1	0.6058672199170125
EMP2	0.6418721461187215
EMP3	0.6379236363636364
EMR1	0.4305536912751678
EMR2	0.3114970722186077
EMR3	0.38972369417108255
EMX1	0.6028210862619808
EMX2	0.8930359712230216
EN1	0.7565051724137931
EN2	0.6355682656826569
ENAH	0.73214265129683
ENAM	0.4361233446840711
ENC1	0.7414570982839314
ENDOD1	0.5196511839708561
ENDOG	0.6566674816625917
ENDOU	0.5428828947368421
ENDOV	0.40111320754716984
ENG	0.5224504988488105
ENGASE	0.4498978534418949
ENHO	0.8746712328767123
ENKD1	0.6073369565217391
ENKUR	0.7016290322580645
ENO1	0.7200309278350515
ENO2	0.7481252408477842
ENO3	0.6383125996810207
ENO4	0.591478448275862
ENOPH1	0.7232686170212766
ENOSF1	0.6117465495608532
ENOX1	0.7798105117565698
ENPEP	0.5996409458618545
ENPP1	0.6352023227383863
ENPP2	0.7948233246301131
ENPP3	0.6103403141361257
ENPP4	0.6131865222623345
ENPP5	0.6399767184035476
ENPP6	0.6628367911479944
ENPP7	0.5228317373461012
ENSA	0.3008121212121212
ENTHD1	0.4447104622871046
ENTHD2	0.39493468667255077
ENTPD1	0.5083877327491786
ENTPD2	0.48566517357222844
ENTPD3	0.553405330882353
ENTPD4	0.6756556655665568
ENTPD5	0.7487248576850094
ENTPD6	0.5844095139607032
ENTPD7	0.7211074950690335
ENTPD8	0.41725089605734766
ENY2	0.38492857142857145
EOGT	0.7319390088945361
EOMES	0.7057271773347324
EP300	0.7671724770642202
EP400	0.6418806192874463
EP400NL	0.6640140023337222
EPAS1	0.6486524767801858
EPB41	0.7531502384737678
EPB41L1	0.6992075848303393
EPB41L2	0.6712125984251969
EPB41L3	0.681086118251928
EPB41L4A	0.8404386174016687
EPB41L4A-AS2	0.1901624758220503
EPB41L4B	0.7787087542087542
EPB41L5	0.67467054610564
EPB42	0.4793471400394477
EPC1	0.9104088397790054
EPC2	0.680802536231884
EPCAM	0.5042118518518519
EPDR1	0.48445730550284627
EPG5	0.7042813286361348
EPGN	0.6809758620689655
EPHA1	0.6202466315172818
EPHA10	0.6365320924261874
EPHA2	0.6161984282907662
EPHA3	0.7974689413823272
EPHA4	0.7920984126984127
EPHA5	0.7944315503173165
EPHA6	0.6777895716945996
EPHA7	0.8782598540145985
EPHA8	0.6633550065019506
EPHB1	0.7462963374028857
EPHB2	0.6631325209444021
EPHB3	0.7120344827586207
EPHB4	0.6219787860931055
EPHB6	0.6179618894256576
EPHX1	0.5743802008608322
EPHX2	0.5931541501976285
EPHX3	0.6468918169209431
EPHX4	0.8560752089136491
EPM2A	0.6578238434163701
EPM2AIP1	0.5702276306370794
EPN1	0.486576198630137
EPN2	0.5961021170610212
EPN3	0.5289693251533742
EPO	0.6432749391727495
EPOR	0.4707642980935875
EPPIN	0.0105
EPPIN-WFDC6	0.3526787003610108
EPPK1	0.42036175942549375
EPRS	0.7152576687116565
EPS15	0.7991252100840336
EPS15L1	0.7407962427745665
EPS8	0.7603947990543736
EPS8L1	0.509546864899806
EPS8L2	0.5873344208809136
EPS8L3	0.49591193181818183
EPSTI1	0.4792709677419355
EPT1	0.743020202020202
EPX	0.5184228237015361
EPYC	0.7388188405797101
EQTN	0.41430297397769517
ERAL1	0.5380170827858082
ERAP1	0.6193811188811188
ERAP2	0.5194263082093135
ERBB2	0.5971760110294118
ERBB2IP	0.7859308050565535
ERBB3	0.7020450568678915
ERBB4	0.8081656271656271
ERC1	0.7859976057462091
ERC2	0.8387564259485925
ERCC1	0.5386818950930626
ERCC2	0.7459550295857988
ERCC3	0.729673828125
ERCC4	0.6777860560492139
ERCC5	0.49433004926108376
ERCC6	0.5793409402099498
ERCC6L2	0.5364734320557492
ERCC8	0.8338585607940447
EREG	0.6090623229461756
ERF	0.619901349948079
ERG	0.77185140562249
ERGIC1	0.4643814432989691
ERGIC2	0.8603843930635837
ERGIC3	0.6940114503816793
ERH	0.8661829268292683
ERI1	0.6725983086680761
ERI2	0.5018648068669528
ERI3	0.4970410447761194
ERICH1	0.3360884573894282
ERICH2	0.5431170568561873
ERLEC1	0.833668458781362
ERLIN1	0.8177065217391304
ERLIN2	0.6817044444444444
ERMAP	0.4444012345679012
ERMARD	0.47820935251798563
ERMN	0.3664921630094044
ERMP1	0.7041562942008487
ERN1	0.7091335689045937
ERN2	0.5740985250737463
ERO1L	0.71351
ERO1LB	0.787149012567325
ERP27	0.5025152487961477
ERP29	0.6383191489361703
ERP44	0.917812030075188
ERRFI1	0.5520616365568545
ERV3-1	0.5253217031342401
ERVFRD-1	0.6069345121152586
ERVMER34-1	0.08277994902293968
ERVV-1	0.0388841628959276
ERVV-2	0.17510315789473685
ERVW-1	0.43841612483745124
ESAM	0.5263901869158878
ESCO1	0.632800701754386
ESCO2	0.5809641393442623
ESD	0.7543079268292683
ESF1	0.6168575152041703
ESM1	0.6745168918918919
ESPL1	0.5585339225370418
ESPN	0.612558659217877
ESPNL	0.48534588106928533
ESR1	0.6884672657252888
ESR2	0.5619774774774775
ESRP1	0.8197027707808565
ESRP2	0.7478720238095238
ESRRA	0.7680876865671642
ESRRB	0.576493041749503
ESRRG	0.6859065420560747
ESYT1	0.6578479048111743
ESYT2	0.6935828173374613
ESYT3	0.6555416666666667
ETAA1	0.39712936462507153
ETF1	0.8033207547169811
ETFA	0.45190845070422536
ETFB	0.53225
ETFDH	0.7632631578947369
ETHE1	0.6114732824427481
ETNK1	0.6442179104477611
ETNK2	0.5632185128983308
ETNPPL	0.6770824742268042
ETS1	0.7464296577946768
ETS2	0.6881403026134801
ETV1	0.7598022284122563
ETV2	0.3718986384266263
ETV3	0.5823160377358491
ETV3L	0.40542814814814815
ETV4	0.7446166077738515
ETV5	0.6473613989637306
ETV6	0.7707757936507936
ETV7	0.46864083457526073
EVA1A	0.6373794326241135
EVA1B	0.5990649819494585
EVA1C	0.6524560301507538
EVC	0.5263546798029556
EVC2	0.5302461059190031
EVI2A	0.4600081300813008
EVI2B	0.3690527918781726
EVI5	0.8400488466757123
EVI5L	0.7160301886792453
EVL	0.7407882352941176
EVPL	0.6217602040816327
EVPLL	0.638284375
EVX1	0.7234212523719165
EVX2	0.6940183486238531
EWSR1	0.79653216374269
EXD1	0.5743323201621073
EXD2	0.693987134502924
EXD3	0.3197612121212121
EXO1	0.5473663729809104
EXO5	0.6636916996047431
EXOC1	0.8304369158878505
EXOC2	0.7837195121951219
EXOC3	0.7187693032015066
EXOC3L1	0.6212980588603632
EXOC3L2	0.7238249660786974
EXOC3L4	0.45744922118380066
EXOC4	0.7205422257300711
EXOC5	0.9333643617021277
EXOC6	0.7742405541561712
EXOC6B	0.7827540628385699
EXOC7	0.7122489208633093
EXOC8	0.7067724867724867
EXOG	0.5272226666666666
EXOSC1	0.8249826086956522
EXOSC10	0.6666347346657477
EXOSC2	0.7049571788413098
EXOSC3	0.6982803030303031
EXOSC4	0.576185941043084
EXOSC5	0.642921832884097
EXOSC6	0.6887035087719298
EXOSC7	0.8068181818181818
EXOSC8	0.8737363344051446
EXOSC9	0.7681033898305084
EXPH5	0.34994681730504273
EXT1	0.794855579868709
EXT2	0.683558212058212
EXTL1	0.5602242677824267
EXTL2	0.713261565836299
EXTL3	0.7557896494156928
EYA1	0.8011479820627803
EYA2	0.7191384180790961
EYA3	0.7677068965517242
EYA4	0.8410775862068965
EYS	0.5309697925311203
EZH1	0.7885542986425339
EZH2	0.8055632040050063
EZR	0.729137976346912
F10	0.40129010238907853
F11	0.5689300476947535
F11R	0.4669564068692206
F12	0.45688999172870143
F13A1	0.6135387453874539
F13B	0.514494615936827
F2	0.5679209783631233
F2R	0.4934233333333333
F2RL1	0.6056569536423841
F2RL2	0.552491204330176
F2RL3	0.4856420454545454
F3	0.4965895765472313
F5	0.5235583756345178
F7	0.4616294919454771
FA2H	0.6563106617647059
FAAH	0.5882853448275862
FABP1	0.6272066115702479
FABP12	0.5478772563176896
FABP2	0.7000966386554621
FABP3	0.6039028776978417
FABP4	0.5921821705426356
FABP5	0.5667545787545787
FABP6	0.49208666666666667
FABP7	0.865909090909091
FABP9	0.5650808823529412
FADD	0.48984597701149424
FADS1	0.513616345062429
FADS2	0.5451323529411765
FADS3	0.5452727272727272
FADS6	0.5957611683848797
FAF1	0.7630842572062084
FAF2	0.8460934844192635
FAH	0.7172311320754717
FAHD1	0.5324791666666667
FAHD2A	0.6857983706720977
FAHD2B	0.7743125000000001
FAIM	0.6992233676975944
FAIM2	0.6693966597077244
FAIM3	0.336779463243874
FAM101A	0.5961780821917808
FAM101B	0.6360044444444445
FAM102A	0.7522433628318584
FAM102B	0.7859697674418604
FAM103A1	0.6974873096446701
FAM104A	0.6505668789808917
FAM105A	0.6410589123867069
FAM105B	0.7451835664335664
FAM106A	0.20267811158798285
FAM107A	0.6416256281407035
FAM107B	0.5187905405405405
FAM109A	0.38445228215767635
FAM109B	0.4946716417910448
FAM110A	0.4811993569131833
FAM110B	0.7098928571428572
FAM110C	0.41825944170771756
FAM110D	0.5150195035460993
FAM111A	0.29675672877846787
FAM111B	0.24964634146341463
FAM114A1	0.5616978260869565
FAM114A2	0.6827623261694059
FAM115A	0.6111370835608957
FAM115C	0.45552490823282643
FAM117A	0.7065972434915774
FAM117B	0.7813192019950125
FAM118A	0.624180487804878
FAM118B	0.8184534005037783
FAM120A	0.8429229828850855
FAM120AOS	0.06944186046511629
FAM120B	0.4989220103986135
FAM122A	0.850073015873016
FAM124A	0.4973991462113127
FAM124B	0.4130997624703088
FAM126A	0.7774657738095238
FAM126B	0.8868922764227642
FAM129A	0.5281970149253731
FAM129B	0.5953853754940711
FAM129C	0.3803966005665722
FAM131A	0.6103439878234399
FAM131B	0.6891738281249999
FAM131C	0.5438167641325536
FAM132A	0.4556961077844311
FAM132B	0.38619402985074625
FAM133B	0.8735906976744187
FAM134A	0.7706625441696113
FAM134B	0.6585863808322825
FAM134C	0.7316742424242424
FAM135A	0.7526342028985508
FAM135B	0.5337247661250615
FAM136A	0.4093252688172043
FAM13A	0.6356585641605427
FAM13B	0.8685961820851689
FAM13C	0.6315446685878963
FAM149A	0.45242656875834447
FAM149B1	0.7668308510638299
FAM150A	0.39143478260869563
FAM150B	0.5046812749003984
FAM151A	0.5068145161290323
FAM151B	0.6251349809885932
FAM153A	0.3966412776412776
FAM153B	0.1948736842105263
FAM153C	0.23791767068273093
FAM154A	0.599367903930131
FAM154B	0.5268911564625851
FAM155A	0.791344827586207
FAM159A	0.5436366366366366
FAM159B	0.6723230769230769
FAM160A1	0.5743798572561459
FAM160A2	0.7318890954151177
FAM160B1	0.7135243553008596
FAM160B2	0.5896018099547511
FAM161A	0.47961918604651166
FAM161B	0.5272279138827023
FAM162A	0.6767285223367697
FAM162B	0.5677325581395348
FAM163A	0.7061715481171549
FAM163B	0.6580431372549019
FAM166A	0.38297881355932206
FAM166B	0.5319701789264414
FAM167A	0.5422775800711743
FAM167B	0.6404576271186441
FAM168A	0.8422864077669903
FAM168B	0.8250709677419354
FAM169A	0.6843521897810219
FAM169B	0.526412213740458
FAM170A	0.4465304347826087
FAM170B	0.4325181818181818
FAM171A1	0.7260866261398176
FAM171A2	0.6879449793672627
FAM171B	0.6955689655172415
FAM172A	0.7512593659942364
FAM173A	0.487746835443038
FAM173B	0.46955681818181816
FAM174A	0.4452344213649852
FAM174B	0.3420955414012739
FAM175A	0.5471011627906976
FAM175B	0.7289028571428571
FAM177A1	0.5542542735042736
FAM177B	0.37043874643874647
FAM178A	0.7019978260869565
FAM178B	0.40883025830258307
FAM179A	0.5163246824958586
FAM179B	0.7626071904127829
FAM180A	0.6777694704049844
FAM180B	0.49645957446808514
FAM181A	0.4491824212271973
FAM181B	0.5226182048040455
FAM182B	0.1683138686131387
FAM183A	0.617930463576159
FAM183B	0.49861904761904763
FAM184A	0.8271459419210722
FAM184B	0.5873665223665223
FAM185A	0.6056405529953917
FAM186A	0.25230913565056906
FAM186B	0.3941331412103747
FAM187A	0.5347977991746905
FAM187B	0.38204642857142856
FAM188A	0.8413388704318937
FAM188B	0.5482275862068966
FAM188B2	0.6225702746365105
FAM189A1	0.6109251461988304
FAM189A2	0.5801240045506256
FAM189B	0.73841164453524
FAM192A	0.8060036101083032
FAM193A	0.6390442477876106
FAM193B	0.6054965560425798
FAM194A	0.46296468561584836
FAM194B	0.3010919952210275
FAM195A	0.5021645569620253
FAM195B	0.6379776536312849
FAM196A	0.5226103575832306
FAM196B	0.562
FAM198A	0.5841083743842365
FAM198B	0.5456006528835691
FAM19A1	0.8730849056603773
FAM19A2	0.8222954545454546
FAM19A3	0.5961191335740073
FAM19A4	0.7643539325842696
FAM19A5	0.6005390625
FAM200A	0.7374530551415798
FAM200B	0.7331379310344828
FAM203A	0.5124503311258278
FAM203B	0.5272735148514851
FAM204A	0.5289186991869919
FAM205A	0.23152697280428
FAM206A	0.6764132231404959
FAM207A	0.4252093023255814
FAM208A	0.7492317909168809
FAM208B	0.3734976557267247
FAM209A	0.4124427083333333
FAM209B	0.40294102564102563
FAM20A	0.6107335811648079
FAM20B	0.7762646370023418
FAM20C	0.6226470588235294
FAM210A	0.5444238532110092
FAM210B	0.4603777239709443
FAM211A	0.6422422802850357
FAM211B	0.5964399293286219
FAM212A	0.5575738636363636
FAM212B	0.4713843137254902
FAM213A	0.6467933673469388
FAM213B	0.5682025586353945
FAM214A	0.6591573693482091
FAM214B	0.7719086206896552
FAM215A	0.04098207885304659
FAM216A	0.6755675146771036
FAM216B	0.43829824561403513
FAM217A	0.4407087294727744
FAM217B	0.3944846796657382
FAM218A	0.005560000000000001
FAM219A	0.5175489130434783
FAM219B	0.5466940789473684
FAM21A	0.5715513095749248
FAM21B	0.5611100134710373
FAM21C	0.5650154572778017
FAM21D	0.507112754158965
FAM220A	0.22359737417943107
FAM221A	0.5797635135135135
FAM221B	0.3684180722891566
FAM222A	0.6164635568513119
FAM222B	0.7652806236080177
FAM227A	0.37562262521588946
FAM227B	0.3857653758542141
FAM228A	0.38592280071813284
FAM228B	0.4983885869565218
FAM229A	0.7408672985781991
FAM229B	0.7788484848484848
FAM230A	0.015412610619469027
FAM24A	0.19216923076923076
FAM24B	0.27208227848101263
FAM25A	0.6118052631578947
FAM25B	0.5812731481481481
FAM25C	0.6893241106719368
FAM25E	0.3536674364896074
FAM25G	0.6187837837837838
FAM26D	0.6118225806451613
FAM26E	0.6950210727969348
FAM26F	0.41771561338289964
FAM27A	0.017452380952380952
FAM27B	0.03156551724137931
FAM27C	0.035664556962025314
FAM27E1	0.03136991869918699
FAM27E2	0.09617350157728706
FAM27E3	0.018995918367346938
FAM32A	0.5027929515418502
FAM35A	0.5850617977528091
FAM3B	0.5204290780141844
FAM3C	0.8080699588477366
FAM3D	0.4417191283292978
FAM43A	0.6487912524850894
FAM43B	0.6971752808988764
FAM45A	0.7704908675799087
FAM46A	0.6714755434782609
FAM46B	0.6426793313069908
FAM46C	0.6926792452830189
FAM47E	0.28864723320158103
FAM47E-STBD1	0.40914309764309764
FAM49A	0.766149855907781
FAM49B	0.8364869565217391
FAM50B	0.6812982062780268
FAM53A	0.4684942084942085
FAM53B	0.5535166002656042
FAM53C	0.7560358974358975
FAM57A	0.5017301324503312
FAM57B	0.6010132827324478
FAM60A	0.60262109375
FAM63A	0.5660512
FAM63B	0.5776283292978208
FAM64A	0.48525
FAM65A	0.566202772073922
FAM65B	0.6905523059617548
FAM65C	0.5667213203463203
FAM69A	0.882928400954654
FAM69B	0.7318009259259259
FAM69C	0.5743443804034581
FAM71A	0.27766034155597724
FAM71B	0.3859505862646566
FAM71C	0.30888937093275487
FAM71D	0.4541377171215881
FAM71E1	0.4238705440900563
FAM71E2	0.4264898336414048
FAM71F1	0.6955340393343419
FAM71F2	0.5826539162112933
FAM72A	0.6355773195876289
FAM72B	0.8344150943396226
FAM72C	0.845139534883721
FAM72D	0.8734999999999999
FAM73A	0.73288
FAM73B	0.5741177105831534
FAM76A	0.5529414893617022
FAM76B	0.904550847457627
FAM78A	0.46349779735682817
FAM78B	0.8291793721973094
FAM81A	0.8058705179282869
FAM81B	0.6017717647058823
FAM83A	0.513639705882353
FAM83B	0.6297057249866239
FAM83C	0.5249178743961352
FAM83D	0.5654972067039107
FAM83E	0.45790254237288136
FAM83F	0.5512898089171975
FAM83G	0.5083071216617211
FAM83H	0.536168191721133
FAM84A	0.8101881533101045
FAM84B	0.664093994778068
FAM86A	0.5042272089761571
FAM86B1	0.4198934169278997
FAM86B2	0.5231455064194009
FAM86C1	0.5600797101449275
FAM89A	0.5870689655172414
FAM89B	0.6815786516853932
FAM8A1	0.431253125
FAM90A1	0.06298039215686274
FAM90A26	0.016508810572687226
FAM91A1	0.7991946640316205
FAM92A1	0.5125574712643678
FAM92B	0.533088803088803
FAM96A	0.6929671361502348
FAM96B	0.6945420168067227
FAM98A	0.7984385633270322
FAM98B	0.6427307221542228
FAM98C	0.538720457433291
FAN1	0.5007700228832952
FANCA	0.4078762174049639
FANCC	0.5969756335282651
FANCD2	0.6602383743649863
FANCD2OS	0.6540271903323263
FANCE	0.5001938775510204
FANCF	0.3461230366492146
FANCG	0.5980250896057347
FANCI	0.7402011577424022
FANCL	0.7376410256410256
FANCM	0.5017917245209664
FANK1	0.6428166431593794
FAP	0.771652709359606
FAR1	0.8672099056603774
FAR2	0.6853606770833333
FARP1	0.6469945872801083
FARP2	0.6087259136212624
FARS2	0.6298053892215568
FARSA	0.6460063938618926
FARSB	0.806953823953824
FAS	0.3678883071553229
FASLG	0.5067637362637363
FASN	0.6137721048967278
FASTK	0.6236802646085998
FASTKD1	0.6590849546044099
FASTKD2	0.49857366548042703
FASTKD3	0.49012285714285714
FASTKD5	0.5812107466852756
FAT1	0.6850694985547316
FAT2	0.6326553861410686
FAT3	0.6974279121975555
FAT4	0.7223237125748503
FAU	0.7892392638036809
FAXC	0.8632834645669292
FAXDC2	0.6100655105973025
FBF1	0.4974711217183771
FBL	0.6848197115384616
FBLIM1	0.5811764705882353
FBLL1	0.526499095840868
FBLN1	0.5971254695717506
FBLN2	0.5297251013970257
FBLN5	0.6217112781954887
FBLN7	0.6107620253164557
FBN1	0.7720576923076923
FBN2	0.7067358849651089
FBN3	0.6253273424878837
FBP1	0.7040285132382892
FBP2	0.7369276018099548
FBRS	0.810765246449457
FBRSL1	0.557719832109129
FBXL12	0.5344702581369248
FBXL13	0.6008111395646607
FBXL14	0.7449123505976096
FBXL15	0.581993119266055
FBXL16	0.7168080168776372
FBXL17	0.7389833134684147
FBXL18	0.5730552147239264
FBXL19	0.7624408602150538
FBXL2	0.7184867109634552
FBXL20	0.8716401179941002
FBXL21	0.6835670103092784
FBXL22	0.46282945736434106
FBXL3	0.8421496259351621
FBXL4	0.8545304054054054
FBXL5	0.742546004842615
FBXL6	0.49938511627906973
FBXL7	0.7751002178649238
FBXL8	0.4553185185185185
FBXO10	0.7169811452513967
FBXO11	0.851434184675835
FBXO15	0.4939455909943715
FBXO16	0.5383862660944206
FBXO17	0.49891509433962267
FBXO18	0.6134066767830045
FBXO2	0.6041731517509727
FBXO21	0.8032712550607288
FBXO22	0.6994024226110362
FBXO24	0.7021093247588425
FBXO25	0.7592481481481481
FBXO27	0.326719298245614
FBXO28	0.7573323615160349
FBXO3	0.7821138790035588
FBXO30	0.7602523860021209
FBXO31	0.714516699410609
FBXO32	0.8145529411764705
FBXO33	0.8674352078239609
FBXO34	0.5076846846846846
FBXO36	0.6884542682926829
FBXO38	0.8447075840500392
FBXO39	0.7044232258064516
FBXO4	0.6645647279549719
FBXO40	0.6545989672977625
FBXO41	0.7264681415929204
FBXO42	0.7747499999999999
FBXO43	0.5281333333333333
FBXO44	0.6168817635270541
FBXO45	0.8882442396313364
FBXO46	0.5730563002680965
FBXO47	0.7856391752577319
FBXO48	0.5685212765957447
FBXO5	0.5483677639046538
FBXO6	0.5453129770992365
FBXO7	0.6232111344537815
FBXO8	0.8406388888888889
FBXO9	0.6863745098039216
FBXW10	0.4974145616641902
FBXW11	0.7870378947368422
FBXW12	0.25344348894348895
FBXW2	0.9044776119402985
FBXW4	0.7363006535947713
FBXW5	0.6677815468113976
FBXW7	0.8019464566929134
FBXW8	0.6708727984344423
FBXW9	0.6551841432225064
FCAMR	0.2594630738522954
FCAR	0.16359591836734694
FCER1A	0.3054208242950109
FCER1G	0.46271861471861475
FCER2	0.41631450381679386
FCF1	0.8507298578199052
FCGBP	0.3827522925393411
FCGR1A	0.4049537166900421
FCGR1B	0.3250491525423729
FCGR2A	0.29063358778625953
FCGR2B	0.40122773722627736
FCGR2C	0.32030854430379746
FCGR3A	0.340726821192053
FCGR3B	0.3312031662269129
FCGRT	0.4201793416572077
FCHO1	0.6209099639855942
FCHO2	0.7644112038140644
FCHSD1	0.704072402044293
FCHSD2	0.8057398030942334
FCN1	0.4779770114942529
FCN2	0.4785362068965517
FCN3	0.4496028257456829
FCRL1	0.3864118993135011
FCRL2	0.21365798816568046
FCRL3	0.3570759403832505
FCRL4	0.310592
FCRL5	0.3518167817312799
FCRL6	0.18454725274725273
FCRLA	0.4412930402930403
FCRLB	0.5890462427745664
FDCSP	0.1742325581395349
FDFT1	0.7453082942097027
FDPS	0.6810795107033639
FDX1	0.6090167224080267
FDX1L	0.5620830564784054
FDXACB1	0.45316745283018867
FDXR	0.5774115684093437
FECH	0.6270494011976048
FEM1A	0.6883363431151241
FEM1B	0.7600135135135135
FEM1C	0.7916351351351352
FEN1	0.7155011655011655
FER	0.8668128140703517
FER1L6	0.6460382700684506
FERD3L	0.5165418181818182
FERMT1	0.7265020366598778
FERMT2	0.8378249258160236
FERMT3	0.6727772325809617
FES	0.6632402972749794
FETUB	0.45606278713629406
FEV	0.7395522388059701
FEZ1	0.664640410958904
FEZ2	0.7413436754176611
FEZF1	0.7371553571428572
FEZF2	0.6422798789712556
FFAR1	0.49604651162790697
FFAR2	0.44742088091354
FFAR3	0.41088589540412046
FFAR4	0.5916944024205749
FGA	0.44228037383177565
FGB	0.5984331065759637
FGD2	0.6027862385321101
FGD3	0.5230008532423208
FGD4	0.5888988053408293
FGD5	0.541906026127265
FGD6	0.5691476725521669
FGF1	0.7811448598130841
FGF10	0.8710797546012269
FGF11	0.8350650154798761
FGF12	0.5962222222222222
FGF14	0.9294615384615385
FGF17	0.7242243346007605
FGF18	0.844076923076923
FGF19	0.5623058823529411
FGF2	0.5428934782608695
FGF20	0.8203726937269372
FGF21	0.49962500000000004
FGF22	0.47895428571428567
FGF23	0.564587982832618
FGF3	0.6381452702702702
FGF4	0.6590654205607477
FGF5	0.5796384615384615
FGF6	0.7326567796610169
FGF7	0.8712700729927008
FGF8	0.6705931558935361
FGF9	0.9004850746268657
FGFBP1	0.4305472636815921
FGFBP2	0.4518929961089494
FGFBP3	0.42779158699808795
FGFR1	0.6749322580645161
FGFR1OP	0.678892697466468
FGFR1OP2	0.8259882352941177
FGFR2	0.7274730593607306
FGFR3	0.6231206896551724
FGFR4	0.6450863411181882
FGFRL1	0.5816280087527351
FGG	0.617975
FGGY	0.7280603448275862
FGL1	0.6487456310679611
FGL2	0.6303169398907104
FGR	0.6494993324432577
FH	0.7462683284457478
FHAD1	0.5233521083410281
FHDC1	0.49307280832095096
FHIT	0.7382789699570815
FHL2	0.4012245827010622
FHL3	0.7952727272727272
FHL5	0.6782599580712788
FHOD1	0.6198156171284636
FHOD3	0.6613978188715031
FIBCD1	0.6446313497822932
FIBIN	0.7645787545787546
FIBP	0.8164090909090909
FICD	0.6071338481338481
FIG4	0.810236148955495
FIGLA	0.5265535714285714
FIGN	0.8134067495559503
FIGNL1	0.5531362153344208
FILIP1	0.728475514201763
FILIP1L	0.7077871581450654
FIP1L1	0.8030860585197935
FIS1	0.566
FITM1	0.7367931937172775
FITM2	0.5926636568848759
FIZ1	0.29357064017660045
FJX1	0.6804129429892142
FKBP10	0.6265210166177908
FKBP11	0.44504921700223715
FKBP14	0.7481890034364261
FKBP15	0.6268941695247428
FKBP1A	0.8214929577464789
FKBP1B	0.6736456692913385
FKBP1C	0.7804588235294118
FKBP2	0.8291948051948052
FKBP3	0.6841453287197231
FKBP4	0.6780838971583221
FKBP5	0.6819906542056074
FKBP6	0.5983127889060093
FKBP7	0.6820029411764705
FKBP8	0.6222665782493368
FKBP9	0.6270766002098637
FKBPL	0.5118509234828497
FKRP	0.6440643564356435
FKTN	0.615289402173913
FLAD1	0.5349100623330365
FLCN	0.7100446927374302
FLG	0.05406040268456375
FLG2	0.15216102564102565
FLI1	0.7744699074074073
FLII	0.6783446838082001
FLJ00104	0.006214285714285715
FLJ00273	0.051065476190476196
FLJ00325	0.046757961783439494
FLJ00388	0.3028387096774193
FLJ00418	0.23119572953736653
FLJ14816	0.030480662983425416
FLJ20306	0.49643750000000003
FLJ20373	0.1668896103896104
FLJ27365	0.05886786786786787
FLJ30594	0.0035631067961165047
FLJ45079	0.030446009389671364
FLNB	0.7188222899212998
FLNC	0.6536625832796046
FLOT1	0.7606852791878173
FLOT2	0.6821072124756336
FLRT1	0.709510766580534
FLRT2	0.6952690951821386
FLRT3	0.8365287569573284
FLT1	0.6156031879194631
FLT3	0.6603161723559037
FLT3LG	0.42754472843450475
FLT4	0.6541198595787362
FLVCR1	0.5672552966101695
FLVCR2	0.564321036889332
FLYWCH1	0.36616472868217054
FLYWCH2	0.3790849673202614
FMN1	0.5209810687022901
FMN2	0.6038725388601036
FMNL1	0.5875544656685596
FMNL2	0.7483028229255774
FMNL3	0.7084096236890809
FMO1	0.48066397124887694
FMO2	0.5193297758804696
FMO3	0.46436900369003686
FMO4	0.5076981981981982
FMO5	0.5425686813186813
FMO6P	0.529361268403171
FMOD	0.7029353233830846
FN1	0.7265116145683969
FN3K	0.6399491525423728
FN3KRP	0.5201156069364162
FNBP1	0.7347014531043593
FNBP1L	0.903506234413965
FNBP4	0.6993955002960331
FNDC1	0.47269945355191256
FNDC3A	0.8109556313993174
FNDC3B	0.73900682382134
FNDC4	0.7822583025830258
FNDC5	0.7888781512605041
FNDC7	0.6385536842105263
FNDC8	0.5935575485799701
FNDC9	0.5776311239193084
FNIP1	0.7924101174345076
FNIP2	0.5712996811902231
FNTA	0.6777745098039216
FNTB	0.7587340823970037
FOCAD	0.7645073807071748
FOLH1	0.7029477551020408
FOLR1	0.5423189448441247
FOLR2	0.4450827205882353
FOLR3	0.49063215859030834
FOLR4	0.4314125874125874
FOPNL	0.5068333333333334
FOS	0.684427135678392
FOSB	0.7563317307692308
FOSL1	0.6441009900990099
FOSL2	0.6617452574525745
FOXA1	0.6476038647342994
FOXA2	0.6957003676470589
FOXA3	0.47483420593368236
FOXB1	0.8198650000000001
FOXB2	0.46479906542056076
FOXC1	0.5987704194260486
FOXC2	0.6622915567282321
FOXD1	0.4419732246798603
FOXD2	0.4181508844953174
FOXD3	0.5675515743756786
FOXD4	0.2853385093167702
FOXD4L1	0.28863093145869945
FOXD4L2	0.32701980198019803
FOXD4L3	0.28574961360123646
FOXD4L4	0.26391279887482416
FOXD4L5	0.2508953642384106
FOXD4L6	0.28295987654320987
FOXE1	0.386176386913229
FOXE3	0.37156545454545453
FOXF1	0.6011597542242704
FOXF2	0.5918222222222221
FOXG1	0.7283181818181819
FOXH1	0.4993039513677811
FOXI1	0.6232125984251968
FOXI2	0.3898211382113821
FOXJ1	0.6314360902255639
FOXJ2	0.7366763636363637
FOXJ3	0.79742774566474
FOXK1	0.6117178257394085
FOXK2	0.6551152263374486
FOXL1	0.5797988505747127
FOXL2	0.7419528487229863
FOXM1	0.5660020632737276
FOXN1	0.6279494949494949
FOXN2	0.8077993254637437
FOXN3	0.5217647058823529
FOXN4	0.6208032407407408
FOXO1	0.7343859250851306
FOXO3	0.7143293084522503
FOXO6	0.5453568030447192
FOXP1	0.775054704595186
FOXP2	0.6703003802281369
FOXP4	0.7085520421607379
FOXQ1	0.3569294478527607
FOXR1	0.5648102466793168
FOXRED1	0.5773434782608695
FOXRED2	0.6172280373831776
FOXS1	0.43838395904436855
FP15737	0.02572549019607843
FPGS	0.6154194260485651
FPGT	0.595330396475771
FPGT-TNNI3K	0.7775266055045872
FPR1	0.38362988115449914
FPR2	0.45969078947368425
FPR3	0.36341638225255973
FRA10AC1	0.6399907407407407
FRAS1	0.6592984656240779
FRAT1	0.5060037313432836
FRAT2	0.49539412997903565
FREM1	0.6564009661835749
FREM2	0.6064056635960423
FREM3	0.601264671769891
FRG1	0.6511811594202899
FRG1B	0.8557428571428571
FRG2	0.4038714499252616
FRG2B	0.37114436090225567
FRG2C	0.3852983508245877
FRK	0.6307613065326634
FRMD1	0.46124955436720144
FRMD3	0.7612790697674419
FRMD4A	0.6505049732211171
FRMD4B	0.7061233045622689
FRMD5	0.7646666666666667
FRMD6	0.7569264516129033
FRMD8	0.6491404494382023
FRMPD1	0.5133115889212828
FRMPD2	0.5458820697954272
FRRS1	0.5735309187279152
FRRS1L	0.6669029702970297
FRS2	0.8586751968503937
FRS3	0.6377618469015797
FRY	0.7520234047795024
FRYL	0.7710204260285963
FRZB	0.7211342925659473
FSBP	0.8536778846153846
FSCB	0.21457660167130918
FSCN1	0.753003355704698
FSCN2	0.6062294322132098
FSCN3	0.6250433145009416
FSD1	0.7219761146496816
FSD1L	0.6815987261146497
FSD2	0.6195049429657795
FSHB	0.6821659574468085
FSHR	0.6787089108910891
FSIP1	0.5551959287531807
FSIP2	0.4383783306344767
FST	0.8358615916955017
FSTL1	0.818741935483871
FSTL3	0.5903592017738359
FSTL4	0.6283154716981132
FSTL5	0.7736585144927537
FTCD	0.5867369970559372
FTCDNL1	0.4885963541666667
FTH1	0.5769369085173502
FTL	0.6454670846394984
FTMT	0.5977114285714286
FTO	0.5989401129943503
FTSJ2	0.47868846153846156
FTSJ3	0.6383632286995515
FUBP1	0.8903664921465969
FUBP3	0.7620613496932515
FUCA1	0.5545533141210375
FUCA2	0.6206092544987146
FUK	0.6110964777947933
FUOM	0.5613757062146892
FURIN	0.6722511251125113
FUS	0.8031470967741935
FUT1	0.4963328290468987
FUT10	0.5816275449101797
FUT11	0.6612207602339181
FUT2	0.4633034300791557
FUT3	0.3800162162162162
FUT4	0.376900677200903
FUT5	0.35449134948096883
FUT6	0.3483494623655914
FUT7	0.4661693811074919
FUT8	0.849757894736842
FUT9	0.8445172413793104
FUZ	0.6695947488584475
FXN	0.5710434782608695
FXR1	0.805704989154013
FXR2	0.7678782178217822
FXYD1	0.5943723404255319
FXYD2	0.5745208333333333
FXYD3	0.38040730337078654
FXYD4	0.5388817733990148
FXYD5	0.26239277108433734
FXYD6	0.5790963855421687
FXYD6-FXYD2	0.7446846846846846
FXYD7	0.8839067796610169
FYB	0.5791594855305466
FYCO1	0.5410036416605972
FYN	0.8147384259259259
FYTTD1	0.5998785211267605
FZD1	0.617832911392405
FZD10	0.7362479452054794
FZD2	0.6918154050464808
FZD3	0.7971320541760722
FZD4	0.7095518248175182
FZD5	0.6815693848354792
FZD6	0.6304412989175686
FZD7	0.7024945454545455
FZD8	0.6223727477477478
FZD9	0.6585363276089828
FZR1	0.7084114671163575
G0S2	0.5352732919254658
G2E3	0.6682811950790861
G3BP1	0.7353967065868263
G3BP2	0.8663827956989247
G6PC	0.651403785488959
G6PC2	0.709790513833992
G6PC3	0.625262482168331
GAA	0.5397732593961799
GAB1	0.7272103004291846
GAB2	0.7232509316770186
GAB4	0.6598795944233207
GABARAP	0.9011724137931034
GABARAPL1	0.659
GABARAPL2	0.9184444444444444
GABARAPL3	0.9839506172839506
GABBR1	0.7770016722408026
GABBR2	0.8327393422655298
GABPA	0.868024886877828
GABPB1	0.7113615384615384
GABPB2	0.6761401985111664
GABRA1	0.8153778625954198
GABRA2	0.7749659090909091
GABRA4	0.7427769110764431
GABRA5	0.7246088235294117
GABRA6	0.6842734806629834
GABRB1	0.813546247818499
GABRB2	0.8220972222222221
GABRB3	0.6798306451612903
GABRD	0.6768819018404908
GABRG1	0.7416206395348838
GABRG2	0.6825883190883191
GABRG3	0.6790424164524421
GABRP	0.7065504731861199
GABRR1	0.7558806228373702
GABRR2	0.7406284779050737
GABRR3	0.6943193277310924
GAD1	0.7637219343696028
GAD2	0.7848055555555555
GADD45A	0.7085791666666666
GADD45B	0.6367803030303031
GADD45G	0.7540801526717557
GADD45GIP1	0.6437057356608478
GADL1	0.7545957161981258
GAK	0.6055952157598499
GAL	0.42878884462151395
GAL3ST1	0.6828697318007663
GAL3ST2	0.4272552594670406
GAL3ST3	0.6957105263157896
GAL3ST4	0.5123088391906283
GALC	0.6171243654822335
GALE	0.7271644444444444
GALK1	0.6109233082706768
GALK2	0.581678188319428
GALM	0.5820501474926254
GALNS	0.5444927385892115
GALNT1	0.861885662431942
GALNT10	0.6770418848167539
GALNT11	0.6839699321047527
GALNT12	0.6326418079096046
GALNT13	0.811084485407066
GALNT14	0.6507346491228071
GALNT15	0.6068448132780083
GALNT16	0.7576739495798319
GALNT18	0.8166057046979865
GALNT2	0.7792652232746955
GALNT3	0.7618095890410959
GALNT4	0.6510585048754063
GALNT5	0.5405446313065977
GALNT6	0.5940078328981723
GALNT7	0.833385815602837
GALNT8	0.4447827586206896
GALNT9	0.6236618876941458
GALNTL5	0.5429822404371585
GALNTL6	0.7794829192546584
GALP	0.3186853448275862
GALR1	0.6627452229299363
GALR2	0.576536231884058
GALR3	0.6291137254901961
GALT	0.6673355780022446
GAMT	0.5054486607142857
GAN	0.7483079847908745
GANAB	0.6964037037037036
GANC	0.5644275582573455
GAP43	0.5114266666666667
GAPDH	0.7496059701492537
GAPDHS	0.6421515601783061
GAPT	0.3243798449612403
GAPVD1	0.8114966028412601
GAR1	0.8143729903536978
GAREM	0.6226441379310345
GAREML	0.5705643500643501
GARNL3	0.7766805324459235
GARS	0.6892377985462097
GART	0.6635670159955874
GAS1	0.6665205254515599
GAS2	0.8410251798561151
GAS2L1	0.47393277310924375
GAS2L2	0.4183429003021148
GAS2L3	0.5039445392491468
GAS6	0.5963573033707865
GAS7	0.784175313059034
GAS8	0.6542398190045249
GAST	0.4576834170854271
GATA2	0.7383057553956834
GATA3	0.765226907630522
GATA4	0.735
GATA5	0.5773560411311054
GATA6	0.6883103122043519
GATAD1	0.8343342776203966
GATAD2A	0.6268547430830039
GATAD2B	0.84758547008547
GATC	0.07452892561983472
GATM	0.8348493827160494
GATS	0.824456953642384
GATSL1	0.7454131578947368
GATSL2	0.7578808139534884
GATSL3	0.6081984282907662
GBA	0.6341826484018265
GBA2	0.6176221349050426
GBA3	0.5947660130718954
GBAS	0.6453446088794926
GBE1	0.7293522458628842
GBF1	0.7865773242630386
GBGT1	0.4161732776617954
GBP1	0.453617915904936
GBP2	0.424883429672447
GBP3	0.4294464
GBP4	0.4436737132352941
GBP5	0.45698827772768263
GBP6	0.47154863481228665
GBP7	0.41347037701974865
GBX1	0.6923060556464812
GBX2	0.7440446009389672
GC	0.5702880859375
GCA	0.5901303191489362
GCAT	0.6164273927392739
GCC1	0.6784933749025721
GCC2	0.6201954590325764
GCDH	0.5705470183486239
GCFC2	0.6072729181245626
GCG	0.7887401960784314
GCGR	0.5915164705882353
GCH1	0.6138947368421053
GCHFR	0.6981616161616161
GCK	0.6509521857923497
GCKR	0.6709319412219644
GCLC	0.7995984752223634
GCLM	0.8358483606557378
GCM1	0.4918907363420428
GCM2	0.5981954261954262
GCN1L1	0.7663569858712717
GCNT1	0.5892399540757749
GCNT2	0.4876065989847716
GCNT3	0.38256213017751484
GCNT4	0.6755612903225806
GCNT6	0.3146822995461422
GCNT7	0.5616272577996716
GCOM1	0.5973389004871259
GCSAM	0.2714365079365079
GCSAML	0.2468828996282528
GCSH	0.4987330960854093
GDA	0.6683547120418848
GDAP1	0.8039158415841584
GDAP1L1	0.716183908045977
GDAP2	0.7629824868651489
GDE1	0.6999418837675351
GDF1	0.38009615384615386
GDF10	0.5609636150234741
GDF11	0.7294890909090909
GDF15	0.17470833333333333
GDF2	0.5615464052287581
GDF3	0.4730969945355191
GDF5	0.8165760869565217
GDF5OS	0.24030864197530863
GDF6	0.6126503703703704
GDF7	0.5170266497461928
GDF9	0.5051359223300971
GDI2	0.769311411992263
GDNF	0.743497737556561
GDPD1	0.7684761904761905
GDPD3	0.6348047538200339
GDPD4	0.45399814814814815
GDPD5	0.6203519913885899
GDPGP1	0.5306517985611511
GEM	0.7548541666666666
GEMIN2	0.7758767507002801
GEMIN4	0.5856580335731415
GEMIN5	0.6923660455486543
GEMIN6	0.5186440677966101
GEMIN7	0.5817345132743363
GEN1	0.5028648124191462
GET4	0.5444227467811159
GFAP	0.5332105263157895
GFER	0.581602523659306
GFI1	0.6832570977917981
GFI1B	0.5726518987341772
GFM1	0.6997186411149826
GFM2	0.6945511882998171
GFOD1	0.6519300411522634
GFOD2	0.6714637436762226
GFPT1	0.8121032078103209
GFPT2	0.6202459943449576
GFRA1	0.7597656529516995
GFRA2	0.6899638932496075
GFRA3	0.5702678787878788
GFRA4	0.4912184154175589
GFRAL	0.5263831658291457
GGA1	0.6206970033296338
GGA2	0.5626739788199697
GGA3	0.543366391184573
GGACT	0.5846785714285715
GGCT	0.5361470588235294
GGCX	0.717404011461318
GGH	0.570517716535433
GGN	0.46739376770538243
GGNBP1	0.4042575107296137
GGNBP2	0.8891869158878505
GGPS1	0.8147627118644067
GGT1	0.5663907721280602
GGT2	0.6478290258449304
GGT5	0.46708253205128203
GGT6	0.477877532228361
GGT7	0.7621652593486128
GGTLC1	0.7627714285714285
GGTLC2	0.6693279069767442
GGTLC3	0.733053613053613
GH1	0.7413012422360249
GH2	0.5594754797441365
GHDC	0.505932668329177
GHITM	0.760850806451613
GHR	0.6412912442396314
GHRH	0.6407
GHRHR	0.5660676020408164
GHRL	0.49520860927152316
GHSR	0.6895358649789028
GID4	0.5500230088495575
GID8	0.7783531914893618
GIF	0.48805973451327433
GIGYF1	0.713618585298197
GIGYF2	0.7692704081632652
GIMAP1	0.30972336065573774
GIMAP2	0.25553405572755417
GIMAP4	0.2943313131313131
GIMAP5	0.26439719626168223
GIMAP6	0.3038506329113924
GIMAP7	0.3537057356608479
GIMAP8	0.3031997851772288
GIN1	0.7145390804597701
GINM1	0.6346290322580646
GINS1	0.630388198757764
GINS2	0.6922250922509224
GINS3	0.5531829268292683
GINS4	0.7622586750788644
GIP	0.4377106109324758
GIPC1	0.6101054263565892
GIPC2	0.656473880597015
GIPC3	0.6682241014799154
GIPR	0.5728682170542635
GIT1	0.6612325581395349
GIT2	0.7633568075117371
GJA1	0.7420489795918367
GJA10	0.4860801282051282
GJA3	0.48726883308714913
GJA4	0.5740080160320642
GJA5	0.5668660550458716
GJA8	0.6097802547770701
GJA9	0.48787862318840586
GJB2	0.6057874015748032
GJB3	0.5880388349514563
GJB4	0.45267538126361656
GJB5	0.5418200514138818
GJB6	0.6233422222222222
GJB7	0.6735605263157894
GJC1	0.7874559471365639
GJC2	0.5203943139678616
GJC3	0.47895454545454547
GJD2	0.8850967741935483
GJD3	0.37254195804195805
GJD4	0.38695348837209304
GJE1	0.8159406779661017
GK2	0.7251845819761129
GK5	0.6110541976620616
GKAP1	0.8935136778115502
GKN1	0.4543957845433255
GKN2	0.5965346062052506
GLB1	0.5670319596299411
GLB1L	0.6146048918156162
GLB1L2	0.5561144527986633
GLB1L3	0.4529123263888889
GLCCI1	0.7246297335203365
GLCE	0.7264466588511137
GLDC	0.7644657980456027
GLDN	0.6504899799599198
GLE1	0.6683954545454546
GLG1	0.7301617210682493
GLI1	0.5319825046040515
GLI2	0.5561940298507463
GLI3	0.624359325125399
GLI4	0.2708032258064516
GLIPR1	0.42562361623616235
GLIPR1L1	0.3000872641509434
GLIPR1L2	0.41448330914368653
GLIPR2	0.7288232323232323
GLIS1	0.6106310772163965
GLIS2	0.6958117647058825
GLIS3	0.7241315996847911
GLMN	0.7840059665871121
GLO1	0.7559953271028037
GLOD4	0.5608690851735015
GLP1R	0.7004178470254958
GLP2R	0.6101570680628273
GLRA1	0.775240694789082
GLRA3	0.7984493006993008
GLRB	0.7860079491255962
GLRX	0.6049954545454544
GLRX2	0.49505063291139245
GLRX3	0.7177173076923077
GLRX5	0.4871314102564102
GLS	0.7604162234042553
GLS2	0.7994560509554139
GLT1D1	0.5232743009320905
GLT6D1	0.375958742632613
GLT8D1	0.7562047531992687
GLT8D2	0.6670695364238411
GLTP	0.7292043010752688
GLTPD1	0.6137708333333333
GLTPD2	0.44874787052810905
GLTSCR1	0.5690026990553306
GLTSCR1L	0.7510958041958042
GLTSCR2	0.6010652680652679
GLUD1	0.7724545454545454
GLUL	0.7834111570247934
GLYAT	0.43770403587443946
GLYATL1	0.123082
GLYATL2	0.25128864059590317
GLYATL3	0.5883322147651007
GLYCTK	0.5643448275862069
GLYR1	0.8024571428571429
GM2A	0.426682808716707
GMCL1	0.8504788213627993
GMDS	0.776797619047619
GMEB1	0.8320917721518987
GMEB2	0.692923926380368
GMFB	0.7363893805309735
GMFG	0.6562277227722771
GMIP	0.5393804034582133
GML	0.15133333333333335
GMNC	0.6025618221258134
GMNN	0.62209375
GMPPA	0.7441130434782609
GMPPB	0.7935411764705882
GMPR	0.7611090047393365
GMPR2	0.6811735537190082
GMPS	0.840404401650619
GNA11	0.6833820224719102
GNA12	0.6033805460750854
GNA13	0.7651258741258741
GNA14	0.7041989342806394
GNA15	0.5672016925246827
GNAI1	0.8205189873417721
GNAI2	0.6123747412008281
GNAI3	0.8374313725490197
GNAL	0.6687224958949097
GNAO1	0.7333945205479453
GNAQ	0.7705558912386707
GNAS	0.5273690529124054
GNAT1	0.7508592233009709
GNAT2	0.7574335839598998
GNAT3	0.7701719745222929
GNAZ	0.7473566176470589
GNB1	0.7915983379501385
GNB1L	0.6145090909090909
GNB2	0.7712321839080459
GNB2L1	0.4219219968798752
GNB3	0.7373962264150944
GNB4	0.8001414392059554
GNB5	0.7194382978723405
GNE	0.8359901477832512
GNG10	0.9750769230769231
GNG11	0.9086794871794871
GNG12	0.7990102040816326
GNG13	0.773474358974359
GNG2	0.4438318584070796
GNG3	0.8111388888888889
GNG4	0.8123918918918919
GNG5	0.9338285714285713
GNG7	0.6694210526315789
GNG8	0.8131720430107527
GNGT1	0.6512887323943662
GNGT2	0.5144437086092715
GNL1	0.7572245575221238
GNL2	0.6273853881278538
GNL3	0.6023867102396514
GNLY	0.13399317406143343
GNMT	0.7094960835509139
GNPAT	0.6521548269581057
GNPDA1	0.6977435897435897
GNPDA2	0.803154761904762
GNPNAT1	0.8661055276381909
GNPTAB	0.6460337756332931
GNPTG	0.46281157024793385
GNRH1	0.6074974093264248
GNRH2	0.32587982832618023
GNRHR	0.6435566835871405
GNS	0.683
GOLGA1	0.6455889724310777
GOLGA2	0.5585818368394048
GOLGA3	0.6536959040132395
GOLGA4	0.6227004110996918
GOLGA5	0.6679124218051832
GOLGA6A	0.494488455988456
GOLGA6B	0.6457496240601504
GOLGA6C	0.5137040743388135
GOLGA6D	0.4807576621525303
GOLGA6L1	0.4217258160237388
GOLGA6L10	0.2526677814938684
GOLGA6L2	0.22166043307086614
GOLGA6L4	0.2157642585551331
GOLGA6L6	0.34958129315756437
GOLGA6L9	0.37147675568743815
GOLGA7	0.8379006622516556
GOLGA7B	0.29119502074688797
GOLGA8A	0.41461368496079826
GOLGA8B	0.46735856269113146
GOLGA8F	0.5872542498152253
GOLGA8G	0.606503380916604
GOLGA8H	0.6506421725239617
GOLGA8I	0.48091654465592976
GOLGA8J	0.5445745173745175
GOLGA8K	0.5732768532526474
GOLGA8M	0.516300518134715
GOLGA8N	0.5025950292397661
GOLGA8O	0.4804308437067773
GOLGA8Q	0.49498452220726785
GOLGA8R	0.4451184573002755
GOLGA8S	0.5129677182685253
GOLGA8T	0.5706406858924395
GOLGB1	0.5515611851851852
GOLIM4	0.5783283582089552
GOLM1	0.46398433048433046
GOLPH3	0.7595938461538462
GOLPH3L	0.6991052631578947
GOLT1A	0.6504978354978355
GOLT1B	0.8211271186440678
GON4L	0.5405186246418339
GOPC	0.811095602294455
GORAB	0.4205343203230148
GORASP1	0.4955927552140505
GORASP2	0.5957650834403081
GOSR1	0.5879166666666666
GOSR2	0.5788316498316499
GOT1	0.6940863309352517
GOT1L1	0.5622672919109026
GOT2	0.7723634615384616
GP1BA	0.39438582677165357
GP1BB	0.46398786407766995
GP2	0.49985499058380417
GP5	0.3544558680892338
GP6	0.19778256880733944
GP9	0.4377329376854599
GPA33	0.41442002989536625
GPAA1	0.7098708920187793
GPALPP1	0.7694145833333333
GPAM	0.7570158286778398
GPANK1	0.567188679245283
GPAT2	0.6169524969549329
GPATCH1	0.657544244843646
GPATCH11	0.7542352941176471
GPATCH2	0.7222807486631015
GPATCH2L	0.6078271604938271
GPATCH3	0.5596368534482759
GPATCH4	0.3797152209492635
GPATCH8	0.6837841220179898
GPBAR1	0.626551937984496
GPBP1	0.8332948328267477
GPBP1L1	0.901232198142415
GPC1	0.4687907884465261
GPC2	0.6932314126394052
GPC5	0.6793990521327014
GPC6	0.7531355463347166
GPCPD1	0.7970744382022472
GPD1	0.6762156488549618
GPD1L	0.644033167495854
GPD2	0.766316265060241
GPER1	0.6656280373831776
GPHA2	0.596218085106383
GPHN	0.7785628865979382
GPI	0.6838115942028986
GPIHBP1	0.21575449101796407
GPLD1	0.5936082158185162
GPM6A	0.8250161943319838
GPN1	0.708751012145749
GPN2	0.7134635922330097
GPN3	0.6347550561797753
GPNMB	0.5057415946205571
GPR1	0.6215641025641025
GPR107	0.6040505154639175
GPR108	0.5822382513661203
GPR110	0.4758043810494142
GPR111	0.4715866197183099
GPR113	0.3993663233318406
GPR114	0.4448214676889376
GPR115	0.5131080901856764
GPR116	0.5098485288775881
GPR12	0.7359146341463414
GPR123	0.3381338028169014
GPR124	0.6217150236762806
GPR125	0.7036786240786241
GPR126	0.6714808380173735
GPR128	0.5274661406969099
GPR132	0.37286588541666665
GPR133	0.5619211908931699
GPR135	0.5859506880733945
GPR137	0.6604827109266943
GPR137B	0.7355868372943327
GPR137C	0.7030446685878963
GPR139	0.7528630136986302
GPR141	0.5436223404255319
GPR142	0.5848916256157636
GPR144	0.4967574786324786
GPR146	0.7031362725450901
GPR148	0.39996612466124665
GPR149	0.5935348837209302
GPR15	0.4983400576368876
GPR150	0.5010021074815596
GPR151	0.6359312762973351
GPR152	0.38884536082474225
GPR153	0.6075733944954128
GPR155	0.7850440251572327
GPR156	0.4781975609756097
GPR157	0.6158372549019607
GPR158	0.6719834490122798
GPR160	0.485525
GPR161	0.6134289308176101
GPR162	0.7499938118811881
GPR17	0.6383565217391305
GPR171	0.5642164179104477
GPR176	0.6403923664122138
GPR179	0.36853581191908147
GPR18	0.679168
GPR180	0.7542974789915967
GPR182	0.5477988505747126
GPR183	0.6716661184210526
GPR19	0.6845897858319604
GPR20	0.5088997005988024
GPR21	0.7868132118451026
GPR22	0.8076964285714285
GPR25	0.2923888
GPR26	0.8132780612244899
GPR27	0.8591906779661017
GPR3	0.6006335740072202
GPR31	0.347544061302682
GPR32	0.3606253968253968
GPR33	0.4140242326332795
GPR35	0.24550143266475644
GPR37	0.4542471204188481
GPR37L1	0.576626213592233
GPR39	0.585080971659919
GPR4	0.5845382215288611
GPR42	0.42811598746081503
GPR45	0.6240896860986548
GPR52	0.8719973614775727
GPR55	0.4346936936936937
GPR56	0.5763841598815692
GPR6	0.6422664233576643
GPR61	0.6509909326424871
GPR62	0.557050139275766
GPR63	0.733854716981132
GPR65	0.5478398876404494
GPR68	0.6422528957528958
GPR75	0.6837163289630513
GPR75-ASB3	0.6734527559055118
GPR78	0.6133907894736842
GPR83	0.6671661184210527
GPR84	0.5347054380664653
GPR85	0.902641791044776
GPR87	0.6142541208791209
GPR88	0.7473779761904762
GPR89A	0.7443026584867075
GPR89B	0.8373240343347639
GPR89C	0.788962962962963
GPR97	0.43951230628988147
GPR98	0.6748886548850838
GPRC5A	0.5547432835820896
GPRC5B	0.7107341977309563
GPRC5C	0.4838396475770925
GPRC5D	0.5428695652173913
GPRC6A	0.6283040871934605
GPRIN1	0.3035206043956044
GPRIN2	0.3974255319148936
GPRIN3	0.3475019011406844
GPS1	0.7130242914979757
GPS2	0.8235897959183675
GPSM1	0.5646768189509306
GPSM2	0.7537409638554217
GPSM3	0.7171914893617021
GPT	0.5815583333333334
GPT2	0.7508448060075094
GPX1	0.5808179347826087
GPX2	0.7203669724770642
GPX3	0.57308
GPX4	0.4648260869565217
GPX5	0.5579769820971867
GPX6	0.5627364341085271
GPX7	0.745567901234568
GPX8	0.7374732142857143
GRAMD1A	0.6507171717171717
GRAMD1B	0.7311892857142857
GRAMD1C	0.6494995759117896
GRAMD2	0.5613893653516295
GRAMD3	0.597771282051282
GRAMD4	0.6201326963906582
GRAP	0.5625517241379311
GRAP2	0.5954958540630182
GRAPL	0.6847761194029851
GRASP	0.6050165517241379
GRB10	0.6854965437788018
GRB14	0.8412814159292036
GRB2	0.7571166666666667
GRB7	0.6103450704225352
GREB1	0.6354799999999999
GREB1L	0.7501748427672955
GREM1	0.8019948717948718
GREM2	0.7375409090909091
GRHL1	0.6736077097505668
GRHL2	0.7476121883656509
GRHL3	0.6604809160305343
GRHPR	0.6133709677419354
GRIA1	0.7317329650092081
GRIA2	0.8375822222222223
GRIA4	0.7433821313240043
GRID1	0.7613360655737705
GRID2	0.7722709891936825
GRID2IP	0.6505820895522388
GRIK1	0.8085965583173996
GRIK1-AS2	0.07768253968253969
GRIK2	0.7814958871915394
GRIK3	0.745456400742115
GRIK4	0.7693519441674975
GRIK5	0.5988918149466192
GRIN1	0.7761661538461538
GRIN2A	0.7584881974248926
GRIN2B	0.776245166279969
GRIN2C	0.5878791400348634
GRIN2D	0.5297506493506493
GRIN3A	0.7598629088378567
GRIN3B	0.4726896748431261
GRINA	0.6509148629148629
GRIP1	0.7835463994060875
GRK1	0.6409791044776119
GRK4	0.5667094017094017
GRK5	0.7410945595854922
GRK6	0.7443808882907134
GRK7	0.6321758118701009
GRM1	0.7154466273739358
GRM2	0.6926017350157729
GRM3	0.7605085854456255
GRM4	0.6370317940953822
GRM5	0.6533902582159624
GRM6	0.6745438311688312
GRM7	0.6595477888730386
GRM8	0.7477704315886134
GRN	0.4454045725646123
GRP	0.47457467532467534
GRPEL1	0.6654628712871287
GRPEL2	0.7019555555555554
GRSF1	0.6954489436619719
GRTP1	0.6633507109004739
GRWD1	0.6965675675675677
GRXCR1	0.7120264550264551
GRXCR2	0.6609315789473684
GS1-259H13.10	0.46809944751381216
GSAP	0.674041196013289
GSC	0.8229153225806451
GSC2	0.41740591397849464
GSDMA	0.7383869463869464
GSDMB	0.18550613496932516
GSDMC	0.21254771241830064
GSDMD	0.2577370983446933
GSE1	0.6131673936750273
GSG1	0.5971720430107527
GSG1L	0.5815336538461539
GSG2	0.4122039660056657
GSK3A	0.8117213930348259
GSK3B	0.913020942408377
GSKIP	0.7372927927927928
GSN	0.6633255605381165
GSPT1	0.7914297253634894
GSR	0.6098757259001161
GSS	0.7383333333333334
GSTA1	0.50672
GSTA2	0.4791559633027523
GSTA3	0.5084073226544623
GSTA4	0.5952074592074592
GSTA5	0.4993263403263404
GSTCD	0.66219820971867
GSTK1	0.6228174097664543
GSTM1	0.569504761904762
GSTM2	0.5144438095238095
GSTM3	0.6803074534161491
GSTM4	0.585985111662531
GSTM5	0.5936705882352942
GSTO1	0.5788650602409638
GSTO2	0.6350274599542334
GSTP1	0.6759853372434017
GSTT1	0.4698649635036496
GSTT2	0.41601434426229505
GSTT2B	0.4138185404339251
GSTZ1	0.706406528189911
GSX1	0.8037528409090909
GSX2	0.6274171428571429
GTDC1	0.6744527272727273
GTF2A1	0.7923462603878115
GTF2A1L	0.32095833333333335
GTF2A2	0.8688196721311475
GTF2B	0.8838931297709924
GTF2E1	0.7334617169373551
GTF2E2	0.7577072463768115
GTF2F1	0.6258051282051282
GTF2F2	0.8847826086956522
GTF2H1	0.9030430107526882
GTF2H2	0.8429076576576576
GTF2H2C	0.8604967032967034
GTF2H3	0.6553032786885246
GTF2H4	0.7795820895522388
GTF2H5	0.8548428571428571
GTF2I	0.7905577164366373
GTF2IRD1	0.6855356104651164
GTF2IRD2	0.5514581673306772
GTF2IRD2B	0.5363059936908517
GTF3A	0.5597674772036474
GTF3C1	0.5930396499863276
GTF3C2	0.7211284153005464
GTF3C3	0.7148657616892912
GTF3C4	0.7014957264957264
GTF3C5	0.5453939720129171
GTF3C6	0.6798914285714286
GTPBP1	0.5945930735930736
GTPBP10	0.6425900621118013
GTPBP2	0.6584074074074073
GTPBP3	0.5331612565445026
GTPBP4	0.7950104046242774
GTPBP8	0.5963126550868486
GTSCR1	0.0036904761904761906
GTSE1	0.3005995004163197
GTSF1	0.8364199999999999
GTSF1L	0.6074027149321266
GUCA1A	0.6428196721311475
GUCA1B	0.7298532818532819
GUCA1C	0.5948992805755395
GUCA2A	0.5567574257425743
GUCA2B	0.4920304347826087
GUCD1	0.5447619047619048
GUCY1A2	0.7473460350154479
GUCY1A3	0.7229808743169399
GUCY1B3	0.7246567357512953
GUCY2C	0.6568763076923076
GUCY2D	0.5544594594594595
GUF1	0.757302649930265
GUK1	0.5346482889733841
GULP1	0.8282149253731343
GUSB	0.5957738883632923
GVQW1	0.04383731019522776
GXYLT1	0.6984660194174757
GXYLT2	0.6385562043795621
GYG1	0.7420087527352298
GYLTL1B	0.6280944386149002
GYPA	0.1411958041958042
GYPB	0.12782439024390244
GYPC	0.4012698412698413
GYPE	0.08551724137931034
GYS1	0.646936170212766
GYS2	0.7420365344467641
GZF1	0.6133359858532272
GZMA	0.4789532908704883
GZMB	0.3676604215456674
GZMH	0.37395844155844155
GZMK	0.4433669201520913
GZMM	0.21979274611398963
H1F0	0.7807672413793104
H1FNT	0.38578
H1FOO	0.24429790940766552
H1FX	0.6131758530183727
H2AFJ	0.6656818181818182
H2AFV	0.6451941176470588
H2AFX	0.7050808823529412
H2AFY	0.7880833333333334
H2AFY2	0.7887450980392157
H2AFZ	0.8667635135135136
H3F3A	0.8741315789473684
H3F3B	0.7114146341463414
H3F3C	0.8998285714285714
H6PD	0.6103138741470812
HAAO	0.6427894736842106
HABP2	0.5073677007299271
HABP4	0.6687134416543574
HACE1	0.8421712707182321
HACL1	0.7206547884187082
HADH	0.5351469194312796
HADHA	0.7143336170212766
HADHB	0.735220367278798
HAGH	0.5756038461538462
HAGHL	0.5047166123778501
HAL	0.7344075342465753
HAMP	0.39639102564102563
HAND1	0.7552922077922077
HAND2	0.885125
HAO1	0.7241922428330523
HAO2	0.6430131578947368
HAP1	0.40157074175824176
HAPLN1	0.7077996323529412
HAPLN2	0.5376526479750778
HAPLN3	0.5018357810413885
HAPLN4	0.5733620689655172
HARBI1	0.7877976424361492
HARS	0.7776528925619836
HARS2	0.6683109452736319
HAS1	0.5833091482649843
HAS2	0.8560676229508197
HAS3	0.7093350062735257
HAT1	0.9135201793721973
HAUS1	0.6821252371916509
HAUS2	0.5811729323308271
HAUS3	0.6804776632302406
HAUS4	0.7455872340425532
HAUS5	0.5591109540636042
HAUS6	0.548049008168028
HAUS8	0.38530388692579504
HAVCR1	0.24246707503828482
HAVCR2	0.40199666666666667
HAX1	0.6258361266294228
HBA1	0.531563025210084
HBA2	0.47624696356275303
HBB	0.5757413127413127
HBCBP	0.11056418918918917
HBD	0.47842942942942945
HBE1	0.6571358024691358
HBEGF	0.7295925925925926
HBG1	0.4828397435897435
HBG2	0.4662900302114804
HBM	0.3355495495495496
HBP1	0.7685886075949366
HBQ1	0.3924
HBS1L	0.6582152112676057
HBZ	0.5509239130434783
HCAR1	0.4111395683453238
HCAR2	0.43896875
HCAR3	0.4330080213903743
HCFC1R1	0.6059666666666667
HCFC2	0.7687157894736842
HCG27	0.06911140583554376
HCK	0.6103095499451152
HCLS1	0.6015567502986857
HCN1	0.6870242070116861
HCN2	0.4910328836424958
HCN3	0.6495937211449677
HCN4	0.6125387186629527
HCRT	0.5367641509433962
HCRTR1	0.7044555921052632
HCRTR2	0.7920157894736842
HCST	0.4372
HDAC1	0.8270588235294117
HDAC10	0.514978909090909
HDAC11	0.6470723981900451
HDAC2	0.8718304721030044
HDAC3	0.8331374663072776
HDAC4	0.6785158208955223
HDAC5	0.7147170398009951
HDAC7	0.6662523255813954
HDAC9	0.8145039138943249
HDC	0.6603059210526315
HDDC2	0.6346609589041096
HDDC3	0.6503291925465838
HDGF	0.5224602150537634
HDGFL1	0.3261477272727273
HDGFRP2	0.5304420338983051
HDGFRP3	0.5655509433962265
HDHD2	0.7967251308900524
HDHD3	0.5668888888888889
HDLBP	0.7329840531561462
HEATR1	0.6708741239892184
HEATR2	0.5425211864406779
HEATR3	0.742737899543379
HEATR4	0.5121368783850321
HEATR5A	0.7866014915693904
HEATR5B	0.7856048329779673
HEATR6	0.6452565552699229
HEBP1	0.736677811550152
HEBP2	0.3739453551912568
HECA	0.6961372832369942
HECTD1	0.8930991379310346
HECTD2	0.8361580645161291
HECTD3	0.7153848019401778
HECTD4	0.7638255513610173
HECW1	0.6467872641509435
HECW2	0.6811876663708961
HEG1	0.3523797169811321
HELB	0.5186017791732077
HELLS	0.6600295434198747
HELQ	0.646576852418861
HELT	0.6618147208121827
HELZ	0.8045921633554084
HELZ2	0.48299375780274656
HEMGN	0.35446796116504853
HEMK1	0.6067781250000001
HENMT1	0.4966184210526316
HEPACAM	0.7096304700162074
HEPACAM2	0.7041862630966239
HEPHL1	0.6565829807240244
HEPN1	0.07738216560509555
HERC1	0.8083117838207627
HERC2	0.7716039634618362
HERC3	0.8243956244302644
HERC4	0.7661823529411764
HERC5	0.5516477108433735
HERC6	0.4962947206560738
HERPUD1	0.6161314432989691
HERPUD2	0.7529489436619718
HES1	0.7903956310679611
HES2	0.43244638403990027
HES3	0.4028959537572254
HES4	0.4854331065759637
HES5	0.5420102739726027
HES6	0.3574248788368336
HES7	0.8322640264026402
HESX1	0.6775719424460432
HEXA	0.5685330490405117
HEXB	0.5380340788072417
HEXDC	0.48250000000000004
HEXIM1	0.6390443159922928
HEXIM2	0.4733092979127135
HEY1	0.725994011976048
HEY2	0.6510916808149406
HEYL	0.5599968847352025
HFE	0.4466186107470511
HFE2	0.4978007334963325
HFM1	0.617
HGD	0.779519427402863
HGF	0.8245943181818182
HGFAC	0.3341478933791917
HGS	0.6476817733990148
HGSNAT	0.5452167381974249
HHAT	0.5996576846307385
HHATL	0.7016958333333333
HHEX	0.8020617283950617
HHIP	0.8223161094224923
HHIPL1	0.552241935483871
HHIPL2	0.5448317972350231
HHLA1	0.465031914893617
HHLA2	0.2853333333333333
HHLA3	0.12671333333333334
HIAT1	0.8282011173184357
HIATL1	0.7449320619785459
HIATL2	0.5533388157894737
HIBADH	0.710865671641791
HIBCH	0.5967911392405063
HIC1	0.5999671052631579
HIC2	0.6494405762304922
HID1	0.6786792645556691
HIF1A	0.7852505617977529
HIF1AN	0.7939283489096574
HIF3A	0.5463149210903874
HIGD1A	0.72875935828877
HIGD1B	0.5389360730593608
HIGD1C	0.740748502994012
HIGD2A	0.5334976303317536
HIGD2B	0.7467999999999999
HILPDA	0.4679461077844312
HINFP	0.6302002369668247
HINT1	0.6925950704225352
HINT2	0.6932985074626866
HINT3	0.670474074074074
HIP1	0.6548547557840617
HIP1R	0.6320612745098039
HIPK1	0.7891828737300435
HIPK2	0.741363482671175
HIPK3	0.8018690969345484
HIPK4	0.5947857754927164
HIRA	0.7902962641181581
HIRIP3	0.4437040404040404
HIST1H1A	0.48955679287305126
HIST1H1B	0.5583146551724137
HIST1H1C	0.5529926829268292
HIST1H1D	0.5576584821428571
HIST1H1E	0.5974603174603175
HIST1H1T	0.45822751322751326
HIST1H2AA	0.6031610169491526
HIST1H2AB	0.6387159763313609
HIST1H2AC	0.6539789473684211
HIST1H2AD	0.6529783783783784
HIST1H2AE	0.6425542857142857
HIST1H2AG	0.6650284090909091
HIST1H2AH	0.6453736263736264
HIST1H2AI	0.6741837837837839
HIST1H2AJ	0.6716888888888889
HIST1H2AK	0.6704360465116279
HIST1H2AL	0.6260294117647058
HIST1H2AM	0.6745812499999999
HIST1H2BA	0.6296150234741784
HIST1H2BB	0.6813513513513514
HIST1H2BC	0.7229739130434782
HIST1H2BD	0.7497777777777778
HIST1H2BE	0.67962
HIST1H2BF	0.7073959731543624
HIST1H2BG	0.6656911764705883
HIST1H2BH	0.7247906976744186
HIST1H2BI	0.7214935897435897
HIST1H2BJ	0.7079716312056737
HIST1H2BK	0.7122260869565218
HIST1H2BL	0.7214028776978417
HIST1H2BM	0.6989014084507043
HIST1H2BN	0.47718716577540105
HIST1H2BO	0.7453283582089552
HIST1H3A	0.7013246753246754
HIST1H3B	0.6735491803278688
HIST1H3C	0.6970999999999999
HIST1H3D	0.7579310344827587
HIST1H3E	0.7076524822695035
HIST1H3F	0.7341360544217688
HIST1H3G	0.727027027027027
HIST1H3H	0.740103448275862
HIST1H3I	0.755062015503876
HIST1H3J	0.7333481481481481
HIST1H4A	0.6798979591836735
HIST1H4B	0.6379754098360656
HIST1H4C	0.6425903614457832
HIST1H4D	0.6747692307692308
HIST1H4E	0.6458853503184713
HIST1H4F	0.6559320987654321
HIST1H4G	0.6955359999999999
HIST1H4H	0.6731811594202899
HIST1H4I	0.723935064935065
HIST1H4J	0.6959183673469388
HIST1H4K	0.693816
HIST1H4L	0.6748181818181818
HIST2H2AA3	0.7158351063829788
HIST2H2AA4	0.6525505617977528
HIST2H2AB	0.68401
HIST2H2AC	0.6565970873786408
HIST2H2BE	0.7033364485981309
HIST2H2BF	0.4670979381443299
HIST2H3A	0.7688771929824562
HIST2H3C	0.8189918699186992
HIST2H3D	0.7685138888888888
HIST2H3PS2	0.7803333333333334
HIST2H4A	0.6784035087719299
HIST2H4B	0.6663125
HIST3H2A	0.7167526881720431
HIST3H2BB	0.7042387096774193
HIST3H3	0.7013016759776537
HIST4H4	0.7010409356725146
HIVEP1	0.4444147180192572
HIVEP2	0.7054092961487384
HIVEP3	0.614328219432822
HJURP	0.2330698412698413
HK1	0.637704811443433
HK2	0.6769140083217753
HK3	0.5523547826086956
HKDC1	0.6592949456174024
HKR1	0.2703212669683258
HLA-A	0.30484640522875817
HLA-B	0.35560968229954615
HLA-C	0.26949434571890146
HLA-DMA	0.4669428076256499
HLA-DMB	0.5706114130434782
HLA-DOA	0.4773241379310345
HLA-DOB	0.4427145328719723
HLA-DPA1	0.46813940520446096
HLA-DPB1	0.3402630560928433
HLA-DQA1	0.43419343696027635
HLA-DQA2	0.44488497217068645
HLA-DQB1	0.4254189723320158
HLA-DQB2	0.4632706333973129
HLA-DRA	0.5407021276595745
HLA-DRB1	0.4523896103896104
HLA-DRB5	0.4288127272727273
HLA-E	0.3345170278637771
HLA-F	0.29309240506329115
HLA-G	0.27483919597989953
HLCS	0.546749063670412
HLF	0.7722320261437908
HLTF	0.7620766253869968
HLX	0.5406363636363636
HM13	0.76533423180593
HMBOX1	0.76101244813278
HMBS	0.7294926470588236
HMCES	0.6397705479452055
HMCN1	0.7118022781899885
HMCN2	0.582000687600275
HMG20A	0.8144833836858005
HMG20B	0.5710910931174088
HMGA1	0.8421609195402299
HMGA2	0.18431111111111112
HMGB1	0.8014803921568628
HMGB2	0.7986833976833977
HMGB4	0.5899498525073746
HMGCL	0.5159856770833333
HMGCLL1	0.6897353497164461
HMGCR	0.7670479735318445
HMGCS1	0.8352480499219969
HMGCS2	0.6692371871275328
HMGN1	0.6229333333333333
HMGN2	0.920275
HMGN3	0.9640740740740741
HMGN4	0.681845
HMGXB3	0.6947250688705234
HMGXB4	0.7002752688172043
HMHA1	0.5022001911132346
HMHB1	0.06527272727272727
HMMR	0.6935028653295129
HMOX1	0.5597430025445292
HMOX2	0.7154952606635071
HMSD	0.3869621451104101
HMX1	0.40071794871794875
HMX2	0.71871875
HMX3	0.750020202020202
HN1	0.6131993865030675
HN1L	0.407241452991453
HNF1A	0.6545811567164179
HNF1B	0.7578767605633803
HNF4A	0.7039359430604982
HNF4G	0.7720270270270271
HNMT	0.5990866013071896
HNRNPA0	0.7951782407407407
HNRNPA1	0.8044501992031873
HNRNPA1L2	0.5466666666666666
HNRNPA2B1	0.8861410788381743
HNRNPA3	0.9232177914110429
HNRNPAB	0.7874782608695652
HNRNPC	0.8841119133574007
HNRNPCL1	0.8078512931034483
HNRNPD	0.8959162561576355
HNRNPDL	0.8453031026252984
HNRNPF	0.831172932330827
HNRNPH1	0.8656242236024845
HNRNPH3	0.9259490445859873
HNRNPK	0.8940237288135594
HNRNPL	0.7455818639798488
HNRNPLL	0.8421189591078067
HNRNPM	0.814931788931789
HNRNPR	0.91032
HNRNPU	0.7957539936102236
HNRNPUL1	0.749544
HNRNPUL2	0.922875
HNRNPUL2-BSCL2	0.7514927140255009
HOGA1	0.7354630738522954
HOMER1	0.8896072874493928
HOMER2	0.7455361445783133
HOMER3	0.6877901785714285
HOMEZ	0.6974871559633027
HOOK1	0.791137168141593
HOOK2	0.6261981776765375
HOOK3	0.8835241477272727
HOPX	0.3987215909090909
HORMAD1	0.6795376712328768
HORMAD2	0.6713646209386281
HOXA1	0.8552222222222222
HOXA10	0.824593220338983
HOXA11	0.8976650485436893
HOXA13	0.75759375
HOXA2	0.8058701298701298
HOXA3	0.7501809290953545
HOXA4	0.6108915662650602
HOXA5	0.9475057471264369
HOXA6	0.892429347826087
HOXA7	0.6676908212560386
HOXA9	0.7566868686868686
HOXB1	0.5433025641025641
HOXB13	0.6615075187969925
HOXB2	0.5511133603238867
HOXB3	0.6686375488917862
HOXB4	0.7872
HOXB5	0.8463165829145729
HOXB6	0.7263625730994152
HOXB7	0.7331904761904762
HOXB8	0.7356014492753623
HOXB9	0.8921796116504854
HOXC10	0.7623087885985749
HOXC11	0.8785910652920962
HOXC12	0.8317540453074433
HOXC13	0.8288660049627792
HOXC4	0.9317326203208557
HOXC5	0.9101654135338345
HOXC6	0.9250316455696203
HOXC8	0.9062116788321167
HOXC9	0.8823761467889908
HOXD1	0.41824739195231
HOXD10	0.9036428571428572
HOXD11	0.8301691176470588
HOXD12	0.7063743169398907
HOXD13	0.7024290375203915
HOXD3	0.7150514541387024
HOXD4	0.7613041474654378
HOXD8	0.7607138263665595
HOXD9	0.7776659340659341
HP	0.5063571428571428
HP1BP3	0.822275
HPCA	0.701472049689441
HPCAL1	0.5910758620689656
HPCAL4	0.812
HPD	0.7017552447552448
HPDL	0.5467377279102384
HPGD	0.7161571753986332
HPGDS	0.7259067796610169
HPN	0.6667884097035041
HPR	0.4929531442663379
HPS1	0.6407274436090226
HPS3	0.6603116147308782
HPS4	0.44349742268041237
HPS5	0.6527869615832363
HPS6	0.6112157996146436
HPSE	0.6080916179337232
HPSE2	0.8544646464646465
HPX	0.5764686098654709
HR	0.5803619813717189
HRAS	0.767536496350365
HRASLS	0.5286379746835443
HRASLS2	0.3923003663003663
HRASLS5	0.4320659574468085
HRC	0.2498218988218988
HRCT1	0.2789875518672199
HRG	0.3351082995951417
HRH1	0.48856806930693064
HRH2	0.525380655226209
HRH3	0.564136034732272
HRH4	0.510606973058637
HRK	0.9698409090909091
HRNR	0.09952995391705069
HRSP12	0.6761440329218107
HS1BP3	0.4462573726541555
HS2ST1	0.696023076923077
HS3ST1	0.7216363636363636
HS3ST2	0.6541923076923077
HS3ST3A1	0.5388875968992247
HS3ST3B1	0.6921753653444677
HS3ST4	0.6280988538681949
HS3ST5	0.8433852459016393
HS3ST6	0.5784871794871794
HS6ST1	0.7527817679558011
HS6ST3	0.6905581395348838
HSBP1	0.8107373737373738
HSBP1L1	0.5499078947368421
HSCB	0.6284452736318408
HSD11B1	0.587921200750469
HSD11B1L	0.39809574468085107
HSD11B2	0.6285845539280959
HSD17B1	0.4908670886075949
HSD17B11	0.672478184991274
HSD17B12	0.7000921305182342
HSD17B13	0.5659721767594108
HSD17B14	0.5720381944444444
HSD17B2	0.43503829160530194
HSD17B3	0.6163581081081081
HSD17B4	0.6169009661835749
HSD17B6	0.48766265060240965
HSD17B7	0.5729706744868035
HSD17B8	0.7757454128440368
HSD3B1	0.5390886981402002
HSD3B2	0.5467798036465638
HSD3B7	0.66112734082397
HSDL1	0.6650524642289348
HSDL2	0.7390944444444444
HSF1	0.6089696376101861
HSF2	0.8429404553415062
HSF2BP	0.7760945454545454
HSF4	0.6057757437070938
HSF5	0.7677836257309941
HSH2D	0.35469085631349784
HSP90AA1	0.6542629449838188
HSP90AB1	0.8042347729789591
HSP90B1	0.8030820980615735
HSPA12A	0.7346330935251798
HSPA12B	0.6464717994628469
HSPA13	0.7078429629629629
HSPA14	0.8026447721179625
HSPA1A	0.6301853759011328
HSPA1B	0.6931696535244922
HSPA1L	0.7128590021691974
HSPA2	0.76528345323741
HSPA4	0.8110021881838074
HSPA4L	0.7882237697307335
HSPA5	0.8418340486409156
HSPA6	0.6864711033274956
HSPA8	0.7901616766467066
HSPA9	0.7002855567805953
HSPB1	0.6557220543806647
HSPB11	0.4138165548098434
HSPB2	0.7454957627118645
HSPB2-C11orf52	0.32976595744680853
HSPB3	0.6449634703196346
HSPB6	0.5706372881355932
HSPB7	0.466874251497006
HSPB8	0.5424073319755601
HSPB9	0.28118649517684885
HSPBAP1	0.5575253333333333
HSPBP1	0.7504629981024667
HSPD1	0.730110067114094
HSPE1	0.8347698412698412
HSPE1-MOB4	0.9330879120879121
HSPG2	0.6157038126919141
HSPH1	0.7386666666666667
HTATIP2	0.547885496183206
HTN1	0.2118970588235294
HTN3	0.18683333333333332
HTR1A	0.6611500789889415
HTR1B	0.7405063752276867
HTR1D	0.668103937007874
HTR1E	0.7701742286751361
HTR1F	0.7784114490161002
HTR2A	0.6407221494102228
HTR2B	0.7368724832214766
HTR3A	0.6016676300578034
HTR3B	0.5986994011976048
HTR3C	0.4659183895538629
HTR3D	0.4548625363020329
HTR3E	0.4977357456140351
HTR4	0.5305856353591161
HTR5A	0.6616601178781926
HTR5A-AS1	0.10454471544715448
HTR6	0.5745560471976401
HTR7	0.5706156914893618
HTRA1	0.6544088607594936
HTRA2	0.6138358024691358
HTRA3	0.6575971867007673
HTRA4	0.5667199148029819
HTT	0.6805372891688681
HUG1	0.24771023965141611
HUNK	0.6849749768303984
HUS1	0.6724024144869216
HUS1B	0.4798116385911179
HVCN1	0.6116062378167642
HYAL1	0.4852385204081633
HYAL2	0.5609021329987453
HYAL3	0.4789619771863118
HYAL4	0.4850731707317073
HYDIN	0.5974677677677678
HYI	0.5927281191806332
HYKK	0.5176588957055215
HYLS1	0.6016543001686341
HYOU1	0.6753874378109452
IAH1	0.5821829521829521
IAPP	0.42904225352112674
IARS	0.7420168161434978
IARS2	0.6758379008746355
IBA57	0.4852173228346457
IBA57-AS1	0.07931330472103004
IBSP	0.5942701812191103
IBTK	0.7645680981595092
ICA1	0.5444060975609756
ICA1L	0.6732410926365796
ICAM1	0.33899270833333334
ICAM2	0.3455783664459161
ICAM3	0.2515680529300567
ICAM4	0.4333321364452423
ICAM5	0.5401824668705403
ICK	0.7376034115138592
ICMT	0.7837672634271099
ICOS	0.5214905660377358
ICOSLG	0.23861744022503517
ICT1	0.5657930107526882
ID1	0.6556327272727273
ID2	0.8832375000000001
ID3	0.8176571428571429
ID4	0.7827224880382775
IDE	0.7633670613562971
IDH1	0.7587728155339806
IDH2	0.6813117546848382
IDH3A	0.7348229166666667
IDH3B	0.7377984790874524
IDI1	0.5892319474835886
IDI2	0.5195968992248062
IDNK	0.3315633333333333
IDO1	0.466944365192582
IDO2	0.5818407720144753
IDUA	0.5148489208633094
IER2	0.5495906040268457
IER3	0.49819160104986876
IER3IP1	0.8661875
IER5	0.4364710017574692
IER5L	0.7976987654320987
IFFO1	0.6989226006191951
IFFO2	0.7403955696202532
IFI16	0.24740729783037477
IFI27	0.2680693069306931
IFI27L1	0.29736328125
IFI27L2	0.2858134328358209
IFI30	0.43396367521367524
IFI35	0.43055077452667817
IFI44	0.424456416464891
IFI44L	0.36609952038369303
IFI6	0.19679779411764708
IFIH1	0.6181171779141104
IFIT1	0.44068432671081675
IFIT1B	0.4222117376294591
IFIT2	0.3910747767857143
IFIT3	0.3679923913043478
IFIT5	0.5343438661710037
IFITM1	0.5486355140186916
IFITM10	0.6087194029850747
IFITM2	0.44251908396946565
IFITM3	0.35322043010752685
IFITM5	0.6486580086580087
IFLTD1	0.3808643578643579
IFNA1	0.30212323943661973
IFNA10	0.21788188976377953
IFNA13	0.16928015564202337
IFNA14	0.21670106761565835
IFNA16	0.16064550264550265
IFNA17	0.18550553505535056
IFNA2	0.1789464882943144
IFNA21	0.2614416961130742
IFNA4	0.24040225563909776
IFNA5	0.1881434599156118
IFNA6	0.27164965986394557
IFNA7	0.12789539748953974
IFNA8	0.24498765432098768
IFNAR1	0.3897660550458716
IFNAR2	0.24762596899224806
IFNB1	0.31046820809248554
IFNE	0.30950473933649286
IFNG	0.3857075471698113
IFNGR1	0.3174764957264957
IFNGR2	0.2841451398135819
IFNK	0.3000568181818182
IFNL1	0.2936040609137056
IFNL2	0.419481220657277
IFNL3	0.35941421568627446
IFNL4	0.3009746192893401
IFNLR1	0.35118358974358976
IFNW1	0.21758333333333335
IFRD1	0.784955223880597
IFRD2	0.6109101861993428
IFRG15	0.9367619047619048
IFT122	0.6657596095179988
IFT140	0.628059892606361
IFT172	0.7914675446848543
IFT20	0.6111331058020478
IFT27	0.651532110091743
IFT43	0.529865
IFT46	0.7653600713012478
IFT52	0.818392561983471
IFT57	0.7301832358674464
IFT74	0.6939127423822714
IFT80	0.690680608365019
IFT81	0.674860576923077
IFT88	0.8019806243272335
IGDCC3	0.6592578241430701
IGDCC4	0.6611896053897979
IGF1	0.8231447963800904
IGF1R	0.7287615303983229
IGF2	0.5599507494646682
IGF2BP1	0.7130689265536724
IGF2BP2	0.7601666666666667
IGF2BP3	0.8186520076481835
IGF2R	0.589095407098121
IGFALS	0.5774995433789955
IGFBP1	0.5325801526717557
IGFBP2	0.5290324149108591
IGFBP3	0.5876057692307692
IGFBP4	0.7262964824120602
IGFBP5	0.6953381502890174
IGFBP6	0.5064366729678639
IGFBP7	0.640658064516129
IGFBPL1	0.5756216696269982
IGFL1	0.23682296650717705
IGFL2	0.16178039215686274
IGFL3	0.2048953488372093
IGFL4	0.07819806763285024
IGFLR1	0.4842867383512544
IGFN1	0.4700858852516719
IGHA1	0.3148218954248366
IGHA2	0.4110154109589041
IGHD	0.12236713286713287
IGHD1-1	0.0012000000000000001
IGHD1-14	0.0
IGHD1-20	0.003
IGHD1-26	0.0026666666666666666
IGHD1-7	0.017444444444444443
IGHD1OR15-1A	0.011266666666666668
IGHD1OR15-1B	0.011933333333333332
IGHD2-15	0.00863157894736842
IGHD2-2	0.006
IGHD2-21	0.006230769230769231
IGHD2-8	0.004947368421052632
IGHD2OR15-2A	0.010272727272727274
IGHD2OR15-2B	0.006291666666666667
IGHD3-10	0.01690909090909091
IGHD3-16	0.004333333333333333
IGHD3-22	0.13675
IGHD3-3	0.0135
IGHD3-9	0.014769230769230769
IGHD3OR15-3A	0.03010526315789474
IGHD3OR15-3B	0.01161111111111111
IGHD4-11	0.00818181818181818
IGHD4-17	0.022727272727272728
IGHD4-23	0.124
IGHD4-4	0.0008
IGHD4OR15-4A	0.0047
IGHD4OR15-4B	0.01275
IGHD5-12	0.0016666666666666666
IGHD5-18	0.0528
IGHD5-24	0.0028333333333333335
IGHD5-5	0.0005
IGHD5OR15-5A	0.032615384615384616
IGHD5OR15-5B	0.04369230769230769
IGHD6-13	0.0013333333333333333
IGHD6-19	0.013666666666666667
IGHD6-25	0.1625
IGHD6-6	0.0019999999999999996
IGHD7-27	0.03911111111111111
IGHE	0.40507291666666667
IGHG1	0.33840777917189463
IGHG2	0.19642857142857142
IGHG3	0.22119620253164557
IGHG4	0.27779061976549413
IGHJ1	0.3450526315789474
IGHJ2	0.3902142857142857
IGHJ3	0.43853125
IGHJ4	0.42723333333333335
IGHJ5	0.5234516129032258
IGHJ6	0.5266388888888889
IGHM	0.3964405997693195
IGHMBP2	0.5634165701042874
IGHV1-18	0.3075555555555556
IGHV1-2	0.2805021459227468
IGHV1-24	0.264875
IGHV1-3	0.2904253393665158
IGHV1-45	0.27844155844155843
IGHV1-46	0.31032870370370375
IGHV1-58	0.29251376146788993
IGHV1-69	0.2438340425531915
IGHV1-8	0.3102307692307692
IGHV1OR15-1	0.3950625
IGHV1OR15-9	0.49402713178294577
IGHV1OR21-1	0.46786206896551724
IGHV2-26	0.30612749003984063
IGHV2-5	0.2839061224489796
IGHV2-70	0.37598689956331877
IGHV2OR16-5	0.29782499999999995
IGHV3-11	0.311196261682243
IGHV3-13	0.37731553398058254
IGHV3-15	0.3894336283185841
IGHV3-16	0.30396956521739127
IGHV3-20	0.36500446428571426
IGHV3-21	0.34635267857142854
IGHV3-23	0.2820622222222222
IGHV3-30	0.31064285714285716
IGHV3-33	0.39752173913043476
IGHV3-35	0.44001754385964914
IGHV3-38	0.4160352422907489
IGHV3-43	0.34955714285714284
IGHV3-48	0.40138075313807536
IGHV3-49	0.30746188340807173
IGHV3-53	0.28920833333333335
IGHV3-64	0.3368504273504273
IGHV3-66	0.27377990430622007
IGHV3-7	0.3816875
IGHV3-72	0.3535044642857143
IGHV3-73	0.2709953488372093
IGHV3-74	0.2458769841269841
IGHV3-9	0.2728552036199095
IGHV3OR15-7	0.5277826086956522
IGHV3OR16-10	0.3903655462184874
IGHV3OR16-12	0.47532444444444444
IGHV3OR16-13	0.5495789473684211
IGHV3OR16-8	0.4958839285714286
IGHV3OR16-9	0.483739336492891
IGHV4-28	0.2986302521008403
IGHV4-31	0.31097095435684646
IGHV4-34	0.36430379746835445
IGHV4-39	0.30560330578512396
IGHV4-4	0.3127149321266968
IGHV4-59	0.19843290043290043
IGHV4-61	0.3066216216216216
IGHV4OR15-8	0.28462869198312235
IGHV5-51	0.19040096618357485
IGHV6-1	0.36199610894941636
IGHV7-81	0.456087786259542
IGIP	0.9858
IGJ	0.5039761904761905
IGKC	0.3904945054945055
IGKJ1	0.7702173913043479
IGKJ2	0.5714516129032258
IGKJ3	0.48616129032258065
IGKJ4	0.4657931034482759
IGKJ5	0.2931212121212121
IGKV1-12	0.43277830188679245
IGKV1-16	0.47754893617021277
IGKV1-17	0.4139908256880734
IGKV1-27	0.37719907407407405
IGKV1-33	0.46041078838174276
IGKV1-37	0.3610675675675675
IGKV1-39	0.3685361702127659
IGKV1-5	0.4408025210084034
IGKV1-6	0.35423364485981307
IGKV1-8	0.35497999999999996
IGKV1-9	0.45134170854271355
IGKV1D-12	0.4508256880733945
IGKV1D-13	0.42516593886462883
IGKV1D-16	0.433972972972973
IGKV1D-17	0.421008658008658
IGKV1D-33	0.4395854700854701
IGKV1D-37	0.37528240740740737
IGKV1D-39	0.40974893617021274
IGKV1D-42	0.41239754098360654
IGKV1D-43	0.5704956896551724
IGKV1D-8	0.5005358649789029
IGKV1OR2-108	0.5571212121212121
IGKV2-24	0.4508247011952191
IGKV2-28	0.3920865800865801
IGKV2-30	0.42579338842975206
IGKV2-40	0.43770621468926557
IGKV2D-24	0.41718884120171673
IGKV2D-26	0.4064954128440367
IGKV2D-28	0.3859537037037037
IGKV2D-29	0.39464
IGKV2D-30	0.4287556561085973
IGKV2D-40	0.47508955223880595
IGKV3-11	0.4181339285714286
IGKV3-15	0.3392863247863248
IGKV3-20	0.3841428571428572
IGKV3-7	0.44817351598173516
IGKV3D-11	0.4401522633744856
IGKV3D-15	0.45183333333333336
IGKV3D-20	0.39308583690987126
IGKV3D-7	0.5204149377593361
IGKV3OR2-268	0.5247405857740586
IGKV4-1	0.38175877192982455
IGKV5-2	0.3544793388429752
IGKV6-21	0.4178597285067873
IGKV6D-21	0.3271626794258373
IGKV6D-41	0.43506666666666666
IGLC2	0.4497323232323232
IGLC3	0.4679343434343434
IGLC7	0.48538947368421054
IGLJ1	0.32625675675675675
IGLJ2	0.43008888888888885
IGLJ3	0.37773684210526315
IGLJ4	0.5404516129032259
IGLJ5	0.32136363636363635
IGLJ6	0.32596610169491524
IGLJ7	0.32791666666666663
IGLL1	0.31180645161290327
IGLL5	0.3799732824427481
IGLON5	0.7439871520342612
IGLV1-36	0.39540764331210193
IGLV1-40	0.35771649484536083
IGLV1-44	0.3436307692307692
IGLV1-47	0.29523353293413174
IGLV1-50	0.30471134020618557
IGLV1-51	0.4291049723756906
IGLV10-54	0.3665971563981043
IGLV11-55	0.3439150579150579
IGLV2-11	0.2880714285714286
IGLV2-14	0.37766666666666665
IGLV2-18	0.34838095238095235
IGLV2-23	0.39203311258278145
IGLV2-33	0.41208284023668634
IGLV2-8	0.3384522292993631
IGLV3-1	0.31839459459459457
IGLV3-10	0.4079285714285714
IGLV3-12	0.282225
IGLV3-16	0.31472881355932203
IGLV3-19	0.3488417721518987
IGLV3-21	0.35732446808510643
IGLV3-22	0.4303128491620112
IGLV3-25	0.3154152046783626
IGLV3-27	0.3357857142857143
IGLV3-32	0.32570063694267515
IGLV3-9	0.41408947368421056
IGLV4-3	0.3567117117117117
IGLV4-60	0.37133333333333335
IGLV4-69	0.34505238095238094
IGLV5-37	0.2626195652173913
IGLV5-45	0.333699481865285
IGLV5-48	0.34885714285714287
IGLV5-52	0.2951400966183575
IGLV6-57	0.2938821292775665
IGLV7-43	0.353409756097561
IGLV7-46	0.3401527093596059
IGLV8-61	0.37825984251968503
IGLV9-49	0.2966103286384976
IGSF10	0.4505928909952607
IGSF11	0.7639453125
IGSF21	0.653927162367223
IGSF22	0.5862152994115611
IGSF23	0.1816098765432099
IGSF3	0.6866551515151516
IGSF5	0.36504147465437786
IGSF6	0.4767818574514039
IGSF8	0.6543468543046358
IGSF9	0.5933425512934879
IGSF9B	0.7332135348226019
IHH	0.5976868686868687
IK	0.7725360501567398
IKBIP	0.7087275985663082
IKBKAP	0.6981269083969465
IKBKB	0.6133000761614623
IKBKE	0.6200868443680138
IKZF1	0.6749999999999999
IKZF2	0.7291275167785235
IKZF3	0.7747722222222222
IKZF4	0.6078962605548853
IKZF5	0.8140929203539824
IL10	0.5715276073619632
IL10RA	0.38077030352748154
IL10RB	0.3222872340425532
IL11	0.5658476953907816
IL11RA	0.634479207920792
IL12A	0.4929835466179159
IL12B	0.583278020378457
IL12RB1	0.3336082327892122
IL12RB2	0.4404813162297825
IL13	0.397431654676259
IL15	0.5778333333333333
IL15RA	0.33701460823373175
IL16	0.5295763278962777
IL17A	0.44428075709779175
IL17B	0.6590204081632653
IL17C	0.46076127320954907
IL17D	0.62957223796034
IL17F	0.4311803797468354
IL17RA	0.4957754854368932
IL17RB	0.4968165983606557
IL17RC	0.5171636029411765
IL17RD	0.7088760484622554
IL17RE	0.43084232954545454
IL17REL	0.31504660452729694
IL18	0.45122885572139304
IL18BP	0.40502606635071087
IL18R1	0.46748599033816424
IL18RAP	0.4576678603401969
IL19	0.47133093525179853
IL1A	0.37468235294117647
IL1B	0.44601338432122367
IL1F10	0.5528567415730338
IL1R1	0.44120604914933836
IL1R2	0.4192930174563591
IL1RAP	0.6910781758957655
IL1RL1	0.4274295175023652
IL1RL2	0.4316436781609196
IL1RN	0.5323954659949622
IL2	0.40295714285714285
IL20	0.5369262295081967
IL20RA	0.5120741482965931
IL20RB	0.5280175675675676
IL21	0.6278587570621469
IL21R	0.4450896358543417
IL22	0.48300777202072537
IL22RA1	0.47076936170212763
IL22RA2	0.41245688073394493
IL23A	0.5761788413098237
IL23R	0.4531859154929577
IL24	0.40918543046357614
IL25	0.5754049079754601
IL26	0.5765595567867036
IL27	0.5409737373737373
IL27RA	0.3738749034749035
IL2RA	0.3367963963963964
IL2RB	0.37477630234933607
IL3	0.17885925925925927
IL31	0.13187564766839377
IL31RA	0.446390574564235
IL32	0.02212313432835821
IL33	0.2774831013916501
IL34	0.55045
IL36A	0.2621694352159468
IL36B	0.18676923076923077
IL36G	0.4050973154362416
IL36RN	0.6132718749999999
IL37	0.10319760479041917
IL4	0.3657517985611511
IL4I1	0.5167970615243342
IL4R	0.32962391573729866
IL5	0.507814332247557
IL5RA	0.4568974082073434
IL6	0.3674867724867725
IL6R	0.38203648068669527
IL6ST	0.6576528345996493
IL7	0.4981544943820224
IL7R	0.48023959505061864
IL8	0.49985096153846154
IL9	0.4360251798561151
ILDR1	0.5828696172248804
ILDR2	0.6940741463414635
ILF2	0.7986163522012578
ILF3	0.6900640264026402
ILK	0.8036869918699187
ILKAP	0.7030291095890411
ILVBL	0.6500809352517986
IMMP1L	0.8813064516129032
IMMP2L	0.5400861538461538
IMMT	0.7306948398576513
IMP3	0.8276318181818182
IMP4	0.7252028397565923
IMPA1	0.5591850079744817
IMPA2	0.625180701754386
IMPACT	0.6562439516129033
IMPAD1	0.6953602811950791
IMPDH1	0.6618414043583536
IMPDH2	0.7508805755395683
IMPG1	0.4926244514106583
IMPG2	0.5847594239728928
INA	0.7273095558546433
INADL	0.5757644970414202
INCA1	0.5393582417582418
INCENP	0.499700488997555
INF2	0.5279296875
ING1	0.6139582043343653
ING2	0.7557
ING3	0.8133299748110832
ING4	0.799159793814433
ING5	0.7515305466237943
INHA	0.524041841004184
INHBA	0.7616504504504504
INHBB	0.7283536585365853
INHBC	0.46969653179190746
INHBE	0.4985509601181684
INIP	0.692232
INMT	0.4070439121756487
INMT-FAM188B	0.07811764705882353
INO80	0.8497365177195686
INO80B	0.6879100529100529
INO80C	0.5027797752808989
INO80D	0.8165549805950841
INO80E	0.7238338368580061
INPP1	0.59085
INPP4A	0.7680077821011673
INPP4B	0.7423048888888889
INPP5A	0.7439268774703558
INPP5B	0.636037909247559
INPP5D	0.6152128294380905
INPP5E	0.5257514177693762
INPP5F	0.7195730918499353
INPP5J	0.4908728354978355
INPP5K	0.5878306351183064
INPPL1	0.6595240410588871
INS	0.3619203539823009
INS-IGF2	0.39390639269406397
INSC	0.7125453446191051
INSIG1	0.5734853556485355
INSIG2	0.8457906976744186
INSL3	0.29475897435897436
INSL4	0.09063448275862068
INSL5	0.2609779411764706
INSL6	0.3423669250645995
INSM1	0.575782122905028
INSM2	0.4322863894139886
INSR	0.7031609707776126
INSRR	0.6653888063397722
INTS1	0.6699691144027734
INTS10	0.7854307196562835
INTS12	0.7315033200531209
INTS2	0.8522853810264386
INTS3	0.7907614678899082
INTS4	0.7905701676963813
INTS5	0.7484519056261343
INTS6	0.7996177215189874
INTS7	0.8371829155060353
INTS8	0.7443565505804312
INTS9	0.7530194174757282
INTU	0.6743741007194244
INVS	0.5977014925373134
IP6K1	0.7705702479338843
IP6K2	0.6346936829558999
IP6K3	0.5501103151862464
IPCEF1	0.5685257452574526
IPMK	0.7699674952198853
IPO11	0.8006994871794872
IPO13	0.799553166069295
IPO4	0.6935548686244204
IPO5	0.7497808118081181
IPO7	0.8079385403329066
IPO8	0.7143135743924126
IPO9	0.7604533622559654
IPP	0.7839350649350649
IPPK	0.8014823348694317
IQCA1	0.5544408805031447
IQCB1	0.8361754601226993
IQCC	0.25136983669548507
IQCD	0.4427340782122905
IQCE	0.4522853279242731
IQCF1	0.4009375
IQCF2	0.5531940789473684
IQCF3	0.39075925925925925
IQCF5	0.5125484949832776
IQCF6	0.7267287234042553
IQCG	0.49790919409761636
IQCH	0.5801785714285714
IQCJ	0.03661764705882353
IQCJ-SCHIP1	0.7125945512820513
IQCK	0.480400406504065
IQGAP1	0.7657156910969012
IQGAP2	0.6783517350157728
IQGAP3	0.5971458257382428
IQSEC1	0.670158552631579
IQSEC3	0.6633951388888889
IQUB	0.5553182527301093
IRAK1BP1	0.5776637931034483
IRAK2	0.5134510309278351
IRAK3	0.5440575364667747
IRAK4	0.7415562599049129
IREB2	0.7755392231530845
IRF1	0.6829194499017681
IRF2	0.6619391480730223
IRF2BP1	0.5612593220338983
IRF2BP2	0.6722537485582469
IRF2BPL	0.7006139954853273
IRF3	0.4565752625437573
IRF4	0.7534096989966556
IRF5	0.5110797607178464
IRF6	0.8262701149425287
IRF7	0.4033190709046455
IRF8	0.6416894502228826
IRF9	0.46737209302325583
IRG1	0.5999820224719101
IRGC	0.5572452142206017
IRGM	0.32680337078651683
IRGQ	0.5107535836177475
IRS1	0.5653947841726619
IRS2	0.5209956108266277
IRX1	0.6569053876478318
IRX2	0.7436348949919225
IRX3	0.6399512789281364
IRX4	0.5983060046189377
IRX5	0.5886958128078817
IRX6	0.5119027027027027
ISCA1	0.769104
ISCA2	0.7037876712328767
ISCU	0.5596837606837607
ISG15	0.3603626373626374
ISG20	0.5306772334293949
ISG20L2	0.5010590841949778
ISL1	0.8107396694214877
ISL2	0.7253905472636817
ISLR	0.5385767494356659
ISLR2	0.6755194805194805
ISM1	0.7573529411764706
ISM2	0.4428103773584906
ISOC1	0.7911006493506493
ISOC2	0.6602029411764706
ISPD	0.5900195121951219
IST1	0.6626310483870969
ISX	0.4215013054830287
ISY1	0.4213459915611814
ISY1-RAB43	0.8614291497975708
ISYNA1	0.6195777262180975
ITCH	0.7618796477495108
ITFG1	0.7270834386852086
ITFG2	0.5991253369272237
ITFG3	0.40733511043412035
ITGA1	0.7108789370078741
ITGA10	0.6714659661946094
ITGA11	0.6775725971370143
ITGA2	0.6713988684582745
ITGA2B	0.5019056517775752
ITGA3	0.6104376516254246
ITGA4	0.681547830923248
ITGA5	0.6852021028037384
ITGA6	0.7124737816162863
ITGA7	0.5717576419213974
ITGA8	0.7231798512508453
ITGA9	0.731548432055749
ITGAD	0.47323105745212324
ITGAE	0.506728870292887
ITGAL	0.5210609555189456
ITGAM	0.4996198526224534
ITGAV	0.7392702539298669
ITGAX	0.46889190353143845
ITGB1	0.7035594149908592
ITGB1BP1	0.7330865051903114
ITGB2	0.5334643598615917
ITGB3	0.6619792438843588
ITGB3BP	0.44667396061269143
ITGB4	0.6511138647019423
ITGB5	0.6959704604691572
ITGB6	0.7370537190082644
ITGB7	0.5310946291560102
ITGB8	0.7704111212397448
ITGBL1	0.6914548238897397
ITIH1	0.5544709081022294
ITIH2	0.6511433691756272
ITIH3	0.5853847051955633
ITIH4	0.4574435866983373
ITIH5	0.5661535244922341
ITK	0.716885593220339
ITLN1	0.5517083333333334
ITLN2	0.6002057245080501
ITM2B	0.7034628099173553
ITM2C	0.7004078947368421
ITPA	0.7052178571428572
ITPK1	0.541909426987061
ITPKA	0.713929347826087
ITPKB	0.45274038461538463
ITPKC	0.4733074380165289
ITPR1	0.7287627668197784
ITPR2	0.7544932677369239
ITPR3	0.7003614457831325
ITPRIP	0.6264013452914798
ITPRIPL1	0.6143129836629407
ITPRIPL2	0.608100278551532
ITSN1	0.7073883692557951
ITSN2	0.7406590468810539
IVD	0.5969045801526717
IVL	0.08186135693215339
IVNS1ABP	0.8235561694290976
IWS1	0.636298600311042
IYD	0.6157650602409639
IZUMO1	0.33682896764252696
IZUMO2	0.366656880733945
IZUMO3	0.5139396092362345
IZUMO4	0.5804613733905579
JAG1	0.7815386454183267
JAG2	0.5273421782178218
JAGN1	0.8197025316455696
JAK1	0.7500535194880745
JAK2	0.7960229289940828
JAK3	0.5740391115403187
JAKMIP1	0.791976811594203
JAKMIP2	0.8670286458333334
JAKMIP3	0.6744402375649592
JAM2	0.5882044374009509
JAM3	0.5817639939485628
JARID2	0.7247502527805865
JAZF1	0.5094265129682997
JDP2	0.7247401129943503
JHDM1D	0.76938029386344
JKAMP	0.7328790496760259
JMJD1C	0.7951803696622052
JMJD4	0.5932714486638537
JMJD6	0.6901374764595104
JMJD7	0.696725806451613
JMJD8	0.5610901287553648
JMY	0.6087369155617586
JOSD1	0.8197245508982036
JOSD2	0.6066567164179104
JPH1	0.7650430107526882
JPH2	0.6795584415584415
JPH3	0.7041642710472279
JPH4	0.6614887218045112
JRKL	0.839497005988024
JSRP1	0.24608159999999998
JTB	0.632703071672355
JUN	0.8493286219081273
JUNB	0.6927799295774648
JUND	0.626165625
JUP	0.6950870044052864
KAAG1	0.04541269841269842
KALRN	0.7741513099793935
KANK1	0.5781976401179941
KANK2	0.5003535168195719
KANK3	0.3866978593272171
KANK4	0.4306406718656269
KANSL1	0.8123552091878589
KANSL1L	0.7236
KANSL2	0.8164009661835749
KANSL3	0.7096418359668925
KARS	0.7467760097919216
KAT2A	0.7566517571884984
KAT2B	0.8198628117913832
KAT5	0.764026936026936
KAT6A	0.7138901558342835
KAT6B	0.7050261832829808
KAT7	0.8254668674698795
KAT8	0.7620704467353951
KATNA1	0.8652281639928698
KATNAL1	0.7552966573816156
KATNAL2	0.5655775681341719
KATNB1	0.6842202643171806
KATNBL1	0.6009526627218934
KAZALD1	0.6130428305400373
KAZN	0.699233368532207
KB-1507C5.2	0.10610909090909092
KB-1980E6.3	0.11719230769230769
KBTBD11	0.6155257032007759
KBTBD12	0.7040830078125
KBTBD13	0.5574417314095449
KBTBD2	0.8439213483146067
KBTBD3	0.8013812423873324
KBTBD4	0.7076006493506494
KBTBD6	0.6927423263327949
KBTBD7	0.7365317164179105
KBTBD8	0.8647650485436893
KCMF1	0.8681280991735537
KCNA1	0.7729351851851851
KCNA10	0.6773055916775031
KCNA2	0.7154957555178268
KCNA3	0.6817993966817496
KCNA4	0.7110745721271393
KCNA5	0.51123818707811
KCNA6	0.6021040935672515
KCNA7	0.5661748633879782
KCNAB1	0.6548432432432433
KCNAB2	0.6153120805369128
KCNAB3	0.6572356495468278
KCNB1	0.7306517273576097
KCNB2	0.6616214728148658
KCNC1	0.7944206128133705
KCNC2	0.7119778051787916
KCNC3	0.64798808637379
KCNC4	0.6856969309462916
KCND2	0.714400234741784
KCND3	0.729555737704918
KCNE1	0.5090333333333333
KCNE2	0.5284331797235023
KCNE3	0.6197852348993289
KCNE4	0.5607977207977208
KCNF1	0.7515059221658206
KCNG1	0.75418398637138
KCNG2	0.6747865497076023
KCNG3	0.8030512129380054
KCNG4	0.5493220720720721
KCNH1	0.753992119089317
KCNH2	0.6002153439153439
KCNH3	0.6520239616613418
KCNH4	0.6523600795755968
KCNH5	0.7676141509433962
KCNH6	0.6037402700555997
KCNH7	0.811816889632107
KCNH8	0.7306303651505445
KCNIP1	0.722797385620915
KCNIP2	0.7660625
KCNIP3	0.7402209944751381
KCNIP4	0.80044
KCNJ1	0.728636690647482
KCNJ10	0.6515238828967642
KCNJ11	0.7212620087336244
KCNJ12	0.7266861313868613
KCNJ13	0.7865895196506549
KCNJ14	0.6557461645746164
KCNJ15	0.3372545454545454
KCNJ16	0.5898089097303634
KCNJ2	0.7110783582089552
KCNJ3	0.850494382022472
KCNJ4	0.7280827586206897
KCNJ5	0.6574958540630182
KCNJ6	0.7839116022099448
KCNJ8	0.77094578313253
KCNJ9	0.669428810720268
KCNK1	0.6504704491725768
KCNK10	0.7165108024691358
KCNK12	0.8116350210970463
KCNK13	0.6310926829268293
KCNK15	0.5829151138716356
KCNK16	0.5030603715170279
KCNK17	0.46002635914332785
KCNK18	0.4708423988842399
KCNK2	0.7368524945770065
KCNK3	0.7503921568627451
KCNK4	0.6015140415140415
KCNK5	0.6520237762237763
KCNK6	0.5634222222222222
KCNK7	0.5303079315707621
KCNK9	0.7717356687898089
KCNMA1	0.6792147435897435
KCNMB1	0.6660716253443526
KCNMB2	0.8077935943060498
KCNMB3	0.5643658969804618
KCNMB4	0.838468253968254
KCNN1	0.5179189189189188
KCNN2	0.7893539823008849
KCNN3	0.7396461716937356
KCNN4	0.6109535558780842
KCNQ1	0.5919301934398654
KCNQ2	0.692562404870624
KCNQ3	0.7111976047904192
KCNQ4	0.7403604651162791
KCNQ5	0.7460498664292075
KCNRG	0.5612938271604938
KCNS1	0.6210160891089109
KCNS2	0.7932212065813529
KCNS3	0.7218117816091953
KCNT1	0.6480854564755838
KCNT2	0.7715404624277455
KCNU1	0.5703030462184874
KCNV1	0.8021447562776958
KCNV2	0.6228987341772152
KCTD1	0.8035395284327322
KCTD10	0.6207709251101321
KCTD11	0.6124141414141414
KCTD12	0.6694550458715597
KCTD13	0.5217544097693352
KCTD14	0.542117773019272
KCTD15	0.736098814229249
KCTD16	0.7944506024096386
KCTD17	0.6930022831050229
KCTD18	0.5592994923857868
KCTD19	0.7253668378576669
KCTD2	0.8115714285714285
KCTD20	0.6440542857142858
KCTD21	0.7952949852507375
KCTD3	0.6448225574712644
KCTD4	0.887774011299435
KCTD5	0.7033240740740742
KCTD6	0.7660367647058823
KCTD7	0.7385525210084033
KCTD8	0.6749289940828402
KCTD9	0.8389842105263159
KDELC1	0.7344382022471909
KDELC2	0.6632290249433106
KDELR1	0.6238616600790513
KDELR2	0.7281488549618321
KDELR3	0.8005899581589958
KDM1A	0.7628774774774775
KDM1B	0.7440200729927008
KDM2A	0.8257742222222222
KDM2B	0.6918737541528239
KDM3A	0.7191905010438414
KDM3B	0.8509179063360881
KDM4A	0.7062631578947368
KDM4B	0.5806576819407008
KDM4C	0.639851763299462
KDM4D	0.5000229746070133
KDM4E	0.47691198979591837
KDM5A	0.8241560818083961
KDM5B	0.7113265728476822
KDM6B	0.6483688780826676
KDM8	0.5489243027888446
KDR	0.7128187106156084
KDSR	0.7532068965517241
KEAP1	0.6219656690140845
KEL	0.5219375402446876
KERA	0.7695439252336449
KHDC1	0.19939130434782606
KHDC1L	0.08597368421052631
KHDC3L	0.26137037037037036
KHDRBS1	0.7995560975609756
KHDRBS2	0.8809495268138802
KHDRBS3	0.7616711711711712
KHK	0.6805113402061855
KHNYN	0.561747384155456
KHSRP	0.6968677165354331
KIAA0020	0.7126338432122371
KIAA0040	0.6719515151515152
KIAA0087	0.01471111111111111
KIAA0100	0.7948880165289256
KIAA0101	0.6838217821782179
KIAA0125	0.10571387283236994
KIAA0141	0.5024011684518014
KIAA0195	0.7267067198177677
KIAA0196	0.8180467741935484
KIAA0226	0.673695
KIAA0226L	0.463232
KIAA0232	0.737774011299435
KIAA0247	0.6793867924528302
KIAA0319	0.5907985537190082
KIAA0319L	0.7010881749829119
KIAA0355	0.7747989864864865
KIAA0368	0.7503376963350785
KIAA0391	0.6140852211434735
KIAA0408	0.43192851932895693
KIAA0430	0.6888239379084967
KIAA0513	0.6126873857404022
KIAA0556	0.5277080041222947
KIAA0586	0.5247015384615384
KIAA0753	0.486641052631579
KIAA0754	0.34797998973832733
KIAA0825	0.686611491829204
KIAA0895	0.6010989110707804
KIAA0895L	0.7317002398081536
KIAA0907	0.7917625806451613
KIAA0922	0.6430397031539888
KIAA0930	0.5288190298507462
KIAA0947	0.38147221340107973
KIAA1009	0.6527344314985938
KIAA1024	0.6223539019963702
KIAA1024L	0.634002915451895
KIAA1033	0.8518662846227316
KIAA1045	0.7145861456483127
KIAA1107	0.5411503014642549
KIAA1109	0.8207887110362259
KIAA1143	0.8347248908296943
KIAA1147	0.7369708029197081
KIAA1161	0.7070213004484305
KIAA1191	0.7244166666666667
KIAA1199	0.6923093652907234
KIAA1211	0.45302902240325865
KIAA1211L	0.4316940789473684
KIAA1217	0.5698032
KIAA1239	0.7804145391605366
KIAA1244	0.7151988078541375
KIAA1257	0.33152106741573034
KIAA1279	0.7681650602409639
KIAA1324	0.6313118527042578
KIAA1324L	0.7377424471299093
KIAA1328	0.45354538216560514
KIAA1377	0.416523619427811
KIAA1407	0.5599609004739337
KIAA1429	0.868480022509848
KIAA1430	0.5775718503937007
KIAA1432	0.7923020134228188
KIAA1456	0.37363258426966295
KIAA1462	0.4003532148900169
KIAA1467	0.6827112107623318
KIAA1468	0.7626934362934363
KIAA1522	0.5433138419369575
KIAA1524	0.7892482157018239
KIAA1549	0.4737572272303388
KIAA1549L	0.5008574430823117
KIAA1551	0.515561320754717
KIAA1586	0.6661535111594992
KIAA1598	0.7149372599231754
KIAA1614	0.3409316837009145
KIAA1644	0.7826239316239315
KIAA1658	0.0960079365079365
KIAA1671	0.350937578814628
KIAA1683	0.2435071877807727
KIAA1715	0.6127387543252595
KIAA1731	0.3660383141762452
KIAA1737	0.534205223880597
KIAA1755	0.4967662921348315
KIAA1841	0.6697024886877828
KIAA1875	0.36701660649819495
KIAA1919	0.5281450777202072
KIAA1958	0.7661436993367723
KIAA1984	0.5031634877384196
KIAA2013	0.675485549132948
KIAA2018	0.6915747368421052
KIAA2026	0.6998050181378476
KIDINS220	0.7207304412309974
KIF11	0.7165055523085915
KIF12	0.5877751646284101
KIF13A	0.693048064653339
KIF13B	0.6557831872768581
KIF14	0.5473430294430649
KIF15	0.7159554764024934
KIF16B	0.6709210779595765
KIF17	0.5461964980544747
KIF18A	0.6591602248770204
KIF18B	0.47543520309477755
KIF19	0.6055769496204279
KIF1A	0.6897672375933245
KIF1B	0.7724511681348142
KIF1C	0.6021709531013616
KIF20A	0.7351
KIF20B	0.5962123741007195
KIF21A	0.8092607594936708
KIF21B	0.7064581256231306
KIF22	0.6920363636363637
KIF23	0.6969151898734177
KIF24	0.48112337371018393
KIF25	0.487842032967033
KIF26A	0.5303253047873921
KIF26B	0.6534475545079552
KIF27	0.690253081347576
KIF2A	0.8779560229445507
KIF2B	0.5183905279503106
KIF2C	0.6985013054830287
KIF3A	0.8669746031746031
KIF3B	0.8008221436984688
KIF3C	0.6929900908340215
KIF4B	0.6719420411591768
KIF5A	0.7158543624161074
KIF5B	0.8584132882882882
KIF5C	0.7580200836820083
KIF6	0.5806124031007752
KIF7	0.5914149092692497
KIF9	0.6993223545900491
KIFAP3	0.7961847953216373
KIFC1	0.6046359048305696
KIFC2	0.46996033653846153
KIFC3	0.624920613742495
KIN	0.7608574297188755
KIR2DL1	0.11223267326732674
KIR2DL3	0.07735382308845577
KIR2DL4	0.08004137931034483
KIR2DS4	0.10919406392694063
KIR3DL1	0.07393793103448275
KIR3DL2	0.0729402985074627
KIR3DL3	0.06963307984790874
KIR3DX1	0.07371903881700555
KIRREL	0.6798859223300971
KIRREL2	0.6115571030640669
KIRREL3	0.7250159271899886
KISS1	0.31653992395437264
KISS1R	0.4990135746606335
KIT	0.6553823351482153
KITLG	0.7472168284789643
KL	0.6134384368308351
KLB	0.6359442417926003
KLC1	0.674059925093633
KLC2	0.6287229800629591
KLC3	0.5765821428571428
KLC4	0.7213670731707317
KLF1	0.3702893081761006
KLF10	0.583742671009772
KLF11	0.5510599520383693
KLF12	0.8841387755102041
KLF13	0.5389621749408984
KLF14	0.3047029876977153
KLF15	0.557568938193344
KLF16	0.36808438818565403
KLF17	0.28771448467966576
KLF2	0.6248166189111748
KLF3	0.7176032064128257
KLF4	0.6325011933174224
KLF5	0.7680651801029159
KLF6	0.66925
KLF7	0.6818322784810127
KLF9	0.8184728915662651
KLHDC1	0.7052805139186296
KLHDC10	0.8600460048426151
KLHDC2	0.8356530172413793
KLHDC3	0.8289403794037941
KLHDC4	0.5803659976387249
KLHDC7A	0.42483333333333334
KLHDC7B	0.41546421052631577
KLHDC8A	0.7237822141560798
KLHDC8B	0.7274603174603175
KLHDC9	0.6154343575418995
KLHL1	0.8122094455852156
KLHL10	0.7062936842105264
KLHL11	0.7807918552036199
KLHL12	0.7753092006033182
KLHL14	0.7455152838427946
KLHL17	0.6549359267734554
KLHL18	0.7079369369369369
KLHL2	0.6769220125786164
KLHL20	0.8417996575342466
KLHL21	0.6785160932297447
KLHL22	0.6999521871820956
KLHL23	0.7798821138211383
KLHL24	0.8602454545454545
KLHL25	0.7004718217562255
KLHL26	0.5961611940298508
KLHL28	0.8323887973640857
KLHL29	0.7317938496583143
KLHL3	0.7986165289256199
KLHL30	0.6555818181818183
KLHL31	0.8146159317211948
KLHL32	0.7782203626220363
KLHL33	0.581377107364685
KLHL35	0.6835136
KLHL36	0.7359747807017544
KLHL38	0.676038062283737
KLHL40	0.6931280167890871
KLHL41	0.8233511777301927
KLHL42	0.68109793814433
KLHL5	0.7576745230078563
KLHL6	0.7366199040767386
KLHL7	0.8092495948136142
KLHL8	0.7941660130718955
KLHL9	0.8178341013824885
KLK1	0.44797544642857146
KLK10	0.4792168905950096
KLK11	0.4886488095238095
KLK12	0.4301131756756757
KLK13	0.43432867132867137
KLK14	0.4830725806451613
KLK15	0.5274714285714286
KLK2	0.33974248927038625
KLK3	0.32379145728643216
KLK4	0.41904384133611694
KLK5	0.4147628458498024
KLK6	0.4444557235421166
KLK7	0.4995643776824034
KLK8	0.4501018181818182
KLK9	0.5631352459016393
KLKB1	0.5333816733067729
KLLN	0.38464102564102565
KLRB1	0.3050769230769231
KLRC1	0.10853050397877984
KLRC2	0.15120717131474104
KLRC3	0.0381207729468599
KLRC4-KLRK1	0.11942723004694836
KLRD1	0.3356212121212121
KLRF1	0.3701183932346723
KLRF2	0.26690114942528737
KLRG1	0.3553661971830986
KLRG2	0.36469933184855235
KLRK1	0.3899954545454546
KM-PA-2	0.62767122117848
KMO	0.6527723270440251
KMT2A	0.7357321837057892
KMT2B	0.6722584582441113
KMT2C	0.6548751078781901
KMT2D	0.642529352532474
KMT2E	0.7633045496750231
KNCN	0.7160845070422536
KNDC1	0.48499322263639444
KNG1	0.4016204954954955
KNOP1	0.4336188235294118
KNSTRN	0.48066666666666663
KNTC1	0.696237305699482
KPNA1	0.8902400793650793
KPNA2	0.7537944711538462
KPNA3	0.8926445783132531
KPNA4	0.9146227106227106
KPNA5	0.8530097719869708
KPNA6	0.8452932862190813
KPNA7	0.5312298076923078
KPNB1	0.7391222222222221
KPRP	0.30727712724434036
KPTN	0.6699922720247296
KRAS	0.8089740259740259
KRBA1	0.3324307135470528
KRBA2	0.4663007181328545
KRBOX1	0.40473507462686564
KRCC1	0.5699243542435425
KREMEN1	0.6548237822349571
KREMEN2	0.613845979614949
KRI1	0.6017893890675241
KRIT1	0.889862962962963
KRR1	0.8321255605381166
KRT1	0.40223051131601006
KRT10	0.37098564593301436
KRT12	0.4597352342158859
KRT13	0.4265011655011655
KRT14	0.5333306544202067
KRT15	0.43953642384105956
KRT16	0.4593730158730158
KRT17	0.55657125
KRT18	0.6001997549019608
KRT19	0.475880890052356
KRT2	0.41173409461663946
KRT20	0.47414896373057
KRT222	0.7949774266365689
KRT23	0.5274898688915376
KRT24	0.42245179584120984
KRT25	0.5033380588876771
KRT26	0.4108444193912063
KRT27	0.45880353430353427
KRT28	0.47293473451327434
KRT3	0.42200000000000004
KRT31	0.5447422434367541
KRT32	0.4467821782178218
KRT33A	0.5414760051880675
KRT33B	0.5727012345679012
KRT34	0.5281252796420581
KRT35	0.5133695380774033
KRT36	0.5065836101882614
KRT37	0.3535949868073878
KRT38	0.3940178343949044
KRT39	0.4542084210526316
KRT4	0.49059748427672956
KRT40	0.4506193771626298
KRT5	0.5088388003748829
KRT6A	0.4827959798994975
KRT6B	0.4537107981220657
KRT6C	0.49354873294346974
KRT7	0.5298517587939698
KRT71	0.5338017578124999
KRT72	0.4715479452054795
KRT73	0.4878763388510224
KRT74	0.4116931216931217
KRT75	0.5432844311377245
KRT76	0.4328447368421052
KRT77	0.42602656546489565
KRT78	0.435485188968335
KRT79	0.482481961147086
KRT8	0.491109437751004
KRT80	0.5985935334872978
KRT81	0.5292176113360324
KRT82	0.4562449596774194
KRT83	0.5283821805392731
KRT84	0.48081876724931
KRT85	0.5138515463917526
KRT86	0.5298033419023136
KRT9	0.34395648535564854
KRTAP1-1	0.5566626506024097
KRTAP1-3	0.5396559485530547
KRTAP1-4	0.6070452488687783
KRTAP1-5	0.46764183381088825
KRTAP10-1	0.41356548536209553
KRTAP10-10	0.3999653916211293
KRTAP10-11	0.37664142194744976
KRTAP10-12	0.3792247191011236
KRTAP10-2	0.40396703296703296
KRTAP10-3	0.5342080152671755
KRTAP10-4	0.3176331288343558
KRTAP10-5	0.4271722054380665
KRTAP10-6	0.3581646489104116
KRTAP10-7	0.3543417890520694
KRTAP10-8	0.3470310218978102
KRTAP10-9	0.3739434276206323
KRTAP11-1	0.5947477744807121
KRTAP12-1	0.4110291262135922
KRTAP12-2	0.3814043887147336
KRTAP12-3	0.23245454545454547
KRTAP12-4	0.10506818181818182
KRTAP13-1	0.15236879432624115
KRTAP13-2	0.26108707124010555
KRTAP13-3	0.29071874999999997
KRTAP13-4	0.21200000000000002
KRTAP15-1	0.15972177419354838
KRTAP16-1	0.42584128289473683
KRTAP17-1	0.5177732793522267
KRTAP19-1	0.25832
KRTAP19-2	0.1933482142857143
KRTAP19-3	0.07166470588235294
KRTAP19-4	0.20992
KRTAP19-5	0.1376826347305389
KRTAP19-6	0.24160162601626015
KRTAP19-7	0.27915131578947366
KRTAP19-8	0.13079452054794521
KRTAP2-1	0.6427542662116041
KRTAP2-2	0.6626940298507463
KRTAP2-3	0.7446282051282052
KRTAP2-4	0.7407544642857143
KRTAP20-1	0.18763503649635035
KRTAP20-2	0.08221008403361343
KRTAP20-3	0.0046206896551724145
KRTAP20-4	0.25479999999999997
KRTAP21-1	0.35257512953367875
KRTAP21-2	0.15806091370558376
KRTAP21-3	0.026653846153846156
KRTAP22-1	0.08135483870967741
KRTAP22-2	0.17873404255319147
KRTAP23-1	0.12877692307692307
KRTAP24-1	0.303453488372093
KRTAP25-1	0.007
KRTAP26-1	0.29764999999999997
KRTAP27-1	0.27267430025445294
KRTAP29-1	0.38012732095490714
KRTAP3-1	0.7355885714285715
KRTAP3-2	0.6702965517241379
KRTAP3-3	0.6955033557046979
KRTAP4-1	0.4665267857142857
KRTAP4-11	0.42882920792079204
KRTAP4-12	0.49408188585607943
KRTAP4-16P	0.38203434343434345
KRTAP4-2	0.4200137931034483
KRTAP4-3	0.29251052631578944
KRTAP4-4	0.37784638554216865
KRTAP4-5	0.43786231884057975
KRTAP4-6	0.4741126126126126
KRTAP4-7	0.5230626959247648
KRTAP4-8	0.49387533156498675
KRTAP4-9	0.47258111380145273
KRTAP5-1	0.26592557251908394
KRTAP5-10	0.4250190311418685
KRTAP5-11	0.7632642045454545
KRTAP5-2	0.40887358916478556
KRTAP5-3	0.42474690265486725
KRTAP5-4	0.44632085561497326
KRTAP5-5	0.47465104166666666
KRTAP5-6	0.5734316770186336
KRTAP5-7	0.6846211699164345
KRTAP5-8	0.36819461697722566
KRTAP5-9	0.4870808988764045
KRTAP6-1	0.7174875000000001
KRTAP6-2	0.49884666666666666
KRTAP6-3	0.6124847161572052
KRTAP8-1	0.6191544715447155
KRTAP9-1	0.3396953781512605
KRTAP9-2	0.35065352112676057
KRTAP9-3	0.33641433021806855
KRTAP9-4	0.33005102040816325
KRTAP9-6	0.37563663663663666
KRTAP9-7	0.34662078651685396
KRTAP9-8	0.31602287581699345
KRTAP9-9	0.33096703296703295
KRTCAP2	0.6297714285714286
KRTCAP3	0.608447983014862
KRTDAP	0.5546815920398009
KSR1	0.6278788580246913
KSR2	0.7221197802197803
KTI12	0.5761500765696784
KTN1	0.7550641344956414
KXD1	0.6224863945578231
KY	0.7207122507122506
KYNU	0.6544298820445609
L1TD1	0.2003050847457627
L2HGDH	0.681094827586207
L3HYPDH	0.7135941499085924
L3MBTL1	0.5749198875614898
L3MBTL2	0.6501639898562975
L3MBTL3	0.7901085494716619
L3MBTL4	0.5506279784780937
L47234.1	0.09528
LA16c-431H6.6	0.0053
LACC1	0.6843227146814405
LACE1	0.7063217391304347
LACRT	0.2382972972972973
LACTB	0.6718273291925466
LACTB2	0.7255193236714976
LACTBL1	0.6955242825607064
LAD1	0.3606198419666374
LAG3	0.445359375
LAIR1	0.2153786982248521
LAIR2	0.14850967741935484
LALBA	0.534276397515528
LAMA1	0.5970575228882363
LAMA2	0.7131578837306566
LAMA3	0.5836561933534743
LAMA4	0.7123333333333334
LAMA5	0.5387368961973279
LAMB1	0.645488968395945
LAMB2	0.6212
LAMB3	0.5428845681539092
LAMB4	0.4930853242320819
LAMC1	0.7150259849119865
LAMC2	0.6142608695652174
LAMC3	0.5260877313228238
LAMP1	0.473816
LAMP3	0.3995192771084337
LAMP5	0.7396303191489362
LAMTOR1	0.6506354679802956
LAMTOR2	0.6473770491803279
LAMTOR3	0.8976935483870967
LAMTOR4	0.8578839285714286
LAMTOR5	0.7797209302325582
LANCL1	0.7248510638297873
LANCL2	0.6594080882352941
LAP3	0.6777768691588786
LAPTM4A	0.8656874999999999
LAPTM4B	0.5367301255230126
LAPTM5	0.5901344339622642
LARGE	0.7081610576923076
LARP1	0.683596052631579
LARP1B	0.705176322418136
LARP4	0.7063662258392674
LARP4B	0.7464403491755578
LARP6	0.5754461206896552
LARP7	0.5930949119373777
LARS	0.8138871906841338
LARS2	0.6624527260179434
LASP1	0.6903962264150943
LAT	0.40531329113924053
LAT2	0.44034521158129175
LATS1	0.7406698841698841
LATS2	0.6184013452914798
LAX1	0.31083401360544216
LAYN	0.5838955823293173
LBH	0.8311483870967742
LBP	0.49367969494756914
LBR	0.6259912816041848
LBX1	0.8191074380165289
LBX2	0.42717066666666664
LCA5	0.5494202682563338
LCA5L	0.4245075528700906
LCAT	0.6052076167076167
LCE1A	0.5489878542510122
LCE1B	0.5697176470588236
LCE1C	0.597069498069498
LCE1D	0.5732348178137652
LCE1E	0.5845019011406843
LCE1F	0.62783203125
LCE2A	0.5098289473684211
LCE2B	0.4546304347826087
LCE2C	0.4464065040650407
LCE2D	0.3260487804878049
LCE3A	0.3577039106145251
LCE3B	0.48055357142857147
LCE3C	0.4851359223300971
LCE3D	0.42252606635071094
LCE3E	0.4390428571428571
LCE4A	0.25539999999999996
LCE5A	0.3840642857142857
LCE6A	0.2615153846153846
LCK	0.6311269487750556
LCLAT1	0.5368063725490196
LCMT1	0.605263422818792
LCMT2	0.5748213523131672
LCN1	0.10611464968152866
LCN10	0.200621409921671
LCN12	0.1742375
LCN15	0.44532687651331715
LCN2	0.4338855140186916
LCN6	0.28773087818696885
LCN8	0.3743391812865497
LCN9	0.1613843537414966
LCNL1	0.22510548523206753
LCOR	0.9646341463414634
LCORL	0.9436729857819905
LCP1	0.7561073738680466
LCP2	0.6404167468719923
LCT	0.5858377067883629
LCTL	0.6826617647058824
LDB1	0.8372019704433498
LDB2	0.66512890625
LDB3	0.6611820534943916
LDHA	0.6897924528301886
LDHAL6A	0.6170898379970545
LDHAL6B	0.7032087542087543
LDHB	0.7850069605568446
LDHC	0.7067142857142857
LDHD	0.5882426868905742
LDLR	0.49452116082224906
LDLRAD1	0.5662610837438423
LDLRAD2	0.48089230769230773
LDLRAD3	0.6058327137546469
LDLRAD4	0.7546278481012657
LDLRAP1	0.6385358649789029
LDOC1L	0.6631971252566735
LEAP2	0.6163674698795181
LECT1	0.7326931106471816
LECT2	0.4494035476718404
LEF1	0.7836424870466321
LEFTY1	0.6662594752186588
LEFTY2	0.610431855500821
LEKR1	0.5996078136739293
LELP1	0.43789805825242717
LEMD1	0.43503426791277255
LEMD2	0.5729082125603865
LEMD3	0.6867185582822086
LENEP	0.544043795620438
LENG1	0.5656581986143188
LENG8	0.6388705526116578
LENG9	0.4085119214586255
LEO1	0.7701839430894308
LEP	0.521367816091954
LEPR	0.5159338061465721
LEPRE1	0.5484839590443686
LEPREL1	0.6513622366288492
LEPREL2	0.6045547445255475
LEPREL4	0.6293022922636103
LEPROT	0.7837474747474746
LEPROTL1	0.4464311926605505
LETM1	0.5922575366063738
LETM2	0.5625868544600939
LETMD1	0.6958914728682171
LEUTX	0.1336680497925311
LFNG	0.49970319001386965
LGALS1	0.482519877675841
LGALS12	0.600251040221914
LGALS13	0.15360416666666665
LGALS14	0.055449838187702265
LGALS16	0.12920261437908498
LGALS2	0.5097894736842106
LGALS3	0.5355766129032259
LGALS3BP	0.43684256816182937
LGALS4	0.5213009523809524
LGALS7	0.4572334494773519
LGALS7B	0.42302666666666666
LGALS8	0.6327774390243902
LGALS9	0.4185575485799701
LGALS9B	0.4207049399198932
LGALS9C	0.39969970414201184
LGALSL	0.8105210526315789
LGI1	0.8834986376021797
LGI2	0.7217254374158815
LGI3	0.6636439075630252
LGI4	0.6022263023057216
LGMN	0.5137114427860696
LGR4	0.7458684593023256
LGR5	0.708112596762843
LGR6	0.6202463325183374
LGSN	0.646453196347032
LHB	0.55267
LHCGR	0.6420154506437769
LHFP	0.7867850467289719
LHFPL2	0.6520427631578948
LHFPL3	0.7815052631578947
LHFPL4	0.8572375690607734
LHFPL5	0.7364710743801652
LHPP	0.6565790598290598
LHX1	0.7674268292682928
LHX2	0.7982025316455696
LHX3	0.6848178694158076
LHX4	0.7749535603715171
LHX5	0.7737760180995475
LHX6	0.8242738853503184
LHX8	0.8237342857142858
LHX9	0.6844917491749175
LIAS	0.7285047438330171
LIF	0.6958135135135136
LIFR	0.6153900999091735
LIG1	0.5881923076923077
LIG3	0.659913712374582
LIG4	0.6831628482972136
LILRA1	0.15473533834586467
LILRA2	0.1446797153024911
LILRA3	0.14206417910447763
LILRA4	0.15852298850574711
LILRA5	0.1298103896103896
LILRA6	0.14137037037037037
LILRB1	0.14371812749003984
LILRB2	0.16974487471526195
LILRB3	0.21731225680933852
LILRB4	0.15305835962145112
LILRB5	0.18104870466321243
LIM2	0.6811929133858268
LIMA1	0.6058534151957022
LIMCH1	0.6013013219284603
LIMD1	0.45337169811320754
LIMD2	0.6802717391304348
LIME1	0.1429964412811388
LIMK1	0.611185035389282
LIMK2	0.7388073394495412
LIMS1	0.739685598377282
LIMS2	0.588421188630491
LIMS3	0.7217953367875648
LIMS3L	0.732540192926045
LIN28A	0.7371371841155235
LIN28B	0.740425
LIN37	0.7339447674418604
LIN52	0.8698703703703704
LIN54	0.8378241758241758
LIN7A	0.7803802816901408
LIN7B	0.5257337807606264
LIN7C	0.8210892857142857
LIN9	0.7447746967071057
LINC00346	0.07667058823529412
LINC00692	0.28483673469387755
LINC00696	0.011280303030303031
LINC00908	0.032805084745762714
LINC00923	0.017717391304347824
LINC00935	0.5213006329113924
LINC00955	0.1418909512761021
LINC00998	0.590375
LINC00999	0.03240909090909091
LINGO1	0.7313661971830986
LINGO2	0.8195396578538102
LINGO3	0.6495510204081633
LINGO4	0.6684761012183693
LINS	0.4593922651933702
LIPA	0.5580806451612903
LIPC	0.5628743768693918
LIPE	0.49644116094986807
LIPF	0.5063564753004006
LIPG	0.5890140388768899
LIPH	0.5296032085561497
LIPI	0.5172568710359408
LIPJ	0.45710932944606414
LIPK	0.5564471744471744
LIPM	0.5910304093567251
LIPN	0.5754495530012771
LIPT1	0.6596539027982327
LIPT2	0.616468619246862
LITAF	0.41145368620037803
LIX1	0.7988502415458937
LIX1L	0.7765714285714286
LL22NC03-63E9.3	0.06892452830188679
LL22NC03-75H12.2	0.0067108433734939755
LLGL1	0.6103932518906341
LLGL2	0.6253597715736041
LLPH	0.6327196261682242
LMAN1	0.7203417910447761
LMAN1L	0.52589440433213
LMAN2	0.7146018099547511
LMAN2L	0.7688076109936576
LMBR1	0.7803599290780142
LMBR1L	0.6181656210790464
LMBRD1	0.8171501766784453
LMBRD2	0.8201178247734139
LMCD1	0.6568736517719568
LMF1	0.44008042242079615
LMF2	0.5534573954983922
LMLN	0.7461072522982635
LMNA	0.5966102470265325
LMNB1	0.6773816872427983
LMNB2	0.655334771354616
LMO1	0.8322878787878788
LMO2	0.6365128205128205
LMO3	0.3729574468085106
LMO4	0.836875
LMO7	0.5650882994186047
LMOD1	0.53300629590766
LMOD2	0.6068513800424629
LMOD3	0.5855047318611988
LMTK2	0.519536901865369
LMTK3	0.5557565938206481
LMX1A	0.7945796019900497
LMX1B	0.8279765013054831
LNP1	0.4296475409836066
LNPEP	0.6970104287369641
LNX1	0.697472
LNX2	0.6943608736942071
LOH12CR1	0.7470165975103734
LOH12CR2	0.28207462686567164
LONP1	0.6409310104529616
LONP2	0.7608313043478261
LONRF1	0.7072568402471315
LONRF2	0.5909154929577465
LOR	0.38049804941482446
LOX	0.6344941348973607
LOXHD1	0.7390766999677731
LOXL1	0.5492263978001833
LOXL2	0.6343023622047244
LOXL3	0.654695993031359
LOXL4	0.6175411855273287
LPA	0.4883810902074288
LPAR1	0.6856758104738155
LPAR2	0.613236507936508
LPAR3	0.7249978165938864
LPAR5	0.5322707006369427
LPAR6	0.7494343220338983
LPCAT1	0.623755991285403
LPCAT2	0.6623964984552009
LPCAT3	0.653612641815235
LPCAT4	0.7839553219448095
LPGAT1	0.8307163323782235
LPHN1	0.7106144636015326
LPHN2	0.8336016114592659
LPHN3	0.7749799222797927
LPIN1	0.6159804260218769
LPIN2	0.70457015130674
LPIN3	0.505890439637125
LPL	0.6750582386363636
LPO	0.5092976776917664
LPP	0.630951269035533
LPPR1	0.808683870967742
LPPR3	0.5520210602759623
LPPR4	0.764254295532646
LPPR5	0.8329392097264438
LPXN	0.582352422907489
LRAT	0.6320224215246637
LRBA	0.6934014020115818
LRCH1	0.7348221601489757
LRCH3	0.7432530755711775
LRCH4	0.6217575057736721
LRFN1	0.6443815384615385
LRFN2	0.6868231233822261
LRFN3	0.5232129992169147
LRFN4	0.5475262281432139
LRFN5	0.7679917098445596
LRG1	0.347236013986014
LRGUK	0.5536334041047417
LRIF1	0.6544520030234316
LRIG1	0.5836815181518152
LRIG2	0.7248844221105528
LRIG3	0.6499402985074626
LRIT1	0.586513425549227
LRIT2	0.5853646034816248
LRIT3	0.5672125100240577
LRLE1	0.015345132743362832
LRMP	0.5224445617740232
LRP1	0.7010914079648792
LRP10	0.5518540829986613
LRP11	0.567531843575419
LRP12	0.768535514764565
LRP1B	0.8153573239711331
LRP2	0.6974232359019782
LRP2BP	0.668606365159129
LRP3	0.553002861230329
LRP4	0.7884303215926494
LRP5	0.6576464909023394
LRP5L	0.7442099447513812
LRP6	0.8438
LRP8	0.6514668831168832
LRPAP1	0.6216451127819549
LRPPRC	0.6076334782608696
LRR1	0.698816355810617
LRRC1	0.8023197556008147
LRRC10	0.6090892857142858
LRRC10B	0.69798046875
LRRC14	0.5514317548746519
LRRC14B	0.6089702380952381
LRRC15	0.5775315315315315
LRRC16A	0.7126403634624582
LRRC16B	0.7597483598875351
LRRC17	0.6957575
LRRC18	0.6252087682672234
LRRC19	0.5944572127139365
LRRC2	0.6924180327868853
LRRC20	0.7372972972972973
LRRC23	0.547124
LRRC24	0.5642109207708779
LRRC25	0.28265076335877864
LRRC26	0.25338844621513945
LRRC27	0.26447608695652175
LRRC28	0.7825294117647058
LRRC29	0.5887308319738989
LRRC3	0.5390798319327731
LRRC30	0.6597592920353983
LRRC31	0.5216848484848485
LRRC32	0.5935428802588997
LRRC34	0.6316004993757802
LRRC36	0.6090588679245283
LRRC37A	0.23632268226822684
LRRC37A2	0.24460450729120634
LRRC37A3	0.19459005669428694
LRRC37B	0.33536363636363636
LRRC38	0.6952669683257918
LRRC39	0.7062245989304813
LRRC3B	0.7870806451612903
LRRC3C	0.589156378600823
LRRC3DN	0.023262569832402234
LRRC4	0.706798076923077
LRRC40	0.7366557203389831
LRRC41	0.7923401360544218
LRRC42	0.7479536231884057
LRRC43	0.4714995829858215
LRRC45	0.6345877483443708
LRRC46	0.49513109756097556
LRRC47	0.6144629460201281
LRRC48	0.6288820346320346
LRRC49	0.7507206703910615
LRRC4B	0.6376509161041466
LRRC4C	0.8251807228915662
LRRC52	0.608308957952468
LRRC53	0.39332817337461295
LRRC55	0.5743007380073801
LRRC56	0.35034615384615386
LRRC57	0.8248500000000001
LRRC58	0.8116511056511057
LRRC59	0.7000410256410257
LRRC6	0.5938167281672817
LRRC61	0.6017872340425532
LRRC63	0.4227431640625
LRRC66	0.30623682140047204
LRRC69	0.5236163610719322
LRRC7	0.7739427536231883
LRRC70	0.6944940374787053
LRRC71	0.6142930232558139
LRRC72	0.6275531914893617
LRRC73	0.8066035087719299
LRRC8A	0.7113836206896551
LRRC8B	0.7068032786885247
LRRC8C	0.7261395775941231
LRRC8D	0.8963529411764706
LRRC8E	0.6264028189910978
LRRC9	0.7236186823104693
LRRCC1	0.7198739237392374
LRRD1	0.5908620478234212
LRRFIP1	0.5282642812303829
LRRFIP2	0.7962416666666666
LRRIQ1	0.45525931390630764
LRRIQ3	0.4131107738998483
LRRIQ4	0.49276455256298873
LRRK1	0.6540668789808917
LRRK2	0.7222189650777466
LRRN1	0.7464824165915239
LRRN2	0.5776391412056152
LRRN3	0.82408038585209
LRRN4	0.4234984544049459
LRRN4CL	0.4083173913043478
LRRTM1	0.7857627627627627
LRRTM2	0.93209900990099
LRRTM3	0.8808986175115208
LRRTM4	0.7439857697283312
LRSAM1	0.7141855769230769
LRTM1	0.5945409090909091
LRTM2	0.6819768595041322
LRTOMT	0.6162080536912752
LRWD1	0.5790393498716853
LSAMP	0.7717738693467336
LSG1	0.6219223394055609
LSM1	0.771722972972973
LSM10	0.6906393442622951
LSM11	0.7537356902356902
LSM12	0.33138532110091745
LSM14A	0.8368
LSM14B	0.6806382699868938
LSM2	0.8301279069767442
LSM3	0.8316509433962265
LSM4	0.32010169491525425
LSM5	0.5681470588235294
LSM6	0.8914714285714286
LSM7	0.4823664596273292
LSMD1	0.5840509554140128
LSMEM1	0.5513300330033003
LSMEM2	0.44368
LSP1	0.3426188389923329
LSR	0.5439004524886878
LSS	0.5834255479969765
LST1	0.48228095238095237
LST3	0.446085308056872
LTA	0.5521311111111111
LTA4H	0.7375117428924599
LTB	0.5774751037344399
LTB4R	0.3944671280276817
LTB4R2	0.334275956284153
LTBP1	0.7163627564847077
LTBP2	0.5572186642268984
LTBP3	0.6507860940695297
LTBP4	0.5871744529863986
LTBR	0.4954717784877529
LTC4S	0.6021940789473684
LTF	0.48443164933135213
LTK	0.5407761732851986
LTN1	0.7333480762315714
LTV1	0.744481644640235
LUC7L	0.7302693965517242
LUC7L3	0.7507682403433477
LUM	0.7248152173913044
LURAP1	0.606008356545961
LURAP1L	0.6686315789473685
LUZP1	0.5608621349928196
LUZP2	0.6127987288135593
LUZP6	0.2881875
LUZPP1	0.022898089171974525
LXN	0.6947941176470588
LY6D	0.29650202429149797
LY6E	0.24838717948717948
LY6G5B	0.5430227272727273
LY6G5C	0.272831914893617
LY6G6C	0.674739837398374
LY6G6D	0.44808722741433027
LY6G6E	0.37961349693251534
LY6G6F	0.4974205729166667
LY6H	0.705354609929078
LY6K	0.08194524495677233
LY75	0.6247787971457696
LY86	0.5018441176470588
LY9	0.22971610169491524
LY96	0.4745690140845071
LYAR	0.5349917491749174
LYG1	0.5488985507246377
LYG2	0.5130204545454545
LYL1	0.502840579710145
LYN	0.7173518284993695
LYNX1	0.4630825515947467
LYPD1	0.6217777777777778
LYPD2	0.39956976744186046
LYPD3	0.5185550458715597
LYPD4	0.5345456238361266
LYPD5	0.516348162475822
LYPD6	0.772101321585903
LYPD6B	0.5188783783783784
LYPD8	0.19049612403100777
LYPLA1	0.8379197080291971
LYPLA2	0.7913067729083665
LYPLAL1	0.6406787564766839
LYRM1	0.8266797385620915
LYRM2	0.6066504854368931
LYRM4	0.3080364741641337
LYRM5	0.7320131578947369
LYRM7	0.8609716312056738
LYRM9	0.599134328358209
LYSMD1	0.5614554707379135
LYSMD2	0.6958050314465408
LYSMD3	0.6935458333333333
LYSMD4	0.4262203098106712
LYST	0.6922298221614227
LYVE1	0.5210648148148148
LYZ	0.49684827586206903
LYZL1	0.5492234957020057
LYZL2	0.5217561643835616
LYZL4	0.5895969230769231
LYZL6	0.48707861635220123
LZIC	0.6022508361204013
LZTFL1	0.5626074450084602
LZTR1	0.6873327154772937
LZTS1	0.6600212550607287
LZTS2	0.6053054662379421
LZTS3	0.7176683673469388
M1AP	0.6093024494142705
M6PR	0.5971378676470589
MAATS1	0.6577296037296038
MAB21L1	0.8530378006872853
MAB21L2	0.8004375
MAB21L3	0.603050822122571
MACC1	0.6632297476759628
MACF1	0.6371063035019455
MACROD1	0.6378528896672504
MACROD2	0.7299806138933764
MAD1L1	0.6270996533795494
MAD2L1	0.81896484375
MAD2L1BP	0.5426609294320137
MAD2L2	0.7889608695652175
MADCAM1	0.2655428134556575
MADD	0.7700272673384707
MAEA	0.696874449339207
MAEL	0.7831232492997199
MAF	0.7141952941176472
MAF1	0.674781767955801
MAFA	0.7135028355387524
MAFB	0.8131856540084388
MAFF	0.6316544502617801
MAFG	0.766228813559322
MAFK	0.7036166666666667
MAG	0.7489029484029484
MAGEF1	0.29699719887955184
MAGEL2	0.3569442060085837
MAGI1	0.7190899241603467
MAGI2	0.6810456349206349
MAGI3	0.6280900579580918
MAGOH	0.8948380952380952
MAGOHB	0.6215972222222222
MAK	0.6581627906976745
MAK16	0.7746870415647922
MAL	0.5418286713286713
MAL2	0.7300592885375494
MALL	0.5534125000000001
MALSU1	0.509683377308707
MALT1	0.6782998500749625
MAMDC2	0.6942444658325313
MAMDC4	0.41276949296974863
MAML1	0.6658195819581958
MAML2	0.6774743589743589
MAML3	0.6743967797584819
MAMSTR	0.5227906683480453
MAN1A1	0.7353788819875776
MAN1A2	0.7812357357357357
MAN1B1	0.48230477634571645
MAN1C1	0.6564422476586889
MAN2A1	0.7005873758036236
MAN2A2	0.671092936802974
MAN2B1	0.5628424599831509
MAN2B2	0.5859623477297896
MAN2C1	0.5969377104377104
MANBA	0.6097003968253968
MANBAL	0.5861438848920864
MANEA	0.6785857321652066
MANEAL	0.7220890052356022
MANF	0.7696666666666666
MANSC1	0.35945814977973567
MANSC4	0.4105971337579618
MAP10	0.34682342758222734
MAP1A	0.571844406261932
MAP1B	0.664874215354901
MAP1LC3A	0.5921428571428571
MAP1LC3B	0.6647612903225806
MAP1LC3B2	0.8969837398373983
MAP1LC3C	0.7113463414634146
MAP1S	0.4666641509433962
MAP2	0.6190165211970075
MAP2K1	0.746660753880266
MAP2K2	0.7255640074211503
MAP2K3	0.6122248722316865
MAP2K4	0.8649317269076305
MAP2K5	0.7689338842975206
MAP2K6	0.7578428184281844
MAP2K7	0.7187768595041322
MAP3K1	0.7523294710327456
MAP3K10	0.6674579319203596
MAP3K11	0.6848344640434193
MAP3K12	0.6988400267737617
MAP3K13	0.6412092352092352
MAP3K19	0.4350967267377712
MAP3K2	0.8772535971223021
MAP3K3	0.7659711815561959
MAP3K4	0.6623822703569996
MAP3K5	0.7718804611650485
MAP3K6	0.5853871712044302
MAP3K7	0.9064911838790932
MAP3K7CL	0.5708698060941828
MAP3K8	0.7291637426900585
MAP3K9	0.7283366863905325
MAP4	0.4591087219866748
MAP4K1	0.68852828854314
MAP4K2	0.7171063829787233
MAP4K3	0.8572786683107275
MAP4K4	0.7695430737422467
MAP4K5	0.8599441624365481
MAP6	0.4289530883502736
MAP6D1	0.43378989361702125
MAP7	0.6353457943925234
MAP7D1	0.5928888888888889
MAP9	0.5594583663758921
MAPK1	0.8677259259259259
MAPK10	0.8414931506849316
MAPK11	0.6258015665796345
MAPK12	0.6137562408223202
MAPK13	0.7188563218390804
MAPK14	0.7917206572769954
MAPK15	0.4813411885245901
MAPK1IP1L	0.8403304093567251
MAPK3	0.7315011389521641
MAPK4	0.5710321931589537
MAPK6	0.8639540481400437
MAPK7	0.602232676878191
MAPK8	0.8526189024390244
MAPK8IP1	0.6862106299212599
MAPK8IP2	0.5433828798938288
MAPK8IP3	0.6933036649214659
MAPK9	0.8472606635071089
MAPKAP1	0.7400615763546797
MAPKAPK2	0.7180763636363636
MAPKAPK3	0.7054442270058708
MAPKAPK5	0.7031021897810219
MAPKBP1	0.6542013769363167
MAPRE1	0.831426116838488
MAPRE2	0.7810647482014388
MAPRE3	0.7777914110429448
MAPT	0.5107503725782414
MARC1	0.5411246458923512
MARC2	0.5899528158295282
MARCH1	0.5529537246049661
MARCH10	0.41237016574585633
MARCH11	0.477179012345679
MARCH2	0.6857515923566879
MARCH3	0.8022720000000001
MARCH4	0.7556166666666666
MARCH5	0.9030857142857143
MARCH6	0.7914054290718038
MARCH7	0.8108950953678474
MARCH8	0.6680499999999999
MARCH9	0.6501978609625669
MARCKS	0.5016938159879336
MARCKSL1	0.702343661971831
MARCO	0.4746717171717172
MARK1	0.772405487804878
MARK2	0.6787221297836938
MARK3	0.7780111386138614
MARK4	0.7399081237911025
MARS	0.7326969042476602
MARS2	0.6046498127340824
MARVELD1	0.8323538461538462
MARVELD2	0.5879322362052274
MARVELD3	0.4212525641025641
MAS1	0.5894113029827315
MAS1L	0.1234355108877722
MASP1	0.6570336658354116
MASP2	0.5015499629903776
MAST1	0.5890374479889043
MAST2	0.6304281492427041
MAST3	0.6312237960339944
MAST4	0.5615583470298192
MASTL	0.6061401408450705
MAT1A	0.6631669242658423
MAT2A	0.8150864440078586
MAT2B	0.8280726817042606
MATK	0.6033160434258142
MATN1	0.6977674796747968
MATN2	0.6807256362507759
MATN3	0.524899692937564
MATN4	0.6849564777327934
MATR3	0.8543911504424778
MAU2	0.7643975346687211
MAVS	0.3015569871159564
MAX	0.4710389610389611
MAZ	0.5014518581081081
MB	0.6684334600760456
MB21D1	0.4579001314060447
MB21D2	0.7805103734439834
MBD1	0.6041088488645262
MBD2	0.7836368
MBD3	0.67314
MBD3L1	0.3208615751789976
MBD3L2	0.056625994694960206
MBD3L3	0.19147555555555557
MBD3L4	0.03830422535211268
MBD3L5	0.12235374149659864
MBD4	0.4064496124031008
MBD5	0.8974462193823216
MBD6	0.8235970588235295
MBIP	0.7112713567839196
MBL2	0.4135475687103594
MBLAC1	0.5052655038759689
MBLAC2	0.6845725593667545
MBNL1	0.853088122605364
MBNL2	0.8472161172161172
MBOAT1	0.7307428180574556
MBOAT2	0.6749418918918919
MBOAT4	0.5002907117008444
MBOAT7	0.6632689969604862
MBP	0.5448935251798561
MBTD1	0.8724574257425742
MBTPS1	0.7498509687034277
MC1R	0.5243513011152416
MC2R	0.6393116883116883
MC3R	0.6621265206812652
MC4R	0.6922365339578453
MC5R	0.6347333333333333
MCAM	0.53625
MCAT	0.5060856741573034
MCC	0.7537424118129614
MCCC1	0.6823906119027662
MCCC2	0.6858832369942196
MCCD1	0.4774517374517374
MCEE	0.6379787234042553
MCF2L	0.553774914740432
MCF2L2	0.6253348090758163
MCFD2	0.6224920634920634
MCHR1	0.5760105633802817
MCHR2	0.6791764705882354
MCIDAS	0.5504016172506739
MCL1	0.5489685534591195
MCM10	0.6257214095744681
MCM2	0.6542005141388175
MCM3	0.7250825285338016
MCM3AP	0.5637585475748741
MCM4	0.776686567164179
MCM5	0.6920087527352298
MCM6	0.8317889009793253
MCM7	0.7513881511746681
MCM8	0.6965095238095238
MCM9	0.5529488428745433
MCMBP	0.7668455555555554
MCMDC2	0.7898717660292464
MCOLN1	0.6353129921259842
MCOLN2	0.672269146608315
MCOLN3	0.6888020833333334
MCPH1	0.4392560873215785
MCRS1	0.7417467411545624
MCTP1	0.6881470588235294
MCTP2	0.6348040638606677
MCU	0.5707791798107256
MCUR1	0.3930282902829028
MDC1	0.27944546684709065
MDFI	0.580364238410596
MDFIC	0.531209090909091
MDGA1	0.7164794303797468
MDGA2	0.7515323020928116
MDH1	0.7723954802259887
MDH1B	0.5310404624277457
MDH2	0.73025826446281
MDK	0.6836958525345622
MDM1	0.541015691868759
MDM2	0.6588107448107449
MDM4	0.681111801242236
MDN1	0.7133681859825928
MDP1	0.6533048433048433
MDS2	0.3195848375451264
ME1	0.7610355450236966
ME2	0.7530066592674806
ME3	0.6573556058890148
MEA1	0.7567172413793104
MEAF6	0.8162169312169312
MECOM	0.7373175182481752
MECR	0.6029615384615384
MED1	0.845696324951644
MED10	0.8699027777777778
MED11	0.7034488636363636
MED12L	0.7520925245098039
MED13	0.8890506970849177
MED13L	0.7818537117903931
MED15	0.6145573033707865
MED16	0.6567335092348285
MED17	0.7821245330012454
MED18	0.7930081632653061
MED19	0.7397539432176656
MED20	0.6225167286245353
MED21	0.6720203252032521
MED22	0.7336102362204724
MED23	0.8204421455938696
MED24	0.6689657980456026
MED25	0.7041594323873122
MED26	0.5897701465201465
MED27	0.740326530612245
MED28	0.6481888111888112
MED29	0.4964325
MED30	0.7705721393034826
MED31	0.8960315789473685
MED4	0.718607476635514
MED6	0.8211752988047809
MED7	0.8455454545454546
MED8	0.7375475504322767
MED9	0.5427948717948717
MEDAG	0.7143427419354839
MEF2A	0.750605026929982
MEF2B	0.5178630136986302
MEF2BNB	0.371230303030303
MEF2BNB-MEF2B	0.45001258741258743
MEF2C	0.8549536082474226
MEF2D	0.7653454833597464
MEFV	0.3595467492260062
MEGF10	0.7379587020648967
MEGF11	0.6882548456568557
MEGF6	0.4812062958435208
MEGF8	0.6992139457401239
MEGF9	0.6117017383348582
MEI1	0.648161933022467
MEI4	0.5946740947075209
MEIG1	0.857811320754717
MEIOB	0.6638778220451527
MEIS1	0.48945916515426496
MEIS2	0.6645917602996254
MEIS3	0.534718006795017
MELK	0.7598354143019296
MEMO1	0.44446153846153846
MEN1	0.7374062111801242
MEOX1	0.6077425000000001
MEOX2	0.8422564102564103
MEP1A	0.5681013215859031
MEP1B	0.5903927304964539
MEPCE	0.6555236907730674
MEPE	0.31461721068249254
MERTK	0.5535935347111818
MESDC1	0.8045579937304075
MESDC2	0.5095962343096234
MESP1	0.3180525114155251
MESP2	0.32114071038251363
MEST	0.7840092165898618
MET	0.7165964391691395
METAP1	0.7699369158878505
METAP1D	0.7788228346456693
METAP2	0.7323574468085106
METRN	0.4890016129032258
METRNL	0.5599101899827288
METTL1	0.6988937823834197
METTL10	0.22074056603773584
METTL11B	0.7393016304347826
METTL12	0.5140041407867495
METTL13	0.6831750465549349
METTL14	0.7349779527559055
METTL15	0.49264935064935067
METTL16	0.6213402597402597
METTL17	0.6183018867924528
METTL18	0.5088575899843506
METTL20	0.6155203619909503
METTL21A	0.5522156862745098
METTL21B	0.5505798816568047
METTL21C	0.5866458333333333
METTL22	0.5603488372093024
METTL23	0.6454187725631769
METTL24	0.636458804523425
METTL25	0.554562193927522
METTL2A	0.638362292051756
METTL2B	0.5356961538461539
METTL3	0.8766027633851468
METTL4	0.5425930949445129
METTL5	0.7420324909747292
METTL6	0.48077280550774526
METTL7A	0.5121546391752577
METTL7B	0.4990938775510204
METTL8	0.5460985663082437
METTL9	0.8461786941580756
MEX3A	0.689652818991098
MEX3B	0.5963788819875776
MEX3C	0.7434084380610413
MEX3D	0.4574701257861636
MFAP1	0.8707339246119734
MFAP2	0.7553699633699634
MFAP3	0.6578165467625899
MFAP3L	0.6465133779264214
MFAP4	0.5223315315315316
MFAP5	0.6645382262996942
MFF	0.7993219895287959
MFGE8	0.5815351437699681
MFHAS1	0.683030303030303
MFI2	0.5499391480730224
MFN1	0.7951372767857142
MFN2	0.764737668161435
MFNG	0.5445397631133672
MFRP	0.5675857933579336
MFSD1	0.6067936893203884
MFSD10	0.6186800947867298
MFSD11	0.6424639053254437
MFSD12	0.49007157057654077
MFSD2A	0.6744827586206896
MFSD2B	0.48642272262026615
MFSD3	0.4865108958837773
MFSD4	0.6535938337801609
MFSD5	0.6771433962264151
MFSD6	0.6318825622775801
MFSD6L	0.5277302325581394
MFSD7	0.46270100000000003
MFSD8	0.719095945945946
MFSD9	0.5818989898989899
MGA	0.71110807860262
MGAM	0.5562538030424339
MGARP	0.4058997613365155
MGAT1	0.6095500633713562
MGAT2	0.7282746113989638
MGAT3	0.6244992700729927
MGAT4A	0.7908982785602504
MGAT4B	0.6722261904761905
MGAT4C	0.7942733446519524
MGAT5	0.8143733528550512
MGAT5B	0.665916015625
MGC10955	0.007625
MGC4294	0.007009090909090909
MGC4771	0.011192307692307692
MGEA5	0.7962043628013777
MGLL	0.6516397849462365
MGME1	0.5674754653130287
MGMT	0.49311388888888885
MGP	0.571343537414966
MGRN1	0.596767543859649
MGST1	0.5596830601092896
MGST2	0.6035724381625442
MGST3	0.5433888888888889
MIA	0.9966666666666667
MIA-RAB4B	0.6514021164021164
MIA2	0.41765331391114346
MIA3	0.46850015092061575
MIB1	0.8822050970873787
MIB2	0.6127718327183271
MICA	0.1304627192982456
MICAL1	0.5664201807228916
MICAL2	0.668163252638113
MICAL3	0.6485296167247387
MICALCL	0.37219070667957405
MICALL1	0.5430201874549387
MICALL2	0.352219262295082
MICB	0.11373203883495146
MICU1	0.6106093023255814
MICU2	0.6379214175654854
MICU3	0.7782047781569966
MIDN	0.6226420454545454
MIEF1	0.6863052064631957
MIEF2	0.5532229367631297
MIEN1	0.6782258064516129
MIER1	0.7545489443378119
MIER2	0.589585005279831
MIER3	0.750154970760234
MIF	0.6236315789473684
MIF4GD	0.5794429530201343
MIIP	0.42060991957104554
MILR1	0.2653355704697986
MINA	0.6357338217338218
MINK1	0.7109591211037302
MINOS1	0.59724
MINOS1-NBL1	0.5408790035587189
MINPP1	0.6249819819819821
MIOS	0.8585478065241845
MIOX	0.6688739495798319
MIP	0.6650797413793103
MIPEP	0.6755085551330798
MIPOL1	0.5219134948096886
MIR3654	0.70225
MIS12	0.6729288702928871
MIS18A	0.5699096916299559
MIS18BP1	0.4350433694745621
MISP	0.29015298507462683
MITD1	0.7299680511182108
MITF	0.6776988906497623
MIXL1	0.3730422222222222
MKI67	0.18405894962486605
MKI67IP	0.5810806174957118
MKKS	0.587546357615894
MKL1	0.5956966501240695
MKL2	0.5920439672801636
MKLN1	0.8948741007194245
MKNK1	0.5952018348623853
MKNK2	0.6663954154727794
MKRN1	0.5619310872894333
MKRN2	0.6446387195121951
MKRN3	0.5365334957369062
MKS1	0.61126982492276
MKX	0.7522934272300469
MLANA	0.4907834645669292
MLC1	0.6402540861812779
MLEC	0.8188301282051282
MLF1	0.55264332247557
MLF1IP	0.49955646100116413
MLF2	0.7596506410256411
MLH1	0.6854324324324325
MLH3	0.4878840637450199
MLIP	0.4776308805790109
MLK4	0.5375806831566549
MLKL	0.4167361256544503
MLLT1	0.7543541341653666
MLLT10	0.6564540772532189
MLLT11	0.7024
MLLT3	0.856218009478673
MLLT4	0.703426511954993
MLLT6	0.6908626806833114
MLN	0.5176089108910891
MLNR	0.5252912332838039
MLPH	0.4244128856624319
MLST8	0.6787512820512821
MLTK	0.6534985618408438
MLX	0.769948
MLXIP	0.5873810397553517
MLXIPL	0.5085009208103131
MLYCD	0.6402079326923077
MMAA	0.7160786516853933
MMAB	0.4593151618398637
MMACHC	0.6198842105263158
MMADHC	0.7127707865168539
MMD	0.853784140969163
MMD2	0.7067764705882353
MME	0.727258878504673
MMEL1	0.6090284049526584
MMP1	0.4403169191919192
MMP10	0.4483128019323671
MMP11	0.5747290533188248
MMP13	0.5793311688311689
MMP14	0.6304877606527651
MMP15	0.6676378326996197
MMP16	0.8366321353065539
MMP17	0.5931415192507804
MMP19	0.595610188261351
MMP2	0.6966263736263736
MMP20	0.6300324384787472
MMP21	0.5087344794651385
MMP23B	0.5646921921921921
MMP24	0.6275282392026579
MMP25	0.4304644859813084
MMP26	0.40725461254612544
MMP27	0.4932832832832833
MMP28	0.5801918819188192
MMP3	0.4559549228944247
MMP7	0.42451939655172416
MMP8	0.4341382636655948
MMP9	0.5378959757023538
MMRN1	0.5360383980181669
MMRN2	0.4333750616067028
MMS19	0.7362901195720578
MMS22L	0.7432341907824223
MN1	0.7712472173403632
MNAT1	0.8481085043988269
MND1	0.606363076923077
MNDA	0.19434024179620035
MNS1	0.6544196123147092
MNT	0.7692547528517111
MNX1	0.47737241379310347
MOAP1	0.4031231101511879
MOB1A	0.7658435114503818
MOB1B	0.7509677419354839
MOB2	0.69161872909699
MOB3A	0.7298557692307692
MOB3B	0.7949701492537313
MOB3C	0.5655461538461538
MOB4	0.9865454545454546
MOBP	0.7417507598784194
MOCOS	0.6215174825174825
MOCS1	0.5531091954022989
MOCS2	0.7280209424083769
MOCS3	0.6033553719008264
MOG	0.4681688102893891
MOGAT1	0.5737241379310345
MOGAT2	0.5656411092985318
MOGAT3	0.39995043731778424
MOGS	0.6784294826364281
MOK	0.49485967503692757
MON1A	0.6081856990394877
MON1B	0.5399656488549619
MON2	0.8249302191464821
MORC1	0.5430427540255414
MORC2	0.7363706536856746
MORC3	0.6276908740359898
MORF4L1	0.6429496021220159
MORN1	0.4267729618163055
MORN2	0.8207235294117646
MORN3	0.6314577464788732
MORN4	0.5415857142857143
MORN5	0.6449428571428572
MOS	0.5038784
MOSPD3	0.7669947780678852
MOV10	0.6612948345908299
MOV10L1	0.5755671910112359
MOXD1	0.698648879402348
MPC1	0.7567044025157232
MPC2	0.8157272727272727
MPDU1	0.6242510040160643
MPDZ	0.7041920231585719
MPEG1	0.5702411003236246
MPG	0.48732250580046405
MPHOSPH10	0.6204713150926744
MPHOSPH6	0.6898217391304348
MPHOSPH8	0.5920569913850232
MPHOSPH9	0.6111467391304348
MPI	0.6338617886178861
MPL	0.6265794785534062
MPLKIP	0.8604780487804878
MPND	0.6263349753694581
MPO	0.5836512859304085
MPP2	0.6248797284190106
MPP3	0.7096172043010752
MPP4	0.6136259673258814
MPP5	0.8960535117056857
MPP6	0.7573372287145241
MPP7	0.7081166464155528
MPPE1	0.5934048582995952
MPPED1	0.6898135593220338
MPPED2	0.7654587628865979
MPRIP	0.5936371342630572
MPST	0.5164275741710297
MPV17	0.4410061601642711
MPV17L	0.8672692307692308
MPV17L2	0.5319230769230769
MPZ	0.7996099706744867
MPZL1	0.6156171003717472
MPZL2	0.6082329113924051
MPZL3	0.6408888888888888
MR1	0.3914245283018868
MRAP	0.3412323943661972
MRAP2	0.6931754966887417
MRAS	0.7789675675675676
MRC1	0.5479766081871346
MRC1L1	0.5898932624113475
MRC2	0.6865616835994195
MRE11A	0.7333356097560976
MREG	0.6674438356164383
MRFAP1	0.6549804878048779
MRFAP1L1	0.6034170212765957
MRGBP	0.8008727915194346
MRGPRD	0.24223383084577113
MRGPRE	0.15030413625304137
MRGPRF	0.3362077922077922
MRGPRG	0.22478426395939086
MRGPRX1	0.23200267379679146
MRGPRX2	0.2989228855721393
MRGPRX3	0.27690505050505054
MRGPRX4	0.24278140703517587
MRI1	0.6088330605564648
MRM1	0.5498827893175073
MRO	0.6372546689303905
MROH1	0.5520787354607813
MROH2A	0.6008493192133132
MROH2B	0.683852990310725
MROH5	0.4799212880143112
MROH6	0.488106884057971
MROH7	0.50525
MROH7-TTC4	0.5299569757727652
MROH8	0.5901921497033319
MROH9	0.452598250728863
MRP63	0.6238314606741573
MRPL1	0.6447420382165605
MRPL10	0.5118829604130809
MRPL11	0.6871107871720117
MRPL12	0.5512776119402985
MRPL13	0.8027104247104246
MRPL14	0.5806350710900474
MRPL15	0.7324530271398748
MRPL16	0.6452650334075724
MRPL17	0.6634021352313167
MRPL18	0.567242774566474
MRPL19	0.5947086614173229
MRPL2	0.6148539741219964
MRPL20	0.4937663316582915
MRPL21	0.38994686907020876
MRPL22	0.6284243323442137
MRPL23	0.41528329809725156
MRPL24	0.7590650406504065
MRPL27	0.6872775119617225
MRPL28	0.5779577464788732
MRPL3	0.5874476650563607
MRPL32	0.5622710843373494
MRPL33	0.5435940170940171
MRPL34	0.4661912225705329
MRPL35	0.5120789473684211
MRPL36	0.4096833333333333
MRPL37	0.5029208566108007
MRPL38	0.6120436137071651
MRPL39	0.6224224872231687
MRPL4	0.4987367576243981
MRPL40	0.6064656084656085
MRPL41	0.5539918699186992
MRPL42	0.5665659163987138
MRPL43	0.42330413625304136
MRPL44	0.6015836065573771
MRPL45	0.5808894154818325
MRPL46	0.5716899383983574
MRPL47	0.6085169902912622
MRPL48	0.7150731070496084
MRPL49	0.526507418397626
MRPL50	0.520792899408284
MRPL51	0.6569906103286385
MRPL52	0.6256752136752136
MRPL53	0.6955990566037736
MRPL54	0.4770152671755725
MRPL55	0.45131125827814567
MRPL9	0.6951866952789699
MRPS10	0.6544156250000001
MRPS11	0.49521454545454546
MRPS12	0.597139423076923
MRPS14	0.6487974683544303
MRPS15	0.568
MRPS16	0.6500483271375465
MRPS17	0.5533526682134571
MRPS18A	0.6005191082802548
MRPS18B	0.5981826086956521
MRPS18C	0.6960331491712707
MRPS2	0.47403271983640083
MRPS21	0.8071269841269841
MRPS22	0.5690593749999999
MRPS23	0.567457800511509
MRPS24	0.7268181818181818
MRPS25	0.5429464285714286
MRPS26	0.4536698564593301
MRPS27	0.6263270777479892
MRPS28	0.4450912863070539
MRPS30	0.5863881215469613
MRPS31	0.5403755588673621
MRPS33	0.7279360465116279
MRPS34	0.6731413043478262
MRPS35	0.6094015444015445
MRPS36	0.8025066666666667
MRPS5	0.6158340136054421
MRPS6	0.6747252252252252
MRPS7	0.5671428571428572
MRPS9	0.5864374009508716
MRRF	0.5686377551020408
MRS2	0.5960549738219896
MRTO4	0.7412259136212624
MRVI1	0.6738484238765928
MS4A1	0.583686119873817
MS4A10	0.2553210161662818
MS4A12	0.20596551724137932
MS4A13	0.399972602739726
MS4A14	0.22670701932858597
MS4A15	0.5462124352331607
MS4A18	0.2285361010830325
MS4A2	0.41580645161290325
MS4A3	0.300445475638051
MS4A4A	0.2603459357277883
MS4A4E	0.2630723404255319
MS4A5	0.44152749999999996
MS4A6A	0.237669921875
MS4A6E	0.18706713780918727
MS4A7	0.3165637583892617
MS4A8	0.3361647509578544
MSANTD1	0.65290625
MSANTD2	0.8208105263157894
MSANTD3	0.6587256317689532
MSANTD3-TMEFF1	0.8879216417910447
MSANTD4	0.712496138996139
MSC	0.5203874643874644
MSGN1	0.4663514211886305
MSH2	0.7748640458640459
MSH3	0.6497530120481928
MSH4	0.7510070671378092
MSH5	0.7012567255956956
MSH6	0.7061052366565962
MSI1	0.8094380165289256
MSI2	0.5881497797356828
MSL1	0.840530755711775
MSL2	0.9113150357995227
MSLN	0.20565490196078431
MSLNL	0.4005517011340894
MSMB	0.17346560846560843
MSMO1	0.7543358208955224
MSMP	0.6473260869565217
MSR1	0.4623720703125
MSRA	0.5091765957446808
MSRB1	0.38058912386706945
MSRB2	0.5299354838709678
MSRB3	0.5160215053763441
MSS51	0.6955987730061349
MST1	0.592682251082251
MST1R	0.5262353599403208
MSTN	0.8615505617977528
MSTO1	0.5813177431328879
MSX1	0.671444214876033
MSX2	0.6789878640776699
MT1A	0.6270089285714285
MT1B	0.599375
MT1E	0.5715245901639344
MT1F	0.5698879310344828
MT1G	0.40060975609756094
MT1H	0.6854516129032258
MT1HL1	0.548283950617284
MT1M	0.651233644859813
MT1X	0.6568556701030929
MT2A	0.6554285714285714
MT3	0.4637604166666667
MT4	0.6839642857142858
MTA1	0.7078707865168539
MTA2	0.7935559400230681
MTA3	0.7810230547550432
MTAP	0.6514452173913043
MTBP	0.6266491120636865
MTCH1	0.6707904929577465
MTCH2	0.8454952380952382
MTDH	0.7899649446494464
MTERF	0.6388239608801956
MTERFD1	0.6004729520865533
MTERFD2	0.29920667284522706
MTERFD3	0.6579985875706215
MTF1	0.8234703557312253
MTF2	0.9458939393939394
MTFMT	0.6119015256588072
MTFP1	0.5428095238095237
MTFR1	0.5123154574132492
MTFR1L	0.6638286384976526
MTFR2	0.45212254901960786
MTG1	0.3744571428571429
MTG2	0.5526495327102804
MTHFD1	0.6751251638269987
MTHFD1L	0.6104347826086957
MTHFD2	0.6793915857605177
MTHFD2L	0.6967087912087913
MTHFR	0.6894043778801844
MTHFS	0.573748427672956
MTHFSD	0.567484375
MTIF2	0.72797277676951
MTIF3	0.43189783889980354
MTL5	0.5290440313111546
MTMR10	0.6636015424164524
MTMR11	0.7338787313432835
MTMR12	0.6936684931506849
MTMR14	0.6601182033096927
MTMR2	0.8369507211538461
MTMR3	0.6228417761100687
MTMR4	0.6509181326116373
MTMR6	0.742347205707491
MTMR7	0.7373089770354906
MTMR9	0.7629851951547779
MTNR1A	0.7156307692307693
MTNR1B	0.5619575596816976
MTO1	0.6133384615384616
MTOR	0.7879007263922517
MTPAP	0.5744521193092621
MTPN	0.9675199999999999
MTR	0.6921255719369599
MTRF1	0.613772667542707
MTRF1L	0.6916597582037997
MTRNR2L1	0.7461904761904762
MTRNR2L11	0.7802272727272727
MTRNR2L12	0.8072400000000001
MTRNR2L13	0.7483200000000001
MTRNR2L2	0.531051282051282
MTRNR2L3	0.70184
MTRNR2L4	0.7310322580645161
MTRNR2L5	0.7434347826086957
MTRNR2L6	0.7416923076923077
MTRNR2L7	0.7851538461538462
MTRNR2L8	0.7038
MTRNR2L9	0.6462380952380953
MTRR	0.5738878281622911
MTSS1	0.6632370100273474
MTSS1L	0.6780525672371639
MTTP	0.6721068152031455
MTUS1	0.47781401944894647
MTUS2	0.4979339188624006
MTX1	0.522147315855181
MTX2	0.7326068702290077
MTX3	0.8394662921348315
MUC1	0.26356410256410256
MUC12	0.03394461917133871
MUC13	0.29121551724137934
MUC15	0.3808837606837607
MUC16	0.13751527325621665
MUC17	0.07712376097422827
MUC19	0.3055753764393268
MUC2	0.42790401832188213
MUC20	0.1933085553997195
MUC21	0.16015071770334927
MUC22	0.0413621867881549
MUC3A	0.23424701986754967
MUC4	0.4823243243243243
MUC5AC	0.44955699481865286
MUC5B	0.32034347382732836
MUC6	0.3485397827734276
MUC7	0.08934792122538293
MUC8	0.045032679738562086
MUCL1	0.18757522123893808
MUL1	0.6865074074074075
MUM1	0.4178552
MURC	0.6241581395348837
MUS81	0.5580487804878049
MUSK	0.7260308056872038
MUSTN1	0.526625
MUT	0.7834891428571429
MUTYH	0.5500874635568512
MVB12A	0.5666742424242425
MVB12B	0.6171104972375691
MVD	0.4916129032258065
MVK	0.567326474622771
MVP	0.6608714524207012
MX1	0.5384121265377856
MX2	0.458362012987013
MXD1	0.7660367346938776
MXD3	0.5805221445221446
MXD4	0.607843989769821
MXI1	0.886859090909091
MXRA7	0.2903087431693989
MXRA8	0.5526722288438618
MYADM	0.6089461883408072
MYADML2	0.6517577639751553
MYB	0.6697017045454546
MYBBP1A	0.5417604333868379
MYBL1	0.8416021341463414
MYBL2	0.6612886386898669
MYBPC1	0.7291045836023241
MYBPC2	0.5970155189136761
MYBPC3	0.6303738927738928
MYBPH	0.5473835920177383
MYBPHL	0.5606128093158661
MYC	0.7126094674556213
MYCBP	0.9670545454545455
MYCBP2	0.8610692212608159
MYCBPAP	0.44716531531531534
MYCL	0.6253456614509246
MYCN	0.5633833780160857
MYCT1	0.6174061810154525
MYD88	0.6126341463414634
MYEF2	0.8646386036960986
MYEOV	0.0069405940594059416
MYEOV2	0.2878765432098765
MYF5	0.7027021276595745
MYF6	0.7776137184115524
MYH1	0.6490074829931973
MYH10	0.7549559043348281
MYH11	0.7565834333733493
MYH13	0.6075661131611316
MYH14	0.6010331541218638
MYH15	0.6593589953589953
MYH2	0.6878015240734326
MYH3	0.6278627391436381
MYH4	0.664495867768595
MYH6	0.6536514464970373
MYH7	0.6556315424610052
MYH7B	0.6967311624384703
MYH8	0.6509604339502233
MYH9	0.7597874267448056
MYL1	0.7880890688259109
MYL10	0.49280890052356024
MYL12A	0.7837333333333334
MYL12B	0.7288846153846154
MYL2	0.7745671641791044
MYL3	0.6748313253012048
MYL4	0.6508684210526315
MYL5	0.5524540682414698
MYL6	0.6526345381526104
MYL6B	0.6606965944272446
MYL7	0.5912120343839542
MYL9	0.7182919254658385
MYLIP	0.7680707456978968
MYLK	0.6444840228725193
MYLK2	0.5532542372881356
MYLK3	0.47606923682140045
MYLK4	0.6337686453576865
MYLPF	0.7545449735449736
MYNN	0.8018677098150782
MYO10	0.6831032148900169
MYO15A	0.5376543669600542
MYO15B	0.47042021660649824
MYO16	0.6203638568829594
MYO18A	0.7316963709677419
MYO18B	0.5251784287616512
MYO19	0.6104521633150518
MYO1A	0.6349612141652614
MYO1B	0.7924692179700499
MYO1C	0.74386826783115
MYO1D	0.7629453681710214
MYO1E	0.7238061607813674
MYO1F	0.645174686882004
MYO1G	0.6278734096692111
MYO1H	0.670100493218249
MYO3A	0.6579683516483517
MYO3B	0.7177725515463917
MYO5A	0.7740883817427385
MYO5B	0.691722479966259
MYO5C	0.6883583667517317
MYO6	0.8175932977913176
MYO7A	0.7340592011412269
MYO7B	0.6082714010459674
MYO9A	0.6888787709497207
MYO9B	0.6060002914602156
MYOC	0.5276263157894737
MYOCD	0.630446884272997
MYOD1	0.5892469635627531
MYOF	0.7434406779661017
MYOG	0.7328825396825397
MYOM1	0.7420975913621263
MYOM2	0.6440451707675358
MYOM3	0.6519250358680058
MYOT	0.7970558739255015
MYOZ1	0.7557037037037037
MYOZ2	0.7744707379134861
MYOZ3	0.43228367346938773
MYPN	0.661167429094236
MYPOP	0.611683023872679
MYRF	0.6071912328767124
MYRFL	0.5630825082508251
MYRIP	0.6155047410649161
MYSM1	0.6460751131221719
MYT1	0.6479495586380831
MYT1L	0.7831943986820429
MYZAP	0.1645909090909091
MZB1	0.5161078651685393
MZF1	0.27830211726384363
MZT1	0.78402
MZT2A	0.6308201219512195
MZT2B	0.5435902061855671
N4BP1	0.5989296730413325
N4BP2	0.5128597822500826
N4BP2L1	0.4918802521008403
N4BP2L2	0.35900398208063716
N4BP3	0.6760520833333333
N6AMT1	0.7159915492957746
N6AMT2	0.6261786666666667
NAA11	0.5277487922705314
NAA15	0.6839120095124851
NAA16	0.8239338394793927
NAA20	0.7950610328638499
NAA25	0.8276860581745236
NAA30	0.7685753846153847
NAA35	0.7814043261231282
NAA38	0.8204947368421053
NAA40	0.625404255319149
NAA50	0.8976938775510205
NAA60	0.5511906077348067
NAAA	0.5225168067226891
NAALAD2	0.7016395663956639
NAALADL1	0.6088752941176471
NAALADL2	0.6850993124522536
NAB1	0.7550018691588785
NAB2	0.7205143540669857
NABP1	0.8165531914893617
NABP2	0.7315801886792452
NACA	0.26853524374176546
NACA2	0.9387487179487181
NACAD	0.3359407158836689
NACC1	0.7133547758284601
NACC2	0.6752575210589651
NADK	0.5329965075669383
NADK2	0.7974307992202729
NADSYN1	0.6527093397745571
NAE1	0.6504905008635579
NAF1	0.47282028665931647
NAGA	0.6120146818923328
NAGK	0.6814925124792013
NAGLU	0.6069461663947797
NAGPA	0.5147617065556711
NAGS	0.6127651869158879
NAIF1	0.7678432432432432
NAIP	0.46043404522613063
NALCN	0.7654604598990465
NAMPT	0.8424664879356568
NAMPTL	0.941046997389034
NANOG	0.3847865353037767
NANOGNB	0.15983238636363636
NANOS1	0.5873151408450704
NANOS2	0.5684418604651162
NANOS3	0.4654327956989247
NANP	0.6706339869281046
NANS	0.7322857142857142
NAP1L1	0.6373978201634878
NAP1L4	0.7387583333333333
NAP1L5	0.3976332518337408
NAPA	0.6994177897574123
NAPB	0.8437962962962963
NAPEPLD	0.5838354430379746
NAPG	0.6773927710843374
NAPRT1	0.5651945898778359
NAPSA	0.48220951156812336
NARF	0.588094577553594
NARFL	0.5797293064876957
NARG2	0.6128697850821744
NARS	0.742190093708166
NARS2	0.7632368815592204
NASP	0.6509205776173285
NAT1	0.5232414733969987
NAT10	0.7523888101983003
NAT14	0.45369807692307695
NAT16	0.4955848822800496
NAT2	0.5088189102564102
NAT6	0.5127345575959933
NAT8	0.3941720698254364
NAT8L	0.6876666666666666
NAT9	0.5406714285714286
NAV1	0.6853115318416523
NAV2	0.7032089739566991
NAV3	0.7325533754572664
NBAS	0.6778873966942149
NBEA	0.8172424335065729
NBEAL1	0.812210493635517
NBEAL2	0.6332332972972974
NBL1	0.5060162162162162
NBN	0.5688395245170876
NBPF1	0.09605536181342633
NBPF10	0.1902079519059981
NBPF11	0.10884724329792615
NBPF12	0.16692192592592592
NBPF14	0.6565727953410982
NBPF15	0.14247331947331948
NBPF16	0.5587142857142857
NBPF20	0.5236823347107438
NBPF24	0.22700242954324587
NBPF3	0.10998737174427783
NBPF4	0.06309980430528375
NBPF6	0.0683679525222552
NBPF8	0.3808765795206972
NBPF9	0.10671102362204724
NBR1	0.6298014796547472
NCALD	0.7168480565371025
NCAM1	0.7276878474980143
NCAM2	0.7771340679522497
NCAN	0.4364235133908307
NCAPD2	0.6605406345067362
NCAPD3	0.5873892935178442
NCAPG	0.6957251612903226
NCAPG2	0.6571051677243881
NCAPH	0.5734243346007605
NCAPH2	0.4960043516100957
NCBP1	0.8665760869565217
NCBP2	0.6945136612021858
NCCRP1	0.5062712177121771
NCDN	0.7390867106503299
NCEH1	0.5981890547263682
NCF1	0.5496425702811245
NCF2	0.6661181102362205
NCF4	0.62576
NCK1	0.8914239130434782
NCK2	0.7214470338983051
NCKAP1	0.9134577464788731
NCKAP1L	0.6984062665958576
NCKAP5	0.5630725326991677
NCKAP5L	0.583596068993181
NCKIPSD	0.5951574318381706
NCL	0.7054157131960336
NCLN	0.7264662576687116
NCMAP	0.6984554455445544
NCOA1	0.8105079855744461
NCOA2	0.7910468986384266
NCOA3	0.7151373913043478
NCOA4	0.5982707667731629
NCOA5	0.80764
NCOA6	0.8464138418079096
NCOA7	0.6163635087719298
NCOR1	0.7708154362416108
NCOR2	0.6594412238325281
NCR1	0.24350837988826818
NCR2	0.12099206349206348
NCR3	0.4658841870824053
NCR3LG1	0.2571954964176049
NCS1	0.7336871165644171
NCSTN	0.618584328358209
NDC1	0.7588376068376069
NDC80	0.6428355817875211
NDE1	0.6096291291291291
NDEL1	0.6131530139103555
NDFIP1	0.7894497354497354
NDFIP2	0.6543702213279677
NDN	0.5637712177121772
NDNF	0.7371896955503512
NDNL2	0.539066985645933
NDOR1	0.5542479338842975
NDRG1	0.6658510273972602
NDRG2	0.6992959719789842
NDRG3	0.8368782201405152
NDRG4	0.6108659217877095
NDST1	0.7264186666666667
NDST2	0.6185405405405405
NDST3	0.7386516183986371
NDST4	0.7145969793322734
NDUFA10	0.3925625596943648
NDUFA11	0.24597738693467336
NDUFA12	0.6159641577060931
NDUFA13	0.4685413223140496
NDUFA2	0.6938954248366013
NDUFA3	0.38356521739130434
NDUFA4	0.7015877192982456
NDUFA4L2	0.6816554054054055
NDUFA5	0.6322513368983957
NDUFA6	0.6806143790849674
NDUFA7	0.4943878326996198
NDUFA8	0.7594644351464435
NDUFA9	0.5579140625
NDUFAB1	0.43650627615062765
NDUFAF1	0.5541830985915494
NDUFAF2	0.6424320987654321
NDUFAF3	0.5685454545454546
NDUFAF4	0.5926894586894587
NDUFAF5	0.7037126948775055
NDUFAF6	0.536476357267951
NDUFAF7	0.6274723618090452
NDUFB1	0.5991256830601093
NDUFB10	0.6755236486486487
NDUFB2	0.3021313672922252
NDUFB3	0.7441153846153846
NDUFB4	0.6647649402390438
NDUFB5	0.5340072463768116
NDUFB6	0.7034365482233502
NDUFB7	0.5643813953488372
NDUFB8	0.6866734693877551
NDUFB9	0.5524012944983819
NDUFC1	0.513726618705036
NDUFC2	0.5805976331360947
NDUFC2-KCTD14	0.6430082644628099
NDUFS1	0.8291087443946188
NDUFS2	0.7351302170283807
NDUFS3	0.6735128205128206
NDUFS4	0.45805090909090906
NDUFS5	0.6531783783783783
NDUFS6	0.621268085106383
NDUFS7	0.43386635944700463
NDUFS8	0.4607721179624665
NDUFV1	0.7038103727714748
NDUFV2	0.6167405247813411
NDUFV3	0.34444357976653694
NEB	0.6798418313471112
NEBL	0.7377460216422661
NECAB1	0.8216803069053709
NECAB2	0.682414551607445
NECAB3	0.546622191011236
NECAP1	0.8230916666666667
NECAP2	0.6724547244094488
NEDD1	0.6963474945533769
NEDD4	0.712044733044733
NEDD4L	0.7793697749196141
NEDD8	0.8704153846153846
NEDD8-MDP1	0.8824
NEDD9	0.598180802103879
NEFH	0.49256884230585996
NEFM	0.6202994960403168
NEGR1	0.8682304964539007
NEIL1	0.4936333333333333
NEIL2	0.5410982318271119
NEIL3	0.5617041832669323
NEK1	0.6762271739130435
NEK10	0.762225048923679
NEK11	0.5904853951890034
NEK2	0.7123351877607789
NEK3	0.6209441460794844
NEK4	0.4960992148465382
NEK5	0.5132483069977426
NEK6	0.5921995464852609
NEK7	0.6544566473988439
NEK8	0.6856651583710408
NEK9	0.81007541625857
NELFA	0.5587590221187427
NELFB	0.707857142857143
NELFCD	0.7343662145499383
NELFE	0.65459450726979
NELL1	0.7584155712841254
NELL2	0.7085884057971015
NEMF	0.7269620853080568
NENF	0.7208488372093023
NEO1	0.7602643564356435
NES	0.2964428213689483
NET1	0.6652733050847458
NETO1	0.7759134808853119
NETO2	0.835034965034965
NEU1	0.6160995475113122
NEU2	0.506454941860465
NEU3	0.40478459821428575
NEU4	0.49442059145673606
NEURL	0.6983147540983606
NEURL1B	0.7531906005221931
NEURL2	0.7104037267080745
NEURL4	0.7616032279757902
NEUROD1	0.6664317032040472
NEUROD2	0.7821124031007752
NEUROD4	0.6904342105263158
NEUROD6	0.8402950819672131
NEUROG1	0.5264705882352941
NEUROG2	0.4030248226950355
NEUROG3	0.42171653543307086
NEXN	0.7629831460674158
NF1	0.8034710544452102
NF2	0.7377535545023697
NFAM1	0.3320674373795761
NFASC	0.7188923869490556
NFAT5	0.8472685240071133
NFATC1	0.6798923705722071
NFATC2	0.721520963425513
NFATC2IP	0.5246323907455013
NFATC3	0.6803029839326702
NFATC4	0.6388087757313109
NFE2	0.652766846361186
NFE2L1	0.7357808219178082
NFE2L2	0.6322911025145067
NFE2L3	0.4451944264419961
NFIA	0.7310176600441501
NFIB	0.6467669172932331
NFIC	0.7885202702702703
NFIL3	0.6472026699029125
NFIX	0.8245404624277457
NFKB1	0.6819381188118812
NFKB2	0.6846222692036645
NFKBIA	0.740325
NFKBIB	0.6183875530410183
NFKBID	0.545907335907336
NFKBIE	0.5077437722419929
NFKBIL1	0.6604541778975741
NFKBIZ	0.6391567973311093
NFRKB	0.7266610337972167
NFS1	0.5162089810017271
NFU1	0.6249134860050891
NFX1	0.7425815822002473
NFXL1	0.7022733118971062
NFYA	0.8438637602179836
NFYB	0.8626968325791855
NFYC	0.5172583798882681
NGB	0.750747191011236
NGDN	0.7667874015748032
NGEF	0.6458934426229509
NGF	0.6428391420911528
NGFR	0.655959881129272
NGLY1	0.6693175403225806
NGRN	0.4331507430997877
NHEJ1	0.5392699680511183
NHLH1	0.5866666666666667
NHLH2	0.7043076923076923
NHLRC1	0.5704822784810126
NHLRC2	0.6973695852534562
NHLRC3	0.6229789473684211
NHLRC4	0.4801702127659574
NHP2	0.525864406779661
NHP2L1	0.7233740458015268
NHSL1	0.5149110964767863
NICN1	0.7913067484662577
NID1	0.6344869524697111
NID2	0.5629337694194603
NIF3L1	0.6815931034482758
NIM1	0.6890578635014837
NIN	0.60395865237366
NINJ1	0.6217857142857143
NINJ2	0.4680671834625323
NINL	0.4612716236722307
NIP7	0.784584
NIPA1	0.6950122448979591
NIPA2	0.8270691244239631
NIPAL1	0.6425668449197861
NIPAL2	0.7368431703204047
NIPAL3	0.6403152492668621
NIPAL4	0.6043445783132531
NIPBL	0.8698237066800603
NIPSNAP1	0.6592212581344903
NIPSNAP3A	0.709937965260546
NIPSNAP3B	0.7023386363636364
NISCH	0.700146714671467
NIT1	0.639747572815534
NIT2	0.6117320675105485
NKAIN1	0.8153489583333333
NKAIN2	0.6995761589403974
NKAIN3	0.6782511210762332
NKAIN4	0.5613865814696486
NKAPL	0.5344792332268371
NKD1	0.7315446880269815
NKD2	0.4329883900928793
NKG2-E	0.1834063492063492
NKG7	0.37741436464088396
NKIRAS1	0.6955448916408669
NKIRAS2	0.5709939209726443
NKPD1	0.5496929382093316
NKTR	0.6063487221764221
NKX1-1	0.40482999999999997
NKX1-2	0.47673144876325085
NKX2-1	0.828125356125356
NKX2-2	0.797431906614786
NKX2-3	0.5969011299435029
NKX2-4	0.6834556737588653
NKX2-5	0.6142551594746717
NKX2-6	0.39566135458167334
NKX2-8	0.48825235849056603
NKX3-1	0.41792098092643054
NKX3-2	0.5320339256865912
NKX6-1	0.7149709543568464
NKX6-2	0.7364931506849315
NKX6-3	0.6149631578947369
NLE1	0.6519611486486486
NLGN1	0.8728976034858388
NLGN2	0.668539603960396
NLK	0.906115625
NLN	0.6803434343434344
NLRC3	0.5703844023996307
NLRC4	0.5901194828354881
NLRC5	0.4647238663484487
NLRP1	0.299837076357697
NLRP10	0.3175441412520064
NLRP11	0.10012168592794017
NLRP12	0.3826933916423712
NLRP13	0.16078996692392503
NLRP14	0.42031773293258906
NLRP2	0.19178892912571133
NLRP3	0.4541211151736746
NLRP4	0.20566999287241625
NLRP5	0.22198830935251798
NLRP6	0.3060671021377672
NLRP7	0.20987439903846153
NLRP8	0.18476646341463415
NLRP9	0.17474925550923168
NLRX1	0.6202640722724113
NMB	0.4147638036809816
NMBR	0.6871314285714285
NMD3	0.7521753794266443
NME1	0.6237903225806452
NME1-NME2	0.7266814159292035
NME3	0.5802434017595308
NME4	0.5134116465863454
NME5	0.8020220588235294
NME6	0.5744586894586894
NME7	0.7312034632034632
NME8	0.5276588946459413
NME9	0.5058740399385561
NMI	0.48418998272884284
NMNAT1	0.5977485380116959
NMNAT2	0.7412429577464789
NMNAT3	0.5157863894139887
NMRAL1	0.5033286264441592
NMRK1	0.6131796407185629
NMRK2	0.6042404371584699
NMS	0.4305744047619048
NMT1	0.7794541751527495
NMT2	0.7696181172291297
NMU	0.6023208191126279
NMUR1	0.5231009771986971
NMUR2	0.5709553695955369
NNAT	0.8900943396226415
NNMT	0.5547464285714286
NNT	0.7036010452961672
NOA1	0.5399038128249567
NOB1	0.6459721792890263
NOBOX	0.3044020797227036
NOC2L	0.6113060728744939
NOC3L	0.7693502024291499
NOC4L	0.5456973180076629
NOD1	0.6121151125401929
NOD2	0.5739705740472745
NODAL	0.5093561452513967
NOG	0.8293592233009709
NOL10	0.7801261061946904
NOL11	0.605184
NOL12	0.6567301587301587
NOL3	0.43841124780316343
NOL4	0.7741602112676057
NOL6	0.6704263404476835
NOL7	0.6287342995169082
NOL8	0.44696374935266703
NOL9	0.5308217609162491
NOLC1	0.594282494365139
NOM1	0.5618486795146324
NOMO1	0.7437286866359447
NOMO2	0.68842216066482
NOMO3	0.6775324196099104
NOP10	0.7702368421052631
NOP14	0.5635149481391092
NOP16	0.4355675
NOP2	0.4830570117955439
NOP56	0.6446201257861635
NOP58	0.8311884297520661
NOP9	0.6881518771331058
NOS1	0.6990166309012876
NOS1AP	0.6662558459422283
NOS2	0.6534579234972677
NOS3	0.6051741091565178
NOSIP	0.6727686567164178
NOSTRIN	0.5769085778781039
NOTCH1	0.6750359004053271
NOTCH2	0.6483089199825098
NOTCH2NL	0.5790557768924303
NOTCH3	0.5771078582434515
NOTCH4	0.5487313730376278
NOTO	0.37230732860520094
NOTUM	0.7785989847715736
NOV	0.5450665680473372
NOVA1	0.8436770186335404
NOVA2	0.7217125
NOX3	0.6875015839493136
NOX4	0.7062450066577896
NOX5	0.6542603369065849
NOXA1	0.4167009685230024
NOXO1	0.3431709923664122
NOXRED1	0.49493804034582134
NPAP1	0.007836596893990546
NPAS1	0.630830985915493
NPAS2	0.605937369519833
NPAS3	0.7297801822323462
NPAS4	0.7542922185430463
NPAT	0.5976170288564303
NPB	0.3193642611683849
NPBWR1	0.7015140562248996
NPBWR2	0.575070945945946
NPC1	0.6757897928246589
NPC1L1	0.5586931567328919
NPC2	0.38715728476821193
NPCDR1	0.07697580645161291
NPDC1	0.34935138387484954
NPEPL1	0.6608592692828146
NPEPPS	0.7448315270935961
NPFF	0.3758333333333333
NPFFR1	0.594939935064935
NPFFR2	0.5016674418604652
NPHP1	0.5982008310249307
NPHP3	0.763899001109878
NPHP4	0.5371201015965167
NPHS1	0.6606238383838384
NPHS2	0.6679111791730475
NPIPA1	0.18494261424017003
NPIPA2	0.13767396593673967
NPIPA3	0.09770378378378379
NPIPA5	0.2821693472090823
NPIPA7	0.3823092182030339
NPIPA8	0.30977162977867206
NPIPB11	0.08711389172625127
NPIPB15	0.2888083209509658
NPIPB3	0.0925546218487395
NPIPB4	0.07878422117329738
NPIPB5	0.42507709414381023
NPIPB6	0.1351432720232333
NPIPB7	0.2633329383886256
NPIPB8	0.1484643962848297
NPIPB9	0.05933853354134166
NPL	0.6134741258741259
NPLOC4	0.5425586760280843
NPM1	0.8950888157894736
NPM2	0.4192505966587112
NPM3	0.6188095238095238
NPNT	0.6372103286384977
NPPA	0.5639271523178808
NPPB	0.2866961325966851
NPPC	0.6053333333333333
NPR1	0.6224375684556407
NPR2	0.7425635894125242
NPR3	0.6325869336143309
NPRL2	0.8016053921568628
NPRL3	0.6960566037735849
NPS	0.45335754189944133
NPSR1	0.6518709219858156
NPTN	0.724561224489796
NPTX1	0.7245041459369818
NPTX2	0.6675990639625585
NPTXR	0.6705952677459526
NPVF	0.473320293398533
NPW	0.27112861736334404
NPY	0.8131443298969072
NPY1R	0.7288910256410256
NPY2R	0.6858608
NPY4R	0.6375575757575758
NPY5R	0.7017156069364162
NQO1	0.4988948170731707
NQO2	0.5097777777777778
NR0B2	0.5790647181628393
NR1D1	0.6416169772256729
NR1D2	0.7626742532005689
NR1H2	0.5836040515653775
NR1H3	0.568873840445269
NR1H4	0.6836532033426184
NR1I2	0.5396738868832731
NR1I3	0.5362481840193705
NR2C1	0.7959551630434782
NR2C2	0.7309643347050755
NR2C2AP	0.5751642857142857
NR2E1	0.7009597989949748
NR2F1	0.7996277602523659
NR2F2	0.8925837104072398
NR2F6	0.6411788617886178
NR3C1	0.7678764822134387
NR3C2	0.7496532399299475
NR4A1	0.5273307692307692
NR4A2	0.84432
NR4A3	0.6702623376623377
NR5A1	0.6664682539682539
NR5A2	0.5076103896103896
NR6A1	0.881063768115942
NRAP	0.7315817391304348
NRARP	0.8942439024390244
NRAS	0.8624432432432432
NRBF2	0.671746170678337
NRBP1	0.8412777777777778
NRBP2	0.600188221709007
NRCAM	0.7800213544844417
NRD1	0.7627084680025857
NRDE2	0.588731409001957
NREP	0.3886088888888889
NRF1	0.7772553897180763
NRG1	0.6873944055944057
NRG2	0.8020915411355737
NRG3	0.6427815442561206
NRG4	0.543187265917603
NRGN	0.7463243243243244
NRIP1	0.6691895119418484
NRIP2	0.5319061302681992
NRIP3	0.8191587301587302
NRL	0.6355079787234043
NRM	0.7155978494623656
NRN1	0.8057435897435897
NRN1L	0.490885993485342
NRP1	0.6129463824289406
NRP2	0.7338814814814815
NRROS	0.5497639796659405
NRSN1	0.5847232142857143
NRSN2	0.4647509578544061
NRTN	0.671886075949367
NRXN1	0.7497278325123152
NRXN2	0.722843120070114
NRXN3	0.7854294441050703
NSA2	0.835551867219917
NSD1	0.6172713102776425
NSF	0.8162585812356979
NSFL1C	0.7329099099099099
NSG1	0.7627164948453609
NSG2	0.5787282051282051
NSL1	0.5687223198594025
NSMAF	0.6960610193826274
NSMCE1	0.6450276134122288
NSMCE2	0.6285618221258135
NSMCE4A	0.6717835325365206
NSMF	0.688822125813449
NSRP1	0.5023924495171203
NSUN2	0.6922488436632748
NSUN3	0.6826112903225806
NSUN4	0.6585726872246696
NSUN5	0.5773766756032171
NSUN6	0.6957864721485412
NSUN7	0.6225295587010824
NT5C	0.6240798722044728
NT5C1A	0.6731130952380953
NT5C1B	0.7029025423728813
NT5C1B-RDH14	0.49669565217391304
NT5C2	0.802256880733945
NT5C3A	0.7611030042918454
NT5C3B	0.5354615384615384
NT5DC1	0.6958284023668639
NT5DC2	0.6365196078431373
NT5DC3	0.6463790760869565
NT5DC4	0.5660725513905683
NT5E	0.6018739336492891
NT5M	0.682737341772152
NTAN1	0.772076354679803
NTF3	0.6914189602446483
NTF4	0.44317150635208713
NTHL1	0.49276045627376425
NTM	0.7350091533180778
NTMT1	0.6676336996336997
NTN1	0.6997836456558774
NTN3	0.6194254716981132
NTN4	0.6880050403225806
NTN5	0.4750212314225053
NTNG1	0.7493496801705757
NTNG2	0.6453528481012658
NTPCR	0.5211858823529412
NTRK1	0.5923515151515152
NTRK2	0.7570733262486715
NTRK3	0.720391812865497
NTS	0.7647826086956522
NTSR1	0.6200846560846561
NTSR2	0.5575943775100402
NUAK1	0.6765271317829457
NUAK2	0.5674352226720647
NUB1	0.6789452296819788
NUBP1	0.7241845238095238
NUBP2	0.47193354430379747
NUBPL	0.5543096774193549
NUCB1	0.6673498694516972
NUCB2	0.7878896551724137
NUCKS1	0.8460436893203883
NUDC	0.681436018957346
NUDCD1	0.7387832335329342
NUDCD2	0.8752624113475178
NUDCD3	0.6003883928571428
NUDT1	0.5426566265060241
NUDT12	0.7581775147928994
NUDT13	0.6578658146964856
NUDT14	0.5435397412199631
NUDT15	0.7144725274725274
NUDT16	0.5465979643765903
NUDT16L1	0.8026832740213523
NUDT17	0.5207782608695652
NUDT18	0.537829346092504
NUDT19	0.5261315028901734
NUDT2	0.6776794258373205
NUDT21	0.8847371428571429
NUDT22	0.5640434782608695
NUDT3	0.8169133333333334
NUDT4	0.8346633663366336
NUDT5	0.6417981859410431
NUDT6	0.6056591836734695
NUDT7	0.5127592592592592
NUDT8	0.5842563025210084
NUDT9	0.6604373927958834
NUF2	0.7684869888475836
NUFIP1	0.5146143867924527
NUFIP2	0.8730299065420561
NUGGC	0.5968906976744186
NUMA1	0.6010809750630428
NUMB	0.7682353760445682
NUMBL	0.6812076612903226
NUP107	0.7807318481848184
NUP133	0.7259584429247764
NUP153	0.6997378292098962
NUP155	0.8436237046632125
NUP160	0.7440808035714286
NUP188	0.7751316419339397
NUP205	0.7751003717472119
NUP210	0.649227397260274
NUP210L	0.7085610899501904
NUP214	0.5261522022413344
NUP35	0.8051295336787564
NUP37	0.8235014662756599
NUP43	0.8035125523012553
NUP50	0.5414818181818182
NUP54	0.8118303715670436
NUP62	0.4289715447154472
NUP85	0.6764083333333333
NUP88	0.7109632052330336
NUP93	0.7475566137566138
NUP98	0.7748573081372927
NUPL1	0.7296960651289008
NUPL2	0.49764207980652964
NUPR1	0.4635744680851064
NUPR1L	0.6637161290322581
NUS1	0.7667710437710438
NUSAP1	0.446992
NUTF2	0.8414375
NUTM1	0.38979887785930084
NUTM2A	0.18162937794040773
NUTM2B	0.1859726815240834
NUTM2D	0.22528310249307482
NUTM2E	0.21921720532319391
NUTM2F	0.19806713554987213
NUTM2G	0.23020120724346077
NVL	0.5840518234165067
NWD1	0.5506624009750152
NXF1	0.7145079069767442
NXN	0.7437979539641943
NXNL1	0.5653723404255319
NXNL2	0.5175107142857143
NXPE1	0.4082189716312057
NXPE2	0.3742490241998439
NXPE3	0.7106465621230398
NXPE4	0.4615052816901408
NXPH1	0.8737638888888889
NXPH2	0.7656217228464419
NXPH3	0.4925971978984239
NXPH4	0.5298951048951049
NXT1	0.7647849999999999
NYAP1	0.6751165889407063
NYAP2	0.7152068607068607
NYNRIN	0.5221993389270277
OAF	0.669546783625731
OARD1	0.6216574394463668
OAS1	0.3952807244501941
OAS2	0.38067468069120963
OAS3	0.41879932627526467
OASL	0.42781514257620457
OAT	0.6719516129032258
OAZ1	0.5095333333333333
OAZ2	0.6450060606060606
OAZ3	0.6566221079691517
OBFC1	0.6390155038759691
OBP2A	0.07473255813953487
OBP2B	0.041829113924050636
OBSCN	0.5272218385329841
OBSL1	0.5726476476476476
OC90	0.4210197941409343
OCA2	0.6409826937547027
OCEL1	0.2633922204213939
OCIAD1	0.8481294642857142
OCIAD2	0.7995447470817121
OCLM	0.045522222222222214
OCLN	0.6538128898128898
OCM	0.7584965517241379
OCM2	0.8114144736842105
OCSTAMP	0.4302398190045249
ODAM	0.411396875
ODC1	0.7497140864714086
ODF1	0.7135077605321507
ODF2	0.7889357394366198
ODF2L	0.60323988005997
ODF3	0.5786405529953917
ODF3B	0.5551138353765324
ODF3L1	0.5336755852842809
ODF3L2	0.47460892857142856
ODF4	0.33586375321336764
OFCC1	0.3582142857142857
OGDH	0.7025240875912409
OGDHL	0.6606456798392498
OGFOD1	0.6916993166287017
OGFOD2	0.5849737931034482
OGFOD3	0.4234253450439147
OGFR	0.3514148430066603
OGFRL1	0.5997818791946309
OGG1	0.4152560175054704
OGN	0.6957932148626818
OIP5	0.5702817955112219
OIT3	0.6786573604060914
OLA1	0.8035616438356163
OLAH	0.4305866935483871
OLFM1	0.46657914572864323
OLFM2	0.7093144399460188
OLFM3	0.7755885167464115
OLFM4	0.521062358276644
OLFML1	0.5928836363636364
OLFML2A	0.5869618406285072
OLFML2B	0.5476258847320525
OLFML3	0.6499823848238483
OLIG1	0.5070623946037099
OLIG2	0.6331821428571428
OLIG3	0.7562668918918919
OLR1	0.46147076923076924
OMA1	0.5759770531400966
OMD	0.6630062814070352
OMG	0.796336192109777
OMP	0.6220361445783132
ONECUT1	0.8651481481481482
ONECUT2	0.7166589358799454
ONECUT3	0.6672465116279069
OOEP	0.2886202531645569
OOSP1	0.1129453781512605
OPA1	0.7340275229357799
OPA3	0.52272921108742
OPALIN	0.5689411764705883
OPCML	0.8053333333333333
OPLAH	0.6576929786306149
OPN1SW	0.5744629324546953
OPN3	0.6485746753246753
OPN4	0.5426294416243654
OPN5	0.6724468085106383
OPRD1	0.642259090909091
OPRK1	0.611042662116041
OPRL1	0.6314256
OPRM1	0.47792338709677423
OPTC	0.4881721854304636
OPTN	0.6451333333333333
OR10A2	0.32088640973630833
OR10A3	0.32734758364312266
OR10A4	0.30978181818181816
OR10A5	0.3364391891891892
OR10A6	0.33202309058614565
OR10A7	0.2868970873786408
OR10AC1P	0.47640375586854466
OR10AD1	0.3708694885361552
OR10AG1	0.2969976247030879
OR10C1	0.25457327586206896
OR10D3	0.26713793103448275
OR10G2	0.3596358695652174
OR10G3	0.34360238907849827
OR10G4	0.32011
OR10G6	0.29024456521739134
OR10G7	0.350710970464135
OR10G8	0.2929159836065574
OR10G9	0.2920617021276596
OR10H1	0.359875850340136
OR10H2	0.30027826086956527
OR10H3	0.2996953488372093
OR10H4	0.3065741525423729
OR10H5	0.31981996086105674
OR10J1	0.2718692946058091
OR10J3	0.2918278388278388
OR10J4	0.299251497005988
OR10J5	0.2961799628942486
OR10K1	0.31635460992907805
OR10K2	0.3057926356589147
OR10P1	0.3093264462809917
OR10Q1	0.33616666666666667
OR10R2	0.27786821705426357
OR10S1	0.29254681647940073
OR10T2	0.3273049645390071
OR10V1	0.3053717693836978
OR10W1	0.3281327433628319
OR10X1	0.3013712121212121
OR10Z1	0.32806306306306304
OR11A1	0.26703822937625754
OR11G2	0.2923006993006993
OR11H1	0.25650338600451467
OR11H12	0.26044273127753303
OR11H4	0.3032173144876325
OR11H6	0.28380208333333334
OR11H7	0.30465848670756646
OR11L1	0.2597549019607843
OR12D1	0.2999975
OR12D2	0.2684860465116279
OR12D3	0.2942742616033755
OR13A1	0.3313603896103896
OR13C2	0.2606182572614108
OR13C3	0.292131746031746
OR13C4	0.2821837121212121
OR13C5	0.27597489539748954
OR13C7P	0.36646410684474123
OR13C8	0.2790326295585413
OR13C9	0.3380710659898477
OR13D1	0.25195176252319107
OR13F1	0.3229113043478261
OR13G1	0.26167048054919906
OR13J1	0.31846511627906976
OR14A16	0.25713387978142077
OR14A2	0.29742735042735047
OR14C36	0.22746976744186045
OR14I1	0.270841961852861
OR14J1	0.27198765432098765
OR14K1	0.2704488188976378
OR1A1	0.33380408163265307
OR1A2	0.33149999999999996
OR1B1	0.3298167770419426
OR1C1	0.22538461538461538
OR1D2	0.2971072796934866
OR1D5	0.30255492424242425
OR1E1	0.33542137096774194
OR1E2	0.343363813229572
OR1F1	0.3474764705882353
OR1G1	0.2824390756302521
OR1I1	0.32879746835443036
OR1J1	0.29019999999999996
OR1J2	0.2965626477541371
OR1J4	0.30711752136752135
OR1K1	0.29726150627615067
OR1L1	0.29562970297029706
OR1L3	0.3267641509433962
OR1L4	0.33481901279707493
OR1L6	0.26409583333333336
OR1L8	0.3077710843373494
OR1M1	0.30005405405405405
OR1N1	0.3005306603773585
OR1N2	0.3011701244813278
OR1Q1	0.28285031185031184
OR1S1	0.2558353658536585
OR1S2	0.3282406015037594
OR2A1	0.33745727482678983
OR2A12	0.324563245823389
OR2A14	0.324658371040724
OR2A2	0.32210565110565115
OR2A25	0.314058
OR2A4	0.2808969696969697
OR2A42	0.26779738562091504
OR2A5	0.3221596806387225
OR2A7	0.3019171974522293
OR2AE1	0.2883171247357294
OR2AG1	0.332
OR2AG2	0.3020233545647558
OR2AJ1	0.2067080103359173
OR2AK2	0.2262116402116402
OR2AP1	0.2714309623430962
OR2AT4	0.34002862254025046
OR2B11	0.24874846625766872
OR2B2	0.254695
OR2B3	0.24139497716894975
OR2B6	0.2989633027522936
OR2C1	0.3523727598566308
OR2C3	0.2875021834061135
OR2D2	0.3199434306569343
OR2D3	0.27106026365348396
OR2F1	0.357147113594041
OR2F2	0.3344954627949183
OR2G2	0.24740857787810386
OR2G3	0.25325188916876573
OR2G6	0.2555773420479303
OR2H1	0.2708565310492505
OR2H2	0.2952222222222222
OR2J1	0.26748016701461375
OR2J2	0.21397027600849258
OR2J3	0.25890677966101694
OR2K2	0.36607731958762885
OR2L13	0.25650520833333335
OR2L2	0.21968194842406877
OR2L3	0.22344846796657383
OR2L5	0.2503475
OR2L8	0.2551542416452442
OR2M2	0.21327521008403363
OR2M3	0.22807575757575757
OR2M4	0.21884633569739953
OR2M5	0.2658131067961165
OR2M7	0.2631778846153846
OR2S2	0.320146484375
OR2T1	0.26141637010676155
OR2T10	0.26535221674876847
OR2T11	0.2794512922465209
OR2T12	0.21693169398907106
OR2T2	0.25120041753653444
OR2T27	0.3161593291404612
OR2T29	0.24208695652173914
OR2T3	0.24878625954198472
OR2T33	0.21221867881548975
OR2T34	0.2788126649076517
OR2T35	0.2581236442516269
OR2T4	0.21396957403651115
OR2T5	0.2753611793611794
OR2T6	0.2871073825503355
OR2T7	0.29346653144016227
OR2T8	0.26608641975308645
OR2V1	0.3642245322245322
OR2V2	0.33073036093418257
OR2W1	0.23425
OR2W3	0.3038762278978389
OR2Y1	0.3539558011049724
OR2Z1	0.327284965034965
OR3A1	0.3394217118997912
OR3A2	0.3072078189300411
OR3A3	0.27699772209567197
OR4A15	0.24889066059225515
OR4A16	0.2537535545023697
OR4A47	0.29620089285714285
OR4A5	0.23822391304347826
OR4A8P	0.2585594936708861
OR4B1	0.3325538160469667
OR4C11	0.2642102564102564
OR4C12	0.3258694817658349
OR4C13	0.28479550102249485
OR4C15	0.24039566929133857
OR4C16	0.27180102040816323
OR4C3	0.2926096579476861
OR4C46	0.2989311827956989
OR4C5	0.2836777546777547
OR4C6	0.23526842105263157
OR4D1	0.30409450171821306
OR4D10	0.29495708154506434
OR4D11	0.29790203327171905
OR4D2	0.3693365853658537
OR4D5	0.3022276119402985
OR4D6	0.3134251968503937
OR4D9	0.2918688172043011
OR4E2	0.35659107142857144
OR4F15	0.304084
OR4F16	0.2679699812382739
OR4F17	0.2586871508379888
OR4F21	0.25597037037037035
OR4F29	0.2811173184357542
OR4F3	0.28808823529411764
OR4F4	0.24967924528301885
OR4F5	0.27748176583493284
OR4F6	0.2933365200764818
OR4K1	0.3149174664107486
OR4K13	0.2610172413793103
OR4K14	0.2550393258426966
OR4K15	0.2762781954887218
OR4K17	0.21612555066079295
OR4K2	0.2776223908918406
OR4K5	0.27402636534839925
OR4L1	0.29323758099352054
OR4M1	0.3380451388888889
OR4M2	0.3310396694214876
OR4N2	0.31275
OR4N4	0.2925200803212852
OR4N5	0.27631858407079646
OR4P4	0.28095465994962215
OR4Q2	0.3180018796992481
OR4Q3	0.3098690909090909
OR4S1	0.30786286919831224
OR4S2	0.2534820512820513
OR4X1	0.28402570093457946
OR4X2	0.310135523613963
OR51A2	0.2789958762886598
OR51A4	0.2843980392156863
OR51A7	0.2556572580645161
OR51B2	0.28409393346379647
OR51B4	0.2834526315789474
OR51B5	0.25804703476482616
OR51B6	0.2897682926829268
OR51D1	0.35834603174603175
OR51E1	0.31557322834645674
OR51E2	0.4298459167950694
OR51F1	0.2821484794275492
OR51F2	0.2992101105845182
OR51G1	0.27374131274131275
OR51G2	0.3273802083333333
OR51H1P	0.2969216417910448
OR51I1	0.3164207746478873
OR51I2	0.3105130890052356
OR51J1	0.3124191729323308
OR51L1	0.3266705490848586
OR51M1	0.2852954128440367
OR51Q1	0.3151284916201117
OR51S1	0.30539666666666665
OR51T1	0.27150877192982453
OR51V1	0.27784601449275365
OR52A1	0.3070240963855422
OR52A5	0.3096666666666667
OR52B1P	0.3064114942528735
OR52B2	0.36994233937397036
OR52B4	0.3339468302658487
OR52B6	0.3005849731663685
OR52D1	0.37221121495327103
OR52E1	0.2760939597315436
OR52E2	0.30445112781954886
OR52E4	0.2763695652173913
OR52E6	0.2712079831932773
OR52E8	0.2840929752066116
OR52H1	0.33082797731569
OR52I1	0.26094686907020875
OR52I2	0.27201646090534976
OR52J3	0.29470528455284556
OR52K1	0.3459708737864078
OR52K2	0.32371294559099434
OR52L1	0.29456186612576063
OR52M1	0.2929339622641509
OR52N1	0.31999596774193545
OR52N2	0.32461016949152544
OR52N4	0.292240366972477
OR52N5	0.30018467583497055
OR52R1	0.3460815972222222
OR52W1	0.3356151202749141
OR56A1	0.26960317460317457
OR56A3	0.286951171875
OR56A4	0.2950921052631579
OR56B1	0.27359797297297295
OR56B3P	0.3513746958637469
OR56B4	0.3038851774530272
OR5A1	0.32275135135135136
OR5A2	0.2938059701492537
OR5AC1	0.2843555555555556
OR5AC2	0.2439415887850467
OR5AK2	0.318419028340081
OR5AL1	0.25051578947368425
OR5AN1	0.33493446088794926
OR5AP2	0.29644160583941603
OR5AR1	0.32695221238938055
OR5AS1	0.28028438661710037
OR5AU1	0.30350523168908816
OR5B12	0.2531650671785029
OR5B17	0.2769643705463183
OR5B2	0.269898406374502
OR5B21	0.36125904761904765
OR5B3	0.2498306451612903
OR5C1	0.3261942078364566
OR5D13	0.2594814814814815
OR5D14	0.29594386694386693
OR5D16	0.26655365853658536
OR5D18	0.2808288288288288
OR5F1	0.2643009478672986
OR5G3	0.2936267748478702
OR5H1	0.2847229437229437
OR5H14	0.2856385809312639
OR5H15	0.2573834080717489
OR5H2	0.2782251184834123
OR5H6	0.2709206349206349
OR5H8P	0.30318181818181816
OR5I1	0.2741830985915493
OR5J2	0.27326948775055676
OR5K1	0.29867684021543983
OR5K2	0.24410721649484535
OR5K3	0.27151914893617024
OR5K4	0.25104054054054054
OR5L1	0.3059465116279069
OR5L2	0.28651131221719456
OR5M1	0.29597286821705426
OR5M10	0.2772818371607516
OR5M11	0.2833810408921933
OR5M3	0.2852119914346895
OR5M8	0.2753995535714286
OR5M9	0.28760243407707914
OR5P2	0.31781441441441444
OR5P3	0.32683132530120484
OR5R1	0.32801346801346803
OR5T1	0.24263573085846865
OR5T2	0.30095901639344264
OR5T3	0.27188701923076924
OR5V1	0.23830855855855856
OR5W2	0.25701333333333337
OR6A2	0.3166741379310345
OR6B1	0.35147634069400635
OR6B2	0.3313096646942801
OR6B3	0.3748220338983051
OR6C1	0.27187021276595746
OR6C2	0.2742643442622951
OR6C3	0.25543870967741933
OR6C4	0.264643153526971
OR6C6	0.25380891719745224
OR6C65	0.23876430205949659
OR6C68	0.24137444933920704
OR6C70	0.23602816901408452
OR6C74	0.28437214137214134
OR6C75	0.25932119914346896
OR6C76	0.23975280898876403
OR6F1	0.25883126550868485
OR6J1	0.2526673640167364
OR6K2	0.24280281690140845
OR6K3	0.2453080459770115
OR6K6	0.31991585127201566
OR6M1	0.2523640350877193
OR6N1	0.2899300970873786
OR6N2	0.30795126705653025
OR6P1	0.33922857142857143
OR6Q1	0.3848413547237076
OR6S1	0.32700652528548124
OR6T1	0.28873085846867746
OR6V1	0.275177874186551
OR6X1	0.3207586872586872
OR6Y1	0.3262345058626466
OR7A10	0.26126340326340325
OR7A17	0.29775265957446806
OR7A5	0.24661786600496277
OR7C1	0.25323019801980196
OR7C2	0.3067272727272727
OR7D2	0.2603684210526316
OR7D4	0.24214965986394557
OR7E24	0.25905299539170507
OR7G1	0.252
OR7G2	0.2731360544217687
OR7G3	0.2862124711316397
OR8A1	0.3215977653631285
OR8B12	0.32075883575883574
OR8B2	0.25217621145374447
OR8B3	0.27597142857142853
OR8B4	0.3289960396039604
OR8B8	0.289943359375
OR8D1	0.28594339622641507
OR8D2	0.25994117647058823
OR8D4	0.2955813953488372
OR8G1	0.28086190476190476
OR8G5	0.2656029411764706
OR8H1	0.2741221945137157
OR8H2	0.2829665178571429
OR8H3	0.2828852459016393
OR8I2	0.3068556263269639
OR8J1	0.3066626984126984
OR8J2	0.26579118329466356
OR8J3	0.22514473684210526
OR8K1	0.27308676789587855
OR8K3	0.2929941176470588
OR8K5	0.2643926096997691
OR8S1	0.3449045226130653
OR8U1	0.28969484536082474
OR9A2	0.3006480144404332
OR9A4	0.2609087048832272
OR9G1	0.2975711159737418
OR9G4	0.3231125703564728
OR9I1	0.34761752988047806
OR9K2	0.2892569316081331
OR9Q1	0.32688114754098363
OR9Q2	0.32582567049808425
ORAI1	0.6545649038461538
ORAI2	0.6527053140096619
ORAI3	0.49845437956204386
ORAOV1	0.5670585365853659
ORC1	0.5473216875411998
ORC2	0.7605571428571429
ORC3	0.7233678707224334
ORC4	0.8296026871401152
ORC5	0.7093862332695985
ORC6	0.6468041958041958
ORM1	0.24534473684210525
ORM2	0.24154521276595745
ORMDL1	0.9000866141732283
ORMDL2	0.6896951219512195
ORMDL3	0.7782254335260116
OS9	0.6521065502183406
OSBP	0.7075016181229773
OSBP2	0.5561482188295165
OSBPL10	0.7088230174081238
OSBPL11	0.7479756944444444
OSBPL1A	0.75438203125
OSBPL2	0.6191075650118203
OSBPL3	0.7090118110236221
OSBPL5	0.644235255570118
OSBPL6	0.8004184322033898
OSBPL7	0.6732446958981613
OSBPL8	0.8699547563805103
OSBPL9	0.7884620689655172
OSCAR	0.3924161676646707
OSCP1	0.6076492146596858
OSER1	0.6585789473684212
OSGEP	0.6477846715328467
OSGEPL1	0.6265989304812835
OSGIN1	0.4942389937106918
OSGIN2	0.8423072625698323
OSM	0.33771980676328506
OSMR	0.38751629072681704
OSR1	0.7100049751243782
OSR2	0.5420375494071147
OST4	0.869375
OSTC	0.6418636363636364
OSTF1	0.8425414634146342
OSTM1	0.641078431372549
OSTN	0.6027534883720931
OTOA	0.617546122074346
OTOF	0.7268350722311396
OTOG	0.5834513658940398
OTOGL	0.7596031560490941
OTOL1	0.5306437908496732
OTOP1	0.5765052742616035
OTOP2	0.6032262626262626
OTOP3	0.5764877589453861
OTOR	0.6969235668789809
OTOS	0.6371714285714285
OTP	0.8629963898916968
OTUB1	0.6569335443037975
OTUB2	0.7747586206896552
OTUD1	0.5436776595744681
OTUD3	0.7197920604914934
OTUD4	0.7433653366583541
OTUD6B	0.7426585365853658
OTUD7A	0.6814035242290749
OTUD7B	0.6843403361344538
OTX1	0.6419558101472995
OTX2	0.8470449438202248
OVCA2	0.5473298755186722
OVCH1	0.343378526645768
OVCH1-AS1	0.10128318584070797
OVCH2	0.5850992366412213
OVGP1	0.38191948051948055
OVOL1	0.5931627408993576
OVOL2	0.6479122401847575
OVOL3	0.45932786885245896
OXA1L	0.5632262180974478
OXCT1	0.7572372881355932
OXCT2	0.6408410931174089
OXER1	0.2634636510500808
OXGR1	0.5496681957186544
OXLD1	0.26944636678200695
OXNAD1	0.52715424610052
OXR1	0.6910363937138131
OXSM	0.672085308056872
OXSR1	0.7991143317230274
OXT	0.5593822222222222
OXTR	0.6298862660944206
P2RX1	0.6605165662650603
P2RX2	0.5174851936218678
P2RX3	0.7075883306320907
P2RX4	0.5800361445783132
P2RX5	0.07357142857142858
P2RX5-TAX1BP3	0.5577480916030534
P2RX6	0.5102549941245593
P2RX7	0.5374308510638298
P2RY1	0.7003175257731958
P2RY11	0.10845454545454546
P2RY12	0.6161080196399346
P2RY13	0.45805585106382984
P2RY14	0.4987287390029325
P2RY2	0.5244413892908828
P2RY6	0.6227485380116958
P4HA1	0.8377018181818182
P4HA2	0.7142121212121212
P4HA3	0.668931793179318
P4HB	0.6535486725663717
P4HTM	0.6326952491309386
PA2G4	0.7772116182572614
PAAF1	0.7667057991513437
PABPC1	0.8858676056338028
PABPC1L	0.6073954410307234
PABPC3	0.9056360856269112
PABPC4	0.782625
PABPC4L	0.6340446043165467
PABPN1	0.98425
PABPN1L	0.38359856630824374
PACRG	0.5471618625277163
PACRGL	0.4984548494983278
PACS1	0.6408420050761421
PACS2	0.6366448948948948
PACSIN1	0.7154463519313305
PACSIN2	0.6260014265335235
PACSIN3	0.7553327495621717
PADI1	0.5363324742268042
PADI2	0.6926559679037111
PADI3	0.6273526220614828
PADI4	0.5272467532467532
PAEP	0.1321082621082621
PAF1	0.7121448900388098
PAFAH1B1	0.8858380281690141
PAFAH1B2	0.6286552631578948
PAFAH1B3	0.6826434108527132
PAFAH2	0.6748673184357542
PAG1	0.5799246231155779
PAGR1	0.7000960698689956
PAH	0.7331133858267717
PAICS	0.8246328125
PAIP1	0.8364812164579607
PAIP2	0.9247777777777778
PAIP2B	0.7967564102564102
PAK1	0.7606930693069306
PAK1IP1	0.6400214521452146
PAK2	0.8418984238178634
PAK4	0.5513826666666667
PAK6	0.6500239520958083
PAK7	0.744020320855615
PALB2	0.39428840579710145
PALD1	0.6753167848699764
PALLD	0.6683775203775204
PALM	0.5411391678622668
PALM2	0.7629365079365079
PALM2-AKAP2	0.5721895640686921
PALM3	0.3741741573033708
PALMD	0.6332772828507796
PAM	0.7663976923076923
PAM16	0.3485301204819277
PAMR1	0.7061449407474931
PAN2	0.801012749003984
PAN3	0.8171582089552238
PANK1	0.5996853546910755
PANK2	0.635250867052023
PANK3	0.8574182305630027
PANK4	0.682877570093458
PANX1	0.607958940397351
PANX2	0.6371074270557029
PANX3	0.6815911251980983
PAOX	0.5330589543937709
PAPD4	0.833229268292683
PAPD5	0.7186915137614679
PAPD7	0.7453511543134872
PAPL	0.5868761776581426
PAPLN	0.514933887915937
PAPOLA	0.8955756823821339
PAPOLB	0.7514475675675676
PAPOLG	0.7543834900731453
PAPPA	0.7356024691358025
PAPPA-AS1	0.3323711340206186
PAPPA2	0.5696992597162245
PAPSS1	0.7557258235919235
PAPSS2	0.7205959703075292
PAQR3	0.7050727272727273
PAQR4	0.7708948863636365
PAQR5	0.6444678260869565
PAQR6	0.47341099476439785
PAQR7	0.6330250481695568
PAQR8	0.6385181347150258
PAQR9	0.5380182186234818
PARD3	0.7395274122807017
PARD3B	0.6659120126448894
PARD6A	0.6691602914389799
PARD6B	0.6484732006125574
PARD6G	0.686051968503937
PARG	0.825351888667992
PARK2	0.637668485675307
PARK7	0.7428041958041959
PARL	0.7614169741697416
PARM1	0.3146229838709677
PARN	0.7566532663316583
PARP1	0.6814452908587257
PARP10	0.28681334113516677
PARP11	0.8011656626506025
PARP12	0.5101921655580192
PARP14	0.4097141491395793
PARP15	0.40819885900570496
PARP16	0.7326938325991189
PARP2	0.6916184062850729
PARP3	0.5807995444191344
PARP4	0.5578639652677279
PARP6	0.8485432098765432
PARP8	0.6803339862879529
PARP9	0.4259479434447301
PARPBP	0.5693149688149689
PARS2	0.6168274559193955
PARVA	0.7577743902439024
PARVB	0.5603269794721407
PARVG	0.6134537037037037
PASK	0.4519038277511962
PATE1	0.3932478991596639
PATE2	0.47349145299145295
PATE3	0.37176699029126214
PATE4	0.11095049504950495
PATL1	0.8243562189054726
PATL2	0.5047377312952535
PATZ1	0.8283298429319372
PAWR	0.6079636048526863
PAX1	0.5366522198731501
PAX2	0.715619496855346
PAX3	0.7378679577464788
PAX4	0.5168921319796954
PAX5	0.7890239361702128
PAX6	0.8681451612903226
PAX7	0.6762261146496815
PAX8	0.7590957943925233
PAX9	0.8006923076923078
PAXBP1	0.7183798521256932
PAXIP1	0.7293760917030568
PAXIP1-AS2	0.06848878923766816
PBK	0.7815890985324947
PBLD	0.6170475352112677
PBOV1	0.08759405940594059
PBRM1	0.859095873015873
PBX1	0.7287720364741641
PBX2	0.7545301794453507
PBX3	0.664718085106383
PBX4	0.6616470588235295
PBXIP1	0.3791732641142116
PC	0.6910547854785479
PCBD1	0.8484924242424243
PCBD2	0.6268048780487805
PCBP1	0.8671503267973857
PCBP2	0.6598539130434783
PCBP3	0.7172119205298013
PCBP4	0.705882175226586
PCCA	0.671345596432553
PCCB	0.5460725229826353
PCDH1	0.6622582205029013
PCDH10	0.7450211102423768
PCDH12	0.5910414866032844
PCDH15	0.6473995664739884
PCDH17	0.7772652563059398
PCDH18	0.716519209039548
PCDH20	0.7535681655960029
PCDH7	0.7414159744408946
PCDH8	0.7523194168323393
PCDH9	0.8493506024096386
PCDHA1	0.4345475308641975
PCDHA10	0.35353808948004833
PCDHA11	0.34931206225680933
PCDHA12	0.3563482428115016
PCDHA13	0.371075260804769
PCDHA2	0.40562093862815884
PCDHA3	0.37524905944319037
PCDHA4	0.37513726993865026
PCDHA5	0.40092576095025984
PCDHA6	0.37781732168850074
PCDHA7	0.3565440494590417
PCDHA8	0.35011102362204727
PCDHA9	0.3712822517591869
PCDHAC1	0.4512317290552585
PCDHAC2	0.5470980281690141
PCDHB1	0.3865940224159402
PCDHB10	0.33447799827437447
PCDHB11	0.31771277533039644
PCDHB12	0.34516201117318435
PCDHB13	0.33543313201035374
PCDHB14	0.3320283742331288
PCDHB15	0.3416276849642005
PCDHB16	0.3531747967479675
PCDHB17	0.3610783261802575
PCDHB2	0.3515740015661707
PCDHB3	0.3422051077414206
PCDHB4	0.3220702702702703
PCDHB5	0.34020944881889764
PCDHB6	0.35211359999999997
PCDHB7	0.33595577967416607
PCDHB8	0.3510889070146819
PCDHGA1	0.3978253215978334
PCDHGA10	0.39397313237221493
PCDHGA11	0.3896676016830295
PCDHGA12	0.3640743338008415
PCDHGA2	0.37236830680173655
PCDHGA3	0.39622571628232006
PCDHGA4	0.39697359277275884
PCDHGA5	0.39837605042016805
PCDHGA6	0.3744273037542662
PCDHGA7	0.38254884047786364
PCDHGA8	0.36941110330288124
PCDHGA9	0.38746978417266187
PCDHGB1	0.36985394932935917
PCDHGB2	0.379774011299435
PCDHGB3	0.3437142857142857
PCDHGB4	0.3672150101419878
PCDHGB6	0.38308370702541106
PCDHGB7	0.36772151898734173
PCDHGC3	0.549629271070615
PCDHGC4	0.49644597014925373
PCDHGC5	0.4958436098654709
PCDP1	0.5104853333333333
PCED1A	0.7556270190895742
PCED1B	0.4063846153846154
PCF11	0.8283959484346225
PCGF1	0.8677631578947368
PCGF2	0.6865326278659613
PCGF3	0.6568529411764706
PCGF5	0.8248135593220338
PCGF6	0.7840443458980044
PCID2	0.687184306569343
PCIF1	0.7544505208333333
PCK1	0.6734409448818898
PCK2	0.6257288135593221
PCLO	0.6269933745583038
PCM1	0.7810536733917015
PCMT1	0.6472389380530973
PCMTD1	0.6350917225950784
PCMTD2	0.6001964038727524
PCNA	0.8782207792207792
PCNP	0.8760298507462687
PCNT	0.43213606710158436
PCNX	0.7511398186889818
PCNXL2	0.5822471218206159
PCNXL3	0.7192246401071309
PCNXL4	0.6580680628272252
PCOLCE	0.6144151838671411
PCOLCE2	0.697169102296451
PCP2	0.6185088495575221
PCP4	0.8035820895522388
PCP4L1	0.8922022471910113
PCSK1	0.7461364583333334
PCSK2	0.7783377386196769
PCSK4	0.4710432692307692
PCSK5	0.647936717428088
PCSK6	0.6250346062052506
PCSK7	0.5981171096345516
PCSK9	0.5321027756939235
PCTP	0.5167563025210083
PCYOX1	0.6704090909090908
PCYOX1L	0.6517070844686649
PCYT1A	0.4968156424581006
PCYT2	0.6607721739130435
PDAP1	0.8286453201970444
PDC	0.7670472222222222
PDCD1	0.3893476821192053
PDCD10	0.7966428571428572
PDCD11	0.6491654897144611
PDCD1LG2	0.39113768115942027
PDCD2	0.6341020408163265
PDCD2L	0.6209148148148148
PDCD4	0.8767394366197183
PDCD5	0.9289666666666666
PDCD6	0.7476679841897234
PDCD6IP	0.7648086172344689
PDCD7	0.6847455121436113
PDCL	0.738354066985646
PDCL2	0.8796066176470587
PDCL3	0.7251540880503144
PDDC1	0.5447904761904762
PDE10A	0.7559801104972376
PDE11A	0.7128531187122736
PDE12	0.6972351160443996
PDE1A	0.6375924617196702
PDE1B	0.6886567695961996
PDE1C	0.7754455348380765
PDE2A	0.6725572457966373
PDE3A	0.6886964586846543
PDE3B	0.747528962444303
PDE4A	0.5497747594793435
PDE4B	0.7231127572016461
PDE4C	0.5323659305993691
PDE4D	0.7776837748344371
PDE4DIP	0.6125214822771214
PDE5A	0.7816413145539906
PDE6A	0.7111740481740482
PDE6B	0.6692052785923754
PDE6C	0.7313150457190358
PDE6D	0.8521666666666667
PDE6G	0.48125
PDE6H	0.7312169811320754
PDE7A	0.8275350140056023
PDE7B	0.7299748110831235
PDE8A	0.6652210144927536
PDE8B	0.7830241312741313
PDE9A	0.6429592074592074
PDF	0.5523924349881797
PDGFA	0.7008103448275863
PDGFB	0.6507968337730871
PDGFC	0.7596076458752514
PDGFD	0.7473818897637795
PDGFRA	0.6277286212914485
PDGFRB	0.6499141004862237
PDGFRL	0.6845316265060241
PDHA2	0.5923057742782152
PDHB	0.6596007604562737
PDHX	0.6309678571428572
PDIA2	0.49678605089538175
PDIA3	0.7026343612334801
PDIA4	0.6727962128043282
PDIA5	0.7985425925925926
PDIA6	0.5813966745843231
PDIK1L	0.8959449541284403
PDILT	0.49914913657770804
PDK1	0.69655
PDK2	0.7013963210702341
PDK4	0.6486135401974612
PDLIM1	0.7580158013544018
PDLIM2	0.41183864734299513
PDLIM3	0.7444128256513026
PDLIM4	0.6681695205479452
PDLIM5	0.5497861818181818
PDLIM7	0.6057295285359802
PDP1	0.7839456233421751
PDP2	0.600796052631579
PDPK1	0.6685328467153284
PDPN	0.32991711229946524
PDPR	0.7255223880597015
PDRG1	0.8419944751381216
PDS5A	0.8703787037037037
PDS5B	0.8338288409703505
PDSS1	0.6543106960950764
PDSS2	0.6020946428571429
PDX1	0.5668398268398268
PDXDC1	0.6573004081632653
PDXK	0.500271816881259
PDXP	0.7417781350482315
PDYN	0.4997505376344086
PDZD2	0.45878189126295743
PDZD3	0.534564027370479
PDZD7	0.6670391061452514
PDZD8	0.7245335243553008
PDZD9	0.5000897666068223
PDZK1	0.6068463855421686
PDZK1IP1	0.4599256198347107
PDZRN3	0.6868720306513411
PDZRN4	0.6686126629422718
PEA15	0.6846842105263158
PEAK1	0.6796485915492958
PEAR1	0.5268599299649824
PEBP1	0.7072906976744185
PEBP4	0.4288874296435272
PECR	0.5907313974591651
PEF1	0.6486325581395348
PEG10	0.5415323450134771
PEG3	0.23719692737430167
PELI1	0.848992125984252
PELI2	0.701249581239531
PELI3	0.6412020460358057
PELO	0.7739933035714286
PELP1	0.6569886462882095
PEMT	0.5189789719626168
PENK	0.5231258992805755
PEPD	0.7116103151862464
PER1	0.582495090634441
PER2	0.5272873661670235
PER3	0.4369168539325843
PERP	0.6846388888888888
PES1	0.6332826086956521
PET100	0.7488267716535433
PET112	0.6365555555555557
PET117	0.82588
PEX1	0.6532482853223593
PEX10	0.5315636645962732
PEX11A	0.6376426914153133
PEX11B	0.7421434977578475
PEX11G	0.5444976190476191
PEX12	0.7390294117647058
PEX13	0.7557449168207024
PEX14	0.707709534368071
PEX16	0.6108607809847199
PEX19	0.7175499999999999
PEX2	0.6722215447154472
PEX26	0.5474991181657849
PEX3	0.8096750629722921
PEX5	0.7328587933247754
PEX5L	0.8267903930131004
PEX6	0.662927536231884
PEX7	0.6938950617283951
PF4	0.35984653465346533
PF4V1	0.32815263157894736
PFAS	0.6458578431372549
PFDN1	0.7410923076923077
PFDN2	0.8727111111111111
PFDN4	0.7942933333333334
PFDN5	0.7717727272727273
PFDN6	0.8064251497005989
PFKFB2	0.6431557846506301
PFKFB3	0.6147351485148516
PFKFB4	0.5779085963003264
PFKL	0.6088815165876778
PFKM	0.596139375
PFKP	0.6521629735525375
PFN1	0.7553728070175438
PFN2	0.872702380952381
PFN3	0.6473356401384084
PFN4	0.6746932270916335
PGA3	0.4620038759689923
PGA4	0.4906273764258555
PGA5	0.47613732394366204
PGAM1	0.6974011627906976
PGAM2	0.6762959770114942
PGAM5	0.6921671924290221
PGAP1	0.7957963875205254
PGAP2	0.6106683937823835
PGAP3	0.680836879432624
PGBD1	0.5632718446601942
PGBD2	0.689458722741433
PGBD3	0.39583039791258967
PGBD4	0.7622616279069767
PGBD5	0.5127607142857143
PGC	0.4186119760479042
PGD	0.7004155251141553
PGF	0.5387725
PGGT1B	0.8092029411764706
PGK2	0.7592757527733756
PGLS	0.6580265957446809
PGLYRP1	0.458136476426799
PGLYRP2	0.39514359415305245
PGLYRP3	0.4701664447403462
PGLYRP4	0.43334181818181816
PGM1	0.7341692627206646
PGM2	0.6776463768115942
PGM2L1	0.7440128458498024
PGM3	0.6192350636630755
PGM5	0.8009973154362416
PGP	0.6602883548983365
PGPEP1	0.41536764705882356
PGPEP1L	0.47048522167487683
PGR	0.5055968806238752
PGRMC2	0.6574454277286136
PGS1	0.616126423690205
PHACTR1	0.5460602284527518
PHACTR2	0.5947900287631831
PHACTR3	0.6196172839506173
PHACTR4	0.6137433554817275
PHAX	0.7123479674796748
PHB	0.7237434210526316
PHB2	0.7229973474801061
PHC1	0.7299948387096774
PHC2	0.7102025894897182
PHC3	0.7465593607305936
PHF1	0.7550333796940195
PHF10	0.8016340640809443
PHF11	0.5152771653543308
PHF12	0.7620198757763976
PHF13	0.6434826086956522
PHF14	0.8390631929046564
PHF15	0.6364549356223176
PHF17	0.7355478011472276
PHF19	0.66965445026178
PHF2	0.705758811333794
PHF20	0.7336172638436481
PHF20L1	0.7407869875222817
PHF21A	0.7609524886877829
PHF21B	0.7601571428571429
PHF23	0.7022692913385826
PHF3	0.6298856209150326
PHF5A	0.8692040816326531
PHF7	0.6399468749999999
PHGDH	0.6428961625282167
PHGR1	0.1889918032786885
PHIP	0.8442272240085745
PHKB	0.7589915254237288
PHKG1	0.6666637323943663
PHKG2	0.711180102915952
PHLDA1	0.4787959183673469
PHLDA2	0.46205042016806724
PHLDA3	0.8089382716049383
PHLDB1	0.6595857461024499
PHLDB2	0.6673985714285714
PHLDB3	0.5628076285240464
PHLPP1	0.6107276306370795
PHLPP2	0.7175496437054631
PHOSPHO1	0.7498834586466165
PHOSPHO2	0.7278520547945205
PHOX2A	0.7938135593220339
PHOX2B	0.6092853185595568
PHPT1	0.5994394618834081
PHRF1	0.45490251156642436
PHTF1	0.7047774058577405
PHTF2	0.7537684848484849
PHYH	0.5989697542533081
PHYHD1	0.5698026315789474
PHYHIP	0.7309574999999999
PHYHIPL	0.7564217252396166
PHYKPL	0.5699587404994572
PI15	0.8151572327044024
PI16	0.3774784394250513
PI3	0.1736666666666667
PI4K2A	0.8206849557522125
PI4K2B	0.6372887218045113
PI4KA	0.7581579368252699
PI4KB	0.756685979142526
PIANP	0.8202239185750636
PIAS1	0.7647872628726288
PIAS2	0.8506321243523316
PIAS3	0.6628181011535048
PIAS4	0.6680549019607843
PIBF1	0.7930663667041619
PICALM	0.9344
PICK1	0.6918098591549297
PID1	0.4184768392370572
PIDD	0.5566188594014682
PIEZO1	0.5543845137420719
PIEZO2	0.7007070132683455
PIF1	0.5643302443133952
PIFO	0.5511761517615176
PIGB	0.6674531422271224
PIGC	0.6972916666666666
PIGF	0.6473195592286501
PIGG	0.6589698996655519
PIGH	0.49690796019900496
PIGK	0.7243509174311927
PIGL	0.49437132352941177
PIGM	0.5765
PIGN	0.6340426098535287
PIGO	0.722825346112886
PIGP	0.748927536231884
PIGQ	0.6328370607028755
PIGR	0.4059533381191673
PIGS	0.71662879640045
PIGT	0.6972202304737516
PIGU	0.7635160349854229
PIGV	0.60038
PIGW	0.6101476014760148
PIGX	0.5576198630136986
PIGY	0.763132075471698
PIGZ	0.5427969034608379
PIH1	0.0007058823529411765
PIH1D1	0.5431003787878788
PIH1D2	0.6050541310541311
PIK3AP1	0.6535450104675505
PIK3C2A	0.8089441939120632
PIK3C2B	0.700469285415796
PIK3C2G	0.636090625
PIK3C3	0.8336027554535017
PIK3CA	0.8535402081362347
PIK3CB	0.8562386867790595
PIK3CD	0.6971097372488407
PIK3CG	0.7512602555480834
PIK3IP1	0.5584194078947369
PIK3R1	0.7827624565469293
PIK3R2	0.6137522783761392
PIK3R3	0.7027125435540069
PIK3R4	0.7937381818181818
PIK3R5	0.6108579804560261
PIK3R6	0.6010048275862069
PIKFYVE	0.7613046025104603
PILRA	0.2406672862453532
PILRB	0.16456037735849055
PIM1	0.7514617117117117
PIM3	0.7239115913555992
PIN1	0.6221825095057034
PINK1	0.6197336065573771
PINLYP	0.484507399577167
PINX1	0.3839941176470588
PIP	0.2768502415458937
PIP4K2A	0.7726889848812095
PIP4K2B	0.7863516746411483
PIP4K2C	0.6898632596685083
PIP5K1A	0.6369554545454545
PIP5K1B	0.7034468571428572
PIP5K1C	0.6314805825242717
PIP5KL1	0.659930081300813
PIPOX	0.5753205128205128
PIRT	0.698106976744186
PISD	0.6789274447949527
PITHD1	0.84514
PITPNA	0.6024583333333333
PITPNB	0.8452661596958175
PITPNC1	0.7793609756097561
PITPNM1	0.6348031860226104
PITPNM2	0.644951569984034
PITPNM3	0.6980335305719921
PITRM1	0.657094832179009
PITX1	0.5915536159600997
PITX2	0.5990626262626263
PITX3	0.77815
PIWIL1	0.6900839251129761
PIWIL2	0.7027754962354551
PIWIL3	0.5088173302107728
PIWIL4	0.6023396103896104
PJA2	0.6330064987814785
PKD1	0.545475113122172
PKD1L1	0.370340458608628
PKD1L2	0.5583722981914424
PKD2	0.7448697183098592
PKD2L1	0.5968576723498887
PKD2L2	0.6802014170040486
PKDCC	0.6578590425531915
PKDREJ	0.38250945775535944
PKHD1	0.5517851824728427
PKHD1L1	0.6817116498316498
PKIA	0.8449666666666666
PKIB	0.5693542857142857
PKIG	0.5803355263157894
PKLR	0.677793875147232
PKM	0.7206019690576652
PKMYT1	0.5658188405797101
PKN1	0.5790920671685003
PKN2	0.7907752027809964
PKN3	0.6393508090614887
PKNOX1	0.7700643382352942
PKNOX2	0.8204274193548388
PKP1	0.7344832089552239
PKP2	0.5676653968253969
PKP3	0.5836212889210717
PKP4	0.8019228321400159
PLA1A	0.5601100628930817
PLA2G10	0.4573314606741573
PLA2G12A	0.6667933579335793
PLA2G12B	0.6909920318725099
PLA2G15	0.4916575028636884
PLA2G16	0.582632075471698
PLA2G1B	0.5611666666666666
PLA2G2A	0.31293415637860084
PLA2G2C	0.5121320754716981
PLA2G2D	0.4483894389438944
PLA2G2E	0.5835503355704698
PLA2G2F	0.5494884910485933
PLA2G3	0.39562663975782036
PLA2G4A	0.798142857142857
PLA2G4B	0.6149415552253591
PLA2G4C	0.3239928057553957
PLA2G4D	0.5556889786497403
PLA2G4E	0.5574951950254381
PLA2G4F	0.5521000575043128
PLA2G5	0.45935534591194965
PLA2G6	0.5892985714285714
PLA2G7	0.5597238805970149
PLA2R1	0.6503579797979798
PLAA	0.8439698952879581
PLAC1L	0.32781142857142853
PLAC8	0.5688009049773756
PLAC8L1	0.5641206349206349
PLAC9	0.5359865470852018
PLAG1	0.78614453125
PLAGL1	0.5775858708891596
PLAGL2	0.8571008902077152
PLAT	0.5358067729083665
PLAU	0.5021538461538462
PLAUR	0.42215689149560115
PLB1	0.5235713298791019
PLBD1	0.5805829545454546
PLBD2	0.612501030927835
PLCB1	0.7594287739192063
PLCB2	0.6570165471594043
PLCB3	0.667105580693816
PLCB4	0.8316914285714285
PLCD1	0.5935872434017595
PLCD3	0.5461110340041638
PLCD4	0.6397353372434018
PLCE1	0.704237821482602
PLCG1	0.7470662576687117
PLCG2	0.7084109589041097
PLCH1	0.5618077501881114
PLCH2	0.5526707413249212
PLCL1	0.7242304009575106
PLCL2	0.7207872191011236
PLCXD2	0.6404434389140272
PLCXD3	0.8531375838926174
PLCZ1	0.5524066317626527
PLD1	0.7432020928711576
PLD2	0.6713608562691131
PLD3	0.5832081949058693
PLD4	0.45436914285714286
PLD5	0.7892541743970316
PLD6	0.5898613138686131
PLEC	0.6304517357710305
PLEK	0.785068669527897
PLEK2	0.7519880095923261
PLEKHA1	0.7545354166666667
PLEKHA2	0.6251553544494721
PLEKHA3	0.6032493638676845
PLEKHA4	0.60614445133292
PLEKHA5	0.6571396739130434
PLEKHA6	0.7078336713995943
PLEKHA7	0.7451793145654835
PLEKHA8	0.6495630810092962
PLEKHB1	0.6235932203389831
PLEKHB2	0.6162155425219942
PLEKHD1	0.7824021978021978
PLEKHF1	0.6513619791666666
PLEKHF2	0.828301724137931
PLEKHG1	0.550507349853003
PLEKHG2	0.49346091331269354
PLEKHG3	0.498277270751847
PLEKHG4	0.5586424189307624
PLEKHG4B	0.5234638472032742
PLEKHG5	0.6227545248868778
PLEKHG6	0.5300695770804912
PLEKHG7	0.7033517350157729
PLEKHH1	0.6061909400876766
PLEKHH2	0.6928153909128121
PLEKHH3	0.6507090252707581
PLEKHJ1	0.4542414448669202
PLEKHM1	0.5918877254217568
PLEKHM2	0.6368077214231642
PLEKHM3	0.6946018835616438
PLEKHN1	0.3876128526645768
PLEKHO1	0.6312596964586846
PLEKHO2	0.4641029411764706
PLEKHS1	0.4265442655935614
PLG	0.5694743845642048
PLGLB1	0.550410447761194
PLGLB2	0.5217136929460581
PLGRKT	0.7523894736842106
PLIN1	0.5160599033816424
PLIN2	0.6594770642201835
PLIN3	0.5021414994720169
PLIN4	0.17329683445770627
PLIN5	0.4291854130052724
PLK1	0.6892701080432173
PLK2	0.8304400000000001
PLK3	0.6668930936613056
PLK4	0.7112036905606813
PLK5	0.3890819672131148
PLLP	0.6253089171974523
PLN	0.9464166666666666
PLOD1	0.6460164744645799
PLOD2	0.6884522417153995
PLOD3	0.599007199424046
PLRG1	0.7363888070692194
PLS1	0.7794420803782506
PLSCR1	0.45600991735537194
PLSCR2	0.5243296943231441
PLSCR4	0.5392611275964392
PLSCR5	0.7010703883495146
PLTP	0.6819391891891892
PLVAP	0.4069470338983051
PLXDC1	0.594149646107179
PLXDC2	0.7419824304538799
PLXNA1	0.676952739439565
PLXNA2	0.757830035971223
PLXNA4	0.6922859477124182
PLXNB1	0.6337954675846242
PLXNB2	0.551892234548336
PLXNC1	0.7034653979238754
PLXND1	0.6722188438438438
PM20D1	0.6361071049840934
PM20D2	0.698889423076923
PMAIP1	0.3277486033519553
PMCH	0.706343347639485
PMEL	0.5431551347414421
PMEPA1	0.6693470715835141
PMF1	0.2197777777777778
PMF1-BGLAP	0.5913283261802575
PMFBP1	0.5267279585101368
PML	0.3890057471264368
PMM1	0.6568555956678701
PMM2	0.6428177777777777
PMP2	0.7319199999999999
PMP22	0.5570058997050147
PMPCA	0.6543815104166667
PMPCB	0.6558812121212121
PMS1	0.6227443915703603
PMS2	0.5953867848509267
PMVK	0.6398170731707317
PNISR	0.8552956403269755
PNKD	0.6924502103786816
PNKP	0.5988735521235521
PNLDC1	0.6139044642857142
PNLIP	0.5823824833702882
PNLIPRP1	0.5341810344827586
PNLIPRP2	0.5432619808306709
PNLIPRP3	0.46842886178861787
PNMA1	0.8293445692883895
PNMA2	0.594954433497537
PNMAL1	0.4120820895522388
PNMAL2	0.13595396825396824
PNMT	0.5790632183908047
PNN	0.7508583690987125
PNO1	0.7535338078291814
PNOC	0.5763598726114649
PNP	0.5708383045525903
PNPLA1	0.4691294885745375
PNPLA2	0.6388842530282638
PNPLA3	0.43967401960784314
PNPLA5	0.42507859733978237
PNPLA6	0.6543574162679425
PNPLA7	0.5887074198988196
PNPLA8	0.6727681660899654
PNPO	0.6624033816425121
PNPT1	0.7962890365448505
PNRC1	0.6719790076335879
PNRC2	0.8140000000000001
POC1A	0.6831974110032363
POC1B	0.6680620437956205
POC5	0.5349029385574354
PODN	0.6438525390625
PODNL1	0.5375714285714286
PODXL	0.2723905053598775
PODXL2	0.509996261682243
POFUT1	0.6615079086115994
POFUT2	0.603656330749354
POGK	0.6154231950844854
POGLUT1	0.6822374798061389
POGZ	0.7421311475409836
POLA2	0.6019291408325952
POLB	0.6946823529411765
POLD1	0.6634706257982119
POLD2	0.6881239316239316
POLD3	0.6770363951473136
POLD4	0.701545945945946
POLDIP2	0.7782794520547945
POLDIP3	0.711865625
POLE	0.6952641573414716
POLE2	0.789918008784773
POLE3	0.8439408866995074
POLE4	0.7340201342281879
POLG	0.6347866666666667
POLG2	0.609033256880734
POLH	0.5846783410138249
POLI	0.5352847778587035
POLK	0.5732583201267829
POLL	0.5749865513928915
POLM	0.5072266910420475
POLN	0.5245204081632653
POLQ	0.538142928786359
POLR1A	0.6632417624521072
POLR1B	0.6714026402640263
POLR1C	0.6899865125240848
POLR1D	0.711160458452722
POLR1E	0.5889882100750268
POLR2A	0.7087429764616553
POLR2B	0.8420126796280643
POLR2C	0.7511406727828746
POLR2D	0.7890979020979021
POLR2E	0.6657851851851851
POLR2F	0.3770913838120104
POLR2G	0.6795918367346939
POLR2H	0.6888454545454545
POLR2I	0.818
POLR2J	0.6337837837837837
POLR2J2	0.546441935483871
POLR2J3	0.36735024390243903
POLR2K	0.8356
POLR2L	0.7927763157894736
POLR2M	0.5153333333333333
POLR3A	0.7860025268477574
POLR3B	0.808439120188531
POLR3C	0.7777398601398601
POLR3D	0.6830506329113923
POLR3E	0.6758484187568158
POLR3F	0.8513807829181494
POLR3G	0.6219228486646884
POLR3GL	0.8421419354838711
POLR3H	0.49309495548961424
POLR3K	0.786892561983471
POLRMT	0.47623532152842496
POM121	0.411390019193858
POM121C	0.46430246679316883
POM121L12	0.029167235494880542
POM121L2	0.19013730853391686
POM121L7	0.12374176313446125
POMC	0.5452864077669902
POMGNT1	0.7458217934165721
POMGNT2	0.697377049180328
POMK	0.5515189873417722
POMP	0.8522272727272727
POMT1	0.6461910569105691
POMT2	0.6300458801498128
POMZP3	0.6086891891891891
PON1	0.5972578616352201
PON2	0.6965096660808436
PON3	0.6492534722222223
POP1	0.6128523153942428
POP4	0.6660560975609757
POP5	0.6987152777777778
POP7	0.7507979274611398
POPDC2	0.5682569558101472
POPDC3	0.7106172043010753
POR	0.634684317718941
POSTN	0.8242588028169013
POT1	0.6717898799313894
POTEB	0.36987123064384675
POTEB2	0.37653228476821193
POTEC	0.33858165938864626
POTED	0.3462069498069498
POTEE	0.35106643952299826
POTEF	0.30750029188558087
POTEG	0.269025641025641
POTEH	0.26192246696035243
POTEI	0.3092285027059531
POTEJ	0.35826690391459076
POTEM	0.25628055077452666
POU1F1	0.8026006389776358
POU2AF1	0.6712505592841163
POU2F1	0.7998274268104776
POU2F2	0.6790456026058631
POU2F3	0.67025
POU3F1	0.6624389140271493
POU3F2	0.8670555555555555
POU3F3	0.6761683291770574
POU4F1	0.6572485207100592
POU4F2	0.7860362811791383
POU4F3	0.7516737967914437
POU5F1	0.5663929618768329
POU5F1B	0.361136826783115
POU5F2	0.38403623188405794
POU6F1	0.7475098522167487
POU6F2	0.6663110367892977
PP13004	0.038085561497326205
PP13439	0.050842391304347825
PP2D1	0.4576631376323388
PPA1	0.7800865384615385
PPA2	0.575717037037037
PPAN	0.0
PPAN-P2RY11	0.5992164261931188
PPAP2A	0.8156525198938991
PPAP2B	0.7537202572347267
PPAP2C	0.5066129666011787
PPAPDC1A	0.6788253424657534
PPAPDC1B	0.4960020120724346
PPAPDC2	0.6367084870848708
PPAPDC3	0.7107452830188679
PPARA	0.649957654723127
PPARD	0.7148875305623472
PPARG	0.6765538461538462
PPARGC1A	0.7863424999999999
PPARGC1B	0.5784800713860797
PPAT	0.6938858974358975
PPBP	0.3071966527196653
PPCDC	0.6777633333333334
PPCS	0.7104409282700422
PPDPF	0.5596839378238342
PPEF2	0.6366228222996515
PPFIA1	0.6488893006021306
PPFIA2	0.8037873955960516
PPFIA3	0.7190021333333333
PPFIA4	0.6981302211302212
PPFIBP1	0.6946688102893891
PPFIBP2	0.6916206212822208
PPHLN1	0.533313670411985
PPIA	0.5758530259365994
PPIAL4A	0.6468453237410072
PPIAL4B	0.6346618705035971
PPIAL4C	0.6228150684931507
PPIAL4D	0.6722601351351352
PPIAL4G	0.7190287769784173
PPIB	0.7307432432432432
PPIC	0.6686479289940828
PPID	0.7578019607843137
PPIE	0.7301637426900585
PPIF	0.5428443804034582
PPIG	0.8023821039903265
PPIH	0.7287744680851064
PPIL1	0.7699502262443438
PPIL2	0.626157262905162
PPIL3	0.5586195652173913
PPIL4	0.8429701492537314
PPIL6	0.4829751166407465
PPIP5K1	0.6587552447552447
PPIP5K2	0.7521198963058976
PPL	0.7075859264497878
PPM1A	0.5725271493212669
PPM1B	0.8641824817518248
PPM1D	0.692372026641294
PPM1E	0.7782593783494105
PPM1F	0.4988210197710718
PPM1G	0.8519106382978724
PPM1H	0.7801589285714285
PPM1J	0.5823597883597883
PPM1K	0.7700598455598456
PPM1L	0.7721263736263736
PPM1M	0.6408282442748091
PPM1N	0.45013719806763286
PPME1	0.7173940092165898
PPOX	0.5851181988742964
PPP1CA	0.6603831578947369
PPP1CB	0.7562942942942943
PPP1CC	0.8136071428571429
PPP1R10	0.7277870257037944
PPP1R11	0.7676928571428572
PPP1R12A	0.8374380704041721
PPP1R12B	0.7114183486238532
PPP1R12C	0.5165446808510639
PPP1R13B	0.6223569511540527
PPP1R13L	0.6045811863391253
PPP1R14A	0.5931809523809524
PPP1R14B	0.8648544303797467
PPP1R14C	0.7390163043478262
PPP1R14D	0.4809386666666667
PPP1R15A	0.26884926184926183
PPP1R15B	0.3865115758028379
PPP1R16A	0.5282814538676608
PPP1R16B	0.7381118980169972
PPP1R17	0.7428515901060071
PPP1R18	0.44770324189526184
PPP1R1A	0.4956582633053221
PPP1R1B	0.7020927152317881
PPP1R1C	0.8103777777777778
PPP1R2	0.7922331081081081
PPP1R21	0.7462588116817723
PPP1R26	0.35203224230581337
PPP1R27	0.6247979094076656
PPP1R32	0.4983115860517436
PPP1R35	0.4982887788778878
PPP1R36	0.5548123486682809
PPP1R37	0.647989406779661
PPP1R3A	0.4559562326869806
PPP1R3B	0.6436730401529637
PPP1R3C	0.7268123791102514
PPP1R3D	0.5384381139489195
PPP1R3E	0.5777038327526132
PPP1R3G	0.32995507246376815
PPP1R42	0.755073732718894
PPP1R7	0.665209486166008
PPP1R8	0.8217774390243903
PPP1R9A	0.7810441176470588
PPP1R9B	0.6997659395973154
PPP2CA	0.6233934426229508
PPP2CB	0.8001792207792208
PPP2R1A	0.7114471153846154
PPP2R1B	0.7908393285371702
PPP2R2A	0.7695012345679013
PPP2R2B	0.7718212389380531
PPP2R2C	0.6842772277227723
PPP2R2D	0.7199476268412438
PPP2R3A	0.6961651162790697
PPP2R3C	0.6936894273127754
PPP2R4	0.4897632093933464
PPP2R5A	0.8861201117318436
PPP2R5B	0.822139896373057
PPP2R5C	0.5462343909928352
PPP2R5D	0.7692662889518413
PPP2R5E	0.9083624161073826
PPP3CA	0.8020866141732282
PPP3CB	0.8425136476426799
PPP3CC	0.6703033419023136
PPP3R1	0.2499142857142857
PPP3R2	0.7601985559566786
PPP4C	0.7494270833333333
PPP4R1	0.6417022132796781
PPP4R1L	0.6372735116479724
PPP4R2	0.6844524714828897
PPP4R4	0.7651320132013202
PPP5C	0.7369454926624739
PPP5D1	0.3234876325088339
PPP6C	0.7299100257069409
PPP6R1	0.5676902545003103
PPP6R2	0.5603490322580644
PPP6R3	0.7242484581497798
PPRC1	0.48158620689655174
PPT1	0.5930482180293501
PPT2	0.6567496038034866
PPTC7	0.8412943396226416
PPWD1	0.7619070146818923
PPY	0.5088952380952381
PQLC1	0.6135100401606426
PQLC2	0.5602851485148516
PQLC3	0.558555
PRAC1	0.11445454545454545
PRADC1	0.8281868131868131
PRAM1	0.30550666666666665
PRAME	0.3656854646544877
PRAMEF1	0.045134165366614666
PRAMEF10	0.07746944858420268
PRAMEF11	0.08391056910569106
PRAMEF12	0.10973885350318471
PRAMEF13	0.13048705302096178
PRAMEF14	0.13756416772554003
PRAMEF15	0.10801585204755615
PRAMEF16	0.10502380952380952
PRAMEF17	0.11193013698630137
PRAMEF18	0.1769416445623342
PRAMEF19	0.1471279554937413
PRAMEF2	0.06857285714285714
PRAMEF20	0.13133889602053916
PRAMEF21	0.13593120393120392
PRAMEF22	0.11577430555555555
PRAMEF26	0.10589490968801313
PRAMEF3	0.14612224938875307
PRAMEF4	0.0944037356321839
PRAMEF5	0.12948233861144945
PRAMEF6	0.12964690721649483
PRAMEF7	0.14381450488145048
PRAMEF8	0.17158728179551122
PRAMEF9	0.0925345238095238
PRAP1	0.09649122807017543
PRB1	0.12924281984334204
PRB2	0.1399387755102041
PRB3	0.03746926229508197
PRB4	0.09205714285714285
PRC1	0.6565281195079087
PRCC	0.7065800807537013
PRCD	0.46006185567010305
PRCP	0.5720085158150852
PRDM1	0.7195295154185023
PRDM10	0.7284183417085427
PRDM11	0.6007473684210526
PRDM12	0.7326535947712418
PRDM13	0.593958230958231
PRDM14	0.4961871287128713
PRDM15	0.5600967581047381
PRDM16	0.6910759096612297
PRDM2	0.5916640522875817
PRDM4	0.7992737967914438
PRDM5	0.7668280346820809
PRDM6	0.646641610738255
PRDM7	0.47466392694063925
PRDM8	0.6547799999999999
PRDM9	0.42149319507453015
PRDX1	0.8502487046632125
PRDX2	0.5872585751978892
PRDX3	0.6581442542787286
PRDX5	0.5527021276595745
PRDX6	0.7282290502793296
PREB	0.7113217753120665
PRED57	0.009286956521739132
PRED58	0.08433333333333334
PRED60	0.044060606060606064
PRED62	0.08947486033519553
PRELID1	0.7011594827586207
PRELID2	0.7974953703703703
PRELP	0.6011283185840708
PREP	0.7836334894613582
PREPL	0.78624
PREX1	0.6958032384690873
PREX2	0.8214988876529478
PRF1	0.44062959381044486
PRG2	0.28450943396226414
PRG3	0.3331150895140665
PRG4	0.32685099685204616
PRH1	0.11575581395348837
PRH2	0.0343072625698324
PRICKLE1	0.6767472677595628
PRICKLE2	0.6728863636363636
PRICKLE4	0.4060396475770925
PRIM1	0.7447843478260869
PRIM2	0.7189840000000001
PRIMA1	0.7912669902912621
PRIMPOL	0.6157666277712952
PRKAA1	0.8326910994764398
PRKAA2	0.7811095100864553
PRKAB1	0.7262216066481995
PRKAB2	0.7749455782312925
PRKACA	0.6137750439367311
PRKACB	0.8531067415730338
PRKACG	0.6562629482071713
PRKAG1	0.653609403254973
PRKAG2	0.7096838235294117
PRKAG3	0.5736529209621993
PRKAR1A	0.710481981981982
PRKAR1B	0.7012925170068027
PRKAR2A	0.7546653919694073
PRKAR2B	0.858024630541872
PRKCA	0.7256023121387283
PRKCB	0.7488311990686844
PRKCD	0.7115352449223417
PRKCDBP	0.5239099264705882
PRKCE	0.7505161290322582
PRKCG	0.6675162488393686
PRKCH	0.7093945509586277
PRKCI	0.8693133802816901
PRKCQ	0.7352387096774194
PRKCSH	0.6429326923076922
PRKCZ	0.6588041871921182
PRKD1	0.7421494845360824
PRKD2	0.6408453079178885
PRKD3	0.8013333333333333
PRKDC	0.6832089111832399
PRKG1	0.7952564935064935
PRKG2	0.7789565217391304
PRKRA	0.8841631419939577
PRKRIP1	0.686166037735849
PRKRIR	0.7861947723440135
PRL	0.6305520169851381
PRLH	0.45261267605633804
PRLHR	0.7125816876122083
PRLR	0.5427650501672241
PRM1	0.4781651376146789
PRM2	0.10601115241635688
PRM3	0.5695330578512396
PRMT1	0.6764683026584867
PRMT10	0.7034332770270271
PRMT2	0.5161125
PRMT3	0.7714382183908046
PRMT5	0.81458
PRMT6	0.7621830443159923
PRMT7	0.6501957403651115
PRMT8	0.7372876712328768
PRND	0.5032481203007518
PRNP	0.6458571428571428
PRNT	0.022401639344262297
PROB1	0.3500009896091044
PROC	0.4362071973827699
PROCA1	0.4812958236658933
PROCR	0.544399602385686
PRODH	0.65727352297593
PRODH2	0.5389675675675676
PROK1	0.6444
PROK2	0.8353649289099526
PROKR1	0.677765306122449
PROKR2	0.6825060658578855
PROL1	0.08823737373737374
PROM1	0.45177878787878784
PROM2	0.5120117439812096
PROP1	0.407925
PROS1	0.6017968337730871
PROSC	0.7045070093457944
PROSER1	0.6360400222345748
PROSER2	0.4812064056939502
PROX1	0.8765104895104895
PROX2	0.4487521865889213
PROZ	0.4236529209621993
PRPF18	0.8432505966587113
PRPF19	0.7309943820224719
PRPF3	0.833954802259887
PRPF31	0.7289851024208566
PRPF38A	0.8511823056300267
PRPF38B	0.8409604166666667
PRPF39	0.8501603498542275
PRPF4	0.8257211394302848
PRPF40A	0.8521433260393874
PRPF40B	0.8301186283595922
PRPF4B	0.8065645851154833
PRPF6	0.7766426024955437
PRPF8	0.7963512983831456
PRPH	0.6348622516556292
PRPH2	0.6632367864693446
PRPS1L1	0.7912322175732218
PRPSAP1	0.7375959031657355
PRPSAP2	0.6382282430213464
PRR11	0.5131133603238867
PRR12	0.5529170064763732
PRR13	0.6376783625730994
PRR14	0.5428595848595849
PRR14L	0.6414991856677524
PRR15	0.440125
PRR15L	0.6455448717948717
PRR16	0.5802574850299401
PRR18	0.3316608084358524
PRR19	0.5327091584158415
PRR20A	0.12874741200828158
PRR20B	0.14951960784313725
PRR20C	0.11648565965583173
PRR20D	0.10437328094302553
PRR20E	0.11281171548117155
PRR21	0.049076749435665916
PRR22	0.2789016018306636
PRR23A	0.13489166666666666
PRR23B	0.1486830357142857
PRR23C	0.20674065420560747
PRR24	0.49371111111111116
PRR25	0.04809836065573771
PRR26	0.013283828382838285
PRR3	0.7232019543973941
PRR4	0.1120813953488372
PRR5	0.560831300813008
PRR5-ARHGAP8	0.5488469879518072
PRR5L	0.668497975708502
PRR7	0.5634846416382252
PRR9	0.51615234375
PRRC1	0.5588249678249678
PRRC2A	0.6619943487621098
PRRC2B	0.6584016214530715
PRRC2C	0.6686408716922393
PRRG2	0.4499898580121704
PRRG4	0.6265116822429906
PRRT1	0.781860465116279
PRRT2	0.2813347826086956
PRRT3	0.4439693281402142
PRRT4	0.5849748717948718
PRRX1	0.8320454545454545
PRRX2	0.7936566757493188
PRSS1	0.5631964285714286
PRSS12	0.617305298013245
PRSS16	0.5521237579042457
PRSS21	0.32412439024390244
PRSS22	0.36511764705882355
PRSS23	0.5664942528735631
PRSS27	0.4365265017667845
PRSS3	0.41810766423357665
PRSS33	0.37928383458646614
PRSS35	0.5929564643799472
PRSS36	0.5153645266594125
PRSS37	0.5939487704918033
PRSS38	0.318187265917603
PRSS42	0.33080542986425343
PRSS45	0.5033827956989247
PRSS46	0.3322
PRSS48	0.42670858283433133
PRSS50	0.3659195751138088
PRSS53	0.5727226399331662
PRSS54	0.46307185628742514
PRSS55	0.3520313901345291
PRSS56	0.4823225806451613
PRSS57	0.4357309160305344
PRSS58	0.5092438016528925
PRSS8	0.41741781874039935
PRTFDC1	0.5872286902286902
PRTG	0.7425569196428572
PRTN3	0.3479419642857143
PRUNE	0.6452582417582418
PRUNE2	0.4636774765195818
PRX	0.32727845117845117
PSAP	0.577045954045954
PSAPL1	0.2151074380165289
PSAT1	0.7548755020080321
PSCA	0.3906422764227642
PSD	0.679681640625
PSD2	0.6596314387211367
PSD3	0.5299767326732674
PSD4	0.42129454342984407
PSEN1	0.6232462006079027
PSEN2	0.6712783505154639
PSENEN	0.8528360655737705
PSG1	0.09897058823529413
PSG11	0.09918774966711051
PSG2	0.16915397923875433
PSG3	0.08527749999999999
PSG4	0.11583585564610012
PSG5	0.12526938775510202
PSG6	0.0902036775106082
PSG7	0.07804867256637169
PSG8	0.15485906040268457
PSG9	0.10833617539585871
PSIP1	0.8764692307692308
PSKH1	0.7216647727272727
PSKH2	0.6340776255707763
PSMA1	0.8653173913043478
PSMA2	0.8288258928571429
PSMA3	0.8889108910891089
PSMA4	0.7850691823899371
PSMA5	0.9031021505376344
PSMA6	0.5777621951219513
PSMA7	0.6584432132963989
PSMA8	0.6973882352941176
PSMB1	0.673101083032491
PSMB10	0.6605741176470589
PSMB11	0.562912559618442
PSMB2	0.8613275862068966
PSMB3	0.7612396313364055
PSMB4	0.7118550368550369
PSMB5	0.6268591549295774
PSMB6	0.7109975247524752
PSMB7	0.7733333333333333
PSMB8	0.5770789473684211
PSMB9	0.6264071588366891
PSMC1	0.7693744588744589
PSMC2	0.8334989154013015
PSMC3	0.7373341176470589
PSMC3IP	0.6912016129032258
PSMC4	0.7620739910313901
PSMC5	0.7374105461393597
PSMC6	0.9118441064638784
PSMD1	0.8325035714285715
PSMD11	0.8904947368421052
PSMD12	0.8350386473429953
PSMD13	0.7611827515400411
PSMD14	0.9217570093457944
PSMD2	0.7705595463137995
PSMD3	0.7270353302611368
PSMD4	0.6971486988847583
PSMD5	0.7780042735042735
PSMD6	0.7033778705636743
PSMD7	0.7197045454545455
PSMD8	0.5340839285714285
PSMD9	0.5520048899755502
PSME1	0.8222645161290322
PSME2	0.8485051546391752
PSME3	0.6832822299651569
PSME4	0.8249404894327029
PSMF1	0.75352688172043
PSMG1	0.7319211908931699
PSMG2	0.6525092783505154
PSMG3	0.7143631578947369
PSMG4	0.3398846153846154
PSORS1C1	0.09906875
PSORS1C2	0.6430141342756183
PSPC1	0.7704962686567164
PSPH	0.7028451086956522
PSPN	0.4175113268608414
PSRC1	0.5738444444444445
PSTK	0.43771519795657726
PSTPIP1	0.5362836134453781
PSTPIP2	0.7280205992509363
PTAFR	0.5807053726169844
PTAR1	0.7457959183673469
PTBP1	0.7301505944517834
PTBP2	0.8258982630272953
PTBP3	0.8023669421487604
PTCD1	0.5294955175224124
PTCD2	0.6186480938416422
PTCD3	0.5905770750988143
PTCH1	0.732109756097561
PTCH2	0.674906868451688
PTCHD2	0.6674551458447991
PTCHD3	0.48263166023166026
PTCHD4	0.839984555984556
PTCRA	0.40671621621621623
PTDSS1	0.7166584615384615
PTDSS2	0.643991974317817
PTEN	0.950469387755102
PTER	0.6935072992700729
PTF1A	0.599493288590604
PTGDR	0.4035956204379562
PTGDR2	0.4463751651254954
PTGDS	0.3342095914742451
PTGER1	0.4501500630517024
PTGER2	0.5032193103448276
PTGER3	0.4224146806482364
PTGER4	0.6517272727272727
PTGES	0.6168157894736841
PTGES2	0.5929054054054054
PTGES3	0.9113382352941176
PTGES3L	0.42254166666666665
PTGES3L-AARSD1	0.694501775147929
PTGFR	0.66557328990228
PTGFRN	0.6564315245478036
PTGIR	0.4286058673469388
PTGIS	0.650702479338843
PTGR1	0.6390868055555555
PTGR2	0.722890359168242
PTGS1	0.6121975560081466
PTGS2	0.7156693386773546
PTH	0.5633374485596707
PTH1R	0.6344917555771096
PTH2	0.5761558441558441
PTH2R	0.6513560209424083
PTHLH	0.5886954022988505
PTK2	0.7387078651685394
PTK2B	0.724237215909091
PTK6	0.41656480380499405
PTK7	0.6464916615194565
PTMA	0.4897021276595745
PTMS	0.705808
PTN	0.8011987179487179
PTOV1	0.613230179028133
PTP4A1	0.9109724770642202
PTP4A2	0.7828160000000001
PTP4A3	0.6926296296296296
PTPDC1	0.6315796586059744
PTPLA	0.5672736220472441
PTPLAD1	0.6755188834154352
PTPLAD2	0.7582941176470588
PTPLB	0.7992671480144404
PTPMT1	0.610452380952381
PTPN1	0.670993984962406
PTPN11	0.7506211267605635
PTPN12	0.6848274111675127
PTPN13	0.6632082066869301
PTPN14	0.7069538361508453
PTPN18	0.48071136131013303
PTPN2	0.6407250384024578
PTPN20A	0.48380869565217394
PTPN20B	0.4443463626492942
PTPN21	0.6969821428571429
PTPN22	0.5512122795558458
PTPN23	0.5330121605188488
PTPN3	0.7773081650570677
PTPN4	0.8959399350649351
PTPN5	0.691087786259542
PTPN6	0.6193344086021505
PTPN7	0.537501066098081
PTPN9	0.7165350553505535
PTPRA	0.729455205811138
PTPRB	0.6858443223443224
PTPRC	0.4994092888243832
PTPRCAP	0.38322361809045224
PTPRD	0.8269123554473524
PTPRE	0.6516170212765958
PTPRF	0.6809715994020926
PTPRG	0.703251210653753
PTPRH	0.3153178036605657
PTPRJ	0.43233858957512045
PTPRK	0.7137735527809308
PTPRM	0.7603
PTPRN	0.6492595851665619
PTPRN2	0.44176298507462686
PTPRO	0.7547310975609757
PTPRQ	0.6783169791934242
PTPRR	0.7281554621848739
PTPRS	0.7244110976103685
PTPRT	0.7649871570344425
PTPRU	0.737946755407654
PTPRZ1	0.651498549195463
PTRF	0.7071885856079405
PTRH1	0.5925822454308094
PTRH2	0.6904785478547855
PTRHD1	0.6732911392405063
PTS	0.7615365853658537
PTTG1	0.5138008948545861
PTTG1IP	0.4424688995215311
PTTG2	0.37504862579281184
PTX3	0.5280758988015979
PTX4	0.3842855543113102
PUF60	0.7046657645466847
PUM1	0.8028790820829657
PUM2	0.8857237410071942
PURA	0.8398929889298893
PURB	0.7329076576576576
PURG	0.8122660753880266
PUS1	0.4724687144482366
PUS10	0.8005834586466166
PUS3	0.6553224242424242
PUS7	0.7366860465116278
PUS7L	0.6056216216216216
PUSL1	0.3828449612403101
PVALB	0.6647314285714286
PVR	0.3289970631424376
PVRIG	0.17638833333333334
PVRL1	0.6231306358381503
PVRL2	0.5970655375552283
PVRL3	0.7002797619047619
PVRL4	0.7146151990349818
PWP1	0.7253170731707317
PWP2	0.6963302139037434
PWWP2A	0.7175059665871122
PWWP2B	0.5369739495798319
PXDC1	0.7336606498194945
PXDN	0.6571403985507246
PXDNL	0.5388239122987324
PXK	0.7605119760479042
PXMP2	0.5053234200743494
PXMP4	0.6839967426710097
PXN	0.6048557575757575
PXT1	0.4227034700315457
PYCARD	0.4329505882352941
PYCR1	0.6259945355191256
PYCR2	0.6566719576719577
PYCRL	0.5736588868940754
PYDC1	0.17302272727272727
PYDC2	0.3183772893772894
PYGB	0.6662008032128514
PYGL	0.6852179813401187
PYGM	0.6769074074074074
PYGO1	0.8059501661129569
PYGO2	0.7228055944055944
PYHIN1	0.17649735449735449
PYROXD1	0.7055706134094152
PYROXD2	0.6511824034334764
PYURF	0.5321835443037974
PYY	0.49703846153846154
PZP	0.39351468373493975
QARS	0.739923006416132
QDPR	0.7119189944134078
QKI	0.8791319796954314
QPCT	0.6772906976744186
QPCTL	0.6194320652173912
QPRT	0.5621442125237192
QRFP	0.46542201834862384
QRFPR	0.6296634768740031
QRICH1	0.8479964200477327
QRICH2	0.3705586046511628
QRSL1	0.7401351689612016
QSER1	0.7452492479587451
QSOX1	0.5048721633888049
QSOX2	0.5109261318506751
QTRT1	0.5689133964817321
QTRTD1	0.7164669669669669
R3HCC1	0.48277801724137925
R3HCC1L	0.48534990560100694
R3HDM1	0.8661767068273092
R3HDM2	0.7969666348903718
R3HDM4	0.5358915441176471
R3HDML	0.5295886075949368
RAB10	0.9235
RAB11A	0.8454295774647888
RAB11B	0.7306666666666667
RAB11FIP1	0.46259093149334646
RAB11FIP2	0.7626642728904847
RAB11FIP3	0.4984419410745234
RAB11FIP4	0.6677410817031071
RAB11FIP5	0.600817866435386
RAB12	0.8721111111111111
RAB13	0.7248537414965986
RAB14	0.8834269662921348
RAB15	0.5572603550295857
RAB17	0.41682932166301967
RAB18	0.4805282485875706
RAB19	0.6000992907801419
RAB1A	0.792728813559322
RAB1B	0.7640357142857143
RAB20	0.643887537993921
RAB21	0.8605354330708661
RAB22A	0.7312871287128713
RAB23	0.8673762376237624
RAB24	0.8636745283018867
RAB25	0.6883916913946587
RAB26	0.44679584775086506
RAB27A	0.7591375464684015
RAB27B	0.6297331606217617
RAB28	0.7230100502512562
RAB2A	0.5241095238095238
RAB2B	0.7801122448979592
RAB30	0.6651136363636364
RAB31	0.6355154320987655
RAB32	0.7280844594594594
RAB33B	0.6823343653250774
RAB34	0.6929347826086957
RAB35	0.47354517611026037
RAB36	0.5590471869328494
RAB37	0.6588286384976526
RAB38	0.7165108695652174
RAB39A	0.8415820895522389
RAB3A	0.7106141732283465
RAB3B	0.7311326164874552
RAB3C	0.8145145228215768
RAB3D	0.5890323624595469
RAB3GAP1	0.7709858451290591
RAB3GAP2	0.6902510231923602
RAB3IL1	0.57153591160221
RAB3IP	0.7651916167664671
RAB40B	0.705554524361949
RAB40C	0.6038190255220417
RAB42	0.4709333333333333
RAB43	0.6390390625
RAB44	0.37466035182679297
RAB4A	0.8155583333333334
RAB4B	0.7576961130742049
RAB5A	0.9128538461538462
RAB5B	0.6998319783197832
RAB5C	0.37290517241379306
RAB6A	0.7212699386503068
RAB6B	0.6303598615916955
RAB6C	0.8374289940828402
RAB7A	0.8289638554216868
RAB7L1	0.7825093632958802
RAB8A	0.7749264705882354
RAB8B	0.67425
RABAC1	0.7826521739130434
RABEP1	0.7244522400676248
RABEP2	0.6518037735849057
RABEPK	0.5185271122320303
RABGAP1	0.7940613026819924
RABGAP1L	0.6683636363636364
RABGEF1	0.05836363636363637
RABGGTA	0.7517732342007435
RABGGTB	0.8045449735449736
RABIF	0.7590473372781065
RABL2A	0.6977491749174918
RABL2B	0.6890460526315789
RABL3	0.8513842105263159
RABL5	0.6371443661971832
RABL6	0.3920700466977985
RAC1	0.7909040404040404
RAC2	0.5434092664092663
RAC3	0.7997424892703863
RACGAP1	0.7325834218916046
RAD1	0.765109947643979
RAD17	0.6514326732673268
RAD18	0.4943545347467609
RAD21	0.8150828651685392
RAD21L1	0.6471218323586745
RAD23A	0.6221640211640211
RAD23B	0.7374003831417625
RAD50	0.7199477286869943
RAD51	0.765378590078329
RAD51AP1	0.5265075757575757
RAD51AP2	0.2523124018838305
RAD51B	0.544398002853067
RAD51C	0.64796
RAD51D	0.4521699164345404
RAD51L3-RFFL	0.6654932885906041
RAD52	0.4333350785340314
RAD54B	0.6621586538461539
RAD54L	0.8055406852248393
RAD54L2	0.805327475102519
RAD9A	0.6073258258258258
RAD9B	0.491512315270936
RADIL	0.5684239070282237
RAE1	0.7612283298097251
RAET1E	0.030307453416149068
RAET1G	0.028231481481481482
RAET1L	0.013203980099502487
RAF1	0.8037705627705628
RAG1	0.6623942628418946
RAG2	0.7569664948453607
RAI1	0.5653946744002109
RAI14	0.6331519069166128
RALA	0.7705273631840797
RALB	0.6320889679715302
RALBP1	0.7429012345679012
RALGAPA1	0.8754771929824562
RALGAPA2	0.7090282379518072
RALGAPB	0.8751089108910891
RALGDS	0.5658313878080414
RALGPS1	0.6162079343365253
RALGPS2	0.878140756302521
RALY	0.7228366890380313
RALYL	0.7694460431654676
RAMP1	0.48326523297491036
RAMP2	0.46377570093457937
RAMP3	0.6331088435374149
RAN	0.764479865771812
RANBP1	0.48884551148225475
RANBP10	0.7722255083179298
RANBP17	0.8315146364494806
RANBP2	0.6592435211846976
RANBP3	0.5445417925478349
RANBP3L	0.5622106885919835
RANBP6	0.872256679389313
RANBP9	0.5667514705882353
RANGAP1	0.6656135693215339
RANGRF	0.7765928338762215
RAP1A	0.9201212121212121
RAP1B	0.9296800000000001
RAP1GAP	0.674768060836502
RAP1GAP2	0.7481939086294416
RAP1GDS1	0.6873882544861337
RAP2A	0.8305609756097562
RAP2B	0.8232916666666666
RAPGEF1	0.7339348441926346
RAPGEF2	0.7561153127917833
RAPGEF3	0.6634017467248908
RAPGEF4	0.8259200940070505
RAPGEF5	0.7471682692307693
RAPGEF6	0.8233242642976124
RAPGEFL1	0.7038409405255879
RAPH1	0.6493362025316456
RAPSN	0.5442983870967741
RARA	0.6705311688311688
RARB	0.8109336734693878
RARG	0.7392529118136439
RARRES1	0.48274392220421397
RARRES2	0.43864690721649485
RARRES3	0.331144
RARS	0.7449130901287554
RARS2	0.7184871794871796
RASA1	0.7287088331515812
RASA2	0.8203121827411167
RASA3	0.8194756703078451
RASA4	0.571607201309329
RASA4B	0.6551748251748252
RASAL1	0.6448073770491803
RASAL2	0.8103416666666667
RASAL3	0.466202818319074
RASD1	0.79459765625
RASD2	0.7471148148148148
RASEF	0.6771380866425993
RASGEF1A	0.763417677642981
RASGEF1B	0.7014820143884891
RASGEF1C	0.7366648351648352
RASGRF1	0.7094043048283886
RASGRF2	0.7536168446026097
RASGRP1	0.6528774834437087
RASGRP2	0.6805377268385865
RASGRP3	0.7769421397379912
RASGRP4	0.6449544626593806
RASIP1	0.6615793650793651
RASL10A	0.7939058295964125
RASL10B	0.8500471698113208
RASL11A	0.6269579646017699
RASL11B	0.6544619565217392
RASL12	0.6717542168674699
RASSF1	0.7166119658119658
RASSF2	0.7454955156950672
RASSF3	0.6899015384615385
RASSF4	0.5866875
RASSF5	0.671871724137931
RASSF6	0.6625087440381559
RASSF7	0.46209497206703914
RASSF8	0.7018894952251024
RASSF9	0.610370233702337
RAVER1	0.707175983436853
RAVER2	0.5997731958762886
RAX	0.5655822147651006
RAX2	0.5685363636363636
RB1	0.8225398773006135
RB1CC1	0.7821245098039217
RBAK-RBAKDN	0.3276674816625917
RBBP4	0.7100081300813008
RBBP5	0.8250820399113082
RBBP6	0.7239802281368821
RBBP8	0.6391288732394366
RBBP8NL	0.3381259398496241
RBBP9	0.7915543859649122
RBCK1	0.5127975929978118
RBFA	0.4442003710575139
RBFOX1	0.8646143617021277
RBFOX2	0.8452112676056338
RBFOX3	0.7438597701149425
RBKS	0.635146804835924
RBL1	0.750611148878314
RBL2	0.754736974262398
RBM11	0.5922
RBM12	0.8151612903225807
RBM12B	0.5312212918660287
RBM12B-AS1	0.3582307692307692
RBM14	0.823704519119351
RBM14-RBM4	0.7462857142857143
RBM15	0.7004108910891089
RBM15B	0.6704912718204489
RBM17	0.8301773399014779
RBM18	0.8722670454545455
RBM19	0.5918680272108844
RBM20	0.6112706486234251
RBM22	0.8179381898454746
RBM23	0.6972051915945612
RBM24	0.7457014492753623
RBM25	0.8331493975903614
RBM26	0.8981369509043928
RBM27	0.7841844813935075
RBM28	0.5862079051383399
RBM33	0.665034761904762
RBM34	0.4858588807785888
RBM38	0.6501165803108808
RBM39	0.8940136054421769
RBM4	0.6240696055684455
RBM42	0.8131960486322188
RBM43	0.40182806052269604
RBM44	0.3909530851606323
RBM45	0.8516014109347443
RBM46	0.8643582608695651
RBM47	0.7256550764951321
RBM48	0.5263350785340314
RBM4B	0.8039116379310345
RBM5	0.8143278350515464
RBM6	0.7780806561859194
RBM7	0.5298180379746835
RBM8A	0.8326326530612245
RBMS1	0.8582666666666666
RBMS2	0.5782163892445582
RBMS3	0.8608053435114504
RBMXL1	0.9100237388724035
RBMXL2	0.7326467889908257
RBP1	0.5003967213114754
RBP2	0.6952777777777778
RBP3	0.6230914976262408
RBP4	0.6339022801302931
RBP5	0.6339765625
RBP7	0.494703125
RBPJ	0.716674778761062
RBPJL	0.6723357058125742
RBPMS	0.6304262295081967
RBPMS2	0.7001
RBX1	0.7934285714285714
RC3H1	0.8520309194467046
RC3H2	0.7236366427840328
RCAN1	0.5259829787234043
RCAN2	0.779018115942029
RCAN3	0.7137057142857143
RCBTB1	0.763628617363344
RCBTB2	0.7979459064327484
RCC1	0.5827071038251367
RCC2	0.72253591160221
RCCD1	0.4570974576271186
RCE1	0.7922566371681417
RCHY1	0.7533670520231215
RCL1	0.7646025369978858
RCN1	0.6435314814814815
RCN2	0.7049708333333334
RCN3	0.5902508474576271
RCOR1	0.7806895475819032
RCOR2	0.6756678614097968
RCOR3	0.6862639175257732
RCSD1	0.46905822416302767
RCVRN	0.6836426332288401
RD3	0.6942086092715232
RD3L	0.6087399380804953
RDH10	0.8254705882352941
RDH11	0.6903793103448276
RDH12	0.6958549019607844
RDH13	0.6711514629948365
RDH14	0.6324753086419753
RDH16	0.4835318021201413
RDH5	0.5226244444444444
RDH8	0.5212923076923076
RDM1	0.4972990654205608
RDX	0.6624640522875818
REC8	0.602823677581864
RECK	0.800343724364233
RECQL	0.6856695568400771
RECQL4	0.4786133469179827
RECQL5	0.5262435897435898
REEP1	0.5588792452830189
REEP2	0.5936095238095238
REEP3	0.8116426592797783
REEP4	0.5801477272727272
REEP5	0.6593558282208588
REEP6	0.5364829268292682
REG1A	0.287702875399361
REG1B	0.2314773519163763
REG3A	0.3972434782608696
REG3G	0.374112676056338
REG4	0.40663541666666664
REL	0.5399481417458946
RELA	0.6424740740740741
RELB	0.6136636280765725
RELL1	0.5618977469670711
RELL2	0.6060432098765431
RELN	0.8016293743372217
RELT	0.5000405727923628
REM1	0.6175911949685535
REM2	0.6687317073170731
REN	0.6020122783083219
REP15	0.5315040983606558
REPIN1	0.33171002386634846
REPS1	0.8911736930860034
RER1	0.6914763948497854
RERE	0.6586647173489278
RERG	0.5793649122807017
RERGL	0.7043054755043228
RESP18	0.3042405345211582
REST	0.4561827033218786
RET	0.6785502555366268
RETN	0.42985645933014355
RETNLB	0.3814460784313725
RETSAT	0.517213002566296
REV1	0.715946388261851
REV3L	0.7764949467358645
REXO1	0.5525189340813464
REXO1L1	0.36203553615960105
REXO1L10P	0.4823523592085236
REXO1L11P	0.5255752339812815
REXO2	0.7699665271966527
REXO4	0.4558159057437408
RFC1	0.6635156873930406
RFC2	0.5471295336787565
RFC3	0.821075
RFC4	0.8017824351297405
RFC5	0.6289494773519164
RFESD	0.49509900990099004
RFFL	0.6902504604051565
RFK	0.70395
RFNG	0.531878842676311
RFPL1	0.24572575250836118
RFPL2	0.2317024886877828
RFPL3	0.308811232449298
RFPL3S	0.009441379310344828
RFPL4A	0.25081514476614697
RFPL4AL1	0.2602310924369748
RFPL4B	0.2860579345088161
RFT1	0.7313244514106583
RFTN1	0.48701249999999996
RFTN2	0.6169900881057269
RFWD2	0.7506936274509804
RFWD3	0.57272408650261
RFX1	0.6774555702917772
RFX2	0.708388589881593
RFX3	0.6780587301587302
RFX4	0.7537535714285715
RFX5	0.5972108678021086
RFX6	0.689378296910324
RFX7	0.7539874279727606
RFX8	0.598750677506775
RFXANK	0.5750876190476191
RFXAP	0.5487080459770115
RGCC	0.636047619047619
RGL1	0.7391199207135778
RGL2	0.6499432412247946
RGL3	0.5414522246535376
RGL4	0.4117284263959391
RGMA	0.621996705107084
RGMB	0.6797376425855514
RGP1	0.7504970530451867
RGPD1	0.7431615828524321
RGPD2	0.7527807770961145
RGPD3	0.7477266505636071
RGPD4	0.7417105590062112
RGPD5	0.7299329061439879
RGPD6	0.7382769645608629
RGPD8	0.7347901768172888
RGR	0.6537576853526221
RGS1	0.6838859416445623
RGS10	0.7858669950738917
RGS11	0.5178824163969795
RGS12	0.5669643003693066
RGS13	0.6088249158249158
RGS14	0.6253421052631579
RGS16	0.5719859154929577
RGS17	0.8241345291479821
RGS18	0.7040298507462686
RGS19	0.6528217270194986
RGS2	0.7325507246376811
RGS20	0.4522819444444444
RGS21	0.707835390946502
RGS22	0.6073908582089552
RGS3	0.5641189555125725
RGS4	0.5506908023483367
RGS5	0.6052
RGS6	0.5802631578947368
RGS7	0.862327027027027
RGS7BP	0.7948552036199096
RGS8	0.8347291666666666
RGS9	0.6749962335216573
RGS9BP	0.7583567073170732
RGSL1	0.5204148606811145
RHAG	0.5967477203647417
RHBDD1	0.544678247734139
RHBDD2	0.603956129032258
RHBDD3	0.4847708565072303
RHBDF1	0.6816993067590988
RHBDF2	0.6238049959709911
RHBDL1	0.5928516129032257
RHBDL2	0.505429268292683
RHBDL3	0.711798828125
RHBG	0.5397105263157895
RHCE	0.44854860335195534
RHCG	0.6010615796519411
RHD	0.4422431192660551
RHEB	0.6799219858156028
RHEBL1	0.894490494296578
RHNO1	0.4150206611570248
RHO	0.6738153477218225
RHOA	0.4258255813953489
RHOB	0.8707560975609756
RHOBTB1	0.7207952095808383
RHOBTB2	0.7393001038421599
RHOBTB3	0.6426234213547647
RHOC	0.49444744744744745
RHOD	0.6207406483790524
RHOF	0.5876310904872389
RHOG	0.7204848484848485
RHOH	0.7144873646209386
RHOJ	0.5183898305084746
RHOQ	0.619696
RHOT1	0.7686035889070146
RHOT2	0.6078683274021353
RHOU	0.7200648379052369
RHOV	0.7758175182481752
RHPN1	0.5651936936936937
RHPN2	0.7009848349687778
RIBC2	0.5329460122699387
RIC3	0.6348529411764705
RIC8A	0.558863475177305
RIC8B	0.7958707070707071
RICTOR	0.8738084805653711
RIF1	0.5626699733849504
RIIAD1	0.5051490384615385
RILP	0.4565048275862069
RILPL1	0.6505747126436782
RILPL2	0.5928555555555556
RIMBP2	0.645493063583815
RIMBP3	0.3976112712135767
RIMBP3B	0.4147908146161582
RIMBP3C	0.3970497427101201
RIMKLA	0.7936322751322751
RIMKLB	0.7188287841191067
RIMS1	0.7524922989161437
RIMS2	0.8212680344142951
RIMS3	0.7261845794392524
RIMS4	0.7813209876543209
RIN1	0.5353114860480207
RIN2	0.6731393210749647
RIN3	0.4942764084507042
RING1	0.787605172413793
RINL	0.5041615646258504
RINT1	0.6770614334470989
RIOK1	0.6795012658227848
RIOK2	0.5546202219482121
RIOK3	0.7449756493506493
RIPK1	0.5395830508474576
RIPK2	0.6410632570659489
RIPK3	0.40348787061994607
RIPK4	0.6333673633440514
RIPPLY2	0.4595408805031447
RIPPLY3	0.4114936305732484
RIT1	0.6932989130434782
RIT2	0.8165701219512195
RLBP1	0.7276428571428571
RLF	0.7404697223151556
RLN1	0.15060975609756097
RLN2	0.12618345323741006
RLN3	0.40473273273273275
RLTPR	0.6141470079557246
RMDN1	0.48569847856154913
RMDN2	0.4381880261927035
RMDN3	0.6961997549019608
RMI1	0.5564394366197183
RMI2	0.5227012987012987
RMND1	0.6101453674121406
RMND5A	0.8533242320819112
RMND5B	0.6905494071146245
RNASE1	0.39025714285714286
RNASE10	0.43946481876332627
RNASE11	0.28595866454689983
RNASE13	0.441069498069498
RNASE2	0.3091086956521739
RNASE3	0.24332124352331605
RNASE4	0.5743666666666667
RNASE6	0.32864794007490633
RNASE7	0.4166772151898734
RNASE8	0.35115224913494814
RNASE9	0.12653968253968254
RNASEH1	0.5570857142857143
RNASEH2A	0.7045555555555556
RNASEH2B	0.7133621399176955
RNASEH2C	0.4277429193899782
RNASEK	0.556469696969697
RNASEK-C17orf49	0.754234309623431
RNASEL	0.44282122507122507
RNASET2	0.46280161943319836
RND1	0.6192214452214453
RND2	0.7872786259541985
RND3	0.8666028708133972
RNF10	0.7115422459893048
RNF103	0.7280542420027817
RNF103-CHMP3	0.8094285714285714
RNF11	0.8749818181818182
RNF111	0.8169588173178458
RNF112	0.5742655325443787
RNF113B	0.5334638554216868
RNF114	0.7388419117647059
RNF115	0.8459342465753426
RNF121	0.6899544235924934
RNF122	0.7994367088607595
RNF123	0.7454718066743384
RNF125	0.7600937499999999
RNF126	0.7056388308977035
RNF13	0.8080584112149533
RNF130	0.8820622317596567
RNF133	0.4744325396825397
RNF135	0.33525690021231425
RNF138	0.8865109489051095
RNF139	0.8314770039421814
RNF14	0.7796076158940397
RNF141	0.8034015748031496
RNF144A	0.7099748603351955
RNF144B	0.6379570815450644
RNF145	0.7121235813366961
RNF146	0.6684418145956607
RNF148	0.5410680061823802
RNF149	0.6095338235294118
RNF150	0.6967624750499002
RNF151	0.5422004048582996
RNF152	0.7341484716157205
RNF157	0.6866319999999999
RNF165	0.8544757709251102
RNF166	0.555471032745592
RNF167	0.745709323583181
RNF168	0.5251923419412289
RNF169	0.6227558232931727
RNF17	0.6427900874635568
RNF170	0.53771072319202
RNF175	0.5330878477306003
RNF180	0.6723368421052632
RNF181	0.579757225433526
RNF182	0.621
RNF183	0.6005239436619718
RNF185	0.8284293193717277
RNF186	0.4544880952380952
RNF187	0.6246007326007326
RNF19A	0.8063570536828965
RNF19B	0.674183241252302
RNF2	0.8667213114754099
RNF20	0.8052236394557823
RNF207	0.6021653272101033
RNF208	0.6651934673366835
RNF212	0.2821431742508324
RNF213	0.4883140139365114
RNF214	0.8195593667546174
RNF215	0.6425498059508409
RNF216	0.6855105740181269
RNF217	0.4830631929046563
RNF219	0.7246269621421976
RNF220	0.8089867549668874
RNF222	0.5620650602409639
RNF223	0.4920396475770925
RNF224	0.4568505338078292
RNF24	0.8506179775280899
RNF25	0.5706223529411765
RNF26	0.5960853503184713
RNF31	0.6837657365347177
RNF32	0.5559986244841816
RNF34	0.6859964028776978
RNF38	0.7565325
RNF39	0.44326491994177586
RNF4	0.6944119850187266
RNF40	0.7082599549211119
RNF41	0.6593550488599348
RNF43	0.5704665664913598
RNF44	0.684134724857685
RNF5	0.7721581920903955
RNF6	0.6086490066225166
RNF7	0.4520168539325843
RNF8	0.5686204889406287
RNFT1	0.6324407665505227
RNFT2	0.5185808823529412
RNGTT	0.7891892430278884
RNH1	0.3310365111561866
RNLS	0.6177037617554858
RNMT	0.6495396618985696
RNMTL1	0.5627245179063362
RNPC3	0.7214068278805121
RNPEP	0.6399903593339177
RNPEPL1	0.7072590163934426
RNPS1	0.7530069686411149
ROBO1	0.75087744140625
ROBO2	0.8061597597597598
ROBO3	0.6348069838833461
ROBO4	0.5756312260536398
ROCK1	0.88452935694315
ROCK2	0.8234723502304148
ROGDI	0.6573165137614678
ROM1	0.6155585023400936
ROMO1	0.7697234042553192
ROPN1	0.8076062500000001
ROPN1B	0.8235259515570934
ROPN1L	0.6086675191815857
ROR1	0.7402546174142479
ROR2	0.6378097222222222
RORA	0.4997086206896552
RORB	0.818991825613079
RORC	0.5622092555331992
ROS1	0.6421385893980234
RP1	0.4199360752056404
RP1-102H19.8	0.007115384615384615
RP1-127H14.3	0.3113880597014925
RP1-130H16.18	0.7747330097087378
RP1-139D8.6	0.39112403100775195
RP1-170O19.20	1.0
RP1-228P16.5	0.021693430656934305
RP1-27O5.3	0.521709947643979
RP1-309K20.6	0.8770347826086956
RP1-317E23.6	0.999
RP1-32I10.10	0.06085632183908046
RP1-4G17.5	0.6556694915254238
RP1-66C13.4	0.4192752808988764
RP11-1012A1.4	0.6563235294117646
RP11-101E3.5	0.843345238095238
RP11-1021N1.1	0.6422527472527473
RP11-1026M7.2	0.26247701149425284
RP11-1035H13.3	0.8345902777777777
RP11-1055B8.6	0.9307536231884057
RP11-1055B8.7	0.4844391619661563
RP11-105C20.2	0.009721153846153845
RP11-1070N10.3	0.09836627906976744
RP11-1084J3.4	0.757502538071066
RP11-1085N6.3	0.012657534246575343
RP11-108K14.8	0.6750189393939394
RP11-1099M24.7	0.7275714285714285
RP11-10A14.4	0.027220588235294118
RP11-10J21.3	0.10413392857142857
RP11-1102P16.1	0.135609375
RP11-1105G2.3	0.007879310344827587
RP11-1118M6.1	0.05142690058479533
RP11-111M22.2	0.4131596516690856
RP11-113D6.10	0.656959375
RP11-113D6.6	0.7271711409395973
RP11-1167A19.2	0.0038448275862068967
RP11-116D17.1	0.021350427350427352
RP11-1212A22.4	0.41395289079229125
RP11-1220K2.2	0.4957141347424042
RP11-122A3.2	0.9580161290322581
RP11-125O5.2	0.033906976744186045
RP11-126K1.2	0.036645569620253164
RP11-127H5.1	0.12057312252964426
RP11-12J10.3	0.784121076233184
RP11-131H24.4	0.28590607734806633
RP11-133K1.2	0.28833774834437087
RP11-1396O13.13	0.35342253521126765
RP11-139J15.7	0.01276923076923077
RP11-1407O15.2	0.8075091383812011
RP11-144F15.1	0.380198347107438
RP11-145E5.5	0.14761016949152542
RP11-146D12.2	0.5076548672566372
RP11-147C23.1	0.0879375
RP11-152F13.10	0.8089672897196262
RP11-156E8.1	0.1214495575221239
RP11-159D12.5	0.672625
RP11-159G9.5	0.81438125
RP11-15E18.4	0.16894021739130435
RP11-160N1.10	0.2264178082191781
RP11-162A12.2	0.15525490196078431
RP11-162P23.2	0.7140588235294117
RP11-166B2.1	0.34928483353884093
RP11-166N6.3	0.6288585858585858
RP11-167N24.6	0.363
RP11-169F17.1	0.047181818181818186
RP11-171N4.2	0.030388235294117643
RP11-176H8.1	0.6217310924369748
RP11-178C3.1	0.03688888888888889
RP11-178L8.4	0.38245622119815664
RP11-17M16.1	0.18219545454545455
RP11-180C1.1	0.04257142857142857
RP11-181C3.1	0.29377464788732394
RP11-182J1.16	0.29065084745762715
RP11-187E13.1	0.37434905660377354
RP11-187E13.2	0.3763145161290322
RP11-190A12.7	0.7140677966101695
RP11-192H23.4	0.6597164179104477
RP11-195B21.3	0.4996783536585366
RP11-195F19.5	0.8641063829787234
RP11-196G11.1	0.6431319796954315
RP11-1C1.5	0.053000000000000005
RP11-201K10.3	0.4402989130434783
RP11-204N11.1	0.00358252427184466
RP11-20I23.1	0.7449473684210526
RP11-210M15.2	0.005514285714285715
RP11-211G3.3	0.3735
RP11-212D19.4	0.11275
RP11-215A19.2	0.3337832167832168
RP11-216L13.17	0.4255288753799392
RP11-219B4.5	0.031402684563758394
RP11-219B4.6	0.14357534246575343
RP11-231C14.4	0.0884052805280528
RP11-234B24.6	0.490125
RP11-242G20.1	0.04335911602209944
RP11-247C2.2	0.04511363636363636
RP11-248J23.6	0.6120492196878752
RP11-248J23.7	0.475
RP11-257K9.8	0.08588477366255144
RP11-268J15.5	0.09342564102564102
RP11-272B17.2	0.04475247524752475
RP11-276H1.3	0.017931654676258995
RP11-279O9.4	0.17484831460674158
RP11-286N22.8	0.5227595307917888
RP11-287D1.3	0.742
RP11-293I14.2	0.73772
RP11-293M10.1	0.08732710280373832
RP11-295D22.1	0.34088505747126435
RP11-295K3.1	0.6133867069486405
RP11-295P9.3	0.00125
RP11-296A16.1	0.7369444444444445
RP11-297M9.1	0.1714126213592233
RP11-297N6.4	0.14274468085106382
RP11-302B13.5	0.6475501858736059
RP11-302M6.4	0.9993333333333334
RP11-307N16.6	0.5256738122827347
RP11-315D16.2	0.43828125
RP11-315O6.2	0.04392307692307692
RP11-318A15.7	0.19441818181818182
RP11-321F6.1	0.07176264591439689
RP11-321M21.3	0.23346875
RP11-321N4.5	1.0
RP11-322E11.6	0.3184488888888889
RP11-322L20.1	0.038241379310344825
RP11-324D17.1	0.050173913043478256
RP11-332O19.5	0.8756518987341773
RP11-342M21.2	0.03434246575342466
RP11-343C2.11	0.7771740506329113
RP11-343C2.7	0.6755246478873239
RP11-343C2.9	0.1075
RP11-345J4.3	0.2552002583979328
RP11-345J4.5	0.7528533834586466
RP11-347C12.1	0.0801908908238446
RP11-347C12.3	0.2303139534883721
RP11-351M8.1	0.02372463768115942
RP11-352D3.2	0.04650609756097561
RP11-362K2.2	0.08460512820512821
RP11-366L20.2	0.11656521739130435
RP11-368I7.4	0.2332601156069364
RP11-371E8.4	0.7277419354838709
RP11-379H8.1	0.0754108527131783
RP11-382J12.1	0.021527918781725885
RP11-383H13.1	0.10371978021978022
RP11-385D13.1	0.503622508792497
RP11-386G21.1	0.02735869565217391
RP11-386G21.2	0.008808823529411765
RP11-389E17.1	0.07525490196078431
RP11-3B7.1	0.0864423076923077
RP11-403P17.5	0.5632604166666667
RP11-404L6.2	0.013702702702702702
RP11-404P21.8	0.1272098765432099
RP11-407N17.3	0.6944268707482992
RP11-408E5.4	0.9390441176470588
RP11-410N8.4	0.016766467065868262
RP11-41O4.1	0.010576923076923076
RP11-422N16.3	0.14621965317919075
RP11-426L16.10	0.8410822784810126
RP11-429E11.3	0.11731875
RP11-432B6.3	0.8337382352941176
RP11-433C9.2	0.125397476340694
RP11-434D12.1	0.021666666666666667
RP11-438J1.1	0.9996666666666667
RP11-446E24.4	0.6287686567164179
RP11-447L10.1	0.7340582524271845
RP11-451M19.3	0.11249342105263158
RP11-455G16.1	0.5185140845070423
RP11-458D21.5	0.004527777777777778
RP11-45H22.3	0.07689473684210527
RP11-45M22.4	0.71415
RP11-463C8.4	0.295
RP11-463D19.2	0.5946923076923077
RP11-463J10.2	0.2839763779527559
RP11-467N20.5	0.2632369246861925
RP11-468E2.2	0.7954770642201834
RP11-468E2.6	0.6860606860158311
RP11-474G23.1	0.475258064516129
RP11-477N12.3	0.4640815217391304
RP11-47I22.3	0.08317605633802817
RP11-47I22.4	0.0012222222222222222
RP11-480I12.4	0.47095822454308095
RP11-481A20.11	0.5883571428571428
RP11-484M3.5	0.20215384615384616
RP11-487E13.1	0.22127272727272726
RP11-497E19.2	0.22407586206896551
RP11-500M8.7	0.005
RP11-503N18.3	0.5136991676575505
RP11-505K9.4	0.016129032258064516
RP11-507M3.1	0.03896666666666667
RP11-512M8.5	0.7442428785607197
RP11-514O12.4	0.49697435897435893
RP11-514P8.6	0.37649122807017543
RP11-514P8.7	0.578134328358209
RP11-51F16.8	1.0
RP11-51L5.7	0.7504642857142857
RP11-520P18.5	0.2968243243243243
RP11-521M14.2	0.18233333333333335
RP11-527L4.2	0.33146464646464646
RP11-529K1.3	0.8535846153846154
RP11-536G4.1	0.054939999999999996
RP11-542C16.2	0.7435071090047393
RP11-542P2.1	0.5616906377204884
RP11-552F3.12	0.1859558823529412
RP11-552I14.1	0.0654765625
RP11-553A10.1	0.18555555555555556
RP11-571M6.15	0.2846
RP11-574K11.31	0.7831006637168142
RP11-57H12.6	0.42767032967032964
RP11-585F1.10	0.388139175257732
RP11-58C22.1	0.0
RP11-595B24.2	0.12094594594594593
RP11-597K23.2	0.17713043478260868
RP11-598P20.5	0.891027027027027
RP11-599B13.6	0.6616209150326797
RP11-603J24.9	0.8231475409836065
RP11-613M10.9	0.6834704595185995
RP11-618P17.4	0.36486305732484076
RP11-625H11.1	0.08667934782608695
RP11-62N21.1	0.0327089552238806
RP11-644F5.10	0.5897111111111112
RP11-650K20.3	0.02018518518518518
RP11-65D24.2	0.014953125
RP11-661C8.3	0.022276595744680848
RP11-664D7.4	0.1408041237113402
RP11-664I21.6	0.03453333333333333
RP11-676J12.7	0.29850381679389315
RP11-67H2.1	0.01425
RP11-680G10.1	0.1659462365591398
RP11-683L23.1	0.7366952104499275
RP11-685N3.1	0.48658874458874457
RP11-6L6.2	0.1757741935483871
RP11-701P16.2	0.011778846153846155
RP11-712L6.5	0.01044642857142857
RP11-723G8.2	0.38237951807228915
RP11-723O4.6	0.477449864498645
RP11-729L2.2	0.4429230769230769
RP11-738G5.2	0.03554477611940299
RP11-73M18.2	0.5805425287356322
RP11-758M4.1	0.2373680981595092
RP11-761B3.1	0.80548
RP11-762I7.5	0.6673518518518519
RP11-763F8.1	0.059621848739495796
RP11-766F14.2	0.5349089337175793
RP11-770J1.4	0.5889586466165414
RP11-770J1.5	0.5936119402985074
RP11-77K12.1	0.8414285714285715
RP11-77K12.7	0.6615416666666667
RP11-793H13.10	0.7863639846743294
RP11-794P6.2	0.5131289473684211
RP11-795F19.5	0.3738952380952381
RP11-796G6.2	0.00730281690140845
RP11-80A15.1	0.1051055900621118
RP11-812E19.9	0.3613682170542636
RP11-817J15.3	0.019094488188976376
RP11-81K2.1	0.017390243902439022
RP11-826N14.2	0.11156547619047619
RP11-830F9.6	0.4675714285714286
RP11-831H9.11	0.779905109489051
RP11-834C11.12	0.913813953488372
RP11-849F2.7	0.7615535714285714
RP11-849H4.2	0.47143259557344064
RP11-861L17.3	0.016898148148148148
RP11-863K10.7	0.05805341246290801
RP11-865B13.1	0.014032051282051282
RP11-867G23.8	0.3653461538461538
RP11-872D17.8	0.6028181818181818
RP11-886H22.1	0.7470513833992094
RP11-894J14.5	0.5213762376237624
RP11-89K11.1	0.21076666666666669
RP11-89N17.1	0.200595015576324
RP11-934B9.3	0.28014189189189187
RP11-93B14.6	0.011885714285714286
RP11-944C7.1	0.15348305084745764
RP11-944L7.5	0.04879166666666667
RP11-94B19.4	0.13527777777777777
RP11-96O20.4	0.6649755600814664
RP11-977G19.10	0.7983204225352113
RP11-986E7.7	0.003466666666666667
RP11-998D10.1	0.12509547738693466
RP11-9B6.1	0.07058163265306122
RP13-279N23.2	0.7638668941979522
RP13-512J5.1	0.6514545454545455
RP13-996F3.4	0.2872990654205607
RP13-996F3.5	0.21557373519913886
RP1L1	0.271699837398374
RP3-369A17.5	0.3959895287958115
RP3-422G23.4	0.5209446366782007
RP4-539M6.19	0.6623952380952381
RP4-559A3.7	0.7430240963855422
RP4-576H24.4	0.36501619433198385
RP4-583P15.14	0.11646902654867257
RP4-734P14.4	0.14838157894736842
RP4-758J18.2	0.009367469879518073
RP5-1021I20.4	0.6913921568627451
RP5-1052I5.2	0.4915769230769231
RP5-850E9.3	0.47496428571428567
RP5-966M1.6	0.4460093457943925
RP9	0.7190861538461538
RPA1	0.7196642512077294
RPA2	0.6497516059957174
RPA3	0.7688052631578948
RPA3-AS1	0.5908040201005025
RPAIN	0.5836296296296296
RPAP1	0.635696117274168
RPAP2	0.6110010277492292
RPAP3	0.6963524324324324
RPE	0.627468493150685
RPE65	0.8002616541353383
RPF1	0.694520304568528
RPF2	0.7950498614958448
RPGRIP1	0.5064132110091742
RPGRIP1L	0.639171977507029
RPH3A	0.5844486391571554
RPH3AL	0.5467704280155642
RPIA	0.7304039900249376
RPL10A	0.7761888412017167
RPL10L	0.766608
RPL11	0.7900863309352518
RPL12	0.8231538461538461
RPL13	0.705878892733564
RPL13A	0.7839784482758622
RPL14	0.6808994082840237
RPL15	0.624216911764706
RPL17	0.001
RPL17-C18orf32	0.7595052083333332
RPL18	0.7526625514403292
RPL18A	0.732221649484536
RPL19	0.6932758620689655
RPL21	0.886840579710145
RPL22	0.7200461538461538
RPL22L1	0.729783950617284
RPL23	0.49746007604562736
RPL23A	0.6753401015228426
RPL24	0.7560422535211268
RPL26	0.550264
RPL26L1	0.8451278195488722
RPL27	0.6056666666666667
RPL27A	0.7310696517412935
RPL28	0.37986335403726706
RPL29	0.5203642857142857
RPL3	0.7028041237113403
RPL30	0.8051447368421053
RPL31	0.5779421052631579
RPL32	0.8224553571428571
RPL34	0.832030303030303
RPL35	0.7517913669064747
RPL35A	0.8400403225806452
RPL36	0.6066687898089171
RPL36AL	0.8568974358974358
RPL37	0.7701188118811881
RPL37A	0.5346348314606741
RPL38	0.8589295774647887
RPL39L	0.9571875
RPL3L	0.7273418181818182
RPL4	0.7057901459854015
RPL41	0.9977777777777779
RPL5	0.8812489451476793
RPL6	0.6837286063569682
RPL7	0.8213224489795918
RPL7A	0.6776363636363636
RPL7L1	0.7259422632794458
RPL8	0.8361497797356828
RPL9	0.778734597156398
RPLP0	0.7277922535211268
RPLP1	0.793156862745098
RPLP2	0.7183523316062176
RPN1	0.725056050955414
RPN2	0.7909963414634146
RPP14	0.6547825203252033
RPP21	0.7104731182795698
RPP25	0.5443828571428572
RPP25L	0.6028879310344828
RPP30	0.5940106837606838
RPP38	0.5071978984238179
RPP40	0.6551882160392799
RPRD1A	0.6749388379204894
RPRD1B	0.7657727272727273
RPRD2	0.7433399242742954
RPRM	0.7842164179104477
RPRML	0.7537664974619289
RPS10	0.40336363636363637
RPS10-NUDT3	0.7600266666666667
RPS11	0.6932641509433962
RPS12	0.86382
RPS13	0.5958063063063064
RPS14	0.5300729166666667
RPS15	0.6638428571428572
RPS15A	0.4350619469026549
RPS16	0.7007606382978723
RPS17	0.43414696485623006
RPS17L	0.5106213991769547
RPS18	0.8398193548387096
RPS19	0.6500445859872611
RPS19BP1	0.5381034482758621
RPS2	0.7651593137254902
RPS20	0.5320138248847927
RPS21	0.8314545454545456
RPS23	0.6329946808510638
RPS24	0.3650248447204969
RPS25	0.814696
RPS26	0.7870652173913043
RPS27	0.8082038834951457
RPS27A	0.8430546875
RPS27L	0.55768
RPS28	0.7913181818181818
RPS29	0.6989135802469136
RPS3	0.747635593220339
RPS3A	0.8408943089430895
RPS5	0.6784710743801653
RPS6	0.7611603773584906
RPS6KA1	0.6571509106678232
RPS6KA2	0.6701104150352388
RPS6KA4	0.7011310008136696
RPS6KA5	0.6950201149425287
RPS6KB1	0.9218727272727273
RPS6KB2	0.6441724598930482
RPS6KC1	0.6329565780946209
RPS6KL1	0.5076549835706462
RPS7	0.8248125000000001
RPS8	0.7764093264248705
RPS9	0.7263805309734513
RPSA	0.6695126262626263
RPSAP58	0.9456399999999999
RPTN	0.2510549535603715
RPTOR	0.6894046424090339
RPUSD1	0.5444930555555555
RPUSD2	0.5903365973072215
RPUSD3	0.4985632183908046
RPUSD4	0.6085633383010433
RQCD1	0.6067648351648351
RRAD	0.5717879310344828
RRAGA	0.747948717948718
RRAGC	0.9069054545454546
RRAGD	0.8672985781990521
RRAS	0.7713148688046647
RRAS2	0.5809586776859504
RRBP1	0.5284162023146164
RREB1	0.5829822373393801
RRH	0.7435402298850574
RRM1	0.7453538633818589
RRM2	0.6145796610169492
RRM2B	0.5356632302405497
RRN3	0.7209264544456642
RRNAD1	0.6797867549668875
RRP1	0.48539507620164124
RRP12	0.69814548404543
RRP15	0.5667787234042554
RRP1B	0.5070192604006163
RRP36	0.6368733153638814
RRP7A	0.5886021897810219
RRP8	0.5104586288416075
RRP9	0.6549884318766067
RRS1	0.7158634453781512
RSAD1	0.5971182519280206
RSAD2	0.5118659420289855
RSBN1	0.8455589171974521
RSBN1L	0.7076624141315014
RSC1A1	0.38371036846615253
RSF1	0.6906396103896104
RSG1	0.7035894988066825
RSL1D1	0.4544650924024641
RSL24D1	0.7159712643678161
RSPH1	0.5136578947368422
RSPH10B	0.5103993957703927
RSPH10B2	0.5238551847437426
RSPH3	0.5785
RSPH4A	0.5835201207243461
RSPH6A	0.5486623376623377
RSPH9	0.6232527881040892
RSPO1	0.7170523255813953
RSPO2	0.8382021857923497
RSPO3	0.7402386363636364
RSPO4	0.6111641791044776
RSPRY1	0.758634011090573
RSRC1	0.665787685774947
RSRC2	0.883962962962963
RSU1	0.8398677685950413
RTBDN	0.2752241153342071
RTCA	0.7616674208144796
RTCB	0.8036549165120594
RTDR1	0.5371631205673759
RTEL1	0.5367488192357235
RTF1	0.872787269681742
RTFDC1	0.5467606382978724
RTKN	0.7254182217343579
RTKN2	0.5767777777777778
RTL1	0.397129392971246
RTN1	0.5340108949416342
RTN2	0.5960924124513619
RTN3	0.46030458353868897
RTN4	0.5774360596475373
RTN4IP1	0.7217634069400631
RTN4R	0.43976777677767775
RTN4RL1	0.6798146788990826
RTN4RL2	0.5822648125755744
RTP1	0.7219123287671233
RTP2	0.6398165680473373
RTP3	0.3816538461538462
RTP4	0.36919949494949494
RTTN	0.6177435480120902
RUFY1	0.6302443890274314
RUFY2	0.7405305676855896
RUFY3	0.696058064516129
RUFY4	0.5452895069532238
RUNDC1	0.6326444695259594
RUNDC3A	0.7716228448275863
RUNDC3B	0.8913190348525469
RUNX1	0.6836166134185304
RUNX1T1	0.7194622030237581
RUNX2	0.6392991689750692
RUNX3	0.7959245283018868
RUSC1	0.5347740881872618
RUSC2	0.6836556982343499
RUVBL1	0.7145951035781544
RUVBL2	0.6105968749999999
RWDD1	0.8872175732217573
RWDD2A	0.6684852071005918
RWDD2B	0.5932195608782435
RWDD3	0.5375731707317074
RWDD4	0.8083809523809523
RXFP1	0.7501328413284133
RXFP2	0.6508773861967695
RXFP3	0.5355724381625442
RXFP4	0.45897027027027026
RXRA	0.7359643463497454
RXRB	0.6604752475247525
RXRG	0.778306976744186
RYBP	0.6116830601092896
RYK	0.706672794117647
RYR1	0.6803429761904762
RYR2	0.7247635213631084
RYR3	0.7919766119863569
S100A1	0.4965939086294416
S100A10	0.705364238410596
S100A11	0.6836774193548387
S100A12	0.39457948717948715
S100A13	0.6678993710691824
S100A14	0.6764705882352942
S100A16	0.7204758620689655
S100A2	0.41634033613445376
S100A3	0.5658009950248756
S100A4	0.6302471910112359
S100A5	0.63496875
S100A6	0.42530409356725146
S100A7	0.1356376811594203
S100A7A	0.13416062176165802
S100A7L2	0.1336123348017621
S100A8	0.41285903083700437
S100A9	0.4602770562770563
S100B	0.5292415458937197
S100P	0.5531764705882353
S100PBP	0.6281776447105788
S100Z	0.806212962962963
S1PR1	0.7165480349344978
S1PR2	0.5793305921052632
S1PR3	0.6575495798319329
S1PR4	0.5447733516483516
S1PR5	0.4745031289111389
SAA1	0.4843636363636364
SAA2	0.38971229050279327
SAA4	0.4289045801526718
SAAL1	0.7355568181818182
SAC3D1	0.5494035087719298
SACM1L	0.8034334319526627
SACS	0.764675562844789
SAE1	0.5973747954173486
SAFB	0.6961596909207984
SAFB2	0.6209044032444959
SAG	0.623855403348554
SALL1	0.7321847085541257
SALL2	0.5960201342281879
SALL3	0.5923880519480519
SALL4	0.5907855227882037
SAMD1	0.6263480603448276
SAMD10	0.6464933333333334
SAMD11	0.5260267934312878
SAMD12	0.6835559845559845
SAMD13	0.40382882882882887
SAMD14	0.688485925925926
SAMD15	0.25414757281553396
SAMD3	0.678253164556962
SAMD4A	0.697185878962536
SAMD4B	0.7614140127388536
SAMD5	0.6790466926070038
SAMD7	0.5578728717366629
SAMD8	0.7494605734767026
SAMD9	0.44006721105527635
SAMD9L	0.414402119907254
SAMHD1	0.5704165863066538
SAMM50	0.690743396226415
SAMSN1	0.6819733146067416
SAP130	0.7800397181294043
SAP18	0.7079190476190477
SAP25	0.3158549222797927
SAP30	0.681591304347826
SAP30BP	0.718865096359743
SAP30L	0.8550977443609022
SAPCD1	0.5040750670241287
SAPCD2	0.5198991712707182
SAR1A	0.7316908212560387
SAR1B	0.7000126582278481
SARDH	0.5751636726546906
SARM1	0.6566820895522387
SARNP	0.826704433497537
SARS	0.6916910447761194
SARS2	0.594391959798995
SART1	0.7364364135407135
SART3	0.6595115532734275
SASH1	0.6063389385181293
SASS6	0.7600353200883002
SAT2	0.6407267605633803
SATB1	0.8127797716150081
SATB2	0.7878430656934307
SAV1	0.800895238095238
SAYSD1	0.47868533333333335
SBDS	0.810936026936027
SBF1	0.6674876623376623
SBF2	0.8320129577464789
SBK1	0.7368303886925794
SBK2	0.46122356495468275
SBK3	0.43967583046964487
SBNO1	0.8536929487179487
SBNO2	0.6100110035211267
SBP1	0.1594320987654321
SBSN	0.4187893309222423
SBSPON	0.6667028199566161
SC5D	0.645003738317757
SCAF1	0.5499981259370315
SCAF11	0.6314940131324837
SCAF4	0.7571454319453077
SCAF8	0.8182337583485125
SCAI	0.7993350694444444
SCAMP1	0.85496875
SCAMP2	0.6649587242026267
SCAMP3	0.6917660377358491
SCAMP4	0.6115245478036175
SCAMP5	0.6205451127819549
SCAND1	0.3628936877076412
SCAND3	0.6443599250936329
SCAP	0.6650110529377545
SCAPER	0.7093156182212582
SCARA3	0.6205917215428034
SCARA5	0.6933538083538083
SCARB1	0.5212590308370044
SCARB2	0.6812387892376681
SCARF1	0.4716942148760331
SCARF2	0.6232321428571429
SCCPDH	0.7218489583333334
SCD	0.6377543581616482
SCD5	0.5464417391304348
SCEL	0.5357154989384288
SCFD1	0.7510365853658536
SCFD2	0.7049964349376114
SCG2	0.6907179487179487
SCG3	0.7462793103448275
SCG5	0.7539264705882354
SCGB1A1	0.2580625
SCGB1C1	0.5998009950248756
SCGB1D1	0.3868712871287128
SCGB1D2	0.3892577319587629
SCGB1D4	0.2389035087719298
SCGB2A1	0.19454135338345863
SCGB2A2	0.24387301587301585
SCGB2B2	0.034277533039647576
SCGB3A1	0.27078021978021977
SCGB3A2	0.5158839779005525
SCGN	0.6968665105386417
SCHIP1	0.8703333333333333
SCIMP	0.3568610354223433
SCIN	0.6033766959297685
SCLT1	0.7138190730837789
SCLY	0.4893587710604559
SCMH1	0.8243085880640465
SCML4	0.6109970014992504
SCN10A	0.5562007233273056
SCN11A	0.5486764998342725
SCN1A	0.7951582578697715
SCN1B	0.7406345029239766
SCN2A	0.7970873493975904
SCN2B	0.727905303030303
SCN3A	0.7988765060240963
SCN3B	0.7636085526315789
SCN4A	0.6252449136276391
SCN4B	0.6523333333333333
SCN5A	0.6751523777628935
SCN7A	0.5326884014423077
SCN8A	0.7052154857560262
SCN9A	0.6650723727693325
SCNM1	0.5717326732673267
SCNN1A	0.5284849498327759
SCNN1B	0.6157280453257791
SCNN1D	0.27346026750590086
SCNN1G	0.6481144967682364
SCO1	0.6430940919037199
SCO2	0.3989350104821803
SCOC	0.4725546558704454
SCP2	0.7188738621586476
SCP2D1	0.63263671875
SCPEP1	0.6443825503355705
SCRG1	0.6346609195402299
SCRIB	0.587344192634561
SCRN1	0.6819252336448598
SCRN2	0.5517087126137842
SCRN3	0.7061678832116789
SCRT1	0.5537262357414449
SCRT2	0.6658204334365325
SCT	0.3805419847328244
SCTR	0.5807378048780487
SCUBE1	0.6584453496266124
SCUBE2	0.7006285278413424
SCUBE3	0.755720698254364
SCXA	0.47769521410579346
SCXB	0.5019837837837838
SCYL1	0.6533991525423729
SCYL2	0.814675925925926
SCYL3	0.5614194630872483
SDAD1	0.785375
SDC1	0.4251902017291066
SDC2	0.7669712230215827
SDC3	0.6033774834437086
SDC4	0.5259855907780979
SDCBP	0.7718337595907928
SDCBP2	0.6624837209302326
SDCCAG3	0.5554151696606786
SDCCAG8	0.5852821782178218
SDE2	0.4997184325108853
SDF2	0.698465625
SDF2L1	0.5883288770053476
SDF4	0.5983962264150944
SDHA	0.6863517441860466
SDHAF1	0.5517484662576687
SDHAF2	0.03061061946902655
SDHB	0.6951436781609195
SDHC	0.7479684542586751
SDHD	0.5311412803532009
SDIM1	0.03971308016877637
SDK1	0.6077224500256279
SDK2	0.6986083891434614
SDPR	0.545924183006536
SDR16C5	0.4847017543859649
SDR39U1	0.6587064846416383
SDR42E1	0.5775853314527504
SDR42E2	0.6540630048465267
SDR9C7	0.5407613636363636
SDS	0.4766372924648787
SDSL	0.5731400329489292
SEC11A	0.6690353356890459
SEC11C	0.7973608695652173
SEC13	0.6800505747126436
SEC14L1	0.6723638996138995
SEC14L2	0.6506771978021978
SEC14L3	0.5816010037641154
SEC14L4	0.6091829105473966
SEC14L5	0.6957017383348583
SEC14L6	0.5462089743589744
SEC16A	0.4541047021943574
SEC16B	0.46988446601941747
SEC22A	0.8995317073170731
SEC22C	0.6033167495854064
SEC23A	0.7457560209424083
SEC23B	0.7677562688064192
SEC23IP	0.6995364281108962
SEC24A	0.770906847133758
SEC24B	0.633984682713348
SEC24C	0.823968949044586
SEC24D	0.6545032967032967
SEC31A	0.7163407407407407
SEC31B	0.6168970950270802
SEC61A1	0.7410376712328768
SEC61A2	0.6913626198083067
SEC61B	0.7599411764705882
SEC61G	0.8697450980392156
SEC62	0.7005031847133758
SEC63	0.8290230642504118
SECISBP2	0.5246041131105399
SECISBP2L	0.7652147838214783
SECTM1	0.09618666666666666
SEH1L	0.799401098901099
SEL1L	0.7910531697341513
SEL1L2	0.7363876889848812
SEL1L3	0.6454614189539098
SELE	0.4235249764373233
SELENBP1	0.6344179894179894
SELK	0.876039603960396
SELL	0.4411736111111111
SELM	0.6143278008298755
SELO	0.5719090909090909
SELP	0.4449805764411027
SELPLG	0.26902604166666666
SELRC1	0.747568115942029
SELT	0.8863739130434782
SELV	0.3799926470588235
SEMA3A	0.820265306122449
SEMA3C	0.7303113513513514
SEMA3D	0.751078488372093
SEMA3E	0.7150821181887951
SEMA3F	0.6805797219950941
SEMA3G	0.5462923280423281
SEMA4A	0.5705165562913908
SEMA4B	0.5545039577836411
SEMA4C	0.5922892662219527
SEMA4D	0.6112245002562788
SEMA4F	0.5741131158917419
SEMA4G	0.6153106971153846
SEMA5A	0.687536959553696
SEMA5B	0.6506628352490421
SEMA6A	0.7784627170582227
SEMA6B	0.5579057649667406
SEMA6C	0.6014435967302452
SEMA6D	0.7930757575757577
SEMA7A	0.5517940298507462
SEMG1	0.01593598233995585
SEMG2	0.02419614711033275
SENP1	0.7906267281105991
SENP2	0.6892712041884816
SENP3	0.8559985652797704
SENP5	0.6180742049469964
SENP6	0.797370778267254
SENP7	0.6176152597402598
SENP8	0.7947587412587412
SEP15	0.5864809523809524
SEPHS1	0.7692959641255606
SEPHS2	0.6084326579261026
SEPN1	0.5530135440180587
SEPP1	0.5060875
SEPSECS	0.6287079772079772
SEPT1	0.6536726677577741
SEPT10	0.6713567181926278
SEPT11	0.753922495274102
SEPT12	0.56016
SEPT14	0.7062137305699482
SEPT2	0.5630225303292894
SEPT3	0.7715465465465465
SEPT4	0.6631318124207858
SEPT5	0.6826190476190477
SEPT7	0.7719028776978417
SEPT8	0.6963543307086614
SEPT9	0.4817728355837967
SEPW1	0.71075
SERAC1	0.6999631578947368
SERBP1	0.8917168674698795
SERF1A	0.2273034055727554
SERF1B	0.23978338278931752
SERF2	0.5712450980392157
SERGEF	0.41354545454545455
SERHL2	0.5239641509433963
SERINC1	0.8241669793621014
SERINC2	0.5877304860088366
SERINC3	0.6220968152866242
SERINC4	0.621918008784773
SERINC5	0.5862626050420168
SERP1	0.6158807339449541
SERP2	0.42671653543307086
SERPINA1	0.37493827160493826
SERPINA10	0.49581368421052635
SERPINA11	0.41196172248803825
SERPINA12	0.39845778364116097
SERPINA3	0.39837784522003034
SERPINA4	0.3721062801932367
SERPINA5	0.38564505119453923
SERPINA6	0.40118359853121177
SERPINA9	0.3649540078843627
SERPINB1	0.5406184032476319
SERPINB10	0.5066993939393939
SERPINB11	0.4611279683377309
SERPINB12	0.44270919067215364
SERPINB13	0.3843864541832669
SERPINB2	0.49982133333333334
SERPINB3	0.3807507739938081
SERPINB4	0.4060502354788069
SERPINB5	0.7528928
SERPINB6	0.47334523809523815
SERPINB7	0.4882560455192034
SERPINB8	0.4656605783866058
SERPINB9	0.45356231454005935
SERPINC1	0.6005312934631433
SERPIND1	0.62718
SERPINE1	0.5960109739368998
SERPINE2	0.7191986417657046
SERPINE3	0.5777189265536723
SERPINF1	0.645446380697051
SERPINF2	0.5667583892617449
SERPING1	0.5067184185149469
SERPINH1	0.6792757281553398
SERPINI1	0.8226427145708582
SERPINI2	0.6383715083798883
SERTAD1	0.6232521008403361
SERTAD2	0.6375224274406333
SERTAD3	0.6144873737373737
SERTAD4	0.7092104247104247
SERTM1	0.7829559748427672
SESN1	0.783534843205575
SESN2	0.7184647887323944
SESN3	0.8109440154440155
SESTD1	0.8555870646766169
SET	0.5411528384279476
SETBP1	0.6606409176029963
SETD1A	0.6232628984554716
SETD1B	0.5983607263773469
SETD2	0.7007685525349008
SETD3	0.680819774718398
SETD4	0.6100300480769231
SETD5	0.7792419825072887
SETD6	0.6453740554156172
SETD7	0.5950463121783877
SETD8	0.6961835564053537
SETD9	0.6621309523809524
SETDB1	0.7158753273965427
SETDB2	0.5666256157635468
SETMAR	0.6110877192982457
SETX	0.5094910675381263
SEZ6	0.5811520155415251
SEZ6L	0.5782450288646569
SEZ6L2	0.7065226666666667
SF1	0.7705071982281285
SF3A1	0.7700022296544036
SF3A2	0.41447309136420524
SF3A3	0.841894523326572
SF3B1	0.870253534401508
SF3B14	0.8397
SF3B2	0.7650835421888053
SF3B3	0.8153609195402299
SF3B4	0.8196976320582878
SF3B5	0.8483333333333333
SFI1	0.46443590718904526
SFMBT1	0.8121878952122854
SFMBT2	0.6663388756927949
SFN	0.7407016806722689
SFPQ	0.5512109826589596
SFR1	0.367625
SFRP1	0.6550991735537189
SFRP2	0.7968808510638298
SFRP4	0.6908251028806585
SFRP5	0.6818990228013029
SFSWAP	0.6418873960332694
SFT2D1	0.7070926640926641
SFT2D2	0.6493029045643154
SFT2D3	0.5671220043572985
SFTA2	0.4185251396648044
SFTA3	0.2925512195121951
SFTPA1	0.5010500894454383
SFTPA2	0.48968324125230206
SFTPB	0.46712611464968157
SFTPC	0.47665595463138
SFTPD	0.5335144578313253
SFXN1	0.6958923357664233
SFXN2	0.6104564755838641
SFXN3	0.6836134615384615
SFXN4	0.41035047361299054
SFXN5	0.7211920199501246
SGCA	0.5559411764705883
SGCB	0.6701396396396396
SGCD	0.7453869731800766
SGCE	0.6978844339622642
SGCG	0.7787179487179487
SGCZ	0.7937102473498233
SGIP1	0.735843893480257
SGK1	0.6231384615384615
SGK2	0.6752224137931034
SGK223	0.47085090180360717
SGK494	0.6899269521410579
SGMS1	0.6426986301369862
SGMS2	0.718798493408663
SGOL1	0.3970221198156682
SGOL2	0.3156555555555556
SGPL1	0.7069945295404814
SGPP1	0.6041046511627908
SGPP2	0.604687172774869
SGSH	0.6170342465753424
SGSM1	0.689438563327032
SGSM2	0.6639541547277937
SGSM3	0.7318648947951274
SGTA	0.6572270992366412
SGTB	0.903050193050193
SH2B1	0.665006230529595
SH2B2	0.44077197563098347
SH2B3	0.5363385964912281
SH2D1B	0.5644653846153846
SH2D2A	0.4341089655172414
SH2D3A	0.5237943380516237
SH2D3C	0.5620245520902455
SH2D4A	0.5725691937424789
SH2D4B	0.6792827804107425
SH2D5	0.6815059760956175
SH2D6	0.4548886138613861
SH2D7	0.4052788461538462
SH3BGR	0.48044585987261146
SH3BGRL2	0.8348108108108109
SH3BGRL3	0.8752891566265061
SH3BP1	0.5447524557956778
SH3BP2	0.5187860151642797
SH3BP4	0.6264753984753985
SH3BP5	0.6894490740740741
SH3BP5L	0.6077017804154303
SH3D19	0.67839
SH3D21	0.35593090062111804
SH3GL1	0.6946631130063966
SH3GL2	0.7854241758241758
SH3GL3	0.677135687732342
SH3GLB1	0.8283495145631068
SH3GLB2	0.6712020033388982
SH3PXD2A	0.6064509600415153
SH3PXD2B	0.6089911983750846
SH3RF1	0.6573290949887809
SH3RF2	0.6242824773413896
SH3RF3	0.6118377381684081
SH3TC1	0.48509836065573764
SH3TC2	0.6241492125984252
SH3YL1	0.5949797822706065
SHANK1	0.6146638385691355
SHANK2	0.6093492169276907
SHANK3	0.6602059253840526
SHARPIN	0.48146055979643765
SHB	0.7852093862815884
SHBG	0.4590428211586902
SHC1	0.6034583333333333
SHC2	0.5810352467270896
SHC3	0.761985564304462
SHC4	0.6188624192059095
SHCBP1	0.6828951310861423
SHCBP1L	0.7158989247311828
SHD	0.5868040665434381
SHE	0.6676804511278195
SHF	0.5513833167825224
SHFM1	0.3774553571428571
SHH	0.5491124694376528
SHISA2	0.6941820330969267
SHISA3	0.734122077922078
SHISA4	0.6507819314641745
SHISA5	0.40276588628762544
SHISA6	0.6346400560224089
SHISA7	0.5523729257641922
SHISA8	0.5949120521172638
SHISA9	0.7437521663778163
SHKBP1	0.6759005613472333
SHMT1	0.6841412742382271
SHMT2	0.6331023359288098
SHOC2	0.9157792207792208
SHOX2	0.7611897435897436
SHPK	0.637617747440273
SHPRH	0.6551414222579349
SHQ1	0.5936115183246073
SHROOM1	0.3076536144578313
SHROOM3	0.44805426144149085
SI	0.6031275785464931
SIAE	0.5798960612691466
SIAH1	0.7975078125
SIAH2	0.8195513196480938
SIAH3	0.6718418230563002
SIDT1	0.7195310638297872
SIDT2	0.7164236176194939
SIGIRR	0.48075
SIGLEC1	0.42756113113390626
SIGLEC10	0.33343956889915316
SIGLEC11	0.1535911330049261
SIGLEC12	0.2260551876379691
SIGLEC14	0.31720000000000004
SIGLEC15	0.5257332361516035
SIGLEC5	0.3155224669603524
SIGLEC6	0.24608706786171575
SIGLEC7	0.24574632843791722
SIGLEC8	0.15431439894319685
SIGLEC9	0.2945285285285285
SIGLECL1	0.23992226148409893
SIGMAR1	0.7215419354838709
SIK1	0.644428345209818
SIK2	0.665281776416539
SIK3	0.7419581881533102
SIKE1	0.79153125
SIL1	0.6568929411764707
SIM1	0.7680064585575888
SIM2	0.620625
SIMC1	0.5501159891598916
SIN3A	0.79726671675432
SIN3B	0.6523185789167152
SIPA1	0.5608493621197252
SIPA1L1	0.7419780461031833
SIPA1L2	0.7146915167095116
SIPA1L3	0.5605925266903915
SIRPA	0.525226779252111
SIRPB1	0.3453754740834387
SIRPB2	0.32669328263624847
SIRPD	0.2655325443786982
SIRPG	0.3868945205479452
SIRT1	0.7539331243469175
SIRT2	0.6776247933884297
SIRT3	0.4482778581765557
SIRT4	0.614844277673546
SIRT5	0.599555944055944
SIRT6	0.628921768707483
SIRT7	0.727756880733945
SIT1	0.5408245192307692
SIVA1	0.4452781186094069
SIX1	0.611660621761658
SIX2	0.8045336322869955
SIX3	0.8141945701357467
SIX4	0.8442529550827422
SIX5	0.5517514990006662
SIX6	0.7865115207373272
SKA1	0.7785489749430524
SKA2	0.5380769230769231
SKA3	0.4978272506082725
SKAP1	0.5992408223201175
SKAP2	0.7275443925233646
SKI	0.6889135200974421
SKIDA1	0.8242835648148149
SKIL	0.7588039014373718
SKIV2L	0.7261387369467927
SKIV2L2	0.830626168224299
SKOR1	0.5730066735112936
SKOR2	0.6015539906103287
SKP1	0.6199925925925925
SKP2	0.7390138728323699
SLA	0.6149979296066252
SLA2	0.6173744855967078
SLAIN1	0.628484375
SLAIN2	0.8135435540069686
SLAMF1	0.4134688796680498
SLAMF6	0.22871402550091077
SLAMF7	0.3496017543859649
SLAMF8	0.5670609756097561
SLAMF9	0.34649588138385506
SLBP	0.5582989130434782
SLC10A1	0.5823744557329462
SLC10A2	0.6208855633802817
SLC10A4	0.5492492877492877
SLC10A5	0.5688516057585825
SLC10A6	0.5931994219653178
SLC10A7	0.7153391304347826
SLC11A1	0.5802720664589823
SLC11A2	0.6606846560846561
SLC12A1	0.7306540841584159
SLC12A2	0.7109194012665515
SLC12A3	0.6581873493975903
SLC12A4	0.6841715846994536
SLC12A5	0.729838062283737
SLC12A6	0.7271250676773146
SLC12A7	0.614503674392312
SLC12A8	0.5917732342007436
SLC12A9	0.654382762991128
SLC13A1	0.651219246031746
SLC13A2	0.5725857933579336
SLC13A3	0.5929250814332246
SLC13A4	0.7236889460154241
SLC13A5	0.5783311444652908
SLC14A1	0.5865045662100457
SLC14A2	0.6165755743651754
SLC15A1	0.5612610544217688
SLC15A2	0.6775493395493395
SLC15A3	0.6030177690029614
SLC15A4	0.6486870310825295
SLC15A5	0.6702437971952535
SLC16A1	0.6070701149425287
SLC16A10	0.6526507177033493
SLC16A11	0.577234106962664
SLC16A12	0.6838765133171912
SLC16A13	0.6027668639053255
SLC16A14	0.6209224629418472
SLC16A3	0.5205891141942369
SLC16A4	0.6423877551020408
SLC16A5	0.5149930348258707
SLC16A6	0.5893006465517241
SLC16A7	0.48879529170931424
SLC16A8	0.6025861581920904
SLC16A9	0.7013984168865435
SLC17A1	0.3545166130760986
SLC17A2	0.6232791380999021
SLC17A3	0.37238247422680415
SLC17A4	0.4543596914175506
SLC17A5	0.7361556962025316
SLC17A6	0.8080542168674699
SLC17A7	0.6611848739495798
SLC17A8	0.7189907727797001
SLC17A9	0.6660741721854305
SLC18A1	0.6197991543340381
SLC18A2	0.6954502046384721
SLC18A3	0.666414052697616
SLC18B1	0.6641183879093199
SLC19A1	0.35605719557195575
SLC19A2	0.6595601750547045
SLC19A3	0.43329032258064515
SLC1A1	0.6921090700344432
SLC1A2	0.7179022900763359
SLC1A3	0.6852383720930232
SLC1A4	0.6558097062579822
SLC1A5	0.5712989690721649
SLC1A6	0.6952583518930957
SLC1A7	0.6871666666666667
SLC20A1	0.660587330316742
SLC20A2	0.6888847320525784
SLC22A1	0.5547241071428571
SLC22A10	0.35357312722948875
SLC22A11	0.43770649106302917
SLC22A12	0.4599981447124304
SLC22A13	0.4464153713298791
SLC22A14	0.33085505836575874
SLC22A15	0.76772614622057
SLC22A16	0.5268141414141415
SLC22A17	0.7759631391200952
SLC22A18	0.5200022779043281
SLC22A18AS	0.08524752475247525
SLC22A2	0.591657063197026
SLC22A23	0.6167586854460093
SLC22A24	0.2941506976744186
SLC22A25	0.32794510135135135
SLC22A3	0.6177572533849129
SLC22A31	0.4181871192341166
SLC22A4	0.6367339357429719
SLC22A5	0.6188057553956834
SLC22A6	0.5581320388349514
SLC22A7	0.5024633956386293
SLC22A8	0.5523444846292948
SLC22A9	0.3672755417956656
SLC23A1	0.6372772887323944
SLC23A2	0.7394665871121718
SLC23A3	0.5632958771220695
SLC24A1	0.4041265368852459
SLC24A2	0.7243134502923977
SLC24A3	0.7443247033441208
SLC24A4	0.6810104931794334
SLC24A5	0.7574103585657371
SLC25A1	0.7102686567164179
SLC25A10	0.6389749034749034
SLC25A11	0.7931977401129943
SLC25A12	0.7896470588235294
SLC25A13	0.7509288214702451
SLC25A15	0.726730192719486
SLC25A16	0.679804780876494
SLC25A17	0.636976653696498
SLC25A18	0.6184303135888501
SLC25A19	0.5830653357531761
SLC25A2	0.7027460317460318
SLC25A20	0.7260845070422536
SLC25A21	0.8121241379310344
SLC25A21-AS1	0.004207317073170731
SLC25A22	0.6765751391465676
SLC25A23	0.4153740392826644
SLC25A24	0.6852233676975945
SLC25A25	0.7115259975816204
SLC25A26	0.6064295154185022
SLC25A27	0.6520019841269841
SLC25A28	0.770675
SLC25A29	0.5395436720142603
SLC25A3	0.7693273195876289
SLC25A30	0.7193949367088608
SLC25A31	0.7232148936170213
SLC25A32	0.7372267573696145
SLC25A33	0.7421971153846154
SLC25A34	0.6600691964285714
SLC25A35	0.6890813704496788
SLC25A36	0.8570647887323943
SLC25A37	0.7053932980599646
SLC25A38	0.6580681818181818
SLC25A39	0.5778995502248876
SLC25A4	0.7268
SLC25A40	0.7076037735849056
SLC25A41	0.4995276705276705
SLC25A42	0.6399600000000001
SLC25A44	0.7213747072599531
SLC25A45	0.5208152542372881
SLC25A46	0.7245218253968254
SLC25A47	0.5896265270506108
SLC25A48	0.5635786713286713
SLC25A51	0.6642699029126213
SLC25A52	0.7112210884353741
SLC26A1	0.5019552992069214
SLC26A10	0.6550480132450331
SLC26A11	0.5838871559633028
SLC26A2	0.6350959119496855
SLC26A3	0.6468983417447729
SLC26A4	0.7692771381578948
SLC26A5	0.7221443217665615
SLC26A6	0.5362412868632708
SLC26A7	0.7557105263157895
SLC26A8	0.4856279776989356
SLC26A9	0.6396112737920937
SLC27A1	0.5759268292682926
SLC27A2	0.5813417721518988
SLC27A3	0.46448675292667896
SLC27A4	0.6288138936535163
SLC27A5	0.45164564564564563
SLC27A6	0.6135625562556256
SLC28A1	0.5476978243352135
SLC28A2	0.6206565008025682
SLC28A3	0.6212658326817827
SLC29A1	0.5347042944785276
SLC29A2	0.6495371428571428
SLC29A3	0.583765306122449
SLC29A4	0.6566847977684798
SLC2A1	0.6252740841248304
SLC2A10	0.5673169934640523
SLC2A11	0.5249110723626852
SLC2A12	0.6236019230769231
SLC2A13	0.8044871194379392
SLC2A14	0.5251772983114447
SLC2A2	0.6320501089324618
SLC2A3	0.6138556818181818
SLC2A4	0.6361562167906483
SLC2A4RG	0.41173429084380614
SLC2A5	0.5013520710059172
SLC2A6	0.5750726315789473
SLC2A7	0.534100622406639
SLC2A8	0.6100683156654888
SLC2A9	0.5756047471620227
SLC30A1	0.6746244274809161
SLC30A10	0.5253155985489721
SLC30A2	0.6109119878603946
SLC30A3	0.5939539375928677
SLC30A4	0.7633350340136055
SLC30A5	0.8113559127439725
SLC30A6	0.6595106382978723
SLC30A7	0.7892814070351759
SLC30A8	0.6470419161676647
SLC30A9	0.7917696709585121
SLC31A1	0.3824083969465649
SLC31A2	0.47708088235294116
SLC32A1	0.8213595505617978
SLC33A1	0.7045018359853121
SLC34A1	0.6100643382352942
SLC34A2	0.5494596711041503
SLC34A3	0.5206709956709956
SLC35A1	0.8092421307506052
SLC35A3	0.7776911111111111
SLC35A4	0.6043713298791019
SLC35A5	0.7376074074074074
SLC35B1	0.7339205128205127
SLC35B2	0.7133887945670628
SLC35B3	0.5925127795527156
SLC35B4	0.7149055690072639
SLC35C1	0.6874355179704017
SLC35C2	0.6578838582677166
SLC35D1	0.757388768898488
SLC35D2	0.6528065134099617
SLC35D3	0.7199847619047619
SLC35E1	0.6816551155115512
SLC35E2	0.579874715261959
SLC35E2B	0.6315772230889236
SLC35E3	0.5753659003831417
SLC35E4	0.5415651465798046
SLC35F1	0.8463890109890111
SLC35F2	0.6487894736842106
SLC35F3	0.7614019047619047
SLC35F4	0.6492021089630932
SLC35F5	0.7697075098814229
SLC35F6	0.6537620041753653
SLC35G1	0.5979984326018809
SLC35G2	0.8428415637860082
SLC35G3	0.673621722846442
SLC35G5	0.5269691075514874
SLC35G6	0.7474229007633588
SLC36A1	0.6314420103092784
SLC36A2	0.5662063291139241
SLC36A3	0.5388406285072952
SLC36A4	0.7078594815825375
SLC37A1	0.6279488465396189
SLC37A2	0.6466491017964072
SLC37A3	0.635861650485437
SLC37A4	0.7403869653767821
SLC38A1	0.6633946078431373
SLC38A10	0.42222439585730726
SLC38A11	0.6835825958702065
SLC38A2	0.6867985507246377
SLC38A4	0.650295731707317
SLC38A6	0.5701592210767469
SLC38A7	0.5939363905325443
SLC38A8	0.5931625344352618
SLC38A9	0.6846750902527077
SLC39A1	0.5877131280388979
SLC39A10	0.7691606382978723
SLC39A11	0.44610074626865676
SLC39A12	0.6105232945091514
SLC39A13	0.7132032667876589
SLC39A14	0.5948027057497182
SLC39A2	0.5368287560581584
SLC39A3	0.5921103565365026
SLC39A4	0.4434265842349304
SLC39A5	0.6187277277277278
SLC39A6	0.7480374891020053
SLC39A7	0.733249433106576
SLC39A8	0.6570734055354994
SLC39A9	0.773386301369863
SLC3A1	0.5589105812220566
SLC3A2	0.42493141945773527
SLC40A1	0.7051132075471699
SLC41A1	0.7552616666666666
SLC41A2	0.7625219941348973
SLC41A3	0.56965
SLC43A1	0.5759183673469388
SLC43A2	0.6325343709468223
SLC43A3	0.5925508021390374
SLC44A1	0.7974354066985646
SLC44A2	0.6714749787955895
SLC44A3	0.6733017312448475
SLC44A4	0.5828762414056532
SLC44A5	0.6556876574307304
SLC45A1	0.6431983263598327
SLC45A2	0.5958685121107267
SLC45A3	0.6470335260115606
SLC45A4	0.5907377300613497
SLC46A1	0.6226563614744351
SLC46A2	0.6093514538558786
SLC46A3	0.5876104166666667
SLC47A1	0.4478137557959815
SLC47A2	0.41826144297905354
SLC48A1	0.7540710659898476
SLC4A1	0.5445897106109324
SLC4A10	0.8569943127962085
SLC4A11	0.6300901875901875
SLC4A1AP	0.5758368167202572
SLC4A2	0.6171488185017597
SLC4A3	0.6447215854823305
SLC4A4	0.7384563806777217
SLC4A5	0.6637625628140704
SLC4A7	0.7698047868362005
SLC4A8	0.5994082204577301
SLC4A9	0.6225991808074898
SLC50A1	0.6874702702702703
SLC51A	0.5424573248407644
SLC51B	0.4489391304347826
SLC52A1	0.5515283224400871
SLC52A2	0.559166253101737
SLC52A3	0.5569514435695538
SLC5A1	0.6823649706457925
SLC5A10	0.6047097097097097
SLC5A11	0.5875209030100335
SLC5A12	0.6335431754874652
SLC5A2	0.5817358490566037
SLC5A3	0.7589474216380182
SLC5A4	0.5934597902097902
SLC5A5	0.5446682926829268
SLC5A6	0.6008998054474708
SLC5A7	0.723567264573991
SLC5A8	0.6901424474187381
SLC5A9	0.5730219224283306
SLC6A1	0.7647227214377408
SLC6A11	0.7178648351648351
SLC6A12	0.6161098039215687
SLC6A13	0.6685076380728554
SLC6A15	0.74890832455216
SLC6A16	0.40851426426426424
SLC6A17	0.714553775743707
SLC6A18	0.574831385642738
SLC6A19	0.6314800724637681
SLC6A2	0.659949849548646
SLC6A20	0.6578573008849558
SLC6A3	0.6517942028985507
SLC6A4	0.6679703196347032
SLC6A5	0.6930765253360911
SLC6A6	0.680163531114327
SLC6A7	0.7137409326424871
SLC6A9	0.5955557872784151
SLC7A1	0.636551724137931
SLC7A10	0.7249693593314763
SLC7A11	0.7538057784911717
SLC7A13	0.43375171232876714
SLC7A14	0.7536583514099784
SLC7A2	0.6266596858638744
SLC7A4	0.6509806320081549
SLC7A5	0.6672050919377652
SLC7A6	0.6962877526753865
SLC7A6OS	0.5917685185185185
SLC7A7	0.6981526520051746
SLC7A8	0.6568318584070796
SLC7A9	0.6821924050632912
SLC8A1	0.7353477157360406
SLC8A2	0.5710120711562897
SLC8A3	0.7415617566331199
SLC8B1	0.5829080694586313
SLC9A1	0.6676183017312449
SLC9A2	0.6771663003663003
SLC9A3	0.613217659137577
SLC9A3R1	0.6228539325842697
SLC9A3R2	0.5013290598290598
SLC9A4	0.6128557251908398
SLC9A5	0.7223795620437956
SLC9A8	0.7843128038897893
SLC9A9	0.7577639198218262
SLC9B1	0.6069049180327869
SLC9B2	0.6081043710972346
SLC9C1	0.5958262826282628
SLC9C2	0.5749458980044345
SLCO1A2	0.6466805664830843
SLCO1B1	0.43058858858858856
SLCO1B3	0.41240691823899367
SLCO1B7	0.6241898734177215
SLCO1C1	0.6653709063214013
SLCO2A1	0.6246043643263757
SLCO2B1	0.5690046224961479
SLCO3A1	0.76273474801061
SLCO4A1	0.5664937759336099
SLCO4C1	0.588004095004095
SLCO5A1	0.688950884086444
SLCO6A1	0.38876202118989406
SLFN11	0.3543012129380054
SLFN12	0.24065866666666666
SLFN12L	0.2409650112866817
SLFN13	0.3449612992398065
SLFN14	0.4569326075686884
SLFN5	0.32763694267515925
SLFNL1	0.5296932432432433
SLIRP	0.41176811594202894
SLIT1	0.6916062628336755
SLIT2	0.7706921568627451
SLIT3	0.6886214868540345
SLITRK1	0.8344672000000001
SLITRK3	0.7305061633281972
SLITRK5	0.7356736502820306
SLITRK6	0.7633211143695016
SLK	0.6227958412098299
SLMAP	0.8833742690058479
SLMO1	0.40110775862068965
SLMO2	0.6923253731343284
SLN	0.7521132075471698
SLPI	0.4025019920318725
SLTM	0.7918943231441048
SLU7	0.8068114374034002
SLURP1	0.33632512315270935
SLX1A	0.610138783269962
SLX1B	0.6157640232108318
SLX4	0.38666137208516393
SLX4IP	0.5665183673469388
SMAD1	0.7606518218623481
SMAD2	0.7543917808219178
SMAD3	0.6099029126213593
SMAD4	0.7833464163822526
SMAD5	0.8508470363288719
SMAD6	0.6524425770308123
SMAD7	0.8757767857142857
SMAD9	0.7511728187919463
SMAGP	0.5059516129032258
SMAP1	0.6704375
SMAP2	0.7734253731343284
SMARCA2	0.7174577181208054
SMARCA4	0.663439603960396
SMARCA5	0.8298203650336214
SMARCAD1	0.8112990305741984
SMARCAL1	0.5149575185434929
SMARCB1	0.7438465608465608
SMARCC1	0.7940752972258917
SMARCC2	0.7488718104495747
SMARCD1	0.8237110266159695
SMARCD2	0.7045568181818181
SMARCD3	0.7940872865275141
SMARCE1	0.7411477045908184
SMC1B	0.6971416518650089
SMC2	0.7992184300341297
SMC3	0.8913634053367218
SMC4	0.7875453408380239
SMC5	0.7362884615384615
SMC6	0.7123946165566277
SMCHD1	0.7965143560295325
SMCO1	0.5931229357798166
SMCO2	0.36222252010723865
SMCO3	0.7852342857142857
SMCO4	0.7796756756756756
SMCP	0.20958235294117647
SMCR8	0.6302969221484611
SMDT1	0.449763779527559
SMEK1	0.9033585237258347
SMEK2	0.7909757207890744
SMG1	0.8398887982599238
SMG5	0.7208680605623649
SMG6	0.711875473741202
SMG7	0.7940160427807487
SMG8	0.7872319327731093
SMG9	0.6989522388059701
SMIM1	0.4973181818181818
SMIM11	0.36617647058823527
SMIM12	0.6578962264150943
SMIM13	0.7370518518518518
SMIM14	0.8788292682926828
SMIM15	0.8311076923076923
SMIM17	0.5890000000000001
SMIM18	0.8407894736842105
SMIM19	0.6004083769633508
SMIM2	0.36241752577319586
SMIM20	0.8239238095238095
SMIM21	0.029704347826086955
SMIM22	0.47148901098901097
SMIM3	0.5484883720930233
SMIM4	0.642348484848485
SMIM5	0.5784071856287425
SMIM6	0.440156862745098
SMIM7	0.009862745098039217
SMIM8	0.5233681592039802
SMKR1	0.6106993006993007
SMLR1	0.43802739726027395
SMN1	0.5772757352941177
SMN2	0.5858333333333333
SMNDC1	0.8820689655172413
SMO	0.7007082896117524
SMOC1	0.8001995798319327
SMOC2	0.6927163636363636
SMOX	0.7642333333333333
SMPD1	0.5608700290979631
SMPD2	0.5165802752293578
SMPD3	0.6761598676957001
SMPD4	0.6715846518987342
SMPDL3A	0.6333786816269285
SMPDL3B	0.5233804475853946
SMR3A	0.1368941176470588
SMR3B	0.11243396226415094
SMTN	0.5048472793781436
SMTNL1	0.3856659482758621
SMTNL2	0.5636144018583042
SMU1	0.8568710280373831
SMUG1	0.5074611727416799
SMURF1	0.7608552036199095
SMURF2	0.8291237113402061
SMYD1	0.7433504672897197
SMYD2	0.7397171874999999
SMYD3	0.7589030612244898
SMYD4	0.5113571869216533
SMYD5	0.7781558704453441
SNAI1	0.6426018957345971
SNAI2	0.820704433497537
SNAI3	0.5096754032258065
SNAP23	0.6723461538461538
SNAP25	0.8794000000000001
SNAP29	0.6410479616306954
SNAP47	0.5685580046403712
SNAP91	0.8045843091334894
SNAPC1	0.6630185185185186
SNAPC2	0.4111903276131045
SNAPC3	0.7386280991735538
SNAPC4	0.38973083475298126
SNAPC5	0.48127734375
SNAPIN	0.752472972972973
SNCA	0.7578279569892472
SNCAIP	0.6252823970037453
SNCB	0.7987905405405406
SNCG	0.5628815165876777
SND1	0.7696680896478122
SNED1	0.5986765741102855
SNF8	0.6640997229916897
SNIP1	0.6630302158273381
SNN	0.7368850574712643
SNPH	0.5843085846867749
SNRK	0.6838832684824903
SNRNP200	0.7695887463798097
SNRNP25	0.7604914285714286
SNRNP27	0.8551868686868687
SNRNP35	0.6524088785046729
SNRNP40	0.6181006711409396
SNRNP48	0.7173882783882785
SNRNP70	0.7511898550724638
SNRPA	0.7192604501607717
SNRPA1	0.7401718213058419
SNRPB	0.7909539007092199
SNRPB2	0.8403978873239437
SNRPC	0.7123121951219512
SNRPD1	0.876218487394958
SNRPD2	0.677010752688172
SNRPD3	0.6344624277456647
SNRPE	0.9467843137254902
SNRPF	0.3798205128205128
SNRPG	0.3924591836734694
SNRPN	0.8217051282051282
SNTA1	0.6936133486766398
SNTB1	0.732514888337469
SNTB2	0.7222916666666667
SNTG1	0.8099208103130755
SNTG2	0.7285383615084525
SNTN	0.440925
SNUPN	0.5981636060100167
SNURF	0.9175545454545454
SNW1	0.8187652859960551
SNX1	0.658279949558638
SNX10	0.6916974522292993
SNX11	0.5774758064516129
SNX13	0.7673312883435583
SNX14	0.8419927536231884
SNX15	0.6220629032258064
SNX16	0.6894633123689728
SNX17	0.8442488687782805
SNX18	0.5673843575418994
SNX19	0.5022604726100967
SNX2	0.8847275280898877
SNX20	0.5265846394984326
SNX21	0.6257440000000001
SNX22	0.5888630136986301
SNX24	0.5714
SNX25	0.771755053507729
SNX27	0.8264758909853249
SNX29	0.6530654205607476
SNX3	0.5785
SNX30	0.7741428571428571
SNX31	0.5696930184804928
SNX32	0.7144211956521739
SNX33	0.6922716593245227
SNX4	0.7661919191919192
SNX5	0.7762377049180327
SNX6	0.6943785310734464
SNX7	0.6679663742690058
SNX8	0.6705772471910113
SNX9	0.7417880710659899
SOAT1	0.6793997833152763
SOAT2	0.6299283154121864
SOBP	0.7697931404072883
SOCS1	0.7768877192982456
SOCS2	0.586534328358209
SOCS3	0.7020229885057472
SOCS4	0.7180395480225988
SOCS5	0.7016149068322981
SOCS6	0.6612516629711751
SOCS7	0.7068654503990879
SOD1	0.6221568627450981
SOD2	0.5513294930875575
SOD3	0.3571279069767442
SOGA1	0.6737273066865894
SOGA2	0.5790956365809923
SOGA3	0.645154808444097
SOHLH1	0.2892882447665056
SOHLH2	0.5073804537521814
SON	0.6532898134863702
SORBS1	0.6856887716654106
SORBS2	0.6816998683633173
SORBS3	0.4730854430379747
SORCS1	0.6993105882352941
SORCS2	0.6508666303756124
SORCS3	0.6955698808234019
SORD	0.6751827411167513
SORL1	0.6750735546651402
SORT1	0.7385943474646717
SOS1	0.8214148244473342
SOS2	0.8228866620594334
SOST	0.7207269841269841
SOSTDC1	0.7707207547169811
SOWAHA	0.43848396226415093
SOWAHB	0.4091165821868212
SOWAHC	0.46304446742502586
SOX1	0.7807124183006536
SOX10	0.7139942028985508
SOX11	0.8396782608695652
SOX12	0.5669165186500887
SOX13	0.6456930481283422
SOX14	0.8769741935483871
SOX15	0.4411719128329298
SOX17	0.46269680851063827
SOX18	0.5430401554404145
SOX2	0.892961038961039
SOX21	0.5956986607142857
SOX30	0.5808105263157896
SOX4	0.6479496855345912
SOX5	0.8142202380952381
SOX6	0.8464373464373465
SOX7	0.6946390041493776
SOX8	0.5573474770642202
SOX9	0.707398119122257
SP1	0.7403014105419451
SP100	0.3389430416911333
SP110	0.25450558213716107
SP140	0.2471917623227549
SP140L	0.2884892601431981
SP2	0.6627101293103448
SP3	0.9598506493506493
SP4	0.8731196319018405
SP5	0.6932223950233282
SP6	0.695286467486819
SP7	0.6709686274509805
SP8	0.6391593886462882
SP9	0.4283020833333333
SPA17	0.5990142180094786
SPACA1	0.6370541012216404
SPACA3	0.4655868544600939
SPACA4	0.4417569721115538
SPACA7	0.22721538461538462
SPAG1	0.5750852478839178
SPAG11A	0.23128395061728396
SPAG11B	0.3241414141414141
SPAG16	0.5438086290883786
SPAG17	0.5726827299412915
SPAG4	0.7375919117647058
SPAG5	0.5434321780059905
SPAG6	0.7854134477825465
SPAG7	0.7453527131782945
SPAG8	0.32440818268315885
SPAG9	0.7874842167957117
SPAM1	0.4005265486725664
SPARC	0.7630719696969697
SPARCL1	0.40046026750590086
SPAST	0.854507880910683
SPATA12	0.08042857142857143
SPATA13	0.5265970772442589
SPATA16	0.6776684901531729
SPATA17	0.6532100840336135
SPATA18	0.6266697247706422
SPATA19	0.5732360248447205
SPATA2	0.7404601542416452
SPATA20	0.6323670498084292
SPATA21	0.304851966075559
SPATA22	0.6080134770889488
SPATA24	0.5934262295081967
SPATA25	0.6119776785714286
SPATA2L	0.47102791262135923
SPATA3	0.45744372990353693
SPATA31A1	0.0792652818991098
SPATA31A2	0.05866773333333333
SPATA31A3	0.09450800662617338
SPATA31A4	0.059995841995842
SPATA31A5	0.07963016055045871
SPATA31A6	0.06373817239144523
SPATA31A7	0.07028099621007038
SPATA31D1	0.14108476146364057
SPATA31E1	0.057426067415730336
SPATA32	0.2885358361774744
SPATA33	0.264611620795107
SPATA4	0.5901971580817051
SPATA5	0.6591860970311368
SPATA5L1	0.635289183222958
SPATA6	0.716452302631579
SPATA6L	0.46824264705882357
SPATA7	0.41175685234305925
SPATA8	0.15748920863309354
SPATA9	0.5790187265917603
SPATC1	0.3830614525139665
SPATC1L	0.6527354085603112
SPATS1	0.4304558823529412
SPATS2	0.5201841046277665
SPATS2L	0.5574318181818182
SPC24	0.39286490683229813
SPC25	0.7255330073349633
SPCS1	0.5877687861271677
SPCS2	0.5877704918032787
SPCS3	0.9308157894736842
SPDEF	0.6351153846153846
SPDL1	0.6666310782241015
SPDYA	0.761716049382716
SPDYC	0.43114102564102563
SPDYE1	0.6860447530864198
SPDYE2	0.6537087794432548
SPDYE2B	0.6096278586278586
SPDYE3	0.8054451665312754
SPDYE4	0.36172742200328406
SPECC1	0.6425398608881755
SPECC1L	0.7266067159931702
SPECC1L-ADORA2A	0.043666666666666666
SPEF1	0.7039916666666667
SPEF2	0.57534717176959
SPEG	0.6269720578566732
SPEM1	0.38232612055641424
SPEN	0.5936760758907913
SPERT	0.5944819413092551
SPESP1	0.4128939641109298
SPG11	0.6104582323121005
SPG20	0.6922796248934356
SPG20OS	0.08377027027027027
SPG21	0.8271526946107784
SPG7	0.4989482288828338
SPHAR	0.22316666666666668
SPHK1	0.46664431137724555
SPHK2	0.4959235040098705
SPHKAP	0.5427954385964913
SPI1	0.5981573333333333
SPIB	0.651968253968254
SPIC	0.5630980810234542
SPICE1	0.655135873015873
SPIDR	0.5241520435967302
SPIN1	0.88221608040201
SPINK1	0.45029677419354835
SPINK13	0.4024824120603015
SPINK14	0.4949081632653061
SPINK2	0.4174405286343612
SPINK4	0.4232987012987013
SPINK5	0.5165146689019279
SPINK6	0.6324651162790698
SPINK7	0.62720245398773
SPINK8	0.40682242990654205
SPINK9	0.15881386861313868
SPINT1	0.5476239316239316
SPINT2	0.5317157057654075
SPINT3	0.14887499999999998
SPINT4	0.3847803738317757
SPIRE1	0.634030487804878
SPIRE2	0.5898628472222223
SPN	0.21486153846153844
SPNS1	0.6692169811320755
SPNS2	0.6126149614961496
SPNS3	0.5668623481781376
SPO11	0.7167235023041475
SPOCD1	0.3179323308270677
SPOCK1	0.7769786821705427
SPOCK2	0.6915628865979382
SPOCK3	0.7578873786407767
SPON2	0.6320933333333333
SPOP	0.7647597087378641
SPOPL	0.9317738095238096
SPP1	0.4649064748201439
SPP2	0.4336739130434783
SPPL2A	0.7376507115135834
SPPL2C	0.4927824456114029
SPPL3	0.8145337837837838
SPR	0.5525040322580644
SPRED1	0.8891951219512195
SPRED2	0.6351142857142857
SPRED3	0.5953333333333334
SPRN	0.3586656891495601
SPRR1A	0.5838469945355191
SPRR1B	0.44939285714285715
SPRR2A	0.5010454545454546
SPRR2B	0.4740324675324676
SPRR2D	0.47400571428571425
SPRR2E	0.4139030303030303
SPRR2F	0.4936909090909091
SPRR2G	0.22752941176470587
SPRR3	0.23710084033613446
SPRR4	0.49930459770114943
SPRTN	0.49776341463414636
SPRY1	0.7852441860465117
SPRY2	0.7580609418282549
SPRY4	0.6476223564954683
SPRYD3	0.723083870967742
SPRYD4	0.7163275862068966
SPRYD7	0.8689285714285714
SPSB1	0.7274375
SPSB2	0.6191819923371648
SPSB3	0.6975683168316832
SPSB4	0.5683508771929825
SPTA1	0.7774408839779005
SPTAN1	0.775066952121448
SPTB	0.5700404213620774
SPTBN1	0.7357713567839196
SPTBN2	0.5942322230096858
SPTBN4	0.5797489168110919
SPTBN5	0.4918888038765621
SPTLC1	0.7930923076923077
SPTLC2	0.7357460545193688
SPTLC3	0.6576123778501628
SPTSSA	0.7747179487179486
SPTSSB	0.7925306122448981
SPTY2D1	0.5549599332220367
SPZ1	0.102338199513382
SQLE	0.6100614583333334
SQRDL	0.7214032921810699
SQSTM1	0.5489201430274135
SRA1	0.5732558139534883
SRBD1	0.7161154132539091
SRC	0.7171448598130841
SRCAP	0.6426616391059422
SRCIN1	0.7424204028589994
SRCRB4D	0.5969723282442748
SRD5A1	0.4867153419593345
SRD5A3	0.6332912621359224
SREBF1	0.5425020080321286
SREBF2	0.6376851540616246
SREK1	0.8350267983074753
SREK1IP1	0.9039119496855347
SRF	0.829878
SRFBP1	0.49172455089820355
SRGAP1	0.7627226827430295
SRGAP2	0.7814024390243902
SRGAP3	0.7699578207381371
SRGN	0.4271751412429379
SRI	0.7613387096774193
SRL	0.49505051546391754
SRM	0.6278683651804671
SRMS	0.6035038588754135
SRP14	0.58918779342723
SRP19	0.8065546218487395
SRP54	0.8821086142322098
SRP68	0.7156085319949812
SRP72	0.8420848153214774
SRP9	0.3632191011235955
SRPK1	0.6377446808510638
SRPK2	0.6837846994535519
SRPR	0.7659917808219178
SRPRB	0.7184317073170732
SRR	0.7835111561866126
SRRD	0.4661004862236629
SRRM1	0.8093221110100092
SRRM2	0.6245131870001702
SRRM3	0.6938198121263877
SRRM4	0.724156762295082
SRRM5	0.23207607699358387
SRRT	0.7488338509316771
SRSF1	0.8697214285714285
SRSF10	0.9019621212121212
SRSF11	0.8031902356902356
SRSF12	0.9204545454545454
SRSF2	0.7304964788732394
SRSF3	0.8591420454545454
SRSF4	0.7477794943820224
SRSF5	0.828027027027027
SRSF6	0.8256607142857143
SRSF7	0.750630303030303
SRSF8	0.6164610778443114
SRSF9	0.8308745874587459
SRXN1	0.5972644230769231
SS18	0.5073572744014733
SS18L1	0.6458181818181818
SS18L2	0.7465132743362831
SSB	0.7500286975717438
SSBP1	0.764955223880597
SSBP2	0.7901612903225806
SSBP3	0.8531649831649831
SSBP3-AS1	0.006280898876404495
SSBP4	0.583865786578658
SSC5D	0.29883806697753285
SSFA2	0.6383561573837506
SSH1	0.5303775342465753
SSH2	0.5696120950323974
SSH3	0.5455858823529411
SSMEM1	0.5286988416988416
SSNA1	0.7429714285714286
SSPN	0.6261547277936963
SSR1	0.7171007556675063
SSR2	0.6076643835616438
SSR3	0.774722543352601
SSRP1	0.7421798742138365
SSSCA1	0.68850625
SST	0.8277904761904763
SSTR1	0.7822374100719424
SSTR2	0.6432654320987654
SSTR3	0.5906046511627907
SSTR4	0.5428583450210378
SSTR5	0.5691264
SSU72	0.6176374501992031
SSUH2	0.4684947643979057
SSX2IP	0.6795717592592593
ST13	0.8437055837563452
ST14	0.5436526867627786
ST18	0.6976273932253314
ST20	0.3910703125
ST20-MTHFS	0.052351351351351355
ST3GAL1	0.5952672413793103
ST3GAL2	0.7502193211488251
ST3GAL3	0.5336516853932584
ST3GAL4	0.6769248366013072
ST3GAL5	0.4921692307692308
ST3GAL6	0.5886545240893067
ST5	0.645251213592233
ST6GAL1	0.6062562091503269
ST6GAL2	0.5827482993197279
ST6GALNAC1	0.4070804077010193
ST6GALNAC2	0.47902240896358544
ST6GALNAC3	0.7846930693069307
ST6GALNAC4	0.5997983870967742
ST6GALNAC5	0.733392523364486
ST6GALNAC6	0.6522532110091743
ST7	0.8230098039215686
ST7-OT4	0.05342105263157895
ST7L	0.7002391653290531
ST8SIA1	0.5838945518453427
ST8SIA2	0.7790972222222223
ST8SIA3	0.7521774193548387
ST8SIA4	0.8256431095406361
ST8SIA5	0.7280104986876641
ST8SIA6	0.6273537675606642
STAB1	0.5495388187221397
STAB2	0.5925096078431372
STAC	0.7974359464627152
STAC2	0.7472725752508361
STAC3	0.8363939393939394
STAG1	0.8391817215727948
STAG3	0.5774405737704917
STAM	0.7832259036144579
STAM2	0.8115646606914212
STAMBP	0.7351432835820896
STAMBPL1	0.6505806451612903
STAP1	0.6820772357723577
STAP2	0.5073607990012484
STAR	0.6702415966386556
STARD10	0.532828173374613
STARD13	0.6356668452062132
STARD3	0.7071328467153285
STARD3NL	0.778077922077922
STARD4	0.6697774725274726
STARD5	0.5785986984815618
STARD6	0.6261749460043197
STARD7	0.6890661896243291
STARD9	0.3538660319163202
STAT1	0.7251462585034014
STAT2	0.5211597139451728
STAT3	0.7690066844919786
STAT4	0.777758937691522
STAT5A	0.6770443159922929
STAT5B	0.7494961734693878
STAT6	0.6510548025928108
STATH	0.2758815789473684
STAU1	0.7648282442748091
STAU2	0.7464787430683919
STC1	0.7408490566037736
STC2	0.7142957746478874
STEAP1	0.6114951724137931
STEAP1B	0.5307081260364842
STEAP2	0.7993464730290457
STEAP3	0.5803588888888889
STEAP4	0.6345567765567766
STH	0.008292857142857143
STIL	0.6045534269902086
STIM1	0.7701825876662637
STIM2	0.6356625954198473
STIP1	0.7056496163682864
STK10	0.6154879441624366
STK11	0.5858756476683937
STK11IP	0.5622018527547538
STK16	0.711427927927928
STK17A	0.6429282442748091
STK17B	0.7792764378478664
STK19	0.5774877622377622
STK24	0.6938980716253443
STK25	0.6695228519195612
STK3	0.6718875432525951
STK31	0.7104170013386881
STK32A	0.7415223140495868
STK32B	0.67179970544919
STK32C	0.5077058823529412
STK33	0.5783357228195938
STK35	0.6823404522613066
STK36	0.6432212732919255
STK38	0.858392523364486
STK38L	0.7472696245733788
STK39	0.8359389312977099
STK4	0.7827706422018349
STK40	0.6659370786516854
STMN1	0.5868583333333334
STMN2	0.6654871794871795
STMN3	0.8070786516853933
STMN4	0.643562091503268
STMND1	0.40328487229862475
STOM	0.6864396984924622
STOML1	0.689937984496124
STOML2	0.7301732776617954
STOML3	0.6748612716763005
STON1	0.6452671629445823
STON1-GTF2A1L	0.5108782894736842
STON2	0.6670809906291835
STOX1	0.44682910321489
STOX2	0.748154356846473
STPG1	0.5558412921348315
STPG2	0.5310011337868481
STRA13	0.384552380952381
STRA6	0.5255121786197564
STRA8	0.5211653418124006
STRADA	0.7668523622047244
STRADB	0.7291625239005736
STRAP	0.847788961038961
STRBP	0.7989802158273381
STRC	0.7362850496277915
STRIP1	0.7257827272727273
STRIP2	0.761919881305638
STRN	0.8421051314142678
STRN3	0.8453318872017354
STRN4	0.6760498417721519
STT3A	0.8110610079575596
STT3B	0.8725507246376811
STUB1	0.7494537313432836
STX10	0.6439227871939737
STX11	0.6955073170731708
STX12	0.734860119047619
STX16	0.7546036269430052
STX16-NPEPL1	0.06080740740740741
STX17	0.7450225806451612
STX18	0.7020824949698189
STX19	0.7101875
STX1A	0.6078053097345133
STX1B	0.7587333333333334
STX2	0.7185444839857651
STX3	0.751875
STX4	0.6343415765069551
STX5	0.7170223713646533
STX6	0.7538364312267658
STX7	0.8217906976744187
STX8	0.814460606060606
STXBP1	0.7871897106109325
STXBP2	0.6065
STXBP3	0.8624106628242075
STXBP4	0.6985631808278867
STXBP5	0.8125959004392387
STXBP5L	0.8545242369838421
STXBP6	0.7068768472906405
STYK1	0.635728337236534
STYX	0.9012131147540983
STYXL1	0.5553803986710963
SUB1	0.627061224489796
SUCLA2	0.8395115681233933
SUCLG1	0.6976900452488688
SUCLG2	0.6431129296235679
SUCNR1	0.5302737520128825
SUCO	0.621409656545545
SUDS3	0.8467
SUFU	0.7992
SUGP1	0.6352977412731006
SUGP2	0.5276131386861314
SUGT1	0.6697112299465241
SULF1	0.722196623634558
SULF2	0.7259894921190894
SULT1A1	0.5250156494522692
SULT1A2	0.4583043478260869
SULT1A3	0.46451730103806227
SULT1A4	0.4476290598290598
SULT1B1	0.5161710526315789
SULT1C2	0.4300925110132159
SULT1C3	0.4672974079126876
SULT1C4	0.5005921875
SULT1E1	0.5189120135363791
SULT2A1	0.4109504132231405
SULT2B1	0.500090909090909
SULT4A1	0.8187265306122449
SULT6B1	0.7242946428571428
SUMF1	0.5229112081513828
SUMF2	0.5815079928952043
SUMO1	0.20455725190839696
SUMO2	0.98044
SUMO3	0.3299774011299435
SUMO4	0.8502386363636364
SUN1	0.4944661417322834
SUN2	0.5575003142677561
SUN3	0.5097503201024328
SUN5	0.5971314432989691
SUOX	0.653135991820041
SUPT16H	0.7705450145208131
SUPT20H	0.8852051282051283
SUPT3H	0.7195384615384616
SUPT4H1	0.7175126050420169
SUPT5H	0.7630983884648007
SUPT6H	0.8415427077280652
SUPT7L	0.7701108949416342
SUPV3L1	0.7024634806131651
SURF1	0.5824785046728972
SURF2	0.4883752808988764
SURF4	0.7315321428571429
SURF6	0.5219967948717948
SUSD1	0.5371104020421187
SUSD2	0.5122244640605297
SUSD3	0.40528626692456476
SUSD4	0.595054587688734
SUSD5	0.5007238095238096
SUV39H2	0.8827636363636364
SUV420H1	0.6342044117647059
SUV420H2	0.5677661097852029
SUZ12	0.8893316326530613
SV2A	0.6673004405286344
SV2B	0.7581990147783251
SV2C	0.7363883883883884
SVEP1	0.6749395961369622
SVIL	0.5956070753443153
SVIP	0.7572535211267606
SVOP	0.778
SVOPL	0.660920716112532
SWAP70	0.7244142091152815
SWI5	0.4080221729490022
SWSAP1	0.44981856540084386
SWT1	0.5640650602409638
SYBU	0.6008930817610063
SYCE1	0.5542168021680217
SYCE1L	0.48893478260869566
SYCE2	0.5146336633663366
SYCE3	0.8101478260869566
SYCN	0.5096446886446887
SYCP1	0.7143324742268041
SYCP2	0.5140774907749077
SYCP2L	0.4236233850129199
SYCP3	0.6908607954545455
SYDE1	0.5068077474892396
SYDE2	0.560077915099409
SYF2	0.7633366013071895
SYK	0.6559528985507247
SYMPK	0.7137361445783132
SYN3	0.7249623376623376
SYNC	0.5911013874066168
SYNCRIP	0.9324333333333333
SYNDIG1	0.6833520408163266
SYNDIG1L	0.7185894428152493
SYNE1	0.7006583867701655
SYNE2	0.562058201058201
SYNE3	0.5595816753926701
SYNE4	0.5031162011173185
SYNGAP1	0.750350029120559
SYNGR1	0.6169763313609468
SYNGR2	0.5220719101123595
SYNGR3	0.5785939524838013
SYNGR4	0.5179762845849802
SYNJ1	0.6963973684210527
SYNJ2	0.6385496117342536
SYNJ2BP	0.7578026905829597
SYNM	0.46247252289758534
SYNPO	0.48325838621940165
SYNPO2	0.5613091684434968
SYNPO2L	0.6286769647696477
SYNPR	0.674246887966805
SYNRG	0.6807774067890929
SYPL1	0.5921568181818181
SYPL2	0.7065841121495328
SYS1	0.8779928571428571
SYS1-DBNDD2	0.1496779661016949
SYT1	0.8039501312335958
SYT10	0.7609228571428571
SYT11	0.6987775628626692
SYT12	0.728589605734767
SYT13	0.6961435257410297
SYT14	0.7044385964912281
SYT15	0.5019188311688312
SYT16	0.5999502032520325
SYT17	0.6553276515151515
SYT2	0.7116311300639658
SYT3	0.6678992606284658
SYT4	0.8466563192904656
SYT5	0.6105698166431593
SYT6	0.6973882896764253
SYT7	0.8003206278026905
SYT8	0.3388570019723866
SYT9	0.7620920138888888
SYTL1	0.511459165154265
SYTL2	0.37723845089903185
SYTL3	0.5994249547920434
SYVN1	0.678719806763285
SZRD1	0.519983164983165
SZT2	0.7067053092066018
T	0.6739882179675993
TAAR1	0.519722143864598
TAAR2	0.44076470588235295
TAAR5	0.3585035765379113
TAAR6	0.3499666666666667
TAAR8	0.3430924528301887
TAAR9	0.38057916666666664
TAB1	0.6616728395061728
TAB2	0.8502731182795699
TAC1	0.865504
TAC3	0.39733431085043985
TAC4	0.2568233082706767
TACC1	0.5426753705010586
TACC2	0.3467756379393356
TACC3	0.4038932119205298
TACO1	0.5761955193482688
TACR1	0.6977056603773585
TACR2	0.5195259026687598
TACR3	0.6523779069767442
TACSTD2	0.5714851138353765
TADA1	0.775695931477516
TADA2A	0.8706189320388349
TADA2B	0.7530817120622568
TADA3	0.8117594936708861
TAF10	0.6897244582043344
TAF11	0.681646884272997
TAF12	0.8822064516129031
TAF13	0.8837169811320755
TAF15	0.6393882618510158
TAF1A	0.6462598039215686
TAF1B	0.6549745685740236
TAF1C	0.4482882175226586
TAF1D	0.47506793048973145
TAF1L	0.855732044198895
TAF2	0.7635277577505407
TAF3	0.6617664383561643
TAF4	0.6626171617161716
TAF4B	0.5766945525291829
TAF5	0.8413055916775032
TAF5L	0.7346648426812585
TAF6	0.7432204472843451
TAF6L	0.7050994923857868
TAF7	0.8631209068010075
TAF8	0.5695099601593626
TAF9	0.8183986135181975
TAGAP	0.4982139705882353
TAGLN	0.6986740088105726
TAGLN2	0.5590535211267605
TAGLN3	0.8074309623430962
TAL1	0.7767493796526054
TAL2	0.6419638554216868
TALDO1	0.6560223123732252
TAMM41	0.5405328083989501
TANC1	0.63589213328753
TANC2	0.7789978503869304
TANGO2	0.6179783889980354
TANGO6	0.643243839835729
TANK	0.6530760517799352
TAOK1	0.909873417721519
TAOK2	0.7143745988078862
TAOK3	0.8424804964539007
TAP1	0.5118652202498356
TAP2	0.45722252747252745
TAPBP	0.5003235031277926
TAPBPL	0.46412125748502997
TAPT1	0.7156915422885572
TARBP1	0.5969880834160873
TARBP2	0.6628212765957447
TARDBP	0.644908592321755
TARM1	0.22424425887265134
TARS	0.6979864498644986
TARS2	0.5900383141762452
TARSL2	0.6662481203007519
TAS1R1	0.4858968014484007
TAS1R2	0.4642637644046094
TAS1R3	0.4476704980842912
TAS2R1	0.3136835748792271
TAS2R10	0.21037534246575343
TAS2R13	0.17703911980440099
TAS2R14	0.19145923913043478
TAS2R16	0.2632145748987854
TAS2R19	0.11777257525083612
TAS2R20	0.23068027210884354
TAS2R3	0.3114392523364486
TAS2R30	0.2714348739495798
TAS2R31	0.11833510638297873
TAS2R38	0.26183591331269346
TAS2R39	0.33090958408679927
TAS2R4	0.30532457786116324
TAS2R40	0.3159090909090909
TAS2R41	0.2557702205882353
TAS2R42	0.2570201207243461
TAS2R43	0.19788314606741572
TAS2R46	0.1529891304347826
TAS2R5	0.2506760299625468
TAS2R50	0.17376410256410257
TAS2R60	0.15854805725971371
TAS2R7	0.25111001642036124
TAS2R8	0.15425072886297375
TAS2R9	0.12828787878787878
TASP1	0.8733159420289854
TAT	0.7713764135702746
TATDN1	0.6320967032967033
TATDN2	0.4826279887482419
TATDN3	0.6707952069716775
TAX1BP1	0.7618450704225352
TAX1BP3	0.853141791044776
TBATA	0.4585697050938338
TBC1D1	0.6422347641759406
TBC1D10A	0.5645101214574899
TBC1D10B	0.5682055476529161
TBC1D10C	0.6255043352601156
TBC1D12	0.6447687861271676
TBC1D13	0.7580646900269542
TBC1D14	0.6193937621832359
TBC1D15	0.7051888020833333
TBC1D16	0.6276587452471483
TBC1D17	0.6082079722703639
TBC1D19	0.8647763157894738
TBC1D2	0.5833770491803278
TBC1D20	0.7034406196213425
TBC1D21	0.761213358070501
TBC1D22A	0.6299863523573201
TBC1D22B	0.7775796847635726
TBC1D23	0.8478582554517134
TBC1D24	0.6688423475258919
TBC1D26	0.4648659217877095
TBC1D28	0.3388245283018868
TBC1D29	0.4372788203753351
TBC1D2B	0.6135302297460701
TBC1D3	0.39058322496749026
TBC1D30	0.6546545064377682
TBC1D31	0.6783705555555556
TBC1D32	0.7428104312938817
TBC1D3B	0.3908697234352256
TBC1D3C	0.38463600628930816
TBC1D3F	0.43740262582056894
TBC1D3G	0.43735346215780996
TBC1D3H	0.4396384943181818
TBC1D4	0.7137822028624766
TBC1D5	0.7407535287730728
TBC1D7	0.6060216962524655
TBC1D8	0.6867829162132754
TBC1D9	0.7323910139647845
TBC1D9B	0.6663551348250144
TBCA	0.38001393728222993
TBCB	0.597603813559322
TBCC	0.6079741379310345
TBCCD1	0.7163479729729729
TBCD	0.5756903114186852
TBCE	0.652464854732896
TBCEL	0.8203535564853557
TBCK	0.7634373284537969
TBK1	0.8725038759689923
TBKBP1	0.6789254526091586
TBL1XR1	0.8662788944723618
TBL2	0.580075
TBL3	0.6395135531135532
TBP	0.7749834123222749
TBPL1	0.9243614457831325
TBPL2	0.581854748603352
TBR1	0.8794798099762471
TBRG1	0.6726247544204322
TBRG4	0.5372180327868852
TBX1	0.5732455555555556
TBX10	0.46286550632911394
TBX15	0.7861083333333334
TBX18	0.6677977991746905
TBX19	0.6192462871287129
TBX2	0.724759697256386
TBX20	0.7870366379310345
TBX21	0.5192293165467626
TBX3	0.7509644839067703
TBX4	0.6995266666666666
TBX5	0.7255476575121163
TBX6	0.6025631929046562
TBXA2R	0.4060978120978121
TBXAS1	0.5578125594671741
TC2N	0.7369446870451237
TCAIM	0.6503007945516458
TCAP	0.6778156862745097
TCEA1	0.7618627450980392
TCEA2	0.6064485981308411
TCEA3	0.7246166281755196
TCEANC2	0.7345891238670695
TCEB1	0.6998028169014084
TCEB2	0.692732057416268
TCEB3	0.615994350282486
TCEB3B	0.21471022290545735
TCEB3C	0.2339328165374677
TCEB3CL	0.31634596211365906
TCEB3CL2	0.3537416829745597
TCERG1	0.8290415879017013
TCERG1L	0.5697463295269168
TCF12	0.8721113445378151
TCF15	0.7373965517241379
TCF19	0.5772766917293233
TCF20	0.7526608344549125
TCF21	0.8740135135135134
TCF23	0.4879928741092636
TCF24	0.5040685483870968
TCF25	0.5436788321167884
TCF3	0.605707062600321
TCF4	0.5591402497598463
TCF7	0.6437576177285319
TCF7L1	0.7205477272727273
TCF7L2	0.8140422222222222
TCFL5	0.5124061674008811
TCHH	0.14323727185398655
TCHHL1	0.1583335463258786
TCHP	0.6392270147559591
TCIRG1	0.5611015193370166
TCL1A	0.3327056603773585
TCL1B	0.11363125
TCN1	0.43731219512195124
TCN2	0.5105311111111112
TCOF1	0.37544223885453953
TCP1	0.8030129496402878
TCP10	0.15040425531914894
TCP10L	0.16254849498327759
TCP10L2	0.15365994962216625
TCP11	0.4832997393570808
TCP11L1	0.5434669379450661
TCP11L2	0.6825536723163841
TCTA	0.8275
TCTE1	0.5682893157262905
TCTE3	0.681342105263158
TCTEX1D1	0.602
TCTEX1D2	0.3050875
TCTEX1D4	0.44714473684210526
TCTN1	0.47374095513748193
TCTN2	0.47967179487179484
TCTN3	0.5242980849292257
TDG	0.6621669316375198
TDGF1	0.47361772853185596
TDO2	0.7475526802218114
TDP1	0.6171746680286005
TDP2	0.5800520134228189
TDRD1	0.5947509611277232
TDRD10	0.2757450980392157
TDRD12	0.6031784467713787
TDRD15	0.5010471773124835
TDRD3	0.7831055099648301
TDRD5	0.6215038719669592
TDRD6	0.4905170842824601
TDRD7	0.6521058434399118
TDRD9	0.5872537993920973
TDRKH	0.6537099156118144
TDRP	0.4990299251870324
TEAD1	0.8340498338870432
TEAD2	0.7383788732394366
TEAD3	0.7767931034482759
TEAD4	0.6771752921535893
TEC	0.759707622298066
TECPR1	0.6348699885452462
TECPR2	0.5909670122525919
TECR	0.6829178082191781
TECRL	0.7242705667276051
TECTA	0.7177398151318042
TECTB	0.7669110169491526
TEDDM1	0.38205245346869715
TEF	0.7520433604336044
TEFM	0.553081855388813
TEK	0.7696063199473338
TEKT1	0.6428322056833559
TEKT2	0.6634980988593155
TEKT3	0.7192890625
TEKT4	0.49330817610062894
TEKT5	0.6547710557532621
TELO2	0.5497854849068722
TEN1	0.5469375
TENC1	0.5519461756373938
TENM2	0.7519477876106195
TENM3	0.7685039950829748
TENM4	0.7572535076530612
TEP1	0.5681997670355271
TEPP	0.5005774410774411
TERF1	0.5075286103542235
TERF2	0.6317479423868313
TERF2IP	0.5168266384778013
TERT	0.47109763033175356
TES	0.7536806883365201
TESC	0.7452359550561798
TESK1	0.6643661305581835
TESK2	0.6921668639053254
TESPA1	0.4827063356164384
TET1	0.45932932515337427
TET2	0.5635461215932914
TET3	0.6119332574895714
TEX10	0.8446195286195287
TEX101	0.3217796257796258
TEX12	0.8060526315789474
TEX14	0.5130557065217392
TEX15	0.32857479022254654
TEX19	0.3039081967213115
TEX2	0.698028885832187
TEX22	0.37964705882352945
TEX26	0.44535714285714284
TEX261	0.976125
TEX264	0.6667788235294116
TEX29	0.33145762711864407
TEX30	0.8879266055045872
TEX33	0.4500954773869347
TEX35	0.36163734567901235
TEX36	0.3932008547008547
TEX37	0.4629289473684211
TEX38	0.3947063758389262
TEX40	0.3743448275862069
TEX9	0.6525900826446281
TF	0.4930291798107255
TFAM	0.5548346938775509
TFAP2A	0.6167418546365915
TFAP2B	0.8208161559888579
TFAP2C	0.6636789340101523
TFAP2D	0.868872427983539
TFAP2E	0.7721877667140824
TFAP4	0.7254810126582278
TFB1M	0.6590216998191682
TFB2M	0.4737604166666667
TFCP2	0.7755492577597841
TFCP2L1	0.7455993690851734
TFDP1	0.7265547309833024
TFDP2	0.5986038647342995
TFEB	0.7231780575539568
TFEC	0.6755115562403697
TFF1	0.3465684931506849
TFF2	0.41684328358208955
TFF3	0.45954502369668243
TFG	0.8578943488943489
TFIP11	0.7009792418772562
TFPI	0.4096910828025478
TFPI2	0.4467912844036697
TFPT	0.7647055084745762
TFR2	0.6087351387054161
TFRC	0.5713901179941002
TG	0.5284157746478872
TGDS	0.8313927576601671
TGFA	0.6547835051546392
TGFB1	0.6456534246575343
TGFB1I1	0.6732287769784173
TGFB2	0.811543062200957
TGFB3	0.7890788804071247
TGFBI	0.6970662431941924
TGFBR1	0.7414131578947369
TGFBR2	0.6423610478359909
TGFBR3	0.649885753613214
TGFBR3L	0.4202168674698795
TGFBRAP1	0.698340746624305
TGIF1	0.4372192393736018
TGIF2	0.5712992125984252
TGIF2-C20orf24	0.8749733333333334
TGM1	0.5914278758368837
TGM2	0.5859011164274323
TGM3	0.5090659937888199
TGM4	0.32190045941807044
TGM5	0.5098686030428768
TGM6	0.5126623563218391
TGM7	0.5090261527873365
TGOLN2	0.20705092592592592
TGS1	0.5768719889883
TH	0.6308766519823789
THADA	0.6206733388935224
THAP1	0.7870833333333334
THAP10	0.37835510887772195
THAP11	0.6300878048780488
THAP2	0.6516385135135134
THAP3	0.38370860927152317
THAP4	0.6287415349887134
THAP5	0.6280268656716418
THAP6	0.5439689737470167
THAP7	0.5997223880597016
THAP8	0.38241209829867673
THAP9	0.6002934609250399
THBD	0.4035444874274661
THBS1	0.7576521739130434
THBS2	0.6858978930307942
THBS3	0.703818441744103
THBS4	0.6689235941320293
THEG	0.41253349573690623
THEGL	0.3975771495877503
THEM4	0.4690871287128713
THEM5	0.5717268041237114
THEM6	0.7046501377410469
THEMIS	0.5890948434622467
THEMIS2	0.45617489270386263
THG1L	0.7410463215258856
THNSL1	0.7297239583333334
THNSL2	0.6054701240135287
THOC1	0.8845415896487985
THOC3	0.4632628676470588
THOC5	0.7028710382513661
THOC6	0.7423249097472924
THOC7	0.8172186234817814
THOP1	0.5356008695652175
THPO	0.5432631578947368
THRA	0.7148913043478261
THRAP3	0.8084675615212528
THRB	0.790372340425532
THRSP	0.5299298245614035
THSD1	0.5799518542615485
THSD4	0.6325015142337977
THSD7A	0.6861357615894039
THSD7B	0.6321670923020796
THTPA	0.5406414686825054
THUMPD1	0.5590814814814815
THUMPD2	0.5326737064413939
THUMPD3	0.6369141104294479
THY1	0.5949886685552408
THYN1	0.6580330330330331
TIA1	0.8160914893617021
TIAF1	0.3801416309012875
TIAL1	0.8784054054054055
TIAM1	0.7308310049571879
TIAM2	0.6071214736143379
TICAM1	0.3328088360237893
TICAM2	0.5677717206132878
TICRR	0.4833554344535271
TIE1	0.692693866066404
TIFA	0.5595894736842105
TIFAB	0.47949051490514905
TIGD1	0.7139880803011293
TIGD2	0.744083844580777
TIGD3	0.5548914027149321
TIGD4	0.7008163030998851
TIGD5	0.5677297056199822
TIGD6	0.5421056
TIGD7	0.6587534843205575
TIGIT	0.4515271739130435
TIMD4	0.27979186228482006
TIMELESS	0.6594142194744976
TIMM10	0.8267333333333333
TIMM10B	0.6791666666666666
TIMM13	0.7258761061946902
TIMM17A	0.8182878787878788
TIMM21	0.5308820754716981
TIMM22	0.7055781818181818
TIMM23	0.7856234817813765
TIMM23B	0.5753843137254903
TIMM44	0.6645430107526882
TIMM50	0.5903319502074689
TIMM8B	0.7824555555555557
TIMM9	0.9304807692307692
TIMMDC1	0.5773370370370371
TIMP2	0.7078506493506493
TIMP3	0.8608722222222221
TIMP4	0.7279360465116279
TINAG	0.6659962406015038
TINAGL1	0.5819968186638388
TINF2	0.5241494483450351
TIPARP	0.7897807351077313
TIPIN	0.5042161100196464
TIPRL	0.8056949152542373
TIRAP	0.4981560975609756
TJAP1	0.6121365313653137
TJP1	0.7237880077369439
TJP2	0.6929248166259169
TJP3	0.543368059530624
TK1	0.6193672316384181
TK2	0.4550702479338843
TKT	0.7195862470862471
TKTL2	0.6391106454316848
TLCD1	0.6945776699029126
TLCD2	0.5240217391304347
TLDC1	0.5137695749440716
TLDC2	0.6834987212276215
TLE1	0.7691671122994652
TLE2	0.5890693374422188
TLE3	0.6436927426955702
TLE4	0.667657091561939
TLE6	0.41901469045120676
TLK1	0.7914928229665071
TLK2	0.6896223628691982
TLL1	0.7540754573170732
TLL2	0.6677318573185732
TLN1	0.7467175484244002
TLN2	0.7441462378640777
TLR1	0.4462322706571243
TLR10	0.3798540192926045
TLR2	0.44237706043956043
TLR3	0.5763209249858996
TLR4	0.5128833131801692
TLR5	0.48220795107033637
TLR6	0.4534812460267006
TLR9	0.43471553398058255
TLX1	0.7194008438818565
TLX1NB	0.17715420560747663
TLX2	0.6029735234215886
TLX3	0.7348735362997658
TM2D1	0.45459310344827586
TM2D2	0.6673341902313625
TM2D3	0.5708369351669941
TM4SF1	0.5601740196078431
TM4SF18	0.69841642228739
TM4SF19	0.47357236842105266
TM4SF20	0.48496682464454977
TM4SF4	0.6507592067988668
TM4SF5	0.5917067039106145
TM6SF1	0.7664803571428571
TM6SF2	0.5754609271523179
TM7SF2	0.6212793148880105
TM7SF3	0.6028817777777777
TM9SF1	0.7472592592592592
TM9SF2	0.7692356389214537
TM9SF3	0.8887424749163879
TM9SF4	0.7586401179941002
TMA16	0.5660487804878048
TMA7	0.8902394366197183
TMBIM1	0.6750408560311284
TMBIM4	0.5520485829959514
TMBIM6	0.6757560321715818
TMC1	0.7481055226824457
TMC2	0.6081312184571016
TMC3	0.6073800904977376
TMC4	0.5619505988023952
TMC5	0.4473555555555555
TMC6	0.545155303030303
TMC7	0.6180349761526232
TMC8	0.5308996015936255
TMCC1	0.8060535714285714
TMCC2	0.6862782969885773
TMCC3	0.7132527777777778
TMCO1	0.6073505535055351
TMCO2	0.6038538681948424
TMCO3	0.7270686735653811
TMCO4	0.5785822532402791
TMCO5A	0.6595173913043478
TMCO6	0.6867772877618523
TMED1	0.5505800415800416
TMED10	0.703
TMED2	0.8613581081081081
TMED3	0.5417955555555556
TMED4	0.6158188405797101
TMED5	0.5768277945619336
TMED6	0.6486842105263159
TMED7	0.8332666666666666
TMED8	0.6307229357798164
TMED9	0.6731944444444444
TMEFF1	0.9103516483516484
TMEFF2	0.7794302670623146
TMEM100	0.6261909090909091
TMEM101	0.7377730061349693
TMEM102	0.5674262788365095
TMEM104	0.5959683794466403
TMEM105	0.18168823529411765
TMEM106A	0.5652125813449024
TMEM106B	0.6317592592592592
TMEM106C	0.6038698979591837
TMEM107	0.684417004048583
TMEM108	0.4619553128103277
TMEM109	0.5335375494071147
TMEM11	0.780725
TMEM110	0.44150467289719625
TMEM110-MUSTN1	0.7719536679536679
TMEM114	0.6958724489795918
TMEM115	0.7038136363636364
TMEM116	0.6238586789554531
TMEM117	0.8809375
TMEM119	0.3898223552894211
TMEM120A	0.7034683544303798
TMEM120B	0.6996543689320388
TMEM121	0.722441975308642
TMEM123	0.34698028169014083
TMEM125	0.5632233766233766
TMEM126A	0.6640286458333333
TMEM126B	0.5205245283018868
TMEM127	0.8026211453744493
TMEM128	0.5452229102167183
TMEM129	0.6525664451827243
TMEM130	0.6181620689655173
TMEM131	0.7911007647323437
TMEM132A	0.523423627134287
TMEM132B	0.6293472599023331
TMEM132C	0.5852442899702085
TMEM132D	0.539712954333644
TMEM132E	0.6890830965909092
TMEM133	0.04955102040816327
TMEM134	0.585160824742268
TMEM135	0.545358189081225
TMEM136	0.6825093457943925
TMEM138	0.7270464135021097
TMEM139	0.3614650112866817
TMEM140	0.42152906976744187
TMEM141	0.5335144032921811
TMEM143	0.6148555176336746
TMEM144	0.6982030651340996
TMEM145	0.5996617250673855
TMEM147	0.8395844155844155
TMEM14A	0.7703192771084337
TMEM14B	0.49370408163265306
TMEM14C	0.7331044776119404
TMEM14E	0.0851522633744856
TMEM150A	0.7350779220779221
TMEM150B	0.5240040733197556
TMEM150C	0.7786193771626297
TMEM151A	0.7088362573099415
TMEM151B	0.7951276595744681
TMEM154	0.479
TMEM155	0.371984
TMEM156	0.5088322368421053
TMEM158	0.6327220902612826
TMEM159	0.5232879581151832
TMEM160	0.7486298932384342
TMEM161A	0.6767405475880052
TMEM161B	0.5311810490693739
TMEM163	0.737563025210084
TMEM165	0.6453894736842105
TMEM167A	0.7945660377358491
TMEM167B	0.8528823529411765
TMEM168	0.8149059602649007
TMEM169	0.6704656084656084
TMEM17	0.6823948220064725
TMEM170A	0.7816036036036036
TMEM170B	0.8287589285714285
TMEM171	0.48636302521008407
TMEM173	0.5106580732700136
TMEM174	0.5624859813084112
TMEM175	0.5809485458612976
TMEM176A	0.30448993288590603
TMEM176B	0.2899700934579439
TMEM177	0.5935844346549193
TMEM178A	0.8149411764705883
TMEM178B	0.8283805668016195
TMEM179	0.5599267515923567
TMEM179B	0.5587506775067751
TMEM18	0.5279393063583815
TMEM180	0.6569334257975035
TMEM181	0.6333399168399169
TMEM182	0.7436052631578947
TMEM183A	0.7814577114427861
TMEM184A	0.5864640410958905
TMEM184B	0.6659749430523918
TMEM184C	0.7931767764298093
TMEM185B	0.7853719806763285
TMEM186	0.47896238938053093
TMEM189	0.5760806451612903
TMEM189-UBE2V1	0.7800874635568513
TMEM19	0.6873469387755102
TMEM190	0.49383720930232555
TMEM192	0.6783531409168082
TMEM194A	0.6684855570839064
TMEM194B	0.5380313953488371
TMEM196	0.8437890625
TMEM198	0.6385329593267882
TMEM199	0.6867032520325204
TMEM2	0.7055756404059932
TMEM200A	0.715700127064803
TMEM200B	0.5841676300578035
TMEM200C	0.5031718882303132
TMEM201	0.5902581852198316
TMEM202	0.45614468864468866
TMEM203	0.8095258620689655
TMEM204	0.627069182389937
TMEM205	0.6328092307692308
TMEM206	0.6675337186897881
TMEM207	0.4300032894736842
TMEM208	0.6921302681992336
TMEM209	0.7184042806183115
TMEM210	0.21054137931034483
TMEM211	0.5138356807511737
TMEM212	0.5096735632183907
TMEM213	0.45796011396011393
TMEM214	0.5887802371541502
TMEM215	0.7594841772151898
TMEM216	0.7784525862068965
TMEM217	0.2590494382022472
TMEM218	0.62376
TMEM219	0.7667895878524946
TMEM220	0.49301196172248807
TMEM221	0.5296852146263912
TMEM222	0.6050914454277286
TMEM223	0.46664622641509435
TMEM225	0.2834530120481928
TMEM229A	0.4908871951219512
TMEM229B	0.7682924528301887
TMEM230	0.5056269841269841
TMEM231	0.7362485714285715
TMEM232	0.5092525473071324
TMEM233	0.7553483146067416
TMEM234	0.38048856548856547
TMEM235	0.3273419913419914
TMEM236	0.5086570605187319
TMEM237	0.664250347705146
TMEM238	0.3711231884057971
TMEM239	0.5616385321100917
TMEM240	0.868
TMEM241	0.6300770676691729
TMEM242	0.6003384615384615
TMEM243	0.5579343065693431
TMEM244	0.6098279999999999
TMEM245	0.7255637393767705
TMEM246	0.6842804154302671
TMEM247	0.6036439790575917
TMEM248	0.7473595800524935
TMEM249	0.5162748091603054
TMEM25	0.6332831594634873
TMEM251	0.8434603174603174
TMEM252	0.4522965517241379
TMEM253	0.6297529137529138
TMEM254	0.44666046511627905
TMEM255B	0.5271706629055007
TMEM256	0.6692842105263158
TMEM256-PLSCR3	0.623870607028754
TMEM258	0.5868817204301076
TMEM259	0.5376174200661521
TMEM26	0.514779433681073
TMEM260	0.6553849056603773
TMEM261	0.38693750000000005
TMEM30A	0.728911528150134
TMEM30B	0.6664326086956522
TMEM30C	0.5486849315068494
TMEM33	0.6661191222570533
TMEM37	0.5745935960591133
TMEM38A	0.6936359102244389
TMEM38B	0.6645735930735931
TMEM39A	0.8408111455108359
TMEM39B	0.7781289134438306
TMEM40	0.5031593090211133
TMEM41A	0.638232445520581
TMEM41B	0.7145229007633588
TMEM42	0.5955745454545454
TMEM43	0.6665343839541547
TMEM44	0.4670081447963801
TMEM45A	0.6173153153153154
TMEM45B	0.5237218934911242
TMEM5	0.7307703281027104
TMEM50A	0.7984875621890548
TMEM50B	0.676213389121339
TMEM51	0.5914299065420561
TMEM52	0.2681568181818182
TMEM52B	0.6051544502617802
TMEM53	0.6553130434782609
TMEM54	0.5911004566210045
TMEM55A	0.7801299212598425
TMEM55B	0.8094545454545454
TMEM56	0.6604180929095355
TMEM57	0.8356691042047532
TMEM59	0.8057374179431072
TMEM59L	0.5708869969040248
TMEM60	0.8570476190476191
TMEM61	0.38181052631578943
TMEM62	0.7233351007423118
TMEM63A	0.6260677966101694
TMEM63B	0.7683300733496333
TMEM63C	0.7008621597892889
TMEM64	0.6826103092783504
TMEM65	0.778648
TMEM66	0.5120644257703081
TMEM67	0.6443725
TMEM68	0.7213009708737863
TMEM69	0.5941946721311475
TMEM70	0.5165569358178054
TMEM71	0.3862728613569321
TMEM72	0.5791113320079523
TMEM74	0.5646360360360361
TMEM74B	0.6222822580645161
TMEM75	0.004817258883248731
TMEM78	0.08041800643086817
TMEM79	0.5478618857901727
TMEM80	0.3988991596638656
TMEM81	0.4369567901234568
TMEM82	0.5585673981191223
TMEM86A	0.8192464788732394
TMEM86B	0.4510142517814727
TMEM87A	0.7421408
TMEM87B	0.7230076923076924
TMEM88	0.5247598870056497
TMEM88B	0.4597117647058823
TMEM89	0.41232051282051285
TMEM8A	0.4946636615811373
TMEM8B	0.6460915300546448
TMEM8C	0.7049428571428571
TMEM9	0.5293088235294118
TMEM91	0.45336919831223627
TMEM92	0.3018141891891892
TMEM95	0.49442216981132076
TMEM97	0.6338024316109422
TMEM98	0.727453125
TMEM99	0.05657674418604651
TMEM9B	0.7075468164794008
TMF1	0.7335007142857143
TMIE	0.7167389380530974
TMIGD1	0.546675
TMIGD2	0.19424999999999998
TMOD1	0.7440231578947368
TMOD2	0.763053488372093
TMOD3	0.7591187214611872
TMOD4	0.712102
TMPO	0.7192029850746269
TMPPE	0.6268007246376811
TMPRSS11A	0.5316480582524271
TMPRSS11B	0.3641013767209011
TMPRSS11BNL	0.7071160714285715
TMPRSS11D	0.5043721198156682
TMPRSS11E	0.5982490931076179
TMPRSS11F	0.6654188235294117
TMPRSS12	0.41801754385964907
TMPRSS13	0.4770397175639894
TMPRSS15	0.6337081794195251
TMPRSS2	0.4836541501976284
TMPRSS3	0.577176891615542
TMPRSS4	0.49648564593301436
TMPRSS5	0.515323910482921
TMPRSS6	0.6452662586074981
TMPRSS7	0.6912569081404033
TMPRSS9	0.4742935684647303
TMSB10	0.9235
TMTC1	0.6895467322557977
TMTC2	0.7265634075508228
TMTC3	0.7927050147492626
TMTC4	0.7059117100371748
TMUB1	0.5990712788259959
TMUB2	0.645183970856102
TMX1	0.6580432569974555
TMX2	0.6987777777777777
TMX2-CTNND1	0.99825
TMX3	0.5815145888594164
TMX4	0.5404862888482633
TNC	0.6341064558629776
TNF	0.6143287356321839
TNFAIP1	0.7090493827160494
TNFAIP2	0.4558080736543909
TNFAIP3	0.6367650655021834
TNFAIP6	0.7493093525179856
TNFAIP8	0.6062157434402332
TNFAIP8L1	0.6725115384615385
TNFAIP8L2	0.6700769230769231
TNFAIP8L3	0.5328393351800553
TNFRSF10A	0.10433201581027668
TNFRSF10B	0.13541420118343195
TNFRSF10C	0.07467872340425533
TNFRSF10D	0.0717984496124031
TNFRSF11A	0.48684685430463576
TNFRSF11B	0.6581282051282051
TNFRSF12A	0.5259936507936508
TNFRSF13B	0.38553690303907384
TNFRSF13C	0.3751005025125628
TNFRSF14	0.18427363184079604
TNFRSF17	0.4432269807280514
TNFRSF18	0.2244628670120898
TNFRSF19	0.5273007299270074
TNFRSF1A	0.32902383316782524
TNFRSF1B	0.4376339285714286
TNFRSF21	0.7048942632170978
TNFRSF25	0.4166155606407323
TNFRSF4	0.30660714285714286
TNFRSF6B	0.32499698795180726
TNFRSF8	0.4226632653061224
TNFRSF9	0.35388729874776387
TNFSF10	0.5790277264325324
TNFSF11	0.7462639175257731
TNFSF12	0.6979842406876791
TNFSF13	0.6170710382513661
TNFSF13B	0.6001586073500966
TNFSF14	0.5197883064516129
TNFSF15	0.566825221238938
TNFSF18	0.4118223140495868
TNFSF4	0.47279230769230773
TNFSF8	0.6665412474849095
TNFSF9	0.24002067183462533
TNIK	0.7741539518900343
TNIP1	0.6067778827977316
TNIP2	0.5336516443361754
TNIP3	0.46711706629055005
TNK1	0.5618213235294117
TNK2	0.5997883381924198
TNKS	0.7406270182992465
TNKS1BP1	0.34101721389862927
TNKS2	0.8471443688586545
TNN	0.5761512738853503
TNNC1	0.731
TNNC2	0.7278255813953488
TNNI1	0.7853857677902621
TNNI2	0.5800186567164178
TNNI3	0.6226435643564356
TNNI3K	0.1506504854368932
TNNT1	0.6303765112262522
TNNT2	0.6942415254237289
TNNT3	0.7248597701149426
TNP1	0.7846626506024096
TNP2	0.30000000000000004
TNPO1	0.877660606060606
TNPO2	0.7204198405668734
TNPO3	0.8012753623188406
TNR	0.7572061281337047
TNRC18	0.6210918429003021
TNRC6A	0.7934155427103403
TNRC6B	0.8438647007805724
TNRC6C	0.7015999061913696
TNS1	0.613314511232544
TNS3	0.5346275143678161
TNS4	0.5240497547302032
TNXB	0.4702566732848003
TOB1	0.7853588709677419
TOB2	0.6303569892473118
TOE1	0.6432281134401973
TOLLIP	0.6791972602739726
TOM1	0.5555155709342561
TOM1L1	0.5528180803571429
TOM1L2	0.7000805555555556
TOMM20	0.8312753623188406
TOMM20L	0.6254024767801858
TOMM22	0.7702610837438424
TOMM34	0.7073383620689655
TOMM40	0.7392860465116279
TOMM40L	0.7348699808795411
TOMM5	0.38534090909090907
TOMM6	0.6334869565217391
TOMM7	0.2754925373134329
TOMM70A	0.8291719626168224
TONSL	0.5469145543744889
TOP1	0.8892824956672444
TOP1MT	0.5138025862068966
TOP2A	0.7034686595949855
TOP2B	0.844699543899658
TOP3A	0.6438721957851802
TOP3B	0.6483319185059423
TOPAZ1	0.516639837143752
TOPBP1	0.66951375
TOPORS	0.6376875000000001
TOR1A	0.6531641285956007
TOR1AIP1	0.49787082405345207
TOR1AIP2	0.3947601713062099
TOR1B	0.6104781144781145
TOR2A	0.5711844660194175
TOR3A	0.4552787794729542
TOR4A	0.4721127098321343
TOX	0.8309328703703704
TOX2	0.7663782991202346
TOX3	0.7106432664756447
TOX4	0.7866653019447287
TP53	0.43158049886621314
TP53AIP1	0.013937142857142858
TP53BP1	0.655058574879227
TP53BP2	0.646052548607462
TP53I11	0.3188986710963455
TP53I13	0.47464986737400533
TP53I3	0.6590065573770492
TP53INP1	0.7458058252427184
TP53INP2	0.6076329787234043
TP53RK	0.6606912114014252
TP53TG3	0.02758730158730159
TP53TG3B	0.00856989247311828
TP53TG3C	0.04174921630094044
TP53TG3D	0.02471826625386997
TP53TG5	0.3799207547169811
TP63	0.671310303030303
TP73	0.683897793263647
TPBG	0.5326465005931198
TPBGL	0.42521549636803874
TPCN1	0.6341408239700375
TPCN2	0.6154588057445199
TPD52	0.5187342908438061
TPD52L1	0.6923467741935484
TPD52L2	0.7245518394648829
TPD52L3	0.50383125
TPGS1	0.6612978303747535
TPGS2	0.3836516443361754
TPH1	0.7567967145790554
TPH2	0.7667358490566037
TPI1	0.6631592689295039
TPK1	0.5250401337792642
TPM1	0.8186062992125984
TPM2	0.6146749482401656
TPM3	0.8240327868852458
TPM4	0.6509568788501027
TPMT	0.6265765199161426
TPO	0.45204345629105613
TPP1	0.702638619201726
TPP2	0.8255131233595802
TPPP	0.6482582159624414
TPPP2	0.509979797979798
TPPP3	0.7477137096774193
TPR	0.8301639898562976
TPRA1	0.6788552915766739
TPRG1	0.6286133768352365
TPRG1L	0.7521067961165049
TPRKB	0.6179489489489489
TPRN	0.4076336633663366
TPRX1	0.11441691394658754
TPRX2P	0.11066906474820143
TPRXL	0.32516326530612244
TPSAB1	0.31569972451790634
TPSB2	0.31008108108108107
TPSD1	0.2733061224489796
TPSG1	0.24562102689486554
TPST1	0.7890144329896908
TPST2	0.600092561983471
TPT1	0.7549722222222223
TPTE	0.5242018633540373
TPTE2	0.5098562933597622
TPX2	0.6446207142857143
TRA2A	0.8486250000000001
TRA2B	0.8446679104477612
TRABD	0.6599671814671815
TRABD2A	0.5539999999999999
TRABD2B	0.6797458333333333
TRAC	0.46718376068376066
TRADD	0.5687823741007194
TRAF1	0.6449110807113543
TRAF2	0.6348371531966224
TRAF3	0.6886438356164384
TRAF3IP1	0.5297861400894187
TRAF3IP2	0.5912260416666667
TRAF3IP3	0.6212892720306513
TRAF4	0.7607743055555556
TRAF5	0.7246902654867257
TRAF6	0.7465060893098783
TRAF7	0.7048896551724139
TRAFD1	0.5198983492615118
TRAIP	0.6943062200956938
TRAJ1	0.41171875
TRAJ10	0.3726078431372549
TRAJ11	0.6552307692307693
TRAJ12	0.5319767441860465
TRAJ13	0.3877727272727273
TRAJ14	0.9069444444444444
TRAJ16	0.5370731707317074
TRAJ17	0.5018
TRAJ18	0.5878301886792453
TRAJ19	0.535530612244898
TRAJ2	0.3847090909090909
TRAJ20	0.7534571428571428
TRAJ21	0.5161785714285714
TRAJ22	0.5636545454545455
TRAJ23	0.8455
TRAJ24	0.7069772727272727
TRAJ25	0.7419310344827585
TRAJ26	0.6794583333333333
TRAJ27	0.45784848484848484
TRAJ28	0.5180851063829788
TRAJ29	0.687046511627907
TRAJ3	0.4751111111111111
TRAJ30	0.5398181818181819
TRAJ31	0.5698157894736842
TRAJ32	0.7017608695652173
TRAJ33	0.98372
TRAJ34	0.47006976744186046
TRAJ35	0.42052173913043484
TRAJ36	0.3418478260869565
TRAJ37	0.3911025641025641
TRAJ38	0.7156410256410256
TRAJ39	0.7495294117647058
TRAJ4	0.39799999999999996
TRAJ40	0.47816000000000003
TRAJ41	0.376575
TRAJ42	0.5213404255319148
TRAJ43	0.7757666666666666
TRAJ44	0.3928863636363636
TRAJ45	0.5208541666666667
TRAJ46	0.46736956521739126
TRAJ47	0.40746666666666664
TRAJ48	0.2867037037037037
TRAJ49	0.6434878048780488
TRAJ5	0.40648837209302324
TRAJ50	0.33182222222222224
TRAJ52	0.42992857142857144
TRAJ53	0.43541463414634146
TRAJ54	0.4254893617021277
TRAJ56	0.48861904761904756
TRAJ57	0.3064
TRAJ58	0.34263265306122453
TRAJ59	0.37536363636363634
TRAJ6	0.47562264150943395
TRAJ61	0.48035555555555554
TRAJ7	0.5498627450980392
TRAJ8	0.5351276595744681
TRAJ9	0.46026666666666666
TRAK1	0.6969118911174785
TRAK2	0.7131751724137931
TRAM1	0.871090909090909
TRAM1L1	0.5759585635359116
TRAM2	0.7999249329758713
TRANK1	0.6038178360905115
TRAP1	0.6204741573033707
TRAPPC1	0.9051341463414635
TRAPPC10	0.6978478605388273
TRAPPC11	0.7715809523809524
TRAPPC12	0.49887573099415206
TRAPPC13	0.824659793814433
TRAPPC2L	0.572210970464135
TRAPPC2P1	0.9588046875
TRAPPC3	0.5808571428571428
TRAPPC3L	0.819771144278607
TRAPPC4	0.7440776119402985
TRAPPC5	0.697779527559055
TRAPPC6A	0.6295778546712804
TRAPPC6B	0.8927651515151515
TRAPPC8	0.7977190201729106
TRAPPC9	0.6864686431014824
TRAT1	0.5634110787172012
TRAV1-1	0.37012863070539415
TRAV1-2	0.40560683760683763
TRAV10	0.23601522842639594
TRAV12-1	0.31285474860335194
TRAV12-2	0.30102439024390243
TRAV12-3	0.4078860103626943
TRAV13-1	0.2985606060606061
TRAV13-2	0.2311844660194175
TRAV14DV4	0.20232661290322582
TRAV16	0.3776697674418605
TRAV17	0.27695927601809955
TRAV18	0.33043577981651373
TRAV19	0.26505500000000004
TRAV2	0.37886381322957197
TRAV20	0.3326359223300971
TRAV21	0.24491919191919193
TRAV22	0.3934524886877828
TRAV23DV6	0.30930373831775704
TRAV24	0.22727522935779818
TRAV25	0.26760360360360363
TRAV26-1	0.29606276150627614
TRAV26-2	0.2811353711790393
TRAV27	0.2738472906403941
TRAV29DV5	0.38482558139534884
TRAV3	0.3730919540229885
TRAV30	0.12821323529411766
TRAV34	0.21386549707602337
TRAV35	0.2690619469026549
TRAV36DV7	0.2946623931623931
TRAV38-1	0.3631244635193133
TRAV38-2DV8	0.38154506437768243
TRAV39	0.27521719457013577
TRAV4	0.400796812749004
TRAV40	0.2646221198156682
TRAV41	0.32425096525096525
TRAV5	0.3080538116591928
TRAV6	0.2515132743362832
TRAV7	0.24086046511627907
TRAV8-1	0.3855482456140351
TRAV8-2	0.2853949044585987
TRAV8-3	0.3201554404145078
TRAV8-4	0.2907950310559006
TRAV8-6	0.2642415458937198
TRAV8-7	0.36080973451327436
TRAV9-1	0.36606451612903224
TRAV9-2	0.36780701754385964
TRBC2	0.6054953846153847
TRBJ2-1	0.475972972972973
TRBJ2-2	0.3691515151515152
TRBJ2-2P	0.006266666666666667
TRBJ2-3	0.37541025641025644
TRBJ2-4	0.2962592592592592
TRBJ2-5	0.62895
TRBJ2-6	0.256
TRBJ2-7	0.5723
TRBV10-1	0.27734158415841587
TRBV10-2	0.30879166666666663
TRBV11-1	0.16753378378378378
TRBV19	0.25166499999999997
TRBV2	0.1869537037037037
TRBV20-1	0.2622442396313364
TRBV20OR9-2	0.3238683127572017
TRBV21OR9-2	0.19730769230769232
TRBV23-1	0.1793
TRBV23OR9-2	0.12313714285714285
TRBV24-1	0.2826470588235294
TRBV25-1	0.199203488372093
TRBV27	0.3242424242424243
TRBV28	0.32361578947368425
TRBV29-1	0.38450622406639
TRBV3-1	0.2624939024390244
TRBV30	0.3938942731277533
TRBV4-1	0.25770624999999997
TRBV4-2	0.2457890625
TRBV5-1	0.23554773869346735
TRBV5-3	0.1696448087431694
TRBV5-4	0.18787662337662336
TRBV5-5	0.26543195266272185
TRBV5-6	0.21002673796791443
TRBV5-7	0.18148022598870056
TRBV6-1	0.26058125
TRBV6-4	0.2888461538461538
TRBV6-5	0.2684186046511628
TRBV6-6	0.3012529411764706
TRBV6-7	0.2820632183908046
TRBV6-8	0.3322424242424243
TRBV6-9	0.3076542553191489
TRBV7-1	0.2366184971098266
TRBV7-3	0.3113626943005181
TRBV7-4	0.20545714285714284
TRBV7-6	0.29284313725490196
TRBV7-7	0.2407093596059113
TRBV7-8	0.1704848484848485
TRBV9	0.27639690721649485
TRDC	0.4817003367003367
TRDD1	0.114375
TRDD2	0.0745
TRDD3	0.5852307692307692
TRDJ1	0.4449090909090909
TRDJ2	0.570741935483871
TRDJ3	0.9467105263157896
TRDJ4	0.44518421052631585
TRDMT1	0.6567334384858043
TRDN	0.6344667114996637
TRDV1	0.16008641975308643
TRDV2	0.23704705882352942
TRDV3	0.37383177570093457
TREH	0.5548623326959846
TREM1	0.1637787056367432
TREM2	0.4443886010362694
TREML1	0.44620447761194026
TREML2	0.32440548780487805
TREML4	0.11440517241379311
TRERF1	0.7116074872376631
TREX1	0.47224
TRGC1	0.3933892405063291
TRGC2	0.34799678456591643
TRGJ1	0.27253333333333335
TRGJ2	0.2275151515151515
TRGJP	0.11912
TRGJP1	0.2592222222222222
TRGJP2	0.2672
TRGV1	0.2185329949238579
TRGV10	0.25991812865497077
TRGV11	0.21199358974358973
TRGV2	0.2742485875706215
TRGV3	0.1893294797687861
TRGV4	0.22437430167597763
TRGV5	0.2261229946524064
TRGV8	0.22175274725274727
TRGV9	0.23598689956331875
TRH	0.45855338078291813
TRHDE	0.8147257425742574
TRHR	0.7588018867924529
TRIAP1	0.8991132075471698
TRIB1	0.6799347133757963
TRIB2	0.6237994100294985
TRIB3	0.4767556904400607
TRIM10	0.4224451410658307
TRIM11	0.3478074380165289
TRIM13	0.8030466417910448
TRIM14	0.5391177083333333
TRIM15	0.36709842041312274
TRIM16	0.4828651252408478
TRIM16L	0.6673789329685362
TRIM17	0.4003937875751503
TRIM2	0.7614330708661418
TRIM21	0.3565731272294887
TRIM22	0.29956275862068965
TRIM23	0.8245201465201465
TRIM24	0.7670644932671864
TRIM25	0.5255
TRIM26	0.5345514103730664
TRIM27	0.44494646464646465
TRIM28	0.6683419593345656
TRIM29	0.6366752899197146
TRIM3	0.6822883275261324
TRIM31	0.17850889679715304
TRIM32	0.7537557172557172
TRIM33	0.788490877497828
TRIM35	0.5663355704697987
TRIM36	0.7008615384615384
TRIM37	0.7659990671641791
TRIM38	0.39316229116945106
TRIM39	0.5708276836158193
TRIM39-RPP21	0.5706635514018692
TRIM4	0.4012228320526894
TRIM40	0.25313771186440676
TRIM41	0.6437615148413511
TRIM42	0.6308110795454546
TRIM43	0.19303909952606638
TRIM44	0.7131187943262411
TRIM45	0.6464849498327759
TRIM46	0.7009955116696589
TRIM47	0.501295
TRIM48	0.2669863813229572
TRIM49	0.1594612244897959
TRIM49B	0.22520065430752453
TRIM49C	0.16124199288256227
TRIM49D1	0.14985172981878087
TRIM5	0.2560647571606476
TRIM50	0.567619644723093
TRIM51	0.2928460093896713
TRIM52	0.27693408360128613
TRIM54	0.5870764790764791
TRIM55	0.7132967914438504
TRIM56	0.508277397260274
TRIM58	0.4262920634920635
TRIM59	0.558235798499464
TRIM6	0.43512561819980217
TRIM6-TRIM34	0.3083484848484848
TRIM60	0.27316666666666667
TRIM61	0.22680573248407643
TRIM62	0.7231412037037037
TRIM63	0.6701688311688312
TRIM64B	0.18640555555555555
TRIM64C	0.20020936280884266
TRIM65	0.40317391304347827
TRIM66	0.6442713286713286
TRIM67	0.6378259355961705
TRIM68	0.4666970297029703
TRIM69	0.5810482625482626
TRIM7	0.45234711538461536
TRIM71	0.708212380952381
TRIM72	0.5155276008492569
TRIM73	0.5670121457489878
TRIM74	0.6151198257080609
TRIM77	0.1254052098408104
TRIM8	0.833735632183908
TRIM9	0.7760109439124487
TRIML1	0.39693216630196937
TRIML2	0.31454237288135595
TRIO	0.7316756473973319
TRIOBP	0.39030079817559865
TRIP10	0.6762958801498127
TRIP11	0.6669487327188941
TRIP12	0.8490396409872849
TRIP13	0.6792701612903226
TRIP4	0.6957876543209877
TRIP6	0.6273239595050619
TRIQK	0.6832125
TRIT1	0.6203531114327062
TRMT1	0.5658337574215437
TRMT10A	0.624079331941545
TRMT10B	0.6803641975308642
TRMT10C	0.5645522388059702
TRMT11	0.8105329861111111
TRMT112	0.6401158798283262
TRMT12	0.5459843561973526
TRMT13	0.6809582043343654
TRMT1L	0.7698798328108672
TRMT2A	0.6200528846153847
TRMT44	0.5077937984496124
TRMT5	0.6225419847328244
TRMT6	0.7457871720116618
TRMT61A	0.6557802469135803
TRMT61B	0.5497079754601227
TRMU	0.6656795491143317
TRNAU1AP	0.8280364238410596
TRNP1	0.6536943127962085
TRNT1	0.6571962750716333
TROAP	0.3952056451612903
TROVE2	0.7581658536585366
TRPA1	0.6956185831622177
TRPC1	0.8795052447552447
TRPC3	0.7571258116883117
TRPC4	0.7398487698986975
TRPC4AP	0.8718145506419401
TRPC6	0.7977182410423452
TRPC7	0.8141219239373603
TRPM1	0.6305627420604183
TRPM2	0.5748795830337886
TRPM3	0.7612769596199526
TRPM4	0.5570533333333333
TRPM5	0.5933970297029704
TRPM6	0.6035626231353786
TRPM7	0.8225081690140845
TRPM8	0.6984988344988345
TRPS1	0.768703564727955
TRPT1	0.540906976744186
TRPV1	0.37451724137931036
TRPV2	0.5528320663441603
TRPV3	0.6740566182096404
TRPV4	0.6542053494391717
TRPV5	0.6276927419354839
TRPV6	0.6718458333333334
TRRAP	0.7434764756201883
TRUB1	0.6119407407407407
TRUB2	0.6195526315789474
TSACC	0.5623247232472324
TSC1	0.7008958707360861
TSC2	0.6489600706713781
TSC22D1	0.7124757969303424
TSC22D2	0.5951632047477745
TSC22D4	0.6120571428571429
TSEN15	0.6642162162162162
TSEN2	0.46921850613154964
TSEN34	0.5696240126382307
TSEN54	0.5306510962821736
TSFM	0.48346459412780657
TSG101	0.8721193548387097
TSGA10	0.8908913324708926
TSGA10IP	0.37415086646279305
TSGA13	0.44420620437956204
TSHB	0.7434017094017094
TSHR	0.6798681318681319
TSHZ1	0.6504520547945206
TSHZ2	0.658371293800539
TSHZ3	0.707865873015873
TSKS	0.7103618090452261
TSKU	0.7029274193548387
TSLP	0.31563369963369964
TSN	0.5714406130268199
TSNARE1	0.39859014951627086
TSNAX	0.730164
TSNAX-DISC1	0.6838550724637681
TSNAXIP1	0.5962358417377812
TSPAN1	0.5357120822622108
TSPAN10	0.4906063829787234
TSPAN11	0.615014705882353
TSPAN12	0.843326153846154
TSPAN13	0.7571781818181818
TSPAN14	0.7084801061007957
TSPAN15	0.7211289682539683
TSPAN16	0.31390151515151515
TSPAN17	0.6579015748031496
TSPAN18	0.6217869318181818
TSPAN19	0.5470147058823529
TSPAN2	0.7667521367521367
TSPAN3	0.793890977443609
TSPAN31	0.7115345744680851
TSPAN32	0.31832173913043477
TSPAN33	0.7607308781869688
TSPAN4	0.6743002421307506
TSPAN5	0.7358465346534653
TSPAN8	0.4996193853427896
TSPAN9	0.6987827298050139
TSPEAR	0.5739523424878836
TSPO	0.5997491408934708
TSPO2	0.5039798850574713
TSPYL1	0.48683076923076923
TSPYL4	0.5455108991825612
TSPYL5	0.4704196332254585
TSPYL6	0.27214266487213995
TSR1	0.7415928571428572
TSR3	0.5041369606003752
TSRM	0.030142857142857145
TSSC1	0.4396556962025316
TSSC4	0.44029824561403513
TSSK1B	0.4442279511533243
TSSK2	0.545842541436464
TSSK3	0.6212603305785124
TSSK4	0.6976497545008183
TSSK6	0.6629723865877712
TST	0.6254046345811052
TSTA3	0.6065042016806723
TSTD1	0.6049098039215687
TSTD2	0.6122465057179162
TTBK1	0.629033129459735
TTBK2	0.7795025510204081
TTC1	0.5884554455445545
TTC12	0.5614128065395095
TTC13	0.7656163583252191
TTC14	0.7130165745856354
TTC16	0.39839421813403414
TTC17	0.8112029411764706
TTC18	0.7011730552423902
TTC19	0.5840452876376989
TTC21A	0.6514286308780691
TTC21B	0.8176363636363637
TTC22	0.6081085126286249
TTC23	0.5155526075022873
TTC23L	0.6274943661971831
TTC24	0.4874788990825688
TTC26	0.8636131756756757
TTC27	0.706777536231884
TTC28	0.6975048002477547
TTC29	0.5371314142678348
TTC3	0.5822170468948036
TTC30A	0.7520548387096774
TTC30B	0.7657820796460177
TTC31	0.4605423011844332
TTC32	0.5079097744360903
TTC33	0.7235466666666667
TTC34	0.4921482456140351
TTC36	0.6346421725239617
TTC37	0.7830140412461606
TTC38	0.5681461693548387
TTC39A	0.5804726799653078
TTC39B	0.6509124643196955
TTC39C	0.7274844444444445
TTC4	0.7433924302788845
TTC40	0.4150136739834473
TTC5	0.8032068965517242
TTC6	0.5070544238370326
TTC7A	0.6568658192090395
TTC7B	0.7166424302788845
TTC8	0.6345006337135615
TTC9	0.6554429530201342
TTC9B	0.7295833333333333
TTC9C	0.5037906504065041
TTF1	0.3878623395149786
TTF2	0.524282733437663
TTI1	0.6393211567732117
TTI2	0.4898136645962733
TTK	0.6886003098373353
TTL	0.7806829836829837
TTLL1	0.6654145077720207
TTLL10	0.44769444444444445
TTLL11	0.5259837000814995
TTLL12	0.6439402823018457
TTLL13	0.6035563430191354
TTLL2	0.4836686159844054
TTLL3	0.3295152487961477
TTLL4	0.5422745901639344
TTLL5	0.7288094479830148
TTLL6	0.40822450211225103
TTLL7	0.7716848049281314
TTLL8	0.42615358126721764
TTLL9	0.663348031496063
TTN	0.7180111719955312
TTPA	0.7059380053908356
TTPAL	0.6834477611940298
TTR	0.5951091549295775
TTYH1	0.6903891156462585
TTYH2	0.6268294392523365
TTYH3	0.6856167290886391
TUB	0.7244418604651163
TUBA1A	0.7216688311688312
TUBA1B	0.6353198458574181
TUBA1C	0.5903578811369509
TUBA3C	0.7297243816254417
TUBA3D	0.713431899641577
TUBA3E	0.7147818791946309
TUBA4A	0.7155067264573991
TUBA8	0.5551952580195257
TUBAL3	0.6621350148367953
TUBB	0.6799305816135085
TUBB1	0.6566702127659575
TUBB2A	0.7136027397260274
TUBB2B	0.7062399049881235
TUBB3	0.5182276422764227
TUBB4A	0.6208582995951417
TUBB4B	0.6720853858784893
TUBB6	0.4679620253164557
TUBB8	0.7773627287853577
TUBB8P7	0.7321446991404011
TUBD1	0.6875786516853932
TUBE1	0.7915570698466781
TUBG1	0.7832058823529411
TUBG2	0.7729825870646766
TUBGCP2	0.65183203125
TUBGCP3	0.7719674166020171
TUBGCP4	0.7833960264900661
TUBGCP5	0.7238638211382113
TUBGCP6	0.5257113254733833
TUFM	0.711042042042042
TUFT1	0.6605997191011236
TULP1	0.5520465838509317
TULP2	0.4449220489977729
TULP3	0.5462612137203166
TULP4	0.7024828396803009
TUSC1	0.42701785714285717
TUSC2	0.7012380952380952
TUSC3	0.8510135869565217
TUSC5	0.5864028571428571
TUT1	0.4481737891737892
TVP23A	0.6019769230769231
TVP23B	0.7815703703703704
TVP23C	0.3279873015873016
TVP23C-CDRT4	0.7122499999999999
TWF1	0.5600056100981767
TWF2	0.6888230088495576
TWIST1	0.8933055555555556
TWIST2	0.9010317460317461
TWISTNB	0.5820500000000001
TWSG1	0.7066223776223776
TXK	0.6612792696025778
TXLNA	0.6732232746955346
TXLNB	0.4657649186256781
TXN	0.7597891156462585
TXN2	0.5196826568265682
TXNDC11	0.642041948579161
TXNDC12	0.7798497109826589
TXNDC15	0.5480165165165165
TXNDC16	0.6227111111111111
TXNDC17	0.7142150537634409
TXNDC2	0.2951072164948454
TXNDC5	0.6118573426573427
TXNDC8	0.4446160220994475
TXNDC9	0.7270967741935483
TXNIP	0.7238389955686854
TXNL1	0.7360526315789473
TXNL4A	0.5241485507246376
TXNL4B	0.6038703703703704
TXNRD1	0.5065235749472202
TXNRD2	0.6213828207847295
TXNRD3	0.6173136752136752
TXNRD3NB	0.007403162055335968
TYK2	0.4708491037932472
TYMP	0.4474942287513116
TYMS	0.6957023809523809
TYR	0.6503181357649443
TYRO3	0.7212539912917272
TYROBP	0.6095537848605578
TYRP1	0.7175832305795314
TYSND1	0.5131981981981982
TYW1	0.6583645655877342
TYW1B	0.662984962406015
TYW3	0.6432731182795699
TYW5	0.8040233766233765
U2AF1	0.7994612068965516
U2AF1L4	0.5937988668555241
U2AF2	0.7873466933867735
U2SURP	0.793983810709838
UACA	0.6047503541076488
UAP1	0.753905585106383
UAP1L1	0.5200137857900318
UBA2	0.8155219941348975
UBA3	0.8616039603960397
UBA5	0.7904554865424431
UBA52	0.6516149068322982
UBA6	0.8132387687188021
UBA7	0.5362579468473163
UBAC1	0.6750660869565217
UBAC2	0.6087171171171172
UBALD1	0.4673978873239437
UBALD2	0.7727682403433477
UBAP1	0.7478032
UBAP1L	0.4220125523012553
UBAP2	0.7682518370073481
UBAP2L	0.8600128712871287
UBASH3A	0.5676030110935023
UBASH3B	0.724916488222698
UBB	0.7863853211009174
UBBP4	0.8764728260869564
UBC	0.7644051918735892
UBD	0.4165983606557377
UBE2B	0.6655348837209303
UBE2C	0.598121875
UBE2D1	0.8812015503875968
UBE2D2	0.9752432432432433
UBE2D3	0.5907345132743362
UBE2D4	0.45832
UBE2E1	0.693551724137931
UBE2E2	0.6098609865470852
UBE2E3	0.5604772727272728
UBE2F	0.6040139860139859
UBE2G1	0.9393918918918919
UBE2G2	0.7177692307692307
UBE2H	0.7661363636363637
UBE2I	0.7463622047244094
UBE2J1	0.7815446927374302
UBE2J2	0.6293202764976958
UBE2K	0.9197380952380951
UBE2L3	0.8282424242424242
UBE2L6	0.4620851851851852
UBE2M	0.7034477611940299
UBE2N	0.4523231707317073
UBE2O	0.6739950217797137
UBE2Q1	0.8666712328767123
UBE2Q2	0.7233427109974424
UBE2QL1	0.861439024390244
UBE2R2	0.8444240506329115
UBE2S	0.572135922330097
UBE2T	0.6531456310679612
UBE2U	0.422636690647482
UBE2V1	0.30220238095238094
UBE2V2	0.32453465346534655
UBE2W	0.05578723404255319
UBE2Z	0.8466130952380952
UBE3A	0.8835859491778775
UBE3B	0.6926364265927978
UBE3C	0.7646359011627907
UBE3D	0.5905865522174535
UBE4A	0.8426856095325389
UBE4B	0.7230564464400255
UBFD1	0.5790691642651297
UBIAD1	0.5793918669131238
UBL3	0.8792688172043012
UBL4B	0.531198347107438
UBL5	0.8549692307692308
UBL7	0.7960792951541851
UBLCP1	0.8807412280701754
UBN1	0.6532357807652533
UBN2	0.7523065693430657
UBOX5	0.6206400414937759
UBP1	0.7981735241502683
UBQLN1	0.8302728682170541
UBQLN3	0.4777252475247525
UBQLN4	0.7823637795275591
UBQLNL	0.36184647302904566
UBR1	0.8106743256743257
UBR2	0.8188932611903591
UBR3	0.8173686415320168
UBR4	0.8039170040485829
UBR5	0.8532283105022832
UBR7	0.6755107212475633
UBTD1	0.7421469534050179
UBTD2	0.7438498023715414
UBTF	0.7282787081339713
UBXN1	0.6827915789473684
UBXN10	0.3800063559322034
UBXN11	0.4870038095238095
UBXN2A	0.6784733178654293
UBXN2B	0.773575117370892
UBXN4	0.6834447674418604
UBXN6	0.6309090909090909
UBXN7	0.8529951100244498
UCHL1	0.7772954545454546
UCHL3	0.9312335025380711
UCHL5	0.4868588235294118
UCK1	0.6699854721549637
UCK2	0.7591697530864198
UCKL1	0.6626330749354006
UCMA	0.6317961165048543
UCN	0.44135955056179776
UCN2	0.3390130434782609
UCN3	0.4969391025641025
UCP1	0.6943715753424657
UCP2	0.6972058111380146
UCP3	0.6491896907216494
UEVLD	0.7323591160220994
UFC1	0.8504277108433734
UFD1L	0.8116860841423948
UFL1	0.800195020746888
UFM1	0.6071159420289854
UFSP1	0.5595804195804196
UFSP2	0.6935832305795314
UGCG	0.8649301587301587
UGDH	0.8178586956521738
UGGT1	0.7964129599121362
UGGT2	0.6937244444444445
UGP2	0.7005483333333333
UGT1A1	0.3996857249626308
UGT1A10	0.36808163265306126
UGT1A4	0.3658571428571428
UGT1A6	0.3390657894736842
UGT1A7	0.34447098214285715
UGT2A1	0.5582979094076655
UGT2A2	0.3640529531568228
UGT2A3	0.44788865546218487
UGT2B10	0.5184806687565308
UGT2B11	0.45565754923413565
UGT2B15	0.48334768907563025
UGT2B17	0.5278006263048016
UGT2B28	0.4957165109034268
UGT2B4	0.42311873080859774
UGT2B7	0.5127400228050171
UGT3A1	0.40858513396715646
UGT3A2	0.46124442462087417
UGT8	0.7678214285714285
UHMK1	0.8183911917098445
UHRF1BP1	0.6475464256368118
UHRF1BP1L	0.6994653712007972
UHRF2	0.8316969696969697
UIMC1	0.6965042808219177
ULBP1	0.06499492385786802
ULBP2	0.05264220183486239
ULBP3	0.03601136363636364
ULK1	0.6711217391304348
ULK2	0.7091855747558228
ULK3	0.6669555854643338
ULK4	0.6746050808314088
UMOD	0.5297016776075857
UMODL1	0.43067179670722977
UMPS	0.6873776662484317
UNC119	0.7125630498533725
UNC119B	0.7514571428571428
UNC13A	0.673822934973638
UNC13B	0.7782408477842003
UNC13C	0.7495069110576923
UNC13D	0.6333691830403309
UNC45A	0.6853569518716578
UNC45B	0.7401607142857143
UNC50	0.7445104895104895
UNC5A	0.6780506756756757
UNC5B	0.7222045454545455
UNC5C	0.7638491620111731
UNC5CL	0.655467706013363
UNC5D	0.7313782148260212
UNC79	0.762711954459203
UNC80	0.7832063360881544
UNC93A	0.5912592137592138
UNC93B1	0.6098428571428571
UNCX	0.49285291005291004
UNG	0.615089527027027
UNK	0.752259368836292
UNKL	0.46280444904293844
UPB1	0.5938133333333333
UPF1	0.7312142857142857
UPF2	0.8900911086717893
UPF3A	0.6128891820580474
UPK1A	0.6490496760259179
UPK1B	0.7231505016722408
UPK2	0.5935640326975476
UPK3A	0.5883544093178037
UPK3B	0.4926024955436721
UPK3BL	0.2695714285714286
UPP1	0.5771910112359551
UPP2	0.598574931880109
UQCC1	0.5773361884368308
UQCC2	0.8174701986754968
UQCR10	0.6550361445783133
UQCR11	0.6448518518518519
UQCRB	0.38487209302325576
UQCRC1	0.6479733978234583
UQCRC2	0.6535994897959184
UQCRFS1	0.7117556468172485
UQCRH	0.7083507462686567
UQCRQ	0.6753581081081081
URAD	0.6029823529411765
URB1	0.5694563967417345
URB2	0.5318339533310789
URGCP	0.4918520561685055
URGCP-MRPS24	0.7440759493670885
URI1	0.5830140679953106
URM1	0.7217768595041322
UROC1	0.7024791666666668
UROD	0.7732848232848233
UROS	0.5734191829484901
USB1	0.4628477508650519
USE1	0.6758799999999999
USF1	0.835897810218978
USF2	0.6845970464135022
USH1C	0.7604539527302363
USH1G	0.7990410022779043
USH2A	0.6012545934530096
USHBP1	0.41945966709346993
USMG5	0.7273103448275862
USO1	0.7364346060113729
USP1	0.6832048417132216
USP10	0.6089968279143537
USP12	0.8449851851851852
USP13	0.8119916317991632
USP14	0.8735903614457832
USP15	0.7506463576158939
USP16	0.6643957680250784
USP17L11	0.5299992395437262
USP17L12	0.4839344773790952
USP17L13	0.46223045267489715
USP17L15	0.47470871369294604
USP17L17	0.4026464135021097
USP17L18	0.4199068791946309
USP17L19	0.4475262725779967
USP17L2	0.4310519373454246
USP17L20	0.42479849498327754
USP17L21	0.44275854214123
USP17L22	0.43319364599092286
USP17L23	0.5694497716894977
USP17L24	0.5413075040783034
USP17L25	0.5473037383177569
USP17L26	0.4579785714285714
USP17L27	0.4287951301427372
USP17L28	0.39748347826086955
USP17L29	0.395724197745013
USP17L30	0.429995670995671
USP17L5	0.48368703550784475
USP18	0.5490559167750325
USP19	0.6990035641547862
USP2	0.7355283648498332
USP20	0.6955837696335079
USP21	0.7960227272727273
USP22	0.6530565149136578
USP24	0.8236491803278688
USP25	0.8442338461538462
USP28	0.7252504127682994
USP29	0.24853846153846154
USP3	0.6514948148148149
USP30	0.6509030837004405
USP31	0.6833788098693759
USP32	0.7719034193161367
USP33	0.8163204887218045
USP34	0.8728026211278793
USP35	0.621761224489796
USP36	0.463838351822504
USP37	0.829866028708134
USP38	0.6403056282722512
USP39	0.7666953937592867
USP4	0.6606333333333333
USP40	0.6050140653357532
USP41	0.5639514450867051
USP42	0.49376557985967806
USP43	0.5091988159842131
USP44	0.7133855421686748
USP45	0.6354586148648649
USP46	0.6562124352331606
USP47	0.884178145087236
USP48	0.7823130841121495
USP49	0.6965984848484849
USP5	0.7969592074592076
USP50	0.5863002873563218
USP53	0.5743688688688688
USP54	0.6683694107814458
USP6	0.6419785714285714
USP6NL	0.5689878213802435
USP7	0.8335634837355719
USP8	0.7472771587743732
USPL1	0.4305247349823321
UST	0.7981179487179487
UTF1	0.41423125
UTP11L	0.7896689189189189
UTP14C	0.5147684797768479
UTP15	0.7223585164835165
UTP18	0.630179381443299
UTP20	0.7044505220154336
UTP23	0.6437614314115309
UTP3	0.6253758241758242
UTP6	0.6808390928725702
UTRN	0.694781104705226
UTS2	0.4254183168316832
UTS2B	0.27655067567567565
UTS2R	0.49726636904761906
UVRAG	0.6266522727272726
UVSSA	0.584466129032258
UXS1	0.7733451143451143
VAC14	0.7125736526946108
VAMP1	0.7553066666666666
VAMP2	0.9215833333333333
VAMP3	0.6032945205479452
VAMP4	0.8879999999999999
VAMP5	0.5398894230769231
VAMP8	0.5476100917431193
VANGL1	0.7276181318681318
VANGL2	0.719371835443038
VAPA	0.7560316455696203
VAPB	0.7202222222222223
VARS	0.7107921760391198
VARS2	0.6045470259278088
VASH1	0.5731732776617954
VASH2	0.8053080568720379
VASN	0.5219485011529592
VASP	0.5820206812652068
VAT1	0.6908696428571428
VAT1L	0.8045634743875278
VAV1	0.6931914119359535
VAV2	0.7840186457311089
VAV3	0.7583781749764816
VAX1	0.6645795246800731
VAX2	0.5309152542372881
VCAM1	0.46209627118644064
VCAN	0.4015782206182331
VCL	0.844278782112274
VCP	0.892542113323124
VCPIP1	0.8804924774322969
VCPKMT	0.7430204678362573
VDAC1	0.7681867704280156
VDAC2	0.6785451505016722
VDAC3	0.8168103448275862
VDR	0.5895475177304964
VEGFA	0.7549580152671757
VEGFB	0.7416109422492402
VEGFC	0.7793571428571429
VENTX	0.312685878962536
VEPH1	0.6222116679132387
VEZF1	0.8353423913043478
VEZT	0.6211320422535211
VGF	0.6559929577464789
VGLL2	0.701530737704918
VGLL3	0.7738910891089109
VGLL4	0.5569438669438669
VHL	0.5380691489361702
VHLL	0.40178437499999997
VIL1	0.6164261603375527
VILL	0.5098685034439574
VIM	0.7255417376490629
VIMP	0.5798269720101781
VIP	0.6490216049382715
VIPAS39	0.7733042789223454
VIPR1	0.6171752305665349
VIPR2	0.519776091081594
VIT	0.6279401309635173
VKORC1	0.032531135531135534
VKORC1L1	0.9081666666666667
VLDLR	0.7883455684870188
VMAC	0.5297320574162679
VMO1	0.5238216216216216
VMP1	0.7976597402597402
VN1R1	0.258216885007278
VN1R2	0.15497116644823067
VN1R4	0.18477310924369747
VNN1	0.5357142857142857
VNN2	0.43325436893203884
VNN3	0.4974922797456858
VOPP1	0.5175806451612903
VPRBP	0.8633707354056104
VPREB1	0.3298628762541806
VPREB3	0.37627896995708154
VPS11	0.7765111906893464
VPS13A	0.7435319799170487
VPS13B	0.7371349532710281
VPS13C	0.7048976588628761
VPS13D	0.7322936996684036
VPS16	0.7563086003372681
VPS18	0.7181525948876839
VPS25	0.8766187050359712
VPS26A	0.753909090909091
VPS26B	0.7775918367346939
VPS28	0.6054712990936556
VPS29	0.6968979591836735
VPS33A	0.5208977777777778
VPS33B	0.8004973190348527
VPS35	0.8241617852161784
VPS36	0.8854249291784703
VPS37A	0.5120083916083916
VPS37B	0.5839399624765479
VPS37C	0.544234309623431
VPS37D	0.7317103448275861
VPS39	0.820060212514758
VPS41	0.7548861788617887
VPS45	0.7466051136363636
VPS4A	0.6586717171717171
VPS4B	0.761285
VPS51	0.6010477386934674
VPS52	0.7886977567886659
VPS53	0.6041405030355593
VPS54	0.8835555555555555
VPS72	0.7417752613240418
VPS8	0.7344285714285714
VPS9D1	0.5674494902687673
VRK1	0.6725752773375594
VRK2	0.5237766497461929
VRK3	0.47196059637912674
VRTN	0.6214538461538461
VSIG10	0.5251258928571428
VSIG10L	0.4847600434310532
VSIG2	0.6341251862891207
VSIG8	0.7500115942028986
VSNL1	0.7653809523809524
VSTM1	0.23580985915492958
VSTM2A	0.594160458452722
VSTM2B	0.597430894308943
VSTM2L	0.7515039682539683
VSTM4	0.6016870967741935
VSTM5	0.6831750663129974
VSX1	0.43139811066126854
VSX2	0.7674556074766355
VTA1	0.7646464379947229
VTCN1	0.6461586073500968
VTI1A	0.7690057803468209
VTI1B	0.7170826666666666
VTN	0.4831912225705329
VWA1	0.43454149377593365
VWA2	0.6032036775106082
VWA3A	0.5613489513609995
VWA3B	0.5465760135135135
VWA5A	0.5712935843793584
VWA5B1	0.5212032710280374
VWA5B2	0.5711113636363636
VWA7	0.5741904761904763
VWA8	0.7626568047337279
VWA9	0.7482163661581136
VWC2	0.6781558752997602
VWC2L	0.8952105263157895
VWCE	0.5083588134626355
VWDE	0.581495275333985
VWF	0.6301389751552795
WAC	0.7942746666666667
WAPAL	0.843791841004184
WARS	0.5615075949367089
WARS2	0.6361296928327644
WASF1	0.8688728971962616
WASF2	0.7137467532467533
WASF3	0.6869871959026889
WASH4P	0.5974879594423321
WASL	0.7741538461538462
WBP1	0.6062276707530648
WBP11	0.8481328588374851
WBP1L	0.6639347368421052
WBP2	0.604249343832021
WBP2NL	0.365764705882353
WBP4	0.6500309090909091
WBSCR16	0.6090820980615735
WBSCR17	0.689592995169082
WBSCR22	0.6631108695652174
WBSCR27	0.5506306122448981
WBSCR28	0.2823792
WDFY1	0.7853524590163935
WDFY2	0.8155074999999999
WDFY3	0.7920816274955774
WDFY4	0.6223516726099507
WDHD1	0.6969571428571428
WDPCP	0.6595281425891182
WDR1	0.7828573232323233
WDR11	0.760243006993007
WDR12	0.8250258620689656
WDR16	0.632832570905764
WDR17	0.7796733001658376
WDR18	0.7005553997194951
WDR19	0.7823570634037819
WDR20	0.7210391236306729
WDR24	0.626573896353167
WDR25	0.5003734104046242
WDR26	0.872251282051282
WDR27	0.4283470939706681
WDR3	0.7508181083265966
WDR31	0.6665108153078203
WDR33	0.8513831468071099
WDR34	0.6235300713557594
WDR35	0.7708765743073048
WDR36	0.7511967479674797
WDR37	0.7733610169491526
WDR38	0.5514442724458204
WDR4	0.5861901763224181
WDR41	0.7186291291291291
WDR43	0.7850521212121212
WDR45B	0.7732908587257619
WDR46	0.6159525114155251
WDR47	0.8459197674418605
WDR48	0.8255623188405797
WDR49	0.5923377777777779
WDR5	0.7352247191011236
WDR52	0.6244424316856002
WDR53	0.6678822605965463
WDR54	0.7171879194630872
WDR55	0.7143875000000001
WDR59	0.7794521232306411
WDR5B	0.7673814180929095
WDR6	0.5686891666666667
WDR60	0.5259914836396236
WDR61	0.6838616714697406
WDR62	0.5295153793574846
WDR63	0.6286941323345818
WDR64	0.6973173491379311
WDR65	0.7219907205240174
WDR66	0.53014501953125
WDR7	0.7116941855304039
WDR70	0.7422855392156863
WDR72	0.6653503797468354
WDR73	0.5580961281708945
WDR74	0.7056411042944785
WDR75	0.7128073770491803
WDR76	0.6010466321243523
WDR77	0.7458185255198488
WDR78	0.5554145625367
WDR81	0.6262104514752933
WDR82	0.8936995515695066
WDR83	0.6457120921305183
WDR83OS	0.7462608695652174
WDR86	0.6220574018126889
WDR87	0.36354642704321777
WDR88	0.5680107784431138
WDR89	0.6755070028011204
WDR90	0.5257605369965657
WDR91	0.6702507552870091
WDR92	0.7902038834951457
WDR93	0.5011184302733006
WDR96	0.5999455128205128
WDSUB1	0.7132701612903226
WDTC1	0.818150074294205
WDYHV1	0.632462643678161
WEE1	0.7878585635359115
WEE2	0.5135103519668737
WFDC1	0.5859152941176471
WFDC10A	0.3937982456140351
WFDC10B	0.22328834355828223
WFDC11	0.29469354838709677
WFDC12	0.06323622047244094
WFDC13	0.3181942857142857
WFDC2	0.37436688311688315
WFDC3	0.37158035714285714
WFDC5	0.39195465393794754
WFDC6	0.3682838709677419
WFDC8	0.41422663551401867
WFDC9	0.37430434782608696
WFIKKN1	0.5249329268292683
WFIKKN2	0.6356383682469681
WFS1	0.6166625987078248
WHAMM	0.5598867924528302
WHSC1	0.6453839090511587
WHSC1L1	0.7845050033355571
WI2-3308P17.2	0.05670731707317073
WIBG	0.5434158004158004
WIF1	0.7787420091324201
WIPF1	0.6008781676413255
WIPF2	0.7617747252747252
WIPF3	0.514087786259542
WIPI1	0.720883275261324
WIPI2	0.680923875432526
WISP1	0.61630078125
WISP2	0.5289425742574257
WISP3	0.6066594827586207
WIZ	0.5760451127819549
WLS	0.6525913043478261
WNK1	0.6895238696640565
WNK2	0.5050454167820548
WNK4	0.5120439672801635
WNT1	0.7251898238747554
WNT10A	0.758986641221374
WNT10B	0.7085542406311638
WNT11	0.7769309210526316
WNT16	0.6705557350565429
WNT2	0.776725352112676
WNT2B	0.6093980424143556
WNT3	0.7522440476190476
WNT3A	0.6942004608294932
WNT4	0.5979236111111111
WNT5A	0.7614560260586319
WNT5B	0.6991465201465201
WNT6	0.6857808219178083
WNT7A	0.7749364161849711
WNT7B	0.7161295774647888
WNT8A	0.6156666666666667
WNT8B	0.7554404432132964
WNT9A	0.7128644444444444
WNT9B	0.5678761061946903
WRAP53	0.5179580348004095
WRAP73	0.6414346629986245
WRB	0.7637584745762711
WRN	0.5681328063241107
WRNIP1	0.7073345864661654
WSB1	0.8008122270742358
WSB2	0.7246012965964344
WSCD1	0.6029191616766467
WSCD2	0.6454980494148245
WT1	0.7032602523659306
WTAP	0.840170731707317
WTIP	0.448296992481203
WWC1	0.6964181577203445
WWC2	0.6488200972447326
WWOX	0.6612106870229008
WWP1	0.7387737430167598
WWP2	0.6832610659439928
WWTR1	0.6748277087033747
XAB2	0.7239819277108434
XAF1	0.2653801652892562
XBP1	0.7130914285714286
XCL1	0.38913733905579395
XCL2	0.42033191489361704
XCR1	0.4534723183391003
XDH	0.700733395696913
XIRP1	0.4902189597315436
XIRP2	0.5161591498185588
XKR3	0.5783611111111111
XKR4	0.7752011494252873
XKR6	0.6228787878787878
XKR7	0.6385511551155115
XKR8	0.5191494413407821
XKR9	0.5462818791946309
XPA	0.6946786469344609
XPC	0.5295588599752168
XPNPEP1	0.801552598225602
XPNPEP3	0.6779593967517401
XPO1	0.8885548128342247
XPO4	0.8511179138321996
XPO5	0.8421175637393767
XPO6	0.7692026641294006
XPO7	0.8359407337723425
XPOT	0.8764937500000001
XPR1	0.7762225519287833
XRCC1	0.6312421150278293
XRCC2	0.6485151515151515
XRCC3	0.5324652996845426
XRCC4	0.6829576988155668
XRCC5	0.7519431051108968
XRCC6	0.7188622502628812
XRCC6BP1	0.6952010443864229
XRN1	0.7782966531440162
XRN2	0.8306679881070367
XRRA1	0.5693502080443829
XXYLT1	0.488066091954023
XXbac-BPG181M17.5	0.41482089552238804
XXbac-BPG32J3.20	0.5455526315789474
XYLB	0.6406767567567567
XYLT1	0.680451415455241
XYLT2	0.6121474452554745
YAE1D1	0.4162281690140845
YAF2	0.6468046357615894
YAP1	0.7630413793103449
YARS	0.788641693811075
YARS2	0.6785230998509687
YBEY	0.640186119873817
YBX1	0.5568948863636364
YBX2	0.8222035225048924
YBX3	0.6654494773519164
YDJC	0.5889074626865671
YEATS2	0.7105409219190969
YEATS4	0.5925042735042735
YES1	0.8453037735849057
YIF1A	0.6985541125541126
YIF1B	0.6186861167002012
YIPF1	0.7017049504950494
YIPF2	0.4769529042386185
YIPF3	0.6277957371225578
YIPF4	0.7856647727272726
YIPF5	0.8200676691729324
YIPF7	0.604779443254818
YJEFN3	0.5570065645514223
YKT6	0.7338850574712644
YLPM1	0.7429304487179488
YME1L1	0.7209
YOD1	0.6563297682709448
YPEL1	0.7407536231884059
YPEL2	0.8071234567901234
YPEL3	0.7998376623376623
YPEL4	0.7186515151515152
YPEL5	0.82625
YRDC	0.5881296296296296
YTHDC1	0.838252380952381
YTHDC2	0.8501490683229814
YTHDF1	0.7365295857988166
YTHDF2	0.8908697394789579
YTHDF3	0.655103678929766
YWHAB	0.8011
YWHAE	0.9141447368421052
YWHAG	0.7492488888888889
YWHAH	0.5571535947712418
YWHAQ	0.8186594594594595
YWHAZ	0.7080526315789474
YY1	0.8886749999999999
YY1AP1	0.5532075812274369
Z97053.1	0.22984313725490196
Z98049.1	0.002541176470588235
ZACN	0.422788501026694
ZADH2	0.6868994708994709
ZAN	0.4332082335003267
ZAP70	0.6366919739696312
ZAR1	0.4136935028248587
ZAR1L	0.4703325635103926
ZBBX	0.43689404352806416
ZBED2	0.48004166666666664
ZBED3	0.4181142857142857
ZBED4	0.5963572806171649
ZBED5	0.9150396396396396
ZBED6	0.7252973121228744
ZBED6CL	0.4864532803180915
ZBP1	0.2386226203807391
ZBTB1	0.8557162162162162
ZBTB10	0.8509063360881544
ZBTB11	0.6765954310980103
ZBTB12	0.5746751592356688
ZBTB14	0.7986510851419032
ZBTB16	0.6856111888111888
ZBTB17	0.5423246541903988
ZBTB18	0.8527231833910034
ZBTB2	0.6898881309686221
ZBTB20	0.7797991266375547
ZBTB21	0.5683706950532248
ZBTB22	0.5638385502471169
ZBTB24	0.6429617097061443
ZBTB25	0.6554708276797829
ZBTB26	0.9157991631799164
ZBTB3	0.5688170731707317
ZBTB32	0.47524185068349106
ZBTB34	0.7477345132743364
ZBTB37	0.76959902200489
ZBTB38	0.7838378378378379
ZBTB39	0.6694920212765958
ZBTB4	0.5949943064182195
ZBTB40	0.6186612050739958
ZBTB41	0.7332007662835249
ZBTB42	0.62648802946593
ZBTB43	0.8000062597809077
ZBTB44	0.7488931860036833
ZBTB45	0.40211287128712875
ZBTB46	0.6481359223300971
ZBTB47	0.5401871401151631
ZBTB48	0.6248977695167286
ZBTB49	0.4730755310778914
ZBTB5	0.7561038197845249
ZBTB6	0.7211391678622668
ZBTB7A	0.5823801047120419
ZBTB7B	0.5208081705150976
ZBTB7C	0.7336101468624834
ZBTB8A	0.6592503259452411
ZBTB8OS	0.7299722222222222
ZBTB9	0.5444864864864866
ZC2HC1A	0.7803917525773196
ZC2HC1B	0.6723244680851064
ZC2HC1C	0.4030303605313093
ZC3H10	0.8072578947368421
ZC3H11A	0.6060043763676148
ZC3H12A	0.45936079791847356
ZC3H12C	0.6896057827926657
ZC3H12D	0.41165094339622643
ZC3H13	0.7505440370838601
ZC3H14	0.7742714657415438
ZC3H15	0.7951784037558685
ZC3H18	0.6798080143540669
ZC3H3	0.4090845410628019
ZC3H4	0.6541889380530974
ZC3H6	0.6987865168539326
ZC3H7A	0.758413982717989
ZC3H7B	0.7387069288389513
ZC3H8	0.6964147843942505
ZC3HAV1	0.4038961564396493
ZC3HAV1L	0.456541601255887
ZC3HC1	0.6263904179408767
ZCCHC10	0.5872485207100592
ZCCHC11	0.748365286443562
ZCCHC14	0.6571145767027371
ZCCHC17	0.7481212121212121
ZCCHC2	0.6014227418615314
ZCCHC24	0.5155598455598456
ZCCHC3	0.674024193548387
ZCCHC4	0.680736033519553
ZCCHC6	0.6804987916868053
ZCCHC7	0.5928230852211435
ZCCHC8	0.5868255698711595
ZCCHC9	0.6775518018018019
ZCRB1	0.8826217616580311
ZCWPW1	0.4628036951501155
ZCWPW2	0.4197558011049724
ZDBF2	0.34026424319727894
ZDHHC1	0.62098606271777
ZDHHC11	0.24988126649076517
ZDHHC11B	0.4014228187919463
ZDHHC12	0.7473405639913232
ZDHHC13	0.7762426778242677
ZDHHC14	0.7652327044025158
ZDHHC16	0.7569149425287356
ZDHHC17	0.7665842911877394
ZDHHC18	0.7172631578947368
ZDHHC19	0.506228013029316
ZDHHC2	0.8134075144508671
ZDHHC20	0.7967845036319613
ZDHHC21	0.9307857142857142
ZDHHC22	0.7858515283842795
ZDHHC23	0.6235283333333334
ZDHHC24	0.597112810707457
ZDHHC3	0.5095823970037453
ZDHHC4	0.5087647975077881
ZDHHC5	0.7791998001998003
ZDHHC6	0.8190415584415585
ZDHHC7	0.6391241970021413
ZDHHC8	0.6534494382022471
ZEB1	0.6890508038585209
ZEB2	0.8294664679582713
ZER1	0.7923225352112676
ZFAND1	0.6974683544303798
ZFAND2A	0.5114909090909091
ZFAND2B	0.6765533498759305
ZFAND3	0.46704347826086956
ZFAND4	0.617150895140665
ZFAND5	0.5677368421052632
ZFAND6	0.5476439628482972
ZFAT	0.5456463917525773
ZFC3H1	0.8398190521780756
ZFHX2	0.6136607065919861
ZFHX3	0.7463706959706959
ZFHX4	0.7339160487288136
ZFP1	0.4209490616621984
ZFP14	0.4459686552072801
ZFP2	0.38650696378830085
ZFP28	0.3073198555956679
ZFP3	0.3642433734939759
ZFP30	0.459486301369863
ZFP36	0.43105409153952845
ZFP36L1	0.4434583333333333
ZFP36L2	0.6378370927318295
ZFP37	0.32873415326395455
ZFP41	0.35375627240143365
ZFP42	0.4606759259259259
ZFP57	0.2551516339869281
ZFP62	0.4102263374485597
ZFP64	0.6000291036088474
ZFP69	0.42625321888412016
ZFP69B	0.3419304347826087
ZFP82	0.37178455284552847
ZFP90	0.38394383775351015
ZFP91	0.813129746835443
ZFP91-CNTF	0.1562
ZFPL1	0.5487912457912457
ZFPM1	0.3942078873239437
ZFPM2	0.7442923076923077
ZFR	0.8671197411003236
ZFR2	0.4234673748103187
ZFYVE1	0.76880690399137
ZFYVE16	0.5326332614942528
ZFYVE19	0.4999462857142857
ZFYVE20	0.5916354166666666
ZFYVE21	0.6398591549295775
ZFYVE26	0.6746025519848772
ZFYVE27	0.668072268907563
ZFYVE28	0.5463172119487909
ZFYVE9	0.7563264936632468
ZG16	0.6779287749287749
ZG16B	0.20303673469387756
ZGLP1	0.4269107142857143
ZGPAT	0.5704988505747126
ZHX1	0.7145256322624743
ZHX1-C8ORF76	0.7608125
ZHX2	0.6089160839160839
ZHX3	0.5425344827586207
ZIC1	0.785831234256927
ZIC2	0.7345855614973262
ZIC4	0.6954988399071925
ZIC5	0.6269808978032473
ZIK1	0.2877377049180328
ZIM2	0.3497884210526316
ZIM3	0.3383771676300578
ZKSCAN1	0.5228570110701107
ZKSCAN2	0.5187194060419866
ZKSCAN3	0.3450480349344978
ZKSCAN4	0.2924287369640788
ZKSCAN5	0.47566210045662105
ZKSCAN7	0.36317162276975357
ZKSCAN8	0.5056627906976744
ZMAT2	0.8569816513761468
ZMAT3	0.7566608187134504
ZMAT4	0.6411829652996845
ZMAT5	0.7292751091703057
ZMIZ1	0.7707027579162411
ZMIZ2	0.6068221244500314
ZMPSTE24	0.835031746031746
ZMYM1	0.6323542926239419
ZMYM2	0.8225498802873105
ZMYM4	0.8823144796380091
ZMYM5	0.6298066465256797
ZMYM6	0.7429131444496052
ZMYM6NB	0.6231890909090909
ZMYND10	0.6799005763688761
ZMYND11	0.7761624129930395
ZMYND12	0.6806993865030675
ZMYND15	0.656891304347826
ZMYND19	0.796704280155642
ZMYND8	0.7276131597975416
ZNF10	0.3398257142857143
ZNF100	0.24853838678328474
ZNF101	0.3624429882044561
ZNF106	0.6203528171135885
ZNF107	0.12331578947368421
ZNF112	0.3233672627235213
ZNF114	0.26175735294117647
ZNF117	0.2848328611898017
ZNF12	0.3974672897196262
ZNF121	0.294718336483932
ZNF124	0.3659981949458484
ZNF131	0.617909090909091
ZNF132	0.2830851293103448
ZNF133	0.36317621145374446
ZNF134	0.2868509406657019
ZNF135	0.32903889943074005
ZNF136	0.20466403162055335
ZNF138	0.2412861491628615
ZNF14	0.3572437673130194
ZNF140	0.3718235294117647
ZNF141	0.31512807881773397
ZNF142	0.5601589297227595
ZNF143	0.8570564885496182
ZNF146	0.410827731092437
ZNF148	0.875421370967742
ZNF154	0.30325142857142856
ZNF155	0.32304430379746835
ZNF16	0.3636679920477137
ZNF160	0.2754966118102614
ZNF165	0.2769663573085847
ZNF169	0.36799400684931505
ZNF17	0.006060606060606061
ZNF174	0.42155710955710957
ZNF175	0.33504846225535884
ZNF177	0.3196083608360836
ZNF18	0.42369999999999997
ZNF180	0.32168686131386864
ZNF181	0.3300354969574037
ZNF184	0.42671720613287906
ZNF189	0.44439308462238397
ZNF19	0.2672095890410959
ZNF195	0.25621726822363766
ZNF197	0.45810224166211044
ZNF2	0.3585126162018592
ZNF20	0.27291257995735607
ZNF200	0.4461409796893668
ZNF202	0.48163469224620303
ZNF205	0.3541847345132743
ZNF207	0.833788990825688
ZNF208	0.3027359657469077
ZNF211	0.27495729166666666
ZNF212	0.3714296703296703
ZNF213	0.4087946524064171
ZNF214	0.3328026440037771
ZNF215	0.360301724137931
ZNF217	0.4674014527845036
ZNF219	0.5145858767205267
ZNF22	0.3820810185185185
ZNF221	0.29108252427184467
ZNF222	0.3194320610687023
ZNF223	0.34324740740740745
ZNF224	0.3636396807297605
ZNF225	0.35568421052631577
ZNF226	0.3349962686567164
ZNF227	0.41353811659192824
ZNF229	0.32436381322957203
ZNF23	0.329273519163763
ZNF230	0.3305922953451043
ZNF232	0.3153128491620112
ZNF233	0.2967775445960126
ZNF234	0.36629595959595956
ZNF235	0.324318449873631
ZNF236	0.6522777595807403
ZNF239	0.2970919377652051
ZNF24	0.6364915514592934
ZNF248	0.4376201754385965
ZNF25	0.43393667861409796
ZNF250	0.34950739957716703
ZNF251	0.31848762886597937
ZNF253	0.3878170163170163
ZNF254	0.29048381877022655
ZNF256	0.31390674318507894
ZNF257	0.244446735395189
ZNF259	0.7076849925705795
ZNF26	0.391159169550173
ZNF260	0.38601242236024846
ZNF263	0.5077182761372706
ZNF264	0.3517275449101796
ZNF266	0.2904890829694323
ZNF267	0.36027375087966224
ZNF268	0.3560808510638298
ZNF273	0.3263911472448058
ZNF274	0.3583090047393365
ZNF276	0.5171958115183246
ZNF277	0.7483200723327306
ZNF28	0.305135814889336
ZNF280A	0.38884841628959277
ZNF280B	0.6296143724696356
ZNF280D	0.6991268395234759
ZNF281	0.7531998199819981
ZNF282	0.4892362404741744
ZNF283	0.33741461342395923
ZNF284	0.35006519065190655
ZNF285	0.3094921985815603
ZNF286A	0.3771027953110911
ZNF286B	0.32949635627530366
ZNF287	0.5148028169014085
ZNF292	0.6985393748485582
ZNF296	0.36763070077864296
ZNF3	0.36303551609322976
ZNF30	0.4069279454722493
ZNF300	0.35718012422360246
ZNF302	0.36794527363184076
ZNF304	0.30063951120162935
ZNF311	0.3333038834951456
ZNF317	0.3938212648945921
ZNF318	0.5974815764925374
ZNF319	0.668437908496732
ZNF32	0.4774778761061947
ZNF320	0.24431095406360423
ZNF322	0.41889597780859916
ZNF324	0.32334088050314463
ZNF324B	0.2779591078066914
ZNF326	0.685115671641791
ZNF329	0.3202016036655212
ZNF330	0.7962114014251781
ZNF331	0.39373837209302326
ZNF333	0.3013002364066194
ZNF334	0.33474051896207585
ZNF335	0.6548084600760457
ZNF337	0.35566639935846034
ZNF33A	0.3830388489208633
ZNF33B	0.38196794370602033
ZNF34	0.295376404494382
ZNF341	0.679652972027972
ZNF343	0.3184888579387187
ZNF345	0.41577496671105196
ZNF346	0.6585895522388059
ZNF347	0.28765248962655604
ZNF35	0.380146694214876
ZNF350	0.2664676165803109
ZNF354A	0.3891926940639269
ZNF354B	0.38316770833333336
ZNF354C	0.3604506104328524
ZNF358	0.23835866261398178
ZNF362	0.7952085714285714
ZNF365	0.44082299270072994
ZNF366	0.581318359375
ZNF367	0.6704209523809523
ZNF37A	0.36239827771797634
ZNF382	0.43007089947089944
ZNF383	0.425548931383577
ZNF384	0.8092028688524591
ZNF385A	0.6366566164154104
ZNF385B	0.7070210325047801
ZNF385C	0.564032738095238
ZNF385D	0.7448220140515223
ZNF391	0.34137310606060606
ZNF394	0.28559153175591534
ZNF395	0.5862251655629139
ZNF396	0.30965384615384617
ZNF397	0.4075819536423841
ZNF398	0.44863561232156274
ZNF404	0.35878941565600886
ZNF407	0.4650640761708698
ZNF408	0.44415182029434547
ZNF410	0.5890782918149466
ZNF414	0.5021711590296496
ZNF415	0.2668351206434316
ZNF416	0.27404755614266846
ZNF417	0.28224297752808986
ZNF418	0.301117
ZNF419	0.325975572519084
ZNF420	0.2819684210526316
ZNF423	0.7452865554465162
ZNF425	0.24338468720821663
ZNF426	0.23692
ZNF428	0.6392581521739131
ZNF429	0.33561131254532267
ZNF43	0.29023146747352496
ZNF430	0.3129156398104265
ZNF431	0.16589783889980353
ZNF432	0.33560850694444444
ZNF433	0.27591445182724256
ZNF436	0.4470484429065744
ZNF438	0.4133413580246913
ZNF439	0.2878284923928077
ZNF44	0.30188590263691684
ZNF440	0.2908596698113208
ZNF441	0.3526936936936937
ZNF442	0.30066732673267327
ZNF443	0.30398624338624336
ZNF444	0.3421243611584327
ZNF445	0.36382088607594937
ZNF446	0.31303619302949065
ZNF45	0.3379598880597015
ZNF451	0.6956477572559366
ZNF454	0.39178671328671333
ZNF460	0.38461173184357544
ZNF461	0.33216696750902525
ZNF462	0.7177344689378757
ZNF467	0.3329883512544803
ZNF468	0.30403553299492386
ZNF469	0.30161917909074176
ZNF470	0.3412668393782384
ZNF471	0.3547560975609756
ZNF473	0.29710547504025764
ZNF474	0.41660419790104947
ZNF479	0.3230858960763521
ZNF48	0.36738049713193116
ZNF480	0.29333703703703706
ZNF483	0.3906671744097487
ZNF484	0.3456268545994065
ZNF485	0.3758016877637131
ZNF486	0.3425509989484753
ZNF487	0.28842098445595854
ZNF488	0.4032539936102237
ZNF490	0.25787252124645893
ZNF491	0.3135465729349736
ZNF492	0.3276127232142857
ZNF493	0.2918767885532591
ZNF496	0.5014463971880492
ZNF497	0.25565548780487807
ZNF500	0.3643772321428571
ZNF501	0.4275477386934673
ZNF502	0.3574117647058823
ZNF503	0.7964508816120907
ZNF506	0.22793700088731145
ZNF507	0.6263017501508751
ZNF510	0.29333449174630755
ZNF511	0.4148376436781609
ZNF512	0.7718222222222223
ZNF512B	0.5444457108578284
ZNF513	0.7912437888198758
ZNF514	0.284525069637883
ZNF516	0.5418805762081784
ZNF517	0.2664220623501199
ZNF518B	0.4119892735251097
ZNF519	0.32245517928286854
ZNF521	0.7564278571428572
ZNF524	0.2306937269372694
ZNF525	0.22889910600255428
ZNF526	0.39395532390171256
ZNF527	0.21667542213883678
ZNF528	0.24973744075829385
ZNF529	0.2962377690802348
ZNF530	0.3345571428571429
ZNF532	0.6267123091603053
ZNF534	0.2643124456048738
ZNF536	0.7479917149958575
ZNF540	0.3113905529953917
ZNF541	0.534211855104281
ZNF543	0.37439659685863874
ZNF544	0.29936954662104365
ZNF546	0.18776430205949657
ZNF547	0.27268827160493825
ZNF548	0.22121301775147928
ZNF549	0.32599278846153845
ZNF550	0.3340477876106195
ZNF551	0.2986840579710145
ZNF552	0.2199722222222222
ZNF554	0.27428640192539105
ZNF555	0.389296455424275
ZNF556	0.367905315614618
ZNF557	0.3637581863979849
ZNF558	0.42887801608579085
ZNF559	0.2692661870503597
ZNF560	0.28954265611257696
ZNF561	0.2559266862170088
ZNF562	0.2993232514177694
ZNF563	0.30025648021828105
ZNF564	0.22571818181818182
ZNF565	0.38290514285714283
ZNF566	0.4427165071770335
ZNF567	0.38570887245841035
ZNF568	0.3473936545240893
ZNF569	0.4181549912434326
ZNF57	0.3459471488178025
ZNF570	0.3937361111111111
ZNF571	0.394613775065388
ZNF572	0.3297245714285714
ZNF573	0.31583271650629163
ZNF574	0.43632009456264775
ZNF575	0.3043267477203647
ZNF576	0.5420566037735849
ZNF577	0.2661178010471204
ZNF578	0.30011292517006805
ZNF579	0.27646520874751496
ZNF580	0.42153211009174313
ZNF581	0.408045673076923
ZNF582	0.30840316205533597
ZNF583	0.3503076923076923
ZNF584	0.30051801801801803
ZNF585A	0.34265734265734266
ZNF585B	0.36354240134340887
ZNF586	0.3265130434782609
ZNF587	0.07903846153846154
ZNF587B	0.03184523809523809
ZNF589	0.23215463917525772
ZNF592	0.6161038839494619
ZNF593	0.6984293193717278
ZNF594	0.32734554537885097
ZNF595	0.2503375
ZNF596	0.39010256410256405
ZNF597	0.3532005347593583
ZNF598	0.5858602794411177
ZNF599	0.3107598719316969
ZNF600	0.24755218855218855
ZNF605	0.3679372071227741
ZNF606	0.4093810665068903
ZNF607	0.35884070796460177
ZNF608	0.7522054347826087
ZNF609	0.7344541375872383
ZNF610	0.29801644245142
ZNF611	0.28871387002909793
ZNF613	0.31596048298572993
ZNF614	0.270965250965251
ZNF615	0.321482342007435
ZNF616	0.26450674373795763
ZNF618	0.7665084745762711
ZNF619	0.28485611510791364
ZNF620	0.28078115942028986
ZNF621	0.364756446991404
ZNF622	0.6321062590975255
ZNF623	0.3483170426065163
ZNF624	0.4377774545454545
ZNF625	0.30452112676056337
ZNF625-ZNF20	0.43961290322580643
ZNF626	0.28789732620320857
ZNF627	0.33612250712250713
ZNF628	0.3920611476952023
ZNF629	0.36592865168539324
ZNF638	0.6248923732094464
ZNF639	0.8587252931323283
ZNF641	0.45764004149377596
ZNF644	0.84631171875
ZNF646	0.38257900774304554
ZNF648	0.3541856148491879
ZNF649	0.3120486409155937
ZNF652	0.7636302521008403
ZNF653	0.5385798994974874
ZNF654	0.7248021978021977
ZNF655	0.471974907063197
ZNF658	0.33074914869466515
ZNF66	0.2612378640776699
ZNF660	0.20394915254237286
ZNF662	0.34838551859099803
ZNF664	0.5153651804670912
ZNF665	0.3256698499317872
ZNF667	0.34520206489675515
ZNF668	0.4839533011272142
ZNF669	0.2654444444444444
ZNF670	0.27171560574948667
ZNF671	0.2119441176470588
ZNF672	0.3015843373493976
ZNF675	0.24541414141414142
ZNF676	0.3003515016685206
ZNF677	0.26574472807991123
ZNF678	0.32969488372093025
ZNF679	0.3177560975609756
ZNF680	0.3966470588235294
ZNF681	0.34213936651583715
ZNF682	0.29826168224299066
ZNF683	0.2950202839756592
ZNF684	0.36898910081743874
ZNF687	0.5431291266193063
ZNF688	0.41499490662139216
ZNF689	0.41553217568947903
ZNF69	0.30602485207100594
ZNF691	0.41561256544502617
ZNF692	0.4236070707070707
ZNF695	0.34109737417943103
ZNF696	0.08141379310344828
ZNF697	0.4364413407821229
ZNF699	0.33691372549019605
ZNF7	0.2738507831821929
ZNF70	0.35812027027027027
ZNF700	0.3123580705009276
ZNF701	0.12058638743455498
ZNF703	0.7096959669079628
ZNF704	0.7534655532359082
ZNF705A	0.32145695364238414
ZNF705B	0.3623825242718447
ZNF705D	0.3766455223880597
ZNF705G	0.30623941068139965
ZNF706	0.6611470588235294
ZNF707	0.2751408450704225
ZNF708	0.26648537378114845
ZNF709	0.3262897435897436
ZNF71	0.019828571428571428
ZNF710	0.5513719090009891
ZNF713	0.4017866666666667
ZNF714	0.32007673469387754
ZNF716	0.29707894736842105
ZNF717	0.35378048780487803
ZNF720	0.2937975609756097
ZNF721	0.365714198659354
ZNF724P	0.3650909090909091
ZNF726	0.3933630239520958
ZNF727	0.329993932038835
ZNF728	0.2694192949907236
ZNF729	0.3379209009952855
ZNF730	0.33048294243070364
ZNF732	0.34655255544840885
ZNF736	0.3390398089171974
ZNF737	0.2567316872427983
ZNF738	0.06607194244604316
ZNF74	0.3267844660194175
ZNF740	0.8811284916201118
ZNF746	0.4358811881188119
ZNF747	0.2863087378640777
ZNF749	0.286411488862837
ZNF750	0.4621574468085107
ZNF75A	0.44780650994575044
ZNF76	0.67898125
ZNF763	0.20995812807881772
ZNF764	0.3479169960474308
ZNF765	0.2957181688125894
ZNF766	0.2531276901004304
ZNF768	0.4525708775313404
ZNF77	0.32620561941251597
ZNF770	0.6596222707423581
ZNF771	0.44092566371681413
ZNF772	0.2816361185983827
ZNF773	0.2506343873517787
ZNF774	0.39349005847953217
ZNF775	0.3236071428571428
ZNF776	0.06423684210526315
ZNF777	0.542903981264637
ZNF778	0.33935342019543974
ZNF780A	0.3335342601787487
ZNF780B	0.3668116410670978
ZNF781	0.3924543610547667
ZNF782	0.35797253634894993
ZNF783	0.28792390405293633
ZNF784	0.30571282051282056
ZNF785	0.1568181818181818
ZNF786	0.3006518987341772
ZNF787	0.3726272493573265
ZNF788	0.32015766164747567
ZNF789	0.2995006729475101
ZNF79	0.38528231292517007
ZNF790	0.3178673978065803
ZNF791	0.30443034825870646
ZNF792	0.30720717948717946
ZNF793	0.3827701863354037
ZNF799	0.25737117903930135
ZNF8	0.33332584269662924
ZNF80	0.2884849315068493
ZNF800	0.8511147540983606
ZNF804A	0.47601722532588453
ZNF804B	0.48424061895551257
ZNF805	0.3762955288985823
ZNF808	0.29230543187889585
ZNF812	0.3088198198198198
ZNF813	0.3074460431654676
ZNF814	0.2770523598820059
ZNF816	0.2363707776904949
ZNF821	0.819984771573604
ZNF823	0.3384822006472492
ZNF827	0.7977854578096948
ZNF829	0.35909195402298855
ZNF83	0.2744192269573836
ZNF830	0.6284544
ZNF831	0.31565095489638356
ZNF835	0.30433931484502447
ZNF836	0.1809163346613546
ZNF837	0.18597488226059652
ZNF839	0.381264238410596
ZNF84	0.3803312146892655
ZNF841	0.2872883487007544
ZNF843	0.19990438247011952
ZNF844	0.35865926748057714
ZNF845	0.2635195530726257
ZNF846	0.31744065656565656
ZNF85	0.2327002398081535
ZNF850	0.3334865853658537
ZNF852	0.35867530695770805
ZNF853	0.3036274509803922
ZNF860	0.32811407543698257
ZNF862	0.5569479721425645
ZNF865	0.32702641878669275
ZNF878	0.29793830703012913
ZNF879	0.3957783300198807
ZNF880	0.2580402892561983
ZNF891	0.2748115299334811
ZNF90	0.30947996272134204
ZNF91	0.30672997481108316
ZNF92	0.37620867768595045
ZNF93	0.18519897959183673
ZNF98	0.3730641573994868
ZNF99	0.2746071842410197
ZNFX1	0.6331252168883749
ZNHIT1	0.8118730964467005
ZNHIT2	0.49522143698468785
ZNHIT3	0.448871921182266
ZNHIT6	0.6013359375
ZNRD1	0.6487260273972603
ZNRF1	0.6557689768976898
ZNRF2	0.7804597701149426
ZNRF3	0.6039311678267595
ZNRF4	0.369031652989449
ZP1	0.3992001811594203
ZP2	0.4458645161290323
ZP3	0.4876595744680851
ZP4	0.38626699999999997
ZPBP	0.6061868131868131
ZPBP2	0.671552
ZPLD1	0.7280405643738976
ZRANB1	0.785546997389034
ZRANB2	0.9184081632653062
ZRANB3	0.610764303482587
ZRSR1	0.7671843971631206
ZSCAN1	0.19369893899204244
ZSCAN10	0.32326283048211507
ZSCAN12	0.4097668776371308
ZSCAN16	0.3111959247648903
ZSCAN18	0.1582203166226913
ZSCAN2	0.38341961414791
ZSCAN20	0.49201025917926566
ZSCAN21	0.4293440366972477
ZSCAN22	0.3680366568914956
ZSCAN23	0.31251709401709404
ZSCAN25	0.49576810176125247
ZSCAN29	0.5629704433497537
ZSCAN30	0.31055183946488296
ZSCAN31	0.312608214849921
ZSCAN32	0.23472718894009217
ZSCAN4	0.25355642023346303
ZSCAN5A	0.22943100511073253
ZSCAN5B	0.2272029702970297
ZSCAN5C	0.20286482084690555
ZSCAN5D	0.20924709784411277
ZSCAN9	0.22605859375
ZSWIM1	0.5847389112903226
ZSWIM2	0.5008776637726914
ZSWIM3	0.5833607085346215
ZSWIM4	0.6724220238095239
ZSWIM5	0.7801681723419042
ZSWIM6	0.7719329446064139
ZSWIM7	0.6222355555555555
ZSWIM8	0.8014069218668064
ZUFSP	0.6855164960182024
ZW10	0.7485226086956522
ZWILCH	0.7041235521235522
ZWINT	0.4477713248638839
ZXDC	0.550459824442944
ZYG11A	0.7185899613899613
ZYG11B	0.8608333333333332
ZYX	0.5340325417766052
ZZEF1	0.7116706253029569
ZZZ3	0.8519193020719739
hsa-mir-1199	0.38247982708933714
hsa-mir-150	0.3207066666666667
