HPO_term	cluster_label	HPO_label
HP:0001039	3229	Atheroeruptive xanthoma
HP:0025336	3273	Delayed ability to sit
HP:0002761	1663	Generalized joint hypermobility
HP:0008798	1734	Widened greater sciatic notch
HP:0011649	2897	Patent ductus arteriosus after premature birth
HP:0034633	1999	Reduced muscle enolase activity
HP:0000826	86	Precocious puberty
HP:0002209	1192	Sparse scalp hair
HP:0011560	2114	Mitral atresia
HP:0000710	333	Hyperorality
HP:0030424	1764	Epididymal cyst
HP:0002803	2116	Congenital contracture
HP:0033279	3287	Enterocutaneous fistula
HP:0010017	4214	Cone-shaped epiphysis of the 1st metacarpal
HP:0030257	3224	Freckled genitalia
HP:0001057	3038	Aplasia cutis congenita
HP:0005550	1122	Chronic lymphatic leukemia
HP:0008609	1741	Abnormal middle ear morphology
HP:0030613	3261	Abnormal foveal morphology on macular OCT
HP:0012624	1900	Stage 2 chronic kidney disease
HP:0006812	3394	White mater abnormalities in the posterior periventricular region
HP:0031029	3625	Elevated circulating carcinoembryonic antigen concentration
HP:0030691	3273	Divergence nystagmus
HP:0030221	3892	Sweet craving
HP:0011227	1672	Elevated circulating C-reactive protein concentration
HP:0010631	76	Abnormality of the epiphyses of the feet
HP:0002341	2965	Cervical cord compression
HP:0003272	2850	Abnormal hip bone morphology
HP:0006682	2073	Premature ventricular contraction
HP:0100665	3027	Angioedema
HP:0002035	3224	Rectal prolapse
HP:0004840	1929	Hypochromic microcytic anemia
HP:0007375	86	Abnormal septum pellucidum morphology
HP:0034742	544	Elevated urinary formiminoglutamic acid level
HP:0002490	3146	Increased CSF lactate
HP:0007830	3554	Adult-onset night blindness
HP:0031447	37	Penile freckling
HP:0034719	1520	Lack of oocyte pronucleus formation
HP:6000372	3492	Elevated CSF D-glyceric acid concentration
HP:0002453	2682	Abnormal globus pallidus morphology
HP:0030323	847	Unilateral vertebral artery hypoplasia
HP:0500231	3622	Abnormal CSF pyruvate family amino acid concentration
HP:0005339	1192	Abnormality of complement system
HP:0002375	3265	Hypokinesia
HP:0010041	2026	Short 3rd metacarpal
HP:0002139	1768	Arrhinencephaly
HP:0010903	4471	Abnormal circulating glutamine concentration
HP:6000268	2755	Elevated circulating pipecolic acid concentration
HP:0008915	3446	Childhood-onset truncal obesity
HP:0025149	2523	Atrophic muscularis propria
HP:0002678	2696	Skull asymmetry
HP:0002823	5518	Abnormal femur morphology
HP:0025145	3251	Rigors
HP:0032447	1515	Pulmonary bleb
HP:6000360	3119	Reduced tissue alpha-N-acetylglucosaminidase activity
HP:0012850	2523	Small intestinal dysmotility
HP:0032530	2934	Decreased tissue succinic semialdehyde dehydrogenase activity
HP:0025680	2933	Compound muscle action potential amplitude facilitation
HP:0025175	1510	Honeycomb lung
HP:0033078	4893	Decreased circulating free T4 concentration
HP:0002225	4109	Sparse pubic hair
HP:0100242	303	Sarcoma
HP:6000656	3519	Papillary dermis eosinophilic hyaline material
HP:0006485	2219	Agenesis of incisor
HP:0030282	4125	Posterior rib gap
HP:0001919	5287	Acute kidney injury
HP:0400005	3286	Short ear
HP:0030814	2158	Orange discolored tonsils
HP:0002758	1547	Osteoarthritis
HP:0006538	1695	Recurrent bronchopulmonary infections
HP:0100250	2487	Meningeal calcification
HP:0002103	2175	Abnormal pleura morphology
HP:0006921	333	Axial muscle stiffness
HP:0012313	1547	Heberden's node
HP:0001012	1852	Multiple lipomas
HP:0006863	3648	Severe expressive language delay
HP:0100751	3522	Esophageal neoplasm
HP:0100291	2855	Delayed somatosensory central conduction time
HP:0001684	281	Secundum atrial septal defect
HP:0012153	572	Hypotriglyceridemia
HP:0008678	255	Renal hypoplasia/aplasia
HP:0003305	2166	Block vertebrae
HP:0005363	2606	Humoral immunodeficiency
HP:0006913	2270	Frontal cortical atrophy
HP:0000997	3044	Axillary freckling
HP:0012071	3147	Abnormal circulating acylcarnitine concentration
HP:0012646	3592	Retractile testis
HP:0012722	1283	Heart block
HP:0012452	5508	Restless legs
HP:0001905	2659	Congenital thrombocytopenia
HP:0010691	1529	Mirror image foot polydactyly
HP:0007249	2063	Decreased number of small peripheral myelinated nerve fibers
HP:0009736	264	Tibial pseudarthrosis
HP:0007302	836	Bipolar affective disorder
HP:0100742	3423	Vascular neoplasm
HP:0100263	3514	Distal symphalangism
HP:0004637	1552	Decreased cervical spine mobility
HP:0010275	2440	Pseudoepiphyses of the proximal phalanges of the hand
HP:0002100	4187	Recurrent aspiration pneumonia
HP:0034275	3766	Verrucous epidermal nevus
HP:0030290	4730	Unossified sacrum
HP:0000793	4543	Membranoproliferative glomerulonephritis
HP:0006593	4125	Anomalous rib insertion to vertebrae
HP:0006808	4039	Cerebral hypomyelination
HP:0031705	2769	Compensatory head posture
HP:0004900	308	Severe lactic acidosis
HP:0040291	3146	Skeletal muscle steatosis
HP:0008194	2031	Multiple pancreatic beta-cell adenomas
HP:6000240	3197	Reduced circulating pyrimidine 5-prime-nucleotidase activity
HP:0030254	3027	Nail bed hemorrhage
HP:0007601	1396	Midline facial capillary hemangioma
HP:0008839	3881	Hypoplastic pelvis
HP:0041159	4589	Fractured rib
HP:0000935	4373	Thickened cortex of long bones
HP:0011636	3685	Abnormal coronary artery origin
HP:0100660	3329	Dyskinesia
HP:0008097	452	Partial fusion of tarsals
HP:0033794	610	Acral overgrowth
HP:0031153	1663	Membranous vitreous appearance
HP:0002322	2023	Resting tremor
HP:0100274	4699	Gustatory lacrimation
HP:0031473	4554	Hostility
HP:0004679	3650	Large tarsal bones
HP:0011487	2587	Increased corneal thickness
HP:0000502	5321	Abnormal conjunctiva morphology
HP:0008258	3943	Congenital adrenal hyperplasia
HP:0008424	289	Hypoplastic 5th lumbar vertebrae
HP:0002671	1600	Basal cell carcinoma
HP:0030466	4753	Abnormal full-field electroretinogram
HP:0000870	197	Increased circulating prolactin concentration
HP:0001650	2818	Aortic valve stenosis
HP:0500153	378	Hyperargininemia
HP:0033048	2221	Substantia nigra hypointensity on susceptibility-weighted imaging
HP:0003226	2530	Rectilinear intracellular accumulation of autofluorescent lipopigment storage material
HP:0004866	3909	Impaired ADP-induced platelet aggregation
HP:0009892	3084	Anotia
HP:0003655	3455	Reduced level of N-acetylglucosaminyltransferase II
HP:0007550	2505	Hypohidrosis or hyperhidrosis
HP:0009792	1388	Teratoma
HP:0004607	2850	Anterior beaking of lower thoracic vertebrae
HP:0030145	1010	Lack of bowel sounds
HP:0004432	3647	Agammaglobulinemia
HP:0003977	3531	Deformed radius
HP:0007359	2469	Focal-onset seizure
HP:0045046	3249	Reduced insulin like growth factor binding protein acid labile subunit concentration
HP:0003073	3267	Hypoalbuminemia
HP:6000619	2161	Reduced phosphoenolpyruvate carboxykinase activity in cultured fibroblasts
HP:0003765	1254	Psoriasiform dermatitis
HP:0000086	3617	Ectopic kidney
HP:0011386	2998	Narrow internal auditory canal
HP:0003040	3593	Arthropathy
HP:0030042	4755	Incomplete ossification of pubis
HP:0003487	3348	Babinski sign
HP:6000119	636	Elevated urinary dihydrothymine level
HP:0012114	49	Endometrial carcinoma
HP:0025321	3215	Copper accumulation in liver
HP:0011261	3478	Darwin tubercle of helix
HP:0004794	2310	Malrotation of small bowel
HP:0003393	3773	Thenar muscle atrophy
HP:0000307	3876	Pointed chin
HP:0007220	3570	Demyelinating motor neuropathy
HP:0025278	2845	Cold-induced sweating
HP:0007335	4890	Recurrent encephalopathy
HP:0002289	3257	Alopecia universalis
HP:0007366	3275	Atrophy/Degeneration affecting the brainstem
HP:0003538	1300	Increased iduronate sulfatase level
HP:0030503	72	Macular telangiectasia
HP:0012647	3846	Abnormal inflammatory response
HP:0000929	1213	Abnormal skull morphology
HP:0000454	2914	Flared nostrils
HP:0006992	4790	Anterior basal encephalocele
HP:0025134	4734	Increased serum estradiol
HP:0006747	2970	Ganglioneuroblastoma
HP:0000708	3011	Atypical behavior
HP:0004719	1904	Hyperechogenic kidneys
HP:0031425	2921	Increased circulating beta-C-terminal telopeptide concentration
HP:0032047	2073	Focal cortical dysplasia type I
HP:0010900	3417	Abnormal circulating threonine concentration
HP:0004732	4840	Impaired renal uric acid clearance
HP:0032521	2189	Self hugging
HP:0006671	4534	Paroxysmal atrial tachycardia
HP:0002076	2472	Migraine
HP:0012775	1759	Stellate iris
HP:0008314	3191	Decreased activity of mitochondrial complex II
HP:0032287	1862	Ultra-low vision with no light perception
HP:0002552	3270	Trichodysplasia
HP:0100490	1631	Camptodactyly of finger
HP:0025672	5295	Fetal skin edema
HP:0007078	3179	Decreased amplitude of sensory action potentials
HP:0009464	1221	Ulnar deviation of the 2nd finger
HP:0034179	3254	Vertebral artery aneurysm
HP:0002711	4688	Exaggerated median tongue furrow
HP:0034203	2965	Decreased iduronate sulfatase level
HP:0025118	4695	Lip discoloration
HP:0033235	2560	Difficulty descending stairs
HP:0001704	2064	Tricuspid valve prolapse
HP:0033214	1122	Recurrent viral pneumonia
HP:0032509	1741	Onychotillomania
HP:0034565	3637	Elevated urinary 5-amino-4-imidazolecarboxamide-riboside level
HP:0011370	2395	Recurrent cutaneous fungal infections
HP:0000474	3752	Thickened nuchal skin fold
HP:0007208	1625	Irregular myelin loops
HP:0025262	3348	Stiff hip
HP:0045074	2622	Thin eyebrow
HP:0009804	3347	Tooth agenesis
HP:0033194	2544	Perioral erythema
HP:0004603	2454	Hyperconvex vertebral body endplates
HP:0010468	1876	Aplasia/Hypoplasia of the testes
HP:0005867	3450	4-5 metacarpal synostosis
HP:0010521	3140	Gait apraxia
HP:0011120	2761	Concave nasal ridge
HP:0008780	1332	Congenital bilateral hip dislocation
HP:0032012	1864	Heterotropia
HP:0002401	4036	Stroke-like episode
HP:0033785	3271	Enamel agenesis
HP:0009773	1508	Symphalangism affecting the phalanges of the hand
HP:0012083	2687	Ubiquitin-positive cerebral inclusion bodies
HP:0500233	2876	Increased CSF alanine concentration
HP:0000550	3051	Undetectable electroretinogram
HP:0000727	3256	Frontal lobe dementia
HP:0012465	3199	Elevated hepatic iron concentration
HP:0004962	2818	Thoracic aorta calcification
HP:0030319	3259	Weakness of facial musculature
HP:0000182	2096	Movement abnormality of the tongue
HP:0000580	1677	Pigmentary retinopathy
HP:0012721	1086	Venous malformation
HP:0030197	2314	Fatigable weakness of skeletal muscles
HP:0500210	281	Increased CSF methionine concentration
HP:0011573	2220	Hypoplastic tricuspid valve
HP:0004095	3636	Curved fingers
HP:0100334	3673	Unilateral cleft palate
HP:0010722	1506	Asymmetry of the ears
HP:0031374	2746	Ankle weakness
HP:0001951	1	Episodic ammonia intoxication
HP:0020073	808	Hypopigmented macule
HP:0006587	3515	Straight clavicles
HP:0012284	1293	Small proximal tibial epiphyses
HP:0030050	4988	Narcolepsy
HP:0005463	2945	Elongated sella turcica
HP:0002876	5233	Episodic tachypnea
HP:0001600	1721	Abnormality of the larynx
HP:0008144	5358	Flattening of the talar dome
HP:0005997	3890	Neck joint contracture
HP:0002617	3324	Vascular dilatation
HP:0012905	3838	Euryblepharon
HP:0410030	1532	Cleft lip
HP:0000842	2061	Hyperinsulinemia
HP:0000775	2099	Abnormality of the diaphragm
HP:0009069	3241	Lethal infantile mitochondrial myopathy
HP:0003075	1612	Hypoproteinemia
HP:0012410	4678	Pure red cell aplasia
HP:6000218	2959	Reduced circulating xanthine oxidase activity
HP:0500253	3192	Increased level of gamma-aminobutyric acid in urine
HP:0003237	1973	Increased circulating IgG level
HP:0030247	1672	Splanchnic vein thrombosis
HP:6000015	3593	Tympanic membrane hypermobility
HP:0001000	2950	Abnormality of skin pigmentation
HP:0034014	2342	Tubulonodular pericallosal lipoma
HP:0001004	3394	Lymphedema
HP:0002577	5521	Abnormal stomach morphology
HP:0000598	3292	Abnormality of the ear
HP:0100866	2352	Short iliac bones
HP:0034196	3235	Ductus venosus agenesis
HP:0032148	839	Episodic pain
HP:0033601	3653	Glomerular subepithelial immune-complex deposits
HP:0001493	16	Falciform retinal fold
HP:0031508	1913	Abnormal circulating thyroid hormone concentration
HP:0030515	3314	Moderately reduced visual acuity
HP:0030329	93	Retinal thinning
HP:0010782	4654	Shoulder dimple
HP:0004590	3574	Hypoplastic sacrum
HP:0000910	2859	Wide-cupped costochondral junctions
HP:0002300	3892	Mutism
HP:0011364	3270	White hair
HP:0040303	639	Decreased circulating iron concentration
HP:6000569	2860	Midline notching of lower lip
HP:0000863	3213	Central diabetes insipidus
HP:0008606	3038	Supraauricular pit
HP:0007097	2602	Cranial nerve motor loss
HP:0005987	2216	Multinodular goiter
HP:0011002	2938	Osteopetrosis
HP:0008947	2607	Infantile muscular hypotonia
HP:0012347	5497	Abnormal protein N-linked glycosylation
HP:0010744	3152	Absent metatarsal bone
HP:0000548	2806	Cone/cone-rod dystrophy
HP:0025357	4892	Erratic myoclonus
HP:0000570	1831	Abnormal saccadic eye movements
HP:0045027	5078	Abnormality of the thoracic cavity
HP:0100276	4280	Skin pit
HP:0009002	4796	Loss of truncal subcutaneous adipose tissue
HP:0012658	73	Abnormal brain FDG positron emission tomography
HP:0034454	3075	Arachnoid granulation
HP:0003375	1734	Narrow greater sciatic notch
HP:0006371	769	Broad long bone diaphyses
HP:0031414	2921	High serum calcifediol
HP:0500262	2569	Atrichia
HP:0010994	4104	Abnormal corpus striatum morphology
HP:0010068	853	Broad first metatarsal
HP:6000118	3035	Elevated urinary dihydrouracil level
HP:0003447	125	Axonal loss
HP:0006467	1306	Limited shoulder movement
HP:0002916	1799	Abnormality of chromosome segregation
HP:0031165	900	Multifocal seizures
HP:0010300	2585	Abnormally low-pitched voice
HP:0000860	4192	Parathyroid hypoplasia
HP:0005736	4214	Short tibia
HP:0004458	2507	Dilatated internal auditory canal
HP:0003324	3845	Generalized muscle weakness
HP:0008038	4908	Aplastic/hypoplastic lacrimal glands
HP:0001042	4930	High axial triradius
HP:0008072	3974	Maternal virilization in pregnancy
HP:0002099	2430	Asthma
HP:0004860	3143	Thiamine-responsive megaloblastic anemia
HP:4000007	1854	Bronchoconstriction
HP:0000573	3334	Retinal hemorrhage
HP:0000637	1290	Long palpebral fissure
HP:0008988	3559	Pelvic girdle muscle atrophy
HP:0008897	3658	Postnatal growth retardation
HP:4000141	3263	Left ventricular dilatation
HP:0011108	4572	Recurrent sinusitis
HP:0002816	2868	Genu recurvatum
HP:0040009	1572	Hyperparakeratosis
HP:0003269	4874	Sudanophilic leukodystrophy
HP:0100024	2536	Conspicuously happy disposition
HP:0011220	1569	Prominent forehead
HP:0012075	2412	Personality disorder
HP:0032141	2802	Precordial pain
HP:0002062	1813	Abnormal pyramidal tract morphology
HP:0002056	4056	Abnormality of the glabella
HP:0004341	1764	Abnormality of vitamin B12 metabolism
HP:0100590	4950	Rectal fistula
HP:0010989	2297	Abnormality of the intrinsic pathway
HP:0010751	3951	Dimple chin
HP:0100347	4184	Tibial deviation of the 5th toe
HP:0002195	2323	Dysgenesis of the cerebellar vermis
HP:0100584	949	Endocarditis
HP:0009566	912	Short distal phalanx of the 2nd finger
HP:0100578	3444	Lipoatrophy
HP:0002500	3253	Abnormal cerebral white matter morphology
HP:0007818	1064	Central heterochromia
HP:0002304	1280	Akinesia
HP:0100671	2865	Abnormal trabecular bone morphology
HP:0000080	4734	Abnormality of reproductive system physiology
HP:0006463	2502	Rickets of the lower limbs
HP:0008198	3174	Congenital hypoparathyroidism
HP:0000839	2372	Pituitary dwarfism
HP:0004871	1719	Perineal fistula
HP:0010750	2539	Dermatochalasis
HP:0001260	2855	Dysarthria
HP:0025018	2019	Abnormal capillary physiology
HP:0030983	2506	Ovarian thecoma
HP:0000621	3532	Entropion
HP:0030512	5235	Difficulty adjusting to changes in luminance
HP:0009737	3044	Lisch nodules
HP:0000764	5231	Peripheral axonal degeneration
HP:0004527	578	Large clumps of pigment irregularly distributed along hair shaft
HP:0002507	4448	Semilobar holoprosencephaly
HP:3000037	3316	Abnormal neck blood vessel morphology
HP:0007627	5483	Mandibular condyle aplasia
HP:0500182	2409	Hypotaurinemia
HP:0012529	217	Abnormal dense granule content
HP:0009830	2602	Peripheral neuropathy
HP:6000210	5276	Elevated CSF N-carbamyl-beta-alanine concentration
HP:0010646	2678	Cervical spine instability
HP:0002504	1428	Calcification of the small brain vessels
HP:3000010	777	Abnormality of orbicularis oris muscle
HP:0011433	3267	High maternal circulating chorionic gonadotropin concentration
HP:0030431	965	Osteochondroma
HP:0008477	4109	Poorly ossified cervical vertebrae
HP:0005198	3667	Stiff interphalangeal joints
HP:0012798	2752	Pulmonary lymphangiomyomatosis
HP:0033188	2473	Cystic acne
HP:0000527	1513	Long eyelashes
HP:0011385	1744	Absent internal auditory canal
HP:0005086	1989	Knee osteoarthritis
HP:0100750	4360	Atelectasis
HP:6000484	2072	Elevated brain guanidinoacetate level by MRS
HP:0040081	2881	Abnormal circulating creatine kinase concentration
HP:0000741	2618	Apathy
HP:0009765	2862	Low hanging columella
HP:0003992	4034	Slender ulna
HP:0007408	32	Tegumentary leishmaniasis susceptibility
HP:0006335	5196	Persistence of primary teeth
HP:0009487	3860	Ulnar deviation of the hand
HP:0002419	136	Molar tooth sign on MRI
HP:0031103	2915	Decreased cirrculating antimullerian hormone circulation
HP:0100337	3207	Bilateral cleft palate
HP:0100251	4952	Multiple central nervous system lipomas
HP:0025201	5344	Abnormal circulating apolipoprotein concentration
HP:0004629	595	Small cervical vertebral bodies
HP:0031643	2147	Fusiform ascending tubular aorta aneurysm
HP:0005035	3402	Shortening of all phalanges of the toes
HP:0002664	2646	Neoplasm
HP:0034677	3087	Ankle contracture
HP:0001321	3219	Cerebellar hypoplasia
HP:0032755	2469	Focal impaired awareness autonomic seizure
HP:0100962	569	Excessive shyness
HP:0025517	3821	Hypoplastic hippocampus
HP:0011782	2738	Thyroid crisis
HP:0007688	1465	Undetectable light- and dark-adapted electroretinogram
HP:0001384	3242	Abnormal hip joint morphology
HP:0006563	1575	Malformation of the hepatic ductal plate
HP:0001853	901	Bifid distal phalanx of toe
HP:0009473	2880	Joint contracture of the hand
HP:0000812	2391	Abnormal internal genitalia
HP:0032219	3693	Increased proportion of CD4-positive T cells
HP:0200141	1806	Small, conical teeth
HP:0040195	1160	Decreased head circumference
HP:0009943	4754	Complete duplication of thumb phalanx
HP:0010176	3294	Curved toe phalanx
HP:0005957	523	Breathing dysregulation
HP:0020152	1948	Distal joint hypermobility
HP:0025100	2939	Abnormal hippocampus morphology
HP:4000202	3277	Reduced alpha-N-acetylgalactosaminidase activity in cultured fibroblasts
HP:0003995	1077	Abnormality of the radial head
HP:0000003	3619	Multicystic kidney dysplasia
HP:0004484	3340	Craniofacial asymmetry
HP:0009816	3039	Lower limb undergrowth
HP:0012511	2742	Temporal optic disc pallor
HP:0001027	1350	Soft, doughy skin
HP:0004386	754	Gastrointestinal inflammation
HP:0010627	2372	Anterior pituitary hypoplasia
HP:0006442	3389	Hypoplasia of proximal fibula
HP:0010941	2146	Aplasia of the nasal bone
HP:0010707	3434	1-4 finger syndactyly
HP:0006659	4809	Internally rotated shoulders
HP:0008822	5433	Hypoplastic ischiopubic ramus
HP:0007229	2285	Intracerebral periventricular calcifications
HP:0004605	2732	Absent vertebral body mineralization
HP:0007476	2226	Anhidrotic ectodermal dysplasia
HP:0100268	2070	Upper lip pit
HP:0000339	1099	Pugilistic facies
HP:0006144	3330	Shortening of all proximal phalanges of the fingers
HP:0003466	127	Paradoxical increased cortisol secretion on dexamethasone suppression test
HP:0031445	1086	Oral mucosa nodule
HP:0000992	223	Cutaneous photosensitivity
HP:0410135	2430	Cold urticaria
HP:0005424	3916	Absent specific antibody response
HP:0011232	3206	Infra-orbital fold
HP:0034383	124	Elevated circulating biliverdin concentration
HP:0008003	1618	Jerky ocular pursuit movements
HP:0000704	2967	Periodontitis
HP:0001681	2158	Angina pectoris
HP:0011509	2827	Macular hyperpigmentation
HP:0000843	1550	Hyperparathyroidism
HP:6000419	3446	Elevated circulating proinsulin concentration
HP:0002363	707	Abnormal brainstem morphology
HP:0008944	3342	Distal lower limb amyotrophy
HP:0012108	2205	Open angle glaucoma
HP:6000100	4960	Hyperpolarized transepithelial nasal potential difference
HP:0010527	2000	Astereognosis
HP:0006477	4842	Abnormal alveolar ridge morphology
HP:0011730	73	Abnormal central sensory function
HP:0006237	1330	Prominent interphalangeal joints
HP:0009758	5020	Pyramidal skinfold extending from the base to the top of the nails
HP:0001087	2172	Developmental glaucoma
HP:6000536	1374	Elevated urinary coproporphyrin level
HP:0003612	581	Positive ferric chloride test
HP:0034914	3124	Oocyte maturation arrest
HP:0030183	1670	Impaired visually enhanced vestibulo-ocular reflex
HP:0005230	1607	Biliary tract obstruction
HP:0007338	1471	Hypermetric saccades
HP:0004385	4009	Protracted diarrhea
HP:0004785	674	Malrotation of colon
HP:0005916	1912	Abnormal metacarpal morphology
HP:0001133	1570	Constriction of peripheral visual field
HP:6000659	3265	Elevated muscle fiber laminin alpha 5 expression
HP:0009751	1775	Aplasia of the pectoralis major muscle
HP:0033596	2990	Elevated urinary 3-methylcrotonylglycine level
HP:0003065	2608	Patellar hypoplasia
HP:0032070	1801	Leptomeningeal enhancement
HP:0005313	4549	Arterial fibromuscular dysplasia
HP:0000751	2596	Personality changes
HP:0031947	1250	Tongue tremor
HP:0000073	2273	Ureteral duplication
HP:0002245	1978	Meckel diverticulum
HP:0031456	184	Ectopic pregnancy
HP:0008447	2498	Hypoplastic coccygeal vertebrae
HP:0008430	659	Anterior beaking of lumbar vertebrae
HP:0000815	2464	Hypergonadotropic hypogonadism
HP:0007178	2889	Motor polyneuropathy
HP:0002831	2383	Long coccyx
HP:0032860	2523	Generalized non-convulsive status epilepticus without coma
HP:0005768	2127	2-4 toe cutaneous syndactyly
HP:0500046	3016	Seborrhoeic blepharitis
HP:0001909	855	Leukemia
HP:0008110	3676	Equinovarus deformity
HP:0011968	2933	Feeding difficulties
HP:0006252	1429	Interphalangeal joint erosions
HP:0006406	1375	Club-shaped proximal femur
HP:0006040	517	Long second metacarpal
HP:0000962	2505	Hyperkeratosis
HP:0010479	4697	Patent urachus
HP:0012026	2014	Hyperornithinemia
HP:0005275	2057	Cartilaginous ossification of nose
HP:0000482	2901	Microcornea
HP:0032515	639	Deep dermatophytosis
HP:0011149	163	Absence seizure with eyelid myoclonia
HP:0003348	813	Hyperalaninemia
HP:0008608	3676	Hypertrophic auricular cartilage
HP:0012490	1571	Panniculitis
HP:0001763	1147	Pes planus
HP:0031454	2343	Apocrine hidrocystoma
HP:0000546	3554	Retinal degeneration
HP:0003481	4054	Segmental peripheral demyelination/remyelination
HP:0004482	2417	Relative macrocephaly
HP:0002169	1977	Clonus
HP:0034302	3859	Megalopapilla
HP:0200037	3698	Skin vesicle
HP:0006834	4188	Developmental stagnation at onset of seizures
HP:0003388	1706	Easy fatigability
HP:0004935	878	Pulmonary artery atresia
HP:0025025	347	Rectovestibular fistula
HP:0010575	4321	Dysplasia of the femoral head
HP:0025461	5273	Abnormal cell morphology
HP:0004450	2696	Preauricular skin furrow
HP:0010315	1753	Aplasia/Hypoplasia of the diaphragm
HP:0033681	2929	Oligodendroglioma
HP:0010102	1768	Aplasia of the distal phalanx of the hallux
HP:0001876	2787	Pancytopenia
HP:0009461	303	Short 3rd finger
HP:0030196	1551	Fatigable weakness of respiratory muscles
HP:0005186	1989	Synovial lining hyperplasia
HP:0011240	3647	Prominent stem of antihelix
HP:0034823	1804	Decreased CSF copper concentration
HP:0025116	1728	Fetal distress
HP:0030766	2601	Ear pain
HP:0002590	3094	Paralytic ileus
HP:0002186	3200	Apraxia
HP:0031394	306	Abnormal CD4:CD8 ratio
HP:0008760	4098	Violent behavior
HP:0005561	883	Abnormal bone marrow cell morphology
HP:0005428	2944	Severe recurrent varicella
HP:0031388	2472	Megakaryocyte nucleus hyperlobulation
HP:0008922	9	Childhood-onset short-trunk short stature
HP:0003355	1271	Aminoaciduria
HP:0031490	3247	Hemangioma of the lip
HP:0008488	2901	Anterior rounding of vertebral bodies
HP:0002720	1720	Decreased circulating IgA level
HP:0003575	3935	Increased intracellular sodium
HP:0500193	3337	Increased CSF isoleucine concentration
HP:0009932	2824	Single naris
HP:0011507	3131	Macular flecks
HP:0004859	3618	Amegakaryocytic thrombocytopenia
HP:0012699	2296	Anomaly of lower limb diaphyses
HP:0003570	1358	Molybdenum cofactor deficiency
HP:0011355	725	Localized skin lesion
HP:0009023	4049	Abdominal wall muscle weakness
HP:0000625	4901	Eyelid coloboma
HP:0011918	1726	Clinodactyly of the 4th toe
HP:0000691	1772	Microdontia
HP:0002686	1339	Pregnancy history
HP:0200160	3814	Agenesis of maxillary incisor
HP:0001840	2418	Metatarsus adductus
HP:0032052	4807	Focal cortical dysplasia type IIa
HP:0007340	3263	Lower limb muscle weakness
HP:0011929	354	Hypersegmentation of proximal phalanx of third finger
HP:0011379	4244	Dilated vestibule of the inner ear
HP:0012637	2366	Renal calcium wasting
HP:0002108	1083	Spontaneous pneumothorax
HP:0004452	3370	Abnormality of the middle ear ossicles
HP:0001071	848	Angiokeratoma corporis diffusum
HP:0031854	189	Left Isomerism
HP:0000179	2134	Thick lower lip vermilion
HP:0011490	4159	Abnormal Descemet membrane morphology
HP:0000048	200	Bifid scrotum
HP:0007464	3876	Sparse facial hair
HP:0011510	3056	Drusen
HP:0025236	3011	Somnambulism
HP:0005462	2267	Calcification of falx cerebri
HP:0100333	3169	Unilateral cleft lip
HP:0009088	1974	Speech articulation difficulties
HP:0006994	3371	Diffuse leukoencephalopathy
HP:0006768	5532	Localized neuroblastoma
HP:0034283	3037	Increased fecal protoporphyrin concentration
HP:0011286	2970	Total colonic aganglionosis
HP:0410291	3869	Negativism
HP:0000375	2313	Abnormal cochlea morphology
HP:0034311	2557	Hypoplastic optic chiasm
HP:0009603	1939	Deviation of the thumb
HP:0001098	3261	Abnormal fundus morphology
HP:0000270	3475	Delayed cranial suture closure
HP:0001350	1611	Slurred speech
HP:0011672	3106	Cardiac myxoma
HP:0410297	1012	Partial absence of specific antibody response to tetanus vaccine
HP:0002185	196	Neurofibrillary tangles
HP:0012608	4177	Hypermagnesiuria
HP:0040253	48	Increased size of the clitoris
HP:0005328	4796	Progeroid facial appearance
HP:6000335	3259	Elevated urinary quinolinic acid level
HP:0010701	1895	Abnormal immunoglobulin level
HP:0003489	919	Acute episodes of neuropathic symptoms
HP:0003862	5518	Absent humerus
HP:0007271	136	Occipital myelomeningocele
HP:0032448	2868	Achlorhydria
HP:0030743	820	Glial remnants anterior to the optic disc
HP:0500142	3128	Hypolysinemia
HP:0003457	2669	EMG abnormality
HP:0002914	470	Hyperchloriduria
HP:0007505	174	Progressive hyperpigmentation
HP:0006206	1631	Hypersegmentation of proximal phalanx of second finger
HP:0008724	1787	Hypoplasia of the ovary
HP:0033085	3986	Reduced antral follicle count
HP:0500007	1790	Iris flocculi
HP:0007924	30	Slow decrease in visual acuity
HP:0034521	3257	Periorificial hyperkeratosis
HP:0001699	2250	Sudden death
HP:0040012	4713	Chromosome breakage
HP:0003185	4834	Short greater sciatic notch
HP:0032553	2691	Weak pulse
HP:0000700	4470	Periapical bone loss
HP:0005423	1356	Dysfunctional alternative complement pathway
HP:0001060	4134	Axillary pterygium
HP:0011760	655	Pituitary growth hormone cell adenoma
HP:4000208	1425	Reduced erythrocyte galactose-1-phosphate uridylyltransferase activity
HP:0012493	2537	Middle cerebral artery stenosis
HP:0000695	2576	Natal tooth
HP:0045025	2234	Narrow palpebral fissure
HP:0011840	3578	Abnormality of T cell physiology
HP:0025630	4471	Argininosuccinic aciduria
HP:0031177	2109	Finger flexor weakness
HP:0001336	3277	Myoclonus
HP:4000073	1562	Pronoun reversal
HP:0000723	4752	Restrictive behavior
HP:0003118	2156	Increased circulating cortisol level
HP:0011107	156	Recurrent aphthous stomatitis
HP:0006495	1899	Aplasia/Hypoplasia of the ulna
HP:0007064	230	Progressive language deterioration
HP:0005332	3779	Recurrent mandibular subluxations
HP:0010839	3940	Increased urinary copper concentration
HP:0034399	2433	Prolonged central motor conduction time
HP:0005542	4759	Prolonged whole-blood clotting time
HP:0011321	3329	Left unilambdoid synostosis
HP:0011624	1258	Apical muscular ventricular septal defect
HP:6000605	4121	Elevated urinary 7-hydroxyoctanoic acid level
HP:0001437	1788	Abnormality of the musculature of the lower limbs
HP:0002107	166	Pneumothorax
HP:0040330	2315	Confluent hyperintensity of cerebral white matter on MRI
HP:0100038	951	Slow-growing scalp hair
HP:0010954	3397	Hypoplastic right heart
HP:0012672	1557	Akinetic mutism
HP:0001181	2099	Adducted thumb
HP:6000526	5287	Failure to elevate lactate upon ischemic exercise test
HP:0012470	308	Setting-sun eye phenomenon
HP:0008723	3639	Gonadal dysgenesis with female appearance, male
HP:0009894	1928	Thickened ears
HP:0001791	2658	Fetal ascites
HP:0011224	2193	Ablepharon
HP:0034391	1885	Elbow contracture
HP:0001251	3140	Ataxia
HP:0009739	818	Hypoplasia of the antihelix
HP:0002414	4598	Spina bifida
HP:0032261	676	Nontuberculous mycobacterial pulmonary infection
HP:0033683	1947	Jaw hyperreflexia
HP:0008482	1852	Asymmetry of spinal facet joints
HP:0025369	850	Thick growth plates
HP:0006163	1552	Enlarged metacarpophalangeal joints
HP:0002974	2015	Radioulnar synostosis
HP:0030416	3522	Vulvar neoplasm
HP:0004491	1243	Large posterior fontanelle
HP:0002492	2533	Abnormal corticospinal tract morphology
HP:0000306	1568	Abnormality of the chin
HP:0005304	3005	Hypoplastic pulmonary veins
HP:0030350	1905	Erythematous papule
HP:0012740	3766	Papilloma
HP:0002990	952	Fibular aplasia
HP:0004236	2170	Irregular carpal bones
HP:0010909	4139	Abnormal circulating arginine concentration
HP:6000478	3433	Elevated circulating 2-trans,4-cis-decadienoylcarnitine concentration
HP:0004420	2890	Arterial thrombosis
HP:0005986	3420	Limitation of neck motion
HP:0009118	2756	Aplasia/Hypoplasia of the mandible
HP:0030468	5021	Abnormal multifocal electroretinogram
HP:0000095	4543	Abnormal renal glomerulus morphology
HP:0001498	2170	Carpal bone hypoplasia
HP:0006568	5042	Increased hepatic glycogen content
HP:0031354	1543	Sleep onset insomnia
HP:0005317	2619	Increased pulmonary vascular resistance
HP:0004940	2706	Generalized arterial calcification
HP:0030001	1144	Lagophthalmos
HP:0010553	4397	Oculogyric crisis
HP:0030800	5314	Abnormal visual accommodation
HP:0003874	1213	Humerus varus
HP:0100542	1553	Abnormal localization of kidney
HP:0002312	3177	Clumsiness
HP:0003316	3030	Butterfly vertebrae
HP:0000079	2050	Abnormality of the urinary system
HP:0003252	2191	Anteriorly displaced genitalia
HP:0000036	785	Abnormal penis morphology
HP:0001373	3254	Joint dislocation
HP:0006193	3881	Thimble-shaped middle phalanges of hand
HP:0002009	3007	Potter facies
HP:0012229	1578	CSF pleocytosis
HP:0031352	3792	Chest tightness
HP:0041045	5455	Increased neutrophil mitochondria
HP:0002668	158	Paraganglioma
HP:0033631	2339	Spondylitis
HP:0030631	2704	Hyperautofluorescent macular lesion
HP:0001194	3211	Abnormalities of placenta or umbilical cord
HP:0034804	2373	Corneal foreign body sensation
HP:0008797	4187	Early ossification of capital femoral epiphyses
HP:0001958	1727	Nonketotic hypoglycemia
HP:0009650	1870	Short distal phalanx of the thumb
HP:0100532	4164	Scleritis
HP:0034163	1929	Reduced circulating interleukin 10 concentration
HP:0004632	2166	Cervical segmentation defect
HP:0007503	2768	Generalized ichthyosis
HP:0003654	636	Reduced dihydropyrimidine dehydrogenase level
HP:0012050	1158	Anasarca
HP:0005121	3702	Posterior scalloping of vertebral bodies
HP:0011154	2392	Focal autonomic seizure
HP:6000133	2270	Decreased circulating nicotinamide adenine dinucleotide-cytochrome b5 reductase activity
HP:0008451	3696	Posterior vertebral hypoplasia
HP:0006719	1742	Benign gastrointestinal tract tumors
HP:0030328	2938	Decreased osteoclast count
HP:0009274	3134	Joint contracture of the 4th finger
HP:0001178	3	Ulnar claw
HP:0040024	1927	Clinodactyly of the 3rd finger
HP:0002110	1510	Bronchiectasis
HP:0006645	2420	Thin clavicles
HP:0000337	1443	Broad forehead
HP:0008672	3187	Calcium oxalate nephrolithiasis
HP:6000132	1156	Reduced erythrocyte gamma-glutamyl cysteine synthetase activity
HP:0012758	2885	Neurodevelopmental delay
HP:0000864	3159	Abnormality of the hypothalamus-pituitary axis
HP:0009575	1221	Triangular shaped middle phalanx of the 2nd finger
HP:0100595	2344	Camptocormia
HP:0000658	2499	Eyelid apraxia
HP:0025420	2411	Diffuse alveolar hemorrhage
HP:0007965	2307	Undetectable visual evoked potentials
HP:0002530	3050	Axial dystonia
HP:0030187	3746	Titubation
HP:0003787	3845	Type 1 and type 2 muscle fiber minicore regions
HP:0005474	1619	Decreased calvarial ossification
HP:0009606	2159	Complete duplication of distal phalanx of the thumb
HP:0032810	2652	Focal sensory seizure with cephalic sensation
HP:0004303	3589	Abnormal muscle fiber morphology
HP:0032165	460	Placental mesenchymal dysplasia
HP:0011599	4003	Mesocardia
HP:4000105	4787	Abnormal four chamber view of the fetal heart
HP:0006887	2303	Intellectual disability, progressive
HP:0008479	1567	Hypoplastic vertebral bodies
HP:0003895	2454	Flattened humeral epiphyses
HP:0030707	2415	Unilateral lung agenesis
HP:0100615	4510	Ovarian neoplasm
HP:0002491	2184	Spasticity of facial muscles
HP:0001376	3828	Limitation of joint mobility
HP:0034280	3771	Target cells
HP:0006267	2705	Large placenta
HP:0009238	3531	Aplasia of the 5th finger
HP:0010735	2026	Polyostotic fibrous dysplasia
HP:0002355	2560	Difficulty walking
HP:0010715	1569	2-5 toe syndactyly
HP:0008163	3943	Decreased circulating cortisol level
HP:0033755	1161	Increased left ventricular end-diastolic volume
HP:0001308	941	Tongue fasciculations
HP:0031844	3256	Euphoria
HP:0030479	2769	Abnormal amplitude of light-adapted flicker electroretinogram
HP:0032005	2434	Hemidystonia
HP:0005546	208	Increased red cell osmotic resistance
HP:0100682	1716	Tracheal atresia
HP:0025475	1600	Erythematous macule
HP:0012035	2601	Steatocystoma multiplex
HP:0025044	2821	Lung abscess
HP:0010077	1889	Broad distal phalanx of the hallux
HP:0007479	3162	Congenital nonbullous ichthyosiform erythroderma
HP:0007980	1584	Absent retinal pigment epithelium
HP:0005627	3617	Type D brachydactyly
HP:0100644	1894	Melanonychia
HP:0032362	4218	Increased circulating corticosterone level
HP:0100650	1881	Vaginal neoplasm
HP:0008486	2239	Lumbar interpedicular narrowing
HP:0000349	3176	Widow's peak
HP:0004997	4899	Multicentric ossification of proximal humeral epiphyses
HP:0031971	3083	Subaortic ventricular septal bulge
HP:0004383	3227	Hypoplastic left heart
HP:0001708	401	Right ventricular failure
HP:0008610	2831	Infantile sensorineural hearing impairment
HP:0001144	3360	Orbital cyst
HP:0008517	1626	Aplasia/Hypoplasia of the sacrum
HP:0100287	4152	EMG: slow motor conduction
HP:0012899	3121	Handgrip myotonia
HP:0033087	4330	Quotidian fever
HP:0012309	3461	Cutaneous amyloidosis
HP:0005067	2761	Proximal fibular overgrowth
HP:0004423	3866	Cranium bifidum occultum
HP:0012886	2337	Hemorrhagic ovarian cyst
HP:0012217	5	Increased urinary porphobilinogen
HP:0012666	2006	Severely reduced left ventricular ejection fraction
HP:0033105	5203	Interhypothalamic adhesion
HP:0000175	4699	Cleft palate
HP:0000108	1136	Renal corticomedullary cysts
HP:0011437	1310	Maternal autoimmune disease
HP:0002973	2050	Abnormal forearm morphology
HP:0007913	2479	Reticular retinal dystrophy
HP:0012585	3811	Renal atrophy
HP:0008591	534	Congenital conductive hearing impairment
HP:0001433	1156	Hepatosplenomegaly
HP:0010066	1133	Duplication of phalanx of hallux
HP:0002010	1147	Narrow maxilla
HP:0005824	2148	Clinodactyly of the 2nd toe
HP:0008078	3910	Thin metatarsal cortices
HP:0000275	3232	Narrow face
HP:6000025	2950	Dark cerumen
HP:0004820	1952	Acute myelomonocytic leukemia
HP:0009722	1979	Dental enamel pits
HP:0003908	2284	Corner fracture of metaphysis
HP:0002700	1006	Large foramen magnum
HP:0030216	3501	Inertia
HP:0005819	1795	Short middle phalanx of finger
HP:0011196	4924	EEG with focal sharp waves
HP:0009790	2667	Hemisacrum
HP:0008045	1215	Enlarged flash visual evoked potentials
HP:6000468	3253	Elevated CSF alpha-ketoglutarate concentration
HP:0011322	5384	Right unilambdoid synostosis
HP:0000902	204	Rib fusion
HP:0045005	2971	Neural tube defect
HP:4000190	2013	Reduced leukocyte alpha-mannosidase activity
HP:0031699	1617	Disseminated cryptosporidium infection
HP:0012125	1961	Prostate cancer
HP:0002544	2683	Retrocollis
HP:0003606	125	Absent urinary urothione
HP:0025379	3307	Anti-thyroid peroxidase antibody positivity
HP:0410240	4275	Abnormal circulating IgA level
HP:0000177	3555	Abnormal upper lip morphology
HP:0030168	1602	Dilated superficial abdominal veins
HP:0025075	1461	Increased QRS voltage
HP:0500266	1720	Decreased proportion of CD8-positive, alpha-beta TEMRA T cells
HP:0002955	2040	Granulomatosis
HP:0032581	1904	Abnormal renal insterstitial morphology
HP:0034465	2235	2-hydroxyadipic aciduria
HP:0002298	978	Absent hair
HP:0004756	3911	Ventricular tachycardia
HP:0000434	1676	Nasal mucosa telangiectasia
HP:0006357	2964	Premature loss of permanent teeth
HP:0031128	2005	Impaired collagen-related peptide-induced platelet aggregation
HP:0000834	1115	Abnormality of the adrenal glands
HP:0002206	871	Pulmonary fibrosis
HP:0000859	2186	Hyperaldosteronism
HP:0007096	3280	Hypoplasia of the optic tract
HP:6000320	2060	Failure to elevate ammonia on ischemic exercise
HP:0008062	3322	Aplasia/Hypoplasia affecting the anterior segment of the eye
HP:0025328	89	Antepartum hemorrhage
HP:0200043	1867	Verrucae
HP:0030148	4726	Heart murmur
HP:0100804	2791	Ungual fibroma
HP:0006919	2879	Abnormal aggressive, impulsive or violent behavior
HP:0012012	2059	EEG with parietal focal spike waves
HP:0040274	5422	Adenocarcinoma of the small intestine
HP:0034347	5231	Greater auricular nerve thickening
HP:0011347	987	Abnormality of ocular abduction
HP:0500163	3945	Hypoornithinemia
HP:0006986	2902	Upper limb spasticity
HP:0010101	5531	Partial duplication of the phalanges of the hallux
HP:0025194	4728	Morgagni diaphragmatic hernia
HP:0010100	3582	Complete duplication of hallux phalanx
HP:0005750	28	Lower-limb joint contracture
HP:0006519	176	Alveolar cell carcinoma
HP:0032909	2779	Focal impaired awareness automatism seizure
HP:0001480	464	Freckling
HP:0034943	4729	Decreased dermal collagen
HP:0003419	805	Low back pain
HP:0031058	2047	Impairment of activities of daily living
HP:0000989	5504	Pruritus
HP:0002905	3174	Hyperphosphatemia
HP:0000394	2776	Lop ear
HP:0000643	1560	Blepharospasm
HP:0034171	1973	Reduced circulating interleukin 23 concentration
HP:0012139	5526	Granulocytic hypoplasia
HP:0000037	2358	Male pseudohermaphroditism
HP:0001879	2403	Abnormal eosinophil morphology
HP:0034272	3139	Perifoveal hypoautofluorescence
HP:0002123	2252	Generalized myoclonic seizure
HP:0001119	3366	Keratoglobus
HP:0004523	4810	Long eyebrows
HP:0004804	1093	Congenital hemolytic anemia
HP:0012283	3707	Small distal femoral epiphysis
HP:6000603	3857	Elevated urinary 2-methyl-3-hydroxybutyric acid level
HP:0030185	1434	Isometric tremor
HP:0004751	132	Paroxysmal ventricular tachycardia
HP:0011477	4694	Upbeat nystagmus
HP:0001762	1625	Talipes equinovarus
HP:0003079	223	Defective DNA repair after ultraviolet radiation damage
HP:0020122	3861	Bite cells
HP:0000011	1370	Neurogenic bladder
HP:0002050	2080	Macroorchidism, postpubertal
HP:0030117	2633	Absent muscle fiber emerin
HP:0009684	3654	Stippling of the epiphysis of the distal phalanx of the thumb
HP:0001134	1371	Anterior polar cataract
HP:0001667	312	Right ventricular hypertrophy
HP:0008244	5033	Congenital adrenal hypoplasia
HP:0100570	4885	Carcinoid tumor
HP:0004780	1513	Elbow hypertrichosis
HP:0031891	5435	Decreased eosinophil count
HP:0033122	1701	Absent P wave
HP:0007209	3899	Facial paralysis
HP:0009064	2329	Generalized lipodystrophy
HP:0006644	5174	Thoracic dysplasia
HP:0030300	3619	10 pairs of ribs
HP:0025437	4693	Macrozoospermia
HP:0002361	1530	Psychomotor deterioration
HP:0011780	2685	Thyroid hemiagenesis
HP:0034449	1166	Increased phytanic acid:pristanic acid ratio
HP:0040328	3237	Focal hyperintensity of cerebral white matter on MRI
HP:0006510	299	Chronic pulmonary obstruction
HP:0000237	2397	Small anterior fontanelle
HP:0025007	4208	Ectopic fovea
HP:0004948	3379	Vascular tortuosity
HP:0005982	3135	Reduced phenylalanine hydroxylase level
HP:0006150	4986	Swan neck-like deformities of the fingers
HP:0007394	2833	Prominent superficial blood vessels
HP:0040163	1426	Abnormal pelvis bone morphology
HP:0000110	304	Renal dysplasia
HP:0005756	2058	Neonatal epiphyseal stippling
HP:0003551	1215	Difficulty climbing stairs
HP:0100654	156	Retrobulbar optic neuritis
HP:0003530	266	Elevated circulating glutaric acid concentration
HP:0005938	43	Abnormal respiratory motile cilium morphology
HP:0011247	3752	Prominent superior crus of antihelix
HP:0200024	3479	Premature chromatid separation
HP:0012365	1559	Hypophosphaturia
HP:0004692	3832	4-5 toe syndactyly
HP:0002787	3024	Tracheal calcification
HP:0005033	2880	Distal ulnar hypoplasia
HP:0007465	1647	Honeycomb palmoplantar hyperkeratosis
HP:0008261	3429	Pancreatic islet cell adenoma
HP:0012538	4266	Gluten intolerance
HP:0031993	3268	Hoffmann sign
HP:0007500	3865	Decreased number of sweat glands
HP:0012069	928	Keratan sulfate excretion in urine
HP:0007592	1709	Aplasia/Hypoplastia of the eccrine sweat glands
HP:0006572	724	Subacute progressive viral hepatitis
HP:0007483	2137	Depigmentation/hyperpigmentation of skin
HP:0001664	2157	Torsade de pointes
HP:0006498	2144	Aplasia/Hypoplasia of the patella
HP:0003943	5163	Abnormality of the joint spaces of the elbow
HP:0001324	4890	Muscle weakness
HP:0005562	712	Multiple renal cysts
HP:0001387	1300	Joint stiffness
HP:0010669	1642	Hypoplasia of the zygomatic bone
HP:0003134	2300	Abnormality of peripheral nerve conduction
HP:0100589	41	Urogenital fistula
HP:0040047	44	Abnormal right hemidiaphragm morphology
HP:0034390	3296	Decreased CSF glycine concentration
HP:0002920	2381	Decreased circulating ACTH concentration
HP:0007083	1149	Hyperactive patellar reflex
HP:0011412	2551	Ventouse delivery
HP:0001161	3017	Hand polydactyly
HP:0008311	2038	Spinal cord posterior columns myelin loss
HP:0003394	3337	Muscle spasm
HP:0002894	606	Neoplasm of the pancreas
HP:0001730	3279	Progressive hearing impairment
HP:0020190	3308	Perisylvian predominant thick cortex pachygyria
HP:0012429	2119	Aplasia/Hypoplasia of the cerebral white matter
HP:0033229	1210	Brachioradialis areflexia
HP:0009468	4692	Deviation of the 2nd finger
HP:0008142	1547	Delayed calcaneal ossification
HP:0004540	3081	Congenital, generalized hypertrichosis
HP:0004469	3526	Chronic bronchitis
HP:0005054	1938	Metaphyseal spurs
HP:0030404	606	Glucagonoma
HP:0011373	2802	Incomplete partition of the cochlea
HP:0032231	675	Hypochromia
HP:0025313	3616	Exophoria
HP:0003239	2269	Phosphoethanolaminuria
HP:0001361	172	Nystagmus-induced head nodding
HP:0009918	1111	Ectopia pupillae
HP:0010639	2140	Elevated alkaline phosphatase of bone origin
HP:0001795	1565	Hyperconvex nail
HP:0008846	1423	Severe intrauterine growth retardation
HP:0010774	3888	Cor triatriatum
HP:0002633	822	Vasculitis
HP:0003401	1742	Paresthesia
HP:0007633	3480	Bilateral microphthalmos
HP:0012785	3518	Flexion contracture of finger
HP:0002680	1555	J-shaped sella turcica
HP:0005830	1383	Flexion contracture of toe
HP:0002750	3249	Delayed skeletal maturation
HP:0000982	1647	Palmoplantar keratoderma
HP:0001615	2745	Hoarse cry
HP:0003527	2548	Hyperprostaglandinuria
HP:0025493	2181	Palmoplantar erythema
HP:6000215	2767	Reduced circulating 3-hydroxyisobutyryl-CoA hydrolase activity
HP:0000090	3886	Nephronophthisis
HP:0002305	551	Athetosis
HP:0004425	1261	Flat forehead
HP:0001018	430	Abnormal palmar dermatoglyphics
HP:0012453	1410	Bilateral wrist flexion contracture
HP:0001873	3247	Thrombocytopenia
HP:0012145	2359	Abnormality of multiple cell lineages in the bone marrow
HP:0000044	1021	Hypogonadotropic hypogonadism
HP:0012715	4691	Profound hearing impairment
HP:0410062	3782	Increased level of galactitol in urine
HP:0100856	2214	Poorly ossified vertebrae
HP:0000631	3175	Retinal arterial tortuosity
HP:0002476	2664	Primitive reflex
HP:0008909	2587	Lethal short-limbed short stature
HP:0012239	2809	Atransferrinemia
HP:0007015	4530	Poor gross motor coordination
HP:0010923	3195	Anterior subcapsular cataract
HP:0030690	4199	Gingival cleft
HP:0000963	1826	Thin skin
HP:0002266	2199	Focal clonic seizure
HP:0009727	3827	Achromatic retinal patches
HP:0001760	3160	Abnormal foot morphology
HP:0012766	2803	Widened cerebral subarachnoid space
HP:0000389	613	Chronic otitis media
HP:0010311	2878	Aplasia/Hypoplasia of the breasts
HP:0004443	2206	Lambdoidal craniosynostosis
HP:0025158	3245	Hyperautofluorescent retinal lesion
HP:0012330	2107	Pyelonephritis
HP:0002290	3615	Poliosis
HP:0034168	1929	Reduced circulating interleukin 22 concentration
HP:0002682	2634	Broad skull
HP:0002105	4512	Hemoptysis
HP:0000126	2897	Hydronephrosis
HP:0410026	2914	Abnormal periodontium morphology
HP:0030521	197	Bitemporal hemianopia
HP:0040210	4397	Abnormal circulating biopterin concentration
HP:0002344	2083	Progressive neurologic deterioration
HP:0012237	2327	Urocanic aciduria
HP:0003453	1105	Antineutrophil antibody positivity
HP:0032286	4063	Ultra-low vision with retained light perception
HP:0011699	86	Atrial reentry tachycardia
HP:0025112	3243	Auditory sensitivity
HP:0000660	1722	Lipemia retinalis
HP:0012315	4689	Histiocytoma
HP:0002164	2555	Nail dysplasia
HP:0100801	4962	Pancreatic aplasia
HP:0005045	2777	Diaphyseal cortical sclerosis
HP:0000168	2753	Abnormality of the gingiva
HP:0034402	2114	Rhabdoid tumor of the kidney
HP:0011835	255	Absent scaphoid
HP:0000678	3203	Dental crowding
HP:0001824	158	Weight loss
HP:0031650	2075	Abnormal atrioventricular valve physiology
HP:6000356	2599	Reduced tissue medium-chain acyl-CoA dehydrogenase activity
HP:0007740	3001	Long eyelashes in irregular rows
HP:0000509	3065	Conjunctivitis
HP:0009900	1835	Unilateral deafness
HP:0010185	637	Aplasia/Hypoplasia of the distal phalanges of the toes
HP:0005048	2994	Synostosis of carpal bones
HP:0033985	457	Elongated femoral neck
HP:0040189	951	Scaling skin
HP:0032945	2211	Renal interstitial inflammation
HP:0034403	3205	Subcutaneous panniculitis-like T-cell lymphoma
HP:0030356	1212	Increased circulating interferon-gamma concentration
HP:6000573	3691	Reduced tissue aspartylglucosaminidase activity
HP:0031408	2787	Increased proportion of CD25+ mast cells
HP:0002681	243	Deformed sella turcica
HP:0012271	2325	Episodic upper airway obstruction
HP:0034332	118	Cognitive regression
HP:0033851	1424	Oculomotor synkinesis
HP:0001489	2541	Posterior vitreous detachment
HP:0003028	2837	Abnormality of the ankle
HP:0011839	2155	Abnormal T cell count
HP:0032434	2986	Delayed umbilical cord separation
HP:0004846	984	Prolonged bleeding after surgery
HP:0000034	10	Hydrocele testis
HP:0012175	4774	Resistance to activated protein C
HP:0006824	1616	Cranial nerve paralysis
HP:0002922	1395	Increased CSF protein concentration
HP:0002480	2630	Hepatic encephalopathy
HP:0012687	1564	Agenesis of pineal gland
HP:0011848	1066	Abdominal colic
HP:6000534	200	Elevated urinary ureidopropionic acid level
HP:0031367	2152	Metaphyseal striations
HP:0032543	4360	Lithoptysis
HP:0005841	1283	Calcific stippling of infantile cartilaginous skeleton
HP:0005211	1840	Midgut malrotation
HP:0100925	287	Sclerosis of foot bone
HP:0004943	1714	Accelerated atherosclerosis
HP:0010464	2716	Streak ovary
HP:0034352	1388	Bile duct polyp
HP:0005181	164	Premature coronary artery atherosclerosis
HP:0012240	3353	Increased intramyocellular lipid droplets
HP:0002607	2398	Bowel incontinence
HP:0000235	3085	Abnormality of the fontanelles or cranial sutures
HP:0003449	1944	Cold-induced muscle cramps
HP:0012530	3220	Abnormal number of dense granules
HP:0100731	3084	Transverse facial cleft
HP:0002828	1469	Multiple joint contractures
HP:0010509	3915	Aplasia of the tarsal bones
HP:0030195	5531	Fatigable weakness of swallowing muscles
HP:0003550	1238	Predominantly lower limb lymphedema
HP:0002200	2288	Pseudobulbar signs
HP:0009820	2866	Lower limb peromelia
HP:0001646	510	Abnormal aortic valve morphology
HP:0100737	4788	Abnormal hard palate morphology
HP:0031628	2429	Aborted sudden cardiac death
HP:0002349	2652	Focal aware seizure
HP:0001266	1604	Choreoathetosis
HP:0009597	4797	Short proximal phalanx of the 2nd finger
HP:0006756	1613	Diffuse leiomyomatosis
HP:0007885	2023	Slowed horizontal saccades
HP:0004414	3913	Abnormality of the pulmonary artery
HP:0004905	5476	Reduced circulating vitamin A concentration
HP:0000083	3241	Renal insufficiency
HP:0010047	2026	Short 5th metacarpal
HP:0006889	713	Intellectual disability, borderline
HP:0003752	973	Episodic flaccid weakness
HP:0000664	1410	Synophrys
HP:0000802	810	Impotence
HP:0005832	235	Dysharmonic delayed bone age
HP:4000205	3303	Reduced beta-mannosidase activity in cultured fibroblasts
HP:0000875	2139	Episodic hypertension
HP:0008801	2116	Hypoplasia of the lesser trochanter
HP:0031288	2264	Cobblestone-like hyperkeratosis
HP:0001225	2749	Wrist swelling
HP:0011087	1337	Talon cusp
HP:0011193	4816	EEG with focal spikes
HP:0000360	783	Tinnitus
HP:0000623	1463	Supranuclear ophthalmoplegia
HP:0005145	1414	Coronary artery stenosis
HP:0008873	3875	Disproportionate short-limb short stature
HP:0012184	3239	Increased HDL cholesterol concentration
HP:0045087	2998	Hip joint hypermobility
HP:0010109	269	Short hallux
HP:0005381	1617	Recurrent meningococcal disease
HP:0030222	2374	Visual agnosia
HP:0007530	2726	Punctate palmoplantar hyperkeratosis
HP:0032640	4189	Elevated circulating CCL18 level
HP:0033581	2854	Absent peripheral lymph nodes in presence of infection
HP:0034919	1977	Reduced liver 2,4-dienoyl-CoA reductase activity
HP:0002092	3235	Pulmonary arterial hypertension
HP:0030664	545	Beevor's sign
HP:0001047	2984	Atopic dermatitis
HP:0005322	3849	Prominent nasal septum
HP:0012705	2826	Abnormal metabolic brain imaging by MRS
HP:0001257	2530	Spasticity
HP:0031814	1517	Palilalia
HP:0012606	2442	Renal sodium wasting
HP:0033407	5248	Elevated urine acetoacetic acid level
HP:0003562	5034	Abnormal metaphyseal vascular invasion
HP:6000295	4815	Persistent falcine venous sinus
HP:0006191	4787	Deep palmar crease
HP:0012639	4465	Abnormal nervous system morphology
HP:0006716	87	Hereditary nonpolyposis colorectal carcinoma
HP:0032225	1597	Perifollicular fibroma
HP:0005406	1468	Recurrent bacterial skin infections
HP:0002162	1864	Low posterior hairline
HP:0008151	1602	Prolonged prothrombin time
HP:0002632	2631	Low-to-normal blood pressure
HP:0002718	393	Recurrent bacterial infections
HP:0009815	1335	Aplasia/hypoplasia of the extremities
HP:0008494	5314	Inferior lens subluxation
HP:0004405	3658	Prominent nipples
HP:0012344	1616	Morphea
HP:0034290	2422	Elevated circulating tiglylglycine concentration
HP:0031056	707	Fusiform cerebral aneurysm
HP:0010660	2733	Abnormal hand bone ossification
HP:0009942	1699	Duplication of thumb phalanx
HP:0001500	4016	Broad finger
HP:0000470	4730	Short neck
HP:0005661	3844	Salmonella osteomyelitis
HP:0010695	2494	Sutural cataract
HP:0033770	1769	Gastric adenocarcinoma
HP:6000465	3435	Elevated urine mesaconic acid level
HP:0002836	330	Bladder exstrophy
HP:0002777	5424	Tracheal stenosis
HP:0005745	2627	Congenital foot contractures
HP:0032271	5308	Extrapulmonary tuberculosis
HP:0033977	2168	Talar aplasia
HP:0030604	3902	Abnormal fundus fluorescein angiography
HP:0034829	3936	Adrenal cortical sclerosis
HP:0003445	2553	EMG: neuropathic changes
HP:0002518	1942	Abnormal periventricular white matter morphology
HP:0031485	1146	Subperiosteal bone formation
HP:0003246	3347	Prominent scrotal raphe
HP:0004487	2015	Acrobrachycephaly
HP:0030215	2165	Inappropriate crying
HP:0005632	5300	Absent forearm
HP:0030007	1817	EMG: positive sharp waves
HP:0031609	4687	Geographic atrophy
HP:0010305	4106	Absence of the sacrum
HP:0100318	2252	Lafora bodies
HP:0032218	2825	Decreased proportion of CD4-positive T cells
HP:0100014	2160	Epiretinal membrane
HP:0003071	1774	Flattened epiphysis
HP:0040188	1412	Osteochondrosis
HP:0030799	1776	Scaphocephaly
HP:0001948	2613	Alkalosis
HP:0006471	1112	Fixed elbow flexion
HP:0009777	1533	Absent thumb
HP:0004622	2669	Progressive intervertebral space narrowing
HP:0012225	4387	Oligodontia of primary teeth
HP:0002179	1194	Opisthotonus
HP:0011555	1573	Double inlet left ventricle
HP:4000170	2686	Anti-platelet antigen antibody positivity
HP:0012238	3229	Increased circulating chylomicron concentration
HP:0025486	4032	Fused labia majora
HP:0005150	3015	Abnormal atrioventricular conduction
HP:0002822	3160	Hyperplasia of the femoral trochanters
HP:0012128	1265	Basal ganglia necrosis
HP:0005345	1857	Abnormal vena cava morphology
HP:0000694	732	Odontodysplasia
HP:0008942	1875	Acute rhabdomyolysis
HP:0001152	1464	Saccadic smooth pursuit
HP:0008386	3350	Aplasia/Hypoplasia of the nails
HP:0030413	3217	Squamous cell carcinoma of the tongue
HP:0025502	1484	Overweight
HP:0008588	5309	Slit-like opening of the exterior auditory meatus
HP:0011945	1855	Bronchiolitis obliterans organizing pneumonia
HP:0004821	4368	Hypersegmentation of neutrophil nuclei
HP:0030149	1498	Cardiogenic shock
HP:0033707	4035	Perioral hyperkeratosis
HP:0003440	3875	Horizontal sacrum
HP:0009824	1079	Upper limb undergrowth
HP:0003044	2947	Shoulder flexion contracture
HP:0003063	3410	Abnormality of the humerus
HP:0025169	1256	Left ventricular systolic dysfunction
HP:0004902	1848	Congenital lactic acidosis
HP:0004359	3023	Abnormal circulating fatty-acid concentration
HP:0008952	868	Shoulder muscle hypoplasia
HP:0000024	1365	Prostatitis
HP:0001611	1634	Hypernasal speech
HP:0002834	885	Flared femoral metaphysis
HP:0012134	3199	Dysplastic erythropoesis
HP:0002194	1857	Delayed gross motor development
HP:0032759	2124	Focal sensory seizure with vestibular features
HP:4000193	3991	Reduced leukocyte N-sulfoglucosamine sulfohydrolase activity
HP:0100766	3604	Abnormal lymphatic vessel morphology
HP:0007565	1825	Multiple cafe-au-lait spots
HP:0000851	2384	Congenital hypothyroidism
HP:0004673	5228	Decreased facial expression
HP:0011706	1449	Second degree atrioventricular block
HP:0100267	3645	Lip pit
HP:0010503	3003	Fibular duplication
HP:0500181	1972	Hypertaurinemia
HP:0006114	3393	Multiple palmar creases
HP:0031028	3006	Lactescent serum
HP:0012311	1548	Monocytosis
HP:0100786	2486	Hypersomnia
HP:0002864	1545	Paraganglioma of head and neck
HP:0004779	4940	Brittle scalp hair
HP:0031318	3934	Myofiber disarray
HP:0030992	1351	Abnormal pancreatic duct morphology
HP:0000757	2596	Lack of insight
HP:0025483	2885	Abnormal circulating thyroglobulin concentration
HP:0001377	1438	Limited elbow extension
HP:0033559	2071	Anti-myeloperoxidase antibody positivity
HP:0030874	4048	Oxygen desaturation on exertion
HP:0032773	2199	Focal autonomic seizure with palpitations/tachycardia/bradycardia/asystole
HP:0031313	2888	Abdominal aortic calcification
HP:0034359	4156	Impaired renal tubular reabsorption of phosphate
HP:0034067	1721	Tonofilament clumping
HP:0001104	1262	Macular hypoplasia
HP:0030219	3200	Semantic dementia
HP:0030692	1002	Brain neoplasm
HP:0004971	2763	Pulmonary artery hypoplasia
HP:0012821	3227	Unilateral vocal cord paresis
HP:0002837	3287	Recurrent bronchitis
HP:0008677	1612	Congenital nephrotic syndrome
HP:0008396	5226	Chronic monilial nail infection
HP:0003761	1818	Calcinosis
HP:0006638	1398	Midclavicular aplasia
HP:0000567	1017	Chorioretinal coloboma
HP:0008063	2520	Aplasia/Hypoplasia of the lens
HP:0011626	3992	Scimitar anomaly
HP:0011500	1111	Polycoria
HP:0034262	1832	Absent lanugo
HP:0100543	2605	Cognitive impairment
HP:0200042	2040	Skin ulcer
HP:0007039	1611	Symmetric lesions of the basal ganglia
HP:0100768	1537	Choriocarcinoma
HP:0003736	1892	Autophagic vacuoles
HP:0001519	1623	Disproportionate tall stature
HP:0011883	3562	Abnormal platelet granules
HP:0011133	77	Increased sensitivity to ionizing radiation
HP:0004961	1903	Pulmonary artery sling
HP:0007258	877	Severe demyelination of the white matter
HP:0020081	1579	Pappenheimer bodies
HP:0011731	4680	Abnormality of circulating cortisol level
HP:0000988	1067	Skin rash
HP:0012625	3144	Stage 3 chronic kidney disease
HP:0030423	873	Splenic cyst
HP:0009896	1208	Abnormal antitragus morphology
HP:0001844	2835	Abnormal hallux morphology
HP:0001966	2930	Abnormal glomerular mesangium morphology
HP:0008963	1268	Tibialis muscle weakness
HP:0008651	1767	Uric acid urolithiasis independent of gout
HP:6000216	2598	Reduced HMG-CoA lyase activity in cultured fibroblasts
HP:4000094	2744	Corpus cavernosum hypoplasia
HP:0012037	3274	Pectoralis amyotrophy
HP:0003658	12	Hypomethioninemia
HP:0030528	1298	Paracentral scotoma
HP:0007824	3641	Total ophthalmoplegia
HP:0000635	1538	Blue irides
HP:0033158	493	Reduced respiratory ciliary beating frequency
HP:0009534	2225	Triangular epiphysis of the proximal phalanx of the 2nd finger
HP:0005311	1159	Agenesis of pulmonary vessels
HP:0007517	1544	Palmoplantar cutis laxa
HP:0007894	1718	Hypopigmentation of the fundus
HP:0009966	3895	Complete duplication of the middle phalanx of the 3rd finger
HP:0004964	161	Pulmonary arterial medial hypertrophy
HP:0002113	2834	Pulmonary infiltrates
HP:0033040	2260	Anti-Sm antibody positivity
HP:0005769	1737	Fifth finger distal phalanx clinodactyly
HP:0005101	2759	High-frequency hearing impairment
HP:0004328	2853	Abnormal anterior eye segment morphology
HP:0011748	5060	Adrenocorticotropic hormone deficiency
HP:0003482	2581	EMG: axonal abnormality
HP:0200056	1442	Macular scar
HP:0033074	4678	Steroid-responsive anemia
HP:0011704	91	Sick sinus syndrome
HP:0200055	3707	Small hand
HP:0033036	3359	Decreased nasal nitric oxide
HP:0010347	3190	Aplasia/Hypoplasia of the phalanges of the 2nd toe
HP:0002708	1765	Prominent median palatal raphe
HP:0006453	2948	Lateral displacement of the femoral head
HP:0004970	3656	Ascending tubular aorta aneurysm
HP:0005135	1810	Abnormal T-wave
HP:0010582	1019	Irregular epiphyses
HP:0004471	2201	Aplasia cutis congenita over the scalp vertex
HP:0100809	1532	Scalp tenderness
HP:0032531	1357	Elevated CSF gamma-aminobutyric acid concentration
HP:0001881	2371	Abnormal leukocyte morphology
HP:0002474	2120	Expressive language delay
HP:0045054	4677	Brachial plexus neuropathy
HP:0007418	2873	Alopecia totalis
HP:0001946	1489	Ketosis
HP:0005807	2510	Absent distal phalanges
HP:0004910	261	Bicarbonate-wasting renal tubular acidosis
HP:0002589	1254	Gastrointestinal atresia
HP:0007720	1976	Flat cornea
HP:0002888	1524	Ependymoma
HP:0009098	801	Chronic oral candidiasis
HP:0002240	4950	Hepatomegaly
HP:0008279	1756	Transient hyperlipidemia
HP:0430047	2671	Large joint hypermobilty
HP:0010713	3900	1-5 toe syndactyly
HP:0031729	1746	Moderate hypermetropia
HP:0004337	138	Abnormality of amino acid metabolism
HP:0020203	2399	Z-band streaming
HP:0005932	3839	Abnormal renal corticomedullary differentiation
HP:0002505	3317	Loss of ambulation
HP:0100686	4514	Enthesitis
HP:0011238	3151	Prominent inferior crus of antihelix
HP:0011352	2607	Severe receptive language delay
HP:0001022	3220	Albinism
HP:0004764	2250	Myxomatous mitral valve degeneration
HP:0009162	2241	Absent middle phalanx of 5th finger
HP:0011976	276	Elevated urinary catecholamine level
HP:0030194	572	Fatigable weakness of speech muscles
HP:0001326	731	EEG with irregular generalized spike and wave complexes
HP:0025455	2122	Decreased CSF 5-hydroxyindolacetic acid concentration
HP:0006473	2169	Anterior bowing of long bones
HP:0040159	1686	Abnormal spaced incisors
HP:0025540	2539	Abnormal T cell subset distribution
HP:0011580	2064	Short chordae tendineae of the mitral valve
HP:0004911	2689	Episodic metabolic acidosis
HP:0010945	4674	Fetal pyelectasis
HP:0032123	5528	Ultra-low vision
HP:0000594	1509	Shallow anterior chamber
HP:0003308	3236	Cervical subluxation
HP:0100556	2102	Hemiatrophy
HP:0032934	1306	Spontaneous cerebrospinal fluid leak
HP:0033640	2522	Acetabular erosions
HP:0100819	1656	Intestinal fistula
HP:0008544	1623	Abnormally folded helix
HP:0012156	1819	Hemophagocytosis
HP:0007687	778	Unilateral ptosis
HP:0000652	2230	Lower eyelid coloboma
HP:0030791	2773	Abnormal jaw morphology
HP:0200022	2646	Choroid plexus papilloma
HP:0005892	1193	Proximal tibial and fibular fusion
HP:0003049	2953	Ulnar deviation of the wrist
HP:0002003	3871	Large forehead
HP:0001005	5221	Dermatological manifestations of systemic disorders
HP:0000476	860	Cystic hygroma
HP:0007936	1021	Restrictive external ophthalmoplegia
HP:0031219	1310	Reduced radioactive iodine uptake
HP:0100575	1636	Neoplasm of the gallbladder
HP:6000426	1353	Reduced Acyl-CoA:dihydroxyacetone phosphate acyltransferase activity in cultured fibroblasts
HP:0033149	2766	Intrahepatic bile duct dilatation
HP:0011516	5510	Achromatopsia
HP:0000630	3324	Abnormal retinal artery morphology
HP:0006070	1352	Metacarpophalangeal joint contracture
HP:0100767	1198	Abnormal placenta morphology
HP:0011884	1204	Abnormal umbilical stump bleeding
HP:0008436	3293	Absent/hypoplastic coccyx
HP:0007285	5429	Facial palsy secondary to cranial hyperostosis
HP:0033367	1510	Orthodeoxia
HP:0000031	4673	Epididymitis
HP:0009523	3692	Triangular epiphysis of the middle phalanx of the 2nd finger
HP:0031903	4672	Abnormal circulating selenium concentration
HP:0033567	2560	Right axis deviation
HP:0034204	2295	Decreased circulating C1-esterase inhibitor concentration
HP:0003826	786	Stillbirth
HP:0400000	1415	Tall chin
HP:0033638	2236	Intralobular septal thickening
HP:0008807	2504	Acetabular dysplasia
HP:0000061	1955	Ambiguous genitalia, female
HP:0000458	2001	Anosmia
HP:0005133	1404	Right ventricular dilatation
HP:0010610	123	Palmar pits
HP:0003206	3000	Decreased activity of NADPH oxidase
HP:0040167	2528	Facial papilloma
HP:0007104	2320	Prolonged somatosensory evoked potentials
HP:0000069	1731	Abnormality of the ureter
HP:0011556	1839	Double inlet right ventricle
HP:0100618	539	Leydig cell neoplasia
HP:0001301	3219	Chronic sensorineural polyneuropathy
HP:0003997	2130	Hypoplastic radial head
HP:0031104	3719	Insulin receptor antibody positivity
HP:0034063	1292	Anti-islet antigen-2 antibody positivity
HP:0003863	1694	Angulated humerus
HP:0005068	1663	Absent styloid process of ulna
HP:0010316	1302	Ebstein anomaly of the tricuspid valve
HP:0005973	854	Fructose intolerance
HP:0005215	4572	Frequent Giardia lamblia infestation
HP:0010546	1382	Muscle fibrillation
HP:0031234	1422	Neutrophilic infiltration of the skin
HP:0031006	1314	Acroparesthesia
HP:0032484	5243	Elevated fecal sodium
HP:0010489	3214	Absent palmar crease
HP:0011736	4251	Primary hyperaldosteronism
HP:0003238	409	Hyperpepsinogenemia I
HP:0005325	558	Extension of hair growth on temples to lateral eyebrow
HP:0006333	1383	Crowded maxillary incisors
HP:0002959	3738	Impaired Ig class switch recombination
HP:0005772	1203	Aplasia/Hypoplasia of the tibia
HP:0011099	4204	Spastic hemiparesis
HP:0005340	1081	Spastic/hyperactive bladder
HP:0011859	231	Punctate keratitis
HP:0009436	349	Triangular shaped middle phalanx of the 3rd finger
HP:0012174	2639	Glioblastoma multiforme
HP:0100018	2794	Nuclear cataract
HP:0030718	2455	Right atrial enlargement
HP:0033044	3675	Motor regression
HP:0010280	4099	Stomatitis
HP:0100546	714	Carotid artery stenosis
HP:0005310	2468	Large vessel vasculitis
HP:0003161	1223	4-Hydroxyphenylpyruvic aciduria
HP:0002421	1181	Poor head control
HP:0006514	2882	Intraalveolar nodular calcifications
HP:0012904	2746	Cold-sensitive myotonia
HP:0006511	2094	Laryngeal stridor
HP:0003084	3409	Fractures of the long bones
HP:0000269	2534	Prominent occiput
HP:0003944	1697	Narrow joint spaces of the elbow
HP:0032253	2328	Eosinophilic granuloma
HP:0500239	3289	Increased CSF albumin concentration
HP:0010920	238	Zonular cataract
HP:0010790	2806	Hypoplasia of the Leydig cells
HP:0004783	1096	Duodenal polyposis
HP:0006731	2737	Follicular thyroid carcinoma
HP:0005652	4878	Cortical sclerosis
HP:0003225	3843	Reduced coagulation factor V activity
HP:0008197	2525	Absence of pubertal development
HP:0012435	3732	Ventral shortening of foreskin
HP:0002282	5188	Gray matter heterotopia
HP:0001273	105	Abnormal corpus callosum morphology
HP:0033028	780	Anti-U1 ribonucleoprotein antibody positivity
HP:0010248	4719	Cone-shaped epiphyses of the distal phalanges of the hand
HP:0005523	1407	Lymphoproliferative disorder
HP:0002766	3342	Relatively short spine
HP:0031413	3217	Short telomere length
HP:0000587	1704	Abnormal optic nerve morphology
HP:0000532	2643	Abnormal chorioretinal morphology
HP:0012167	1620	Hair-pulling
HP:0002041	3465	Intractable diarrhea
HP:0005590	721	Spotty hypopigmentation
HP:0004762	1235	Hypoplasia of right ventricle
HP:0200012	1301	Short corpus callosum
HP:0009740	1455	Aplasia of the parotid gland
HP:0011171	2320	Simple febrile seizure
HP:0031528	1391	Subretinal deposits
HP:0003119	2875	Abnormal circulating lipid concentration
HP:0032046	1834	Focal cortical dysplasia
HP:0011966	2764	Elevated plasma citrulline
HP:0007029	21	Cerebral berry aneurysm
HP:0004878	1980	Intercostal muscle weakness
HP:0004434	2905	Decreased circulating complement C8 concentration
HP:0000244	1708	Brachyturricephaly
HP:0034048	3215	Decreased circulating chenodeoxycholic acid concentration
HP:0008768	1630	Abnormal sexual behavior
HP:0010625	3213	Anterior pituitary dysgenesis
HP:0000970	2226	Anhidrosis
HP:0009927	2824	Aplasia of the nose
HP:0005605	38	Large cafe-au-lait macules with irregular margins
HP:0001305	2198	Dandy-Walker malformation
HP:0040301	84	Increased urinary glycerol
HP:0000395	4842	Prominent antihelix
HP:0100565	1758	Hydromyelia
HP:0006476	2251	Abnormality of the pancreatic islet cells
HP:0040264	2115	Jaw pain
HP:0004233	1662	Advanced ossification of carpal bones
HP:0008390	754	Recurrent loss of toenails and fingernails
HP:0045084	1474	Limb myoclonus
HP:0031319	5218	Cardiomyocyte hypertrophy
HP:0012738	2304	Agenesis of canine
HP:0005336	910	Forehead hyperpigmentation
HP:0005943	1164	Respiratory arrest
HP:0032273	2232	Increased circulating N-acetylaspartic acid concentration
HP:0001806	361	Onycholysis
HP:0007650	1591	Progressive ophthalmoplegia
HP:0001780	876	Abnormal toe morphology
HP:0009104	1736	Aplasia/Hypoplasia of the pubic bone
HP:0032154	4665	Aphthous ulcer
HP:0034029	1891	Hepatic foam cells
HP:0001367	765	Abnormal joint morphology
HP:0012725	1459	Cutaneous syndactyly
HP:0002448	1048	Progressive encephalopathy
HP:0001711	569	Abnormal left ventricle morphology
HP:0030886	2943	Abnormal lymphocyte apoptosis
HP:0030231	2060	Glycogen accumulation in muscle fiber lysosomes
HP:0040178	2988	Increased level of platelet-activating factor
HP:0001636	3211	Tetralogy of Fallot
HP:0001962	1701	Palpitations
HP:0009805	4671	Low-output congestive heart failure
HP:0100525	1571	Urachus fistula
HP:0008850	2075	Severe postnatal growth retardation
HP:0009005	2903	Weakness of the intrinsic hand muscles
HP:6000648	853	3-4 toe cutaneous syndactyly
HP:0034323	2093	Reduced circulating growth hormone concentration
HP:0012502	59	Abnormality of the internal capsule
HP:0100806	2425	Sepsis
HP:0040187	4662	Neonatal sepsis
HP:0008659	3980	Multiple small medullary renal cysts
HP:0012587	2067	Macroscopic hematuria
HP:0010955	2302	Dilatation of the bladder
HP:0010518	2512	Thyroglossal cyst
HP:0012796	2362	Increased cup-to-disc ratio
HP:0011671	3298	Interrupted inferior vena cava with azygous continuation
HP:0012101	1408	Decreased serum creatinine
HP:0007766	3897	Optic disc hypoplasia
HP:0007164	4661	Slowed slurred speech
HP:0003717	2780	Minimal subcutaneous fat
HP:0007737	2479	Bone spicule pigmentation of the retina
HP:0001571	1401	Multiple impacted teeth
HP:0007332	3850	Focal hemifacial clonic seizure
HP:0003066	3815	Limited knee extension
HP:0025107	2818	Cutis marmorata telangiectatica congenita
HP:0008747	3024	Cartilaginous ossification of larynx
HP:0000058	4109	Abnormal labia morphology
HP:0000554	435	Uveitis
HP:0007799	1550	Conjunctival whitish salt-like deposits
HP:0100247	1749	Recurrent singultus
HP:0000912	2427	Sprengel anomaly
HP:0020186	878	Multilobulated spleen
HP:0000892	204	Bifid ribs
HP:0005320	2329	Lack of facial subcutaneous fat
HP:0009183	1157	Joint contracture of the 5th finger
HP:0032943	407	Abnormal urine pH
HP:0001854	1604	Podagra
HP:0003085	262	Long fibula
HP:0010665	1587	Bilateral coxa valga
HP:0033568	279	Left axis deviation
HP:0003158	1682	Hyposthenuria
HP:0033509	3946	EBV encephalitis
HP:0030357	4821	Small cell lung carcinoma
HP:0025507	126	Yellow papule
HP:0031251	3898	Abnormal subclavian artery morphology
HP:0032366	675	Positive direct antiglobulin test
HP:0007480	3275	Decreased sweating due to autonomic dysfunction
HP:0005441	725	Sclerotic cranial sutures
HP:0003173	1325	Hypoplastic pubic bone
HP:0000858	5429	Irregular menstruation
HP:6000469	3009	Elevated urine 2,3-dihydroxy-2-methylbutanoic acid level
HP:0030095	2082	Reduced muscle collagen VI
HP:0003687	3274	Centrally nucleated skeletal muscle fibers
HP:0025576	17	Abnormal inferior vena cava morphology
HP:0011221	3201	Vertical forehead creases
HP:0006801	1009	Hyperactive deep tendon reflexes
HP:0410275	5062	Lumbosacral hemangioma
HP:0031939	808	Conus terminalis arteriovenous malformation
HP:0010048	4777	Aplasia of metacarpal bones
HP:0410011	55	Abnormality of masticatory muscle
HP:0004399	4344	Congenital pyloric atresia
HP:0011318	1679	Bicoronal synostosis
HP:0012062	2982	Bone cyst
HP:0008964	1980	Nonprogressive muscular atrophy
HP:0100023	1001	Recurrent hand flapping
HP:0010833	941	Spontaneous pain sensation
HP:0009906	852	Aplasia/Hypoplasia of the earlobes
HP:0003468	318	Abnormal vertebral morphology
HP:0001403	1030	Macrovesicular hepatic steatosis
HP:0001128	1132	Trichiasis
HP:0007514	2295	Edema of the dorsum of hands
HP:0032242	2106	Cervical intraepithelial neoplasia
HP:0007020	2433	Progressive spastic paraplegia
HP:0200094	1350	Frontal open bite
HP:0030469	1025	Abnormal dark-adapted electroretinogram
HP:0008167	1674	Very long chain fatty acid accumulation
HP:0000358	1903	Posteriorly rotated ears
HP:0012209	232	Juvenile myelomonocytic leukemia
HP:0000468	3223	Increased adipose tissue around the neck
HP:0003657	2530	Vascular granular osmiophilic material deposition
HP:0006562	2087	Viral hepatitis
HP:0030026	5255	Squared superior portion of helix
HP:0001402	724	Hepatocellular carcinoma
HP:0005961	2465	Hypoargininemia
HP:0410255	5216	Transient neutropenia
HP:0006308	2967	Atrophy of alveolar ridges
HP:0009439	1508	Short middle phalanx of the 3rd finger
HP:0031304	1408	Iliac arterial calcification
HP:0033252	5215	Palmar hyperlinearity
HP:0008541	2496	Superiorly displaced ears
HP:0032249	1637	Coccidioidomycosis
HP:0030242	1342	Portal vein thrombosis
HP:0011849	540	Abnormal bone ossification
HP:0031248	999	Palmar pruritus
HP:0033737	1786	Grade III vesicoureteral reflux
HP:0025430	1334	High-pitched cry
HP:0009725	1499	Bladder neoplasm
HP:0100299	3018	Muscle fiber inclusion bodies
HP:0004818	1433	Paroxysmal nocturnal hemoglobinuria
HP:0006443	1077	Patellar aplasia
HP:0006610	232	Wide intermamillary distance
HP:0012773	3444	Reduced upper to lower segment ratio
HP:0000372	2597	Abnormal auditory canal morphology
HP:0031723	1280	Secondary esotropia
HP:0031260	1370	Triangular tibia
HP:0100857	4107	Flat sella turcica
HP:6000234	2061	Elevated circulating dihydroxyphenylacetic acid concentration
HP:0000703	389	Dentinogenesis imperfecta
HP:0010562	2636	Keloids
HP:0200083	860	Severe limb shortening
HP:0000559	1132	Corneal scarring
HP:0000709	4988	Psychosis
HP:0500243	2622	Abnormal CSF ornithine concentration
HP:0002667	3155	Nephroblastoma
HP:0040131	1188	Abnormal motor nerve conduction velocity
HP:0009295	1142	Short middle phalanx of the 4th finger
HP:0005502	1093	Increased red cell osmotic fragility
HP:0002313	2874	Spastic paraparesis
HP:0032204	1561	Chronic active Epstein-Barr virus infection
HP:0006179	3208	Pseudoepiphyses of second metacarpal
HP:0025406	1316	Asthenia
HP:0000588	1255	Optic disc coloboma
HP:0020222	1706	Hypohomocysteinemia
HP:0010097	2172	Partial duplication of the distal phalanx of the hallux
HP:0007230	4926	Decreased distal sensory nerve action potential
HP:0001679	3148	Abnormal aortic morphology
HP:0031986	1420	Polyminimyoclonus
HP:0000125	1430	Pelvic kidney
HP:0001074	2795	Atypical nevi in non-sun exposed areas
HP:0034201	1813	Increased CSF homovanillic acid concentration
HP:4000166	801	Post-vaccination varicella zoster virus infection
HP:0012433	1589	Abnormal social behavior
HP:0000282	3205	Facial edema
HP:0006837	1290	Congenital Horner syndrome
HP:0031834	1958	Aortopulmonary collateral arteries
HP:0002891	653	Uterine leiomyosarcoma
HP:6000371	2661	Elevated circulating D-glyceric concentration
HP:0011951	1605	Aspiration pneumonia
HP:0000188	1311	Short upper lip
HP:0007690	839	Map-dot-fingerprint corneal dystrophy
HP:0001338	1348	Partial agenesis of the corpus callosum
HP:0003320	1457	C1-C2 subluxation
HP:0000147	1520	Polycystic ovaries
HP:0010001	4801	Complete duplication of the distal phalanges of the hand
HP:0031083	1986	Abnormal response to human chorionic gonadotrophin stimulation test
HP:0012195	1834	Irregular respiration
HP:0000377	5163	Abnormal pinna morphology
HP:0031045	643	Acral blistering
HP:0200105	1057	Absent fifth toenail
HP:0008221	3089	Adrenal hyperplasia
HP:0002689	5265	Absent paranasal sinuses
HP:4000061	606	Pancreatic alpha-cell hyperplasia
HP:0006714	2923	Aplasia/Hypoplasia of the sternum
HP:0000224	1778	Hypogeusia
HP:0004354	1957	Abnormal circulating carboxylic acid concentration
HP:0002629	1676	Gastrointestinal arteriovenous malformation
HP:0004826	1271	Folate-unresponsive megaloblastic anemia
HP:0007827	2016	Nodular corneal dystrophy
HP:0032989	1804	Delayed ability to roll over
HP:0002154	1749	Hyperglycinemia
HP:0031220	1243	Increased radioactive iodine uptake
HP:0007610	980	Blotching pigmentation of the skin
HP:0001885	3941	Short 2nd toe
HP:0011890	940	Prolonged bleeding following procedure
HP:0003443	380	Decreased size of nerve terminals
HP:0025331	1347	Upgaze palsy
HP:0025162	5337	Severe temper tantrums
HP:0033051	4644	Impaired executive functioning
HP:0041048	3203	Decreased expression of GPI-anchored proteins on the cell surface
HP:0010484	2387	Hypertrophy of the upper limb
HP:0030051	1434	Tip-toe gait
HP:0005430	1040	Recurrent Neisserial infections
HP:0012724	5335	Upper eyelid edema
HP:0000012	2126	Urinary urgency
HP:0033803	3008	Sub-lamina densa cleavage
HP:0007760	4642	Crystalline corneal dystrophy
HP:0001541	3479	Ascites
HP:0000097	171	Focal segmental glomerulosclerosis
HP:0012030	127	Increased urinary cortisol level
HP:0006285	1199	Enamel hypomineralization
HP:0002244	4696	Abnormal small intestine morphology
HP:4000206	1194	Reduced 3-methylcrotonyl CoA carboxylase activity in cultured fibroblasts
HP:0000391	3201	Thickened helices
HP:0003991	2865	Osteosclerosis of the ulna
HP:0002071	2018	Abnormality of extrapyramidal motor function
HP:0032614	4911	Renal glomerular amyloid deposition
HP:0030900	5504	Pruritus on foot
HP:0100360	1782	Upper-limb joint contracture
HP:0001072	958	Thickened skin
HP:0034864	510	Decreased alpha-galactosidase A activity
HP:0030804	4670	Trachyonychia
HP:0031659	2312	Fourth heart sound
HP:0008089	3774	Abnormality of the fifth metatarsal bone
HP:0002984	3186	Hypoplasia of the radius
HP:0006226	1361	Osteoarthritis of the first carpometacarpal joint
HP:0009919	855	Retinoblastoma
HP:0010579	3184	Cone-shaped epiphysis
HP:0007663	2373	Reduced visual acuity
HP:0002763	1324	Abnormal cartilage morphology
HP:0410259	3112	Hepatopulmonary fusion
HP:0003368	2154	Abnormal femoral head morphology
HP:0032491	1849	Increased circulating argininosuccinic acid
HP:0002102	2792	Pleuritis
HP:0001135	3607	Chorioretinal dystrophy
HP:0003565	1646	Elevated erythrocyte sedimentation rate
HP:0011577	4649	Partial atrioventricular canal defect
HP:0002472	1074	Small cerebral cortex
HP:0012464	3199	Decreased transferrin saturation
HP:0012629	1321	Phakodonesis
HP:0008011	1954	Peripheral opacification of the cornea
HP:0010640	1654	Abnormal nasal cavity morphology
HP:0003196	2239	Short nose
HP:0410253	2104	Myeloid maturation arrest
HP:0410292	3154	Abnormal isohemagglutinin level
HP:0032676	5193	Chronic cutaneous wound
HP:0010759	804	Prominence of the premaxilla
HP:0006383	3860	Progressive bowing of long bones
HP:0011188	1474	Focal EEG discharges with secondary generalization
HP:0003785	751	Decreased CSF homovanillic acid concentration
HP:0006248	946	Limited wrist movement
HP:0100040	1772	Broad 2nd toe
HP:0000276	1736	Long face
HP:0002120	4840	Cerebral cortical atrophy
HP:0001878	3197	Hemolytic anemia
HP:0000518	16	Cataract
HP:0006304	4633	Widely-spaced incisors
HP:0002977	2066	Aplasia/Hypoplasia involving the central nervous system
HP:0002970	1997	Genu varum
HP:0004891	4632	Recurrent infections due to aspiration
HP:0003526	1982	Orotic acid crystalluria
HP:0031516	141	Oocyte arrest at metaphase I
HP:0012751	1053	Abnormal basal ganglia MRI signal intensity
HP:0011645	2145	Dilatation of the sinus of Valsalva
HP:0030436	1597	Fibrofolliculoma
HP:0000252	847	Microcephaly
HP:0005684	4121	Distal arthrogryposis
HP:0000533	72	Chorioretinal atrophy
HP:0030016	1483	Dyspareunia
HP:0008093	1673	Short 4th toe
HP:0033485	5436	Glomerular basement membrane disruption
HP:0006766	4785	Papillary renal cell carcinoma
HP:0007715	292	Weak extraocular muscles
HP:0033176	1570	Submandibular lymph node enlargement
HP:0000388	50	Otitis media
HP:0001538	2549	Protuberant abdomen
HP:0012603	2442	Abnormal urine sodium concentration
HP:0004755	91	Supraventricular tachycardia
HP:0030089	1975	Abnormal muscle fiber protein expression
HP:0030836	1029	Wrist pain
HP:0010815	938	Nevus sebaceous
HP:0005979	4631	Metabolic ketoacidosis
HP:0005227	1096	Adenomatous colonic polyposis
HP:0001054	1216	Numerous nevi
HP:0010523	333	Alexia
HP:0000767	1099	Pectus excavatum
HP:0030092	2314	Reduced muscle fiber merosin
HP:3000062	2379	Abnormal internal carotid artery morphology
HP:0002135	3823	Basal ganglia calcification
HP:0031039	1687	Spermatocyte maturation arrest
HP:0000137	2864	Abnormality of the ovary
HP:0004844	4736	Coombs-positive hemolytic anemia
HP:0100306	2117	Muscle fiber hyaline bodies
HP:0001191	927	Abnormal carpal morphology
HP:0031931	2477	Ocular flutter
HP:0011909	1989	Flattened metacarpal heads
HP:0012061	2527	Urinary excretion of sialylated oligosaccharides
HP:0030685	5294	Decreased adiponectin level
HP:0004839	3339	Pyropoikilocytosis
HP:0010281	4039	Cleft lower lip
HP:0002191	4626	Progressive spasticity
HP:0011907	1873	Reduced alpha/beta synthesis ratio
HP:0012488	4224	Intraventricular arachnoid cyst
HP:0032435	2722	Neonatal omphalitis
HP:0012358	5502	Abnormal protein O-linked glycosylation
HP:0032051	2605	Focal cortical dysplasia type II
HP:0012555	2338	Absent nail of hallux
HP:0025520	5209	Calcinosis cutis
HP:0011896	3165	Subconjunctival hemorrhage
HP:0012288	4925	Neoplasm of head and neck
HP:0006783	613	Posterior pharyngeal cleft
HP:0025143	1042	Chills
HP:0003941	3334	Stippled calcification of the elbow
HP:0011935	1358	Decreased urinary urate
HP:0005914	603	Aplasia/Hypoplasia involving the metacarpal bones
HP:0100887	2249	Abnormality of globe size
HP:0010534	2463	Transient global amnesia
HP:0001001	4625	Abnormality of subcutaneous fat tissue
HP:0000657	1279	Oculomotor apraxia
HP:0032105	1831	Macrosaccadic oscillations
HP:0011081	1062	Incisor macrodontia
HP:0011298	4623	Prominent digit pad
HP:0012500	2657	Verrucous papule
HP:0006217	4036	Limited mobility of proximal interphalangeal joint
HP:0100001	2567	Malignant mesothelioma
HP:0002778	5232	Abnormal tracheal morphology
HP:0002898	1331	Embryonal neoplasm
HP:4000095	1274	Elevated circulating thymine concentration
HP:0005217	674	Duplication of internal organs
HP:0000958	5521	Dry skin
HP:0100541	1599	Femoral hernia
HP:0005445	4621	Enlarged posterior fossa
HP:0003462	1288	Elevated 8-dehydrocholesterol
HP:0031921	3191	Gastrocnemius myalgia
HP:0001187	2843	Hyperextensibility of the finger joints
HP:0004302	2651	Functional motor deficit
HP:0025724	2347	Caseous vernix-like desquamation
HP:0008972	3809	Decreased activity of mitochondrial respiratory chain
HP:0000214	1236	Lip telangiectasia
HP:0010826	359	Abnormality of the twelfth cranial nerve
HP:0000968	2675	Ectodermal dysplasia
HP:0002731	1068	Decreased lymphocyte apoptosis
HP:0008559	5206	Hypoplastic superior helix
HP:0011855	748	Pharyngeal edema
HP:0004737	2495	Global glomerulosclerosis
HP:0001821	1103	Broad nail
HP:0010724	2219	Advanced pneumatization of the mastoid process
HP:0012148	5444	Multiple lineage myelodysplasia
HP:0008391	2406	Dystrophic fingernails
HP:0030961	4615	Microspherophakia
HP:0030553	1276	Visual acuity no light perception
HP:0003988	769	Long ulna
HP:0002048	1136	Renal cortical atrophy
HP:0034222	2756	Temporal lobe dysplasia
HP:0025512	836	Skin-colored papule
HP:0004122	598	Midline defect of the nose
HP:0002946	4628	Supernumerary vertebrae
HP:0007875	1234	Congenital blindness
HP:0033331	3189	Acute phase response
HP:4000039	1012	Reduced proportion of mucosal-associated invariant T cells
HP:0031185	1801	Increased circulating NT-proBNP concentration
HP:0006536	302	Airway obstruction
HP:0011841	2396	Ventricular flutter
HP:0025347	1067	Decreased circulating beta-2-microglobulin level
HP:0034734	2098	Elevated CSF argininosuccinic acid concentration
HP:0033644	809	Elevated circulating erythropoietin concentration
HP:0004688	1734	Irregular tarsal bones
HP:0001960	3723	Hypokalemic metabolic alkalosis
HP:0034043	3062	Increased fecal bile acid
HP:0005050	3655	Anterolateral radial head dislocation
HP:0006640	1150	Multiple rib fractures
HP:0500093	774	Food allergy
HP:0030584	82	Color vision test abnormality
HP:0010696	4792	Polar cataract
HP:0000725	1359	Psychotic episodes
HP:0007915	4159	Polymorphous posterior corneal dystrophy
HP:0031851	4614	Reduced hematocrit
HP:0005655	3718	Multiple digital exostoses
HP:0004552	3460	Scarring alopecia of scalp
HP:0008223	1937	Compensated hypothyroidism
HP:0030230	3432	Central core regions in muscle fibers
HP:0030078	176	Lung adenocarcinoma
HP:0031142	5251	Abnormal hepatic echogenicity
HP:0025427	3170	Abnormal bronchus physiology
HP:0045055	51	Tiger tail banding
HP:0010698	2503	Nuclear pulverulent cataract
HP:0009769	5078	Bullet-shaped phalanges of the hand
HP:0034529	781	Reduced muscle myoadenylate deaminase activity
HP:0004925	1841	Chronic lactic acidosis
HP:0003729	458	Enteroviral dermatomyositis syndrome
HP:0009852	505	Broad proximal phalanges of the hand
HP:0004422	2692	Biparietal narrowing
HP:0007534	2723	Congenital posterior occipital alopecia
HP:0006737	2670	Extraadrenal pheochromocytoma
HP:0040234	1317	Factor XIII subunit B deficiency
HP:0005263	4356	Gastritis
HP:0030642	4927	Fundus albipunctatus
HP:0001259	854	Coma
HP:0001446	1551	Abnormality of the musculature of the upper limbs
HP:0032341	3625	Reduced forced vital capacity
HP:0002600	5201	Hyporeflexia of lower limbs
HP:0000895	3378	Lateral clavicle hook
HP:0005303	1122	Aortic arch calcification
HP:0010442	473	Polydactyly
HP:0001397	3840	Hepatic steatosis
HP:0007542	3292	Absent pigmentation of the ventral chest
HP:0003978	2089	Fractured radius
HP:0031684	3132	Renal artery atherosclerosis
HP:0003124	1914	Hypercholesterolemia
HP:0011913	4611	Lumbar hypertrichosis
HP:0031428	4610	Increased circulating osteocalcin level
HP:0004510	4609	Pancreatic islet-cell hyperplasia
HP:0001899	809	Increased hematocrit
HP:0005990	3900	Thyroid hypoplasia
HP:0007948	2778	Dense posterior cortical cataract
HP:0004885	5421	Episodic respiratory distress
HP:0011483	290	Anterior synechiae of the anterior chamber
HP:0002826	2889	Halberd-shaped pelvis
HP:0100879	4703	Enlarged ovaries
HP:0002360	2752	Sleep abnormality
HP:0002283	1107	Global brain atrophy
HP:0000464	37	Abnormality of the neck
HP:0003275	738	Narrow pelvis bone
HP:0000446	514	Narrow nasal bridge
HP:0004336	3361	Myelin outfoldings
HP:0011978	276	Elevated urinary vanillylmandelic acid
HP:0002389	467	Cavum septum pellucidum
HP:0001886	2715	Foot osteomyelitis
HP:0000343	1293	Long philtrum
HP:0030764	3917	Ochronosis
HP:0003312	1373	Abnormal form of the vertebral bodies
HP:0001100	666	Heterochromia iridis
HP:0031215	1986	Decreased circulating dehydroepiandrosterone-sulfate concentration
HP:0011819	4606	Submucous cleft soft palate
HP:0008239	3187	Adrenal medullary hypoplasia
HP:0000679	2276	Taurodontia
HP:0006243	1385	Phalangeal dislocation
HP:0033139	576	Elevated circulating uracil concentration
HP:0032232	698	Increased circulating creatine kinase MB isoform
HP:0003438	2575	Absent Achilles reflex
HP:0005709	3978	2-3 toe cutaneous syndactyly
HP:0030758	4524	Periapical tooth abscess
HP:0006109	1649	Absent phalangeal crease
HP:0010766	332	Ectopic calcification
HP:0001101	156	Iritis
HP:0003616	3328	Premature separation of centromeric heterochromatin
HP:0000682	517	Abnormal dental enamel morphology
HP:0010584	5199	Pseudoepiphyses
HP:0040196	1917	Mild microcephaly
HP:0000729	163	Autistic behavior
HP:0030532	2034	Visual acuity test abnormality
HP:0032027	772	Retinal dots
HP:0006107	1676	Fingerpad telangiectases
HP:0007646	5198	Absent lower eyelashes
HP:0001177	1065	Preaxial hand polydactyly
HP:0010539	2146	Thin calvarium
HP:0011734	1828	Central adrenal insufficiency
HP:0009789	2799	Perianal abscess
HP:0007343	2405	Abnormal morphology of the limbic system
HP:0001761	1670	Pes cavus
HP:0000017	2255	Nocturia
HP:0006247	1774	Enlarged interphalangeal joints
HP:0001621	1416	Weak voice
HP:0100704	4952	Cerebral visual impairment
HP:0010764	1798	Short eyelashes
HP:0007928	5197	Abnormal flash visual evoked potentials
HP:0005214	4417	Intestinal obstruction
HP:0001095	158	Hypertensive retinopathy
HP:0001786	2033	Narrow foot
HP:0004676	5196	Prominent supraorbital arches in adult
HP:0002354	73	Memory impairment
HP:0011470	794	Nasogastric tube feeding in infancy
HP:0007030	1456	Nonprogressive encephalopathy
HP:0006035	1842	Cone-shaped epiphyses of phalanges 2 to 5
HP:0410346	1868	Increased urinary galactosylated oligosaccharide
HP:0002236	5195	Frontal upsweep of hair
HP:0002587	385	Projectile vomiting
HP:0000616	1812	Miosis
HP:0012882	3684	Hyperplastic labia majora
HP:0003111	1844	Abnormal blood ion concentration
HP:0010441	96	Ectopic accessory finger-like appendage
HP:0011165	3957	Focal sensory seizure with visual features
HP:0011372	2713	Aplasia of the inner ear
HP:0010307	2966	Stridor
HP:0020135	3026	Myofibromatosis
HP:0004377	259	Hematological neoplasm
HP:0033994	331	Dependency on parenteral nutrition
HP:0100699	939	Scarring
HP:0012218	3185	Alveolar soft part sarcoma
HP:0003067	1492	Madelung deformity
HP:0001045	1730	Vitiligo
HP:0000189	2410	Narrow palate
HP:6000031	639	Phaeohyphomycosis
HP:0000212	1685	Gingival overgrowth
HP:0003164	2458	Hypothalamic gonadotropin-releasing hormone deficiency
HP:0002857	850	Genu valgum
HP:0002676	914	Cloverleaf skull
HP:0007281	5194	Developmental stagnation
HP:0005425	1501	Recurrent sinopulmonary infections
HP:0001875	2359	Neutropenia
HP:0012628	2578	Abnormal suspensory ligament of lens morphology
HP:0010446	884	Tricuspid stenosis
HP:0007817	1591	Horizontal supranuclear gaze palsy
HP:0031393	2635	Abnormal proportion of CD8-positive T cells
HP:0033154	297	Elevated circulating deoxypyridinoline concentration
HP:0008148	1482	Impaired epinephrine-induced platelet aggregation
HP:0025444	2862	Reduced amygdala volume
HP:0012142	441	Pancreatic squamous cell carcinoma
HP:0011946	109	Bronchiolitis obliterans
HP:0100046	1685	Cone-shaped epiphyses of the 2nd toe
HP:0004532	3648	Sacral hypertrichosis
HP:0002611	4867	Cholestatic liver disease
HP:0010975	1013	Abnormal B cell count
HP:0007962	3181	Speckled corneal dystrophy
HP:0012477	2863	Vocal tremor
HP:0033117	806	Duodenitis
HP:0040319	1374	Dark urine
HP:0007665	3096	Curly eyelashes
HP:0008458	2813	Progressive congenital scoliosis
HP:0005102	4601	Cochlear degeneration
HP:0000778	1205	Hypoplasia of the thymus
HP:0200072	2867	Episodic quadriplegia
HP:0012391	4600	Hyporeflexia of upper limbs
HP:0100738	5191	Abnormal eating behavior
HP:0011980	1914	Cholesterol gallstones
HP:0012643	1580	Foveal hypopigmentation
HP:0032019	3772	Muscle eosinophilia
HP:0100529	741	Abnormal blood phosphate concentration
HP:0034838	4599	Cleavage at junction of stratum corneum and stratum granulosum
HP:0010285	956	Oral synechia
HP:0011117	1614	Abnormal circulating interleukin concentration
HP:0001010	1936	Hypopigmentation of the skin
HP:0006440	4598	Increased density of long bone diaphyses
HP:0006579	1310	Prolonged neonatal jaundice
HP:0410300	4651	Complete or near-complete absence of specific antibody response to unconjugated pneumococcus vaccine
HP:0430015	5499	Abnormal morphology of musculature of pharynx
HP:0006028	1495	Metaphyseal cupping of metacarpals
HP:0001907	1896	Thromboembolism
HP:0005686	5230	Patchy osteosclerosis
HP:0001890	930	Autoimmune hemolytic anemia
HP:0030088	1665	Increased serum testosterone level
HP:0005085	5225	Limited knee flexion/extension
HP:0003434	909	Sensory ataxic neuropathy
HP:0002936	2103	Distal sensory impairment
HP:0032901	1578	Focal pedal automatism seizure
HP:0003270	331	Abdominal distention
HP:0034159	2724	Paget disease of bone
HP:0003959	965	Deformed forearm bones
HP:0030273	2401	Reduced red cell adenosine deaminase level
HP:0005477	122	Progressive sclerosis of skull base
HP:0004295	2287	Abnormal gastric mucosa morphology
HP:0003057	2526	Tetraamelia
HP:0020136	930	Anticardiolipin IgG antibody positivity
HP:0100728	1961	Germ cell neoplasia
HP:0006060	1912	Tombstone-shaped proximal phalanges
HP:0002615	2236	Hypotension
HP:0001580	1825	Pigmented micronodular adrenocortical disease
HP:0032118	3602	Retinitis
HP:0003231	1223	Hypertyrosinemia
HP:0045059	1409	Hyperkeratotic papule
HP:0000059	901	Hypoplastic labia majora
HP:0002983	912	Micromelia
HP:0001901	717	Polycythemia
HP:0031380	1343	Abnormal B cell proliferation
HP:0025712	3532	Spontaneous chorioamniotic separation
HP:0011533	1519	Snowflake vitreoretinal degeneration
HP:0012734	4795	Ketotic hypoglycemia
HP:0034006	1332	Decreased urinary lysyl-pyridinoline-hydroxylysyl-pyridinoline ratio
HP:0008207	1113	Primary adrenal insufficiency
HP:0007428	3394	Telangiectasia of the oral mucosa
HP:0004444	865	Spherocytosis
HP:0033124	3179	Increased serum sorbitol concentration
HP:0002740	299	Recurrent E. coli infections
HP:0020191	5188	Anterior predominant thick cortex pachygyria
HP:0002307	945	Drooling
HP:0001657	2396	Prolonged QT interval
HP:0004392	773	Prune belly
HP:0000154	3637	Wide mouth
HP:0002488	168	Acute leukemia
HP:0007041	5501	Chronic lymphocytic meningitis
HP:0004963	113	Calcification of the aorta
HP:0011061	5527	Abnormality of dental structure
HP:0002643	4698	Neonatal respiratory distress
HP:0030873	1799	Anti-centromere antibody positivity
HP:0001025	137	Urticaria
HP:0032092	2363	Left ventricular outflow tract obstruction
HP:0005572	1146	Decreased renal tubular phosphate excretion
HP:0011937	5449	Hypoplastic fifth toenail
HP:0100861	3066	Sclerotic vertebral body
HP:0006149	3816	Increased laxity of fingers
HP:0045047	2834	HbS hemoglobin
HP:0007549	2626	Desquamation of skin soon after birth
HP:0010816	1233	Epidermal nevus
HP:0006261	1695	Abnormal phalangeal joint morphology of the hand
HP:0001061	3922	Acne
HP:0010663	892	Abnormal thalamus morphology
HP:0010286	5404	Abnormal salivary gland morphology
HP:0005244	5286	Gastrointestinal infarctions
HP:0100796	822	Orchitis
HP:0008249	4932	Thyroid hyperplasia
HP:0002270	296	Abnormality of the autonomic nervous system
HP:0033997	1540	Perinuclear cardiomyocyte vacuolization
HP:0032325	837	Lacunar stroke
HP:0009821	2271	Forearm undergrowth
HP:0100703	913	Tongue thrusting
HP:0040173	110	Abnormality of the tongue muscle
HP:0007018	2268	Attention deficit hyperactivity disorder
HP:0007488	1303	Diffuse skin atrophy
HP:0031800	1683	Elevated circulating apolipoprotein A-II concentration
HP:0002181	2599	Cerebral edema
HP:0000525	2983	Abnormality iris morphology
HP:0011210	2120	EEG with occipital slowing
HP:0025232	1648	Bursitis
HP:0000265	4584	Mastoiditis
HP:0001737	1755	Pancreatic cysts
HP:0008763	5331	No social interaction
HP:0005852	1141	Limited elbow extension and supination
HP:0005090	3828	Lateral femoral bowing
HP:0040044	2573	Hypoplasia of the diaphragm
HP:0001917	525	Renal amyloidosis
HP:0011761	655	Pituitary null cell adenoma
HP:0003561	4884	Birth length less than 3rd percentile
HP:0032297	879	Increased circulating IgG3 level
HP:0033505	1050	Livedo reticularis
HP:0001530	2402	Mild postnatal growth retardation
HP:0032638	4953	Elevated urine mevalonic acid level
HP:0500223	1947	Increased CSF phenylalanine concentration
HP:0003555	1094	Muscle fiber splitting
HP:0007814	4927	Retinal pigment epithelial mottling
HP:0009050	5177	Quadriceps muscle atrophy
HP:0010536	992	Central sleep apnea
HP:0003700	2687	Generalized amyotrophy
HP:0033670	2162	Organizing pneumonia
HP:0025102	4879	Dysgenesis of the basal ganglia
HP:6000461	3177	Cerebral subcortical cyst
HP:0004810	4576	Congenital hypoplastic anemia
HP:0005180	3582	Tricuspid regurgitation
HP:0005156	2556	Hypoplastic left atrium
HP:0003691	1996	Scapular winging
HP:0200084	888	Giant cell hepatitis
HP:0010270	2585	Cone-shaped epiphyses of the proximal phalanges of the hand
HP:0025670	296	Syntelencephaly
HP:0004927	4574	Pulmonary artery dilatation
HP:0005225	748	Intestinal edema
HP:0006353	2285	Hypoplasia of the tooth germ
HP:0005574	3176	Non-acidotic proximal tubulopathy
HP:0008940	4570	Generalized lymphadenopathy
HP:0001747	3992	Accessory spleen
HP:0005072	967	Wrist hypermobility
HP:0002626	36	Venous varicosities of celiac and mesenteric vessels
HP:0000872	991	Hashimoto thyroiditis
HP:0012252	3345	Abnormal respiratory system morphology
HP:0008452	2352	Wafer-thin platyspondyly
HP:0031252	2240	Dilated left subclavian artery
HP:0000763	4111	Sensory neuropathy
HP:0002497	4496	Spastic ataxia
HP:0010980	4871	Hyperlipoproteinemia
HP:0008568	3173	Vestibular areflexia
HP:0002470	5442	Nonprogressive cerebellar ataxia
HP:0011474	4232	Childhood onset sensorineural hearing impairment
HP:0008883	1747	Mild intrauterine growth retardation
HP:0006482	1577	Abnormal dental morphology
HP:0008788	4566	Delayed pubic bone ossification
HP:0012427	4565	Increased femoral anteversion
HP:0004433	1710	Secretory IgA deficiency
HP:0004416	131	Precocious atherosclerosis
HP:0001999	818	Abnormal facial shape
HP:0001543	5210	Gastroschisis
HP:0033701	4878	Cortical sclerosis of the iliac wing
HP:0003286	607	Cystathioninemia
HP:0003712	817	Skeletal muscle hypertrophy
HP:0200035	2580	Skin plaque
HP:6000199	2127	Reduced 3-beta-hydroxysteroid-delta-5-desaturase activity in cultured fibroblasts
HP:6000574	3877	Reduced tissue carnitine-acylcarnitine translocase activity
HP:0031865	2216	Abnormal liver physiology
HP:0032140	3812	Decreased specific antibody response to vaccination
HP:0031047	883	Paraproteinemia
HP:0003029	627	Enlargement of the ankles
HP:0001234	1486	Hitchhiker thumb
HP:0012418	449	Hypoxemia
HP:0005722	2956	Hyperextensible thumb
HP:0004379	4561	Abnormality of alkaline phosphatase level
HP:0034284	1326	Recurrent gingivitis
HP:0005435	1090	Impaired T cell function
HP:0002625	25	Deep venous thrombosis
HP:0010874	5169	Tendon xanthomatosis
HP:0002572	2024	Episodic vomiting
HP:0032169	1326	Severe infection
HP:0005105	1581	Abnormal nasal morphology
HP:0010800	4559	Absent cupid's bow
HP:0031282	2524	Malalignment of the great toenail
HP:0009126	4891	Increased adipose tissue
HP:0100693	756	Iridodonesis
HP:0005329	2664	Fixed facial expression
HP:0009611	2656	Bifid distal phalanx of the thumb
HP:0012207	1269	Reduced sperm motility
HP:0020216	5175	Visually-induced seizure
HP:0004307	3951	Abnormal anatomic location of the heart
HP:0002726	140	Recurrent Staphylococcus aureus infections
HP:0030143	5161	Hyperactive bowel sounds
HP:0005197	2982	Generalized morning stiffness
HP:0004696	3595	Talipes cavus equinovarus
HP:0002616	4549	Aortic root aneurysm
HP:0004768	2273	Sparse anterior scalp hair
HP:0011056	119	Agenesis of first permanent molar tooth
HP:0032438	434	Platelet anisocytosis
HP:0001406	5251	Intrahepatic cholestasis
HP:0001894	898	Thrombocytosis
HP:0040183	3138	Encopresis
HP:0033009	958	Increased fecal coproporphyrin 1
HP:6000558	3167	Reduced erythrocyte adenylate kinase activity
HP:0031962	669	Elevated serum anion gap
HP:0031653	1833	Abnormal heart valve physiology
HP:0025325	2968	Sparse medial eyebrow
HP:0000498	3165	Blepharitis
HP:0000193	3650	Bifid uvula
HP:0030114	2881	Absent muscle fiber dysferlin
HP:0001504	1373	Metacarpal osteolysis
HP:0030474	2445	Undetectable dark-adapted electroretinogram
HP:0002144	2272	Tethered cord
HP:0030044	4539	Flexion contracture of digit
HP:0008079	4091	Absent fifth metatarsal
HP:0003139	2227	Panhypogammaglobulinemia
HP:0031258	4538	Delirium
HP:0004220	1448	Short middle phalanx of the 5th finger
HP:0032064	976	Gastrointestinal eosinophilia
HP:0010618	3349	Ovarian fibroma
HP:0006256	3242	Abnormality of hand joint mobility
HP:0030019	2617	Increased female libido
HP:0007958	1577	Optic atrophy from cranial nerve compression
HP:0003203	5285	Impaired oxidative burst
HP:0000585	2980	Band keratopathy
HP:0012164	2462	Asterixis
HP:0100608	513	Metrorrhagia
HP:0025168	4537	Left ventricular diastolic dysfunction
HP:0001627	493	Abnormal heart morphology
HP:0012299	3702	Long distal phalanx of finger
HP:0100780	1366	Conjunctival hamartoma
HP:0010620	3137	Malar prominence
HP:0030358	176	Non-small cell lung carcinoma
HP:0006866	5067	Midline central nervous system lipomas
HP:0001770	2860	Toe syndactyly
HP:0006977	2258	Deficit in grammar
HP:0006684	2568	Ventricular preexcitation with multiple accessory pathways
HP:0010867	1789	Dyssynergia
HP:0008499	2713	High hypermetropia
HP:0001989	1320	Fetal akinesia sequence
HP:0002900	2631	Hypokalemia
HP:0006095	3593	Wide tufts of distal phalanges
HP:0006492	952	Aplasia/Hypoplasia of the fibula
HP:0006000	316	Ureteral obstruction
HP:0002084	1217	Encephalocele
HP:0007761	4638	Pericentral scotoma
HP:0010765	5257	Palmar hyperkeratosis
HP:0000556	3653	Retinal dystrophy
HP:0032948	2648	Renal interstitial fibrosis
HP:0010809	166	Broad uvula
HP:0007017	2618	Progressive forgetfulness
HP:0011864	1619	Elevated plasma pyrophosphate
HP:0011501	5153	Anterior lenticonus
HP:0032411	2939	Posterior predominant subcortical band heterotopia
HP:0001750	1836	Single ventricle
HP:0000486	1064	Strabismus
HP:0007759	2545	Opacification of the corneal stroma
HP:0011380	1657	Abnormal semicircular canal morphology
HP:0012122	5491	Anterior uveitis
HP:0001440	862	Metatarsal synostosis
HP:0032107	728	Limbal stem cell deficiency
HP:0410054	196	Decreased circulating GABA concentration
HP:0003228	351	Hypernatremia
HP:0009761	2020	Anterior clefting of vertebral bodies
HP:0012844	5249	Trichilemmoma
HP:0000479	1386	Abnormal retinal morphology
HP:0004315	4275	Decreased circulating IgG level
HP:0011027	2710	Abnormal fallopian tube morphology
HP:0012087	2305	Abnormal mitochondrial shape
HP:0005453	4529	Absent/hypoplastic paranasal sinuses
HP:0100524	5288	Limb duplication
HP:0011054	4528	Agenesis of molar
HP:0001511	1913	Intrauterine growth retardation
HP:0004554	3928	Generalized hypertrichosis
HP:0008757	3592	Unilateral vocal cord paralysis
HP:0034227	4502	Aortic isthmus hypoplasia
HP:0200030	4259	Punctate vasculitis skin lesions
HP:0003216	4526	Generalized amyloid deposition
HP:0004570	4525	Increased vertebral height
HP:0040036	115	Onychogryposis of fingernail
HP:0003376	701	Steppage gait
HP:0000264	1979	Abnormal mastoid morphology
HP:0007457	5405	Prominent veins on trunk
HP:0001265	1357	Hyporeflexia
HP:0032807	2091	Neonatal seizure
HP:0004851	2993	Folate-responsive megaloblastic anemia
HP:0004724	1965	Calcium nephrolithiasis
HP:0010997	77	Chromosomal breakage induced by ionizing radiation
HP:0011305	1642	Partial absence of toe
HP:0032409	4750	Subcortical band heterotopia
HP:0033295	613	Mesangial Immune complex deposition
HP:0041063	2937	Chronic decreased circulating IgG2
HP:0025186	589	Marcus Gunn jaw winking synkinesis
HP:0031538	2084	Abnormal dermoepidermal junction morphology
HP:0002884	3872	Hepatoblastoma
HP:0005025	601	Hypoplastic distal humeri
HP:0045086	703	Knee joint hypermobility
HP:0045038	1331	Gastric lymphoma
HP:0100022	2072	Abnormality of movement
HP:0011166	5181	Focal myoclonic seizure
HP:0002612	151	Congenital hepatic fibrosis
HP:0005200	1610	Retroperitoneal fibrosis
HP:0008962	4519	Calf muscle hypoplasia
HP:0003148	562	Elevated serum acid phosphatase
HP:0006460	3807	Increased laxity of ankles
HP:0006596	1431	Restricted chest movement
HP:0001706	4518	Endocardial fibroelastosis
HP:0031079	4037	Impaired growth-hormone response to insulin stimulation test
HP:0032615	886	Abnormal diffusion weighted cerebral MRI morphology
HP:0001984	1102	Intolerance to protein
HP:0100795	1923	Abnormally straight spine
HP:0002910	1010	Elevated circulating hepatic transaminase concentration
HP:0100335	5488	Non-midline cleft of the upper lip
HP:0000647	793	Sclerocornea
HP:0025022	2190	Decreased erythrocyte sedimentation rate
HP:0001142	1231	Lenticonus
HP:0007605	5063	Excessive wrinkling of palmar skin
HP:0005645	4517	Intervertebral disk calcification
HP:0012645	1192	Enlarged peripheral nerve
HP:0025084	4516	Folliculitis
HP:0008357	1317	Reduced factor XIII activity
HP:0000886	442	Deformed rib cage
HP:0000873	2963	Diabetes insipidus
HP:0006329	5233	Alveolar process hypoplasia
HP:0100028	4515	Ectopic thyroid
HP:0003493	780	Antinuclear antibody positivity
HP:0001822	5348	Hallux valgus
HP:0011040	32	Abnormal intrahepatic bile duct morphology
HP:0008191	616	Thyroid agenesis
HP:0008442	4514	Vertebral hyperostosis
HP:0010719	4513	Abnormality of hair texture
HP:0007661	3318	Abnormality of chorioretinal pigmentation
HP:0001742	2002	Nasal congestion
HP:6000121	523	Elevated urinary xanthurenic acid level
HP:0009659	2558	Partial absence of thumb
HP:0040307	1046	Male sexual dysfunction
HP:0011934	4512	Dilatation of mesenteric artery
HP:0031908	2828	Micrographia
HP:0011236	3354	Angulated antihelix
HP:0005347	1941	Tracheal cartilaginous sleeve
HP:0011715	132	Trifascicular block
HP:0011389	94	Functional abnormality of the inner ear
HP:0001998	460	Neonatal hypoglycemia
HP:0012743	2027	Abdominal obesity
HP:0033355	2417	Increased urine deoxypyridinoline level
HP:0002958	5487	Immune dysregulation
HP:0030177	1381	Abnormality of peripheral nervous system electrophysiology
HP:0007016	5180	Corticospinal tract hypoplasia
HP:0010472	1378	Abnormal circulating porphyrin concentration
HP:0005522	146	Pyridoxine-responsive sideroblastic anemia
HP:0005005	1249	Femoral bowing present at birth, straightening with time
HP:0007348	3025	Hypoplasia of the pyramidal tract
HP:0006743	3136	Embryonal rhabdomyosarcoma
HP:0006704	3805	Abnormal coronary artery morphology
HP:0011876	791	Abnormal platelet volume
HP:0030318	2894	Angular cheilitis
HP:0002418	86	Abnormal midbrain morphology
HP:0001394	1574	Cirrhosis
HP:0002180	1441	Neurodegeneration
HP:0011611	3805	Interrupted aortic arch
HP:0032499	578	Giant neutrophil granules
HP:0040249	984	Reduced plasminogen activator inhibitor 1 antigen
HP:0007772	3462	Impaired smooth pursuit
HP:0025163	1715	Abnormal optic chiasm morphology
HP:0100720	5524	Hypoplasia of the ear cartilage
HP:0100518	1402	Dysuria
HP:0002080	2877	Intention tremor
HP:0009914	708	Cyclopia
HP:0002635	3703	Type IV atherosclerotic lesion
HP:0011964	4509	Intermittent painful muscle spasms
HP:0002621	903	Atherosclerosis
HP:0005305	25	Cerebral venous thrombosis
HP:0034350	4508	Valvular pulmonary stenosis
HP:0001103	678	Abnormal macular morphology
HP:0008647	2406	Pubertal developmental failure in females
HP:0031417	4506	Rhinorrhea
HP:0003484	2034	Upper limb muscle weakness
HP:0007968	4505	Remnants of the hyaloid vascular system
HP:0034396	4504	Hippocampal malrotation
HP:0005206	1672	Pancreatic pseudocyst
HP:0001551	3377	Abnormal umbilicus morphology
HP:0000957	4502	Cafe-au-lait spot
HP:0009757	1211	Intercrural pterygium
HP:0000871	2451	Panhypopituitarism
HP:0000219	1783	Thin upper lip vermilion
HP:0009182	1221	Triangular shaped middle phalanx of the 5th finger
HP:0025329	4501	Anti-glutamic acid decarboxylase antibody positivity
HP:0001488	3135	Bilateral ptosis
HP:0011313	2488	Narrow nail
HP:0002669	1297	Osteosarcoma
HP:0012203	1637	Onychomycosis
HP:0030783	1114	Increased circulating interleukin 6 concentration
HP:0032670	1328	Tonic status epilepticus
HP:0000563	3366	Keratoconus
HP:0006646	5145	Costal cartilage calcification
HP:0031020	2017	Bone marrow hypercellularity
HP:0002223	2370	Absent eyebrow
HP:0006552	2544	Fibrocystic lung disease
HP:0002862	823	Bladder carcinoma
HP:0003427	937	Thenar muscle weakness
HP:0002790	136	Neonatal breathing dysregulation
HP:0025081	2580	Darier's sign
HP:0011924	5432	Decreased activity of mitochondrial complex III
HP:0012760	1933	Reduced social reciprocity
HP:0005003	1330	Aplasia/Hypoplasia of the capital femoral epiphysis
HP:0007047	920	Atrophy of the dentate nucleus
HP:0011168	5179	Focal seizure with eyelid myoclonia
HP:0003455	4870	Elevated circulating long chain fatty acid concentration
HP:0010574	4495	Abnormality of the epiphysis of the femoral head
HP:0012484	2508	Abnormal dense granules
HP:0003271	4494	Visceromegaly
HP:0046507	2895	Bradypnea
HP:0100585	1236	Telangiectasia of the skin
HP:0008090	1429	Ankylosis of feet small joints
HP:0012277	2193	Hypoglycinemia
HP:0007710	3817	Peripheral vitreous opacities
HP:0012496	3278	Reduced maximal inspiratory pressure
HP:0030906	813	Suck reflex
HP:0006380	1435	Knee flexion contracture
HP:0012506	1671	Small pituitary gland
HP:0000828	5254	Abnormality of the parathyroid gland
HP:0020221	1174	Clonic seizure
HP:0031504	881	Foamy urine
HP:0001902	688	Giant platelets
HP:0012901	3711	Myotonia of the jaw
HP:6000650	303	Distal tibiofibular synostosis
HP:0100559	550	Lower limb asymmetry
HP:0033263	345	Absent platelet dense granules
HP:0009909	3153	Uplifted earlobe
HP:0000201	195	Pierre-Robin sequence
HP:0002161	256	Hyperlysinemia
HP:0003423	1811	Thoracolumbar kyphoscoliosis
HP:0032276	2283	Prominent subcalcaneal fat pad
HP:0008111	3168	Broad distal hallux
HP:0003774	407	Stage 5 chronic kidney disease
HP:0000586	1143	Shallow orbits
HP:0003450	1397	Axonal regeneration
HP:0001204	269	Distal symphalangism of hands
HP:0031266	2649	Podocyte foot process effacement
HP:0100639	5388	Erectile dysfunction
HP:0006574	36	Hepatic arteriovenous malformation
HP:0009019	2418	Progressive loss of facial adipose tissue
HP:0034354	1854	Trichoschisis
HP:0002017	2567	Nausea and vomiting
HP:0002378	2500	Hand tremor
HP:0000896	550	Rib exostoses
HP:0000836	2513	Hyperthyroidism
HP:0002148	3620	Hypophosphatemia
HP:0200049	1224	Upper limb hypertonia
HP:0010761	4491	Broad columella
HP:0000717	581	Autism
HP:0030865	3093	Large elbow
HP:0004426	5282	Abnormal cheek morphology
HP:0030781	2661	Increased circulating free fatty acid level
HP:0004485	3584	Cessation of head growth
HP:0002254	1781	Intermittent diarrhea
HP:0041046	393	Increased neutrophil ribosomes
HP:0002226	1056	White eyebrow
HP:0001961	662	Hypoplastic heart
HP:0012881	52	Abnormal labia majora morphology
HP:0011943	125	Increased urinary thiosulfate
HP:0040327	4051	Abnormal morphology of the olfactory bulb
HP:0006829	936	Severe muscular hypotonia
HP:0005147	2186	Bidirectional ventricular ectopy
HP:0005817	2712	Postaxial polysyndactyly of foot
HP:0041059	1105	Chronic (near) absent circulating IgG4
HP:0011340	3159	Incomplete cleft of the upper lip
HP:0009084	2692	Midline notch of upper alveolar ridge
HP:0012032	1169	Lipoma
HP:0009931	4484	Enlarged naris
HP:0007311	1880	Short stepped shuffling gait
HP:0005264	2209	Abnormality of the gallbladder
HP:0002036	2537	Hiatus hernia
HP:0007431	1288	Congenital ichthyosiform erythroderma
HP:0025066	2740	Decreased mean corpuscular volume
HP:0100326	2055	Immunologic hypersensitivity
HP:0100771	1790	Hypoperistalsis
HP:0001701	2792	Pericarditis
HP:0012508	1336	Metamorphopsia
HP:0004823	1521	Anisopoikilocytosis
HP:0001722	5187	High-output congestive heart failure
HP:0032230	4481	Cytoplasmic antineutrophil antibody positivity
HP:0004712	4480	Renal malrotation
HP:0012000	4420	EEG with generalized spikes
HP:0031107	3581	Decreased fibular diameter
HP:0008476	1997	Irregular sclerotic endplates
HP:0200063	251	Colorectal polyposis
HP:0001310	920	Dysmetria
HP:0001482	3026	Subcutaneous nodule
HP:0006270	2400	Hypoplastic spleen
HP:0003646	3620	Bicarbonaturia
HP:0033719	304	EEG with parietal epileptiform discharges
HP:0003607	1223	4-hydroxyphenylacetic aciduria
HP:0040085	29	Abnormal circulating aldosterone
HP:0003548	620	Subsarcolemmal accumulations of abnormally shaped mitochondria
HP:0000023	2506	Inguinal hernia
HP:0001608	2458	Abnormality of the voice
HP:0005107	286	Abnormal sacrum morphology
HP:0001651	1839	Dextrocardia
HP:0000565	987	Esotropia
HP:0000818	2053	Abnormality of the endocrine system
HP:0000545	2691	Myopia
HP:0003256	353	Abnormality of the coagulation cascade
HP:0034830	3164	Reduced hepatic fructose-1,6-phosphate aldolase activity
HP:0034051	594	Hypoplastic anterior limbs of the internal capsule
HP:0001700	2852	Myocardial necrosis
HP:0000680	625	Delayed eruption of primary teeth
HP:0010668	1826	Abnormal zygomatic bone morphology
HP:0001947	555	Renal tubular acidosis
HP:0410276	1797	Supraumbilical raphe
HP:0000829	4192	Hypoparathyroidism
HP:0033199	1400	Increased circulating interleukin 10 concentration
HP:0000677	119	Oligodontia
HP:0002020	4589	Gastroesophageal reflux
HP:0007036	194	Hypoplasia of olfactory tract
HP:0007626	1338	Mandibular osteomyelitis
HP:0012182	441	Oropharyngeal squamous cell carcinoma
HP:0003454	871	Platelet antibody positive
HP:0200040	1327	Epidermoid cyst
HP:0031206	4647	Striatal T2 hyperintensity
HP:0020125	1877	Spontaneous conjunctival filtering bleb
HP:0005701	478	Multiple enchondromatosis
HP:0031189	4593	Wrist drop
HP:0001395	4471	Hepatic fibrosis
HP:0010844	105	EEG with multifocal slow activity
HP:0007468	2611	Perifollicular hyperkeratosis
HP:0030009	2079	Cervical insufficiency
HP:0011060	4470	Dentinogenesis imperfecta limited to primary teeth
HP:0034787	2331	Accumulation of lipid droplets in small-bowel enterocytes
HP:0005368	5132	Abnormality of humoral immunity
HP:0002672	5383	Gastrointestinal carcinoma
HP:0025235	2326	NREM parasomnia
HP:0033534	4469	Increased circulating brain natriuretic peptide concentration
HP:0006571	1084	Reduced number of intrahepatic bile ducts
HP:0008472	2901	Prominent protruding coccyx
HP:0025646	2536	Bilateral polymicrogyria
HP:0012371	4466	Hyperplasia of midface
HP:0011971	4900	Dermatographic urticaria
HP:0003099	874	Fibular overgrowth
HP:0012241	759	Levator palpebrae superioris atrophy
HP:0000617	4585	Abnormality of ocular smooth pursuit
HP:0200117	2377	Recurrent upper and lower respiratory tract infections
HP:0100508	2466	Abnormality of vitamin metabolism
HP:0025711	750	Convergence-retraction nystagmus
HP:0100246	2008	Osteoma
HP:0000331	3882	Short chin
HP:0012533	3669	Allodynia
HP:0001043	1082	Prominent scalp veins
HP:0031457	312	Pulmonary opacity
HP:0004481	4868	Progressive macrocephaly
HP:0032177	1717	Parenchymal consolidation
HP:0001895	88	Normochromic anemia
HP:0011664	596	Left ventricular noncompaction cardiomyopathy
HP:0006598	2274	Irregular ossification at anterior rib ends
HP:0012463	798	Elevated transferrin saturation
HP:0031882	59	Agyria
HP:0003341	447	Lamina lucida cleavage
HP:0009723	3698	Abnormality of the subungual region
HP:0012572	373	Ureter duplex
HP:0001233	2195	2-3 finger syndactyly
HP:0010836	2554	Abnormal circulating copper concentration
HP:0100830	4780	Round ear
HP:0008729	2086	Absence of labia majora
HP:0100034	33	Motor tics
HP:0033982	2884	Celiac artery dissection
HP:0009471	5381	Contracture of the proximal interphalangeal joint of the 3rd finger
HP:0000551	1025	Color vision defect
HP:0030430	1362	Neuroma
HP:0012113	80	Abnormal circulating creatine concentration
HP:0003021	1037	Metaphyseal cupping
HP:0020189	4750	Posterior predominant thick cortex pachygyria
HP:0025318	85	Ovarian carcinoma
HP:0030388	2339	Decreased proportion of class-switched memory B cells
HP:0004991	587	Rhizomelic arm shortening
HP:0008087	4465	Nonossified fifth metatarsal
HP:0011801	4498	Enlargement of parotid gland
HP:0012759	695	Neurodevelopmental abnormality
HP:0008783	784	Wide proximal femoral metaphysis
HP:0002904	3861	Hyperbilirubinemia
HP:0011825	5129	Tented philtrum
HP:0001230	1689	Broad metacarpals
HP:0005715	2837	Flattened knee epiphyses
HP:0040191	116	Rectus femoris muscle atrophy
HP:0030985	4867	Decreased serum bile acid concentration
HP:0008812	4464	Flattened femoral head
HP:0005307	4468	Postural hypotension with compensatory tachycardia
HP:0034294	1574	Ductal bile plugs
HP:0025092	2657	Epidermal acanthosis
HP:0031677	3918	Polymorphic ventricular tachycardia
HP:0030802	1652	Lower eyelid retraction
HP:0002623	526	Overriding aorta
HP:0002040	36	Esophageal varix
HP:0004987	1218	Mesomelic leg shortening
HP:0006280	4462	Chronic pancreatitis
HP:0003756	3132	Skeletal myopathy
HP:0011198	4937	EEG with generalized epileptiform discharges
HP:0000378	46	Cupped ear
HP:0006784	4681	Paranasal sinus hypoplasia
HP:0031096	4730	Delayed vertebral ossification
HP:0008767	3821	Self-mutilation of tongue and lips due to involuntary movements
HP:0007499	216	Recurrent staphylococcal infections
HP:0012586	1279	Bilateral renal atrophy
HP:0100528	4510	Pleuropulmonary blastoma
HP:0005160	5126	Total anomalous pulmonary venous return
HP:0025551	5375	Optic nerve misrouting
HP:0200134	2616	Epileptic encephalopathy
HP:0010485	1088	Hyperextensibility at elbow
HP:0007583	3323	Telangiectasia macularis eruptiva perstans
HP:0004923	1987	Hyperphenylalaninemia
HP:0010259	1631	Cone-shaped epiphyses of the middle phalanges of the hand
HP:0008414	2205	Lumbar kyphosis in infancy
HP:0005413	1703	Increased alpha-globulin
HP:0009462	4737	Radial deviation of the 3rd finger
HP:0002542	2711	Olivopontocerebellar atrophy
HP:0003474	1296	Somatic sensory dysfunction
HP:0007873	5321	Abnormally prominent line of Schwalbe
HP:0007628	1207	Mandibular condyle hypoplasia
HP:0002808	659	Kyphosis
HP:0005113	2052	Aortic arch aneurysm
HP:0002540	2232	Inability to walk
HP:6000354	4163	Reduced aspartoacylase activity in cultured fibroblasts
HP:0002141	894	Gait imbalance
HP:0001038	947	Warfarin-induced skin necrosis
HP:0012364	619	Decreased urinary potassium
HP:0008341	5133	Distal renal tubular acidosis
HP:0008437	2032	Bifid thoracic vertebrae
HP:0033210	2358	Congenital alveolar dysplasia
HP:0011979	593	Elevated urinary dopamine level
HP:0002733	4446	Abnormal lymph node morphology
HP:0001769	1270	Broad foot
HP:0001803	4445	Nail pits
HP:0005026	3673	Mesomelic/rhizomelic limb shortening
HP:0011043	4179	Abnormal circulating adrenocorticotropin concentration
HP:0020037	1144	Astasia
HP:0030236	3153	Abnormality of muscle size
HP:0005365	56	Severe B lymphocytopenia
HP:0025534	735	Ocular melanocytosis
HP:0007274	4590	Recurrent bacterial meningitis
HP:0010767	1784	Sacrococcygeal pilonidal abnormality
HP:0005949	439	Apneic episodes in infancy
HP:0002445	584	Tetraplegia
HP:0012512	1158	Diffuse optic disc pallor
HP:0000787	2921	Nephrolithiasis
HP:0000431	1806	Wide nasal bridge
HP:0001804	1760	Hypoplastic fingernail
HP:0002493	2481	Upper motor neuron dysfunction
HP:0100952	4034	Enlarged sylvian cistern
HP:0012259	2628	Absent inner and outer dynein arms
HP:0031353	770	Otitis media with effusion
HP:0012762	1323	Cerebral white matter atrophy
HP:0032077	4467	Male urethral meatus stenosis
HP:0008108	4160	Advanced tarsal ossification
HP:0000045	2228	Abnormal scrotum morphology
HP:0034305	3911	2:1 atrioventricular block
HP:0005959	1360	Impaired gluconeogenesis
HP:0100561	1853	Spinal cord lesion
HP:0034893	900	Elevated brain glycine level by MRS
HP:0030265	2076	Wide penis
HP:0003902	5518	Epiphyseal stippling of the humerus
HP:0002640	158	Hypertension associated with pheochromocytoma
HP:0003557	777	Increased variability in muscle fiber diameter
HP:0004466	4428	Delayed brainstem auditory evoked response conduction time
HP:0008404	2569	Nail dystrophy
HP:0008776	1787	Abnormal renal artery morphology
HP:0008978	4577	Necrotizing myopathy
HP:0009179	4424	Deviation of the 5th finger
HP:0034194	919	Suprabasal cleavage
HP:0007327	1108	Mixed demyelinating and axonal polyneuropathy
HP:0010769	4423	Pilonidal sinus
HP:0000539	759	Abnormality of refraction
HP:0011743	2149	Adrenal gland agenesis
HP:0010241	5114	Short proximal phalanx of finger
HP:0045052	3683	Abnormality of the brachial nerve plexus
HP:0005815	4479	Supernumerary ribs
HP:0031008	4866	Lingual dystonia
HP:0025474	498	Erythematous plaque
HP:0033627	558	Increased urine harderoporphyrin level
HP:0000026	979	Male hypogonadism
HP:0004979	571	Metaphyseal sclerosis
HP:0100029	3078	Lingual thyroid
HP:0031237	3127	Internally nucleated skeletal muscle fibers
HP:0006121	145	Acral ulceration
HP:0003207	691	Arterial calcification
HP:0011197	2467	EEG with focal spike waves
HP:0030208	244	Anti-acetylcholine receptor antibody positivity
HP:0032480	4540	Beta-aminoisobutyric aciduria
HP:0003259	1051	Elevated circulating creatinine concentration
HP:0002859	1845	Rhabdomyosarcoma
HP:0045010	4477	Abnormal peripheral nerve morphology by anatomical site
HP:0034328	1575	Fibro-obliterative bile-duct lesion
HP:0012052	5484	Low serum calcitriol
HP:0006649	129	Costochondral pain
HP:0032137	4901	Decreased circulating IgG3 level
HP:0100579	834	Mucosal telangiectasiae
HP:0025573	4588	Mild myopia
HP:0012867	1269	Abnormal sperm mid-piece morphology
HP:0030866	1098	Large knee
HP:0200102	2095	Sparse or absent eyelashes
HP:0007215	1776	Periodic hyperkalemic paralysis
HP:0000198	2555	Absence of Stensen duct
HP:0003236	1999	Elevated circulating creatine kinase concentration
HP:0040126	2823	Abnormal circulating vitamin B12 concentration
HP:0001723	944	Restrictive cardiomyopathy
HP:0410289	2108	Hypoamylasemia
HP:0002193	894	Pseudobulbar affect
HP:0030688	606	Increased glucagon level
HP:0001409	36	Portal hypertension
HP:0005106	5110	Abnormality of the vertebral endplates
HP:0100502	863	Decreased circulating vitamin B12 concentration
HP:0007270	4420	Atypical absence seizure
HP:0100778	2425	Cryoglobulinemia
HP:0004490	4419	Calvarial hyperostosis
HP:0011246	990	Underdeveloped superior crus of antihelix
HP:0100749	1882	Chest pain
HP:0005733	3716	Spinal stenosis with reduced interpedicular distance
HP:0000381	2888	Stapes ankylosis
HP:0008755	1921	Laryngotracheomalacia
HP:0006145	690	Central Y-shaped metacarpal
HP:0004388	552	Microcolon
HP:0031369	1603	Colon perforation
HP:0003568	424	Decreased glucosephosphate isomerase level
HP:0004279	1267	Short palm
HP:0006722	4417	Small intestine carcinoid
HP:0005995	1664	Decreased adipose tissue around neck
HP:0012896	5107	Abnormal motor evoked potentials
HP:0012664	409	Reduced left ventricular ejection fraction
HP:0008703	2619	Gonadal calcification
HP:0000900	1024	Thickened ribs
HP:0011899	3315	Hyperfibrinogenemia
HP:0004787	3576	Fulminant hepatitis
HP:0034276	1763	Elevated circulating thymidine concentration
HP:0032326	1171	Methicillin-resistant Staphylococcus aureus infection
HP:0000166	315	Severe periodontitis
HP:0005466	5106	Hypoplasia of the frontal bone
HP:0034362	846	Dull foveal reflex
HP:0032541	1487	Knuckle pad
HP:0010817	5473	Linear nevus sebaceous
HP:0001041	905	Facial erythema
HP:0006849	3148	Hypodysplasia of the corpus callosum
HP:0012205	1275	Globozoospermia
HP:0032506	4924	Alien limb phenomenon
HP:0004431	4415	Reduced circulating complement concentration
HP:0100773	5158	Cartilage destruction
HP:0005575	5105	Hemolytic-uremic syndrome
HP:0011195	5311	EEG with focal sharp slow waves
HP:0005648	3574	Bilateral ulnar hypoplasia
HP:0006964	2096	Cerebral cortical neurodegeneration
HP:0032098	915	Hypomanganesemia
HP:0030639	93	Congenital stationary night blindness with abnormal fundus
HP:0009600	4880	Thumb contracture
HP:6000147	2210	Elevated methylhex-dienedioic level by MRS
HP:0006782	3475	Malignant eosinophil proliferation
HP:0009477	3039	Proximal/middle symphalangism of 4th finger
HP:0000484	415	Hyperopic astigmatism
HP:0011328	2303	Abnormality of fontanelles
HP:0410073	1960	Increased CSF ribose concentration
HP:0002063	1428	Rigidity
HP:0010705	4485	4-5 finger syndactyly
HP:0003465	1514	Elevated 8(9)-cholestenol
HP:0009888	179	Abnormality of secondary sexual hair
HP:0040016	5368	Prominent coccyx
HP:0009540	4594	Contracture of the proximal interphalangeal joint of the 2nd finger
HP:0100309	199	Subdural hemorrhage
HP:0001058	789	Poor wound healing
HP:0008134	2170	Irregular tarsal ossification
HP:0000113	642	Polycystic kidney dysplasia
HP:0000480	1990	Retinal coloboma
HP:0006595	2407	Scapulohumeral synostosis
HP:0000914	2856	Shield chest
HP:0012158	97	Carotid artery dissection
HP:0200029	617	Vasculitis in the skin
HP:0030731	3573	Carcinoma
HP:0020038	2100	Vertebrobasilar dolichoectasia
HP:0025355	1078	Retinal arterial macroaneurysms
HP:0012813	2700	Unilateral breast hypoplasia
HP:0040075	5067	Hypopituitarism
HP:0025027	610	Osteoma cutis
HP:0005335	1244	Sleepy facial expression
HP:0012717	1101	Severe conductive hearing impairment
HP:0031874	1692	Late chronotype
HP:0008264	2659	Neutrophil inclusion bodies
HP:0025101	5239	Dysgenesis of the hippocampus
HP:0034588	49	Crypt hyperplasia
HP:0012542	4607	Onychauxis
HP:0010013	2323	Abnormal 5th metacarpal morphology
HP:0004409	3952	Hyposmia
HP:0001216	605	Delayed ossification of carpal bones
HP:0025035	2459	Abnormal proerythroblast morphology
HP:0003265	1026	Neonatal hyperbilirubinemia
HP:0011675	3143	Arrhythmia
HP:0031954	4683	Dystonic gait
HP:0008323	1628	Abnormal light- and dark-adapted electroretinogram
HP:0012471	1284	Thick vermilion border
HP:0001518	2548	Small for gestational age
HP:0003345	102	Elevated urinary norepinephrine level
HP:0004955	2385	Generalized arterial tortuosity
HP:0034353	5418	Appendicular spasticity
HP:0040206	4397	Abnormal circulating neopterin concentration
HP:0012707	1470	Elevated brain lactate level by MRS
HP:0500265	1867	Increased proportion of CD8-positive, alpha-beta TEMRA T cells
HP:0007100	1728	Progressive ventriculomegaly
HP:0002509	784	Limb hypertonia
HP:0000172	4657	Abnormal uvula morphology
HP:0100847	723	Palmoplantar pustulosis
HP:0010827	3570	Abnormal seventh cranial physiology
HP:0010505	4490	Limitation of movement at ankles
HP:0031982	2279	Abnormal putamen morphology
HP:0004639	1182	Elevated amniotic fluid alpha-fetoprotein
HP:0002925	192	Elevated circulating thyroid-stimulating hormone concentration
HP:0031437	4393	Pregnancy exposure
HP:0500204	1983	Decreased CSF arginine concentration
HP:0008772	4882	Aplasia/Hypoplasia of the external ear
HP:0007843	3139	Attenuation of retinal blood vessels
HP:0011992	2017	Abnormal neutrophil morphology
HP:0030842	2933	Choking episodes
HP:0011502	3431	Posterior lenticonus
HP:0002069	2934	Bilateral tonic-clonic seizure
HP:0032385	650	Abnormal circulating transferrin concentration
HP:0000813	2512	Bicornuate uterus
HP:0030312	1705	Obliteration of the calvarial diploe
HP:0031663	401	Paradoxical splitting of the second heart sound
HP:0000233	287	Thin vermilion border
HP:0009495	1795	Pseudoepiphysis of the 2nd finger
HP:0011390	783	Abnormal inner ear morphology
HP:0002793	2751	Abnormal pattern of respiration
HP:0007778	435	Posterior retinal neovascularization
HP:0100726	3569	Kaposi's sarcoma
HP:0001474	926	Sclerotic scapulae
HP:0008020	82	Cone dystrophy
HP:0006855	2478	Cerebellar vermis atrophy
HP:0025300	3829	Malar rash
HP:0011991	342	Abnormal neutrophil count
HP:0003689	1985	Multiple mitochondrial DNA deletions
HP:6000332	1794	Elevated urinary indoleacetic acid level
HP:0012014	2695	EEG with central focal spikes
HP:0008392	2439	Subungual hyperkeratosis
HP:0007307	1567	Rapid neurologic deterioration
HP:0032254	2719	Increased circulating copper concentration
HP:0000592	1694	Blue sclerae
HP:0100710	3134	Impulsivity
HP:0000341	3289	Narrow forehead
HP:0012520	1281	Dilation of Virchow-Robin spaces
HP:0004784	1096	Juvenile gastrointestinal polyposis
HP:0030022	355	Question mark ear
HP:0034315	3129	Chronic cough
HP:0007590	2436	Aplasia cutis congenita over posterior parietal area
HP:0007774	1594	Hypoplasia of the ciliary body
HP:0002647	1906	Aortic dissection
HP:0002220	2441	Melanin pigment aggregation in hair shafts
HP:0000421	3843	Epistaxis
HP:0100836	73	Malignant neoplasm of the central nervous system
HP:0003811	1972	Neonatal death
HP:0002380	3131	Fasciculations
HP:0000078	2237	Abnormality of the genital system
HP:0002756	2719	Pathologic fracture
HP:0001771	1988	Achilles tendon contracture
HP:0006316	1147	Irregularly spaced teeth
HP:0001686	5482	Loss of voice
HP:0030243	5364	Hepatic vein thrombosis
HP:0001017	5372	Anemic pallor
HP:0010814	4810	Abnormal position of hair whorl
HP:0100519	283	Anuria
HP:0000519	4714	Developmental cataract
HP:0011388	1076	Enlarged cochlear aqueduct
HP:0000411	2191	Protruding ear
HP:0025435	3128	Increased circulating lactate dehydrogenase concentration
HP:0005285	4396	Absent nasal bridge
HP:0030218	2428	Punding
HP:0011870	974	Impaired arachidonic acid-induced platelet aggregation
HP:0006101	2214	Finger syndactyly
HP:0008872	2189	Feeding difficulties in infancy
HP:0002764	3306	Stippled chondral calcification
HP:0011356	4562	Regional abnormality of skin
HP:0002438	1815	Cerebellar malformation
HP:0010487	5087	Small hypothenar eminence
HP:0034308	1896	Prolonged P wave
HP:0100284	222	EMG: myotonic discharges
HP:0007313	4650	Cerebral degeneration
HP:0009020	2090	Exercise-induced muscle fatigue
HP:0002155	5294	Hypertriglyceridemia
HP:0032061	4583	Hypereosinophilia
HP:0011746	101	Secretory adrenocortical adenoma
HP:0001698	2568	Pericardial effusion
HP:0007126	1563	Proximal amyotrophy
HP:0025041	3823	Thalamic calcification
HP:0006407	985	Irregular distal femoral epiphysis
HP:0003051	955	Enlarged metaphyses
HP:0025586	4374	Hypertropia
HP:0011622	2200	Inlet ventricular septal defect
HP:0010796	4373	Brainstem glioma
HP:0003431	2129	Decreased motor nerve conduction velocity
HP:0008866	50	Failure to thrive secondary to recurrent infections
HP:0004464	5299	Postauricular pit
HP:0410263	3237	Brain imaging abnormality
HP:0033146	1022	Elevated circulating methylsuccinic acid concentration
HP:0005292	2545	Intimal thickening in the coronary arteries
HP:0007763	1379	Retinal telangiectasia
HP:0002752	995	Sparse bone trabeculae
HP:0012063	1563	Aneurysmal bone cyst
HP:0005678	2678	Anterior atlanto-occipital dislocation
HP:0033747	2855	Abnormal exteroceptive sensation
HP:0001714	173	Ventricular hypertrophy
HP:0003212	806	Increased circulating IgE level
HP:0040019	705	Finger clinodactyly
HP:0002334	487	Abnormal cerebellar vermis morphology
HP:0004736	1390	Crossed fused renal ectopia
HP:0002754	1338	Osteomyelitis
HP:0012072	4682	Aciduria
HP:0030496	2160	Macular exudate
HP:6000602	3762	Elevated urinary isovalerylglycine level
HP:0012401	1629	Abnormal urine alpha-ketoglutarate concentration
HP:0001357	730	Plagiocephaly
HP:0032566	4368	Oval macrocytosis
HP:0008285	5120	Transient hypophosphatemia
HP:0040068	1426	Abnormality of limb bone
HP:0011972	13	Hypoglycorrhachia
HP:0003552	2169	Muscle stiffness
HP:0030037	4855	Bifid ureter
HP:0008824	4371	Hypoplastic iliac body
HP:0003690	781	Limb muscle weakness
HP:0002373	3850	Febrile seizure (within the age range of 3 months to 6 years)
HP:0009709	1212	Increased CSF interferon alpha
HP:0012018	1139	EEG with temporal focal spikes
HP:0001171	954	Split hand
HP:0012635	1321	Iris hypoperfusion
HP:0012168	4459	Head-banging
HP:0012416	2774	Hypercapnia
HP:0001508	1900	Failure to thrive
HP:0100288	628	EMG: myokymic discharges
HP:0031487	4816	Capillary malformation of the lip
HP:0006597	4571	Diaphragmatic paralysis
HP:0003701	2777	Proximal muscle weakness
HP:0012440	4854	Abnormal biliary tract morphology
HP:0005688	2490	Dysplastic distal thumb phalanges with a central hole
HP:0020202	3127	Abnormal Z disk morphology
HP:0004440	314	Coronal craniosynostosis
HP:0001727	4114	Thromboembolic stroke
HP:0003609	500	Foam cells with lamellar inclusion bodies
HP:0012855	37	Scrotal hyperpigmentation
HP:0002203	321	Respiratory paralysis
HP:0031547	2658	Abnormal QT interval
HP:0002247	2728	Duodenal atresia
HP:0012498	2212	Nuchal cord
HP:0008785	1080	Delayed ossification of pubic rami
HP:0000772	2149	Abnormal rib morphology
HP:0011044	3207	Abnormal number of permanent teeth
HP:0007856	3657	Punctate opacification of the cornea
HP:0011446	921	Abnormality of mental function
HP:0012258	4437	Abnormal axonemal organization of respiratory motile cilia
HP:0008222	3124	Female infertility
HP:0001062	2795	Atypical nevus
HP:0100021	2979	Cerebral palsy
HP:0010972	366	Anemia of inadequate production
HP:0004396	1733	Poor appetite
HP:0008994	2724	Proximal muscle weakness in lower limbs
HP:0100539	881	Periorbital edema
HP:0002839	5119	Urinary bladder sphincter dysfunction
HP:0011098	827	Speech apraxia
HP:0002451	4904	Limb dystonia
HP:0032988	2007	Persistent head lag
HP:0010543	188	Opsoclonus
HP:0002074	2637	Increased neuronal autofluorescent lipopigment
HP:0006813	2308	Focal hemiclonic seizure
HP:0001320	3636	Cerebellar vermis hypoplasia
HP:0031965	1186	Increased RBC distribution width
HP:0000855	52	Insulin resistance
HP:0005934	3327	Imperfect vocal cord adduction
HP:0032324	591	Non-periodic recurrent fever
HP:0002886	102	Vagal paraganglioma
HP:0002926	4358	Abnormality of thyroid physiology
HP:0012537	1257	Food intolerance
HP:0001598	1131	Concave nail
HP:0031877	4357	Elevated circulating hepcidin concentration
HP:0001218	4567	Autoamputation
HP:0040209	813	Decreased CSF biopterin level
HP:0000216	1768	Broad secondary alveolar ridge
HP:0030853	4361	Heterotaxy
HP:0008596	1949	Postlingual sensorineural hearing impairment
HP:0040053	2134	Long lower eyelashes
HP:0003128	2422	Lactic acidosis
HP:0040139	2745	Lipogranulomatosis
HP:0031223	1928	Focal pancreatic islet hyperplasia
HP:0009881	1908	Aplasia of the distal phalanges of the hand
HP:0006446	4134	Dysplastic patella
HP:0007658	3820	Large hyperpigmented retinal spots
HP:0006802	2708	Abnormal anterior horn cell morphology
HP:0008460	1142	Hypoplastic spinal processes
HP:0033981	3254	Vertebral artery tortuosity
HP:0002091	2813	Restrictive ventilatory defect
HP:0003100	1249	Slender long bone
HP:0031014	3352	Arteria lusoria
HP:0011110	2529	Recurrent tonsillitis
HP:0034418	1566	Erythematous oral mucosa
HP:0011157	3624	Focal sensory seizure
HP:0500228	2254	Decreased CSF serine concentration
HP:0000002	35	Abnormality of body height
HP:0003946	1019	Abnormality of the epiphyses of the elbow
HP:0011471	2732	Gastrostomy tube feeding in infancy
HP:0008321	5074	Reduced factor X activity
HP:0003347	4386	Impaired lymphocyte transformation with phytohemagglutinin
HP:0012036	3834	Sternocleidomastoid amyotrophy
HP:0005599	578	Hypopigmentation of hair
HP:0009565	3343	Aplasia of the distal phalanx of the 2nd finger
HP:0001548	3336	Overgrowth
HP:0020086	339	BCGitis
HP:0008537	1974	Cleft at the superior portion of the pinna
HP:0100607	4739	Dysmenorrhea
HP:0007643	2515	Peripheral tractional retinal detachment
HP:0003108	1018	Hyperglycinuria
HP:0040140	3825	Degeneration of the striatum
HP:0000227	2470	Tongue telangiectasia
HP:0003710	1274	Exercise-induced muscle cramps
HP:0001582	1832	Redundant skin
HP:6000622	200	Elevated urinary ureidoisobutyric acid level
HP:0003343	128	Reduced glutathione synthetase level
HP:0002693	831	Abnormal skull base morphology
HP:0011531	2491	Vitritis
HP:0041070	5244	Chronic partially decreased circulating IgG1
HP:0100735	1137	Hypertensive crisis
HP:0001622	470	Premature birth
HP:0010876	2727	Abnormal circulating protein concentration
HP:0002673	928	Coxa valga
HP:0012690	1707	T2 hypointense thalamus
HP:0001933	419	Subcutaneous hemorrhage
HP:0006437	2608	Disproportionate prominence of the femoral medial condyle
HP:0430029	3232	Hyperplasia of the premaxilla
HP:0008107	2576	Plantar crease between first and second toes
HP:0007905	369	Abnormal iris vasculature
HP:0007858	4547	Chorioretinal lacunae
HP:0012202	362	Increased serum bile acid concentration
HP:0031238	2223	Necklace skeletal muscle fibers
HP:0034307	409	Elevated left ventricular end-diastolic diameter
HP:0040010	3126	Small posterior fossa
HP:0000111	1437	Renal juxtaglomerular cell hypertrophy/hyperplasia
HP:0410281	3522	Dyspepsia
HP:0006693	4726	Myocardial steatosis
HP:0045040	5246	Abnormal circulating lactate dehydrogenase concentration
HP:0010846	1395	EEG with persistent abnormal rhythmic activity
HP:0011856	1562	Pica
HP:0001829	1595	Foot polydactyly
HP:0032560	3260	Coiled sperm flagella
HP:0003005	2970	Ganglioneuroma
HP:0001141	2621	Severely reduced visual acuity
HP:0006234	1851	Osteolysis involving tarsal bones
HP:0005583	1136	Tubular basement membrane disintegration
HP:0001888	1792	Lymphopenia
HP:0002425	1964	Anarthria
HP:0100526	4229	Neoplasm of the lung
HP:0032900	3899	Focal manual automatism seizure
HP:0009380	2088	Finger aplasia
HP:0002848	1561	Decreased specific anti-polysaccharide antibody level
HP:0007889	3121	Iridescent posterior subcapsular cataract
HP:0005773	1775	Short forearm
HP:0025612	2976	Corneal astigmatism
HP:0030048	1251	Colpocephaly
HP:0002007	5358	Frontal bossing
HP:0003126	407	Low-molecular-weight proteinuria
HP:0008364	2535	Abnormality of the calcaneus
HP:0100512	1286	Decreased circulating vitamin D concentration
HP:0033342	3873	Anti-aquaporin 4 antibody positivity
HP:0000716	2326	Depression
HP:4000210	3333	Reduced isovaleryl CoA dehydrogenase activity in cultured fibroblasts
HP:0410388	2869	Decreased proportion of central memory CD4-positive, alpha-beta T cells
HP:0032660	4792	Convulsive status epilepticus
HP:0002991	3594	Abnormal fibula morphology
HP:0002585	1606	Abnormal peritoneum morphology
HP:0002595	4347	Ileus
HP:0001065	814	Striae distensae
HP:0025516	778	Coronary-pulmonary artery fistula
HP:0001507	692	Growth abnormality
HP:0200123	3599	Chronic hepatitis
HP:0008696	3597	Renal hamartoma
HP:0006670	5475	Impaired myocardial contractility
HP:0031531	3554	Sub-RPE deposits
HP:0040042	3769	Aplasia of the eccrine sweat glands
HP:0012613	129	Increased urinary sulfate
HP:0030451	1993	Mesenteric cyst
HP:0100010	4756	Spinal meningioma
HP:0003720	4346	Generalized muscle hypertrophy
HP:0011275	5070	Recurrent mycobacterium avium complex infections
HP:0006740	87	Transitional cell carcinoma of the bladder
HP:0001362	475	Calvarial skull defect
HP:0012176	3553	Abnormal natural killer cell morphology
HP:0006888	2198	Meningoencephalocele
HP:0012409	1162	Cortical nephrocalcinosis
HP:0001293	4983	Cranial nerve compression
HP:0000139	2642	Uterine prolapse
HP:0009372	5348	Type A2 brachydactyly
HP:0034192	2890	Pulmonary thromboembolism
HP:0032073	2310	Aplasia of the fallopian tube
HP:0000538	2516	Pseudopapilledema
HP:0005324	230	Disturbance of facial expression
HP:0002333	799	Motor deterioration
HP:0006580	186	Portal fibrosis
HP:0012671	2762	Abulia
HP:0030667	435	Peripheral retinal neovascularization
HP:0010310	1518	Chylothorax
HP:0000891	764	Cervical ribs
HP:0032308	2826	Increased circulating procalcitonin concentration
HP:0002034	5124	Abnormal rectum morphology
HP:0003262	1757	Anti-smooth muscle antibody positivity
HP:0009746	2301	Thick nasal septum
HP:0100553	2651	Hemihypertrophy of lower limb
HP:0030851	2717	Low pulse pressure
HP:0011469	538	Nasal regurgitation
HP:0009617	2877	Abnormality of the distal phalanx of the thumb
HP:0001284	1744	Areflexia
HP:0033704	1745	Elevated urinary homogentisic acid
HP:0008165	2997	Decreased helper T cell proportion
HP:0008968	3551	Muscle hypertrophy of the lower extremities
HP:0000966	1329	Hypohidrosis
HP:0001695	455	Cardiac arrest
HP:0012230	2736	Rhegmatogenous retinal detachment
HP:0005521	3604	Disseminated intravascular coagulation
HP:0000150	4798	Gonadoblastoma
HP:0004524	361	Temporal hypotrichosis
HP:0002538	5365	Abnormal cerebral cortex morphology
HP:0033646	2533	Absent hippocampal commissure
HP:0012243	4342	Abnormal reproductive system morphology
HP:0034188	3713	Midline liver
HP:0012642	3611	Cerebellar agenesis
HP:0007299	4341	Dysfunction of lateral corticospinal tracts
HP:0003799	2044	Marked delay in bone age
HP:0030199	5530	Fatigable weakness of neck muscles
HP:0012593	4340	Nephrotic range proteinuria
HP:0500087	846	Peripapillary atrophy
HP:0034049	2180	Elevated urinary prostaglandin E2 level
HP:0010763	2858	Low insertion of columella
HP:0003740	687	Myotonia with warm-up phenomenon
HP:0003724	426	Shoulder girdle muscle atrophy
HP:0001978	3550	Extramedullary hematopoiesis
HP:0000494	4688	Downslanted palpebral fissures
HP:0005168	161	Elevated right atrial pressure
HP:0012424	1895	Chorioretinitis
HP:0000183	2208	Difficulty in tongue movements
HP:0007787	1546	Posterior subcapsular cataract
HP:0011989	1168	Ectopic ossification in ligament tissue
HP:0001089	4336	Iris atrophy
HP:0025188	3659	Retinal vasculitis
HP:0003883	1899	Tapered humerus
HP:0011711	2917	Left anterior fascicular block
HP:0031883	2716	Increased proinsulin:insulin ratio
HP:0011491	107	Reduced number of corneal endothelial cells
HP:0030188	2039	Tremor by anatomical site
HP:0010512	4418	Adrenal calcification
HP:0025244	2297	Subretinal pigment epithelium hemorrhage
HP:0025072	1810	Prominent U wave
HP:0000363	586	Abnormal earlobe morphology
HP:0004493	1089	Craniofacial hyperostosis
HP:0001256	264	Intellectual disability, mild
HP:0000021	5342	Megacystis
HP:0002187	4928	Intellectual disability, profound
HP:0009933	3680	Narrow naris
HP:0002728	3862	Chronic mucocutaneous candidiasis
HP:0001685	4327	Myocardial fibrosis
HP:0002323	352	Anencephaly
HP:0030264	3913	Webbed penis
HP:0007880	1777	Marginal corneal dystrophy
HP:0002087	5266	Abnormality of the upper respiratory tract
HP:0009622	2427	Distally placed thumb
HP:0000728	3372	Impaired ability to form peer relationships
HP:0025028	2277	Abnormal enteric nervous system morphology
HP:0005374	1485	Cellular immunodeficiency
HP:0011923	3711	Decreased activity of mitochondrial complex I
HP:0030072	2729	Paranasal sinus neoplasm
HP:0002416	3548	Subependymal cysts
HP:0034585	4323	Cochlear nerve hypoplasia
HP:0011459	4322	Esophageal carcinoma
HP:0005306	652	Capillary hemangioma
HP:0000025	172	Functional abnormality of male internal genitalia
HP:0001115	3547	Posterior polar cataract
HP:0005451	4321	Decreased cranial base ossification
HP:0030951	4444	Skeletal muscle fibrosis
HP:0012250	5360	ST segment depression
HP:0011090	5076	Fused teeth
HP:0010892	3113	Abnormal circulating branched chain amino acid concentration
HP:0032228	2175	Trichodiscoma
HP:0003359	277	Decreased urinary sulfate
HP:0005132	1555	Pericardial constriction
HP:0000845	295	Elevated circulating growth hormone concentration
HP:0004563	1340	Increased spinal bone density
HP:0004936	2470	Venous thrombosis
HP:0010803	350	Everted upper lip vermilion
HP:0009718	4885	Subependymal giant-cell astrocytoma
HP:0012626	1054	Stage 4 chronic kidney disease
HP:0200006	2801	Slanting of the palpebral fissure
HP:0100684	49	Salivary gland neoplasm
HP:0007598	2159	Bilateral single transverse palmar creases
HP:0020078	4463	Alaninuria
HP:0000410	1609	Mixed hearing impairment
HP:0012211	1167	Abnormal renal physiology
HP:0032078	4172	Angel-shaped phalanx
HP:0011939	1413	3-4 finger cutaneous syndactyly
HP:0012027	1460	Laryngeal edema
HP:0003508	2071	Proportionate short stature
HP:0000499	3363	Abnormal eyelash morphology
HP:0002851	2375	Elevated proportion of CD4-negative, CD8-negative, alpha-beta regulatory T cells
HP:0002060	3122	Abnormal cerebral morphology
HP:0002374	1560	Diminished movement
HP:0008516	832	Abnormality of the vertebral spinous processes
HP:0001620	766	High pitched voice
HP:0030082	2164	Abnormal drinking behavior
HP:0011998	5056	Postprandial hyperglycemia
HP:0005592	5349	Giant melanosomes in melanocytes
HP:0410058	463	Increased CSF D-threitol concentration
HP:0002516	94	Increased intracranial pressure
HP:0007098	3962	Paroxysmal choreoathetosis
HP:0430000	30	Abnormal frontal bone morphology
HP:6000203	2682	Elevated CSF cholestanol concentration
HP:0008707	2913	Absent scrotum
HP:0005151	1435	Preductal coarctation of the aorta
HP:0006332	5500	Supernumerary maxillary incisor
HP:0009776	4575	Adactyly
HP:0012428	4717	Prominent calcaneus
HP:0002427	1340	Expressive aphasia
HP:0011397	2574	Abnormality of the dorsal column of the spinal cord
HP:0005743	2284	Avascular necrosis of the capital femoral epiphysis
HP:0031065	907	Abnormal ovarian morphology
HP:0002446	19	Astrocytosis
HP:0500041	4499	Myopic astigmatism
HP:0033282	1371	Abnormal glomerular basement membrane morphology
HP:0012726	5474	Episodic hypokalemia
HP:0030268	5130	Hyperplastic callus formation
HP:0004875	4536	Neonatal inspiratory stridor
HP:0010569	1553	Elevated circulating 7-dehydrocholesterol concentration
HP:0007477	2800	Abnormal dermatoglyphics
HP:0004268	5144	Osteoarthritis of the small joints of the hand
HP:0040287	1752	Axial muscle atrophy
HP:0410301	5275	Partial absence of specific antibody response to unconjugated pneumococcus vaccine
HP:0034839	2984	Lymphoid hyperplasia
HP:0003189	402	Long nose
HP:0012703	105	Abnormal subarachnoid space morphology
HP:0031535	2815	Increased theta frequency activity in EEG
HP:0010786	3329	Urinary tract neoplasm
HP:0010837	5355	Decreased circulating ceruloplasmin concentration
HP:0002173	4179	Hypoglycemic seizures
HP:0011251	3106	Underdeveloped antitragus
HP:0002263	1692	Exaggerated cupid's bow
HP:0009745	1518	Spinal arachnoid cyst
HP:0011595	3030	Left aortic arch with retroesophageal right subclavian artery
HP:0004529	5048	Atrophic, patchy alopecia
HP:0009370	1805	Type A brachydactyly
HP:0012118	49	Laryngeal carcinoma
HP:0034905	5	Elevated circulating uroporphyrin concentration
HP:0006254	384	Elevated circulating alpha-fetoprotein concentration
HP:0001671	3208	Abnormal cardiac septum morphology
HP:0003336	2238	Abnormal enchondral ossification
HP:0012448	4907	Delayed myelination
HP:0007634	320	Nonarteritic anterior ischemic optic neuropathy
HP:0000894	2733	Short clavicles
HP:0034277	2523	Elevated circulating deoxyuridine concentration
HP:0003758	622	Reduced subcutaneous adipose tissue
HP:6000431	895	Elevated urinary glycolic acid level
HP:0002783	3888	Recurrent lower respiratory tract infections
HP:0012165	2008	Oligodactyly
HP:0007872	5471	Choroidal hemangioma
HP:0000634	2721	Impaired ocular abduction
HP:0005458	3073	Premature closure of fontanelles
HP:0012806	2451	Proboscis
HP:0200065	811	Chorioretinal degeneration
HP:0001845	1993	Overlapping toe
HP:0000618	2634	Blindness
HP:0007738	5369	Uncontrolled eye movements
HP:0002883	2428	Hyperventilation
HP:0032152	4280	Keratosis pilaris
HP:0000526	1644	Aniridia
HP:0005857	2625	Cervical spina bifida
HP:0007034	4945	Generalized hyperreflexia
HP:0002049	261	Proximal renal tubular acidosis
HP:0100692	462	Increased corneal curvature
HP:0032407	2306	Bilateral perisylvian polymicrogyria
HP:0006077	890	Absent proximal finger flexion creases
HP:0006176	1978	Two carpal ossification centers present at birth
HP:0007813	156	Nongranulomatous uveitis
HP:0200034	3170	Papule
HP:0007206	2791	Hemimegalencephaly
HP:0011850	4492	Parotitis
HP:0012718	2561	Abnormal gastrointestinal tract morphology
HP:0001935	1610	Microcytic anemia
HP:0011974	155	Myelofibrosis
HP:0007992	1511	Lattice retinal degeneration
HP:0011199	343	EEG with generalized sharp slow waves
HP:0004042	640	Ulnar metaphyseal irregularity
HP:0011591	1573	Left aortic arch with cervical origin of the right subclavian artery
HP:0009836	2450	Broad distal phalanx of finger
HP:0031649	4277	Aortic rupture
HP:0430009	4071	Hypoplasia of eyelid
HP:0025548	5379	Increased mean corpuscular hemoglobin concentration
HP:0000978	89	Bruising susceptibility
HP:0005272	3021	Prominent nasolabial fold
HP:0011304	2625	Broad thumb
HP:0003738	2109	Exercise-induced myalgia
HP:0010290	5099	Short hard palate
HP:0001102	126	Angioid streaks of the fundus
HP:0030348	157	Increased circulating androgen concentration
HP:0011802	690	Hamartoma of tongue
HP:0006286	1559	Yellow-brown discoloration of the teeth
HP:0032021	774	Eosinophilic liver infiltration
HP:0000576	2957	Centrocecal scotoma
HP:0034373	945	External tibial torsion
HP:0006042	4575	Y-shaped metacarpals
HP:0006934	2059	Congenital nystagmus
HP:0011343	896	Moderate global developmental delay
HP:0000712	916	Emotional lability
HP:0031224	2182	Diffuse pancreatic islet hyperplasia
HP:0040262	4475	Glue ear
HP:0011127	4271	Perioral eczema
HP:0011812	2125	Agraphesthesia
HP:0002031	4316	Abnormal esophagus morphology
HP:0008233	4489	Decreased circulating progesterone
HP:0002751	5344	Kyphoscoliosis
HP:0001248	830	Short tubular bones of the hand
HP:0002119	184	Ventriculomegaly
HP:0034297	2187	Elevated circulating tetracosanoic acid concentration
HP:0000940	4497	Abnormal diaphysis morphology
HP:6000072	2484	Thinning of outer muscular layer of small bowel
HP:0001605	593	Vocal cord paralysis
HP:0002524	2483	Cataplexy
HP:0010677	4270	Enuresis nocturna
HP:0003219	3885	Ethylmalonic aciduria
HP:0008953	1870	Pectoralis major hypoplasia
HP:0040219	3540	Absent natural killer cells
HP:0011821	3853	Abnormal facial skeleton morphology
HP:0000260	3696	Wide anterior fontanel
HP:0008398	3117	Hypoplastic fifth fingernail
HP:0000920	5044	Enlargement of the costochondral junction
HP:0000362	3783	Otosclerosis
HP:0010615	26	Angiofibromas
HP:0005170	2157	Complete heart block with broad QRS complexes
HP:0002714	4266	Downturned corners of mouth
HP:0010791	971	Hyperplasia of the Leydig cells
HP:0002018	133	Nausea
HP:0003276	3594	Pelvic bone exostoses
HP:0002586	2485	Peritonitis
HP:0005112	4100	Abdominal aortic aneurysm
HP:0033150	1548	Anorectal abscess
HP:0030041	2077	Schmorl's node
HP:0012171	60	Stereotypical hand wringing
HP:0000782	4627	Abnormal scapula morphology
HP:0010773	2286	Partial anomalous pulmonary venous return
HP:0006557	183	Polycystic liver disease
HP:0012303	1439	Abnormal aortic arch morphology
HP:0004850	167	Recurrent deep vein thrombosis
HP:0010239	1452	Aplasia of the middle phalanx of the hand
HP:0011300	3118	Broad fingertip
HP:0006315	2364	Solitary median maxillary central incisor
HP:0008734	3684	Decreased testicular size
HP:0100275	4272	Diffuse cerebellar atrophy
HP:0002591	1058	Polyphagia
HP:0012023	722	Galactosuria
HP:0000640	1387	Gaze-evoked nystagmus
HP:0031228	3096	Abnormal incisura morphology
HP:0000541	2520	Retinal detachment
HP:0000921	4261	Missing ribs
HP:0031385	1780	Megakaryocyte nucleus hypolobulation
HP:0100959	4369	Dense metaphyseal bands
HP:0003400	2129	Basal lamina onion bulb formation
HP:0006064	3535	Limited interphalangeal movement
HP:0410262	3311	Lower cranial nerve dysfunction
HP:0012246	77	Oculomotor nerve palsy
HP:0200146	1339	Mucoid extracellular matrix accumulation
HP:0001654	3093	Abnormal heart valve morphology
HP:0002953	1282	Vertebral compression fracture
HP:0040223	4382	Pulmonary hemorrhage
HP:0007397	3531	Axillary apocrine gland hypoplasia
HP:0001199	5300	Triphalangeal thumb
HP:0100651	1292	Type I diabetes mellitus
HP:0000766	2240	Abnormal sternum morphology
HP:0008475	1297	Hypoplastic sacral vertebrae
HP:0033256	3614	Pancolitis
HP:0012300	5394	Ureteral agenesis
HP:0007449	26	Confetti-like hypopigmented macules
HP:0010107	599	Short proximal phalanx of hallux
HP:0500134	916	Hypertryptophanemia
HP:0008887	5250	Adipose tissue loss
HP:0031317	3087	Fatty replacement of ventricular myocardial tissue
HP:0006349	758	Agenesis of permanent teeth
HP:0007979	3794	Gaze-evoked horizontal nystagmus
HP:0001790	950	Nonimmune hydrops fetalis
HP:0000153	5446	Abnormality of the mouth
HP:0001298	1425	Encephalopathy
HP:0003859	3922	Cortical diaphyseal thickening of the upper limbs
HP:0004488	5439	Macrocephaly at birth
HP:0000171	1219	Microglossia
HP:0012132	1579	Erythroid hyperplasia
HP:0006488	297	Bowing of the arm
HP:0001401	61	Intrahepatic biliary dysgenesis
HP:0012633	425	Asymmetry of intraocular pressure
HP:0100838	387	Recurrent cutaneous abscess formation
HP:0002152	1764	Hyperproteinemia
HP:0030744	4714	Hyaloid vascular remnant and retrolental mass
HP:0030205	1181	Increased jitter at single fiber EMG
HP:0001015	899	Prominent superficial veins
HP:0008716	4	Urethrovaginal fistula
HP:0002315	4251	Headache
HP:0008117	3510	Shortening of the talar neck
HP:5200061	2365	Tactile hypersensitivity
HP:0032257	5292	Disseminated histoplasmosis
HP:0012187	4253	Increased erythrocyte protoporphyrin concentration
HP:0006956	2279	Lateral ventricle dilatation
HP:0000508	136	Ptosis
HP:0031589	1873	Suicidal ideation
HP:0008607	1681	Progressive conductive hearing impairment
HP:0009693	1261	Pseudoepiphysis of the thumb
HP:0007656	46	Lacrimal gland aplasia
HP:0031040	1539	Round spermatid arrest
HP:0003907	2856	Abnormal humeral metaphysis morphology
HP:0009904	3234	Prominent ear helix
HP:0012402	2709	Increased urine alpha-ketoglutarate concentration
HP:0008511	2081	Central posterior corneal opacity
HP:0008112	3419	Plantar flexion contracture
HP:0031568	1447	Thickened aortic valve cusp
HP:0002242	4244	Abnormal intestine morphology
HP:0410219	3621	Hypoplasia of mandible relative to maxilla
HP:0012692	591	Focal T2 hyperintense thalamic lesion
HP:0034861	3539	Reduced leukocyte arylsulfatase B activity
HP:0030834	5030	Shoulder pain
HP:0100716	3827	Self-injurious behavior
HP:0006136	2565	Bilateral postaxial polydactyly
HP:0001291	1319	Abnormal cranial nerve morphology
HP:0003739	18	Myoclonic spasms
HP:0002850	2944	Decreased circulating total IgM
HP:0000100	1748	Nephrotic syndrome
HP:0045057	384	Decreased circulating alpha-fetoprotein concentration
HP:0033476	1502	Extractable nuclear antigen positivity
HP:0000973	3418	Cutis laxa
HP:0025466	5332	Beta 2-microglobulinuria
HP:0012137	898	Abnormal number of granulocyte precursors
HP:0005473	3529	Fusion of middle ear ossicles
HP:0006825	2996	Pallor of dorsal columns of the spinal cord
HP:0032235	780	Anti-La/SS-B antibody positivity
HP:0008291	917	Pituitary corticotropic cell adenoma
HP:0000364	3917	Hearing abnormality
HP:0012251	132	ST segment elevation
HP:0001533	2244	Slender build
HP:0034336	2452	Splenic infarction
HP:0032550	4390	Howell-Jolly bodies
HP:0005535	10	Exercise-induced hemolysis
HP:0012809	4721	Narrow nasal base
HP:0020035	3044	Lower limb dysmetria
HP:0031435	111	Monotonic speech
HP:0005532	88	Macrocytic dyserythropoietic anemia
HP:0005700	3065	Increased bone density with cystic changes
HP:0025249	4853	Comedo
HP:0008577	942	Underfolded helix
HP:0011822	2707	Broad chin
HP:0007486	4413	Cavernous hemangioma of the face
HP:0033102	3363	Monkey wrench femoral neck
HP:0410050	3459	Decreased level of 1,5 anhydroglucitol in serum
HP:0410028	2910	Recurrent oral herpes
HP:0009818	757	Amelia involving the lower limbs
HP:0006092	2144	Malaligned carpal bone
HP:0002217	5263	Slow-growing hair
HP:0000690	5396	Agenesis of maxillary lateral incisor
HP:0040082	575	Happy demeanor
HP:0012447	2315	Abnormal myelination
HP:0000066	1294	Labial hypoplasia
HP:0001816	2	Thin nail
HP:0012325	137	Chronic myelomonocytic leukemia
HP:0012056	5338	Cutaneous melanoma
HP:0008041	2742	Late onset congenital glaucoma
HP:0002170	320	Intracranial hemorrhage
HP:0025677	4698	Fetal chylothorax
HP:0008625	4095	Severe sensorineural hearing impairment
HP:0033250	1725	Nailfold capillary tortuosity
HP:0002332	98	Lack of peer relationships
HP:0004686	4545	Short third metatarsal
HP:0100963	4234	Hyperesthesia
HP:0012578	5403	Membranous nephropathy
HP:0005707	1760	Bilateral triphalangeal thumbs
HP:0032799	2899	Focal impaired awareness hemiclonic seizure
HP:0000544	1466	External ophthalmoplegia
HP:0007009	4531	Central nervous system degeneration
HP:0040088	5141	Abnormal lymphocyte count
HP:0005598	229	Facial telangiectasia in butterfly midface distribution
HP:0045082	22	Decreased body mass index
HP:0008353	1071	Neutral hyperaminoaciduria
HP:0011662	241	Tricuspid atresia
HP:4000055	1432	Intestinal inflammation
HP:0031565	170	Abdominal situs ambiguus
HP:0033328	1083	Type II pneumocyte hyperplasia
HP:0003764	1233	Nevus
HP:0012262	4360	Abnormal ciliary motility
HP:0000969	1540	Edema
HP:0025452	2624	Pyoderma gangrenosum
HP:0000540	1759	Hypermetropia
HP:0012774	1496	Increased upper to lower segment ratio
HP:0001370	2045	Rheumatoid arthritis
HP:0033195	3587	Perianal erythema
HP:0005017	4896	Polyarticular chondrocalcinosis
HP:0003267	1731	Reduced orotidine 5-prime phosphate decarboxylase level
HP:0009601	420	Aplasia/Hypoplasia of the thumb
HP:0012135	5092	Abnormal granulocytopoietic cell morphology
HP:0032454	2538	Labial melanotic macule
HP:0002439	19	Frontolimbic dementia
HP:0030070	4229	Central primitive neuroectodermal tumor
HP:0008330	660	Reduced von Willebrand factor activity
HP:0009027	3	Foot dorsiflexor weakness
HP:0003025	627	Metaphyseal irregularity
HP:0000185	1805	Cleft soft palate
HP:6000466	1888	Elevated urine 3-methyladipic acid level
HP:0025372	2850	Loud snoring
HP:0025195	4569	Central diaphragmatic hernia
HP:0000348	1353	High forehead
HP:0009754	4803	Fibrous syngnathia
HP:0000417	4228	Slender nose
HP:0000636	1129	Upper eyelid coloboma
HP:0032965	3268	Interstitial emphysema
HP:0001648	5241	Cor pulmonale
HP:0002033	5020	Poor suck
HP:0100238	3285	Synostosis involving bones of the upper limbs
HP:0000736	42	Short attention span
HP:0410378	5223	Decreased proportion of naive CD4 T cells
HP:0033128	2415	Delayed ability to crawl
HP:0001820	5363	Leukonychia
HP:0005450	4225	Calvarial osteosclerosis
HP:0002868	4405	Narrow iliac wing
HP:0000939	1876	Osteoporosis
HP:0000960	4224	Sacral dimple
HP:0001572	382	Macrodontia
HP:0006660	4258	Aplastic clavicle
HP:0032323	3114	Periodic fever
HP:0001964	603	Aplasia/Hypoplasia of metatarsal bones
HP:0006334	5325	Hypoplasia of the primary teeth
HP:0008554	5509	Cochlear malformation
HP:0100020	4476	Posterior capsular cataract
HP:0009907	3517	Attached earlobe
HP:0030732	3894	Dysplastic tricuspid valve
HP:0012577	5227	Thin glomerular basement membrane
HP:0004299	5055	Hernia of the abdominal wall
HP:0000620	4367	Dacryocystitis
HP:0033743	4798	Macular agenesis
HP:0004664	3676	Facial midline hemangioma
HP:0008669	1539	Abnormal spermatogenesis
HP:0008043	1546	Retinal arteriolar constriction
HP:0410053	4391	Elevated circulating gamma-aminobutyric acid concentration
HP:0006200	2730	Widened distal phalanges
HP:0031084	1951	Excessive insulin response to glucagon test
HP:0032898	2652	Focal automatism seizure
HP:0031233	5204	Horizontal inferior border of scapula
HP:0012092	5324	Abnormality of exocrine pancreas physiology
HP:0003244	4304	Penile hypospadias
HP:0007402	2234	Areas of hypopigmentation and hyperpigmentation that do not follow Blaschko lines
HP:0007988	5028	Macular hypopigmentation
HP:0004390	476	Hamartomatous polyposis
HP:0009279	4214	Radial deviation of the 4th finger
HP:0009139	2266	Osteolysis involving bones of the lower limbs
HP:0030823	3513	Scleral thickening
HP:0011229	5151	Broad eyebrow
HP:0012479	2416	Temporomandibular joint crepitus
HP:0100610	1125	Maternal hyperphenylalaninemia
HP:0400004	3512	Long ear
HP:0031864	2964	Bacteremia
HP:0031662	2449	Fixed splitting of the second heart sound
HP:0007989	2313	Intraretinal exudate
HP:0011917	465	Short 5th toe
HP:0011506	1830	Choroidal neovascularization
HP:0032548	2435	Increased placental thickness
HP:0012569	63	Delayed menarche
HP:0012384	733	Rhinitis
HP:0025547	5088	Decreased mean corpuscular hemoglobin concentration
HP:0011969	2744	Elevated circulating luteinizing hormone level
HP:0003010	410	Prolonged bleeding time
HP:0009734	1967	Optic nerve glioma
HP:0410303	1365	Complete or near-complete absence of specific antibody response to Haemophilus influenzae type b (Hib) vaccine
HP:0008726	4803	Hypoplasia of the vagina
HP:0001188	3108	Hand clenching
HP:0025105	1443	Nevus anemicus
HP:0011524	238	Iris melanoma
HP:0001618	3078	Dysphonia
HP:0000835	358	Adrenal hypoplasia
HP:0200070	221	Peripheral retinal atrophy
HP:0100391	2650	Short distal phalanx of the 5th toe
HP:0002463	11	Language impairment
HP:0034671	341	Knee contracture
HP:0002415	1031	Leukodystrophy
HP:0006236	3074	Slender metacarpals
HP:0006709	5049	Aplasia/Hypoplasia of the nipples
HP:0001013	5229	Eruptive xanthomas
HP:0004831	95	Recurrent thromboembolism
HP:0006527	4675	Lymphocytic interstitial pneumonia
HP:0003472	4767	Hypocalcemic tetany
HP:0031491	4888	Continuous spike and waves during slow sleep
HP:0000127	69	Renal salt wasting
HP:0002661	145	Painless fractures due to injury
HP:0410055	463	Decreased level of erythritol in urine
HP:0025436	157	Elevated serum 11-deoxycortisol
HP:0006268	2811	Fluctuating splenomegaly
HP:0000876	971	Oligomenorrhea
HP:0007935	4897	Juvenile posterior subcapsular lenticular opacities
HP:0005301	2886	Persistent left superior vena cava
HP:0007054	3161	Proximal hyperreflexia
HP:0000400	3075	Macrotia
HP:0009059	3166	Congenital generalized lipodystrophy
HP:0012695	4835	Decreased thalamic volume
HP:0008366	929	Foot joint contracture
HP:0031098	4932	Decreased thyroid-stimulating hormone level
HP:0008993	1355	Increased intraabdominal fat
HP:0031717	4389	Alternating exotropia
HP:0030884	3561	Gastrojejunal tube feeding in infancy
HP:0011522	2769	Protanopia
HP:0000740	432	Episodic paroxysmal anxiety
HP:0009760	4201	Antecubital pterygium
HP:0011228	5079	Horizontal eyebrow
HP:0007429	4362	Few cafe-au-lait spots
HP:0100779	3458	Urogenital sinus anomaly
HP:0010538	3600	Small sella turcica
HP:0004267	1552	Narrow small joints of the hand
HP:0011669	3282	Left superior vena cava draining directly to the left atrium
HP:0000124	3510	Renal tubular dysfunction
HP:0000046	577	Small scrotum
HP:0003422	2999	Vertebral segmentation defect
HP:0033508	875	EBV meningitis
HP:0001928	1273	Abnormality of coagulation
HP:0012877	3325	Retrograde ejaculation
HP:0004394	4624	Multiple gastric polyps
HP:0000206	1794	Glossitis
HP:0002829	1422	Arthralgia
HP:0003836	2140	Stippled calcification of the shoulder
HP:0005564	4196	Absence of renal corticomedullary differentiation
HP:0100889	1254	Abnormal ductus choledochus morphology
HP:0000627	61	Posterior embryotoxon
HP:6000359	1488	Reduced muscle 6-phosphofructokinase activity
HP:0010911	5319	Hyperleucinemia
HP:0001139	1803	Choroideremia
HP:0030490	72	Exudative vitreoretinopathy
HP:0030609	3105	Photoreceptor layer loss on macular OCT
HP:0032446	3998	Pulmonary bulla
HP:0006880	1755	Cerebellar hemangioblastoma
HP:0001231	2524	Abnormal fingernail morphology
HP:0004635	286	Cervical C5/C6 vertebrae fusion
HP:0030402	3506	Abnormal platelet aggregation
HP:0003113	470	Hypochloremia
HP:0000413	3370	Atresia of the external auditory canal
HP:0001348	3073	Brisk reflexes
HP:0007360	2211	Aplasia/Hypoplasia of the cerebellum
HP:0004886	5387	Congenital laryngeal stridor
HP:0008242	5010	Pseudohypoaldosteronism
HP:0001837	2961	Broad toe
HP:0011467	4581	Absent gallbladder
HP:0030322	41	Vertebral artery hypoplasia
HP:0005478	4488	Prominent frontal sinuses
HP:0033536	4457	Reduced platelet alpha granules
HP:0007269	4619	Spinal muscular atrophy
HP:0030004	2095	Cicatricial lagophthalmos
HP:0002350	180	Cerebellar cyst
HP:0001136	162	Retinal arteriolar tortuosity
HP:0001707	3336	Abnormal right ventricle morphology
HP:0000706	1837	Eruption failure
HP:0008007	4210	Primary congenital glaucoma
HP:0031870	3069	Phosphohydroxylysinuria
HP:0007709	252	Band-shaped corneal dystrophy
HP:0007132	266	Pallidal degeneration
HP:0012151	388	Hemothorax
HP:0100026	1676	Arteriovenous malformation
HP:0033399	3627	Persistent fever
HP:0000662	2738	Nyctalopia
HP:0007800	3104	Increased axial length of the globe
HP:0100842	2526	Septo-optic dysplasia
HP:0008301	4839	Dermatan sulfate excretion in urine
HP:0002371	3357	Loss of speech
HP:0032059	1160	Mild malformation of cortical development
HP:0500157	943	Hypoasparaginemia
HP:0034306	4430	Ventricular bigeminy
HP:0008273	4954	Transient aminoaciduria
HP:0008127	2534	Bipartite calcaneus
HP:0000321	4190	Square face
HP:0000207	568	Triangular mouth
HP:0410395	3647	Increased proportion of effector memory CD8-positive, alpha-beta T cells
HP:0005681	4829	Juvenile rheumatoid arthritis
HP:0008551	4344	Microtia
HP:0000085	2725	Horseshoe kidney
HP:0010963	5008	Absence of stomach bubble on fetal sonography
HP:0011931	1684	Abnormal cerebellar peduncle morphology
HP:0002287	5454	Progressive alopecia
HP:0001830	2712	Postaxial foot polydactyly
HP:0011068	379	Odontoma
HP:0001623	1252	Breech presentation
HP:0031074	5050	Abnormal response to ACTH stimulation test
HP:0005190	2151	Proximal finger joint hyperextensibility
HP:0001882	4189	Leukopenia
HP:0000042	4616	Absent external genitalia
HP:0002376	4188	Developmental regression
HP:0034978	2381	Interrupted pituitary stalk
HP:0008463	5424	Central vertebral hypoplasia
HP:0001073	4186	Cigarette-paper scars
HP:0032226	978	Abnormal sebaceous gland morphology
HP:0006951	4435	Retrocerebellar cyst
HP:0007836	3731	Mosaic corneal dystrophy
HP:0006699	4379	Premature atrial contractions
HP:0002067	3501	Bradykinesia
HP:0100587	255	Abnormal preputium morphology
HP:0030200	1531	Fatiguable weakness of proximal limb muscles
HP:0002077	1128	Migraine with aura
HP:0030091	2117	Absent muscle fiber merosin
HP:0005951	2602	Progressive inspiratory stridor
HP:0012046	4350	Areflexia of upper limbs
HP:0005922	5159	Abnormal hand morphology
HP:0000549	3103	Abnormal conjugate eye movement
HP:0008434	1123	Hypoplastic cervical vertebrae
HP:0002527	1717	Falls
HP:0004411	4761	Deviated nasal septum
HP:0100653	3097	Optic neuritis
HP:0034940	1531	Muscle fiber calsequestrin 1-containing inclusion bodies
HP:0012631	1321	Pigment deposition in the trabecular meshwork
HP:0001258	682	Spastic paraplegia
HP:0012531	5062	Pain
HP:0010444	975	Pulmonary insufficiency
HP:0004398	4898	Peptic ulcer
HP:0003384	148	Peripheral axonal atrophy
HP:0000238	3001	Hydrocephalus
HP:0000684	3910	Delayed eruption of teeth
HP:0000418	2065	Narrow nasal ridge
HP:0006691	4734	Pulmonic valve myxoma
HP:0001328	4184	Specific learning disability
HP:0008080	4836	Hallux varus
HP:0000250	1246	Dense calvaria
HP:0012865	4828	Abnormal sperm head morphology
HP:0011994	2412	Abnormal atrial septum morphology
HP:0004313	2948	Decreased circulating antibody level
HP:0033712	3498	Repeated implantation failure
HP:0003302	1312	Spondylolisthesis
HP:0100387	2994	Aplasia of the middle phalanges of the toes
HP:0004319	699	Decreased circulating aldosterone level
HP:0003435	3773	Cold-induced hand cramps
HP:0010934	310	Xanthinuria
HP:0010564	4	Bifid epiglottis
HP:0030980	551	Reduced brain glutamine level by MRS
HP:0011053	2051	Agenesis of mandibular premolar
HP:0031397	1505	Decreased proportion of naive T cells
HP:0000490	3286	Deeply set eye
HP:0008715	5017	Testicular dysgenesis
HP:4000070	4456	Fixated interests
HP:0040246	327	Reduced antithrombin antigen
HP:0011387	2668	Enlarged vestibular aqueduct
HP:0001732	1816	Abnormality of the pancreas
HP:0001635	3792	Congestive heart failure
HP:0003251	676	Male infertility
HP:0031843	4546	Bradyphrenia
HP:0001003	2538	Multiple lentigines
HP:0007509	1878	Patchy hypo- and hyperpigmentation
HP:0006872	4744	Cerebral hypoplasia
HP:0030384	835	Decreased proportion of marginal zone B cells
HP:0004796	1626	Gastrointestinal obstruction
HP:6000082	330	Reduced hepatic beta-ureidopropionase activity
HP:0000602	5021	Ophthalmoplegia
HP:0034053	2843	Decreased acid ceramidase activity
HP:0001312	5412	Giant somatosensory evoked potentials
HP:0200128	2312	Biventricular hypertrophy
HP:0025425	40	Laryngospasm
HP:0005357	1792	Defective B cell differentiation
HP:0002723	532	Absence of bactericidal oxidative respiratory burst in phagocytes
HP:0005084	1341	Anterior radial head dislocation
HP:0100840	1709	Aplasia/Hypoplasia of the eyebrow
HP:0002583	2087	Colitis
HP:0004912	2502	Hypophosphatemic rickets
HP:0001125	2083	Transient unilateral blurring of vision
HP:0003809	2188	Reduced intrathoracic adipose tissue
HP:0032510	2272	Tendon pain
HP:0006778	1622	Benign genitourinary tract neoplasm
HP:0200007	3314	Abnormal size of the palpebral fissures
HP:0003170	466	Abnormal acetabulum morphology
HP:0011124	5377	Abnormal epidermal morphology
HP:0007670	5170	Abnormal vestibulo-ocular reflex
HP:0001007	2266	Hirsutism
HP:0200000	1134	Dysharmonic skeletal maturation
HP:0000791	797	Uric acid nephrolithiasis
HP:0010974	5497	Abnormal myeloid leukocyte morphology
HP:0002013	378	Vomiting
HP:0040115	3244	Abnormal Eustachian tube morphology
HP:0031825	2654	Freezing of gait
HP:0031424	4016	Abnormal circulating beta-C-terminal telopeptide concentration
HP:0100757	441	Pancreatoblastoma
HP:0100016	4406	Abnormal mesentery morphology
HP:0007975	111	Hypometric horizontal saccades
HP:0100531	386	Wind-swept deformity of the knees
HP:0010040	579	Aplasia of the 3rd metacarpal
HP:0005923	318	Abnormal hand metaphysis morphology
HP:0100258	112	Preaxial polydactyly
HP:0030067	3909	Peripheral primitive neuroectodermal neoplasm
HP:0025681	1902	Distal clavicular thinning
HP:0000685	515	Hypoplasia of teeth
HP:0012192	436	Cutaneous T-cell lymphoma
HP:6000209	649	Elevated CSF N-carbamyl-beta-aminoisobutyric acid concentration
HP:0002570	3062	Steatorrhea
HP:0005595	1494	Generalized hyperkeratosis
HP:0012548	1865	Fatty replacement of skeletal muscle
HP:4000163	1283	Reduced phytanic acid oxidase activity in cultured fibroblasts
HP:0004898	1490	Persistent lactic acidosis
HP:0002576	5100	Intussusception
HP:0002224	2084	Woolly hair
HP:0002875	5530	Exertional dyspnea
HP:0006999	1196	Basal ganglia gliosis
HP:0003001	593	Glomus jugular tumor
HP:0008789	1124	Cone-shaped capital femoral epiphysis
HP:0001539	1693	Omphalocele
HP:0005066	3656	Cone-shaped epiphyses fused within their metaphyses
HP:0000475	2141	Broad neck
HP:0006559	4372	Hepatic calcification
HP:0009016	4699	Upper limb muscle hypoplasia
HP:0006517	5362	Intraalveolar phospholipid accumulation
HP:0200116	3555	Distal ileal atresia
HP:0004841	2785	Reduced factor XII activity
HP:0012208	747	Immotile sperm
HP:0011209	2593	EEG with generalized slow activity grade 4
HP:0025289	1823	Cervical lymphadenopathy
HP:0003059	4834	Abnormality of the radioulnar joints
HP:0500149	989	Hyperglutamatemia
HP:0025097	4167	Eyelid myoclonus
HP:0001510	636	Growth delay
HP:0011889	5361	Bleeding with minor or no trauma
HP:0012215	3500	Testicular microlithiasis
HP:0004918	237	Hyperchloremic metabolic acidosis
HP:0002710	2919	Commissural lip pit
HP:0011406	4553	Infancy onset short-trunk short stature
HP:0030502	3495	Retinoschisis
HP:0009845	2376	Bullet-shaped middle phalanges of the hand
HP:0009123	1905	Mixed hypo- and hyperpigmentation of the skin
HP:6000358	2836	Reduced muscle glycogen phosphorylase activity
HP:0025197	1885	Inclusion body fibromatosis
HP:0002797	4164	Osteolysis
HP:0002079	1529	Hypoplasia of the corpus callosum
HP:0010058	519	Aplasia/Hypoplasia of the phalanges of the hallux
HP:0025387	1933	Pill-rolling tremor
HP:0025196	185	Increased total iron binding capacity
HP:0007074	4639	Thick corpus callosum
HP:0030843	1536	Cardiac amyloidosis
HP:0006591	1516	Absent glenoid fossa
HP:0034371	614	Reduced circulating prekallikrein concentration
HP:0007609	3057	Hypoproteinemic edema
HP:0025053	4447	Elevated brain N-acetyl aspartate level by MRS
HP:0100808	2378	Gastric diverticulum
HP:0002324	685	Hydranencephaly
HP:0030586	2829	Abnormal Ishihara plate test
HP:0025238	5334	Foot pain
HP:0000242	3679	Parietal bossing
HP:0004463	908	Absent brainstem auditory responses
HP:0025082	3056	Abnormal cutaneous elastic fiber morphology
HP:0009588	3028	Vestibular schwannoma
HP:0011055	2276	Agenesis of permanent molar
HP:0025395	2411	Combined cystic and ground-glass pattern on pulmonary HRCT
HP:0006852	1680	Episodic generalized hypotonia
HP:0000537	840	Epicanthus inversus
HP:0003306	519	Spinal rigidity
HP:0006641	1942	Prominent floating ribs
HP:0001476	5367	Delayed closure of the anterior fontanelle
HP:0011129	372	Bilateral fetal pyelectasis
HP:0030293	1438	Fibular metaphyseal irregularity
HP:0003725	4663	Firm muscles
HP:0011861	4978	Bilateral trilobed lung
HP:0003163	5461	Elevated urinary delta-aminolevulinic acid
HP:0012015	4887	EEG with frontal focal spikes
HP:0033741	373	Grade IV vesicoureteral reflux
HP:0012819	4552	Myocarditis
HP:0025373	2637	Interictal EEG abnormality
HP:0030346	4220	Abnormal circulating follicle-stimulating hormone concentration
HP:0012322	387	Perifolliculitis
HP:0003730	592	EMG: myotonic runs
HP:0002637	3315	Cerebral ischemia
HP:0010711	5000	1-2 toe syndactyly
HP:0009895	1394	Abnormality of the crus of the helix
HP:0000607	3904	Periorbital wrinkles
HP:0010501	3706	Limitation of knee mobility
HP:0007750	3769	Hypoplasia of the fovea
HP:6000353	2764	Reduced tissue argininosuccinate synthetase activity
HP:0002503	3426	Spinocerebellar tract degeneration
HP:0008786	776	Iliac crest serration
HP:0004573	1267	Anterior wedging of T11
HP:0001008	1936	Accumulation of melanosomes in melanocytes
HP:0034681	2194	Finger joint contracture
HP:0005942	165	Desquamative interstitial pneumonitis
HP:0000759	4209	Abnormal peripheral nervous system morphology
HP:0006208	1037	Metaphyseal cupping of proximal phalanges
HP:0005353	1624	Recurrent herpes
HP:0000615	2702	Abnormal pupil morphology
HP:0011123	4197	Inflammatory abnormality of the skin
HP:0100890	1284	Cyst of the ductus choledochus
HP:0001396	124	Cholestasis
HP:0025441	2623	Achilles tendon calcification
HP:0011749	4151	Adrenocorticotropic hormone excess
HP:0034281	3051	Phalangeal cone-shaped epiphyses
HP:0012054	1336	Choroidal melanoma
HP:0025058	3050	Hypothalamic atrophy
HP:0007398	785	Asymmetric, linear skin defects
HP:0010654	4952	Aplasia of the falx cerebri
HP:0031807	1639	Increased basophil count
HP:0000081	1420	Duplicated collecting system
HP:0000756	254	Agoraphobia
HP:0009276	4148	Contracture of the proximal interphalangeal joint of the 4th finger
HP:0030973	456	Postexertional symptom exacerbation
HP:0100727	5408	Histiocytosis
HP:0002392	3010	EEG with polyspike wave complexes
HP:0002582	4147	Atrophic gastritis
HP:0040214	92	Abnormal circulating insulin concentration
HP:0040248	1675	Reduced plasminogen activator inhibitor 1 activity
HP:0012450	373	Chronic constipation
HP:0001682	2989	Subvalvular aortic stenosis
HP:0410293	3508	Absent isohemagglutinin level
HP:0008002	5479	Abnormality of macular pigmentation
HP:0003564	4667	Folate-dependent fragile site at Xq28
HP:0030891	5356	Periventricular white matter hyperintensities
HP:0005731	2892	Cortical irregularity
HP:0011121	1827	Abnormal skin morphology
HP:0030850	116	Abnormal pulse pressure
HP:0003759	1238	Hypoplasia of lymphatic vessels
HP:0005988	3848	Congenital muscular torticollis
HP:0007146	4182	Bilateral basal ganglia lesions
HP:0000174	1455	Abnormal palate morphology
HP:0000726	1517	Dementia
HP:0012856	4883	Abnormal scrotal rugation
HP:0011003	985	High myopia
HP:0005513	898	Increased megakaryocyte count
HP:0033996	1287	Microvillar PAS-positive secretory granules
HP:0007384	997	Aberrant melanosome maturation
HP:0006417	3881	Wide femoral metaphysis
HP:0001953	154	Diabetic ketoacidosis
HP:0430028	3503	Hyperplasia of the maxilla
HP:0002833	622	Cystic angiomatosis of bone
HP:0006665	2450	Coat hanger sign of ribs
HP:0031689	4399	Megakaryocyte dysplasia
HP:0001249	544	Intellectual disability
HP:0009771	969	Osteolytic defects of the phalanges of the hand
HP:0012076	3156	Borderline personality disorder
HP:0008125	464	Second metatarsal posteriorly placed
HP:0030968	3210	Abnormal pulmonary vein morphology
HP:0000831	1237	Insulin-resistant diabetes mellitus
HP:0012457	1906	Medial calcification of medium-sized arteries
HP:0003496	3231	Increased circulating IgM level
HP:0030410	1742	Sebaceous gland carcinoma
HP:0100789	3538	Torus palatinus
HP:0003043	1902	Abnormal shoulder morphology
HP:0012514	5095	Lower limb pain
HP:0000711	1909	Restlessness
HP:0003232	2750	Mitochondrial malic enzyme reduced
HP:0000072	1842	Hydroureter
HP:0010093	2440	Duplication of the proximal phalanx of the hallux
HP:0033393	135	Irregularly shaped sperm tail
HP:0012900	3589	Myotonia of the face
HP:0025312	3799	Esophoria
HP:0006433	146	Radial dysplasia
HP:0006581	1541	Depletion of mitochondrial DNA in liver
HP:0031080	2031	Abnormal response to glucagon stimulation test
HP:0100954	1389	Open operculum
HP:0006342	597	Peg-shaped maxillary lateral incisors
HP:0008034	3463	Abnormal iris pigmentation
HP:0031992	3110	Apical hypertrophic cardiomyopathy
HP:0410174	2101	Increased circulating troponin T concentration
HP:0006292	1634	Abnormality of dental eruption
HP:0030355	1624	Abnormal circulating interferon-gamma concentration
HP:0005873	3378	Polysyndactyly of hallux
HP:0003301	2351	Irregular vertebral endplates
HP:0006949	3094	Episodic peripheral neuropathy
HP:0031515	1520	Abnormal meiosis
HP:0025526	3398	Psoriasiform lesion
HP:0012263	2886	Immotile cilia
HP:0001607	932	Subglottic stenosis
HP:0003133	1015	Abnormality of the spinocerebellar tracts
HP:0003444	628	EMG: chronic denervation signs
HP:0002815	792	Abnormality of the knee
HP:0100698	232	Subcutaneous neurofibroma
HP:0003417	1480	Coronal cleft vertebrae
HP:0033193	2630	Ballooning hepatocyte degeneration
HP:0002211	174	White forelock
HP:0000065	602	Labial hypertrophy
HP:0001756	5261	Vestibular hypofunction
HP:0009102	2542	Anterior open-bite malocclusion
HP:0011315	4487	Unicoronal synostosis
HP:0003013	1189	Bulging epiphyses
HP:0010621	3549	Cutaneous syndactyly of toes
HP:0004311	4241	Abnormal macrophage morphology
HP:0003796	765	Irregular iliac crest
HP:0003277	2953	Constricted iliac wing
HP:0000495	1241	Recurrent corneal erosions
HP:0012398	4741	Peripheral edema
HP:0032464	5117	Ureteral hypoplasia
HP:0034193	643	Stratum basale cleavage
HP:0011134	2974	Low-grade fever
HP:0006770	3509	Clear cell renal cell carcinoma
HP:0032678	1530	Eyelid myoclonia seizure
HP:0012332	3037	Abnormal autonomic nervous system physiology
HP:0011399	5494	Tibialis anterior muscle atrophy
HP:0005341	537	Autonomic bladder dysfunction
HP:0005974	329	Episodic ketoacidosis
HP:0030038	673	Enchondroma
HP:0001140	5073	Limbal dermoid
HP:0012746	758	Thin toenail
HP:0012106	4742	Rhizomelic leg shortening
HP:0009077	1121	Weakness of long finger extensor muscles
HP:0001874	1109	Abnormality of neutrophils
HP:0011094	5057	Increased overbite
HP:0025676	4132	Fetal pleural effusion
HP:0012308	1467	Decreased circulating complement C9 concentration
HP:0034286	4131	Pneumocystis carinii pneumonia
HP:0000303	2594	Mandibular prognathia
HP:0000246	2004	Sinusitis
HP:0006361	5397	Irregular femoral epiphysis
HP:0030771	5457	Mallet finger
HP:0001269	2277	Hemiparesis
HP:0040238	4215	Impaired neutrophil chemotaxis
HP:0009997	3480	Duplication of phalanx of hand
HP:0410074	108	Increased level of xylitol in urine
HP:0012764	494	Orthopnea
HP:0032933	3033	Airway hyperresponsiveness
HP:0011702	2063	Abnormal electrophysiology of sinoatrial node origin
HP:0009073	1847	Progressive proximal muscle weakness
HP:0000204	1564	Cleft upper lip
HP:0030879	207	Interlobular septal thickening
HP:0033525	3260	Absent sperm axoneme central pair complex
HP:6000318	1898	Elevated aldosterone:renin ratio
HP:0000699	2771	Diastema
HP:0031404	712	Impaired antigen-specific response
HP:0032094	530	Increased circulating surfactant protein level
HP:0008213	3598	Gonadotropin deficiency
HP:0030462	230	Abnormal amplitude of flash visual evoked potentials
HP:0032247	3022	Persistent CMV viremia
HP:0031092	3169	Spindle-shaped finger
HP:0033335	169	Abnormal preimplantation embryonic development
HP:0004942	97	Aortic aneurysm
HP:0410069	1278	Increased level of propylene glycol in blood
HP:0031289	2078	White papule
HP:0100632	3546	Pulmonary sequestration
HP:0012689	1614	Abnormal pineal melatonin secretion
HP:0000218	4125	High palate
HP:0002131	3111	Episodic ataxia
HP:0000062	3933	Ambiguous genitalia
HP:0034937	4135	Elevated circulating desmosterol concentration
HP:0006873	1489	Symmetrical progressive peripheral demyelination
HP:0007903	1971	Paravenous chorioretinal atrophy
HP:0006228	1934	Valgus hand deformity
HP:0008082	2761	Medial deviation of the foot
HP:0000319	347	Smooth philtrum
HP:0001612	3025	Weak cry
HP:0003463	819	Increased extraneuronal autofluorescent lipopigment
HP:0025549	2673	Eccentric visual fixation
HP:0004691	1889	2-3 toe syndactyly
HP:0000070	559	Ureterocele
HP:0002390	1995	Spinal arteriovenous malformation
HP:0100725	3908	Lichenification
HP:0001297	4774	Stroke
HP:0010359	3832	Aplasia/Hypoplasia of the phalanges of the 3rd toe
HP:0005267	3893	Premature delivery because of cervical insufficiency or membrane fragility
HP:0007675	1777	Progressive night blindness
HP:0010881	752	Abnormality of the umbilical cord
HP:0012598	536	Abnormal urine potassium concentration
HP:0004792	5134	Rectoperineal fistula
HP:0012596	3021	Moderate proteinuria
HP:0040320	5333	Red-brown urine
HP:0003771	549	Pulp calcification
HP:0008305	2060	Exercise-induced myoglobinuria
HP:0025015	4587	Abnormal vascular morphology
HP:0100858	4595	Dilatation of celiac artery
HP:0008639	3202	Gonadal hypoplasia
HP:0006929	3840	Hypoglycemic encephalopathy
HP:0007190	11	Neuronal loss in the cerebral cortex
HP:0025478	27	Atrial standstill
HP:0100820	2543	Glomerulopathy
HP:0008818	5022	Large iliac wing
HP:0012376	324	Microphakia
HP:0009717	2394	Cortical tubers
HP:0004598	4472	Supernumerary vertebral ossification centers
HP:0001950	1	Respiratory alkalosis
HP:0040022	2893	Clinodactyly of the 2nd finger
HP:0006352	4725	Failure of eruption of permanent teeth
HP:0031935	531	Ascending aorta hypoplasia
HP:0001814	2	Deep-set nails
HP:0000199	1055	Tongue nodules
HP:0001151	4889	Impaired horizontal smooth pursuit
HP:0010443	1693	Bifid femur
HP:0008354	3019	Factor X activation deficiency
HP:0033649	1510	Paraseptal emphysema
HP:0009113	4789	Diaphragmatic weakness
HP:0100603	2705	Toxemia of pregnancy
HP:0031333	1256	Myocardial sarcomeric disarray
HP:0011109	2955	Chronic sinusitis
HP:0032792	715	Tonic seizure
HP:0001942	208	Metabolic acidosis
HP:0100530	3092	Abnormal circulating calcium-phosphate regulating hormone concentration
HP:0030505	5413	Nummular pigmentation of the fundus
HP:0012287	5168	Hypothalamic luteinizing hormone-releasing hormone deficiency
HP:0000326	779	Abnormal maxilla morphology
HP:0030736	3052	Sacrococcygeal teratoma
HP:0004661	3704	Frontalis muscle weakness
HP:0032979	2629	Hemosiderin-laden macrophages in bronchoalveolar fluid
HP:0034313	1161	Hyperdynamic left ventricular ejection fraction
HP:0009193	5374	Pseudoepiphyses of the metacarpals
HP:0010076	1738	Aplasia/Hypoplasia of the distal phalanx of the hallux
HP:0006960	2185	Choroid plexus calcification
HP:0001809	1809	Split nail
HP:0008497	5157	Congenital craniofacial dysostosis
HP:0020185	3017	Superior cerebellar dysplasia
HP:0012623	4843	Stage 1 chronic kidney disease
HP:0007291	5238	Posterior fossa cyst
HP:0000771	2714	Gynecomastia
HP:0010236	4111	Small epiphyses of the phalanges of the hand
HP:0005682	2116	Talocalcaneal synostosis
HP:0008589	210	Hypoplastic helices
HP:0000138	752	Ovarian cyst
HP:0011336	4364	Bitemporal forceps marks
HP:0009879	4906	Simplified gyral pattern
HP:0008155	1027	Mucopolysacchariduria
HP:0000135	2496	Hypogonadism
HP:0007200	3892	Episodic hypersomnia
HP:0100527	1881	Neoplasia of the pleura
HP:0007404	2586	Nonepidermolytic palmoplantar hyperkeratosis
HP:0011267	5291	Microtia, third degree
HP:0004969	1195	Peripheral pulmonary artery stenosis
HP:0001992	2990	Organic aciduria
HP:0000512	772	Abnormal electroretinogram
HP:0000248	2148	Brachycephaly
HP:0034697	4441	Cutaneous telangiectasia
HP:0000971	897	Abnormal sweat gland morphology
HP:0012245	4084	Sex reversal
HP:0002663	1189	Delayed epiphyseal ossification
HP:0004002	862	Flattened radial epiphyses
HP:0030745	1061	Dilatation of the ductus arteriosus
HP:0010471	1344	Oligosacchariduria
HP:0025429	3307	Abnormal cry
HP:0008586	1076	Hypoplasia of the cochlea
HP:0011153	1950	Focal motor seizure
HP:0001956	4788	Truncal obesity
HP:0025480	1266	Lipomyelomeningocele
HP:0100950	1677	Decreased 3-hydroxyacyl-CoA dehydrogenase level
HP:0003733	4530	Thigh hypertrophy
HP:0000436	4796	Abnormal nasal tip morphology
HP:0040250	4108	Reduced prothrombin antigen
HP:0031459	5121	Soft tissue neoplasm
HP:0004975	3364	Erlenmeyer flask deformity of the femurs
HP:0031500	276	Abdominal mass
HP:0008237	337	Hypothalamic hypothyroidism
HP:0002654	4404	Multiple epiphyseal dysplasia
HP:0100350	2677	Contracture of the proximal interphalangeal joint of the 4th toe
HP:0006381	1006	Rudimentary fibula
HP:0007293	4106	Anterior sacral meningocele
HP:0008358	996	Hyperprolinemia
HP:0100596	5040	Absent nares
HP:0011873	4105	Abnormal platelet count
HP:0025099	4104	Dysgenesis of the thalamus
HP:0100798	115	Fingernail dysplasia
HP:0002073	727	Progressive cerebellar ataxia
HP:0034364	344	Fibrofatty replacement of right ventricular myocardium
HP:0100743	3721	Neoplasm of the rectum
HP:0004446	5001	Stomatocytosis
HP:0030075	1110	Ductal carcinoma in situ
HP:0012166	5401	Skin-picking
HP:0031845	338	Abnormal libido
HP:0030828	1377	Wheezing
HP:0009813	405	Upper limb phocomelia
HP:0400008	443	Menometrorrhagia
HP:0031368	2665	Intestinal perforation
HP:0005096	4171	Distal femoral bowing
HP:0010027	2906	Broad 1st metacarpal
HP:0004343	3831	Abnormal glycosphingolipid metabolism
HP:0033850	4752	Coldness
HP:0011872	410	Impaired thrombin-induced platelet aggregation
HP:0011717	2006	Atrioventricular reentrant tachycardia
HP:0007513	2508	Generalized hypopigmentation
HP:0030014	1046	Female sexual dysfunction
HP:0005203	2050	Spontaneous esophageal perforation
HP:0006642	2493	Large sternal ossification centers
HP:0012869	4775	Acephalic spermatozoa
HP:0030877	381	Reduced FEV1/FVC ratio
HP:0025326	1052	Retinal arterial occlusion
HP:0010884	812	Acromelia
HP:0410256	2256	Infection associated neutropenia
HP:0008418	2590	Squared-off platyspondyly
HP:0040148	4643	Cortical myoclonus
HP:0010644	2132	Midnasal stenosis
HP:0025487	4100	Abnormal bladder morphology
HP:4000198	1543	Reduced acetylglucosamine-6-sulfate sulfatase activity in cultured fibroblasts
HP:0003405	3348	Diffuse axonal swelling
HP:0002539	492	Cortical dysplasia
HP:0012143	3416	Abnormal megakaryocyte morphology
HP:0006758	1239	Malignant genitourinary tract tumor
HP:0410031	2229	Submucous cleft of soft and hard palate
HP:0030897	385	Decreased intestinal transit time
HP:0009912	2398	Abnormal tragus morphology
HP:0007807	1220	Optic nerve compression
HP:0003834	4776	Shoulder dislocation
HP:0009623	2835	Proximal placement of thumb
HP:0007705	2010	Corneal degeneration
HP:0002515	2154	Waddling gait
HP:0003074	3459	Hyperglycemia
HP:0003547	2783	Shoulder girdle muscle weakness
HP:0002742	1201	Recurrent Klebsiella infections
HP:0031987	3086	Diminished ability to concentrate
HP:0002578	1710	Gastroparesis
HP:0030793	3652	Jaw swelling
HP:0200044	2457	Porokeratosis
HP:0010636	3472	Schizencephaly
HP:0003264	4049	Deficiency of N-acetylglucosamine-1-phosphotransferase
HP:0003333	1300	Increased serum beta-hexosaminidase
HP:0001304	3238	Torsion dystonia
HP:0007973	152	Retinal dysplasia
HP:0011927	931	Short digit
HP:0004240	857	Sclerotic foci within carpal bones
HP:0030203	4770	Unfavorable response of muscle weakness to acetylcholine esterase inhibitors
HP:0011987	240	Ectopic ossification in muscle tissue
HP:0000993	2079	Molluscoid pseudotumors
HP:0005625	179	Osteoporosis of vertebrae
HP:0005490	5185	Postnatal macrocephaly
HP:0007374	1465	Atrophy/Degeneration involving the caudate nucleus
HP:0008605	3084	Unilateral external ear deformity
HP:0009134	1214	Osteolysis involving bones of the feet
HP:0001076	3470	Glabellar hemangioma
HP:0003037	4307	Enlarged joints
HP:0008263	2384	Thyroid defect in oxidation and organification of iodide
HP:0000105	1023	Enlarged kidney
HP:0034004	1733	Parosmia
HP:0004347	5522	Weakness of muscles of respiration
HP:0005318	612	Cerebral vasculitis
HP:0012157	1522	Subcortical cerebral atrophy
HP:0001522	3009	Death in infancy
HP:0004848	677	Ph-positive acute lymphoblastic leukemia
HP:0033092	1512	Increased urine succinate level
HP:0100321	1209	Abnormal dentate nucleus morphology
HP:0007649	2639	Congenital hypertrophy of retinal pigment epithelium
HP:0011932	1002	Abnormal superior cerebellar peduncle morphology
HP:0004576	683	Sclerotic vertebral endplates
HP:0100254	3780	Stenosis of the medullary cavity of the long bones
HP:0001404	3102	Hepatocellular necrosis
HP:0007641	1918	Dyschromatopsia
HP:0005194	4550	Flattened metatarsal heads
HP:0006735	3560	Renal cortical adenoma
HP:0008216	1716	Adrenal gland dysgenesis
HP:6000120	2045	Elevated urinary sulfatide level
HP:0100605	762	Neoplasm of the larynx
HP:0010567	861	Y-shaped metatarsals
HP:0032184	134	Increased proportion of memory T cells
HP:0012380	3840	Reduced tissue carnitine O-palmitoyltransferase 2 activity
HP:0500011	667	Moon facies
HP:0010679	2525	Elevated tissue non-specific alkaline phosphatase
HP:0002730	585	Chronic noninfectious lymphadenopathy
HP:0003456	2049	Low urinary cyclic AMP response to PTH administration
HP:6000124	692	Positive 2,4-dinitrophenylhydrazine urine test
HP:0004619	1190	Lumbar kyphoscoliosis
HP:0002340	4232	Caudate atrophy
HP:0000103	300	Polyuria
HP:0033060	3465	Decreased circulating complement C5 concentration
HP:0006346	2494	Screwdriver-shaped incisors
HP:0001408	2531	Bile duct proliferation
HP:0031972	3098	Presyncope
HP:0003179	4596	Protrusio acetabuli
HP:6000243	2171	Reduced circulating cortisol-binding globulin concentration
HP:0007617	3301	Fine, reticulate skin pigmentation
HP:0012627	491	Pseudoexfoliation
HP:0032198	4295	Decreased prothrombin time
HP:0007052	5298	Multifocal cerebral white matter abnormalities
HP:0003045	1587	Abnormal patella morphology
HP:6000313	2041	Incomplete right bundle branch block
HP:0100803	1730	Abnormality of the periungual region
HP:0100769	2522	Synovitis
HP:0002230	3081	Generalized hirsutism
HP:0009486	4579	Radial deviation of the hand
HP:0031156	2069	Decreased platelet glycoprotein Ib
HP:0100261	113	Abnormal tendon morphology
HP:0001412	2004	Enteroviral hepatitis
HP:0012696	1542	Abnormal thalamic MRI signal intensity
HP:0000268	4821	Dolichocephaly
HP:0000820	521	Abnormality of the thyroid gland
HP:0012432	1838	Chronic fatigue
HP:0030483	93	Reduced amplitude of dark-adapted bright flash electroretinogram a-wave
HP:0012765	6	Widened cerebellar subarachnoid space
HP:0011265	5054	Cleft earlobe
HP:0012723	1192	Sinoatrial block
HP:0005623	950	Absent ossification of calvaria
HP:0011034	5373	Amyloidosis
HP:4000150	3007	Multinucleated neuron
HP:0004428	2179	Elfin facies
HP:0012282	1633	Morbilliform rash
HP:0000093	2817	Proteinuria
HP:0011432	3761	Elevated maternal circulating alpha-fetoprotein concentration
HP:0100368	2114	Short phalanx of the 5th toe
HP:0008052	4923	Retinal fold
HP:0002176	214	Spinal cord compression
HP:0009944	1313	Partial duplication of thumb phalanx
HP:0004960	3005	Absent pulmonary artery
HP:0034374	1500	Trident acetabulum
HP:0011169	1698	Generalized clonic seizure
HP:0025664	4394	Moderate to late preterm birth
HP:0009735	232	Spinal neurofibroma
HP:0000009	4144	Functional abnormality of the bladder
HP:0011222	2033	Depressed glabella
HP:0035005	2336	Reduced hepatic alanine-glyoxylate aminotransferase activity
HP:0004870	3760	Chronic hemolytic anemia
HP:0007133	4425	Progressive peripheral neuropathy
HP:0100764	258	Lymphangioma
HP:0007256	750	Abnormal pyramidal sign
HP:0003102	1726	Increased carrying angle
HP:0012249	4114	Abnormal ST segment
HP:6000575	2447	Reduced circulating 6-pyruvoyltetrahydropterin synthase activity
HP:0100635	4009	Carotid paraganglioma
HP:0008231	1504	Macronodular adrenal hyperplasia
HP:0003154	1711	Increased circulating ACTH level
HP:0012065	3461	Multiple bony cystic lesions
HP:0030724	4133	Central nervous system cyst
HP:0003221	146	Chromosomal breakage induced by crosslinking agents
HP:0030786	5314	Photopsia
HP:0006207	2909	Partial fusion of carpals
HP:0000488	5244	Retinopathy
HP:0031501	225	Pelvic mass
HP:0003194	3758	Short nasal bridge
HP:0002385	1092	Paraparesis
HP:0010454	1500	Acetabular spurs
HP:0000674	5490	Anodontia
HP:0033660	427	Hand paresthesia
HP:0010234	5101	Ivory epiphyses of the phalanges of the hand
HP:0034532	181	Increased myocardial glycogen content
HP:0004795	4448	Hamartomatous stomach polyps
HP:0012685	2197	Decreased pineal volume
HP:0007731	152	Chorioretinal dysplasia
HP:0004915	440	Impairment of galactose metabolism
HP:0025488	2143	Detrusor sphincter dyssynergia
HP:0012109	820	Angle closure glaucoma
HP:0030018	979	Decreased female libido
HP:0000849	4915	Adrenocortical abnormality
HP:6000607	317	Elevated urinary 3-hydroxyisobutyric acid level
HP:0012172	4433	Stereotypical body rocking
HP:0005321	4082	Mandibulofacial dysostosis
HP:4000148	2455	Hepatic artery hyperplasia
HP:0031849	970	Sleep-wake inversion
HP:0008368	590	Tarsal synostosis
HP:0010537	1954	Wide cranial sutures
HP:0001903	4139	Anemia
HP:0030765	4141	Sleep terror
HP:0012638	2253	Abnormal nervous system physiology
HP:0008449	595	Progressive cervical vertebral spine fusion
HP:0008784	363	Wide capital femoral epiphyses
HP:0031069	2653	Abnormal femoral torsion
HP:0007572	2237	Hyperpigmented streaks
HP:0006161	3184	Short metacarpals with rounded proximal ends
HP:0008555	5402	Absent vestibular function
HP:0010173	397	Aplasia/Hypoplasia of the phalanges of the toes
HP:0006706	151	Cystic liver disease
HP:0010716	2741	3-5 toe syndactyly
HP:0034548	494	Portal vein hypoplasia
HP:0002779	2405	Tracheomalacia
HP:0011638	2999	Anomalous origin of left coronary artery from the pulmonary artery
HP:0001920	1145	Renal artery stenosis
HP:0030330	2166	Multinucleated giant chondrocytes in epiphyseal cartilage
HP:0005597	2997	Congenital alopecia totalis
HP:0008402	4443	Ridged fingernail
HP:0032999	1468	Increased fecal porphyrin
HP:0006067	918	Multiple carpal ossification centers
HP:0500030	5042	Abnormal hepatic glycogen storage
HP:0006415	3341	Cortically dense long tubular bones
HP:0012582	2663	Bilateral renal dysplasia
HP:0040169	2003	Loose anagen hair
HP:0000765	535	Abnormal thorax morphology
HP:0001669	1452	Transposition of the great arteries
HP:0032497	2055	Reduced terminal:vellus ratio
HP:0007556	2367	Plantar hyperkeratosis
HP:0000051	3458	Perineal hypospadias
HP:0003325	1045	Limb-girdle muscle weakness
HP:0004324	573	Increased body weight
HP:0001931	5035	Hypochromic anemia
HP:0012196	2616	Cheyne-Stokes respiration
HP:4000199	2872	Reduced erythrocyte porphobilinogen deaminase activity
HP:0006879	2996	Pontocerebellar atrophy
HP:0012868	747	Abnormal sperm tail morphology
HP:0012386	1593	Absent hallux
HP:0012042	1445	Aspirin-induced asthma
HP:0001288	3890	Gait disturbance
HP:0000283	663	Broad face
HP:0001677	2758	Coronary artery atherosclerosis
HP:0010526	1120	Dysgraphia
HP:0006086	1282	Thin metacarpal cortices
HP:0012472	828	Eclabion
HP:6000211	843	Elevated CSF dihydrouracil concentration
HP:0000877	622	Insulin-resistant diabetes mellitus at puberty
HP:0005184	1368	Prolonged QTc interval
HP:0410305	4079	Partial absence of specific antibody response to Haemophilus influenzae type b (Hib) vaccine
HP:0034386	5539	Reduced left ventricular endsystolic diameter
HP:0008200	679	Primary hyperparathyroidism
HP:0033221	2324	Increased CD4:CD8 ratio
HP:0002522	1244	Areflexia of lower limbs
HP:6000675	962	Elevated urinary mevalonate lactone level
HP:0025348	290	Abnormal corneal limbus morphology
HP:0009827	4332	Amelia
HP:0005422	4213	Absence of CD8-positive T cells
HP:4000010	2980	Impaired renal tubular reabsorption of bicarbonate
HP:0009928	4815	Thick nasal alae
HP:0002947	4365	Cervical kyphosis
HP:0025190	1417	Bilateral tonic-clonic seizure with generalized onset
HP:0100379	1924	Aplasia of the distal phalanx of the 4th toe
HP:0034032	2989	Central cyanosis
HP:0020082	239	Heinz bodies
HP:0006561	1727	Lipid accumulation in hepatocytes
HP:0030353	812	Decreased serum insulin-like growth factor 1
HP:0032139	611	Reduced isohemagglutinin level
HP:0040217	92	Elevated hemoglobin A1c
HP:0100540	2081	Palpebral edema
HP:0000096	432	Glomerular sclerosis
HP:0200136	5322	Oral-pharyngeal dysphagia
HP:0000041	4995	Chordee
HP:0000590	1541	Progressive external ophthalmoplegia
HP:0031076	1838	Impaired cortisol response to insulin stimulation test
HP:0040235	2759	Leukocyte inclusion bodies
HP:0034394	1416	Forearm supination contracture
HP:0011530	2736	Retinal hole
HP:0025631	1913	Alpha-aminobutyric aciduria
HP:0011569	859	Cleft anterior mitral valve leaflet
HP:0007470	4331	Periarticular subcutaneous nodules
HP:0010812	5026	Short uvula
HP:0010043	577	Aplasia of the 4th metacarpal
HP:0010852	4917	EEG with photoparoxysmal response
HP:0003805	1163	Rimmed vacuoles
HP:0001602	994	Laryngeal stenosis
HP:0010078	2983	Bullet-shaped distal phalanx of the hallux
HP:0030948	1891	Elevated gamma-glutamyltransferase level
HP:0001414	1490	Microvesicular hepatic steatosis
HP:0001997	1318	Gout
HP:0046505	323	Hand pain
HP:0002372	2469	Normal interictal EEG
HP:0011381	63	Aplasia of the semicircular canal
HP:0030434	218	Pilomatrixoma
HP:0005242	1848	Extrahepatic biliary duct atresia
HP:0033594	2979	Elevated urinary 7-biopterin level
HP:0010476	2680	Aplasia/Hypoplasia of the bladder
HP:0004243	1203	Abnormality of the scaphoid
HP:0001019	3323	Erythroderma
HP:0040184	250	Oral bleeding
HP:0025691	42	Impaired fasting glucose
HP:0100348	2833	Contracture of the proximal interphalangeal joint of the 2nd toe
HP:0031691	4345	Severe viral infection
HP:0007011	197	Fourth cranial nerve palsy
HP:0034985	618	Reduced cellular cobalamin uptake
HP:0006944	4438	Abolished vibration sense
HP:0005429	2357	Recurrent systemic pyogenic infections
HP:0007057	4093	Poor hand-eye coordination
HP:0011504	3818	Bull's eye maculopathy
HP:0006266	3842	Small placenta
HP:0007438	2137	Mottled pigmentation of the trunk and proximal extremities
HP:0001031	5280	Subcutaneous lipoma
HP:0010675	786	Abnormal foot bone ossification
HP:0410059	108	Increased level of D-threitol in urine
HP:6000525	153	Reduced erythrocyte glutathione reductase activity
HP:0011172	2489	Complex febrile seizure
HP:0007387	1487	Hypoplastic sweat glands
HP:0006251	5400	Limited wrist extension
HP:0006520	77	Progressive pulmonary function impairment
HP:0004231	5039	Carpal bone aplasia
HP:0025439	15	Pharyngitis
HP:0040213	2973	Hypopnea
HP:0000200	1185	Short lingual frenulum
HP:0000555	4766	Leukocoria
HP:0033662	2040	Air bronchogram
HP:0100629	2267	Midline facial cleft
HP:0002423	305	Long-tract signs
HP:0031545	4080	Abnormally low T cell receptor excision circle level
HP:0025349	2042	Limbal edema
HP:0002088	5312	Abnormal lung morphology
HP:0003076	3164	Glycosuria
HP:0012518	707	Abnormal circle of Willis morphology
HP:0034727	2012	Reduced circulating alpha-L-fucosidase activity
HP:0001155	2558	Abnormality of the hand
HP:0030857	107	Eye movement-induced pain
HP:0000277	289	Abnormal mandible morphology
HP:0033310	351	Osmotic diarrhea
HP:0100827	966	Lymphocytosis
HP:0045017	3468	Congenital malformation of the left heart
HP:0033207	1600	Increased proportion autoreactive unresponsive CD21-/low B cells
HP:0008756	904	Bowing of the vocal cords
HP:0025045	1257	Abnormal brain lactate level by MRS
HP:0007403	1366	Hypertrophy of skin of soles
HP:0002738	5284	Hypoplastic frontal sinuses
HP:0012499	273	Descending aortic dissection
HP:0012028	5259	Hepatocellular adenoma
HP:0040326	3228	Hypoplasia of the olfactory bulb
HP:0002314	1641	Degeneration of the lateral corticospinal tracts
HP:0000846	907	Adrenal insufficiency
HP:0010038	1191	Short 2nd metacarpal
HP:0012305	2971	Coarctation of the descending aortic arch
HP:0000035	2445	Abnormal testis morphology
HP:0033308	525	Patellar overgrowth
HP:0034401	2725	Atypical teratoid/rhabdoid tumor
HP:0007351	4067	Upper limb postural tremor
HP:0005218	5240	Anoperineal fistula
HP:0004381	5529	Supravalvular aortic stenosis
HP:0001889	4006	Megaloblastic anemia
HP:0032262	1201	Pulmonary tuberculosis
HP:0007835	1230	S-shaped palpebral fissures
HP:0030283	873	Partial absence of the septum pellucidum
HP:0011823	1033	Chin with horizontal crease
HP:0012279	5139	Hyposerinemia
HP:0011788	2513	Increased circulating free T3
HP:0007370	375	Aplasia/Hypoplasia of the corpus callosum
HP:0033280	1725	Paratracheal lymphadenopathy
HP:0012683	4299	Pineal cyst
HP:0007734	1115	Enlarged lacrimal glands
HP:0012020	1592	Right aortic arch
HP:0000953	3667	Hyperpigmentation of the skin
HP:0003648	2054	Lacticaciduria
HP:0006402	5167	Distal shortening of limbs
HP:0002901	3578	Hypocalcemia
HP:0002921	4065	Abnormal cerebrospinal fluid morphology
HP:0001088	61	Brushfield spots
HP:0001930	424	Nonspherocytic hemolytic anemia
HP:0030217	3317	Limb apraxia
HP:0006127	3074	Long proximal phalanx of finger
HP:0025014	2642	Subcutaneous spheroids
HP:0005620	3497	Hypermobility of interphalangeal joints
HP:0045028	247	Microlissencephaly
HP:0004054	4534	Sclerosis of hand bone
HP:0007236	4990	Recurrent subcortical infarcts
HP:0002877	490	Nocturnal hypoventilation
HP:0012675	4460	Iron accumulation in brain
HP:0100872	4308	Abnormality of the plantar skin of foot
HP:0008456	3875	C2-C3 subluxation
HP:0002196	1245	Myelopathy
HP:0010632	570	Total anosmia
HP:0033522	4062	Cerebral cavernous malformation
HP:0004362	2969	Abnormal enteric ganglion morphology
HP:0007841	810	Amyloid deposition in the vitreous humor
HP:0025193	4522	Posterolateral diaphragmatic hernia
HP:0003217	4155	Hyperglutaminemia
HP:0030962	718	Abnormal morphology of the great vessels
HP:0002145	121	Frontotemporal dementia
HP:0005978	2031	Type II diabetes mellitus
HP:0034795	1275	Excess residual spermatozoal cytoplasm
HP:0002406	3530	Limb dysmetria
HP:0040089	5427	Abnormal natural killer cell count
HP:0030179	2500	Abnormal peripheral action potential amplitude
HP:0001848	5002	Calcaneovalgus deformity
HP:0007495	1082	Prematurely aged appearance
HP:0040198	2641	Non-medullary thyroid carcinoma
HP:0040197	21	Encephalomalacia
HP:0002061	3308	Lower limb spasticity
HP:0031958	2902	Spastic paraparetic gait
HP:0011660	1592	Anomalous origin of one pulmonary artery from ascending aorta
HP:0033607	4385	Bone marrow arrest at the promyelocytic stage
HP:0025011	2963	Pyriform aperture stenosis
HP:0002696	5441	Abnormal parietal bone morphology
HP:0030820	3071	Hooded eyelid
HP:0005976	2521	Hyperkalemic metabolic acidosis
HP:0003890	2961	Prominent deltoid tuberosities
HP:0000317	3070	Facial myokymia
HP:0005863	3778	Type E brachydactyly
HP:0005716	58	Lethal skeletal dysplasia
HP:0008440	5142	C1-C2 vertebral abnormality
HP:0032153	5190	Joint subluxation
HP:0007497	2726	Focal friction-related palmoplantar hyperkeratosis
HP:0002068	4938	Neuromuscular dysphagia
HP:0012752	3353	Focal T2 hypointense basal ganglia lesion
HP:0100790	3779	Hernia
HP:0003273	753	Hip contracture
HP:0000020	1788	Urinary incontinence
HP:0031469	4724	Low self-esteem
HP:0031606	3975	Retinal cotton wool spot
HP:0002202	2357	Pleural effusion
HP:6000355	596	Reduced malonyl-CoA decarboxylase activity in cultured fibroblasts
HP:0100833	4083	Neoplasm of the small intestine
HP:0000280	848	Coarse facial features
HP:0005787	2720	Lumbar platyspondyly
HP:0030182	234	Tetraplegia/tetraparesis
HP:0003223	12	Decreased circulating methylcobalamin concentration
HP:0010853	2509	EEG with periodic lateralized epileptiform discharges
HP:0012903	1466	Myotonia of the upper limb
HP:0000295	5052	Doll-like facies
HP:0010999	3360	Aplasia of the optic tract
HP:0500147	2022	Hypoglutaminemia
HP:0001716	1859	Wolff-Parkinson-White syndrome
HP:0007182	3489	Peripheral hypomyelination
HP:0004447	392	Poikilocytosis
HP:0006780	679	Parathyroid carcinoma
HP:0011869	5253	Abnormal platelet function
HP:0410056	108	Decreased CSF erythritol concentration
HP:0003297	484	Hyperlysinuria
HP:0006392	2831	Increased density of long bones
HP:0003198	2959	Myopathy
HP:0025131	3133	Finger swelling
HP:0100280	1526	Crohn's disease
HP:0005886	1719	Aphalangy of the hands
HP:0006426	2404	Rudimentary to absent tibiae
HP:0032460	4054	Decreased phosphoribosylpyrophosphate synthetase level
HP:0001557	1923	Prenatal movement abnormality
HP:0002487	1907	Hyperkinetic movements
HP:0000472	3474	Long neck
HP:0008346	2121	Increased red cell sickling tendency
HP:0002919	329	Ketonuria
HP:0008053	3817	Aplasia/Hypoplasia of the iris
HP:0008848	3777	Moderately short stature
HP:0000905	4246	Progressive clavicular acroosteolysis
HP:0030302	4496	Agenesis of the anterior commissure
HP:0008188	869	Thyroid dysgenesis
HP:0000819	3223	Diabetes mellitus
HP:0012090	2804	Abnormal pancreas morphology
HP:0007559	1285	Localized epidermolytic hyperkeratosis
HP:0002737	1248	Thick skull base
HP:0008316	1740	Abnormal mitochondria in muscle tissue
HP:0006466	768	Ankle flexion contracture
HP:0012861	1969	Ovotestis
HP:0003150	266	Glutaric aciduria
HP:0025513	3697	Scleral rupture
HP:0004592	5128	Thoracic platyspondyly
HP:0008363	3565	Aplasia/Hypoplasia of the tarsal bones
HP:0012260	2955	Abnormal central microtubular pair morphology of respiratory motile cilia
HP:0002028	2854	Chronic diarrhea
HP:0008116	1959	Flexion limitation of toes
HP:0033867	2648	Multilamellation of medullary peritubular capillary basement membranes
HP:4000081	1484	Reduced production of gestures
HP:0008226	4265	Androgen insufficiency
HP:0010917	4154	Abnormal circulating tyrosine concentration
HP:0012348	1323	Decreased galactosylation of N-linked protein glycosylation
HP:0005248	4764	Intrahepatic biliary atresia
HP:0025090	231	Abnormal large intestinal mucosa morphology
HP:0008683	1659	Enlarged labia minora
HP:0040299	284	Decreased circulating free fatty acid level
HP:0005290	4352	Internal carotid artery hypoplasia
HP:0034361	1609	Redundant umbilical skin
HP:0003241	114	External genital hypoplasia
HP:0100864	2454	Short femoral neck
HP:0012853	3724	Scrotal hypospadias
HP:0030212	5507	Collectionism
HP:0001245	651	Small thenar eminence
HP:0034046	899	Mandibular osteolysis
HP:0100814	3643	Blue nevus
HP:0025407	2259	Rectourethral fistula
HP:0002741	1890	Recurrent Serratia marcescens infections
HP:0012545	4612	Reduced circulating aldolase concentration
HP:0040204	2838	Elevated CSF neopterin level
HP:0011988	220	Ectopic ossification in tendon tissue
HP:0005116	166	Arterial tortuosity
HP:0033434	3829	Nasal septum perforation
HP:0001212	1454	Prominent fingertip pads
HP:0008528	2024	Long hairs growing from helix of pinna
HP:0012795	16	Abnormal optic disc morphology
HP:0007599	5150	Generalized reticulate brown pigmentation
HP:0004305	2685	Involuntary movements
HP:0003698	782	Difficulty standing
HP:0032183	2805	Decreased proportion of memory T cells
HP:0033357	2947	Limited head rotation
HP:0002528	5420	Granulovacuolar degeneration
HP:0001833	582	Long foot
HP:0012415	1700	Abnormal blood gas level
HP:0012768	3690	Neonatal asphyxia
HP:0100036	2444	Pseudo-fractures
HP:0000579	788	Nasolacrimal duct obstruction
HP:0001063	1073	Acrocyanosis
HP:0005563	2261	Decreased numbers of nephrons
HP:0100807	960	Long fingers
HP:0032350	2519	Sulfocysteinuria
HP:0031214	48	Decreased circulating dehydroepiandrosterone concentration
HP:0004599	833	Absent or minimally ossified vertebral bodies
HP:0011947	3500	Respiratory tract infection
HP:0200119	4384	Acute hepatitis
HP:0500139	805	Hypoprolinemia
HP:0031331	1414	Abnormal cardiomyocyte morphology
HP:0008689	3435	Bilateral cryptorchidism
HP:0012163	242	Carotid artery dilatation
HP:0011225	3784	Epiblepharon
HP:0002352	3066	Leukoencephalopathy
HP:0031990	1458	Chvostek sign
HP:0001967	1299	Diffuse mesangial sclerosis
HP:0011079	5205	Impacted tooth
HP:0000692	4896	Tooth malposition
HP:0009796	5390	Branchial cyst
HP:0002086	1639	Abnormality of the respiratory system
HP:0000622	462	Blurred vision
HP:0009795	3790	Branchial fistula
HP:0032667	3100	Myoclonic status epilepticus
HP:0031292	631	Cutaneous abscess
HP:0001525	763	Severe failure to thrive
HP:0007334	2392	Bilateral tonic-clonic seizure with focal onset
HP:0007350	5108	Hyperreflexia in upper limbs
HP:0003234	3433	Decreased circulating carnitine concentration
HP:0010508	5417	Metatarsus valgus
HP:0034316	2828	Thinning of the substantia nigra pars compacta
HP:0008770	1785	Obsessive-compulsive trait
HP:0033206	1471	Hyperactive Achilles reflex
HP:0011805	3558	Abnormal skeletal muscle morphology
HP:0003554	3431	Type 2 muscle fiber atrophy
HP:0007990	4449	Hypoplastic iris stroma
HP:0100248	3430	Hemiballismus
HP:0001118	3285	Juvenile cataract
HP:0009587	3688	Triangular shaped proximal phalanx of the 2nd finger
HP:0012708	1963	Reduced brain N-acetyl aspartate level by MRS
HP:0007108	2390	Demyelinating peripheral neuropathy
HP:0012089	4949	Arteritis
HP:0040318	313	Red urine
HP:0031467	1785	Negative affectivity
HP:0004325	235	Decreased body weight
HP:0005853	1469	Congenital foot contraction deformities
HP:0410051	4204	Increased level of 3-hydroxy-3-methylglutaric acid in urine
HP:0000099	3505	Glomerulonephritis
HP:0007466	586	Midfrontal capillary hemangioma
HP:0010714	3428	2-4 toe syndactyly
HP:0012454	2126	Unilateral wrist flexion contracture
HP:0000654	1008	Decreased light- and dark-adapted electroretinogram amplitude
HP:0000975	3429	Hyperhidrosis
HP:0000954	354	Single transverse palmar crease
HP:0012321	5068	D-2-hydroxyglutaric aciduria
HP:0100678	117	Premature skin wrinkling
HP:0010035	4060	Aplasia of the 1st metacarpal
HP:0002601	3750	Paresis of extensor muscles of the big toe
HP:0032437	1114	Reduced circulating C-reactive protein concecntration
HP:0012412	4862	Premature adrenarche
HP:0003782	35	Eunuchoid habitus
HP:0012480	1532	Abnormal cerebral vein morphology
HP:0011190	2588	Uni- and bilateral multifocal epileptiform discharges
HP:0006055	5378	Ulnar deviated club hands
HP:0001810	1884	Dystrophic toenail
HP:0010784	225	Uterine neoplasm
HP:0003334	4865	Elevated circulating catecholamine level
HP:0100775	2280	Dural ectasia
HP:0030261	2632	Absent penis
HP:0008736	3085	Hypoplasia of penis
HP:0031293	37	Digital pitting scar
HP:0001351	2243	Jerk-locked premyoclonus spikes
HP:0012622	1767	Chronic kidney disease
HP:0033769	87	Fundic gland polyposis
HP:0011587	242	Abnormal branching pattern of the aortic arch
HP:0031475	621	Status epilepticus without prominent motor symptoms
HP:0020110	864	Bone fracture
HP:0011330	437	Metopic synostosis
HP:0011995	3705	Atrial septal dilatation
HP:0006634	4038	Osteosclerosis of ribs
HP:0033672	885	Positive carpal Tinel sign
HP:0010804	2338	Tented upper lip vermilion
HP:0000608	1467	Macular degeneration
HP:0005548	5308	Megakaryocytopenia
HP:0008338	2931	Partial functional complement factor D deficiency
HP:0005369	4964	Decreased circulating complement factor H concentration
HP:0410145	665	Decreased circulating biotinidase concentration
HP:0005879	557	Congenital finger flexion contractures
HP:0003613	5292	Antiphospholipid antibody positivity
HP:0010037	1699	Aplasia of the 2nd metacarpal
HP:0010049	2271	Short metacarpal
HP:0009875	2111	Triangular shaped distal phalanges of the hand
HP:0006424	3463	Elongated radius
HP:0025324	5094	Arterial occlusion
HP:0000371	541	Acute otitis media
HP:0002870	288	Obstructive sleep apnea
HP:0010650	5137	Hypoplasia of the premaxilla
HP:0000822	127	Hypertension
HP:0006962	1464	Gait instability, worse in the dark
HP:0000721	1170	Lack of spontaneous play
HP:0031530	811	Multifocal subretinal deposits
HP:0025376	2054	Hyperglutaminuria
HP:0007780	3266	Cortical pulverulent cataract
HP:0011194	1582	EEG with series of focal spikes
HP:0033595	2543	Elevated circulating globotriaosylceramide concentration
HP:0002508	1017	Brainstem dysplasia
HP:0000074	1786	Ureteropelvic junction obstruction
HP:0001937	1669	Microangiopathic hemolytic anemia
HP:4000076	1001	Use of another person's body to communicate
HP:0006703	2238	Aplasia/Hypoplasia of the lungs
HP:0011170	163	Generalized myoclonic-atonic seizure
HP:0011891	39	Post-partum hemorrhage
HP:0007797	2476	Retinal vascular malformation
HP:0009648	1253	Triangular shaped distal phalanx of the thumb
HP:0001172	3003	Abnormal thumb morphology
HP:0011482	2587	Abnormal lacrimal gland morphology
HP:0002104	980	Apnea
HP:0012854	1711	Midshaft hypospadias
HP:0007082	1175	Dilated third ventricle
HP:0040313	4941	Oligoarthritis
HP:0003390	518	Sensory axonal neuropathy
HP:0002297	767	Red hair
HP:0025354	4249	Abnormal cellular phenotype
HP:0033011	730	Platystencephaly
HP:0004924	92	Abnormal oral glucose tolerance
HP:0100554	1572	Hemihypertrophy of upper limb
HP:0025479	2553	Self-neglect
HP:0000558	4745	Rieger anomaly
HP:0005162	2041	Abnormal left ventricular function
HP:0011036	683	Abnormality of renal excretion
HP:0032976	449	Elevated bronchoalveolar lavage fluid lymphocyte proportion
HP:0010674	2350	Abnormal curvature of the vertebral column
HP:0010952	3116	Mild fetal ventriculomegaly
HP:0000807	5023	Glandular hypospadias
HP:0045079	505	Distal femoral metaphyseal irregularity
HP:0006870	1784	Lobar holoprosencephaly
HP:0005619	403	Thoracolumbar kyphosis
HP:0030955	13	Addictive alcohol use
HP:0031138	1085	Abnormal circulating B-type natriuretic peptide concentration
HP:0025152	948	Poor visual behavior for age
HP:0011457	1202	Loss of eyelashes
HP:0003798	924	Nemaline bodies
HP:0009381	1814	Short finger
HP:0003879	4003	Humeral pseudarthrosis
HP:0000687	3420	Widely spaced teeth
HP:0020217	1174	Focal aware motor seizure
HP:0031792	4294	Irregular astigmatism
HP:6000570	5273	Reduced tissue thymidine phosphorylase activity
HP:0011204	2596	EEG with continuous slow activity
HP:0031868	2018	Optic ataxia
HP:0031429	4074	Decreased circulating osteocalcin level
HP:0030882	2758	Coronary artery aneurysm
HP:0030160	1460	Cervicitis
HP:0033083	1970	Increased circulating farnesol concentration
HP:0003707	5077	Calf muscle pseudohypertrophy
HP:0020118	1533	Radial artery aplasia
HP:0005792	396	Short humerus
HP:0004327	5278	Abnormal vitreous humor morphology
HP:0100560	4217	Upper limb asymmetry
HP:0009938	693	Sunken cheeks
HP:0008946	4658	Pelvic girdle amyotrophy
HP:0034304	344	Epsilon wave
HP:0031938	1762	Abnormal conus terminalis morphology
HP:0012515	55	Hip flexor weakness
HP:0002786	4921	Tracheobronchomalacia
HP:0005612	3628	Arthrogryposis-like hand anomaly
HP:0003117	2814	Abnormal circulating hormone concentration
HP:6000617	1026	Reduced tissue UDP-glucuronyl-transferase activity
HP:0031100	5138	Decreased circulating inhibin B concentration
HP:0012045	34	Retinal flecks
HP:0012811	3082	Wide nasal ridge
HP:0100327	5476	Cow milk allergy
HP:0410017	1315	Otitis externa
HP:0000272	4728	Malar flattening
HP:0009762	4315	Facial wrinkling
HP:0034572	2370	Pigment incontinence
HP:0001281	1458	Tetany
HP:0000491	1613	Keratitis
HP:0003184	1226	Decreased hip abduction
HP:0006732	2701	Papillary renal cell carcinoma type 2
HP:0011808	3419	Decreased patellar reflex
HP:0001596	4035	Alopecia
HP:0005950	3524	Laryngeal web
HP:0012539	5380	Non-Hodgkin lymphoma
HP:0010055	317	Broad hallux
HP:0500009	3224	Dysplastic gangliocytoma of the cerebellum
HP:0003731	1444	Quadriceps muscle weakness
HP:0009554	429	Preauricular hair displacement
HP:0001847	1072	Long hallux
HP:0033687	727	Short term memory impairment
HP:0012155	1241	Decreased corneal sensation
HP:0500191	2709	Increased CSF leucine concentration
HP:0000632	2010	Lacrimation abnormality
HP:0002705	2304	High, narrow palate
HP:0007352	4410	Cerebellar calcifications
HP:0031060	2505	Impaired ability to dress oneself
HP:0031526	5411	Subretinal fluid
HP:0500167	29	Hypergastrinemia
HP:0003473	644	Fatigable weakness
HP:0001097	2913	Keratoconjunctivitis sicca
HP:0012547	65	Abnormal involuntary eye movements
HP:0034722	2765	Sarcoplasmic bodies
HP:0031329	494	Interstitial cardiac fibrosis
HP:0011949	829	Acute infectious pneumonia
HP:0002917	4177	Hypomagnesemia
HP:0007552	4847	Abnormal subcutaneous fat tissue distribution
HP:0012495	2107	Posterior cerebral artery stenosis
HP:0001787	2839	Abnormal delivery
HP:0032486	1007	Elevated fecal osmolality
HP:0031605	1655	Abnormality of fundus pigmentation
HP:0011496	728	Corneal neovascularization
HP:0004468	5066	Anomalous tracheal cartilage
HP:0020155	141	Abnormal oocyte morphology
HP:0000943	480	Dysostosis multiplex
HP:0005930	5288	Abnormal epiphysis morphology
HP:0032622	2135	Tubular luminal dilatation
HP:0033479	362	Abnormal circulating bilirubin concentration
HP:0031072	2026	Abnormal endocrine physiology
HP:0030270	88	Elevated red cell adenosine deaminase activity
HP:0001880	2375	Eosinophilia
HP:0012873	676	Absent vas deferens
HP:0033645	1172	Midline brainstem cleft
HP:0020105	4500	Severe toxoplasmosis
HP:0002890	745	Thyroid carcinoma
HP:0003532	484	Ornithinuria
HP:0100134	951	Abnormality of the axillary hair
HP:0012297	2152	Slender proximal phalanx of finger
HP:0012810	2650	Wide nasal base
HP:0040086	2490	Abnormal prolactin level
HP:0001287	2905	Meningitis
HP:0001838	468	Rocker bottom foot
HP:0002893	1504	Pituitary adenoma
HP:0003541	480	Urinary glycosaminoglycan excretion
HP:0025671	2798	Fetal pericardial effusion
HP:0011982	1925	Black pigment gallstones
HP:0002872	244	Apneic episodes precipitated by illness, fatigue, stress
HP:0001341	5031	Olfactory lobe agenesis
HP:0008967	4180	Exercise-induced muscle stiffness
HP:0011499	425	Mydriasis
HP:0410362	1698	Decreased O-mannosyl glycans on alpha-dystroglycan
HP:0009467	1191	Radial deviation of the 2nd finger
HP:0010067	2213	Aplasia/hypoplasia of the 1st metatarsal
HP:0032449	1309	Abnormal dermoepidermal hemidesmosome morphology
HP:0100398	3410	Duplication of the distal phalanx of the 3rd toe
HP:0004586	647	Biconcave vertebral bodies
HP:0009831	1704	Mononeuropathy
HP:0100923	524	Clavicular sclerosis
HP:0007210	2660	Lower limb amyotrophy
HP:0033380	936	Nasal chondritis
HP:0001842	969	Foot acroosteolysis
HP:0006961	4934	Jerky head movements
HP:0034513	2827	Increased circulating Interferon-alpha concentration
HP:0012517	762	Reduced circulating catalase activity
HP:0006600	3518	Progressive calcification of costochondral cartilage
HP:0007526	1440	Hypopigmented skin patches on arms
HP:0033466	2903	Weak grip
HP:0011151	5520	Atypical absence status epilepticus
HP:0009839	5481	Osteolytic defects of the distal phalanges of the hand
HP:0010447	3052	Anal fistula
HP:0100593	696	Calcification of cartilage
HP:0004057	5266	Mitten deformity
HP:0007232	3462	Spinocerebellar tract disease in lower limbs
HP:0001884	4303	Talipes calcaneovalgus
HP:0020062	2293	Decreased hemoglobin concentration
HP:0030717	1449	Meconium peritonitis
HP:0005243	57	Partial abdominal muscle agenesis
HP:0011324	1935	Multiple suture craniosynostosis
HP:0030039	2048	Fused thoracic vertebrae
HP:0012444	2899	Brain atrophy
HP:0007277	2217	Paucity of anterior horn motor neurons
HP:0004330	3095	Increased skull ossification
HP:0012021	2897	Persistent patent ductus venosus
HP:0004606	623	Unossified vertebral bodies
HP:0007793	5220	Granular macular appearance
HP:0002153	48	Hyperkalemia
HP:0200041	2895	Skin erosion
HP:0011914	531	Thoracic hypertrichosis
HP:0000104	1941	Renal agenesis
HP:0100520	3877	Oliguria
HP:6000331	576	Elevated urinary thymine level
HP:0030638	1025	Congenital stationary night blindness with normal fundus
HP:0005789	1039	Generalized osteosclerosis
HP:0001300	2115	Parkinsonism
HP:0003077	1703	Hyperlipidemia
HP:6000447	1393	Decreased CSF asialotransferrin to transferrin ratio
HP:0007107	2103	Segmental peripheral demyelination
HP:0033183	2391	Bilobed right lung
HP:0001473	1373	Metatarsal osteolysis
HP:0008189	3368	Insulin insensitivity
HP:0100582	1445	Nasal polyposis
HP:6000198	1444	Reduced muscle phosphorylase kinase activity
HP:0010956	2796	Fetal megacystis
HP:0003323	1272	Progressive muscle weakness
HP:0008208	2461	Parathyroid hyperplasia
HP:0012136	5122	Dysplastic granulopoesis
HP:0032138	414	Decreased circulating IgG4 level
HP:0006119	3526	Proximal tapering of metacarpals
HP:0009878	2887	Cerebellar ataxia associated with quadrupedal gait
HP:0004727	624	Impaired renal concentrating ability
HP:0008905	1014	Rhizomelia
HP:0034587	1412	Nevus psiloliparus
HP:0032401	360	Aspartic aciduria
HP:0012822	3882	Bilateral vocal cord paresis
HP:0010943	5357	Echogenic fetal bowel
HP:0002301	1125	Hemiplegia
HP:0003310	41	Abnormal odontoid process morphology
HP:0025525	3162	Scaling skin on fingertip
HP:0010762	1859	Chordoma
HP:0003300	1118	Ovoid vertebral bodies
HP:0010936	896	Abnormality of the lower urinary tract
HP:0031190	4142	Superficial dermal perivascular inflammatory infiltrate
HP:0012789	1354	Hypoplasia of the calcaneus
HP:0001386	1214	Joint swelling
HP:0100394	637	Short middle phalanx of the 5th toe
HP:0100812	5467	Halitosis
HP:0011069	3849	Supernumerary tooth
HP:0006643	507	Fused sternal ossification centers
HP:0003326	3846	Myalgia
HP:0032649	5004	Skewfoot
HP:0020102	3491	Pneumocystis jirovecii pneumonia
HP:0011095	501	Overjet
HP:0100633	4654	Esophagitis
HP:0004322	76	Short stature
HP:0011833	3115	Overhanging nasal tip
HP:0007165	1184	Periventricular heterotopia
HP:0000768	2013	Pectus carinatum
HP:0000656	1752	Ectropion
HP:0003020	3225	Enlargement of the wrists
HP:0001317	1684	Abnormal cerebellum morphology
HP:0025274	1446	Ovarian dermoid cyst
HP:0005506	270	Chronic myelogenous leukemia
HP:0005376	22	Recurrent Haemophilus influenzae infections
HP:0002501	2683	Spasticity of pharyngeal muscles
HP:0200138	1724	Bilateral choanal atresia/stenosis
HP:0031909	2870	Unicornuate uterus
HP:0006685	3796	Endocardial fibrosis
HP:0002592	4019	Gastric ulcer
HP:0030693	1524	Supratentorial neoplasm
HP:0025610	561	Posterior blepharitis
HP:0002395	2022	Lower limb hyperreflexia
HP:0011449	4762	Knee clonus
HP:0011185	1054	EEG with focal epileptiform discharges
HP:0030074	133	Chemodectoma
HP:0025405	3049	Visual fixation instability
HP:0002318	604	Cervical myelopathy
HP:0030140	89	Oral cavity bleeding
HP:0003329	2242	Hair shafts flattened at irregular intervals and twisted through 180 degrees about their axes
HP:0005403	1440	T lymphocytopenia
HP:6000571	11	Reduced tissue tripeptidyl peptidase 1 activity
HP:0008855	1069	Moderate postnatal growth retardation
HP:0000369	5295	Low-set ears
HP:0002747	4899	Respiratory insufficiency due to muscle weakness
HP:0008981	3772	Calf muscle hypertrophy
HP:0003414	1004	Atlantoaxial dislocation
HP:0010886	4478	Osteochondritis dissecans
HP:0012815	4207	Hypoplastic female external genitalia
HP:0200053	5096	Hemihypotrophy of lower limb
HP:0003026	640	Short long bone
HP:0005400	838	Reduction of neutrophil motility
HP:0011965	2014	Abnormal circulating citrulline concentration
HP:0010318	2086	Aplasia/Hypoplasia of the abdominal wall musculature
HP:0100648	412	Neoplasm of the tongue
HP:0000610	1824	Abnormal choroid morphology
HP:0100240	1168	Synostosis of joints
HP:0040023	88	Clinodactyly of the thumb
HP:0033186	312	Misalignment of the pulmonary veins
HP:0002486	687	Myotonia
HP:0001912	217	Abnormal basophil morphology
HP:0200143	511	Megaloblastic erythroid hyperplasia
HP:0004439	2696	Craniofacial dysostosis
HP:0005245	5466	Intestinal hypoplasia
HP:0020206	3557	Simple ear
HP:0009781	3067	Lester's sign
HP:0006530	635	Abnormal pulmonary interstitial morphology
HP:0003542	64	Increased serum pyruvate
HP:0006774	483	Ovarian papillary adenocarcinoma
HP:0005469	1696	Flat occiput
HP:0007482	2875	Generalized papillary lesions
HP:0041043	489	Neutrophil nuclear clefts
HP:0031585	2873	Tessier number 13 facial cleft
HP:0025074	4335	Abnormal QRS complex
HP:0007892	3930	Hypoplasia of the lacrimal punctum
HP:0033425	2846	Periungual erythema
HP:0002216	2441	Premature graying of hair
HP:0012379	2872	Abnormal circulating enzyme concentration or activity
HP:6000556	2255	Reduced circulating dopamine beta-hydroxylase activity
HP:0025553	276	Periorbital ecchymosis with tarsal plate sparing
HP:0031405	3040	Poroma
HP:0009107	4395	Abnormal ossification involving the femoral head and neck
HP:0000884	4845	Prominent sternum
HP:0003282	2492	Low alkaline phosphatase
HP:0100886	4580	Abnormality of globe location
HP:0030625	4557	Hyporeflective spaces on macular OCT
HP:0010294	201	Palate fistula
HP:0000077	1702	Abnormality of the kidney
HP:0012177	1819	Abnormal natural killer cell physiology
HP:0000776	1753	Congenital diaphragmatic hernia
HP:0002982	1678	Tibial bowing
HP:0004438	1814	Hyperostosis frontalis interna
HP:0011026	3689	Aplasia/Hypoplasia of the vagina
HP:0001785	1667	Ankle swelling
HP:0011894	974	Impaired thromboxane A2 agonist-induced platelet aggregation
HP:0000467	2082	Neck muscle weakness
HP:0031402	3665	Reduced antigen-specific T cell proliferation
HP:0004809	959	Neonatal alloimmune thrombocytopenia
HP:0008835	782	Multicentric femoral head ossification
HP:0031087	5415	Absent pubertal growth spurt
HP:0005372	816	Abnormality of B cell physiology
HP:0008150	334	Elevated serum transaminases during infections
HP:0100514	1714	Abnormal circulating vitamin E concentration
HP:0030083	1945	Salt craving
HP:0034165	1973	Reduced circulating interleukin 21 concentration
HP:0030913	2228	Exaggerated rugosity of the labia majora
HP:0008598	1070	Mild conductive hearing impairment
HP:0010882	2360	Pulmonary valve atresia
HP:0007942	5060	Internal ophthalmoplegia
HP:0040147	877	L-2-hydroxyglutaric acidemia
HP:0000225	1204	Gingival bleeding
HP:0003459	4850	Polyclonal elevation of IgM
HP:0009237	844	Short 5th finger
HP:0200098	1538	Absent skin pigmentation
HP:0004345	2868	Ganglioside accumulation
HP:0034661	2823	Elevated urine 3-hydroxypropionic acid level
HP:0001137	4283	Alternating esotropia
HP:0100293	2783	Hypertrophied muscle fibers
HP:0031382	816	Decreased lymphocyte proliferation in response to anti-CD3
HP:0100577	3172	Urinary bladder inflammation
HP:0010054	240	Abnormality of the first metatarsal bone
HP:0000878	1354	11 pairs of ribs
HP:0010168	3403	Ivory epiphyses of the toes
HP:6000246	715	Elevated CSF D-2-hydroxyglutaric acid concentration
HP:0030252	3079	Absent circulating B cells
HP:0030872	3674	Abnormal cardiac ventricular function
HP:0006584	1919	Small abnormally formed scapulae
HP:0011442	2132	Abnormal central motor function
HP:0031355	2551	Maintenance insomnia
HP:0000190	1011	Abnormal oral frenulum morphology
HP:4000008	175	Formation of multiple pronuclei during fertilization
HP:0008478	2294	Scheuermann-like vertebral changes
HP:0006016	4250	Delayed phalangeal epiphyseal ossification
HP:0011814	310	Increased urinary hypoxanthine level
HP:0005483	5352	Abnormal epiglottis morphology
HP:0012343	1000	Decreased circulating ferritin concentration
HP:0030878	66	Abnormality on pulmonary function testing
HP:0002101	1846	Abnormal lung lobation
HP:0000830	1946	Anterior hypopituitarism
HP:0031693	1432	Severe Epstein Barr virus infection
HP:0002296	3645	Progressive hypotrichosis
HP:0001694	5171	Right-to-left shunt
HP:0031923	1430	Hematocolpos
HP:0000157	2162	Abnormality of the tongue
HP:0000506	2700	Telecanthus
HP:0025109	1093	Reduced red cell pyruvate kinase level
HP:0000473	4738	Torticollis
HP:0031392	2635	Abnormal proportion of CD4-positive T cells
HP:0009880	1014	Broad distal phalanges of all fingers
HP:0006146	3623	Broad metacarpal epiphyses
HP:0012591	2647	Abnormal urinary electrolyte concentration
HP:0031576	2782	Tessier number 4 facial cleft
HP:0004407	1089	Bony paranasal bossing
HP:0001335	5234	Bimanual synkinesia
HP:0000054	3397	Micropenis
HP:0002805	4429	Accelerated bone age after puberty
HP:0100324	4117	Scleroderma
HP:0005603	713	Numerous congenital melanocytic nevi
HP:0002821	45	Neuropathic arthropathy
HP:0001032	4216	Absent distal interphalangeal creases
HP:0100802	242	Malposition of the stomach
HP:0200109	43	Absent/shortened outer dynein arms
HP:0020120	172	Retinal nerve fiber edema
HP:0010864	4695	Intellectual disability, severe
HP:0007944	1874	Intermittent microsaccadic pursuits
HP:0006390	1678	Anterior tibial bowing
HP:0000913	5081	Posterior rib fusion
HP:0003652	2836	Recurrent myoglobinuria
HP:0200149	574	CSF lymphocytic pleiocytosis
HP:0009921	1424	Duane anomaly
HP:0410323	3564	Drug allergy
HP:0008282	253	Unconjugated hyperbilirubinemia
HP:0005498	1423	Midline skin dimples over anterior/posterior fontanelles
HP:0002059	2161	Cerebral atrophy
HP:0000293	2845	Full cheeks
HP:0032388	990	Periventricular nodular heterotopia
HP:0012527	2787	Abnormal alpha granule content
HP:0012324	450	Myeloid leukemia
HP:0001176	5428	Large hands
HP:0040030	4015	Chorioretinal hypopigmentation
HP:0000800	2386	Cystic renal dysplasia
HP:0006753	87	Neoplasm of the stomach
HP:0032164	4006	Increased blood folate concentration
HP:0009031	177	Amyotrophy of ankle musculature
HP:0012242	3887	Superior rectus atrophy
HP:0200118	863	Malabsorption of Vitamin B12
HP:0002273	1507	Tetraparesis
HP:0008362	1459	Aplasia/Hypoplasia of the hallux
HP:0030485	3675	Abnormal amplitude of pattern electroretinogram
HP:0034210	4748	Fetal intraventricular hemorrhage
HP:0034687	3979	Impaired cerebroside sulfate hydrolysis
HP:0020157	2841	Thin zona pellucida
HP:0100592	104	Peritoneal abscess
HP:0030516	236	Homonymous hemianopia
HP:0001196	5498	Short umbilical cord
HP:0003097	1872	Short femur
HP:0100285	2092	EMG: impaired neuromuscular transmission
HP:0012691	77	Focal T2 hypointense thalamic lesion
HP:0005401	4707	Recurrent candida infections
HP:0005294	54	Arterial dissection
HP:0010531	4738	Spinal myoclonus
HP:0010746	3346	Hypoplasia of the phalanges of the toes
HP:0030500	2681	Yellow/white lesions of the macula
HP:0031427	1079	Abnormal circulating osteocalcin level
HP:0008186	2694	Adrenocortical cytomegaly
HP:0002653	3316	Bone pain
HP:0025270	3091	Abnormal esophagus physiology
HP:0031249	2475	Parageusia
HP:0033026	1750	White oral mucosal macule
HP:0012730	708	Aglossia
HP:0020159	2001	Reduced response to gonadotropin-releasing hormone stimulation test
HP:0001069	1951	Episodic hyperhidrosis
HP:0012407	2819	Scissor gait
HP:0009802	1595	Aplasia of the phalanges of the hand
HP:0032930	2388	Lacunar halos around chondrocytes
HP:0030984	353	Abnormal serum bile acid concentration
HP:0003791	5440	Deposits immunoreactive to beta-amyloid protein
HP:0010296	3264	Ankyloglossia
HP:0031305	1408	Tibial arterial calcification
HP:0031348	2248	Dextrotransposition of the great arteries
HP:0008083	3450	2nd-5th toe middle phalangeal hypoplasia
HP:0005855	357	Multiple prenatal fractures
HP:0008819	1335	Narrow femoral neck
HP:0003999	2351	Abnormality of radial epiphyses
HP:0006059	4219	Cone-shaped metacarpal epiphyses
HP:0006502	397	Aplasia/Hypoplasia involving the carpal bones
HP:0001898	5346	Increased red blood cell mass
HP:0011705	445	First degree atrioventricular block
HP:0004492	3754	Widely patent fontanelles and sutures
HP:0007414	3418	Neonatal wrinkled skin of hands and feet
HP:0012059	2395	Lentigo maligna melanoma
HP:0040132	600	Abnormal sensory nerve conduction velocity
HP:0031658	1651	Third heart sound
HP:0009055	2009	Generalized limb muscle atrophy
HP:0025584	2842	Hypotropia
HP:0045051	964	Decreased DLCO
HP:0012005	2124	Deja vu aura
HP:0007023	686	Antenatal intracerebral hemorrhage
HP:0009275	1565	Contracture of the distal interphalangeal joint of the 4th finger
HP:0005338	579	Sparse lateral eyebrow
HP:0000015	227	Bladder diverticulum
HP:0030839	228	Knee pain
HP:0011641	512	Coronary artery fistula
HP:0006470	3304	Thin long bone diaphyses
HP:0004298	2591	Abnormality of the abdominal wall
HP:0001340	2243	Enhancement of the C-reflex
HP:0006608	2949	Midclavicular hypoplasia
HP:0001805	3295	Onychogryposis
HP:0005261	250	Joint hemorrhage
HP:0002688	4523	Absent frontal sinuses
HP:0025550	108	Elevated circulating ribitol concentration
HP:0001604	4059	Vocal cord paresis
HP:0007795	4690	Anterior cortical cataract
HP:0100634	4993	Neuroendocrine neoplasm
HP:0007065	1415	Disorganization of the anterior cerebellar vermis
HP:0030341	66	Decreased circulating follicle stimulating hormone concentration
HP:0000197	2698	Abnormal parotid gland morphology
HP:0006456	2420	Irregular proximal tibial epiphyses
HP:0005236	1351	Chronic calcifying pancreatitis
HP:0005586	3536	Hyperpigmentation in sun-exposed areas
HP:0030297	1952	Metaphyseal chondromatosis of ulna
HP:0033140	437	Blake's pouch cyst
HP:0010230	3389	Cone-shaped epiphyses of the phalanges of the hand
HP:0040162	3040	Orthokeratosis
HP:0012804	1202	Corneal ulceration
HP:0009826	2720	Limb undergrowth
HP:0003383	2829	Onion bulb formation
HP:0012431	1586	Episodic fatigue
HP:0040064	2215	Abnormality of limbs
HP:0005212	2298	Anal mucosal leukoplakia
HP:0006501	4777	Aplasia/Hypoplasia of the radius
HP:0002788	1246	Recurrent upper respiratory tract infections
HP:0012213	451	Decreased glomerular filtration rate
HP:0003349	2483	Low cholesterol esterification rate
HP:0004959	31	Descending thoracic aorta aneurysm
HP:0010059	488	Broad hallux phalanx
HP:0007754	4732	Macular dystrophy
HP:0030757	504	Tooth abscess
HP:0012712	4014	Mild hearing impairment
HP:0030303	2028	Hypoplastic anterior commissure
HP:0031520	2047	Groin pain
HP:0005302	4876	Carotid artery tortuosity
HP:0031819	1992	Increased waist to hip ratio
HP:0001643	189	Patent ductus arteriosus
HP:0003351	700	Decreased circulating renin level
HP:0002032	726	Esophageal atresia
HP:0002721	3738	Immunodeficiency
HP:0045007	1773	Abnormal substantia nigra morphology
HP:0012206	53	Abnormal sperm motility
HP:0025457	2177	Decreased CSF protein concentration
HP:0002494	2085	Abnormal rapid eye movement sleep
HP:0002748	983	Rickets
HP:0005534	2978	Transient myeloproliferative syndrome
HP:6000185	567	Low tetrahydrocortisol (THF) plus 5-alpha-THF/tetrahydrocortisone (THE) ratio
HP:0032227	1739	Sebaceous hyperplasia
HP:0004980	1453	Metaphyseal rarefaction
HP:0005280	2487	Depressed nasal bridge
HP:0031285	1568	Abnormal perifollicular morphology
HP:0008697	3534	Hypoplasia of the fallopian tube
HP:0025632	2825	Reduced reactive oxygen species production in neutrophils
HP:0030033	4421	Small finger
HP:0004630	3891	Anterior beaking of thoracic vertebrae
HP:0030676	4289	Satyr ear
HP:0005257	671	Thoracic hypoplasia
HP:0001734	348	Annular pancreas
HP:0031627	191	Globus pallidus calcification
HP:0001775	705	Tarsal osteovalgus
HP:0031886	164	Abnormal LDL cholesterol concentration
HP:0011986	5027	Ectopic ossification
HP:0033205	1410	Biceps hyperreflexia
HP:0100491	5202	Abnormality of lower limb joint
HP:0004872	814	Incisional hernia
HP:0033984	2510	Increased urinary 8-oxo-7,8-dihydroguanosine level
HP:0100382	1497	Aplasia of the middle phalanx of the 4th toe
HP:0001059	293	Pterygium
HP:0005249	85	Functional intestinal obstruction
HP:0032134	5395	Chronic decreased circulating total IgG
HP:0005202	336	Helicobacter pylori infection
HP:0000745	5214	Diminished motivation
HP:0012513	2196	Upper limb pain
HP:0025482	2885	Positive perchlorate discharge test
HP:0032823	1950	Neonatal electro-clinical seizure with behavior arrest
HP:0003521	395	Disproportionate short-trunk short stature
HP:0001343	923	Kernicterus
HP:0002691	4711	Platybasia
HP:0001067	1915	Neurofibroma
HP:0010978	953	Abnormality of immune system physiology
HP:0003204	2530	Intracellular accumulation of autofluorescent lipopigment storage material
HP:0002019	2119	Constipation
HP:0009800	1260	Maternal diabetes
HP:0001986	351	Hypertonic dehydration
HP:0001096	1104	Keratoconjunctivitis
HP:0100876	3787	Infra-orbital crease
HP:0030909	4736	Anti-liver cytosolic antigen type 1 antibody positivity
HP:0020127	967	Periarticular soft-tissue mass
HP:0001735	3672	Acute pancreatitis
HP:0030465	82	Undetectable light-adapted electroretinogram
HP:0007489	737	Diffuse telangiectasia
HP:0033281	392	Circulating nucleated red blood cells
HP:0002683	1593	Abnormal calvaria morphology
HP:0002789	841	Tachypnea
HP:0034368	5310	Urolithiasis
HP:0031290	5289	Tuberous xanthoma
HP:0011682	3151	Perimembranous ventricular septal defect
HP:0001552	911	Barrel-shaped chest
HP:6000375	196	Reduced neutrophil myeloperoxidase activity
HP:0010473	5	Porphyrinuria
HP:0033177	64	Elevated circulating suberic acid concentration
HP:0032556	2815	Circumoral cyanosis
HP:0000453	1840	Choanal atresia
HP:0002677	2167	Small foramen magnum
HP:0001738	2108	Exocrine pancreatic insufficiency
HP:0012233	39	Intramuscular hematoma
HP:0025510	5156	Nevus spilus
HP:0005258	1635	Pectoral muscle hypoplasia/aplasia
HP:0012378	2403	Fatigue
HP:0030253	160	Defective T cell proliferation
HP:0000234	474	Abnormality of the head
HP:0006253	2443	Swelling of proximal interphalangeal joints
HP:0006769	2402	Myxoid subcutaneous tumors
HP:0008181	1718	Abetalipoproteinemia
HP:0002902	536	Hyponatremia
HP:0000274	4818	Small face
HP:0200127	1882	Atrial cardiomyopathy
HP:0012534	554	Dysesthesia
HP:0002871	1994	Central apnea
HP:0020036	1618	Upper limb dysmetria
HP:0025607	1041	Upper eyelid entropion
HP:0000356	1741	Abnormality of the outer ear
HP:0012232	14	Shortened QT interval
HP:0005354	20	Lack of T cell function
HP:6000393	3351	Elevated urine trihydroxycholestanoic acid level
HP:0033142	3734	Long nasal bridge
HP:0007700	3997	Ocular anterior segment dysgenesis
HP:0002546	3467	Incomprehensible speech
HP:0033736	186	Grade II vesicoureteral reflux
HP:0002521	5276	Hypsarrhythmia
HP:0005917	473	Supernumerary metacarpal bones
HP:0006487	4366	Bowing of the long bones
HP:0000365	174	Hearing impairment
HP:0004591	1547	Disc-like vertebral bodies
HP:0410147	28	Eosinophilic infiltration in the stomach mucosa
HP:0002204	1475	Pulmonary embolism
HP:0000614	5489	Abnormal nasolacrimal system morphology
HP:0000134	1886	Female hypogonadism
HP:0000030	4109	Testicular gonadoblastoma
HP:0003392	503	First dorsal interossei muscle weakness
HP:0008936	3417	Axial hypotonia
HP:0002548	1126	Parkinsonism with favorable response to dopaminergic medication
HP:4000067	2192	Iliac artery aneurysm
HP:0030588	1021	Abnormal visual field test
HP:0002506	1658	Diffuse cerebral atrophy
HP:0007267	3457	Chronic axonal neuropathy
HP:0025509	1385	Piezogenic pedal papules
HP:0002562	51	Low-set nipples
HP:0010530	2874	Palatal tremor
HP:0002933	4592	Ventral hernia
HP:0100257	3905	Ectrodactyly
HP:0002719	2809	Recurrent infections
HP:0006414	399	Distal tibial bowing
HP:0011341	4168	Long upper lip
HP:0001385	3330	Hip dysplasia
HP:0011681	3379	Subarterial ventricular septal defect
HP:0100008	5315	Schwannoma
HP:0002867	5182	Abnormal ilium morphology
HP:0007308	4023	Extrapyramidal dyskinesia
HP:0005308	1968	Pulmonary artery vasoconstriction
HP:0011402	701	Demyelinating sensory neuropathy
HP:0008059	1627	Aplasia/Hypoplasia of the macula
HP:0031320	5345	Cardiomyocyte mitochondrial proliferation
HP:0008322	925	Abnormal mitochondrial morphology
HP:0011813	3193	Increased cerebral lipofuscin
HP:0011096	2190	Peripheral demyelination
HP:0000675	1399	Macrodontia of permanent maxillary central incisor
HP:0031134	4326	Cor triatrium sinister
HP:0031937	2023	Tachylalia
HP:0004621	1475	Enlarged vertebral pedicles
HP:0002047	706	Malignant hyperthermia
HP:0000437	893	Depressed nasal tip
HP:0002971	168	Absent microvilli on the surface of peripheral blood lymphocytes
HP:0010828	73	Hemifacial spasm
HP:0000420	3038	Short nasal septum
HP:0011097	1328	Epileptic spasm
HP:0007333	4721	Hypoplasia of the frontal lobes
HP:0100507	3996	Reduced blood folate concentration
HP:0004608	656	Anteriorly placed odontoid process
HP:0033134	223	Abdominal adhesions
HP:0002089	2556	Pulmonary hypoplasia
HP:0032283	3231	Disseminated nontuberculous mycobacterial infection
HP:0002249	1200	Melena
HP:0000176	4199	Submucous cleft hard palate
HP:0010554	122	Cutaneous finger syndactyly
HP:0100734	1938	Abnormal vertebral epiphysis morphology
HP:0006886	909	Impaired distal vibration sensation
HP:0004242	4273	Broad carpal bones
HP:0000837	3639	Increased circulating gonadotropin level
HP:0002580	2302	Volvulus
HP:0006386	2390	Hypoplastic distal radial epiphyses
HP:0002781	5113	Upper airway obstruction
HP:0034797	1400	Hepatic hemophagocytosis
HP:0030668	2800	Periorbital dermoid cyst
HP:0007812	138	Herpetiform corneal ulceration
HP:0007417	857	Discoid lupus rash
HP:0011365	5376	Patchy hypopigmentation of hair
HP:0010689	2550	Mirror image polydactyly
HP:0004478	86	Ethmoidal encephalocele
HP:0040296	948	Abnormal location of the eyebrow
HP:0003398	2958	Abnormal synaptic transmission at the neuromuscular junction
HP:0032016	302	Abnormal sputum
HP:0011781	2139	Thyroid C cell hyperplasia
HP:0025408	3955	Abnormal spleen morphology
HP:0006490	732	Abnormal lower-limb metaphysis morphology
HP:4000057	2472	Decreased FasL-mediated apoptosis
HP:0007937	3331	Reticular pigmentary degeneration
HP:0001710	4122	Conotruncal defect
HP:0008306	1180	Abnormal iron deposition in mitochondria
HP:0003467	497	Atlantoaxial instability
HP:0012170	3445	Nail-biting
HP:0007199	3221	Progressive spastic paraparesis
HP:0030620	678	Inner retinal layer loss on macular OCT
HP:0012605	69	Hypernatriuria
HP:0010732	2737	Nodular changes affecting the eyelids
HP:0009003	4874	Increased subcutaneous truncal adipose tissue
HP:0003209	1670	Decreased pyruvate carboxylase activity
HP:0000288	96	Abnormality of the philtrum
HP:0004566	850	Pear-shaped vertebrae
HP:0046504	3937	Decreased libido
HP:0010264	1984	Pseudoepiphyses of the middle phalanges of the hand
HP:0003016	2352	Metaphyseal widening
HP:0011004	5296	Abnormal systemic arterial morphology
HP:0010783	1645	Erythema
HP:0000050	5173	Hypoplastic male external genitalia
HP:0008491	807	Premature anterior fontanel closure
HP:0007569	1040	Generalized seborrheic dermatitis
HP:0002814	2387	Abnormality of the lower limb
HP:0005541	4355	Congenital agranulocytosis
HP:0030427	1956	Ossifying fibroma of the jaw
HP:0011441	4349	Abnormal medulla oblongata morphology
HP:0009780	1112	Iliac horns
HP:0007185	649	Loss of consciousness
HP:0001871	2106	Abnormality of blood and blood-forming tissues
HP:0003755	5086	Type 1 fibers relatively smaller than type 2 fibers
HP:0006439	856	Radioulnar dislocation
HP:0007372	3969	Atrophy/Degeneration involving the corticospinal tracts
HP:0002150	2366	Hypercalciuria
HP:0012583	1384	Unilateral renal hypoplasia
HP:0010740	3747	Osteopathia striata
HP:0008058	4302	Aplasia/Hypoplasia of the optic nerve
HP:0006347	3414	Microdontia of primary teeth
HP:0011579	448	Unbalanced atrioventricular canal defect
HP:0040087	4005	Abnormal blood folate concentration
HP:0004528	5007	Generalized hypotrichosis
HP:6000083	1274	Reduced hepatic dihydropyrimidinase activity
HP:0004289	2636	Sclerotic foci in hand bones
HP:0000448	3152	Prominent nose
HP:0007369	3371	Atrophy/Degeneration affecting the cerebrum
HP:0100245	4403	Desmoid tumors
HP:0002046	2839	Heat intolerance
HP:0004571	121	Widening of cervical spinal canal
HP:0003091	2300	Trophic limb changes
HP:0005316	1846	Peripheral pulmonary vessel aplasia
HP:0010862	757	Delayed fine motor development
HP:0002188	3192	Delayed CNS myelination
HP:0001831	608	Short toe
HP:0004421	271	Elevated systolic blood pressure
HP:0000336	1259	Prominent supraorbital ridges
HP:0011147	2584	Typical absence seizure
HP:0006518	207	Pulmonary venous occlusion
HP:0005567	4113	Renal magnesium wasting
HP:0031205	2788	Reduced lysosomal acid lipase activity
HP:0030244	1260	Maternal fever in pregnancy
HP:0000924	2336	Abnormality of the skeletal system
HP:0001773	3654	Short foot
HP:0030949	4301	Glomerular deposits
HP:0001117	887	Sudden loss of visual acuity
HP:0002253	2918	Colonic diverticula
HP:0009843	411	Aplasia/Hypoplasia of the middle phalanges of the hand
HP:0012183	2183	Hyperplastic colonic polyposis
HP:0001988	4073	Recurrent hypoglycemia
HP:0010628	545	Facial palsy
HP:0030499	2393	Macular drusen
HP:0012653	2165	Status asthmaticus
HP:0009226	913	Short proximal phalanx of the 5th finger
HP:0001355	1393	Megalencephaly
HP:0030084	1697	Clinodactyly
HP:0012047	2912	Hemeralopia
HP:0012189	3753	Hodgkin lymphoma
HP:0002370	4968	Poor coordination
HP:0030226	1847	Abnormal muscle fiber myotilin
HP:0100521	3766	Neoplasm of the thymus
HP:0005356	5014	Decreased circulating complement factor I concentration
HP:0034752	695	Axillary lymphadenopathy
HP:0001972	1850	Macrocytic anemia
HP:0007589	4999	Aplasia cutis congenita on trunk or limbs
HP:0001081	424	Cholelithiasis
HP:0012732	3163	Anorectal anomaly
HP:0009185	2816	Contracture of the proximal interphalangeal joint of the 5th finger
HP:0006288	2782	Advanced eruption of teeth
HP:0003165	2049	Elevated circulating parathyroid hormone level
HP:0002143	3733	Abnormal spinal cord morphology
HP:0011114	1020	Defective production of NFKB1-dependent cytokines
HP:0032106	372	Conjunctival icterus
HP:0003137	1176	Prolinuria
HP:0000996	4591	Facial capillary hemangioma
HP:0030498	404	Macular thickening
HP:0007831	65	Nonprogressive restrictive external ophthalmoplegia
HP:0002299	4940	Brittle hair
HP:0031295	398	Left atrial enlargement
HP:0010667	1131	Aplasia of the maxilla
HP:0012799	1713	Unilateral facial palsy
HP:0009456	645	Triangular shaped proximal phalanx of the 3rd finger
HP:0006283	1837	Multiple unerupted teeth
HP:0008339	378	Diaminoaciduria
HP:0011663	5269	Right ventricular cardiomyopathy
HP:0033141	780	Severe SARS-CoV-2 infection
HP:0006892	588	Frontotemporal cerebral atrophy
HP:0003330	1135	Abnormal bone structure
HP:0012210	1654	Abnormal renal morphology
HP:0009803	776	Short phalanx of finger
HP:0032315	5247	Areolar fullness
HP:0011451	2104	Primary microcephaly
HP:0005201	2206	Anomalous splenoportal venous system
HP:0001934	7	Persistent bleeding after trauma
HP:0031061	3776	Impaired toileting ability
HP:0008684	5447	Aplasia/hypoplasia of the uterus
HP:0100015	4409	Stahl ear
HP:0001331	795	Absent septum pellucidum
HP:0010491	2317	Digital constriction ring
HP:0011335	4846	Frontal hirsutism
HP:0000824	4037	Decreased response to growth hormone stimulation test
HP:0012902	973	Myotonia of the lower limb
HP:0004241	4483	Stippled calcification in carpal bones
HP:0031813	5155	Colonic eosinophilia
HP:0004180	1525	Short distal phalanx of the 3rd finger
HP:0012670	761	Orthostatic syncope
HP:0001908	1387	Hypoplastic anemia
HP:0006695	2200	Atrioventricular canal defect
HP:0032024	2163	Ileal ulcer
HP:6000258	1650	Impaired folate absorption
HP:0012793	2198	Kinked brainstem
HP:0000893	1696	Bulging of the costochondral junction
HP:0007473	3580	Crusting erythematous dermatitis
HP:0033454	2223	Tube feeding
HP:0010561	1049	Undulate ribs
HP:0008275	1386	Abnormal light-adapted electroretinogram
HP:0002512	94	Brain stem compression
HP:0000852	5330	Pseudohypoparathyroidism
HP:0009811	4881	Abnormality of the elbow
HP:0000599	3076	Abnormality of the frontal hairline
HP:0010940	546	Aplasia/Hypoplasia of the nasal bone
HP:0000857	790	Neonatal insulin-dependent diabetes mellitus
HP:0011174	3011	Focal hyperkinetic seizure
HP:0008278	3029	Cerebellar cortical atrophy
HP:0007925	4872	Lacrimal duct aplasia
HP:0002464	5160	Spastic dysarthria
HP:0007933	1088	Broad lateral eyebrow
HP:0100754	4231	Mania
HP:0430025	1988	Bilateral facial palsy
HP:0000324	2930	Facial asymmetry
HP:0003819	2937	Death in childhood
HP:0045034	2760	Elevated urinary aminoisobutyric acid
HP:0034388	2340	Hilar lymph node enlargement
HP:0008762	2394	Repetitive compulsive behavior
HP:0009438	1316	Absent middle phalanx of 3rd finger
HP:0001528	4769	Hemihypertrophy
HP:0002588	265	Duodenal ulcer
HP:0005344	172	Abnormal carotid artery morphology
HP:0030339	5503	Decreased circulating gonadotropin concentration
HP:0030369	1100	Induced vaginal delivery
HP:0005679	1081	Dupuytren contracture
HP:0011126	1384	Nephroptosis
HP:0100483	1738	Symphalangism of the proximal phalanx of the 2nd toe with the 2nd metatarsal
HP:0009112	3400	Aplasia of the left hemidiaphragm
HP:0006799	5264	Basal ganglia cysts
HP:0002159	1796	Heparan sulfate excretion in urine
HP:0003327	2765	Axial muscle weakness
HP:0020113	4017	Decreased proportion of CD4+CD25+ regulatory T cells
HP:0100869	4841	Palmar telangiectasia
HP:0011604	2763	Aortopulmonary window
HP:0011961	1687	Non-obstructive azoospermia
HP:0000071	4162	Ureteral stenosis
HP:0007187	262	Focal lissencephaly
HP:0100580	2701	Barrett esophagus
HP:0008169	5350	Reduced factor VII activity
HP:0007765	756	Deep anterior chamber
HP:0007588	1289	Reticular hyperpigmentation
HP:0006409	571	Progressive leg bowing
HP:0031799	2158	Decreased circulating apolipoprotein A-I concentration
HP:0030774	3032	Mitochondrial swelling
HP:0007221	4635	Progressive truncal ataxia
HP:0012509	3321	Reduced thyroxin-binding globulin
HP:0012255	641	Dynein arm defect of respiratory motile cilia
HP:0000492	2020	Abnormal eyelid morphology
HP:0045056	3980	Abnormal circulating alpha-fetoprotein concentration
HP:0012786	4563	Recurrent cystitis
HP:0000098	539	Tall stature
HP:0006755	653	Cutaneous leiomyosarcoma
HP:0033978	1149	Reduced beta-hexosaminidase activity
HP:0410071	108	Increased CSF ribitol concentration
HP:0006239	1880	Shortening of all middle phalanges of the toes
HP:0003502	1264	Mild short stature
HP:0011567	4263	Sinus venosus atrial septal defect
HP:0007233	1059	Clusters of axonal regeneration
HP:0008141	698	Dislocation of toes
HP:0025051	4521	Reduced brain creatine level by MRS
HP:0034184	960	Increased insulin like growth factor binding protein acid labile subunit concentration
HP:0033309	3871	Ileoileal intussusception
HP:0034595	200	Elevated circulating N-carbamoyl-beta-alanine concentration
HP:0010819	2588	Atonic seizure
HP:0001132	1511	Lens subluxation
HP:0002442	1153	Dyscalculia
HP:0020208	3863	Eating-induced seizure
HP:0012190	5430	T-cell lymphoma
HP:0033351	2805	Candida esophagitis
HP:0200039	1315	Pustule
HP:0007971	5511	Lamellar cataract
HP:0005622	4859	Broad long bones
HP:0004914	2591	Recurrent infantile hypoglycemia
HP:0001369	4330	Arthritis
HP:0040242	1200	Muscle hemorrhage
HP:0000028	1396	Cryptorchidism
HP:0006480	832	Premature loss of teeth
HP:0008959	3171	Distal upper limb muscle weakness
HP:0004365	4099	Abnormal circulating tryptophan concentration
HP:0030296	2803	Metaphyseal chondromatosis of radius
HP:0012180	2485	Cystic medial necrosis
HP:0009127	808	Abnormality of the musculature of the limbs
HP:0030769	2751	Exencephaly
HP:0001149	4072	Lattice corneal dystrophy
HP:0003304	5149	Spondylolysis
HP:0007455	1476	Adermatoglyphia
HP:0100586	1051	Sterile pyuria
HP:0002410	867	Aqueductal stenosis
HP:0006088	1270	1-5 finger complete cutaneous syndactyly
HP:0009121	2053	Abnormal axial skeleton morphology
HP:0007685	4920	Peripheral retinal avascularization
HP:0004734	2770	Renal cortical microcysts
HP:0032977	2644	Elevated bronchoalveolar lavage fluid neutrophil proportion
HP:0000056	3612	Abnormal clitoris morphology
HP:0034008	4568	Opto-chiasmatic atrophy
HP:0040322	1378	Purple urine
HP:0031180	4957	Erythema migrans
HP:0012133	4392	Erythroid hypoplasia
HP:0001167	891	Abnormal finger morphology
HP:0000202	201	Orofacial cleft
HP:0008131	2397	Tarsal stippling
HP:0005667	2940	Os odontoideum
HP:0001222	918	Spatulate thumbs
HP:0004387	5037	Enterocolitis
HP:0009908	3813	Anterior creases of earlobe
HP:0001591	4742	Bell-shaped thorax
HP:0006289	515	Agenesis of central incisor
HP:0009164	5208	Abnormal calcification of the carpal bones
HP:0001641	2436	Abnormal pulmonary valve morphology
HP:0012044	1349	Seesaw nystagmus
HP:0025021	2749	Abnormal erythrocyte sedimentation rate
HP:0011648	3312	Patent ductus arteriosus after birth at term
HP:0007803	82	Monochromacy
HP:0031213	3943	Elevated circulating 17-hydroxyprogesterone concentration
HP:0010787	1606	Genital neoplasm
HP:0000769	1230	Abnormality of the breast
HP:0011203	3233	EEG with abnormally slow frequencies
HP:0020083	68	Furuncle
HP:0034185	3346	Median pseudocleft lip
HP:0003233	1700	Decreased HDL cholesterol concentration
HP:0000868	2188	Decreased fertility in females
HP:0002791	1594	Hypoventilation
HP:0025019	227	Arterial rupture
HP:0008462	802	Cervical instability
HP:0000287	1165	Increased facial adipose tissue
HP:0009046	735	Difficulty running
HP:0008071	4001	Maternal hypertension
HP:0006958	2048	Abnormal auditory evoked potentials
HP:0011223	3347	Metopic depression
HP:0005273	1946	Absent nasal septal cartilage
HP:0001290	5483	Generalized hypotonia
HP:0000750	1515	Delayed speech and language development
HP:0031250	5219	Lip fissure
HP:0002930	573	Impaired sensitivity to thyroid hormone
HP:0005621	1255	Trapezoidal vertebral body
HP:0100545	5245	Arterial stenosis
HP:0010298	4856	Smooth tongue
HP:0031218	1197	Inappropriate antidiuretic hormone secretion
HP:0010655	3024	Epiphyseal stippling
HP:0000668	96	Hypodontia
HP:0011538	981	Atrial situs inversus
HP:0011834	506	Moyamoya phenomenon
HP:0008640	2080	Congenital macroorchidism
HP:0009527	882	Enlarged epiphysis of the proximal phalanx of the 2nd finger
HP:0009738	3262	Abnormal antihelix morphology
HP:0001566	3972	Widely-spaced maxillary central incisors
HP:0006767	74	Pituitary prolactin cell adenoma
HP:0009834	1133	Abnormal proximal phalanx morphology of the hand
HP:0031057	2753	Skin fissure
HP:0012312	4221	Monocytopenia
HP:0004966	4328	Medial calcification of large arteries
HP:0007123	3682	Subcortical dementia
HP:0009779	2741	3-4 toe syndactyly
HP:0010460	5072	Abnormality of the female genitalia
HP:0006491	855	Abnormal tibial metaphysis morphology
HP:0040137	1493	Comedonal acne
HP:0001952	1664	Glucose intolerance
HP:0100012	293	Neoplasm of the eye
HP:0005576	1035	Tubulointerstitial fibrosis
HP:0001262	843	Excessive daytime somnolence
HP:0040031	3970	Chorioretinal hyperpigmentation
HP:0002697	3425	Parietal foramina
HP:0000938	3016	Osteopenia
HP:0005439	764	Maxillozygomatic hypoplasia
HP:0001239	982	Wrist flexion contracture
HP:0010022	1072	Pseudoepiphysis of the 1st metacarpal
HP:0100292	5172	Amyloidosis of peripheral nerves
HP:0033106	740	Elevated circulating D-dimer concentration
HP:0011376	3361	Abnormal morphology of the vestibule of the inner ear
HP:0004280	204	Irregular ossification of hand bones
HP:0040288	1983	Nasogastric tube feeding
HP:0005994	4081	Nodular goiter
HP:0100659	1576	Abnormal cerebral vascular morphology
HP:0004582	5154	Irregularity of vertebral bodies
HP:0030213	333	Emotional blunting
HP:0003647	642	Electron transfer flavoprotein-ubiquinone oxidoreductase defect
HP:0004854	3786	Intermittent thrombocytopenia
HP:0005386	306	Recurrent protozoan infections
HP:0010051	5409	Deviation of the hallux
HP:0004828	3744	Refractory anemia with ringed sideroblasts
HP:0009141	215	Depletion of mitochondrial DNA in muscle tissue
HP:0034303	1368	Notched T wave
HP:0012778	1589	Retinal astrocytic hamartoma
HP:0009281	891	Aplasia of the 4th finger
HP:0031524	1702	Ampulla of Vater carcinoma
HP:0100709	3746	Reduction of oligodendroglia
HP:0002961	4416	Dysgammaglobulinemia
HP:0004499	2938	Chronic rhinitis due to narrow nasal airway
HP:0012788	2439	Reticulate pigmentation of oral mucosa
HP:0004920	866	Phenylpyruvic acidemia
HP:0009791	2799	Bifid sacrum
HP:0200020	2016	Corneal erosion
HP:0002293	4977	Alopecia of scalp
HP:0002666	963	Pheochromocytoma
HP:0005650	3984	2-5 finger cutaneous syndactyly
HP:0006535	3149	Recurrent intrapulmonary hemorrhage
HP:0010219	4851	Structural foot deformity
HP:0000133	3621	Gonadal dysgenesis
HP:0012082	4903	Cerebellar Purkinje layer atrophy
HP:0033748	4242	Hypoesthesia
HP:0000089	5309	Renal hypoplasia
HP:0005268	175	Miscarriage
HP:0012870	3155	Vanishing testis
HP:0001223	1118	Pointed proximal second through fifth metacarpals
HP:0010525	3200	Finger agnosia
HP:0012278	961	Abnormal circulating serine concentration
HP:0045039	725	Osteolysis involving bones of the upper limbs
HP:0001798	821	Anonychia
HP:0033535	461	Reduced platelet dense granules
HP:0011936	5211	Decreased plasma total carnitine
HP:0011755	2306	Ectopic posterior pituitary
HP:0001116	4723	Macular coloboma
HP:0004060	658	Trident hand
HP:0032712	1911	Focal impaired awareness motor seizure
HP:0032639	2369	Elevated leukocyte cystine
HP:0002232	1398	Patchy alopecia
HP:0100260	112	Mesoaxial polydactyly
HP:0040221	932	Hypoplasia of the dental root
HP:0006978	4648	Dysmyelinating leukodystrophy
HP:0008401	3878	Onychogryposis of toenails
HP:0004059	1065	Radial club hand
HP:0100761	278	Visceral angiomatosis
HP:0005602	5301	Progressive vitiligo
HP:0002690	1843	Large sella turcica
HP:3000050	4256	Abnormal odontoid tissue morphology
HP:0032156	447	Skin detachment
HP:0011039	3306	Abnormal helix morphology
HP:0011505	3751	Cystoid macular edema
HP:0003391	3432	Gowers sign
HP:0008751	3396	Laryngeal cleft
HP:0000232	3904	Everted lower lip vermilion
HP:0003268	484	Argininuria
HP:0008344	319	Elevated circulating branched chain amino acid concentration
HP:0031387	1576	Increased multinucleated megakaryocyte count
HP:0410049	2728	Abnormal radial ray morphology
HP:0031602	5451	Abnormal mucociliary clearance
HP:0006233	1361	Osteoarthritis of the distal interphalangeal joint
HP:0002085	1047	Occipital encephalocele
HP:0200147	3142	Neuronal loss in basal ganglia
HP:0012584	3390	Bilateral renal hypoplasia
HP:0008991	2575	Exercise-induced leg cramps
HP:0030307	2230	Flared lower limb metaphysis
HP:0008653	841	Crescentic glomerulonephritis
HP:0000980	2459	Pallor
HP:0012665	1892	Moderately reduced left ventricular ejection fraction
HP:0012040	5456	Corneal stromal edema
HP:0025574	1830	Macular hemorrhage
HP:0025380	5340	Increased circulating androstenedione concentration
HP:0030138	3141	Excessive bleeding from superficial cuts
HP:0030047	4827	Abnormal lateral ventricle morphology
HP:0010872	3566	T-wave inversion
HP:0000123	5436	Nephritis
HP:0003153	607	Cystathioninuria
HP:0009590	4971	Unilateral vestibular schwannoma
HP:0009730	2419	Rhabdomyoma
HP:0030892	298	Deep cerebral white matter hyperintensities
HP:0009536	4918	Short 2nd finger
HP:0040245	789	Reduced alpha-2-antiplasmin activity
HP:0003524	12	Decreased methionine synthase activity
HP:0032386	433	Elevated circulating transferrin concentration
HP:0034293	939	Temporal lobe calcification
HP:0007149	5398	Distal upper limb amyotrophy
HP:0002846	2810	Abnormal B cell morphology
HP:0001939	1356	Abnormality of metabolism/homeostasis
HP:0001430	177	Abnormal calf musculature morphology
HP:0031525	5470	Keratoacanthoma
HP:0012078	1397	Motor conduction block
HP:0006575	4247	Intrahepatic cholestasis with episodic jaundice
HP:0100898	926	Connective tissue nevi
HP:0410279	2400	Atrophic pituitary gland
HP:0033823	158	Mediastinal mass
HP:0001156	3866	Brachydactyly
HP:0003048	4238	Radial head subluxation
HP:0006019	2097	Reduced proximal interphalangeal joint space
HP:0001954	879	Recurrent fever
HP:0410066	4020	Increased level of hippuric acid in urine
HP:0011245	2707	Abnormality of superior crus of antihelix
HP:0100800	3995	Aplasia/Hypoplasia of the pancreas
HP:0001993	3762	Ketoacidosis
HP:0003149	1966	Hyperuricosuria
HP:0006781	5024	Hurthle cell thyroid adenoma
HP:0001092	3633	Absent lacrimal punctum
HP:0001870	1818	Acroosteolysis of distal phalanges (feet)
HP:0033379	5058	Bilateral superior vena cava
HP:0000496	570	Abnormality of eye movement
HP:0030825	2673	Absent foveal reflex
HP:0007529	4095	Hidrotic ectodermal dysplasia
HP:0004819	2794	Normocytic hypoplastic anemia
HP:0005999	3487	Ureteral atresia
HP:0032097	1097	Hypermanganesemia
HP:0030838	4864	Hip pain
HP:0031798	1722	Elevated circulating apolipoprotein B concentration
HP:0011326	3660	Anterior plagiocephaly
HP:0009714	3639	Abnormal epididymis morphology
HP:0031830	1273	Pinguecula
HP:0400002	771	Extra concha fold
HP:0011409	3089	Abnormal placental membrane morphology
HP:0030974	2808	Cryptozoospermia
HP:0033369	2062	Cavitating leukodystrophy
HP:0008094	2294	Widely spaced toes
HP:0010723	2504	Cystic lesions of the pinnae
HP:0010998	538	Increased susceptibility to spontaneous sister chromatid exchange
HP:0012084	4618	Abnormality of skeletal muscle fiber size
HP:0034045	4811	Angulated muscle fibers
HP:0009971	1053	Polydactyly affecting the 4th finger
HP:0000597	1015	Ophthalmoparesis
HP:0000350	3663	Small forehead
HP:0010883	4101	Aortic valve atresia
HP:0004617	1084	Butterfly vertebral arch
HP:0410288	4077	Hyperamylasemia
HP:0011473	1007	Villous atrophy
HP:0005659	3901	Thoracic kyphoscoliosis
HP:0011903	2321	HbH hemoglobin
HP:4000203	224	Reduced erythrocyte arginase activity
HP:0032192	2697	Hydatidiform mole
HP:0000808	3613	Penoscrotal hypospadias
HP:0002553	2342	Highly arched eyebrow
HP:0002724	140	Recurrent Aspergillus infections
HP:0007024	298	Pseudobulbar paralysis
HP:4000041	2792	AA amyloidosis
HP:0010383	1094	Aplasia/Hypoplasia of the phalanges of the 5th toe
HP:0011407	4832	Proportionate tall stature
HP:0030454	1463	Abnormal electrooculogram
HP:0012405	4112	Hypocitraturia
HP:0034287	199	Afibrinogenemia
HP:0030996	2484	Megaduodenum
HP:0100533	4817	Inflammatory abnormality of the eye
HP:0008509	1311	Aged leonine appearance
HP:0004852	270	Reduced leukocyte alkaline phosphatase
HP:0002359	3294	Frequent falls
HP:0030716	1251	Acrania
HP:0033008	1916	Increased Z-disc width
HP:0004761	167	Post-angioplasty coronary artery restenosis
HP:0003370	1632	Flat capital femoral epiphysis
HP:0007819	4400	Presenile cataracts
HP:0030381	5224	Increased proportion of transitional B cells
HP:0012085	1105	Pyuria
HP:0000926	5265	Platyspondyly
HP:0012110	5384	Hypoplasia of the pons
HP:0410153	2689	Increased level of methylsuccinic acid in urine
HP:0006162	1028	Soft tissue swelling of interphalangeal joints
HP:0004938	968	Tortuous cerebral arteries
HP:0001056	1453	Milia
HP:0003909	1608	Cortical subperiosteal resorption of humeral metaphyses
HP:0025335	3036	Delayed ability to stand
HP:0008467	4414	Thoracic hemivertebrae
HP:0031097	4066	Abnormal thyroid-stimulating hormone level
HP:0500005	3299	Anal pain
HP:0012704	670	Widened subarachnoid space
HP:0031038	4793	Spermatogenesis maturation arrest
HP:0006673	529	Reduced systolic function
HP:0012503	2812	Abnormal pituitary gland morphology
HP:0005278	4636	Hypoplastic nasal tip
HP:0005461	5354	Craniofacial disproportion
HP:0000520	2780	Proptosis
HP:0011824	4869	Chin with H-shaped crease
HP:0030591	2034	Abnormal kinetic perimetry test
HP:0009004	3700	Hypoplasia of the musculature
HP:0009832	4431	Abnormal distal phalanx morphology of finger
HP:0007881	839	Central corneal dystrophy
HP:0100845	307	Anaphylactic shock
HP:0008166	5082	Decreased beta-galactosidase activity
HP:0031555	1342	Reduced granulocyte CD59 level
HP:0004502	3212	Bilateral choanal atresia
HP:0033362	1944	Recurrent coughing spasms
HP:0005479	4243	Decreased circulating IgE
HP:0010823	2113	Ridged cranial sutures
HP:0012285	2132	Abnormal hypothalamus physiology
HP:0008240	197	Secondary growth hormone deficiency
HP:0011885	1262	Hemorrhage of the eye
HP:0011273	2609	Anisocytosis
HP:0031041	412	Obstruction of the superior vena cava
HP:0011419	3004	Placental abruption
HP:0002644	1341	Abnormal pelvic girdle bone morphology
HP:0002246	508	Abnormal duodenum morphology
HP:0025575	3352	Abnormal superior vena cava morphology
HP:0025722	2531	Cerebral infarct
HP:0006689	376	Bacterial endocarditis
HP:0012385	4790	Camptodactyly
HP:0034039	91	Ventricular couplet
HP:0007946	4634	Unilateral narrow palpebral fissure
HP:0033258	1503	Sudden unexpected death in epilepsy
HP:0003800	3810	Muscle abnormality related to mitochondrial dysfunction
HP:0012736	1022	Profound global developmental delay
HP:0005720	1004	Shortening of all metacarpals
HP:0007941	2797	Limited extraocular movements
HP:0031146	551	Impaired oral bolus formation
HP:0001705	560	Right ventricular outlet tract obstruction
HP:0030053	1346	Stiff skin
HP:0030473	3351	Abnormal light-adapted flicker electroretinogram
HP:0032565	554	Vaginal mucosal ulceration
HP:0000773	1049	Short ribs
HP:0030809	2645	Abnormal tongue morphology
HP:0012473	40	Tongue atrophy
HP:0004331	1940	Decreased skull ossification
HP:0100522	4898	Thymoma
HP:0005449	123	Bridged sella turcica
HP:0007010	1172	Poor fine motor coordination
HP:0003089	1138	Hamstring contractures
HP:0002948	182	Vertebral fusion
HP:0005001	3808	Recurrent patellar dislocation
HP:0100758	947	Gangrene
HP:0100784	5392	Peripheral arteriovenous fistula
HP:0011860	1208	Metaphyseal dappling
HP:0000977	2385	Soft skin
HP:0100481	3350	Proximal/middle symphalangism of 4th toe
HP:0100817	1750	Renovascular hypertension
HP:0100643	2643	Abnormality of nail color
HP:0007401	2853	Macular atrophy
HP:0001345	128	Psychotic mentation
HP:0001250	3492	Seizure
HP:0005255	171	Absence of pectoralis minor muscle
HP:0032663	2789	Focal motor status epilepticus
HP:0100336	5212	Bilateral cleft lip
HP:0006496	2367	Aplasia/hypoplasia involving bones of the upper limbs
HP:0009715	902	Papillary cystadenoma of the epididymis
HP:0008236	1886	Isosexual precocious puberty
HP:0100621	483	Dysgerminoma
HP:0000575	2578	Scotoma
HP:0008997	9	Proximal muscle weakness in upper limbs
HP:0031964	3940	Elevated circulating alanine aminotransferase concentration
HP:0001841	796	Preaxial foot polydactyly
HP:0005868	540	Metaphyseal enchondromatosis
HP:0011100	1130	Intestinal atresia
HP:0010612	123	Plantar pits
HP:0007546	954	Linear hyperpigmentation
HP:0007131	2702	Acute demyelinating polyneuropathy
HP:0003068	1324	Madelung-like forearm deformities
HP:0011628	4962	Congenital defect of the pericardium
HP:0005967	3845	Mixed respiratory and metabolic acidosis
HP:0008730	2714	Female external genitalia in individual with 46,XY karyotype
HP:0100702	2677	Arachnoid cyst
HP:0004626	5061	Lumbar scoliosis
HP:0012741	4222	Unilateral cryptorchidism
HP:0011837	2227	Partial IgA deficiency
HP:0003778	4353	Short mandibular rami
HP:0030157	1807	Flank pain
HP:0003202	452	Skeletal muscle atrophy
HP:0006298	328	Prolonged bleeding after dental extraction
HP:0003653	1024	Cellular metachromasia
HP:0000571	5162	Hypometric saccades
HP:0100482	2925	Proximal/middle symphalangism of 5th toe
HP:0012244	2744	Abnormal sex determination
HP:0000517	4185	Abnormal lens morphology
HP:0011067	3671	Mesiodens
HP:0005793	608	Shortening of all distal phalanges of the toes
HP:0006276	5343	Hyperechogenic pancreas
HP:0031141	3757	Increased hepatic echogenicity
HP:0003354	3188	Hyperthreoninemia
HP:0007400	5193	Irregular hyperpigmentation
HP:0000063	1729	Fused labia minora
HP:0009829	3186	Phocomelia
HP:0003639	593	Elevated urinary epinephrine level
HP:0025460	1406	High myoinositol in brain by MRS
HP:0410175	5459	Hyperketonemia
HP:0008441	946	Herniation of intervertebral nuclei
HP:0005643	1673	Short 3rd toe
HP:0025017	5435	Capillary fragility
HP:0033278	176	Reduced CD95-induced lymphocyte apoptosis
HP:6000514	1598	Reduced erythrocyte uroporphyrinogen III cosynthase activity
HP:0031164	1299	Growth arrest lines
HP:0009109	4951	Denervation of the diaphragm
HP:0025391	3625	Crazy paving pattern
HP:0000593	369	Abnormal anterior chamber morphology
HP:0033542	3858	Bronchial wall thickening
HP:0033034	4986	Anti-citrullinated protein antibody positivity
HP:0004348	729	Abnormality of bone mineral density
HP:0010969	5302	Abnormality of glycolipid metabolism
HP:0002597	4248	Abnormality of the vasculature
HP:0003160	3393	Abnormal isoelectric focusing of serum transferrin
HP:0009783	171	Biceps aplasia
HP:0010935	977	Abnormality of the upper urinary tract
HP:0033164	1030	Focal active colitis
HP:0034369	3442	Decreased level of coenzyme Q10 in skeletal muscle
HP:0001799	5148	Short nail
HP:0000220	4091	Velopharyngeal insufficiency
HP:0012860	2143	Testicular fibrosis
HP:0002841	665	Recurrent fungal infections
HP:0034731	281	Elevated circulating S-adenosyl-L-methionine concentration
HP:0000131	4913	Uterine leiomyoma
HP:0031287	3422	Seborrheic keratosis
HP:0001114	1683	Xanthelasma
HP:0000143	431	Rectovaginal fistula
HP:0007058	5326	Generalized cerebral atrophy/hypoplasia
HP:0005108	3488	Abnormal intervertebral disk morphology
HP:0010647	1329	Abnormal elasticity of skin
HP:0006707	5339	Abnormality of the hepatic vasculature
HP:0100732	151	Pancreatic fibrosis
HP:0003413	1119	Atlantoaxial abnormality
HP:0010626	1603	Anterior pituitary agenesis
HP:0012763	273	Paroxysmal dyspnea
HP:0005585	4058	Spotty hyperpigmentation
HP:0012041	2729	Decreased fertility in males
HP:0034601	3218	Decreased circulating C1q concentration
HP:0010743	4172	Short metatarsal
HP:0011484	4089	Posterior synechiae of the anterior chamber
HP:0000633	3725	Decreased lacrimation
HP:0011553	170	Discordant atrioventricular connection
HP:0011967	3571	Decreased circulating copper concentration
HP:0032612	4286	Triphalangeal hallux
HP:0031174	1872	Double-layered patella
HP:0030513	1628	Difficulty adjusting from light to dark
HP:0001629	2057	Ventricular septal defect
HP:0006265	3565	Aplasia/Hypoplasia of fingers
HP:0006918	2660	Diffuse cerebral sclerosis
HP:0040201	1557	Simultanapraxia
HP:0032210	2932	Decreased circulating free T3
HP:0033673	427	Positive Phalen test
HP:0011472	1167	Abnormal small intestinal villus morphology
HP:0030848	260	Elevated jugular venous pressure
HP:0025010	472	Foveal atrophy
HP:0008655	3368	Aplasia/Hypoplasia of the fallopian tube
HP:0031624	4211	Moderate myopia
HP:0031207	902	Hepatic hemangioma
HP:0002722	4909	Recurrent abscess formation
HP:0009806	1116	Nephrogenic diabetes insipidus
HP:0020114	268	Persistent human papillomavirus infection
HP:0000064	78	Hypoplastic labia minora
HP:0001272	118	Cerebellar atrophy
HP:0007412	3345	Macular hyperpigmented dermopathy
HP:6000201	2785	Reduced hepatic glucose-6-phosphate translocase activity
HP:0011750	246	Neoplasm of the anterior pituitary
HP:0100273	80	Neoplasm of the colon
HP:0011158	2199	Focal sensory seizure with auditory features
HP:0010458	4503	Female pseudohermaphroditism
HP:4000184	1239	Reduced erythrocyte adenosine triphosphate concentration
HP:0025269	254	Panic attack
HP:0003803	380	Type 1 muscle fiber predominance
HP:0003023	5281	Bowing of limbs due to multiple fractures
HP:0011268	4666	Absent tragus
HP:0009045	116	Exercise-induced rhabdomyolysis
HP:0500049	3896	Retinopathy of prematurity
HP:0001195	2870	Single umbilical artery
HP:0002015	2499	Dysphagia
HP:0034360	3586	Action myoclonus
HP:0007657	280	Diffuse nuclear cataract
HP:0000995	3349	Melanocytic nevus
HP:0011281	214	Abnormality of urine catecholamine level
HP:0012038	5535	Corneal guttata
HP:0010797	1075	Hemangioblastoma
HP:0030854	3567	Scleral staphyloma
HP:0010481	249	Urethral valve
HP:0001099	3793	Fundus atrophy
HP:0009724	1967	Subungual fibromas
HP:0005387	2328	Combined immunodeficiency
HP:0002555	5426	Absent pubic hair
HP:0032575	1242	Decreased circulating 12-HETE
HP:0008326	391	Reduced circulating vitamin B6 circulating
HP:0010942	4174	Echogenic intracardiac focus
HP:0002897	311	Parathyroid adenoma
HP:0002227	1056	White eyelashes
HP:0008180	44	Mildly elevated creatine kinase
HP:0030871	714	Facet joint arthrosis
HP:0006744	2482	Adrenocortical carcinoma
HP:0034273	1155	Premature sagging cheeks
HP:0012112	1308	Abnormal circulating corticosterone level
HP:0005437	1109	Recurrent infections in infancy and early childhood
HP:0000267	3735	Cranial asymmetry
HP:0011480	1152	Unilateral microphthalmos
HP:0006692	2410	Short chordae tendineae of the tricuspid valve
HP:0001339	59	Lissencephaly
HP:0100783	4806	Breast aplasia
HP:0009755	24	Ankyloblepharon
HP:0002331	102	Recurrent paroxysmal headache
HP:0031030	2676	Elevated carcinoma antigen 125 level
HP:0032359	5186	Decreased forced expiratory flow 25-75%
HP:0008153	973	Periodic hypokalemic paresis
HP:0001857	1177	Short distal phalanx of toe
HP:0010547	428	Muscle flaccidity
HP:0004855	5371	Reduced protein S activity
HP:0008843	1934	Hip osteoarthritis
HP:0410295	4652	Complete or near-complete absence of specific antibody response to tetanus vaccine
HP:0005348	2844	Inspiratory stridor
HP:0007707	3439	Congenital aphakia
HP:0011159	3957	Focal autonomic seizure with epigastric sensation/nausea/vomiting/other gastrointestinal phenomena
HP:0008821	556	Hypoplastic inferior ilia
HP:0012449	1199	Sacroiliac joint synovitis
HP:0000308	1514	Microretrognathia
HP:0005484	3296	Secondary microcephaly
HP:0000447	5029	Pear-shaped nose
HP:0001544	4153	Prominent umbilicus
HP:0000346	3214	Whistling appearance
HP:0007437	1512	Multiple cutaneous leiomyomas
HP:0001655	1835	Patent foramen ovale
HP:0009702	5075	Carpal synostosis
HP:0007833	1151	Anterior chamber synechiae
HP:0000529	1580	Progressive visual loss
HP:0002197	1210	Generalized-onset seizure
HP:0031179	574	Nuchal rigidity
HP:0031401	4356	Reduced proportion of CD4-negative, CD8-negative, alpha-beta regulatory T cells
HP:6000257	5299	Spinal cord granuloma
HP:0003777	325	Pili torti
HP:0005416	1669	Decreased circulating complement factor B concentration
HP:0032445	2985	Pulmonary cyst
HP:0001994	2778	Renal Fanconi syndrome
HP:0034375	1509	Spherophakia
HP:0012383	4004	Bidirectional shunt
HP:0011118	3709	Abnormality of tumor necrosis factor secretion
HP:0025643	2579	Tarlov cyst
HP:0004808	1780	Acute myeloid leukemia
HP:0006344	119	Abnormal primary molar morphology
HP:0012049	3712	Laryngeal dystonia
HP:0004372	2962	Reduced consciousness
HP:0001024	1334	Skin dimple over apex of long bone angulation
HP:0033027	126	Retinal peau d'orange
HP:0500208	256	Increased CSF lysine concentration
HP:0100880	444	Nephrogenic rest
HP:0000542	589	Impaired ocular adduction
HP:0003535	2177	3-Methylglutaconic aciduria
HP:0001649	284	Tachycardia
HP:0100835	5452	Benign neoplasm of the central nervous system
HP:0005222	2776	Bowel diverticulosis
HP:0200101	4541	Decreased/absent ankle reflexes
HP:0007021	45	Pain insensitivity
HP:0003469	4194	Peripheral dysmyelination
HP:0009371	1248	Type A1 brachydactyly
HP:0007446	2645	Palmoplantar blistering
HP:0032466	4984	Aplasia of the olfactory bulb
HP:0002987	2130	Elbow flexion contracture
HP:0003002	5422	Breast carcinoma
HP:0003795	4450	Short middle phalanx of toe
HP:0012663	215	Mildly reduced left ventricular ejection fraction
HP:0011289	3373	EEG with temporal sharp slow waves
HP:0100759	4709	Clubbing of fingers
HP:6000693	1198	Reduced circulating NT-proANP concentration
HP:0034381	1931	Central nervous system axonal spheroid
HP:0002865	311	Medullary thyroid carcinoma
HP:0007727	824	Opacification of the corneal epithelium
HP:0020214	4051	Startle-induced seizure
HP:0003175	1910	Hypoplastic ischia
HP:6000156	1992	Pancreatic atrophy
HP:0004861	4392	Refractory macrocytic anemia
HP:0200003	1663	Splayed epiphyses
HP:0003911	4608	Flared humeral metaphysis
HP:0200150	1816	Increased serum bile acid concentration during pregnancy
HP:0010086	1708	Broad proximal phalanx of the hallux
HP:0001227	1313	Abnormality of the thenar eminence
HP:0005060	4985	Limited elbow flexion/extension
HP:0002753	995	Thin bony cortex
HP:0033333	1320	Jaw contracture
HP:0040135	1000	Abnormal transferrin saturation
HP:6000361	329	Reduced succinyl-CoA:3-oxoacid-CoA transferase activity in cultured fibroblasts
HP:0003053	928	Epiphyseal deformities of tubular bones
HP:0007776	3528	Sparse lower eyelashes
HP:0100035	33	Phonic tics
HP:0031514	905	Increased proportion of exhausted T cells
HP:0003643	4976	Sulfite oxidase deficiency
HP:0011271	3752	Prominent tragus
HP:0012864	5277	Abnormal sperm morphology
HP:0000290	3749	Abnormality of the forehead
HP:0000650	2557	Abnormal amplitude of pattern reversal visual evoked potentials
HP:0009729	5407	Cardiac rhabdomyoma
HP:0020045	3851	Esodeviation
HP:0009244	1448	Distal/middle symphalangism of 5th finger
HP:0002166	2574	Impaired vibration sensation in the lower limbs
HP:0000918	1063	Scapular exostoses
HP:0006765	1247	Chondrosarcoma
HP:0034378	2201	Urethrovesical occlusion
HP:0008573	4507	Low-frequency sensorineural hearing impairment
HP:0009576	3343	Absent middle phalanx of 2nd finger
HP:0001126	2790	Cryptophthalmos
HP:0025180	207	Centrilobular ground-glass opacification on pulmonary HRCT
HP:0040232	1317	Delayed onset bleeding
HP:0010967	1977	Abnormal circulating carnitine concentration
HP:0003070	83	Elbow ankylosis
HP:0007068	3596	Inferior cerebellar vermis hypoplasia
HP:0006232	3825	Expanded metacarpals with widened medullary cavities
HP:0011623	5353	Muscular ventricular septal defect
HP:0000158	2241	Macroglossia
HP:0200124	1821	Chronic hepatitis due to cryptosporidium infection
HP:0100611	2036	Multiple glomerular cysts
HP:0003779	4578	Antegonial notching of mandible
HP:0045048	5263	Increased HbA2 hemoglobin
HP:0030374	2224	Decreased proportion of memory B cells
HP:0000705	4524	Amelogenesis imperfecta
HP:0041162	4152	Metatarsal fracture
HP:0008629	158	Pulsatile tinnitus
HP:0012159	21	Internal carotid artery dissection
HP:0000478	1894	Abnormality of the eye
HP:0031273	91	Shock
HP:0011103	5485	Abnormal left ventricular outflow tract morphology
HP:0004408	1091	Abnormality of the sense of smell
HP:0009594	1060	Retinal hamartoma
HP:0011182	5255	Interictal epileptiform activity
HP:0012181	1220	Entrapment neuropathy
HP:0010638	1602	Elevated alkaline phosphatase of hepatic origin
HP:0010297	560	Bifid tongue
HP:0031035	3485	Chronic infection
HP:0004919	864	Galactose intolerance
HP:0009129	2952	Upper limb amyotrophy
HP:0032397	2622	Citrullinuria
HP:0003378	148	Axonal degeneration/regeneration
HP:0008347	2876	Decreased activity of mitochondrial complex IV
HP:0004931	446	Arteriosclerosis of small cerebral arteries
HP:0003704	3552	Scapuloperoneal weakness
HP:4000200	2626	Reduced holocarboxylase synthetase activity in cultured fibroblasts
HP:0032894	2489	Seizure precipitated by febrile infection
HP:0003418	1381	Back pain
HP:0001392	5243	Abnormality of the liver
HP:0032037	413	Mildly reduced visual acuity
HP:0033155	319	Elevated circulating L-alloisoleucine concentration
HP:0003429	934	CNS hypomyelination
HP:0003186	744	Inverted nipples
HP:0002804	2627	Arthrogryposis multiplex congenita
HP:0007367	1765	Atrophy/Degeneration affecting the central nervous system
HP:0000505	5235	Visual impairment
HP:0004906	5178	Hypernatremic dehydration
HP:0034470	2613	Elevated stool chloride content
HP:0002483	1858	Bulbar signs
HP:0005274	2773	Prominent nasal tip
HP:0011527	746	Lentiglobus
HP:0033178	4527	Increased circulating interleukin 8 concentration
HP:0005213	5271	Pancreatic calcification
HP:0002215	2611	Sparse axillary hair
HP:0011617	493	Pulmonary situs ambiguus
HP:0008444	910	Posterior wedging of vertebral bodies
HP:0008376	1087	Nasal dysarthria
HP:0005326	1558	Hypoplastic philtrum
HP:0011042	3678	Abnormal blood potassium concentration
HP:0034278	2609	Multinucleated erythroblast
HP:0033111	5046	3-hydroxyisovaleric aciduria
HP:0009058	1043	Increased muscle lipid content
HP:0011082	325	Conical primary incisor
HP:0011092	2621	Mulberry molar
HP:0001052	2388	Nevus flammeus
HP:0008420	99	Punctate vertebral calcifications
HP:0011452	2998	Functional abnormality of the middle ear
HP:0008065	1497	Aplasia/Hypoplasia of the skin
HP:5200310	1301	Diminishment of social interactions
HP:0034044	1011	Trident pelvis
HP:0005266	2605	Intestinal polyp
HP:0030760	4262	Renal fibrosis
HP:0100649	766	Neoplasm of the oral cavity
HP:0009701	4987	Metacarpal synostosis
HP:0004993	3795	Slender long bones with narrow diaphyses
HP:0008765	5203	Auditory hallucination
HP:0012086	1071	Abnormal urinary color
HP:0002599	4849	Head titubation
HP:0000091	3701	Abnormal renal tubule morphology
HP:0012107	2514	Increased fibular diameter
HP:0010477	5463	Aplasia of the bladder
HP:0010832	3847	Abnormality of pain sensation
HP:0200122	1108	Atypical or prolonged hepatitis
HP:0001663	634	Ventricular fibrillation
HP:0012478	4873	Temporomandibular joint ankylosis
HP:0040190	5192	White scaling skin
HP:0010915	1348	Abnormal circulating pyruvate family amino acid concentration
HP:0004835	1318	Microspherocytosis
HP:0005897	227	Severe generalized osteoporosis
HP:0010309	3059	Bifid sternum
HP:0008039	139	Subepithelial corneal opacities
HP:0033764	275	Death in middle age
HP:0009660	2052	Short phalanx of the thumb
HP:0008435	2386	Absent in utero ossification of vertebral bodies
HP:0030079	3801	Cervix cancer
HP:0011024	2274	Abnormality of the gastrointestinal tract
HP:0011276	1363	Vascular skin abnormality
HP:0025721	1812	Limited vertical extraocular movement
HP:0031418	5306	Increased body mass index
HP:0034589	632	Increased circulating dehydroepiandrosterone-sulfate concentration
HP:0000823	4218	Delayed puberty
HP:0033050	4116	Pharyngalgia
HP:0003318	4052	Cervical spine hypermobility
HP:0034327	1296	Posterior corneal stroma punctiform multicolored opacities
HP:0010848	147	EEG with spike-wave complexes (2.5-3.5 Hz)
HP:0011571	4282	Parachute mitral valve
HP:0045081	1345	Abnormality of body mass index
HP:0001631	2498	Atrial septal defect
HP:0032656	3478	Febrile status epilepticus
HP:0008753	1127	Aplasia of the epiglottis
HP:0000739	1258	Anxiety
HP:0030953	4555	Conjunctival hyperemia
HP:0100612	4493	Odontogenic neoplasm
HP:0031507	364	Decreased circulating T4 concentration
HP:0100776	4773	Recurrent pharyngitis
HP:0000039	1127	Epispadias
HP:0004058	5166	Hand monodactyly
HP:0006112	1991	Expanded phalanges with widened medullary cavities
HP:0030506	34	Yellow/white lesions of the retina
HP:0012887	5385	Ovarian serous cystadenoma
HP:0003409	825	Distal sensory impairment of all modalities
HP:0001360	1653	Holoprosencephaly
HP:0000748	2296	Inappropriate laughter
HP:0100825	1650	Cheilitis
HP:0000300	3064	Oval face
HP:0000798	169	Oligozoospermia
HP:0009763	3401	Limb pain
HP:0100523	4979	Liver abscess
HP:0001609	2590	Hoarse voice
HP:0032203	1216	Lymphoid nodular hyperplasia
HP:0032256	617	Histoplasmosis
HP:0002268	3962	Paroxysmal dystonia
HP:0030794	154	Abnormal circulating C-peptide concentration
HP:0040072	1314	Abnormal forearm bone morphology
HP:0003145	527	Decreased circulating adenosylcobalamin concentration
HP:0000402	1394	Stenosis of the external auditory canal
HP:0001965	2775	Abnormal scalp morphology
HP:0010760	5003	Absent toe
HP:0500270	160	Increased proportion of gamma-delta T cells
HP:0032284	3897	Ultra-low vision with retained motion projection
HP:0031193	1309	Abnormal morphology of right ventricular trabeculae
HP:0012400	487	Abnormal circulating aldolase concentration
HP:0030345	0	Abnormal circulating luteinizing hormone concentration
HP:0009051	5437	Increased muscle glycogen content
HP:0003166	1358	Increased urinary taurine
HP:0011847	4942	Giant cell tumor of bone
HP:0010726	694	Prominent corneal nerve fibers
HP:0011020	130	Abnormality of mucopolysaccharide metabolism
HP:0001053	458	Hypopigmented skin patches
HP:0010648	2573	Dermal translucency
HP:0003436	380	Prolonged miniature endplate currents
HP:0003715	3644	Myofibrillar myopathy
HP:0031123	3408	Recurrent gastroenteritis
HP:0010829	1285	Impaired temperature sensation
HP:0005528	3333	Bone marrow hypocellularity
HP:0000014	2245	Abnormality of the bladder
HP:0006980	3077	Progressive leukoencephalopathy
HP:0000531	178	Corneal crystals
HP:0002928	4814	Decreased activity of the pyruvate dehydrogenase complex
HP:0003103	926	Abnormal cortical bone morphology
HP:0006367	389	Crumpled long bones
HP:0008283	2251	Fasting hyperinsulinemia
HP:0003296	2704	Hyperthreoninuria
HP:0002536	2956	Abnormal cortical gyration
HP:0001782	998	Bulbous tips of toes
HP:0012146	4684	Abnormality of von Willebrand factor
HP:0033144	2554	Abnormal circulating ceruloplasmin concentration
HP:0003279	1632	Coxa magna
HP:0003220	5301	Abnormality of chromosome stability
HP:0034075	682	Decreased circulating apolipoprotein B concentration
HP:0030446	1010	Atypical pulmonary carcinoid tumor
HP:0009700	5125	Finger symphalangism
HP:0011803	187	Bifid nose
HP:0032185	5438	Disseminated molluscum contagiosum
HP:0001319	2220	Neonatal hypotonia
HP:0002651	5104	Spondyloepimetaphyseal dysplasia
HP:0001337	3641	Tremor
HP:0034295	3453	Reduced cerebral white matter volume
HP:0032259	639	Chronic tinea infection
HP:0040113	315	Old-aged sensorineural hearing impairment
HP:0006970	512	Periventricular leukomalacia
HP:0012254	4170	Ewing sarcoma
HP:0003307	3236	Hyperlordosis
HP:0007811	4455	Horizontal pendular nystagmus
HP:0034393	2099	Elbow extension contracture
HP:0034405	2028	Enlarged tectum
HP:0001639	3083	Hypertrophic cardiomyopathy
HP:0040014	4620	Increased mitochondrial number
HP:0000577	1939	Exotropia
HP:0009054	1866	Scapuloperoneal myopathy
HP:0010448	4997	Colonic atresia
HP:0033715	481	Hippocampal sclerosis
HP:0005600	1845	Congenital giant melanocytic nevus
HP:0002584	4287	Intestinal bleeding
HP:0011401	4907	Delayed peripheral myelination
HP:0009775	2217	Amniotic constriction ring
HP:0000543	3902	Optic disc pallor
HP:0001985	1756	Hypoketotic hypoglycemia
HP:0001850	1135	Abnormality of the tarsal bones
HP:0009785	2561	Triceps aplasia
HP:0011915	5286	Cardiovascular calcification
HP:0010174	1075	Broad phalanx of the toes
HP:0012121	3097	Panuveitis
HP:0011970	3726	Cerebral amyloid angiopathy
HP:0006311	2245	Generalized microdontia
HP:0005948	1739	Multiple pulmonary cysts
HP:0006350	1228	Pulp obliteration
HP:0010299	626	Abnormal dentin morphology
HP:0032252	3222	Granuloma
HP:0025394	635	Cystic pattern on pulmonary HRCT
HP:0012871	5146	Varicocele
HP:0007441	3471	Hyperpigmented/hypopigmented macules
HP:0002908	32	Conjugated hyperbilirubinemia
HP:0025419	3494	Pulmonary pneumatocele
HP:0007902	3820	Vitreous hemorrhage
HP:0008193	3724	Primary gonadal insufficiency
HP:0011084	2542	Hypocalcification of dental enamel
HP:0010105	5464	Short first metatarsal
HP:0010566	3879	Hamartoma
HP:0006394	2151	Limited pronation/supination of forearm
HP:0005547	677	Myeloproliferative disorder
HP:0007494	1721	Discrete 2 to 5-mm hyper- and hypopigmented macules
HP:0001996	128	Chronic metabolic acidosis
HP:0012370	1507	Prominence of the zygomatic bone
HP:0030127	4279	Endometriosis
HP:0100266	1686	Synostosis of carpals/tarsals
HP:0004097	566	Deviation of finger
HP:0001792	4737	Small nail
HP:0009063	2383	Progressive distal muscle weakness
HP:0011977	276	Elevated urinary homovanillic acid
HP:0030175	482	Myelin tomacula
HP:0004845	4223	Acute monocytic leukemia
HP:0002454	1016	Eye of the tiger anomaly of globus pallidus
HP:0025337	993	Red eye
HP:0040310	2757	Sterile arthritis
HP:0000322	2535	Short philtrum
HP:0006988	4904	Alobar holoprosencephaly
HP:0008453	982	Congenital kyphoscoliosis
HP:0025023	3063	Rectal atresia
HP:0003693	2038	Distal amyotrophy
HP:0002869	1124	Flared iliac wing
HP:0000951	2102	Abnormality of the skin
HP:0001159	3915	Syndactyly
HP:0002533	4969	Abnormal posturing
HP:0007201	131	Cerebral artery atherosclerosis
HP:0004743	729	Chronic tubulointerstitial nephritis
HP:0010818	1139	Generalized tonic seizure
HP:0000589	2257	Coloboma
HP:0011215	3010	Hemihypsarrhythmia
HP:0011410	3399	Caesarian section
HP:0001407	183	Hepatic cysts
HP:0001285	1456	Spastic tetraparesis
HP:0007344	1542	Atrophy/Degeneration involving the spinal cord
HP:0000762	2527	Decreased nerve conduction velocity
HP:0005195	2749	Polyarticular arthropathy
HP:0034744	2142	Elevated urinary S-sulfocysteine level
HP:0009768	4655	Broad phalanges of the hand
HP:0012650	594	Perisylvian polymicrogyria
HP:0006687	97	Aortic tortuosity
HP:0007906	324	Ocular hypertension
HP:0012286	1058	Abnormal hypothalamus morphology
HP:0002021	868	Pyloric stenosis
HP:0008948	9	Proximal upper limb amyotrophy
HP:0012487	1107	Cerebellopontine angle arachnoid cyst
HP:0001977	4982	Abnormal thrombosis
HP:0002550	3768	Absent facial hair
HP:0002292	3863	Frontal balding
HP:0100765	458	Abnormality of the tonsils
HP:0007112	4794	Temporal cortical atrophy
HP:0030081	3640	Punctate periventricular T2 hyperintense foci
HP:0006894	2770	Hypoplastic olfactory lobes
HP:0002853	871	Increased proportion of HLA DR+ T cells
HP:0001540	471	Diastasis recti
HP:0011740	4805	Glucocortocoid-insensitive primary hyperaldosteronism
HP:0045037	5302	Abnormality of jaw muscles
HP:0002199	499	Hypocalcemic seizures
HP:0001963	3730	Abnormal speech discrimination
HP:0031013	2906	Ankylosis
HP:0033995	331	Microvillus inclusions
HP:0001696	2521	Situs inversus totalis
HP:0011456	2229	Absent stapes
HP:0007469	2015	Palmoplantar cutis gyrata
HP:0009656	1549	Symphalangism of the thumb
HP:0007266	4710	Cerebral dysmyelination
HP:0100736	5165	Abnormal soft palate morphology
HP:0010772	43	Anomalous pulmonary venous return
HP:0005518	1586	Increased mean corpuscular volume
HP:0007325	2519	Generalized dystonia
HP:0008527	3887	Congenital sensorineural hearing impairment
HP:0012397	164	Aortic atherosclerotic lesion
HP:0000897	983	Rachitic rosary
HP:0000879	2493	Short sternum
HP:0032569	3381	Temporal bossing
HP:0006896	5508	Hypnopompic hallucination
HP:0031139	3609	Frog-leg posture
HP:0032344	1667	Upslanting toenail
HP:0004039	3668	Abnormal ulnar metaphysis morphology
HP:0200151	1537	Cutaneous mastocytosis
HP:0034288	70	Elevated circulating reverse T3 concentration
HP:0010734	1630	Fibrous dysplasia of the bones
HP:0006657	4981	Hypoplasia of first ribs
HP:0033058	5036	Decreased circulating complement C7 concentration
HP:0031102	1038	Increased circulating antimullerian hormone concentration
HP:0004950	1615	Peripheral arterial stenosis
HP:0007603	3830	Freckles in sun-exposed areas
HP:0007917	16	Tractional retinal detachment
HP:0004722	143	Thickened glomerular basement membrane
HP:0011270	1263	Duplicated tragus
HP:0012340	2380	Decreased resting energy expenditure
HP:0001709	1106	Third degree atrioventricular block
HP:0031358	3979	Vegetative state
HP:0034894	108	Elevated brain polyol compounds by MRS
HP:0007380	4669	Facial telangiectasia
HP:0012510	4070	Extra-axial cerebrospinal fluid accumulation
HP:0008845	860	Mesomelic short stature
HP:0032075	3180	Splenopancreatic fusion
HP:0032170	875	Severe varicella zoster infection
HP:0007722	2515	Retinal pigment epithelial atrophy
HP:0100253	3174	Abnormality of the medullary cavity of the long bones
HP:0008133	1689	Distal tapering of metatarsals
HP:0010916	2480	Abnormal circulating alanine concentration
HP:0009835	821	Aplasia/Hypoplasia of the distal phalanges of the hand
HP:0000974	2671	Hyperextensible skin
HP:0003563	1888	Decreased LDL cholesterol concentration
HP:0002979	623	Bowing of the legs
HP:0010775	3631	Vascular ring
HP:0012236	2340	Elevated sweat chloride
HP:0003200	2509	Ragged-red muscle fibers
HP:0007354	121	Amyotrophic lateral sclerosis
HP:0100630	2150	Neoplasia of the nasopharynx
HP:0032508	526	Polyembolokoilamania
HP:0100277	1207	Periauricular skin pits
HP:0030426	2280	Ossifying fibroma
HP:0032451	1388	Oral melanotic macule
HP:0012720	1305	Neoplasm of the nose
HP:0006943	62	Diffuse spongiform leukoencephalopathy
HP:0011358	23	Generalized hypopigmentation of hair
HP:0001744	1607	Splenomegaly
HP:0004681	5011	Deep longitudinal plantar crease
HP:0010721	5143	Abnormal hair whorl
HP:0010371	1943	Aplasia/Hypoplasia of the phalanges of the 4th toe
HP:0002613	1278	Biliary cirrhosis
HP:0033264	345	Enlarged platelet dense granules
HP:0012234	155	Agranulocytosis
HP:0500018	2157	Abnormal cardiac exercise stress test
HP:0025309	589	Abnormal pupil shape
HP:0001561	1211	Polyhydramnios
HP:0002058	2708	Myopathic facies
HP:0010841	2879	Multifocal epileptiform discharges
HP:0100718	54	Uterine rupture
HP:0500251	5248	Abnormal urine sebacic acid concentration
HP:0034567	221	Optic pit
HP:0010926	2503	Aculeiform cataract
HP:0001597	1735	Abnormality of the nail
HP:0002174	1250	Postural tremor
HP:0550004	198	Verruca plana
HP:0012521	2257	Optic nerve aplasia
HP:0000368	534	Low-set, posteriorly rotated ears
HP:0100544	552	Neoplasm of the heart
HP:0100729	2501	Large face
HP:0006376	4948	Limited elbow flexion
HP:0009602	5091	Abnormality of thumb phalanx
HP:0000774	5174	Narrow chest
HP:0032568	3701	Urinary mulberry cells
HP:0031867	1347	Neck hypertonia
HP:0002045	3325	Hypothermia
HP:0008529	4996	Absence of acoustic reflex
HP:0006713	1145	Aplasia/Hypoplasia of the scapulae
HP:0005199	986	Aplasia of the abdominal wall musculature
HP:0200036	3601	Skin nodule
HP:0001327	1403	Photosensitive myoclonic seizure
HP:0011581	1781	Double outlet left ventricle
HP:0012803	4602	Anisometropia
HP:0033077	3157	Increased circulating free T4 concentration
HP:0011879	858	Decreased platelet glycoprotein Ib-IX-V
HP:0012219	3907	Erythema nodosum
HP:0003387	1059	Decreased number of large peripheral myelinated nerve fibers
HP:0031946	263	Elevated urinary N,N-dimethylglycine level
HP:0000967	3703	Petechiae
HP:0011235	1033	Additional crus of antihelix
HP:0007326	1620	Progressive choreoathetosis
HP:0002638	25	Superficial thrombophlebitis
HP:0009752	1091	Cleft in skull base
HP:0005487	2694	Prominent metopic ridge
HP:0100244	2204	Fibrosarcoma
HP:0020046	4473	Accommodative esotropia
HP:0003382	3	Hypertrophic nerve changes
HP:0000794	3369	IgA deposition in the glomerulus
HP:0008945	3585	Loss of ability to walk in early childhood
HP:0011639	2215	Anomalous origin of right coronary artery from the pulmonary artery
HP:0033579	767	Decreased growth hormone responses to growth hormone-releasing hormone challenge
HP:0025104	4343	Capillary malformation
HP:0025080	454	Orthokeratotic hyperkeratosis
HP:0003086	3099	Acromesomelia
HP:0031221	2486	Abnormal radioactive iodine uptake test result
HP:0033838	4968	Dysphoria
HP:0032208	851	Increased urinary type 1 collagen N-terminal telopeptide level
HP:4000169	2481	Pontine T2 hypointensity
HP:0033004	206	Palmar warts
HP:0006135	55	Decreased finger mobility
HP:0003130	3395	Abnormal peripheral myelination
HP:0012363	2289	Decreased sialylation of O-linked protein glycosylation
HP:0010780	787	Hyperacusis
HP:0010577	1196	Absent epiphyses
HP:0001645	2429	Sudden cardiac death
HP:0007502	561	Follicular hyperkeratosis
HP:0002912	618	Methylmalonic acidemia
HP:0002213	1431	Fine hair
HP:0030087	0	Abnormal circulating testosterone concentration
HP:0025433	4544	Decreased lecithin cholesterol acyl transferase level
HP:0005360	3876	Susceptibility to chickenpox
HP:0100739	75	Bulimia
HP:0001254	1	Lethargy
HP:0500198	934	Decreased CSF glutamine concentration
HP:0010576	4319	Intracranial cystic lesion
HP:0006723	453	Intestinal carcinoid
HP:0009916	491	Anisocoria
HP:0002937	457	Hemivertebrae
HP:0008633	3933	Agonadism
HP:0012434	3473	Delayed early-childhood social milestone development
HP:0034863	1858	Reduced leukocyte arylsulfatase A activity
HP:0000885	150	Broad ribs
HP:0032458	4983	Narrowing of medullary canal
HP:0010104	3262	Absent first metatarsal
HP:0012618	2986	Urachal cyst
HP:0025481	3313	Cervical hemivertebrae
HP:0011818	459	Nasofrontal encephalocele
HP:0000795	3405	Abnormality of the urethra
HP:0005247	193	Hypoplasia of the abdominal wall musculature
HP:0006739	4957	Squamous cell carcinoma of the skin
HP:0030311	1857	Lower extremity joint dislocation
HP:0025434	219	Reduced circulating CH50 activity
HP:0034553	1674	Absence of peroxisomes
HP:0011051	597	Agenesis of premolar
HP:0030977	2067	Increased factor VIII activity
HP:0008187	2044	Absence of secondary sex characteristics
HP:0001877	4939	Abnormal erythrocyte morphology
HP:0012523	1732	Oral aversion
HP:0010885	3539	Avascular necrosis
HP:0010510	4928	Hypermobility of toe joints
HP:0001084	3731	Corneal arcus
HP:0012197	14	Insulinoma
HP:0031629	3281	Impaired tandem gait
HP:0410033	5531	Unilateral alveolar cleft of maxilla
HP:0003645	614	Prolonged partial thromboplastin time
HP:0031303	691	Femoral arterial calcification
HP:0100724	4337	Hypercoagulability
HP:0002168	1148	Scanning speech
HP:0031858	2918	Esophageal furrows
HP:0007911	933	Congenital bilateral ptosis
HP:0200148	999	Abnormal liver function tests during pregnancy
HP:0012469	4807	Infantile spasms
HP:0006895	1224	Lower limb hypertonia
HP:0006336	1228	Short dental root
HP:0000591	3527	Abnormal sclera morphology
HP:0001904	306	Neutropenia in presence of anti-neutropil antibodies
HP:0012223	2426	Splenic rupture
HP:0040331	4686	Focal hypointensity of cerebral white matter on MRI
HP:0002557	4797	Hypoplastic nipples
HP:0032160	268	Cryptococcal meningitis
HP:0009484	420	Deviation of the hand or of fingers of the hand
HP:0001911	5458	Abnormal granulocyte morphology
HP:0001660	241	Truncus arteriosus
HP:0009968	1143	Partial duplication of the distal phalanx of the 3rd finger
HP:0011362	2098	Abnormal hair quantity
HP:0100829	74	Galactorrhea
HP:0030046	110	Hypoglycosylation of alpha-dystroglycan
HP:0031378	1106	Abnormal lymphocyte proliferation
HP:0033608	3862	Pulmonary nodule
HP:0002780	2110	Bronchomalacia
HP:0010709	5305	2-4 finger syndactyly
HP:0034319	612	CNS vasculitis with reactivation of varicella-zoster virus
HP:0010164	1383	Cone-shaped epiphyses of the toes
HP:0005183	258	Pericardial lymphangiectasia
HP:0100315	4903	Lewy bodies
HP:0000396	2070	Overfolded helix
HP:0006882	2710	Severe hydrocephalus
HP:0001211	3961	Abnormal fingertip morphology
HP:0034457	1223	Hawkinsinuria
HP:0008050	3947	Abnormality of the palpebral fissures
HP:0000194	1789	Open mouth
HP:0006615	2549	Absent in utero rib ossification
HP:0008665	3328	Clitoral hypertrophy
HP:0001579	295	Primary hypercortisolism
HP:0000340	580	Sloping forehead
HP:0025040	2265	Thalamic edema
HP:0009788	3924	Quadriceps aplasia
HP:0010781	4837	Skin dimple
HP:0030713	5103	Vein of Galen aneurysmal malformation
HP:0030021	2377	Auricular tag
HP:0006048	1454	Distal widening of metacarpals
HP:0034691	2768	Reduced 3-phosphoglycerate dehydrogenase activity
HP:0011829	4656	Narrow philtrum
HP:0030314	368	Periostosis
HP:0000987	746	Atypical scarring of skin
HP:0007481	2920	Hyperpigmented nevi
HP:6000598	1095	Elevated urinary succinylacetone level
HP:0004320	1152	Vaginal fistula
HP:0002879	2571	Anisospondyly
HP:0007770	1215	Hypoplasia of the retina
HP:0009125	2717	Lipodystrophy
HP:0100748	1268	Muscular edema
HP:0020223	4402	Dermal sinus tract
HP:0005390	1032	Recurrent opportunistic infections
HP:0001670	181	Asymmetric septal hypertrophy
HP:0003781	5414	Excessive salivation
HP:0009429	2066	Aplasia of the distal phalanx of the 3rd finger
HP:0008800	755	Limited hip movement
HP:0025707	1293	Hypoplastic nasal bone
HP:0011790	1243	Activating thyroid-stimulating hormone receptor defect
HP:0033614	2766	Tracheal bronchus
HP:0009716	4237	Subependymal nodules
HP:0003287	2849	Abnormality of mitochondrial metabolism
HP:0012130	1850	Abnormal erythroid lineage cell morphology
HP:0001733	4871	Pancreatitis
HP:0030234	5512	Highly elevated creatine kinase
HP:0034042	4863	Dorsal hirsutism
HP:0008394	361	Congenital onychodystrophy
HP:0012039	107	Descemet Membrane Folds
HP:0002207	423	Diffuse reticular or finely nodular infiltrations
HP:0010291	3045	Prominent palatine ridges
HP:0001941	3365	Acidosis
HP:0100813	4366	Testicular torsion
HP:0008890	1860	Severe short-limb dwarfism
HP:0009899	4031	Prominent crus of helix
HP:0005766	3864	Disproportionate shortening of the tibia
HP:0031566	1498	Abnormal pulmonary valve cusp morphology
HP:0000010	2168	Recurrent urinary tract infections
HP:0004459	4297	Exostosis of the external auditory canal
HP:0011367	4641	Yellow nails
HP:0012270	3756	Decreased muscle glycogen content
HP:0009190	3288	Irregular epiphyses of the metacarpals
HP:0032562	209	Tapered sperm head
HP:0045026	4897	Abnormal mediastinum morphology
HP:0030657	984	Umbilical cord hematoma
HP:0025267	4422	Snoring
HP:0002842	140	Recurrent Burkholderia cepacia infections
HP:0006507	1213	Aplasia/hypoplasia of the humerus
HP:0000160	1724	Narrow mouth
HP:0100617	4511	Testicular seminoma
HP:0000451	3883	Triangular nasal tip
HP:0033465	308	Elevated circulating tetradecanoylcarnitine concentration
HP:0003888	1325	Flattened humeral heads
HP:0000582	3514	Upslanted palpebral fissure
HP:0011443	105	Abnormality of coordination
HP:0020061	1521	Abnormal hemoglobin concentration
HP:0010821	509	Focal emotional seizure with laughing
HP:0007515	1409	Hypoplastic pilosebaceous units
HP:0200096	1994	Triangular-shaped open mouth
HP:0007459	4848	Generalized anhidrosis
HP:0001438	5469	Abnormal abdomen morphology
HP:0008070	910	Sparse hair
HP:0005446	1070	Obtuse angle of mandible
HP:0100033	3031	Tics
HP:0011871	4914	Impaired ristocetin-induced platelet aggregation
HP:0010301	2365	Spinal dysraphism
HP:0100320	1209	Rosenthal fibers
HP:0000338	1097	Hypomimic face
HP:0020088	142	Post-vaccination measles
HP:0033720	2595	EEG with occipital epileptiform discharges
HP:0003477	3697	Peripheral axonal neuropathy
HP:0005019	4022	Diaphyseal undertubulation
HP:0003180	4160	Flat acetabular roof
HP:0012501	2374	Abnormal brainstem white matter morphology
HP:0010789	1829	Abnormality of the Leydig cells
HP:0034760	1219	Reduced epidermal extracellular matrix protein 1 protein expression
HP:0004890	3055	Elevated pulmonary artery pressure
HP:0003517	2739	Birth length greater than 97th percentile
HP:0011629	1404	Total absence of the pericardium
HP:0034363	754	Corneal pterygium
HP:0000148	1691	Vaginal atresia
HP:0006772	1206	Renal angiomyolipoma
HP:0031664	1651	Systolic heart murmur
HP:0009774	1264	Triangular shaped phalanges of the hand
HP:0031216	700	Increased circulating progesterone
HP:0001883	2866	Talipes
HP:0008176	253	Neonatal unconjugated hyperbilirubinemia
HP:0000228	1379	Oral cavity telangiectasia
HP:0007678	1953	Lacrimal duct stenosis
HP:0000917	1443	Superior pectus carinatum
HP:0005989	1762	Redundant neck skin
HP:0006387	3568	Wide distal femoral metaphysis
HP:0002561	3736	Absent nipple
HP:0200071	413	Peripheral vitreoretinal degeneration
HP:0005977	300	Hypochloremic metabolic alkalosis
HP:0003107	3499	Abnormal circulating cholesterol concentration
HP:0010602	4679	Type 2 muscle fiber predominance
HP:0034593	636	Elevated circulating dihydrouracil concentration
HP:0005764	67	Polyarticular arthritis
HP:0002762	5492	Multiple exostoses
HP:0012504	2910	Abnormal size of pituitary gland
HP:0002545	625	Patchy demyelination of subcortical white matter
HP:0008454	3533	Lumbar kyphosis
HP:0030011	4165	Imperforate hymen
HP:0025403	4645	Stooped posture
HP:0100601	5534	Eclampsia
HP:0003719	3230	Muscle mounding
HP:0020154	1205	Nevus comedonicus
HP:0009890	356	High anterior hairline
HP:0001757	3451	High-frequency sensorineural hearing impairment
HP:0002205	4960	Recurrent respiratory infections
HP:0002840	740	Lymphadenitis
HP:0030002	1922	Nocturnal lagophthalmos
HP:0040181	5495	Chapped lip
HP:0002812	243	Coxa vara
HP:0003540	1242	Impaired platelet aggregation
HP:0001644	2409	Dilated cardiomyopathy
HP:0000605	374	Supranuclear gaze palsy
HP:0000854	4257	Thyroid adenoma
HP:6000691	336	Left atrial fibrosis
HP:6000513	305	Diminished neutrophil myeloperoxidase activity
HP:0000240	1073	Abnormality of skull size
HP:0007655	4434	Eversion of lateral third of lower eyelids
HP:0034040	634	Bidirectional ventricular tachycardia
HP:0009028	644	Generalized weakness of limb muscles
HP:6000037	2122	Reduced circulating aromatic L-amino acid decarboxylase activity
HP:0030211	3699	Slow pupillary light response
HP:0011532	1151	Subretinal exudate
HP:0004308	344	Ventricular arrhythmia
HP:0003214	4754	Prolonged G2 phase of cell cycle
HP:0003574	102	Positive regitine blocking test
HP:0012892	2746	Facial muscle hypertrophy
HP:0025264	2025	Stiff ankle
HP:0020123	4963	Tympanosclerosis
HP:0005537	742	Decreased mean platelet volume
HP:6000263	3357	Papillary dermal edema
HP:0025533	3603	Peau d'orange
HP:0000460	2111	Narrow nose
HP:0010452	3298	Ectopia of the spleen
HP:0002514	2993	Cerebral calcification
HP:0500089	1060	Optic nerve sheath meningioma
HP:0002945	4043	Intervertebral space narrowing
HP:0011001	1705	Increased bone mineral density
HP:0005352	3588	Severe T-cell immunodeficiency
HP:0012221	5382	Pretibial blistering
HP:0002136	1477	Broad-based gait
HP:0005608	4564	Bilobate gallbladder
HP:0032391	4124	Subcortical heterotopia
HP:0100874	553	Thick hair
HP:0032588	60	Hand apraxia
HP:0010302	5317	Spinal cord tumor
HP:0012265	184	Ciliary dyskinesia
HP:0006156	1235	Ulnar deviation of thumb
HP:0008001	2981	Foveal hyperpigmentation
HP:0000522	749	Alacrima
HP:0000965	3322	Cutis marmorata
HP:0040315	4573	Tongue edema
HP:0005229	1372	Jejunoileal ulceration
HP:0030344	66	Decreased circulating luteinizing hormone level
HP:0012294	763	Abnormal occipital bone morphology
HP:0100308	1522	Cerebral cortical hemiatrophy
HP:0001807	1809	Ridged nail
HP:0100513	236	Decreased circulating vitamin E concentration
HP:0005746	5406	Osteosclerosis of the base of the skull
HP:0034720	1339	Self-healing squamous epithelioma
HP:0006051	2461	Metacarpal periosteal thickening
HP:0034706	1048	Reduced hepatic D-glycerate kinase activity
HP:0012553	1177	Hypoplastic thumbnail
HP:0001658	3006	Myocardial infarction
HP:6000576	1197	Reduced tissue mannosyl-oligosaccharide glucosidase activity
HP:0005565	3722	Reduced renal corticomedullary differentiation
HP:0001276	4056	Hypertonia
HP:0008046	1971	Abnormal retinal vascular morphology
HP:0003458	1461	EMG: myopathic abnormalities
HP:0010843	3140	EEG with focal slow activity
HP:0002362	2176	Shuffling gait
HP:0034189	1937	Anti-thyroid-stimulating hormone receptor antibody positivity
HP:0005100	3300	Premature birth following premature rupture of fetal membranes
HP:0030680	2391	Abnormal cardiovascular system morphology
HP:0002757	297	Recurrent fractures
HP:0011152	4146	Early onset absence seizures
HP:0012129	366	Abnormality of bone marrow stromal cells
HP:0006566	3867	Neonatal cholestatic liver disease
HP:0011809	2090	Paradoxical myotonia
HP:0034918	3000	Reduced muscle 2,4-dienoyl-CoA reductase activity
HP:0002967	1877	Cubitus valgus
HP:0032867	3012	Refractory status epilepticus
HP:0030756	3460	Erythrodontia
HP:0025496	2806	Abnormal coronary artery physiology
HP:0001601	3302	Laryngomalacia
HP:0011344	3280	Severe global developmental delay
HP:0031692	3258	Severe cytomegalovirus infection
HP:6000473	1844	Decreased FOXP3-expressing T cell count
HP:0001495	1373	Carpal osteolysis
HP:0003213	580	Deficient excision of UV-induced pyrimidine dimers in DNA
HP:0040161	2288	Localized osteoporosis
HP:0007475	2552	Congenital bullous ichthyosiform erythroderma
HP:0001923	865	Reticulocytosis
HP:0009417	1473	Pseudoepiphyses of the 3rd finger
HP:0011838	4120	Sclerodactyly
HP:0012079	1450	Abnormality of central motor conduction
HP:0001460	487	Aplasia/Hypoplasia involving the skeletal musculature
HP:0012178	997	Reduced natural killer cell activity
HP:0010463	3764	Aplasia of the ovary
HP:0003281	798	Increased circulating ferritin concentration
HP:0034007	1190	Posterior atrophy of corpus callosum
HP:0000316	3838	Hypertelorism
HP:0031956	2598	Elevated circulating aspartate aminotransferase concentration
HP:0011716	3949	Junctional ectopic tachycardia
HP:0005327	3728	Loss of facial expression
HP:0030904	3939	Glabellar reflex
HP:0030289	753	Flattened femoral epiphysis
HP:0003248	5017	Gonadal tissue inappropriate for external genitalia or chromosomal sex
HP:0031857	3583	Ineffective esophageal peristalsis
HP:0010659	2371	Patchy variation in bone mineral density
HP:0007002	2748	Motor axonal neuropathy
HP:0008450	282	Narrow vertebral interpedicular distance
HP:0032330	699	Increased urinary 11-deoxycorticosterone level
HP:0001713	3198	Abnormal cardiac ventricle morphology
HP:0001818	489	Paronychia
HP:0000452	2376	Choanal stenosis
HP:6000396	1113	Elevated CSF guanidinoacetic acid concentration
HP:0030169	2286	Gastric varix
HP:0006619	99	Anterior rib punctate calcifications
HP:0040228	1675	Decreased level of plasminogen
HP:0009119	3989	Aplasia/Hypoplasia of the frontal sinuses
HP:0011897	838	Neutrophilia
HP:0200120	2928	Chronic active hepatitis
HP:0033005	206	Plantar warts
HP:0000278	1747	Retrognathia
HP:0011332	4096	Hemifacial hypoplasia
HP:0100828	2423	Increased T cell count
HP:0000601	3562	Hypotelorism
HP:0011327	3990	Posterior plagiocephaly
HP:0003201	1166	Rhabdomyolysis
HP:0000122	1193	Unilateral renal agenesis
HP:0034279	1066	2,8-dihydroxyadenine crystalluria
HP:0031913	296	Rhombencephalosynapsis
HP:0002317	4748	Unsteady gait
HP:0011314	710	Abnormal long bone morphology
HP:0012507	1043	Weakness of orbicularis oculi muscle
HP:0003042	2225	Elbow dislocation
HP:0005011	2954	Mesomelic arm shortening
HP:0040079	4783	Irregular dentition
HP:4000207	692	Reduced branched-chain alpha-keto acid dehydrogenase activity in cultured fibroblasts
HP:0004889	5448	Intermittent episodes of respiratory insufficiency due to muscle weakness
HP:0030856	3318	Posterior staphyloma
HP:0040276	2183	Adenocarcinoma of the colon
HP:0001647	2210	Bicuspid aortic valve
HP:0040128	2178	Abnormal sweat electrolytes
HP:0010692	4329	2-5 finger syndactyly
HP:0033504	64	Elevated circulating fumarate concentration
HP:0004660	1047	Hypoplasia of facial musculature
HP:0034333	212	Increased circulating hypoxanthine concentration
HP:0002064	3293	Spastic gait
HP:0007862	4451	Retinal calcification
HP:0100625	4791	Enlarged thorax
HP:0040154	3824	Acne inversa
HP:0009742	528	Stiff shoulders
HP:0001217	381	Clubbing
HP:0002408	5391	Cerebral arteriovenous malformation
HP:0500152	4653	Hypocystinemia
HP:0011025	5147	Abnormal cardiovascular system physiology
HP:0005494	831	Premature posterior fontanelle closure
HP:0001718	1878	Mitral stenosis
HP:0100865	4582	Broad ischia
HP:0006548	834	Pulmonary arteriovenous malformation
HP:0010545	3788	Downbeat nystagmus
HP:0001929	4716	Reduced factor XI activity
HP:0001924	1180	Sideroblastic anemia
HP:0003536	1389	Decreased fumarate hydratase activity
HP:0033165	3745	Necrotizing enterocolitis
HP:0001969	2369	Abnormal tubulointerstitial morphology
HP:0025230	3751	Tendonitis
HP:0001944	4719	Dehydration
HP:0033582	2974	Pulmonary interstitial lymphocyte infiltration
HP:0008185	203	Precocious puberty in males
HP:0031064	668	Impaired continence
HP:0000651	3704	Diplopia
HP:0012706	3755	Elevated brain choline level by MRS
HP:0001009	1968	Telangiectasia
HP:0011942	277	Increased urinary sulfite level
HP:0100669	1305	Abnormal pigmentation of the oral mucosa
HP:0010194	411	Aplasia/Hypoplasia of the middle phalanges of the toes
HP:4000093	471	Ectopic tooth eruption
HP:0002257	17	Chronic rhinitis
HP:0030619	4712	Reduced OCT-measured foveal thickness
HP:0005913	856	Abnormal metacarpal epiphysis morphology
HP:0008421	289	Tall lumbar vertebral bodies
HP:0030220	633	Socially inappropriate behavior
HP:0010910	4956	Hypervalinemia
HP:0012068	1312	Aspartylglucosaminuria
HP:0000534	2435	Abnormal eyebrow morphology
HP:0006775	638	Multiple myeloma
HP:0025528	4363	Annular cutaneous lesion
HP:0012222	102	Arachnoid hemangiomatosis
HP:0002403	1754	Positive Romberg sign
HP:0410170	1800	Hippocampal atrophy
HP:0008706	509	Distal urethral duplication
HP:0003367	1103	Abnormal femoral neck morphology
HP:0040142	1176	Reduced circulating 5-oxoprolinase activity
HP:0012731	3516	Ectopic anterior pituitary gland
HP:0002133	101	Status epilepticus
HP:0009756	4919	Popliteal pterygium
HP:0010850	1582	EEG with spike-wave complexes
HP:0033677	1897	Acute respiratory distress syndrome
HP:0030534	65	Abnormal best corrected visual acuity test
HP:0030448	2646	Soft tissue sarcoma
HP:0001090	5320	Abnormally large globe
HP:0002356	4929	Writer's cramp
HP:0100583	630	Corneal perforation
HP:0009062	2254	Infantile axial hypotonia
HP:0100307	1556	Cerebellar hemisphere hypoplasia
HP:0034348	884	Subpulmonary stenosis
HP:0007792	1120	Microsaccadic pursuit
HP:0030271	2346	Reduced erythrocyte 2,3-diphosphoglycerate concentration
HP:0003080	704	Hydroxyprolinuria
HP:0007006	1229	Dorsal column degeneration
HP:0008470	2075	Lower thoracic interpediculate narrowness
HP:0000574	3898	Thick eyebrow
HP:0100256	1535	Senile plaques
HP:0004326	3272	Cachexia
HP:0100550	3449	Tendon rupture
HP:0012698	3950	Cerebellar gliosis
HP:0010571	5517	Elevated circulating phytanic acid concentration
HP:0025426	522	Abnormal bronchus morphology
HP:0012594	4733	Moderate albuminuria
HP:0031631	975	Subpleural honeycombing
HP:0031833	2891	Hypometric upward saccades
HP:0001050	335	Plethora
HP:0430046	497	Small joint hypermobilty
HP:0025065	675	Abnormal mean corpuscular volume
HP:0011476	418	Profound sensorineural hearing impairment
HP:0005558	672	Chronic leukemia
HP:6000219	1184	Reduced methylmalonate semialdehyde dehydrogenase activity in cultured fibroblasts
HP:0002849	1660	Absence of lymph node germinal center
HP:0001574	4946	Abnormality of the integument
HP:0001055	5336	Erysipelas
HP:0001581	1171	Recurrent skin infections
HP:0100733	1247	Neoplasm of the parathyroid gland
HP:0007330	1077	Frontal encephalocele
HP:0000169	1797	Gingival fibromatosis
HP:0011950	5465	Bronchiolitis
HP:0003144	5313	Increased serum serotonin
HP:0001311	2382	Abnormal nervous system electrophysiology
HP:0200005	5184	Abnormal shape of the palpebral fissure
HP:0002251	2969	Aganglionic megacolon
HP:0012368	2058	Flat face
HP:0032216	1154	Lymphocytic infiltration of the colorectal mucosa
HP:0031108	2600	Triceps weakness
HP:0031109	2337	Agalactia
HP:6000572	1966	Reduced tissue arginine:glycine amidinotransferase activity
HP:0012579	171	Minimal change glomerulonephritis
HP:0003109	4954	Hyperphosphaturia
HP:0001680	5473	Coarctation of aorta
HP:0005947	1778	Decreased sensitivity to hypoxemia
HP:0005041	3802	Irregular capital femoral epiphysis
HP:0031676	3934	Monomorphic ventricular tachycardia
HP:0032028	422	Macular dots
HP:0030248	3387	Mesenteric venous thrombosis
HP:0001702	5041	Abnormal tricuspid valve morphology
HP:0002645	2892	Wormian bones
HP:0033076	103	Abnormal circulating free T4 concentration
HP:0012043	2283	Pendular nystagmus
HP:0006110	2456	Shortening of all middle phalanges of the fingers
HP:0045075	4246	Sparse eyebrow
HP:0007850	5038	Retinal vascular proliferation
HP:0100711	4348	Abnormal thoracic spine morphology
HP:0002630	2331	Fat malabsorption
HP:0003982	2734	Aplasia of the ulna
HP:0033686	4659	Mitochondrial hypertrophy
HP:0002043	5131	Esophageal stricture
HP:0000718	2327	Aggressive behavior
HP:0040314	3002	Blind vagina
HP:0001892	2325	Abnormal bleeding
HP:0003656	2452	Decreased beta-glucocerebrosidase level
HP:0000471	3454	Gastrointestinal angiodysplasia
HP:0005241	666	Total intestinal aganglionosis
HP:0005187	940	Progressive joint destruction
HP:0032524	1984	Long thumb
HP:0033166	4640	Recurrent viral upper respiratory tract infections
HP:0040025	1345	Clinodactyly of the 4th finger
HP:0011448	2891	Ankle clonus
HP:6000430	2319	Reduced tissue acetyl-CoA carboxylase activity
HP:0004252	144	Abnormality of the trapezium
HP:0000256	3402	Macrocephaly
HP:0001513	2633	Obesity
HP:0000961	530	Cyanosis
HP:0006262	1392	Aplasia/Hypoplasia of the 5th finger
HP:0032043	4230	Odynophagia
HP:0100777	3718	Exostoses
HP:0006465	4118	Periosteal thickening of long tubular bones
HP:0034003	288	Broad medial eyebrow
HP:0030812	3493	Enlarged tonsils
HP:0010519	3994	Increased fetal movement
HP:0006637	2287	Sternal punctate calcifications
HP:0006668	4187	Twelfth rib hypoplasia
HP:0002384	4809	Focal impaired awareness seizure
HP:0012417	1875	Hypocapnia
HP:0012256	1377	Absent outer dynein arms
HP:0006904	1156	Late-onset spinocerebellar degeneration
HP:0008160	308	3-hydroxydicarboxylic aciduria
HP:0020079	317	Beta-alaninuria
HP:0032671	2334	Non-convulsive status epilepticus without coma
HP:0010863	3466	Receptive language delay
HP:0032389	65	Periventricular laminar heterotopia
HP:0011766	474	Abnormal parathyroid morphology
HP:0001974	2401	Leukocytosis
HP:0034187	3507	Clavicular pseudarthrosis
HP:0004771	417	Premature graying of body hair
HP:0025682	2308	Crouch gait
HP:0012794	2305	Periventricular white matter hypodensities
HP:0031950	964	Usual interstitial pneumonia
HP:0032044	38	Decreased vigilance
HP:0002457	4520	Abnormal head movements
HP:0010549	120	Weakness due to upper motor neuron dysfunction
HP:0032215	3953	Disseminated cutaneous warts
HP:0032471	3047	Focal polymicrogyria
HP:0030824	267	Mizuo phenomenon
HP:0011757	4191	Posterior pituitary hypoplasia
HP:0006201	2820	Hypermobility of distal interphalangeal joints
HP:0005042	4050	Irregular, rachitic-like metaphyses
HP:0034913	3931	Acrosomal hypoplasia
HP:0011867	702	Abnormal iliac wing morphology
HP:0002138	1995	Subarachnoid hemorrhage
HP:0003789	5347	Minicore myopathy
HP:0011948	1188	Recurrent acute respiratory tract infection
HP:0000384	1635	Preauricular skin tag
HP:0003366	2247	Abnormal femoral neck/head morphology
HP:0034289	70	Elevated circulating rT3/T3 ratio
HP:0010252	4668	Ivory epiphyses of the distal phalanges of the hand
HP:0100362	3015	Aplasia of the phalanges of the 3rd toe
HP:0030325	743	Cervicomedullary schisis
HP:0033253	1289	Reduced circulating interferon gamma concentration
HP:0031157	1515	Carotid cavernous fistula
HP:0040218	1505	Reduced natural killer cell count
HP:0012060	1876	Acral lentiginous melanoma
HP:0034310	142	Post-vaccination yellow fever
HP:0033605	3438	Pustular rash
HP:0410067	5472	Increased level of L-fucose in urine
HP:0000068	1930	Urethral atresia
HP:0010583	5016	Ivory epiphyses
HP:0001075	3300	Atrophic scars
HP:0002593	4103	Intestinal lymphangiectasia
HP:0100753	3869	Schizophrenia
HP:0010645	720	Aplasia of the distal phalanges of the toes
HP:0000163	42	Abnormal oral cavity morphology
HP:0005216	2343	Impaired mastication
HP:0033597	2291	Decreased mucosal sucrase-isomaltase activity
HP:0006560	1286	Biliary hyperplasia
HP:0001315	3771	Reduced tendon reflexes
HP:0009720	5236	Adenoma sebaceum
HP:0012505	30	Enlarged pituitary gland
HP:0030615	1584	Foveal photoreceptor outer segment loss on macular OCT
HP:0011759	26	Pituitary gonadotropic cell adenoma
HP:0100670	3591	Coarse metaphyseal trabecularization
HP:0040329	3577	Multifocal hyperintensity of cerebral white matter on MRI
HP:0030147	3767	Truncal titubation
HP:0009638	4992	Short proximal phalanx of thumb
HP:0011033	340	Impairment of fructose metabolism
HP:0005906	1070	Delayed pneumatization of the mastoid process
HP:0003319	2730	Abnormality of the cervical spine
HP:0006846	5018	Acute encephalopathy
HP:0010891	2247	Morbus Scheuermann
HP:0004977	1599	Bilateral radial aplasia
HP:0001864	4833	Clinodactyly of the 5th toe
HP:0002573	406	Hematochezia
HP:0011944	2977	Small vessel vasculitis
HP:0002657	4912	Spondylometaphyseal dysplasia
HP:0011102	4432	Ileal atresia
HP:0009592	680	Astrocytoma
HP:0011707	1701	Mobitz I atrioventricular block
HP:0002614	1920	Hepatic periportal necrosis
HP:0010322	1302	Abnormal fifth toe morphology
HP:0011274	190	Recurrent mycobacterial infections
HP:0032571	141	Increased oocyte death
HP:0002280	1369	Enlarged cisterna magna
HP:0003749	1943	Pelvic girdle muscle weakness
HP:0002835	2867	Aspiration
HP:0000964	2468	Eczematoid dermatitis
HP:0033986	4551	Tortuous lymphatic vessels
HP:0011925	4548	Decreased activity of mitochondrial ATP synthase complex
HP:0011323	5065	Cleft of chin
HP:0002679	4195	Abnormal sella turcica morphology
HP:0100816	3969	Lip hyperpigmentation
HP:0012747	1981	Abnormal brainstem MRI signal intensity
HP:0000568	2491	Microphthalmia
HP:0011013	736	Abnormal circulating carbohydrate concentration
HP:0030071	218	Medulloepithelioma
HP:0032390	2316	Periventricular ribbonlike heterotopia
HP:0000848	205	Increased circulating renin level
HP:0012411	567	Premature pubarche
HP:0002172	1134	Postural instability
HP:0011539	981	Atrial situs ambiguous
HP:0000407	2507	Sensorineural hearing impairment
HP:0410132	3948	Increased level of L-pyroglutamic acid in urine
HP:0001094	4963	Iridocyclitis
HP:0003716	582	Generalized muscular appearance from birth
HP:0008232	4032	Elevated circulating follicle stimulating hormone level
HP:0011308	1820	Slender toe
HP:0010515	4176	Aplasia/Hypoplasia of the thymus
HP:0003560	110	Muscular dystrophy
HP:0030049	4823	Brain abscess
HP:0008443	1063	Neuropathic spinal arthropathy
HP:0006721	15	Acute lymphoblastic leukemia
HP:0011668	1132	Bilateral superior vena cava with no bridging vein
HP:0002943	1478	Thoracic scoliosis
HP:0012735	2727	Cough
HP:0006089	3870	Palmar hyperhidrosis
HP:0034730	281	Elevated circulating S-adenosyl-L-homocysteine concentration
HP:0007703	3434	Abnormality of retinal pigmentation
HP:0030822	3925	Hooded upper eyelid
HP:0008750	3101	Laryngeal atresia
HP:0000162	355	Glossoptosis
HP:0002813	743	Abnormal limb bone morphology
HP:0011590	3944	Double aortic arch
HP:0007832	4474	Pigmentation of the sclera
HP:6000559	1713	Reduced erythrocyte hexokinase activity
HP:0007623	2711	Pigmentation anomalies of sun-exposed skin
HP:0032538	3155	Pretibial dimple
HP:0100381	475	Absent middle phalanx of the 3rd toe
HP:0005912	3376	Biliary atresia
HP:0010693	280	Pulverulent cataract
HP:0100515	2995	Pollakisuria
HP:0025177	53	Peribronchovascular interstitial thickening
HP:0003737	2249	Mitochondrial myopathy
HP:0006012	1457	Widened metacarpal shaft
HP:0007443	4998	Partial albinism
HP:0012592	5115	Albuminuria
HP:0006454	1921	Delayed patellar ossification
HP:0010450	1962	Esophageal stenosis
HP:0033104	631	Inappropriate absence of fever
HP:0004757	27	Paroxysmal atrial fibrillation
HP:0004406	858	Spontaneous, recurrent epistaxis
HP:0030295	1225	Metaphyseal chondromatosis of femur
HP:0011513	1363	Retinal cavernous hemangioma
HP:0011902	3775	Abnormal hemoglobin
HP:0031610	1861	Recurrent shoulder dislocation
HP:0010289	2341	Cleft maxillary alveolar ridge
HP:0000230	532	Gingivitis
HP:0010497	4844	Sirenomelia
HP:0003635	52	Loss of subcutaneous adipose tissue in limbs
HP:0100755	1154	Abnormality of salivation
HP:0005235	2564	Jejunal atresia
HP:0410204	186	Increased intestinal transit time
HP:0002057	4169	Prominent glabella
HP:0002913	116	Myoglobinuria
HP:0011342	2235	Mild global developmental delay
HP:0012802	3781	Broad jaw
HP:0025115	944	Civatte bodies
HP:0200067	3971	Recurrent spontaneous abortion
HP:0005775	5189	Multiple skeletal anomalies
HP:0040226	25	Decreased level of heparin co-factor II
HP:0008652	537	Autonomic erectile dysfunction
HP:0012554	304	Absent thumbnail
HP:0006725	226	Pancreatic adenocarcinoma
HP:0001748	17	Polysplenia
HP:0004050	4088	Absent hand
HP:0040129	3404	Abnormal nerve conduction velocity
HP:0034253	2231	Eosinophil nuclear hypersegmentation
HP:0030005	4007	Capillary leak
HP:0005613	83	Aplasia/hypoplasia of the femur
HP:0030830	829	Crackles
HP:0003081	4771	Increased urinary potassium
HP:0025402	845	Square-wave jerks
HP:0002866	2077	Hypoplastic iliac wing
HP:0100707	2615	Abnormal astrocyte morphology
HP:0032163	4953	Molluscum contagiosum
HP:0100013	4910	Neoplasm of the breast
HP:0008439	726	Lumbar hemivertebrae
HP:0006930	467	Frontoparietal cortical dysplasia
HP:0031960	5127	Arm dystonia
HP:0001105	322	Retinal atrophy
HP:0031261	2209	Bladder polyp
HP:0005129	1864	Congenital hypertrophy of left ventricle
HP:0002140	31	Ischemic stroke
HP:0009767	397	Aplasia/Hypoplasia of the phalanges of the hand
HP:0011375	1657	Cochlear aplasia
HP:0007427	1036	Reticulated skin pigmentation
HP:0000882	1080	Hypoplastic scapulae
HP:0030214	4110	Hypersexuality
HP:6000479	138	Elevated urine N-acetyltyrosine level
HP:0007838	5045	Progressive ptosis
HP:0000600	734	Abnormality of the pharynx
HP:0001112	159	Leber optic atrophy
HP:0008417	5341	Vertebral hypoplasia
HP:0000315	3906	Abnormality of the orbital region
HP:0000648	2221	Optic atrophy
HP:0012387	5084	Bronchitis
HP:0006397	1479	Lateral displacement of patellae
HP:0007141	2821	Sensorimotor neuropathy
HP:0100027	3560	Recurrent pancreatitis
HP:0020117	447	Hypoplastic dermoepidermal hemidesmosomes
HP:0002810	3160	Dumbbell-shaped metaphyses
HP:0034936	1304	Elevated circulating lathosterol concentration
HP:0001983	1407	Reduced lymphocyte surface expression of CD43
HP:0031635	1833	Anomalous origin of the left common carotid artery from the brachiocephalic artery
HP:0003461	3277	Increased urinary O-linked sialopeptides
HP:0012001	3575	EEG with generalized polyspikes
HP:0000456	889	Bifid nasal tip
HP:0003460	68	Decreased circulating total IgA
HP:0002396	3299	Cogwheel rigidity
HP:0010720	368	Abnormal hair pattern
HP:0010432	3928	Absent distal phalanx of the 2nd toe
HP:0000564	4126	Lacrimal duct atresia
HP:0012686	3658	Increased pineal volume
HP:0007432	4278	Intermittent generalized erythematous papular rash
HP:0007859	3903	Congenital horizontal nystagmus
HP:0005115	275	Supraventricular arrhythmia
HP:0002121	3519	Generalized non-motor (absence) seizure
HP:0008102	356	Expanded metatarsals with widened medullary cavities
HP:0002027	3693	Abdominal pain
HP:0002996	4268	Limited elbow movement
HP:0006479	1668	Abnormal dental pulp morphology
HP:0000294	2945	Low anterior hairline
HP:0009177	354	Proximal/middle symphalangism of 5th finger
HP:0012898	2433	Abnormal lower-limb motor evoked potentials
HP:0001278	761	Orthostatic hypotension
HP:0031862	2092	Increased heart rate variability
HP:0025358	5533	Uveal ectropion
HP:0030146	4127	Abnormal liver parenchyma morphology
HP:0001839	4029	Split foot
HP:0034365	1462	Elevated circulating alpha-aminoadipic semialdehyde concentration
HP:0034458	2656	Elevated urinary phenylpyruvic acid level
HP:0005505	4200	Refractory anemia
HP:0012066	3710	Increased urinary disaccharide excretion
HP:0025401	5279	Staring gaze
HP:0003172	3319	Abnormal pubic bone morphology
HP:0006897	4252	Abducens palsy
HP:0003247	4931	Overgrowth of external genitalia
HP:0000463	1506	Anteverted nares
HP:0004415	2360	Pulmonary artery stenosis
HP:0011466	790	Aplasia/Hypoplasia of the gallbladder
HP:4000037	2260	Congenital hydrocele
HP:0025268	1549	Stuttering
HP:0004802	3384	Episodic hemolytic anemia
HP:0010938	2364	Abnormal external nose morphology
HP:0003210	527	Decreased methylmalonyl-CoA mutase activity
HP:0000804	543	Xanthine nephrolithiasis
HP:0032980	2236	Absent bronchoalveolar surfactant-protein C
HP:0030629	711	Perifoveal ring of hyperautofluorescence
HP:0004401	81	Meconium ileus
HP:0025245	2601	Cutaneous cyst
HP:0012406	1682	Hypercitraturia
HP:0004704	3496	Short fifth metatarsal
HP:0002277	188	Horner syndrome
HP:0007110	3014	Central hypoventilation
HP:0012805	3981	Iris transillumination defect
HP:0006555	2062	Diffuse hepatic steatosis
HP:0000149	1748	Ovarian gonadoblastoma
HP:0000483	915	Astigmatism
HP:0000327	1337	Hypoplasia of the maxilla
HP:0031415	5200	High serum calcitriol
HP:0003713	3542	Muscle fiber necrosis
HP:0200058	1238	Angiosarcoma
HP:0002882	2447	Sudden episodic apnea
HP:0002743	109	Recurrent enteroviral infections
HP:0001558	2256	Decreased fetal movement
HP:0011933	301	Elongated superior cerebellar peduncle
HP:0005136	273	Mitral annular calcification
HP:0100537	2942	Fasciitis
HP:0033832	4613	Livedo
HP:0430021	4906	Abnormal common carotid artery morphology
HP:0025130	4383	Decreased small intestinal mucosa lactase level
HP:0010469	255	Absent testis
HP:0009733	2840	Glioma
HP:0025524	1735	Palmoplantar scaling skin
HP:0009721	546	Shagreen patch
HP:0000221	5493	Furrowed tongue
HP:0008935	2187	Generalized neonatal hypotonia
HP:0011709	931	Atrioventricular dissociation
HP:0010580	2511	Enlarged epiphyses
HP:0008158	1615	Hyperapobetalipoproteinemia
HP:0011904	2121	Persistence of hemoglobin F
HP:5201016	1034	Submucous cleft palate
HP:0008569	3664	Microtia, second degree
HP:0100271	4388	Hyponasal speech
HP:0006302	624	Dagger-shaped pulp calcifications
HP:0001812	3443	Hyperconvex fingernails
HP:0009917	5486	Persistent pupillary membrane
HP:0030162	469	Glomerulomegaly
HP:0007585	643	Skin fragility with non-scarring blistering
HP:0001638	3559	Cardiomyopathy
HP:0000140	672	Abnormality of the menstrual cycle
HP:0002604	1379	Gastrointestinal telangiectasia
HP:0008281	4140	Acute hyperammonemia
HP:0002156	12	Homocystinuria
HP:0200046	2614	Cat cry
HP:0001980	4002	Megaloblastic bone marrow
HP:0011789	520	Impaired sensitivity to thyroid stimulating hormone
HP:0011720	3992	Cardiac total anomalous pulmonary venous connection
HP:0033790	549	Thistle tube shaped pulp
HP:6000330	1544	Increased ratio of deoxypyridinoline to pyridinoline cross-links in urine
HP:0006690	2453	Myocardial calcification
HP:0002234	1327	Early balding
HP:0000552	564	Tritanomaly
HP:0008668	716	Gonadal dysgenesis, male
HP:0033196	4875	Portal inflammation
HP:0030491	4820	Choriocapillaris atrophy
HP:0032561	3765	Microcephalic sperm head
HP:0003750	2171	Increased muscle fatiguability
HP:0012191	5283	B-cell lymphoma
HP:0007430	5222	Generalized edema
HP:0012863	972	Abnormal male germ cell morphology
HP:0003865	2793	Bowed humerus
HP:0005464	1931	Craniofacial osteosclerosis
HP:0010866	3606	Abdominal wall defect
HP:0011900	3339	Hypofibrinogenemia
HP:6000127	827	Elevated urinary creatine/creatinine ratio
HP:0008775	8	Abnormal prostate morphology
HP:0012847	5327	Epilepsia partialis continua
HP:0004417	2735	Intermittent claudication
HP:0020132	3886	Thickening of the tubular basement membrane
HP:0012081	3837	Enlarged cerebellum
HP:0005404	134	Increased B cell count
HP:0410064	722	Increased level of galactitol in red blood cells
HP:0033132	1418	Renal cortical hyperechogenicity
HP:0008695	2477	Transient nephrotic syndrome
HP:0012678	4013	Iron accumulation in substantia nigra
HP:0004879	3385	Intermittent hyperventilation
HP:0025605	592	Lid lag on downgaze
HP:0040185	4861	Macrothrombocytopenia
HP:0001332	1265	Dystonia
HP:0004684	4706	Talipes valgus
HP:0031158	1478	Widened atrophic scar
HP:0012231	1078	Exudative retinal detachment
HP:0033343	2155	Mucoid diarrhea
HP:0010748	840	Ectopic lacrimal punctum
HP:0032263	908	Increased blood pressure
HP:0003011	2612	Abnormality of the musculature
HP:0008593	5213	Prominent antitragus
HP:0011875	168	Abnormal platelet morphology
HP:0011014	1817	Abnormal glucose homeostasis
HP:0010034	3692	Short 1st metacarpal
HP:0002715	268	Abnormality of the immune system
HP:0005366	294	Recurrent streptococcus pneumoniae infections
HP:0001153	4305	Septate vagina
HP:0005134	1958	Absence of the pulmonary valve
HP:0000946	2460	Hypoplastic ilia
HP:0005421	4964	Decreased circulating complement C3 concentration
HP:0006576	1362	Hepatic vascular malformations
HP:0001959	1945	Polydipsia
HP:0031209	1486	Decreased circulating lipoprotein lipase concentration
HP:0012497	768	Reduced maximal expiratory pressure
HP:0031161	1658	Reduced brain glutamate level by MRS
HP:0003249	2309	Genital ulcers
HP:0100958	929	Narrow foramen obturatorium
HP:0008049	3272	Abnormality of the extraocular muscles
HP:0001712	2147	Left ventricular hypertrophy
HP:0002275	291	Poor motor coordination
HP:0000956	2076	Acanthosis nigricans
HP:0010806	4401	U-Shaped upper lip vermilion
HP:0100957	2582	Abnormal renal medulla morphology
HP:0034464	211	Homocitrullinuria
HP:0031860	1822	Abnormal heart rate variability
HP:0009626	3708	Interphalangeal thumb joint contracture
HP:0005640	1307	Abnormal vertebral segmentation and fusion
HP:0025660	847	Chiari type II malformation
HP:0009719	3742	Hypomelanotic macule
HP:0004418	3741	Thrombophlebitis
HP:0002078	1119	Truncal ataxia
HP:0200028	1310	Pretibial myxedema
HP:0001029	3284	Poikiloderma
HP:0012053	4149	Decreased circulating calcifediol concentration
HP:0032592	1390	Aplasia of the right hemidiaphragm
HP:0011892	236	Decreased circulating vitamin K concentration
HP:0008833	399	Irregular acetabular roof
HP:0001637	1165	Abnormal myocardium morphology
HP:0008132	273	Medial rotation of the medial malleolus
HP:0011919	2985	Pleural empyema
HP:0030153	4296	Cholangiocarcinoma
HP:0009884	3740	Tapered distal phalanges of finger
HP:0007490	3486	Linear arrays of macular hyperkeratoses in flexural areas
HP:0034241	2141	Prenatal death
HP:0200016	3579	Acrokeratosis
HP:0000805	1069	Enuresis
HP:0012757	5080	Abnormal neuron morphology
HP:0006899	817	Fusion of the cerebellar hemispheres
HP:0007620	653	Cutaneous leiomyoma
HP:0012024	440	Hypergalactosemia
HP:0031166	1963	Eyelid myokymia
HP:0006323	5462	Premature loss of primary teeth
HP:0012801	4702	Narrow jaw
HP:0410309	3358	Alpha-aminoadipic aciduria
HP:0032417	2135	Periglomerular fibrosis
HP:0007048	4293	Large basal ganglia
HP:0034322	1009	Reduced galactocerebrosidase activity
HP:0034174	1929	Reduced circulating interleukin 27 concentration
HP:0009060	4720	Scapular muscle atrophy
HP:0031152	1918	Full-thickness macular hole
HP:0031088	4700	Vaginal dryness
HP:0003566	3723	Increased serum prostaglandin E2
HP:0031245	53	Productive cough
HP:0033213	4057	Elevated urine suberic acid level
HP:0410151	739	Eosinophilic infiltration of the esophagus
HP:0010913	4040	Hyperisoleucinemia
HP:0001586	5043	Vesicovaginal fistula
HP:0001080	923	Biliary tract abnormality
HP:0011830	2680	Abnormal oral mucosa morphology
HP:0001413	2125	Micronodular cirrhosis
HP:0032244	1222	Decreased serum thromboxane B2
HP:0034309	3448	Multiflagellar spermatozoa
HP:0010614	5260	Fibroma
HP:0011351	2754	Moderate receptive language delay
HP:0000722	3154	Compulsive behaviors
HP:0031945	263	Elevated circulating N,N-dimethylglycine concentration
HP:0000689	2145	Dental malocclusion
HP:0008469	1754	Cervical vertebral dysplasia
HP:0001483	689	Eye poking
HP:0011136	1295	Aplasia of the sweat glands
HP:0001987	3945	Hyperammonemia
HP:0005109	1451	Abnormality of the Achilles tendon
HP:0006279	5416	Beta-cell dysfunction
HP:0004467	3403	Preauricular pit
HP:0001371	5033	Flexion contracture
HP:0011842	528	Abnormal skeletal morphology
HP:0001436	44	Abnormality of the foot musculature
HP:0002665	3946	Lymphoma
HP:0005920	498	Abnormal epiphysis morphology of the phalanges of the hand
HP:0034397	1641	Claw toe deformity
HP:0025124	3409	Fragile teeth
HP:0031464	1884	Genital blistering
HP:0012204	1793	Recurrent vulvovaginal candidiasis
HP:0410252	2566	Chronic neutropenia
HP:0002038	1	Protein avoidance
HP:0006688	2434	Paroxysmal tachycardia
HP:0100255	524	Metaphyseal dysplasia
HP:0003495	1527	GM2-ganglioside accumulation
HP:0032313	2647	Frontotemporal hypertrichosis
HP:0002132	720	Porencephalic cyst
HP:0000811	632	Abnormal external genitalia
HP:0001347	4753	Hyperreflexia
HP:0012307	4255	Spatulate ribs
HP:0003337	1482	Reduced prothrombin consumption
HP:0010807	2698	Open bite
HP:0001477	987	Compensatory chin elevation
HP:0000309	2655	Abnormal midface morphology
HP:0009593	1169	Peripheral schwannoma
HP:6000088	2363	Reduced muscle alpha-1,4-glucosidase activity
HP:0009891	3716	Underdeveloped supraorbital ridges
HP:0010502	5389	Fibular bowing
HP:0008214	1986	Decreased serum estradiol
HP:0001772	918	Talipes equinovalgus
HP:0002960	1068	Autoimmunity
HP:0003159	129	Hyperoxaluria
HP:0010529	2056	Echolalia
HP:0000239	508	Large fontanelles
HP:0004611	4586	Anterior concavity of thoracic vertebrae
HP:0031793	2563	Increased serum leptin
HP:0033204	721	Triceps hyperreflexia
HP:0000465	2089	Webbed neck
HP:0000890	3297	Long clavicles
HP:0100494	137	Abnormal mast cell morphology
HP:0011893	1042	Abnormal leukocyte count
HP:0000666	4063	Horizontal nystagmus
HP:0000297	1041	Facial hypotonia
HP:0005259	517	Abnormal facility in opposing the shoulders
HP:0006585	3034	Congenital pseudoarthrosis of the clavicle
HP:0006573	4011	Acute hepatic steatosis
HP:0033325	64	Elevated circulating sebacic acid concentration
HP:0001783	2570	Broad metatarsal
HP:0030840	4961	Ankle pain
HP:0002980	658	Femoral bowing
HP:0005021	4264	Bilateral elbow dislocations
HP:0010459	2358	True hermaphroditism
HP:0200026	139	Ocular pain
HP:0031951	2212	Nocturnal seizures
HP:0006827	5268	Atrophy of the spinal cord
HP:0000869	3986	Secondary amenorrhea
HP:0012662	1535	Parietal hypometabolism in FDG PET
HP:0012389	1028	Appendicular hypotonia
HP:0003768	479	Periodic paralysis
HP:0000320	2356	Bird-like facies
HP:0010990	3927	Abnormality of the common coagulation pathway
HP:0009797	2164	Cholesteatoma
HP:0004812	3309	B Acute Lymphoblastic Leukemia
HP:0000022	2464	Abnormal male internal genitalia morphology
HP:0008407	2065	Hyperconvex thumb nails
HP:0011817	375	Basal encephalocele
HP:0031544	4966	Elevated circulating palmitoleylcarnitine concentration
HP:0003015	522	Flared metaphysis
HP:0032067	1666	Elevated serum bicarbonate concentration
HP:0031268	2389	Decreased CD69 upregulation upon TCR activation
HP:0000904	2128	Flaring of rib cage
HP:0004689	1956	Short fourth metatarsal
HP:0011658	1646	Double outlet right ventricle with subpulmonary ventricular septal defect without pulmonary stenosis
HP:0040261	3250	Increased size of nasopharyngeal adenoids
HP:0001363	3629	Craniosynostosis
HP:0008113	1996	Multiple plantar creases
HP:0001743	4895	Abnormality of the spleen
HP:0005312	260	Pulmonary aterial intimal fibrosis
HP:0005872	3342	Brachytelomesophalangy
HP:0010704	927	1-2 finger syndactyly
HP:0009905	1907	Thin ear helix
HP:0006362	1843	Varus deformity of humeral neck
HP:0009924	5005	Aplasia/Hypoplasia involving the nose
HP:0034054	514	Probst bundles
HP:0003357	1421	Thymic hormone decreased
HP:0008416	3785	Six lumbar vertebrae
HP:0003072	2623	Hypercalcemia
HP:0030816	1908	Gingival recession
HP:0001896	5450	Reticulocytopenia
HP:0006185	3302	Enlarged proximal interphalangeal joints
HP:0002134	654	Abnormal basal ganglia morphology
HP:0025178	332	Subpleural interstitial thickening
HP:0000485	1815	Megalocornea
HP:0003187	35	Breast hypoplasia
HP:0012067	1344	Glycopeptiduria
HP:0410216	2894	Abnormal blood 5-methyltetrahydrofolate level
HP:0034270	2056	Serrated incisors
HP:0031984	977	Esophageal food impaction
HP:0030392	4722	Choroid plexus carcinoma
HP:0100867	146	Duodenal stenosis
HP:0005419	5410	Decreased T cell activation
HP:0011680	279	Single ventricle of indeterminate morphology
HP:0100730	1485	Bronchogenic cyst
HP:0007802	400	Granular corneal dystrophy
HP:0006965	2307	Acute necrotizing encephalopathy
HP:0005155	4727	Ventricular escape rhythm
HP:0000180	194	Lobulated tongue
HP:0003722	2184	Neck flexor weakness
HP:0006398	408	Flat distal femoral epiphysis
HP:0009640	3043	Synostosis of the proximal phalanx of the thumb with the 1st metacarpal
HP:0010293	255	Aplasia/Hypoplasia of the uvula
HP:0000790	1982	Hematuria
HP:0010622	226	Neoplasm of the skeletal system
HP:0011161	2652	Focal sensory seizure with olfactory features
HP:0004309	159	Ventricular preexcitation
HP:0033001	430	Laryngeal papilloma
HP:0003027	2446	Mesomelia
HP:0008227	499	Pituitary resistance to thyroid hormone
HP:0001106	5316	Periorbital hyperpigmentation
HP:0034337	2975	Claw hand deformity
HP:0007461	2577	Hemangiomatosis
HP:0040084	346	Abnormal circulating renin
HP:0100641	278	Neoplasm of the adrenal cortex
HP:0000789	716	Infertility
HP:0002745	1766	Oral leukoplakia
HP:0005104	5064	Hypoplastic nasal septum
HP:0003956	1023	Bowed forearm bones
HP:0100627	1102	Displacement of the urethral meatus
HP:0040309	452	Increased size of the mandible
HP:0030428	2027	Cutaneous myxoma
HP:6000281	799	Elevated urinary gamma-glutamylphenylalanine level
HP:0009189	792	Fragmentation of the metacarpal epiphyses
HP:0002639	2638	Budd-Chiari syndrome
HP:0001325	1920	Hypoglycemic coma
HP:0002037	1020	Inflammation of the large intestine
HP:0008718	4306	Unilateral renal dysplasia
HP:0011954	2936	Nodular regenerative hyperplasia of liver
HP:0004934	2035	Vascular calcification
HP:0041093	922	Beau's lines
HP:0010649	24	Flat nasal alae
HP:0011712	132	Right bundle branch block
HP:0025615	3388	Abscess
HP:0034321	1092	Elevated circulating guanidinoacetic acid concentration
HP:0041042	393	Absent neutrophil lactoferrin
HP:0001046	4778	Intermittent jaundice
HP:0003371	399	Enlargement of the proximal femoral epiphysis
HP:0012588	4905	Steroid-resistant nephrotic syndrome
HP:0007262	3275	Symmetric peripheral demyelination
HP:0011339	3484	Abnormality of upper lip vermillion
HP:0005871	1495	Metaphyseal chondrodysplasia
HP:0006499	3635	Abnormal femoral epiphysis morphology
HP:0001788	4708	Premature rupture of membranes
HP:0001131	252	Corneal dystrophy
HP:0007341	62	Diffuse swelling of cerebral white matter
HP:0040334	1013	Purulent rhinitis
HP:0002346	3525	Head tremor
HP:0001547	4097	Abnormal rib cage morphology
HP:0040275	1636	Adenocarcinoma of the large intestine
HP:0008583	3737	Underfolded superior helices
HP:0010794	1898	Impaired visuospatial constructive cognition
HP:0003003	1005	Colon cancer
HP:0031188	416	Genital edema
HP:0011786	664	Thyrotoxicosis with toxic single thyroid nodule
HP:0003514	299	Deficiency or absence of cytochrome b(-245)
HP:0002684	880	Thickened calvaria
HP:6000184	4044	Filum terminale lipoma
HP:0031244	2019	Swollen lip
HP:0040078	3311	Axonal degeneration
HP:0002151	3857	Increased circulating lactate concentration
HP:0001642	3685	Pulmonic stenosis
HP:0009596	912	Aplasia of the proximal phalanx of the 2nd finger
HP:0011910	3605	Shortening of all phalanges of fingers
HP:0006628	4830	Absent sternal ossification
HP:0002655	5496	Spondyloepiphyseal dysplasia
HP:6000217	1008	Reduced circulating acyl-CoA oxidase activity
HP:0500151	818	Hypercystinemia
HP:0006375	1480	Dumbbell-shaped femur
HP:0200133	4092	Lumbosacral meningocele
HP:0009085	3447	Alveolar ridge overgrowth
HP:0025012	2762	Status cribrosum
HP:0002986	285	Radial bowing
HP:0010558	1245	Abnormality of the clivus
HP:0009747	3872	Lumbosacral hirsutism
HP:0009460	5071	Aplasia of the 3rd finger
HP:0007994	1052	Peripheral visual field loss
HP:0003642	3739	Type I transferrin isoform profile
HP:0004625	5359	Biconvex vertebral bodies
HP:0041050	1005	Renal tubular cyst
HP:0034011	496	Reduced progressive sperm motility
HP:0020096	216	Recurrent streptococcal infections
HP:0005954	2583	Pulmonary capillary hemangiomatosis
HP:0000752	3303	Hyperactivity
HP:0009591	359	Abnormality of the vestibulocochlear nerve
HP:0004373	1585	Focal dystonia
HP:0012010	1596	EEG with frontal focal spike waves
HP:0100646	719	Thyroiditis
HP:0003763	501	Bruxism
HP:0004763	1221	Paroxysmal supraventricular tachycardia
HP:0410072	108	Increased level of ribose in urine
HP:0010712	2007	1-4 toe syndactyly
HP:0007001	3196	Loss of Purkinje cells in the cerebellar vermis
HP:0000430	770	Underdeveloped nasal alae
HP:0004442	1479	Sagittal craniosynostosis
HP:0009887	1970	Abnormality of hair pigmentation
HP:0009017	1237	Loss of gluteal subcutaneous adipose tissue
HP:0001800	2003	Hypoplastic toenails
HP:0001123	661	Visual field defect
HP:0001520	4955	Large for gestational age
HP:0030054	2753	Perifollicular fibrosis
HP:0007193	101	Bilateral tonic-clonic seizure on awakening
HP:0004227	4989	Short distal phalanx of the 5th finger
HP:0032545	3722	Abdominal rigidity
HP:0002231	1798	Sparse body hair
HP:0030602	1391	Abnormal fundus autofluorescence imaging
HP:0002367	111	Visual hallucination
HP:0025404	2311	Abnormal visual fixation
HP:0000359	3914	Abnormality of the inner ear
HP:0012753	3150	T2 hypointense basal ganglia
HP:0033682	1643	Pleomorphic xanthoastrocytoma
HP:0007544	1056	Piebald skin depigmentation
HP:0002098	533	Respiratory distress
HP:0003155	4156	Elevated circulating alkaline phosphatase concentration
HP:0012051	4558	Reactive hypoglycemia
HP:0031842	3042	Lymphangiectasis
HP:0410061	722	Increased level of galactitol in plasma
HP:0004602	656	Cervical C2/C3 vertebral fusion
HP:0012017	2695	EEG with parietal focal spikes
HP:0030139	1746	Excessive bleeding after a venipuncture
HP:0031901	137	Elevated total serum tryptase
HP:0020072	2389	Persistent EBV viremia
HP:0030142	1483	Abnormal bowel sounds
HP:0004631	1988	Decreased cervical spine flexion due to contractures of posterior cervical muscles
HP:0010953	3855	Noncommunicating hydrocephalus
HP:0001592	1743	Selective tooth agenesis
HP:0040013	1985	Decreased mitochondrial number
HP:0000444	3354	Convex nasal ridge
HP:0031077	127	Abnormal response to corticotropin releasing hormone stimulation test
HP:0030517	1828	Heteronymous hemianopia
HP:0100760	5445	Clubbing of toes
HP:0001688	1661	Sinus bradycardia
HP:0030455	4150	Abnormality of pattern visual evoked potentials
HP:0000972	2488	Palmoplantar hyperkeratosis
HP:0009844	4038	Broad middle phalanx of finger
HP:0011495	993	Abnormal corneal epithelium morphology
HP:0006715	1644	Glomus tympanicum paraganglioma
HP:0030632	5093	Hypoautofluorescent macular lesion
HP:0032573	390	Elevated urinary cytidine
HP:0100602	3642	Preeclampsia
HP:0001342	2670	Cerebral hemorrhage
HP:0100647	619	Graves disease
HP:0030417	739	Squamous cell carcinoma of the vulva
HP:0010306	3623	Short thorax
HP:0012544	3035	Elevated circulating aldolase concentration
HP:0007361	4123	Abnormal pons morphology
HP:0002627	878	Right aortic arch with mirror image branching
HP:0012257	302	Absent inner dynein arms
HP:0034217	1930	Sonographic non-visualized fetal bladder
HP:0011877	2676	Increased mean platelet volume
HP:0033446	1981	Elevated circulating butyrylcarnitine concentration
HP:0000944	2550	Abnormal metaphysis morphology
HP:0010831	4965	Impaired proprioception
HP:0007791	1712	Patchy atrophy of the retinal pigment epithelium
HP:0007456	1179	Progressive reticulate hyperpigmentation
HP:0030015	2344	Female anorgasmia
HP:0010524	1622	Disturbed sensory perception
HP:0002579	1450	Gastrointestinal dysmotility
HP:0009067	1441	Progressive spinal muscular atrophy
HP:0006152	122	Proximal symphalangism of hands
HP:0030256	406	Small intestinal polyposis
HP:0030811	1295	Tongue pain
HP:0010757	2451	Aplasia of the premaxilla
HP:0032222	1961	Serrated intestinal polyps
HP:0007587	223	Numerous pigmented freckles
HP:0002825	57	Caudal appendage
HP:0000217	986	Xerostomia
HP:0005880	1508	Metacarpophalangeal synostosis
HP:0032528	4269	Elevated urinary 4-hydroxybutyric acid
HP:0001405	1779	Periportal fibrosis
HP:0003448	2750	Decreased sensory nerve conduction velocity
HP:0030997	2036	Atretic vas deferens
HP:0025234	697	Parasomnia
HP:0025085	1991	Bloody diarrhea
HP:0009883	901	Duplication of the distal phalanx of hand
HP:0001982	5453	Sea-blue histiocytosis
HP:0004791	3332	Esophageal ulceration
HP:0025129	231	Abnormal small intestinal mucosa morphology
HP:0011163	2817	Focal sensory seizure with somatosensory features
HP:6000021	1940	Decreased circulating thrombopoietin concentration
HP:0003146	3694	Hypocholesterolemia
HP:0007162	3209	Diffuse demyelination of the cerebral white matter
HP:0005580	2594	Duplication of renal pelvis
HP:0000211	3797	Trismus
HP:0030099	110	Reduced muscle fiber alpha dystroglycan
HP:0001028	2476	Hemangioma
HP:0000979	4259	Purpura
HP:0010609	4808	Skin tags
HP:0007183	819	Focal T2 hyperintense basal ganglia lesion
HP:0008740	3941	Longitudinal vaginal septum
HP:0005476	3707	Widely patent sagittal suture
HP:0032653	3046	Elevated lactate:pyruvate ratio
HP:0031136	3932	Decreased acrosin in sperm head
HP:0006515	2330	Interstitial pneumonitis
HP:0011302	371	Long palm
HP:0030137	443	Prolonged bleeding following circumcision
HP:0012264	17	Absent central microtubular pair morphology of respiratory motile cilia
HP:0031171	2460	Femoral spur
HP:0003835	3088	Shoulder subluxation
HP:0033364	490	Lipoid pneumonia
HP:0007541	889	Frontal cutaneous lipoma
HP:0010873	5468	Cervical spinal cord atrophy
HP:0002861	2378	Melanoma
HP:0002605	3301	Hepatic necrosis
HP:0011295	3279	EEG with parietal sharp waves
HP:0001030	313	Fragile skin
HP:0008309	1018	Medium chain dicarboxylic aciduria
HP:0007346	1421	Subcortical white matter calcifications
HP:0009516	1492	Enlarged epiphysis of the middle phalanx of the 2nd finger
HP:6000333	1272	Reduced hepatic phosphorylase kinase activity
HP:0010897	1234	Hypersarcosinuria
HP:0000561	978	Absent eyelashes
HP:0031690	2529	Opportunistic infection
HP:6000623	330	Elevated urinary N-carbamyl-beta-aminoisobutyric acid level
HP:0003402	1173	Decreased miniature endplate potentials
HP:0001751	1949	Abnormal vestibular function
HP:0008817	1736	Aplastic pubic bone
HP:0007964	4542	Degenerative vitreoretinopathy
HP:0011962	972	Obstructive azoospermia
HP:0020090	1720	Post-vaccination polio
HP:0007378	326	Neoplasm of the gastrointestinal tract
HP:0004557	1910	Anterior vertebral fusion
HP:0004937	5399	Pulmonary artery aneurysm
HP:0200114	1666	Metabolic alkalosis
HP:0000612	1851	Iris coloboma
HP:0100168	386	Fragmented epiphyses
HP:0004968	968	Recurrent cerebral hemorrhage
HP:0200032	3952	Kayser-Fleischer ring
HP:0032936	1827	Intrusion symptom
HP:0030207	4458	Paradoxical respiration
HP:0012276	67	Digital flexor tenosynovitis
HP:0011985	3867	Acholic stools
HP:0012526	1186	Absence of alpha granules
HP:0002221	3666	Absent axillary hair
HP:0010830	3626	Impaired tactile sensation
HP:0025616	4028	Sterile abscess
HP:0003182	363	Shallow acetabular fossae
HP:6000334	2972	Reduced hepatic ornithine transcarbamylase activity
HP:0000414	3190	Bulbous nose
HP:0100576	481	Amaurosis fugax
HP:0000646	1862	Amblyopia
HP:0008985	1163	Increased intramuscular fat
HP:0034472	1374	Increased fecal harderoporphyrin
HP:0010851	1462	EEG with burst suppression
HP:0032009	569	Infantile constant exotropia
HP:3000038	844	Abnormal cricoid cartilage morphology
HP:0010295	5423	Aplasia/Hypoplasia of the tongue
HP:0006172	1099	Flattened, squared-off epiphyses of tubular bones
HP:0000581	57	Blepharophimosis
HP:0030260	3226	Microphallus
HP:0008225	1665	Thyroid follicular hyperplasia
HP:0004558	5034	Cervical platyspondyly
HP:0006429	220	Broad femoral neck
HP:0004472	3204	Mandibular hyperostosis
HP:0002072	1957	Chorea
HP:0012492	2379	Cerebral artery stenosis
HP:0002044	872	Zollinger-Ellison syndrome
HP:0200048	79	Cyanotic episode
HP:0004933	273	Ascending aortic dissection
HP:0031372	706	Cold paresis
HP:0040080	3269	Anteverted ears
HP:0010486	2748	Abnormality of the hypothenar eminence
HP:0002165	1962	Pterygium of nails
HP:0004863	239	Compensated hemolytic anemia
HP:0031613	479	Inferior chorioretinal coloboma
HP:0031790	3835	Mixed astigmatism
HP:6000376	1990	Jugular foramen stenosis
HP:0031051	4436	Tarsal sclerosis
HP:0009726	477	Renal neoplasm
HP:0033187	1856	Hyperimidodipeptiduria
HP:0001492	2074	Axenfeld anomaly
HP:0012852	2788	Hepatic bridging fibrosis
HP:0001563	3246	Fetal polyuria
HP:0000840	699	Adrenogenital syndrome
HP:0000734	2416	Disinhibition
HP:0007181	3819	Interosseus muscle atrophy
HP:0002404	1217	Thickened superior cerebellar peduncle
HP:0008828	5515	Delayed proximal femoral epiphyseal ossification
HP:0001334	4086	Communicating hydrocephalus
HP:0006603	285	Flared, irregular rib ends
HP:0031422	620	Abnormal cerebellar cortex morphology
HP:0010533	1808	Spasmus nutans
HP:0010904	3382	Abnormal circulating histidine concentration
HP:0008675	5519	Enlarged polycystic ovaries
HP:0010461	4411	Abnormality of the male genitalia
HP:0032895	1281	Febrile seizure outside the age of 3 months to 6 years
HP:0030529	4784	Ring scotoma
HP:0001849	4288	Foot oligodactyly
HP:0040266	1045	Proximal upper limb muscle hypertrophy
HP:0001049	438	Absent dorsal skin creases over affected joints
HP:0010541	5307	Cutis gyrata of scalp
HP:0030052	4838	Inguinal freckling
HP:0025160	2703	Abnormal temper tantrums
HP:0002250	2666	Abnormal large intestine morphology
HP:0410242	3490	Abnormal circulating IgG level
HP:0002832	4991	Calcific stippling
HP:0009101	3813	Submucous cleft lip
HP:0020119	2957	Abnormal retinal nerve fiber layer morphology
HP:0007063	1653	Aplasia of the inferior half of the cerebellar vermis
HP:0009710	2747	Chilblains
HP:0009290	516	Short distal phalanx of the 4th finger
HP:0006577	1897	Macronodular cirrhosis
HP:0002461	5102	Cerebellar dentate nucleus calcification
HP:0000888	3864	Horizontal ribs
HP:0007413	4765	Nevus flammeus of the forehead
HP:0011065	648	Conical incisor
HP:0000927	1691	Abnormality of skeletal maturation
HP:0009373	957	Type C brachydactyly
HP:0001719	170	Double outlet right ventricle
HP:0030644	4622	Blind-spot enlargment
HP:0005089	2222	Abnormal metaphyseal trabeculation
HP:0006891	542	Thick cerebral cortex
HP:0010865	3158	Oppositional defiant disorder
HP:0009958	1218	Polydactyly affecting the 3rd finger
HP:0100658	2069	Cellulitis
HP:0100645	54	Cystocele
HP:0012302	4975	Herpes simplex encephalitis
HP:0012179	3130	Craniofacial dystonia
HP:0001435	4786	Abnormality of the shoulder girdle musculature
HP:0001083	277	Ectopia lentis
HP:0005152	1969	Histiocytoid cardiomyopathy
HP:0001048	1225	Cavernous hemangioma
HP:0001193	4334	Ulnar deviation of the hand or of fingers of the hand
HP:0002243	334	Protein-losing enteropathy
HP:0012304	4203	Hypoplastic aortic arch
HP:0003358	710	Elevated intracellular cystine
HP:0011285	2743	Long-segment aganglionic megacolon
HP:0032398	4779	Dysgyria
HP:0032559	135	Short sperm flagella
HP:0031703	3427	Abnormal ear morphology
HP:0030237	4770	Hand muscle weakness
HP:0030223	1044	Perseverative thought
HP:0031298	4290	Coronary sinus enlargement
HP:0005584	653	Renal cell carcinoma
HP:0040194	4087	Increased head circumference
HP:0003208	18	Fingerprint intracellular accumulation of autofluorescent lipopigment storage material
HP:0009703	1044	Synostosis involving the 1st metacarpal
HP:0000399	933	Prelingual sensorineural hearing impairment
HP:0010834	45	Trophic changes related to pain
HP:0007525	468	Yellow subcutaneous tissue covered by thin, scaly skin
HP:0008073	907	Low maternal circulating estriol concentration
HP:0012719	1566	Functional abnormality of the gastrointestinal tract
HP:0011800	1375	Midface retrusion
HP:0002000	144	Short columella
HP:0009793	431	Presacral teratoma
HP:0011320	775	Unilambdoid synostosis
HP:0000642	3392	Red-green dyschromatopsia
HP:0001949	4206	Hypokalemic alkalosis
HP:0410299	4381	Decreased specific antibody response to polysaccharide vaccine
HP:0006180	3591	Crowded carpal bones
HP:0004430	5434	Severe combined immunodeficiency
HP:0011070	418	Abnormal molar morphology
HP:0034254	1126	Face of the giant panda sign
HP:0011031	5217	Abnormality of iron homeostasis
HP:0006543	2275	Cardiorespiratory arrest
HP:0004037	1811	Abnormal ulnar epiphysis morphology
HP:0008969	4227	Leg muscle stiffness
HP:0007033	4701	Cerebellar dysplasia
HP:0000273	3646	Facial grimacing
HP:0100719	4532	Lens coloboma
HP:0100031	3708	Neoplasm of the thyroid gland
HP:0010788	3803	Testicular neoplasm
HP:0005193	4781	Restricted large joint movement
HP:0100631	2962	Neoplasm of the adrenal gland
HP:0025383	667	Dorsocervical fat pad
HP:0034766	1382	Muscle fiber polyglucosan inclusion bodies
HP:0011219	5237	Short face
HP:0003090	386	Hypoplasia of the capital femoral epiphysis
HP:0008383	2264	Slow-growing nails
HP:0002692	4486	Hypoplastic facial bones
HP:0100380	1638	Aplasia of the distal phalanx of the 5th toe
HP:0003546	5433	Exercise intolerance
HP:0010344	1820	Deviation of the 5th toe
HP:0007773	5513	Vitreoretinopathy
HP:0006391	1922	Overtubulated long bones
HP:0034675	924	Toe joint contracture
HP:0500070	1111	Conjunctival dermolipoma
HP:0007377	3854	Abnormality of somatosensory evoked potentials
HP:0012632	1117	Abnormal intraocular pressure
HP:0030010	3689	Hydrometrocolpos
HP:0006011	590	Cuboidal metacarpal
HP:0008320	461	Impaired collagen-induced platelet aggregation
HP:0002519	2475	Hypnagogic hallucination
HP:0030361	265	Abnormal circulating eicosanoid concentration
HP:0012420	3880	Meconium stained amniotic fluid
HP:0009926	4212	Epiphora
HP:0032408	4098	Breast mass
HP:0007755	309	Juvenile epithelial corneal dystrophy
HP:0100555	4309	Asymmetric growth
HP:0001981	2448	Schistocytosis
HP:0000947	1491	Dumbbell-shaped long bone
HP:0003106	442	Subperiosteal bone resorption
HP:0011981	1227	Pigment gallstones
HP:0003311	323	Hypoplasia of the odontoid process
HP:0005384	724	Defective B cell activation
HP:0031656	4378	Systolic anterior motion of the mitral valve
HP:0007392	3683	Excessive wrinkled skin
HP:0012105	2927	Occipital cortical atrophy
HP:0000732	4804	Inflexible adherence to routines
HP:0009577	4193	Short middle phalanx of the 2nd finger
HP:0025608	585	Cicatricial ectropion
HP:0012474	1185	Carotid artery occlusion
HP:0003470	664	Paralysis
HP:0006159	697	Mesoaxial hand polydactyly
HP:0005831	637	Type B brachydactyly
HP:0002039	3873	Anorexia
HP:0002366	120	Abnormal lower motor neuron morphology
HP:0002006	1932	Tessier cleft
HP:0034392	859	Joint contracture
HP:0001220	3912	Interphalangeal joint contracture of finger
HP:0003361	916	Tryptophanuria
HP:0031381	541	Decreased lymphocyte proliferation in response to mitogen
HP:0003095	294	Septic arthritis
HP:0007390	367	Hyperkeratosis with erythema
HP:0006818	247	4-layered lissencephaly
HP:0031160	4560	Myelokathexis
HP:0031625	965	Pseudoaneurysm
HP:0011316	3660	Left unicoronal synostosis
HP:0410005	3543	Cleft hard palate
HP:0007943	890	Congenital stapes ankylosis
HP:0000053	3391	Macroorchidism
HP:0005607	787	Abnormal tracheobronchial morphology
HP:0007105	2822	Infantile encephalopathy
HP:0000016	2547	Urinary retention
HP:0006794	4161	Loss of ability to walk in first decade
HP:0002659	1525	Increased susceptibility to fractures
HP:0001238	3982	Slender finger
HP:0000286	3206	Epicanthus
HP:0006633	3067	Glenoid fossa hypoplasia
HP:0000164	289	Abnormality of the dentition
HP:0009106	58	Abnormal pelvis bone ossification
HP:0002847	1660	Impaired memory B cell generation
HP:0008211	563	Parathyroid agenesis
HP:0005639	5097	Hyperextensible hand joints
HP:0000130	1159	Abnormality of the uterus
HP:0011956	3258	Intestinal lymphoid nodular hyperplasia
HP:0030166	3521	Night sweats
HP:0006532	5455	Recurrent pneumonia
HP:0006989	130	Dysplastic corpus callosum
HP:0010551	2356	Paraplegia/paraparesis
HP:0000329	3180	Facial hemangioma
HP:0006006	868	Hypotrophy of the small hand muscles
HP:0001897	565	Normocytic anemia
HP:0004742	4310	Abnormal renal collecting system morphology
HP:0032072	466	Popliteal synovial cyst
HP:0008826	2025	Dislocation of the femoral head
HP:0005092	2349	Streaky metaphyseal sclerosis
HP:0008288	4407	Nonketotic hyperglycinemia
HP:0004897	4324	Stress/infection-induced lactic acidosis
HP:0020151	835	Anti-dsDNA antibody positivity
HP:0001913	3727	Granulocytopenia
HP:0031434	3504	Abnormal prosody
HP:0011468	79	Facial tics
HP:0011640	1592	Single coronary artery origin
HP:0000145	2589	Transverse vaginal septum
HP:0012486	1137	Myelitis
HP:0030393	963	Endolymphatic sac tumor
HP:0040233	450	Factor XIII subunit A deficiency
HP:0002795	516	Abnormal respiratory system physiology
HP:0100259	1061	Postaxial polydactyly
HP:0011021	3987	Abnormal circulating enzyme concentration
HP:0034056	930	Increased fecal calprotectin level
HP:0001138	1652	Optic neuropathy
HP:0004944	242	Dilatation of the cerebral artery
HP:0011266	1034	Microtia, first degree
HP:0011605	448	Congenitally corrected transposition of the great arteries with ventricular septal defect
HP:0004690	1745	Thickened Achilles tendon
HP:0001374	257	Congenital hip dislocation
HP:0100663	1319	Synotia
HP:0012119	1925	Methemoglobinemia
HP:0005148	112	Pulmonary valve defects
HP:0033757	4713	Pancreatic steatosis
HP:0011973	731	Paroxysmal lethargy
HP:0010820	1266	Focal emotional seizure with crying
HP:0010557	438	Overlapping fingers
HP:6000328	1791	Absent zona pellucida
HP:0025148	1627	Dark choroid
HP:0030059	1865	Mitochondrial depletion
HP:0007159	2480	Fluctuations in consciousness
HP:0000883	1861	Thin ribs
HP:0002634	446	Arteriosclerosis
HP:0000107	2261	Renal cyst
HP:0003697	4852	Scapuloperoneal amyotrophy
HP:0001382	1948	Joint hypermobility
HP:0009092	906	Progressive alveolar ridge hypertropy
HP:0000187	4442	Broad alveolar ridges
HP:0002972	5051	Reduced delayed hypersensitivity
HP:0002335	1640	Agenesis of cerebellar vermis
HP:0009110	3326	Diaphragmatic eventration
HP:0100721	383	Mediastinal lymphadenopathy
HP:0031446	2438	Erosion of oral mucosa
HP:0033424	445	Pulmonary arterial hypertension with lack of acute response to NO challenge
HP:0006955	5242	Olivopontocerebellar hypoplasia
HP:0031826	222	Abnormal reflex
HP:0000263	5032	Oxycephaly
HP:0033802	643	Intra-epidermal blistering
HP:0025498	1148	Aceruloplasminemia
HP:0005144	4377	Ventricular septal hypertrophy
HP:0025258	3714	Stiff neck
HP:0002563	1989	Constrictive pericarditis
HP:0003205	591	Curvilinear intracellular accumulation of autofluorescent lipopigment storage material
HP:0011888	1779	Bleeding requiring red cell transfusion
HP:0010532	133	Paroxysmal vertigo
HP:0001263	3622	Global developmental delay
HP:0012227	4822	Urethral stricture
HP:0000698	779	Conical tooth
HP:0004363	1965	Abnormal circulating calcium concentration
HP:0000683	604	Grayish enamel
HP:0001070	4055	Mottled pigmentation
HP:0010747	3383	Medial flaring of the eyebrow
HP:0030796	3836	Increased C-peptide level
HP:0000408	2516	Progressive sensorineural hearing impairment
HP:0011807	4943	Type 1 muscle fiber atrophy
HP:0009324	394	Enlarged epiphysis of the middle phalanx of the 3rd finger
HP:0000511	547	Vertical supranuclear gaze palsy
HP:0011072	2362	Rootless teeth
HP:0009130	4545	Hand muscle atrophy
HP:0011353	161	Arterial intimal fibrosis
HP:0001169	970	Broad palm
HP:0006438	599	Enlargement of the distal femoral epiphysis
HP:0004370	5116	Abnormality of temperature regulation
HP:0100792	3662	Acantholysis
HP:0008676	3437	Congenital megaureter
HP:0033222	2173	Decreased CD4:CD8 ratio
HP:0009556	5164	Absent tibia
HP:0005407	3659	Decreased proportion of CD4-positive helper T cells
HP:0030708	1852	Myeloschisis
HP:0000055	3743	Abnormal female external genitalia morphology
HP:0005359	3983	Aplasia of the thymus
HP:0004288	4239	Pseudoepiphyses of hand bones
HP:0000493	1419	Abnormal foveal morphology
HP:0005253	2176	Increased anterioposterior diameter of thorax
HP:0002090	3844	Pneumonia
HP:0032906	2091	Focal head nodding automatism seizure
HP:0012147	660	Reduced quantity of Von Willebrand factor
HP:0010895	2465	Abnormal circulating glycine concentration
HP:0002707	717	Palate telangiectasia
HP:0033059	219	Decreased circulating complement C6 concentration
HP:0000325	4801	Triangular face
HP:0006655	3965	Rib segmentation abnormalities
HP:0007042	1588	Focal white matter lesions
HP:0011317	4090	Right unicoronal synostosis
HP:0410173	4376	Increased circulating troponin I concentration
HP:0002330	2326	Paroxysmal drowsiness
HP:0007510	2690	Focal dermal aplasia/hypoplasia
HP:0100009	292	Intracranial meningioma
HP:0010500	4604	Hyperextensibility of the knee
HP:0002055	1496	Curved linear dimple below the lower lip
HP:0045080	50	Decreased proportion of CD3-positive T cells
HP:0030225	1231	Accumulation of muscle fiber desmin
HP:0031314	5245	Carotid artery calcification
HP:0033220	439	2-ethylhydracylic aciduria
HP:5200001	3516	Selective mutism
HP:0030618	1298	Increased OCT-measured foveal thickness
HP:0010702	433	Increased circulating antibody level
HP:0001915	2105	Aplastic anemia
HP:0002694	3477	Sclerosis of skull base
HP:0006321	496	Multiple non-erupting secondary teeth
HP:0000191	5176	Accessory oral frenulum
HP:0006531	648	Pleural lymphangiectasia
HP:0008000	2222	Decreased corneal reflex
HP:0003534	543	Reduced xanthine dehydrogenase level
HP:0010228	4720	Absent epiphyses of the phalanges of the hand
HP:0001927	5370	Acanthocytosis
HP:0100781	4858	Abnormal sacroiliac joint morphology
HP:0410179	870	Decreased glucose-6-phosphate dehydrogenase level in blood
HP:0006696	681	Polymorphic and polytopic ventricular extrasystoles
HP:0007768	234	Central retinal vessel vascular tortuosity
HP:0032558	135	Absent sperm flagella
HP:0025390	964	Reticular pattern on pulmonary HRCT
HP:0012413	2138	Notched primary central incisor
HP:0005157	1333	Concentric hypertrophic cardiomyopathy
HP:0006434	2922	Hypoplasia of proximal radius
HP:0004887	886	Respiratory failure requiring assisted ventilation
HP:0031944	3523	Pleural thickening
HP:0040144	4010	L-2-hydroxyglutaric aciduria
HP:0003651	4936	Foam cells
HP:0003641	870	Hemoglobinuria
HP:0009759	2546	Neck pterygia
HP:0020180	2722	Elevated haptoglobin level
HP:0011854	328	Hemoperitoneum
HP:0020087	3061	BCGosis
HP:0008056	3563	Aplasia/Hypoplasia affecting the eye
HP:0009951	402	Partial duplication of the distal phalanx of the 2nd finger
HP:0010548	4772	Percussion myotonia
HP:0007086	4933	Social and occupational deterioration
HP:0008422	851	Vertebral wedging
HP:0010835	3624	Dissociated sensory loss
HP:0033255	1732	Congenital lobar overinflation
HP:0011106	1287	Hypovolemia
HP:3000019	1863	Abnormal buccal mucosa morphology
HP:0001033	485	Facial flushing after alcohol intake
HP:0003352	3455	Endopolyploidy on chromosome studies of bone marrow
HP:0040293	2085	Right hemiplegia
HP:0033332	3919	Elevated circulating amyloid A concentration
HP:0031546	1680	Cardiac conduction abnormality
HP:0002219	1598	Facial hypertrichosis
HP:0004382	4064	Mitral valve calcification
HP:0040146	478	D-2-hydroxyglutaric acidemia
HP:0040417	1773	Decreased urinary biopterin level
HP:0031878	114	Acromicria
HP:0010653	2368	Abnormality of the falx cerebri
HP:0000121	1437	Nephrocalcinosis
HP:0004972	271	Elevated mean arterial pressure
HP:0007321	5183	Deep white matter hypodensities
HP:0008615	4094	Adult onset sensorineural hearing impairment
HP:0008921	1919	Neonatal short-limb short stature
HP:0100679	1162	Lack of skin elasticity
HP:0009941	4412	Asymmetry of the mouth
HP:0008955	40	Progressive distal muscular atrophy
HP:0012443	2663	Abnormal brain morphology
HP:0011739	346	Dexamethasone-suppressible primary hyperaldosteronism
HP:0002575	1890	Tracheoesophageal fistula
HP:0200125	159	Mitochondrial respiratory chain defects
HP:0006710	5262	Aplasia/Hypoplasia of the clavicles
HP:0006821	5303	Frontal polymicrogyria
HP:0012074	3041	Tonic pupil
HP:0040149	4311	Woolly scalp hair
HP:0030813	1032	Absent tonsils
HP:0006461	3852	Proximal femoral epiphysiolysis
HP:0033329	1016	Abnormal postural reflex
HP:0410057	108	Increased level of D-threitol in plasma
HP:0007677	1803	Vitelliform-like macular lesions
HP:0007421	3770	Telangiectases of the cheeks
HP:0004099	5085	Macrodactyly
HP:0003298	2653	Spina bifida occulta
HP:0100723	3833	Gastrointestinal stroma tumor
HP:0010516	4061	Thymus hyperplasia
HP:0011478	1534	True anophthalmia
HP:0010933	212	Hyperxanthinemia
HP:0011999	1178	Paranoia
HP:0012749	1853	Focal T2 hypointense brainstem lesion
HP:0033804	2438	Subepidermal blistering
HP:0020074	2038	Crystalluria
HP:0007109	3964	Periventricular cysts
HP:0010927	185	Abnormal blood inorganic cation concentration
HP:0030190	2113	Oral motor hypotonia
HP:0003411	3958	Proximal femoral metaphyseal irregularity
HP:0001270	3251	Motor delay
HP:0034346	154	Nesidioblastosis
HP:0410018	1866	Recurrent ear infections
HP:0001674	2693	Complete atrioventricular canal defect
HP:0100832	4916	Vitreous floaters
HP:0003573	4136	Increased total bilirubin
HP:0045045	4024	Elevated circulating acylcarnitine concentration
HP:0005165	2987	Shortened PR interval
HP:0007922	2282	Hypermyelinated retinal nerve fibers
HP:0006009	2857	Broad phalanx
HP:0007730	233	Iris hypopigmentation
HP:0003121	2207	Limb joint contracture
HP:0006431	830	Abnormal proximal femoral metaphysis morphology
HP:0008484	1737	Thoracolumbar interpediculate narrowness
HP:0002896	90	Neoplasm of the liver
HP:0032436	4603	Abnormal circulating C-reactive protein concentration
HP:0025477	691	Periarticular calcification
HP:0012557	1596	EEG with centrotemporal focal spike waves
HP:0031284	1545	Flushing
HP:0005103	4235	Calcification of the auricular cartilage
HP:0011359	1849	Dry hair
HP:0008297	5366	Transient hyperphenylalaninemia
HP:0012382	5293	Left-to-right shunt
HP:0005224	4045	Rectal abscess
HP:0012126	248	Stomach cancer
HP:0000243	507	Trigonocephaly
HP:0100953	2348	Enlarged interhemispheric fissure
HP:0007436	897	Hair-nail ectodermal dysplasia
HP:0033524	209	Abnormal sperm axoneme morphology
HP:0034947	3367	Altered location of the longitudinal column in the fibrous sheath
HP:0008331	2123	Elevated creatine kinase after exercise
HP:0031590	3359	Asthenopia
HP:0025386	893	Bitemporal hollowing
HP:0010619	4284	Fibroadenoma of the breast
HP:0002566	43	Intestinal malrotation
HP:0009794	1263	Branchial anomaly
HP:0008986	598	Agenesis of the diaphragm
HP:0003258	3929	Glyoxalase deficiency
HP:0004323	1671	Abnormality of body weight
HP:0001215	3978	Camptodactyly of 2nd-5th fingers
HP:0011686	3335	Abnormal coronary artery course
HP:0001162	2565	Postaxial hand polydactyly
HP:0007970	2029	Congenital ptosis
HP:0000426	2589	Prominent nasal bridge
HP:0002094	2802	Dyspnea
HP:0004380	2818	Aortic valve calcification
HP:0040155	2760	Elevated urinary 3-hydroxybutyric acid
HP:0040272	600	Hyperintensity of MRI T2 signal of the spinal cord
HP:0025388	251	Thyroid nodule
HP:0008754	2446	Laryngeal calcification
HP:0011230	4033	Laterally extended eyebrow
HP:0032001	1277	Pink urine
HP:0006702	2299	Coronary artery dissection
HP:0000746	3276	Delusion
HP:0002642	903	Arteriovenous fistulas of celiac and mesenteric vessels
HP:6000357	647	Reduced cystathionine beta-synthase activity in cultured fibroblasts
HP:4000194	2740	Pseudohyperkalemia
HP:0000821	2706	Hypothyroidism
HP:0007452	2088	Midface capillary hemangioma
HP:0008229	314	Thyroid lymphangiectasia
HP:0033993	828	Viral encephalitis
HP:0100297	3278	Increased endomysial connective tissue
HP:0006549	1090	Unilateral primary pulmonary dysgenesis
HP:0005571	1550	Increased renal tubular phosphate reabsorption
HP:0010617	182	Cardiac fibroma
HP:0008315	4629	Decreased plasma free carnitine
HP:0012841	234	Retinal vascular tortuosity
HP:0030663	3481	Optically empty vitreous
HP:0001662	646	Bradycardia
HP:0002011	184	Morphological central nervous system abnormality
HP:0003688	3669	Cytochrome C oxidase-negative muscle fibers
HP:0100689	1117	Decreased corneal thickness
HP:0008293	1164	Long-chain dicarboxylic aciduria
HP:0002444	4922	Hypothalamic hamartoma
HP:0005349	609	Hypoplasia of the epiglottis
HP:0040049	4317	Macular edema
HP:0031687	4205	Abnormally loud pulmonic component of the second heart sound
HP:0034721	803	Elevated circulating pristanic acid concentration
HP:0011713	4076	Left bundle branch block
HP:0000040	203	Long penis
HP:0011369	1601	Mongolian blue spot
HP:0003125	4166	Reduced factor VIII activity
HP:0009072	3310	Decreased Achilles reflex
HP:0012532	4075	Chronic pain
HP:0002308	1070	Chiari malformation
HP:0006858	4749	Impaired distal proprioception
HP:0007545	3482	Congenital palmoplantar hyperkeratosis
HP:0100493	1182	Hypoammonemia
HP:0002475	849	Myelomeningocele
HP:0003278	2030	Square pelvis bone
HP:0009732	680	Plexiform neurofibroma
HP:0008205	1672	Insulin-dependent but ketosis-resistant diabetes
HP:0002932	125	Aldehyde oxidase deficiency
HP:0003321	428	Biconcave flattened vertebrae
HP:0000816	1629	Abnormality of Krebs cycle metabolism
HP:0001252	2755	Hypotonia
HP:0004454	670	Abnormal middle ear reflexes
HP:0011309	3123	Tapered toe
HP:0034351	1121	Neuromyotonia
HP:0007440	824	Generalized hyperpigmentation
HP:0011445	4053	Athetoid cerebral palsy
HP:0011785	584	Thyrotoxicosis with toxic multinodular goiter
HP:0008318	377	Elevated leukocyte alkaline phosphatase
HP:0001036	3202	Parakeratosis
HP:6000501	1621	Ruffled acrosome
HP:0010664	4047	Fusion of the left and right thalami
HP:0001900	809	Increased circulating hemoglobin concentration
HP:0030032	1413	Partial absence of foot
HP:0007522	1187	Increased number of skin folds
HP:0006779	3806	Alveolar rhabdomyosarcoma
HP:0000659	3240	Peters anomaly
HP:0001817	2925	Absent fingernail
HP:0000253	3705	Progressive microcephaly
HP:0030682	4705	Left ventricular noncompaction
HP:0025237	2268	Confusional arousal
HP:0002817	2032	Abnormality of the upper limb
HP:0012198	326	Juvenile colonic polyposis
HP:0034941	2482	Palatine myxoma
HP:0002992	957	Abnormal tibia morphology
HP:0040289	3956	Cyclic neutropenia
HP:0007289	2218	Limb fasciculations
HP:0011575	1740	Imperforate tricuspid valve
HP:0008081	2414	Pes valgus
HP:0011700	401	Automatic atrial tachycardia
HP:0002938	3816	Lumbar hyperlordosis
HP:0025070	1975	Abnormal U wave
HP:0000514	803	Slow saccadic eye movements
HP:0034946	2181	Multiple eyelid margin cysts
HP:0040071	3691	Abnormal morphology of ulna
HP:0008954	1601	Intrinsic hand muscle atrophy
HP:0004930	4291	Abnormality of the pulmonary vasculature
HP:6000270	291	Elevated CSF saccharopine concentration
HP:0003537	1358	Hypouricemia
HP:0100818	1751	Long thorax
HP:0001274	4755	Agenesis of corpus callosum
HP:0025473	657	Hyperpigmented papule
HP:0025271	2739	Esophageal spasms
HP:0003406	1648	Peripheral nerve compression
HP:0007866	31	Retinal infarction
HP:0002860	198	Squamous cell carcinoma
HP:0003614	1178	Trimethylaminuria
HP:0012462	1403	Chin myoclonus
HP:0012888	1294	Abnormal uterine cervix morphology
HP:0030939	3545	Palpebral thickening
HP:0003038	601	Fibular hypoplasia
HP:0009911	1307	Abnormal temporal bone morphology
HP:0003529	4970	Parathormone-independent increased renal tubular calcium reabsorption
HP:0001678	681	Atrioventricular block
HP:0006927	987	Unilateral polymicrogyria
HP:0005415	4078	Decreased proportion of CD8-positive T cells
HP:6000427	396	Reduced alkyl-dihydroxyacetonephosphate synthase activity in cultured fibroblasts
HP:0012893	1585	Neck muscle hypertrophy
HP:0031623	1513	Brow ptosis
HP:0005791	4408	Cortical thickening of long bone diaphyses
HP:0012697	5111	Small basal ganglia
HP:0020181	1277	Reduced haptoglobin level
HP:0007950	3993	Peripapillary chorioretinal atrophy
HP:6000428	942	Glomerular fibronectin deposits
HP:0003105	550	Protuberances at ends of long bones
HP:0006748	158	Adrenal pheochromocytoma
HP:0025114	2317	Hypergranulosis
HP:0025259	815	Stiff elbow
HP:0007263	2413	Spinocerebellar atrophy
HP:0000915	232	Pectus excavatum of inferior sternum
HP:4000079	5047	Sensory seeking
HP:0030368	788	Hyperphalangy of the 2nd finger
HP:0004876	3441	Spontaneous neonatal pneumothorax
HP:0010808	1868	Protruding tongue
HP:0011424	1359	Increased serum zinc
HP:0000603	472	Central scotoma
HP:0002652	5254	Skeletal dysplasia
HP:0004981	769	Prominent styloid process of ulna
HP:0001692	4351	Atrial arrhythmia
HP:0006650	2478	Thickening of the lateral border of the scapula
HP:0025361	343	Abnormal medullary pyramid morphology
HP:0012817	4980	Noncompaction cardiomyopathy
HP:0100581	3572	Dilatation of renal calices
HP:0031595	646	Abnormal P wave
HP:0040145	668	Dicarboxylic acidemia
HP:0000609	962	Optic nerve hypoplasia
HP:0032574	390	Elevated urinary uridine level
HP:0002435	1304	Meningocele
HP:0000639	3119	Nystagmus
HP:0006184	1427	Decreased palmar creases
HP:0001560	4760	Abnormality of the amniotic fluid
HP:0040247	388	Reduced euglobulin clot lysis time
HP:0005900	4281	Fifth metacarpal with ulnar notch
HP:0200153	201	Agenesis of lateral incisor
HP:0011231	5506	Prominent eyelashes
HP:0001040	662	Multiple pterygia
HP:0011710	2449	Bundle branch block
HP:0012120	527	Methylmalonic aciduria
HP:0006140	696	Premature fusion of phalangeal epiphyses
HP:0003403	1173	EMG: decremental response of compound muscle action potential to repetitive nerve stimulation
HP:0000092	2582	Renal tubular atrophy
HP:0025416	2466	Vaginal stricture
HP:0011990	4354	Abnormality of neutrophil physiology
HP:0030349	2731	Decreased circulating androgen concentration
HP:0006143	5019	Abnormal finger flexion crease
HP:0010046	744	Aplasia of the 5th metacarpal
HP:0012541	5252	Cephalohematoma
HP:0034665	1027	Shoulder contracture
HP:0031861	4646	Decreased heart rate variability
HP:0004695	3619	Calcaneal epiphyseal stippling
HP:0006384	2290	Club-shaped distal femur
HP:0032514	46	Supernumerary lacrimal punctum
HP:0008202	337	Reduced circulating prolactin concentration
HP:0008838	341	Stippled calcification proximal humeral epiphyses
HP:0100661	73	Trigeminal neuralgia
HP:0008808	3541	High iliac wing
HP:0004568	684	Beaking of vertebral bodies
HP:0007779	630	Anterior segment of eye aplasia
HP:0008970	545	Scapulohumeral muscular dystrophy
HP:0000141	917	Amenorrhea
HP:0007874	191	Almond-shaped palpebral fissure
HP:0008438	382	Vertebral arch anomaly
HP:0012188	616	Hyperemesis gravidarum
HP:0000523	404	Subcapsular cataract
HP:0031603	190	Impaired nasal mucociliary clearance
HP:0034325	506	Common carotid artery aneurysm
HP:0020049	3054	Exodeviation
HP:0030057	520	Autoimmune antibody positivity
HP:0010542	2246	Vestibular nystagmus
HP:0012070	928	Chondroitin sulfate excretion in urine
HP:0005465	2518	Facial hyperostosis
HP:0000387	3789	Absent earlobe
HP:0002650	595	Scoliosis
HP:0008115	548	Clinodactyly of the 3rd toe
HP:0002198	943	Dilated fourth ventricle
HP:0100511	2444	Abnormality of vitamin D metabolism
HP:0025572	46	Punctal stenosis
HP:0000142	2923	Abnormal vagina morphology
HP:0003274	4718	Hypoplastic acetabulae
HP:0004374	1519	Hemiplegia/hemiparesis
HP:0032121	2926	Froment sign
HP:0001459	3689	1-3 toe syndactyly
HP:0100870	4543	Plantar telangiectasia
HP:0004913	2992	Intermittent lactic acidemia
HP:0004334	23	Dermal atrophy
HP:0012345	2830	Abnormal glycosylation
HP:0030301	5152	Abnormality of the anterior commissure
HP:0010550	4894	Paraplegia
HP:0031159	290	Thinning of Descemet membrane
HP:0002558	3785	Supernumerary nipple
HP:0006190	408	Radially deviated wrists
HP:0031162	6	Impaired oropharyngeal swallow response
HP:0003309	1796	Ovoid thoracolumbar vertebrae
HP:0030752	3923	Dacryocystocele
HP:0012334	104	Extrahepatic cholestasis
HP:0025144	3011	Shivering
HP:0011958	93	Retinal perforation
HP:0003088	4743	Premature osteoarthritis
HP:0000889	815	Abnormal clavicle morphology
HP:0000114	3321	Proximal tubulopathy
HP:0002329	84	Drowsiness
HP:0000907	1491	Anterior rib cupping
HP:0006528	1856	Chronic lung disease
HP:0006216	4030	Single interphalangeal crease of fifth finger
HP:0010799	1499	Pinealoma
HP:0430007	3178	Symblepharon
HP:0011112	2359	Abnormal circulating cytokine concentration
HP:0007574	1829	Generalized bronze hyperpigmentation
HP:0002949	2355	Fused cervical vertebrae
HP:0001808	2443	Fragile nails
HP:4000204	921	Reduced mitochondrial acetyl-CoA acetyltransferase activity in cultured fibroblasts
HP:0000144	2882	Decreased fertility
HP:0040175	2988	Platelet-activating factor acetylhydrolase deficiency
HP:0001653	4107	Mitral regurgitation
HP:0000510	2628	Rod-cone dystrophy
HP:0002265	1638	Large fleshy ears
HP:0010896	365	Hypersarcosinemia
HP:0010026	800	Aplasia/Hypoplasia of the 1st metacarpal
HP:0010965	2991	Abnormal circulating phytanic acid concentration
HP:0002574	5431	Episodic abdominal pain
HP:0025501	1364	Class III obesity
HP:0008256	4285	Adrenocortical adenoma
HP:0012408	3822	Medullary nephrocalcinosis
HP:0003572	2972	Low plasma citrulline
HP:0006224	2967	Tapering pointed ends of distal finger phalanges
HP:0012272	2966	J wave
HP:0500173	3927	Reflex asystolic syncope
HP:0002594	5323	Pancreatic hypoplasia
HP:0005281	1893	Hypoplastic nasal bridge
HP:0000075	3172	Renal duplication
HP:0033643	4800	Increased circulating very long-chain fatty acid concentration
HP:0009743	2847	Distichiasis
HP:0030036	2448	Isothenuria
HP:0000215	5272	Thick upper lip vermilion
HP:0002895	2641	Papillary thyroid carcinoma
HP:0030281	495	Cervical C3/C4 vertebral fusion
HP:0012093	3954	Abnormality of endocrine pancreas physiology
HP:0034662	669	Elevated urine 2-methylcitric acid level
HP:0009103	3651	Aplasia/Hypoplasia involving the pelvis
HP:0033082	4426	Reduced TSH response to thyrotrophin-releasing hormone stimulation test
HP:0001501	5090	6 metacarpals
HP:0030202	1181	Favorable response of weakness to acetylcholine esterase inhibitors
HP:0003292	1355	Decreased serum leptin
HP:0000292	3476	Loss of facial adipose tissue
HP:0032567	510	Lipiduria
HP:0030863	3013	Nasal flaring
HP:0009568	100	Aplasia/Hypoplasia of the middle phalanx of the 2nd finger
HP:0034995	84	Reduced tissue fructose-1,6-bisphosphatase activity
HP:0011975	533	Aminoglycoside-induced hearing loss
HP:4000165	1353	Decreased circulating plasmalogen concentration
HP:0005964	2002	Intermittent hypothermia
HP:0010924	4069	Posterior cortical cataract
HP:0031540	2649	Linear IgG deposits along the epidermal basement membrane zone
HP:0002411	1998	Myokymia
HP:0003034	1608	Diaphyseal sclerosis
HP:0003344	2662	3-Methylglutaric aciduria
HP:0006432	1150	Trapezoidal distal femoral condyles
HP:0035006	1175	Hepatic sinusoidal dilatation
HP:0000922	4274	Posterior rib cupping
HP:0005288	3798	Abnormal nostril morphology
HP:0030950	2233	Pulmonary venous hypertension
HP:0009697	2043	Contracture of the distal interphalangeal joint of the fingers
HP:0003491	2492	Elevated urine pyrophosphate
HP:0031721	1280	Sensory exotropia
HP:0025252	723	Geographic tongue
HP:6000102	1446	Breast intraductal papilloma
HP:0002353	3340	EEG abnormality
HP:0003162	360	Fasting hypoglycemia
HP:0031126	434	Impaired clot retraction
HP:0010284	338	Intra-oral hyperpigmentation
HP:0025161	3715	Frequent temper tantrums
HP:0032066	208	Decreased serum bicarbonate concentration
HP:0030390	2883	Reduced circulating leukotriene C4 concentration
HP:0011651	1439	Double outlet right ventricle with doubly committed ventricular septal defect and pulmonary stenosis
HP:0002465	718	Poor speech
HP:0005609	1031	Gallbladder dysfunction
HP:0011670	4886	Left superior vena cava draining to coronary sinus
HP:0040119	210	Unilateral conductive hearing impairment
HP:0100899	572	Sclerosis of finger phalanx
HP:0006785	2907	Limb-girdle muscular dystrophy
HP:0002097	3763	Emphysema
HP:0010741	416	Pedal edema
HP:0100057	3652	Cone-shaped epiphyses of the 3rd toe
HP:0011382	5505	Hypoplasia of the semicircular canal
HP:0009056	966	Loss of subcutaneous adipose tissue from upper limbs
HP:0004112	534	Midline nasal groove
HP:0009589	246	Bilateral vestibular schwannoma
HP:0000713	2182	Agitation
HP:0009356	566	Triangular epiphysis of the proximal phalanx of the 3rd finger
HP:0006817	5528	Aplasia/Hypoplasia of the cerebellar vermis
HP:0001531	3719	Failure to thrive in infancy
HP:0007460	3975	Autoamputation of digits
HP:0011886	3058	Hyphema
HP:0001166	5457	Arachnodactyly
HP:0000117	5386	Renal phosphate wasting
HP:0008124	4041	Talipes calcaneovarus
HP:0011688	4605	Supraventricular tachycardia with an accessory connection mediated pathway
HP:0008857	1375	Neonatal short-trunk short stature
HP:0012742	1758	Thin fingernail
HP:0034298	4313	Elevated circulating hexacosanoic acid concentration
HP:0500008	848	Cornea verticillata
HP:0002495	845	Impaired vibratory sensation
HP:0008432	150	Anterior wedging of L1
HP:0006916	3171	Intraaxonal accumulation of curvilinear autofluorescent lipopigment storage material
HP:0000033	1100	Ambiguous genitalia, male
HP:0032786	1417	Migrating focal seizure
HP:0010813	3942	Abnormal number of hair whorls
HP:0005182	5135	Bicuspid pulmonary valve
HP:0007543	202	Epidermal hyperkeratosis
HP:0012150	638	Single lineage myelodysplasia
HP:0003006	276	Neuroblastoma
HP:0012621	352	Persistent cloaca
HP:0005442	3297	Widely patent coronal suture
HP:0012127	636	Uraciluria
HP:0030721	4233	Tetraphocomelia
HP:0008619	2005	Bilateral sensorineural hearing impairment
HP:0008096	1795	Medially deviated second toe
HP:0007129	218	Cerebellar medulloblastoma
HP:0010729	423	Cherry red spot of the macula
HP:0009939	4974	Mandibular aplasia
HP:0006771	4768	Duodenal adenocarcinoma
HP:0012103	2471	Abnormality of the mitochondrion
HP:0012339	2268	Increased resting energy expenditure
HP:0012169	3048	Self-biting
HP:0007809	178	Punctate corneal dystrophy
HP:0003498	874	Disproportionate short stature
HP:0002239	259	Gastrointestinal hemorrhage
HP:0011414	1346	Hydropic placenta
HP:0009466	1141	Radial deviation of finger
HP:0010314	5140	Premature thelarche
HP:0032327	5258	Interhemispheric cyst
HP:0000649	2593	Abnormality of visual evoked potentials
HP:0005297	3324	Premature occlusive vascular stenosis
HP:0006165	4617	Proportionate shortening of all digits
HP:0010493	3629	Long metacarpals
HP:0100694	4831	Tibial torsion
HP:0033980	4012	Paroxysmal tonic upgaze
HP:0003191	849	Cleft ala nasi
HP:0010801	1783	Underdeveloped nasolabial fold
HP:0009637	3633	Absent proximal phalanx of thumb
HP:0004000	738	Cone-shaped distal radial epiphysis
HP:6000616	173	Reduced muscle glycogen debrancher enzyme activity
HP:0012522	719	Spider hemangioma
HP:0100310	7	Epidural hemorrhage
HP:0002549	3728	Deficit in phonologic short-term memory
HP:0030442	657	Anal margin squamous cell carcinoma
HP:0410070	108	Increased level of ribitol in urine
HP:0009778	3688	Short thumb
HP:0031869	2572	Recurrent joint dislocation
HP:0012727	31	Thoracic aortic aneurysm
HP:0008796	4085	Femoral retroversion
HP:0005767	794	1-2 toe complete cutaneous syndactyly
HP:0045073	1633	Serositis
HP:0002126	2779	Polymicrogyria
HP:0005117	271	Elevated diastolic blood pressure
HP:0011565	3713	Common atrium
HP:0006385	469	Short lower limbs
HP:0007651	2432	Ectropion of lower eyelids
HP:0100852	4137	Abnormal fear-induced behavior
HP:0007899	3204	Retinal nonattachment
HP:0010730	5529	Double eyebrow
HP:0007987	4715	Progressive visual field defects
HP:0000866	745	Euthyroid multinodular goiter
HP:0006946	5109	Recurrent meningitis
HP:0011752	2463	Neoplasm of the posterior pituitary
HP:0041044	342	Low neutrophil alkaline phosphatase
HP:0010064	1693	Symphalangism affecting the phalanges of the hallux
HP:0100303	2935	Muscle fiber cytoplasmatic inclusion bodies
HP:0000076	2667	Vesicoureteral reflux
HP:0005177	131	Premature arteriosclerosis
HP:0200021	2419	Down-sloping shoulders
HP:0002160	12	Hyperhomocystinemia
HP:0000376	1688	Incomplete partition of the cochlea type II
HP:0032527	3814	Inferiorly positioned umbilicus
HP:0003994	629	Dislocated wrist
HP:0030292	1436	Tibial metaphyseal irregularity
HP:0002529	2213	Neuronal loss in central nervous system
HP:0005191	4452	Congenital knee dislocation
HP:0011625	1369	Multiple muscular ventricular septal defects
HP:0200047	1964	Chondritis of pinna
HP:0031452	4398	Lichenoid skin lesion
HP:0025514	3344	Morning glory anomaly
HP:0002878	4048	Respiratory failure
HP:0030272	340	Abnormal erythrocyte enzyme concentration or activity
HP:0033759	1364	Impaired renal tubular reabsorption of magnesium
HP:0009838	2195	Curved distal phalanges of the hand
HP:0008066	2552	Abnormal blistering of the skin
HP:0005254	935	Unilateral chest hypoplasia
HP:0012619	1411	Multiple bladder diverticula
HP:0005010	1291	Osteomyelitis leading to amputation due to slow healing fractures
HP:0003177	5136	Squared iliac bones
HP:0002885	4722	Medulloblastoma
HP:0000941	1352	Short diaphyses
HP:0006366	1138	Adductor longus contractures
HP:0001129	5419	Large central visual field defect
HP:0004901	5432	Exercise-induced lactic acidemia
HP:0100264	269	Proximal symphalangism
HP:6000265	523	Elevated urinary 3-hydroxykynurenine level
HP:0040306	26	Decreased male libido
HP:0100295	1782	Muscle fiber atrophy
HP:0004904	5416	Maturity-onset diabetes of the young
HP:0012494	1418	Anterior cerebral artery stenosis
HP:0007103	1763	Hypointensity of cerebral white matter on MRI
HP:0011167	2382	Focal tonic seizure
HP:0012016	2695	EEG with occipital focal spikes
HP:0003797	3661	Limb-girdle muscle atrophy
HP:0009882	1057	Short distal phalanx of finger
HP:0000952	3935	Jaundice
HP:0006481	3145	Abnormality of primary teeth
HP:0025451	539	Testicular adrenal rest tumor
HP:0100785	2462	Insomnia
HP:4000004	1333	Myocardial late gadolinium enhancement
HP:0034282	521	Subcutaneous ossification
HP:0009463	349	Ulnar deviation of the 3rd finger
HP:0003031	2909	Ulnar bowing
HP:0002286	3372	Fair hair
HP:0020101	2675	Invasive fungal infection
HP:6000563	1987	Reduced sepiapterin reductase activity in cultured fibroblasts
HP:0031390	733	Reduced MHC II surface expression
HP:0033418	1528	Elevated circulating 2-hydroxybutyric acid concentration
HP:0008388	922	Abnormal toenail morphology
HP:0010736	880	Monostotic fibrous dysplasia
HP:0032274	1917	Increased CSF N-acetylaspartic acid concentration
HP:0430022	264	Abnormality of the sphenoid sinus
HP:0005508	565	Monoclonal immunoglobulin M proteinemia
HP:0010754	2884	Abnormality of the temporomandibular joint
HP:0010992	502	Stress urinary incontinence
HP:0011727	5009	Peroneal muscle weakness
HP:0010810	1385	Long uvula
HP:0005587	3721	Profuse pigmented skin lesions
HP:0000136	2118	Bifid uterus
HP:0012559	2046	Increased T3/T4 ratio
HP:0031026	1662	Snail-like ilia
HP:0031955	3638	Antalgic gait
HP:0002942	5329	Thoracic kyphosis
HP:0007363	941	Aplasia/Hypoplasia of the pyramidal tract
HP:0000298	5247	Mask-like facies
HP:6000577	654	Reduced tissue 3-methylglutaconyl-CoA hydratase activity
HP:0005780	3884	Absent fourth finger distal interphalangeal crease
HP:0003041	83	Humeroradial synostosis
HP:0034447	871	Increased circulating interleukin 18 concentration
HP:0006698	2265	Dilatation of the ventricular cavity
HP:0200073	53	Respiratory insufficiency due to defective ciliary clearance
HP:0011535	17	Abnormal atrial arrangement
HP:0008445	3362	Cervical spinal canal stenosis
HP:0002909	4143	Generalized aminoaciduria
HP:0031409	4533	Abnormal lymphocyte physiology
HP:0045041	5207	Reduced circulating lactate dehydrogenase concentration
HP:0008752	1380	Laryngeal cartilage malformation
HP:0003339	1271	Pyrimidine-responsive megaloblastic anemia
HP:0000998	2597	Hypertrichosis
HP:0025423	2094	Abnormal larynx morphology
HP:0100019	4971	Cortical cataract
HP:0001344	4554	Absent speech
HP:0032229	1240	Perinuclear antineutrophil antibody positivity
HP:0025248	115	Eruptive vellus hair cyst
HP:0002398	3687	Degeneration of anterior horn cells
HP:0005890	3610	Hyperostosis cranialis interna
HP:0009642	4240	Broad distal phalanx of the thumb
HP:0033992	3383	Chronotropic incompetence
HP:0003353	1690	Propionyl-CoA carboxylase deficiency
HP:0011940	4267	Anterior wedging of T12
HP:0030034	143	Glomerular basement membrane lamellation
HP:0005164	2908	Dysplastic pulmonary valve
HP:0009901	3415	Crumpled ear
HP:0010603	204	Odontogenic keratocysts of the jaw
HP:0011132	4825	Chronic furunculosis
HP:0040160	421	Generalized osteoporosis
HP:0009658	795	Aplasia/Hypoplasia of the phalanges of the thumb
HP:0002641	335	Peripheral thrombosis
HP:0010186	4027	Broad distal phalanx of the toes
HP:0010044	2690	Short 4th metacarpal
HP:0001945	217	Fever
HP:0000481	309	Abnormal cornea morphology
HP:0000151	3112	Aplasia of the uterus
HP:0002460	3018	Distal muscle weakness
HP:0034688	266	Reduced peroxisomal glutaryl-CoA oxidase activity
HP:0005864	3413	Pseudoarthrosis
HP:0033725	3175	Thin corpus callosum
HP:0004633	403	Lower thoracic kyphosis
HP:6000638	316	Reduced hepatic glyoxylate reductase activity
HP:0011334	2562	Facial shape deformation
HP:0001082	4008	Cholecystitis
HP:0006565	4685	Increased hepatocellular lipid droplets
HP:0100298	559	Motheaten muscle fibers
HP:0034566	953	Aplasia of posterior communicating artery
HP:0100834	823	Neoplasm of the large intestine
HP:0034047	398	Rib osteolysis
HP:0002345	1406	Action tremor
HP:0100763	694	Abnormality of the lymphatic system
HP:0410373	1583	Abnormal proportion of naive CD4 T cells
HP:0012787	1259	Recurrent pyelonephritis
HP:0000528	1493	Anophthalmia
HP:0033208	348	Alveolar capillary dysplasia
HP:0040230	419	Decreased level of tissue plasminogen activator
HP:0007553	2586	Congenital symmetrical palmoplantar keratosis
HP:0001872	842	Abnormality of thrombocytes
HP:0002190	2037	Choroid plexus cyst
HP:0032785	272	Focal aware autonomic seizure with epigastric sensation/nausea/vomiting/other gastrointestinal phenomena
HP:0034859	659	Reduced leukocyte beta-glucuronidase activity
HP:0410075	108	Increased CSF xylitol concentration
HP:0100638	1825	Neoplasm of the pharynx
HP:0025157	1252	Increased urinary sedoheptulose
HP:6000134	888	Reduced alpha-methylacyl-CoA racemase activity in cultured fibroblasts
HP:0410243	1481	Abnormal circulating IgM level
HP:0025599	1306	Inferior oblique muscle overaction
HP:0025484	5013	Increased circulating thyroglobulin concentration
HP:0000749	4276	Paroxysmal bursts of laughter
HP:0012679	749	Widened interpedicular distance
HP:0005209	1411	Intrahepatic bile duct cysts
HP:0000925	495	Abnormality of the vertebral column
HP:0001863	2924	Toe clinodactyly
HP:0007166	1590	Paroxysmal dyskinesia
HP:0005617	2316	Bilateral camptodactyly
HP:0030501	3968	Macular crystals
HP:0000047	5526	Hypospadias
HP:0031386	259	Increased micromegakaryocyte count
HP:0011703	5006	Sinus tachycardia
HP:0001868	2715	Autoamputation of foot
HP:0002149	1488	Hyperuricemia
HP:0025700	2604	Anhydramnios
HP:0004361	2581	Abnormal circulating leptin concentration
HP:0032069	5538	Anti-thyroglobulin antibody positivity
HP:0034648	432	Elevated urine fumaric acid level
HP:0007067	4911	Distal peripheral sensory neuropathy
HP:0100000	1976	Early onset of sexual maturation
HP:0006297	4930	Enamel hypoplasia
HP:0034320	257	Muscle fiber intracytoplasmic reducing inclusion bodies
HP:0025706	2688	Absent fetal nasal bone
HP:0010733	2532	Naevus flammeus of the eyelid
HP:0002619	709	Varicose veins
HP:0000744	2353	Low frustration tolerance
HP:0000742	866	Self-mutilation
HP:0003261	5523	Increased circulating IgA level
HP:0006213	605	Thin proximal phalanges with broad epiphyses of the hand
HP:0002183	1808	Phonophobia
HP:0007648	652	Punctate cataract
HP:0001955	4704	Unexplained fevers
HP:0008660	283	Renotubular dysgenesis
HP:0012745	1516	Short palpebral fissure
HP:0030269	4138	Increased circulating insulin-like growth factor 1 concentration
HP:0002624	10	Abnormal venous morphology
HP:0000911	2951	Flat glenoid fossa
HP:0001241	3288	Capitate-hamate fusion
HP:0030902	4556	Palmomental reflex
HP:0010445	3985	Primum atrial septal defect
HP:0003224	464	Increased cellular sensitivity to UV light
HP:0000661	3163	Palpebral fissure narrowing on adduction
HP:0007607	350	Hypohidrotic ectodermal dysplasia
HP:0005876	3375	Progressive flexion contractures
HP:0007963	4660	Pattern dystrophy of the retina
HP:0003559	1661	Muscle hyperirritability
HP:0008480	837	Cervical spondylosis
HP:6000122	518	Increased urinary N-acetylglucosamine-rich oligosaccharide level
HP:0032275	2393	Recurrent shingles
HP:0100851	117	Abnormal emotion
HP:0001182	2100	Tapered finger
HP:0030151	1821	Cholangitis
HP:0009798	1688	Euthyroid goiter
HP:0000524	3456	Conjunctival telangiectasia
HP:0008119	1860	Deformed tarsal bones
HP:0006851	1003	Symmetric spinal nerve root neurofibromas
HP:0007717	2878	Chronic irritative conjunctivitis
HP:0100853	4226	Hypoplastic areola
HP:0100569	99	Abnormally ossified vertebrae
HP:0031033	370	Impaired urinary acidification
HP:0000867	2861	Secondary hyperparathyroidism
HP:0034180	892	Fusion of the caudate and putamen
HP:0000132	660	Menorrhagia
HP:0030889	5015	Congenital shortened small intestine
HP:0000112	1029	Nephropathy
HP:0012266	4735	T-wave alternans
HP:0033061	4759	Increased factor IX activity
HP:0011858	4947	Reduced factor IX activity
HP:0002656	408	Epiphyseal dysplasia
HP:0032794	1433	Myoclonic seizure
HP:0030903	4454	Grasp reflex
HP:0003193	2347	Allergic rhinitis
HP:0009608	4145	Complete duplication of proximal phalanx of the thumb
HP:0006379	583	Proximal tibial hypoplasia
HP:0034249	2112	Severe influenza infection
HP:0001970	1322	Tubulointerstitial nephritis
HP:0100896	5480	Rectal polyposis
HP:0030795	8	Reduced C-peptide level
HP:0031910	1723	Abnormal cranial nerve physiology
HP:0011665	621	Takotsubo cardiomyopathy
HP:0008031	3464	Posterior Y-sutural cataract
HP:0008802	3748	Hypoplasia of the femoral head
HP:0031979	2437	Abnormal urine carbohydrate level
HP:0410377	1583	Decreased proportion of naive CD8 T cells
HP:0009828	473	Peromelia
HP:0002818	5118	Abnormal morphology of the radius
HP:0003260	704	Hydroxyprolinemia
HP:0008523	2281	Posterior helix pit
HP:0011073	2723	Abnormality of dental color
HP:0032352	421	Methioninuria
HP:0200025	4202	Mandibular pain
HP:0007328	988	Impaired pain sensation
HP:0034291	2354	Elevated circulating creatine concentration
HP:0008635	1376	Urinary bladder wall hypertrophy
HP:0000696	2051	Delayed eruption of permanent teeth
HP:0003240	797	Increased phosphoribosylpyrophosphate synthetase level
HP:0030043	906	Hip subluxation
HP:0002157	2153	Azotemia
HP:0004019	640	Radial metaphyseal irregularity
HP:0005758	1367	Basilar impression
HP:0003426	503	First dorsal interossei muscle atrophy
HP:0000799	1360	Renal steatosis
HP:0004947	826	Arteriovenous fistula
HP:0012468	274	Chronic acidosis
HP:0010511	3632	Long toe
HP:0002827	349	Hip dislocation
HP:0002267	1527	Exaggerated startle response
HP:0033336	3608	Zygotic cleavage failure
HP:0005343	4427	Hypoplasia of the bladder
HP:0034976	2093	Absent pituitary stalk
HP:0033383	1140	Decreased compound muscle action potential amplitude
HP:0004798	4731	Recurrent infection of the gastrointestinal tract
HP:0003362	4544	Increased VLDL cholesterol concentration
HP:0031082	2893	Impaired growth-hormone response to glucagon stimulation test
HP:0025392	3520	Nodular pattern on pulmonary HRCT
HP:0033812	914	Decreased circulating androstenedione concentration
HP:0000853	453	Goiter
HP:0034372	228	Internal tibial torsion
HP:0000019	3938	Urinary hesitancy
HP:0001634	2079	Mitral valve prolapse
HP:0010785	673	Gonadal neoplasm
HP:0008419	4245	Intervertebral disk degeneration
HP:0000155	2260	Oral ulcer
HP:0008457	4877	Caudal interpedicular narrowing
HP:0011832	5460	Narrow nasal tip
HP:0012296	2350	Slender distal phalanx of finger
HP:0000504	1715	Abnormality of vision
HP:0003634	2672	Amyoplasia
HP:0009704	1122	Chronic CSF lymphocytosis
HP:0009897	2248	Horizontal crus of helix
HP:0000803	3967	Renal cortical cysts
HP:0003856	626	Upper limb metaphyseal widening
HP:0009161	100	Aplasia/Hypoplasia of the middle phalanx of the 5th finger
HP:0008028	4339	Cystoid macular degeneration
HP:0003138	3440	Increased blood urea nitrogen
HP:0009553	3421	Abnormality of the hairline
HP:0033031	980	Hyperpyrexia
HP:0034714	1116	Hepatic melanin-like lysosomal pigmentation
HP:0100797	3924	Toenail dysplasia
HP:0007089	3960	Facial-lingual fasciculations
HP:0012301	4826	Type II transferrin isoform profile
HP:3000005	777	Abnormality of masseter muscle
HP:0006979	2718	Sleep-wake cycle disturbance
HP:0004618	2361	Sandwich appearance of vertebral bodies
HP:0031181	872	Necrolytic migratory erythema
HP:0005656	2174	Positional foot deformity
HP:0000572	3859	Visual loss
HP:0007898	734	Exudative retinopathy
HP:0020006	2495	Ciliary body coloboma
HP:0012152	4236	Foveoschisis
HP:0004562	1003	Beaking of vertebral bodies T12-L3
HP:0011150	147	Myoclonic absence seizure
HP:0045014	547	Hypolipidemia
HP:0032705	272	Focal aware cognitive seizure with forced thinking
HP:0004437	3068	Cranial hyperostosis
HP:0034811	135	Bent sperm flagella
HP:0008687	2456	Hypoplasia of the prostate
HP:0003416	3355	Spinal canal stenosis
HP:0000758	1170	Abnormal nonverbal communicative behavior
HP:0001776	800	Bilateral talipes equinovarus
HP:0001975	959	Decreased platelet glycoprotein IIb-IIIa
HP:0032555	826	Bounding pulse
HP:0003250	2345	Aplasia of the vagina
HP:0010652	686	Abnormal dura mater morphology
HP:0007516	684	Redundant skin on fingers
HP:0031274	4799	Hypovolemic shock
HP:0000161	583	Median cleft upper lip
HP:0025343	2163	Lupus anticoagulant
HP:0010282	1376	Thin lower lip vermilion
HP:0000370	5089	Abnormality of the middle ear
HP:0011488	3889	Abnormal corneal endothelium morphology
HP:0001741	2197	Phimosis
HP:0000301	1087	Abnormality of facial musculature
HP:0000786	3974	Primary amenorrhea
HP:0009886	4664	Trichorrhexis nodosa
HP:0001232	1236	Nail bed telangiectasia
HP:0025233	2475	Sleep paralysis
HP:0003451	1074	Increased rate of premature chromosome condensation
HP:0010838	213	High nonceruloplasmin-bound serum copper
HP:0005968	1822	Temperature instability
HP:0500022	157	Abnormal circulating dehydroepiandrosterone concentration
HP:0003510	1155	Severe short stature
HP:0004474	2517	Persistent open anterior fontanelle
HP:0005696	4630	Postaxial polydactyly type A
HP:0031919	1110	Juvenile type ovarian granulosa cell tumor
HP:0011695	3356	Cerebellar hemorrhage
HP:0007411	515	Hypoplastic-absent sebaceous glands
HP:0025492	3020	Microcoria
HP:0006589	911	Flaring of lower rib cage
HP:0008643	444	Nephroblastomatosis
HP:0009099	4763	Median cleft palate
HP:0034300	500	Decreased acid sphingomyelinase activity
HP:0005525	1227	Spontaneous hemolytic crises
HP:0030405	963	Pancreatic endocrine tumor
HP:0006129	2301	Drumstick terminal phalanges
HP:0030062	988	Craniopharyngioma
HP:0020169	822	Abnormal drug response
HP:0000419	5477	Abnormal nasal septum morphology
HP:0005946	2807	Ventilator dependence with inability to wean
HP:0005991	3856	Limited neck flexion
HP:0000205	4857	Pursed lips
HP:0006368	2904	Forearm reduction defects
HP:0011916	426	Toe extensor amyotrophy
HP:0006489	2424	Abnormal femoral metaphysis morphology
HP:0011863	796	Abnormal sternal ossification
HP:0001836	861	Camptodactyly of toe
HP:0011438	1581	Maternal teratogenic exposure
HP:0007957	4159	Corneal opacity
HP:0009349	952	Enlarged epiphysis of the proximal phalanx of the 3rd finger
HP:0000641	2348	Dysmetric saccades
HP:0010708	420	1-5 finger syndactyly
HP:0025650	2467	Steroid-dependent nephrotic syndrome
HP:0002863	5444	Myelodysplasia
HP:0009748	4135	Large earlobe
HP:0001268	3831	Mental deterioration
HP:0003452	650	Increased circulating iron concentration
HP:0010946	4747	Dilatation of the renal pelvis
HP:0011423	237	Hyperchloremia
HP:0004312	1533	Abnormal reticulocyte morphology
HP:0001491	759	Congenital fibrosis of extraocular muscles
HP:0002511	196	Alzheimer disease
HP:0032248	1012	Persistent viremia
HP:0000932	4046	Abnormal posterior cranial fossa morphology
HP:0002918	5536	Hypermagnesemia
HP:0033443	4959	Elevated circulating propionylcarnitine concentration
HP:0012373	760	Abnormal eye physiology
HP:0010455	5012	Steep acetabular roof
HP:0005495	535	Metopic suture patent to nasal root
HP:0009331	303	Triangular epiphysis of the middle phalanx of the 3rd finger
HP:0034324	1050	Brachiocephalic artery aneurysm
HP:0033584	455	Nonspecific interstitial pneumonia
HP:0030511	4597	Bradyopsia
HP:0100133	5083	Abnormality of the pubic hair
HP:0006850	180	Hypoplasia of the ventral pons
HP:0003839	1226	Abnormal upper limb epiphysis morphology
HP:0034400	1187	Circumferential skin creases on extremities
HP:0005208	3977	Secretory diarrhea
HP:0002256	1195	Small bowel diverticula
HP:0034260	3305	Aplastic zygomatic arch
HP:0009741	853	Nephrosclerosis
HP:0004283	3373	Narrow palm
HP:0032346	992	Cutaneous lichen amyloidosis
HP:0430074	3999	Increased circulating beta-carotene concentration
HP:0002208	3991	Coarse hair
HP:0001802	1392	Absent toenail
HP:0008122	1679	Calcaneonavicular fusion
HP:0008743	4994	Coronal hypospadias
HP:0033786	3988	Hypomature enamel
HP:6000161	989	Reduced hepatic N-acetylglutamate synthase activity
HP:0004926	5059	Orthostatic hypotension due to autonomic dysfunction
HP:0004306	2453	Abnormal endocardium morphology
HP:0002907	4380	Microscopic hematuria
HP:0001626	3891	Abnormality of the cardiovascular system
HP:0008247	103	Euthyroid hyperthyroxinemia
HP:0012019	4130	Lens luxation
HP:0034712	556	Decreased circulating alpha-mannosidase activity
HP:0000422	1123	Abnormal nasal bridge morphology
HP:0009535	651	Aplasia of the 2nd finger
HP:0200104	1605	Absent fifth fingernail
HP:0410246	1206	Increased circulating IgD level
HP:0030406	4535	Primary peritoneal carcinoma
HP:0002321	359	Vertigo
HP:0030868	1472	Monorchism
HP:0100619	745	Sertoli cell neoplasm
HP:0010871	482	Sensory ataxia
HP:0007000	5290	Morning myoclonic jerks
HP:0006789	1322	Mitochondrial encephalopathy
HP:0100752	833	Abnormal liver lobulation
HP:0030232	555	Increased sarcoplasmic glycogen
HP:0008064	51	Ichthyosis
HP:0500187	3337	Increased CSF valine concentration
HP:0005781	3556	Contractures of the large joints
HP:0000707	1198	Abnormality of the nervous system
HP:0030025	1932	Auricular pit
HP:0011493	400	Central opacification of the cornea
HP:0007385	149	Aplasia cutis congenita of scalp
HP:0012366	3090	Basilar invagination
HP:0010535	2958	Sleep apnea
HP:0100252	3717	Diaphyseal dysplasia
HP:0033190	1157	Hypertrichotic hyperpigmented patch
HP:0008255	154	Transient neonatal diabetes mellitus
HP:0010906	106	Hyperhistidinemia
HP:0007099	1911	Chiari type I malformation
HP:0011311	1953	Sydney crease
HP:0002070	1874	Limb ataxia
HP:0001014	4973	Angiokeratoma
HP:0030880	895	Raynaud phenomenon
HP:0031246	741	Nonproductive cough
HP:0006938	2674	Impaired vibration sensation at ankles
HP:0032864	2124	Focal aware sensory seizure with auditory features
HP:0002608	2192	Celiac disease
HP:0002171	1841	Gliosis
HP:0002339	4461	Abnormal caudate nucleus morphology
HP:0006155	2410	Long phalanx of finger
HP:0000455	1062	Broad nasal tip
HP:0004646	4637	Hypoplasia of the nasal bone
HP:0002248	3483	Hematemesis
HP:0025043	949	Enlarged mesenteric lymph node
HP:0034715	1104	Reduced uroporphyrinogen decarboxylase activity
HP:0025024	3976	Megarectum
HP:0033075	3759	Inappropriately normal thyroid-stimulating hormone level
HP:0001271	1960	Polyneuropathy
HP:0040165	248	Periostitis
HP:0034349	2540	Supravalvar pulmonary stenosis
HP:0000008	41	Abnormal morphology of female internal genitalia
HP:0003940	557	Osteoarthritis of the elbow
HP:0025132	1038	Abnormal circulating estrogen level
HP:0006408	663	Distal tapering femur
HP:0003235	1095	Hypermethioninemia
HP:0033341	2253	Elevated circulating sitosterol concentration
HP:0030810	105	Abnormal tongue physiology
HP:0005037	4300	Proximal radio-ulnar synostosis
HP:0034530	852	Bent long bone
HP:0011960	2654	Substantia nigra gliosis
HP:0006423	2615	Peg-like central prominence of distal tibial metaphyses
HP:0007407	1501	Excessive skin wrinkling on dorsum of hands and fingers
HP:0001869	1253	Deep plantar creases
HP:0000934	3320	Chondrocalcinosis
HP:0009711	158	Retinal capillary hemangioma
HP:0007680	233	Depigmented fundus
HP:0003396	5098	Syringomyelia
HP:0012375	1823	Chemosis
HP:0006014	4183	Abnormally shaped carpal bones
HP:0032007	454	Maceration
HP:0002436	4115	Occipital meningocele
HP:0002963	742	Abnormal delayed hypersensitivity skin test
HP:0010957	2259	Congenital posterior urethral valve
HP:0007524	1824	Atypical neurofibromatosis
HP:0008628	609	Abnormality of the stapes
HP:0005877	2333	Multiple small vertebral fractures
HP:0008179	1803	Decreased Arden ratio of electrooculogram
HP:0000613	949	Photophobia
HP:0007537	2978	Severe photosensitivity
HP:0000403	1855	Recurrent otitis media
HP:0040270	4312	Impaired glucose tolerance
HP:0011784	2896	Thyrotoxicosis with diffuse goiter
HP:0001640	2012	Cardiomegaly
HP:0006524	1757	Tracheobronchial leiomyomatosis
HP:0004375	4812	Neoplasm of the nervous system
HP:0007900	852	Hypoplastic lacrimal duct
HP:0003215	4758	Dicarboxylic aciduria
HP:0010544	4129	Vertical nystagmus
HP:0007732	5318	Lacrimal gland hypoplasia
HP:0011201	542	EEG with changes in voltage
HP:0012002	2469	Experiential epileptic aura
HP:0004976	629	Knee dislocation
HP:0006094	1879	Finger joint hypermobility
HP:0008204	476	Precocious puberty with Sertoli cell tumor
HP:0031853	4967	Isomerism
HP:0007976	3060	Cerulean cataract
HP:0012115	2528	Hepatitis
HP:0032220	4757	Interface hepatitis
HP:0008682	4482	Renal tubular epithelial necrosis
HP:0001852	2801	Sandal gap
HP:0012748	47	Focal T2 hyperintense brainstem lesion
HP:0012636	3959	Retinal vein occlusion
HP:0009053	937	Distal lower limb muscle weakness
HP:0003810	2009	Late-onset distal muscle weakness
HP:0030978	751	Decreased CSF/serum albumin ratio
HP:0009970	2771	Partial duplication of the proximal phalanx of the 3rd finger
HP:0000553	2965	Abnormal uvea morphology
HP:0100787	1766	Prostate neoplasm
HP:0008823	869	Inferior pubic ramus hypoplasia
HP:0410019	3695	Epigastric pain
HP:0003110	736	Abnormality of urine homeostasis
HP:0032277	615	Lozenge-shaped umbilicus
HP:0004453	2431	Overfolding of the superior helices
HP:0004419	3436	Recurrent thrombophlebitis
HP:0010585	76	Small epiphyses
HP:0007618	3874	Subcutaneous calcification
HP:0008410	836	Subungual hyperkeratotic fragments
HP:6000621	106	Elevated urinary N-tau-ribosylhistidine level
HP:0100345	1337	Tibial deviation of the 2nd toe
HP:0003022	1473	Hypoplasia of the ulna
HP:0004209	3515	Clinodactyly of the 5th finger
HP:0002749	274	Osteomalacia
HP:0008259	486	Adrenocorticotropin receptor defect
HP:0000049	615	Shawl scrotum
HP:0100955	938	Giant cell granuloma of mandible
HP:0000738	1707	Hallucinations
HP:0012551	393	Absent neutrophil specific granules
HP:0031873	3407	Early chronotype
HP:0100613	2242	Death in early adulthood
HP:0001583	2262	Rotary nystagmus
HP:0002383	2869	Infectious encephalitis
HP:0010880	3655	Increased nuchal translucency
HP:0006727	4254	T-cell acute lymphoblastic leukemias
HP:0007305	4860	CNS demyelination
HP:0031229	210	Increased incisura length
HP:0030890	4325	Hyperintensity of cerebral white matter on MRI
HP:0031831	3008	Decreased serum zinc
HP:0012055	238	Ciliary body melanoma
HP:0001107	345	Ocular albinism
HP:0034367	193	Decreased circulating beta-mannosidase activity
HP:0002083	1128	Migraine without aura
HP:0002269	689	Abnormality of neuronal migration
HP:0410156	2471	Increased level of N-acetylneuraminic acid in urine
HP:0011290	2607	EEG with frontal sharp slow waves
HP:0004332	56	Abnormal lymphocyte morphology
HP:0008348	414	Decreased circulating IgG2 level
HP:0011756	358	Posterior pituitary agenesis
HP:0008372	1914	Abnormal circulating vitamin A concentration
HP:0006099	4333	Metacarpophalangeal joint hyperextensibility
HP:0002732	1802	Lymph node hypoplasia
HP:0003093	1871	Limited hip extension
HP:0007984	267	Electronegative electroretinogram
HP:0025717	3966	Skeletal muscle autophagosome accumulation
HP:0007447	367	Diffuse palmoplantar hyperkeratosis
HP:0007371	3290	Corpus callosum atrophy
HP:0010624	882	Aplastic/hypoplastic toenail
HP:0008587	1887	Mild neurosensory hearing impairment
HP:0034299	3255	Sertoli cell-only phenotype
HP:0100574	2421	Biliary tract neoplasm
HP:0003558	4175	Viral infection-induced rhabdomyolysis
HP:0030241	651	Hypoplasia of deltoid muscle
HP:0003019	1681	Abnormality of the wrist
HP:0007207	101	Photosensitive tonic-clonic seizure
HP:0033049	4453	Globus pallidus hypointensity on susceptibility-weighted imaging
HP:0002002	3895	Deep philtrum
HP:0005671	1055	Bilateral intracerebral calcifications
HP:0009049	4439	Peroneal muscle atrophy
HP:0005346	249	Abnormal facial expression
HP:0006915	2292	Inability to walk by childhood/adolescence
HP:0006508	802	Abnormality of tibial epiphyses
HP:0008428	2269	Vertebral clefting
HP:0034177	1526	Reduced circulating interleukin 17A concentration
HP:0003131	4802	Cystinuria
HP:0003183	3841	Wide pubic symphysis
HP:0011272	4292	Underdeveloped tragus
HP:0011941	395	Anterior wedging of L2
HP:0000032	3502	Abnormal male external genitalia morphology
HP:0003115	4935	Abnormal EKG
HP:0006521	4824	Pulmonary lymphangiectasia
HP:0004565	245	Severe platyspondyly
HP:0007668	3120	Impaired pursuit initiation and maintenance
HP:0003380	3161	Decreased number of peripheral myelinated nerve fibers
HP:0003864	1380	Bifid humerus
HP:0011062	195	Misalignment of incisors
HP:0000501	820	Glaucoma
HP:0008277	1470	Abnormal blood zinc concentration
HP:0008661	998	Urethral stenosis
HP:0007704	47	Paroxysmal involuntary eye movements
HP:0002381	2686	Aphasia
HP:0100571	661	Cardiac diverticulum
HP:0003694	5053	Late-onset proximal muscle weakness
HP:0030280	671	Rib gap
HP:0001289	38	Confusion
HP:0500230	1528	Increased CSF glycine concentration
HP:0002729	5274	Follicular hyperplasia
HP:0000629	771	Periorbital fullness
HP:0040227	95	Decreased level of histidine-rich glycoprotein
HP:0010112	2404	Mesoaxial foot polydactyly
HP:0025013	4370	Decerebrate rigidity
HP:0011325	3634	Pansynostosis
HP:0012426	3791	Optic disc drusen
HP:0001283	1229	Bulbar palsy
HP:0010559	990	Vertical clivus
HP:0033444	996	Elevated circulating dodecanoylcarnitine concentration
HP:0012138	377	Granulocytic hyperplasia
HP:0008245	887	Pituitary hypothyroidism
HP:0000670	3865	Carious teeth
HP:0033010	321	Increased fecal coproporphyrin 3
HP:0100598	279	Pulmonary edema
HP:0009814	1401	Upper limb peromelia
HP:0100951	301	Enlarged fossa interpeduncularis
HP:0011922	2332	Abnormal activity of mitochondrial respiratory chain
HP:0007716	4314	Uveal melanoma
HP:0032981	165	Absent bronchoalveolar dimeric surfactant-protein B
HP:0040171	4756	Decreased serum testosterone concentration
HP:0011400	1761	Abnormal CNS myelination
HP:0100068	415	Cone-shaped epiphyses of the 4th toe
HP:0500170	544	Abnormal concentration of acylcarnitine in the urine
HP:0000128	2631	Renal potassium wasting
HP:0030883	3594	Femoroacetabular impingement
HP:0010849	3926	EEG with spike-wave complexes (>3.5 Hz)
HP:0004273	1039	Cupped metaphyses of hand bones
HP:0100614	2473	Myositis
HP:0012446	1434	Decreased CSF 5-methyltetrahydrofolate concentration
HP:0031208	364	Increased pituitary glycoprotein hormone alpha subunit level
HP:0030080	3374	Burkitt lymphoma
HP:0100960	3686	Lateral ventricular asymmetry
HP:0001659	1447	Aortic regurgitation
HP:0004429	976	Recurrent viral infections
HP:0007854	5328	Glaucomatous visual field defect
HP:0010958	2318	Bilateral renal agenesis
HP:0033808	2871	Spermatocele
HP:0001943	3782	Hypoglycemia
HP:0006277	460	Pancreatic hyperplasia
HP:0011701	1916	Multifocal atrial tachycardia
HP:0007069	2772	Profound static encephalopathy
HP:0008035	1419	Retinitis pigmentosa inversa
HP:0100025	5525	Overfriendliness
HP:0001349	3341	Facial diplegia
HP:0032132	68	Decreased circulating total IgG
HP:0030409	804	Renal transitional cell carcinoma
HP:0011421	3125	Death in adolescence
HP:0034259	1399	Hypoplasia of the midbrain
HP:0000737	1630	Irritability
HP:0100503	1477	Decreased circulating vitamin B1 concentration
HP:0012595	4782	Mild proteinuria
HP:0030844	711	Undetectable pattern electroretinogram
HP:0010413	2774	Aplasia/Hypoplasia of the distal phalanx of the 2nd toe
HP:0007453	1494	Flexural lichenification
HP:0003363	1924	Abdominal situs inversus
HP:0000347	2000	Micrognathia
HP:0010662	162	Abnormality of the diencephalon
HP:0032532	1357	Elevated CSF 4-hydroxybutyric acid concentration
HP:0200097	447	Oral mucosal blisters
HP:0012377	4018	Hemianopia
HP:0000196	3109	Lower lip pit
HP:0001034	2298	Hypermelanotic macule
HP:0030192	904	Fatigable weakness of bulbar muscles
HP:0012098	3973	Edema of the dorsum of feet
HP:0010084	1569	Duplication of the distal phalanx of the hallux
HP:0031936	2606	Delayed ability to walk
HP:0030991	1343	Sclerosing cholangitis
HP:6000467	2679	Elevated urine D-lactate level
HP:0033503	465	Elevated CSF fumarate concentration
HP:0002843	2610	Abnormal T cell morphology
HP:0012476	3386	Decreased specific pneumococcal antibody level
HP:0030666	2474	Retinal neovascularization
HP:0012430	3720	Cerebral white matter hypoplasia
HP:0002944	1436	Thoracolumbar scoliosis
HP:0001537	5532	Umbilical hernia
HP:0011735	5537	Adrenocorticotropin deficient adrenal insufficiency
HP:0008373	4440	Puberty and gonadal disorders
HP:0000653	229	Sparse eyelashes
HP:0009555	429	Hypoplasia of the pharynx
HP:0000733	3423	Motor stereotypy
HP:0008739	1451	Labial pseudohypertrophy
HP:0005063	1948	Fragmented, irregular epiphyses
HP:0009465	394	Ulnar deviation of finger
HP:0100697	232	Neurofibrosarcoma
HP:0002014	3023	Diarrhea
HP:0200057	1442	Marcus Gunn pupil
HP:0002478	224	Progressive spastic quadriplegia
HP:0001746	641	Asplenia
HP:0004451	355	Postauricular skin tag
HP:0100712	1405	Abnormal lumbar spine morphology
HP:0001633	807	Abnormal mitral valve morphology
HP:0006677	4375	Prolonged QRS complex
HP:0011679	867	Tetralogy of Fallot with pulmonary stenosis
HP:0030833	3804	Neck pain
HP:0003199	502	Decreased muscle mass
HP:0012372	3452	Abnormal eye morphology
HP:0010637	2373	Conjunctival amyloidosis
HP:0010522	365	Dyslexia
HP:0000311	1656	Round face
HP:0004894	3868	Laryngotracheal stenosis
HP:0012123	3216	Posterior uveitis
HP:0031808	1240	Decreased basophil count
HP:0007695	678	Abnormal pupillary light reflex
HP:0004814	153	Fava bean-induced hemolytic anemia
HP:0033052	492	Non-epileptic seizure
HP:0010739	287	Osteopoikilosis
HP:0011354	1179	Generalized abnormality of skin
HP:0034285	1481	Enteroviral encephalitis
HP:0006522	3511	Repeated pneumothoraces
HP:0030672	3380	Asteroid hyalosis
HP:0007621	202	Telangiectasia of extensor surfaces
HP:0008138	4729	Equinus calcaneus
HP:0003083	2407	Dislocated radial head
HP:0002235	5454	Pili canaliculi
HP:0002951	1869	Partial absence of cerebellar vermis
HP:0000466	2620	Limited neck range of motion
HP:0000013	1308	Hypoplasia of the uterus
HP:0003397	244	Generalized hypotonia due to defect at the neuromuscular junction
HP:0001891	1222	Iron deficiency anemia
HP:0031593	1290	Abnormal PR interval
HP:0005110	3918	Atrial fibrillation
HP:0004634	132	Cuboid-shaped vertebral bodies
HP:0011284	4318	Short-segment aganglionic megacolon
HP:0012733	1085	Macule
HP:0004389	3774	Intestinal pseudo-obstruction
HP:0034012	1476	Palmoplantar hypohidrosis
HP:0410063	2258	Increased level of galactonate in red blood cells
HP:0030914	1130	Abnormal peristalsis
HP:0030445	1183	Pulmonary carcinoid tumor
HP:0000841	205	Hyperactive renin-angiotensin system
HP:0008749	4298	Laryngeal hypoplasia
HP:0009937	737	Facial hirsutism
HP:0030784	19	Anomic aphasia
HP:0002212	531	Curly hair
HP:0011540	189	Congenitally corrected transposition of the great arteries
HP:0100534	935	Episcleritis
HP:0008513	3681	Bilateral conductive hearing impairment
HP:0500115	958	Increased stool urobilinogen concentration
HP:6000557	2263	Reduced erythrocyte bisphosphoglycerate mutase activity
HP:0006711	587	Aplasia/Hypoplasia involving bones of the thorax
HP:0006160	4107	Irregular metacarpals
HP:0004754	4740	Permanent atrial fibrillation
HP:0007667	322	Peripheral cystoid retinal degeneration
HP:0006274	28	Reduced pancreatic beta cells
HP:0040186	370	Maculopapular exanthema
HP:0009071	4198	Inflammatory myopathy
HP:0012597	553	Heavy proteinuria
HP:0012194	1590	Episodic hemiplegia
HP:0000222	1350	Gingival hyperkeratosis
HP:0003762	5270	Uterus didelphys
HP:0002510	4133	Spastic tetraplegia
HP:0000999	4813	Pyoderma
HP:0001085	292	Papilledema
HP:0040069	3594	Abnormal lower limb bone morphology
HP:0001717	5393	Coronary artery calcification
HP:0009145	685	Abnormal cerebral artery morphology
HP:0000503	3710	Tortuosity of conjunctival vessels
HP:0001555	2898	Asymmetry of the thorax
HP:0008269	773	Increased red cell hemolysis by shear stress
HP:0031688	3080	Erythroid dysplasia
HP:0032199	1427	Abnormal prothrombin time
HP:0011787	75	Central hypothyroidism
HP:0100774	4000	Hyperostosis
HP:0030284	529	Triangular tongue
HP:0010939	2156	Abnormal nasal bone morphology
HP:0005176	4746	Dysplastic aortic valve
HP:0010749	2603	Blepharochalasis
HP:0003808	2142	Abnormal muscle tone
HP:6000555	4175	Decreased erythrocyte fructose-1,6-bisphosphate aldolase activity
HP:0030235	3537	Extremely elevated creatine kinase
HP:0006147	1649	Progressive fusion 2nd-5th pip joints
HP:0012403	211	Decreased urine alpha-ketoglutarate concentration
HP:0011085	4128	Hypomature dental enamel
HP:0005905	3649	Abnormal cervical curvature
HP:0007985	4338	Retinal arteriolar occlusion
HP:0004836	4958	Acute promyelocytic leukemia
HP:0002075	2039	Dysdiadochokinesis
HP:0011447	4119	Hyposegmentation of neutrophil nuclei
HP:0008400	149	Onycholysis of distal fingernails
HP:0005616	610	Accelerated skeletal maturation
HP:0010490	2497	Abnormality of the palmar creases
HP:0011255	956	Absent crus of helix
HP:0008956	4944	Proximal lower limb amyotrophy
HP:0008069	1769	Neoplasm of the skin
HP:0007076	5297	Extrapyramidal muscular rigidity
HP:0032003	124	Green urine
HP:0004749	4260	Atrial flutter
HP:0001739	3800	Abnormal nasopharynx morphology
HP:0011993	4025	Impaired neutrophil bactericidal activity
HP:0007420	548	Spontaneous hematomas
HP:0008804	245	Broad femoral head
HP:0000667	4208	Phthisis bulbi
HP:0006203	1959	Decreased movement range in interphalangeal joints
HP:0031655	1955	Quadricuspid aortic valve
HP:0034250	2968	Fetal nuchal edema
HP:0030313	1729	Abnormal periosteum morphology
HP:0003533	485	Reduced acetaldehyde dehydrogenase level
HP:0001922	3182	Vacuolated lymphocytes
HP:0045060	3630	Aplasia/hypoplasia involving bones of the extremities
HP:0001971	5123	Hypersplenism
HP:0011297	3168	Abnormal digit morphology
HP:0005039	4429	Multiple long-bone exostoses
HP:0007448	709	Hyperkeratosis over edematous areas
HP:6000517	925	Elevated monolysocardiolipin/cardiolipin ratio
HP:0010560	2064	Undulate clavicles
HP:0025088	1036	Onychomadesis
HP:0001765	148	Hammertoe
HP:0030507	1402	Retinal crystals
HP:0025159	3920	Hypoautofluorescent retinal lesion
HP:0007485	3166	Absence of subcutaneous fat
HP:0004218	568	Symphalangism of the 5th finger
HP:0007676	459	Hypoplasia of the iris
HP:0007642	5514	Congenital stationary night blindness
HP:0003886	457	Wide humerus
HP:0004758	27	Effort-induced polymorphic ventricular tachycardia
HP:0006389	4359	Limited knee flexion
HP:0008271	955	Abnormal cartilage collagen
HP:0031023	1915	Multiple mucosal neuromas
HP:0008103	3544	Delayed tarsal ossification
HP:0001595	4387	Abnormal hair morphology
HP:0012185	1536	Constrictive median neuropathy
HP:0011523	2946	Iris cyst
HP:0031085	2699	Decreased circulating prealbumin concentration
HP:0002310	633	Orofacial dyskinesia
HP:0007410	2078	Palmoplantar hyperhidrosis
HP:0011405	703	Childhood onset short-limb short stature
HP:0031959	2786	Leg dystonia
HP:0004445	4158	Elliptocytosis
HP:0010331	488	Aplasia/Hypoplasia of the 3rd toe
HP:0003760	4026	Percussion-induced rapid rolling muscle contractions
HP:0010825	1367	Abnormality of the eleventh cranial nerve
HP:0040216	8	Hypoinsulinemia
HP:0005543	1901	Reduced protein C activity
HP:6000642	213	Sunflower cataract
HP:5000011	1232	Anti-GAD65 antibody
HP:0011481	46	Abnormal lacrimal duct morphology
HP:0005008	2011	Large joint dislocations
HP:0012033	702	Sacral lipoma
HP:0002066	2096	Gait ataxia
HP:0032147	842	Erythromelalgia
HP:0012770	5351	Reduced arm span
HP:0002218	417	Silver-gray hair
HP:0100301	644	Muscle fiber tubular inclusions
HP:0006450	3815	Multicentric ossification of proximal femoral epiphyses
HP:0012524	4173	Abnormal platelet shape
HP:0002858	1183	Meningioma
HP:0000433	383	Abnormal nasal mucosa morphology
HP:0025147	1655	Beaten bronze macular sheen
HP:0030097	825	Absent muscle dystrophin expression
HP:0002999	645	Patellar dislocation
HP:0006313	2202	Widely spaced primary teeth
HP:0007383	5267	Congenital localized absence of skin
HP:0031217	3937	Hot flashes
HP:0005944	1472	Bilateral lung agenesis
HP:0000557	1523	Buphthalmos
HP:0007272	3826	Progressive psychomotor deterioration
HP:0006931	187	Pericallosal lipoma
HP:0003365	228	Arthralgia of the hip
HP:0012771	3198	Increased arm span
HP:0007153	3590	Progressive extrapyramidal movement disorder
HP:0002311	463	Incoordination
HP:0005472	389	Orbital craniosynostosis
HP:0000385	5112	Small earlobe
HP:0034471	558	Increased fecal coproporphyrin III:coproporphyrin I ratio
HP:0012104	2021	Parietal cortical atrophy
HP:0011403	48	Abnormal umbilical cord blood vessel morphology
HP:0000919	1927	Abnormality of the costochondral junction
HP:0032342	81	Reduced forced expiratory volume in one second
HP:0030167	2941	Antimitochondrial antibody positivity
HP:0002571	486	Achalasia
HP:0007158	2246	Progressive extrapyramidal muscular rigidity
HP:0007179	3053	Absent smooth pursuit
HP:0000159	3291	Abnormal lip morphology
HP:0007240	2991	Progressive gait ataxia
HP:0031846	2851	Femur fracture
HP:0030915	2322	Cerebellar edema
HP:0012814	3469	Bilateral breast hypoplasia
HP:0000027	2617	Azoospermia
HP:6000560	2911	Decreased circulating carboxypeptidase N activity
HP:0000796	3921	Urethral obstruction
HP:0001995	261	Hyperchloremic acidosis
HP:0200085	2863	Limb tremor
HP:0040420	1947	Decreased urinary neopterin level
HP:0010875	3338	Chaddock reflex
HP:0002725	835	Systemic lupus erythematosus
HP:0009100	1396	Thick anterior alveolar ridges
HP:0002792	2684	Reduced vital capacity
HP:0012048	5443	Oromandibular dystonia
HP:0002093	2767	Respiratory insufficiency
HP:0000719	5420	Inappropriate behavior
HP:0012335	581	Abnormality of folate metabolism
HP:0011078	379	Abnormality of canine
HP:0008732	504	Renal hypophosphatemia
HP:0000825	1232	Hyperinsulinemic hypoglycemia
HP:0011911	2097	Abnormal metacarpophalangeal joint morphology
HP:0000060	78	Clitoral hypoplasia
HP:0001973	611	Autoimmune thrombocytopenia
HP:6000158	71	Unesterified cholesterol accumulation in cultured fibroblasts
HP:0000743	2278	Frontal release signs
HP:0012649	2757	Increased inflammatory response
HP:0008998	2721	Pectoralis hypoplasia
HP:0031817	563	Decreased circulating parathyroid hormone level
HP:0010959	1372	Congenital pulmonary airway malformation
HP:0034226	2756	Champagne cork sign
HP:0000271	436	Abnormality of the face
HP:0033726	2817	Lupus nephritis
HP:0000991	2068	Xanthomatosis
HP:0002965	20	Cutaneous anergy
HP:0030299	318	Abnormal distal femoral metaphysis morphology
HP:0100517	1303	Neoplasm of the urethra
HP:0009902	2208	Cleft helix
HP:0012280	2408	Hepatic amyloidosis
HP:0010845	98	EEG with generalized slow activity
HP:0010517	674	Ectopic thymus tissue
HP:0007301	5304	Oromotor apraxia
HP:0031506	192	Increased circulating T4 concentration
HP:0000366	3670	Abnormality of the nose
HP:0034635	2399	Muscle fiber granulofilamentous inclusion bodies
HP:0012393	3936	Allergy
HP:0100849	513	Neoplasm of the scrotum
HP:0008209	2943	Premature ovarian insufficiency
HP:0100006	5256	Neoplasm of the central nervous system
HP:0003141	961	Increased LDL cholesterol concentration
HP:0011333	347	Asymmetric crying face
HP:0003784	357	Type 1 collagen overmodification
HP:0001279	2917	Syncope
HP:0032523	1101	Tendon thickening
HP:0011029	3406	Internal hemorrhage
HP:0005293	1554	Venous insufficiency
HP:0045042	2042	Decreased circulating complement C4 concentration
HP:0001147	2474	Retinal exudate
HP:0011536	1836	Right atrial isomerism
HP:0033063	4181	Shortened sleep phase
HP:0000445	1659	Wide nose
HP:0001976	327	Reduced antithrombin III activity
HP:0030294	1098	Metaphyseal chondromatosis of tibia
HP:0007834	4320	Progressive cataract
HP:0032122	462	Very low visual acuity
HP:0008794	755	Dysplastic iliac wing
HP:0008829	243	Delayed femoral head ossification
HP:0002326	3893	Transient ischemic attack
HP:0006118	2592	Shortening of all distal phalanges of the fingers
HP:0004909	1035	Hypokalemic hypochloremic metabolic alkalosis
HP:0200068	2916	Nonprogressive visual loss
HP:0000619	1064	Impaired convergence
HP:0002343	4178	Normal pressure hydrocephalus
HP:0007993	994	Malformed lacrimal duct
HP:0010976	109	B lymphocytopenia
HP:0006097	3411	3-4 finger syndactyly
HP:0000029	4052	Testicular atrophy
HP:0003974	405	Absent radius
HP:0011512	1276	Hyperpigmentation of the fundus
HP:0000405	4908	Conductive hearing impairment
HP:0010528	118	Prosopagnosia
HP:0012574	2629	Mesangial hypercellularity
HP:0032155	2640	Abdominal cramps
HP:0008722	3732	Urethral diverticulum
HP:6000101	1129	Corneopalpebral synechiae
HP:0005972	451	Respiratory acidosis
HP:0010465	2133	Precocious puberty in females
HP:0033685	2203	Fiber type grouping
HP:0007204	4902	Diffuse white matter abnormalities
HP:0000457	662	Depressed nasal ridge
HP:0004349	2541	Reduced bone mineral density
HP:0031423	876	Small cerebellar cortex
HP:0002927	106	Histidinuria
HP:0003528	5425	Elevated circulating calcitonin concentration
HP:0025458	693	Decreased CSF albumin concentration
HP:0025247	4021	Dermoid cyst
HP:0034156	1647	Anti-beta-2-Glycoprotein I IgG antibody positivity
HP:0002167	2929	Abnormality of speech or vocalization
HP:0006844	2784	Absent patellar reflexes
HP:0032465	4751	Bladder trabeculation
HP:0012095	3412	Multiple joint dislocation
HP:6000620	391	Elevated urinary pyrroline hydroxycarboxylic acid level
HP:0031236	4157	Predominantly dermal neutrophilic infiltrate
HP:0012173	3072	Orthostatic tachycardia
HP:0012528	410	Abnormal number of alpha granules
HP:0033363	1503	Hyaline membranes
HP:0030198	4102	Fatigable weakness of distal limb muscles
HP:0007286	3183	Horizontal jerk nystagmus
HP:0011908	4068	Unilateral radial aplasia
HP:0008830	793	Hypoplastic pubic ramus
HP:0031364	376	Ecchymosis
HP:0007686	1909	Abnormal pupillary function
HP:0030746	2781	Intraventricular hemorrhage
HP:0004232	1912	Accessory carpal bones
HP:0034384	2179	Elevated circulating insulin:C-peptide ratio
HP:0005028	3963	Widened proximal tibial metaphyses
HP:0002365	2632	Hypoplasia of the brainstem
HP:6000615	562	Reduced Inositol polyphosphate 5-phosphatase OCRL-1 activity in cultured fibroblasts
HP:0003127	3252	Hypocalciuria
HP:0033054	2559	Myoclonic tremor
HP:0000262	1935	Turricephaly
HP:0034271	4676	Copper beaten skull
HP:0006564	2457	Fluctuating hepatomegaly
HP:0034649	4163	Elevated urine N-acetylaspartic acid level
HP:0025167	1863	Fragmented elastic fibers in the dermis
HP:0006462	282	Generalized bone demineralization
HP:0002450	1153	Abnormal motor neuron morphology
HP:0001789	58	Hydrops fetalis
HP:6000390	575	Elevated urinary succinylaminoimidazole carboxamide riboside level
HP:0100279	4819	Ulcerative colitis
HP:0030391	588	Spoken word recognition deficit
HP:0010795	1668	Cerebellar glioma
HP:0031766	1623	Convergence excess esotropia
HP:0010292	2131	Absent uvula
HP:0011762	655	Pituitary thyrotropic cell adenoma
HP:0001026	4972	Penetrating foot ulcers
HP:0033606	2848	Bone marrow maturation arrest
HP:0030056	4700	Uncombable hair
HP:0000916	2900	Broad clavicles
HP:6000365	2950	Brown pigmentation of the conjunctiva
HP:0006712	844	Aplasia/Hypoplasia of the ribs
HP:0006790	374	Cerebral cortex with spongiform changes
HP:0030186	3903	Kinetic tremor
HP:0025515	235	Delayed thelarche
HP:0000832	3677	Primary hypothyroidism
HP:0000817	2368	Reduced eye contact
HP:0011997	456	Postprandial hyperlactemia
HP:0031291	561	Ichthyosis follicularis
HP:0008738	688	Partially duplicated kidney
HP:0002923	1502	Rheumatoid factor positive
HP:0007381	1854	Congenital exfoliative erythroderma
HP:0025179	2644	Ground-glass opacification
HP:0006763	307	Anal canal squamous carcinoma
HP:0002342	2859	Intellectual disability, moderate
HP:0002716	3916	Lymphadenopathy
HP:0000289	775	Broad philtrum
HP:0025330	760	Downgaze palsy
HP:0030255	477	Large intestinal polyposis
HP:0030191	735	Abnormal peripheral nervous system synaptic transmission
HP:0000777	2136	Abnormal thymus morphology
HP:0034751	3283	Inguinal lymphadenopathy
HP:0012489	1349	Suprasellar arachnoid cyst
HP:0005895	2832	Radial deviation of thumb terminal phalanx
HP:0003332	1980	Absent primary metaphyseal spongiosa
HP:0001093	1771	Optic nerve dysplasia
HP:0100501	3194	Recurrent bronchiolitis
HP:0005588	1645	Patchy palmoplantar hyperkeratosis
HP:0034252	5069	Absent corneal reflex
HP:0003640	71	CNS foam cells
HP:0001051	2180	Seborrheic dermatitis
HP:0006937	5478	Impaired distal tactile sensation
HP:0009713	883	Spinal hemangioblastoma
HP:0035024	527	Elevated circulating methylmalonylcarnitine concentration
HP:0012543	1883	Hemosiderinuria
HP:0001562	3839	Oligohydramnios
HP:0500271	339	Decreased proportion of gamma-delta T cells
HP:0005172	2101	Left posterior fascicular block
HP:0025127	3248	Actinic keratosis
HP:0031969	4042	Reduced blood urea nitrogen
HP:0009124	4942	Abnormal adipose tissue morphology
HP:0005231	1770	Chronic gastritis
HP:0025128	602	Reduced intraabdominal adipose tissue
HP:0001264	422	Spastic diplegia
HP:0003218	5025	Oroticaciduria
HP:0012248	3107	Prolonged PR interval
HP:0000887	1926	Cupped ribs
HP:0004333	3729	Bone-marrow foam cells
HP:0010499	2960	Patellar subluxation
HP:0031032	564	Decreased retinol-binding protein level
HP:0005219	511	Absence of intrinsic factor
HP:0032564	90	Ileitis
HP:0001302	5527	Pachygyria
HP:0002127	3327	Abnormal upper motor neuron morphology
HP:0011852	1588	Chylopericardium
HP:0007260	5516	Type II lissencephaly
HP:0007373	121	Motor neuron atrophy
HP:0031187	371	Abnormal circulating pregnenolone concentration
HP:0200008	1643	Intestinal polyposis
HP:0004357	1194	Abnormal circulating leucine concentration
HP:0034010	791	Increased megakaryocyte colony forming unit count
HP:0001832	2349	Abnormal metatarsal morphology
HP:0012091	991	Abnormality of pancreas physiology
HP:0100628	2335	Esophageal diverticulum
HP:0030320	3424	Increased intervertebral space
