MPO_term	cluster_label	MPO_label
MP:0005136	3965	decreased growth hormone level
MP:0011530	5202	fused radius and ulna
MP:0011758	2181	renal ischemia
MP:0031421	513	increased superovulation rate
MP:0004956	1760	decreased thymus weight
MP:0004376	4916	absent frontal bone
MP:0008027	2227	abnormal spinal cord white matter morphology
MP:0005481	3916	increased chronic myelocytic leukemia incidence
MP:0006167	4103	eyelid edema
MP:0030472	3173	fused teeth
MP:0010307	358	abnormal tumor latency
MP:0003958	2810	heart valve hyperplasia
MP:0008272	1910	abnormal endochondral bone ossification
MP:0011923	3697	abnormal bladder urine volume
MP:0006018	2353	abnormal tympanic membrane morphology
MP:0005159	3501	azoospermia
MP:0000470	1999	abnormal stomach morphology
MP:0011092	884	embryonic lethality, complete penetrance
MP:0009823	591	abnormal sphingomyelin level
MP:0011012	828	bronchiectasis
MP:0006121	1910	calcified mitral valve
MP:0002859	1211	abnormal inner ear canal fusion
MP:0002870	2459	decreased anti-insulin autoantibody level
MP:0020602	1961	decreased cerebral cortex average cell area
MP:0003730	746	abnormal photoreceptor inner segment morphology
MP:0011187	3682	abnormal parietal endoderm morphology
MP:0006020	2748	decreased tympanic ring size
MP:0001404	2580	no spontaneous movement
MP:0002683	3221	delayed fertility
MP:0010422	2093	heart right ventricle hypoplasia
MP:0001744	3100	hypersecretion of corticosterone
MP:0014003	1093	additional anastomosis between intracranial vertebral arteries
MP:0009232	5562	abnormal sperm nucleus morphology
MP:0010294	4852	increased kidney tumor incidence
MP:0006062	3137	abnormal vena cava morphology
MP:0000553	4203	absent radius
MP:0012816	1853	abnormal rhombomere boundary morphology
MP:0008149	4320	abnormal costovertebral joint morphology
MP:0020521	257	browned white adipose tissue morphology
MP:0004626	2694	vertebral compression
MP:0001504	108	abnormal posture
MP:0011055	1660	abnormal respiratory motile cilium physiology
MP:0013705	3297	decreased megakaryocyte-erythroid progenitor cell number
MP:0004772	2513	abnormal bile secretion
MP:0003073	3640	abnormal metacarpal bone morphology
MP:0030816	2353	abnormal shoulder joint morphology
MP:0003035	1719	decreased pulmonary vascular resistance
MP:0012217	640	increased plasmalogen level
MP:0010800	4324	abnormal submucous nerve plexus morphology
MP:0009742	4433	increased corneal stroma thickness
MP:0011229	7019	abnormal vitamin C level
MP:0000501	3462	abnormal digestive secretion
MP:0013420	2276	decreased CD5-positive gamma-delta T cell number
MP:0001898	3643	abnormal long term depression
MP:0010965	6722	decreased compact bone volume
MP:0001026	5425	abnormal adrenergic neuron morphology
MP:0003710	3477	abnormal physiological neovascularization
MP:0014172	2606	decreased fatty acid oxidation
MP:0009021	1550	absent estrus
MP:0003360	3499	abnormal depression-related behavior
MP:0006344	4945	small second pharyngeal arch
MP:0013265	184	abnormal fourth pharyngeal pouch morphology
MP:0009590	413	increased gonad tumor incidence
MP:0013338	2697	abnormal neurohypophysis development
MP:0006208	4780	lethality throughout fetal growth and development
MP:0001085	3361	small petrosal ganglion
MP:0011736	1568	decreased urine ammonia level
MP:0008833	3558	caudal hemivertebra
MP:0009127	1835	increased brown fat cell number
MP:0010896	3362	decreased lung compliance
MP:0003613	3851	abnormal kidney medulla development
MP:0004075	3748	decreased Schwann cell precursor number
MP:0005076	3029	abnormal cell differentiation
MP:0011143	1725	thick lung-associated mesenchyme
MP:0001013	3764	enlarged superior cervical ganglion
MP:0010782	3833	stomach smooth muscle circular layer hypertrophy
MP:0030228	6792	absent tubotympanic recess
MP:0012370	1154	decreased erythrocyte potassium level
MP:0002969	4818	impaired social transmission of food preference
MP:0008493	2984	alpha-synuclein inclusion body
MP:0030768	3452	increased urine dopamine level
MP:0020925	976	increased susceptibility to Hepadnaviridae infection
MP:0001320	2332	small pupils
MP:0004535	715	absent inner hair cell stereocilia
MP:0000848	1050	abnormal pons morphology
MP:0008788	3473	abnormal fetal cardiomyocyte morphology
MP:0001490	3130	abnormal vibrissae reflex
MP:0013282	3916	urinary bladder exstrophy
MP:0010750	1986	increased susceptibility to parasitic infection induced morbidity/mortality
MP:0012265	6991	increased hindbrain size
MP:0003288	2511	intestinal edema
MP:0002822	2393	catalepsy
MP:0030174	203	absent orbicularis oculi muscle
MP:0003006	3812	abnormal hippocampal fornix morphology
MP:0001921	2181	reduced fertility
MP:0003761	3456	arched palate
MP:0003884	3049	decreased macrophage cell number
MP:0000291	4177	enlarged pericardium
MP:0006143	3486	increased systemic arterial diastolic blood pressure
MP:0003100	1024	myopia
MP:0003653	2361	decreased skin turgor
MP:0005095	1719	decreased T cell proliferation
MP:0011602	3507	increased glutathione peroxidase activity
MP:0009891	2646	abnormal palate bone morphology
MP:0021160	2813	decreased heart right ventricle wall thickness
MP:0006362	3518	abnormal male germ cell morphology
MP:0010043	1740	abnormal frontonasal suture morphology
MP:0002696	2640	decreased circulating glucagon level
MP:0011116	852	absent Reichert's membrane
MP:0003590	6503	ureteral reflux
MP:0008375	1356	short malleus manubrium
MP:0008445	6502	increased retina cone cell number
MP:0030329	4876	absent temporal bone petrous part
MP:0010360	2807	decreased liver free fatty acids level
MP:0004047	3495	abnormal milk composition
MP:0021112	4924	impaired social recognition
MP:0004947	4338	skin inflammation
MP:0008811	5163	abnormal brain iron level
MP:0006240	1230	anisocoria
MP:0020560	4923	abnormal pontine nuclei morphology
MP:0030735	3225	abnormal glutamic acid level
MP:0000801	2070	abnormal temporal lobe morphology
MP:0031165	815	increased circulating von Willebrand factor level
MP:0001967	898	deafness
MP:0009444	3722	ovarian follicular cyst
MP:0003254	2565	bile duct inflammation
MP:0008918	1850	microgliosis
MP:0005224	3460	abnormal left-right axis symmetry of the somites
MP:0000861	5927	disorganized barrel cortex
MP:0002738	2289	hyperresponsive to tactile stimuli
MP:0012537	1508	abnormal hyaloid artery morphology
MP:0013810	5589	absent brachiocephalic trunk
MP:0020449	5307	decreased microglial cell activation
MP:0010996	2664	increased aorta wall thickness
MP:0010466	293	vascular ring
MP:0006037	6494	abnormal mitochondrial fission
MP:0010104	3464	enlarged thoracic cage
MP:0009653	791	abnormal palate development
MP:0003123	1478	paternal imprinting
MP:0000097	2667	short maxilla
MP:0003809	3173	abnormal hair shaft morphology
MP:0002443	4406	abnormal eosinophil differentiation
MP:0030098	4916	periorbital fullness
MP:0003142	5452	anotia
MP:0002687	1613	oligozoospermia
MP:0010102	6493	increased caudal vertebrae number
MP:0004202	1686	pulmonary hyperplasia
MP:0011082	3904	abnormal gastrointestinal motility
MP:0008348	2187	absent gamma-delta T cells
MP:0004740	684	sensorineural hearing loss
MP:0013366	3156	adrenal gland atrophy
MP:0012169	1178	optic placode degeneration
MP:0010682	2100	abnormal hair follicle infundibulum morphology
MP:0012494	3659	dilated pharyngeal arch artery
MP:0008066	506	small endolymphatic duct
MP:0031086	3615	wheezing
MP:0010138	3031	arteritis
MP:0003591	466	urethra atresia
MP:0003509	2821	increased circulating dihydrotestosterone level
MP:0002817	2448	abnormal tooth mineralization
MP:0030194	862	abnormal intermaxillary suture morphology
MP:0013998	5106	absent canalicular internal carotid artery segment
MP:0001329	2461	retina hyperplasia
MP:0002936	2135	joint swelling
MP:0013949	3503	fusion of axis and occipital bones
MP:0010892	2878	increased oligodendrocyte progenitor number
MP:0031047	396	decreased susceptibility to Coronaviridae infection induced morbidity/mortality
MP:0012279	5718	wide sternum
MP:0000164	955	abnormal cartilage development
MP:0003718	2642	maternal effect
MP:0013613	1760	abnormal volumetric bone mineral density
MP:0013193	3243	sebaceous gland hypoplasia
MP:0030401	1499	absent stapes annular ligament
MP:0004527	2554	abnormal outer hair cell stereociliary bundle morphology
MP:0030243	2646	abnormal chin morphology
MP:0011131	1310	abnormal lung endothelial cell physiology
MP:0003447	129	decreased tumor growth/size
MP:0010780	1204	abnormal stomach smooth muscle circular layer morphology
MP:0013115	472	focal hair loss in abdominal region
MP:0004407	4176	increased cochlear hair cell number
MP:0010315	419	increased cholangiocarcinoma incidence
MP:0009549	5539	decreased platelet aggregation
MP:0012503	3695	increased midbrain apoptosis
MP:0000398	341	splitting of guard hairs
MP:0012172	3608	abnormal amniotic fluid composition
MP:0008547	2319	abnormal neocortex morphology
MP:0001281	4161	increased vibrissae length
MP:0004799	2654	increased susceptibility to experimental autoimmune encephalomyelitis
MP:0001939	2102	secondary sex reversal
MP:0008784	2819	craniorachischisis
MP:0009130	2666	increased white fat cell number
MP:0001867	4915	rhinitis
MP:0021088	3197	impaired spatial memory extinction
MP:0002085	1440	abnormal embryonic tissue morphology
MP:0031023	381	decreased susceptibility to Riboviria infection induced morbidity/mortality
MP:0030361	5442	lambdoid suture sclerosis
MP:0006102	2555	decreased tegmentum size
MP:0002176	2926	increased brain weight
MP:0003497	2265	insensitivity to parathyroid hormone
MP:0013969	2952	reduced sympathetic cervical ganglion size
MP:0004507	3276	abnormal ischium morphology
MP:0009908	1914	protruding tongue
MP:0008396	2650	abnormal osteoclast differentiation
MP:0009704	1707	increased skin squamous cell carcinoma incidence
MP:0006243	5183	impaired pupillary reflex
MP:0020083	2315	decreased hippocampus volume
MP:0001596	4509	hypotension
MP:0020039	1670	increased bone ossification
MP:0031164	2337	decreased circulating von Willebrand factor level
MP:0030116	1163	bifid nasal tip
MP:0004563	3489	absent active-zone-anchored inner hair cell synaptic ribbon
MP:0009645	198	crystalluria
MP:0009304	2263	increased retroperitoneal fat pad weight
MP:0014053	3204	dry hair
MP:0011282	176	increased podocyte apoptosis
MP:0021101	569	abnormal ventral interneuron morphology
MP:0009013	5979	abnormal proestrus
MP:0020080	4444	increased bone mineralization
MP:0001492	3472	abnormal pilomotor reflex
MP:0003043	4375	hypoalgesia
MP:0012445	3515	thin hippocampus stratum radiatum
MP:0001304	1230	cataract
MP:0004798	1993	decreased anti-double stranded DNA antibody level
MP:0003028	3219	alkalosis
MP:0004142	1180	abnormal muscle tone
MP:0010790	5068	abnormal stomach pyloric antrum morphology
MP:0001926	1495	female infertility
MP:0014006	3158	absent posterior communicating artery
MP:0013675	2806	decreased Ly6C-positive mature NK cell number
MP:0000843	1050	absent facial nuclei
MP:0014116	1870	abnormal pancreatic beta cell apoptosis
MP:0004634	373	short metacarpal bones
MP:0010929	4914	increased osteoid thickness
MP:0003204	1984	decreased neuron apoptosis
MP:0009039	5693	absent inferior colliculus
MP:0002655	3301	abnormal keratinocyte morphology
MP:0013717	1059	hyperlactation
MP:0005088	4540	increased acute inflammation
MP:0013228	1921	brain ventricle stenosis
MP:0002106	1610	abnormal muscle physiology
MP:0031234	1845	increased circulating serum amyloid protein level
MP:0012056	3447	abnormal polar trophectoderm morphology
MP:0031071	2010	lymph node atrophy
MP:0014078	2447	small intestinal villus atrophy
MP:0000505	1834	decreased digestive secretion
MP:0030925	639	early exit from anagen phase
MP:0012517	1754	absent diencephalon
MP:0012571	4768	increased mammary gland tumor incidence in virgin females
MP:0004597	2343	increased susceptibility to noise-induced hearing loss
MP:0008524	1112	increased plasmacytoid dendritic cell number
MP:0006305	2545	abnormal optic eminence morphology
MP:0002236	880	abnormal internal nares morphology
MP:0004431	6051	abnormal hair cell mechanoelectric transduction
MP:0004419	395	absent parietal bone
MP:0008872	2139	abnormal physiological response to xenobiotic
MP:0003586	3814	dilated ureter
MP:0010602	1821	abnormal pulmonary valve cusp morphology
MP:0012335	1151	increased circulating homocysteine level
MP:0013527	4433	absent conjunctiva goblet cells
MP:0030852	2686	abnormal ilium wing morphology
MP:0014004	6584	absent basilar artery segment
MP:0011904	4913	abnormal Schwann cell physiology
MP:0011531	1774	abnormal syncytiotrophoblast morphology
MP:0000087	3438	absent mandible
MP:0001292	1727	abnormal lens vesicle development
MP:0011210	3846	abnormal temporomandibular joint morphology
MP:0010796	594	abnormal intermediate gastric gland morphology
MP:0006271	1252	abnormal involution of the mammary gland
MP:0003506	3358	acromegaly
MP:0013529	2380	decreased nipple number
MP:0013476	1982	abnormal Harderian gland porphyrin secretion
MP:0009481	5338	cecum inflammation
MP:0011061	3899	abnormal inner hair cell kinocilium morphology
MP:0011724	6837	ectopic cortical neuron
MP:0001566	5487	increased circulating phosphate level
MP:0013197	6490	decreased embryonic cilium number
MP:0013260	2392	decreased dendritic cell apoptosis
MP:0002736	2324	abnormal nociception after inflammation
MP:0011864	5883	abnormal podocyte adhesion
MP:0012120	1428	trophectoderm cell degeneration
MP:0004295	3465	abnormal type III spiral ligament fibrocytes
MP:0011083	3743	lethality at weaning, complete penetrance
MP:0010498	4015	abnormal interventricular septum muscular part morphology
MP:0009968	411	abnormal cerebellar granule cell precursor proliferation
MP:0001468	4922	abnormal temporal memory
MP:0005494	2108	esophagogastric junction metaplasia
MP:0010412	2745	atrioventricular septal defect
MP:0030989	2901	decreased spongiotrophoblast cell number
MP:0000496	3507	abnormal small intestine morphology
MP:0012046	6488	decreased susceptibility to hypertension
MP:0011501	1991	increased glomerular capsule space
MP:0011129	1302	decreased tertiary ovarian follicle number
MP:0004539	4530	absent maxilla
MP:0010970	5306	abnormal compact bone lamellar structure
MP:0004267	3258	abnormal optic tract morphology
MP:0030520	505	oral mucosa blisters
MP:0000362	1554	decreased mast cell histamine storage
MP:0000217	2653	abnormal leukocyte cell number
MP:0011894	3372	decreased circulating transferrin level
MP:0030577	6487	increased keratinocyte adhesion
MP:0005181	3436	decreased circulating estradiol level
MP:0009817	161	decreased leukotriene level
MP:0005138	4154	decreased prolactin level
MP:0010210	938	abnormal circulating cytokine level
MP:0000364	3082	abnormal vascular regression
MP:0000885	3618	ectopic Purkinje cell
MP:0006383	191	abnormal cochlear frequency tuning
MP:0010748	607	abnormal visual evoked potential
MP:0006194	1875	keratoconjunctivitis
MP:0002778	3713	meroanencephaly
MP:0031152	963	subcutaneous hemorrhage
MP:0008452	3448	increased retina rod cell number
MP:0012310	320	persistent ductus caroticus
MP:0030532	225	abnormal periorbital skin morphology
MP:0013568	1734	gastric gland degeneration
MP:0012728	1399	abnormal somite border morphology
MP:0002747	4477	abnormal aortic valve morphology
MP:0030171	2523	absent extraocular muscles
MP:0002704	6486	tubular nephritis
MP:0012709	3190	delayed caudal neuropore closure
MP:0000384	3870	distorted hair follicle pattern
MP:0011865	1911	abnormal podocyte motility
MP:0008711	404	increased interleukin-9 secretion
MP:0000864	2674	abnormal cerebellum vermis morphology
MP:0006370	1406	abnormal hair follicle pheomelanosome pheomelanin content
MP:0009681	1619	abnormal pyramidal decussation morphology
MP:0012028	1044	abnormal visceral endoderm physiology
MP:0004388	6485	absent prechordal plate
MP:0005640	1856	abnormal mean corpuscular hemoglobin concentration
MP:0020318	2512	increased vascular endothelial cell adhesion
MP:0005291	1586	abnormal glucose tolerance
MP:0030874	1280	cricoid cartilage hypoplasia
MP:0008764	2586	increased mast cell degranulation
MP:0030761	1917	increased adrenaline level
MP:0011285	5119	increased circulating erythropoietin level
MP:0000140	1517	absent vertebral pedicles
MP:0010446	2980	heart left ventricle hypoplasia
MP:0008135	4186	small Peyer's patches
MP:0011719	793	abnormal natural killer cell mediated cytotoxicity
MP:0009959	1852	abnormal cerebellar hemisphere morphology
MP:0003644	918	thymus atrophy
MP:0008193	809	abnormal marginal zone B cell physiology
MP:0004903	2836	abnormal uterus weight
MP:0030125	884	small gonial bone
MP:0004359	1898	short ulna
MP:0004965	3069	inner cell mass degeneration
MP:0010831	3572	lethality, incomplete penetrance
MP:0000285	3172	abnormal heart valve morphology
MP:0004153	2397	increased renal tubule apoptosis
MP:0030721	5064	increased lysine level
MP:0012312	6483	impaired avoidance learning behavior
MP:0009053	6482	abnormal anal canal morphology
MP:0000787	1918	abnormal telencephalon morphology
MP:0002757	3402	decreased vertical activity
MP:0005424	1323	jerky movement
MP:0012081	3488	absent heart tube
MP:0010797	2313	abnormal pyloric gastric gland morphology
MP:0008965	1668	increased basal metabolism
MP:0020252	5354	abnormal collagen level
MP:0005530	2564	decreased renal vascular resistance
MP:0009085	1585	abnormal uterine horn morphology
MP:0003461	2309	abnormal response to novel object
MP:0010851	3546	decreased effector memory CD8-positive, alpha-beta T cell number
MP:0004510	4269	myositis
MP:0003247	5336	abnormal glutaminergic neuron morphology
MP:0021082	949	abnormal cerebrospinal fluid amyloid beta 42 isoform level
MP:0011754	6481	abnormal kidney collecting duct intercalated cell morphology
MP:0011435	7003	increased urine magnesium level
MP:0008472	0	abnormal spleen secondary B follicle morphology
MP:0004796	4460	increased anti-histone antibody level
MP:0030140	4912	facial muscle atrophy
MP:0003279	2644	aneurysm
MP:0003305	998	proctitis
MP:0001137	3210	abnormal uterine cervix epithelium morphology
MP:0009804	1283	abnormal interventricular foramen morphology
MP:0002829	4002	abnormal juxtaglomerular apparatus morphology
MP:0008032	2861	abnormal lipolysis
MP:0008890	1768	abnormal nuclear lamina morphology
MP:0004405	516	absent cochlear hair cells
MP:0002270	2932	abnormal pulmonary alveolus morphology
MP:0009446	6480	abnormal platelet dense granule physiology
MP:0030094	1604	foramen magnum stenosis
MP:0003225	2991	axonal dystrophy
MP:0006296	4097	arachnodactyly
MP:0009269	2879	decreased fat cell size
MP:0005261	280	aniridia
MP:0003870	2039	decreased urine glucose level
MP:0006014	3055	dilated endolymphatic sac
MP:0003574	2356	abnormal oviduct morphology
MP:0013796	748	abnormal duodenal goblet cell morphology
MP:0000111	2812	cleft palate
MP:0010564	689	abnormal fetal ductus arteriosus morphology
MP:0012125	1561	decreased bronchoconstrictive response
MP:0009588	2502	increased plasma membrane sphingolipid content
MP:0020522	3222	decreased susceptibility to xenobiotic induced hyperthermia
MP:0030328	3301	glossopalatal ankylosis
MP:0008581	6479	disorganized photoreceptor inner segment
MP:0011920	1477	abnormal S wave
MP:0001183	1621	overexpanded pulmonary alveolus
MP:0004261	4985	abnormal embryonic neuroepithelium morphology
MP:0004259	4061	small placenta
MP:0005641	1154	increased mean corpuscular hemoglobin concentration
MP:0009392	6478	retina gliosis
MP:0013879	2500	duplication of ductus venosus
MP:0003711	3247	pathological neovascularization
MP:0004164	2256	abnormal neurohypophysis morphology
MP:0002714	1584	increased glycogen catabolism rate
MP:0009682	6501	abnormal anterior corticospinal tract morphology
MP:0008521	1909	abnormal Bowman membrane morphology
MP:0001062	6477	absent oculomotor nerve
MP:0003027	207	abnormal blood pH regulation
MP:0012659	1976	decreased superoxide dismutase level
MP:0002239	2224	abnormal nasal septum morphology
MP:0010455	4549	aortopulmonary window
MP:0002735	1887	abnormal chemical nociception
MP:0005083	1535	abnormal biliary tract morphology
MP:0009596	6836	abnormal stratum corneum lipid matrix formation
MP:0005151	4910	diffuse hepatic necrosis
MP:0013167	856	abnormal hindlimb bud morphology
MP:0000862	581	absent barrels in primary somatosensory cortex
MP:0030438	3903	increased osteoblast proliferation
MP:0012251	1365	abnormal diaphragm development
MP:0003868	2803	abnormal feces composition
MP:0003815	1851	hairless
MP:0013669	140	decreased Ly6C-positive immature NK cell number
MP:0009403	1016	increased variability of skeletal muscle fiber size
MP:0030035	3193	small nasal bridge
MP:0009956	2865	abnormal cerebellar layer morphology
MP:0010500	742	myocardium hypoplasia
MP:0030040	5512	absent facial muscle
MP:0001283	6473	sparse vibrissae
MP:0003495	2376	increased parathyroid adenoma incidence
MP:0009890	1853	cleft secondary palate
MP:0004572	3261	fusion of basioccipital and basisphenoid bone
MP:0009915	484	absent hyoid bone lesser horns
MP:0003849	1533	greasy coat
MP:0011091	376	prenatal lethality, complete penetrance
MP:0008383	1408	enlarged gonial bone
MP:0012680	3491	absent lateral ventricles
MP:0002750	1025	exophthalmos
MP:0011371	6472	decreased kidney apoptosis
MP:0030734	48	increased urine gamma-aminobutyric acid level
MP:0005061	6471	abnormal eosinophil morphology
MP:0013566	3474	dilated gastric gland
MP:0013633	1598	decreased femur maximal load
MP:0013724	6470	decreased circulating tyrosine level
MP:0008590	391	abnormal circulating interleukin-10 level
MP:0013855	1665	absent celiac artery
MP:0020886	3495	abnormal milk phosphate level
MP:0008009	4909	delayed cellular replicative senescence
MP:0001515	911	abnormal grip strength
MP:0010127	1723	hypervolemia
MP:0004350	3284	long humerus
MP:0005336	4238	abnormal inguinal fat pad morphology
MP:0005286	7011	decreased saturated fatty acids level
MP:0001358	2234	aggression towards inanimate objects
MP:0004695	1200	increased length of long bones
MP:0030784	3545	abnormal iliofemoral ligament morphology
MP:0001355	5423	submission towards male mice
MP:0010502	2118	ventricle myocardium hypoplasia
MP:0013840	1551	absent segment of posterior cerebral artery
MP:0008450	2602	retina photoreceptor degeneration
MP:0003395	2852	abnormal subclavian artery morphology
MP:0004902	6464	abnormal uterus size
MP:0000488	2716	abnormal intestinal epithelium morphology
MP:0008320	2941	absent adenohypophysis
MP:0001862	2907	interstitial pneumonia
MP:0004100	1034	abnormal spinal cord interneuron morphology
MP:0001869	1555	pancreas inflammation
MP:0008754	6463	abnormal T cell receptor V(D)J recombination
MP:0013962	178	absent Hensen stripe
MP:0004437	656	decreased cochlear outer hair cell electromotility
MP:0008292	2484	enlarged adrenocortical cell nuclei
MP:0005191	1573	head tilt
MP:0000726	5438	absent lymphocyte
MP:0010558	108	sinus venosus hypoplasia
MP:0004140	4219	abnormal gastric chief cell morphology
MP:0011095	536	embryonic lethality between implantation and placentation, complete penetrance
MP:0009907	2042	decreased tongue size
MP:0020851	2414	abnormal vacuole morphology
MP:0002368	2081	abnormal thymus capsule morphology
MP:0005559	957	increased circulating glucose level
MP:0010149	5673	abnormal synaptic dopamine release
MP:0010687	1495	absent hair follicle dermal papilla
MP:0000674	267	abnormal sweat gland morphology
MP:0000085	2657	large anterior fontanelle
MP:0002686	961	globozoospermia
MP:0008202	2213	absent B-1 B cells
MP:0010088	3884	decreased circulating fructosamine level
MP:0031392	6460	hypoactivity
MP:0004566	138	myocardial fiber degeneration
MP:0003228	935	abnormal sinus venosus morphology
MP:0008799	3019	oblique facial cleft
MP:0011122	167	absent primordial ovarian follicles
MP:0010607	2710	common atrioventricular valve
MP:0001087	2054	abnormal nodose ganglion morphology
MP:0006021	2784	abnormal Reissner membrane morphology
MP:0009902	1612	abnormal lateral nasal prominence morphology
MP:0010501	5114	atrium myocardium hypoplasia
MP:0008686	4908	abnormal interleukin-2 secretion
MP:0004312	19	absent pillar cells
MP:0010266	6459	decreased liver tumor incidence
MP:0009236	109	pinhead sperm
MP:0003703	1987	abnormal vestibulocochlear ganglion morphology
MP:0008293	211	abnormal adrenal gland zona glomerulosa morphology
MP:0004558	2117	delayed allantois development
MP:0030991	2248	optic nerve inflammation
MP:0008366	6458	enlarged adenohypophysis
MP:0000627	1201	abnormal mammary gland morphology
MP:0011603	6457	decreased glutathione peroxidase activity
MP:0011292	3710	absent nephron
MP:0009720	3052	abnormal mammary gland pattern
MP:0010506	4983	prolonged RR interval
MP:0010580	2423	decreased heart left ventricle size
MP:0008866	3150	chromosomal instability
MP:0000619	1518	salivary gland epithelial hyperplasia
MP:0009435	1490	abnormal miniature inhibitory postsynaptic currents
MP:0005299	550	abnormal eye posterior chamber morphology
MP:0010912	2264	herniated liver
MP:0004143	1473	muscle hypertonia
MP:0020142	1613	increased anti-sperm antibody level
MP:0000032	4140	cochlear degeneration
MP:0012135	1233	embryonic-extraembryonic boundary constriction
MP:0003072	1386	abnormal metatarsal bone morphology
MP:0000662	3277	abnormal branching of the mammary ductal tree
MP:0009300	1449	increased parametrial fat pad weight
MP:0009567	1152	mitotic nondisjunction
MP:0004179	1014	transmission ratio distortion
MP:0006045	1655	mitral valve regurgitation
MP:0012525	5305	abnormal rhombic lip morphology
MP:0021111	4384	decreased social investigation
MP:0013853	597	abnormal hepatic portal vein formation
MP:0020593	4123	increased cerebral cortex cell number
MP:0010229	2786	increased transitional stage T3 B cell number
MP:0005388	7007	respiratory system phenotype
MP:0003984	1890	embryonic growth retardation
MP:0020512	171	abnormal dendritic mushroom spine morphology
MP:0002296	4905	aspiration
MP:0013208	2863	abnormal cilium physiology
MP:0020456	5542	decreased myelin sheath amount
MP:0009563	2236	dyskeratosis
MP:0014182	3202	decreased respiratory epithelial sodium ion transmembrane transport
MP:0030340	1779	absent fourth pharyngeal arch artery
MP:0009768	804	impaired somite development
MP:0011459	2003	increased urine chloride ion level
MP:0012013	2344	abnormal innate avoidance response
MP:0020359	4904	abnormal ribbon synapse morphology
MP:0008109	1223	abnormal small intestinal microvillus morphology
MP:0013968	2077	multiple persisting craniopharyngeal ducts
MP:0005350	2619	increased susceptibility to autoimmune disorder
MP:0010465	3057	aberrant origin of the right subclavian artery
MP:0004498	2365	increased organ of Corti supporting cell number
MP:0012508	6442	forebrain atrophy
MP:0000835	3746	abnormal subthalamic nucleus morphology
MP:0008098	2486	decreased plasma cell number
MP:0006185	5753	retina hemorrhage
MP:0005265	4903	abnormal blood urea nitrogen level
MP:0009747	3811	impaired behavioral response to xenobiotic
MP:0011333	534	abnormal kidney inner medulla morphology
MP:0010247	1416	increased intestine copper level
MP:0000168	1962	abnormal bone marrow development
MP:0001516	2158	abnormal motor coordination/balance
MP:0005240	2910	abnormal amacrine cell morphology
MP:0004071	821	prolonged P wave
MP:0008301	1257	adrenal medulla hyperplasia
MP:0001211	4719	wrinkled skin
MP:0030564	5159	thick myocardium compact layer
MP:0004299	2623	absent vestibular ganglion
MP:0000512	1020	intestinal ulcer
MP:0000870	1691	absent cerebellum vermis lobule VIII
MP:0003340	1649	acute pancreas inflammation
MP:0000761	2439	thin diaphragm muscle
MP:0004036	6440	abnormal muscle relaxation
MP:0010508	1594	abnormal heart electrocardiography waveform feature
MP:0006398	1139	increased long bone epiphyseal plate size
MP:0006115	5701	aortic valve atresia
MP:0005167	3660	abnormal blood-brain barrier function
MP:0020078	2928	decreased brain tyrosine 3-monooxygenase activity
MP:0009494	3610	abnormal biliary ductule morphology
MP:0002543	4929	brachyphalangia
MP:0030701	2580	decreased threonine level
MP:0006135	2174	artery stenosis
MP:0005337	1780	abnormal retroperitoneal fat pad morphology
MP:0012272	2211	decreased axial mesoderm size
MP:0013836	3504	abnormal hypoglossal nerve topology
MP:0003091	941	abnormal cell migration
MP:0004192	3036	abnormal kidney pyramid morphology
MP:0009328	1187	delayed heart looping
MP:0002407	6645	abnormal double-negative T cell morphology
MP:0012718	727	decreased hemangioblast number
MP:0011411	2774	abnormal gonadal ridge morphology
MP:0013328	2278	visceromegaly
MP:0006316	2957	increased urine sodium level
MP:0004790	2532	absent upper incisors
MP:0010206	901	pigment incontinence
MP:0009906	6439	increased tongue size
MP:0013374	113	increased sebaceous gland tumor incidence
MP:0003731	3448	abnormal retina outer nuclear layer morphology
MP:0000240	1203	extramedullary hematopoiesis
MP:0001129	2998	impaired ovarian folliculogenesis
MP:0009507	1999	abnormal mammary gland connective tissue morphology
MP:0008789	1407	abnormal olfactory epithelium morphology
MP:0004537	1361	abnormal palatine bone horizontal plate morphology
MP:0000774	6303	decreased brain size
MP:0001916	2458	intracerebral hemorrhage
MP:0020724	746	increased retina inner nuclear layer thickness
MP:0006286	6437	inner ear hypoplasia
MP:0000230	1345	abnormal systemic arterial blood pressure
MP:0001501	5658	abnormal sleep pattern
MP:0003414	1618	epidermal cyst
MP:0005107	1959	abnormal stapes morphology
MP:0020344	1022	abnormal susceptibility to injury induced morbidity/mortality
MP:0030188	6436	round snout
MP:0002864	2235	abnormal ocular fundus morphology
MP:0003973	4150	increased pituitary hormone level
MP:0003725	1862	increased autoantibody level
MP:0012499	1994	absent cardiogenic plate
MP:0000422	1349	delayed hair appearance
MP:0011400	1547	lethality, complete penetrance
MP:0000573	1162	enlarged hind paws
MP:0011870	2590	abnormal podocyte polarity
MP:0020866	2162	abnormal lipogenesis
MP:0000683	1876	decreased percent water in carcass
MP:0000167	2055	decreased chondrocyte number
MP:0030605	6435	abnormal corneocyte morphology
MP:0003384	1104	abnormal ventral body wall morphology
MP:0005401	795	abnormal fat-soluble vitamin level
MP:0010059	1288	olfactory bulb hypoplasia
MP:0020016	2433	decreased aldehyde dehydrogenase activity
MP:0030027	1843	basioccipital bone hypoplasia
MP:0031312	2354	spondylolysis
MP:0011048	2877	decreased lung tissue damping
MP:0030570	2155	abnormal piliary canal morphology
MP:0003892	2313	abnormal gastric gland morphology
MP:0010148	1675	abnormal exocrine pancreas physiology
MP:0011242	4448	increased fetal derived definitive erythrocyte cell number
MP:0010087	6434	increased circulating fructosamine level
MP:0008563	6550	decreased interferon-alpha secretion
MP:0009003	3139	abnormal vibrissa number
MP:0002794	3501	lenticonus
MP:0004853	3529	abnormal ovary size
MP:0005017	2213	decreased B cell number
MP:0003537	6423	hydrometrocolpos
MP:0009409	1992	abnormal skeletal muscle fiber type ratio
MP:0004095	6	ocular distichiasis
MP:0005667	6422	abnormal circulating leptin level
MP:0030268	5304	agnathia
MP:0002030	409	increased neurofibrosarcoma incidence
MP:0000101	6421	absent ethmoid bone
MP:0030971	2782	ketoacidosis
MP:0030263	3441	cranial bossing
MP:0005387	1716	immune system phenotype
MP:0005134	1429	decreased thyroid-stimulating hormone level
MP:0000084	1315	abnormal fontanelle morphology
MP:0020416	6578	decreased fibroblast chemotaxis
MP:0012288	485	abnormal paradoxical sleep pattern
MP:0013918	3200	abnormal endolymphatic sac topology
MP:0002357	1855	abnormal spleen white pulp morphology
MP:0030224	3565	abnormal soft palate muscle morphology
MP:0000108	1341	midline facial cleft
MP:0011774	3210	abnormal urinary bladder detrusor smooth muscle morphology
MP:0005072	1072	abnormal hair follicle melanin granule morphology
MP:0030456	148	abnormal odontoblast differentiation
MP:0002019	701	abnormal tumor incidence
MP:0008516	2281	disorganized retina outer nuclear layer
MP:0013286	4898	abnormal sperm capacitation
MP:0008939	110	increased pituitary gland weight
MP:0013294	783	prenatal lethality prior to heart atrial septation
MP:0008218	2764	delayed emergence of vibrissae
MP:0001860	1319	liver inflammation
MP:0006011	603	abnormal endolymphatic duct morphology
MP:0000972	6832	abnormal mechanoreceptor morphology
MP:0000960	9	abnormal sensory ganglion morphology
MP:0003432	6417	increased activity of parathyroid
MP:0012091	652	increased midbrain size
MP:0005604	6416	hyperekplexia
MP:0004082	6415	abnormal habenula morphology
MP:0003337	2156	exocrine pancreas hyperplasia
MP:0006357	3886	abnormal circulating mineral level
MP:0004657	2252	small sacral vertebrae
MP:0031177	2336	decreased Descemet membrane thickness
MP:0013357	408	ectopic adenohypophysis
MP:0001783	1848	decreased white adipose tissue amount
MP:0013352	1165	abnormal Rathke's pouch apoptosis
MP:0020448	3278	increased microglial cell activation
MP:0012341	3499	low preference for an addictive substance
MP:0001893	3355	non-obstructive hydrocephaly
MP:0000867	6451	abnormal cerebellum anterior vermis morphology
MP:0011279	1747	decreased ear pigmentation
MP:0009784	1258	abnormal melanoblast migration
MP:0009939	1182	abnormal hippocampus neuron morphology
MP:0011968	4424	decreased threshold for auditory brainstem response
MP:0004150	98	absent caveolae
MP:0004087	3339	abnormal muscle fiber morphology
MP:0011958	3694	increased compensatory feeding amount
MP:0010845	168	decreased effector memory CD4-positive, alpha-beta T cell number
MP:0000405	2469	abnormal auchene hair morphology
MP:0005131	1906	increased follicle stimulating hormone level
MP:0002050	2090	increased pheochromocytoma incidence
MP:0013498	1319	trachea inflammation
MP:0012773	3445	abnormal CD4-positive, CD25-positive, alpha-beta regulatory T cell number
MP:0008765	780	decreased mast cell degranulation
MP:0010235	6642	abnormal retina inner limiting membrane morphology
MP:0011895	3426	abnormal circulating unsaturated transferrin level
MP:0001486	2563	abnormal startle reflex
MP:0031213	4374	increased eye anterior chamber depth
MP:0009478	1666	coiled cecum
MP:0010376	2642	decreased kidney iron level
MP:0004019	1536	abnormal vitamin homeostasis
MP:0001317	3853	abnormal pupil morphology
MP:0030199	1140	deviated nasal septum
MP:0010646	189	absent pulmonary vein
MP:0008172	6410	abnormal follicular B cell morphology
MP:0012725	3233	small sebaceous gland
MP:0005638	2955	hemochromatosis
MP:0020511	3958	decreased dendritic spine length
MP:0008019	224	increased liver tumor incidence
MP:0002723	3705	abnormal immune serum protein physiology
MP:0004549	6409	small trachea
MP:0030294	2742	abnormal levator veli palatini muscle morphology
MP:0004037	4138	increased muscle relaxation
MP:0030774	362	abnormal ischiofemoral ligament morphology
MP:0021183	1139	increased femoral compact bone area
MP:0003078	3708	aphakia
MP:0004637	3461	metacarpal bone hypoplasia
MP:0004858	4896	abnormal nervous system regeneration
MP:0005670	6883	abnormal white adipose tissue physiology
MP:0000511	1116	abnormal intestinal mucosa morphology
MP:0004838	2757	abnormal neural fold elevation formation
MP:0000041	2541	absent endolymphatic duct
MP:0010316	2274	increased thyroid tumor incidence
MP:0002127	5540	abnormal cardiovascular system morphology
MP:0003020	6641	decreased circulating chloride level
MP:0013592	2014	small thymus cortex
MP:0004711	6405	persistence of notochord tissue
MP:0001318	1657	pupil opacity
MP:0012062	1374	small tail bud
MP:0001224	6404	abnormal keratinocyte apoptosis
MP:0004101	1720	abnormal brain interneuron morphology
MP:0010894	4895	pulmonary alveolar edema
MP:0012555	613	decreased cell death
MP:0002622	4440	abnormal cochlear hair cell morphology
MP:0003388	345	absent pericardium
MP:0009777	4907	abnormal behavioral response to anesthetic
MP:0031217	6403	increased susceptibility to myocardial ischemic injury
MP:0010519	987	atrioventricular block
MP:0014030	2954	abnormal mucous gland physiology
MP:0003697	1938	absent zona pellucida
MP:0013906	6402	absent embryonic telencephalon
MP:0000198	3200	decreased circulating phosphate level
MP:0030951	4137	abnormal endocytosis
MP:0000017	6399	big ears
MP:0000844	584	abnormal pontine flexure morphology
MP:0005444	702	abnormal retinol metabolism
MP:0002329	6398	abnormal blood gas level
MP:0004285	208	absent Descemet membrane
MP:0013508	2721	increased granulosa cell apoptosis
MP:0002463	3517	abnormal neutrophil physiology
MP:0014045	6400	Mallory bodies
MP:0012184	857	absent paraxial mesoderm
MP:0002272	43	abnormal nervous system electrophysiology
MP:0011419	546	erythrocyturia
MP:0000295	1317	trabecula carnea hypoplasia
MP:0004668	6830	absent vertebral body
MP:0013643	3743	decreased vertebra maximal load
MP:0030423	6397	abnormal pinna cartilage morphology
MP:0008217	2045	abnormal B cell activation
MP:0010038	6396	abnormal placenta physiology
MP:0008166	3532	abnormal B-2 B cell morphology
MP:0009568	919	abnormal red blood cell deformability
MP:0005322	4958	abnormal serotonin level
MP:0002458	231	abnormal B cell number
MP:0008921	4894	increased neurotransmitter release
MP:0001874	905	acanthosis
MP:0030249	2722	small frontonasal prominence
MP:0030282	2275	broad supraoccipital bone
MP:0030718	5561	increased circulating lysine level
MP:0004488	1452	type II spiral ligament fibrocyte degeneration
MP:0009183	3029	abnormal pancreatic delta cell differentiation
MP:0005031	3148	abnormal trophoblast layer morphology
MP:0005354	1360	abnormal ilium morphology
MP:0000523	3220	cortical renal glomerulopathies
MP:0010091	3329	decreased circulating creatine kinase level
MP:0002926	4962	aganglionic megacolon
MP:0013530	6394	abnormal periderm morphology
MP:0003327	101	liver cyst
MP:0010882	2055	trachea hypoplasia
MP:0009950	1646	abnormal olfactory bulb internal plexiform layer morphology
MP:0001963	5187	abnormal hearing physiology
MP:0010026	1273	decreased liver cholesterol level
MP:0002404	1829	increased intestinal adenoma incidence
MP:0010323	4888	retropulsion
MP:0002830	6359	gallstones
MP:0030124	4337	middle ear ossicle hypoplasia
MP:0003624	5124	anuria
MP:0000528	1228	delayed kidney development
MP:0001117	6358	absent gametes
MP:0030071	571	abnormal face shape
MP:0009854	213	impaired gastric peristalsis
MP:0004116	3733	abnormal atrioventricular bundle conduction
MP:0012072	4887	decreased susceptibility to osteoporosis
MP:0020483	288	abnormal brain artery topology
MP:0002460	2199	decreased immunoglobulin level
MP:0003822	6825	decreased left ventricle systolic pressure
MP:0002051	916	increased skin papilloma incidence
MP:0009710	4886	anhedonia
MP:0005041	6356	abnormal antigen presentation via MHC class II
MP:0001148	3885	enlarged testis
MP:0008837	2762	increased transforming growth factor beta level
MP:0003440	2641	decreased glycerol level
MP:0003942	6355	abnormal urinary system development
MP:0003780	6509	increased lip tumor incidence
MP:0001670	750	abnormal intestinal mineral absorption
MP:0031174	376	decreased mammary duct terminal end bud number
MP:0030292	6788	abnormal tensor veli palatini muscle morphology
MP:0002240	1248	abnormal paranasal sinus morphology
MP:0009087	228	dilated uterine horn
MP:0004274	5650	abnormal embryonic/fetal subventricular zone morphology
MP:0009778	6818	impaired behavioral response to anesthetic
MP:0010287	385	increased reproductive system tumor incidence
MP:0010413	3022	complete atrioventricular septal defect
MP:0004318	1792	absent incus
MP:0003994	6531	abnormal dorsal spinal root morphology
MP:0009091	6320	endometrium hypoplasia
MP:0012533	1506	uveal coloboma
MP:0008370	3965	enlarged pituitary intermediate lobe
MP:0002461	1353	increased immunoglobulin level
MP:0006431	265	abnormal fibrocartilage morphology
MP:0008495	2459	decreased IgG1 level
MP:0009408	1905	decreased skeletal muscle fiber density
MP:0002650	1641	abnormal ameloblast morphology
MP:0013970	278	absent connection between subcutaneous lymph vessels and lymph sac
MP:0005423	4879	abnormal somatic nervous system physiology
MP:0010678	6639	abnormal skin adnexa morphology
MP:0011635	2986	abnormal mitochondrial crista morphology
MP:0011206	6319	absent visceral yolk sac
MP:0020490	5756	abnormal ophthalmic artery origin
MP:0003243	2838	abnormal dopaminergic neuron morphology
MP:0012292	3571	decreased slow-wave sleep duration
MP:0012754	3732	abnormal cranial neural crest cell morphology
MP:0003976	2990	decreased circulating VLDL triglyceride level
MP:0020869	3181	immotile sperm
MP:0011199	6318	abnormal amniotic cavity morphology
MP:0013594	2419	abnormal parotid gland acinus morphology
MP:0000098	1004	abnormal vomer bone morphology
MP:0000652	573	enlarged sebaceous gland
MP:0004805	2001	absent oocytes
MP:0003720	6927	abnormal neural tube closure
MP:0030399	1959	abnormal incus body morphology
MP:0005581	6316	abnormal renin activity
MP:0013539	50	increased ovary adenoma incidence
MP:0003229	2005	abnormal vitelline vasculature morphology
MP:0003377	1564	late onset of menarche
MP:0004328	5301	decreased vestibular hair cell number
MP:0010146	3199	umbilical hernia
MP:0011630	3881	increased mitochondrial size
MP:0030024	1628	abnormal meiotic attachment of telomere to nuclear envelope
MP:0008923	297	thoracoschisis
MP:0006173	6315	abnormal myeloid dendritic cell morphology
MP:0010701	1045	fusion of atlas and odontoid process
MP:0011563	2265	increased urine prostaglandin level
MP:0003983	2088	decreased cholesterol level
MP:0008762	3089	embryonic lethality
MP:0004154	1832	renal tubular necrosis
MP:0011591	3300	decreased hormone-sensitive lipase activity
MP:0031374	710	abnormal manchette assembly
MP:0030465	2812	absent oval window
MP:0004611	2985	increased susceptibility to ototoxicity-induced hearing loss
MP:0009203	6314	external male genitalia hypoplasia
MP:0004778	6530	increased macrophage derived foam cell number
MP:0020452	4133	abnormal axon radial sorting
MP:0009669	6353	abnormal postimplantation uterine environment
MP:0011436	6310	decreased urine magnesium level
MP:0009960	2323	abnormal cerebellum anterior lobe morphology
MP:0020216	309	decreased circulating complement protein level
MP:0003558	417	absent uterus
MP:0003442	483	decreased circulating glycerol level
MP:0005048	1695	abnormal thrombosis
MP:0008484	782	decreased spleen germinal center size
MP:0001850	880	increased susceptibility to otitis media
MP:0020594	1946	decreased cerebral cortex cell number
MP:0003970	4229	abnormal prolactin level
MP:0006287	332	inner ear cyst
MP:0008345	5296	abnormal gamma-delta T cell number
MP:0013323	1973	abnormal ampullary gland morphology
MP:0008717	595	increased lung squamous cell carcinoma incidence
MP:0003638	3292	abnormal response/metabolism to endogenous compounds
MP:0000936	6290	small embryonic telencephalon
MP:0003544	75	abnormal vascular endothelial cell migration
MP:0004654	899	absent lumbar vertebrae
MP:0009284	2143	abnormal sympathetic neuron innervation pattern
MP:0010918	5201	abnormal pulmonary neuroendocrine body morphology
MP:0006268	3093	absent cardiac desmosomes
MP:0008809	5511	increased spleen iron level
MP:0004139	201	abnormal gastric parietal cell morphology
MP:0009297	1376	decreased mammary fat pad weight
MP:0009864	3598	abnormal aorta endothelium morphology
MP:0009336	1065	increased splenocyte proliferation
MP:0012759	5660	increased cranial neural crest cell proliferation
MP:0002602	6289	abnormal eosinophil cell number
MP:0004293	4721	abnormal type I spiral ligament fibrocytes
MP:0009900	2171	vomer bone hypoplasia
MP:0012162	1953	absent parietal endoderm
MP:0012797	4945	decreased rhombomere 4 size
MP:0003918	2392	decreased kidney weight
MP:0000693	666	spleen hyperplasia
MP:0020816	3511	decreased photoreceptor outer segment number
MP:0009045	3315	muscle tetany
MP:0012049	283	increased susceptilbility to retina ischemic injury
MP:0004792	3464	abnormal synaptic vesicle number
MP:0005100	6529	abnormal choroid pigmentation
MP:0001463	1661	abnormal spatial learning
MP:0004166	310	abnormal limbic system morphology
MP:0010838	6288	increased CD8-positive, alpha-beta memory T cell number
MP:0030421	603	tongue muscle hypoplasia
MP:0003244	2761	loss of dopaminergic neurons
MP:0004732	6350	decreased circulating gastrin level
MP:0011967	715	increased or absent threshold for auditory brainstem response
MP:0030924	179	early exit from telogen phase
MP:0003554	3184	phimosis
MP:0011361	1122	pelvic kidney
MP:0013605	1738	abnormal ovarian bursa morphology
MP:0000510	1714	remittent intestinal hemorrhage
MP:0014175	1810	abnormal ciliary epithelium morphology
MP:0002665	676	decreased circulating corticosterone level
MP:0010351	574	increased pituitary melanotroph tumor incidence
MP:0003011	6287	delayed dark adaptation
MP:0012551	985	metabolic acidosis
MP:0012731	1824	abnormal external carotid artery morphology
MP:0010318	6374	increased salivary gland tumor incidence
MP:0009860	3485	nephrosclerosis
MP:0009385	447	abnormal dermal pigmentation
MP:0008227	1838	absent anterior commissure
MP:0020437	190	abnormal social play behavior
MP:0002534	3068	abnormal type IV hypersensitivity reaction
MP:0010689	3936	thin hair follicle outer root sheath
MP:0011239	1076	abnormal skin coloration
MP:0031268	1040	decreased susceptibility to diet-induced hepatic steatosis
MP:0021030	1888	decreased tumor necrosis factor (ligand) superfamily member 11 level
MP:0009274	283	buphthalmos
MP:0009733	376	absent nipple
MP:0014057	3334	abnormal mammary gland stroma morphology
MP:0003034	981	increased pulmonary vascular resistance
MP:0008736	6265	micromelia
MP:0012248	4320	absent dermatome
MP:0004565	2837	small myocardial fiber
MP:0010857	2731	pulmonary necrosis
MP:0005344	3397	increased circulating bilirubin level
MP:0004806	4871	absent germ cells
MP:0020502	1368	abnormal physiological umbilical hernia morphology
MP:0001024	216	small L5 dorsal root ganglion
MP:0031443	936	abnormal tongue position
MP:0002863	4131	improved righting response
MP:0004863	1573	thin spiral ligament
MP:0009776	53	decreased behavioral withdrawal response
MP:0020100	3818	decreased susceptibility to diet-induced aortic fatty streak lesions
MP:0001876	3818	decreased inflammatory response
MP:0010603	2285	unicuspid pulmonary valve
MP:0010259	4319	anterior polar cataract
MP:0000450	3433	absent snout
MP:0001654	1865	hepatic necrosis
MP:0009314	103	increased colon adenocarcinoma incidence
MP:0001048	6258	absent enteric neurons
MP:0002885	227	abnormal AMPA-mediated synaptic currents
MP:0013261	3640	absent epiglottis
MP:0004521	1057	abnormal cochlear hair cell stereociliary bundle morphology
MP:0000381	472	enlarged hair follicles
MP:0003669	1776	periodontal ligament hypercellularity
MP:0011941	2438	increased fluid intake
MP:0001752	4868	abnormal hypothalamus secretion
MP:0030635	2921	increased taurine level
MP:0005005	4130	abnormal self tolerance
MP:0003463	1685	abnormal single cell response
MP:0020364	4867	abnormal female germ cell physiology
MP:0009756	127	impaired behavioral response to nicotine
MP:0030469	5581	optic canal stenosis
MP:0004181	2250	abnormal carotid artery morphology
MP:0006064	6244	abnormal superior vena cava morphology
MP:0009806	2060	abnormal otic vesicle morphology
MP:0004878	3487	increased systemic vascular resistance
MP:0011388	4226	absent heart
MP:0009867	1750	abnormal ascending aorta morphology
MP:0010897	6828	abnormal bronchiole epithelium morphology
MP:0002731	1677	megacolon
MP:0009752	2652	enhanced behavioral response to nicotine
MP:0006201	2575	vitreous body inflammation
MP:0013410	6424	decreased dendritic epidermal T cell number
MP:0011392	3690	increased fetal cardiomyocyte apoptosis
MP:0030930	3689	decreased digit pigmentation
MP:0001511	2594	disheveled coat
MP:0004385	5291	interparietal bone hypoplasia
MP:0010195	177	abnormal lymphatic vessel endothelium morphology
MP:0030880	2438	abnormal infrapatellar fat pad morphology
MP:0012520	957	absent Brunner's glands
MP:0008241	6871	abnormal metallophilic macrophage morphology
MP:0010208	29	prognathia
MP:0031225	2348	decreased CXCL10 level
MP:0030136	1039	abnormal lower incisor morphology
MP:0011520	2937	increased placental labyrinth size
MP:0011016	6188	increased core body temperature
MP:0011781	955	abnormal bulbourethral gland physiology
MP:0008993	6187	abnormal portal triad morphology
MP:0008820	6499	abnormal blood uric acid level
MP:0001589	6411	abnormal mean corpuscular hemoglobin
MP:0010263	1430	total cataract
MP:0004364	3964	thin stria vascularis
MP:0004447	6643	small basioccipital bone
MP:0008242	2790	abnormal perivascular macrophage morphology
MP:0001574	4128	abnormal oxygen level
MP:0001717	4858	absent ectoplacental cone
MP:0002049	1414	increased extremity angiosarcoma incidence
MP:0001128	3688	ovary hyperplasia
MP:0002405	6171	respiratory system inflammation
MP:0004814	6361	reduced linear vestibular evoked potential
MP:0014100	6170	increased chondrocyte proliferation
MP:0004868	252	increased endometrial carcinoma incidence
MP:0008559	6169	abnormal interferon-gamma secretion
MP:0008759	1522	abnormal T cell receptor delta chain V(D)J recombination
MP:0012755	738	decreased cranial neural crest cell number
MP:0030496	686	taurodontia
MP:0020941	4897	decreased susceptibility to Togaviridae infection
MP:0009143	1047	abnormal pancreatic duct morphology
MP:0030838	2059	abnormal acetabular fossa morphology
MP:0011072	4856	abnormal macrophage cytokine production
MP:0030060	2436	absent nasal pit
MP:0002349	2804	abnormal afferent lymphatic vessel morphology
MP:0006093	798	arteriovenous malformation
MP:0012723	2823	abnormal nuchal region morphology
MP:0013768	3747	decreased marginal zone precursor B cell number
MP:0013151	3201	abnormal incidence of induced tumors
MP:0003365	23	increased glucagonoma incidence
MP:0009622	663	absent inguinal lymph nodes
MP:0021091	2035	abnormal dorsal interneuron morphology
MP:0009603	4902	absent keratohyalin granules
MP:0000688	736	lymphoid hyperplasia
MP:0004258	6848	abnormal placenta size
MP:0004770	4854	abnormal synaptic vesicle recycling
MP:0001126	2034	abnormal ovary morphology
MP:0005277	3152	abnormal brainstem morphology
MP:0008390	2945	abnormal primordial germ cell proliferation
MP:0009163	1006	absent pancreatic duct
MP:0001051	6161	abnormal somatic motor system morphology
MP:0011348	1809	abnormal renal glomerulus basement membrane morphology
MP:0009423	30	increased extensor digitorum longus weight
MP:0003646	6126	increased muscle fatigability
MP:0030516	6253	abnormal junctional epithelium morphology
MP:0030311	1356	abnormal mandibular fossa morphology
MP:0012434	4853	decreased intestinal adenoma incidence
MP:0002835	6159	abnormal cranial suture morphology
MP:0001545	525	abnormal hematopoietic system physiology
MP:0010069	5375	increased serotonin level
MP:0011301	4852	juxtaglomerular cell hyperplasia
MP:0011024	598	abnormal branching involved in lung morphogenesis
MP:0004696	152	abnormal thyroid follicle morphology
MP:0010553	6378	prolonged HV interval
MP:0031058	6273	hepatosplenomegaly
MP:0010395	6158	abnormal pharyngeal arch development
MP:0002658	5281	abnormal liver regeneration
MP:0008566	2266	increased interferon-gamma secretion
MP:0010685	630	abnormal hair follicle inner root sheath morphology
MP:0020880	3495	abnormal milk calcium level
MP:0009609	17	absent basioccipital bone
MP:0004987	3921	abnormal osteoblast cell number
MP:0009351	6157	thin hair shaft
MP:0004144	3874	hypotonia
MP:0010863	810	absent respiratory mucosa goblet cells
MP:0004843	210	abnormal Paneth cell morphology
MP:0031114	2513	increased circulating gamma-glutamyl transferase level
MP:0006288	1191	small otic capsule
MP:0002348	1203	abnormal lymph node medulla morphology
MP:0009737	4543	prostate gland cyst
MP:0001914	3491	hemorrhage
MP:0005488	677	bronchial epithelial hyperplasia
MP:0005620	1212	abnormal muscle contractility
MP:0002297	4127	abnormal forced expiratory flow rates
MP:0010113	3685	abnormal sacrum morphology
MP:0008929	1298	abnormal central medial nucleus morphology
MP:0004562	3489	abnormal inner hair cell synaptic ribbon morphology
MP:0011019	4840	abnormal adaptive thermogenesis
MP:0009873	5617	abnormal aorta tunica media morphology
MP:0012741	2676	decreased neural crest cell proliferation
MP:0010555	1980	absent epicardium
MP:0002914	2142	abnormal endplate potential
MP:0013176	3635	abnormal tail position or orientation
MP:0001687	133	thin endoderm
MP:0020185	406	abnormal susceptibility to viral infection
MP:0003546	234	decreased alcohol consumption
MP:0003853	8	dry skin
MP:0000788	571	abnormal cerebral cortex morphology
MP:0009292	6804	increased inguinal fat pad weight
MP:0008483	4838	increased spleen germinal center size
MP:0005435	7100	hemoperitoneum
MP:0008845	1705	abnormal paraventricular hypothalamic nucleus morphology
MP:0003361	1922	abnormal circulating gonadotropin level
MP:0001066	1765	absent trigeminal nerve
MP:0000008	625	increased white adipose tissue amount
MP:0012087	1684	absent midbrain
MP:0000446	6303	long snout
MP:0010695	3683	abnormal blood pressure regulation
MP:0001835	1529	abnormal antigen presentation
MP:0006326	2437	conductive hearing impairment
MP:0000255	1206	blood vessel congestion
MP:0002832	6066	coarse hair
MP:0000583	2853	long toenails
MP:0002445	1073	abnormal mononuclear cell differentiation
MP:0005238	4123	increased brain size
MP:0004990	7084	abnormal ciliary ganglion morphology
MP:0000853	6579	absent cerebellar foliation
MP:0008079	2203	decreased CD8-positive, alpha-beta T cell number
MP:0010976	2076	small lung lobe
MP:0006144	3487	increased systemic arterial systolic blood pressure
MP:0000116	5717	abnormal tooth development
MP:0008439	1672	abnormal cortical plate morphology
MP:0009619	344	abnormal optokinetic reflex
MP:0000067	4017	osteopetrosis
MP:0001650	4122	abnormal seizure response to electrical stimulation
MP:0008176	4616	abnormal germinal center B cell morphology
MP:0010945	6272	lung epithelium hyperplasia
MP:0011315	4211	abnormal kidney arcuate artery morphology
MP:0012367	5320	decreased erythrocyte magnesium level
MP:0008349	1493	abnormal gamma-delta intraepithelial T cell morphology
MP:0030642	2122	decreased methionine level
MP:0008943	3109	increased sensitivity to induced cell death
MP:0004357	564	long tibia
MP:0012201	4829	decreased endothelial cell proliferation
MP:0010094	3150	abnormal chromosome stability
MP:0001035	6413	abnormal submandibular ganglion morphology
MP:0001684	5050	abnormal axial mesoderm morphology
MP:0013398	3906	uterus fibrosis
MP:0003494	200	parathyroid hypoplasia
MP:0008714	558	increased lung carcinoma incidence
MP:0005206	115	abnormal aqueous humor
MP:0001070	6616	abnormal abducens nerve morphology
MP:0004342	6116	scapular bone foramen
MP:0008169	6426	increased B-1b cell number
MP:0003403	6279	absent placental labyrinth
MP:0005220	2419	abnormal exocrine pancreas morphology
MP:0001856	6513	myocarditis
MP:0008970	950	choanal atresia
MP:0030142	1216	facial muscle degeneration
MP:0001102	474	small superior vagus ganglion
MP:0000689	1499	abnormal spleen morphology
MP:0005629	6371	abnormal lung weight
MP:0003486	2650	abnormal channel response intensity
MP:0031051	4121	lymph node hemorrhage
MP:0006337	5129	abnormal first pharyngeal arch morphology
MP:0006356	3912	abnormal third pharyngeal arch artery morphology
MP:0005457	6786	abnormal percent body fat/body weight
MP:0001353	112	increased aggression towards mice
MP:0001875	7078	testis inflammation
MP:0004303	357	abnormal Hensen cell morphology
MP:0009545	6054	abnormal dermis papillary layer morphology
MP:0000183	181	decreased circulating LDL cholesterol level
MP:0003439	6053	abnormal glycerol level
MP:0005411	3681	delayed fertilization
MP:0000336	6174	decreased mast cell number
MP:0009287	4837	decreased abdominal fat pad weight
MP:0009835	81	absent sperm annulus
MP:0012090	329	midbrain hypoplasia
MP:0010565	6618	absent fetal ductus arteriosus
MP:0013348	119	adenohypophysis hyperplasia
MP:0020423	6380	abnormal mitochondrial biogenesis
MP:0006249	2667	phthisis bulbi
MP:0010236	6438	abnormal retina outer limiting membrane morphology
MP:0000194	2376	increased circulating calcium level
MP:0002791	6044	steatorrhea
MP:0010295	6237	increased eye tumor incidence
MP:0004196	2389	abnormal prenatal growth/weight/body size
MP:0002745	208	abnormal atrioventricular valve morphology
MP:0004901	1628	decreased male germ cell number
MP:0003501	4175	iodide oxidation defect
MP:0021166	6043	delayed palatal shelf elevation
MP:0009779	5434	enhanced behavioral response to anesthetic
MP:0008163	510	increased diameter of ulna
MP:0014019	1396	embryo cyst
MP:0000859	3411	abnormal somatosensory cortex morphology
MP:0004340	492	short scapula
MP:0008132	3153	increased Peyer's patch number
MP:0000717	3179	abnormal lymphocyte cell number
MP:0010883	1389	trachea stenosis
MP:0003074	5	absent metacarpal bones
MP:0030806	2467	abnormal autopod joint morphology
MP:0002063	3932	abnormal learning/memory/conditioning
MP:0001084	476	abnormal petrosal ganglion morphology
MP:0011182	6280	decreased hematopoietic cell number
MP:0001088	1795	small nodose ganglion
MP:0004029	3255	spontaneous chromosome breakage
MP:0001319	1172	irregularly shaped pupil
MP:0003087	6842	absent allantois
MP:0008313	896	abnormal parasympathetic postganglionic fiber morphology
MP:0004444	135	small supraoccipital bone
MP:0000618	6125	small salivary gland
MP:0021081	2602	abnormal ribosomal stalling
MP:0004208	113	increased basal cell carcinoma incidence
MP:0009531	3486	increased parotid gland size
MP:0005572	4119	abnormal pulmonary respiratory rate
MP:0003368	5310	decreased circulating glucocorticoid level
MP:0001573	7064	abnormal circulating alanine transaminase level
MP:0002064	2985	seizures
MP:0009375	6032	thin zona pellucida
MP:0008431	4118	abnormal short term spatial reference memory
MP:0030233	3390	absent mandibular canal
MP:0003824	6692	decreased left ventricle developed pressure
MP:0009566	2189	meiotic nondisjunction
MP:0030371	508	delayed sagittal suture closure
MP:0001731	3435	abnormal postnatal growth
MP:0030460	5769	enamel pits
MP:0009211	93	absent external female genitalia
MP:0010496	6234	abnormal pectinate muscle morphology
MP:0030962	2554	abnormal inner hair cell kinocilium location or orientation
MP:0010917	2107	absent solitary pulmonary neuroendocrine cells
MP:0005643	5613	decreased dopamine level
MP:0009199	5435	abnormal external male genitalia morphology
MP:0020424	7063	increased kindling response
MP:0001905	6959	abnormal dopamine level
MP:0005605	1521	increased bone mass
MP:0000520	5202	absent kidney
MP:0004667	2887	vertebral body hypoplasia
MP:0003775	3929	thin lip
MP:0008402	6029	increased cellular sensitivity to alkylating agents
MP:0012744	6028	increased neural crest cell apoptosis
MP:0030585	7062	enhanced behavioral response to amphetamine
MP:0002627	6027	increased teratoma incidence
MP:0002593	3693	high mean erythrocyte cell number
MP:0030509	3283	increased number of epithelial cell rests of Malassez
MP:0010441	394	total anomalous pulmonary venous connection
MP:0009136	6025	decreased brown fat cell size
MP:0031089	1964	sneezing
MP:0005523	2681	decreased circulating atrial natriuretic factor
MP:0004749	4817	nonsyndromic hearing loss
MP:0011857	2146	short kidney papilla
MP:0030315	6023	small neurocranium
MP:0010815	4314	enlarged alveolar lamellar bodies
MP:0003304	4860	large intestinal inflammation
MP:0004573	6772	absent limb buds
MP:0001056	2676	abnormal cranial nerve morphology
MP:0013396	2594	eyelid hyperplasia
MP:0031203	5708	forelimb paresis
MP:0009299	4863	decreased mesenteric fat pad weight
MP:0005028	6003	abnormal trophectoderm morphology
MP:0030003	5424	hippocampus atrophy
MP:0008906	2996	abnormal parametrial fat pad morphology
MP:0008776	2051	increased right ventricle peak pressure
MP:0004739	2358	conductive hearing loss
MP:0012775	2309	abnormal brain weight
MP:0013003	4961	absent enteric neural crest cell
MP:0002682	7047	decreased mature ovarian follicle number
MP:0009840	707	abnormal foam cell morphology
MP:0011478	5058	abnormal urine catecholamine level
MP:0021198	4813	abnormal sleep duration
MP:0014106	4112	delayed chondrocyte differentiation
MP:0011457	6124	abnormal metanephric ureteric bud development
MP:0001192	3251	scaly skin
MP:0000640	4812	adrenal gland hypoplasia
MP:0003230	77	abnormal umbilical artery morphology
MP:0031309	1916	skin cyst
MP:0008601	4953	abnormal circulating interleukin-4 level
MP:0002415	4845	abnormal neutrophil differentiation
MP:0005421	3028	loose skin
MP:0011053	2056	decreased respiratory motile cilia number
MP:0008415	3365	abnormal neurite morphology
MP:0014141	149	abnormal mesoderm morphology
MP:0009741	1607	ectopic mammary gland
MP:0012226	414	increased sterol level
MP:0003321	2444	tracheoesophageal fistula
MP:0005289	1236	increased oxygen consumption
MP:0009312	3335	increased jejunum adenocarcinoma incidence
MP:0012661	2616	decreased circulating ceruloplasmin level
MP:0008337	119	increased thyrotroph cell number
MP:0005112	6500	abnormal spinal cord ventral horn morphology
MP:0020385	3081	decreased intestinal iron level
MP:0001694	4810	absent egg cylinders
MP:0006380	1108	abnormal spermatid morphology
MP:0004832	4111	enlarged ovary
MP:0004119	2314	hypokalemia
MP:0002217	300	small lymph nodes
MP:0008055	5987	increased urine osmolality
MP:0005046	5986	absent spleen white pulp
MP:0013336	5613	pituitary gland hypertrophy
MP:0000372	967	irregular coat pigmentation
MP:0000840	3357	abnormal epithalamus morphology
MP:0030425	1174	wide intermaxillary suture
MP:0009072	1094	absent cranial vagina
MP:0003354	2248	astrocytosis
MP:0008907	1697	decreased total fat pad weight
MP:0001956	4809	hypopnea
MP:0002591	2081	decreased mean corpuscular volume
MP:0008371	609	pituitary intermediate lobe hyperplasia
MP:0000229	233	abnormal megakaryocyte differentiation
MP:0031434	6118	increased miscarriage rate
MP:0031233	3678	decreased circulating serum amyloid protein level
MP:0013138	4804	thin body
MP:0013721	132	abnormal mammary placode morphology
MP:0013602	6088	abnormal Leydig cell differentiation
MP:0009785	6757	abnormal susceptibility to infection induced morbidity/mortality
MP:0010776	3049	abnormal placenta metrial gland morphology
MP:0011186	1044	abnormal visceral endoderm morphology
MP:0011171	2452	increased number of Heinz bodies
MP:0003292	6274	melena
MP:0002640	593	reticulocytosis
MP:0003883	348	enlarged stomach
MP:0011370	1706	increased mesangial cell apoptosis
MP:0012121	5968	sclerocornea
MP:0003167	353	abnormal scala tympani morphology
MP:0003316	522	perineal fistula
MP:0001302	179	eyelids open at birth
MP:0003178	867	left pulmonary isomerism
MP:0012163	2385	abnormal dental mesenchyme morphology
MP:0030471	7032	abnormal ameloblast differentiation
MP:0008469	4173	abnormal protein level
MP:0012284	301	increased sternebra number
MP:0001176	189	abnormal lung development
MP:0000877	2616	abnormal Purkinje cell morphology
MP:0030119	121	abnormal retrotympanic process morphology
MP:0000102	1179	abnormal nasal bone morphology
MP:0010763	2988	abnormal hematopoietic stem cell physiology
MP:0010015	347	abnormal cuticular plate morphology
MP:0003627	1896	abnormal leukocyte tethering or rolling
MP:0009027	6766	abnormal subarachnoid space morphology
MP:0013862	1858	abnormal cecum position
MP:0031253	544	lordokyphosis
MP:0005097	1017	polychromatophilia
MP:0006002	4801	abnormal small intestinal transit time
MP:0013867	2470	abnormal ventral pancreas morphology
MP:0001362	6263	abnormal anxiety-related response
MP:0000079	2620	abnormal basioccipital bone morphology
MP:0001950	6762	abnormal respiratory sounds
MP:0020856	2830	absent corneal epithelium
MP:0001837	1253	defective assembly of class I molecules
MP:0003451	2345	absent olfactory bulb
MP:0009574	4203	abnormal right lung caudal lobe morphology
MP:0013805	3656	myeloid metaplasia
MP:0030314	2765	absent primary palate
MP:0004018	1839	abnormal galactose homeostasis
MP:0000455	4412	abnormal maxilla morphology
MP:0031042	2335	increased susceptibility to Togaviridae infection induced morbidity/mortality
MP:0004976	3705	abnormal B-1 B cell number
MP:0004121	842	abnormal sarcolemma morphology
MP:0013340	4832	abnormal pituicyte morphology
MP:0001303	1738	abnormal lens morphology
MP:0006428	2480	ectopic Sertoli cells
MP:0030633	2598	decreased urine creatine level
MP:0031120	1097	decreased susceptibility to induced thrombosis
MP:0008277	6803	abnormal sternum ossification
MP:0001542	1401	abnormal bone strength
MP:0011491	763	ureteropelvic junction obstruction
MP:0010382	5046	abnormal dosage compensation, by inactivation of X chromosome
MP:0000526	2430	small inner medullary pyramid
MP:0010101	5371	increased sacral vertebrae number
MP:0004647	2771	decreased lumbar vertebrae number
MP:0030722	608	decreased lysine level
MP:0004561	2537	absent facial nerve
MP:0000603	2805	pale liver
MP:0003814	572	vascular smooth muscle hypoplasia
MP:0000729	1948	abnormal myogenesis
MP:0000577	4398	absent eccrine glands
MP:0010227	5078	decreased quadriceps weight
MP:0004387	273	abnormal prechordal plate morphology
MP:0013385	2591	abnormal Meibomian gland development
MP:0013575	1204	abnormal forestomach-glandular stomach junction morphology
MP:0031330	5950	delayed peripheral nervous system regeneration
MP:0020214	5326	increased susceptibility to malignant hyperthermia
MP:0003104	1713	acrania
MP:0014130	6733	thymus cyst
MP:0030043	1130	small forehead
MP:0009017	6345	prolonged estrus
MP:0010597	2183	absent aortic valve cusps
MP:0011518	4892	abnormal cell chemotaxis
MP:0008727	18	enlarged heart right atrium
MP:0012712	3047	spinal cord degeneration
MP:0002975	4794	vascular smooth muscle hypertrophy
MP:0000748	2978	progressive muscle weakness
MP:0010572	2074	persistent right dorsal aorta
MP:0004541	1591	absent auditory tube
MP:0003969	527	abnormal luteinizing hormone level
MP:0030583	3346	abnormal hair follicle peg morphology
MP:0030389	1771	small fontanelles
MP:0010355	5949	abnormal first pharyngeal arch artery morphology
MP:0001147	2774	small testis
MP:0002899	4793	fatigue
MP:0013754	2905	abnormal ocular surface morphology
MP:0014192	358	increased epididymal cell proliferation
MP:0010540	4108	long stride length
MP:0009014	6859	prolonged proestrus
MP:0009401	1603	increased skeletal muscle fiber diameter
MP:0009793	6741	sebaceous gland hypertrophy
MP:0011487	7114	abnormal ureteropelvic junction morphology
MP:0005068	5947	abnormal NK cell morphology
MP:0013356	408	ectopic pituitary gland
MP:0001725	4792	abnormal umbilical cord morphology
MP:0020160	3070	abnormal behavioral response to nicotine
MP:0008758	4520	abnormal T cell receptor beta chain V(D)J recombination
MP:0003541	4278	vaginal inflammation
MP:0004434	656	abnormal cochlear outer hair cell physiology
MP:0009602	5960	abnormal keratohyalin granule morphology
MP:0009881	1725	macrostomia
MP:0004938	563	dilated vasculature
MP:0013409	3192	increased dendritic epidermal T cell number
MP:0011873	368	enlarged uterine horn
MP:0000614	561	absent salivary gland
MP:0004162	1724	abnormal mammillary body morphology
MP:0005204	124	abnormal canal of Schlemm morphology
MP:0005130	217	decreased follicle stimulating hormone level
MP:0006042	1831	increased apoptosis
MP:0013496	876	abnormal trachea development
MP:0030090	1587	short upper incisors
MP:0009894	5944	absent hard palate
MP:0030933	5448	hyphema
MP:0005646	6343	abnormal pituitary gland physiology
MP:0009580	34	increased keratinocyte apoptosis
MP:0002044	4791	increased colon adenoma incidence
MP:0010122	4206	abnormal bone mineral content
MP:0004630	3100	spiral modiolar artery stenosis
MP:0010308	2534	decreased tumor latency
MP:0004331	1732	vestibular saccular macula degeneration
MP:0008379	2748	absent malleus head
MP:0008287	1879	abnormal subiculum morphology
MP:0004957	7023	abnormal blastocyst morphology
MP:0003017	1193	decreased circulating bicarbonate level
MP:0030883	2850	dislocated radius head
MP:0013371	3599	hypohidrosis
MP:0013894	3675	abnormal behavioral response to amphetamine
MP:0008114	4168	abnormal Kupffer cell morphology
MP:0001777	2066	abnormal body temperature homeostasis
MP:0013214	3674	decreased embryonic neuroepithelium primary cilium number
MP:0020529	2223	ectopic thalamus
MP:0006410	2826	abnormal common myeloid progenitor cell morphology
MP:0011022	371	abnormal circadian regulation of systemic arterial blood pressure
MP:0014065	3437	Lewy bodies
MP:0012546	5293	triangular face
MP:0010998	5248	pulmonary alveolar proteinosis
MP:0006103	1601	abnormal midbrain roof plate morphology
MP:0004131	2711	abnormal motile primary cilium morphology
MP:0011133	898	increased lung endothelial cell migration
MP:0020138	5048	delayed bone mineralization
MP:0030590	5495	abnormal sperm fibrous sheath morphology
MP:0010232	1164	delayed skin pigmentation appearance
MP:0008646	1012	abnormal circulating interleukin-12b level
MP:0000908	581	absent mesencephalic trigeminal nucleus
MP:0013538	4106	increased Harderian gland adenoma incidence
MP:0020813	685	abnormal photoreceptor outer segment disc membrane morphology
MP:0006159	6746	ocular albinism
MP:0008781	26	abnormal B cell apoptosis
MP:0006130	5933	pulmonary valve atresia
MP:0004775	2750	abnormal vestibular dark cell morphology
MP:0009573	80	abnormal right lung middle lobe morphology
MP:0009428	496	decreased tibialis anterior weight
MP:0011997	2468	abnormal retina outer nuclear layer thickness
MP:0008144	2663	nyctalopia
MP:0008363	5926	decreased CD8-positive, gamma-delta intraepithelial T cell number
MP:0020103	4784	decreased hepatic glucose production
MP:0006364	843	absent awl hair
MP:0011617	5420	abnormal habituation
MP:0008170	6323	decreased B-1b cell number
MP:0009322	5925	increased splenocyte apoptosis
MP:0001093	150	small trigeminal ganglion
MP:0004658	5924	abnormal ventral tubercle of atlas morphology
MP:0011202	407	abnormal ectoplacental cavity morphology
MP:0006334	549	abnormal susceptibility to hearing loss
MP:0020546	1693	increased hippocampal fornix size
MP:0012127	1438	absent placenta hemotrichorial membrane
MP:0011615	1743	submucous cleft palate
MP:0002285	114	abnormal tracheal ciliated epithelium morphology
MP:0013697	1001	decreased granulocyte monocyte progenitor cell number
MP:0013835	2049	absent hypoglossal nerve
MP:0009234	4787	absent sperm head
MP:0001014	2498	absent superior cervical ganglion
MP:0009407	2592	increased skeletal muscle fiber density
MP:0012817	973	rhombomere fusion
MP:0002993	717	arthritis
MP:0002336	1865	abnormal pulmonary gas exchange
MP:0001009	3921	paravertebral ganglia hyperplasia
MP:0013789	430	small external nares
MP:0031460	637	abnormal palatal shelf morphology
MP:0008405	6233	decreased cellular sensitivity to methylmethanesulfonate
MP:0008636	6780	decreased circulating interleukin-18 level
MP:0030935	1083	increased primordial germ cell apoptosis
MP:0010596	6441	unicuspid aortic valve
MP:0002546	4781	mydriasis
MP:0020438	6963	decreased papilloma incidence
MP:0012261	969	increased hindbrain apoptosis
MP:0010566	415	abnormal left posterior bundle morphology
MP:0030159	4780	abnormal tensor tympani muscle morphology
MP:0014093	5319	decreased pancreatic primary cilium length
MP:0011231	3895	abnormal vitamin E level
MP:0000959	125	abnormal somatic sensory system morphology
MP:0021216	2197	abnormal palatal mesenchymal cell differentiation
MP:0021002	6321	brain lesion
MP:0004974	4536	decreased regulatory T cell number
MP:0021135	3274	abnormal annulus fibrosus morphology
MP:0014114	6156	abnormal cognition
MP:0008106	3883	decreased amacrine cell number
MP:0004631	4105	abnormal auditory cortex morphology
MP:0000015	5431	abnormal ear pigmentation
MP:0012270	4104	cardiac edema
MP:0012432	72	decreased prostate gland tumor incidence
MP:0003066	4777	increased liver copper level
MP:0002847	4776	abnormal renal glomerular filtration rate
MP:0005140	1477	decreased cardiac muscle contractility
MP:0001037	7051	abnormal parasympathetic neuron morphology
MP:0020836	5911	increased circulating citrulline level
MP:0031014	4775	polyspermy
MP:0000090	1235	absent premaxilla
MP:0006400	700	decreased molar number
MP:0000616	2201	decreased ductal branching in the palatine gland
MP:0008500	1744	increased IgG2a level
MP:0013981	2499	double lumen aortic arch
MP:0013460	4103	periocular dermatitis
MP:0001942	1715	abnormal lung volume
MP:0004248	86	abnormal epaxial muscle morphology
MP:0006001	1714	abnormal intestinal transit time
MP:0005342	4836	abnormal intestinal lipid absorption
MP:0008888	6245	abnormal Cajal body morphology
MP:0012664	5908	decreased circulating haptoglobin level
MP:0004074	6450	abnormal Schwann cell precursor morphology
MP:0011427	4145	increased mesangial cell number
MP:0008535	3442	enlarged lateral ventricles
MP:0004471	5323	short nasal bone
MP:0012175	4774	flat face
MP:0008087	7039	decreased T helper 1 cell number
MP:0009862	5334	abnormal aorta elastic tissue morphology
MP:0009455	6429	enhanced cued conditioning behavior
MP:0008423	2957	decreased lactotroph cell size
MP:0009119	6857	increased brown fat cell size
MP:0010879	143	decreased trabecular bone volume
MP:0011039	1080	abnormal vestibuloocular dark reflex
MP:0010848	4773	decreased central memory CD8 positive, alpha-beta T cell number
MP:0010657	3361	absent pulmonary trunk
MP:0013541	328	abnormal submandibular gland development
MP:0030615	1654	ethylmalonic aciduria
MP:0000497	4102	abnormal small intestine placement
MP:0004465	1149	degeneration of organ of Corti supporting cells
MP:0002915	1033	abnormal synaptic depression
MP:0009108	1928	increased pancreas weight
MP:0011769	6408	urinary bladder fibrosis
MP:0031463	3057	increased palatal shelf size
MP:0009913	635	abnormal hyoid bone greater horn morphology
MP:0020912	4101	abnormal susceptibility to Riboviria infection
MP:0013815	2952	abnormal digastric muscle morphology
MP:0012051	5897	spasticity
MP:0020066	4772	abnormal neocortex size
MP:0006264	589	decreased systemic arterial systolic blood pressure
MP:0031304	5065	impaired behavioral response to methamphetamine
MP:0011295	7003	abnormal tubuloglomerular feedback response
MP:0003828	1673	pulmonary edema
MP:0011556	5896	increased urine beta2-microglobulin level
MP:0010987	5417	abnormal nephrogenic mesenchyme morphogenesis
MP:0013618	6627	decreased areal bone mineral density
MP:0010772	6819	abnormal pollex morphology
MP:0004503	691	decreased incidence of tumors by ionizing radiation induction
MP:0031207	6278	decreased lymphocyte chemotaxis
MP:0004490	2517	type IV spiral ligament fibrocyte degeneration
MP:0004025	1996	polyploidy
MP:0030748	2840	decreased leucine level
MP:0002262	21	abnormal nasal mucosa goblet cell morphology
MP:0001683	2115	absent mesoderm
MP:0009327	4818	abnormal maternal grooming
MP:0008057	5283	abnormal DNA replication
MP:0010836	5895	decreased CD4-positive, alpha-beta memory T cell number
MP:0000114	3359	cleft chin
MP:0000935	6879	abnormal folding of telencephalic vesicles
MP:0011362	2749	ectopic adrenal gland
MP:0020966	5539	decreased platelet dense granule secretion
MP:0000924	2607	absent roof plate
MP:0003752	64	increased oral papilloma incidence
MP:0011540	2571	increased urine aldosterone level
MP:0004920	5706	increased placenta weight
MP:0009247	3987	meteorism
MP:0011828	1960	urinary bladder cyst
MP:0030500	487	conical molar
MP:0006186	2943	retina fibrosis
MP:0003232	2604	abnormal forebrain development
MP:0001000	3307	absent golgi tendon organ
MP:0003114	6722	pigmented parathyroid gland
MP:0005099	3862	abnormal ciliary body morphology
MP:0000530	2220	abnormal kidney blood vessel morphology
MP:0004993	2536	decreased bone resorption
MP:0000621	1501	increased salivary adenocarcinoma incidence
MP:0009335	4032	decreased splenocyte proliferation
MP:0008467	730	absent proprioceptive neurons
MP:0005197	3476	abnormal uvea morphology
MP:0003125	6366	abnormal septation of the cloaca
MP:0008853	5873	decreased abdominal adipose tissue amount
MP:0011822	1772	increased CD8-positive, alpha-beta memory T cell proliferation
MP:0002897	6959	blotchy skin
MP:0003076	6648	increased susceptibility to ischemic brain injury
MP:0008489	2502	slow postnatal weight gain
MP:0011534	123	granular kidney
MP:0013523	890	increased memory-marker CD4-positive NK T cell number
MP:0010792	2205	abnormal stomach mucosa morphology
MP:0010016	5054	variable depigmentation
MP:0009657	459	failure of chorioallantoic fusion
MP:0001973	3655	increased thermal nociceptive threshold
MP:0003182	11	decreased pulmonary endothelial cell surface
MP:0001145	3513	abnormal male reproductive system morphology
MP:0031420	975	decreased superovulation rate
MP:0001337	892	dry eyes
MP:0004747	125	abnormal cochlear OHC afferent innervation pattern
MP:0003866	2061	abnormal defecation
MP:0013908	3396	small lateral ventricles
MP:0020859	5862	disorganized corneal epithelium
MP:0006138	629	congestive heart failure
MP:0009909	3556	bifid tongue
MP:0008274	4770	failure of bone ossification
MP:0010661	2664	ascending aorta aneurysm
MP:0011784	964	abnormal urinary bladder neck morphology
MP:0005264	3293	glomerulosclerosis
MP:0004973	1155	increased regulatory T cell number
MP:0006083	5235	abnormal blood vessel elastic tissue morphology
MP:0004545	4099	enlarged esophagus
MP:0009268	5418	absent cerebellum fissure
MP:0008029	1129	abnormal paraxial mesoderm morphology
MP:0013499	2713	trachea fibrosis
MP:0010068	3801	decreased red blood cell distribution width
MP:0002638	4098	abnormal pupillary reflex
MP:0014105	6132	abnormal chondrocyte differentiation
MP:0004807	4920	abnormal paired-pulse inhibition
MP:0013795	2282	abnormal colon goblet cell morphology
MP:0004080	4883	abnormal nucleus accumbens morphology
MP:0011383	5843	abnormal kidney capsule morphology
MP:0009040	2543	absent superior colliculus
MP:0006034	1016	myoglobinuria
MP:0013412	6039	increased Langerhans cell number
MP:0000596	2975	abnormal liver development
MP:0004614	4763	caudal vertebral transformation
MP:0004729	836	absent efferent ductules of testis
MP:0003196	913	calcified skin
MP:0003691	306	abnormal microglial cell physiology
MP:0013683	2956	decreased early germinal center B cell number
MP:0005166	4419	decreased susceptibility to injury
MP:0001882	1893	abnormal lactation
MP:0012528	1341	abnormal zone of polarizing activity morphology
MP:0030906	71	decreased melanoblast proliferation
MP:0014122	3477	decreased pancreatic islet cell apoptosis
MP:0020476	253	abnormal circardian behavior entrainment
MP:0011365	716	small metanephros
MP:0010576	1056	premature closure of the ductus arteriosus
MP:0013000	6991	absent cerebral aqueduct
MP:0009810	6990	increased urine uric acid level
MP:0013982	382	inverse situs of great intrathoracic arteries
MP:0008463	4846	abnormal peripheral lymph node morphology
MP:0010683	1300	dilated hair follicle infundibulum
MP:0011192	4979	decreased embryonic epiblast cell proliferation
MP:0013533	3555	sublingual gland inflammation
MP:0004365	898	abnormal strial basal cell morphology
MP:0000856	6989	abnormal cerebellar plate morphology
MP:0001324	937	abnormal eye pigmentation
MP:0002888	4367	abnormal NMDA-mediated synaptic currents
MP:0031417	5269	decreased cardiac muscle triglyceride level
MP:0030198	175	nasal septum hypoplasia
MP:0001376	6034	abnormal mating receptivity
MP:0003111	1348	abnormal cell nucleus morphology
MP:0005241	6748	abnormal retina ganglion layer morphology
MP:0012690	942	abnormal stride length
MP:0001866	172	nasal inflammation
MP:0004984	3184	increased osteoclast cell number
MP:0002781	2821	increased circulating testosterone level
MP:0014232	4213	dilated pancreatic acinus
MP:0004862	426	small scala tympani
MP:0002413	604	abnormal megakaryocyte progenitor cell morphology
MP:0010767	4289	abnormal female meiosis I arrest
MP:0031364	2394	increased prostate gland ventral lobe weight
MP:0003841	1683	abnormal lambdoid suture morphology
MP:0000482	2707	long fibula
MP:0013667	1282	increased immature NK cell number
MP:0000879	6453	increased Purkinje cell number
MP:0008539	3298	decreased susceptibility to induced colitis
MP:0009848	1169	increased horizontal stereotypic behavior
MP:0008410	438	increased cellular sensitivity to ultraviolet irradiation
MP:0013497	1079	trachea occlusion
MP:0004237	20	abnormal pterygoid muscle morphology
MP:0009718	6155	absent Purkinje cell layer
MP:0002785	5841	absent Leydig cells
MP:0008623	391	increased circulating interleukin-3 level
MP:0001953	2132	respiratory failure
MP:0001846	1692	increased inflammatory response
MP:0005480	342	increased circulating triiodothyronine level
MP:0031426	1532	increased sperm motility
MP:0030759	1515	decreased circulating histamine level
MP:0020537	2346	decreased subiculum size
MP:0004708	6876	short lumbar vertebrae
MP:0003370	3413	increased circulating estrogen level
MP:0008243	7104	abnormal macrophage derived foam cell morphology
MP:0003049	1472	abnormal lumbar vertebrae morphology
MP:0005631	3009	decreased lung weight
MP:0014026	5840	abnormal respiratory epithelial transmembrane transport
MP:0004821	6420	increased susceptibility to experimental autoimmune uveoretinitis
MP:0030617	1770	hyperglutaminuria
MP:0004717	610	absent cochlear nerve
MP:0030802	3473	abnormal tendon physiology
MP:0003833	675	decreased satellite cell number
MP:0008638	453	increased circulating interleukin-1 alpha level
MP:0008726	6081	enlarged heart left atrium
MP:0000117	2463	absent tooth placode
MP:0000711	6719	thymus cortex hypoplasia
MP:0020213	5869	enhanced leukocyte migration
MP:0002358	6663	abnormal spleen periarteriolar lymphoid sheath morphology
MP:0013751	385	increased cystadenoma incidence
MP:0000549	5888	absent limbs
MP:0003661	5834	abnormal locus ceruleus morphology
MP:0004062	5514	dilated heart right atrium
MP:0003413	6743	hair follicle degeneration
MP:0031101	92	nasal obstruction
MP:0011940	2512	decreased food intake
MP:0011722	3472	abnormal ossification involved in bone maturation
MP:0003529	522	enlarged clitoris
MP:0002048	3634	increased lung adenoma incidence
MP:0020944	4375	decreased susceptibility to Flaviviridae infection
MP:0013430	781	increased memory CD4-positive, CD25-positive, alpha-beta regulatory T cell number
MP:0000602	2500	dilated liver sinusoidal space
MP:0021117	4963	abnormal huddling behavior
MP:0000035	332	abnormal membranous labyrinth morphology
MP:0013958	619	decreased small intestine length
MP:0020187	1448	abnormal susceptibility to prion infection
MP:0004279	817	abnormal rostral migratory stream morphology
MP:0003359	6281	hypaxial muscle hypoplasia
MP:0008432	6031	abnormal long term spatial reference memory
MP:0010072	4739	increased pruritus
MP:0003854	4000	abnormal forelimb stylopod morphology
MP:0013216	4177	absent ectoderm
MP:0013013	1910	abnormal trunk neural crest cell morphology
MP:0020879	4092	abnormal calcium level
MP:0005647	6232	abnormal sex gland physiology
MP:0010139	5480	aortitis
MP:0002982	6264	abnormal primordial germ cell migration
MP:0008575	5219	increased circulating interferon-beta level
MP:0011432	6330	decreased urine flow rate
MP:0030998	657	small pacinian corpuscles
MP:0009110	504	pancreas hyperplasia
MP:0020488	3749	abnormal middle cerebral artery origin
MP:0001544	415	abnormal cardiovascular system physiology
MP:0001021	216	small L4 dorsal root ganglion
MP:0030886	1932	decreased radius size
MP:0001454	4169	abnormal cued conditioning behavior
MP:0011455	6	absent glomerular endothelium fenestra
MP:0001776	676	abnormal circulating sodium level
MP:0005497	1055	optic nerve cupping
MP:0002727	3452	decreased circulating insulin level
MP:0009641	6045	kidney degeneration
MP:0000841	1824	abnormal hindbrain morphology
MP:0000557	1540	absent hindlimb
MP:0002906	4040	increased susceptibility to pharmacologically induced seizures
MP:0004809	1195	increased hematopoietic stem cell number
MP:0001432	4835	abnormal food preference
MP:0021164	644	oral cleft
MP:0011775	1472	rectal atresia
MP:0001230	5807	epidermal desquamation
MP:0002671	402	belted
MP:0009820	4371	abnormal liver vasculature morphology
MP:0006283	2561	increased medulloblastoma incidence
MP:0005346	4941	abnormal circulating aldosterone level
MP:0013638	4354	decreased femur stiffness
MP:0004986	1458	abnormal osteoblast morphology
MP:0000831	3750	diencephalon hyperplasia
MP:0000578	5892	ulcerated paws
MP:0004547	2699	esophageal ulcer
MP:0000642	1324	enlarged adrenal glands
MP:0010380	5526	abnormal inner cell mass apoptosis
MP:0010046	3254	decreased omental fat pad weight
MP:0004603	4178	absent vertebral arch
MP:0009786	4919	decreased susceptibility to infection induced morbidity/mortality
MP:0012510	1237	abnormal aortic sac morphology
MP:0003938	2851	abnormal ear development
MP:0000473	3151	abnormal stomach glandular epithelium morphology
MP:0000155	5806	asymmetric rib joints
MP:0002235	6821	abnormal external nares morphology
MP:0009324	2277	absent hippocampal fimbria
MP:0004714	6587	truncated notochord
MP:0013625	2536	increased femur yield load
MP:0004884	5804	abnormal testis physiology
MP:0008249	4730	abnormal common lymphocyte progenitor cell morphology
MP:0002831	1392	absent Peyer's patches
MP:0012026	229	abnormal S-shaped body morphology
MP:0002058	2385	neonatal lethality
MP:0000181	6073	abnormal circulating LDL cholesterol level
MP:0008044	1410	increased NK cell number
MP:0002277	6098	abnormal respiratory mucosa morphology
MP:0004073	2736	caudal body truncation
MP:0000703	2846	abnormal thymus morphology
MP:0004669	359	enlarged vertebral body
MP:0009839	1342	multiflagellated sperm
MP:0010427	3504	double outlet left ventricle
MP:0001688	820	abnormal somite development
MP:0031238	2445	reactive type II pneumocyte hyperplasia
MP:0030525	5421	abnormal Hertwig epithelial root sheath morphology
MP:0010702	1084	split cervical atlas
MP:0013298	5909	increased susceptibility to colitis induced morbidity/mortality
MP:0011394	2746	increased fetal cardiomyocyte proliferation
MP:0005379	5052	endocrine/exocrine gland phenotype
MP:0003750	2534	increased mouth tumor incidence
MP:0030892	2078	epiglottis hypoplasia
MP:0009703	1190	decreased birth body size
MP:0014181	3449	abnormal respiratory epithelial sodium ion transmembrane transport
MP:0008641	1035	increased circulating interleukin-1 beta level
MP:0001232	1814	absent epidermis stratum basale
MP:0000842	263	absent superior olivary complex
MP:0021170	6455	spinal stenosis
MP:0006072	550	abnormal retina apoptosis
MP:0002657	7046	chondrodystrophy
MP:0013310	28	abnormal adrenal gland development
MP:0008276	6108	failure of intramembranous bone ossification
MP:0000297	4549	abnormal atrioventricular cushion morphology
MP:0030588	1352	decreased pancreatic alpha cell mass
MP:0004508	4729	abnormal pectoral girdle bone morphology
MP:0005202	1916	lethargy
MP:0008528	5701	polycystic kidney
MP:0003502	1277	increased activity of thyroid gland
MP:0030349	5187	absent coronal suture
MP:0011377	5268	renal glomerulus fibrosis
MP:0011264	4735	abnormal cardiac mesenchyme morphology
MP:0030057	2576	absent lacrimal bone
MP:0021001	2158	impaired neuron physiology
MP:0013738	3355	abnormal testis tunica albuginea morphology
MP:0008136	4799	enlarged Peyer's patches
MP:0002654	2792	spongiform encephalopathy
MP:0008775	1143	abnormal heart ventricle pressure
MP:0002923	6935	increased post-tetanic potentiation
MP:0006057	3669	decreased vascular endothelial cell number
MP:0008861	5832	abnormal hair shedding
MP:0001296	5277	macrophthalmia
MP:0010154	1832	abnormal gastroesophageal sphincter physiology
MP:0011396	3403	abnormal sleep behavior
MP:0000274	3465	enlarged heart
MP:0012751	588	impaired cardiac neural crest cell differentiation
MP:0001107	1937	decreased Schwann cell number
MP:0002986	4519	decreased urine calcium level
MP:0011424	6714	decreased urine uric acid level
MP:0005639	767	hemosiderosis
MP:0001377	4086	abnormal mating frequency
MP:0004571	5315	absent vagus nerve
MP:0004199	7025	increased fetal size
MP:0009319	1393	increased small lymphocytic lymphoma incidence
MP:0012435	4568	decreased colon tumor incidence
MP:0012752	588	abnormal cardiac neural crest cell migration
MP:0010028	5919	aciduria
MP:0002792	5753	abnormal retina vasculature morphology
MP:0011698	7097	abnormal brown adipose tissue physiology
MP:0020388	5036	decreased radial glial cell number
MP:0008670	671	decreased interleukin-12b secretion
MP:0002306	3072	abnormal functional residual capacity
MP:0011499	2471	abnormal glomerular capsule space morphology
MP:0011883	2042	absent diaphragm
MP:0013660	4718	abnormal bone marrow hematopoietic cell morphology
MP:0001560	2690	abnormal circulating insulin level
MP:0006310	1507	increased retinoblastoma incidence
MP:0009477	6173	small cecum
MP:0013848	2493	subcutaneous edema
MP:0020333	1259	enhanced leukocyte tethering or rolling
MP:0030435	1699	premature craniofacial suture closure
MP:0011378	534	abnormal kidney outer medulla inner stripe morphology
MP:0001442	5938	decreased grooming behavior
MP:0030173	2792	abnormal orbicularis oculi muscle morphology
MP:0003985	6276	renal fibrosis
MP:0010628	3137	patent tricuspid valve
MP:0010244	2331	decreased kidney copper level
MP:0005232	6549	abnormal mesenteric lymph node morphology
MP:0002715	3664	decreased glycogen catabolism rate
MP:0000607	2365	abnormal hepatocyte morphology
MP:0012206	6635	increased neuronal stem cell self-renewal
MP:0013630	4354	increased bone trabecular spacing
MP:0030623	279	decreased cysteine level
MP:0006228	714	iris atrophy
MP:0002582	6177	disorganized extraembryonic tissue
MP:0004311	554	otic vesicle hypoplasia
MP:0030020	3419	decreased cardiac cell glucose uptake
MP:0020010	1598	decreased bone mineral density of femur
MP:0010401	751	increased skeletal muscle glycogen level
MP:0000433	4340	microcephaly
MP:0013679	5761	increased Ly6C-positive NK T cell number
MP:0030037	1872	prominent nasal bridge
MP:0001081	2422	abnormal cranial ganglia morphology
MP:0005573	6181	increased pulmonary respiratory rate
MP:0006339	246	abnormal third pharyngeal arch morphology
MP:0009206	3812	absent internal male genitalia
MP:0010276	2672	increased intraocular melanoma incidence
MP:0009386	65	abnormal dermal melanocyte morphology
MP:0012182	4712	abnormal presomitic mesoderm morphology
MP:0002218	1840	increased lymph node number
MP:0003090	6954	abnormal muscle precursor cell migration
MP:0013909	3396	small third ventricle
MP:0030926	7045	increased skin pigmentation
MP:0002066	1733	abnormal motor capabilities/coordination/movement
MP:0011947	838	abnormal fluid intake
MP:0011062	144	abnormal outer hair cell kinocilium morphology
MP:0013467	4269	diaphragmitis
MP:0004569	784	glossopharyngeal nerve hypoplasia
MP:0003407	4272	abnormal central nervous system regeneration
MP:0020473	665	abnormal circadian behavior phase
MP:0012516	1684	absent metencephalon
MP:0010930	4385	decreased osteoid thickness
MP:0013146	6759	eye lesions
MP:0013756	2879	increased intestinal phytosterol absorption
MP:0030158	2878	absent stapedius muscle
MP:0011270	2688	decreased excitatory postsynaptic current amplitude
MP:0013581	1831	nasal gland degeneration
MP:0001710	6638	absent amniotic folds
MP:0021103	437	abnormal ventral interneuron 1 morphology
MP:0011166	740	absent molar root
MP:0004384	156	small interparietal bone
MP:0008569	6180	lethality at weaning
MP:0005215	88	abnormal pancreatic islet morphology
MP:0030676	7	increased acetylcholine level
MP:0002065	5981	abnormal fear/anxiety-related behavior
MP:0030688	1662	decreased circulating cystathionine level
MP:0004746	2811	abnormal cochlear IHC afferent innervation pattern
MP:0012761	738	increased cranial neural crest cell apoptosis
MP:0012677	6110	absent brain ventricles
MP:0003016	4711	increased circulating bicarbonate level
MP:0004044	674	aortic dissection
MP:0010788	6445	stomach hypoplasia
MP:0004389	2526	abnormal respiratory bronchiole morphology
MP:0000606	3662	decreased hepatocyte number
MP:0005416	3308	abnormal circulating protein level
MP:0010819	28	primary atelectasis
MP:0008753	4385	abnormal osteocyte morphology
MP:0004316	3867	enlarged vestibular saccule
MP:0030053	2730	increased forehead pigmentation
MP:0011649	692	immotile respiratory cilia
MP:0005102	714	abnormal iris pigmentation
MP:0006397	2467	disorganized long bone epiphyseal plate
MP:0001622	1285	abnormal vasculogenesis
MP:0031278	2237	decreased osteosarcoma incidence
MP:0006265	5791	increased pulse pressure
MP:0011410	59	ectopic testis
MP:0011015	5824	decreased body surface temperature
MP:0008280	1871	abnormal male germ cell apoptosis
MP:0000480	301	increased rib number
MP:0004921	514	decreased placenta weight
MP:0013701	937	abnormal mature B cell number
MP:0000521	3461	abnormal kidney cortex morphology
MP:0013794	1311	abnormal intestinal villus goblet cell morphology
MP:0013329	1748	abnormal preputial gland morphology
MP:0009916	3460	absent hyoid bone greater horns
MP:0009550	1318	increased urinary bladder carcinoma incidence
MP:0011034	1894	impaired branching involved in respiratory bronchiole morphogenesis
MP:0021056	2237	abnormal tumor vascular morphology
MP:0004393	1060	abnormal cochlear inner hair cell morphology
MP:0005155	5787	herniated intestine
MP:0002389	4136	abnormal Peyer's patch follicle morphology
MP:0011697	1424	vacuolated lens
MP:0010561	6800	absent coronary vessels
MP:0009889	5920	persistence of medial edge epithelium during palatal shelf fusion
MP:0013678	261	decreased Ly6C-positive NK T cell number
MP:0001215	34	skin hypoplasia
MP:0009993	307	abnormal cerebellum vermis lobule V morphology
MP:0008831	4079	abnormal insulin-like growth factor I level
MP:0030126	6454	torticollis
MP:0002748	4299	abnormal pulmonary valve morphology
MP:0030825	6433	decreased femur size
MP:0004600	6120	abnormal vertebral transverse process morphology
MP:0000033	6147	absent scala media
MP:0009904	2196	tongue hypoplasia
MP:0010168	5195	increased CD4-positive, CD25-positive, alpha-beta regulatory T cell number
MP:0010450	2093	atrial septal aneurysm
MP:0000507	5023	absent digestive secretion
MP:0011277	861	decreased tail pigmentation
MP:0012286	5658	decreased frequency of paradoxical sleep
MP:0006373	4509	abnormal circulating angiotensinogen level
MP:0002295	5240	abnormal pulmonary circulation
MP:0008817	4834	hematoma
MP:0002770	239	absent bulbourethral gland
MP:0009969	6041	abnormal cerebral cortex pyramidal cell morphology
MP:0005260	5776	ocular hypotension
MP:0010009	3698	abnormal piriform cortex morphology
MP:0009735	3887	abnormal prostate gland development
MP:0004642	6873	fused metatarsal bones
MP:0000452	3291	abnormal mouth morphology
MP:0020468	6996	abnormal circadian behavior period
MP:0009066	2835	decreased oviduct weight
MP:0020332	6839	impaired leukocyte tethering or rolling
MP:0005464	1758	abnormal platelet physiology
MP:0012088	4384	abnormal midbrain size
MP:0009859	5253	eye opacity
MP:0002905	683	decreased circulating parathyroid hormone level
MP:0002631	535	abnormal epididymis morphology
MP:0005180	4078	abnormal circulating testosterone level
MP:0031384	4808	impaired blood-brain barrier function
MP:0011987	4870	abnormal GABAergic neuron physiology
MP:0004629	3598	abnormal spiral modiolar artery morphology
MP:0008011	1077	intestine polyps
MP:0004321	2505	short sternum
MP:0004373	6255	bowed humerus
MP:0004534	6880	decreased inner hair cell stereocilia number
MP:0003346	1891	abnormal pectoral muscle morphology
MP:0030558	4441	absent nasopharynx
MP:0008642	812	decreased circulating interleukin-1 beta level
MP:0011625	3070	cystolithiasis
MP:0014040	6285	increased cellular sensitivity to DNA damaging agents
MP:0001328	5062	disorganized retina layers
MP:0002917	6498	decreased synaptic depression
MP:0006060	4872	increased cerebral infarct size
MP:0012708	6979	delayed rostral neuropore closure
MP:0011416	4901	abnormal testis interstitial tissue morphology
MP:0001982	855	decreased chemically-elicited antinociception
MP:0010644	1192	absent sixth pharyngeal arch
MP:0011915	1902	increased heart left atrium weight
MP:0004856	1785	decreased ovary weight
MP:0030305	2353	small cribriform plate
MP:0000120	2947	malocclusion
MP:0014051	980	abnormal maxillary-premaxillary suture morphology
MP:0011896	1572	increased circulating unsaturated transferrin level
MP:0003808	6079	increased atrioventricular cushion size
MP:0004845	1798	absent vestibuloocular reflex
MP:0001072	5401	abnormal vestibulocochlear nerve morphology
MP:0009438	2647	cricoid and tracheal cartilage fusion
MP:0021094	410	abnormal dorsal interneuron 3 morphology
MP:0013290	67	persistent ultimobranchial bodies
MP:0011867	1121	decreased podocyte motility
MP:0004877	3660	abnormal systemic vascular resistance
MP:0030382	775	absent paranasal sinus
MP:0004435	1404	abnormal cochlear outer hair cell electromotility
MP:0003700	202	abnormal oviduct transport
MP:0009522	6298	submandibular gland hypoplasia
MP:0001106	237	abnormal Schwann cell morphology
MP:0002068	5191	abnormal parental behavior
MP:0030963	4788	abnormal brain ependyma motile cilium location or orientation
MP:0013322	1857	squamous metaplasia of prostate gland
MP:0000925	1166	abnormal floor plate morphology
MP:0005044	4833	sepsis
MP:0008540	1857	abnormal cerebral hemisphere morphology
MP:0012563	6005	increased tumor incidence following infection
MP:0010814	1239	absent alveolar lamellar bodies
MP:0000341	1954	abnormal bile color
MP:0001870	1078	salivary gland inflammation
MP:0005340	651	abnormal susceptibility to atherosclerosis
MP:0012734	1381	abnormal response to radiation
MP:0020011	488	increased bone mineral density of femur
MP:0001116	5413	small gonad
MP:0010544	157	interrupted aorta
MP:0003269	6728	colon polyps
MP:0004194	752	abnormal kidney pelvis morphology
MP:0006098	5369	absent cerebellar lobules
MP:0008443	3696	absent subplate
MP:0012083	236	absent foregut
MP:0000567	2425	truncated digits
MP:0001384	452	abnormal pup retrieval
MP:0003059	1352	decreased insulin secretion
MP:0009488	5905	abnormal pancreatic islet cell apoptosis
MP:0030537	4338	abnormal notochordal process morphology
MP:0011058	1263	abnormal spinal cord motile cilium morphology
MP:0006340	246	abnormal fourth pharyngeal arch morphology
MP:0013154	5505	increased KLRG1+ CD8 alpha-beta T cell number
MP:0010560	4335	intraventricular block
MP:0004033	6961	supernumerary teeth
MP:0004341	837	absent scapula
MP:0005524	3925	abnormal renal plasma flow rate
MP:0001154	202	seminiferous tubule degeneration
MP:0005333	1305	decreased heart rate
MP:0005094	6419	abnormal T cell proliferation
MP:0010589	4716	common truncal valve
MP:0030797	986	joint laxity
MP:0000158	837	absent sternum
MP:0006295	90	absent sclerotome
MP:0004546	4688	esophagus hyperplasia
MP:0008900	5334	abnormal uterine fat pad morphology
MP:0008353	2204	increased mature gamma-delta T cell number
MP:0010172	238	abnormal mammary gland epithelium physiology
MP:0006336	4687	abnormal otoacoustic response
MP:0000561	6133	adactyly
MP:0003270	523	intestinal obstruction
MP:0020950	396	decreased susceptibility to Coronaviridae infection
MP:0010182	5284	decreased susceptibility to weight gain
MP:0009250	5031	abnormal appendicular skeleton morphology
MP:0004460	2293	alisphenoid bone hypoplasia
MP:0030358	269	premature squamoparietal suture closure
MP:0010766	1090	abnormal NK cell physiology
MP:0008954	593	abnormal cellular hemoglobin content
MP:0031138	5743	testicular hemorrhage
MP:0002531	5030	abnormal type I hypersensitivity reaction
MP:0013293	3033	embryonic lethality prior to tooth bud stage
MP:0009643	2265	abnormal urine homeostasis
MP:0008883	1382	abnormal enterocyte proliferation
MP:0006377	2680	abnormal vestibulocollic reflex
MP:0012144	1007	decreased b-wave amplitude
MP:0012495	1297	pharyngeal arch artery stenosis
MP:0005133	2179	increased luteinizing hormone level
MP:0009402	2600	decreased skeletal muscle fiber diameter
MP:0010507	4613	shortened RR interval
MP:0001044	40	abnormal enteric nervous system morphology
MP:0002648	2846	delaminated enamel
MP:0005472	107	abnormal triiodothyronine level
MP:0011232	5027	abnormal vitamin A level
MP:0030442	641	decreased osteoblast apoptosis
MP:0005498	3328	hyporesponsive to tactile stimuli
MP:0010428	2168	abnormal heart right ventricle outflow tract morphology
MP:0003109	1691	short femur
MP:0009113	6903	increased pancreatic beta cell mass
MP:0008485	2198	increased muscle spindle number
MP:0012059	4664	thick diaphragm muscle
MP:0011660	7031	ectopia cordis
MP:0009332	4811	abnormal splenocyte morphology
MP:0004217	7088	salt-sensitive hypertension
MP:0008336	1165	absent gonadotrophs
MP:0014148	2805	lacrimal gland degeneration
MP:0003186	2725	abnormal redox activity
MP:0003203	4961	increased neuron apoptosis
MP:0004801	1339	increased susceptibility to systemic lupus erythematosus
MP:0004458	2011	absent alisphenoid bone
MP:0012102	6598	absent trophectoderm
MP:0020863	6443	abnormal suckling reflex
MP:0010150	3362	abnormal mandibular ramus morphology
MP:0008852	4389	retina neovascularization
MP:0008846	1705	abnormal supraoptic nucleus morphology
MP:0002429	386	abnormal blood cell morphology/development
MP:0001838	1656	defective intracellular transport of class I molecules
MP:0000021	5487	prominent ears
MP:0009370	500	decreased theca cell number
MP:0008676	5932	decreased interleukin-15 secretion
MP:0008565	6710	decreased interferon-beta secretion
MP:0013414	1419	decreased myeloid cell number in bone marrow
MP:0011471	3439	decreased urine creatinine level
MP:0009753	1234	enhanced behavioral response to morphine
MP:0011121	134	decreased primordial ovarian follicle number
MP:0003987	995	small vestibular ganglion
MP:0012524	1050	abnormal lower lip morphology
MP:0005042	87	abnormal level of surface class II molecules
MP:0013288	4294	premature acrosome reaction
MP:0008201	155	absent follicular dendritic cells
MP:0004671	1741	long ribs
MP:0010031	5275	abnormal cranium size
MP:0011318	4411	abnormal right renal artery morphology
MP:0021003	1289	cerebral infarct
MP:0010828	3196	abnormal bronchioalveolar stem cell morphology
MP:0000751	1284	myopathy
MP:0012107	4978	enhanced exercise endurance
MP:0004515	347	abnormal vestibular hair cell stereociliary bundle morphology
MP:0011541	2885	decreased urine aldosterone level
MP:0011404	1479	pyelitis
MP:0031117	963	subdural hemorrhage
MP:0009124	6891	increased brown fat cell lipid droplet size
MP:0031073	6904	decreased circulating type I collagen C-terminal telopeptide level
MP:0003564	5863	abnormal insulin secretion
MP:0008388	5348	hypochromic microcytic anemia
MP:0013207	5218	absent endoderm
MP:0009038	4994	decreased inferior colliculus size
MP:0008316	863	abnormal prevertebral ganglion morphology
MP:0011018	5692	pulmonary hyaline membrane formation
MP:0001488	3449	increased startle reflex
MP:0004633	562	abnormal cochlear IHC efferent innervation pattern
MP:0010732	6432	abnormal node of Ranvier morphology
MP:0008603	6322	decreased circulating interleukin-4 level
MP:0020405	1528	taurinuria
MP:0008757	3805	abnormal T cell receptor gamma chain V-J recombination
MP:0008400	974	abnormal CD4-positive, alpha-beta intraepithelial T cell morphology
MP:0000601	3423	small liver
MP:0030776	170	calcified calcaneal tendon
MP:0030796	54	hip dislocation
MP:0005123	5414	increased circulating growth hormone level
MP:0010105	4579	abnormal sublingual ganglion morphology
MP:0009461	147	skeletal muscle hypertrophy
MP:0001693	1435	failure of primitive streak formation
MP:0008438	1920	abnormal cutaneous collagen fibril morphology
MP:0005665	608	increased circulating noradrenaline level
MP:0011517	6936	hyperoxaluria
MP:0013401	6047	increased endometrial gland number
MP:0001109	1983	absent Schwann cell precursors
MP:0005194	5378	abnormal anterior uvea morphology
MP:0011215	7053	decreased brain copper level
MP:0008554	6624	decreased circulating tumor necrosis factor level
MP:0011332	6390	abnormal kidney outer medulla morphology
MP:0002249	7130	abnormal larynx morphology
MP:0011233	5805	abnormal vitamin A metabolism
MP:0005319	3447	abnormal enzyme/coenzyme level
MP:0009271	2469	increased guard hair length
MP:0020040	1372	decreased bone ossification
MP:0011702	4066	abnormal fibroblast proliferation
MP:0013022	5980	increased Ly6C high monocyte number
MP:0008056	3175	abnormal retina ganglion cell morphology
MP:0009613	2295	thin epidermis suprabasal layer
MP:0006294	2726	absent optic vesicle
MP:0013609	4869	abnormal ovarian medulla morphology
MP:0030947	6299	increased myoblast proliferation
MP:0002271	4317	abnormal pulmonary alveolar duct morphology
MP:0001619	4857	abnormal vascular permeability
MP:0005377	3236	hearing/vestibular/ear phenotype
MP:0008763	3653	abnormal mast cell degranulation
MP:0000938	1103	motor neuron degeneration
MP:0009054	1340	absent anal canal
MP:0011514	983	skin hemorrhage
MP:0005165	3445	increased susceptibility to injury
MP:0008059	640	abnormal podocyte foot process morphology
MP:0013185	4934	absent anterior definitive endoderm
MP:0003690	2584	abnormal glial cell physiology
MP:0005362	2798	abnormal Langerhans cell physiology
MP:0003641	262	small lung
MP:0031425	5995	enhanced male fertility
MP:0030385	6388	absent facial bone
MP:0009861	1118	abnormal pyloric sphincter morphology
MP:0004710	2184	small notochord
MP:0011551	1936	variegated eye pigmentation pattern
MP:0004707	2706	enlarged lumbar vertebrae
MP:0020439	7113	absent b-wave
MP:0012078	335	abnormal tail ring morphology
MP:0004859	4967	abnormal synaptic plasticity
MP:0020520	4830	whitened brown adipose tissue morphology
MP:0009958	3618	absent cerebellar granule cells
MP:0010322	139	increased cutaneous melanoma incidence
MP:0010713	6631	corneal-lenticular stalk
MP:0008660	2966	increased interleukin-10 secretion
MP:0003798	6282	abnormal Harderian gland pigmentation
MP:0030033	1285	abnormal nasal bridge morphology
MP:0013987	878	absent intrahepatic inferior vena cava segment
MP:0014103	4752	increased chondrocyte apoptosis
MP:0030051	1255	increased foot pigmentation
MP:0000472	6037	abnormal stomach non-glandular epithelium morphology
MP:0013999	597	absent parasellar internal carotid artery
MP:0009305	2291	decreased retroperitoneal fat pad weight
MP:0030001	505	subglottis stenosis
MP:0002840	1909	abnormal lens fiber morphology
MP:0004620	3046	cervical vertebral fusion
MP:0031025	1209	decreased susceptibility to Herpesvirales infection induced morbidity/mortality
MP:0012502	938	decreased hindbrain apoptosis
MP:0006193	2677	conjunctival telangiectasia
MP:0005301	1202	abnormal corneal endothelium morphology
MP:0011262	5032	abnormal pharyngeal arch mesenchyme morphology
MP:0003965	5178	abnormal pituitary hormone level
MP:0002919	3364	enhanced paired-pulse facilitation
MP:0009346	3441	decreased trabecular bone thickness
MP:0010677	5089	decreased activation-induced cell death of T cells
MP:0010492	2096	abnormal atrium endocardium morphology
MP:0002026	409	increased leukemia incidence
MP:0005507	4063	tail dragging
MP:0030406	1240	absent stapes obturator foramen
MP:0002960	3439	decreased urine microalbumin level
MP:0004851	2212	increased testis weight
MP:0030973	3651	impaired gluconeogenesis
MP:0003930	5174	abnormal tooth hard tissue morphology
MP:0006315	4315	abnormal urine protein level
MP:0003069	346	abnormal superior semicircular canal morphology
MP:0010738	3804	abnormal internode morphology
MP:0000875	739	abnormal cerebellar Purkinje cell layer
MP:0009280	5173	decreased activated sperm motility
MP:0003562	1224	abnormal pancreatic beta cell physiology
MP:0010073	4327	decreased pruritus
MP:0006392	5838	abnormal nucleus pulposus morphology
MP:0005489	6252	vascular smooth muscle hyperplasia
MP:0009081	5172	thin uterus
MP:0004200	2809	decreased fetal size
MP:0020548	9	decreased optic chiasm size
MP:0011637	4293	abnormal mitochondrial matrix morphology
MP:0004742	1442	abnormal vestibular system physiology
MP:0011451	6331	increased susceptibility to dopaminergic neuron neurotoxicity
MP:0009094	368	abnormal endometrial gland morphology
MP:0030241	4754	absent optic pit
MP:0003119	4630	abnormal digestive system development
MP:0011088	843	neonatal lethality, incomplete penetrance
MP:0008210	1133	increased mature B cell number
MP:0011259	6367	abnormal cephalic neural fold morphology
MP:0013952	7009	retro-esophageal left subclavian artery
MP:0010203	2332	focal ventral hair loss
MP:0010740	1784	abnormal dendritic cell chemotaxis
MP:0002987	4647	abnormal urine osmolality
MP:0030841	143	abnormal transverse acetabular ligament morphology
MP:0008430	460	short temporal bone squamous part
MP:0011886	6701	increased circulating lipase level
MP:0030698	5731	decreased phenylalanine level
MP:0020513	5303	abnormal dendritic stubby spine morphology
MP:0013026	3796	decreased Ly6C low monocyte number
MP:0030757	1621	abnormal circulating histamine level
MP:0008468	3307	absent muscle spindles
MP:0021186	4807	decreased bone mineral density of vertebrae
MP:0013977	1275	symmetric azygos veins
MP:0013911	4440	fused vestibular saccule and utricle
MP:0001575	6441	cyanosis
MP:0001884	6476	mammary gland alveolar hyperplasia
MP:0001726	364	abnormal allantois morphology
MP:0013899	1644	abnormal seminal vesicle epithelium morphology
MP:0004731	201	increased circulating gastrin level
MP:0009177	1667	decreased pancreatic alpha cell number
MP:0010390	413	increased adrenocortical adenoma incidence
MP:0005468	1173	abnormal thyroid hormone level
MP:0008822	4292	decreased blood uric acid level
MP:0004353	6251	abnormal deltoid tuberosity morphology
MP:0030067	5294	narrow face
MP:0008916	3437	abnormal astrocyte physiology
MP:0013591	3435	thymus medulla hyperplasia
MP:0000139	1243	absent vertebral transverse processes
MP:0000121	4071	failure of tooth eruption
MP:0003404	5385	absent enamel
MP:0020954	4067	decreased mechanical nociceptive threshold
MP:0008857	1963	myelencephalic blebs
MP:0014028	3478	decreased respiratory epithelial chloride transmembrane transport
MP:0008510	6833	absent retina ganglion layer
MP:0010771	1716	integument phenotype
MP:0001293	3713	anophthalmia
MP:0010586	7116	absent conotruncal ridges
MP:0003387	6566	aorta coarctation
MP:0003108	6226	short zygomatic bone
MP:0010493	6384	abnormal atrium myocardium morphology
MP:0030658	839	increased glycine level
MP:0001143	5780	constricted vagina orifice
MP:0003887	71	increased hepatocyte apoptosis
MP:0013275	2973	abnormal xenobiotic metabolism
MP:0012300	4443	abnormal umbilical cord blood vessel morphology
MP:0011982	4365	decreased microglial cell number
MP:0010707	1250	decreased ventral retina size
MP:0002276	6020	abnormal lung interstitium morphology
MP:0008509	5327	disorganized retina ganglion layer
MP:0009117	6203	abnormal white fat cell morphology
MP:0008885	524	increased enterocyte apoptosis
MP:0012514	5663	pectus excavatum
MP:0001852	1636	conjunctivitis
MP:0002400	6302	abnormal multipotent stem cell morphology
MP:0004189	1616	abnormal alveolar process morphology
MP:0000868	2674	decreased anterior vermis size
MP:0001306	2527	small lens
MP:0011902	4642	increased hematopoietic stem cell proliferation
MP:0005438	962	abnormal glycogen homeostasis
MP:0009540	2531	absent Hassall's corpuscle
MP:0003961	4448	decreased lean body mass
MP:0010758	6540	increased right ventricle systolic pressure
MP:0008523	2009	absent lymph node germinal center
MP:0014173	6335	increased fatty acid beta-oxidation
MP:0020949	406	increased susceptibility to Coronaviridae infection
MP:0008140	1625	podocyte foot process effacement
MP:0009667	2492	abnormal embryo invasion
MP:0008190	1265	decreased transitional stage B cell number
MP:0020174	4059	abnormal IgG level
MP:0002346	1881	abnormal lymph node secondary follicle morphology
MP:0011492	186	ureterovesical junction obstruction
MP:0004817	3861	abnormal skeletal muscle mass
MP:0030338	3735	dilated third pharyngeal arch artery
MP:0004554	2540	small pharynx
MP:0000296	5951	absent trabeculae carneae
MP:0013842	932	ductus venosus stenosis
MP:0012145	2148	increased a-wave amplitude
MP:0020474	443	advanced circadian behavior phase
MP:0000837	779	abnormal hypothalamus morphology
MP:0013745	5910	abnormal eyelid margin morphology
MP:0002724	324	enhanced wound healing
MP:0006049	4819	semilunar valve regurgitation
MP:0005402	3421	abnormal action potential
MP:0009379	5285	abnormal foot pigmentation
MP:0012436	854	increased colon tumor incidence
MP:0030661	6142	increased circulating arginine level
MP:0002908	1222	delayed wound healing
MP:0001656	1588	focal hepatic necrosis
MP:0008181	2071	increased marginal zone B cell number
MP:0012306	5228	enhanced spatial learning
MP:0004725	423	decreased platelet serotonin level
MP:0003438	6747	abnormal carotid body physiology
MP:0009212	2318	vulva atrophy
MP:0004090	2593	abnormal sarcomere morphology
MP:0003797	641	abnormal compact bone morphology
MP:0004504	5907	decreased incidence of tumors by UV induction
MP:0008587	3511	short photoreceptor outer segment
MP:0005330	704	cardiomyopathy
MP:0004656	6570	absent sacral vertebrae
MP:0005633	3426	increased circulating sodium level
MP:0012124	3676	increased bronchoconstrictive response
MP:0008173	6846	increased follicular B cell number
MP:0009404	1357	centrally nucleated skeletal muscle fibers
MP:0009571	1110	abnormal right lung accessory lobe morphology
MP:0008381	2829	absent gonial bone
MP:0005279	485	narcolepsy
MP:0031444	314	glossoptosis
MP:0005190	6779	osteomyelitis
MP:0012176	149	abnormal head development
MP:0003900	4305	shortened QT interval
MP:0031383	5992	increased secondary ovarian follicle number
MP:0008860	749	abnormal hair cycle telogen phase
MP:0000282	82	abnormal interatrial septum morphology
MP:0004223	1032	hypoplastic trabecular meshwork
MP:0002043	4630	increased colon hamartoma incidence
MP:0002223	3650	lymphoid hypoplasia
MP:0030400	6317	abnormal stapes annular ligament morphology
MP:0013421	248	increased CD5-positive gamma-delta T cell number
MP:0004919	116	abnormal positive T cell selection
MP:0020194	2227	abnormal glycosphingolipid level
MP:0010651	3423	aorticopulmonary septal defect
MP:0020914	381	decreased susceptibility to Riboviria infection
MP:0010082	495	sternebra fusion
MP:0010204	513	abnormal astrocyte apoptosis
MP:0011606	939	decreased glucokinase activity
MP:0012329	6072	increased circulating factor VIII level
MP:0010021	4900	heart vascular congestion
MP:0009940	1213	abnormal hippocampus pyramidal cell morphology
MP:0001485	7128	abnormal pinna reflex
MP:0013399	465	endometrium fibrosis
MP:0009903	3433	abnormal medial nasal prominence morphology
MP:0010568	6301	abnormal bulbus cordis morphology
MP:0001394	353	circling
MP:0000900	1661	decreased colliculi size
MP:0030153	4481	dental pulp inflammation
MP:0005185	1037	decreased circulating progesterone level
MP:0002599	1706	increased mean platelet volume
MP:0003670	5695	dilated renal glomerular capsule
MP:0001100	142	abnormal vagus ganglion morphology
MP:0001743	2393	absent circulating noradrenaline
MP:0006317	2571	decreased urine sodium level
MP:0004264	4050	abnormal extraembryonic tissue physiology
MP:0003145	3330	detached otolithic membrane
MP:0005326	1464	abnormal podocyte morphology
MP:0008496	2357	decreased IgG2a level
MP:0030261	6793	abnormal temporal bone zygomatic process morphology
MP:0011165	758	abnormal tooth root development
MP:0012355	6995	decreased prothrombin time
MP:0005536	1722	decreased Leydig cell number
MP:0002491	6425	decreased IgD level
MP:0008444	6834	retina cone cell degeneration
MP:0031382	5166	absent secondary ovarian follicles
MP:0002962	5883	increased urine protein level
MP:0008959	4359	abnormal spongiotrophoblast cell morphology
MP:0030022	6620	decreased muscle cell glucose uptake
MP:0020184	2495	abnormal susceptibility to parasitic infection
MP:0012058	380	abnormal morula morphology
MP:0001120	1346	abnormal uterus morphology
MP:0004425	95	abnormal otolith organ morphology
MP:0008913	1046	weaving
MP:0011112	3625	lethality during fetal growth through weaning, incomplete penetrance
MP:0011506	2662	glomerular crescent
MP:0000493	51	rectal prolapse
MP:0003979	5154	increased circulating carnitine level
MP:0004719	5550	absent vestibular nerve
MP:0008455	6703	abnormal retina rod cell inner segment morphology
MP:0001819	6418	abnormal immune cell physiology
MP:0004277	4441	abnormal lateral ganglionic eminence morphology
MP:0011003	6551	reduced AMPA-mediated synaptic currents
MP:0002583	5816	absent extraembryonic ectoderm
MP:0013341	2182	abnormal folliculo-stellate cell morphology
MP:0012449	1171	increased primary motor cortex size
MP:0002416	1261	abnormal proerythroblast morphology
MP:0013296	854	abnormal susceptibility to induced colitis
MP:0011664	2866	persistent truncus arteriosus type iv
MP:0011559	1770	increased urine insulin level
MP:0004617	429	sacral vertebral transformation
MP:0011543	6346	increased urine antidiuretic hormone level
MP:0010933	143	decreased trabecular bone connectivity density
MP:0004352	561	absent humerus
MP:0008040	866	decreased NK T cell number
MP:0004885	506	abnormal endolymph
MP:0005274	2322	abnormal viscerocranium morphology
MP:0020367	6629	increased heart iron level
MP:0020938	6168	decreased susceptibility to Picornaviridae infection
MP:0001577	793	anemia
MP:0031168	3790	abnormal brain thrombosis
MP:0003396	5204	abnormal embryonic hematopoiesis
MP:0003819	5499	increased left ventricle diastolic pressure
MP:0013313	3926	female preputial gland hypoplasia
MP:0013573	6205	abnormal parathyroid gland development
MP:0011727	5430	ectopic ovary
MP:0008448	746	abnormal retina cone cell inner segment morphology
MP:0005013	5065	increased lymphocyte cell number
MP:0000376	5759	folliculitis
MP:0013646	3346	decreased energy dissipated prior to femur fracture
MP:0009160	5755	abnormal pancreatic acinar cell zymogen granule morphology
MP:0013183	4623	absent trigeminal ganglion
MP:0008461	867	left atrial isomerism
MP:0010348	6750	increased pancreatic islet cell carcinoma incidence
MP:0004677	5203	truncated ribs
MP:0020389	4921	increased radial glial cell number
MP:0009548	4622	abnormal platelet aggregation
MP:0002837	5066	dystrophic cardiac calcinosis
MP:0011986	4621	decreased macrophage proliferation
MP:0009341	3792	decreased splenocyte apoptosis
MP:0010482	1821	abnormal aortic sinus morphology
MP:0010151	3103	abnormal spinal cord ependymal layer morphology
MP:0013160	900	impaired muscle regeneration
MP:0013438	4972	dysmyelination
MP:0012218	4277	decreased brain plasmalogen level
MP:0011227	5646	abnormal vitamin B12 level
MP:0001889	4363	delayed brain development
MP:0001961	858	abnormal reflex
MP:0030444	7037	premature cranial synchondrosis closure
MP:0010338	1713	increased desmoid tumor incidence
MP:0003152	19	abnormal pillar cell differentiation
MP:0020358	5367	abnormal inhibitory synapse morphology
MP:0011004	3143	abnormal epidermal stem cell morphology
MP:0003367	2535	increased circulating glucocorticoid level
MP:0002819	431	abnormal dental pulp cavity morphology
MP:0011225	887	lymph node medullary cord hyperplasia
MP:0030539	1199	abnormal head paraxial mesoderm morphology
MP:0011109	1178	lethality throughout fetal growth and development, incomplete penetrance
MP:0008804	4334	abnormal circulating amylase level
MP:0020862	1424	increased cornea fragility
MP:0030236	2176	abnormal mental foramen morphology
MP:0011064	6365	abnormal vestibular hair cell kinocilium morphology
MP:0031423	1548	abnormal luteolysis
MP:0004518	287	absent vestibular hair cell stereocilia
MP:0002705	198	dilated renal tubule
MP:0014176	6190	abnormal cilary zonule morphology
MP:0001247	7057	dermal cyst
MP:0005463	1546	abnormal CD4-positive, alpha-beta T cell physiology
MP:0012118	1105	absent trophectoderm cell proliferation
MP:0002108	1488	abnormal muscle morphology
MP:0000958	2096	peripheral nervous system degeneration
MP:0020989	3904	increased urine lipocalin 2 level
MP:0000088	6792	short mandible
MP:0011139	4831	increased lung endothelial cell proliferation
MP:0004229	5525	abnormal embryonic erythropoiesis
MP:0031206	4567	hypolipidemia
MP:0000389	2813	disorganized outer root sheath cells
MP:0005284	6130	increased saturated fatty acids level
MP:0031210	5860	small cauda epididymis
MP:0011030	6364	impaired branching involved in preterminal bronchiole morphogenesis
MP:0001105	6489	abnormal PNS glial cell morphology
MP:0020403	198	lysinuria
MP:0004035	4285	abnormal sublingual gland morphology
MP:0010973	1211	increased periosteum thickness
MP:0001570	790	abnormal circulating enzyme level
MP:0002811	6038	macrocytic anemia
MP:0012342	5375	high preference for an addictive substance
MP:0011433	5946	glomerular capillary congestion
MP:0013624	4175	decreased femur compact bone thickness
MP:0005491	924	pancreatic islet hyperplasia
MP:0014062	1099	nervous system inclusion bodies
MP:0010641	2939	descending aorta stenosis
MP:0010114	4727	abnormal coccyx morphology
MP:0031124	6220	aortic valve inflammation
MP:0008279	3828	arrest of spermiogenesis
MP:0000827	1854	dilated third ventricle
MP:0030316	5763	enlarged neurocranium
MP:0009201	3957	external male genitalia atrophy
MP:0005653	728	phototoxicity
MP:0004991	1012	decreased bone strength
MP:0004402	6519	decreased cochlear outer hair cell number
MP:0012714	820	decreased ventral ectodermal ridge size
MP:0003169	13	abnormal scala media morphology
MP:0011060	4786	abnormal kinocilium morphology
MP:0004337	5397	clavicle hypoplasia
MP:0004347	5799	abnormal scapular spine morphology
MP:0010469	6214	ascending aorta hypoplasia
MP:0003548	98	pulmonary hypertension
MP:0030827	6506	femur fracture
MP:0004948	2446	abnormal neuronal precursor proliferation
MP:0004207	1745	increased squamous cell carcinoma incidence
MP:0001023	1609	L5 dorsal root ganglion hypertrophy
MP:0005153	4944	abnormal B cell proliferation
MP:0008790	1291	abnormal NK cell degranulation
MP:0008112	6119	abnormal monocyte differentiation
MP:0030857	2809	absent olecranon
MP:0002184	2223	abnormal innervation
MP:0009796	6227	abnormal base-excision repair
MP:0005036	777	diarrhea
MP:0020937	6877	increased susceptibility to Picornaviridae infection
MP:0013586	2269	thymus medulla atrophy
MP:0012675	4043	enlarged floor plate
MP:0008991	5811	abnormal bile canaliculus morphology
MP:0004530	4843	absent outer hair cell stereocilia
MP:0009944	2501	abnormal olfactory lobe morphology
MP:0013433	318	increased KLRG1-positive CD4-positive, CD25-positive, alpha-beta regulatory T cell number
MP:0011007	1707	abnormal epidermal stem cell apoptosis
MP:0010398	2466	decreased liver glycogen level
MP:0010480	1301	pulmonary arteriovenous malformation
MP:0003792	204	abnormal major salivary gland morphology
MP:0030727	745	increased circulating valine level
MP:0003008	3830	enhanced long term potentiation
MP:0009728	4973	abnormal calcaneum morphology
MP:0010813	5460	abnormal alveolar lamellar body morphology
MP:0012186	458	abnormal muscle precursor cell physiology
MP:0030595	3405	increased brain manganese level
MP:0013941	1670	abnormal enthesis morphology
MP:0003817	6559	abnormal pituitary diverticulum morphology
MP:0005671	1387	abnormal response to transplant
MP:0010045	1893	increased omental fat pad weight
MP:0010452	3319	retina microaneurysm
MP:0000525	2087	renal tubular acidosis
MP:0000107	1441	abnormal frontal bone morphology
MP:0008328	5650	increased somatotroph cell number
MP:0013117	1467	focal hair loss in thorax region
MP:0000738	3269	impaired muscle contractility
MP:0000484	6753	abnormal pulmonary artery morphology
MP:0005430	814	absent fibula
MP:0003236	6469	abnormal lens capsule morphology
MP:0006241	1678	abnormal placement of pupils
MP:0020415	1642	abnormal fibroblast chemotaxis
MP:0002963	6672	decreased urine protein level
MP:0008401	5901	abnormal CD8 positive, alpha-beta intraepithelial T cell morphology
MP:0004160	1965	retroesophageal right subclavian artery
MP:0005366	2110	variegated coat color
MP:0004102	4595	abnormal dorsal striatum morphology
MP:0006282	1069	abnormal spinal cord dorsal horn morphology
MP:0020762	4040	abnormal dorsal subiculum morphology
MP:0013711	2505	abnormal inguinal mammary gland morphology
MP:0010816	4039	decreased type I pneumocyte number
MP:0020204	1363	abnormal heart left ventricle weight
MP:0002916	3734	increased synaptic depression
MP:0004514	4795	dystocia
MP:0030110	76	incudomalleolar fusion
MP:0009473	2751	abnormal skin exfoliation
MP:0009676	4038	abnormal hemostasis
MP:0012167	6259	abnormal epigenetic regulation of gene expression
MP:0013577	584	forestomach hypoplasia
MP:0010744	2379	abnormal cervical flexure morphology
MP:0010583	393	abnormal conotruncus morphology
MP:0000609	1803	abnormal liver physiology
MP:0009289	2996	decreased epididymal fat pad weight
MP:0010125	534	abnormal parvocellular neurosecretory cell morphology
MP:0012368	1971	increased erythrocyte magnesium level
MP:0020812	1972	long photoreceptor outer segment
MP:0005621	1911	abnormal cell physiology
MP:0001925	3243	male infertility
MP:0031116	45	microvesicular hepatic steatosis
MP:0006263	6243	decreased systemic arterial diastolic blood pressure
MP:0003124	1332	hypospadia
MP:0008841	4036	ruptured lens capsule
MP:0031147	232	abnormal ventricular thrombosis
MP:0004420	58	parietal bone hypoplasia
MP:0002052	2730	decreased tumor incidence
MP:0008654	789	increased interleukin-1 alpha secretion
MP:0012043	1745	increased myoepithelioma incidence
MP:0012762	6689	abnormal alpha-beta T cell morphology
MP:0005561	2337	increased mean corpuscular hemoglobin
MP:0030058	5511	erythrodontia
MP:0003917	191	increased kidney weight
MP:0012114	1105	absent inner cell mass proliferation
MP:0000531	294	right pulmonary isomerism
MP:0011476	1978	abnormal urine nucleotide level
MP:0003007	2656	ectopic thymus
MP:0008174	2405	decreased follicular B cell number
MP:0006414	5823	decreased T cell apoptosis
MP:0001633	2857	poor circulation
MP:0009170	2193	abnormal pancreatic islet size
MP:0011689	2548	absent neutrophils
MP:0012686	5308	everted embryonic neuroepithelium
MP:0010391	3751	increased rhabdomyoma incidence
MP:0003082	5520	abnormal gastrocnemius morphology
MP:0021018	6687	decreased dendritic spine number
MP:0011150	4006	abnormal hippocampus stratum oriens morphology
MP:0010512	575	absent PR interval
MP:0009712	1563	impaired conditioned place preference behavior
MP:0020406	7059	hyperthreoninuria
MP:0012668	3046	absent sternal manubrium
MP:0006423	6646	dilated rete testis
MP:0000633	4445	abnormal pituitary gland morphology
MP:0013145	2114	eye discharge
MP:0009537	3518	interstitial cells of Cajal hyperplasia
MP:0030549	3260	abnormal cementocyte lacunocanalicular system morphology
MP:0002442	6333	abnormal leukocyte physiology
MP:0003099	4936	retina detachment
MP:0000044	6604	absent organ of Corti
MP:0031021	266	abnormal gallbladder smooth muscle morphology
MP:0021045	1560	decreased circulating VLDL phospholipid level
MP:0001742	1807	absent circulating adrenaline
MP:0004769	555	abnormal synaptic vesicle morphology
MP:0003511	3722	abnormal labium morphology
MP:0002761	1682	abnormal hippocampal mossy fiber morphology
MP:0030691	596	increased serine level
MP:0001663	810	abnormal digestive system physiology
MP:0009006	158	prolonged estrous cycle
MP:0009262	2851	absent semicircular canal ampulla
MP:0020329	7105	decreased capillary density
MP:0002190	953	disorganized myocardium
MP:0010281	4511	increased nervous system tumor incidence
MP:0008823	5138	abnormal interventricular septum membranous part morphology
MP:0003974	5478	abnormal endocardium morphology
MP:0013569	1834	gastric gland hyperplasia
MP:0030262	5028	frontal bossing
MP:0004069	425	abnormal muscle spindle morphology
MP:0000680	200	absent parathyroid glands
MP:0031357	2417	enlarged prostate gland ventral lobe
MP:0012481	2232	increased habenula size
MP:0006012	426	dilated endolymphatic duct
MP:0011249	3238	abdominal situs inversus
MP:0005404	1814	abnormal axon morphology
MP:0010332	4745	abnormal circulating apolipoprotein level
MP:0002406	4591	increased susceptibility to infection
MP:0009701	6241	abnormal birth body size
MP:0001385	6295	pup cannibalization
MP:0009485	6591	distended ileum
MP:0009871	5137	abnormal aorta tunica adventitia morphology
MP:0001330	1268	abnormal optic nerve morphology
MP:0012034	920	abnormal a-wave shape
MP:0008047	4536	absent uterine NK cells
MP:0010737	577	abnormal juxtaparanode morphology
MP:0004296	587	abnormal type IV spiral ligament fibrocytes
MP:0001747	664	hypersecretion of adrenocorticotropin
MP:0006090	6878	abnormal utricle morphology
MP:0008819	1740	abnormal mastication
MP:0001473	3413	reduced long term potentiation
MP:0000351	4190	increased cell proliferation
MP:0006188	3463	calcified retina
MP:0011278	1249	increased ear pigmentation
MP:0004414	7024	decreased cochlear microphonics
MP:0001142	5492	abnormal vagina orifice morphology
MP:0009020	4196	prolonged metestrus
MP:0006059	4741	decreased susceptibility to ischemic brain injury
MP:0003106	6960	abnormal fear-related response
MP:0010234	568	abnormal vibrissa follicle morphology
MP:0005321	7022	abnormal neopterin level
MP:0000416	505	sparse hair
MP:0030965	5974	increased brain ependyma motile cilium length
MP:0020140	3411	increased brain external capsule size
MP:0003110	931	absent malleus processus brevis
MP:0013250	1245	abnormal dental pulp morphology
MP:0010600	275	enlarged pulmonary valve
MP:0011844	1539	kidney collecting duct atrophy
MP:0011482	1074	posterior iris synechia
MP:0005110	1898	absent talus
MP:0002922	6495	decreased post-tetanic potentiation
MP:0000421	5025	mottled coat
MP:0002116	2436	abnormal craniofacial bone morphology
MP:0010940	2796	abnormal maxillary prominence morphology
MP:0010169	4208	decreased CD4-positive, CD25-positive, alpha-beta regulatory T cell number
MP:0002606	1538	increased basophil cell number
MP:0009715	223	thick epidermis stratum basale
MP:0008196	3492	abnormal follicular dendritic cell morphology
MP:0002399	4589	abnormal pluripotent precursor cell morphology
MP:0009489	3644	abnormal blood vessel endothelium morphology
MP:0009171	6751	enlarged pancreatic islets
MP:0004905	2835	decreased uterus weight
MP:0010844	6515	increased effector memory CD4-positive, alpha-beta T cell number
MP:0001771	2231	abnormal circulating magnesium level
MP:0010854	6525	lung situs inversus
MP:0030775	3500	abnormal calcaneal tendon morphology
MP:0004525	4159	thin cochlear hair cell stereocilia
MP:0009858	6508	abnormal cellular extravasation
MP:0003484	1015	abnormal channel response
MP:0030288	3402	broad occipital bone
MP:0008268	1148	absent hippocampus CA3 region
MP:0000880	773	decreased Purkinje cell number
MP:0001313	6013	increased incidence of corneal inflammation
MP:0020067	4428	increased neocortex size
MP:0004709	934	cervical vertebrae degeneration
MP:0005592	266	abnormal vascular smooth muscle morphology
MP:0010333	790	abnormal circulating apolipoprotein E level
MP:0009338	4748	increased splenocyte number
MP:0020090	4861	decreased susceptibility to diet-induced non-insulin dependent diabetes
MP:0011485	3926	abnormal urethra urothelium morphology
MP:0003773	6014	eclabion
MP:0010736	6176	abnormal extraembryonic ectoderm morphology
MP:0001190	921	reddish skin
MP:0020134	1322	abnormal gallbladder size
MP:0002566	1941	abnormal sexual interaction
MP:0009539	2986	abnormal Hassall's corpuscle morphology
MP:0011767	3814	ureterocele
MP:0013858	5904	abnormal azygos vein topology
MP:0030223	5839	mandibular hyperostosis
MP:0012326	181	increased circulating antithrombin level
MP:0004401	1013	increased cochlear outer hair cell number
MP:0000498	3851	absent jejunum
MP:0030574	6875	increased hair follicle cell proliferation
MP:0002419	3827	abnormal innate immunity
MP:0013943	1638	abnormal ureter topology
MP:0013820	422	absent optic cup
MP:0003964	1827	abnormal noradrenaline level
MP:0003990	127	decreased neurotransmitter release
MP:0004492	3	abnormal orientation of inner hair cell stereociliary bundles
MP:0003895	6056	increased ectoderm apoptosis
MP:0009897	1520	decreased maxillary shelf size
MP:0009578	3438	otocephaly
MP:0010610	2810	patent aortic valve
MP:0002211	226	abnormal primary sex determination
MP:0010440	878	anomalous pulmonary venous connection
MP:0005039	6784	hypoxia
MP:0004256	1398	abnormal maternal decidual layer morphology
MP:0031436	4300	decreased copulatory plug deposition
MP:0009825	6283	cornea ulcer
MP:0009394	6475	increased uterine NK cell number
MP:0011113	2557	abnormal airway basal cell morphology
MP:0002286	2215	cryptorchism
MP:0005034	4703	abnormal anus morphology
MP:0003723	2176	abnormal long bone morphology
MP:0009193	1643	abnormal pancreatic epsilon cell differentiation
MP:0000676	6329	abnormal body water content
MP:0004115	7115	abnormal sinoatrial node morphology
MP:0004114	6765	abnormal atrioventricular node morphology
MP:0009575	6207	abnormal pubic symphysis morphology
MP:0003504	389	thyroid gland inflammation
MP:0004186	1720	abnormal area postrema morphology
MP:0008561	1185	decreased tumor necrosis factor secretion
MP:0006123	4107	tricuspid valve atresia
MP:0030018	6236	increased cardiac cell glucose uptake
MP:0002216	3529	abnormal seminiferous tubule morphology
MP:0004448	6537	abnormal presphenoid bone morphology
MP:0010457	1043	pulmonary artery stenosis
MP:0005434	2202	absent late pro-B cells
MP:0020932	1629	decreased susceptibility to Adenoviridae infection
MP:0031362	104	decreased prostate gland ventral lobe weight
MP:0005542	2741	corneal vascularization
MP:0006254	1946	thin cerebral cortex
MP:0009595	2511	enlarged corneocyte envelope
MP:0006030	132	abnormal otic vesicle development
MP:0001446	6196	abnormal whisker trimming behavior
MP:0005161	120	hematuria
MP:0006039	5053	decreased mitochondrial fission
MP:0009877	170	exostosis
MP:0011783	4425	abnormal ureteral orifice morphology
MP:0003226	2087	absent cochlear modiolus
MP:0030599	2679	decreased liver manganese level
MP:0013608	5659	abnormal ovarian cortex morphology
MP:0010770	2457	preweaning lethality
MP:0011297	3848	absent tubuloglomerular feedback response
MP:0008266	1918	absent hippocampus CA2 region
MP:0011438	80	absent kidney medulla
MP:0012798	205	increased rhombomere 4 size
MP:0011299	3466	abnormal macula densa morphology
MP:0012180	882	abnormal somatic mesoderm morphology
MP:0008530	6739	abnormal rostral-caudal patterning of the somites
MP:0013378	3006	increased sebocyte number
MP:0009943	4668	abnormal olfactory bulb periglomerular cell morphology
MP:0010336	6806	increased acute lymphoblastic leukemia incidence
MP:0013607	167	ovary fibrosis
MP:0021187	6086	increased bone mineral density of vertebrae
MP:0010180	1008	increased susceptibility to weight loss
MP:0009307	5864	decreased uterine fat pad weight
MP:0001008	863	abnormal sympathetic ganglion morphology
MP:0013672	1282	decreased mature NK cell number
MP:0030956	4025	abnormal neuronal precursor cell migration
MP:0031044	726	increased susceptibility to Flaviviridae infection induced morbidity/mortality
MP:0009111	2193	pancreas hypoplasia
MP:0002015	6128	epithelioid cyst
MP:0002942	1003	decreased circulating alanine transaminase level
MP:0001948	6101	vesicoureteral reflux
MP:0004406	5280	abnormal cochlear hair cell number
MP:0004691	6718	absent pubis
MP:0001047	4324	abnormal enteric cholinergic neuron morphology
MP:0011681	293	atrium cyst
MP:0030576	2075	abnormal keratinocyte adhesion
MP:0006309	5521	decreased retina ganglion cell number
MP:0012314	5794	enhanced learning
MP:0009343	6078	dilated gallbladder
MP:0014049	1951	increased T cell acute lymphoblastic leukemia incidence
MP:0014104	3026	decreased chondrocyte apoptosis
MP:0020876	5278	increased nervous system dopamine level
MP:0008182	3280	decreased marginal zone B cell number
MP:0010847	240	increased central memory CD8 positive, alpha-beta T cell number
MP:0004753	2705	abnormal miniature excitatory postsynaptic currents
MP:0011099	1241	lethality throughout fetal growth and development, complete penetrance
MP:0030960	3104	abnormal diapedesis
MP:0000491	4605	crypts of Lieberkuhn abscesses
MP:0008207	2163	decreased B-2 B cell number
MP:0008656	6626	abnormal interleukin-1 beta secretion
MP:0030792	2694	large femur head
MP:0011917	1338	increased heart right atrium weight
MP:0004975	499	absent regulatory T cells
MP:0011942	6336	decreased fluid intake
MP:0004818	5985	increased skeletal muscle mass
MP:0001363	1298	increased anxiety-related response
MP:0005081	2028	abnormal dermis reticular layer morphology
MP:0002928	1379	abnormal bile duct morphology
MP:0006345	687	absent second pharyngeal arch
MP:0002809	5199	increased spinal cord size
MP:0011631	6449	decreased mitochondrial size
MP:0010439	5903	abnormal hepatic vein morphology
MP:0001054	6609	failure of neuromuscular synapse presynaptic differentiation
MP:0020931	5822	increased susceptibility to Adenoviridae infection
MP:0012080	1755	chylous ascites
MP:0014194	535	increased epididymal epithelium cell proliferation
MP:0014117	316	increased pancreatic beta cell apoptosis
MP:0005505	1951	thrombocytosis
MP:0004094	4576	abnormal M line morphology
MP:0005168	1066	abnormal female meiosis
MP:0003179	1073	thrombocytopenia
MP:0020847	6957	abnormal peroxisome physiology
MP:0001259	1907	abnormal body weight
MP:0011535	5249	increased urination frequency
MP:0011313	2181	abnormal kidney efferent arteriole morphology
MP:0002931	6238	glutaricadicuria
MP:0002680	627	decreased corpora lutea number
MP:0009078	6266	adrenal gland hyperplasia
MP:0001685	133	abnormal endoderm development
MP:0008091	6571	decreased T-helper 2 cell number
MP:0013850	5586	absent posterior commissure
MP:0010547	614	abnormal mesocardium morphology
MP:0001284	1867	absent vibrissae
MP:0005556	2146	abnormal renal filtration rate
MP:0004968	1810	kidney epithelium hyperplasia
MP:0010971	4606	abnormal periosteum morphology
MP:0006308	256	enlarged seminiferous tubules
MP:0010241	5477	abnormal aortic arch development
MP:0010939	4706	abnormal mandibular prominence morphology
MP:0011613	868	decreased circulating ghrelin level
MP:0010357	519	increased prostate gland tumor incidence
MP:0011193	3403	embryonic epiblast cell degeneration
MP:0010426	4197	abnormal heart and great artery attachment
MP:0004577	1092	abnormal cochlear hair cell inter-stereocilial links morphology
MP:0001052	3563	abnormal innervation pattern to muscle
MP:0011312	1434	abnormal kidney afferent arteriole morphology
MP:0013807	5636	generalized edema
MP:0003540	2691	imperforate hymen
MP:0003112	456	enlarged parathyroid gland
MP:0008482	1640	decreased spleen germinal center number
MP:0012518	2932	abnormal Brunner's gland morphology
MP:0003550	982	short perineum
MP:0013407	591	abnormal dendritic epidermal T cell morphology
MP:0013458	1251	decreased eccrine gland number
MP:0004636	160	decreased metacarpal bone number
MP:0013704	5852	increased megakaryocyte-erythroid progenitor cell number
MP:0030079	6601	small incisors
MP:0012073	1543	premature mammary gland growth during pregnancy
MP:0011017	1071	increased body surface temperature
MP:0009799	205	abnormal maxillary nerve morphology
MP:0009356	893	decreased liver triglyceride level
MP:0002796	1759	impaired skin barrier function
MP:0001529	806	abnormal vocalization
MP:0005422	2109	osteosclerosis
MP:0009239	1136	short sperm flagellum
MP:0030093	3425	absent maxillary sinus
MP:0005586	4200	decreased tidal volume
MP:0030567	1269	abnormal I band morphology
MP:0020558	779	decreased ventromedial hypothalamic nucleus size
MP:0002895	993	abnormal otolithic membrane morphology
MP:0020369	3331	increased intestinal iron level
MP:0011125	5928	decreased primary ovarian follicle number
MP:0003155	1968	abnormal telomere length
MP:0011628	3731	increased mitochondrial number
MP:0008972	1250	ethmoturbinate hypoplasia
MP:0001255	6815	decreased body height
MP:0002371	6527	abnormal thymus cortex morphology
MP:0002929	7005	abnormal bile duct development
MP:0030636	5871	decreased taurine level
MP:0009639	5183	abnormal olivary pretectal nucleus morphology
MP:0001101	2422	abnormal superior vagus ganglion morphology
MP:0010424	4015	double chambered heart right ventricle
MP:0021106	6337	abnormal secondary ovarian follicle morphology
MP:0010264	6771	increased hepatoma incidence
MP:0009520	328	decreased submandibular gland size
MP:0008228	5618	increased anterior commissure size
MP:0004287	6709	abnormal spiral limbus morphology
MP:0009154	622	pancreatic acinar hypoplasia
MP:0010941	29	abnormal foramen magnum morphology
MP:0030953	2112	abnormal Golgi cisterna morphology
MP:0009766	2249	increased sensitivity to xenobiotic induced morbidity/mortality
MP:0011703	2442	increased fibroblast proliferation
MP:0011174	6202	lipodystrophy
MP:0013655	1784	decreased CD103-positive CD11b-low dendritic cell number
MP:0020346	6770	abnormal myocardial fiber calcium currents
MP:0030483	3580	decreased osteocyte number
MP:0009898	2007	maxillary shelf hypoplasia
MP:0003014	5565	abnormal kidney medulla morphology
MP:0012101	6732	acoria
MP:0005278	3555	abnormal cholesterol homeostasis
MP:0004848	72	abnormal liver size
MP:0030798	6313	joint contracture
MP:0004700	2263	abnormal circulating insulin-like growth factor I level
MP:0004928	1375	increased epididymis weight
MP:0014099	1958	abnormal chondrocyte proliferation
MP:0014155	166	absent olfactory epithelium
MP:0008323	2633	abnormal lactotroph morphology
MP:0005311	2840	abnormal circulating amino acid level
MP:0012276	1233	absent prechordal mesoderm
MP:0009976	1927	abnormal cerebellar peduncle morphology
MP:0030149	969	abnormal stylohyoid muscle morphology
MP:0005607	4563	decreased bleeding time
MP:0000099	7076	absent vomer bone
MP:0004122	4841	abnormal sinus arrhythmia
MP:0003692	7103	xanthoma
MP:0030201	3442	absent nasal septum cartilage
MP:0010901	5144	abnormal pulmonary alveolar parenchyma morphology
MP:0030625	7006	increased circulating cysteine level
MP:0001222	2218	epidermal hyperplasia
MP:0002412	2937	increased susceptibility to bacterial infection
MP:0002335	1461	decreased airway responsiveness
MP:0020237	4615	increased proline level
MP:0000180	6758	abnormal circulating cholesterol level
MP:0010463	4715	aorta stenosis
MP:0030733	1109	decreased gamma-aminobutyric acid level
MP:0008729	6186	decreased memory B cell number
MP:0000447	4089	flattened snout
MP:0001716	3171	abnormal placenta labyrinth morphology
MP:0001690	5813	failure of somite differentiation
MP:0009248	5139	small caput epididymis
MP:0010881	1144	esophagus hypoplasia
MP:0011314	4431	abnormal kidney cortex artery morphology
MP:0004017	1955	duplex kidney
MP:0009874	4273	abnormal interdigital cell death
MP:0005426	5245	tachypnea
MP:0013466	1027	keratoconjunctivitis sicca
MP:0005571	6167	decreased lactate dehydrogenase level
MP:0010189	4185	abnormal T follicular helper cell physiology
MP:0005216	5123	abnormal pancreatic alpha cell morphology
MP:0008092	5686	abnormal T-helper 2 cell differentiation
MP:0008269	6100	abnormal hippocampus CA4 region morphology
MP:0005465	1101	abnormal T-helper 1 physiology
MP:0008035	5177	behavioral arrest
MP:0010592	4010	abnormal atrioventricular septum morphology
MP:0003141	1378	cardiac fibrosis
MP:0031214	2267	hypercoagulability
MP:0008839	6052	absent acrosome
MP:0010405	6725	ostium secundum atrial septal defect
MP:0010875	2183	increased bone volume
MP:0008397	403	abnormal CD4-positive, CD25-positive, alpha-beta regulatory T cell morphology
MP:0020549	3363	increased optic chiasm size
MP:0011094	380	embryonic lethality before implantation, complete penetrance
MP:0003153	3786	early eyelid opening
MP:0002369	2719	abnormal thymus subcapsular epithelium morphology
MP:0009484	4183	ileum hypertrophy
MP:0013452	653	increased lacrimal gland apoptosis
MP:0031006	1085	increased lung glycogen level
MP:0004084	2533	abnormal cardiac muscle relaxation
MP:0005122	1095	increased circulating thyroid-stimulating hormone level
MP:0010729	5271	absent arcus anterior
MP:0031277	1674	pectus carinatum
MP:0001807	2712	decreased IgA level
MP:0008465	416	absent mesenteric lymph nodes
MP:0013769	866	increased marginal zone precursor B cell number
MP:0002324	843	abnormal alveolocapillary membrane morphology
MP:0012684	33	abnormal pleural cavity morphology
MP:0000533	4263	kidney hemorrhage
MP:0020324	1647	jejunum polyps
MP:0011403	1497	pyelonephritis
MP:0013393	3853	symblepharon
MP:0010567	1244	abnormal right bundle morphology
MP:0012536	1506	delayed optic fissure closure
MP:0004493	5820	dilated cochlea
MP:0000005	1565	increased brown adipose tissue amount
MP:0000315	4651	hemoglobinuria
MP:0006346	6136	small pharyngeal arch
MP:0030313	944	abnormal face development
MP:0009128	6715	decreased brown fat cell number
MP:0001144	1653	vagina atresia
MP:0000074	2989	abnormal neurocranium morphology
MP:0020953	1986	decreased susceptibility to Paramyxoviridae infection
MP:0011570	4986	esophageal achalasia
MP:0004442	1590	occipital bone foramen
MP:0000508	718	right-sided isomerism
MP:0009849	4009	increased vertical stereotypic behavior
MP:0004895	6726	vagina atrophy
MP:0000927	4562	small floor plate
MP:0000615	4190	abnormal palatine gland morphology
MP:0009713	53	enhanced conditioned place preference behavior
MP:0000022	4844	abnormal ear shape
MP:0009878	5267	decreased susceptibility to bone fracture
MP:0004272	1325	abnormal basement membrane morphology
MP:0000792	1956	abnormal cortical marginal zone morphology
MP:0030455	737	increased odontoblast number
MP:0008803	3454	abnormal placental labyrinth vasculature morphology
MP:0002874	1289	decreased hemoglobin content
MP:0020865	2702	delayed suckling reflex loss
MP:0005174	6545	abnormal tail pigmentation
MP:0013860	2508	anastomosis between common carotid and vertebral artery
MP:0009382	7016	abnormal cardiac jelly morphology
MP:0031266	4419	decreased susceptibility to alcohol-induced hepatic steatosis
MP:0030061	2101	absent otic pit
MP:0008597	4160	decreased circulating interleukin-6 level
MP:0008737	5037	abnormal spleen physiology
MP:0002436	4401	abnormal CD8-positive, alpha-beta cytotoxic T cell morphology
MP:0001063	4579	abnormal trochlear nerve morphology
MP:0030945	6030	abnormal myoblast migration
MP:0001701	469	incomplete embryo turning
MP:0011843	4302	abnormal kidney collecting duct epithelium morphology
MP:0008588	5071	abnormal circulating interleukin level
MP:0006405	2001	abnormal L3 dorsal root ganglion morphology
MP:0001911	4848	abnormal cerebrospinal fluid production
MP:0011464	3397	bilirubinuria
MP:0003162	831	decreased lateral semicircular canal size
MP:0011209	7033	absent extraembryonic coelom
MP:0009291	1697	decreased femoral fat pad weight
MP:0030484	4481	abnormal osteocyte lacuna morphology
MP:0004678	6113	split xiphoid process
MP:0005448	4749	abnormal energy homeostasis
MP:0030601	3955	increased circulating manganese level
MP:0000402	230	abnormal zigzag hair morphology
MP:0010499	3176	abnormal ventricle myocardium morphology
MP:0031339	2003	increased lipocalin 2 level
MP:0008851	2448	decreased hemoglobin concentration distribution width
MP:0000242	4636	impaired fertilization
MP:0004007	981	abnormal lung vasculature morphology
MP:0004290	151	abnormal stapes footplate morphology
MP:0000597	3728	delayed hepatic development
MP:0013206	5017	abnormal motile cilium morphology
MP:0005096	1017	erythroblastosis
MP:0011742	602	decreased urine nitrite level
MP:0011777	3207	abnormal male prostatic urethra morphology
MP:0031415	6713	increased skeletal muscle triglyceride level
MP:0010536	1534	Ebstein's malformation of tricuspid valve
MP:0002697	2868	abnormal eye size
MP:0000734	5768	muscle hypoplasia
MP:0009436	578	fragmentation of sleep/wake states
MP:0010773	5746	supernumerary molars
MP:0020242	1571	enlarged paws
MP:0008197	5105	abnormal follicular dendritic cell physiology
MP:0004045	672	abnormal cell cycle checkpoint function
MP:0021105	1912	abnormal ventral interneuron 3 morphology
MP:0005074	2019	impaired granulocyte bactericidal activity
MP:0002933	247	joint inflammation
MP:0030028	2757	absent exoccipital bone
MP:0008412	2232	increased cellular sensitivity to oxidative stress
MP:0009593	799	absent chorion
MP:0010963	44	abnormal compact bone volume
MP:0012490	4839	abnormal cochlear VIII nucleus morphology
MP:0008599	4970	increased circulating interleukin-2 level
MP:0006082	389	CNS inflammation
MP:0013841	3788	abnormal lymphatic vessel topology
MP:0013616	4691	decreased volumetric bone mineral density
MP:0001431	1611	abnormal eating behavior
MP:0000094	835	absent alveolar process
MP:0005675	266	small gallbladder
MP:0001506	6344	limp posture
MP:0008446	5388	decreased retina cone cell number
MP:0001586	1650	abnormal erythrocyte cell number
MP:0005106	1107	abnormal incus morphology
MP:0030031	2141	abnormal forehead morphology
MP:0011634	6764	abnormal mitochondrial inner membrane morphology
MP:0012040	5145	abnormal c-wave shape
MP:0013802	2712	abnormal IgG2 level
MP:0003369	2987	abnormal circulating estrogen level
MP:0002882	1216	abnormal neuron morphology
MP:0005405	1210	axon degeneration
MP:0001256	2977	abnormal body length
MP:0011578	1450	increased lipoprotein lipase activity
MP:0008640	4987	abnormal circulating interleukin-1 beta level
MP:0014208	4765	decreased intestinal epithelial chloride transmembrane transport
MP:0011532	185	decreased urine major urinary protein level
MP:0009989	928	abnormal cerebellum vermis lobule II morphology
MP:0012443	6065	increased corpus callosum size
MP:0020261	6431	increased beta-galactosidase level
MP:0011627	74	decreased skin pigmentation
MP:0012092	791	diencephalon hypoplasia
MP:0031319	3613	impaired intestine regeneration
MP:0008697	47	decreased interleukin-3 secretion
MP:0030591	1136	absent sperm fibrous sheath
MP:0011001	555	absence of AMPA-mediated synaptic currents
MP:0005628	3612	decreased circulating potassium level
MP:0010368	1925	abnormal lymphatic system physiology
MP:0001146	2470	abnormal testis morphology
MP:0011569	4946	abnormal azygos vein morphology
MP:0006027	1468	impaired lung alveolus development
MP:0002681	5990	increased corpora lutea number
MP:0030728	1119	decreased circulating valine level
MP:0009879	784	abnormal arcus anterior morphology
MP:0008688	1321	decreased interleukin-2 secretion
MP:0009506	1645	abnormal mammary gland alveolus morphology
MP:0000818	310	abnormal amygdala morphology
MP:0030245	501	round head
MP:0002213	226	true hermaphroditism
MP:0013772	318	increased effector memory T-helper cell number
MP:0009819	397	abnormal circulating androgen level
MP:0000749	1482	muscle degeneration
MP:0012431	385	increased lymphoma incidence
MP:0012670	5906	prolonged somite segmentation clock period
MP:0012000	966	abnormal limb position
MP:0030343	58	maxillary prominence hypoplasia
MP:0011816	6007	decreased pre-pro B cell number
MP:0010621	1695	abnormal tricuspid valve anulus morphology
MP:0003223	4620	decreased cardiomyocyte apoptosis
MP:0003213	4048	decreased susceptibility to age related obesity
MP:0008117	3638	abnormal Langerhans cell morphology
MP:0012271	1384	abnormal chordamesoderm morphology
MP:0005113	4214	decreased spinal cord ventral horn cell number
MP:0000029	1356	abnormal malleus morphology
MP:0008504	4260	abnormal adrenal chromaffin cell morphology
MP:0005562	3936	decreased mean corpuscular hemoglobin
MP:0009495	5662	abnormal common bile duct morphology
MP:0005223	617	abnormal dorsal-ventral polarity of the somites
MP:0004867	5596	decreased platelet calcium level
MP:0020840	2838	abnormal type I cell of carotid body morphology
MP:0013967	7008	abnormal infrahyoid muscle connection
MP:0008002	731	hyperchlorhydria
MP:0008874	3478	decreased physiological sensitivity to xenobiotic
MP:0000756	4698	forelimb paralysis
MP:0030266	6600	small vomer bone
MP:0009834	5674	abnormal sperm annulus morphology
MP:0013400	5171	abnormal endometrial gland development
MP:0008209	4587	decreased pre-B cell number
MP:0000952	1693	abnormal CNS glial cell morphology
MP:0012529	440	abnormal decidua basalis morphology
MP:0013742	5642	absent ciliary body
MP:0009334	1692	abnormal splenocyte proliferation
MP:0011035	3896	abnormal branching involved in alveolar duct morphogenesis
MP:0005270	707	abnormal zygomatic bone morphology
MP:0004550	4695	short trachea
MP:0003605	6671	fused kidneys
MP:0004112	5881	abnormal arteriole morphology
MP:0030608	4674	decreased tooth number
MP:0014080	5939	fused small intestinal villi
MP:0030616	6505	hyperglycinuria
MP:0012143	2720	decreased a-wave amplitude
MP:0002427	4510	disproportionate dwarf
MP:0011862	4964	decreased cranium length
MP:0001131	3185	abnormal ovarian follicle morphology
MP:0003668	533	abnormal periodontal ligament morphology
MP:0011957	6468	decreased compensatory feeding amount
MP:0004315	1370	absent vestibular saccule
MP:0009633	416	absent cervical lymph nodes
MP:0008614	453	increased circulating interleukin-17 level
MP:0011488	4864	abnormal ureterovesical junction morphology
MP:0011309	4110	abnormal kidney arterial blood vessel morphology
MP:0008406	3999	increased cellular sensitivity to hydrogen peroxide
MP:0012237	3608	increased cholangiocyte apoptosis
MP:0006019	1443	absent tympanic membrane
MP:0001669	3717	abnormal intestinal glucose absorption
MP:0004586	5389	pillar cell degeneration
MP:0005673	4565	decreased susceptibility to graft versus host disease
MP:0013391	326	abnormal Meibomian gland physiology
MP:0011830	901	ectopic hair follicle melanin granules
MP:0009648	4644	abnormal superovulation
MP:0031201	3165	hemiparesis
MP:0002328	4254	abnormal airway resistance
MP:0020326	5214	dilated capillary
MP:0010655	1914	absent cardiac jelly
MP:0004892	4095	increased adiponectin level
MP:0013331	6890	abnormal lacrimal gland development
MP:0008701	1346	abnormal interleukin-5 secretion
MP:0013440	1742	abnormal exorbital lacrimal gland morphology
MP:0004716	2229	abnormal cochlear nerve morphology
MP:0001407	1226	short stride length
MP:0012408	392	increased duodenum glandular epithelium tumor incidence
MP:0020556	779	abnormal ventromedial hypothalamic nucleus morphology
MP:0009125	5181	decreased brown fat cell lipid droplet size
MP:0011932	5407	abnormal endocrine pancreas development
MP:0001158	2558	abnormal prostate gland morphology
MP:0013737	1518	small bulbourethral gland
MP:0030480	6888	decreased osteocyte apoptosis
MP:0030104	2947	round orbits
MP:0002023	1748	increased B cell derived lymphoma incidence
MP:0003791	6575	abnormal minor salivary gland morphology
MP:0005328	4987	abnormal circulating creatinine level
MP:0003945	1980	abnormal lymphocyte physiology
MP:0002594	338	low mean erythrocyte cell number
MP:0030227	3987	abnormal tubotympanic recess morphology
MP:0005664	6271	decreased circulating noradrenaline level
MP:0009963	6140	abnormal cerebellum hemisphere lobule morphology
MP:0004693	1351	pubis hypoplasia
MP:0004849	5955	abnormal testis size
MP:0009665	4540	abnormal embryo apposition
MP:0005669	1901	increased circulating leptin level
MP:0000188	3833	abnormal circulating glucose level
MP:0002016	2559	ovary cyst
MP:0008832	5767	hemivertebra
MP:0006111	1630	abnormal coronary circulation
MP:0012347	5790	low sweet preference
MP:0000133	4206	abnormal long bone metaphysis morphology
MP:0010330	483	abnormal circulating lipoprotein level
MP:0008451	920	retina rod cell degeneration
MP:0005654	1735	porphyria
MP:0000858	451	abnormal metastatic potential
MP:0008951	564	long radius
MP:0008596	1845	increased circulating interleukin-6 level
MP:0030017	6074	decreased adipocyte glucose uptake
MP:0012437	1596	increased Harderian gland tumor incidence
MP:0013806	6761	encephalopathy
MP:0012296	146	impaired discrimination learning
MP:0011203	4539	abnormal parietal yolk sac morphology
MP:0031219	6077	decreased circulating CXCL10 level
MP:0002872	5426	polycythemia
MP:0004733	2645	abnormal thoracic cavity morphology
MP:0000396	351	increased curvature of hairs
MP:0009365	3959	abnormal theca cell layer morphology
MP:0008625	540	abnormal circulating interleukin-5 level
MP:0031438	436	abnormal sperm radial spoke morphology
MP:0004201	3503	fetal growth retardation
MP:0009724	1726	ectopic nipples
MP:0000162	7126	lordosis
MP:0008481	105	increased spleen germinal center number
MP:0011974	1795	intestinal stenosis
MP:0009646	4974	urinary bladder inflammation
MP:0002196	408	absent corpus callosum
MP:0000645	2857	absent adrenergic chromaffin cells
MP:0030944	7044	abnormal pericentriolar material morphology
MP:0013684	2021	increased early germinal center B cell number
MP:0010549	2473	absent dorsal mesocardium
MP:0010256	2456	anterior cortical cataract
MP:0008159	7030	increased diameter of fibula
MP:0009995	786	abnormal cerebellum vermis lobule VII morphology
MP:0002955	1464	increased compensatory renal growth
MP:0009926	2481	decreased transitional stage T2 B cell number
MP:0001513	2928	limb grasping
MP:0000239	5116	absent common myeloid progenitor cells
MP:0011961	3368	abnormal cornea thickness
MP:0008635	6166	increased circulating interleukin-18 level
MP:0004607	1633	abnormal cervical atlas morphology
MP:0011815	4587	increased pre-pro B cell number
MP:0004269	1665	abnormal optic cup morphology
MP:0008226	4927	decreased anterior commissure size
MP:0009104	849	small penile bone
MP:0030811	2424	abnormal hand joint morphology
MP:0012100	6968	absent spongiotrophoblast
MP:0004313	268	absent vestibulocochlear ganglion
MP:0009751	4172	enhanced behavioral response to alcohol
MP:0030117	1341	bifid nose
MP:0013517	1410	increased KLRG1-positive CD4-negative NK T cell number
MP:0010575	3367	aortic arch dilation
MP:0012281	1403	decreased sternebra size
MP:0009416	1866	cardiac muscle degeneration
MP:0003378	5459	early sexual maturation
MP:0002780	2876	decreased circulating testosterone level
MP:0008592	734	decreased circulating interleukin-1 level
MP:0030814	2807	abnormal wrist joint morphology
MP:0000256	5254	echinocytosis
MP:0001354	4090	increased aggression towards male mice
MP:0011443	770	abnormal renal water transport
MP:0020106	2406	decreased nitrate level
MP:0030095	5989	abnormal midface morphology
MP:0005656	5229	decreased aggression
MP:0000899	5198	abnormal corpora quadrigemina morphology
MP:0005356	5297	positive geotaxis
MP:0000836	5516	abnormal substantia nigra morphology
MP:0012025	229	abnormal comma shaped body morphology
MP:0004378	5392	frontal bone foramen
MP:0010944	1686	respiratory epithelium hypertrophy
MP:0009767	3167	decreased sensitivity to xenobiotic induced morbidity/mortality
MP:0014056	2661	increased sebocyte proliferation
MP:0011075	3607	abnormal macrophage activation involved in immune response
MP:0004068	5185	dilated dorsal aorta
MP:0003023	6799	decreased coronary flow rate
MP:0003121	319	genetic imprinting
MP:0008537	2348	increased susceptibility to induced colitis
MP:0003499	6363	thyroid gland hypoplasia
MP:0002092	1508	abnormal eye morphology
MP:0003924	1397	diaphragmatic hernia
MP:0013254	1991	abnormal angiotensin I-converting enzyme activity
MP:0012397	6448	abnormal nucleated erythrocyte cell number
MP:0008579	5359	abnormal Purkinje cell differentiation
MP:0030919	2115	absent hair follicle bulb
MP:0013501	7021	increased fibroblast apoptosis
MP:0030013	5057	enhanced central nervous system regeneration
MP:0013475	6172	delayed reproductive senescence
MP:0005176	3773	eyelids fail to open
MP:0003905	2612	abnormal aorta elastin content
MP:0001003	5264	abnormal olfactory receptor morphology
MP:0000679	4926	increased percent water in carcass
MP:0004053	5977	abnormal synchondrosis
MP:0011155	2319	absent hippocampus stratum oriens
MP:0001940	271	testis hypoplasia
MP:0012011	1306	febrile seizures
MP:0010145	2030	abnormal spermatic cord morphology
MP:0004096	100	abnormal midbrain-hindbrain boundary development
MP:0010275	139	increased melanoma incidence
MP:0008100	5964	absent plasma cells
MP:0010297	419	increased hepatobiliary system tumor incidence
MP:0002200	6634	abnormal brain ventricular system morphology
MP:0011300	4002	abnormal juxtaglomerular cell morphology
MP:0001652	4742	colonic necrosis
MP:0030056	2439	lacrimal bone hypoplasia
MP:0004483	4395	absent interdental cells
MP:0020321	5212	increased vascular endothelial cell apoptosis
MP:0011423	5843	kidney cortex atrophy
MP:0003756	4031	abnormal hard palate morphology
MP:0013219	5447	abnormal substantia nigra pars compacta morphology
MP:0008522	3667	abnormal lymph node germinal center morphology
MP:0030873	4276	absent cricoid cartilage
MP:0009992	174	abnormal cerebellum vermis lobule IX morphology
MP:0008526	6542	decreased cranium width
MP:0009380	4815	abnormal prostate gland ventral lobe morphology
MP:0001212	113	skin lesions
MP:0012293	3622	impaired active avoidance behavior
MP:0002712	2245	increased circulating glucagon level
MP:0004576	6543	abnormal embryonic autopod plate morphology
MP:0020527	2222	small thalamus
MP:0003903	1847	increased cell mass
MP:0014038	419	increased hepatocyte number
MP:0013923	4371	small prevertebral sympathetic ganglia
MP:0012263	5134	decreased hindbrain size
MP:0005600	5828	increased ventricle muscle contractility
MP:0013225	2769	abnormal third pharyngeal pouch morphology
MP:0004423	193	abnormal temporal bone squamous part morphology
MP:0001080	1451	defasiculated phrenic nerve
MP:0005089	5444	decreased double-negative T cell number
MP:0003696	6461	abnormal zona pellucida morphology
MP:0010578	4256	abnormal heart left ventricle size
MP:0001625	1559	cardiac hypertrophy
MP:0008126	340	increased dendritic cell number
MP:0002113	2408	abnormal skeleton development
MP:0005183	805	abnormal circulating estradiol level
MP:0011002	4251	enhanced AMPA-mediated synaptic currents
MP:0002114	2887	abnormal axial skeleton morphology
MP:0003083	6312	abnormal tibialis anterior morphology
MP:0031053	7129	pleuritis
MP:0009214	1781	vas deferens hypoplasia
MP:0030453	4527	abnormal odontoblast morphology
MP:0020848	6407	abnormal exocytosis
MP:0013937	1551	absent lobe of thyroid gland
MP:0012411	2300	increased granulosa cell tumor incidence
MP:0030179	3231	abnormal oral epithelium morphology
MP:0009074	979	Wolffian duct degeneration
MP:0002254	1550	reproductive system inflammation
MP:0002111	2252	abnormal tail morphology
MP:0003663	4678	abnormal thermosensation
MP:0012359	4526	increased partial thromboplastin time
MP:0009457	4918	whorled hair
MP:0030318	2873	enlarged maxillary zygomatic process
MP:0000934	1130	abnormal telencephalon development
MP:0030530	2979	abnormal outer ear skin morphology
MP:0031178	2598	increased Descemet membrane thickness
MP:0009543	5242	abnormal thymus corticomedullary boundary morphology
MP:0005626	4173	decreased plasma anion gap
MP:0013180	3703	truncated tail bud
MP:0003829	4312	impaired febrile response
MP:0006352	6497	decreased glycosylated hemoglobin level
MP:0030132	533	periodontium inflammation
MP:0001899	3368	absent long term depression
MP:0030674	745	decreased circulating alanine level
MP:0000947	889	convulsive seizures
MP:0004176	783	ear telangiectases
MP:0030647	608	increased ornithine level
MP:0003208	2983	abnormal neuromere morphology
MP:0013174	883	pharynx stenosis
MP:0000466	4523	esophageal epithelium hyperplasia
MP:0011069	6644	abnormal brain ependyma motile cilium physiology
MP:0003345	1590	decreased rib number
MP:0010904	6444	abnormal alveolar pore morphology
MP:0004422	5006	small temporal bone
MP:0030772	2640	increased urine noradrenaline level
MP:0003604	3545	single kidney
MP:0010812	7094	absent type II pneumocytes
MP:0012459	2705	increased dentate gyrus size
MP:0003962	2788	abnormal adrenaline level
MP:0004132	259	absent embryonic cilia
MP:0009213	528	absent male inguinal canal
MP:0008735	1327	increased susceptibility to endotoxin shock
MP:0001562	4353	abnormal circulating calcium level
MP:0005252	719	abnormal Meibomian gland morphology
MP:0012082	5255	delayed heart development
MP:0006106	100	absent tectum
MP:0008219	3658	abnormal dorsal telencephalic commissure morphology
MP:0006096	580	absent retina bipolar cells
MP:0003572	4588	abnormal uterus development
MP:0003821	6816	decreased left ventricle diastolic pressure
MP:0004083	6135	polysyndactyly
MP:0030258	1271	small mandibular condyloid process
MP:0011105	6773	embryonic lethality between implantation and placentation, incomplete penetrance
MP:0010160	5010	increased oligodendrocyte number
MP:0004756	244	abnormal proximal convoluted tubule morphology
MP:0020550	5694	multinucleated giant male germ cells
MP:0012164	6795	abnormal conjunctiva goblet cell morphology
MP:0031445	515	midline cleft upper lip
MP:0020599	3365	increased cerebral cortex cell density
MP:0013735	1988	squamous metaplasia of urethral gland
MP:0030804	3171	abnormal synovial joint morphology
MP:0011352	4258	proximal convoluted tubule brush border loss
MP:0004370	684	long ulna
MP:0009783	1730	abnormal melanoblast morphology
MP:0030884	2956	rachitic rosary
MP:0008037	1417	abnormal T cell morphology
MP:0005109	5149	abnormal talus morphology
MP:0004969	123	pale kidney
MP:0002662	6783	abnormal cauda epididymis morphology
MP:0013833	3708	absent olfactory nerve
MP:0008875	4046	abnormal xenobiotic pharmacokinetics
MP:0004113	345	abnormal aortic arch morphology
MP:0013007	1752	abnormal vagal neural crest cell migration
MP:0009258	5577	abnormal thymocyte apoptosis
MP:0020545	2277	decreased hippocampal fornix size
MP:0004501	952	increased incidence of tumors by UV-induction
MP:0008732	6178	reduced hair shaft melanin granule number
MP:0002673	5770	abnormal sperm number
MP:0005650	1208	abnormal limb bud morphology
MP:0031045	6972	decreased susceptibility to Orthomyxoviridae infection induced morbidity/mortality
MP:0001135	5635	abnormal uterine cervix morphology
MP:0005473	73	decreased triiodothyronine level
MP:0031129	6504	left-to-right shunt
MP:0001326	2575	retina degeneration
MP:0009687	4525	empty decidua capsularis
MP:0012465	2723	increased hippocampal fimbria size
MP:0005540	6199	decreased urine albumin level
MP:0010509	1477	decreased P wave amplitude
MP:0003953	6328	abnormal hormone level
MP:0006323	4257	abnormal extraembryonic mesoderm development
MP:0003251	6999	gallbladder inflammation
MP:0004788	3643	abnormal auditory cortex tonotopy
MP:0009501	5436	abnormal hepatic duct morphology
MP:0008141	6556	decreased small intestinal microvillus size
MP:0009080	5266	uterus inflammation
MP:0011335	4212	abnormal kidney pelvis smooth muscle morphology
MP:0004718	995	abnormal vestibular nerve morphology
MP:0010354	5597	increased odontosarcoma incidence
MP:0030527	2829	absent enamel cord
MP:0004371	5851	bowed femur
MP:0000043	669	organ of Corti degeneration
MP:0030730	906	increased beta-alanine level
MP:0008225	3859	abnormal anterior commissure morphology
MP:0004481	6249	abnormal conjunctival epithelium morphology
MP:0008004	6134	abnormal stomach pH
MP:0001864	4619	vascular inflammation
MP:0005353	4590	abnormal patella morphology
MP:0005566	4805	decreased blood urea nitrogen level
MP:0012129	380	failure of blastocyst formation
MP:0003469	2976	decreased single cell response intensity
MP:0000691	5442	enlarged spleen
MP:0008555	4378	abnormal interferon secretion
MP:0005213	4080	gastric metaplasia
MP:0004972	5230	abnormal regulatory T cell number
MP:0003769	6376	abnormal lip morphology
MP:0001698	852	decreased embryo size
MP:0012384	1764	abnormal erythrocyte ion transport
MP:0008742	2671	abnormal kidney iron level
MP:0011684	2745	coronary-cameral fistula to right ventricle
MP:0003991	6069	arteriosclerosis
MP:0002410	444	decreased susceptibility to viral infection
MP:0013878	597	abnormal ductus venosus valve topology
MP:0004475	6225	palatine bone hypoplasia
MP:0003349	4169	abnormal circulating renin level
MP:0011331	5118	abnormal papillary duct morphology
MP:0011402	1657	renal cast
MP:0006110	5021	ventricular fibrillation
MP:0014021	2153	heterochrony
MP:0011327	5314	abnormal left renal vein morphology
MP:0004864	669	spiral ligament degeneration
MP:0031155	4766	small intestine hemorrhage
MP:0002810	1314	microcytic anemia
MP:0011527	4753	disorganized placental labyrinth
MP:0003336	343	pancreas cyst
MP:0012803	858	absent rhombomere 5
MP:0013246	5165	abnormal peptide metabolism
MP:0004175	4253	telangiectases
MP:0011467	4925	decreased urine urea nitrogen level
MP:0005230	243	ectrodactyly
MP:0001004	2525	abnormal retina photoreceptor morphology
MP:0008034	6785	enhanced lipolysis
MP:0000783	597	abnormal forebrain morphology
MP:0002912	190	abnormal excitatory postsynaptic potential
MP:0002699	2672	abnormal vitreous body morphology
MP:0000742	1561	impaired contractility of ileal smooth muscle
MP:0001724	5810	abnormal extraembryonic endoderm formation
MP:0000917	2670	obstructive hydrocephaly
MP:0030167	4964	decreased inner canthal distance
MP:0005116	4372	abnormal circulating pituitary hormone level
MP:0002743	1993	glomerulonephritis
MP:0010798	3179	abnormal stomach cardiac region morphology
MP:0001890	2983	anencephaly
MP:0008464	1260	absent peripheral lymph nodes
MP:0002800	3311	abnormal short term object recognition memory
MP:0010726	1567	abnormal collateral sprouting
MP:0009205	5410	abnormal internal male genitalia morphology
MP:0013307	4250	increased adrenal gland weight
MP:0009675	6986	orthokeratosis
MP:0011712	2763	arrested osteoblast differentiation
MP:0008376	1190	small malleus manubrium
MP:0009076	417	rudimentary Mullerian ducts
MP:0010126	481	abnormal distal visceral endoderm morphology
MP:0003673	2559	abnormal inguinal canal morphology
MP:0008805	4088	decreased circulating amylase level
MP:0030491	686	dental pulp stones
MP:0008949	1966	increased Cajal-Retzius cell number
MP:0030996	657	decreased pacinian corpuscle number
MP:0001006	2468	abnormal retina cone cell morphology
MP:0004910	104	decreased seminal vesicle weight
MP:0001527	99	athetotic walking movements
MP:0009744	689	postaxial polydactyly
MP:0030356	6691	premature lambdoid suture closure
MP:0008103	1816	amacrine cell degeneration
MP:0005384	1775	cellular phenotype
MP:0012740	364	abnormal posterior primitive streak morphology
MP:0003452	1078	abnormal parotid gland morphology
MP:0010431	1474	atrial situs inversus
MP:0009043	705	increased pancreas adenoma incidence
MP:0002580	392	duodenal lesions
MP:0004852	2659	decreased testis weight
MP:0003242	6427	loss of basal ganglia neurons
MP:0005595	52	abnormal vascular smooth muscle physiology
MP:0003639	3592	abnormal response to vitamins
MP:0030837	4360	abnormal knee joint morphology
MP:0030014	2551	calcified brain
MP:0004836	5041	abnormal synaptic acetylcholine release
MP:0003966	5720	abnormal adrenocorticotropin level
MP:0009218	3631	absent peritoneal vaginal process
MP:0000165	2763	abnormal long bone hypertrophic chondrocyte zone
MP:0001199	1595	thin skin
MP:0008556	3720	abnormal tumor necrosis factor secretion
MP:0003214	6965	neurofibrillary tangles
MP:0004445	5833	small exoccipital bone
MP:0002264	4183	abnormal bronchus morphology
MP:0004276	1051	abnormal medial ganglionic eminence morphology
MP:0030541	4694	misaligned incisors
MP:0000631	3090	abnormal neuroendocrine gland morphology
MP:0030319	76	abnormal temporal bone petrous part morphology
MP:0003364	6749	increased insulinoma incidence
MP:0010437	2768	absent coronary sinus
MP:0004933	535	abnormal epididymis epithelium morphology
MP:0008850	593	increased hemoglobin concentration distribution width
MP:0008082	1721	increased single-positive T cell number
MP:0006412	4747	abnormal T cell apoptosis
MP:0010853	4301	abnormal lung position or orientation
MP:0008070	1648	absent T cells
MP:0005443	6414	abnormal ethanol metabolism
MP:0005391	5298	vision/eye phenotype
MP:0002424	4821	abnormal reticulocyte morphology
MP:0009746	7054	enhanced behavioral response to xenobiotic
MP:0001396	4382	unidirectional circling
MP:0002035	5365	increased leiomyosarcoma incidence
MP:0030357	547	wide lambdoid suture
MP:0030894	360	epiglottis hyperplasia
MP:0030950	6681	abnormal synaptic vesicle exocytosis
MP:0009325	5513	necrospermia
MP:0000359	6613	abnormal mast cell morphology
MP:0020830	3109	abnormal jugular lymph sac morphology
MP:0008950	4055	ventricular tachycardia
MP:0013966	339	abnormal infrahyoid muscle morphology
MP:0013500	1984	abnormal fibroblast apoptosis
MP:0002078	3156	abnormal glucose homeostasis
MP:0009611	8	epidermis stratum spinosum hyperplasia
MP:0010107	6861	abnormal renal reabsorption
MP:0001993	2464	abnormal blinking
MP:0009321	1359	increased histiocytic sarcoma incidence
MP:0008251	5531	abnormal phagocyte morphology
MP:0000222	379	decreased neutrophil cell number
MP:0003561	7079	rheumatoid arthritis
MP:0010143	3875	enhanced fertility
MP:0030650	1469	increased circulating ornithine level
MP:0002996	317	ovotestis
MP:0000951	3626	sporadic seizures
MP:0030021	5022	increased muscle cell glucose uptake
MP:0008014	574	increased lung tumor incidence
MP:0011128	1663	increased tertiary ovarian follicle number
MP:0030967	2690	abnormal circulating adiponectin level
MP:0020543	2870	decreased substantia nigra size
MP:0002391	6659	abnormal Peyer's patch germinal center morphology
MP:0011380	1368	enlarged brain ventricles
MP:0009450	1674	abnormal axon fasciculation
MP:0010867	6734	abnormal bone trabecula morphology
MP:0011749	5861	perivascular fibrosis
MP:0003053	5970	delayed tooth eruption
MP:0030085	1792	syngnathia
MP:0011503	6456	distended jejunum
MP:0002471	6970	abnormal complement pathway
MP:0004591	3981	enlarged tectorial membrane
MP:0004015	4472	abnormal oviduct environment
MP:0011629	3242	decreased mitochondrial number
MP:0003080	4262	increased natural killer cell mediated cytotoxicity
MP:0011320	997	abnormal glomerular capillary morphology
MP:0020431	2247	decreased platelet alpha-granule number
MP:0004879	4524	decreased systemic vascular resistance
MP:0005663	1808	abnormal circulating noradrenaline level
MP:0004165	3726	abnormal lateral geniculate nucleus morphology
MP:0011766	252	abnormal urinary bladder mucosa morphology
MP:0002006	3860	neoplasm
MP:0004184	3581	abnormal baroreceptor physiology
MP:0009841	4928	foam cell reticulosis
MP:0008548	4669	abnormal circulating interferon level
MP:0012484	1837	decreased corticospinal tract size
MP:0011512	6735	mesangial cell interposition
MP:0005378	541	growth/size/body region phenotype
MP:0005437	2583	abnormal glycogen level
MP:0031435	1644	abnormal copulatory plug biosynthesis
MP:0001415	3052	increased exploration in new environment
MP:0002238	5184	abnormal nasal mucosa morphology
MP:0001699	366	increased embryo size
MP:0012170	4737	absent optic placodes
MP:0020946	624	increased susceptibility to Orthomyxoviridae infection
MP:0005059	904	lysosomal protein accumulation
MP:0008258	1781	thin endometrium
MP:0003300	1999	gastrointestinal ulcer
MP:0008372	203	small malleus
MP:0001937	5984	abnormal sexual maturation
MP:0010335	6573	fused first pharyngeal arch
MP:0004694	768	absent patella
MP:0013349	5722	small Rathke's pouch
MP:0010825	2379	abnormal lung saccule morphology
MP:0008077	6462	abnormal CD8-positive, alpha-beta T cell number
MP:0001197	3050	oily skin
MP:0020952	5146	increased susceptibility to Paramyxoviridae infection
MP:0009816	1314	increased leukotriene level
MP:0030531	6182	abnormal facial skin morphology
MP:0030396	3806	abnormal incus long process morphology
MP:0030441	361	increased osteoblast apoptosis
MP:0013924	3884	abnormal dural venous sinus morphology
MP:0006036	2538	abnormal mitochondrial physiology
MP:0000639	3039	abnormal adrenal gland morphology
MP:0010723	6452	paternal effect
MP:0005111	5837	hyperdipsia
MP:0014198	1934	absent pituitary infundibular stalk
MP:0008648	4672	decreased circulating interleukin-12b level
MP:0030791	1504	club-shaped femur
MP:0010951	5261	abnormal lipid oxidation
MP:0000963	585	fused dorsal root ganglion
MP:0012119	1428	increased trophectoderm apoptosis
MP:0010913	2034	abnormal neuroendocrine cell morphology
MP:0004157	1350	interrupted aortic arch
MP:0020099	6406	increased susceptibility to diet-induced aortic fatty streak lesions
MP:0002633	588	persistent truncus arteriosis
MP:0012156	6866	rostral-caudal axis duplication
MP:0020528	1672	thalamus hypoplasia
MP:0008572	174	abnormal Purkinje cell dendrite morphology
MP:0001727	5029	abnormal embryo implantation
MP:0004450	2084	presphenoid bone hypoplasia
MP:0002414	5009	abnormal myeloblast morphology/development
MP:0002947	1797	increased hemangioma incidence
MP:0013933	148	short Meckel's cartilage
MP:0030297	3443	outer ear hypoplasia
MP:0011807	4602	decreased lung fibroblast proliferation
MP:0010604	4017	absent pulmonary valve cusps
MP:0000904	844	abnormal superior colliculus morphology
MP:0030100	1350	hemifacial hypoplasia
MP:0011304	5612	kidney papillary atrophy
MP:0013829	1339	thin splanchnic nerve
MP:0013224	3496	absent second pharyngeal pouch
MP:0013304	5351	osteophytes
MP:0008204	1913	absent B-1b cells
MP:0010633	6379	myocardium hypertrophy
MP:0030753	6193	decreased choline level
MP:0008926	481	abnormal anterior definitive endoderm morphology
MP:0000675	1850	abnormal eccrine sweat gland morphology
MP:0002961	1619	abnormal axon guidance
MP:0004413	24	absent cochlear microphonics
MP:0001074	973	abnormal vagus nerve morphology
MP:0030086	1757	bony syngnathia
MP:0012260	258	encephalomeningocele
MP:0000182	2590	increased circulating LDL cholesterol level
MP:0012704	4985	abnormal embryonic neuroepithelial cell proliferation
MP:0011021	371	abnormal circadian regulation of heart rate
MP:0010663	192	abnormal brachiocephalic trunk morphology
MP:0003454	3652	erythroderma
MP:0013545	6230	cleft hard palate
MP:0004309	7083	absent otic vesicle
MP:0010103	1433	small thoracic cage
MP:0031287	303	bilateral cryptorchism
MP:0012748	1578	increased cardiac neural crest cell number
MP:0004831	6223	long incisors
MP:0001168	1281	abnormal prostate gland epithelium morphology
MP:0005597	161	decreased susceptibility to type I hypersensitivity reaction
MP:0005060	7061	accumulation of giant lysosomes in kidney/renal tubule cells
MP:0030487	1525	abnormal osteocyte dendritic process morphology
MP:0008551	5045	abnormal circulating interferon-gamma level
MP:0021029	636	increased tumor necrosis factor (ligand) superfamily member 11 level
MP:0008602	3832	increased circulating interleukin-4 level
MP:0001059	4940	optic nerve atrophy
MP:0000231	1019	hypertension
MP:0010254	829	nuclear cataract
MP:0000469	6385	abnormal esophageal squamous epithelium morphology
MP:0003505	984	increased prolactinoma incidence
MP:0009577	435	abnormal developmental vascular remodeling
MP:0002450	3820	abnormal lymph organ development
MP:0011390	3641	abnormal fetal cardiomyocyte physiology
MP:0000324	1114	increased mast cell number
MP:0008877	6863	abnormal DNA methylation
MP:0004699	4851	unilateral deafness
MP:0004931	6165	enlarged epididymis
MP:0020850	5566	abnormal microtubule cytoskeleton morphology
MP:0004332	2372	utricular degeneration
MP:0008525	3404	decreased cranium height
MP:0030055	163	small lacrimal bone
MP:0004233	3339	abnormal muscle weight
MP:0011107	4201	embryonic lethality between somite formation and embryo turning, incomplete penetrance
MP:0030566	6881	abnormal A band morphology
MP:0008118	383	absent Langerhans cell
MP:0013309	6242	adrenal gland cyst
MP:0011619	2997	abnormal dishabituation
MP:0003728	1147	abnormal retina photoreceptor layer morphology
MP:0009738	2164	enlarged prostate gland anterior lobe
MP:0020582	6914	increased ceramide level
MP:0014134	6222	abnormal embryo morphology
MP:0004206	7125	abnormal dermomyotome development
MP:0002343	0	abnormal lymph node cortex morphology
MP:0009792	1668	seborrheic dermatitis
MP:0010152	6292	abnormal brain ependyma morphology
MP:0002018	312	increased malignant tumor incidence
MP:0000559	362	abnormal femur morphology
MP:0012181	2040	increased somite number
MP:0001798	4247	impaired macrophage phagocytosis
MP:0020373	3840	abnormal blood vessel lumen formation
MP:0010251	5651	subcapsular cataract
MP:0006122	6339	mitral valve stenosis
MP:0002090	242	abnormal vision
MP:0000186	414	decreased circulating HDL cholesterol level
MP:0005623	6588	abnormal meninges morphology
MP:0011363	5405	renal glomerulus atrophy
MP:0006032	7110	abnormal ureteric bud morphology
MP:0001132	3957	absent mature ovarian follicles
MP:0009148	3680	pancreas necrosis
MP:0008591	5737	increased circulating interleukin-1 level
MP:0005644	162	agonadal
MP:0003920	5159	abnormal heart right ventricle morphology
MP:0011802	2226	seminal vesiculitis
MP:0010943	3767	abnormal bronchus epithelium morphology
MP:0013528	6235	thyroid gland cyst
MP:0030679	5155	decreased hydroxyproline level
MP:0008898	6898	abnormal acrosome morphology
MP:0002403	4993	abnormal pre-B cell morphology
MP:0030309	154	abnormal posterior cranial fossa morphology
MP:0009400	6224	decreased skeletal muscle fiber size
MP:0003189	6705	fused joints
MP:0006238	1087	abnormal choriocapillaris morphology
MP:0001945	7	bronchoconstriction
MP:0030582	2161	abnormal hair follicle placode formation
MP:0002869	6774	increased anti-insulin autoantibody level
MP:0002175	3335	decreased brain weight
MP:0003052	1293	omphalocele
MP:0001233	249	abnormal epidermis suprabasal layer morphology
MP:0010546	91	abnormal subendocardium layer morphology
MP:0000401	3808	increased curvature of awl hairs
MP:0020335	4242	abnormal dentate gyrus neuron dendrite morphology
MP:0005253	1036	abnormal eye physiology
MP:0030497	909	short tooth root
MP:0003457	4259	abnormal circulating ketone body level
MP:0004451	647	short presphenoid bone
MP:0013986	932	abnormal vitelline vein topology
MP:0012174	4635	flat head
MP:0010196	276	abnormal lymphatic vessel smooth muscle morphology
MP:0001930	4483	abnormal meiosis
MP:0010835	248	increased CD4-positive, alpha-beta memory T cell number
MP:0010979	1709	small ureteric bud
MP:0009088	6354	thin uterine horn
MP:0003314	4241	dysmetria
MP:0004516	1023	fused vestibular hair cell stereocilia
MP:0003861	1757	abnormal nervous system development
MP:0001409	2137	increased stereotypic behavior
MP:0009411	1091	abnormal skeletal muscle fiber triad morphology
MP:0001239	2661	abnormal epidermis stratum granulosum morphology
MP:0003875	6567	abnormal hair follicle regression
MP:0011925	1822	abnormal heart echocardiography feature
MP:0013483	6270	abnormal jejunum crypts of Lieberkuhn morphology
MP:0013649	4566	decreased CD11b-high dendritic cell number
MP:0012441	43	abnormal monocyte cell number
MP:0008440	5485	abnormal subplate morphology
MP:0005331	3419	insulin resistance
MP:0005515	6010	uveitis
MP:0010020	5099	spleen vascular congestion
MP:0030656	1119	decreased circulating glycine level
MP:0001721	1718	absent visceral yolk sac blood islands
MP:0020517	6247	abnormal visceral yolk sac physiology
MP:0010312	2985	increased oligodendroglioma incidence
MP:0011671	874	balanced complete atrioventricular canal
MP:0008200	5237	decreased follicular dendritic cell number
MP:0004930	4162	small epididymis
MP:0010402	320	ventricular septal defect
MP:0004310	263	small otic vesicle
MP:0008910	3839	thin long bone epiphysis
MP:0006302	4100	abnormal ectomesenchyme morphology
MP:0012440	3932	abnormal neutrophil cell number
MP:0006211	606	small orbits
MP:0009917	6305	abnormal hyoid bone body morphology
MP:0013892	1	increased common lymphocyte progenitor cell number
MP:0004751	6291	increased length of allograft survival
MP:0004612	5446	fusion of vertebral bodies
MP:0011076	169	increased macrophage nitric oxide production
MP:0030175	4389	orbicularis oculi muscle hypoplasia
MP:0013781	6940	abnormal mammary gland luminal epithelium morphology
MP:0012707	3574	incomplete caudal neuropore closure
MP:0001297	1049	microphthalmia
MP:0031038	1855	increased susceptibility to Retroviridae infection induced morbidity/mortality
MP:0011134	6668	decreased lung endothelial cell migration
MP:0003350	1173	increased circulating levels of thyroid hormone
MP:0002668	1324	abnormal circulating potassium level
MP:0010170	830	abnormal glial cell apoptosis
MP:0000249	1335	abnormal blood vessel physiology
MP:0005616	6574	decreased susceptibility to type IV hypersensitivity reaction
MP:0031409	5562	double-headed sperm
MP:0030844	3309	abnormal pubis body morphology
MP:0000423	4667	delayed hair regrowth
MP:0011254	615	superior-inferior ventricles
MP:0002339	2677	abnormal lymph node morphology
MP:0031413	3322	abnormal skeletal muscle triglyceride level
MP:0002330	3328	abnormal bronchial provocation
MP:0000871	2016	absent cerebellum vermis lobule IX
MP:0006078	5313	abnormal nipple morphology
MP:0010221	5902	abnormal T-helper 17 cell differentiation
MP:0004103	251	abnormal ventral striatum morphology
MP:0000764	5535	abnormal tongue epithelium morphology
MP:0010313	222	increased osteoma incidence
MP:0003722	836	absent ureter
MP:0010484	2552	bicuspid aortic valve
MP:0010640	5474	ventricular myocardium compact layer hypoplasia
MP:0003380	1890	abnormal intestine regeneration
MP:0006321	5754	increased myocardial fiber number
MP:0011054	21	absent respiratory motile cilia
MP:0008751	1137	abnormal interleukin level
MP:0010932	6357	increased trabecular bone connectivity density
MP:0003398	147	increased skeletal muscle size
MP:0011860	3572	abnormal peritubular capillary endothelium morphology
MP:0005661	354	decreased circulating adrenaline level
MP:0030276	2224	anterior cranium occultum
MP:0014090	6051	abnormal tectorial membrane covernet morphology
MP:0002626	2491	increased heart rate
MP:0010743	4362	delayed cranial suture closure
MP:0004580	3655	abnormal cochlear hair bundle transient lateral links morphology
MP:0013299	4062	decreased susceptibility to colitis induced morbidity/mortality
MP:0003192	6085	increased cholesterol efflux
MP:0005314	5416	absent thyroid gland
MP:0009252	4222	absent urinary bladder
MP:0030562	1729	enlarged dental pulp chamber
MP:0011170	6192	abnormal brown fat cell differentiation
MP:0003999	6905	enhanced passive avoidance behavior
MP:0020327	195	abnormal capillary branching pattern
MP:0030138	355	abnormal lower incisor color
MP:0002818	1245	abnormal dentin morphology
MP:0010675	4117	decreased activation-induced B cell apoptosis
MP:0009979	4342	abnormal cerebellum deep nucleus morphology
MP:0009914	454	abnormal hyoid bone lesser horn morphology
MP:0009103	5079	abnormal penile bone morphology
MP:0002327	7135	abnormal respiratory function
MP:0010115	466	abnormal embryonic cloaca morphology
MP:0020478	7107	abnormal circadian sleep/wake cycle
MP:0002666	6653	increased circulating aldosterone level
MP:0011565	4593	kidney papillary hypoplasia
MP:0002494	1553	increased IgM level
MP:0004917	116	abnormal T cell selection
MP:0011483	1625	renal glomerular synechia
MP:0006421	1331	decreased number of peritubular myoid cells
MP:0009235	3774	small sperm head
MP:0001245	4415	thick dermal layer
MP:0030006	5466	decreased retina apoptosis
MP:0005533	5569	increased body temperature
MP:0004890	2396	decreased energy expenditure
MP:0005528	5812	decreased renal glomerular filtration rate
MP:0012075	5699	impaired mammary gland growth during pregnancy
MP:0030321	1498	abnormal tegmen tympani morphology
MP:0011646	2603	abnormal sinuatrial valve morphology
MP:0003811	5666	abnormal hair cortex morphology
MP:0009259	1947	abnormal vestibular saccule duct morphology
MP:0006419	5121	disorganized testis cords
MP:0003949	5324	abnormal circulating lipid level
MP:0000454	1443	abnormal jaw morphology
MP:0020563	2516	increased pontine nuclei size
MP:0010353	237	increased odontoma incidence
MP:0002790	1111	decreased circulating follicle stimulating hormone level
MP:0012108	5706	increased trophoblast glycogen cell number
MP:0000759	1654	abnormal skeletal muscle morphology
MP:0003721	1662	increased tumor growth/size
MP:0008948	4848	decreased neuron number
MP:0011952	311	decreased cardiac stroke volume
MP:0009254	504	disorganized pancreatic islets
MP:0003277	5943	increased esophageal papilloma incidence
MP:0008248	2371	abnormal mononuclear phagocyte morphology
MP:0008012	3719	duodenum polyps
MP:0008006	201	increased stomach pH
MP:0030462	1525	tooth abscess
MP:0003199	6533	calcified muscle
MP:0002310	3725	decreased susceptibility to hepatic steatosis
MP:0002323	6787	decreased susceptibility to hyperlipidemia
MP:0008409	4109	increased cellular sensitivity to hydroxyurea
MP:0011430	457	mesangiolysis
MP:0008935	1514	decreased mean platelet volume
MP:0009945	3118	abnormal accessory olfactory bulb morphology
MP:0020407	214	abnormal placental thrombosis
MP:0010228	2481	decreased transitional stage T3 B cell number
MP:0009057	7043	increased interleukin-21 secretion
MP:0000220	2267	increased monocyte cell number
MP:0000961	761	abnormal dorsal root ganglion morphology
MP:0002596	6191	abnormal hematocrit
MP:0003101	542	high myopia
MP:0000262	6221	poor arterial differentiation
MP:0008761	5265	abnormal immunoglobulin light chain V-J recombination
MP:0011748	6807	intestinal fibrosis
MP:0001931	5847	abnormal oogenesis
MP:0030152	1069	abnormal depressor anguli oris muscle morphology
MP:0010119	970	abnormal bone mineral density
MP:0013825	3220	small hypoglossal canal
MP:0013733	3436	squamous metaplasia of bulbourethral gland
MP:0004058	311	abnormal ventricle papillary muscle morphology
MP:0031009	1231	abnormal sperm-egg fusion
MP:0030379	2657	abnormal frontal bone squamous part morphology
MP:0010598	4477	abnormal aortic valve anulus morphology
MP:0020362	6636	abnormal male germ cell physiology
MP:0001751	724	increased circulating luteinizing hormone level
MP:0014002	2369	absent extracranial vertebral artery segment
MP:0031387	1660	abnormal intramanchette transport
MP:0011850	1019	absent clitoral bone
MP:0006269	881	abnormal mammary gland growth during pregnancy
MP:0013926	2753	absent neurohypophysis
MP:0003174	5097	increased lysosomal enzyme secretion
MP:0009781	948	abnormal preimplantation embryo development
MP:0000128	1270	growth retardation of molars
MP:0011568	861	decreased foot pigmentation
MP:0011351	3293	absent proximal convoluted tubule brush border
MP:0010345	1070	increased thyroid C-cell carcinoma incidence
MP:0030193	141	short philtrum
MP:0012338	414	decreased bile salt level
MP:0004610	5835	small vertebrae
MP:0030850	1873	abnormal ilium body morphology
MP:0031236	1926	increased cecum weight
MP:0030994	2466	decreased adipose tissue glycogen level
MP:0013847	5734	retropleural edema
MP:0000763	267	abnormal filiform papillae morphology
MP:0009157	792	ectopic pancreatic acinar cells
MP:0013994	4155	abnormal parasellar internal carotid artery branch morphology
MP:0030508	1039	abnormal dental epithelium morphology
MP:0005108	575	abnormal ulna morphology
MP:0004377	188	small frontal bone
MP:0005020	2199	abnormal late pro-B cell
MP:0003058	6690	increased insulin secretion
MP:0031359	104	decreased prostate gland anterior lobe weight
MP:0005471	4690	decreased thyroxine level
MP:0030097	551	preauricular pit
MP:0030255	2446	abnormal maxillary dental arch morphology
MP:0008941	793	reticulocytopenia
MP:0011584	3949	increased alkaline phosphatase activity
MP:0010510	3385	absent P wave
MP:0009155	6055	pancreatic acinar hyperplasia
MP:0013454	5682	lacrimal gland hypertrophy
MP:0020414	4971	abnormal fibroblast physiology
MP:0006094	1470	increased fat cell size
MP:0002392	5105	abnormal Peyer's patch T cell area morphology
MP:0004650	6092	increased lumbar vertebrae number
MP:0005365	3050	abnormal bile salt homeostasis
MP:0005011	4876	increased eosinophil cell number
MP:0020383	66	decreased kidney epithelial cell primary cilium length
MP:0021203	2292	abnormal palatine aponeurosis morphology
MP:0010280	537	increased skeletal tumor incidence
MP:0002454	1599	abnormal macrophage antigen presentation
MP:0000471	914	abnormal stomach epithelium morphology
MP:0030976	4828	impaired sperm penetration of zona pellucida
MP:0013245	988	abnormal lipid metabolism
MP:0008534	7015	enlarged fourth ventricle
MP:0011772	5887	genital tubercle hypoplasia
MP:0004596	618	abnormal mandibular angle morphology
MP:0030756	6412	decreased histamine level
MP:0030662	1469	decreased circulating arginine level
MP:0002123	2520	abnormal definitive hematopoiesis
MP:0008983	473	small vagina
MP:0000039	151	abnormal otic capsule morphology
MP:0031448	801	bilateral cleft upper lip
MP:0011513	4954	abnormal vertebral artery morphology
MP:0000260	2101	abnormal angiogenesis
MP:0009936	6002	abnormal dendritic spine morphology
MP:0008051	3112	abnormal memory T cell physiology
MP:0009866	350	abnormal aorta wall morphology
MP:0002100	5421	abnormal tooth morphology
MP:0008760	446	abnormal immunoglobulin heavy chain V(D)J recombination
MP:0011884	7134	absent colon
MP:0001316	6016	corneal scarring
MP:0004875	289	increased mean systemic arterial blood pressure
MP:0008752	830	abnormal tumor necrosis factor level
MP:0013766	2941	absent palatal rugae
MP:0031137	4933	vaginal hemorrhage
MP:0009865	2943	abnormal aorta smooth muscle morphology
MP:0009251	7074	enlarged endometrial glands
MP:0011360	5227	kidney cortex hypoplasia
MP:0004110	421	transposition of great arteries
MP:0012236	6894	abnormal cholangiocyte morphology
MP:0012322	5773	decreased total tissue mass
MP:0009168	873	decreased pancreatic islet number
MP:0009173	6267	absent pancreatic islets
MP:0004417	2002	decreased cochlear nerve compound action potential
MP:0002231	126	abnormal primitive streak morphology
MP:0011498	284	abnormal glomerular capsule parietal layer morphology
MP:0030786	1365	absent falciform ligament
MP:0006338	5747	abnormal second pharyngeal arch morphology
MP:0004398	287	cochlear inner hair cell degeneration
MP:0004224	1511	absent trabecular meshwork
MP:0010365	3255	increased thymus tumor incidence
MP:0031389	3766	abnormal ectoplasmic specialization morphology
MP:0006418	1331	abnormal testis cord formation
MP:0003081	5300	abnormal soleus morphology
MP:0004198	2538	abnormal fetal size
MP:0001469	3311	abnormal contextual conditioning behavior
MP:0008669	6558	increased interleukin-12b secretion
MP:0009114	549	decreased pancreatic beta cell mass
MP:0000438	1843	abnormal cranium morphology
MP:0031356	331	abnormal outer dense fiber morphology
MP:0013600	2041	testis degeneration
MP:0000999	3563	abnormal golgi tendon organ morphology
MP:0008334	2179	increased gonadotroph cell number
MP:0006237	7132	abnormal choroid vasculature morphology
MP:0012142	4803	absent amniotic cavity
MP:0001885	543	mammary gland duct hyperplasia
MP:0000913	1591	abnormal brain development
MP:0002377	886	abnormal mucosa-associated lymphoid tissue morphology
MP:0013954	1180	increased intestine length
MP:0001883	1481	increased mammary adenocarcinoma incidence
MP:0013220	5376	increased pancreas apoptosis
MP:0001718	3856	abnormal visceral yolk sac morphology
MP:0012729	1081	abnormal common carotid artery morphology
MP:0013437	2803	decreased phytosterol level
MP:0000411	5665	shiny fur
MP:0001934	766	increased litter size
MP:0004343	3309	small scapula
MP:0004713	3753	split notochord
MP:0012787	2761	absent rhombomere 1
MP:0010181	4093	decreased susceptibility to weight loss
MP:0031306	1804	abnormal cartilage physiology
MP:0000344	6465	absent Cajal-Retzius cell
MP:0030987	2248	spinal cord inflammation
MP:0003667	6649	increased hemangiosarcoma incidence
MP:0002707	1681	abnormal kidney weight
MP:0013931	930	abnormal olfactory bulb position
MP:0013589	6001	thymus medulla hypoplasia
MP:0004754	1400	abnormal kidney collecting duct morphology
MP:0012666	3308	increased circulating haptoglobin level
MP:0008344	4124	abnormal mature gamma-delta T cell morphology
MP:0003534	1653	blind vagina
MP:0003005	4744	abnormal hippocampal fimbria morphology
MP:0009132	299	abnormal white fat cell size
MP:0009791	4942	increased susceptibility to viral infection induced morbidity/mortality
MP:0013482	6269	abnormal duodenum crypts of Lieberkuhn morphology
MP:0002902	5894	decreased urine phosphate level
MP:0011515	824	purpura
MP:0012557	6546	decreased calcium uptake by cardiac muscle
MP:0002209	4624	decreased germ cell number
MP:0008768	921	abnormal hair medulla air spaces
MP:0030007	1505	abnormal bone marrow adipose tissue morphology
MP:0008894	1462	abnormal intraepithelial T cell morphology
MP:0011576	37	absent cervical atlas
MP:0001499	875	abnormal kindling response
MP:0003617	1973	urinary bladder hypoplasia
MP:0009970	735	increased hippocampus pyramidal cell number
MP:0009515	386	increased gastrointestinal stromal tumor incidence
MP:0002148	4609	abnormal hypersensitivity reaction
MP:0002728	4800	absent tibia
MP:0002420	4210	abnormal adaptive immunity
MP:0020254	7101	decreased collagen level
MP:0011389	5661	absent optic disk
MP:0005632	1003	decreased circulating aspartate transaminase level
MP:0002220	5161	large lymphoid organs
MP:0001697	1509	abnormal embryo size
MP:0014145	4473	increased white adipose tissue mass
MP:0001273	1010	decreased metastatic potential
MP:0005114	4746	premature hair loss
MP:0011599	1273	increased phosphatidylcholine-sterol O-acyltransferase activity
MP:0009227	1386	uterine cervix hypoplasia
MP:0012139	241	increased forebrain size
MP:0013932	2264	fragmented Meckel's cartilage
MP:0021023	3682	increased adipose tissue noradrenaline turnover
MP:0002771	4	absent prostate gland anterior lobe
MP:0010899	11	abnormal pulmonary alveolar system morphology
MP:0031222	2963	decreased CXCL10 secretion
MP:0030833	703	small acromion
MP:0004039	7029	abnormal cardiac cell glucose uptake
MP:0012678	652	absent fourth ventricle
MP:0012133	475	absent midbrain-hindbrain boundary
MP:0001915	5354	intracranial hemorrhage
MP:0010629	1431	thick tricuspid valve
MP:0012242	321	abnormal hepatoblast differentiation
MP:0009008	4553	delayed estrous cycle
MP:0020401	4333	argininuria
MP:0030667	6067	increased circulating proline level
MP:0011561	6798	renal glomerulus lipidosis
MP:0011263	3579	abnormal spleen mesenchyme morphology
MP:0006015	3055	dilated lateral semicircular canal
MP:0006107	4358	abnormal fetal atrioventricular canal morphology
MP:0008769	4189	abnormal plasmacytoid dendritic cell physiology
MP:0001944	2156	abnormal pancreas morphology
MP:0030312	3066	enlarged pharyngeal arch
MP:0004415	6360	abnormal cochlear nerve compound action potential
MP:0010654	3508	slow Wallerian degeneration
MP:0004349	6731	absent femur
MP:0003209	6717	abnormal pulmonary elastic fiber morphology
MP:0010679	1236	abnormal arrector pilli muscle morphology
MP:0031286	5274	unilateral cryptorchism
MP:0002495	2333	increased IgA level
MP:0030927	5648	decreased telomere length
MP:0008133	3492	decreased Peyer's patch number
MP:0013285	2039	abnormal renal filtration
MP:0008314	7050	abnormal pterygopalatine ganglion morphology
MP:0010117	1614	abnormal lateral plate mesoderm morphology
MP:0001825	79	arrested T cell differentiation
MP:0003241	1486	loss of cortex neurons
MP:0011465	589	abnormal urine urea nitrogen level
MP:0000776	2808	abnormal inferior colliculus morphology
MP:0004098	2317	abnormal cerebellar granule cell morphology
MP:0010714	4016	iris coloboma
MP:0011673	7119	unbalanced complete common atrioventricular canal
MP:0002884	2540	abnormal pharyngeal arch morphology
MP:0000443	720	abnormal snout morphology
MP:0000727	3230	absent CD8-positive, alpha-beta T cells
MP:0011188	1289	increased erythrocyte protoporphyrin level
MP:0011711	834	impaired osteoblast differentiation
MP:0009238	621	coiled sperm flagellum
MP:0030384	5142	short facial bone
MP:0012700	5018	abnormal endocardial heart tube morphology
MP:0010435	1303	abnormal heart atrium and ventricle connection
MP:0003233	2759	prolonged QT interval
MP:0010631	1594	increased Q wave amplitude
MP:0011859	4515	decreased renal glomerulus basement membrane thickness
MP:0005010	2495	abnormal CD8-positive, alpha beta T cell morphology
MP:0030476	1158	fused upper incisors
MP:0006404	4306	abnormal lumbar dorsal root ganglion morphology
MP:0008543	5273	atrial fibrillation
MP:0013147	3897	limb paralysis
MP:0000932	1384	absent notochord
MP:0006077	1087	inguinal hernia
MP:0009698	4725	heart hemorrhage
MP:0030390	1364	premature facial suture closure
MP:0020824	709	abnormal testis tissue architecture
MP:0003400	55	kinked neural tube
MP:0030518	4612	abnormal outer dental epithelium morphology
MP:0030572	4827	abnormal pilosebaceous unit morphology
MP:0000969	3562	abnormal nociceptor morphology
MP:0013712	1218	abnormal thoracic mammary gland morphology
MP:0008879	649	submandibular gland inflammation
MP:0009480	1548	distended cecum
MP:0000933	2175	abnormal rhombomere morphology
MP:0020212	6909	impaired leukocyte migration
MP:0020492	219	abnormal superior mesenteric vein topology
MP:0008260	6801	abnormal autophagy
MP:0000962	761	disorganized dorsal root ganglion
MP:0011241	1650	abnormal fetal derived definitive erythrocyte cell number
MP:0014023	339	abnormal intestine placement
MP:0012575	1917	increased noradrenaline level
MP:0010746	743	abnormal pre-Botzinger complex physiology
MP:0000118	835	arrest of tooth development
MP:0005558	4990	decreased creatinine clearance
MP:0000737	5819	abnormal myotome development
MP:0011080	3164	increased macrophage apoptosis
MP:0013823	2766	absent segment of anterior cerebral artery
MP:0001614	2285	abnormal blood vessel morphology
MP:0003890	5815	abnormal embryonic-extraembryonic boundary morphology
MP:0004955	6219	increased thymus weight
MP:0004476	314	absent palatine bone
MP:0020568	3420	abnormal premotor cortex morphology
MP:0000434	1171	megacephaly
MP:0020928	5587	increased susceptibility to Poxviridae infection
MP:0010666	4849	abnormal vitelline vein morphology
MP:0013639	6446	decreased bone stiffness
MP:0010833	3661	abnormal memory T cell morphology
MP:0006273	5825	abnormal urine organic cation level
MP:0008966	2479	abnormal chiasmata formation
MP:0002988	3558	decreased urine osmolality
MP:0000830	1475	abnormal diencephalon morphology
MP:0009870	4370	abnormal abdominal aorta morphology
MP:0030256	1949	abnormal mandibular dental arch morphology
MP:0005129	5750	increased adrenocorticotropin level
MP:0004659	6091	abnormal odontoid process morphology
MP:0011996	4068	abnormal retina inner nuclear layer thickness
MP:0013583	6993	salivary gland degeneration
MP:0005412	3684	vascular stenosis
MP:0000860	4322	abnormal primary somatosensory cortex morphology
MP:0001260	6584	increased body weight
MP:0005084	118	abnormal gallbladder morphology
MP:0014180	6932	abnormal thymus apoptosis
MP:0004230	3603	abnormal embryonic erythrocyte morphology
MP:0030089	1587	short lower incisors
MP:0010860	2682	abnormal anterior commissure pars posterior morphology
MP:0010133	5685	increased DN3 thymocyte number
MP:0002375	5391	abnormal thymus medulla morphology
MP:0002086	1354	abnormal extraembryonic tissue morphology
MP:0009538	1306	abnormal synapse morphology
MP:0004776	2314	vestibular dark cell degeneration
MP:0004841	840	abnormal small intestine crypts of Lieberkuhn morphology
MP:0030099	5299	facial asymmetry
MP:0011913	5714	abnormal reticulocyte cell number
MP:0011140	7013	decreased lung endothelial cell proliferation
MP:0020360	479	abnormal asymmetric synapse morphology
MP:0031063	2022	increased erythrocyte sedimentation rate
MP:0011686	536	increased epidermal stem cell number
MP:0009138	2370	increased brown fat lipid droplet number
MP:0002453	5621	abnormal B lymphocyte antigen presentation
MP:0011350	5937	abnormal proximal convoluted tubule brush border morphology
MP:0004137	4614	abnormal gastric surface mucous cell morphology
MP:0030450	733	abnormal enamel mineralization
MP:0002660	860	abnormal caput epididymis morphology
MP:0020530	5540	disorganized thalamus
MP:0011085	3190	postnatal lethality, complete penetrance
MP:0002805	4884	abnormal conditioned taste aversion behavior
MP:0012224	5826	abnormal sterol level
MP:0012796	2175	abnormal rhombomere 4 morphology
MP:0020084	6311	short ears
MP:0003068	3193	enlarged kidney
MP:0008650	2249	abnormal interleukin-1 secretion
MP:0009362	3771	abnormal primary ovarian follicle morphology
MP:0004322	1218	abnormal sternebra morphology
MP:0001140	4144	abnormal vagina epithelium morphology
MP:0010167	6817	decreased response to stress-induced hyperthermia
MP:0012203	3585	abnormal neuronal stem cell morphology
MP:0030416	1142	absent temporal bone zygomatic process
MP:0004767	1404	increased cochlear nerve compound action potential
MP:0030612	2974	organic aciduria
MP:0004886	1841	increased endolymph production
MP:0009121	6189	increased white fat cell lipid droplet size
MP:0000745	3283	tremors
MP:0009967	2873	abnormal neuron proliferation
MP:0001705	3961	abnormal proximal-distal axis patterning
MP:0002752	2968	abnormal somatic nervous system morphology
MP:0010955	3088	abnormal respiratory electron transport chain
MP:0003992	5373	increased mortality induced by ionizing radiation
MP:0030295	827	small levator veli palatini muscle
MP:0011931	1640	abnormal pulmonary valve flow
MP:0008081	2497	abnormal single-positive T cell number
MP:0011475	5555	abnormal glycosaminoglycan level
MP:0002237	1919	abnormal nasal cavity morphology
MP:0013774	1402	decreased KLRG1-positive T-helper cell number
MP:0002376	1537	abnormal dendritic cell physiology
MP:0004345	373	abnormal acromion morphology
MP:0008297	6730	retention of the adrenal gland x-zone
MP:0000127	2853	degenerate molars
MP:0030004	5900	hippocampus hypoplasia
MP:0010842	168	decreased central memory CD4-positive, alpha-beta T cell number
MP:0003655	6723	absent pancreas
MP:0010532	4409	absent atrioventricular node
MP:0013865	1396	abnormal dorsal pancreas topology
MP:0011643	2939	abnormal tendon collagen fibril morphology
MP:0013295	7073	pancreas atrophy
MP:0003215	97	renal interstitial fibrosis
MP:0031407	4575	increased Sertoli cell proliferation
MP:0012122	5193	abnormal iris transillumination
MP:0004088	1091	abnormal sarcoplasmic reticulum morphology
MP:0002981	1780	increased liver weight
MP:0009244	6111	abnormal acid-activated cation-mediated receptor currents
MP:0002855	4395	abnormal cochlear ganglion morphology
MP:0004228	6059	decreased cellular sensitivity to ionizing radiation
MP:0006298	1145	abnormal platelet activation
MP:0012749	1778	decreased cardiac neural crest cell number
MP:0014161	3277	increased circulating cortisol level
MP:0011372	5877	decreased renal tubule apoptosis
MP:0005596	5899	increased susceptibility to type I hypersensitivity reaction
MP:0010299	1070	increased mammary gland tumor incidence
MP:0002351	3783	abnormal cervical lymph node morphology
MP:0008570	6467	lipidosis
MP:0005447	3677	abnormal synaptic norepinephrine release
MP:0004124	987	abnormal Purkinje fiber morphology
MP:0001695	5818	abnormal gastrulation
MP:0005363	6011	decreased susceptibility to prion infection
MP:0013175	2673	bifurcated tail
MP:0009536	6198	abnormal interstitial cell of Cajal morphology
MP:0009570	1041	abnormal right lung morphology
MP:0011344	101	abnormal loop of Henle ascending limb thick segment morphology
MP:0004430	503	abnormal Claudius cell morphology
MP:0004123	1453	abnormal impulse conducting system morphology
MP:0014087	4513	retrolental blood
MP:0010649	395	dilated pulmonary trunk
MP:0010347	224	osseous metaplasia
MP:0031126	138	gangrene
MP:0004869	825	frontal bone hypoplasia
MP:0013997	1889	abnormal internal carotid artery topology
MP:0020900	384	abnormal middle ear epithelium morphology
MP:0009221	6352	uterus adenomyosis
MP:0006257	4307	abnormal fungiform papillae morphology
MP:0009469	223	increased skin hamartoma incidence
MP:0012256	4530	abnormal philtrum morphology
MP:0002174	5226	abnormal gastrulation movements
MP:0010956	2770	abnormal mitochondrial ATP synthesis coupled electron transport
MP:0005004	6992	abnormal lymphocyte anergy
MP:0010013	1521	cerebral cortex pyramidal cell degeneration
MP:0000397	5688	abnormal guard hair morphology
MP:0002230	6057	abnormal primitive streak formation
MP:0002356	6164	abnormal spleen red pulp morphology
MP:0014190	1532	abnormal epididymis physiology
MP:0011644	5931	abnormal oviduct epithelium motile cilium morphology
MP:0009237	81	kinked sperm flagellum
MP:0004651	5647	increased thoracic vertebrae number
MP:0014185	165	cerebellum atrophy
MP:0009853	221	decreased Sertoli cell phagocytosis
MP:0003252	1126	abnormal bile duct physiology
MP:0011408	4560	renal tubule hypertrophy
MP:0004499	1931	increased incidence of tumors by chemical induction
MP:0001851	3390	eye inflammation
MP:0004358	468	bowed tibia
MP:0004187	6536	cardia bifida
MP:0000065	848	abnormal bone marrow cavity morphology
MP:0001098	3835	small superior glossopharyngeal ganglion
MP:0001891	1921	hydrocephaly
MP:0010523	3434	calcified thoracic aorta
MP:0000270	706	abnormal heart tube morphology
MP:0001216	430	abnormal epidermal layer morphology
MP:0031197	961	calcified testicular artery
MP:0010421	1759	ventricular aneurysm
MP:0006416	3573	abnormal rete testis morphology
MP:0000387	3173	disorganized inner root sheath cells
MP:0003856	4000	abnormal hindlimb stylopod morphology
MP:0013877	1336	abnormal ductus venosus valve morphology
MP:0003351	548	decreased circulating levels of thyroid hormone
MP:0013964	5452	absent tongue muscles
MP:0003061	567	decreased aerobic running capacity
MP:0002783	991	abnormal ovarian secretion
MP:0010521	1221	absent pulmonary artery
MP:0002913	2832	abnormal PNS synaptic transmission
MP:0001712	6781	abnormal placenta development
MP:0003057	4082	abnormal epicardium morphology
MP:0001076	5784	abnormal hypoglossal nerve morphology
MP:0010920	1031	decreased number of pulmonary neuroendocrine bodies
MP:0030413	846	tympanic membrane retraction
MP:0031121	214	increased susceptibility to induced thrombosis
MP:0002806	6341	abnormal conditioned emotional response
MP:0001696	489	failure to gastrulate
MP:0011266	5890	abnormal frontonasal mesenchyme morphology
MP:0011157	4541	abnormal hypodermis muscle layer morphology
MP:0013302	2955	increased pancreas iron level
MP:0030443	2472	abnormal cranial synchondrosis
MP:0009554	3303	abnormal hair follicle melanin granule shape
MP:0003202	4033	abnormal neuron apoptosis
MP:0008958	4255	abnormal trophoblast glycogen cell morphology
MP:0003997	3054	tonic-clonic seizures
MP:0011825	7040	decreased cell chemotaxis
MP:0011173	1867	abnormal otic placode morphology
MP:0003127	1305	abnormal clitoris morphology
MP:0010225	5243	abnormal quadriceps morphology
MP:0000992	1307	absent primary muscle spindle
MP:0030368	1179	trigonocephaly
MP:0004323	5380	sternum hypoplasia
MP:0001181	5882	absent lungs
MP:0003067	1679	decreased liver copper level
MP:0009722	1726	abnormal nipple development
MP:0003333	723	liver fibrosis
MP:0004520	191	short vestibular hair cell stereocilia
MP:0009689	4207	abnormal neural tube ventricular layer morphology
MP:0009182	1421	absent pancreatic delta cells
MP:0009800	164	abnormal mandibular nerve morphology
MP:0011524	7092	thick placenta labyrinth
MP:0011059	3590	abnormal ependyma motile cilium morphology
MP:0003285	6231	gastric hypertrophy
MP:0030498	5717	abnormal dental lamina morphology
MP:0009666	1125	abnormal embryo attachment
MP:0004368	5779	abnormal stria vascularis vasculature morphology
MP:0002273	3901	abnormal pulmonary alveolus epithelial cell morphology
MP:0002233	2592	abnormal nose morphology
MP:0000048	582	abnormal stria vascularis morphology
MP:0011672	3291	unbalanced complete atrioventricular canal, left dominant
MP:0031185	3054	sudden unexpected death in epilepsy
MP:0031220	808	increased circulating CXCL10 level
MP:0031003	480	increased kidney glycogen level
MP:0009583	1501	increased keratinocyte proliferation
MP:0006386	1544	absent somites
MP:0013165	706	absent forelimb buds
MP:0013355	3707	adenohypophysis hypertrophy
MP:0020470	443	shortened circadian behavior period
MP:0010637	6763	sinus bradycardia
MP:0001167	5705	prostate gland epithelial hyperplasia
MP:0000091	1140	short premaxilla
MP:0013713	2659	decreased nipple size
MP:0009521	1112	increased submandibular gland size
MP:0009159	2760	increased pancreatic acinar cell number
MP:0005474	342	increased triiodothyronine level
MP:0003830	478	abnormal testis development
MP:0001422	5941	abnormal drinking behavior
MP:0031156	2520	large intestine hemorrhage
MP:0012415	1010	decreased sarcoma incidence
MP:0009723	631	increased nipple number
MP:0003197	4304	nephrocalcinosis
MP:0001089	3830	absent nodose ganglion
MP:0013570	1096	abnormal neuroendocrine gland physiology
MP:0011176	369	abnormal erythroblast morphology
MP:0010630	6284	abnormal cardiac muscle tissue morphology
MP:0001981	5001	increased chemically-elicited antinociception
MP:0004698	4168	abnormal thyroid parafollicular C-cell morphology
MP:0004522	144	abnormal orientation of cochlear hair cell stereociliary bundles
MP:0010205	5507	abnormal oligodendrocyte apoptosis
MP:0000152	6918	absent proximal rib
MP:0003790	1731	absent CD4-positive, alpha-beta T cells
MP:0000566	4402	synostosis
MP:0003580	2097	increased fibroma incidence
MP:0008704	4268	abnormal interleukin-6 secretion
MP:0003794	4533	delayed somite formation
MP:0009109	6218	decreased pancreas weight
MP:0013415	5141	increased myeloid cell number in bone marrow
MP:0004932	3306	epididymis hypoplasia
MP:0000467	3637	abnormal esophagus morphology
MP:0000714	6217	increased thymocyte number
MP:0001425	1563	abnormal alcohol consumption
MP:0004526	744	absent cochlear hair cell stereocilia
MP:0000730	3933	increased satellite cell number
MP:0006126	1192	abnormal cardiac outflow tract development
MP:0005358	547	abnormal incisor morphology
MP:0009001	1717	absent hallux
MP:0011581	893	increased triglyceride lipase activity
MP:0008508	5601	thick retina ganglion layer
MP:0030403	3033	absent stapes head
MP:0010363	699	increased fibrosarcoma incidence
MP:0000736	4245	delayed muscle development
MP:0008105	3718	increased amacrine cell number
MP:0012701	5315	increased embryonic neuroepithelium apoptosis
MP:0013978	427	abnormal carotid artery origin
MP:0031109	4764	subarachnoid hemorrhage
MP:0008945	3841	hyperchromic macrocytic anemia
MP:0002074	351	abnormal hair texture
MP:0012467	990	increased striatum size
MP:0003149	178	abnormal tectorial membrane morphology
MP:0006104	5842	abnormal tectum morphology
MP:0004135	4677	abnormal mammary gland embryonic development
MP:0004432	4492	abnormal cochlear hair cell physiology
MP:0013464	235	decreased conjunctiva goblet cell number
MP:0000280	1717	thin ventricular wall
MP:0001739	2182	abnormal adrenal gland secretion
MP:0010417	3941	subarterial ventricular septal defect
MP:0006050	6036	pulmonary fibrosis
MP:0002865	4233	increased growth rate
MP:0008283	2230	small hippocampus
MP:0000704	6829	abnormal thymus development
MP:0013025	7038	increased Ly6C low monocyte number
MP:0030603	5260	increased sperm number
MP:0030544	733	abnormal enamel development
MP:0013868	1275	abnormal ventral pancreas topology
MP:0000539	964	distended urinary bladder
MP:0003584	5570	bifid ureter
MP:0008338	4332	decreased thyrotroph cell number
MP:0008787	2736	abnormal tailgut morphology
MP:0000216	5393	absent erythroid progenitor cell
MP:0013387	2741	Meibomian gland hypertrophy
MP:0008531	2226	increased chemical nociceptive threshold
MP:0020068	1312	increased neocortex volume
MP:0030427	3025	abnormal neck muscle morphology
MP:0004333	1751	abnormal utricular macula morphology
MP:0030118	137	rhinosinusitis
MP:0030412	4459	absent round window
MP:0008985	678	hemimelia
MP:0011855	2005	abnormal glomerular filtration barrier morphology
MP:0031048	406	increased susceptibility to Coronaviridae infection induced morbidity/mortality
MP:0008155	1688	decreased diameter of radius
MP:0005672	2654	increased susceptibility to graft versus host disease
MP:0002694	502	abnormal pancreas secretion
MP:0003131	1629	increased erythrocyte cell number
MP:0021138	1531	abnormal multifidus muscle morphology
MP:0001674	4757	abnormal germ layer development
MP:0012523	6777	abnormal upper lip morphology
MP:0004472	1179	broad nasal bone
MP:0031291	1678	pes valgus
MP:0000265	959	blood vessel atresia
MP:0031158	776	abnormal venous thrombosis
MP:0000789	4209	thickened cerebral cortex
MP:0005144	815	abnormal circulating VLDL cholesterol level
MP:0001929	805	abnormal gametogenesis
MP:0004911	794	absent mandibular condyloid process
MP:0003630	6127	abnormal urothelium morphology
MP:0010041	4510	absent oval cells
MP:0001994	2780	increased blinking frequency
MP:0009434	3557	paraparesis
MP:0008275	5971	failure of endochondral bone ossification
MP:0004054	3604	abnormal periocular mesenchyme morphology
MP:0003745	7072	abnormal oral mucosa morphology
MP:0009050	7036	dilated proximal convoluted tubule
MP:0010759	6622	decreased right ventricle systolic pressure
MP:0030555	3285	abnormal cementocyte lacuna morphology
MP:0004598	6089	abnormal cochlear basement membrane morphology
MP:0030112	5291	zygomatic bone hypoplasia
MP:0009316	3410	increased anal adenocarcinoma incidence
MP:0011611	868	abnormal circulating ghrelin level
MP:0008256	1432	abnormal myometrium morphology
MP:0005406	3989	abnormal heart size
MP:0030183	1004	persistent oronasal membrane
MP:0008457	2303	abnormal cortical intermediate zone morphology
MP:0008309	1573	dilated scala media
MP:0014018	5889	embryo tumor
MP:0031118	6006	cardiovalvulitis
MP:0009600	5778	hypergranulosis
MP:0011969	1818	abnormal circulating triglyceride level
MP:0012681	6075	collapsed brain ventricles
MP:0006369	3864	supernumerary incisors
MP:0030422	6122	abnormal outer ear cartilage morphology
MP:0030166	6594	increased inner canthal distance
MP:0030046	1293	round forehead
MP:0009179	6395	abnormal pancreatic alpha cell differentiation
MP:0021191	1680	increased bone mineral density of lumbar vertebrae
MP:0012802	2235	increased rhombomere 5 size
MP:0013292	1756	embryonic lethality prior to organogenesis
MP:0000172	4820	abnormal bone marrow cell number
MP:0000919	599	cranioschisis
MP:0011765	6958	oroticaciduria
MP:0004411	632	decreased endocochlear potential
MP:0004680	6112	small xiphoid process
MP:0014119	1737	abnormal mandibular nerve innervation pattern
MP:0008858	749	abnormal hair cycle anagen phase
MP:0020322	3247	decreased vascular endothelial cell apoptosis
MP:0008247	4035	abnormal mononuclear cell morphology
MP:0011413	5003	colorless urine
MP:0009683	5669	abnormal lateral corticospinal tract morphology
MP:0010288	6050	increased gland tumor incidence
MP:0006361	6175	abnormal female germ cell morphology
MP:0009226	1924	small uterine cervix
MP:0004726	1117	abnormal nasal capsule morphology
MP:0011126	6929	absent primary ovarian follicles
MP:0010239	1849	decreased skeletal muscle weight
MP:0002909	4518	abnormal adrenal gland physiology
MP:0009581	6375	decreased keratinocyte apoptosis
MP:0030049	5867	prominent forehead
MP:0005091	2204	increased double-positive T cell number
MP:0020378	4767	abnormal cell cytoskeleton morphology
MP:0004540	1459	small maxilla
MP:0004638	1923	elongated metacarpal bones
MP:0030639	3636	decreased circulating taurine level
MP:0013247	3454	placenta necrosis
MP:0005103	1963	abnormal retina pigmentation
MP:0009830	4500	abnormal sperm connecting piece morphology
MP:0030948	2586	decreased myoblast proliferation
MP:0010418	288	perimembraneous ventricular septal defect
MP:0005584	3659	abnormal enzyme/coenzyme activity
MP:0012298	1842	hypoactivity in response to feed restriction
MP:0012207	4286	decreased neuronal stem cell self-renewal
MP:0002894	6700	abnormal otolith morphology
MP:0008466	7080	enlarged mesenteric lymph nodes
MP:0008308	6585	small scala media
MP:0008403	2261	decreased cellular sensitivity to alkylating agents
MP:0001901	227	absence of NMDA-mediated synaptic currents
MP:0002334	822	abnormal airway responsiveness
MP:0009983	3432	abnormal cerebellum fastigial nucleus morphology
MP:0008327	4502	abnormal corticotroph morphology
MP:0012131	6204	small visceral yolk sac
MP:0001792	1642	impaired wound healing
MP:0001902	4814	reduced NMDA-mediated synaptic currents
MP:0013123	809	head/neck swellings
MP:0008151	3285	increased diameter of long bones
MP:0011971	5026	increased circulating lactate dehydrogenase level
MP:0004595	1294	abnormal mandibular condyloid process morphology
MP:0009410	4490	abnormal skeletal muscle satellite cell proliferation
MP:0000610	1322	cholestasis
MP:0012222	2478	decreased circulating prothrombin level
MP:0003889	5150	enhanced sensorimotor gating
MP:0002128	1489	abnormal blood circulation
MP:0008908	6200	increased total fat pad weight
MP:0011741	6256	increased urine nitrite level
MP:0000914	2863	exencephaly
MP:0011339	1390	abnormal glomerular mesangium morphology
MP:0004970	341	kidney atrophy
MP:0013915	3502	abnormal brachial plexus formation
MP:0003693	559	abnormal blastocyst hatching
MP:0004454	6823	absent pterygoid process
MP:0003133	2048	increased early pro-B cell number
MP:0012570	5818	increased mammary gland tumor incidence in breeding females
MP:0009761	5848	abnormal meiotic spindle morphology
MP:0012721	2744	short neck
MP:0003839	6864	abnormal insulin clearance
MP:0013192	6994	decreased sebaceous gland number
MP:0013799	6185	abnormal intestinal goblet cell physiology
MP:0014091	178	abnormal tectorial membrane striated-sheet matrix morphology
MP:0030242	881	small optic pit
MP:0020857	3354	corneal epithelium hyperplasia
MP:0008546	5930	abnormal vesicle-mediated transport
MP:0000921	5708	demyelination
MP:0000023	5403	abnormal ear position
MP:0030002	4529	increased lung apoptosis
MP:0002088	3668	abnormal embryonic growth/weight/body size
MP:0003888	6151	liver hemorrhage
MP:0021158	6824	decreased heart left ventricle wall thickness
MP:0002311	6608	abnormal inspiratory capacity
MP:0010004	2287	abnormal paramedian lobule morphology
MP:0030871	454	abnormal inferior horn of thyroid cartilage morphology
MP:0001634	1301	internal hemorrhage
MP:0000040	6548	absent middle ear ossicles
MP:0002192	2794	hydrops fetalis
MP:0009176	813	increased pancreatic alpha cell number
MP:0004300	5095	abnormal organ of Corti supporting cell morphology
MP:0010079	4266	increased osteochondroma incidence
MP:0010093	6061	decreased circulating magnesium level
MP:0004834	5368	ovary hemorrhage
MP:0008896	6248	increased IgG2c level
MP:0009678	1086	abnormal spinal cord lateral column morphology
MP:0013975	4484	abnormal coronary sinus connection
MP:0011590	2666	increased hormone-sensitive lipase activity
MP:0004924	2437	abnormal behavior
MP:0000175	508	absent bone marrow cell
MP:0009144	343	dilated pancreatic duct
MP:0002362	62	abnormal spleen marginal zone morphology
MP:0009790	444	decreased susceptibility to viral infection induced morbidity/mortality
MP:0001038	4232	abnormal cholinergic neuron morphology
MP:0005172	1942	decreased eye pigmentation
MP:0030137	2758	abnormal upper incisor morphology
MP:0010067	282	increased red blood cell distribution width
MP:0008154	285	decreased diameter of humerus
MP:0000321	1	increased bone marrow cell number
MP:0010267	1491	decreased lung tumor incidence
MP:0001139	5940	abnormal vagina morphology
MP:0020977	1007	decreased FO-wave amplitude
MP:0009460	3885	skeletal muscle hypoplasia
MP:0000080	3919	abnormal exoccipital bone morphology
MP:0030579	3344	thoracoabdominoschisis
MP:0009363	7041	abnormal tertiary ovarian follicle morphology
MP:0008552	5885	abnormal circulating tumor necrosis factor level
MP:0010712	3425	absent nasolacrimal duct
MP:0030604	7052	abnormal ammonia homeostasis
MP:0011975	4660	neuronal cytoplasmic inclusions
MP:0014167	6229	ectopic bone
MP:0011068	1614	abnormal ependyma motile cilium physiology
MP:0001195	978	flaky skin
MP:0004485	445	increased response of heart to induced stress
MP:0009654	3951	abnormal primary palate development
MP:0030586	4723	impaired behavioral response to amphetamine
MP:0009615	4659	abnormal zinc homeostasis
MP:0000643	3325	absent adrenal medulla
MP:0012491	3642	larynx stenosis
MP:0013662	5131	decreased myeloid cell number
MP:0000812	3735	abnormal dentate gyrus morphology
MP:0003820	4552	increased left ventricle systolic pressure
MP:0030121	774	small temporal bone squamous part
MP:0011251	137	bronchial situs inversus
MP:0030538	1028	abnormal notochordal plate morphology
MP:0000540	5774	abnormal urinary bladder urothelium morphology
MP:0000522	2242	kidney cortex cyst
MP:0008995	5482	early reproductive senescence
MP:0010425	6768	abnormal heart and great vessel attachment
MP:0001203	952	increased sensitivity to skin irradiation
MP:0031393	806	abnormal bicarbonate homeostasis
MP:0030459	6599	abnormal tooth attrition
MP:0011780	982	abnormal female urethra morphology
MP:0006319	1711	abnormal epididymal fat pad morphology
MP:0020471	1029	abnormal circadian behavior persistence
MP:0004379	225	wide frontal bone
MP:0020348	1000	decreased olfactory sensory neuron number
MP:0000477	1666	abnormal intestine morphology
MP:0030958	1399	abnormal myotube differentiation
MP:0009216	3890	abnormal peritoneum morphology
MP:0002678	250	increased follicle recruitment
MP:0001349	847	excessive tearing
MP:0008031	5180	decreased Cajal-Retzius cell number
MP:0030211	484	abnormal styloglossus muscle morphology
MP:0021086	3822	decreased DNA replication
MP:0010404	6593	ostium primum atrial septal defect
MP:0010548	394	abnormal dorsal mesocardium morphology
MP:0009405	3765	increased skeletal muscle fiber number
MP:0010994	4769	aerophagia
MP:0002572	3225	abnormal emotion/affect behavior
MP:0008113	4174	abnormal macrophage differentiation
MP:0009606	2661	increased keratohyalin granule size
MP:0009098	1773	anovaginal fistula
MP:0012669	2185	abnormal somite segmentation clock
MP:0030923	978	abnormal hair follicle ostium morphology
MP:0010622	1534	abnormal tricuspid valve cusp morphology
MP:0003433	200	decreased activity of parathyroid
MP:0013720	3089	abnormal mammary line morphology
MP:0002833	3222	increased heart weight
MP:0004351	492	short humerus
MP:0004675	4986	rib fractures
MP:0011354	270	absent renal glomerulus
MP:0012760	461	decreased cranial neural crest cell proliferation
MP:0002363	4186	abnormal spleen marginal sinus morphology
MP:0009947	6916	abnormal olfactory bulb external plexiform layer morphology
MP:0013859	7096	abnormal vitelline vein connection
MP:0011040	1080	abnormal vestibuloocular light reflex
MP:0002421	4026	abnormal cell-mediated immunity
MP:0013127	5035	epistaxis
MP:0001288	6260	abnormal lens induction
MP:0010477	1113	coronary artery aneurysm
MP:0013880	997	absent ductus venosus
MP:0004014	4640	abnormal uterine environment
MP:0004768	1609	abnormal axonal transport
MP:0006165	2743	entropion
MP:0005459	3476	decreased percent body fat/body weight
MP:0030251	2224	broad frontonasal prominence
MP:0005221	270	abnormal rostral-caudal axis patterning
MP:0001064	2485	absent trochlear nerve
MP:0013558	5236	abnormal exocrine gland morphology
MP:0031080	471	pulmonary embolism
MP:0010511	512	shortened PR interval
MP:0008655	1246	decreased interleukin-1 alpha secretion
MP:0003207	6183	decreased cellular sensitivity to gamma-irradiation
MP:0030928	4060	increased telomere length
MP:0000543	3916	absent urinary bladder urothelium
MP:0003050	2673	abnormal sacral vertebrae morphology
MP:0020516	3856	abnormal visceral yolk sac mesenchyme morphology
MP:0003470	63	abnormal summary potential
MP:0021013	771	abnormal synaptic vesicle endocytosis
MP:0000019	325	thick ears
MP:0001548	7077	hyperlipidemia
MP:0010078	2088	increased circulating phytosterol level
MP:0000465	4568	gastrointestinal hemorrhage
MP:0010959	4053	abnormal oxidative phosphorylation
MP:0008844	2030	decreased subcutaneous adipose tissue amount
MP:0000075	6117	absent neurocranium
MP:0000888	6143	absent cerebellar granule layer
MP:0004983	5233	abnormal osteoclast cell number
MP:0020400	1770	cystinuria
MP:0013217	1129	abnormal posterior definitive endoderm morphology
MP:0030047	6809	flat forehead
MP:0003727	60	abnormal retina layer morphology
MP:0009101	1407	clitoris hypoplasia
MP:0006100	3083	abnormal tegmentum morphology
MP:0003450	5721	enlarged pancreas
MP:0005532	4181	abnormal vascular resistance
MP:0008962	1901	abnormal carbon dioxide production
MP:0009092	1437	endometrium hyperplasia
MP:0020038	2951	retina macular degeneration
MP:0003568	1478	uterus atresia
MP:0009229	2648	abnormal neurohypophysis median eminence morphology
MP:0009587	2584	abnormal plasma membrane sphingolipid content
MP:0004649	2316	decreased sacral vertebrae number
MP:0020486	5192	abnormal lens topology
MP:0010652	5290	absent aorticopulmonary septum
MP:0005611	5262	decreased circulating antidiuretic hormone level
MP:0009662	1098	abnormal uterine receptivity
MP:0011100	3158	preweaning lethality, complete penetrance
MP:0009754	3707	enhanced behavioral response to cocaine
MP:0013776	5632	bone marrow failure
MP:0020947	2421	decreased susceptibility to Orthomyxoviridae infection
MP:0009771	1158	absent optic chiasm
MP:0010473	3101	descending aorta dilation
MP:0004028	3849	chromosome breakage
MP:0001437	6496	no swallowing reflex
MP:0001236	6926	abnormal epidermis stratum spinosum morphology
MP:0010128	4875	hypovolemia
MP:0003595	3983	epididymal cyst
MP:0001861	1577	lung inflammation
MP:0010367	5846	increased spindle cell carcinoma incidence
MP:0010018	218	pulmonary vascular congestion
MP:0011130	3776	absent tertiary ovarian follicles
MP:0005359	3382	growth retardation of incisors
MP:0030557	3162	abnormal cementocyte dendritic process morphology
MP:0002767	6946	situs ambiguus
MP:0031059	2630	increased circulating C-reactive protein level
MP:0009972	1210	absent hippocampus pyramidal cells
MP:0008099	1599	abnormal plasma cell differentiation
MP:0004835	2350	abnormal miniature endplate potential
MP:0014222	7020	decreased colon goblet cell number
MP:0005534	838	decreased body temperature
MP:0001077	2702	abnormal spinal nerve morphology
MP:0008830	2649	abnormal nucleolus morphology
MP:0005188	450	small penis
MP:0003046	68	liver cirrhosis
MP:0009632	1555	small axillary lymph nodes
MP:0012735	567	abnormal response to exercise
MP:0008474	327	absent spleen germinal center
MP:0004909	27	increased seminal vesicle weight
MP:0012552	5557	lactic acidosis
MP:0000778	3065	abnormal nervous system tract morphology
MP:0011009	3085	increased circulating glutamate dehydrogenase level
MP:0030828	633	abnormal obturator foramen morphology
MP:0003415	4188	priapism
MP:0030301	6580	abnormal maxillary frontal process morphology
MP:0009326	452	absent maternal crouching
MP:0010584	6752	abnormal conotruncus septation
MP:0030985	5122	decreased circulating osteocalcin level
MP:0011011	6391	impaired lung lobe morphogenesis
MP:0010030	4432	abnormal orbit morphology
MP:0030059	2726	absent ethmoturbinates
MP:0003459	5643	increased fear-related response
MP:0011674	1366	multiple major aortopulmonary collateral arteries
MP:0003818	2523	abnormal eye muscle development
MP:0004945	3569	abnormal bone resorption
MP:0000259	3064	abnormal vascular development
MP:0020420	3135	abnormal freezing behavior
MP:0010861	5013	increased respiratory mucosa goblet cell number
MP:0013935	2342	basal brain tissue herniation
MP:0008324	185	abnormal melanotroph morphology
MP:0005310	3393	abnormal salivary gland physiology
MP:0003282	511	gastric ulcer
MP:0004427	6401	abnormal vestibular labyrinth morphology
MP:0011147	6018	increased mesenchymal cell proliferation involved in lung development
MP:0010824	4047	absent right lung accessory lobe
MP:0010459	2	supravalvar pulmonary trunk stenosis
MP:0006399	5831	abnormal long bone epiphyseal ossification zone morphology
MP:0000036	5550	absent semicircular canals
MP:0013542	4478	abnormal submandibular gland branching morphogenesis
MP:0010384	4710	increased renal carcinoma incidence
MP:0003227	5973	abnormal vascular branching morphogenesis
MP:0001952	6849	increased airway responsiveness
MP:0012764	3907	increased alpha-beta T cell number
MP:0001096	142	abnormal glossopharyngeal ganglion morphology
MP:0011632	2732	dilated mitochondrion
MP:0002886	6737	abnormal glutamate-mediated receptor currents
MP:0009279	2367	abnormal activated sperm motility
MP:0004784	6974	abnormal anterior cardinal vein morphology
MP:0012720	1912	elongated neck
MP:0014128	2300	increased Harderian gland adenocarcinoma incidence
MP:0001282	290	short vibrissae
MP:0011528	363	abnormal placental labyrinth villi branching morphogenesis
MP:0030108	1107	abnormal incudostapedial joint morphology
MP:0008644	2320	increased circulating interleukin-12a level
MP:0005132	217	decreased luteinizing hormone level
MP:0004173	1958	abnormal intervertebral disk morphology
MP:0009222	2959	increased uterus tumor incidence
MP:0006052	5798	cerebellum hemorrhage
MP:0010066	2688	abnormal red blood cell distribution width
MP:0008856	5741	fetal bleb
MP:0003946	4180	renal necrosis
MP:0000457	5463	maxilla hypoplasia
MP:0003093	2305	abnormal cornea anterior stroma morphology
MP:0005407	3781	hyperalgesia
MP:0008080	2173	abnormal CD8-positive, alpha-beta T cell differentiation
MP:0005549	5597	retina pigment epithelium hyperplasia
MP:0000805	1601	abnormal visual cortex morphology
MP:0010537	3201	tumor regression
MP:0003164	95	decreased posterior semicircular canal size
MP:0030808	2135	abnormal hindlimb joint morphology
MP:0009052	6637	anal stenosis
MP:0030346	2722	small mandibular prominence
MP:0010386	2706	abnormal urinary bladder physiology
MP:0011951	2529	increased cardiac stroke volume
MP:0004474	175	enlarged nasal bone
MP:0003342	5998	accessory spleen
MP:0008617	6082	increased circulating interleukin-12 level
MP:0005262	3317	coloboma
MP:0010314	451	increased neurofibroma incidence
MP:0010961	1186	increased compact bone mass
MP:0012509	2950	neural tube degeneration
MP:0013812	2816	enlarged orbital veins
MP:0003825	845	abnormal pillar cell morphology
MP:0010778	4372	abnormal stomach fundus morphology
MP:0002214	3513	streak gonad
MP:0009285	212	increased gonadal fat pad weight
MP:0001386	4472	abnormal maternal nurturing
MP:0004006	2360	impaired contractility of jejunal smooth muscle
MP:0004381	1868	abnormal hair follicle melanocyte morphology
MP:0002164	5310	abnormal gland physiology
MP:0001208	254	blistering
MP:0005630	6022	increased lung weight
MP:0003140	1244	dilated heart atrium
MP:0008825	1264	abnormal cardiac epithelial to mesenchymal transition
MP:0005315	239	absent pituitary gland
MP:0011706	1476	abnormal fibroblast migration
MP:0030493	4882	abnormal tooth root morphology
MP:0001237	35	enlarged spinous cells
MP:0005027	1903	increased susceptibility to parasitic infection
MP:0013876	1373	absent ductus venosus valve
MP:0012304	4176	short umbilical cord
MP:0001806	1599	decreased IgM level
MP:0013149	2476	macrodactyly
MP:0003578	162	absent ovary
MP:0003915	387	increased left ventricle weight
MP:0001417	3197	decreased exploration in new environment
MP:0006272	5335	abnormal urine organic anion level
MP:0020331	3711	increased capillary tortuosity
MP:0000564	980	syndactyly
MP:0005666	5764	abnormal adipose tissue physiology
MP:0013318	6040	abnormal branching involved in seminal vesicle morphogenesis
MP:0004324	818	vestibular hair cell degeneration
MP:0003704	4398	abnormal hair follicle development
MP:0005079	592	decreased cytotoxic T cell cytolysis
MP:0003055	5319	abnormal long bone epiphyseal plate morphology
MP:0002839	3873	increased susceptibility to dystrophic cardiac calcinosis
MP:0004374	1279	bowed radius
MP:0003857	759	abnormal hindlimb zeugopod morphology
MP:0014050	1806	increased B cell acute lymphoblastic leukemia incidence
MP:0011310	2431	abnormal kidney capillary morphology
MP:0011289	3768	abnormal nephron number
MP:0002274	7069	abnormal type I pneumocyte morphology
MP:0010468	4874	abnormal thoracic aorta morphology
MP:0001745	1807	increased circulating corticosterone level
MP:0013845	1651	abnormal eye muscle topology
MP:0008179	2560	absent germinal center B cells
MP:0009320	463	increased lymphoblastic lymphoma incidence
MP:0030943	5322	abnormal centrosome morphology
MP:0003253	1626	dilated bile duct
MP:0002656	4357	abnormal keratinocyte differentiation
MP:0010978	482	absent ureteric bud
MP:0010097	2359	abnormal retina blood vessel morphology
MP:0001658	6738	increased mortality induced by gamma-irradiation
MP:0012165	3042	absent neural folds
MP:0012462	6308	decreased brain internal capsule size
MP:0010392	538	prolonged QRS complex duration
MP:0011972	4650	decreased circulating lactate dehydrogenase level
MP:0004978	5081	decreased B-1 B cell number
MP:0030045	1956	abnormal forehead shape
MP:0008333	5135	absent lactotrophs
MP:0030326	1250	decreased periocular mesenchyme apoptosis
MP:0008000	1596	increased ovary tumor incidence
MP:0011268	1161	biphasic excitatory postsynaptic current amplitude
MP:0012134	6975	absent umbilical cord
MP:0003443	5579	increased circulating glycerol level
MP:0000649	6867	sebaceous gland atrophy
MP:0011272	1161	short excitatory postsynaptic current rise time
MP:0003928	4653	increased heart rate variability
MP:0011163	3597	increased wet-to-dry lung weight ratio
MP:0002920	2475	decreased paired-pulse facilitation
MP:0008955	5347	increased cellular hemoglobin content
MP:0009555	6947	abnormal hair follicle melanin granule distribution
MP:0006267	2283	abnormal intercalated disk morphology
MP:0009381	4303	abnormal prostate gland dorsolateral lobe morphology
MP:0003810	455	abnormal hair cuticle
MP:0010617	4179	thick mitral valve cusps
MP:0010614	439	abnormal mitral valve cusp morphology
MP:0009714	1595	thin epidermis stratum basale
MP:0009551	312	increased urinary bladder transitional cell carcinoma incidence
MP:0003026	5147	decreased vasoconstriction
MP:0003955	1123	abnormal ultimobranchial body morphology
MP:0002784	3631	abnormal Sertoli cell morphology
MP:0009843	4673	decreased neural crest cell number
MP:0021207	4071	abnormal autopod muscle morphology
MP:0030287	1610	enlarged occipital bone
MP:0008713	391	abnormal cytokine level
MP:0030344	58	absent maxillary prominence
MP:0000988	657	abnormal pacinian corpuscle morphology
MP:0008651	2149	increased interleukin-1 secretion
MP:0008519	6572	thin retina outer plexiform layer
MP:0011621	1454	abnormal habituation to a novel object
MP:0001668	5547	abnormal intestinal fructose absorption
MP:0013249	5923	adipose tissue necrosis
MP:0012544	586	abnormal caudal neuropore morphology
MP:0030482	641	increased osteocyte number
MP:0009421	7102	increased gastrocnemius weight
MP:0006003	6348	abnormal large intestinal transit time
MP:0008052	3847	abnormal serous gland morphology
MP:0012532	2545	abnormal surface ectoderm morphology
MP:0006025	353	distended Reissner membrane
MP:0002850	507	saccharin preference
MP:0009047	1111	short metestrus
MP:0009508	2356	increased mammary gland ductal carcinoma incidence
MP:0002102	2094	abnormal ear morphology
MP:0031461	3261	abnormal palatal shelf size
MP:0012318	6383	slow extinction of fear memory
MP:0010703	1084	split cervical axis
MP:0011183	1773	abnormal primitive endoderm morphology
MP:0003315	6362	abnormal perineum morphology
MP:0020374	6934	abnormal nocifensive behavior
MP:0012315	146	impaired learning
MP:0013961	2020	abnormal Hensen stripe morphology
MP:0030081	1587	small upper incisors
MP:0013485	5638	increased Paneth cell number
MP:0008739	1572	abnormal spleen iron level
MP:0000826	3194	abnormal third ventricle morphology
MP:0008033	5762	impaired lipolysis
MP:0009772	2059	abnormal retina development
MP:0001730	882	embryonic growth arrest
MP:0030155	3276	absent tympanic cavity
MP:0009798	205	abnormal ophthalmic nerve morphology
MP:0006105	7014	small tectum
MP:0010809	4236	abnormal club cell morphology
MP:0005164	2713	abnormal response to injury
MP:0008574	3407	decreased circulating interferon-alpha level
MP:0005376	1170	homeostasis/metabolism phenotype
MP:0010727	1465	increased glioblastoma incidence
MP:0004041	6680	increased susceptibility to kidney reperfusion injury
MP:0010100	1992	increased cervical vertebrae number
MP:0009601	1495	epidermis stratum granulosum hyperplasia
MP:0002689	6896	abnormal molar morphology
MP:0004408	6024	decreased cochlear hair cell number
MP:0030283	2290	small mandibular coronoid process
MP:0011567	3123	increased renal glomerulus lobularity
MP:0001935	2836	decreased litter size
MP:0030533	6583	abnormal snout skin morphology
MP:0011750	800	abnormal seminiferous tubule epithelium morphology
MP:0003267	5948	constipation
MP:0009246	5719	pale spleen
MP:0009364	926	abnormal mature ovarian follicle morphology
MP:0011872	6090	absent xiphoid process
MP:0008429	944	absent parotid gland
MP:0004494	4364	abnormal synaptic glutamate release
MP:0010807	294	abnormal stomach position or orientation
MP:0002623	2582	abnormal vestibular hair cell morphology
MP:0010277	1268	increased astrocytoma incidence
MP:0012055	6518	abnormal phrenic nerve innervation pattern to diaphragm
MP:0014171	3648	increased fatty acid oxidation
MP:0000103	6897	nasal bone hypoplasia
MP:0010158	6808	abnormal intestine development
MP:0003846	4070	matted coat
MP:0008783	5263	decreased B cell apoptosis
MP:0003063	1622	increased coping response
MP:0010293	2094	increased integument system tumor incidence
MP:0008263	2260	abnormal hippocampus CA1 region morphology
MP:0009112	2100	abnormal pancreatic beta cell mass
MP:0008685	912	decreased interleukin-18 secretion
MP:0000839	1241	hypothalamus hyperplasia
MP:0004092	94	absent Z line
MP:0005386	5244	behavior/neurological phenotype
MP:0010061	3175	increased creatine level
MP:0002304	1586	abnormal total lung capacity
MP:0030139	420	abnormal upper incisor color
MP:0000516	186	abnormal renal/urinary system morphology
MP:0009223	2918	increased uterus carcinoma incidence
MP:0000923	927	abnormal roof plate morphology
MP:0013779	6900	abnormal mammary gland myoepithelium physiology
MP:0009208	1585	abnormal female genitalia morphology
MP:0000431	2178	absent palatine bone horizontal plate
MP:0008573	850	increased circulating interferon-alpha level
MP:0000406	563	increased curvature of auchene hairs
MP:0011466	3925	increased urine urea nitrogen level
MP:0030433	2011	large foramen rotundum
MP:0004246	4462	abnormal extensor digitorum longus morphology
MP:0001854	1920	atrial endocarditis
MP:0009315	4199	increased rectum adenocarcinoma incidence
MP:0001830	5317	decreased activated T cell number
MP:0004440	156	absent occipital bone
MP:0001356	106	increased aggression towards female mice
MP:0012235	4734	abnormal liver bud morphology
MP:0004847	625	abnormal liver weight
MP:0020531	3194	increased cerebellar foliation
MP:0001760	1090	abnormal urine enzyme level
MP:0013676	4077	increased Ly6C-positive mature NK cell number
MP:0010922	2409	alveolitis
MP:0010352	523	gastrointestinal tract polyps
MP:0011417	4376	abnormal renal transport
MP:0030668	6324	decreased circulating proline level
MP:0012240	2794	abnormal hepatoblast morphology
MP:0012538	4823	persistent hyaloid artery
MP:0010163	6831	hemolysis
MP:0008157	1688	decreased diameter of ulna
MP:0006293	1900	absent nasal placodes
MP:0001194	2482	dermatitis
MP:0004172	3825	abnormal subpallium development
MP:0014068	3686	abnormal muscle glycogen level
MP:0000849	411	abnormal cerebellum morphology
MP:0030505	5855	tooth impaction
MP:0013797	6675	abnormal ileal goblet cell morphology
MP:0009775	6907	increased behavioral withdrawal response
MP:0030737	839	decreased glutamic acid level
MP:0001010	2132	prevertebral ganglia hyperplasia
MP:0003308	1184	abnormal cochlear sensory epithelium morphology
MP:0001308	3248	abnormal lens polarity
MP:0002265	1316	abnormal left major bronchus morphology
MP:0011907	2842	decreased Schwann cell proliferation
MP:0009997	174	abnormal cerebellum vermis lobule X morphology
MP:0000277	3044	abnormal heart shape
MP:0011159	4991	abnormal epidermal-dermal junction morphology
MP:0011624	6987	abnormal sensitization to xenobiotic
MP:0004190	5817	abnormal direction of embryo turning
MP:0004782	6937	abnormal surfactant physiology
MP:0031352	331	absent sperm axonemal central pair
MP:0005085	4001	abnormal gallbladder physiology
MP:0001055	2350	failure of neuromuscular synapse postsynaptic differentiation
MP:0011168	5501	abnormal fat cell differentiation
MP:0020386	4249	adipose tissue inflammation
MP:0030485	1513	abnormal osteocyte lacunocanalicular system morphology
MP:0001179	756	thick pulmonary interalveolar septum
MP:0010183	5231	abnormal CD4-positive helper T cell morphology
MP:0020186	4873	abnormal susceptibility to bacterial infection
MP:0009824	4826	spermatic granuloma
MP:0002763	5469	ectopic Bergmann glia cells
MP:0030980	5606	abnormal acroplaxome morphology
MP:0011496	4228	abnormal head size
MP:0008721	958	abnormal chemokine level
MP:0000267	1994	abnormal heart development
MP:0000850	475	absent cerebellum
MP:0009977	1708	abnormal cerebellar granule cell migration
MP:0004574	5153	broad limb buds
MP:0005455	2105	increased susceptibility to weight gain
MP:0021012	2172	decreased acetylcholine level
MP:0003660	315	chylothorax
MP:0008007	6906	abnormal cellular replicative senescence
MP:0002983	712	increased retina ganglion cell number
MP:0009833	109	absent sperm mitochondrial sheath
MP:0003848	455	brittle hair
MP:0000964	164	small dorsal root ganglion
MP:0030648	1353	decreased ornithine level
MP:0010803	5133	abnormal stomach enteroendocrine cell morphology
MP:0003084	1741	abnormal skeletal muscle fiber morphology
MP:0009084	5856	blind uterus
MP:0005413	6300	vascular restenosis
MP:0004899	70	absent temporal bone squamous part
MP:0013828	382	thin facial nerve
MP:0010416	2993	interventricular septum membranous part aneurysm
MP:0004067	5775	abnormal trabecula carnea morphology
MP:0008664	4762	decreased interleukin-12 secretion
MP:0005575	2008	increased pulmonary ventilation
MP:0008124	5849	decreased plasmacytoid dendritic cell number
MP:0031464	1612	abnormal spontaneous fetal mouth movement
MP:0020934	5749	increased susceptibility to Retroviridae infection
MP:0010982	6568	abnormal ureteric bud elongation
MP:0011620	370	abnormal habituation to a new environment
MP:0030332	757	accelerated temporomandibular joint osteoarthritis
MP:0030941	6257	enhanced autophagy
MP:0009497	6760	abnormal intrahepatic bile duct morphology
MP:0001606	5827	impaired hematopoiesis
MP:0001210	4357	skin ridges
MP:0011230	3318	abnormal folic acid level
MP:0001364	3153	decreased anxiety-related response
MP:0003237	1074	abnormal lens epithelium morphology
MP:0030788	1860	abnormal femur head morphology
MP:0003685	2410	abnormal cardiac ganglion morphology
MP:0013620	4493	increased internal diameter of femur
MP:0005332	48	abnormal amino acid level
MP:0008724	822	impaired eosinophil chemotaxis
MP:0011700	1229	increased cumulus expansion
MP:0010873	2295	decreased trabecular bone mass
MP:0009852	1108	increased Sertoli cell phagocytosis
MP:0010200	276	enlarged lymphatic vessel
MP:0003971	1095	abnormal thyroid-stimulating hormone level
MP:0004133	3238	heterotaxia
MP:0004532	4159	abnormal inner hair cell stereociliary bundle morphology
MP:0006280	2934	abnormal digit development
MP:0012448	5489	abnormal primary motor cortex morphology
MP:0014183	2282	increased respiratory epithelial sodium ion transmembrane transport
MP:0013379	1545	decreased sebocyte cell number
MP:0005587	612	abnormal Meckel's cartilage morphology
MP:0003834	2132	abnormal adrenergic chromaffin cell morphology
MP:0020338	2038	abnormal hippocampal pyramidal neuron dendrite morphology
MP:0013330	659	abnormal male accessory sex gland morphology
MP:0000604	3010	amyloidosis
MP:0010794	3223	abnormal stomach submucosa morphology
MP:0006095	712	absent amacrine cells
MP:0009377	4661	ectopic manchette
MP:0004837	5346	abnormal neural fold formation
MP:0020394	5637	decreased neuronal precursor proliferation
MP:0013891	4779	increased common myeloid progenitor cell number
MP:0004005	364	impaired contractility of intestinal smooth muscle
MP:0013272	4957	abnormal translation
MP:0001653	796	gastric necrosis
MP:0012177	2638	delayed head development
MP:0013567	3250	gastric gland atrophy
MP:0030692	5744	decreased serine level
MP:0009339	1913	decreased splenocyte number
MP:0012726	206	abnormal uterine spiral artery morphology
MP:0003545	507	increased alcohol consumption
MP:0004952	2786	increased spleen weight
MP:0003926	5437	decreased cellular glucose uptake
MP:0011104	6062	embryonic lethality before implantation, incomplete penetrance
MP:0009591	1278	increased liver adenocarcinoma incidence
MP:0002319	5008	hyperoxia
MP:0013351	1934	abnormal Rathke's pouch development
MP:0002425	5019	abnormal susceptibility to autoimmune disorder
MP:0011721	1292	abnormal bone mineralization involved in bone maturation
MP:0006223	1025	optic nerve swelling
MP:0008289	4544	abnormal adrenal medulla morphology
MP:0030949	943	abnormal Golgi vesicle transport
MP:0005361	6149	small pituitary gland
MP:0011142	4965	abnormal lung-associated mesenchyme development
MP:0002452	1859	abnormal professional antigen presenting cell physiology
MP:0000460	65	mandible hypoplasia
MP:0002637	412	small uterus
MP:0021194	2137	decreased bone mineral density of caudal vertebrae
MP:0008351	6577	decreased gamma-delta intraepithelial T cell number
MP:0013871	2153	abnormal stapedial artery topology
MP:0003383	6296	abnormal gluconeogenesis
MP:0003596	6563	epididymis inflammation
MP:0000192	4230	abnormal mineral level
MP:0000537	5043	abnormal urethra morphology
MP:0011341	1535	abnormal loop of Henle descending limb morphology
MP:0013236	41	ovary degeneration
MP:0021204	2292	abnormal superior pharyngeal constrictor muscle morphology
MP:0002639	3443	micrognathia
MP:0003635	4603	abnormal synaptic transmission
MP:0006010	3964	absent strial intermediate cells
MP:0006097	1334	abnormal cerebellar lobule formation
MP:0008101	7065	lymph node hypoplasia
MP:0003563	2418	abnormal pancreatic alpha cell physiology
MP:0005023	1009	abnormal wound healing
MP:0010449	3117	heart right ventricle outflow tract stenosis
MP:0009278	490	abnormal bone marrow cell physiology
MP:0010924	2044	abnormal osteoid morphology
MP:0014101	4534	decreased chondrocyte proliferation
MP:0010674	4797	increased activation-induced B cell apoptosis
MP:0004227	6882	increased cellular sensitivity to ionizing radiation
MP:0003492	4270	abnormal involuntary movement
MP:0012126	1862	abnormal placenta hemotrichorial membrane morphology
MP:0000046	22	abnormal sulcus ampullaris morphology
MP:0013764	5470	decreased T-helper cell number
MP:0004982	2335	abnormal osteoclast morphology
MP:0030341	1592	fourth pharyngeal arch artery hypoplasia
MP:0000628	1376	abnormal mammary gland development
MP:0003132	6076	increased pre-B cell number
MP:0004301	14	absent organ of Corti supporting cells
MP:0009245	395	caudal rachischisis
MP:0006046	5670	atrioventricular valve regurgitation
MP:0011236	5119	increased blood oxygen capacity
MP:0002281	4377	abnormal respiratory mucosa goblet cell morphology
MP:0010769	6827	abnormal survival
MP:0005335	4504	abnormal gonadal fat pad morphology
MP:0012063	760	absent tail bud
MP:0004013	2401	decreased pulmonary artery pressure
MP:0013376	249	abnormal sebocyte differentiation
MP:0030106	203	small incus
MP:0004802	199	decreased susceptibility to systemic lupus erythematosus
MP:0011489	2260	ureteropelvic junction atresia
MP:0006402	487	small molars
MP:0008471	5868	abnormal spleen primary B follicle morphology
MP:0009424	923	decreased extensor digitorum longus weight
MP:0008545	6665	absent sperm flagellum
MP:0031457	1897	abnormal vomeronasal cartilage morphology
MP:0003102	542	sclera thinning
MP:0004161	5259	cervical aortic arch
MP:0012541	6146	absent lamina terminalis
MP:0010907	5882	absent lung buds
MP:0009773	6154	absent retina
MP:0030981	1846	abnormal dentate gyrus subgranular zone morphology
MP:0031462	1526	decreased palatal shelf size
MP:0030065	461	face hypoplasia
MP:0008127	7049	decreased dendritic cell number
MP:0001333	1267	absent optic nerve
MP:0004222	2111	iris synechia
MP:0006290	2765	proboscis
MP:0008382	910	gonial bone hypoplasia
MP:0000478	5457	delayed intestine development
MP:0010923	6695	calcified pulmonary alveolus
MP:0030113	1420	maxillary sinus inflammation
MP:0010090	3434	increased circulating creatine kinase level
MP:0003416	5127	premature bone ossification
MP:0020351	1567	decreased vocalization
MP:0002769	4652	abnormal vas deferens morphology
MP:0004741	516	mixed hearing loss
MP:0005410	3288	abnormal fertilization
MP:0003873	1580	pharyngeal arch hypoplasia
MP:0005522	6102	increased circulating atrial natriuretic factor
MP:0013540	1213	increased submandibular gland apoptosis
MP:0014169	5287	decreased brown adipose tissue mass
MP:0009729	6389	absent tarsus bones
MP:0005479	548	decreased circulating triiodothyronine level
MP:0011903	4604	decreased hematopoietic stem cell proliferation
MP:0001393	3307	ataxia
MP:0030843	1403	elbow dislocation
MP:0012794	2515	increased rhombomere 3 size
MP:0013233	6616	ectopic thyroid gland
MP:0031283	1038	increased enchondroma incidence
MP:0003652	7067	abnormal skin turgor
MP:0000284	2980	double outlet right ventricle
MP:0011696	5256	absent mast cells
MP:0002433	5038	abnormal T-helper 1 cell morphology
MP:0020183	2858	abnormal susceptibility to fungal infection
MP:0004908	2926	abnormal seminal vesicle weight
MP:0011805	4631	decreased cell migration
MP:0001689	7082	incomplete somite formation
MP:0013861	2049	abnormal pancreas topology
MP:0003423	5956	reduced thrombolysis
MP:0002997	4682	enlarged seminal vesicle
MP:0009051	6696	dilated distal convoluted tubule
MP:0011833	1760	abnormal cremaster muscle morphology
MP:0002628	5064	hepatic steatosis
MP:0005476	1777	abnormal circulating triiodothyronine level
MP:0004786	5563	abnormal common cardinal vein morphology
MP:0002841	5080	impaired skeletal muscle contractility
MP:0003863	4352	decreased aggression towards mice
MP:0002282	2557	abnormal trachea morphology
MP:0010057	308	abnormal olfactory bulb outer nerve layer morphology
MP:0013670	2568	increased Ly6C-positive immature NK cell number
MP:0031136	963	muscle hemorrhage
MP:0000865	411	absent cerebellum vermis
MP:0006070	4824	increased retina photoreceptor cell number
MP:0009621	1700	primary vitreous hyperplasia
MP:0005610	5176	increased circulating antidiuretic hormone level
MP:0005231	5444	abnormal brachial lymph node morphology
MP:0001585	645	hemolytic anemia
MP:0013159	819	Purkinje cell axonal dystrophy
MP:0020845	4246	abnormal DNA-templated transcription
MP:0013864	1411	enlarged paraumbilical vein
MP:0009991	307	abnormal cerebellum vermis lobule IV morphology
MP:0005000	4608	abnormal immune tolerance
MP:0000278	94	abnormal myocardial fiber morphology
MP:0009089	6351	short uterine horn
MP:0001134	1564	absent corpus luteum
MP:0009273	10	abnormal hair shaft melanin granule shape
MP:0010478	572	intracranial aneurysm
MP:0030407	323	abnormal stapes crus morpholgy
MP:0010136	6105	decreased DN4 thymocyte number
MP:0030054	1721	decreased forehead pigmentation
MP:0006230	130	iris stroma hypoplasia
MP:0010594	220	thick aortic valve
MP:0009178	3898	absent pancreatic alpha cells
MP:0011486	1343	ectopic ureter
MP:0011045	4681	decreased lung elastance
MP:0000440	5326	domed cranium
MP:0004320	3008	split sternum
MP:0003684	3601	abnormal inferior olivary complex morphology
MP:0010324	2293	abnormal malleus processus brevis morphology
MP:0014044	6775	absent cardiac outflow tract
MP:0011096	1428	embryonic lethality between implantation and somite formation, complete penetrance
MP:0013119	723	abdomen swellings
MP:0008671	1673	abnormal interleukin-13 secretion
MP:0008585	877	absent photoreceptor outer segment
MP:0004985	1401	decreased osteoclast cell number
MP:0011502	284	parietal capsular epithelium metaplasia
MP:0004215	1143	abnormal myocardial fiber physiology
MP:0008185	3691	decreased naive B cell number
MP:0000873	6392	thin external granule cell layer
MP:0006393	6948	absent nucleus pulposus
MP:0008380	6679	abnormal gonial bone morphology
MP:0009115	5649	abnormal fat cell morphology
MP:0000045	1057	abnormal hair cell morphology
MP:0006061	718	right atrial isomerism
MP:0030225	4283	abnormal cranial vertex morphology
MP:0002432	691	abnormal CD4-positive, alpha beta T cell morphology
MP:0005226	3373	abnormal vertebral arch development
MP:0000884	5845	delaminated Purkinje cell layer
MP:0003256	2565	biliary cirrhosis
MP:0004232	5475	decreased muscle weight
MP:0004152	5850	abnormal circulating iron level
MP:0014118	780	decreased pancreatic beta cell apoptosis
MP:0001547	1560	abnormal lipid level
MP:0013953	6103	left sided brachiocephalic trunk
MP:0008873	1255	increased physiological sensitivity to xenobiotic
MP:0012800	3509	abnormal rhombomere 5 morphology
MP:0009191	1667	decreased pancreatic epsilon cell number
MP:0030029	4689	wide cranial sutures
MP:0005617	6163	increased susceptibility to type IV hypersensitivity reaction
MP:0009167	5200	increased pancreatic islet number
MP:0003950	3595	abnormal plasma membrane morphology
MP:0030447	834	abnormal presphenoid synchondrosis
MP:0012361	4514	decreased large unstained cell number
MP:0030932	5323	hypopyon
MP:0003948	1957	abnormal gas homeostasis
MP:0006024	6776	collapsed Reissner membrane
MP:0012501	4738	abnormal pericardial cavity morphology
MP:0030938	6650	abnormal reticulophagy
MP:0011345	1701	truncated loop of Henle
MP:0030678	3021	increased hydroxyproline level
MP:0020422	153	decreased freezing behavior
MP:0005288	2924	abnormal oxygen consumption
MP:0004262	3913	abnormal physical strength
MP:0002661	860	abnormal corpus epididymis morphology
MP:0009149	5757	decreased pancreatic acinar cell number
MP:0031300	262	perineal hypospadia
MP:0001675	1176	abnormal ectoderm development
MP:0008391	2743	abnormal primordial germ cell morphology
MP:0030682	6215	hydroxyprolinuria
MP:0012155	1354	abnormal optic pit morphology
MP:0013270	3149	fourth pharyngeal arch hypoplasia
MP:0001348	4726	abnormal lacrimal gland physiology
MP:0002945	3875	abnormal inhibitory postsynaptic currents
MP:0000620	1281	narrow salivary ducts
MP:0005649	6097	increased spleen neoplasm incidence
MP:0006120	797	mitral valve prolapse
MP:0000034	2750	abnormal inner ear vestibule morphology
MP:0012339	985	hyperkalemia
MP:0010574	6755	dilated aorta
MP:0009994	786	abnormal cerebellum vermis lobule VI morphology
MP:0004065	4850	increased susceptibility to induced muscular atrophy
MP:0003840	5383	abnormal coronal suture morphology
MP:0004556	5884	enlarged allantois
MP:0010647	6033	left atrium hypoplasia
MP:0003907	4416	decreased aorta elastin content
MP:0003458	2214	decreased circulating ketone body level
MP:0003198	4989	calcified tendon
MP:0009156	2910	absent pancreatic acini
MP:0008288	211	abnormal adrenal cortex morphology
MP:0020515	3956	abnormal visceral yolk sac endoderm morphology
MP:0003642	7001	absent seminal vesicle
MP:0011073	777	abnormal macrophage apoptosis
MP:0030479	361	increased osteocyte apoptosis
MP:0014011	3212	abnormal ovary tissue architecture
MP:0002808	27	abnormal barbering behavior
MP:0021165	6797	behavioral developmental delay
MP:0010721	626	short sublingual duct
MP:0030273	5993	mandibular retrognathia
MP:0004031	3111	insulitis
MP:0005175	6576	non-pigmented tail tip
MP:0008947	6812	increased neuron number
MP:0009288	1058	increased epididymal fat pad weight
MP:0010605	1589	thick pulmonary valve cusps
MP:0000412	5429	excessive hair
MP:0030920	2076	small hair follicle bulb
MP:0009207	2102	internal male genitalia hypoplasia
MP:0014092	4171	abnormal pancreatic primary cilium morphology
MP:0003740	2556	fusion of middle ear ossicles
MP:0009090	158	myometrium hypoplasia
MP:0004897	151	otosclerosis
MP:0003648	1566	abnormal radial glial cell morphology
MP:0010096	6621	abnormal incisor color
MP:0012574	1712	decreased noradrenaline level
MP:0013718	2969	galactostasis
MP:0031013	4859	abnormal egg activation
MP:0013762	3630	abnormal effector T cell number
MP:0006197	6802	ocular hypotelorism
MP:0013685	2357	decreased late germinal center B cell number
MP:0013604	1722	abnormal adult Leydig cell differentiation
MP:0002685	3787	abnormal spermatogonia proliferation
MP:0002079	939	increased circulating insulin level
MP:0001163	291	abnormal prostate gland anterior lobe morphology
MP:0009342	118	enlarged gallbladder
MP:0000829	3762	dilated fourth ventricle
MP:0002653	3745	abnormal ependyma morphology
MP:0013808	5715	abnormal tunnel of Corti morphology
MP:0000771	3717	abnormal brain size
MP:0012008	2815	delayed parturition
MP:0001665	51	chronic diarrhea
MP:0010588	6484	conotruncal ridge hyperplasia
MP:0004839	349	bile duct hyperplasia
MP:0002533	4460	abnormal type III hypersensitivity reaction
MP:0000580	1460	deformed nails
MP:0008533	5197	abnormal anterior visceral endoderm morphology
MP:0030743	1109	decreased aspartic acid level
MP:0012017	4499	grizzled coat color
MP:0003608	1371	prostate gland inflammation
MP:0000361	1554	decreased mast cell protease storage
MP:0005601	960	increased angiogenesis
MP:0012667	1153	split sternal manubrium
MP:0002710	88	increased glucagon secretion
MP:0002971	869	abnormal brown adipose tissue morphology
MP:0031052	1825	lymph node necrosis
MP:0008797	2636	facial cleft
MP:0030417	1124	craniofacial hyperostosis
MP:0012785	475	decreased rhombomere 1 size
MP:0004951	3446	abnormal spleen weight
MP:0008703	708	decreased interleukin-5 secretion
MP:0002813	2849	microcytosis
MP:0011699	5112	abnormal brown adipose tissue thermogenesis
MP:0003732	4171	abnormal retina outer plexiform layer morphology
MP:0013390	1881	Meibomian gland cyst
MP:0012461	2062	increased brain internal capsule size
MP:0006328	2219	nonsyndromic hearing impairment
MP:0012216	3249	decreased plasmalogen level
MP:0003989	2617	abnormal barrel cortex morphology
MP:0011267	3421	abnormal excitatory postsynaptic current amplitude
MP:0006198	3980	enophthalmos
MP:0003216	5536	absence seizures
MP:0001196	1168	shiny skin
MP:0000385	1851	distended hair follicles
MP:0004480	972	abnormal round window morphology
MP:0011181	6026	increased hematopoietic cell number
MP:0003600	194	ectopic kidney
MP:0008673	47	decreased interleukin-13 secretion
MP:0009331	929	absent primitive node
MP:0009673	5917	increased birth weight
MP:0001740	1509	failure of adrenal epinephrine secretion
MP:0000030	910	abnormal tympanic ring morphology
MP:0009932	5713	skin fibrosis
MP:0000846	4468	abnormal medulla oblongata morphology
MP:0031054	4496	bronchiolitis
MP:0000448	4287	pointed snout
MP:0000589	4783	thin tail
MP:0002652	1840	thin myocardium
MP:0004317	1947	small vestibular saccule
MP:0013417	140	decreased memory-marker gamma-delta T cell number
MP:0002766	5314	situs inversus
MP:0011522	680	abnormal placental labyrinth villi morphology
MP:0000681	1415	abnormal thyroid gland morphology
MP:0008058	1842	abnormal DNA repair
MP:0011919	3654	abnormal R wave
MP:0012045	2828	increased susceptibility to hypertension
MP:0031385	1185	enhanced blood-brain barrier function
MP:0006285	268	absent inner ear
MP:0008156	1439	decreased diameter of tibia
MP:0000300	2912	thin atrioventricular cushion
MP:0003158	4135	dysphagia
MP:0000866	154	cerebellum vermis hypoplasia
MP:0013732	4564	mature cataract
MP:0001933	6114	abnormal litter size
MP:0004538	3287	abnormal maxillary shelf morphology
MP:0009957	307	abnormal cerebellum vermis lobule morphology
MP:0002579	5341	disorganized secondary lens fibers
MP:0012424	129	decreased alimentary system tumor incidence
MP:0020382	1854	increased kidney epithelial cell primary cilium length
MP:0031265	3960	increased susceptibility to hepatic steatosis
MP:0003353	4686	decreased circulating renin level
MP:0000814	1148	absent dentate gyrus
MP:0010191	1828	abnormal choroid melanocyte morphology
MP:0003880	4917	abnormal central pattern generator function
MP:0008411	4396	decreased cellular sensitivity to ultraviolet irradiation
MP:0000780	3806	abnormal corpus callosum morphology
MP:0004042	3446	decreased susceptibility to kidney reperfusion injury
MP:0003190	5802	fused synovial joints
MP:0011954	512	shortened PQ interval
MP:0010089	1546	abnormal circulating creatine kinase level
MP:0008139	7017	fused podocyte foot processes
MP:0011871	5752	podocyte hypertrophy
MP:0030107	2080	incus hypoplasia
MP:0013162	634	abnormal thyroid gland isthmus morphology
MP:0010953	3985	abnormal fatty acid oxidation
MP:0001704	2255	abnormal dorsal-ventral axis patterning
MP:0009851	5865	abnormal Sertoli cell phagocytosis
MP:0010818	1023	adhesive atelectasis
MP:0013139	5697	moribund
MP:0004632	6666	abnormal cochlear OHC efferent innervation pattern
MP:0031083	983	increased circulating D-dimer level
MP:0002577	6688	reduced enamel thickness
MP:0010889	4596	small alveolar lamellar bodies
MP:0011481	1511	anterior iris synechia
MP:0030519	3395	abnormal inner dental epithelium morphology
MP:0020355	4498	abnormal Sertoli cell barrier morphology
MP:0030458	355	abnormal tooth wear
MP:0010725	6938	thin interventricular septum
MP:0030012	4455	impaired central nervous system regeneration
MP:0013514	6607	increased memory-marker CD4-negative NK T cell number
MP:0003044	4758	impaired basement membrane formation
MP:0009504	1543	abnormal mammary gland epithelium morphology
MP:0010919	7137	increased number of pulmonary neuroendocrine bodies
MP:0005118	1406	decreased circulating pituitary hormone level
MP:0021052	286	abnormal renal arterial blood pressure regulation
MP:0003606	711	kidney failure
MP:0005148	722	seminal vesicle hypoplasia
MP:0003156	1896	abnormal leukocyte migration
MP:0002039	6268	increased neuroblastoma incidence
MP:0006332	1533	abnormal cochlear potential
MP:0012683	296	absent telencephalon
MP:0020581	6071	abnormal neuron polarity
MP:0002133	770	abnormal respiratory system physiology
MP:0013199	6184	increased head mesenchyme apoptosis
MP:0008138	6605	absent podocyte foot process
MP:0012685	270	abnormal primitive streak elongation
MP:0000785	6532	telencephalon hypoplasia
MP:0010898	6977	abnormal pulmonary alveolus epithelium morphology
MP:0013658	545	abnormal myeloid cell morphology
MP:0020533	2991	decreased pons size
MP:0003009	2371	abnormal cytokine secretion
MP:0031458	150	absent palate bones
MP:0004570	761	absent glossopharyngeal nerve
MP:0000153	427	rib bifurcation
MP:0012007	4816	abnormal chloride level
MP:0031325	1189	delayed pancreas regeneration
MP:0004929	3479	decreased epididymis weight
MP:0003877	5988	abnormal serotonergic neuron morphology
MP:0008892	219	abnormal sperm flagellum morphology
MP:0011178	1615	increased erythroblast number
MP:0000481	840	abnormal enterocyte cell number
MP:0003993	1099	abnormal ventral spinal root morphology
MP:0020507	2918	increased dendritic spine density
MP:0011966	1608	abnormal auditory brainstem response waveform shape
MP:0013140	3791	excessive vocalization
MP:0000392	4486	accelerated hair follicle regression
MP:0013550	2527	abnormal secondary palate morphology
MP:0030383	4291	small presphenoid bone
MP:0008702	833	increased interleukin-5 secretion
MP:0004109	7010	abnormal Sertoli cell development
MP:0011321	997	abnormal peritubular capillary morphology
MP:0005178	2234	increased circulating cholesterol level
MP:0003096	4847	increased corneal light-scattering
MP:0031015	3060	abnormal granulosa cell apoptosis
MP:0031040	3067	increased susceptibility to Picornaviridae infection induced morbidity/mortality
MP:0005609	3292	abnormal circulating antidiuretic hormone level
MP:0010559	4316	heart block
MP:0001152	999	increased Leydig cell number
MP:0009534	1167	absent anterior lingual gland
MP:0001541	1771	abnormal osteoclast physiology
MP:0014170	212	increased brown adipose tissue mass
MP:0031134	3615	increased carotid artery tortuosity
MP:0012268	5111	absent red nucleus
MP:0006069	1700	abnormal retina neuronal layer morphology
MP:0011973	1538	abnormal circulating glycerol level
MP:0003567	6724	abnormal fetal cardiomyocyte proliferation
MP:0010878	272	increased trabecular bone volume
MP:0008680	1225	abnormal interleukin-17 secretion
MP:0010545	4274	abnormal heart layer morphology
MP:0020087	316	increased susceptibility to non-insulin-dependent diabetes
MP:0009929	5415	meningomyelocele
MP:0011078	5575	increased macrophage cytokine production
MP:0012511	5272	dilated aortic sac
MP:0030284	5162	short mandibular coronoid process
MP:0008608	6162	increased circulating interleukin-13 level
MP:0002729	5619	abnormal inner ear canal morphology
MP:0030872	37	small cricoid cartilage
MP:0020309	86	increased creatine kinase activity
MP:0013784	907	abnormal mammary gland bud elongation
MP:0010420	1275	muscular ventricular septal defect
MP:0004594	1294	abnormal mandibular coronoid process morphology
MP:0006035	2603	abnormal mitochondrial morphology
MP:0031159	1664	abnormal hepatic portal vein thrombosis
MP:0011729	713	abnormal pineal gland melatonin secretion
MP:0010375	5210	increased kidney iron level
MP:0011906	4074	increased Schwann cell proliferation
MP:0000160	3329	kyphosis
MP:0030578	5234	decreased keratinocyte adhesion
MP:0005250	2065	decreased Sertoli cell number
MP:0008840	6922	abnormal spike wave discharge
MP:0003427	6512	parakeratosis
MP:0000755	3315	hindlimb paralysis
MP:0004646	427	decreased cervical vertebrae number
MP:0030039	3865	abnormal facial muscle morphology
MP:0003257	3066	abnormal abdominal wall morphology
MP:0000064	2301	failure of bone resorption
MP:0013303	2138	decreased pancreas iron level
MP:0008901	2771	absent epididymal fat pad
MP:0003755	401	abnormal palate morphology
MP:0012519	2169	dilated Brunner's gland
MP:0002352	1537	abnormal popliteal lymph node morphology
MP:0009918	1933	abnormal stylohyoid ligament morphology
MP:0003268	1677	chronic constipation
MP:0003995	1395	abnormal uterine artery morphology
MP:0009547	1330	elliptocytosis
MP:0010252	2680	anterior subcapsular cataract
MP:0004652	5994	small caudal vertebrae
MP:0000519	862	hydronephrosis
MP:0001005	4126	abnormal retina rod cell morphology
MP:0003743	1280	abnormal facial morphology
MP:0010968	2756	decreased compact bone area
MP:0004963	4325	abnormal blastocoele morphology
MP:0002284	114	abnormal tracheal smooth muscle morphology
MP:0002032	1278	increased sarcoma incidence
MP:0021159	6377	increased heart right ventricle wall thickness
MP:0030030	7075	Wormian bones
MP:0001759	1870	increased urine glucose level
MP:0013817	571	absent nasal cavity
MP:0030195	755	abnormal internasal suture morphology
MP:0008940	292	delayed balanopreputial separation
MP:0000500	2784	small intestinal prolapse
MP:0013239	4323	impaired skeletal muscle regeneration
MP:0004081	3948	abnormal globus pallidus morphology
MP:0006382	6655	abnormal lung epithelium morphology
MP:0009857	5673	absent kidney cortex
MP:0008392	1083	decreased primordial germ cell number
MP:0009892	5690	palate bone hypoplasia
MP:0004171	6969	abnormal pallium development
MP:0010054	6340	increased hepatoblastoma incidence
MP:0002320	767	hyperventilation
MP:0030302	5880	abnormal maxillary zygomatic process morphology
MP:0020965	1758	increased platelet dense granule secretion
MP:0009016	1219	abnormal estrus
MP:0020811	3051	abnormal photoreceptor outer segment size
MP:0012792	5276	abnormal rhombomere 3 morphology
MP:0002862	6334	abnormal righting response
MP:0013640	272	increased bone stiffness
MP:0020467	1029	abnormal circadian behavior
MP:0011789	3282	increased urethra carcinoma incidence
MP:0009376	915	abnormal manchette morphology
MP:0030278	1124	thick neurocranium
MP:0011887	2619	decreased circulating lipase level
MP:0031414	949	decreased skeletal muscle triglyceride level
MP:0020301	5126	short tongue
MP:0020432	423	decreased platelet dense granule number
MP:0003929	3611	decreased heart rate variability
MP:0000664	6945	small prostate gland anterior lobe
MP:0010300	1286	increased skin tumor incidence
MP:0000791	304	delaminated cerebral cortex
MP:0010283	6564	decreased classified tumor incidence
MP:0003293	5075	rectal hemorrhage
MP:0008911	2425	induced hyperactivity
MP:0008700	708	decreased interleukin-4 secretion
MP:0005282	1426	decreased fatty acids level
MP:0009674	3839	decreased birth weight
MP:0020948	2458	abnormal susceptibility to Coronaviridae infection
MP:0006080	4696	brain ischemia
MP:0009640	4264	abnormal renal tubule epithelium morphology
MP:0004235	891	abnormal masseter muscle morphology
MP:0002027	2278	increased lung adenocarcinoma incidence
MP:0003899	821	abnormal QT interval
MP:0009064	202	oviduct atrophy
MP:0020330	960	increased capillary density
MP:0008699	833	increased interleukin-4 secretion
MP:0030860	4434	patellar dislocation
MP:0004738	5756	abnormal auditory brainstem response
MP:0004070	1943	abnormal P wave
MP:0003871	4414	abnormal myelin sheath morphology
MP:0005312	2086	pericardial effusion
MP:0013948	2738	intraembryonal intestine elongation
MP:0012302	5921	umbilical artery stenosis
MP:0005658	2374	increased susceptibility to diet-induced obesity
MP:0009923	6902	decreased transitional stage T1 B cell number
MP:0012400	1634	nail dystrophy
MP:0006426	1475	Mullerian duct degeneration
MP:0009431	363	decreased fetal weight
MP:0011511	2710	biventricular, ambiguous atrioventricular connection
MP:0030490	7070	periodontal pocket
MP:0008470	155	abnormal spleen B cell follicle morphology
MP:0000630	543	mammary gland hyperplasia
MP:0001065	205	abnormal trigeminal nerve morphology
MP:0001272	358	increased metastatic potential
MP:0011452	4030	decreased susceptibility to dopaminergic neuron neurotoxicity
MP:0008723	5490	impaired eosinophil recruitment
MP:0002467	4391	impaired neutrophil phagocytosis
MP:0010056	2600	ectopic skeletal muscle
MP:0009472	566	increased urine sulfate level
MP:0011636	872	disorganized mitochondrial cristae
MP:0011246	4491	abnormal fetal liver hematopoietic progenitor cell morphology
MP:0021093	2035	abnormal dorsal interneuron 2 morphology
MP:0009511	3588	distended stomach
MP:0000487	2567	absent enterocytes
MP:0013468	3034	chromodacryorrhea
MP:0010471	1053	supravalvar aortic stenosis
MP:0030507	1715	abnormal dental papilla morphology
MP:0003553	1196	abnormal foreskin morphology
MP:0006391	506	abnormal vestibular endolymph ionic homeostasis
MP:0011557	741	increased susceptibility to induced choroid neovascularization
MP:0010911	1894	abnormal pulmonary acinus morphology
MP:0004421	3922	enlarged parietal bone
MP:0010957	4947	abnormal aerobic respiration
MP:0012545	2825	syringomyelia
MP:0013389	6195	Meibomian gland hypoplasia
MP:0030689	3267	cystathioninuria
MP:0010033	2716	paraphimosis
MP:0020384	5092	absent kidney epithelial cell primary cilium
MP:0008008	1199	early cellular replicative senescence
MP:0020861	2927	abnormal corneal wound healing
MP:0006261	5170	annular pancreas
MP:0010658	2238	thoracic aorta aneurysm
MP:0030779	2903	decreased urine citrate level
MP:0010219	5282	increased T-helper 17 cell number
MP:0030077	3028	small cranial cavity
MP:0030495	1627	absent tooth root
MP:0005119	5509	decreased circulating thyroid-stimulating hormone level
MP:0004619	2124	caudal vertebral fusion
MP:0002578	4157	impaired ability to fire action potentials
MP:0004824	7034	decreased susceptibility to experimental autoimmune myasthenia gravis
MP:0000905	6949	increased superior colliculus size
MP:0001218	1570	thin epidermis
MP:0004557	459	dilated allantois
MP:0010488	293	abnormal left subclavian artery morphology
MP:0010731	17	absent ventral tubercle of atlas
MP:0003933	3896	abnormal cementum morphology
MP:0000380	3799	small hair follicles
MP:0012548	4178	myelocele
MP:0031079	381	increased circulating troponin I level
MP:0003312	4733	abnormal locomotor coordination
MP:0001764	4410	abnormal homeostasis
MP:0010856	787	dilated respiratory conducting tube
MP:0003430	23	increased pancreatic islet cell adenoma incidence
MP:0004684	5585	intervertebral disk degeneration
MP:0002734	4713	abnormal mechanical nociception
MP:0000468	1128	abnormal esophageal epithelium morphology
MP:0011000	190	abnormal allogrooming behavior
MP:0005517	6789	impaired liver regeneration
MP:0011739	14	abnormal Boettcher cell morphology
MP:0001274	1528	curly vibrissae
MP:0008368	1753	small pituitary intermediate lobe
MP:0010935	5603	increased airway resistance
MP:0001214	3632	skin hyperplasia
MP:0009041	5693	absent colliculi
MP:0031422	6662	failure of superovulation
MP:0020126	3895	decreased circulating HDL phospholipid level
MP:0009204	5458	absent external male genitalia
MP:0003060	4129	increased aerobic running capacity
MP:0009514	1632	titubation
MP:0005124	6338	increased circulating prolactin level
MP:0006063	615	abnormal inferior vena cava morphology
MP:0004846	6103	absent skeletal muscle
MP:0001289	1643	persistence of hyaloid vascular system
MP:0011633	2032	abnormal mitochondrial shape
MP:0004900	302	absent zygomatic arch
MP:0012582	1524	increased peroxidase activity
MP:0000350	5854	abnormal cell proliferation
MP:0011863	176	abnormal podocyte physiology
MP:0008365	117	adenohypophysis hypoplasia
MP:0000611	39	jaundice
MP:0012507	3144	midbrain atrophy
MP:0005058	4487	abnormal lysosome morphology
MP:0008568	5222	abnormal interleukin secretion
MP:0001079	1131	absent phrenic nerve
MP:0004543	1524	abnormal sperm physiology
MP:0009677	4288	abnormal spinal cord dorsal column morphology
MP:0004225	4825	patent cardiac foramen ovale
MP:0001908	1967	abnormal somatosensory cortex physiology
MP:0030285	3294	mandibular coronoid process hypoplasia
MP:0006149	3141	decreased visual acuity
MP:0010942	3995	abnormal respiratory epithelium morphology
MP:0006292	2097	abnormal nasal placode morphology
MP:0005516	3952	enhanced liver regeneration
MP:0030475	3065	fused lower incisors
MP:0031192	52	coronary artery spasm
MP:0000576	3991	clubfoot
MP:0030830	633	abnormal acetabulum morphology
MP:0013992	1336	persistent dorsal ophthalmic artery
MP:0009797	2818	abnormal mismatch repair
MP:0013890	6275	increased CD8-positive, CD25-positive alpha-beta T cell number
MP:0010255	3116	cortical cataract
MP:0008532	6042	decreased chemical nociceptive threshold
MP:0000333	1419	decreased bone marrow cell number
MP:0008728	3924	increased memory B cell number
MP:0001314	1875	corneal opacity
MP:0005087	5400	decreased acute inflammation
MP:0012674	6277	tomacula
MP:0030770	2374	increased urine adrenaline level
MP:0008213	616	absent immature B cells
MP:0030703	6944	increased circulating threonine level
MP:0004167	3647	abnormal cingulate gyrus morphology
MP:0009564	271	abnormal meiotic configurations
MP:0020350	1930	fused pharyngeal arches
MP:0010821	2645	abnormal visceral pleura morphology
MP:0003320	1198	rectovaginal fistula
MP:0009276	3039	ecchymosis
MP:0030451	737	abnormal dentin mineralization
MP:0008512	5679	disorganized retina inner nuclear layer
MP:0004141	2785	abnormal enteroendocrine cell morphology
MP:0009808	6144	decreased oligodendrocyte number
MP:0011057	21	absent brain ependyma motile cilia
MP:0010074	6997	stomatocytosis
MP:0000264	4798	failure of vascular branching
MP:0030102	605	absent orbitosphenoid bone
MP:0005399	4148	increased susceptibility to fungal infection
MP:0013281	1242	increased cytotoxic T cell cytolysis
MP:0001123	2129	dilated uterus
MP:0011148	1623	decreased mesenchymal cell proliferation involved in lung development
MP:0005169	6943	abnormal male meiosis
MP:0011964	7026	increased total retina thickness
MP:0012098	5449	increased spongiotrophoblast size
MP:0005397	5792	hematopoietic system phenotype
MP:0008413	6372	decreased cellular sensitivity to oxidative stress
MP:0009048	698	enlarged tectum
MP:0011493	1651	double ureter
MP:0031139	2740	abnormal retina artery morphology
MP:0004086	1833	absent heartbeat
MP:0030521	4736	abnormal cervical loop morphology
MP:0005300	2305	abnormal corneal stroma morphology
MP:0003672	802	abnormal ureter development
MP:0001836	1656	abnormal antigen presentation via MHC class I
MP:0001346	6628	abnormal lacrimal gland morphology
MP:0030540	4983	misaligned teeth
MP:0005615	1217	increased susceptibility to type III hypersensitivity reaction
MP:0013209	2412	abnormal motile cilium physiology
MP:0000137	93	abnormal vertebrae morphology
MP:0009303	6547	decreased renal fat pad weight
MP:0005668	1876	decreased circulating leptin level
MP:0009685	437	abnormal spinal cord motor column morphology
MP:0002423	1515	abnormal mast cell physiology
MP:0030517	431	detached junctional epithelium
MP:0012615	650	decreased circulating factor IX level
MP:0004281	1205	abnormal hypoglossal nucleus morphology
MP:0000266	184	abnormal heart morphology
MP:0030044	935	short forehead
MP:0005433	2202	absent early pro-B cells
MP:0010645	2186	failure of conotruncal ridge closure
MP:0004705	2408	elongated vertebral body
MP:0004280	3262	abnormal oculomotor nucleus morphology
MP:0002573	5726	behavioral despair
MP:0010735	1054	abnormal paranodal axoglial junction morphology
MP:0031216	5096	decreased susceptibility to myocardial ischemic injury
MP:0030408	3658	abnormal stapes posterior crus morphology
MP:0011647	2593	absent sinuatrial valve
MP:0004758	16	absent strial marginal cells
MP:0009941	49	abnormal olfactory bulb interneuron morphology
MP:0008919	54	fused tarsal bones
MP:0009541	1634	increased thymocyte apoptosis
MP:0006056	3778	increased vascular endothelial cell number
MP:0004528	2338	fused outer hair cell stereocilia
MP:0030619	1005	homogentisic aciduria
MP:0001554	3021	increased circulating free fatty acids level
MP:0011877	7058	absent liver
MP:0012337	3468	increased vitamin D level
MP:0000857	6140	abnormal cerebellar foliation
MP:0001175	3019	abnormal lung morphology
MP:0014009	3381	anastomosis between middle cerebral arteries
MP:0003757	1267	high palate
MP:0010785	7109	abnormal stomach pyloric region morphology
MP:0009083	6667	uterus hypertrophy
MP:0011757	375	abnormal kidney collecting duct principal cell morphology
MP:0003248	675	loss of glutamate neurons
MP:0030131	365	abnormal periodontium morphology
MP:0004752	2050	decreased length of allograft survival
MP:0012547	378	spina bifida cystica
MP:0002891	3254	increased insulin sensitivity
MP:0008050	5538	decreased memory T cell number
MP:0002742	4284	enlarged submandibular lymph nodes
MP:0010166	6685	increased response to stress-induced hyperthermia
MP:0009584	5503	decreased keratinocyte proliferation
MP:0001906	2801	increased dopamine level
MP:0008827	3805	abnormal thymus cell ratio
MP:0006182	1326	increased retina hemangioma incidence
MP:0008090	3670	increased T-helper 2 cell number
MP:0014188	257	epididymis fibrosis
MP:0020168	1173	decreased thyroid gland weight
MP:0031113	679	pulmonary parenchymal consolidation
MP:0008564	2949	increased interferon-beta secretion
MP:0012522	2722	abnormal stomodeum morphology
MP:0030072	6206	round face
MP:0000141	5106	abnormal vertebral body morphology
MP:0000653	4634	abnormal sex gland morphology
MP:0001784	375	abnormal fluid regulation
MP:0011477	5286	abnormal urine nucleoside level
MP:0013614	4444	abnormal areal bone mineral density
MP:0001680	352	abnormal mesoderm development
MP:0006375	6428	increased circulating angiotensinogen level
MP:0000920	1983	abnormal myelination
MP:0030695	803	decreased circulating serine level
MP:0009544	5683	abnormal thymus epithelium morphology
MP:0000495	2697	abnormal colon morphology
MP:0000909	1205	abnormal facial motor nucleus morphology
MP:0011257	1523	abnormal head fold morphology
MP:0010173	356	increased mammary gland epithelial cell proliferation
MP:0020469	5445	prolonged circadian behavior period
MP:0020874	2004	abnormal nervous system dopamine level
MP:0008746	4373	abnormal peripheral B cell anergy
MP:0008514	5381	absent retina inner plexiform layer
MP:0001238	7117	thin epidermis stratum spinosum
MP:0006190	7018	retina ischemia
MP:0003421	3755	abnormal thyroid gland development
MP:0003185	1345	decreased angiotensin I-converting enzyme activity
MP:0004380	2190	short frontal bone
MP:0005016	2269	decreased lymphocyte cell number
MP:0012480	2230	decreased amygdala size
MP:0009257	5496	dilated seminiferous tubule
MP:0008584	2953	photoreceptor outer segment degeneration
MP:0012676	1889	dilated brain ventricle
MP:0020491	4573	abnormal ovary topology
MP:0000926	1362	absent floor plate
MP:0004292	4721	abnormal spiral ligament fibrocyte morphology
MP:0006116	25	calcified aortic valve
MP:0010591	275	enlarged aortic valve
MP:0020345	330	abnormal myocardial fiber currents
MP:0008666	1327	increased interleukin-12a secretion
MP:0008869	500	anovulation
MP:0012691	3009	abnormal acetaminophen metabolism
MP:0006087	3672	increased body mass index
MP:0011316	286	abnormal kidney interlobular artery morphology
MP:0030354	2698	premature sagittal suture closure
MP:0006367	374	absent sweat gland
MP:0020288	3008	ectopic limbs
MP:0013707	5723	abnormal hematopoietic precursor cell morphology
MP:0013504	2773	increased embryonic tissue cell apoptosis
MP:0013973	4028	abnormal hepatic vein connection
MP:0013129	5709	abnormal tooth color
MP:0011294	4368	renal glomerulus hypertrophy
MP:0003030	5408	acidemia
MP:0002309	5213	abnormal vital capacity
MP:0004077	251	abnormal striatum morphology
MP:0014164	5962	abnormal ciliary process morphology
MP:0020154	1929	impaired humoral immune response
MP:0010698	1313	abnormal impulsive behavior control
MP:0011934	2251	abnormal branching involved in pancreas development
MP:0000219	887	increased neutrophil cell number
MP:0012194	4387	decreased keratinocyte migration
MP:0030323	277	short styloid process
MP:0013418	282	increased memory-marker gamma-delta T cell number
MP:0008499	3444	increased IgG1 level
MP:0030394	298	abnormal incus short process morphology
MP:0004105	1232	corneal abrasion
MP:0009711	1234	abnormal conditioned place preference behavior
MP:0013965	2095	abnormally deep median sulcus of tongue
MP:0008164	3400	abnormal B-1a B cell morphology
MP:0014126	238	increased mammary gland apoptosis
MP:0013241	5783	embryo tissue necrosis
MP:0009483	748	enlarged ileum
MP:0009787	4336	increased susceptibility to infection induced morbidity/mortality
MP:0008826	333	abnormal splenic cell ratio
MP:0012267	5111	abnormal red nucleus morphology
MP:0002703	1416	abnormal renal tubule morphology
MP:0009384	4386	cardiac valve regurgitation
MP:0031172	750	decreased circulating zinc level
MP:0003675	2471	kidney cyst
MP:0009468	1565	absent magnocellular neurosecretory cells
MP:0020442	2427	serous retina detachment
MP:0008600	5898	decreased circulating interleukin-2 level
MP:0009372	5120	abnormal cumulus oophorus morphology
MP:0011519	1652	abnormal placenta labyrinth size
MP:0030048	2773	sloping forehead
MP:0001588	3939	abnormal hemoglobin
MP:0009634	1392	absent popliteal lymph nodes
MP:0005462	4298	abnormal mast cell differentiation
MP:0002739	49	abnormal olfactory bulb development
MP:0011594	2629	decreased catalase activity
MP:0005227	5504	abnormal vertebral body development
MP:0000358	5929	abnormal cell morphology
MP:0004134	6978	abnormal chest morphology
MP:0003240	22	loss of hippocampal neurons
MP:0006300	4069	abnormal entorhinal cortex morphology
MP:0030514	1641	absent Tomes' process
MP:0013537	3634	increased salivary gland adenoma incidence
MP:0004214	4037	abnormal long bone diaphysis morphology
MP:0030467	56	abnormal cranial cartilage development
MP:0003862	106	decreased aggression towards male mice
MP:0002434	4467	abnormal T-helper 2 cell morphology
MP:0004000	2997	impaired passive avoidance behavior
MP:0010408	2168	sinus venosus atrial septal defect
MP:0014186	4354	epididymis hypertrophy
MP:0009911	1433	increased hyoid bone size
MP:0009886	3556	failure of palatal shelf elevation
MP:0031318	4094	enhanced skeletal muscle regeneration
MP:0005634	2399	decreased circulating sodium level
MP:0030463	533	apical tooth abscess
MP:0012496	576	abnormal pleuropericardial membrane morphology
MP:0004635	373	short metatarsal bones
MP:0012035	2720	abnormal b-wave shape
MP:0003789	537	increased osteosarcoma incidence
MP:0031381	623	decreased secondary ovarian follicle number
MP:0006365	374	absent guard hair
MP:0002110	1498	abnormal digit morphology
MP:0010388	2561	abnormal Bergmann glial cell differentiation
MP:0030299	428	lower jaw to upper jaw transformation
MP:0030934	4345	decreased primordial germ cell proliferation
MP:0009015	3962	short proestrus
MP:0021083	1390	increased cerebrospinal fluid amyloid beta 42 isoform level
MP:0004079	4618	abnormal putamen morphology
MP:0001219	2114	thick epidermis
MP:0013278	5561	decreased fasting circulating glucose level
MP:0000221	1291	decreased leukocyte cell number
MP:0013956	6393	decreased colon length
MP:0003130	6822	anal atresia
MP:0005449	1075	abnormal food intake
MP:0011858	3040	elongated kidney papilla
MP:0010751	2987	decreased susceptibility to parasitic infection induced morbidity/mortality
MP:0030750	745	increased circulating leucine level
MP:0001426	4229	polydipsia
MP:0013673	6008	increased mature NK cell number
MP:0004183	1214	abnormal sympathetic nervous system physiology
MP:0005526	7111	decreased renal plasma flow rate
MP:0013312	2191	absent ovary capsule
MP:0013936	297	abnormal thymus topology
MP:0011929	539	abnormal aortic valve flow
MP:0021009	2614	abnormal synaptic physiology
MP:0009951	6521	abnormal olfactory bulb mitral cell layer morphology
MP:0009062	2909	impaired lectin complement pathway
MP:0006092	1000	abnormal olfactory sensory neuron morphology
MP:0008718	1195	increased lung large cell carcinoma incidence
MP:0012257	1288	absent philtrum
MP:0011667	3401	double outlet right ventricle with atrioventricular septal defect
MP:0004283	7027	absent corneal endothelium
MP:0000547	160	short limbs
MP:0030189	3891	broad snout
MP:0003408	1525	increased width of hypertrophic chondrocyte zone
MP:0005338	933	atherosclerotic lesions
MP:0031034	6523	increased susceptibility to Poxviridae infection induced morbidity/mortality
MP:0005040	5567	abnormal MHC II cell surface expression on macrophages
MP:0005554	764	decreased circulating creatinine level
MP:0009071	412	short oviduct
MP:0001310	5390	abnormal conjunctiva morphology
MP:0001553	3769	abnormal circulating free fatty acids level
MP:0013741	5355	absent thymus corticomedullary boundary
MP:0010822	1422	pneumothorax
MP:0009135	4145	abnormal brown fat cell size
MP:0009361	134	abnormal primordial ovarian follicle morphology
MP:0010011	4006	ectopic hippocampus pyramidal cells
MP:0002584	5584	small ectoplacental cone
MP:0003806	5725	abnormal nucleotide metabolism
MP:0030205	1377	thick nasal septum
MP:0001649	5129	abnormal mandibular symphysis morphology
MP:0014162	1698	decreased circulating cortisol level
MP:0013459	2907	perioral dermatitis
MP:0004254	6736	cerebral amyloid angiopathy
MP:0004011	816	decreased diastolic filling velocity
MP:0031354	1569	abnormal acrosome assembly
MP:0011395	5493	decreased fetal cardiomyocyte proliferation
MP:0012285	2067	misaligned sternebrae
MP:0004170	1490	abnormal orbitofrontal cortex morphology
MP:0012730	4282	abnormal internal carotid artery morphology
MP:0006187	6633	retina deposits
MP:0001395	1344	bidirectional circling
MP:0003064	3134	decreased coping response
MP:0002182	2691	abnormal astrocyte morphology
MP:0012018	2056	abnormal oviduct physiology
MP:0030362	1683	sagittal suture sclerosis
MP:0009296	1690	increased mammary fat pad weight
MP:0003051	2977	curly tail
MP:0008003	5160	achlorhydria
MP:0011184	3826	absent embryonic epiblast
MP:0004255	2508	abnormal spongiotrophoblast layer morphology
MP:0004355	693	short radius
MP:0008285	5063	abnormal hippocampus granule cell layer
MP:0030832	2084	abnormal scapular coracoid process morphology
MP:0003177	2976	allodynia
MP:0000287	742	heart valve hypoplasia
MP:0002630	89	abnormal endocochlear potential
MP:0020356	1444	abnormal Sertoli cell barrier function
MP:0010110	683	abnormal renal phosphate reabsorption
MP:0011141	2514	increased lung endothelial cell apoptosis
MP:0014127	3440	increased thymoma incidence
MP:0011504	5978	abnormal limb long bone morphology
MP:0010240	6676	decreased skeletal muscle size
MP:0003390	557	lymphedema
MP:0009360	4885	endometrium inflammation
MP:0030445	497	abnormal sphenooccipital synchondrosis
MP:0009814	2859	increased prostaglandin level
MP:0030339	2423	absent second pharyngeal arch artery
MP:0001242	2155	hyperkeratosis
MP:0004531	260	short outer hair cell stereocilia
MP:0009952	370	abnormal olfactory bulb subventricular zone morphology
MP:0031167	2651	abnormal lung thrombosis
MP:0008233	6847	abnormal pro-B cell differentiation
MP:0000134	4454	abnormal compact bone thickness
MP:0030970	45	ketosis
MP:0012311	42	decreased defecation amount
MP:0004874	1405	abnormal timing of postnatal eyelid opening
MP:0002258	448	abnormal cricoid cartilage morphology
MP:0011910	4154	decreased pancreatic endocrine progenitor cell proliferation
MP:0031301	3537	chronic liver inflammation
MP:0030700	1766	increased threonine level
MP:0030719	1466	decreased circulating lysine level
MP:0010161	4928	decreased brain cholesterol level
MP:0004674	1874	thin ribs
MP:0030210	642	abnormal genioglossus muscle morphology
MP:0003103	3955	liver degeneration
MP:0008715	1318	increased lung small cell carcinoma incidence
MP:0003658	195	abnormal capillary morphology
MP:0031294	3887	penile hypospadia
MP:0020890	2070	abnormal milk sodium level
MP:0012246	321	abnormal hepatic cord morphology
MP:0004334	287	utricular macular degeneration
MP:0002607	3737	decreased basophil cell number
MP:0021195	2791	increased bone mineral density of caudal vertebrae
MP:0012253	467	abnormal intersomitic vessel morphology
MP:0008354	2826	decreased mature gamma-delta T cell number
MP:0000418	2106	focal hair loss
MP:0002294	6492	short gestation period
MP:0011108	6509	embryonic lethality during organogenesis, incomplete penetrance
MP:0030552	1962	decreased cementoblast number
MP:0009748	5710	abnormal behavioral response to addictive substance
MP:0001522	3867	impaired swimming
MP:0010700	2218	hair follicle comedo
MP:0014071	5467	increased cardiac muscle glycogen level
MP:0011885	2888	abnormal circulating lipase level
MP:0004270	3928	analgesia
MP:0030432	274	large cranial foramen ovale
MP:0009243	5583	hairpin sperm flagellum
MP:0030426	1965	facial muscle hypoplasia
MP:0002496	1238	increased IgD level
MP:0009049	1386	abnormal hallux morphology
MP:0031084	5257	decreased erythrocyte osmotic fragility
MP:0014224	2895	increased ileal goblet cell number
MP:0002001	1299	blindness
MP:0003031	4318	acidosis
MP:0005583	4999	decreased renin activity
MP:0001526	2219	abnormal placing response
MP:0011470	2231	increased urine creatinine level
MP:0013657	4585	abnormal blood cell morphology
MP:0004712	5055	notochord degeneration
MP:0001722	3169	pale yolk sac
MP:0003449	4497	abnormal intestinal goblet cell morphology
MP:0011234	702	abnormal retinol level
MP:0001130	513	abnormal ovarian folliculogenesis
MP:0013582	902	abnormal lateral nasal gland morphology
MP:0003262	6913	intestinal/bowel diverticulum
MP:0004830	2588	short incisors
MP:0010325	1256	abnormal malleus head morphology
MP:0009569	4597	abnormal left lung morphology
MP:0004827	3444	increased susceptibility to autoimmune hemolytic anemia
MP:0030376	2653	thick zygomatic arch
MP:0000997	5016	abnormal synovial joint capsule morphology
MP:0008302	670	thin adrenal cortex
MP:0005271	554	abnormal lacrimal bone morphology
MP:0010099	4538	abnormal thoracic cage shape
MP:0002408	6382	abnormal double-positive T cell morphology
MP:0030942	3770	abnormal microtubule organizing center morphology
MP:0004552	5875	fused tracheal cartilage rings
MP:0000492	5100	abnormal rectum morphology
MP:0001071	2537	abnormal facial nerve morphology
MP:0006047	7123	aortic valve regurgitation
MP:0000930	2931	wavy neural tube
MP:0004582	1092	absent cochlear hair bundle ankle links
MP:0004433	562	abnormal cochlear inner hair cell physiology
MP:0030290	1361	absent soft palate
MP:0004226	6286	absent Schlemm's canal
MP:0009546	1163	absent gastric milk in neonates
MP:0001657	4392	abnormal induced morbidity/mortality
MP:0009533	1167	absent palatine gland
MP:0002138	5350	abnormal hepatobiliary system morphology
MP:0004024	5217	aneuploidy
MP:0004934	3551	epididymis epithelium degeneration
MP:0011185	5440	absent primitive endoderm
MP:0010268	3160	decreased lymphoma incidence
MP:0001244	1776	thin dermal layer
MP:0001602	2152	impaired myelopoiesis
MP:0012094	2755	abnormal Reichert's membrane thickness
MP:0030377	264	zygomatic arch hypoplasia
MP:0001510	1936	abnormal coat appearance
MP:0010618	220	enlarged mitral valve
MP:0011639	2951	decreased mitochondrial DNA content
MP:0005452	3609	abnormal adipose tissue amount
MP:0008147	1517	asymmetric costovertebral joints
MP:0004304	2461	absent spiral limbus
MP:0020316	6838	decreased vascular endothelial cell proliferation
MP:0010012	15	ectopic cerebral cortex pyramidal cells
MP:0003858	4655	enhanced coordination
MP:0010903	1789	abnormal pulmonary alveolus wall morphology
MP:0002115	1960	abnormal limb bone morphology
MP:0013445	1540	Harderian gland atrophy
MP:0020410	129	increased liposarcoma incidence
MP:0031406	1444	decreased Sertoli cell proliferation
MP:0012489	828	abnormal retrosplenial region morphology
MP:0008240	2206	abnormal spleen marginal zone macrophage morphology
MP:0006200	3798	vitreous body deposition
MP:0012365	3012	increased erythrocyte sodium level
MP:0000897	1724	abnormal midbrain morphology
MP:0008284	6900	abnormal hippocampus pyramidal cell layer
MP:0003631	4980	nervous system phenotype
MP:0008838	5859	decreased transforming growth factor beta level
MP:0011190	6228	thick embryonic epiblast
MP:0003147	610	absent cochlea
MP:0030955	2577	abnormal Golgi trans cisterna morphology
MP:0004989	269	decreased osteoblast cell number
MP:0008956	6617	decreased cellular hemoglobin content
MP:0012556	296	increased cell death
MP:0010876	3861	decreased bone volume
MP:0004606	1883	absent vertebral spinous process
MP:0031449	5675	abnormal nasal cartilage morphology
MP:0014083	956	blunted small intestinal villi
MP:0008477	946	decreased spleen red pulp amount
MP:0009309	4977	increased small intestine adenocarcinoma incidence
MP:0031128	3166	cardiovascular shunt
MP:0000937	1765	abnormal motor neuron morphology
MP:0020475	3789	delayed circadian behavior phase
MP:0008387	6557	hypochromic anemia
MP:0002669	2215	abnormal scrotum morphology
MP:0020325	5246	abnormal beige fat cell morphology
MP:0012204	4356	abnormal neuronal stem cell physiology
MP:0014221	3910	increased colon goblet cell number
MP:0020554	4418	decreased stria medullaris size
MP:0006284	1235	absent hypaxial muscle
MP:0009055	4929	abnormal internal anal sphincter morphology
MP:0030200	4893	abnormal nasal septum cartilage morphology
MP:0002620	6017	abnormal monocyte morphology
MP:0008593	2718	increased circulating interleukin-10 level
MP:0030370	2989	absent jugum limitans
MP:0012356	464	increased prothrombin time
MP:0030226	1702	middle ear polyps
MP:0012458	735	decreased hippocampus pyramidal cell length
MP:0003115	4891	abnormal respiratory system development
MP:0000820	1150	abnormal choroid plexus morphology
MP:0012069	6141	abnormal horizontal basal cell of olfactory epithelium morphology
MP:0002716	4004	small male preputial gland
MP:0010916	3883	decreased solitary pulmonary neuroendocrine cell number
MP:0011253	5340	situs inversus with levocardia
MP:0008780	870	increased pancreatic acinar cell carcinoma incidence
MP:0009253	4008	abnormal sympathetic neuron physiology
MP:0010419	3208	inlet ventricular septal defect
MP:0004145	1227	abnormal muscle electrophysiology
MP:0005149	303	abnormal gubernaculum morphology
MP:0011197	2608	abnormal proamniotic cavity morphology
MP:0005104	61	abnormal tarsal bone morphology
MP:0004360	6615	absent ulna
MP:0009801	399	abnormal hair cortex keratinization
MP:0005439	5101	decreased glycogen level
MP:0003088	5891	abnormal prepulse inhibition
MP:0008386	2095	absent styloid process
MP:0005352	3026	small cranium
MP:0013551	3602	decreased cerebellar granule cell precursor proliferation
MP:0011612	3568	increased circulating ghrelin level
MP:0009725	280	absent lens vesicle
MP:0014025	694	decreased subchondral bone mineral content
MP:0009717	1166	absent subcommissural organ
MP:0030091	4519	macrodontia
MP:0004111	6630	abnormal coronary artery morphology
MP:0008078	4616	increased CD8-positive, alpha-beta T cell number
MP:0002344	2092	abnormal lymph node B cell domain morphology
MP:0012604	3267	decreased glutathione level
MP:0006205	3882	embryonic lethality between implantation and somite formation
MP:0008722	734	abnormal chemokine secretion
MP:0005477	1277	increased circulating thyroxine level
MP:0002544	1930	brachydactyly
MP:0011120	5664	increased primordial ovarian follicle number
MP:0004966	4152	abnormal inner cell mass proliferation
MP:0008969	1067	abnormal nasolacrimal duct morphology
MP:0008594	5532	decreased circulating interleukin-10 level
MP:0009462	3881	skeletal muscle hypotrophy
MP:0010902	2240	abnormal pulmonary alveolar sac morphology
MP:0009427	6084	increased tibialis anterior weight
MP:0011874	1467	enlarged urinary bladder
MP:0014046	3741	abnormal mitophagy
MP:0004704	6930	short vertebral column
MP:0010346	1575	increased thyroid carcinoma incidence
MP:0010064	540	increased circulating creatine level
MP:0008086	3578	increased T-helper 1 cell number
MP:0002706	1681	abnormal kidney size
MP:0012786	4645	increased rhombomere 1 size
MP:0020069	5967	decreased neocortex size
MP:0003894	6915	abnormal Purkinje cell innervation
MP:0002990	3506	short ureter
MP:0009624	4551	small inguinal lymph nodes
MP:0006413	3431	increased T cell apoptosis
MP:0003957	169	abnormal nitric oxide homeostasis
MP:0008374	6307	abnormal malleus manubrium morphology
MP:0005360	2903	urolithiasis
MP:0012513	1566	absent sternum body
MP:0004944	1553	abnormal B cell negative selection
MP:0011132	662	abnormal lung endothelial cell migration
MP:0004443	4355	absent supraoccipital bone
MP:0003855	5965	abnormal forelimb zeugopod morphology
MP:0008330	1669	absent somatotrophs
MP:0008897	377	decreased IgG2c level
MP:0030109	6306	abnormal incudomalleolar joint morphology
MP:0004687	495	split vertebrae
MP:0013767	1793	decreased palatal rugae number
MP:0020858	3940	corneal epithelium hypoplasia
MP:0004204	484	absent stapes
MP:0003978	7042	decreased circulating carnitine level
MP:0010938	3362	decreased total lung capacity
MP:0009005	977	abnormal sesamoid bone of gastrocnemius morphology
MP:0005298	460	abnormal clavicle morphology
MP:0013693	4417	abnormal hemopoiesis
MP:0000623	658	decreased salivation
MP:0009097	5251	absent endometrial glands
MP:0002345	4584	abnormal lymph node primary follicle morphology
MP:0000503	4141	excessive digestive secretion
MP:0030706	3539	increased glutamine level
MP:0004289	5472	abnormal bony labyrinth
MP:0003033	1559	abnormal pulmonary vascular resistance
MP:0020129	4636	decreased circulating non-HDL phospholipid level
MP:0009396	221	small endometrial glands
MP:0011965	1819	decreased total retina thickness
MP:0004466	24	short cochlear outer hair cells
MP:0008395	2535	abnormal osteoblast differentiation
MP:0002881	3701	long hair
MP:0010371	6049	abnormal epiglottis morphology
MP:0012473	4428	increased cingulate cortex size
MP:0004980	1578	increased neuronal precursor cell number
MP:0011701	3185	decreased cumulus expansion
MP:0009467	1754	abnormal magnocellular neurosecretory cell morphology
MP:0010310	699	increased Schwannoma incidence
MP:0020427	5044	increased hepatocyte karyomegaly
MP:0003047	760	abnormal thoracic vertebrae morphology
MP:0011346	97	renal tubule atrophy
MP:0005343	636	increased circulating aspartate transaminase level
MP:0001231	2161	abnormal epidermis stratum basale morphology
MP:0002428	506	abnormal semicircular canal morphology
MP:0003107	4657	abnormal response to novelty
MP:0002161	3157	abnormal fertility/fecundity
MP:0004336	346	small utricle
MP:0008473	327	abnormal spleen follicular dendritic cell network
MP:0005078	3104	abnormal cytotoxic T cell physiology
MP:0030575	6711	decreased hair follicle cell proliferation
MP:0002009	4218	preneoplasia
MP:0000346	3016	broad head
MP:0000985	2611	abnormal Merkel's receptor morphology
MP:0000352	1968	decreased cell proliferation
MP:0000629	631	absent mammary gland
MP:0001988	1593	cocaine preference
MP:0014022	6707	abnormal duodenum topology
MP:0001855	1503	abnormal atrial thrombosis
MP:0010613	2177	abnormal mitral valve anulus morphology
MP:0002776	5809	increased Sertoli cell number
MP:0004446	590	split exoccipital bone
MP:0008419	404	abnormal cutaneous microfibril morphology
MP:0013198	1637	absent head mesenchyme
MP:0001017	4629	abnormal stellate ganglion morphology
MP:0005195	721	abnormal posterior eye segment morphology
MP:0030975	6976	placenta hemorrhage
MP:0002574	1454	increased vertical activity
MP:0004456	5945	small pterygoid bone
MP:0020837	1068	decreased circulating citrulline level
MP:0008128	3788	abnormal brain internal capsule morphology
MP:0003129	4054	persistent cloaca
MP:0011622	2307	abnormal habituation to a novel odor
MP:0008378	552	small malleus processus brevis
MP:0004238	20	absent pterygoid muscle
MP:0003914	879	decreased heart right ventricle weight
MP:0004559	5225	small allantois
MP:0010915	6087	increased solitary pulmonary neuroendocrine cell number
MP:0020917	1209	decreased susceptibility to Herpesvirales infection
MP:0000403	6012	increased curvature of zigzag hairs
MP:0010047	2386	axonal spheroids
MP:0004689	3534	small ischium
MP:0011194	5702	abnormal hair follicle physiology
MP:0009412	6835	skeletal muscle fiber degeneration
MP:0013337	5698	abnormal adenohypophysis development
MP:0010147	6534	abnormal endocrine pancreas physiology
MP:0006156	3930	abnormal visual pursuit
MP:0008130	609	abnormal pituitary intermediate lobe morphology
MP:0005092	4520	decreased double-positive T cell number
MP:0000636	1496	enlarged pituitary gland
MP:0013945	5015	abnormal elbow joint morphology
MP:0012290	1622	abnormal slow-wave sleep pattern
MP:0012398	2901	decreased nucleated erythrocyte cell number
MP:0003098	5712	decreased tendon stiffness
MP:0004996	1115	abnormal CNS synapse formation
MP:0002765	4984	short fibula
MP:0000887	1617	delaminated cerebellar granule layer
MP:0003843	6595	abnormal sagittal suture morphology
MP:0006043	422	decreased apoptosis
MP:0013886	5922	increased CD4-negative, CD25-positive NK T cell number
MP:0010946	1848	hyperpnea
MP:0002145	2531	abnormal T cell differentiation
MP:0030867	5797	small thyroid cartilage
MP:0011638	6516	abnormal mitochondrial chromosome morphology
MP:0001399	3358	hyperactivity
MP:0013910	2415	small fourth ventricle
MP:0003089	1425	decreased skin tensile strength
MP:0008989	6541	abnormal liver sinusoid morphology
MP:0008854	755	bleb
MP:0020844	6254	abnormal pulmonary respiratory rate response
MP:0013182	3888	increased spinal cord apoptosis
MP:0003898	5652	abnormal QRS complex
MP:0009442	769	increased ovarian teratoma incidence
MP:0010724	1120	thick interventricular septum
MP:0009037	1940	abnormal subarachnoid space development
MP:0008767	568	abnormal hair medullary septa cells
MP:0001601	2083	abnormal myelopoiesis
MP:0031369	851	prostate gland dorsolateral lobe hyperplasia
MP:0031231	3360	decreased circulating angiotensin II level
MP:0008244	5394	abnormal peritoneal macrophage morphology
MP:0009882	4785	absent palatal shelf
MP:0020202	2052	abnormal macrophage cell number
MP:0000367	1982	abnormal coat/ hair morphology
MP:0008273	1743	abnormal intramembranous bone ossification
MP:0004918	3729	abnormal negative T cell selection
MP:0010977	2126	fused right lung lobes
MP:0001124	4865	abnormal gametes
MP:0009018	3816	short estrus
MP:0031043	2798	decreased susceptibility to Flaviviridae infection induced morbidity/mortality
MP:0002279	2418	abnormal diaphragm morphology
MP:0010728	38	fusion of atlas and occipital bones
MP:0010040	349	abnormal oval cell morphology
MP:0013155	2806	decreased KLRG1+ CD8 alpha-beta T cell number
MP:0030979	1939	decreased spinal cord weight
MP:0010238	4545	increased skeletal muscle weight
MP:0011510	3022	biventricular, discordant atrioventricular connection
MP:0011306	2118	absent kidney pelvis
MP:0009395	2752	increased nucleated erythrocyte cell number
MP:0002991	573	abnormal sebaceous gland physiology
MP:0031336	5963	abnormal uterine epithelium development
MP:0031441	3279	increased periocular mesenchyme apoptosis
MP:0013426	6693	decreased memory-marker NK cell number
MP:0004645	3512	decreased vertebrae number
MP:0005285	1635	decreased unsaturated fatty acids level
MP:0012105	2570	delayed gastrulation
MP:0030831	2364	abnormal glenoid fossa morphology
MP:0030016	4005	increased adipocyte glucose uptake
MP:0002241	2205	abnormal laryngeal mucosa goblet cell morphology
MP:0009220	2417	increased prostate gland adenocarcinoma incidence
MP:0010257	3999	posterior cortical cataract
MP:0008108	2085	abnormal small intestinal villus morphology
MP:0030556	1270	abnormal cementocyte canaliculus morphology
MP:0013457	3139	increased eccrine gland number
MP:0030911	1730	increased melanoblast apoptosis
MP:0030207	687	absent zygomaticus muscle
MP:0003426	5250	pulmonary interstitial fibrosis
MP:0010954	925	abnormal cellular respiration
MP:0002396	4931	abnormal hematopoietic system morphology/development
MP:0030192	4569	downturned snout
MP:0011089	639	perinatal lethality, complete penetrance
MP:0021155	4866	abnormal heart left ventricle wall thickness
MP:0012096	1102	decreased Reichert's membrane thickness
MP:0014082	6552	decreased small intestinal villus height
MP:0003460	3313	decreased fear-related response
MP:0009764	3889	decreased sensitivity to induced morbidity/mortality
MP:0001410	14	head bobbing
MP:0030515	2109	periodontal ligament necrosis
MP:0001191	235	abnormal skin condition
MP:0002557	185	abnormal social/conspecific interaction behavior
MP:0004962	4482	decreased prostate gland weight
MP:0003735	2796	cup-shaped ears
MP:0011425	3125	abnormal kidney interstitium morphology
MP:0003148	551	decreased cochlear coiling
MP:0030122	825	temporal bone squamous part hypoplasia
MP:0001533	1162	abnormal skeleton physiology
MP:0010859	3859	abnormal anterior commissure pars anterior morphology
MP:0000671	2558	bulbourethral gland hypoplasia
MP:0011826	2498	abnormal lymphocyte chemotaxis
MP:0014075	1584	decreased brain glycogen level
MP:0008093	3159	abnormal memory B cell number
MP:0010524	2770	calcified aortic arch
MP:0008720	4722	impaired neutrophil chemotaxis
MP:0008162	4506	increased diameter of tibia
MP:0021182	3834	decreased femoral compact bone area
MP:0008459	1611	abnormal circulating pancreatic peptide level
MP:0005390	5681	skeleton phenotype
MP:0011032	2728	impaired branching involved in terminal bronchiole morphogenesis
MP:0014206	3202	decreased intestinal epithelial sodium ion transmembrane transport
MP:0011047	5498	increased lung tissue damping
MP:0005249	2080	abnormal palatine bone morphology
MP:0000953	2164	abnormal oligodendrocyte morphology
MP:0008771	2291	elongated vertebral column
MP:0006320	6917	abnormal interscapular fat pad morphology
MP:0011463	2589	decreased urine bicarbonate level
MP:0004542	2413	impaired acrosome reaction
MP:0011820	3522	decreased pancreatic beta cell proliferation
MP:0010320	3629	increased pituitary gland tumor incidence
MP:0001125	1938	abnormal oocyte morphology
MP:0003039	1064	increased time of peak ischemic contracture
MP:0005317	1089	increased triglyceride level
MP:0011338	4381	abnormal mesangial matrix morphology
MP:0000273	1056	overriding aortic valve
MP:0003479	5080	abnormal nerve fiber response intensity
MP:0009002	3739	premature hair regrowth
MP:0011460	3410	decreased urine chloride ion level
MP:0001958	2877	emphysema
MP:0003758	1021	narrow palate
MP:0003507	50	abnormal ovary physiology
MP:0005469	107	abnormal thyroxine level
MP:0009137	4408	decreased brown fat lipid droplet number
MP:0013373	5208	increased sebum secretion
MP:0010433	5051	double inlet heart left ventricle
MP:0000413	4890	polyphalangy
MP:0009755	3692	impaired behavioral response to alcohol
MP:0002253	1526	abnormal pharyngeal muscle morphology
MP:0000276	1422	heart right ventricle hypertrophy
MP:0003656	1895	abnormal erythrocyte physiology
MP:0011806	2971	decreased dermal fibroblast proliferation
MP:0012506	6884	brain atrophy
MP:0020943	726	increased susceptibility to Flaviviridae infection
MP:0011146	4656	abnormal mesenchymal cell proliferation involved in lung development
MP:0011943	1470	abnormal circadian feeding behavior
MP:0004624	6123	abnormal thoracic cage morphology
MP:0011087	5425	neonatal lethality, complete penetrance
MP:0004366	898	abnormal strial marginal cell morphology
MP:0012602	5735	increased alpha-fetoprotein level
MP:0003358	4998	abnormal hypaxial muscle morphology
MP:0005105	4459	abnormal middle ear ossicle morphology
MP:0011743	2112	abnormal Golgi apparatus morphology
MP:0020111	1008	decreased thromboxane level
MP:0011525	5552	abnormal placenta intervillous maternal lacunae morphology
MP:0008265	4125	abnormal hippocampus CA2 region morphology
MP:0003116	3260	rickets
MP:0011151	3094	abnormal hippocampus stratum radiatum morphology
MP:0011149	2862	abnormal hippocampus stratum lacunosum morphology
MP:0030523	145	abnormal stratum intermedium morphology
MP:0002075	4223	abnormal coat/hair pigmentation
MP:0004325	516	absent vestibular hair cells
MP:0003565	3878	abnormal glucagon secretion
MP:0030252	1949	narrow frontonasal prominence
MP:0012795	1937	absent rhombomere 3
MP:0003916	3577	decreased heart left ventricle weight
MP:0003221	5915	abnormal cardiomyocyte apoptosis
MP:0012466	3077	decreased hippocampal fimbria size
MP:0008178	2687	decreased germinal center B cell number
MP:0013963	5289	jugular vein stenosis
MP:0011169	5059	abnormal white fat cell differentation
MP:0000203	7087	abnormal circulating aspartate transaminase level
MP:0011067	1333	abnormal somatostatin level
MP:0003271	1664	abnormal duodenum morphology
MP:0004127	530	thick hypodermis
MP:0004590	1149	absent Deiters cells
MP:0010116	466	abnormal primitive urogenital sinus morphology
MP:0000911	99	abnormal trigeminal motor nucleus morphology
MP:0000781	3047	decreased corpus callosum size
MP:0002497	1296	increased IgE level
MP:0013342	5622	bifurcated Rathke's pouch
MP:0009509	132	absent rectum
MP:0009846	5738	abnormal neural crest morphology
MP:0005547	5377	abnormal Muller cell morphology
MP:0013897	2865	decreased eyelid cilium number
MP:0002152	3746	abnormal brain morphology
MP:0008216	2714	absent transitional stage B cells
MP:0006325	1404	impaired hearing
MP:0009413	6553	skeletal muscle fiber atrophy
MP:0003255	3809	bile duct proliferation
MP:0006023	5083	detached Reissner membrane
MP:0031008	32	decreased bone marrow adipose tissue amount
MP:0002036	2489	increased rhabdomyosarcoma incidence
MP:0002353	6250	abnormal inguinal lymph node morphology
MP:0014077	486	ectopic Paneth cells
MP:0021104	753	abnormal ventral interneuron 2 morphology
MP:0014234	3177	decreased enterocyte apoptosis
MP:0010681	4719	abnormal hair follicle bulb morphology
MP:0008672	404	increased interleukin-13 secretion
MP:0001428	2613	adipsia
MP:0013929	5953	absent eye muscles
MP:0013148	6131	mastitis
MP:0005071	1747	enlarged hair follicle melanin granules
MP:0003048	37	abnormal cervical vertebrae morphology
MP:0009899	302	hyoid bone hypoplasia
MP:0001402	1024	decreased locomotor activity
MP:0006219	5194	optic nerve degeneration
MP:0013666	6964	decreased immature NK cell number
MP:0003161	46	absent lateral semicircular canal
MP:0013487	1829	abnormal Paneth cell physiology
MP:0005598	1630	decreased ventricle muscle contractility
MP:0008255	4760	decreased megakaryocyte cell number
MP:0031328	5689	delayed skeletal muscle regeneration
MP:0011290	3541	decreased nephron number
MP:0005272	1935	abnormal temporal bone morphology
MP:0020253	3740	increased collagen level
MP:0008355	79	absent mature gamma-delta T cells
MP:0010563	4267	increased heart right ventricle size
MP:0001770	3192	abnormal iron level
MP:0005657	3395	abnormal neural plate morphology
MP:0020518	309	renal glomerular protein deposits
MP:0002314	4014	abnormal respiratory mechanics
MP:0020215	5605	impaired blood coagulation
MP:0006086	5866	decreased body mass index
MP:0002932	2424	abnormal joint morphology
MP:0010926	5372	increased osteoid volume
MP:0004391	5461	abnormal respiratory conducting tube morphology
MP:0011728	713	abnormal pineal gland physiology
MP:0008998	7066	decreased blood osmolality
MP:0009150	5568	pancreatic acinar cell atrophy
MP:0013759	1426	decreased intestinal glucose absorption
MP:0002206	3848	abnormal CNS synaptic transmission
MP:0008475	6708	intermingled spleen red and white pulp
MP:0030835	1208	abnormal ankle joint morphology
MP:0003864	1207	abnormal midbrain development
MP:0012328	5140	decreased circulating factor VIII level
MP:0002269	4064	muscular atrophy
MP:0003401	55	enlarged tail bud
MP:0011243	4759	decreased fetal derived definitive erythrocyte cell number
MP:0011963	5337	abnormal total retina thickness
MP:0002379	2430	abnormal oropharyngeal lymphoid tissue morphology
MP:0002910	2850	abnormal excitatory postsynaptic currents
MP:0009146	660	abnormal pancreatic acinar cell morphology
MP:0011323	345	abnormal renal vein morphology
MP:0002726	4458	abnormal pulmonary vein morphology
MP:0014109	88	increased pancreatic alpha cell proliferation
MP:0005357	3045	novel environmental response-related retropulsion
MP:0009885	1088	abnormal palatal shelf elevation
MP:0008221	5966	abnormal hippocampal commissure morphology
MP:0031454	3732	decreased cranial neural crest cell apoptosis
MP:0009174	1421	absent pancreatic beta cells
MP:0008698	3736	abnormal interleukin-4 secretion
MP:0008158	3596	increased diameter of femur
MP:0011753	176	decreased podocyte number
MP:0005205	2336	abnormal eye anterior chamber morphology
MP:0000474	1144	abnormal foregut morphology
MP:0009884	917	palatal shelf fusion with tongue or mandible
MP:0003139	5356	patent ductus arteriosus
MP:0003510	1302	decreased circulating dihydrotestosterone level
MP:0030177	969	absent levator labii superioris muscle
MP:0020141	1320	decreased brain external capsule size
MP:0030977	673	impaired sperm-egg recognition
MP:0004616	429	lumbar vertebral transformation
MP:0031366	104	decreased prostate gland dorsolateral lobe weight
MP:0030486	694	abnormal osteocyte canaliculus morphology
MP:0011286	2627	decreased circulating erythropoietin level
MP:0012009	4679	early parturition
MP:0002367	122	abnormal thymus lobule morphology
MP:0001849	4237	ear inflammation
MP:0031358	3953	decreased urine output
MP:0008862	4571	asymmetric snout
MP:0012231	1952	abnormal ganglioside level
MP:0006085	1866	myocardium necrosis
MP:0001525	3330	impaired balance
MP:0008527	1417	embryonic lethality at implantation
MP:0004780	5602	abnormal surfactant secretion
MP:0000339	524	decreased enterocyte cell number
MP:0000215	3944	absent erythrocytes
MP:0001300	1571	ocular hypertelorism
MP:0013009	2289	increased vagal neural crest cell apoptosis
MP:0030747	281	increased leucine level
MP:0008030	4170	abnormal Cajal-Retzius cell morphology
MP:0011799	3207	increased urinary bladder weight
MP:0002061	4073	abnormal aggression-related behavior
MP:0010292	3038	increased alimentary system tumor incidence
MP:0001781	3377	abnormal white adipose tissue amount
MP:0014060	6924	abnormal platelet alpha-granule morphology
MP:0012234	1415	abnormal hepatic diverticulum morphology
MP:0002500	4950	granulomatous inflammation
MP:0010035	2159	increased erythrocyte clearance
MP:0009671	5991	abnormal uterus physiology
MP:0004844	3564	abnormal vestibuloocular reflex
MP:0004030	2021	induced chromosome breakage
MP:0004789	6524	increased bile salt level
MP:0008322	3097	abnormal somatotroph morphology
MP:0010337	666	increased chronic lymphocytic leukemia incidence
MP:0009352	2273	impaired spacing of implantation sites
MP:0030983	2574	failure of copulatory plug deposition
MP:0006281	4578	abnormal tail development
MP:0030154	3345	abnormal tympanic cavity morphology
MP:0006258	6197	abnormal circumvallate papillae morphology
MP:0030424	3069	premature palatomaxillary suture closure
MP:0001523	3357	impaired righting response
MP:0003634	2825	abnormal glial cell morphology
MP:0002713	842	abnormal glycogen catabolism
MP:0009184	3412	abnormal PP cell morphology
MP:0030393	4692	delayed fontanelle closure
MP:0000132	2518	thickened long bone epiphysis
MP:0004648	5958	decreased thoracic vertebrae number
MP:0011200	407	abnormal extraembryonic coelom morphology
MP:0004426	2566	abnormal cochlear labyrinth morphology
MP:0013462	1355	abnormal conjunctiva goblet cell number
MP:0012066	3142	decreased astrocyte number
MP:0008878	6654	abnormal DNA methylation during gametogenesis
MP:0008705	1471	increased interleukin-6 secretion
MP:0020413	2259	increased amnion apoptosis
MP:0003126	2134	abnormal external female genitalia morphology
MP:0030032	3120	high forehead
MP:0010165	859	abnormal response to stress-induced hyperthermia
MP:0010554	704	shortened HV interval
MP:0020341	6153	abnormal circulating hyaluronic acid level
MP:0013242	2302	abnormal amino acid metabolism
MP:0020597	1394	increased cerebral cortex total cell area
MP:0001413	6941	abnormal response to new environment
MP:0012679	2819	absent third ventricle
MP:0009398	6782	abnormal skeletal muscle fiber size
MP:0030671	4680	decreased circulating phenylalanine level
MP:0008069	7099	abnormal joint mobility
MP:0010159	619	abnormal enterocyte differentiation
MP:0005237	1062	abnormal olfactory tract morphology
MP:0011366	6982	absent metanephros
MP:0010872	1159	increased trabecular bone mass
MP:0005305	851	prostate gland anterior lobe hyperplasia
MP:0002925	7122	abnormal cardiovascular development
MP:0008486	425	decreased muscle spindle number
MP:0021024	2817	abnormal cerebrospinal fluid physiology
MP:0013659	3380	abnormal erythroid lineage cell morphology
MP:0030673	5168	increased circulating alanine level
MP:0003056	67	abnormal hyoid bone morphology
MP:0014079	7133	decreased small intestinal villus number
MP:0005636	5687	abnormal mineral homeostasis
MP:0030762	4577	decreased adrenaline level
MP:0002292	2815	abnormal gestational length
MP:0014147	4433	lacrimal gland necrosis
MP:0000425	5857	loss of eyelid cilia
MP:0012747	150	abnormal cardiac neural crest cell morphology
MP:0009974	4456	decreased cerebral cortex pyramidal cell number
MP:0013289	6555	abnormal mitotic cytokinesis
MP:0004253	3517	bifid atrial appendage
MP:0002359	209	abnormal spleen germinal center morphology
MP:0004737	2020	absent distortion product otoacoustic emissions
MP:0020855	6998	decreased corneal epithelium thickness
MP:0013308	3399	decreased adrenal gland weight
MP:0020220	4331	decreased tear production
MP:0001872	4139	sinus inflammation
MP:0001270	1507	distended abdomen
MP:0004302	2717	abnormal Deiters cell morphology
MP:0013700	2233	abnormal mature NK cell morphology
MP:0013813	4223	dilated hepatic portal vein
MP:0008994	724	early vaginal opening
MP:0008458	3825	abnormal cortical ventricular zone morphology
MP:0011676	5617	aortic arch obstruction
MP:0000569	941	abnormal digit pigmentation
MP:0001082	476	abnormal geniculate ganglion morphology
MP:0012004	4556	abnormal septum pellucidum morphology
MP:0020161	5115	increased vascular endothelial cell proliferation
MP:0014063	7112	Lafora bodies
MP:0009542	3986	decreased thymocyte apoptosis
MP:0010799	4507	stomach mucosa hyperplasia
MP:0002191	709	abnormal artery morphology
MP:0002964	350	aortic elastic tissue lesions
MP:0008782	1409	increased B cell apoptosis
MP:0009482	4508	ileum inflammation
MP:0010155	594	abnormal intestine physiology
MP:0004994	906	abnormal brain wave pattern
MP:0020985	379	increased circulating factor XI level
MP:0006048	18	pulmonary valve regurgitation
MP:0014219	2954	decreased intestinal mucosa thickness
MP:0000439	1303	enlarged cranium
MP:0009660	5829	abnormal induced retina neovascularization
MP:0005441	2318	increased urine calcium level
MP:0006044	3176	tricuspid valve regurgitation
MP:0014142	78	increased body fat mass
MP:0012750	1778	absent cardiac neural crest cells
MP:0010132	553	decreased DN2 thymocyte number
MP:0000648	1198	absent sebaceous gland
MP:0030939	5607	abnormal autophagosome formation
MP:0012558	3148	increased calcium uptake by cardiac muscle
MP:0011566	5644	abnormal complement protein level
MP:0000733	1940	abnormal muscle development
MP:0014061	605	ethmocephaly
MP:0030593	152	abnormal manganese level
MP:0000062	2354	increased bone mineral density
MP:0010209	808	abnormal circulating chemokine level
MP:0030740	2454	decreased circulating glutamic acid level
MP:0009821	1452	abnormal vestibular aqueduct morphology
MP:0009105	5427	penis prolapse
MP:0012197	255	impaired myofibroblast differentiation
MP:0010730	38	absent odontoid process
MP:0010479	5091	brain aneurysm
MP:0006164	1252	ectropion
MP:0003726	6474	decreased autoantibody level
MP:0011773	1871	abnormal urinary bladder blood vessel morphology
MP:0004882	2929	enlarged lung
MP:0002210	5211	abnormal sex determination
MP:0000024	600	lowered ear position
MP:0003436	1494	decreased susceptibility to induced arthritis
MP:0013011	1258	absent vagal neural crest cells
MP:0013875	6895	increased trigeminal neuroma incidence
MP:0020151	5090	abnormal circulating non-HDL cholesterol level
MP:0031010	5591	failure of sperm-egg fusion
MP:0011875	348	absent stomach
MP:0031345	4700	developmental cataract
MP:0030347	1580	mandibular prominence hypoplasia
MP:0011861	1394	increased cranium height
MP:0005025	2791	abnormal response to infection
MP:0005304	550	bulbourethral gland cyst
MP:0009452	5609	abnormal synaptonemal complex
MP:0013579	3488	increased adrenal gland apoptosis
MP:0001095	3003	enlarged trigeminal ganglion
MP:0030080	5364	small lower incisors
MP:0004046	1152	abnormal mitosis
MP:0004701	2742	decreased circulating insulin-like growth factor I level
MP:0010029	2472	abnormal basicranium morphology
MP:0008073	2441	abnormal CD4-positive, alpha-beta T cell number
MP:0004205	6211	absent hyoid bone
MP:0004728	800	abnormal efferent ductules of testis morphology
MP:0003313	2652	abnormal locomotor activation
MP:0020477	3810	abnormal locomotor circadian rhythm
MP:0011440	66	increased kidney cell proliferation
MP:0008506	2788	abnormal noradrenergic chromaffin cell morphology
MP:0009164	4685	exocrine pancreas atrophy
MP:0021095	410	abnormal dorsal interneuron 4 morphology
MP:0009688	3103	abnormal spinal cord central canal morphology
MP:0006222	3994	optic neuropathy
MP:0005193	518	abnormal anterior eye segment morphology
MP:0003947	6068	abnormal cholesterol level
MP:0000388	3587	absent hair follicle inner root sheath
MP:0003925	210	abnormal cellular glucose uptake
MP:0009625	62	abnormal abdominal lymph node morphology
MP:0000696	5732	abnormal Peyer's patch morphology
MP:0003535	826	absent vagina
MP:0008987	4662	abnormal liver lobule morphology
MP:0009165	6697	abnormal endocrine pancreas morphology
MP:0030168	2646	thin upper lip
MP:0002118	1953	abnormal lipid homeostasis
MP:0010187	4899	decreased T follicular helper cell number
MP:0003628	1259	abnormal leukocyte adhesion
MP:0006213	269	shallow orbits
MP:0005325	640	abnormal renal glomerulus morphology
MP:0002347	6239	abnormal lymph node T cell domain morphology
MP:0010686	4600	abnormal hair follicle matrix region morphology
MP:0010273	358	increased classified tumor incidence
MP:0010910	916	bronchiolar epithelial hyperplasia
MP:0009934	493	abnormal hind foot hair pigmentation
MP:0030622	3000	increased cysteine level
MP:0012136	5232	absent forebrain
MP:0006117	539	aortic valve stenosis
MP:0009190	813	increased pancreatic epsilon cell number
MP:0020393	4227	increased neuronal precursor proliferation
MP:0010893	2222	abnormal posterior commissure morphology
MP:0008712	6670	decreased interleukin-9 secretion
MP:0008772	517	increased heart ventricle size
MP:0013744	3425	abnormal conjunctival sac morphology
MP:0010715	298	retina coloboma
MP:0013719	1838	pale mammary gland
MP:0003335	5132	exocrine pancreatic insufficiency
MP:0008571	2577	abnormal synaptic bouton morphology
MP:0011041	1024	abnormal vertical vestibuloocular reflex
MP:0012455	1852	increased mammillothalamic tract size
MP:0013436	1402	increased CD8-positive, naive alpha-beta T cell number
MP:0002293	4480	long gestation period
MP:0004004	3099	patent ductus venosus
MP:0014032	2053	abnormal mucous gland morphology
MP:0004762	1002	increased anti-double stranded DNA antibody level
MP:0012157	2040	rostral body truncation
MP:0000135	1888	decreased compact bone thickness
MP:0008893	4248	detached sperm flagellum
MP:0013001	3343	abnormal enteric neural crest cell morphology
MP:0008267	5349	abnormal hippocampus CA3 region morphology
MP:0011226	244	abnormal thiamin level
MP:0010515	3802	abnormal Q wave
MP:0001863	5067	blood vessel inflammation
MP:0011359	5406	decreased glomerular capillary number
MP:0006084	6611	abnormal circulating phospholipid level
MP:0030826	6349	decreased femur weight
MP:0004773	1954	abnormal bile composition
MP:0005296	1860	abnormal humerus morphology
MP:0002013	1481	increased pilomatricoma incidence
MP:0003869	1240	ectopic cartilage
MP:0011868	4084	podocyte microvillus transformation
MP:0030992	3062	atrioventricular cushion hypoplasia
MP:0020923	3181	decreased susceptibility to Parvoviridae infection
MP:0008494	2915	absence of all nails
MP:0004265	3237	abnormal placental transport
MP:0005022	4243	abnormal immature B cell morphology
MP:0013696	5803	increased granulocyte monocyte progenitor cell number
MP:0004203	3750	abnormal cranial flexure morphology
MP:0013205	372	abnormal nonmotile primary cilium morphology
MP:0030127	2544	small stapes
MP:0031324	3353	delayed liver regeneration
MP:0020864	171	premature suckling reflex loss
MP:0030628	1536	increased methylmalonic acid level
MP:0011240	648	abnormal fetal derived definitive erythrocyte morphology
MP:0014149	1027	abnormal lacrimal gland innervation pattern
MP:0008041	6019	absent NK T cells
MP:0009308	494	increased adenocarcinoma incidence
MP:0030773	2245	decreased urine noradrenaline level
MP:0005018	2014	decreased T cell number
MP:0006409	5935	vestibular ganglion hypoplasia
MP:0000245	2452	abnormal erythropoiesis
MP:0003643	3418	spleen atrophy
MP:0010186	183	increased T follicular helper cell number
MP:0030789	2142	abnormal femur neck morphology
MP:0000661	885	small prostate gland ventral lobe
MP:0002732	1286	increased trichoepithelioma incidence
MP:0011090	5114	perinatal lethality, incomplete penetrance
MP:0004683	560	absent intervertebral disk
MP:0003972	6682	decreased pituitary hormone level
MP:0002768	4930	small adrenal glands
MP:0020573	3857	abnormal corpus callosum size
MP:0011420	1287	pyuria
MP:0004881	2333	abnormal lung size
MP:0004063	4271	dilated heart left atrium
MP:0013394	2905	abnormal palpebral conjunctiva morphology
MP:0004268	1158	abnormal optic stalk morphology
MP:0009310	103	increased large intestine adenocarcinoma incidence
MP:0003446	2623	renal hypoplasia
MP:0020523	4153	decreased susceptibility to induced hypothermia
MP:0013740	3870	Meibomian gland hyperplasia
MP:0002629	5302	hyperactivity elicited by ethanol administration
MP:0002316	3835	anoxia
MP:0030351	547	wide coronal suture
MP:0010358	3966	abnormal free fatty acids level
MP:0002337	1597	abnormal whole-body plethysmography
MP:0004149	6860	increased bone strength
MP:0008682	5130	decreased interleukin-17 secretion
MP:0003010	2961	decreased mortality induced by ionizing radiation
MP:0003543	3943	abnormal vascular endothelial cell differentiation
MP:0003144	526	decreased otolith number
MP:0002670	4	absent scrotum
MP:0008294	6332	abnormal adrenal gland zona fasciculata morphology
MP:0004815	6293	abnormal somatic hypermutation frequency
MP:0001636	1453	irregular heartbeat
MP:0030026	5691	small Meckel's cartilage
MP:0004662	1568	abnormal thyroid diverticulum morphology
MP:0004106	5576	lymphatic vessel hyperplasia
MP:0008515	7113	thin retina outer nuclear layer
MP:0001433	3377	polyphagia
MP:0004064	7089	decreased susceptibility to induced muscular atrophy
MP:0020219	3233	increased tear production
MP:0001719	2530	absent vitelline blood vessels
MP:0010179	5455	rough coat
MP:0012161	1381	absent distal visceral endoderm
MP:0013782	5788	abnormal mammary duct terminal end bud morphology
MP:0011077	4297	decreased macrophage nitric oxide production
MP:0009636	3068	small popliteal lymph nodes
MP:0011177	3710	abnormal erythroblast number
MP:0004641	130	elongated metatarsal bones
MP:0010783	7093	abnormal stomach wall morphology
MP:0020182	2759	abnormal body mass index
MP:0004473	606	absent nasal bone
MP:0020148	6699	abnormal sensitivity to induced morbidity/mortality
MP:0003694	5524	failure of blastocyst to hatch from the zona pellucida
MP:0011218	2057	decreased brainstem copper level
MP:0011760	5343	abnormal ureteric bud tip morphology
MP:0031154	4512	intestinal hemorrhage
MP:0006068	580	abnormal retina horizontal cell morphology
MP:0013488	1797	increased keratoacanthoma incidence
MP:0003826	1093	abnormal Mullerian duct morphology
MP:0001489	2162	decreased startle reflex
MP:0011228	3900	abnormal vitamin D level
MP:0001375	3524	abnormal mating preference
MP:0000348	2752	abnormal aerobic fitness
MP:0012153	5546	increased b-wave latency
MP:0001917	1420	intraventricular hemorrhage
MP:0010269	2831	decreased mammary gland tumor incidence
MP:0013601	6661	increased testis apoptosis
MP:0000037	95	abnormal lateral semicircular canal morphology
MP:0009498	6966	abnormal extrahepatic bile duct morphology
MP:0004946	57	abnormal regulatory T cell physiology
MP:0000534	826	abnormal ureter morphology
MP:0003418	3666	premature intramembranous bone ossification
MP:0030457	686	abnormal molar cusp morphology
MP:0030160	2209	abnormal auditory bulla morphology
MP:0030083	5716	long upper incisors
MP:0000026	610	abnormal inner ear morphology
MP:0000343	418	abnormal response to cardiac infarction
MP:0002455	367	abnormal dendritic cell antigen presentation
MP:0000685	1395	abnormal immune system morphology
MP:0004820	5338	abnormal urine potassium level
MP:0009118	2880	increased white fat cell size
MP:0030546	1616	abnormal cellular cementum morphology
MP:0004628	3927	Deiters cell degeneration
MP:0031351	1463	abnormal sperm flagellum thickness
MP:0009978	3392	abnormal cerebellum white matter morphology
MP:0003847	1321	disorganized lens bow
MP:0008629	4198	increased circulating interleukin-9 level
MP:0010220	3727	decreased T-helper 17 cell number
MP:0011273	4782	prolonged excitatory postsynaptic current decay time
MP:0000272	2238	abnormal aorta morphology
MP:0020390	2644	abnormal radial glial cell endfoot morphology
MP:0000126	4670	brittle teeth
MP:0003331	419	increased hepatocellular carcinoma incidence
MP:0009188	4238	abnormal PP cell differentiation
MP:0010222	1101	abnormal T-helper 17 cell physiology
MP:0030842	3375	absent subarcuate fossa
MP:0004438	5220	abnormal vestibular hair cell physiology
MP:0008934	1366	absent choroid plexus
MP:0009479	1468	abnormal cecum development
MP:0005546	5578	choroidal neovascularization
MP:0005618	3040	decreased urine potassium level
MP:0012061	1365	abnormal diaphragm central tendon morphology
MP:0004249	2372	abnormal crista ampullaris morphology
MP:0002861	2104	abnormal tail bud morphology
MP:0010055	3950	abnormal sensory neuron physiology
MP:0030448	647	premature presphenoid synchondrosis closure
MP:0009075	482	rudimentary Wolffian ducts
MP:0020451	673	decreased sperm progressive motility
MP:0005351	2312	decreased susceptibility to autoimmune disorder
MP:0002674	5093	abnormal sperm motility
MP:0009215	716	absent uterine horn
MP:0003311	4333	aminoaciduria
MP:0004904	1977	increased uterus weight
MP:0001153	3347	small seminiferous tubules
MP:0020088	2725	decreased susceptibility to non-insulin-dependent diabetes
MP:0011953	4633	prolonged PQ interval
MP:0013358	1576	ectopic neurohypophysis
MP:0006006	4252	increased sensory neuron number
MP:0004876	2962	decreased mean systemic arterial blood pressure
MP:0009694	171	abnormal spinal cord commissure morphology
MP:0010949	255	decreased club cell number
MP:0009302	4244	increased renal fat pad weight
MP:0001440	5379	abnormal grooming behavior
MP:0009023	2092	abnormal spinal cord meninges morphology
MP:0010137	4149	delayed exit from anagen phase
MP:0008933	5517	abnormal motile primary cilium physiology
MP:0003266	5506	biliary cyst
MP:0004120	1975	cardiac ischemia
MP:0008180	4261	abnormal marginal zone B cell morphology
MP:0012183	2211	decreased paraxial mesoderm size
MP:0008511	2208	decreased retina inner nuclear layer thickness
MP:0011564	1077	decreased urine prostaglandin level
MP:0002252	6058	abnormal oropharynx morphology
MP:0002789	5548	male pseudohermaphroditism
MP:0000762	6562	abnormal tongue morphology
MP:0030474	1093	fused incisors
MP:0020102	3115	increased hepatic glucose production
MP:0010364	223	increased fibroadenoma incidence
MP:0008766	1659	abnormal B cell receptor editing
MP:0003425	1326	abnormal optic vesicle formation
MP:0003085	2755	abnormal egg cylinder morphology
MP:0003200	6596	calcified joint
MP:0004567	4052	decreased myocardial fiber number
MP:0006331	845	abnormal patterning of the organ of Corti
MP:0005543	180	decreased cornea thickness
MP:0003250	5590	absent gallbladder
MP:0010366	1575	increased adrenal cortical tumor incidence
MP:0006350	1194	increased circulating copper level
MP:0012158	1126	absent visceral endoderm
MP:0013597	163	small vomeronasal organ
MP:0010760	5610	abnormal macrophage chemotaxis
MP:0002772	160	brachypodia
MP:0004392	2325	abnormal CD8-positive, alpha-beta T cell physiology
MP:0008957	1652	abnormal placenta junctional zone morphology
MP:0013793	5623	abnormal large intestine goblet cell morphology
MP:0011042	344	abnormal horizontal vestibuloocular reflex
MP:0005460	3715	abnormal leukopoiesis
MP:0020396	5554	abnormal social recognition
MP:0005619	1479	increased urine potassium level
MP:0012230	4581	abnormal sphingolipid level
MP:0010265	4531	decreased hepatoma incidence
MP:0013395	6000	eyelid hypoplasia
MP:0031418	3234	increased cardiac muscle triglyceride level
MP:0001839	5117	abnormal level of surface class I molecules
MP:0008785	1042	abnormal sternum manubrium morphology
MP:0008973	1492	decreased erythroid progenitor cell number
MP:0009612	5982	thick epidermis suprabasal layer
MP:0006026	598	dilated terminal bronchiole tube
MP:0001083	9	small geniculate ganglion
MP:0000754	5936	paresis
MP:0010761	3059	abnormal microglial cell chemotaxis
MP:0009345	6240	abnormal trabecular bone thickness
MP:0012452	1385	increased retrosplenial granular cortex size
MP:0002995	317	primary sex reversal
MP:0006016	3867	dilated posterior semicircular canal
MP:0031016	71	decreased granulosa cell apoptosis
MP:0000823	1127	abnormal lateral ventricle morphology
MP:0013005	4505	decreased enteric neural crest cell proliferation
MP:0009579	1576	acephaly
MP:0003477	3920	abnormal nerve fiber response
MP:0011102	1988	embryonic lethality, incomplete penetrance
MP:0009827	6674	skin detachment
MP:0009347	1680	increased trabecular bone thickness
MP:0030184	1606	abnormal zygomaticus muscle morphology
MP:0008595	6491	abnormal circulating interleukin-6 level
MP:0008497	2714	decreased IgG2b level
MP:0012325	1904	decreased circulating antithrombin level
MP:0012733	2801	abnormal behavioral response to methamphetamine
MP:0003071	4789	decreased vascular permeability
MP:0004089	2157	dilated sarcoplasmic reticulum
MP:0012031	3228	abnormal b-wave amplitude
MP:0006141	3133	abnormal atrioventricular node conduction
MP:0005380	541	embryo phenotype
MP:0005283	4449	increased unsaturated fatty acids level
MP:0013846	1373	retropharyngeal edema
MP:0000980	125	absent hair-down neurons
MP:0001309	3161	hydropic eye lens fibers
MP:0030834	1510	acromion hypoplasia
MP:0006088	6677	abnormal blood-cerebrospinal fluid barrier function
MP:0000109	274	abnormal parietal bone morphology
MP:0010571	5188	shortened ST segment
MP:0009463	4445	abnormal pituitary infundibular stalk morphology
MP:0014033	400	abnormal submucosal gland morphology
MP:0021213	6589	complete cleft palate
MP:0031427	313	increased sperm progressive motility
MP:0021010	153	impaired synaptic physiology
MP:0011415	131	abnormal aldosterone level
MP:0009007	3398	short estrous cycle
MP:0004757	3738	abnormal distal convoluted tubule morphology
MP:0002095	556	abnormal skin pigmentation
MP:0001715	2253	placental labyrinth hypoplasia
MP:0008696	1387	increased interleukin-3 secretion
MP:0011500	1228	decreased glomerular capsule space
MP:0009512	3389	abnormal cerebellar Golgi cell morphology
MP:0030197	4019	small nasal septum
MP:0011786	2606	rectourethral fistula
MP:0013663	545	increased myeloid cell number
MP:0011854	3617	cerebral edema
MP:0013976	585	abnormal left vena cava superior connection
MP:0008389	3979	hypochromic macrocytic anemia
MP:0004335	6325	enlarged utricle
MP:0010503	2919	myocardial trabeculae hypoplasia
MP:0001661	4399	extended life span
MP:0010530	6702	cerebral arteriovenous malformation
MP:0000125	6852	absent incisors
MP:0004842	4058	abnormal large intestine crypts of Lieberkuhn morphology
MP:0012492	1788	pharyngeal arch artery hypoplasia
MP:0014085	1581	stomach non-glandular epithelium hyperkeratosis
MP:0012160	1435	expanded anterior visceral endoderm
MP:0012003	2670	abnormal septum of telencephalon morphology
MP:0003193	5558	decreased cholesterol efflux
MP:0020621	1756	decreased dorsal striatum total cell area
MP:0010885	876	absent trachea
MP:0030793	192	short femur neck
MP:0030866	856	abnormal synovial joint membrane morphology
MP:0014228	5020	increased alveolar macrophage number
MP:0010334	4397	pleural effusion
MP:0011705	6845	absent fibroblast proliferation
MP:0003664	2000	ocular pterygium
MP:0011025	4219	abnormal branching involved in trachea morphogenesis
MP:0011195	2767	increased hair follicle apoptosis
MP:0001360	2681	abnormal social investigation
MP:0008743	2679	decreased liver iron level
MP:0010995	4570	abnormal lung alveolus development
MP:0009592	413	increased Leydig cell tumor incidence
MP:0030807	1670	abnormal forelimb joint morphology
MP:0013942	265	enthesitis
MP:0004022	2148	abnormal cone electrophysiology
MP:0031408	5801	multi-headed sperm
MP:0012451	1385	abnormal retrosplenial granular cortex morphology
MP:0004872	1011	absent nasal septum
MP:0009637	601	abnormal pretectal region morphology
MP:0006342	2834	absent first pharyngeal arch
MP:0012128	3482	abnormal blastocyst formation
MP:0013576	3151	small forestomach
MP:0002795	1338	dilated cardiomyopathy
MP:0002717	7081	abnormal male preputial gland morphology
MP:0001980	1830	abnormal chemically-elicited antinociception
MP:0009293	4941	decreased inguinal fat pad weight
MP:0011137	5124	decreased lung endothelial cell adhesion
MP:0020519	1690	renal glomerular immunoglobulin deposits
MP:0030181	950	persistent nasal fins
MP:0004252	259	abnormal direction of heart looping
MP:0008441	3038	thin cortical plate
MP:0011063	1732	absent inner hair cell kinocilia
MP:0009561	3699	superior cervical ganglion degeneration
MP:0010820	1335	abnormal pleura morphology
MP:0004828	4061	decreased susceptibility to autoimmune hemolytic anemia
MP:0009758	6201	impaired behavioral response to cocaine
MP:0013792	5634	abnormal small intestine goblet cell morphology
MP:0010156	594	abnormal small intestinal crypt cell physiology
MP:0013392	719	Meibomian gland inflammation
MP:0001748	1333	increased circulating adrenocorticotropin level
MP:0002779	1197	abnormal sex gland secretion
MP:0008518	3051	retina outer nuclear layer degeneration
MP:0009503	356	abnormal mammary gland duct morphology
MP:0002826	5667	tonic seizures
MP:0002876	5696	abnormal thyroid gland physiology
MP:0010808	682	right-sided stomach
MP:0009815	3095	decreased prostaglandin level
MP:0000119	4021	abnormal tooth eruption
MP:0004992	1256	increased bone resorption
MP:0009439	4065	increased myeloid sarcoma incidence
MP:0002234	5914	abnormal pharynx morphology
MP:0030120	135	absent retrotympanic process
MP:0001423	3744	abnormal liquid preference
MP:0005557	589	increased creatinine clearance
MP:0012793	6080	decreased rhombomere 3 size
MP:0011368	1709	increased kidney apoptosis
MP:0008454	2740	absent retina rod cells
MP:0010118	711	abnormal intermediate mesoderm morphology
MP:0004021	2663	abnormal rod electrophysiology
MP:0002492	1710	decreased IgE level
MP:0002435	4654	abnormal effector T cell morphology
MP:0003952	1549	abnormal copper level
MP:0009535	4295	abnormal skin sebaceous gland morphology
MP:0009510	917	cecal atresia
MP:0001138	543	abnormal uterine cervix squamous epithelium morphology
MP:0004455	6216	pterygoid bone hypoplasia
MP:0005451	3594	abnormal body composition
MP:0008237	6035	abnormal ventral coat pigmentation
MP:0002047	3998	increased hepatic hemangioma incidence
MP:0008960	2451	abnormal axon pruning
MP:0011382	3258	abnormal kidney lobule morphology
MP:0005217	664	abnormal pancreatic beta cell morphology
MP:0011110	3610	preweaning lethality, incomplete penetrance
MP:0008567	5531	decreased interferon-gamma secretion
MP:0009448	423	decreased platelet ATP level
MP:0011897	4216	decreased circulating unsaturated transferrin level
MP:0011020	5751	abnormal circadian temperature homeostasis
MP:0003874	971	absent pharyngeal arches
MP:0002244	4276	abnormal turbinate morphology
MP:0008986	4489	abnormal liver parenchyma morphology
MP:0005389	5553	reproductive system phenotype
MP:0008168	2655	decreased B-1a cell number
MP:0004489	1473	type III spiral ligament fibrocyte degeneration
MP:0009661	4239	abnormal pregnancy
MP:0000486	6304	abnormal pulmonary trunk morphology
MP:0005504	5366	abnormal ligament morphology
MP:0005602	662	decreased angiogenesis
MP:0003939	4911	abnormal myotome morphology
MP:0006031	520	abnormal pharyngeal pouch morphology
MP:0002570	234	alcohol aversion
MP:0004519	818	thin vestibular hair cell stereocilia
MP:0003201	4143	extremity edema
MP:0008663	3017	increased interleukin-12 secretion
MP:0006204	2453	embryonic lethality before implantation
MP:0030082	5128	long lower incisors
MP:0009187	1429	absent PP cells
MP:0011505	6373	camptomelia
MP:0020418	330	increased cardiac muscle relaxation
MP:0021096	410	abnormal dorsal interneuron 5 morphology
MP:0011336	1400	abnormal kidney pelvis urothelium morphology
MP:0001923	522	reduced female fertility
MP:0030452	1729	abnormal cementum mineralization
MP:0020600	1150	decreased cerebral cortex cell density
MP:0008245	7086	abnormal alveolar macrophage morphology
MP:0009598	2685	thin epidermis stratum granulosum
MP:0012372	1154	abnormal erythrocyte ion content
MP:0000692	2010	small spleen
MP:0020823	1304	absent pubic symphysis
MP:0000701	655	abnormal lymph node size
MP:0002799	3902	abnormal passive avoidance behavior
MP:0000078	3946	abnormal supraoccipital bone morphology
MP:0011179	4240	decreased erythroblast number
MP:0000243	4559	myoclonus
MP:0001443	6985	poor grooming
MP:0010326	7106	malleus hypoplasia
MP:0005035	1786	perianal ulcer
MP:0008010	1146	increased gastric adenocarcinoma incidence
MP:0005043	87	defective assembly of class II molecules
MP:0005152	2130	pancytopenia
MP:0010487	4220	abnormal right subclavian artery morphology
MP:0005014	4124	increased B cell number
MP:0011751	6853	abnormal X-Y chromosome synapsis during male meiosis
MP:0008706	1246	decreased interleukin-6 secretion
MP:0000018	121	small ears
MP:0014174	2641	decreased fatty acid beta-oxidation
MP:0011201	5814	abnormal visceral yolk sac cavity morphology
MP:0012724	929	absent head fold
MP:0006212	3942	large orbits
MP:0010709	59	absent eye anterior chamber
MP:0012067	1945	abnormal olfactory gland morphology
MP:0008317	5680	abnormal paravertebral ganglion morphology
MP:0005567	2847	decreased circulating total protein level
MP:0000592	3929	short tail
MP:0003662	1405	abnormal long bone epiphyseal plate proliferative zone
MP:0030286	617	occipital bone hypoplasia
MP:0008583	877	absent photoreceptor inner segment
MP:0009240	1418	elongated sperm flagellum
MP:0004146	2283	absent M line
MP:0030614	3088	methylmalonic aciduria
MP:0003338	102	pancreas lipomatosis
MP:0001458	2287	abnormal object recognition memory
MP:0009664	1098	abnormal luminal closure
MP:0008418	5789	abnormal cutaneous elastic fiber morphology
MP:0020347	1552	abnormal myocardial fiber sodium currents
MP:0020927	1436	abnormal susceptibility to Poxviridae infection
MP:0009286	3823	increased abdominal fat pad weight
MP:0006403	632	abnormal cochlear endolymph ionic homeostasis
MP:0000690	173	absent spleen
MP:0005409	1995	darkened coat color
MP:0002275	531	abnormal type II pneumocyte morphology
MP:0020339	3742	abnormal retina ganglion cell dendrite morphology
MP:0002219	663	decreased lymph node number
MP:0030151	4839	abnormal buccinator muscle morphology
MP:0012057	3183	abnormal mural trophectoderm morphology
MP:0020117	4120	decreased sphingosine level
MP:0000149	703	abnormal scapula morphology
MP:0003180	2911	abnormal pulmonary endothelial cell surface
MP:0011450	4227	ectopic dopaminergic neuron
MP:0001793	5061	abnormal susceptibility to infection
MP:0005527	2549	increased renal glomerular filtration rate
MP:0004457	844	abnormal orbitosphenoid bone morphology
MP:0010270	1002	decreased stomach tumor incidence
MP:0010188	1749	abnormal T follicular helper cell differentiation
MP:0009811	3080	abnormal prostaglandin level
MP:0010581	108	abnormal atrium myocardial trabeculae morphology
MP:0003799	3606	impaired macrophage chemotaxis
MP:0004771	1355	increased anti-single stranded DNA antibody level
MP:0003702	6942	abnormal chromosome morphology
MP:0002659	2297	pituitary gland hypoplasia
MP:0000399	3808	increased curvature of guard hairs
MP:0030524	477	abnormal tooth root resorption
MP:0000790	1311	abnormal stratification in cerebral cortex
MP:0030291	3709	short soft palate
MP:0009888	2171	palatal shelves fail to meet at midline
MP:0012738	1310	abnormal secondary polar body morphology
MP:0000665	291	decreased ductal branching in the coagulating gland
MP:0008095	209	abnormal memory B cell differentiation
MP:0008925	2632	increased cerebellar granule cell number
MP:0000427	4161	abnormal hair cycle
MP:0011028	189	impaired branching involved in bronchus morphogenesis
MP:0030986	1320	striatum atrophy
MP:0009780	433	abnormal chondrocyte physiology
MP:0001136	5858	dilated uterine cervix
MP:0014146	3002	decreased white adipose tissue mass
MP:0013654	6778	increased CD103-positive CD11b-low dendritic cell number
MP:0000694	1474	spleen hypoplasia
MP:0013818	4542	abnormal oral cavity morphology
MP:0008480	7060	absent eye pigmentation
MP:0002037	409	increased fibrohistocytoma incidence
MP:0011582	6754	decreased triglyceride lipase activity
MP:0000851	3227	cerebellum hypoplasia
MP:0012778	1040	abnormal liver triglyceride level
MP:0003352	2888	increased circulating renin level
MP:0011682	3785	renal glomerulus cyst
MP:0001264	441	increased body size
MP:0030123	5808	small middle ear ossicles
MP:0013367	649	parotid gland inflammation
MP:0003674	2236	oxidative stress
MP:0009971	4343	decreased hippocampus pyramidal cell number
MP:0003409	5	decreased width of hypertrophic chondrocyte zone
MP:0001505	1647	hunched posture
MP:0000025	2209	otic hypertelorism
MP:0030644	2395	increased circulating methionine level
MP:0002444	974	abnormal T cell physiology
MP:0005093	2048	decreased B cell proliferation
MP:0030191	3616	narrow snout
MP:0000238	3037	absent pre-B cells
MP:0020916	1071	increased susceptibility to Herpesvirales infection
MP:0012247	1011	absent cornea
MP:0006054	5429	spinal hemorrhage
MP:0005225	1531	abnormal vertebrae development
MP:0008286	2475	abnormal hippocampus molecular cell layer
MP:0009651	3528	abnormal eyelid development
MP:0004913	794	absent mandibular angle
MP:0013925	6921	abnormal vascular plexus formation
MP:0013494	1014	abnormal trachea gland morphology
MP:0004286	1442	abnormal internal auditory canal morphology
MP:0014017	6586	abnormal Wolffian duct connection
MP:0001714	3780	absent trophoblast giant cells
MP:0003935	1742	abnormal craniofacial development
MP:0004748	3375	increased susceptibility to age-related hearing loss
MP:0030526	2562	abnormal enamel cord morphology
MP:0011626	1349	orotic acid urinary bladder stones
MP:0004399	3	abnormal cochlear outer hair cell morphology
MP:0005293	3334	impaired glucose tolerance
MP:0003800	243	monodactyly
MP:0009642	4097	abnormal blood homeostasis
MP:0009430	1412	increased embryo weight
MP:0013574	67	ectopic parathyroid gland
MP:0000622	5580	increased salivation
MP:0008946	3147	abnormal neuron number
MP:0008341	73	decreased corticotroph cell number
MP:0010162	4192	increased brain cholesterol level
MP:0008899	630	plush coat
MP:0011812	6194	increased cranium length
MP:0002740	4156	heart hypoplasia
MP:0020417	6297	increased fibroblast chemotaxis
MP:0001762	2782	polyuria
MP:0006108	586	abnormal hindbrain development
MP:0009813	161	abnormal leukotriene level
MP:0011723	5077	ectopic neuron
MP:0002918	3034	abnormal paired-pulse facilitation
MP:0000765	914	abnormal tongue squamous epithelium morphology
MP:0000461	6430	decreased presacral vertebrae number
MP:0001389	305	abnormal eye movement
MP:0010981	3700	abnormal branching involved in ureteric bud morphogenesis
MP:0012572	3914	increased susceptibility to chemically induced skin inflammation
MP:0014089	178	abnormal tectorial membrane marginal band morphology
MP:0013814	278	abnormal hepatic portal vein connection
MP:0011678	2637	abnormal vomeronasal sensory neuron physiology
MP:0006384	178	enhanced cochlear frequency tuning
MP:0003679	1779	ear lobe hypoplasia
MP:0002836	5534	abnormal chorion morphology
MP:0003582	3374	abnormal ovary development
MP:0000574	6678	abnormal foot pad morphology
MP:0031166	2334	abnormal aortic valve commissure morphology
MP:0003967	1941	abnormal follicle stimulating hormone level
MP:0010410	1743	cor triatriatum sinistrum
MP:0001401	4044	jumpy
MP:0008385	17	absent basisphenoid bone
MP:0020875	5588	decreased nervous system dopamine level
MP:0008770	648	decreased survivor rate
MP:0010900	4607	abnormal pulmonary interalveolar septum morphology
MP:0004061	1317	papillary muscle hypoplasia
MP:0002267	4283	abnormal bronchiole morphology
MP:0002741	163	small olfactory bulb
MP:0009765	1313	abnormal xenobiotic induced morbidity/mortality
MP:0003751	1128	oral leukoplakia
MP:0000600	1369	liver hypoplasia
MP:0014052	765	increased male germ cell apoptosis
MP:0009350	2589	decreased urine pH
MP:0013900	864	seminal vesicle epithelium degeneration
MP:0004599	2185	abnormal vertebral arch morphology
MP:0011588	1137	decreased ornithine carbamoyltransferase activity
MP:0009656	3552	delayed chorioallantoic fusion
MP:0010393	2368	shortened QRS complex duration
MP:0008868	2839	abnormal granulosa cell morphology
MP:0012317	388	impaired conditioning behavior
MP:0004981	2583	decreased neuronal precursor cell number
MP:0005211	3982	increased stomach mucosa thickness
MP:0004639	6544	fused metacarpal bones
MP:0020596	1036	decreased cerebral cortex total cell area
MP:0020217	1217	increased circulating complement protein level
MP:0008657	789	increased interleukin-1 beta secretion
MP:0011692	3467	increased chondrocyte number
MP:0020076	2921	increased brain tyrosine 3-monooxygenase activity
MP:0011086	203	postnatal lethality, incomplete penetrance
MP:0030411	4459	small round window
MP:0005199	5102	abnormal iris pigment epithelium
MP:0003701	5560	elevated level of mitotic sister chromatid exchange
MP:0008984	2998	vagina hypoplasia
MP:0009275	3937	bruising
MP:0001262	828	decreased body weight
MP:0010486	157	absent right subclavian artery
MP:0004660	562	absent thyroid follicular cells
MP:0000298	3211	absent atrioventricular cushions
MP:0020361	1226	abnormal symmetric synapse morphology
MP:0020240	1284	increased skeletal muscle cell apoptosis
MP:0002340	1582	abnormal axillary lymph node morphology
MP:0011156	3457	abnormal hypodermis fat layer morphology
MP:0002280	5528	abnormal intercostal muscle morphology
MP:0010710	1250	absent sclera
MP:0030434	3903	premature maxillary-premaxillary suture closure
MP:0030304	468	abnormal cribriform plate morphology
MP:0000890	6953	thin cerebellar molecular layer
MP:0009836	5739	abnormal sperm principal piece morphology
MP:0030620	2272	valinuria
MP:0003406	4517	failure of zygotic cell division
MP:0009419	5462	skeletal muscle fibrosis
MP:0004686	3500	decreased length of long bones
MP:0011191	4632	increased embryonic epiblast cell apoptosis
MP:0002907	2200	abnormal parturition
MP:0010716	5878	optic disk coloboma
MP:0008053	2562	abnormal NK cell differentiation
MP:0002777	41	absent ovarian follicles
MP:0006128	4265	pulmonary valve stenosis
MP:0003647	1737	absent oligodendrocytes
MP:0004977	6246	increased B-1 B cell number
MP:0008188	4494	abnormal transitional stage B cell morphology
MP:0002858	95	abnormal posterior semicircular canal morphology
MP:0005309	1068	increased circulating ammonia level
MP:0010286	6872	increased plasmacytoma incidence
MP:0001900	1312	impaired synaptic plasticity
MP:0002649	420	abnormal enamel rod pattern
MP:0008111	4751	abnormal granulocyte differentiation
MP:0011101	5068	prenatal lethality, incomplete penetrance
MP:0013691	261	decreased CD5-positive Ly6C-positive T cell number
MP:0004727	5515	absent epididymis
MP:0013950	2256	abnormal dorsal root ganglion topology
MP:0002944	3136	increased lactate dehydrogenase level
MP:0010952	2032	abnormal fatty acid beta-oxidation
MP:0001938	292	delayed sexual maturation
MP:0008810	3405	increased circulating iron level
MP:0008491	446	dorsal root ganglion hyperplasia
MP:0004282	5641	retrognathia
MP:0001097	6121	abnormal superior glossopharyngeal ganglion morphology
MP:0031068	4114	decreased blood oxygen saturation level
MP:0011890	5347	increased circulating ferritin level
MP:0012468	3015	decreased striatum size
MP:0010092	2551	increased circulating magnesium level
MP:0001753	3986	hypersecretion of corticotropin-releasing hormone
MP:0006277	5677	abnormal parasympathetic nervous system physiology
MP:0004049	5625	increased acute promyelocytic leukemia incidence
MP:0001569	68	abnormal circulating bilirubin level
MP:0011261	1791	abnormal limb mesenchyme morphology
MP:0005267	5179	abnormal olfactory cortex morphology
MP:0020380	4149	abnormal galactolipid level
MP:0000613	3520	abnormal salivary gland morphology
MP:0002667	4431	decreased circulating aldosterone level
MP:0010890	5592	decreased alveolar lamellar body number
MP:0013851	2964	abnormal Wolffian duct topology
MP:0012746	5630	abnormal neural crest cell delamination
MP:0002901	265	increased urine phosphate level
MP:0008427	670	decreased corticotroph cell size
MP:0009311	5616	increased duodenum adenocarcinoma incidence
MP:0001857	2024	pericarditis
MP:0000854	1617	abnormal cerebellum development
MP:0009922	6528	increased transitional stage T1 B cell number
MP:0011744	3020	abnormal kidney epithelial cell primary cilium physiology
MP:0000666	6686	decreased prostate gland duct number
MP:0020290	4288	floppy ears
MP:0012360	5611	abnormal large unstained cell number
MP:0003982	620	increased cholesterol level
MP:0006395	996	abnormal epiphyseal plate morphology
MP:0011293	3858	dilated nephron
MP:0011298	4349	ureter hypoplasia
MP:0010301	1146	increased stomach tumor incidence
MP:0005568	4076	increased circulating total protein level
MP:0030568	1269	abnormal H zone morphology
MP:0012274	3241	increased axial mesoderm size
MP:0020411	5238	increased abdominal adipose tissue amount
MP:0001092	12	abnormal trigeminal ganglion morphology
MP:0003429	3800	insensitivity to growth hormone
MP:0010224	6684	abnormal heart ventricle outflow tract morphology
MP:0004001	7068	decreased hepatocyte proliferation
MP:0014229	4671	decreased alveolar macrophage number
MP:0000293	897	absent myocardial trabeculae
MP:0005145	4932	increased circulating VLDL cholesterol level
MP:0002360	2618	abnormal spleen B cell corona morphology
MP:0009887	2463	abnormal palatal shelf fusion at midline
MP:0001800	886	abnormal humoral immune response
MP:0001512	6115	trunk curl
MP:0010741	5004	abnormal melanocyte proliferation
MP:0002636	6980	delayed vaginal opening
MP:0013590	5952	enlarged thymus medulla
MP:0012671	4935	retina spots
MP:0030861	5077	abnormal triquetrum morphology
MP:0004939	1329	abnormal B cell morphology
MP:0002266	1633	abnormal right major bronchus morphology
MP:0008296	2345	abnormal adrenal gland x-zone morphology
MP:0014125	957	decreased amylin secretion
MP:0009437	1271	arytenoid and cricoid cartilage fusion
MP:0008796	2933	increased lens fiber apoptosis
MP:0012093	3314	absent nodal flow
MP:0004185	3852	abnormal adipocyte glucose uptake
MP:0004889	1175	increased energy expenditure
MP:0008586	2000	disorganized photoreceptor outer segment
MP:0008944	5387	decreased sensitivity to induced cell death
MP:0008562	7048	increased interferon-alpha secretion
MP:0031315	2214	biliary atresia
MP:0003371	6347	decreased circulating estrogen level
MP:0000950	5551	abnormal seizure response to pharmacological agent
MP:0013901	693	absent female preputial gland
MP:0005327	3990	abnormal mesangial cell morphology
MP:0030146	858	abnormal digastric posterior belly morphology
MP:0004774	5559	abnormal bile salt level
MP:0003310	5063	reduced cochlear modiolus
MP:0010880	6369	small esophagus
MP:0010832	2529	lethality during fetal growth through weaning
MP:0005493	3412	stomach epithelial hyperplasia
MP:0002059	1671	abnormal seminal vesicle morphology
MP:0004016	4296	decreased bone mass
MP:0010108	1885	abnormal renal water reabsorption
MP:0003609	2525	small scrotum
MP:0010699	4996	dilated hair follicle
MP:0010662	5109	abnormal intersomitic artery morphology
MP:0003867	4728	increased defecation amount
MP:0030638	1708	increased circulating taurine level
MP:0004305	1500	abnormal Rosenthal canal morphology
MP:0005244	4335	hemopericardium
MP:0009011	1219	prolonged diestrus
MP:0020180	1261	abnormal IgM level
MP:0012805	1608	decreased rhombomere 6 size
MP:0013429	720	decreased memory CD4-positive, CD25-positive, alpha-beta regulatory T cell number
MP:0014153	1874	absent intraorbital lacrimal gland
MP:0013186	6952	abnormal basilar artery morphology
MP:0011407	194	absent nephrogenic zone
MP:0030613	3763	dicarboxylic aciduria
MP:0004887	13	decreased endolymph production
MP:0002896	1604	abnormal bone mineralization
MP:0021027	3155	abnormal cerebrospinal fluid amyloid beta 40 isoform level
MP:0001968	63	abnormal touch/ nociception
MP:0005461	3586	abnormal dendritic cell morphology
MP:0001119	1340	abnormal female reproductive system morphology
MP:0003092	180	decreased corneal stroma thickness
MP:0030626	279	decreased circulating cysteine level
MP:0009368	1635	absent theca folliculi
MP:0003611	3479	scrotum hypoplasia
MP:0002144	2202	abnormal B cell differentiation
MP:0006124	1043	tricuspid valve stenosis
MP:0010464	4842	abnormal aortic arch and aortic arch branch attachment
MP:0008503	3795	abnormal spinal cord grey matter morphology
MP:0003137	732	abnormal impulse conducting system conduction
MP:0009880	4457	microstomia
MP:0002080	5162	prenatal lethality
MP:0004477	442	turbinate hypoplasia
MP:0003468	4041	increased single cell response intensity
MP:0008914	2516	enlarged cerebellum
MP:0012799	2464	absent rhombomere 4
MP:0001391	2488	abnormal tail movements
MP:0004601	4091	abnormal vertebral spinous process morphology
MP:0004804	4365	decreased susceptibility to autoimmune diabetes
MP:0010174	5465	decreased mammary gland epithelial cell proliferation
MP:0003272	2966	duodenal atresia
MP:0004679	5411	xiphoid process foramen
MP:0002608	1519	increased hematocrit
MP:0004608	570	abnormal cervical axis morphology
MP:0010874	4204	abnormal bone volume
MP:0000195	2344	decreased circulating calcium level
MP:0009256	1375	enlarged corpus epididymis
MP:0003724	3824	increased susceptibility to induced arthritis
MP:0010784	2550	abnormal forestomach morphology
MP:0012117	3639	decreased trophectoderm cell proliferation
MP:0001841	1253	decreased level of surface class I molecules
MP:0004298	6145	vestibular ganglion degeneration
MP:0000572	874	abnormal autopod morphology
MP:0004329	6148	vestibular saccular degeneration
MP:0004896	465	abnormal endometrium morphology
MP:0030664	2072	increased arginine level
MP:0030697	281	increased phenylalanine level
MP:0002842	926	increased systemic arterial blood pressure
MP:0000435	1142	shortened head
MP:0010362	2090	increased ganglioneuroma incidence
MP:0006324	2811	abnormal cochlear nerve fiber response
MP:0002243	3381	abnormal vomeronasal organ morphology
MP:0005297	3058	spina bifida occulta
MP:0000554	1923	abnormal carpal bone morphology
MP:0009560	2569	absent epidermis stratum granulosum
MP:0003356	4610	impaired luteinization
MP:0003094	180	abnormal cornea posterior stroma morphology
MP:0004491	144	abnormal orientation of outer hair cell stereociliary bundles
MP:0014012	6212	abnormal cranial blood vasculature morphology
MP:0003191	4474	abnormal cellular cholesterol metabolism
MP:0004383	395	absent interparietal bone
MP:0009954	2127	abnormal mitral cell morphology
MP:0009953	251	abnormal olfactory tubercle morphology
MP:0006355	2824	abnormal sixth pharyngeal arch artery morphology
MP:0004459	3342	small alisphenoid bone
MP:0009623	197	enlarged inguinal lymph nodes
MP:0030908	5049	abnormal melanocyte differentiation
MP:0020883	2113	abnormal magnesium level
MP:0003566	5422	abnormal cell adhesion
MP:0003491	2585	abnormal voluntary movement
MP:0003913	4601	increased heart right ventricle weight
MP:0008731	3756	abnormal hair shaft melanin granule morphology
MP:0006133	4234	calcified artery
MP:0020376	509	abnormal starburst amacrine cell morphology
MP:0001711	2499	abnormal placenta morphology
MP:0010891	1817	increased alveolar lamellar body number
MP:0013258	6908	abnormal extracellular matrix morphology
MP:0004833	2775	ovary atrophy
MP:0003885	5441	abnormal rostral-caudal body axis extension
MP:0000876	819	Purkinje cell degeneration
MP:0010485	5007	aortic arch hypoplasia
MP:0004306	5521	small Rosenthal canal
MP:0001441	4963	increased grooming behavior
MP:0010719	124	ciliary body coloboma
MP:0013824	334	abnormal hypoglossal canal morphology
MP:0030870	454	abnormal superior horn of thyroid cartilage morphology
MP:0001678	3030	thick apical ectodermal ridge
MP:0012282	773	abnormal sternebra number
MP:0003851	4951	skeletal muscle interstitial fibrosis
MP:0008205	5081	absent B-2 B cells
MP:0005139	3007	increased prolactin level
MP:0013843	5626	hepatic portal vein stenosis
MP:0013321	2532	squamous metaplasia of seminal vesicles
MP:0000552	3205	abnormal radius morphology
MP:0003651	4272	abnormal axon extension
MP:0001204	5954	decreased sensitivity to skin irradiation
MP:0012084	6640	truncated foregut
MP:0008859	2221	abnormal hair cycle catagen phase
MP:0003105	3093	abnormal heart atrium morphology
MP:0003303	3872	peritoneal inflammation
MP:0005229	4217	abnormal intervertebral disk development
MP:0030868	6208	absent thyroid cartilage
MP:0004372	3845	bowed fibula
MP:0011508	2103	abnormal glomerular capillary thrombosis
MP:0012788	1853	abnormal rhombomere 2 morphology
MP:0010967	5668	increased compact bone area
MP:0003531	5777	abnormal vagina development
MP:0014179	2359	abnormal blood-retina barrier function
MP:0011079	5893	decreased macrophage cytokine production
MP:0000370	772	head blaze
MP:0020169	5468	increased thyroid gland weight
MP:0002989	6	small kidney
MP:0013790	193	single external naris
MP:0010541	4554	aorta hypoplasia
MP:0012319	2946	fast extinction of fear memory
MP:0009635	1116	enlarged popliteal lymph nodes
MP:0008609	646	decreased circulating interleukin-13 level
MP:0020157	227	abnormal behavioral response to alcohol
MP:0002965	4717	increased circulating serum albumin level
MP:0004218	2479	meiotic nondisjunction during M1 phase
MP:0012291	4958	increased slow-wave sleep duration
MP:0008300	3280	enlarged adrenal medulla
MP:0001265	3130	decreased body size
MP:0020421	4822	increased freezing behavior
MP:0009828	1981	increased tumor latency
MP:0003022	3011	increased coronary flow rate
MP:0013427	3593	increased memory-marker NK cell number
MP:0005345	4351	abnormal circulating corticosterone level
MP:0009399	2751	increased skeletal muscle fiber size
MP:0008963	1236	increased carbon dioxide production
MP:0010198	5167	decreased lymphatic vessel endothelial cell number
MP:0008212	616	absent mature B cells
MP:0013619	708	abnormal long bone internal diameter
MP:0005371	1995	limbs/digits/tail phenotype
MP:0001824	5039	abnormal thymus involution
MP:0009295	31	decreased interscapular fat pad weight
MP:0002798	6820	abnormal active avoidance behavior
MP:0030974	3320	enhanced gluconeogenesis
MP:0000464	1782	increased presacral vertebrae number
MP:0012259	927	meningocele
MP:0000582	3633	toenail hyperkeratosis
MP:0001954	5201	respiratory distress
MP:0002038	870	increased carcinoma incidence
MP:0012535	3945	abnormal optic fissure closure
MP:0004560	2982	abnormal chorionic plate morphology
MP:0011480	6925	impaired ureteric peristalsis
MP:0030064	888	small face
MP:0005026	2542	decreased susceptibility to parasitic infection
MP:0013758	1075	increased intestinal glucose absorption
MP:0009822	582	abnormal subarcuate fossa morphology
MP:0008321	3724	small adenohypophysis
MP:0011662	5874	persistent truncus arteriosus type ii
MP:0013832	4927	thin vagus nerve
MP:0000747	1766	muscle weakness
MP:0012041	756	increased susceptibility to pulmonary hyaline membrane formation
MP:0009605	5483	decreased keratohyalin granule number
MP:0003734	3188	abnormal retina inner plexiform layer morphology
MP:0030876	433	abnormal costochondral joint morphology
MP:0004509	3997	abnormal pelvic girdle bone morphology
MP:0000832	1229	abnormal thalamus morphology
MP:0006073	6560	abnormal retina bipolar cell morphology
MP:0011523	2844	thin placenta labyrinth
MP:0004008	4699	abnormal GABA-mediated receptor currents
MP:0003330	972	abnormal auditory tube morphology
MP:0008143	3703	abnormal dendrite morphology
MP:0012732	4522	abnormal perineural vascular plexus morphology
MP:0008191	4426	abnormal follicular B cell physiology
MP:0020444	2239	abnormal intestine apoptosis
MP:0005157	2765	holoprosencephaly
MP:0030659	596	decreased glycine level
MP:0004410	5209	absent endocochlear potential
MP:0009626	306	abnormal celiac lymph node morphology
MP:0003560	757	osteoarthritis
MP:0010076	620	abnormal phytosterol level
MP:0020472	665	arrhythmic circadian behavior persistence
MP:0002619	403	abnormal lymphocyte morphology
MP:0012294	1224	enhanced active avoidance behavior
MP:0008177	183	increased germinal center B cell number
MP:0003231	1438	abnormal placenta vasculature
MP:0005158	4643	ovary hypoplasia
MP:0002827	4704	abnormal renal corpuscle morphology
MP:0030289	570	flat occipital bone
MP:0013927	2485	abnormal facial nerve topology
MP:0009727	3847	abnormal navicular morphology
MP:0002878	1767	abnormal corticospinal tract morphology
MP:0011386	245	increased metanephric mesenchyme apoptosis
MP:0002227	2447	abnormal spleen capsule morphology
MP:0000940	2866	abnormal motor neuron innervation pattern
MP:0003666	2944	impaired sperm capacitation
MP:0010050	859	hypermyelination
MP:0009181	6951	decreased pancreatic delta cell number
MP:0009340	1127	abnormal splenocyte apoptosis
MP:0011111	5104	lethality during fetal growth through weaning, complete penetrance
MP:0013995	5785	abnormal external carotid artery origin
MP:0009933	493	abnormal tail hair pigmentation
MP:0001828	2445	abnormal T cell activation
MP:0012148	2343	decreased a-wave implicit time
MP:0031019	6342	increased granulosa cell proliferation
MP:0000151	2151	absent ribs
MP:0008886	3178	abnormal PML bodies
MP:0011437	4580	glomerulus hemorrhage
MP:0008146	6790	asymmetric sternocostal joints
MP:0004533	3027	fused inner hair cell stereocilia
MP:0000428	3846	abnormal craniofacial morphology
MP:0001919	2394	abnormal reproductive system physiology
MP:0013916	4684	decreased intestine length
MP:0011172	469	abnormal otic pit morphology
MP:0021217	6893	abnormal palatal shelf bone ossification
MP:0009719	304	reduced cerebellar foliation
MP:0001379	3905	abnormal penile erection
MP:0008507	744	thin retina ganglion layer
MP:0013827	6971	thin oculomotor nerve
MP:0013221	6740	pancreatic acinar-to-ductal metaplasia
MP:0005269	1067	abnormal occipital bone morphology
MP:0008557	2203	abnormal interferon-alpha secretion
MP:0008271	4411	abnormal bone ossification
MP:0006343	366	enlarged first pharyngeal arch
MP:0030277	274	thin interparietal bone
MP:0030954	449	abnormal Golgi cis cisterna morphology
MP:0011801	1497	urethra obstruction
MP:0000432	225	abnormal head morphology
MP:0011668	4437	double outlet right ventricle, Taussig bing type
MP:0012303	6923	umbilical vein stenosis
MP:0000430	3619	absent maxillary shelf
MP:0001411	1884	spinning
MP:0009845	5402	abnormal neural crest cell morphology
MP:0001723	322	disorganized yolk sac vascular plexus
MP:0002875	2433	decreased erythrocyte cell number
MP:0004604	6962	abnormal vertebral pedicle morphology
MP:0002003	3245	miotic pupils
MP:0002194	3108	maximal tonic hindlimb extension seizures
MP:0011882	5600	enlarged duodenum
MP:0003136	1406	yellow coat color
MP:0010215	1114	abnormal circulating complement protein level
MP:0030799	4778	abnormal tendon sheath morphology
MP:0002073	1167	abnormal hair growth
MP:0004339	6623	absent clavicle
MP:0030410	1702	middle ear effusion
MP:0000031	587	abnormal cochlea morphology
MP:0013598	6590	Leydig cell hypertrophy
MP:0001786	2	skin edema
MP:0009586	4802	increased platelet aggregation
MP:0010569	1214	papillary muscle hypertrophy
MP:0000968	730	abnormal sensory neuron innervation pattern
MP:0003122	319	maternal imprinting
MP:0002646	3475	increased intestinal cholesterol absorption
MP:0020450	4323	abnormal sperm progressive motility
MP:0002814	2119	hyperchromasia
MP:0014001	1638	abnormal vertebral artery topology
MP:0008232	3844	abnormal cingulum morphology
MP:0003024	1212	coronary artery stenosis
MP:0012416	4586	decreased gland tumor incidence
MP:0014010	4532	abnormal peroxisome morphology
MP:0001629	3187	abnormal heart rate
MP:0031024	5241	increased susceptibility to Riboviria infection induced morbidity/mortality
MP:0008870	3576	increased mature ovarian follicle number
MP:0012106	5918	impaired exercise endurance
MP:0010869	508	decreased bone trabecula number
MP:0030506	607	abnormal dental follicle morphology
MP:0010039	1466	abnormal trophoblast giant cell proliferation
MP:0008121	3391	increased myeloid dendritic cell number
MP:0000159	1042	abnormal xiphoid process morphology
MP:0031110	247	meningitis
MP:0004555	520	pharynx hypoplasia
MP:0010214	778	abnormal circulating serum amyloid protein level
MP:0008001	5655	hypochlorhydria
MP:0005492	1805	exocrine pancreas hypoplasia
MP:0004502	778	decreased incidence of tumors by chemical induction
MP:0003424	1966	premature neuronal precursor differentiation
MP:0005535	4862	abnormal body temperature
MP:0013179	4452	wavy tail
MP:0001263	2108	weight loss
MP:0010969	848	absent compact bone
MP:0011610	2480	abnormal primordial germ cell apoptosis
MP:0003411	77	abnormal vein development
MP:0010248	1207	decreased intestine copper level
MP:0030034	5409	depressed nasal bridge
MP:0020843	215	abnormal type I cell of carotid body physiology
MP:0001036	6326	small submandibular ganglion
MP:0002490	1160	abnormal immunoglobulin level
MP:0008234	4558	absent spleen marginal zone
MP:0013251	1886	dental pulp necrosis
MP:0011164	3832	panniculitis
MP:0014094	1047	decreased pancreatic primary cilium number
MP:0010309	224	increased mesothelioma incidence
MP:0030248	4705	narrow maxilla
MP:0009445	6843	osteomalacia
MP:0009599	5727	thick epidermis stratum granulosum
MP:0001068	184	abnormal mandibular nerve branching
MP:0003716	1488	anteriorly rotated ears
MP:0004412	6051	abnormal cochlear microphonics
MP:0011124	5604	increased primary ovarian follicle number
MP:0004783	4959	abnormal cardinal vein morphology
MP:0030310	1604	abnormal cranial foramen morphology
MP:0010787	1945	gastric cyst
MP:0006371	1868	absent hair follicle pheomelanosome pheomelanin
MP:0009523	1718	submandibular gland hyperplasia
MP:0001243	3102	abnormal dermal layer morphology
MP:0011014	2404	decreased core body temperature
MP:0009283	299	decreased gonadal fat pad weight
MP:0011495	968	abnormal head shape
MP:0011733	236	fused somites
MP:0000394	6870	absent hair follicle melanin granules
MP:0020379	3877	abnormal sucrose solution preference
MP:0013006	40	abnormal enteric neural crest cell migration
MP:0030398	1107	absent incus lenticular process
MP:0014163	936	abnormal ciliary muscle morphology
MP:0008662	2405	abnormal interleukin-12 secretion
MP:0004681	1929	intervertebral disk hypoplasia
MP:0011683	394	dual inferior vena cava
MP:0012113	491	decreased inner cell mass proliferation
MP:0021032	3298	increased tumor necrosis factor receptor superfamily member 11b level
MP:0003845	2492	abnormal decidualization
MP:0001361	3857	social withdrawal
MP:0030431	3107	wide metopic suture
MP:0000524	3777	decreased renal tubule number
MP:0030279	5396	thin neurocranium
MP:0013752	5433	stridor
MP:0014165	60	absent ciliary process
MP:0008975	2507	delayed male fertility
MP:0004147	5309	increased porphyrin level
MP:0010084	2687	abnormal long lived plasma cell morphology
MP:0011995	5404	decreased leukemia incidence
MP:0008974	6660	proportional dwarf
MP:0002409	3471	decreased susceptibility to infection
MP:0008020	3706	abnormal dermal mast cell morphology
MP:0001178	3496	pulmonary hypoplasia
MP:0002725	4707	abnormal vein morphology
MP:0010690	1183	thick hair follicle outer root sheath
MP:0008340	2221	increased corticotroph cell number
MP:0010359	3821	increased liver free fatty acids level
MP:0013775	282	increased KLRG1-positive T-helper cell number
MP:0008794	2321	increased lens epithelium apoptosis
MP:0009153	64	increased pancreas tumor incidence
MP:0003602	2397	increased renal hamartoma incidence
MP:0010343	4855	increased lipoma incidence
MP:0003936	5002	abnormal reproductive system development
MP:0030710	4475	decreased circulating glutamine level
MP:0006162	3628	thick eyelids
MP:0006354	157	abnormal fourth pharyngeal arch artery morphology
MP:0009189	690	abnormal pancreatic epsilon cell morphology
MP:0001290	5870	delayed eyelid opening
MP:0001011	3764	abnormal superior cervical ganglion morphology
MP:0011214	1549	increased brain copper level
MP:0005117	83	increased circulating pituitary hormone level
MP:0031050	199	increased susceptibility to Paramyxoviridae infection induced morbidity/mortality
MP:0020447	1020	decreased NAD(P)H oxidase activity
MP:0009750	922	impaired behavioral response to addictive substance
MP:0006075	5125	abnormal retina cone bipolar cell morphology
MP:0012085	141	midface hypoplasia
MP:0004964	6657	absent inner cell mass
MP:0001909	2842	reduced NMDA receptor mediated synaptic activity in barrel cortex
MP:0000292	5997	distended pericardium
MP:0020500	288	persistent trigeminal artery
MP:0010470	5599	dilated ascending aorta
MP:0013203	372	abnormal primary cilium morphology
MP:0009794	6514	sebaceous gland hyperplasia
MP:0003420	647	delayed intramembranous bone ossification
MP:0005582	2484	increased renin activity
MP:0031122	3899	areflexia
MP:0013486	4439	decreased Paneth cell number
MP:0013844	2552	abnormal perichondrial ossification
MP:0011960	5564	abnormal eye anterior chamber depth
MP:0005659	1835	decreased susceptibility to diet-induced obesity
MP:0030587	5569	abnormal pancreatic alpha cell mass
MP:0008088	4029	abnormal T-helper 1 cell differentiation
MP:0003437	4755	abnormal carotid body morphology
MP:0012245	1369	abnormal hepatoblast migration
MP:0030303	5463	small ethmoid bone
MP:0004174	3274	abnormal spine curvature
MP:0005341	2703	decreased susceptibility to atherosclerosis
MP:0010178	5522	increased number of Howell-Jolly bodies
MP:0004672	1698	short ribs
MP:0004702	3005	increased circulating insulin-like growth factor I level
MP:0013957	7095	increased small intestine length
MP:0011737	5042	hypodipsia
MP:0009686	437	abnormal spinal cord medial motor column morphology
MP:0004072	538	abnormal frontal plane axis
MP:0011284	1516	abnormal circulating erythropoietin level
MP:0010826	4744	absent lung saccules
MP:0009186	6370	decreased PP cell number
MP:0009140	2116	dilated efferent ductule of testis
MP:0012736	5086	abnormal polar body morphology
MP:0006007	5196	abnormal basal ganglion morphology
MP:0012277	5175	increased tail bud apoptosis
MP:0010403	4946	atrial septal defect
MP:0000798	6565	abnormal frontal lobe morphology
MP:0003570	1414	increased uterus leiomyoma incidence
MP:0014129	2254	thymus fibrosis
MP:0030685	2172	decreased cystathionine level
MP:0011922	5545	abnormal circulating osteocalcin level
MP:0011509	4485	dilated glomerular capillary
MP:0000624	5087	xerostomia
MP:0003649	3566	decreased heart right ventricle size
MP:0030978	762	impaired binding of sperm to zona pellucida
MP:0005466	590	abnormal T-helper 2 physiology
MP:0012250	6210	absent heart valves
MP:0000966	216	decreased sensory neuron number
MP:0001156	2945	abnormal spermatogenesis
MP:0013375	529	abnormal sebocyte morphology
MP:0011066	3797	abnormal renal tubule epithelial cell primary cilium morphology
MP:0012433	736	decreased ovarian tumor incidence
MP:0008013	2567	cecum polyps
MP:0030982	3854	abnormal copulatory plug deposition
MP:0009133	4211	decreased white fat cell size
MP:0008690	3369	increased interleukin-23 secretion
MP:0014144	2861	abnormal white adipose tissue mass
MP:0013362	1049	absent pineal gland
MP:0004967	3759	abnormal kidney epithelium morphology
MP:0006427	999	ectopic Leydig cells
MP:0009652	5094	abnormal palatal rugae morphology
MP:0030257	1514	increased tongue papilloma incidence
MP:0005236	6603	abnormal olfactory nerve morphology
MP:0001785	2389	edema
MP:0002820	442	abnormal premaxilla morphology
MP:0000279	5321	ventricular hypoplasia
MP:0004327	2548	increased vestibular hair cell number
MP:0009241	621	thick sperm flagellum
MP:0004621	5353	lumbar vertebral fusion
MP:0008828	6862	abnormal lymph node cell ratio
MP:0010983	5745	abnormal ureteric bud invasion
MP:0013181	1176	absent placenta
MP:0006359	5083	absent startle reflex
MP:0030244	492	short chin
MP:0012779	1952	abnormal brain cholesterol level
MP:0003823	4013	increased left ventricle developed pressure
MP:0010233	2106	hairless tail
MP:0005257	5295	abnormal intraocular pressure
MP:0014230	1649	dilated crypt of Lieberkuhn
MP:0021131	1170	increased glycerophosphocholine level
MP:0000813	3282	abnormal hippocampus layer morphology
MP:0006433	3970	abnormal articular cartilage morphology
MP:0000786	584	abnormal embryonic neuroepithelial layer differentiation
MP:0004297	2198	abnormal proprioceptive neuron morphology
MP:0012531	1869	delayed limb development
MP:0011291	2893	nephron necrosis
MP:0004461	6794	basisphenoid bone hypoplasia
MP:0011984	4497	decreased enteroendocrine cell number
MP:0003707	2783	increased cell nucleus count
MP:0005541	3862	abnormal iris stromal pigmentation
MP:0010027	2331	increased liver cholesterol level
MP:0001209	4341	spontaneous skin ulceration
MP:0000010	4328	abnormal abdominal fat pad morphology
MP:0008384	5886	absent nasal capsule
MP:0001943	888	abnormal respiration
MP:0003879	1156	abnormal hair cell physiology
MP:0002021	2381	increased incidence of induced tumors
MP:0009928	398	abnormal pinna hair pigmentation
MP:0011158	2975	absent hypodermis muscle layer
MP:0004348	1699	long femur
MP:0001787	959	pericardial edema
MP:0000161	1243	scoliosis
MP:0003019	1164	increased circulating chloride level
MP:0013522	4881	decreased memory-marker CD4-positive NK T cell number
MP:0005156	4277	bradykinesia
MP:0000872	2323	abnormal cerebellum external granule cell layer morphology
MP:0001067	3752	absent mandibular nerve
MP:0013168	5916	absent hindlimb buds
MP:0011106	5733	embryonic lethality between implantation and somite formation, incomplete penetrance
MP:0013380	3031	absent sebocyte
MP:0001108	4648	absent Schwann cells
MP:0004613	2766	fusion of vertebral arches
MP:0008658	912	decreased interleukin-1 beta secretion
MP:0013344	4424	increased pituitary gland apoptosis
MP:0008779	3126	abnormal maternal behavior
MP:0005121	2781	decreased circulating prolactin level
MP:0030402	2002	abnormal stapes head morphology
MP:0004403	6139	absent cochlear outer hair cells
MP:0001405	5542	impaired coordination
MP:0030632	2315	increased urine creatine level
MP:0001200	577	thick skin
MP:0010527	3048	bicuspid pulmonary valve
MP:0003575	6721	absent oviduct
MP:0010157	5456	abnormal small intestinal crypt cell proliferation
MP:0005318	4956	decreased triglyceride level
MP:0004602	2922	abnormal vertebral articular process morphology
MP:0030208	642	abnormal intrinsic tongue muscle morphology
MP:0009195	502	abnormal PP cell physiology
MP:0001700	2060	abnormal embryo turning
MP:0009459	4771	skeletal muscle hyperplasia
MP:0011998	5999	decreased embryonic cilium length
MP:0004568	1123	fusion of glossopharyngeal and vagus nerve
MP:0030220	2758	mandibular cyst
MP:0010514	1206	fragmented QRS complex
MP:0031380	1104	abnormal secondary ovarian follicle number
MP:0006347	971	abnormal sixth pharyngeal arch morphology
MP:0006013	2541	absent endolymphatic sac
MP:0005563	6851	abnormal hemoglobin content
MP:0003211	5510	abnormal aorta elastic fiber morphology
MP:0001235	5728	disorganized suprabasal layer
MP:0003328	2626	portal hypertension
MP:0004735	1132	enlarged thoracic cavity
MP:0021134	1151	decreased amino acid betaine level
MP:0021099	556	abnormal dorsal interneuron LA morphology
MP:0031388	710	absent manchette
MP:0031274	976	increased susceptibility to induced aneurysm formation
MP:0011959	1624	abnormal eye posterior chamber depth
MP:0020814	685	abnormal photoreceptor outer segment diameter
MP:0008192	1749	abnormal germinal center B cell physiology
MP:0001033	1348	abnormal parasympathetic system morphology
MP:0004288	4087	abnormal spiral ligament morphology
MP:0002871	286	albuminuria
MP:0010722	2074	persistent cervical thymus
MP:0011031	1378	abnormal branching involved in terminal bronchiole morphogenesis
MP:0010406	3422	common atrium
MP:0011384	4096	abnormal progesterone level
MP:0008208	7091	decreased pro-B cell number
MP:0011939	1059	increased food intake
MP:0012168	2631	abnormal optic placode morphology
MP:0009009	1550	absent estrous cycle
MP:0001133	1037	impaired luteal cell differentiation
MP:0004865	1145	abnormal platelet calcium level
MP:0012592	1885	decreased brain choline acetyltransferase activity
MP:0012307	3165	impaired spatial learning
MP:0011305	763	dilated kidney calyx
MP:0004467	432	absent zygomatic bone
MP:0030783	2361	abnormal posterior longitudinal ligament morphology
MP:0011167	32	abnormal adipose tissue development
MP:0030265	5876	parietal bossing
MP:0002643	2668	poikilocytosis
MP:0004673	5333	splayed ribs
MP:0031365	337	prostate gland ventral lobe hyperplasia
MP:0010811	6386	decreased type II pneumocyte number
MP:0001436	1734	abnormal suckling behavior
MP:0000965	1134	abnormal sensory neuron morphology
MP:0008750	4027	abnormal interferon level
MP:0009905	605	absent tongue
MP:0030858	2290	small olecranon
MP:0012757	2340	abnormal cranial neural crest cell migration
MP:0004653	6698	absent caudal vertebrae
MP:0001157	885	small seminal vesicle
MP:0010711	1250	persistent hyperplastic primary vitreous
MP:0006358	2816	absent pinna reflex
MP:0008054	2233	abnormal uterine NK cell morphology
MP:0030374	65	Meckel's cartilage hypoplasia
MP:0013201	644	head mesenchyme hyperplasia
MP:0003307	3458	pyloric stenosis
MP:0003557	1094	absent vas deferens
MP:0004923	263	absent common crus
MP:0009964	5157	abnormal cerebellum lobule morphology
MP:0009659	179	striated fur
MP:0030011	2187	small cervical lymph nodes
MP:0000746	1908	weakness
MP:0000228	3723	abnormal thrombopoiesis
MP:0004914	3379	absent ultimobranchial body
MP:0030732	48	increased gamma-aminobutyric acid level
MP:0003588	3947	ureter stenosis
MP:0000100	4598	abnormal ethmoid bone morphology
MP:0001267	2136	enlarged chest
MP:0000248	919	macrocytosis
MP:0003813	4617	abnormal hair follicle dermal papilla morphology
MP:0020135	908	abnormal heart ventricle wall thickness
MP:0030764	2216	increased anandamide level
MP:0003445	3837	sirenomelia
MP:0000708	5169	thymus hyperplasia
MP:0031085	1764	increased erythrocyte osmotic fragility
MP:0030062	1755	choanal stenosis
MP:0008076	2858	abnormal CD4-positive T cell differentiation
MP:0001829	785	increased activated T cell number
MP:0012688	2734	abnormal heart ventricles weight
MP:0010708	721	absent iris stroma
MP:0000166	359	abnormal chondrocyte morphology
MP:0005551	4567	abnormal eye electrophysiology
MP:0013651	781	increased CD11b-low dendritic cell number
MP:0000608	5014	dissociated hepatocytes
MP:0004163	654	abnormal adenohypophysis morphology
MP:0002499	5158	chronic inflammation
MP:0002898	4663	absent cartilage
MP:0013495	3912	decreased trachea gland number
MP:0003489	1138	increased channel response threshold
MP:0011255	2902	abnormal anterior visceral endoderm cell migration
MP:0013893	2689	decreased common lymphocyte progenitor cell number
MP:0009869	4720	abnormal descending aorta morphology
MP:0003397	2595	increased muscle weight
MP:0008807	3081	increased liver iron level
MP:0031078	6381	increased circulating troponin T level
MP:0000644	718	dextrocardia
MP:0008961	3310	abnormal basal metabolism
MP:0009349	6886	increased urine pH
MP:0009458	1357	abnormal skeletal muscle size
MP:0009374	4427	absent cumulus expansion
MP:0008881	6602	absent Harderian gland
MP:0004367	6955	abnormal strial intermediate cell morphology
MP:0000928	3749	incomplete rostral neuropore closure
MP:0009298	4528	increased mesenteric fat pad weight
MP:0005614	2662	decreased susceptibility to type III hypersensitivity reaction
MP:0005266	1872	abnormal metabolism
MP:0014108	2281	calcified pancreas
MP:0008083	1704	decreased single-positive T cell number
MP:0008903	3098	abnormal mesenteric fat pad morphology
MP:0009185	688	increased PP cell number
MP:0009420	3349	skeletal muscle endomysial fibrosis
MP:0012504	4450	increased forebrain apoptosis
MP:0030436	4750	premature frontonasal suture closure
MP:0013368	3393	abnormal sweat gland physiology
MP:0000494	6656	abnormal cecum morphology
MP:0008652	3988	decreased interleukin-1 secretion
MP:0002801	1970	abnormal long term object recognition memory
MP:0030387	3866	large posterior fontanelle
MP:0031343	1110	colon atresia
MP:0006236	6096	absent Meibomian glands
MP:0008122	4761	decreased myeloid dendritic cell number
MP:0008517	2188	thick retina outer nuclear layer
MP:0002953	3508	thick ventricular wall
MP:0013520	890	increased CD4-positive NK T cell number
MP:0002263	6094	abnormal laryngeal muscle morphology
MP:0005120	5088	decreased circulating growth hormone level
MP:0000807	942	abnormal hippocampus morphology
MP:0004544	2444	absent esophagus
MP:0011521	6712	decreased placental labyrinth size
MP:0002733	6769	abnormal thermal nociception
MP:0006113	2339	abnormal heart septum morphology
MP:0003934	2251	abnormal pancreas development
MP:0000316	4361	cellular necrosis
MP:0013405	4429	increased circulating lactate level
MP:0008325	4003	abnormal gonadotroph morphology
MP:0013269	3384	third pharyngeal arch hypoplasia
MP:0008346	2326	increased gamma-delta T cell number
MP:0005385	2635	cardiovascular system phenotype
MP:0005306	1304	abnormal phalanx morphology
MP:0013350	1574	Rathke's pouch hypoplasia
MP:0003402	4531	decreased liver weight
MP:0013163	634	absent thyroid gland isthmus
MP:0011869	1657	detached podocyte
MP:0004829	4943	increased anti-chromatin antibody level
MP:0013585	5152	thymus cortex atrophy
MP:0001078	1131	abnormal phrenic nerve morphology
MP:0030386	1141	facial bone hypoplasia
MP:0005560	5589	decreased circulating glucose level
MP:0020868	2403	decreased lipogenesis
MP:0002590	2478	increased mean corpuscular volume
MP:0000542	3523	left-sided isomerism
MP:0010344	558	increased hibernoma incidence
MP:0021214	5398	anterior cleft palate
MP:0012401	5957	long nails
MP:0008203	26	absent B-1a cells
MP:0009525	1487	abnormal submandibular duct morphology
MP:0009272	230	decreased guard hair length
MP:0005501	1545	abnormal skin physiology
MP:0001246	2727	mixed cellular infiltration to dermis
MP:0030795	4022	joint dislocation
MP:0003547	3408	abnormal pulmonary pressure
MP:0005655	4968	increased aggression
MP:0031410	2018	biflagellated sperm
MP:0005141	4952	liver hyperplasia
MP:0008814	1939	decreased nerve conduction velocity
MP:0002951	393	small thyroid gland
MP:0020089	2105	increased susceptibility to diet-induced non-insulin dependent diabetes
MP:0008882	3170	abnormal enterocyte physiology
MP:0005578	1342	teratozoospermia
MP:0012173	92	short rostral-caudal axis
MP:0003968	2871	abnormal growth hormone level
MP:0009267	5399	abnormal cerebellum fissure morphology
MP:0004685	668	calcified intervertebral disk
MP:0006101	100	absent tegmentum
MP:0009378	3540	abnormal endoplasmic reticulum morphology
MP:0008094	333	absent memory B cells
MP:0003249	1383	increased muscle free fatty acids level
MP:0014132	2780	abnormal tear film physiology
MP:0005637	2671	abnormal iron homeostasis
MP:0031007	962	decreased lung glycogen level
MP:0020583	6466	decreased ceramide level
MP:0013268	6610	second pharyngeal arch hypoplasia
MP:0009152	705	increased pancreatic intraepithelial neoplasia incidence
MP:0004627	362	abnormal trochanter morphology
MP:0020485	2908	abnormal inferior vena cava topology
MP:0005648	4503	heart right ventricle degeneration
MP:0010432	2483	common ventricle
MP:0008647	3855	increased circulating interleukin-12b level
MP:0011648	5279	thick heart valve cusps
MP:0011444	5489	abnormal renal water homeostasis
MP:0013913	6669	absent costovertebral joint
MP:0010193	4051	abnormal choroid melanin granule morphology
MP:0002664	947	decreased circulating adrenocorticotropin level
MP:0002679	2605	abnormal corpus luteum morphology
MP:0003289	6652	abnormal intestinal peristalsis
MP:0010328	2852	thin malleus neck
MP:0020392	1767	abnormal radial glial cell apoptosis
MP:0030293	827	small tensor veli palatini muscle
MP:0004781	1892	abnormal surfactant composition
MP:0004221	1032	abnormal iridocorneal angle
MP:0005316	5329	abnormal response to tactile stimuli
MP:0010937	5395	increased total lung capacity
MP:0003159	6387	abnormal esophageal smooth muscle morphology
MP:0005603	4731	neuron hypertrophy
MP:0013930	1122	abnormal digastric muscle connection
MP:0003465	1100	increased single cell response threshold
MP:0006335	4383	abnormal hearing electrophysiology
MP:0008513	2089	thin retina inner plexiform layer
MP:0000218	650	increased leukocyte cell number
MP:0031271	2624	increased susceptibility to age-related hepatic steatosis
MP:0030373	4056	Meckel's cartilage hyperplasia
MP:0008536	1121	enlarged third ventricle
MP:0000106	1377	abnormal basisphenoid bone morphology
MP:0004284	5959	abnormal Descemet membrane morphology
MP:0006065	3589	abnormal heart position or orientation
MP:0006372	336	impaired placental function
MP:0005606	1505	increased bleeding time
MP:0031424	513	enhanced female fertility
MP:0004130	3908	abnormal muscle cell glucose uptake
MP:0013587	5370	absent thymus medulla
MP:0012818	2091	rhombomere transformation
MP:0002762	6983	ectopic cerebellar granule cells
MP:0010361	3172	increased gangliosarcoma incidence
MP:0013785	3938	abnormal mammary gland bud morphology
MP:0030336	2656	third pharyngeal arch artery hypoplasia
MP:0005147	722	prostate gland hypoplasia
MP:0004860	4334	dilated kidney collecting duct
MP:0002957	4586	increased intestinal adenocarcinoma incidence
MP:0009736	3721	abnormal prostate gland branching morphogenesis
MP:0001732	2686	postnatal growth retardation
MP:0010557	6106	dilated pulmonary artery
MP:0003325	3516	decreased liver function
MP:0003927	4756	increased cellular glucose import
MP:0008307	5736	short scala media
MP:0005369	925	muscle phenotype
MP:0012252	4724	abnormal septum transversum morphology
MP:0011406	142	abnormal retrotrapezoid nucleus morphology
MP:0012743	2972	increased inner cell mass apoptosis
MP:0001627	5428	abnormal cardiac output
MP:0013895	2579	abnormal eyelid cilium morphology
MP:0002892	5572	decreased superior colliculus size
MP:0010243	1679	increased kidney copper level
MP:0002924	1115	delayed CNS synapse formation
MP:0004803	1220	increased susceptibility to autoimmune diabetes
MP:0011145	3554	abnormal mesenchymal cell differentiation involved in lung development
MP:0003341	6554	chronic pancreas inflammation
MP:0004791	583	absent lower incisors
MP:0012486	2229	decreased cochlear VIII nucleus size
MP:0004182	1272	abnormal spermiation
MP:0008738	4290	abnormal liver iron level
MP:0031153	1558	stomach hemorrhage
MP:0003708	2068	binucleate
MP:0004097	1046	abnormal cerebellar cortex morphology
MP:0000808	5247	abnormal hippocampus development
MP:0008863	121	craniofacial asymmetry
MP:0004894	2015	uterus atrophy
MP:0004449	1897	absent presphenoid bone
MP:0003128	2682	splayed clitoris
MP:0003988	4438	disorganized embryonic tissue
MP:0010717	417	optic nerve coloboma
MP:0013200	1544	head mesenchyme hypoplasia
MP:0031226	958	increased CXCL10 level
MP:0030337	6767	enlarged third pharyngeal arch artery
MP:0002378	4012	abnormal gut-associated lymphoid tissue morphology
MP:0010865	3519	prenatal growth retardation
MP:0009224	2242	absent endometrium
MP:0012249	90	absent myotome
MP:0009281	762	abnormal hyperactivated sperm motility
MP:0003599	5629	large penis
MP:0002698	542	abnormal sclera morphology
MP:0001061	6651	abnormal oculomotor nerve morphology
MP:0002807	1632	abnormal eye blink conditioning behavior
MP:0000382	4164	underdeveloped hair follicles
MP:0001357	112	increased aggression towards humans
MP:0003348	117	hypopituitarism
MP:0011804	6606	increased cell migration
MP:0009844	4966	abnormal neural crest cell apoptosis
MP:0004463	4018	basisphenoid bone foramen
MP:0013279	3533	increased fasting circulating glucose level
MP:0020340	2310	abnormal inhibitory learning
MP:0008049	85	increased memory T cell number
MP:0010747	5707	abnormal enamel organ morphology
MP:0008479	1260	decreased spleen white pulp amount
MP:0005525	2564	increased renal plasma flow rate
MP:0010171	2760	abnormal centroacinar cell of Langerhans morphology
MP:0020395	2307	abnormal response to social novelty
MP:0013734	3082	squamous metaplasia of preputial gland
MP:0006278	1030	aortic aneurysm
MP:0006142	5316	abnormal sinoatrial node conduction
MP:0009004	2141	progressive hair loss
MP:0010858	4158	pulmonary epithelial necrosis
MP:0002031	841	increased adrenal gland tumor incidence
MP:0001221	2133	epidermal atrophy
MP:0008339	1669	absent thyrotrophs
MP:0031273	418	decreased susceptibility to induced aneurysm formation
MP:0005248	5796	abnormal Harderian gland morphology
MP:0004478	5781	increased testicular teratoma incidence
MP:0004344	3214	scapular bone hypoplasia
MP:0005577	889	uterus prolapse
MP:0003120	1389	abnormal tracheal cartilage morphology
MP:0031428	3570	lens dislocation
MP:0008560	3532	increased tumor necrosis factor secretion
MP:0020464	2012	decreased megakaryocyte progenitor cell number
MP:0006378	6729	abnormal spermatogonia morphology
MP:0004395	6625	increased cochlear inner hair cell number
MP:0014059	3417	abnormal photoreceptor connecting cilium morphology
MP:0003326	4949	liver failure
MP:0005529	1687	abnormal renal vascular resistance
MP:0010733	1480	abnormal axon initial segment morphology
MP:0013267	774	first pharyngeal arch hypoplasia
MP:0008148	5035	abnormal sternocostal joint morphology
MP:0001240	1808	abnormal epidermis stratum corneum morphology
MP:0013300	2799	abnormal submandibular gland physiology
MP:0001177	1085	atelectasis
MP:0012402	290	abnormal nail bed morphology
MP:0002188	1100	small heart
MP:0011221	1135	decreased intestinal calcium absorption
MP:0005585	2008	increased tidal volume
MP:0004721	3430	abnormal platelet dense granule morphology
MP:0011441	1701	decreased kidney cell proliferation
MP:0012104	352	small amniotic cavity
MP:0012404	2539	abnormal nail color
MP:0006207	6138	embryonic lethality during organogenesis
MP:0001613	3043	abnormal vasodilation
MP:0003886	6865	abnormal embryonic epiblast morphology
MP:0013511	565	increased CD4-negative NK T cell number
MP:0014088	993	abnormal Kimura membrane morphology
MP:0002718	559	abnormal inner cell mass morphology
MP:0030466	365	alveolar process atrophy
MP:0002700	5961	increased opacity of vitreous body
MP:0011831	253	abnormal visual contrast sensitivity
MP:0030161	603	absent auditory bulla
MP:0001951	1597	abnormal breathing pattern
MP:0013455	1577	lacrimal gland atrophy
MP:0000187	3525	abnormal triglyceride level
MP:0011549	947	increased urine corticosterone level
MP:0008022	91	dilated heart ventricle
MP:0031303	5793	enhanced behavioral response to methamphetamine
MP:0011479	1096	abnormal catecholamine level
MP:0002693	1189	abnormal pancreas physiology
MP:0008880	653	lacrimal gland inflammation
MP:0001713	5836	decreased trophoblast giant cell number
MP:0020506	305	abnormal dendritic spine density
MP:0000929	2607	open neural tube
MP:0000281	2993	abnormal interventricular septum morphology
MP:0013478	1864	corneal limbitis
MP:0030038	3414	abnormal periorbital region morphology
MP:0009709	474	hydrometra
MP:0010950	2006	abnormal lung hysteresivity
MP:0008060	546	abnormal podocyte slit diaphragm morphology
MP:0010850	261	increased effector memory CD8-positive, alpha-beta T cell number
MP:0000453	2940	absent mouth
MP:0009493	4708	abnormal cystic duct morphology
MP:0002321	4582	hypoventilation
MP:0003850	2355	abnormal thymocyte activation
MP:0004529	1092	decreased outer hair cell stereocilia number
MP:0020284	1323	decreased hydroxymethylbilane synthase level
MP:0011533	1785	increased urine major urinary protein level
MP:0009425	30	increased soleus weight
MP:0009099	1065	abnormal uterine NK cell physiology
MP:0011977	1557	abnormal sodium ion homeostasis
MP:0000766	1485	absent tongue squamous epithelium
MP:0001189	84	absent skin pigmentation
MP:0003686	2369	abnormal eye muscle morphology
MP:0009147	5082	abnormal pancreatic acinar cell physiology
MP:0014124	1089	increased amylin secretion
MP:0008018	1794	increased facial tumor incidence
MP:0012358	390	decreased partial thromboplastin time
MP:0003922	3549	abnormal heart right atrium morphology
MP:0030222	668	hyperostosis
MP:0004676	5216	wide ribs
MP:0009505	6901	abnormal mammary gland lobule morphology
MP:0004129	5223	abnormal respiratory quotient
MP:0005239	1087	abnormal Bruch membrane morphology
MP:0000558	3284	abnormal tibia morphology
MP:0010131	2173	increased DN2 thymocyte number
MP:0004961	337	increased prostate gland weight
MP:0021210	204	bilateral cleft palate
MP:0008028	4992	pregnancy-related premature death
MP:0013447	672	Harderian gland hypertrophy
MP:0012515	3977	abnormal heart apex morphology
MP:0006253	3087	clinodactyly
MP:0002849	4172	abnormal saccharin consumption
MP:0013907	2306	abnormal cerebrospinal fluid flow
MP:0009277	182	increased brain tumor incidence
MP:0004666	2474	absent stapedial artery
MP:0002950	1637	abnormal neural crest cell migration
MP:0014000	6912	anastomosis between internal carotid artery and basilar artery
MP:0009219	519	increased prostate intraepithelial neoplasia incidence
MP:0005425	2254	increased macrophage cell number
MP:0010786	2159	stomach fundus hypertrophy
MP:0004927	1977	abnormal epididymis weight
MP:0008428	3466	abnormal spatial working memory
MP:0013788	1051	external nares atresia
MP:0003585	3073	large ureter
MP:0010688	5853	hair follicle outer root sheath hyperplasia
MP:0003597	1033	increased epididymal cystadenoma incidence
MP:0013305	3296	isosthenuria
MP:0000822	521	abnormal brain ventricle morphology
MP:0012141	515	absent hindbrain
MP:0011198	3114	absent proamniotic cavity
MP:0005198	124	abnormal aqueous drainage system morphology
MP:0030957	6973	abnormal myotube morphology
MP:0009850	1812	embryonic lethality between implantation and placentation
MP:0011898	3086	abnormal platelet cell number
MP:0009949	2848	abnormal olfactory bulb granule cell layer morphology
MP:0010829	3409	increased bronchioalveolar stem cell number
MP:0002338	4535	abnormal pulmonary ventilation
MP:0010739	3804	abnormal axolemma morphology
MP:0006266	1359	decreased pulse pressure
MP:0008502	6856	increased IgG3 level
MP:0012660	1482	increased superoxide dismutase level
MP:0010762	5912	abnormal microglial cell activation
MP:0001400	3264	hyperresponsive
MP:0013917	5451	persistent right 6th pharyngeal arch artery
MP:0009831	313	abnormal sperm midpiece morphology
MP:0004971	6538	dermal hyperplasia
MP:0000104	497	abnormal sphenoid bone morphology
MP:0000632	930	abnormal pineal gland morphology
MP:0030535	1948	abnormal hypoglossal cord morphology
MP:0006363	374	absent auchene hairs
MP:0011661	2578	persistent truncus arteriosus type i
MP:0008024	416	absent lymph nodes
MP:0005400	5110	abnormal vitamin level
MP:0006415	162	absent testes
MP:0009180	5872	increased pancreatic delta cell number
MP:0003812	6744	abnormal hair medulla
MP:0002893	5148	ketoaciduria
MP:0013237	3092	abnormal skeletal muscle regeneration
MP:0000082	1315	overlapping parietal bones
MP:0002856	871	abnormal vestibular ganglion morphology
MP:0012243	3451	decreased hepatoblast number
MP:0020353	5252	abnormal endoplasmic reticulum stress
MP:0000136	2790	abnormal microglial cell morphology
MP:0002465	2704	abnormal eosinophil physiology
MP:0000555	5312	absent carpal bone
MP:0004906	228	enlarged uterus
MP:0000328	4413	increased enterocyte cell number
MP:0005564	1064	increased hemoglobin content
MP:0010625	439	absent tricuspid valve cusps
MP:0010936	3145	decreased airway resistance
MP:0002782	2876	abnormal testes secretion
MP:0009912	661	decreased hyoid bone size
MP:0009955	1062	abnormal olfactory bulb tufted cell morphology
MP:0010005	1459	abnormal lobule simplex morphology
MP:0010962	3909	decreased compact bone mass
MP:0006432	2733	abnormal costal cartilage morphology
MP:0005478	548	decreased circulating thyroxine level
MP:0001868	6009	ovary inflammation
MP:0030187	1117	abnormal epitympanic recess morphology
MP:0006306	159	abnormal nasal pit morphology
MP:0009526	2620	absent sublingual gland
MP:0009209	3350	abnormal internal female genitalia morphology
MP:0003222	3143	increased cardiomyocyte apoptosis
MP:0008167	3772	increased B-1a cell number
MP:0009131	3794	decreased white fat cell number
MP:0002473	6520	impaired complement classical pathway
MP:0030709	2284	increased circulating glutamine level
MP:0030550	945	abnormal cementoblast morphology
MP:0030111	432	absent temporomandibular joint
MP:0005323	2113	dystonia
MP:0008194	5676	abnormal memory B cell physiology
MP:0030391	1618	premature zygomaticomaxillary suture closure
MP:0005445	3757	abnormal neurotransmitter secretion
MP:0002887	3299	decreased susceptibility to pharmacologically induced seizures
MP:0020749	2111	abnormal cingulate cortex morphology
MP:0004720	3600	abnormal platelet morphology
MP:0008254	1979	increased megakaryocyte cell number
MP:0030536	5795	abnormal diastema morphology
MP:0005281	2440	increased fatty acids level
MP:0013637	1680	increased femur stiffness
MP:0000130	1922	abnormal trabecular bone morphology
MP:0005450	2029	abnormal energy expenditure
MP:0014226	3869	abnormal alveolar macrophage physiology
MP:0030073	3297	square face
MP:0020526	6327	enlarged thalamus
MP:0004308	6083	abnormal basilar membrane morphology
MP:0004275	15	abnormal postnatal subventricular zone morphology
MP:0013791	2868	absent external nares
MP:0013631	272	decreased bone trabecular spacing
MP:0003878	89	abnormal ear physiology
MP:0008042	5318	abnormal NK T cell physiology
MP:0009242	695	thin sperm flagellum
MP:0008733	1676	abnormal hair shaft melanin granule distribution
MP:0020211	2043	slow movement
MP:0003816	1197	abnormal pituitary gland development
MP:0009200	1906	enlarged external male genitalia
MP:0010964	6939	increased compact bone volume
MP:0009655	644	abnormal secondary palate development
MP:0003587	2189	ureter obstruction
MP:0005537	2995	abnormal cerebral aqueduct morphology
MP:0030885	1279	increased radius size
MP:0030324	5844	abnormal anterior head development
MP:0013580	902	abnormal nasal gland morphology
MP:0006226	518	iris hypoplasia
MP:0009629	1392	small brachial lymph nodes
MP:0013283	2308	failure of ventral body wall closure
MP:0004810	954	decreased hematopoietic stem cell number
MP:0010579	4366	increased heart left ventricle size
MP:0021157	6104	increased heart left ventricle wall thickness
MP:0002754	4409	dilated heart right ventricle
MP:0030966	6294	decreased brain ependyma motile cilium number
MP:0013202	434	abnormal cilium morphology
MP:0010984	245	abnormal metanephric mesenchyme morphology
MP:0001879	2804	abnormal lymphatic vessel morphology
MP:0012220	2729	abnormal ether lipid level
MP:0000263	2913	absent organized vascular network
MP:0012200	1489	increased endothelial cell proliferation
MP:0003493	456	parathyroid gland hyperplasia
MP:0030005	643	increased retina apoptosis
MP:0012089	5481	decreased midbrain size
MP:0011911	2785	abnormal pancreatic endocrine progenitor cell physiology
MP:0004622	5765	sacral vertebral fusion
MP:0002921	3364	abnormal post-tetanic potentiation
MP:0008062	3168	abnormal podocyte slit junction morphology
MP:0003453	360	abnormal keratinocyte physiology
MP:0012568	697	decreased mammary gland tumor incidence in breeding females
MP:0013320	5103	dilated seminal vesicle
MP:0020337	5143	abnormal pyramidal neuron dendrite morphology
MP:0002418	2845	increased susceptibility to viral infection
MP:0003032	207	hypocapnia
MP:0006422	494	increased mammary adenoacanthoma incidence
MP:0003749	2083	down-turned corners of mouth
MP:0006055	4443	abnormal vascular endothelial cell morphology
MP:0005440	4191	increased glycogen level
MP:0008067	1816	retina ganglion cell degeneration
MP:0008580	2953	photoreceptor inner segment degeneration
MP:0001496	7055	audiogenic seizures
MP:0011275	6150	abnormal behavioral response to light
MP:0009387	447	abnormal epidermal pigmentation
MP:0003901	7136	abnormal PR interval
MP:0020191	1731	abnormal lymphocyte activation involved in immune response
MP:0012320	2609	abnormal body fat mass
MP:0031157	5488	abnormal arterial thrombosis
MP:0010123	3515	increased bone mineral content
MP:0008160	5830	increased diameter of humerus
MP:0013787	187	photophobia
MP:0031074	2587	increased circulating type I collagen C-terminal telopeptide level
MP:0011265	1034	abnormal pancreas mesenchyme morphology
MP:0030681	2891	increased circulating hydroxyproline level
MP:0030545	3162	abnormal acellular cementum morphology
MP:0003405	5571	abnormal platelet shape
MP:0014072	3679	decreased cardiac muscle glycogen level
MP:0020190	1491	abnormal lung adenoma incidence
MP:0010081	1032	posterior microphthalmia
MP:0011136	2250	increased lung endothelial cell adhesion
MP:0020366	2849	decreased brain iron level
MP:0003932	2923	abnormal molar crown morphology
MP:0002624	6109	abnormal tricuspid valve morphology
MP:0002843	5983	decreased systemic arterial blood pressure
MP:0009732	3871	ventricular premature beat
MP:0013798	1382	abnormal jeujunal goblet cell morphology
MP:0008938	4806	decreased pituitary gland weight
MP:0009617	2069	decreased brain zinc level
MP:0000556	814	abnormal hindlimb morphology
MP:0008462	2684	abnormal medium spiny neuron morphology
MP:0004618	1782	thoracic vertebral transformation
MP:0000208	2051	decreased hematocrit
MP:0000269	1237	abnormal heart looping
MP:0002160	2316	abnormal reproductive system morphology
MP:0011709	5473	increased fibroblast cell migration
MP:0012334	1803	decreased circulating homocysteine level
MP:0006329	2808	sensorineural hearing impairment
MP:0009935	6673	abnormal Meibomian gland acinus morphology
MP:0010720	448	absent sublingual duct
MP:0011824	1022	increased cell chemotaxis
MP:0012403	1922	abnormal nail plate morphology
MP:0009532	2180	decreased parotid gland size
MP:0000750	4641	abnormal muscle regeneration
MP:0008399	2363	abnormal alpha-beta intraepithelial T cell morphology
MP:0010249	6612	lactation failure
MP:0004734	4547	small thoracic cavity
MP:0008912	5786	nervous
MP:0009921	2486	abnormal transitional stage T3 B cell morphology
MP:0008065	551	short endolymphatic duct
MP:0010231	4683	transverse fur striping
MP:0031404	3219	increased tubuloglomerular feedback response
MP:0012273	1230	axial mesoderm hypoplasia
MP:0020446	3061	increased NAD(P)H oxidase activity
MP:0004055	3121	atrium hypoplasia
MP:0003852	4049	skeletal muscle necrosis
MP:0004263	1606	abnormal limb posture
MP:0006274	289	abnormal urine sodium level
MP:0002968	3204	increased circulating alkaline phosphatase level
MP:0000489	3656	abnormal large intestine morphology
MP:0008816	824	petechiae
MP:0009069	2904	dilated oviduct
MP:0003283	2128	abnormal digestive organ placement
MP:0000752	3270	dystrophic muscle
MP:0030494	477	abnormal molar root morphology
MP:0011835	1048	abnormal urogenital fold morphology
MP:0010192	2867	abnormal retina melanin granule morphology
MP:0002556	96	abnormal cocaine consumption
MP:0020280	1016	increased creatine kinase level
MP:0030694	1530	increased circulating serine level
MP:0013905	2266	preputial gland inflammation
MP:0013227	2948	small brain ventricles
MP:0008259	2707	abnormal optic disk morphology
MP:0011409	457	increased renal glomerulus basement membrane thickness
MP:0004880	4599	lung cyst
MP:0013513	498	decreased memory-marker CD4-negative NK T cell number
MP:0011237	3064	decreased blood oxygen capacity
MP:0008075	1772	decreased CD4-positive, alpha-beta T cell number
MP:0012086	126	absent hindgut
MP:0008541	994	leukostasis
MP:0000753	2856	paralysis
MP:0004523	347	decreased cochlear hair cell stereocilia number
MP:0013012	1328	abnormal trunk neural crest cell migration
MP:0012014	4281	abnormal olfactory neuron innervation pattern
MP:0012348	1583	decreased susceptibility to induction of seizure by inducing agent
MP:0002753	614	dilated heart left ventricle
MP:0003339	688	decreased pancreatic beta cell number
MP:0012065	3140	increased astrocyte number
MP:0003334	102	pancreas fibrosis
MP:0008447	2023	absent retina cone cells
MP:0001679	7002	thin apical ectodermal ridge
MP:0020455	2022	increased erythrocyte aggregation
MP:0012305	1009	umbilical cord hemorrhage
MP:0001844	325	autoimmune response
MP:0004027	1409	trisomy
MP:0011260	3305	abnormal head mesenchyme morphology
MP:0008615	2298	decreased circulating interleukin-17 level
MP:0004998	3481	decreased CNS synapse formation
MP:0031060	5362	decreased circulating C-reactive protein level
MP:0010311	222	increased meningioma incidence
MP:0013264	2942	tongue ankylosis
MP:0009449	1097	increased platelet ATP level
MP:0008542	5654	enlarged cervical lymph nodes
MP:0000777	2366	increased inferior colliculus size
MP:0011659	1592	interrupted aortic arch, type b
MP:0003173	6021	decreased lysosomal enzyme secretion
MP:0008278	3646	failure of sternum ossification
MP:0008023	2288	abnormal styloid process morphology
MP:0003422	6664	abnormal thrombolysis
MP:0003195	913	calcinosis
MP:0020852	3163	abnormal olfactory behavior
MP:0003787	4042	abnormal imprinting
MP:0030473	3321	fused molars
MP:0002647	7098	decreased intestinal cholesterol absorption
MP:0003212	731	increased susceptibility to age related obesity
MP:0009553	2655	fused lips
MP:0003542	177	abnormal vascular endothelial cell development
MP:0000286	797	abnormal mitral valve morphology
MP:0005612	2009	decreased susceptibility to type II hypersensitivity reaction
MP:0013262	2196	abnormal mouth floor morphology
MP:0011071	4163	absent club cells
MP:0005574	5386	decreased pulmonary respiratory rate
MP:0020870	2362	decreased thigmotaxis
MP:0003456	2660	absent tail
MP:0008864	3831	abnormal intestinal secretion
MP:0009231	2787	detached acrosome
MP:0030856	1458	abnormal olecranon morphology
MP:0000013	3923	abnormal adipose tissue distribution
MP:0031212	5412	decreased eye anterior chamber depth
MP:0008096	1001	abnormal plasma cell number
MP:0020891	1615	abnormal sulfate level
MP:0030025	233	giant platelets
MP:0010827	1308	small lung saccule
MP:0009433	5530	polyovular ovarian follicle
MP:0009282	1694	decreased hyperactivated sperm motility
MP:0009975	1210	absent cerebral cortex pyramidal cells
MP:0003299	6706	gastric polyps
MP:0001552	3303	increased circulating triglyceride level
MP:0009690	1486	abnormal neural tube mantle layer morphology
MP:0008681	6840	increased interleukin-17 secretion
MP:0008235	2621	increased susceptibility to neuronal excitotoxicity
MP:0021127	2041	decreased phosphocholine level
MP:0009716	6213	abnormal subcommissural organ morphology
MP:0001729	628	impaired embryo implantation
MP:0001299	6868	abnormal eye distance/ position
MP:0000377	1300	abnormal hair follicle morphology
MP:0011189	4187	small embryonic epiblast
MP:0011738	5976	anasarca
MP:0013593	1704	enlarged thymus cortex
MP:0012269	3352	nuchal edema
MP:0004404	2517	cochlear outer hair cell degeneration
MP:0000571	6720	interdigital webbing
MP:0012616	390	increased circulating factor IX level
MP:0004609	5906	vertebral fusion
MP:0001858	3782	intestinal inflammation
MP:0000706	5512	small thymus
MP:0001922	5979	reduced male fertility
MP:0013490	1239	absent infundibular recess of third ventricle
MP:0000400	230	abnormal awl hair morphology
MP:0004777	4213	abnormal phospholipid level
MP:0002503	658	abnormal histamine physiology
MP:0010999	988	proteinosis
MP:0005320	1712	abnormal biopterin level
MP:0003503	3302	decreased activity of thyroid gland
MP:0000223	3530	decreased monocyte cell number
MP:0000479	956	abnormal enterocyte morphology
MP:0008725	2241	enlarged heart atrium
MP:0010864	2165	abnormal enamel knot morphology
MP:0012330	5164	decreased circulating fibrinogen level
MP:0005065	1796	abnormal neutrophil morphology
MP:0001556	3300	increased circulating HDL cholesterol level
MP:0002672	157	abnormal pharyngeal arch artery morphology
MP:0030092	2636	abnormal outer ear helix morphology
MP:0004813	1798	absent linear vestibular evoked potential
MP:0005591	2828	decreased vasodilation
MP:0002212	6887	abnormal secondary sex determination
MP:0004548	965	dilated esophagus
MP:0013615	2120	increased volumetric bone mineral density
MP:0002493	540	increased IgG level
MP:0010639	6160	abnormal tumor pathology
MP:0010601	6694	thick pulmonary valve
MP:0001756	5313	abnormal urination
MP:0008417	970	decreased somatotroph cell size
MP:0010664	322	abnormal vitelline artery morphology
MP:0002041	984	increased pituitary adenoma incidence
MP:0006424	478	absent testis cords
MP:0013531	6209	abnormal periderm development
MP:0010207	3415	abnormal telomere morphology
MP:0000588	3337	thick tail
MP:0010668	5136	abnormal hepatic portal vein morphology
MP:0009705	5913	abnormal midgut morphology
MP:0009782	111	abnormal basicranium angle
MP:0003410	2696	abnormal artery development
MP:0011891	5653	decreased circulating ferritin level
MP:0002972	1552	abnormal cardiac muscle contractility
MP:0013971	1411	blood in lymph vessels
MP:0001676	3110	abnormal apical ectodermal ridge morphology
MP:0005553	1961	increased circulating creatinine level
MP:0003097	489	abnormal tendon stiffness
MP:0021208	4637	median cleft palate
MP:0002411	3567	decreased susceptibility to bacterial infection
MP:0008319	1957	abnormal sympathetic afferent fiber morphology
MP:0030529	905	abnormal head skin morphology
MP:0004797	2045	increased anti-erythrocyte antigen antibody level
MP:0008416	872	increased somatotroph cell size
MP:0006289	554	otic capsule hypoplasia
MP:0004354	899	absent deltoid tuberosity
MP:0012150	4224	increased b-wave implicit time
MP:0002879	2522	increased cellular sensitivity to X-ray irradiation
MP:0009763	976	increased sensitivity to induced morbidity/mortality
MP:0009415	4346	skeletal muscle degeneration
MP:0008931	1927	abnormal paraventricular thalamic nucleus morphology
MP:0013507	2013	increased ovary apoptosis
MP:0006089	1947	abnormal vestibular saccule morphology
MP:0013652	2870	decreased CD11b-low dendritic cell number
MP:0011084	5258	lethality at weaning, incomplete penetrance
MP:0010505	1820	abnormal T wave
MP:0021202	2292	abnormal palatopharyngeus muscle morphology
MP:0003194	4193	abnormal frequency of paradoxical sleep
MP:0011468	2207	abnormal urine amino acid level
MP:0008331	3811	increased lactotroph cell number
MP:0010190	1942	abnormal retina melanocyte morphology
MP:0000562	4674	polydactyly
MP:0005635	2747	decreased circulating bilirubin level
MP:0004988	945	increased osteoblast cell number
MP:0011928	2491	abnormal mitral valve flow
MP:0013157	318	increased KLRG1+ CD4 alpha-beta T cell number
MP:0010839	6988	decreased CD8-positive, alpha-beta memory T cell number
MP:0012419	2166	decreased cardiovascular system tumor incidence
MP:0003954	852	abnormal Reichert's membrane morphology
MP:0005599	4235	increased cardiac muscle contractility
MP:0010472	4057	abnormal ascending aorta and coronary artery attachment
MP:0001322	601	abnormal iris morphology
MP:0003977	3871	abnormal circulating carnitine level
MP:0020409	232	abnormal cardiac thrombosis
MP:0006250	1172	abnormal line of Schwalbe morphology
MP:0012349	3663	increased susceptibility to induction of seizure by inducing agent
MP:0003280	5608	urinary incontinence
MP:0009414	5942	skeletal muscle fiber necrosis
MP:0010752	1266	impaired mucociliary clearance
MP:0004038	3497	lymphangiectasis
MP:0012593	7	increased brain choline acetyltransferase activity
MP:0010522	3273	calcified aorta
MP:0002940	772	variable body spotting
MP:0009925	7090	increased transitional stage T2 B cell number
MP:0005222	295	abnormal somite size
MP:0013599	1222	Leydig cell atrophy
MP:0012717	1736	increased hemangioblast number
MP:0013955	2351	increased colon length
MP:0031368	1133	increased prostate gland dorsolateral lobe weight
MP:0000233	1053	abnormal blood flow velocity
MP:0011098	2117	embryonic lethality during organogenesis, complete penetrance
MP:0014200	3191	abnormal respiratory epithelium physiology
MP:0010866	3	abnormal prenatal body size
MP:0009492	5615	abnormal gallbladder epithelium morphology
MP:0020137	1873	decreased bone mineralization
MP:0008335	1753	decreased gonadotroph cell number
MP:0012605	1976	decreased kidney glutathione level
MP:0031148	3934	abnormal liver sinusoidal endothelial cell morphology
MP:0013611	4501	abnormal bile duct epithelium morphology
MP:0004505	716	decreased renal glomerulus number
MP:0000184	3973	abnormal circulating HDL cholesterol level
MP:0009901	6791	abnormal frontonasal prominence morphology
MP:0010520	7124	sinoatrial block
MP:0003054	2016	spina bifida
MP:0012756	629	impaired cranial neural crest cell differentiation
MP:0002462	3582	abnormal granulocyte physiology
MP:0009965	1283	abnormal cerebellum lateral hemisphere morphology
MP:0031180	2324	decreased brain blood flow rate
MP:0005187	6716	abnormal penis morphology
MP:0008847	5711	abnormal suprachiasmatic nucleus morphology
MP:0010749	3024	absent visual evoked potential
MP:0010250	1648	absent thymus cortex
MP:0001268	4422	barrel chest
MP:0010134	553	decreased DN3 thymocyte number
MP:0009353	2273	twin decidual capsule
MP:0004941	5070	abnormal regulatory T cell morphology
MP:0011730	5598	increased myelin sheath thickness
MP:0013166	2695	small forelimb buds
MP:0011881	2360	distended duodenum
MP:0030129	1512	tongue inflammation
MP:0001947	137	abnormal mucociliary clearance
MP:0004416	2258	absent cochlear nerve compound action potential
MP:0013406	3815	abnormal epidermal immune compartment
MP:0012280	1905	abnormal sternebra size
MP:0012244	3404	increased hepatoblast apoptosis
MP:0004243	3252	abnormal motor nerve collateral sprouting
MP:0009988	928	abnormal cerebellum vermis lobule I morphology
MP:0020402	198	ornithinuria
MP:0009607	7028	decreased keratohyalin granule size
MP:0009872	1200	abnormal aorta tunica intima morphology
MP:0006401	2999	absent male preputial gland
MP:0003626	2875	kidney medulla hypoplasia
MP:0013661	0	abnormal myeloid cell number
MP:0003729	2427	abnormal photoreceptor outer segment morphology
MP:0004020	1989	polyhydramnios
MP:0004009	94	abnormal diastolic filling velocity
MP:0006420	999	abnormal peritubular myoid cell morphology
MP:0011761	2601	abnormal ureteric bud trunk morphology
MP:0003385	1021	abnormal body wall morphology
MP:0000575	6844	increased foot pad pigmentation
MP:0004593	1655	long mandible
MP:0030150	4645	absent stylohyoid muscle
MP:0005002	7131	abnormal T cell clonal deletion
MP:0003150	5352	detached tectorial membrane
MP:0012138	4934	decreased forebrain size
MP:0030790	946	coxa vara
MP:0011204	2294	abnormal visceral yolk sac blood island morphology
MP:0001491	2072	unresponsive to tactile stimuli
MP:0009230	1463	abnormal sperm head morphology
MP:0001672	1183	abnormal embryo development
MP:0031202	1733	hemiplegia
MP:0008487	5224	abnormal mesonephros morphology
MP:0010635	2604	aorta pulmonary collateral arteries
MP:0000414	472	alopecia
MP:0011592	2900	abnormal catalase activity
MP:0001845	511	abnormal inflammatory response
MP:0001007	3614	abnormal sympathetic system morphology
MP:0010634	2036	increased QRS amplitude
MP:0004234	6919	abnormal masticatory muscle morphology
MP:0004855	3265	increased ovary weight
MP:0009358	5934	environmentally induced seizures
MP:0011302	1682	abnormal extraglomerular mesangial cell morphology
MP:0012705	4142	increased embryonic neuroepithelial cell proliferation
MP:0004330	6892	abnormal vestibular saccular macula morphology
MP:0010659	5040	abdominal aorta aneurysm
MP:0030148	2322	abnormal mylohyoid muscle morphology
MP:0001677	4072	absent apical ectodermal ridge
MP:0008312	2410	abnormal sympathetic postganglionic fiber morphology
MP:0010436	2086	abnormal coronary sinus morphology
MP:0001853	2024	heart inflammation
MP:0001307	3793	fused cornea and lens
MP:0004588	2066	abnormal vestibular hair cell development
MP:0004314	603	absent inner ear vestibule
MP:0003381	3716	vitreal fibroplasia
MP:0009373	7012	abnormal cumulus expansion
MP:0002439	4796	abnormal plasma cell morphology
MP:0010095	6004	increased chromosomal stability
MP:0000417	6841	short hair
MP:0002773	527	decreased circulating luteinizing hormone level
MP:0004418	188	small parietal bone
MP:0008343	4347	abnormal gamma-delta T cell morphology
MP:0012405	290	abnormal nail matrix morphology
MP:0020903	846	increased middle ear goblet cell number
MP:0008791	592	decreased NK cell degranulation
MP:0020494	682	left sided inferior vena cava
MP:0009946	1646	abnormal olfactory bulb layer morphology
MP:0014131	326	abnormal tear film morphology
MP:0005645	3325	abnormal hypothalamus physiology
MP:0006202	3319	vitreous body hemorrhage
MP:0005154	2206	increased B cell proliferation
MP:0002187	3514	abnormal fibula morphology
MP:0002163	3575	abnormal gland morphology
MP:0010656	6967	thick myocardium
MP:0030489	740	abnormal molar socket morphology
MP:0008026	3751	abnormal brain white matter morphology
MP:0010177	5331	acanthocytosis
MP:0001258	4150	decreased body length
MP:0002966	3747	decreased circulating alkaline phosphatase level
MP:0010175	3206	leptocytosis
MP:0020234	4939	decreased basal metabolism
MP:0004760	6511	increased mitotic index
MP:0030862	7118	absent triquetrum
MP:0003872	6869	absent heart right ventricle
MP:0012185	458	abnormal muscle precursor cell morphology
MP:0011442	5700	abnormal renal sodium ion transport
MP:0008808	2138	decreased spleen iron level
MP:0012460	5529	decreased dentate gyrus size
MP:0008876	206	decreased uterine NK cell number
MP:0011851	2134	abnormal embryonic cloaca development
MP:0031205	795	decreased circulating phytosterol level
MP:0002313	3663	abnormal tidal volume
MP:0012444	2079	thin hippocampus molecular cell layer
MP:0003998	1262	decreased thermal nociceptive threshold
MP:0013435	240	decreased CD8-positive, naive alpha-beta T cell number
MP:0030204	1520	large nasal septum
MP:0011405	2885	tubulointerstitial nephritis
MP:0009255	924	degranulated pancreatic beta cells
MP:0010394	4321	decreased QRS amplitude
MP:0012171	4962	oligohydramnios
MP:0009012	2496	short diestrus
MP:0006376	6060	decreased circulating angiotensinogen level
MP:0021025	3010	increased cerebrospinal fluid amyloid beta 40 isoform level
MP:0003301	1461	peptic ulcer
MP:0009644	3020	uremia
MP:0004664	2123	delayed inner ear development
MP:0011645	21	absent oviduct epithelium motile cilium
MP:0001802	2539	arrested B cell differentiation
MP:0030360	490	coronal suture sclerosis
MP:0008074	655	increased CD4-positive, alpha-beta T cell number
MP:0021190	2270	decreased bone mineral density of lumbar vertebrae
MP:0003931	5758	absent molars
MP:0031391	2973	increased locomotor activity
MP:0002838	3463	decreased susceptibility to dystrophic cardiac calcinosis
MP:0000129	6309	ameloblast degeneration
MP:0006425	3484	absent Mullerian ducts
MP:0001664	4665	abnormal digestion
MP:0011666	3893	double outlet right ventricle, ventricular defect committed to aorta
MP:0004682	560	small intervertebral disk
MP:0030213	600	gonial bone hyperplasia
MP:0010261	1430	sutural cataract
MP:0002948	2429	abnormal neuron specification
MP:0011679	3627	abnormal vomeronasal sensory neuron morphology
MP:0001344	3699	blepharoptosis
MP:0000301	4403	decreased atrioventricular cushion size
MP:0011704	1847	decreased fibroblast proliferation
MP:0010378	4045	increased respiratory quotient
MP:0000061	3921	fragile skeleton
MP:0012050	2746	decreased susceptilbility to retina ischemic injury
MP:0000042	1841	abnormal organ of Corti morphology
MP:0004479	323	abnormal oval window morphology
MP:0004151	2633	decreased circulating iron level
MP:0001847	1839	brain inflammation
MP:0006051	4390	brainstem hemorrhage
MP:0009142	1169	decreased prepulse inhibition
MP:0030464	1082	abnormal cranial cartilage morphology
MP:0000819	5586	abnormal olfactory bulb morphology
MP:0031440	557	lymphatic vessel hypoplasia
MP:0004937	1696	dilated heart
MP:0009432	1790	increased fetal weight
MP:0008295	43	abnormal adrenal gland zona reticularis morphology
MP:0003276	1106	esophageal atresia
MP:0011856	2693	abnormal glomerular filtration barrier function
MP:0009388	1828	abnormal epidermal melanocyte morphology
MP:0008691	3469	decreased interleukin-23 secretion
MP:0010642	807	absent third pharyngeal arch
MP:0020849	3383	abnormal actin cytoskeleton morphology
MP:0030961	3076	abnormal outer hair cell kinocilium location or orientation
MP:0013584	1675	pancreas degeneration
MP:0004592	1574	small mandible
MP:0000314	645	schistocytosis
MP:0004464	911	absent strial basal cell tight junctions
MP:0013588	4205	small thymus medulla
MP:0003881	6920	abnormal nephron morphology
MP:0000544	544	thin urinary bladder urothelium
MP:0000408	6063	absent duvet hair
MP:0008250	4326	abnormal myeloid leukocyte morphology
MP:0001412	4982	excessive scratching
MP:0008183	2833	absent marginal zone B cells
MP:0006411	4521	upturned snout
MP:0010042	7121	abnormal oval cell physiology
MP:0002751	788	abnormal autonomic nervous system morphology
MP:0004428	871	abnormal type I vestibular cell
MP:0020317	1819	abnormal vascular endothelial cell adhesion
MP:0001127	3060	small ovary
MP:0020365	6704	increased brain iron level
MP:0030849	932	wide ilium
MP:0003996	6099	clonic seizures
MP:0004736	384	abnormal distortion product otoacoustic emission
MP:0008904	907	abnormal mammary fat pad morphology
MP:0031173	2465	increased circulating zinc level
MP:0031066	2442	cytokine storm
MP:0009517	2341	abnormal salivary gland duct morphology
MP:0005006	5581	abnormal osteoblast physiology
MP:0002690	3071	akinesia
MP:0010423	811	heart right ventricle aneurysm
MP:0012289	1739	abnormal non-rapid eye movement sleep pattern
MP:0030716	514	decreased circulating isoleucine level
MP:0010587	1605	conotruncal ridge hypoplasia
MP:0031361	4932	increased prostate gland anterior lobe weight
MP:0012278	4226	abnormal cardiogenic mesoderm morphology
MP:0020399	1979	enhanced megakaryocyte emperipolesis
MP:0008917	1752	abnormal oligodendrocyte physiology
MP:0008214	3544	increased immature B cell number
MP:0002256	1048	abnormal laryngeal cartilage morphology
MP:0014136	613	abnormal extraembryonic endoderm morphology
MP:0011049	638	impaired adaptive thermogenesis
MP:0010810	2027	increased type II pneumocyte number
MP:0004156	3122	abnormal QT variability
MP:0001598	1723	abnormal blood viscosity
MP:0008806	5671	increased circulating amylase level
MP:0013481	2884	abnormal ileum crypts of Lieberkuhn morphology
MP:0004482	1060	abnormal interdental cell morphology
MP:0002644	1450	decreased circulating triglyceride level
MP:0011808	900	abnormal myoblast differentiation
MP:0003329	424	amyloid beta deposits
MP:0011945	4430	increased eating frequency
MP:0004369	1370	absent utricle
MP:0009073	5156	absent Wolffian ducts
MP:0013002	136	decreased enteric neural crest cell number
MP:0031419	1220	delayed estrus
MP:0008449	4348	abnormal retina cone cell outer segment morphology
MP:0005171	84	absent coat pigmentation
MP:0013218	595	abnormal substantia nigra pars reticulata morphology
MP:0011207	3203	absent ectoplacental cavity
MP:0008125	4308	abnormal dendritic cell number
MP:0003632	2054	abnormal nervous system morphology
MP:0004800	1225	decreased susceptibility to experimental autoimmune encephalomyelitis
MP:0008891	3915	decreased hepatocyte apoptosis
MP:0031395	5640	cutaneous mastocytosis
MP:0004922	46	abnormal common crus morphology
MP:0010077	1026	increased phytosterol level
MP:0010070	1969	decreased serotonin level
MP:0012111	948	failure of morula compaction
MP:0010927	2044	decreased osteoid volume
MP:0010144	2246	abnormal tumor vascularization
MP:0008895	5684	abnormal intraepithelial T cell number
MP:0011224	2881	abnormal lymph node medullary cord morphology
MP:0001780	42	decreased brown adipose tissue amount
MP:0008855	1527	eye bleb
MP:0014231	400	intestinal mucus accumulation
MP:0013743	518	ciliary body hypoplasia
MP:0000982	657	abnormal Meissner's corpuscle morphology
MP:0002060	2028	abnormal skin morphology
MP:0010400	480	increased liver glycogen level
MP:0002139	3333	abnormal hepatobiliary system physiology
MP:0004950	1600	abnormal brain vasculature morphology
MP:0004506	1815	abnormal pubis morphology
MP:0011429	1380	absent mesangial cell
MP:0012559	242	decreased forebrain volume
MP:0012727	206	abnormal uterine spiral artery remodeling
MP:0009116	1347	abnormal brown fat cell morphology
MP:0005418	1777	abnormal circulating hormone level
MP:0006000	754	abnormal corneal epithelium morphology
MP:0010817	531	absent type I pneumocytes
MP:0010460	3119	pulmonary artery hypoplasia
MP:0008442	3863	disorganized cortical plate
MP:0005290	532	decreased oxygen consumption
MP:0009631	197	enlarged axillary lymph nodes
MP:0012323	441	increased total tissue mass
MP:0011670	2167	double outlet right ventricle, noncommitted ventricular septal defect
MP:0031372	1569	abnormal sperm individualization
MP:0010140	57	phlebitis
MP:0001327	2420	decreased retina photoreceptor cell number
MP:0006301	4081	abnormal mesenchyme morphology
MP:0000828	5659	abnormal fourth ventricle morphology
MP:0014233	1379	bile duct epithelium hyperplasia
MP:0005414	954	extrahepatic cholestasis
MP:0005280	879	abnormal fatty acids level
MP:0000003	5069	abnormal adipose tissue morphology
MP:0020155	2400	enhanced humoral immune response
MP:0010383	6854	increased adenoma incidence
MP:0030169	876	thick upper lip
MP:0008778	6910	abnormal lymphangiogenesis
MP:0011103	3113	embryonic lethality at implantation, incomplete penetrance
MP:0009838	436	abnormal sperm axoneme morphology
MP:0031076	2990	decreased circulating troponin level
MP:0000863	3363	abnormal secondary somatosensory cortex morphology
MP:0002020	1414	increased tumor incidence
MP:0004808	903	abnormal hematopoietic stem cell morphology
MP:0008063	1815	increased otic epithelial cell apoptosis
MP:0014098	1645	decreased pancreatic amylase secretion
MP:0003363	527	decreased circulating gonadotropin level
MP:0011490	2896	ureteropelvic junction stenosis
MP:0001382	285	abnormal nursing
MP:0005184	903	abnormal circulating progesterone level
MP:0020551	4225	abnormal postsynaptic density morphology
MP:0012702	1061	increased embryonic neuroepithelium thickness
MP:0001034	788	abnormal parasympathetic ganglion morphology
MP:0003154	3565	abnormal soft palate morphology
MP:0010124	1924	decreased bone mineral content
MP:0004517	1950	decreased vestibular hair cell stereocilia number
MP:0004615	2091	cervical vertebral transformation
MP:0002844	6046	aortic hypertrophy
MP:0008246	1974	abnormal leukocyte morphology
MP:0013189	6064	abnormal exploration in a new environment
MP:0000060	1932	delayed bone ossification
MP:0030219	1140	jaw cyst
MP:0008257	5328	thin myometrium
MP:0003665	2440	endophthalmitis
MP:0011250	3453	abdominal situs ambiguus
MP:0008978	1636	abnormal vagina weight
MP:0012703	2473	decreased embryonic neuroepithelium thickness
MP:0031018	623	decreased granulosa cell proliferation
MP:0013519	866	decreased CD4-positive NK T cell number
MP:0010399	2920	decreased skeletal muscle glycogen level
MP:0021184	5740	decreased bone mineral density of humerus
MP:0002834	816	decreased heart weight
MP:0009096	2708	decreased endometrial gland number
MP:0020860	3132	abnormal cornea physiology
MP:0003488	1138	decreased channel response intensity
MP:0012573	4446	decreased susceptibility to chemically induced skin inflammation
MP:0004605	3967	abnormal vertebral lamina morphology
MP:0008997	5772	increased blood osmolality
MP:0004002	748	abnormal jejunum morphology
MP:0012193	324	increased keratinocyte migration
MP:0005243	4075	hemothorax
MP:0001046	4324	abnormal enteric neuron morphology
MP:0009058	6814	decreased interleukin-21 secretion
MP:0014168	1367	abnormal brown adipose tissue mass
MP:0012655	1603	increased catalase level
MP:0003695	2411	delayed blastocyst hatching from the zona pellucida
MP:0013809	7120	absent pectinate muscle
MP:0005242	755	cryptophthalmos
MP:0013213	4420	abnormal embryonic neuroepithelium primary cilium morphology
MP:0003986	5107	small cochlear ganglion
MP:0000163	1316	abnormal cartilage morphology
MP:0005313	3829	absent adrenal gland
MP:0008236	3963	decreased susceptibility to neuronal excitotoxicity
MP:0004871	1141	premaxilla hypoplasia
MP:0011175	4453	platyspondylia
MP:0010226	2855	increased quadriceps weight
MP:0009837	6539	abnormal sperm end piece morphology
MP:0003498	6048	thyroid gland hyperplasia
MP:0008488	16	abnormal semicircular canal ampulla morphology
MP:0009702	1844	increased birth body size
MP:0004307	208	absent Rosenthal canal
MP:0003062	3813	abnormal coping response
MP:0006349	1102	decreased circulating copper level
MP:0004032	5656	abnormal interventricular groove morphology
MP:0010754	5443	abnormal heart left ventricle pressure
MP:0020487	1247	abnormal middle cerebral artery morphology
MP:0004452	5464	abnormal pterygoid process morphology
MP:0001406	3748	abnormal gait
MP:0005651	5500	abnormal gonad rudiment morphology
MP:0006291	1900	aprosencephaly
MP:0003959	2311	abnormal lean body mass
MP:0010223	3462	abnormal immunoglobulin transcytosis
MP:0014193	3306	decreased epididymal cell proliferation
MP:0000189	3386	hypoglycemia
MP:0005502	1761	abnormal renal/urinary system physiology
MP:0000955	5660	abnormal spinal cord morphology
MP:0008550	850	abnormal circulating interferon-beta level
MP:0004935	5207	epididymis degeneration
MP:0002959	3032	increased urine microalbumin level
MP:0008719	3348	impaired neutrophil recruitment
MP:0020536	1182	increased subiculum size
MP:0010556	4955	thin ventricle myocardium compact layer
MP:0002333	4221	abnormal lung compliance
MP:0005150	2979	cachexia
MP:0002675	81	asthenozoospermia
MP:0020002	122	increased response to antigen
MP:0003923	5471	abnormal heart left atrium morphology
MP:0008884	918	abnormal enterocyte apoptosis
MP:0010577	1696	abnormal heart right ventricle size
MP:0000105	5292	impaired ossification of basisphenoid bone
MP:0002229	1879	neurodegeneration
MP:0030281	1413	thin parietal bone
MP:0031011	1694	abnormal sperm migration in female genital tract
MP:0005662	3761	increased circulating adrenaline level
MP:0011572	3035	abnormal aorta bulb morphology
MP:0009576	5614	oral atresia
MP:0012077	1887	webbed neck
MP:0004397	715	absent cochlear inner hair cells
MP:0009333	4880	abnormal splenocyte physiology
MP:0013979	2493	abnormal subclavian artery origin
MP:0012362	1813	increased large unstained cell number
MP:0008639	812	decreased circulating interleukin-1 alpha level
MP:0011428	4350	decreased mesangial cell number
MP:0004916	583	absent Reichert cartilage
MP:0000741	6507	impaired contractility of urinary bladder detrusor smooth muscle
MP:0014036	1248	meconium ileus
MP:0013370	700	anhidrosis
MP:0003029	3356	alkalemia
MP:0013335	2984	hepatic peliosis
MP:0011208	2121	small proamniotic cavity
MP:0004239	891	abnormal temporalis muscle morphology
MP:0005545	1804	abnormal lens development
MP:0003444	5056	abnormal neurotransmitter uptake
MP:0011422	2772	kidney medulla atrophy
MP:0002984	2194	retina hypoplasia
MP:0002024	769	increased T cell derived lymphoma incidence
MP:0009476	5730	enlarged cecum
MP:0000585	1251	kinked tail
MP:0013834	334	thin hypoglossal nerve
MP:0013723	3584	increased circulating tyrosine level
MP:0003379	4436	absent sexual maturation
MP:0010490	6911	abnormal inferior vena cava valve morphology
MP:0004382	398	abnormal hair follicle melanogenesis
MP:0002208	1787	abnormal germ cell morphology
MP:0003273	998	duodenal ulcer
MP:0030940	3263	impaired autophagy
MP:0003975	6517	increased circulating VLDL triglyceride level
MP:0002089	3548	abnormal postnatal growth/weight/body size
MP:0013177	4116	abnormal tail tip morphology
MP:0000154	1079	rib fusion
MP:0008684	1035	increased interleukin-18 secretion
MP:0006137	3004	venoocclusion
MP:0010356	7108	abnormal second pharyngeal arch artery morphology
MP:0008129	4155	absent brain internal capsule
MP:0008137	6152	absent podocytes
MP:0012264	329	hindbrain hypoplasia
MP:0031442	2576	enlarged cerebral aqueduct
MP:0010262	829	lamellar cataract
MP:0004578	357	abnormal cochlear hair bundle tip links morphology
MP:0005030	799	absent amnion
MP:0030322	2288	styloid process hypoplasia
MP:0005182	4658	increased circulating estradiol level
MP:0000536	131	hydroureter
MP:0010396	635	ectopic pharyngeal arch
MP:0013642	5718	decreased vertebra stiffness
MP:0013505	5074	decreased embryonic tissue cell apoptosis
MP:0010868	4768	increased bone trabecula number
MP:0013736	519	abnormal bulbourethral gland development
MP:0002183	5448	gliosis
MP:0013465	4348	abnormal conjunctiva goblet cell differentiation
MP:0030259	264	mandibular condyloid process hypoplasia
MP:0030066	6561	short face
MP:0001881	4537	abnormal mammary gland physiology
MP:0014152	1296	absent exorbital lacrimal gland
MP:0010429	3996	abnormal heart left ventricle outflow tract morphology
MP:0002388	782	abnormal Peyer's patch epithelium morphology
MP:0005128	6850	decreased adrenocorticotropin level
MP:0011144	5748	thin lung-associated mesenchyme
MP:0011770	992	increased urine selenium level
MP:0001392	934	abnormal locomotor behavior
MP:0013424	3546	increased KLRG1-positive gamma-delta T cell number
MP:0000445	1174	short snout
MP:0002708	4212	nephrolithiasis
MP:0000709	1295	enlarged thymus
MP:0020368	2138	decreased heart iron level
MP:0009453	5330	enhanced contextual conditioning behavior
MP:0009516	5332	enlarged salivary gland
MP:0003483	1262	decreased nerve fiber response threshold
MP:0030651	3505	decreased circulating ornithine level
MP:0013014	2065	increased trunk neural crest cell apoptosis
MP:0001019	2396	abnormal L4 dorsal root ganglion morphology
MP:0030437	296	abnormal osteoblast proliferation
MP:0003687	1202	abnormal intraocular muscle morphology
MP:0030088	909	microdontia
MP:0011537	3268	uraturia
MP:0021097	753	abnormal dorsal interneuron 6 morphology
MP:0005432	5072	abnormal pro-B cell morphology
MP:0003980	5384	increased circulating phospholipid level
MP:0004587	2779	decreased cellular sensitivity to X-ray irradiation
MP:0003332	679	liver abscess
MP:0008356	79	abnormal gamma-delta T cell differentiation
MP:0008223	408	absent hippocampal commissure
MP:0008152	6855	decreased diameter of femur
MP:0004319	1792	absent malleus
MP:0011296	1519	decreased tubuloglomerular feedback response
MP:0012652	645	decreased catalase level
MP:0005251	1864	blepharitis
MP:0004240	1088	absent temporalis muscle
MP:0003897	732	abnormal ST segment
MP:0011334	5479	abnormal nephrogenic zone morphology
MP:0009706	4732	absent midgut
MP:0011097	2854	embryonic lethality between somite formation and embryo turning, complete penetrance
MP:0005015	1493	increased T cell number
MP:0005137	83	increased growth hormone level
MP:0004125	3493	abnormal venule morphology
MP:0030101	2388	carious teeth
MP:0013603	2025	abnormal fetal Leydig cell differentiation
MP:0010626	6742	thick tricuspid valve cusps
MP:0009937	1408	abnormal neuron differentiation
MP:0001279	6745	wavy vibrissae
MP:0004155	3259	decreased susceptibility to induced pancreatitis
MP:0000956	5724	decreased spinal cord size
MP:0002204	5085	abnormal synaptic neurotransmitter level
MP:0003645	5537	increased pancreatic beta cell number
MP:0009826	3102	abnormal dermis reticular layer collagen network
MP:0008107	2967	absent retina horizontal cells
MP:0030428	2978	abnormal scalene muscle morphology
MP:0011050	1964	abnormal respiratory motile cilium morphology
MP:0008747	1703	abnormal T cell anergy
MP:0008990	4400	abnormal Ito cell morphology
MP:0006388	2800	abnormal auditory summating potential
MP:0013191	1774	increased sebaceous gland number
MP:0000250	2841	abnormal vasoconstriction
MP:0003842	5419	abnormal metopic suture morphology
MP:0002828	3704	abnormal renal glomerular capsule morphology
MP:0002398	951	abnormal bone marrow cell morphology/development
MP:0006029	5595	abnormal sclerotome morphology
MP:0012399	1460	short nails
MP:0000550	1915	abnormal forelimb morphology
MP:0008367	1197	absent pituitary intermediate lobe
MP:0000322	5505	increased granulocyte number
MP:0031284	421	abdominal situs abnormality
MP:0002260	67	abnormal thyroid cartilage morphology
MP:0000020	3251	scaly ears
MP:0030367	5672	premature metopic suture closure
MP:0012739	3216	abnormal anterior primitive streak morphology
MP:0004188	3182	delayed embryo turning
MP:0008048	2163	abnormal memory T cell number
MP:0000809	3591	absent hippocampus
MP:0008369	1685	pituitary intermediate lobe hypoplasia
MP:0012010	2739	parturition failure
MP:0010781	218	pyloric sphincter hypertrophy
MP:0030178	2131	abnormal scalp morphology
MP:0003134	231	increased late pro-B cell number
MP:0000599	1393	enlarged liver
MP:0003075	6805	abnormal response to CNS ischemic injury
MP:0020391	5972	radial glial endfoot detachment
MP:0001475	1593	reduced long term depression
MP:0002980	3183	abnormal postural reflex
MP:0013699	396	abnormal immature NK cell morphology
MP:0003705	530	abnormal hypodermis morphology
MP:0009010	3096	abnormal diestrus
MP:0005334	2521	abnormal fat pad morphology
MP:0001823	792	thymus hypoplasia
MP:0003607	337	abnormal prostate gland physiology
MP:0004338	4889	small clavicle
MP:0009757	1276	impaired behavioral response to morphine
MP:0020935	5556	decreased susceptibility to Retroviridae infection
MP:0002221	6535	abnormal lymph organ size
MP:0011180	2432	abnormal hematopoietic cell number
MP:0008238	967	abnormal dorsoventral coat patterning
MP:0010593	1589	thick aortic valve cusps
MP:0009868	1030	abnormal descending thoracic aorta morphology
MP:0011899	97	podocyte vacuolization
MP:0014121	2147	increased pancreatic islet cell apoptosis
MP:0002459	1436	abnormal B cell physiology
MP:0010632	3244	cardiac muscle necrosis
MP:0000804	4369	abnormal occipital lobe morphology
MP:0013873	5189	abnormal ductus venosus morphology
MP:0000202	2391	abnormal circulating alkaline phosphatase level
MP:0004363	1500	stria vascularis degeneration
MP:0011376	2279	abnormal kidney corticomedullary boundary morphology
MP:0004688	768	absent ilium
MP:0030218	1908	piriform aperture stenosis
MP:0004191	2272	neuronal intranuclear inclusions
MP:0013443	701	Harderian gland hyperplasia
MP:0013716	1177	hypolactation
MP:0009697	4625	abnormal copulation
MP:0006387	3316	abnormal T cell number
MP:0030074	904	coarse facial features
MP:0006299	388	abnormal latent inhibition of conditioning behavior
MP:0000939	3196	decreased motor neuron number
MP:0005302	2789	neurogenic bladder
MP:0009263	2402	abnormal eyelid fusion
MP:0020132	1928	increased gallbladder volume
MP:0005470	6885	increased thyroxine level
MP:0005210	2754	disorganized stomach mucosa
MP:0002062	96	abnormal associative learning
MP:0012767	4085	increased KLRG1-positive NK cell number
MP:0004665	1728	abnormal stapedial artery morphology
MP:0010958	4195	abnormal tricarboxylic acid cycle
MP:0009749	6581	enhanced behavioral response to addictive substance
MP:0008498	3802	decreased IgG3 level
MP:0009025	401	abnormal brain dura mater morphology
MP:0004012	3063	increased pulmonary artery pressure
MP:0002067	2346	abnormal sensory capabilities/reflexes/nociception
MP:0011994	3229	increased nerve conduction velocity
MP:0002970	4476	abnormal white adipose tissue morphology
MP:0004180	579	failure of initiation of embryo turning
MP:0009070	3429	small oviduct
MP:0010274	64	increased organ/body region tumor incidence
MP:0020001	3918	decreased response to antigen
MP:0005458	994	increased percent body fat/body weight
MP:0031411	766	increased ovulation rate
MP:0006417	800	rete testis obstruction
MP:0008046	300	absent NK cells
MP:0009582	1329	abnormal keratinocyte proliferation
MP:0003291	5450	interstinal hyperperistalsis
MP:0008924	2639	decreased cerebellar granule cell number
MP:0001840	1529	increased level of surface class I molecules
MP:0020493	2077	absent inferior vena cava
MP:0014143	257	decreased body fat mass
MP:0009572	1110	abnormal right lung cranial lobe morphology
MP:0011655	2992	abnormal systemic artery morphology
MP:0003284	1523	abnormal large intestine placement
MP:0003963	3014	abnormal corticosterone level
MP:0031285	1639	external auditory canal stenosis
MP:0000767	2031	abnormal smooth muscle morphology
MP:0002189	2465	abnormal myocardial trabeculae morphology
MP:0003205	2415	testicular atrophy
MP:0006366	374	absent zigzag hairs
MP:0030736	1944	increased glutamic acid level
MP:0002551	464	abnormal blood coagulation
MP:0013626	1598	decreased femur yield load
MP:0030964	1423	decreased brain ependyma motile cilium length
MP:0004585	3027	absent vestibular hair bundle shaft connectors
MP:0012331	5476	increased circulating fibrinogen level
MP:0008377	931	absent malleus manubrium
MP:0000687	2497	small lymphoid organs
MP:0031228	3360	decreased angiotensin II level
MP:0012801	12	decreased rhombomere 5 size
MP:0011759	3370	absent Rathke's pouch
MP:0013027	1425	wounding
MP:0004997	1997	increased CNS synapse formation
MP:0009760	6889	abnormal mitotic spindle morphology
MP:0030331	569	absent temporomandibular joint disk
MP:0003633	2699	abnormal nervous system physiology
MP:0030670	3621	increased circulating phenylalanine level
MP:0013904	1332	abnormal seminal vesicle muscle layer morphology
MP:0010895	1052	increased lung compliance
MP:0020419	3312	decreased cardiac muscle relaxation
MP:0012076	2457	abnormal agouti pigmentation
MP:0001388	4280	abnormal stationary movement
MP:0001429	1539	dehydration
MP:0012178	968	absent frontonasal prominence
MP:0030264	1159	occipital bossing
MP:0020218	2732	abnormal tear production
MP:0004023	2519	abnormal chromosome number
MP:0011642	4548	abnormal bone collagen fibril morphology
MP:0003622	4344	ischuria
MP:0002401	2192	abnormal lymphopoiesis
MP:0002911	3969	abnormal inhibitory postsynaptic potential
MP:0005162	4639	carpoptosis
MP:0010476	4555	coronary fistula
MP:0010905	787	absent alveolar pores
MP:0011281	2793	abnormal olfactory epithelium cilium morphology
MP:0002804	2692	abnormal motor learning
MP:0031447	5766	unilateral cleft upper lip
MP:0011317	3154	abnormal renal artery morphology
MP:0030342	2722	small maxillary prominence
MP:0009490	2824	abnormal heart left atrium auricular region morphology
MP:0008262	5012	abnormal hippocampus region morphology
MP:0010611	188	patent pulmonary valve
MP:0009597	6179	impaired stratum corneum desquamation
MP:0010745	743	abnormal pre-Botzinger complex morphology
MP:0000436	4024	abnormal head movements
MP:0012132	3262	abnormal midbrain-hindbrain boundary morphology
MP:0003441	3620	increased glycerol level
MP:0000650	3257	mesocardia
MP:0003448	5821	abnormal tumor morphology
MP:0008282	3807	enlarged hippocampus
MP:0004178	2530	neck telangiectases
MP:0012393	369	increased erythrocyte sodium:potassium-exchanging ATPase activity
MP:0008071	1238	absent B cells
MP:0003344	3758	mammary gland hypoplasia
MP:0012287	578	increased frequency of paradoxical sleep
MP:0010802	1447	abnormal intestinal enteroendocrine cell morphology
MP:0008315	4740	abnormal otic ganglion morphology
MP:0004177	517	tail telangiectases
MP:0030598	1194	increased liver manganese level
MP:0008505	211	absent adrenal chromaffin cells
MP:0011823	367	decreased CD8-positive, alpha-beta memory T cell proliferation
MP:0000066	3959	osteoporosis
MP:0003234	2906	enhanced NMDA-mediated synaptic currents
MP:0030584	3880	skin atrophy
MP:0011735	2797	increased urine ammonia level
MP:0030430	3152	absent levator nasolabialis muscle
MP:0030794	1778	broad femur neck
MP:0001169	4451	abnormal bulbourethral gland morphology
MP:0003419	986	delayed endochondral bone ossification
MP:0013291	366	ectopic pancreas
MP:0000825	21	dilated lateral ventricle
MP:0002900	1227	abnormal urine phosphate level
MP:0001754	681	increased circulating corticotropin-releasing hormone level
MP:0003659	315	abnormal lymph circulation
MP:0001524	1581	impaired limb coordination
MP:0003481	2139	decreased nerve fiber response intensity
MP:0014074	751	increased brain glycogen level
MP:0031375	6582	abnormal manchette disassembly
MP:0011453	696	abnormal glomerular capillary endothelium morphology
MP:0013578	2936	abnormal stomach glandular region morphology
MP:0030937	4034	increased mitochondrial DNA content
MP:0011846	2330	decreased kidney collecting duct number
MP:0013532	1337	abnormal parotid gland physiology
MP:0004953	728	decreased spleen weight
MP:0001334	3521	absent optic tract
MP:0030571	3538	dilated piliary canal
MP:0001671	3485	abnormal vitamin absorption
MP:0008529	1325	enlarged optic nerve
MP:0000907	1987	small mesencephalic trigeminal nucleus
MP:0009233	3954	enlarged sperm head
MP:0030141	1050	facial paralysis
MP:0009151	3256	increased pancreatic ductal adenocarcinoma incidence
MP:0005398	4113	decreased susceptibility to fungal infection
MP:0008932	5627	abnormal embryonic tissue physiology
MP:0012149	2914	decreased b-wave implicit time
MP:0003717	1297	pallor
MP:0030542	2802	abnormal dentin development
MP:0030350	2698	premature coronal suture closure
MP:0011414	1735	erythruria
MP:0002985	2700	abnormal urine calcium level
MP:0031200	2616	increased aortic weight
MP:0004979	1412	abnormal neuronal precursor cell number
MP:0002464	5969	abnormal basophil physiology
MP:0000081	3023	premature cranial suture closure
MP:0002207	2299	abnormal long term potentiation
MP:0010282	2166	decreased organ/body region tumor incidence
MP:0001257	1658	increased body length
MP:0030707	6592	decreased glutamine level
MP:0030969	2916	increased circulating adiponectin level
MP:0010921	817	absent pulmonary neuroendocrine bodies
MP:0000995	4414	absent secondary muscle spindle
MP:0003455	1276	decreased susceptibility to induced retina damage
MP:0030335	5742	absent third pharyngeal arch artery
MP:0020993	1981	abnormal urine cytokine level
MP:0011827	1031	impaired neuron differentiation
MP:0005580	1903	periinsulitis
MP:0031132	2174	increased artery tortuosity
MP:0001155	1418	arrest of spermatogenesis
MP:0013470	1744	absent lacrimal gland bud
MP:0030589	3018	increased pancreatic alpha cell mass
MP:0013617	488	increased areal bone mineral density
MP:0008520	4393	disorganized retina outer plexiform layer
MP:0002332	4488	abnormal exercise endurance
MP:0000889	1337	abnormal cerebellar molecular layer
MP:0013988	4930	absent portal vein segment
MP:0008813	2063	decreased common myeloid progenitor cell number
MP:0010211	2709	abnormal acute phase protein level
MP:0003224	1448	neuron degeneration
MP:0006119	1168	mitral valve atresia
MP:0000551	262	absent forelimb
MP:0002641	3327	anisopoikilocytosis
MP:0009990	928	abnormal cerebellum vermis lobule III morphology
MP:0008215	1806	decreased immature B cell number
MP:0011529	680	increased placenta intervillous maternal lacunae size
MP:0010636	6107	bundle branch block
MP:0000441	7085	increased cranium width
MP:0001182	1132	lung hemorrhage
MP:0004294	587	abnormal type II spiral ligament fibrocytes
MP:0009443	1066	parthenogenesis
MP:0004819	2075	decreased skeletal muscle mass
MP:0010022	1600	brain vascular congestion
MP:0010595	4421	abnormal aortic valve cusp morphology
MP:0008393	6956	absent primordial germ cells
MP:0000886	2543	abnormal cerebellar granule layer morphology
MP:0009594	4997	abnormal corneocyte envelope morphology
MP:0003698	5628	abnormal male reproductive system physiology
MP:0002081	626	perinatal lethality
MP:0031450	791	nasal cartilage hypoplasia
MP:0002318	2449	hypercapnia
MP:0011979	4626	abnormal magnesium ion homeostasis
MP:0010988	4666	abnormal bronchial cartilage morphology
MP:0000852	3389	small cerebellum
MP:0014076	6632	absent Paneth cells
MP:0003944	611	abnormal T cell subpopulation ratio
MP:0003138	2940	absent tympanic ring
MP:0000743	2515	muscle spasm
MP:0008061	5339	absent podocyte slit diaphragm
MP:0003306	3376	small intestinal inflammation
MP:0010111	5357	abnormal renal calcium reabsorption
MP:0030968	725	decreased circulating adiponectin level
MP:0013928	382	thin motoric part of trigeminal nerve
MP:0012719	2744	abnormal neck morphology
MP:0004816	4373	abnormal class switch recombination
MP:0009759	6261	abnormal hair follicle bulge morphology
MP:0003095	2387	abnormal corneal stroma development
MP:0003733	2107	abnormal retina inner nuclear layer morphology
MP:0001928	3079	abnormal ovulation
MP:0008453	3090	decreased retina rod cell number
MP:0004840	1013	increased Deiters cell number
MP:0031302	1943	syncope
MP:0012301	2262	absent umbilical cord blood vessels
MP:0004346	2378	absent acromion
MP:0001927	895	abnormal estrous cycle
MP:0011431	5325	increased urine flow rate
MP:0003960	3372	increased lean body mass
MP:0020913	462	increased susceptibility to Riboviria infection
MP:0009931	3968	abnormal skin appearance
MP:0008150	2581	decreased diameter of long bones
MP:0001788	3232	periorbital edema
MP:0005608	1902	cardiac interstitial fibrosis
MP:0001746	4275	abnormal pituitary secretion
MP:0002136	602	abnormal kidney physiology
MP:0002135	341	abnormal kidney morphology
MP:0010285	747	decreased skin tumor incidence
MP:0011771	93	abnormal genital tubercle morphology
MP:0020945	2731	abnormal susceptibility to Orthomyxoviridae infection
MP:0004439	1933	absent Meckel's cartilage
MP:0020349	340	abnormal dendritic cell migration
MP:0030320	3665	abnormal temporal bone tympanic part morphology
MP:0008829	5348	triphalangia
MP:0005590	3367	increased vasodilation
MP:0021090	3388	abnormal dendrite arborization pattern
MP:0013830	297	abnormal intrathoracic topology of vagus nerve
MP:0001500	2528	decreased kindling response
MP:0030742	4447	increased aspartic acid level
MP:0003324	864	increased liver adenoma incidence
MP:0030209	618	abnormal extrinsic tongue muscle morphology
MP:0020336	1103	abnormal motor neuron dendrite morphology
MP:0003462	2958	abnormal response to novel odor
MP:0005146	4743	decreased circulating VLDL cholesterol level
MP:0006148	1299	binocular blindness
MP:0009323	173	abnormal spleen development
MP:0004066	196	abnormal primitive node morphology
MP:0010135	676	increased DN4 thymocyte number
MP:0020508	3571	decreased dendritic spine density
MP:0008332	5593	decreased lactotroph cell number
MP:0001408	1274	stereotypic behavior
MP:0002033	1440	increased malignant triton tumor incidence
MP:0013510	498	decreased CD4-negative NK T cell number
MP:0008871	250	abnormal ovarian follicle number
MP:0005218	5084	abnormal pancreatic delta cell morphology
MP:0031270	2349	decreased susceptibility to age-related hepatic steatosis
MP:0030203	1063	short nasal septum
MP:0002759	4594	abnormal caudal vertebrae morphology
MP:0008999	5541	absent anus
MP:0030388	5484	large fontanelles
MP:0011829	849	vesicovaginal fistula
MP:0020936	3195	abnormal susceptibility to Picornaviridae infection
MP:0010992	6368	increased surfactant secretion
MP:0030630	1556	increased circulating methylmalonic acid level
MP:0006071	5060	abnormal retina progenitor cell morphology
MP:0005179	181	decreased circulating cholesterol level
MP:0021215	2197	abnormal palatal mesenchymal cell proliferation
MP:0011654	2675	histidinuria
MP:0010805	1118	abnormal stomach smooth muscle outer longitudinal layer morphology
MP:0011641	4011	abnormal pulmonary collagen fibril morphology
MP:0004690	4889	ischium hypoplasia
MP:0012258	853	philtrum hypoplasia
MP:0030863	6619	decreased joint mobility
MP:0030869	1280	thyroid cartilage hypoplasia
MP:0020082	1689	increased hippocampus volume
MP:0001201	4407	translucent skin
MP:0008915	3127	fused carpal bones
MP:0011653	803	decreased circulating histidine level
MP:0002082	6788	postnatal lethality
MP:0012188	1155	increased regulatory T cell apoptosis
MP:0011593	1143	increased catalase activity
MP:0008538	7056	decreased zigzag hair amount
MP:0014064	5311	argyrophilic inclusion bodies
MP:0010543	3359	aorta tubular hypoplasia
MP:0004564	463	enlarged myocardial fiber
MP:0004536	260	short inner hair cell stereocilia
MP:0001999	2735	photosensitivity
MP:0009740	4222	small prostate gland dorsolateral lobe
MP:0011439	1623	abnormal kidney cell proliferation
MP:0002109	1504	abnormal limb morphology
MP:0005520	660	impaired pancreas regeneration
MP:0020175	2071	abnormal IgG1 level
MP:0008812	1015	abnormal rostrocaudal coat patterning
MP:0002764	1292	short tibia
MP:0009359	975	endometrium atrophy
MP:0009818	5000	abnormal thromboxane level
MP:0020514	171	abnormal dendritic thin spine morphology
MP:0005565	3036	increased blood urea nitrogen level
MP:0008115	3842	abnormal dendritic cell differentiation
MP:0009393	3917	abnormal resting posture
MP:0008211	1659	decreased mature B cell number
MP:0013763	5453	increased T-helper cell number
MP:0004436	503	absent cochlear outer hair cell electromotility
MP:0011081	3754	decreased macrophage apoptosis
MP:0008119	383	decreased Langerhans cell number
MP:0000646	6826	enlarged adrenocortical cells
MP:0011307	2869	kidney medulla cyst
MP:0000635	110	pituitary gland hyperplasia
MP:0031239	473	increased atretic ovarian follicle number
MP:0013187	445	dilated basilar artery
MP:0021008	3734	temporal lobe atrophy
MP:0000757	3279	herniated abdominal wall
MP:0005258	1055	ocular hypertension
MP:0001286	2188	abnormal eye development
MP:0002645	1026	abnormal intestinal cholesterol absorption
MP:0004551	2814	decreased tracheal cartilage ring number
MP:0000071	3213	axial skeleton hypoplasia
MP:0009788	679	increased susceptibility to bacterial infection induced morbidity/mortality
MP:0011976	1295	sweet preference
MP:0031204	4182	hindlimb paresis
MP:0010887	2622	pale lung
MP:0013857	1397	abnormal abdominal muscle morphology
MP:0005090	1522	increased double-negative T cell number
MP:0004794	1287	increased anti-nuclear antigen antibody level
MP:0008253	951	absent megakaryocytes
MP:0002803	4134	abnormal operant conditioning behavior
MP:0000973	2611	abnormal cutaneous/subcutaneous mechanoreceptor morphology
MP:0004888	2563	abnormal perilymph
MP:0010870	3671	absent bone trabeculae
MP:0012590	1967	decreased choline O-acetyltransferase activity
MP:0003382	3180	straub tail
MP:0013439	4984	abnormal Harderian gland development
MP:0000948	2669	nonconvulsive seizures
MP:0006033	931	abnormal external auditory canal morphology
MP:0003077	2555	abnormal cell cycle
MP:0004453	6526	abnormal pterygoid bone morphology
MP:0008264	4340	absent hippocampus CA1 region
MP:0002758	5358	long tail
MP:0000458	148	abnormal mandible morphology
MP:0008036	2615	abnormal NK T cell morphology
MP:0004761	2460	increased susceptibility to induced pancreatitis
MP:0009406	1483	decreased skeletal muscle fiber number
MP:0030076	1364	abnormal cranial cavity morphology
MP:0009812	75	abnormal bradykinin level
MP:0002941	940	increased circulating alanine transaminase level
MP:0012147	4224	increased a-wave implicit time
MP:0012159	4702	absent anterior visceral endoderm
MP:0012549	1266	hypoxemia
MP:0012223	181	increased circulating prothrombin level
MP:0002774	4975	small prostate gland
MP:0002440	78	abnormal memory B cell morphology
MP:0000954	2327	decreased oligodendrocyte progenitor number
MP:0013565	2428	abnormal adrenal gland capsule morphology
MP:0008744	1553	abnormal B cell anergy
MP:0004057	832	thin myocardium compact layer
MP:0006379	4561	abnormal spermatocyte morphology
MP:0010369	2776	abnormal thalamus neuron morphology
MP:0008186	6756	increased pro-B cell number
MP:0000404	2382	decreased curvature of zigzag hairs
MP:0001086	5221	absent petrosal ganglion
MP:0002014	747	increased papilloma incidence
MP:0003146	5033	absent cochlear ganglion
MP:0003637	5582	cochlear ganglion hypoplasia
MP:0006099	2329	thin cerebellar granule layer
MP:0009910	612	bifurcated tongue
MP:0010389	639	mosaic coat color
MP:0001149	1449	testicular hyperplasia
MP:0010453	6810	abnormal coronary vein morphology
MP:0020534	2723	increased pons size
MP:0030000	1265	abnormal subglottis morphology
MP:0008553	2320	increased circulating tumor necrosis factor level
MP:0009046	6683	muscle twitch
MP:0031342	3483	increased circulating lipocalin 2 level
MP:0030618	1272	tryptophanuria
MP:0010194	6569	absent lymphatic vessels
MP:0010458	4215	pulmonary trunk hypoplasia
MP:0003956	1799	abnormal body size
MP:0008436	970	decreased somatotroph secretory granule number
MP:0020434	5760	increased astrocyte size
MP:0009264	3526	failure of eyelid fusion
MP:0013287	5549	abnormal acrosome reaction
MP:0009789	3235	decreased susceptibility to bacterial infection induced morbidity/mortality
MP:0011640	1542	abnormal aorta collagen fibril morphology
MP:0010909	2160	pulmonary alveolar hemorrhage
MP:0002621	2416	delayed neural tube closure
MP:0002151	2380	abnormal neural tube morphology
MP:0009172	3992	small pancreatic islets
MP:0003746	2312	stomatitis
MP:0009734	1281	abnormal prostate gland duct morphology
MP:0003135	1811	increased erythroid progenitor cell number
MP:0010129	2195	increased DN1 thymic pro-T cell number
MP:0008661	499	decreased interleukin-10 secretion
MP:0011038	2240	impaired branching involved in alveolar sac morphogenesis
MP:0005163	1038	cyclopia
MP:0004940	2398	abnormal B-1 B cell morphology
MP:0010349	1547	increased teratocarcinoma incidence
MP:0002632	820	vestigial tail
MP:0013996	82	abnormal vertebral artery origin
MP:0008976	1457	delayed female fertility
MP:0031459	3294	maxillary zygomatic process hypoplasia
MP:0011274	4546	short excitatory postsynaptic current decay time
MP:0009896	2007	palatine bone horizontal plate hypoplasia
MP:0006330	3474	syndromic hearing impairment
MP:0008798	5675	lateral facial cleft
MP:0008189	5519	increased transitional stage B cell number
MP:0012493	897	absent pharyngeal arch arteries
MP:0002257	1316	abnormal arytenoid cartilage morphology
MP:0010306	6984	increased hamartoma incidence
MP:0011687	1570	decreased epidermal stem cell number
MP:0003921	1363	abnormal heart left ventricle morphology
MP:0001159	3911	absent prostate gland
MP:0010862	2443	decreased respiratory mucosa goblet cell number
MP:0020854	754	increased corneal epithelium thickness
MP:0031386	219	elongated manchette
MP:0004138	5076	abnormal mucous neck cell morphology
MP:0006353	2930	increased glycosylated hemoglobin level
MP:0004703	2476	abnormal vertebral column morphology
MP:0003278	2390	esophageal inflammation
MP:0013446	2988	enlarged Harderian gland
MP:0002802	3817	abnormal discrimination learning
MP:0003893	5432	increased hepatocyte proliferation
MP:0005364	3289	increased susceptibility to prion infection
MP:0004158	2768	right aortic arch
MP:0005247	6813	abnormal extraocular muscle morphology
MP:0009139	2125	failure of Mullerian duct regression
MP:0002999	3559	abnormal bone healing
MP:0031346	5062	abnormal eye vasculature morphology
MP:0004811	2612	abnormal neuron physiology
MP:0000157	2749	abnormal sternum morphology
MP:0000054	1639	delayed ear emergence
MP:0005403	2892	abnormal nerve conduction
MP:0010008	3041	abnormal Purkinje cell migration
MP:0004356	1915	radius hypoplasia
MP:0001073	973	abnormal glossopharyngeal nerve morphology
MP:0014115	1456	cognitive inflexibility
MP:0011473	2271	increased urine glycosaminoglycan level
MP:0002824	6950	abnormal chorioallantoic fusion
MP:0004785	3531	abnormal posterior cardinal vein morphology
MP:0002787	991	pseudohermaphroditism
MP:0009371	627	increased theca cell number
MP:0012710	698	diastematomyelia
MP:0014138	1187	abnormal germ layer morphology
MP:0012232	591	abnormal ceramide level
MP:0020838	1186	increased acute myeloid leukemia incidence
MP:0013184	6658	hemorrhagic ascites
MP:0000678	3218	abnormal parathyroid gland morphology
MP:0031182	405	abnormal cerebral blood flow rate
MP:0002825	2184	abnormal notochord morphology
MP:0011385	397	abnormal testosterone level
MP:0031229	2883	increased angiotensin II level
MP:0002786	33	abnormal Leydig cell morphology
MP:0004260	2683	enlarged placenta
MP:0009695	1086	abnormal spinal cord ventral commissure morphology
MP:0013852	3326	abnormal Mullerian duct topology
MP:0013453	1175	enlarged lacrimal gland
MP:0004076	435	abnormal vitelline vascular remodeling
MP:0011311	857	abnormal kidney venous blood vessel morphology
MP:0004236	20	absent masseter muscle
MP:0011238	5782	abnormal inner ear development
MP:0013572	1512	abnormal parathyroid gland chief cell morphology
MP:0030162	629	absent hyoid bone body
MP:0009938	3760	abnormal hippocampus granule cell morphology
MP:0013502	4649	decreased fibroblast apoptosis
MP:0005431	729	decreased oocyte number
MP:0004623	1247	thoracic vertebral fusion
MP:0031252	215	abnormal physiological response to hypoxia
MP:0013023	4151	decreased Ly6C high monocyte number
MP:0004242	2542	abnormal plasmacytoid dendritic cell morphology
MP:0010704	2178	abnormal optic canal morphology
MP:0010058	5572	enlarged olfactory bulb
MP:0010779	3935	abnormal stomach muscularis externa morphology
MP:0003865	5508	lymph node inflammation
MP:0013319	6262	seminal vesicle atrophy
MP:0010025	2276	decreased total body fat amount
MP:0008064	2358	decreased otic epithelial cell proliferation
MP:0009169	688	pancreatic islet hypoplasia
MP:0004099	2317	abnormal cerebellar glomerulus morphology
MP:0002083	3221	premature death
MP:0005419	2053	decreased circulating serum albumin level
MP:0011746	5624	spleen fibrosis
MP:0010914	1907	abnormal solitary pulmonary neuroendocrine cell morphology
MP:0010397	1184	abnormal otic capsule development
MP:0003393	1899	decreased cardiac output
MP:0008902	1711	abnormal renal fat pad morphology
MP:0009707	5182	absent external auditory canal
MP:0030522	145	abnormal stellate reticulum morphology
MP:0030829	69	abnormal hip joint morphology
MP:0011026	2033	impaired branching involved in trachea morphogenesis
MP:0004640	2934	decreased metatarsal bone number
MP:0004034	1811	belly blaze
MP:0006341	4948	small first pharyngeal arch
MP:0010377	6647	abnormal gut flora balance
MP:0001332	3521	abnormal optic nerve innervation
MP:0005214	1223	regional gastric metaplasia
MP:0004470	3281	small nasal bone
MP:0003902	2453	abnormal cell mass
MP:0002451	3988	abnormal macrophage physiology
MP:0012450	990	decreased primary motor cortex size
MP:0000378	2665	absent hair follicles
MP:0008460	4906	absent dorsal root ganglion
MP:0011901	1492	abnormal hematopoietic stem cell proliferation
MP:0012060	1362	diaphragm muscle hyperplasia
MP:0000373	2275	belly spot
MP:0008025	5502	brain vacuoles
MP:0000705	2769	athymia
MP:0002132	4471	abnormal respiratory system morphology
MP:0002992	529	abnormal sebaceous lipid secretion
MP:0020510	1826	increased dendritic spine length
MP:0013985	2908	abnormal umbilical vein topology
MP:0009708	3971	vaginal septum
MP:0010742	237	increased Schwann cell number
MP:0031041	2482	decreased susceptibility to Togaviridae infection induced morbidity/mortality
MP:0009832	695	abnormal sperm mitochondrial sheath morphology
MP:0010993	5345	decreased surfactant secretion
MP:0013849	2753	absent abducens nerve
MP:0009684	4988	abnormal spinal cord lateral motor column morphology
MP:0003235	428	abnormal alisphenoid bone morphology
MP:0003699	3275	abnormal female reproductive system physiology
MP:0000063	3456	decreased bone mineral density
MP:0009357	2377	abnormal seizure response to inducing agent
MP:0000275	5186	heart hyperplasia
MP:0010997	3470	decreased aorta wall thickness
MP:0003793	3394	abnormal submandibular gland morphology
MP:0003394	1113	increased cardiac output
MP:0004250	2426	tau protein deposits
MP:0001435	5206	absent suckling reflex
MP:0009856	6858	failure of ejaculation
MP:0004390	677	abnormal bronchoalveolar duct junction morphology
MP:0004553	3091	absent tracheal cartilage rings
MP:0008578	2960	decreased circulating interferon-gamma level
MP:0001987	2216	alcohol preference
MP:0008716	4701	increased lung non-small cell carcinoma incidence
MP:0011677	2017	abnormal olfactory sensory neuron physiology
MP:0011448	989	decreased dopaminergic neuron number
MP:0000288	4611	abnormal pericardium morphology
MP:0008142	4146	decreased small intestinal villus size
MP:0000138	2882	absent vertebrae
MP:0009721	3052	increased mammary gland number
MP:0001340	697	abnormal eyelid morphology
MP:0021206	3138	abnormal limb muscle morphology
MP:0009249	2414	enlarged caput epididymis
MP:0008786	4379	abnormal hindgut morphology
MP:0009527	1487	abnormal sublingual duct morphology
MP:0011412	245	gonadal ridge hypoplasia
MP:0008097	3657	increased plasma cell number
MP:0012254	4516	absent intersomitic vessels
MP:0002575	5645	increased circulating ketone body level
MP:0010451	1380	kidney microaneurysm
MP:0008329	2191	decreased somatotroph cell number
MP:0004424	3286	temporal bone hypoplasia
MP:0008490	4511	enlarged dorsal root ganglion
MP:0004915	6796	abnormal Reichert's cartilage morphology
MP:0003355	5374	decreased ovulation rate
MP:0009883	827	palatal shelf hypoplasia
MP:0000420	4165	ruffled hair
MP:0005652	2678	sex reversal
MP:0006038	6447	increased mitochondrial fission
MP:0010504	4388	abnormal RR interval
MP:0001278	4404	kinked vibrissae
MP:0005201	1972	abnormal retina pigment epithelium morphology
MP:0012151	3886	increased a-wave latency
MP:0012550	3843	respiratory acidosis
MP:0005170	2167	cleft upper lip
MP:0004999	1156	abnormal blood-inner ear barrier function
MP:0003166	831	decreased superior semicircular canal size
MP:0004469	4435	abnormal zygomatic arch morphology
MP:0000784	378	forebrain hypoplasia
MP:0001539	2994	decreased caudal vertebrae number
MP:0003747	172	mouth mucosal ulcer
MP:0011287	2220	increased erythropoietin level
MP:0030972	4442	increased myoblast apoptosis
MP:0006076	2383	abnormal circulating homocysteine level
MP:0000532	1181	kidney vascular congestion
MP:0020352	3455	abnormal endoplasmic reticulum physiology
MP:0011731	3012	decreased myelin sheath thickness
MP:0030375	1191	short zygomatic arch
MP:0002446	3387	abnormal macrophage morphology
MP:0013914	3129	absent intracranial segment of vertebral artery
MP:0003657	338	abnormal erythrocyte osmotic lysis
MP:0011353	1434	expanded mesangial matrix
MP:0013178	4020	tail necrosis
MP:0009318	666	increased splenic marginal zone lymphoma incidence
MP:0001184	3605	absent pulmonary alveoli
MP:0004822	4638	decreased susceptibility to experimental autoimmune uveoretinitis
MP:0002691	3338	small stomach
MP:0013404	3730	decreased circulating lactate level
MP:0021188	965	decreased bone mineral density of presacral vertebrae
MP:0011269	3428	increased excitatory postsynaptic current amplitude
MP:0009770	3324	abnormal optic chiasm morphology
MP:0008347	6928	decreased gamma-delta T cell number
MP:0001217	3879	absent epidermis
MP:0004362	1452	cochlear hair cell degeneration
MP:0013474	802	abnormal lacrimal gland branching morphogenesis
MP:0004043	1880	abnormal pH regulation
MP:0008038	5620	abnormal NK T cell number
MP:0011555	1188	increased urine microglobulin level
MP:0000740	4167	impaired smooth muscle contractility
MP:0003589	667	abnormal ureter physiology
MP:0003435	1494	herniated seminal vesicle
MP:0003719	2243	abnormal pericyte morphology
MP:0011516	521	aspartylglucosaminuria
MP:0011065	434	abnormal kidney epithelial cell primary cilium morphology
MP:0004136	3025	abnormal tongue muscle morphology
MP:0011418	120	leukocyturia
MP:0008802	35	abnormal intestinal smooth muscle morphology
MP:0010680	1545	abnormal skin adnexa physiology
MP:0031269	3272	increased susceptibility to diet-induced hepatic steatosis
MP:0011665	2701	d-loop transposition of the great arteries
MP:0009355	3072	increased liver triglyceride level
MP:0003290	896	intestinal hypoperistalsis
MP:0003838	6129	abnormal milk ejection
MP:0001347	5108	absent lacrimal glands
MP:0008352	1398	absent gamma-delta intraepithelial T cell
MP:0002722	2058	abnormal immune system organ morphology
MP:0010768	3084	mortality/aging
MP:0005203	124	abnormal trabecular meshwork morphology
MP:0010296	3246	increased hemolymphoid system tumor incidence
MP:0004126	5729	thin hypodermis
MP:0000122	3198	premature tooth eruption
MP:0008618	1562	decreased circulating interleukin-12 level
MP:0003160	3075	abnormal esophagus development
MP:0030395	1935	absent incus short process
MP:0009769	1769	abnormal meiotic spindle assembly checkpoint
MP:0031379	1371	ambiguous female external genitalia
MP:0003165	263	absent superior semicircular canal
MP:0006134	933	artery occlusion
MP:0011652	2840	increased circulating histidine level
MP:0009022	4313	abnormal brain meninges morphology
MP:0005544	3993	corneal deposits
MP:0004925	4877	decreased susceptibility to noise-induced hearing loss
MP:0010014	2037	hippocampus pyramidal cell degeneration
MP:0011364	2524	abnormal metanephros morphology
MP:0006394	2599	abnormal vertebral epiphyseal plate morphology
MP:0002417	2247	abnormal megakaryocyte morphology
MP:0010098	6899	abnormal retina blood vessel pattern
MP:0020962	1193	increased c-wave amplitude
MP:0001859	1005	kidney inflammation
MP:0008632	2019	increased circulating interleukin-16 level
MP:0004495	6522	decreased synaptic glutamate release
MP:0002364	2347	abnormal thymus size
MP:0031115	6933	macrovesicular hepatic steatosis
MP:0003763	3494	abnormal thymus physiology
MP:0004795	199	decreased anti-nuclear antigen antibody level
MP:0004870	4574	small premaxilla
MP:0010024	2062	increased total body fat amount
MP:0003163	1211	absent posterior semicircular canal
MP:0011797	3128	blind ureter
MP:0000226	3056	abnormal mean corpuscular volume
MP:0009649	628	delayed embryo implantation
MP:0010535	387	myocardium steatosis
MP:0006058	651	decreased cerebral infarct size
MP:0008195	4463	abnormal professional antigen presenting cell morphology
MP:0002193	875	minimal clonic seizures
MP:3000003	2194	abnormal Ebner's gland morphology
MP:0004759	2144	decreased mitotic index
MP:0030143	5491	facial muscle spasm
MP:0010489	3223	abnormal heart atrium auricular region morphology
MP:0005029	4981	abnormal amnion morphology
MP:0003281	1274	fecal incontinence
MP:0005642	1971	decreased mean corpuscular hemoglobin concentration
MP:0002498	4693	abnormal acute inflammation
MP:0004755	2352	abnormal loop of Henle morphology
MP:0010373	2239	myeloid hyperplasia
MP:0008039	4023	increased NK T cell number
MP:0001312	2830	abnormal cornea morphology
MP:0004085	6811	abnormal heartbeat
MP:0014084	1809	clubbed small intestinal villi
MP:0030009	44	increased bone marrow adipose tissue amount
MP:0009082	528	uterus cyst
MP:0010278	182	increased glioma incidence
MP:0021019	2490	increased dendritic spine number
MP:0021092	3978	abnormal dorsal interneuron 1 morphology
MP:0001460	3624	abnormal olfactory discrimination memory
MP:0020357	479	abnormal excitatory synapse morphology
MP:0031355	961	abnormal proacrosomal vesicle fusion
MP:0008437	1439	absent somatotroph secretory granules
MP:0005490	940	increased club cell number
MP:0009996	2501	abnormal cerebellum vermis lobule VIII morphology
MP:0030859	61	absent sesamoid bone of gastrocnemius
MP:0010570	3583	prolonged ST segment
MP:0031020	3542	premature ovarian failure
MP:0011276	1249	increased tail pigmentation
MP:0013161	3819	enhanced muscle regeneration
MP:0000647	4310	abnormal sebaceous gland morphology
MP:0005415	5800	intrahepatic cholestasis
MP:0011526	5544	abnormal placenta fetal blood space morphology
MP:0001655	2777	multifocal hepatic necrosis
MP:0009699	2573	hyperchylomicronemia
MP:0030419	3714	excessive cerumen
MP:0004715	1751	absent vestibulocochlear nerve
MP:0004193	5361	abnormal kidney papilla morphology
MP:0003714	604	absent platelets
MP:0002007	2328	increased cellular sensitivity to gamma-irradiation
MP:0002695	3331	abnormal circulating glucagon level
MP:0012024	229	abnormal nephron morphogenesis
MP:0013546	5879	cleft soft palate
MP:0011349	1802	abnormal renal glomerulus basement membrane thickness
MP:0010106	3270	abnormal circulating pyruvate kinase level
MP:0004195	5975	abnormal kidney calyx morphology
MP:0030247	1750	prominent cheeks
MP:0001706	853	abnormal left-right axis patterning
MP:0004883	69	abnormal vascular wound healing
MP:0008414	2122	abnormal spatial reference memory
MP:0005339	3290	increased susceptibility to atherosclerosis
MP:0011819	5113	increased pancreatic beta cell proliferation
MP:0000299	4583	failure of atrioventricular cushion closure
MP:0008206	5011	increased B-2 B cell number
MP:0030854	5155	atlanto-occipital joint dislocation
MP:0009426	923	decreased soleus weight
MP:0012029	3450	abnormal electroretinogram waveform feature
MP:0011044	1445	increased lung elastance
MP:0012706	4470	decreased embryonic neuroepithelial cell proliferation
MP:0010986	482	abnormal mesonephric mesenchyme morphology
MP:0004197	4309	abnormal fetal growth/weight/body size
MP:0000660	519	prostate gland lateral lobe hypoplasia
MP:0030317	689	absent maxillary zygomatic process
MP:0010841	240	increased central memory CD4-positive, alpha-beta T cell number
MP:0009795	611	epidermal spongiosis
MP:0004750	1801	syndromic hearing loss
MP:0011006	5631	abnormal epidermal stem cell proliferation
MP:0009658	3536	increased placenta apoptosis
MP:0013334	922	adenohypophysis peliosis
MP:0012505	3836	increased neural tube apoptosis
MP:0009417	496	skeletal muscle atrophy
MP:0000077	1082	abnormal interparietal bone morphology
MP:0003941	1485	abnormal skin development
MP:0010176	2668	dacryocytosis
MP:0010197	1925	abnormal lymphatic vessel endothelial cell morphology
MP:0006262	471	increased testis tumor incidence
MP:0005101	10	abnormal ciliary body pigmentation
MP:0004497	3186	decreased organ of Corti supporting cell number
MP:0004949	128	absent neuronal precursor cells
MP:0005382	1081	craniofacial phenotype
MP:0002045	1437	increased renal cystadenoma incidence
MP:0009145	4330	abnormal pancreatic acinus morphology
MP:0004873	1919	absent turbinates
MP:0031046	624	increased susceptibility to Orthomyxoviridae infection induced morbidity/mortality
MP:0000490	486	abnormal crypts of Lieberkuhn morphology
MP:0008749	2981	abnormal peripheral T cell anergy
MP:0003579	3266	increased ovarian carcinoma incidence
MP:0004375	823	enlarged frontal bone
MP:0001193	4572	psoriasis
MP:0000617	955	increased salivary gland mucosal cell number
MP:0005518	3560	abnormal pancreas regeneration
MP:0006303	115	abnormal retina nerve fiber layer morphology
MP:0012027	196	abnormal embryonic cilium location or orientation
MP:0004857	3240	abnormal heart weight
MP:0030420	4083	short basicranium
MP:0005381	2778	digestive/alimentary phenotype
MP:0031215	2762	abnormal response to myocardial ischemic injury
MP:0013980	1049	abnormal pulmonary artery origin
MP:0005660	354	abnormal circulating adrenaline level
MP:0000815	6981	abnormal Ammon gyrus morphology
MP:0010948	4007	abnormal double-strand DNA break repair
MP:0009475	855	abnormal nicotine-mediated receptor currents
MP:0003943	241	abnormal hepatobiliary system development
MP:0030214	1135	muscle fasciculation
MP:0030084	4337	tympanic ring hypoplasia
MP:0009524	5239	absent submandibular gland
MP:0009691	3388	abnormal neural tube marginal layer morphology
MP:0004241	254	acantholysis
MP:0010414	3371	partial atrioventricular septal defect
MP:0010989	1045	fused bronchial cartilage rings
MP:0030755	1739	increased histamine level
MP:0003038	1736	decreased myocardial infarct size
MP:0004692	5639	small pubis
MP:0014187	2303	spermatocele
MP:0004093	2864	diffuse Z line
MP:0004159	320	double aortic arch
MP:0009559	1503	thymus cortex hyperplasia
MP:0001341	2737	absent eyelids
MP:0003036	1084	vertebral transformation
MP:0011484	3712	abnormal ureter urothelium morphology
MP:0030190	4714	small snout
MP:0013595	3424	absent vomeronasal organ
MP:0011507	1588	abnormal kidney thrombosis
MP:0030300	70	upper jaw to lower jaw transformation
MP:0030275	1413	thin frontal bone
MP:0010908	1052	dilated pulmonary alveolar duct
MP:0011347	1991	abnormal kidney medullary ray morphology
MP:0010533	953	atrioventricular node hypoplasia
MP:0013874	2434	abnormal ductus venosus topology
MP:0000069	6095	kyphoscoliosis
MP:0002958	3146	cerebral aqueductal stenosis
MP:0021020	424	neurite dystrophy
MP:0000869	2502	abnormal cerebellum posterior vermis morphology
MP:0012099	2546	decreased spongiotrophoblast size
MP:0010483	674	aortic sinus aneurysm
MP:0009122	2296	decreased white fat cell lipid droplet size
MP:0003037	1687	increased myocardial infarct size
MP:0004487	1746	type I spiral ligament fibrocyte degeneration
MP:0009745	2822	abnormal behavioral response to xenobiotic
MP:0012039	1058	abnormal b-wave implicit time
MP:0003807	2897	camptodactyly
MP:0001053	1451	abnormal neuromuscular synapse morphology
MP:0020915	4160	abnormal susceptibility to Herpesvirales infection
MP:0013883	1671	increased CD4-positive, CD25-positive NK T cell number
MP:0001648	5024	abnormal apoptosis
MP:0021107	2547	retina fold
MP:0005503	966	abnormal tendon morphology
MP:0008501	646	increased IgG2b level
MP:0001261	1383	obese
MP:0008456	6510	abnormal retina rod cell outer segment morphology
MP:0011803	1955	double kidney pelvis
MP:0030959	2510	abnormal myoblast fusion
MP:0013959	1432	increased large intestine length
MP:0001765	2170	abnormal ion homeostasis
MP:0011763	5047	urethritis
MP:0009134	869	abnormal brown fat lipid droplet number
MP:0011745	692	isolation of the left subclavian artery
MP:0010202	2504	focal dorsal hair loss
MP:0002816	998	colitis
MP:0001022	3543	abnormal L5 dorsal root ganglion morphology
MP:0002857	357	cochlear ganglion degeneration
MP:0031088	3553	coughing
MP:0012765	565	decreased alpha-beta T cell number
MP:0030250	166	frontonasal prominence hypoplasia
MP:0013383	1931	increased sebaceous gland adenoma incidence
MP:0009397	1290	increased trophoblast giant cell number
MP:0003576	801	oviduct hypoplasia
MP:0001325	2823	abnormal retina morphology
MP:0003904	1147	decreased cell mass
MP:0000462	1858	abnormal digestive system morphology
MP:0000794	1793	abnormal parietal lobe morphology
MP:0006206	3124	embryonic lethality between somite formation and embryo turning
MP:0009266	273	abnormal mesendoderm development
MP:0001462	3779	abnormal avoidance learning behavior
MP:0008627	2150	decreased circulating interleukin-5 level
MP:0011962	3838	increased cornea thickness
MP:0010289	438	increased urinary system tumor incidence
MP:0002976	2462	vascular smooth muscle hypotrophy
MP:0008824	2073	absent interventricular septum membranous part
MP:0009500	39	abnormal interlobular bile duct morphology
MP:0003908	3803	decreased stereotypic behavior
MP:0003795	1978	abnormal bone structure
MP:0001790	4185	abnormal immune system physiology
MP:0002883	1800	chromatolysis
MP:0008576	3976	decreased circulating interferon-beta level
MP:0009198	771	abnormal male genitalia morphology
MP:0008843	4976	absent subcutaneous adipose tissue
MP:0005307	2566	head tossing
MP:0013434	785	abnormal CD8-positive, naive alpha-beta T cell number
MP:0009743	1527	preaxial polydactyly
MP:0000049	552	abnormal middle ear morphology
MP:0011708	1476	decreased fibroblast cell migration
MP:0031012	762	impaired sperm migration in female genital tract
MP:0010065	764	decreased circulating creatine level
MP:0000313	2872	abnormal cell death
MP:0010291	1309	increased cardiovascular system tumor incidence
MP:0001198	2506	tight skin
MP:0003065	1102	abnormal liver copper level
MP:0004216	2210	salt-resistant hypertension
MP:0021212	2228	abnormal primary and secondary palatal fusion
MP:0031070	4592	hemophagocytosis
MP:0008171	5518	abnormal mature B cell morphology
MP:0030853	4374	abnormal iliac crest morphology
MP:0030372	501	enlarged Meckel's cartilage
MP:0012110	2154	increased hair follicle number
MP:0002952	2827	ventricular cardiomyopathy
MP:0008492	4628	dorsal root ganglion degeneration
MP:0005098	741	abnormal optic choroid morphology
MP:0013621	1579	decreased internal diameter of femur
MP:0009739	1076	enlarged prostate gland dorsolateral lobe
MP:0004936	194	impaired branching involved in ureteric bud morphogenesis
MP:0030758	1471	increased circulating histamine level
MP:0030865	775	abnormal synovial joint cavity morphology
MP:0010755	2596	abnormal heart right ventricle pressure
MP:0010705	1343	absent metoptic pillar
MP:0012474	2450	decreased cingulate cortex size
MP:0020116	4495	increased sphingosine level
MP:0020308	1827	decreased creatine kinase activity
MP:0001805	199	decreased IgG level
MP:0004244	729	abnormal miscarriage rate
MP:0012634	725	decreased phospholipase A2 level
MP:0012299	4557	hydropic allantois
MP:0008756	2130	abnormal T cell receptor alpha chain V-J recombination
MP:0003246	2889	loss of GABAergic neurons
MP:0020070	3623	decreased neocortex volume
MP:0002823	977	abnormal rib development
MP:0031399	895	early balanopreputial separation
MP:0009604	2494	increased keratohyalin granule number
MP:0005135	4461	increased thyroid-stimulating hormone level
MP:0012768	5005	decreased KLRG1-positive NK cell number
MP:0001749	2890	suppressed circulating follicle stimulating hormone level
MP:0001202	187	skin photosensitivity
MP:0009161	4790	pancreatic acinar cell zymogen granule accumulation
MP:0009429	3931	decreased embryo weight
MP:0004787	1006	abnormal dorsal aorta morphology
MP:0002939	3784	head spot
MP:0004462	56	small basisphenoid bone
MP:0031378	1196	ambiguous male external genitalia
MP:0020153	4132	abnormal urine albumin level
MP:0008021	74	increased blastoma incidence
MP:0000996	1134	partial loss of secondary muscle spindle
MP:0004524	2579	short cochlear hair cell stereocilia
MP:0003620	2509	oliguria
MP:0010650	2143	abnormal aorticopulmonary septum morphology
MP:0030068	2212	large face
MP:0002812	2628	spherocytosis
MP:0031373	915	abnormal manchette perinuclear ring morphology
MP:0030449	1308	tooth ankylosis
MP:0004898	2225	uterine hemorrhage
MP:0011710	4469	enhanced osteoblast differentiation
MP:0000579	1153	abnormal nail morphology
MP:0011445	4550	abnormal renal protein reabsorption
MP:0030036	2274	short nasal bridge
MP:0008045	2719	decreased NK cell number
MP:0003706	7004	abnormal cell nucleus count
MP:0031131	3253	myocardial fiber disarray
MP:0013277	2384	abnormal fasting circulating glucose level
MP:0008980	158	decreased vagina weight
MP:0004850	1990	abnormal testis weight
MP:0006396	661	decreased long bone epiphyseal plate size
MP:0003070	3906	increased vascular permeability
MP:0011426	667	abnormal ureter smooth muscle morphology
MP:0001957	7	apnea
MP:0000199	3974	abnormal circulating serum albumin level
MP:0008818	2715	abnormal interfrontal bone morphology
MP:0001761	964	abnormal urination pattern
MP:0013377	2617	abnormal sebocyte number
MP:0004670	3975	small vertebral body
MP:0010855	3459	pulmonary hyperemia
MP:0000548	996	long limbs
MP:0008476	3053	increased spleen red pulp amount
MP:0008577	2401	increased circulating interferon-gamma level
MP:0000379	2764	decreased hair follicle number
MP:0002651	1307	abnormal sciatic nerve morphology
MP:0010053	1768	decreased grip strength
MP:0001599	5771	abnormal blood volume
MP:0030334	1192	absent sixth pharyngeal arch artery
MP:0010684	2373	abnormal hair follicle outer root sheath morphology
MP:0005508	2647	abnormal skeleton morphology
MP:0005012	1783	decreased eosinophil cell number
MP:0002581	392	abnormal ileum morphology
MP:0003357	2874	impaired granulosa cell differentiation
MP:0031141	3013	increased retina vascular tortuosity
MP:0004575	4675	small limb buds
MP:0002702	1926	decreased circulating free fatty acids level
MP:0006270	5543	abnormal mammary gland growth during lactation
MP:0008734	4279	decreased susceptibility to endotoxin shock
MP:0011579	2244	decreased lipoprotein lipase activity
MP:0002978	3351	absent otoliths
MP:0009647	1231	decreased fertilization frequency
MP:0014178	3480	increased brain apoptosis
MP:0030235	1334	absent mandibular foramen
MP:0011127	2721	abnormal tertiary ovarian follicle number
MP:0010706	1250	ventral rotation of lens
MP:0004091	2073	abnormal Z line morphology
MP:0020426	638	abnormal beige fat cell physiology
MP:0001345	6070	Meibomian gland atrophy
MP:0005627	1391	increased circulating potassium level
MP:0010528	752	pulmonary vein hypoplasia
MP:0011117	3850	abnormal susceptibility to weight gain
MP:0010019	405	liver vascular congestion
MP:0010017	405	visceral vascular congestion
MP:0008161	510	increased diameter of radius
MP:0030848	1882	short ilium
MP:0002711	4202	decreased glucagon secretion
MP:0010906	5098	abnormal lung bud morphology
MP:0010062	2057	decreased creatine level
MP:0020893	832	abnormal zinc level
MP:0002251	136	abnormal nasopharynx morphology
MP:0011585	5633	decreased alkaline phosphatase activity
MP:0013778	4166	abnormal mammary gland myoepithelium morphology
MP:0001775	992	abnormal selenium level
MP:0006276	2925	abnormal autonomic nervous system physiology
MP:0003157	1602	impaired muscle relaxation
MP:0030952	943	abnormal Golgi stack morphology
MP:0009589	3278	sphingomyelinosis
MP:0006307	256	abnormal seminiferous tubule size
MP:0030645	2383	decreased circulating methionine level
MP:0006279	1221	abnormal limb development
MP:0008304	684	abnormal organ of Corti supporting cell differentiation
MP:0003896	3733	prolonged PR interval
MP:0001932	2367	abnormal spermiogenesis
MP:0004793	1762	abnormal synaptic vesicle clustering
MP:0001666	4380	abnormal intestinal absorption
MP:0010653	3078	abnormal Wallerian degeneration
MP:0012001	4184	abnormal touch escape response
MP:0003760	3074	decreased palatal length
MP:0005032	4423	abnormal ectoplacental cone morphology
MP:0004958	4960	enlarged prostate gland
MP:0012624	2837	decreased acetylcholinesterase activity
MP:0009093	5657	oocyte degeneration
MP:0013771	2280	decreased effector memory T-helper cell number
MP:0002938	402	white spotting
MP:0001873	796	stomach inflammation
MP:0010947	7071	abnormal single-strand DNA break repair
MP:0010934	1157	increased subcutaneous adipose tissue amount
MP:0012534	3406	abnormal optic fissure morphology
MP:0021163	2533	increased heart left ventricle septal wall thickness
MP:0002199	2342	abnormal brain commissure morphology
MP:0011093	2477	embryonic lethality at implantation, complete penetrance
MP:0000334	2894	decreased granulocyte number
MP:0005348	1242	increased T cell proliferation
MP:0012336	2257	decreased vitamin D level
MP:0011205	1541	excessive folding of visceral yolk sac
MP:0000821	4709	choroid plexus hyperplasia
MP:0002998	6931	abnormal bone remodeling
MP:0002676	465	uterus hyperplasia
MP:0013222	2556	abnormal first pharyngeal pouch morphology
MP:0012006	2286	abnormal hippocampus physiology
MP:0020354	2259	increased endoplasmic reticulum stress
MP:0011056	1263	abnormal brain ependyma motile cilium morphology
MP:0012238	1626	abnormal cholangiocyte primary cilium morphology
MP:0010585	4194	abnormal conotruncal ridge morphology
MP:0011924	4938	abnormal liver zinc level
MP:0002166	4147	abnormal tumor susceptibility
MP:0003827	4405	abnormal Wolffian duct morphology
MP:0000731	1849	increased collagen deposition in the muscles
MP:0008730	1403	fused phalanges
MP:0008821	5454	increased blood uric acid level
MP:0031026	1071	increased susceptibility to Herpesvirales infection induced morbidity/mortality
MP:0010534	1822	calcified myocardium
MP:0002730	2898	head shaking
MP:0030206	1063	thin nasal septum
MP:0005329	1328	abnormal myocardium layer morphology
MP:0009893	159	cleft primary palate
MP:0002635	4394	reduced sensorimotor gating
MP:0013317	3217	abnormal seminal vesicle development
MP:0003025	2304	increased vasoconstriction
MP:0003168	5704	abnormal scala vestibuli morphology
MP:0010379	2079	decreased respiratory quotient
MP:0014107	4231	premature chondrocyte differentiation
MP:0000833	3248	thalamus hyperplasia
MP:0000371	2110	diluted coat color
MP:0031276	1388	abnormal stress erythropoiesis
MP:0009422	2098	decreased gastrocnemius weight
MP:0030405	1372	small stapes obturator foramen
MP:0001438	2169	aphagia
MP:0020867	4465	increased lipogenesis
MP:0006074	509	abnormal retina rod bipolar cell morphology
MP:0011447	265	abnormal renal glucose reabsorption
MP:0009552	2553	urinary bladder obstruction
MP:0003466	2886	decreased single cell response threshold
MP:0000715	1462	decreased thymocyte number
MP:0001015	382	small superior cervical ganglion
MP:0000383	5594	abnormal hair follicle orientation
MP:0013382	2591	small perianal sebaceous gland
MP:0003860	2217	abnormal carbon dioxide level
MP:0011695	491	absent hematopoietic stem cells
MP:0013648	3775	increased CD11b-high dendritic cell number
MP:0001728	2795	failure of embryo implantation
MP:0009141	3547	increased prepulse inhibition
MP:0002447	1582	abnormal erythrocyte morphology
MP:0011926	1201	abnormal heart valve physiology
MP:0005070	440	impaired natural killer cell mediated cytotoxicity
MP:0004231	1627	abnormal calcium ion homeostasis
MP:0002084	1028	abnormal developmental patterning
MP:0021085	1996	increased DNA replication
MP:0009980	1631	abnormal cerebellum dentate nucleus morphology
MP:0005245	1558	hemarthrosis
MP:0020463	36	increased megakaryocyte progenitor cell number
MP:0000424	1861	retarded hair growth
MP:0008996	1895	abnormal blood osmolality
MP:0030414	2058	tympanic membrane perforation
MP:0008298	2061	adrenergic chromaffin cell hyperplasia
MP:0006429	1358	abnormal hyaline cartilage morphology
MP:0001170	188	bulbourethral gland hyperplasia
MP:0012737	1446	abnormal primary polar body morphology
MP:0009762	4466	abnormal mitotic spindle assembly checkpoint
MP:0001924	5079	infertility
MP:0010080	3189	abnormal hepatocyte physiology
MP:0012446	3972	thin hippocampus stratum oriens
MP:0004468	111	small zygomatic bone
MP:0020466	865	increased megakaryocyte progenitor cell proliferation
MP:0008953	2145	abnormal pancreatic somatostatin secretion
MP:0005576	3550	decreased pulmonary ventilation
MP:0009630	663	absent axillary lymph nodes
MP:0011308	3416	kidney corticomedullary cyst
MP:0001213	804	abnormal skin cell number
MP:0013243	449	abnormal carbohydrate metabolism
MP:0010643	807	absent fourth pharyngeal arch
MP:0012283	3239	decreased sternebra number
MP:0008478	2064	increased spleen white pulp amount
MP:0006408	5382	dorsal root ganglion hypoplasia
MP:0011303	3490	absent kidney papilla
MP:0001234	360	absent suprabasal layer
MP:0003496	3535	increased thyroid adenoma incidence
MP:0010387	2435	abnormal Bergmann glial cell morphology
MP:0030353	7127	wide sagittal suture
MP:0003742	4646	narrow head
MP:0013116	2047	focal hair loss in head/neck region
MP:0031432	3209	cornea perforation
MP:0004148	6888	increased compact bone thickness
MP:0008988	31	abnormal liver perisinusoidal space morphology
MP:0009451	5533	abnormal chromosomal synapsis
MP:0008068	643	absent retina ganglion cell
MP:0000716	2046	abnormal immune system cell morphology
MP:0006221	894	optic nerve hypoplasia
MP:0003245	5703	abnormal GABAergic neuron morphology
MP:0004409	5494	abnormal crista ampullaris neuroepithelium morphology
MP:0008582	5678	short photoreceptor inner segment
MP:0004273	4878	abnormal basal lamina morphology
MP:0004812	3561	abnormal linear vestibular evoked potential
MP:0010253	3001	posterior subcapsular cataract
MP:0020152	1663	abnormal oocyte number
MP:0002853	566	hyposulfatemia
MP:0011256	5360	abnormal neural fold morphology
MP:0030274	4412	maxillary retrognathia
MP:0001970	6874	abnormal pain threshold
MP:0030984	2375	increased circulating osteocalcin level
MP:0004500	2970	increased incidence of tumors by ionizing radiation induction
MP:0011462	2597	increased urine bicarbonate level
MP:0014201	4937	abnormal intestinal epithelium physiology
MP:0008800	1455	increased small intestinal crypt cell apoptosis
MP:0003417	2268	premature endochondral bone ossification
MP:0004942	1160	abnormal B cell selection
MP:0012595	3199	decreased glutamate decarboxylase activity
MP:0013386	847	enlarged Meibomian gland
MP:0003143	526	enlarged otoliths
MP:0004589	6137	abnormal cochlear hair cell development
MP:0008222	3892	decreased hippocampal commissure size
MP:0002053	2407	decreased incidence of induced tumors
MP:0013903	6055	abnormal seminal vesicle fluid composition
MP:0002268	3527	abnormal terminal bronchiole morphology
MP:0030050	3105	large mandible
MP:0014166	5996	ectopic cranial bone
MP:0011252	692	situs inversus totalis
MP:0000702	4406	enlarged lymph nodes
MP:0011752	765	abnormal X-Y chromosome synaptonemal complex assembly during male meiosis
MP:0009948	308	abnormal olfactory bulb glomerular layer morphology
MP:0008964	532	decreased carbon dioxide production
MP:0004396	4311	decreased cochlear inner hair cell number
MP:0004441	5574	small occipital bone
MP:0010327	739	abnormal malleus neck morphology
MP:0002880	3174	opisthotonus
MP:0030543	737	abnormal predentin morphology
MP:0008373	3673	short malleus
MP:0000538	727	abnormal urinary bladder morphology
MP:0010697	6093	abnormal systemic arterial blood pressure regulation
MP:0011747	36	myelofibrosis
MP:0009162	622	absent pancreatic acinar cell zymogen granule
MP:0000898	599	midbrain hyperplasia
MP:0009895	5073	decreased palatine bone horizontal plate size
MP:0009044	1496	increased adrenal gland adenoma incidence
MP:0009265	1215	delayed eyelid fusion
MP:0013169	3341	small hindlimb buds
MP:0003184	7035	increased angiotensin I-converting enzyme activity
MP:0009210	654	absent internal female genitalia
MP:0004893	4115	decreased adiponectin level
MP:0010331	3868	abnormal apolipoprotein level
MP:0001241	430	absent epidermis stratum corneum
MP:0010884	1106	esophagus stenosis
MP:0031039	3195	decreased susceptibility to Picornaviridae infection induced morbidity/mortality
MP:0009557	1367	decreased platelet ADP level
MP:0008299	681	adrenal cortical hyperplasia
MP:0005186	3649	increased circulating progesterone level
MP:0010526	1877	aortic arch coarctation
MP:0030922	1072	absent hair club
MP:0002224	1516	abnormal spleen size
MP:0010109	4676	abnormal renal sodium reabsorption
MP:0008261	659	arrest of male meiosis
MP:0004003	2526	abnormal vascular endothelial cell physiology
MP:0002946	1763	delayed axon extension
MP:0010531	798	gastrointestinal arteriovenous malformation
MP:0006203	2099	eye hemorrhage
MP:0002576	420	abnormal enamel morphology
MP:0009628	663	absent brachial lymph nodes
MP:0009294	2935	increased interscapular fat pad weight
MP:0000912	470	small trigeminal motor nucleus
MP:0031232	2026	increased circulating angiotensin II level
MP:0002634	2140	abnormal sensorimotor gating
MP:0021211	3366	unilateral cleft palate
MP:0004697	152	abnormal thyroid follicular cell morphology
MP:0001025	4969	abnormal sympathetic neuron morphology
MP:0002663	1878	absent blastocoele
MP:0008350	85	increased gamma-delta intraepithelial T cell number
MP:0030610	5523	absent teeth
MP:0009663	1125	abnormal uterine-embryonic axis
MP:0002441	5205	abnormal granulocyte morphology
MP:0005192	128	increased motor neuron number
MP:0011978	3269	abnormal potassium ion homeostasis
MP:0006389	506	abnormal vestibular endolymph
MP:0011935	873	abnormal pancreatic bud formation
MP:0002746	2186	abnormal semilunar valve morphology
MP:0009317	3340	increased follicular lymphoma incidence
MP:0020894	1177	abnormal milk zinc level
MP:0000906	4505	abnormal trigeminal V mesencephalic nucleus morphology
MP:0000910	470	small facial motor nucleus
MP:0010627	275	enlarged tricuspid valve
MP:0013940	377	abnormal plasmablast number
MP:0021161	1120	increased heart left ventricle posterior wall thickness
MP:0008404	6597	increased cellular sensitivity to methylmethanesulfonate
MP:0004266	2487	pale placenta
MP:0005292	949	improved glucose tolerance
MP:0005294	811	abnormal heart ventricle morphology
MP:0000847	4627	abnormal metencephalon morphology
MP:0003412	1484	abnormal afterhyperpolarization
MP:0030439	1502	decreased osteoblast proliferation
MP:0008089	1710	abnormal T-helper 2 cell number
MP:0001691	295	abnormal somite shape
MP:0012095	3876	increased Reichert's membrane thickness
MP:0004056	3295	abnormal myocardium compact layer morphology
MP:0010321	841	increased parathyroid gland tumor incidence
MP:0030221	2756	maxillary cyst
MP:0030665	2580	decreased arginine level
MP:0010985	3271	abnormal kidney mesenchyme morphology
MP:0009175	690	abnormal pancreatic beta cell differentiation
MP:0013623	3378	increased femur compact bone thickness
MP:0008175	5190	absent follicular B cells
MP:0000449	2899	broad nasal bridge
MP:0009456	1607	impaired cued conditioning behavior
MP:0001045	6727	abnormal enteric ganglia morphology
MP:0020955	2843	increased mechanical nociceptive threshold
MP:0009019	1157	abnormal metestrus
MP:0003951	1823	abnormal copper homeostasis
MP:0008922	4329	abnormal cervical rib
MP:0009474	5342	thick epidermis stratum spinosum
MP:0004484	3702	abnormal response of heart to induced stress
MP:0004220	3645	abnormal peripheral nervous system regeneration
MP:0012109	514	decreased trophoblast glycogen cell number
MP:0009301	3226	decreased parametrial fat pad weight
MP:0004117	415	abnormal atrioventricular bundle morphology
MP:0012539	467	Bergmeister's papilla
MP:0000568	3106	ectopic digits
MP:0030196	1360	abnormal nasomaxillary suture morphology
MP:0002935	717	chronic joint inflammation
MP:0004486	4464	decreased response of heart to induced stress
MP:0012745	1178	abnormal neural crest cell physiology
MP:0003671	4479	abnormal eyelid aperture
MP:0004706	5270	short vertebral body
MP:0003172	1775	abnormal lysosome physiology
MP:0013826	3502	absent hypoglossal canal
MP:0030170	1998	absent mandibular symphysis
MP:0003786	1309	premature aging
MP:0011369	5215	increased renal glomerulus apoptosis
MP:0009829	2820	enlarged eye anterior chamber
MP:0030069	2503	broad face
MP:0005324	5288	ascites
MP:0002797	883	increased thigmotaxis
MP:0003981	3687	decreased circulating phospholipid level
MP:0011454	696	abnormal glomerular endothelium fenestra morphology
MP:0008291	2078	abnormal adrenocortical cell morphology
MP:0001603	525	failure of myelopoiesis
MP:0003891	3984	increased allantois apoptosis
MP:0013765	3224	iris hyperplasia
MP:0009614	3210	absent epidermis stratum spinosum
MP:0004861	989	abnormal Raphe nucleus morphology
MP:0003619	4697	abnormal urine color
MP:0006009	3236	abnormal neuronal migration
MP:0000131	1351	abnormal long bone epiphysis morphology
MP:0008102	3007	lymph node hyperplasia
MP:0030655	2082	increased circulating glycine level
MP:0030237	1344	absent mental foramen
MP:0020940	462	increased susceptibility to Togaviridae infection
MP:0002397	1863	abnormal bone marrow morphology
MP:0030269	1441	absent mandibular ramus
MP:0000598	1856	abnormal liver morphology
MP:0001378	3332	abnormal ejaculation
MP:0012636	1391	decreased monoamine oxidase activity
MP:0021102	569	abnormal ventral interneuron 0 morphology
MP:0009026	5497	abnormal brain pia mater morphology
MP:0011379	671	abnormal kidney outer medulla outer stripe morphology
MP:0001565	2724	abnormal circulating phosphate level
MP:0005548	3155	retina pigment epithelium atrophy
MP:0008992	3215	abnormal portal lobule morphology
MP:0008407	5363	decreased cellular sensitivity to hydrogen peroxide
MP:0005275	4995	abnormal skin tensile strength
MP:0012179	1264	abnormal splanchnic mesoderm morphology
MP:0010801	213	abnormal myenteric nerve plexus morphology
MP:0030202	258	nasal septum cartilage hypoplasia
MP:0002642	1330	anisocytosis
MP:0009441	2455	delayed skin barrier formation
MP:0008198	105	abnormal follicular dendritic cell antigen presentation
MP:0010434	1275	double inlet heart right ventricle
MP:0002098	399	abnormal vibrissa morphology
MP:0001559	776	hyperglycemia
MP:0008967	1620	absent chiasmata formation
MP:0011650	2860	abnormal corneal stroma collagen fibril morphology
MP:0011732	1232	decreased somite size
MP:0011536	1465	decreased urination frequency
MP:0008306	1257	abnormal organ of Corti supporting cell proliferation
MP:0008687	865	increased interleukin-2 secretion
MP:0000527	979	abnormal kidney development
MP:0011387	6614	absent metanephric mesenchyme
MP:0000150	2201	abnormal rib morphology
MP:0030446	2190	premature sphenooccipital synchondrosis closure
MP:0005208	5151	abnormal iris stroma morphology
MP:0010620	1431	thick mitral valve
MP:0005287	335	narrow eye opening
MP:0030128	2080	stapes hypoplasia
MP:0011013	1041	bronchiolectasis
MP:0020101	2643	abnormal hepatic glucose production
MP:0009942	7000	abnormal olfactory bulb granule cell morphology
MP:0001750	1891	increased circulating follicle stimulating hormone level
MP:0000811	2406	hippocampal neuron degeneration
MP:0001121	5486	uterus hypoplasia
MP:0013210	2255	abnormal primary cilium physiology
MP:0011575	3498	dilated aorta bulb
MP:0004251	4339	failure of heart looping
MP:0011999	3510	abnormal tail length
MP:0000659	3304	prostate gland hyperplasia
MP:0004107	4143	abnormal thoracic duct morphology
MP:0014154	892	Meibomian gland degeneration
MP:0010975	2938	abnormal lung lobe morphology
MP:0000410	1254	waved hair
MP:0008626	5439	increased circulating interleukin-5 level
MP:0005579	2658	absent outer ear
MP:0030330	759	abnormal temporomandibular joint disk morphology
MP:0002177	277	abnormal outer ear morphology
MP:0000874	165	irregular external granule cell layer thickness
MP:0000073	6562	absent craniofacial bones
MP:0004247	1649	small pancreas
MP:0009608	5573	abnormal epidermal lamellar body morphology
MP:0002472	3131	impaired complement alternative pathway
MP:0013164	2572	abnormal forelimb bud morphology
MP:0012498	579	abnormal cardiogenic plate morphology
MP:0030115	204	abnormal nasal tip morphology
MP:0010734	1054	abnormal paranode morphology
MP:0002904	1513	increased circulating parathyroid hormone level
MP:0021189	758	increased bone mineral density of presacral vertebrae
MP:0010551	576	abnormal coronary vessel morphology
MP:0004386	823	enlarged interparietal bone
MP:0010350	574	increased pituitary adenohypophysis tumor incidence
MP:0001075	2634	abnormal accessory nerve morphology
MP:0001220	2625	epidermal necrosis
MP:0010980	862	ectopic ureteric bud
MP:0008801	5527	abnormal erythroid progenitor cell morphology
MP:0010279	2965	increased gastrointestinal tumor incidence
MP:0010130	5344	decreased DN1 thymic pro-T cell number
MP:0009454	3420	impaired contextual conditioning behavior
MP:0005531	1836	increased renal vascular resistance
MP:0010258	1727	polar cataract
MP:0005355	1985	enlarged thyroid gland
MP:0004912	794	absent mandibular coronoid process
MP:0001280	6015	loss of vibrissae
MP:0001380	3894	reduced male mating frequency
MP:0005033	336	abnormal trophoblast giant cell morphology
MP:0001447	3432	abnormal nest building behavior
MP:0008187	2192	absent pro-B cells
MP:0014081	2085	branched small intestinal villi
MP:0012540	6927	abnormal lamina terminalis morphology
MP:0004361	1279	bowed ulna
MP:0004625	1510	abnormal rib joint morphology
MP:0005189	450	abnormal anogenital distance
MP:0000565	678	oligodactyly
MP:0011707	3427	impaired fibroblast cell migration
MP:0010052	3840	increased grip strength
MP:0008755	1427	abnormal immunoglobulin V(D)J recombination
MP:0002625	25	heart left ventricle hypertrophy
MP:0030803	3336	abnormal tendon cell morphology
MP:0011160	1018	dermal-epidermal separation
MP:0010454	4750	abnormal truncus arteriosus septation
MP:0010877	5034	abnormal trabecular bone volume
MP:0003434	2610	decreased susceptibility to induced choroidal neovascularization
MP:0011685	1791	abnormal limb paddle morphology
MP:0003151	19	absent tunnel of Corti
MP:0030280	637	short parietal bone
MP:0009228	1374	uterine cervix inflammation
MP:0006322	2917	abnormal perichondrium morphology
MP:0012146	3323	increased b-wave amplitude
